timestamp,pressure,pressure_unit,location,source_file,elapsed_minutes
2026-10-06 15:47:31.842,9.4445e-11,Torr,10.back_stm_port,10.back_stm_port/MassSpecData-02115-20261006-154731.csv,0.0
2026-10-06 15:47:32.050,6.557e-11,Torr,10.back_stm_port,10.back_stm_port/MassSpecData-02115-20261006-154731.csv,0.0034666666666666665
2026-10-06 15:47:32.259,8.1693e-11,Torr,10.back_stm_port,10.back_stm_port/MassSpecData-02115-20261006-154731.csv,0.00695
2026-10-06 15:47:32.467,9.0748e-11,Torr,10.back_stm_port,10.back_stm_port/MassSpecData-02115-20261006-154731.csv,0.010416666666666666
2026-10-06 15:47:32.675,8.8856e-11,Torr,10.back_stm_port,10.back_stm_port/MassSpecData-02115-20261006-154731.csv,0.013883333333333333
2026-10-06 15:47:32.884,8.4515e-11,Torr,10.back_stm_port,10.back_stm_port/MassSpecData-02115-20261006-154731.csv,0.017366666666666666
2026-10-06 15:47:33.092,8.4691e-11,Torr,10.back_stm_port,10.back_stm_port/MassSpecData-02115-20261006-154731.csv,0.020833333333333332
2026-10-06 15:47:33.300,6.5303e-11,Torr,10.back_stm_port,10.back_stm_port/MassSpecData-02115-20261006-154731.csv,0.0243
2026-10-06 15:47:33.508,8.5727e-11,Torr,10.back_stm_port,10.back_stm_port/MassSpecData-02115-20261006-154731.csv,0.027766666666666665
2026-10-06 15:47:33.717,8.8925e-11,Torr,10.back_stm_port,10.back_stm_port/MassSpecData-02115-20261006-154731.csv,0.03125
2026-10-06 15:47:33.925,9.2459e-11,Torr,10.back_stm_port,10.back_stm_port/MassSpecData-02115-20261006-154731.csv,0.034716666666666667
2026-10-06 15:47:34.134,8.3487e-11,Torr,10.back_stm_port,10.back_stm_port/MassSpecData-02115-20261006-154731.csv,0.0382
2026-10-06 15:47:34.342,7.8228e-11,Torr,10.back_stm_port,10.back_stm_port/MassSpecData-02115-20261006-154731.csv,0.041666666666666664
2026-10-06 15:47:34.550,1.0558e-10,Torr,10.back_stm_port,10.back_stm_port/MassSpecData-02115-20261006-154731.csv,0.04513333333333334
2026-10-06 15:47:34.759,8.493e-11,Torr,10.back_stm_port,10.back_stm_port/MassSpecData-02115-20261006-154731.csv,0.04861666666666666
2026-10-06 15:47:34.967,9.3969e-11,Torr,10.back_stm_port,10.back_stm_port/MassSpecData-02115-20261006-154731.csv,0.052083333333333336
2026-10-06 15:47:35.175,7.7255e-11,Torr,10.back_stm_port,10.back_stm_port/MassSpecData-02115-20261006-154731.csv,0.05555
2026-10-06 15:47:35.384,9.6762e-11,Torr,10.back_stm_port,10.back_stm_port/MassSpecData-02115-20261006-154731.csv,0.059033333333333333
2026-10-06 15:47:35.592,8.5572e-11,Torr,10.back_stm_port,10.back_stm_port/MassSpecData-02115-20261006-154731.csv,0.0625
2026-10-06 15:47:35.800,8.1556e-11,Torr,10.back_stm_port,10.back_stm_port/MassSpecData-02115-20261006-154731.csv,0.06596666666666667
2026-10-06 15:47:36.009,8.4008e-11,Torr,10.back_stm_port,10.back_stm_port/MassSpecData-02115-20261006-154731.csv,0.06945
2026-10-06 15:47:36.217,9.415e-11,Torr,10.back_stm_port,10.back_stm_port/MassSpecData-02115-20261006-154731.csv,0.07291666666666667
2026-10-06 15:47:36.425,7.9094e-11,Torr,10.back_stm_port,10.back_stm_port/MassSpecData-02115-20261006-154731.csv,0.07638333333333333
2026-10-06 15:47:36.634,9.5056e-11,Torr,10.back_stm_port,10.back_stm_port/MassSpecData-02115-20261006-154731.csv,0.07986666666666667
2026-10-06 15:47:36.842,5.8041e-11,Torr,10.back_stm_port,10.back_stm_port/MassSpecData-02115-20261006-154731.csv,0.08333333333333333
2026-10-06 15:47:37.050,7.3448e-11,Torr,10.back_stm_port,10.back_stm_port/MassSpecData-02115-20261006-154731.csv,0.0868
2026-10-06 15:47:37.258,8.9972e-11,Torr,10.back_stm_port,10.back_stm_port/MassSpecData-02115-20261006-154731.csv,0.09026666666666668
2026-10-06 15:47:37.467,8.6983e-11,Torr,10.back_stm_port,10.back_stm_port/MassSpecData-02115-20261006-154731.csv,0.09375
2026-10-06 15:47:37.675,9.4514e-11,Torr,10.back_stm_port,10.back_stm_port/MassSpecData-02115-20261006-154731.csv,0.09721666666666667
2026-10-06 15:47:37.883,9.1362e-11,Torr,10.back_stm_port,10.back_stm_port/MassSpecData-02115-20261006-154731.csv,0.10068333333333333
2026-10-06 15:47:38.092,8.6627e-11,Torr,10.back_stm_port,10.back_stm_port/MassSpecData-02115-20261006-154731.csv,0.10416666666666667
2026-10-06 15:47:38.300,7.6285e-11,Torr,10.back_stm_port,10.back_stm_port/MassSpecData-02115-20261006-154731.csv,0.10763333333333333
2026-10-06 15:47:38.508,7.4488e-11,Torr,10.back_stm_port,10.back_stm_port/MassSpecData-02115-20261006-154731.csv,0.1111
2026-10-06 15:47:38.717,8.5597e-11,Torr,10.back_stm_port,10.back_stm_port/MassSpecData-02115-20261006-154731.csv,0.11458333333333333
2026-10-06 15:47:38.925,8.3852e-11,Torr,10.back_stm_port,10.back_stm_port/MassSpecData-02115-20261006-154731.csv,0.11805
2026-10-06 15:47:39.133,8.2962e-11,Torr,10.back_stm_port,10.back_stm_port/MassSpecData-02115-20261006-154731.csv,0.12151666666666668
2026-10-06 15:47:39.342,7.9899e-11,Torr,10.back_stm_port,10.back_stm_port/MassSpecData-02115-20261006-154731.csv,0.125
2026-10-06 15:47:39.550,8.2614e-11,Torr,10.back_stm_port,10.back_stm_port/MassSpecData-02115-20261006-154731.csv,0.12846666666666667
2026-10-06 15:47:39.758,8.7328e-11,Torr,10.back_stm_port,10.back_stm_port/MassSpecData-02115-20261006-154731.csv,0.13193333333333335
2026-10-06 15:47:39.967,8.9934e-11,Torr,10.back_stm_port,10.back_stm_port/MassSpecData-02115-20261006-154731.csv,0.13541666666666666
2026-10-06 15:47:40.175,8.4518e-11,Torr,10.back_stm_port,10.back_stm_port/MassSpecData-02115-20261006-154731.csv,0.13888333333333333
2026-10-06 15:47:40.383,8.9028e-11,Torr,10.back_stm_port,10.back_stm_port/MassSpecData-02115-20261006-154731.csv,0.14235
2026-10-06 15:47:40.592,9.0944e-11,Torr,10.back_stm_port,10.back_stm_port/MassSpecData-02115-20261006-154731.csv,0.14583333333333334
2026-10-06 15:47:40.800,7.9399e-11,Torr,10.back_stm_port,10.back_stm_port/MassSpecData-02115-20261006-154731.csv,0.14930000000000002
2026-10-06 15:47:41.009,9.3256e-11,Torr,10.back_stm_port,10.back_stm_port/MassSpecData-02115-20261006-154731.csv,0.15278333333333333
2026-10-06 15:47:41.217,7.8635e-11,Torr,10.back_stm_port,10.back_stm_port/MassSpecData-02115-20261006-154731.csv,0.15625
2026-10-06 15:47:41.425,8.0634e-11,Torr,10.back_stm_port,10.back_stm_port/MassSpecData-02115-20261006-154731.csv,0.15971666666666667
2026-10-06 15:47:41.634,7.4627e-11,Torr,10.back_stm_port,10.back_stm_port/MassSpecData-02115-20261006-154731.csv,0.16319999999999998
2026-10-06 15:47:41.842,7.0167e-11,Torr,10.back_stm_port,10.back_stm_port/MassSpecData-02115-20261006-154731.csv,0.16666666666666666
2026-10-06 15:47:42.050,7.583e-11,Torr,10.back_stm_port,10.back_stm_port/MassSpecData-02115-20261006-154731.csv,0.17013333333333333
2026-10-06 15:47:42.259,8.7718e-11,Torr,10.back_stm_port,10.back_stm_port/MassSpecData-02115-20261006-154731.csv,0.17361666666666667
2026-10-06 15:47:42.467,8.9539e-11,Torr,10.back_stm_port,10.back_stm_port/MassSpecData-02115-20261006-154731.csv,0.17708333333333334
2026-10-06 15:47:42.675,9.2085e-11,Torr,10.back_stm_port,10.back_stm_port/MassSpecData-02115-20261006-154731.csv,0.18055000000000002
2026-10-06 15:47:42.884,7.83e-11,Torr,10.back_stm_port,10.back_stm_port/MassSpecData-02115-20261006-154731.csv,0.18403333333333333
2026-10-06 15:47:43.092,8.8415e-11,Torr,10.back_stm_port,10.back_stm_port/MassSpecData-02115-20261006-154731.csv,0.1875
2026-10-06 15:47:43.300,8.5043e-11,Torr,10.back_stm_port,10.back_stm_port/MassSpecData-02115-20261006-154731.csv,0.19096666666666667
2026-10-06 15:47:43.509,7.8421e-11,Torr,10.back_stm_port,10.back_stm_port/MassSpecData-02115-20261006-154731.csv,0.19444999999999998
2026-10-06 15:47:43.717,9.3638e-11,Torr,10.back_stm_port,10.back_stm_port/MassSpecData-02115-20261006-154731.csv,0.19791666666666666
2026-10-06 15:47:43.925,8.6122e-11,Torr,10.back_stm_port,10.back_stm_port/MassSpecData-02115-20261006-154731.csv,0.20138333333333333
2026-10-06 15:47:44.134,8.683e-11,Torr,10.back_stm_port,10.back_stm_port/MassSpecData-02115-20261006-154731.csv,0.20486666666666667
2026-10-06 15:47:44.342,8.6131e-11,Torr,10.back_stm_port,10.back_stm_port/MassSpecData-02115-20261006-154731.csv,0.20833333333333334
2026-10-06 15:47:44.550,9.1219e-11,Torr,10.back_stm_port,10.back_stm_port/MassSpecData-02115-20261006-154731.csv,0.21180000000000002
2026-10-06 15:47:44.759,8.2261e-11,Torr,10.back_stm_port,10.back_stm_port/MassSpecData-02115-20261006-154731.csv,0.21528333333333333
2026-10-06 15:47:44.967,7.8317e-11,Torr,10.back_stm_port,10.back_stm_port/MassSpecData-02115-20261006-154731.csv,0.21875
2026-10-06 15:47:45.175,9.7898e-11,Torr,10.back_stm_port,10.back_stm_port/MassSpecData-02115-20261006-154731.csv,0.22221666666666667
2026-10-06 15:47:45.384,9.0641e-11,Torr,10.back_stm_port,10.back_stm_port/MassSpecData-02115-20261006-154731.csv,0.22569999999999998
2026-10-06 15:47:45.592,7.6596e-11,Torr,10.back_stm_port,10.back_stm_port/MassSpecData-02115-20261006-154731.csv,0.22916666666666666
2026-10-06 15:47:45.800,7.5883e-11,Torr,10.back_stm_port,10.back_stm_port/MassSpecData-02115-20261006-154731.csv,0.23263333333333333
2026-10-06 15:47:46.009,8.2581e-11,Torr,10.back_stm_port,10.back_stm_port/MassSpecData-02115-20261006-154731.csv,0.23611666666666667
2026-10-06 15:47:46.217,8.5017e-11,Torr,10.back_stm_port,10.back_stm_port/MassSpecData-02115-20261006-154731.csv,0.23958333333333334
2026-10-06 15:47:46.425,9.0816e-11,Torr,10.back_stm_port,10.back_stm_port/MassSpecData-02115-20261006-154731.csv,0.24305000000000002
2026-10-06 15:47:46.634,8.5004e-11,Torr,10.back_stm_port,10.back_stm_port/MassSpecData-02115-20261006-154731.csv,0.24653333333333333
2026-10-06 15:47:46.842,9.1623e-11,Torr,10.back_stm_port,10.back_stm_port/MassSpecData-02115-20261006-154731.csv,0.25
2026-10-06 15:47:47.050,8.4901e-11,Torr,10.back_stm_port,10.back_stm_port/MassSpecData-02115-20261006-154731.csv,0.2534666666666667
2026-10-06 15:47:47.259,9.3735e-11,Torr,10.back_stm_port,10.back_stm_port/MassSpecData-02115-20261006-154731.csv,0.25695
2026-10-06 15:47:47.467,9.3197e-11,Torr,10.back_stm_port,10.back_stm_port/MassSpecData-02115-20261006-154731.csv,0.2604166666666667
2026-10-06 15:47:47.675,8.3614e-11,Torr,10.back_stm_port,10.back_stm_port/MassSpecData-02115-20261006-154731.csv,0.26388333333333336
2026-10-06 15:47:47.884,9.0258e-11,Torr,10.back_stm_port,10.back_stm_port/MassSpecData-02115-20261006-154731.csv,0.2673666666666667
2026-10-06 15:47:48.092,7.9451e-11,Torr,10.back_stm_port,10.back_stm_port/MassSpecData-02115-20261006-154731.csv,0.2708333333333333
2026-10-06 15:47:48.300,8.3554e-11,Torr,10.back_stm_port,10.back_stm_port/MassSpecData-02115-20261006-154731.csv,0.2743
2026-10-06 15:47:48.509,7.4013e-11,Torr,10.back_stm_port,10.back_stm_port/MassSpecData-02115-20261006-154731.csv,0.2777833333333334
2026-10-06 15:47:48.717,9.5965e-11,Torr,10.back_stm_port,10.back_stm_port/MassSpecData-02115-20261006-154731.csv,0.28125
2026-10-06 15:47:48.925,7.3807e-11,Torr,10.back_stm_port,10.back_stm_port/MassSpecData-02115-20261006-154731.csv,0.2847166666666666
2026-10-06 15:47:49.134,8.7731e-11,Torr,10.back_stm_port,10.back_stm_port/MassSpecData-02115-20261006-154731.csv,0.2882
2026-10-06 15:47:49.342,9.6322e-11,Torr,10.back_stm_port,10.back_stm_port/MassSpecData-02115-20261006-154731.csv,0.2916666666666667
2026-10-06 15:47:49.550,7.8321e-11,Torr,10.back_stm_port,10.back_stm_port/MassSpecData-02115-20261006-154731.csv,0.2951333333333333
2026-10-06 15:47:49.759,8.5063e-11,Torr,10.back_stm_port,10.back_stm_port/MassSpecData-02115-20261006-154731.csv,0.2986166666666667
2026-10-06 15:47:49.967,8.0451e-11,Torr,10.back_stm_port,10.back_stm_port/MassSpecData-02115-20261006-154731.csv,0.3020833333333333
2026-10-06 15:47:50.175,8.9554e-11,Torr,10.back_stm_port,10.back_stm_port/MassSpecData-02115-20261006-154731.csv,0.30555
2026-10-06 15:47:50.384,8.2444e-11,Torr,10.back_stm_port,10.back_stm_port/MassSpecData-02115-20261006-154731.csv,0.3090333333333334
2026-10-06 15:47:50.592,9.5803e-11,Torr,10.back_stm_port,10.back_stm_port/MassSpecData-02115-20261006-154731.csv,0.3125
2026-10-06 15:47:50.800,9.0122e-11,Torr,10.back_stm_port,10.back_stm_port/MassSpecData-02115-20261006-154731.csv,0.3159666666666666
2026-10-06 15:47:51.009,8.0809e-11,Torr,10.back_stm_port,10.back_stm_port/MassSpecData-02115-20261006-154731.csv,0.31945
2026-10-06 15:47:51.217,8.0943e-11,Torr,10.back_stm_port,10.back_stm_port/MassSpecData-02115-20261006-154731.csv,0.3229166666666667
2026-10-06 15:47:51.425,8.5947e-11,Torr,10.back_stm_port,10.back_stm_port/MassSpecData-02115-20261006-154731.csv,0.3263833333333333
2026-10-06 15:47:51.633,7.6124e-11,Torr,10.back_stm_port,10.back_stm_port/MassSpecData-02115-20261006-154731.csv,0.32985000000000003
2026-10-06 15:47:51.842,9.0983e-11,Torr,10.back_stm_port,10.back_stm_port/MassSpecData-02115-20261006-154731.csv,0.3333333333333333
2026-10-06 15:47:52.050,8.6688e-11,Torr,10.back_stm_port,10.back_stm_port/MassSpecData-02115-20261006-154731.csv,0.3368
2026-10-06 15:47:52.258,7.3715e-11,Torr,10.back_stm_port,10.back_stm_port/MassSpecData-02115-20261006-154731.csv,0.34026666666666666
2026-10-06 15:47:52.467,1.0274e-10,Torr,10.back_stm_port,10.back_stm_port/MassSpecData-02115-20261006-154731.csv,0.34375
2026-10-06 15:47:52.675,8.0691e-11,Torr,10.back_stm_port,10.back_stm_port/MassSpecData-02115-20261006-154731.csv,0.3472166666666666
2026-10-06 15:47:52.883,7.9816e-11,Torr,10.back_stm_port,10.back_stm_port/MassSpecData-02115-20261006-154731.csv,0.35068333333333335
2026-10-06 15:47:53.092,8.0089e-11,Torr,10.back_stm_port,10.back_stm_port/MassSpecData-02115-20261006-154731.csv,0.3541666666666667
2026-10-06 15:47:53.300,8.7087e-11,Torr,10.back_stm_port,10.back_stm_port/MassSpecData-02115-20261006-154731.csv,0.3576333333333333
2026-10-06 15:47:53.508,8.4086e-11,Torr,10.back_stm_port,10.back_stm_port/MassSpecData-02115-20261006-154731.csv,0.36110000000000003
2026-10-06 15:47:53.717,7.9e-11,Torr,10.back_stm_port,10.back_stm_port/MassSpecData-02115-20261006-154731.csv,0.3645833333333333
2026-10-06 15:47:53.925,8.223e-11,Torr,10.back_stm_port,10.back_stm_port/MassSpecData-02115-20261006-154731.csv,0.36805
2026-10-06 15:47:54.133,8.0442e-11,Torr,10.back_stm_port,10.back_stm_port/MassSpecData-02115-20261006-154731.csv,0.37151666666666666
2026-10-06 15:47:54.342,8.7886e-11,Torr,10.back_stm_port,10.back_stm_port/MassSpecData-02115-20261006-154731.csv,0.375
2026-10-06 15:47:54.550,8.9041e-11,Torr,10.back_stm_port,10.back_stm_port/MassSpecData-02115-20261006-154731.csv,0.3784666666666666
2026-10-06 15:47:54.758,9.6683e-11,Torr,10.back_stm_port,10.back_stm_port/MassSpecData-02115-20261006-154731.csv,0.38193333333333335
2026-10-06 15:47:54.967,8.2552e-11,Torr,10.back_stm_port,10.back_stm_port/MassSpecData-02115-20261006-154731.csv,0.3854166666666667
2026-10-06 15:47:55.175,1.0679e-10,Torr,10.back_stm_port,10.back_stm_port/MassSpecData-02115-20261006-154731.csv,0.3888833333333333
2026-10-06 15:47:55.383,8.4271e-11,Torr,10.back_stm_port,10.back_stm_port/MassSpecData-02115-20261006-154731.csv,0.39235000000000003
2026-10-06 15:47:55.592,8.1869e-11,Torr,10.back_stm_port,10.back_stm_port/MassSpecData-02115-20261006-154731.csv,0.3958333333333333
2026-10-06 15:47:55.800,9.7257e-11,Torr,10.back_stm_port,10.back_stm_port/MassSpecData-02115-20261006-154731.csv,0.3993
2026-10-06 15:47:56.008,8.4952e-11,Torr,10.back_stm_port,10.back_stm_port/MassSpecData-02115-20261006-154731.csv,0.40276666666666666
2026-10-06 15:47:56.217,8.946e-11,Torr,10.back_stm_port,10.back_stm_port/MassSpecData-02115-20261006-154731.csv,0.40625
2026-10-06 15:47:56.425,6.746e-11,Torr,10.back_stm_port,10.back_stm_port/MassSpecData-02115-20261006-154731.csv,0.4097166666666666
2026-10-06 15:47:56.633,8.5717e-11,Torr,10.back_stm_port,10.back_stm_port/MassSpecData-02115-20261006-154731.csv,0.41318333333333335
2026-10-06 15:47:56.842,8.0971e-11,Torr,10.back_stm_port,10.back_stm_port/MassSpecData-02115-20261006-154731.csv,0.4166666666666667
2026-10-06 15:47:57.050,9.3901e-11,Torr,10.back_stm_port,10.back_stm_port/MassSpecData-02115-20261006-154731.csv,0.4201333333333333
2026-10-06 15:47:57.258,7.8142e-11,Torr,10.back_stm_port,10.back_stm_port/MassSpecData-02115-20261006-154731.csv,0.42360000000000003
2026-10-06 15:47:57.467,9.4624e-11,Torr,10.back_stm_port,10.back_stm_port/MassSpecData-02115-20261006-154731.csv,0.4270833333333333
2026-10-06 15:47:57.675,7.4504e-11,Torr,10.back_stm_port,10.back_stm_port/MassSpecData-02115-20261006-154731.csv,0.43055
2026-10-06 15:47:57.883,7.7159e-11,Torr,10.back_stm_port,10.back_stm_port/MassSpecData-02115-20261006-154731.csv,0.43401666666666666
2026-10-06 15:47:58.092,7.408e-11,Torr,10.back_stm_port,10.back_stm_port/MassSpecData-02115-20261006-154731.csv,0.4375
2026-10-06 15:47:58.300,8.0493e-11,Torr,10.back_stm_port,10.back_stm_port/MassSpecData-02115-20261006-154731.csv,0.4409666666666666
2026-10-06 15:47:58.508,8.3616e-11,Torr,10.back_stm_port,10.back_stm_port/MassSpecData-02115-20261006-154731.csv,0.44443333333333335
2026-10-06 15:47:58.717,9.1029e-11,Torr,10.back_stm_port,10.back_stm_port/MassSpecData-02115-20261006-154731.csv,0.4479166666666667
2026-10-06 15:47:58.925,9.7696e-11,Torr,10.back_stm_port,10.back_stm_port/MassSpecData-02115-20261006-154731.csv,0.4513833333333333
2026-10-06 15:47:59.133,8.8241e-11,Torr,10.back_stm_port,10.back_stm_port/MassSpecData-02115-20261006-154731.csv,0.45485000000000003
2026-10-06 15:47:59.342,1.0132e-10,Torr,10.back_stm_port,10.back_stm_port/MassSpecData-02115-20261006-154731.csv,0.4583333333333333
2026-10-06 15:47:59.550,8.7827e-11,Torr,10.back_stm_port,10.back_stm_port/MassSpecData-02115-20261006-154731.csv,0.4618
2026-10-06 15:47:59.758,8.4972e-11,Torr,10.back_stm_port,10.back_stm_port/MassSpecData-02115-20261006-154731.csv,0.46526666666666666
2026-10-06 15:47:59.967,9.555e-11,Torr,10.back_stm_port,10.back_stm_port/MassSpecData-02115-20261006-154731.csv,0.46875
2026-10-06 15:48:00.175,8.8192e-11,Torr,10.back_stm_port,10.back_stm_port/MassSpecData-02115-20261006-154731.csv,0.4722166666666666
2026-10-06 15:48:00.383,9.4167e-11,Torr,10.back_stm_port,10.back_stm_port/MassSpecData-02115-20261006-154731.csv,0.47568333333333335
2026-10-06 15:48:00.592,9.4379e-11,Torr,10.back_stm_port,10.back_stm_port/MassSpecData-02115-20261006-154731.csv,0.4791666666666667
2026-10-06 15:48:00.800,8.7958e-11,Torr,10.back_stm_port,10.back_stm_port/MassSpecData-02115-20261006-154731.csv,0.4826333333333333
2026-10-06 15:48:01.008,6.9713e-11,Torr,10.back_stm_port,10.back_stm_port/MassSpecData-02115-20261006-154731.csv,0.48610000000000003
2026-10-06 15:48:01.217,1.0002e-10,Torr,10.back_stm_port,10.back_stm_port/MassSpecData-02115-20261006-154731.csv,0.4895833333333333
2026-10-06 15:48:01.425,9.2555e-11,Torr,10.back_stm_port,10.back_stm_port/MassSpecData-02115-20261006-154731.csv,0.49305
2026-10-06 15:48:01.633,8.5407e-11,Torr,10.back_stm_port,10.back_stm_port/MassSpecData-02115-20261006-154731.csv,0.49651666666666666
2026-10-06 15:48:01.842,8.3581e-11,Torr,10.back_stm_port,10.back_stm_port/MassSpecData-02115-20261006-154731.csv,0.5
2026-10-06 15:48:02.050,1.019e-10,Torr,10.back_stm_port,10.back_stm_port/MassSpecData-02115-20261006-154731.csv,0.5034666666666666
2026-10-06 15:48:02.258,1.0699e-10,Torr,10.back_stm_port,10.back_stm_port/MassSpecData-02115-20261006-154731.csv,0.5069333333333333
2026-10-06 15:48:02.467,8.4875e-11,Torr,10.back_stm_port,10.back_stm_port/MassSpecData-02115-20261006-154731.csv,0.5104166666666666
2026-10-06 15:48:02.675,8.4483e-11,Torr,10.back_stm_port,10.back_stm_port/MassSpecData-02115-20261006-154731.csv,0.5138833333333334
2026-10-06 15:48:02.883,9.0859e-11,Torr,10.back_stm_port,10.back_stm_port/MassSpecData-02115-20261006-154731.csv,0.51735
2026-10-06 15:48:03.092,7.9676e-11,Torr,10.back_stm_port,10.back_stm_port/MassSpecData-02115-20261006-154731.csv,0.5208333333333334
2026-10-06 15:48:03.300,7.5389e-11,Torr,10.back_stm_port,10.back_stm_port/MassSpecData-02115-20261006-154731.csv,0.5243
2026-10-06 15:48:03.508,8.9755e-11,Torr,10.back_stm_port,10.back_stm_port/MassSpecData-02115-20261006-154731.csv,0.5277666666666667
2026-10-06 15:48:03.717,8.847e-11,Torr,10.back_stm_port,10.back_stm_port/MassSpecData-02115-20261006-154731.csv,0.53125
2026-10-06 15:48:03.925,9.9226e-11,Torr,10.back_stm_port,10.back_stm_port/MassSpecData-02115-20261006-154731.csv,0.5347166666666666
2026-10-06 15:48:04.133,9.403e-11,Torr,10.back_stm_port,10.back_stm_port/MassSpecData-02115-20261006-154731.csv,0.5381833333333332
2026-10-06 15:48:04.342,1.0467e-10,Torr,10.back_stm_port,10.back_stm_port/MassSpecData-02115-20261006-154731.csv,0.5416666666666666
2026-10-06 15:48:04.550,8.6229e-11,Torr,10.back_stm_port,10.back_stm_port/MassSpecData-02115-20261006-154731.csv,0.5451333333333334
2026-10-06 15:48:04.758,7.9503e-11,Torr,10.back_stm_port,10.back_stm_port/MassSpecData-02115-20261006-154731.csv,0.5486
2026-10-06 15:48:04.967,8.5153e-11,Torr,10.back_stm_port,10.back_stm_port/MassSpecData-02115-20261006-154731.csv,0.5520833333333334
2026-10-06 15:48:05.175,8.1625e-11,Torr,10.back_stm_port,10.back_stm_port/MassSpecData-02115-20261006-154731.csv,0.55555
2026-10-06 15:48:05.383,8.7449e-11,Torr,10.back_stm_port,10.back_stm_port/MassSpecData-02115-20261006-154731.csv,0.5590166666666666
2026-10-06 15:48:05.592,7.367e-11,Torr,10.back_stm_port,10.back_stm_port/MassSpecData-02115-20261006-154731.csv,0.5625
2026-10-06 15:48:05.800,8.9673e-11,Torr,10.back_stm_port,10.back_stm_port/MassSpecData-02115-20261006-154731.csv,0.5659666666666666
2026-10-06 15:48:06.008,7.8466e-11,Torr,10.back_stm_port,10.back_stm_port/MassSpecData-02115-20261006-154731.csv,0.5694333333333332
2026-10-06 15:48:06.217,8.796e-11,Torr,10.back_stm_port,10.back_stm_port/MassSpecData-02115-20261006-154731.csv,0.5729166666666666
2026-10-06 15:48:06.425,9.1513e-11,Torr,10.back_stm_port,10.back_stm_port/MassSpecData-02115-20261006-154731.csv,0.5763833333333334
2026-10-06 15:48:06.633,7.0048e-11,Torr,10.back_stm_port,10.back_stm_port/MassSpecData-02115-20261006-154731.csv,0.57985
2026-10-06 15:48:06.842,8.7759e-11,Torr,10.back_stm_port,10.back_stm_port/MassSpecData-02115-20261006-154731.csv,0.5833333333333334
2026-10-06 15:48:07.050,9.3657e-11,Torr,10.back_stm_port,10.back_stm_port/MassSpecData-02115-20261006-154731.csv,0.5868
2026-10-06 15:48:07.258,8.4814e-11,Torr,10.back_stm_port,10.back_stm_port/MassSpecData-02115-20261006-154731.csv,0.5902666666666666
2026-10-06 15:48:07.467,8.0223e-11,Torr,10.back_stm_port,10.back_stm_port/MassSpecData-02115-20261006-154731.csv,0.59375
2026-10-06 15:48:07.675,9.8506e-11,Torr,10.back_stm_port,10.back_stm_port/MassSpecData-02115-20261006-154731.csv,0.5972166666666666
2026-10-06 15:48:07.883,8.6592e-11,Torr,10.back_stm_port,10.back_stm_port/MassSpecData-02115-20261006-154731.csv,0.6006833333333332
2026-10-06 15:48:08.092,9.5801e-11,Torr,10.back_stm_port,10.back_stm_port/MassSpecData-02115-20261006-154731.csv,0.6041666666666666
2026-10-06 15:48:08.300,7.3208e-11,Torr,10.back_stm_port,10.back_stm_port/MassSpecData-02115-20261006-154731.csv,0.6076333333333334
2026-10-06 15:48:08.508,8.6704e-11,Torr,10.back_stm_port,10.back_stm_port/MassSpecData-02115-20261006-154731.csv,0.6111
2026-10-06 15:48:08.717,7.3177e-11,Torr,10.back_stm_port,10.back_stm_port/MassSpecData-02115-20261006-154731.csv,0.6145833333333334
2026-10-06 15:48:08.925,9.0376e-11,Torr,10.back_stm_port,10.back_stm_port/MassSpecData-02115-20261006-154731.csv,0.61805
2026-10-06 15:48:09.133,9.3099e-11,Torr,10.back_stm_port,10.back_stm_port/MassSpecData-02115-20261006-154731.csv,0.6215166666666666
2026-10-06 15:48:09.342,8.1164e-11,Torr,10.back_stm_port,10.back_stm_port/MassSpecData-02115-20261006-154731.csv,0.625
2026-10-06 15:48:09.550,7.2425e-11,Torr,10.back_stm_port,10.back_stm_port/MassSpecData-02115-20261006-154731.csv,0.6284666666666666
2026-10-06 15:48:09.759,8.8422e-11,Torr,10.back_stm_port,10.back_stm_port/MassSpecData-02115-20261006-154731.csv,0.63195
2026-10-06 15:48:09.967,8.9022e-11,Torr,10.back_stm_port,10.back_stm_port/MassSpecData-02115-20261006-154731.csv,0.6354166666666666
2026-10-06 15:48:10.175,8.2294e-11,Torr,10.back_stm_port,10.back_stm_port/MassSpecData-02115-20261006-154731.csv,0.6388833333333334
2026-10-06 15:48:10.384,8.0033e-11,Torr,10.back_stm_port,10.back_stm_port/MassSpecData-02115-20261006-154731.csv,0.6423666666666666
2026-10-06 15:48:10.592,8.1846e-11,Torr,10.back_stm_port,10.back_stm_port/MassSpecData-02115-20261006-154731.csv,0.6458333333333334
2026-10-06 15:48:10.800,9.2037e-11,Torr,10.back_stm_port,10.back_stm_port/MassSpecData-02115-20261006-154731.csv,0.6493
2026-10-06 15:48:11.009,8.921e-11,Torr,10.back_stm_port,10.back_stm_port/MassSpecData-02115-20261006-154731.csv,0.6527833333333334
2026-10-06 15:48:11.217,8.8837e-11,Torr,10.back_stm_port,10.back_stm_port/MassSpecData-02115-20261006-154731.csv,0.65625
2026-10-06 15:48:11.425,7.8599e-11,Torr,10.back_stm_port,10.back_stm_port/MassSpecData-02115-20261006-154731.csv,0.6597166666666666
2026-10-06 15:48:11.634,8.1277e-11,Torr,10.back_stm_port,10.back_stm_port/MassSpecData-02115-20261006-154731.csv,0.6632
2026-10-06 15:48:11.842,9.6373e-11,Torr,10.back_stm_port,10.back_stm_port/MassSpecData-02115-20261006-154731.csv,0.6666666666666666
2026-10-06 15:48:12.050,9.1087e-11,Torr,10.back_stm_port,10.back_stm_port/MassSpecData-02115-20261006-154731.csv,0.6701333333333334
2026-10-06 15:48:12.259,7.27e-11,Torr,10.back_stm_port,10.back_stm_port/MassSpecData-02115-20261006-154731.csv,0.6736166666666666
2026-10-06 15:48:12.467,8.5402e-11,Torr,10.back_stm_port,10.back_stm_port/MassSpecData-02115-20261006-154731.csv,0.6770833333333334
2026-10-06 15:48:12.675,8.6358e-11,Torr,10.back_stm_port,10.back_stm_port/MassSpecData-02115-20261006-154731.csv,0.68055
2026-10-06 15:48:12.884,8.4465e-11,Torr,10.back_stm_port,10.back_stm_port/MassSpecData-02115-20261006-154731.csv,0.6840333333333334
2026-10-06 15:48:13.092,7.7734e-11,Torr,10.back_stm_port,10.back_stm_port/MassSpecData-02115-20261006-154731.csv,0.6875
2026-10-06 15:48:13.300,8.1386e-11,Torr,10.back_stm_port,10.back_stm_port/MassSpecData-02115-20261006-154731.csv,0.6909666666666666
2026-10-06 15:48:13.629,7.704e-11,Torr,10.back_stm_port,10.back_stm_port/MassSpecData-02115-20261006-154813.csv,0.69645
2026-10-06 15:48:13.837,9.6769e-11,Torr,10.back_stm_port,10.back_stm_port/MassSpecData-02115-20261006-154813.csv,0.6999166666666666
2026-10-06 15:48:14.046,8.1486e-11,Torr,10.back_stm_port,10.back_stm_port/MassSpecData-02115-20261006-154813.csv,0.7034
2026-10-06 15:48:14.254,8.3546e-11,Torr,10.back_stm_port,10.back_stm_port/MassSpecData-02115-20261006-154813.csv,0.7068666666666666
2026-10-06 15:48:14.462,7.0806e-11,Torr,10.back_stm_port,10.back_stm_port/MassSpecData-02115-20261006-154813.csv,0.7103333333333333
2026-10-06 15:48:14.671,9.1538e-11,Torr,10.back_stm_port,10.back_stm_port/MassSpecData-02115-20261006-154813.csv,0.7138166666666667
2026-10-06 15:48:14.879,7.7934e-11,Torr,10.back_stm_port,10.back_stm_port/MassSpecData-02115-20261006-154813.csv,0.7172833333333333
2026-10-06 15:48:15.087,7.9814e-11,Torr,10.back_stm_port,10.back_stm_port/MassSpecData-02115-20261006-154813.csv,0.72075
2026-10-06 15:48:15.295,8.2388e-11,Torr,10.back_stm_port,10.back_stm_port/MassSpecData-02115-20261006-154813.csv,0.7242166666666667
2026-10-06 15:48:15.504,9.1229e-11,Torr,10.back_stm_port,10.back_stm_port/MassSpecData-02115-20261006-154813.csv,0.7277
2026-10-06 15:48:15.712,8.171e-11,Torr,10.back_stm_port,10.back_stm_port/MassSpecData-02115-20261006-154813.csv,0.7311666666666666
2026-10-06 15:48:15.921,9.1163e-11,Torr,10.back_stm_port,10.back_stm_port/MassSpecData-02115-20261006-154813.csv,0.73465
2026-10-06 15:48:16.129,1.0332e-10,Torr,10.back_stm_port,10.back_stm_port/MassSpecData-02115-20261006-154813.csv,0.7381166666666666
2026-10-06 15:48:16.337,8.3584e-11,Torr,10.back_stm_port,10.back_stm_port/MassSpecData-02115-20261006-154813.csv,0.7415833333333333
2026-10-06 15:48:16.546,1.0233e-10,Torr,10.back_stm_port,10.back_stm_port/MassSpecData-02115-20261006-154813.csv,0.7450666666666667
2026-10-06 15:48:16.754,8.4287e-11,Torr,10.back_stm_port,10.back_stm_port/MassSpecData-02115-20261006-154813.csv,0.7485333333333333
2026-10-06 15:48:16.962,7.9815e-11,Torr,10.back_stm_port,10.back_stm_port/MassSpecData-02115-20261006-154813.csv,0.752
2026-10-06 15:48:17.171,8.0696e-11,Torr,10.back_stm_port,10.back_stm_port/MassSpecData-02115-20261006-154813.csv,0.7554833333333334
2026-10-06 15:48:17.379,8.1984e-11,Torr,10.back_stm_port,10.back_stm_port/MassSpecData-02115-20261006-154813.csv,0.75895
2026-10-06 15:48:17.587,7.2716e-11,Torr,10.back_stm_port,10.back_stm_port/MassSpecData-02115-20261006-154813.csv,0.7624166666666666
2026-10-06 15:48:17.796,7.5874e-11,Torr,10.back_stm_port,10.back_stm_port/MassSpecData-02115-20261006-154813.csv,0.7659
2026-10-06 15:48:18.004,7.6555e-11,Torr,10.back_stm_port,10.back_stm_port/MassSpecData-02115-20261006-154813.csv,0.7693666666666666
2026-10-06 15:48:18.212,9.801e-11,Torr,10.back_stm_port,10.back_stm_port/MassSpecData-02115-20261006-154813.csv,0.7728333333333333
2026-10-06 15:48:18.421,8.1686e-11,Torr,10.back_stm_port,10.back_stm_port/MassSpecData-02115-20261006-154813.csv,0.7763166666666667
2026-10-06 15:48:18.629,9.1427e-11,Torr,10.back_stm_port,10.back_stm_port/MassSpecData-02115-20261006-154813.csv,0.7797833333333333
2026-10-06 15:48:18.837,8.7032e-11,Torr,10.back_stm_port,10.back_stm_port/MassSpecData-02115-20261006-154813.csv,0.78325
2026-10-06 15:48:19.045,7.2937e-11,Torr,10.back_stm_port,10.back_stm_port/MassSpecData-02115-20261006-154813.csv,0.7867166666666667
2026-10-06 15:48:19.254,9.1601e-11,Torr,10.back_stm_port,10.back_stm_port/MassSpecData-02115-20261006-154813.csv,0.7902
2026-10-06 15:48:19.462,9.6518e-11,Torr,10.back_stm_port,10.back_stm_port/MassSpecData-02115-20261006-154813.csv,0.7936666666666666
2026-10-06 15:48:19.670,8.0153e-11,Torr,10.back_stm_port,10.back_stm_port/MassSpecData-02115-20261006-154813.csv,0.7971333333333334
2026-10-06 15:48:19.879,8.2705e-11,Torr,10.back_stm_port,10.back_stm_port/MassSpecData-02115-20261006-154813.csv,0.8006166666666666
2026-10-06 15:48:20.087,7.8117e-11,Torr,10.back_stm_port,10.back_stm_port/MassSpecData-02115-20261006-154813.csv,0.8040833333333333
2026-10-06 15:48:20.295,8.6475e-11,Torr,10.back_stm_port,10.back_stm_port/MassSpecData-02115-20261006-154813.csv,0.8075500000000001
2026-10-06 15:48:20.504,8.7315e-11,Torr,10.back_stm_port,10.back_stm_port/MassSpecData-02115-20261006-154813.csv,0.8110333333333333
2026-10-06 15:48:20.712,7.5119e-11,Torr,10.back_stm_port,10.back_stm_port/MassSpecData-02115-20261006-154813.csv,0.8145
2026-10-06 15:48:20.920,8.2237e-11,Torr,10.back_stm_port,10.back_stm_port/MassSpecData-02115-20261006-154813.csv,0.8179666666666667
2026-10-06 15:48:21.129,9.0383e-11,Torr,10.back_stm_port,10.back_stm_port/MassSpecData-02115-20261006-154813.csv,0.82145
2026-10-06 15:48:21.337,7.8841e-11,Torr,10.back_stm_port,10.back_stm_port/MassSpecData-02115-20261006-154813.csv,0.8249166666666666
2026-10-06 15:48:21.545,8.0256e-11,Torr,10.back_stm_port,10.back_stm_port/MassSpecData-02115-20261006-154813.csv,0.8283833333333334
2026-10-06 15:48:21.754,8.1533e-11,Torr,10.back_stm_port,10.back_stm_port/MassSpecData-02115-20261006-154813.csv,0.8318666666666666
2026-10-06 15:48:21.962,9.6793e-11,Torr,10.back_stm_port,10.back_stm_port/MassSpecData-02115-20261006-154813.csv,0.8353333333333333
2026-10-06 15:48:22.170,8.1191e-11,Torr,10.back_stm_port,10.back_stm_port/MassSpecData-02115-20261006-154813.csv,0.8388000000000001
2026-10-06 15:48:22.379,8.7859e-11,Torr,10.back_stm_port,10.back_stm_port/MassSpecData-02115-20261006-154813.csv,0.8422833333333333
2026-10-06 15:48:22.587,1.1003e-10,Torr,10.back_stm_port,10.back_stm_port/MassSpecData-02115-20261006-154813.csv,0.84575
2026-10-06 15:48:22.796,8.0732e-11,Torr,10.back_stm_port,10.back_stm_port/MassSpecData-02115-20261006-154813.csv,0.8492333333333334
2026-10-06 15:48:23.004,7.7417e-11,Torr,10.back_stm_port,10.back_stm_port/MassSpecData-02115-20261006-154813.csv,0.8527
2026-10-06 15:48:23.212,9.9336e-11,Torr,10.back_stm_port,10.back_stm_port/MassSpecData-02115-20261006-154813.csv,0.8561666666666666
2026-10-06 15:48:23.421,8.2078e-11,Torr,10.back_stm_port,10.back_stm_port/MassSpecData-02115-20261006-154813.csv,0.85965
2026-10-06 15:48:23.629,8.8161e-11,Torr,10.back_stm_port,10.back_stm_port/MassSpecData-02115-20261006-154813.csv,0.8631166666666666
2026-10-06 15:48:23.837,8.1052e-11,Torr,10.back_stm_port,10.back_stm_port/MassSpecData-02115-20261006-154813.csv,0.8665833333333333
2026-10-06 15:48:24.046,1.0301e-10,Torr,10.back_stm_port,10.back_stm_port/MassSpecData-02115-20261006-154813.csv,0.8700666666666667
2026-10-06 15:48:24.254,8.8133e-11,Torr,10.back_stm_port,10.back_stm_port/MassSpecData-02115-20261006-154813.csv,0.8735333333333333
2026-10-06 15:48:24.462,8.3275e-11,Torr,10.back_stm_port,10.back_stm_port/MassSpecData-02115-20261006-154813.csv,0.877
2026-10-06 15:48:24.671,9.0199e-11,Torr,10.back_stm_port,10.back_stm_port/MassSpecData-02115-20261006-154813.csv,0.8804833333333334
2026-10-06 15:48:24.879,8.4431e-11,Torr,10.back_stm_port,10.back_stm_port/MassSpecData-02115-20261006-154813.csv,0.88395
2026-10-06 15:48:25.087,6.6908e-11,Torr,10.back_stm_port,10.back_stm_port/MassSpecData-02115-20261006-154813.csv,0.8874166666666666
2026-10-06 15:48:25.296,9.1187e-11,Torr,10.back_stm_port,10.back_stm_port/MassSpecData-02115-20261006-154813.csv,0.8909
2026-10-06 15:48:25.504,8.2594e-11,Torr,10.back_stm_port,10.back_stm_port/MassSpecData-02115-20261006-154813.csv,0.8943666666666666
2026-10-06 15:48:25.712,8.9951e-11,Torr,10.back_stm_port,10.back_stm_port/MassSpecData-02115-20261006-154813.csv,0.8978333333333333
2026-10-06 15:48:25.921,9.413e-11,Torr,10.back_stm_port,10.back_stm_port/MassSpecData-02115-20261006-154813.csv,0.9013166666666667
2026-10-06 15:48:26.129,9.1615e-11,Torr,10.back_stm_port,10.back_stm_port/MassSpecData-02115-20261006-154813.csv,0.9047833333333333
2026-10-06 15:48:26.337,8.7387e-11,Torr,10.back_stm_port,10.back_stm_port/MassSpecData-02115-20261006-154813.csv,0.90825
2026-10-06 15:48:26.546,7.4879e-11,Torr,10.back_stm_port,10.back_stm_port/MassSpecData-02115-20261006-154813.csv,0.9117333333333334
2026-10-06 15:48:26.754,9.397e-11,Torr,10.back_stm_port,10.back_stm_port/MassSpecData-02115-20261006-154813.csv,0.9152
2026-10-06 15:48:26.962,8.2104e-11,Torr,10.back_stm_port,10.back_stm_port/MassSpecData-02115-20261006-154813.csv,0.9186666666666666
2026-10-06 15:48:27.171,7.9267e-11,Torr,10.back_stm_port,10.back_stm_port/MassSpecData-02115-20261006-154813.csv,0.92215
2026-10-06 15:48:27.379,7.388e-11,Torr,10.back_stm_port,10.back_stm_port/MassSpecData-02115-20261006-154813.csv,0.9256166666666666
2026-10-06 15:48:27.587,8.0449e-11,Torr,10.back_stm_port,10.back_stm_port/MassSpecData-02115-20261006-154813.csv,0.9290833333333333
2026-10-06 15:48:27.796,8.6256e-11,Torr,10.back_stm_port,10.back_stm_port/MassSpecData-02115-20261006-154813.csv,0.9325666666666667
2026-10-06 15:48:28.004,9.7259e-11,Torr,10.back_stm_port,10.back_stm_port/MassSpecData-02115-20261006-154813.csv,0.9360333333333333
2026-10-06 15:48:28.212,9.2257e-11,Torr,10.back_stm_port,10.back_stm_port/MassSpecData-02115-20261006-154813.csv,0.9395
2026-10-06 15:48:28.421,7.578e-11,Torr,10.back_stm_port,10.back_stm_port/MassSpecData-02115-20261006-154813.csv,0.9429833333333334
2026-10-06 15:48:28.629,7.9436e-11,Torr,10.back_stm_port,10.back_stm_port/MassSpecData-02115-20261006-154813.csv,0.94645
2026-10-06 15:48:28.837,8.1263e-11,Torr,10.back_stm_port,10.back_stm_port/MassSpecData-02115-20261006-154813.csv,0.9499166666666666
2026-10-06 15:48:29.046,9.8676e-11,Torr,10.back_stm_port,10.back_stm_port/MassSpecData-02115-20261006-154813.csv,0.9534
2026-10-06 15:48:29.254,8.4565e-11,Torr,10.back_stm_port,10.back_stm_port/MassSpecData-02115-20261006-154813.csv,0.9568666666666666
2026-10-06 15:48:29.462,8.0058e-11,Torr,10.back_stm_port,10.back_stm_port/MassSpecData-02115-20261006-154813.csv,0.9603333333333333
2026-10-06 15:48:29.671,8.2169e-11,Torr,10.back_stm_port,10.back_stm_port/MassSpecData-02115-20261006-154813.csv,0.9638166666666667
2026-10-06 15:48:29.879,9.492e-11,Torr,10.back_stm_port,10.back_stm_port/MassSpecData-02115-20261006-154813.csv,0.9672833333333333
2026-10-06 15:48:30.087,8.1962e-11,Torr,10.back_stm_port,10.back_stm_port/MassSpecData-02115-20261006-154813.csv,0.97075
2026-10-06 15:48:30.296,8.0982e-11,Torr,10.back_stm_port,10.back_stm_port/MassSpecData-02115-20261006-154813.csv,0.9742333333333334
2026-10-06 15:48:30.504,8.2702e-11,Torr,10.back_stm_port,10.back_stm_port/MassSpecData-02115-20261006-154813.csv,0.9777
2026-10-06 15:48:30.712,9.3926e-11,Torr,10.back_stm_port,10.back_stm_port/MassSpecData-02115-20261006-154813.csv,0.9811666666666666
2026-10-06 15:48:30.921,8.3184e-11,Torr,10.back_stm_port,10.back_stm_port/MassSpecData-02115-20261006-154813.csv,0.98465
2026-10-06 15:48:31.129,8.9842e-11,Torr,10.back_stm_port,10.back_stm_port/MassSpecData-02115-20261006-154813.csv,0.9881166666666666
2026-10-06 15:48:31.337,8.1488e-11,Torr,10.back_stm_port,10.back_stm_port/MassSpecData-02115-20261006-154813.csv,0.9915833333333333
2026-10-06 15:48:31.546,8.7048e-11,Torr,10.back_stm_port,10.back_stm_port/MassSpecData-02115-20261006-154813.csv,0.9950666666666667
2026-10-06 15:48:31.754,8.5834e-11,Torr,10.back_stm_port,10.back_stm_port/MassSpecData-02115-20261006-154813.csv,0.9985333333333333
2026-10-06 15:48:31.962,7.7171e-11,Torr,10.back_stm_port,10.back_stm_port/MassSpecData-02115-20261006-154813.csv,1.002
2026-10-06 15:48:32.171,9.1862e-11,Torr,10.back_stm_port,10.back_stm_port/MassSpecData-02115-20261006-154813.csv,1.0054833333333333
2026-10-06 15:48:32.379,8.0247e-11,Torr,10.back_stm_port,10.back_stm_port/MassSpecData-02115-20261006-154813.csv,1.00895
2026-10-06 15:48:32.587,7.1438e-11,Torr,10.back_stm_port,10.back_stm_port/MassSpecData-02115-20261006-154813.csv,1.0124166666666665
2026-10-06 15:48:32.796,8.1732e-11,Torr,10.back_stm_port,10.back_stm_port/MassSpecData-02115-20261006-154813.csv,1.0159
2026-10-06 15:48:33.004,9.5678e-11,Torr,10.back_stm_port,10.back_stm_port/MassSpecData-02115-20261006-154813.csv,1.0193666666666668
2026-10-06 15:48:33.212,8.9236e-11,Torr,10.back_stm_port,10.back_stm_port/MassSpecData-02115-20261006-154813.csv,1.0228333333333333
2026-10-06 15:48:33.420,7.9393e-11,Torr,10.back_stm_port,10.back_stm_port/MassSpecData-02115-20261006-154813.csv,1.0263
2026-10-06 15:48:33.629,8.8911e-11,Torr,10.back_stm_port,10.back_stm_port/MassSpecData-02115-20261006-154813.csv,1.0297833333333333
2026-10-06 15:48:33.837,7.8489e-11,Torr,10.back_stm_port,10.back_stm_port/MassSpecData-02115-20261006-154813.csv,1.03325
2026-10-06 15:48:34.045,8.4087e-11,Torr,10.back_stm_port,10.back_stm_port/MassSpecData-02115-20261006-154813.csv,1.0367166666666667
2026-10-06 15:48:34.254,8.9337e-11,Torr,10.back_stm_port,10.back_stm_port/MassSpecData-02115-20261006-154813.csv,1.0402
2026-10-06 15:48:34.462,8.0731e-11,Torr,10.back_stm_port,10.back_stm_port/MassSpecData-02115-20261006-154813.csv,1.0436666666666665
2026-10-06 15:48:34.670,7.989e-11,Torr,10.back_stm_port,10.back_stm_port/MassSpecData-02115-20261006-154813.csv,1.0471333333333335
2026-10-06 15:48:34.879,9.4062e-11,Torr,10.back_stm_port,10.back_stm_port/MassSpecData-02115-20261006-154813.csv,1.0506166666666668
2026-10-06 15:48:35.087,9.0087e-11,Torr,10.back_stm_port,10.back_stm_port/MassSpecData-02115-20261006-154813.csv,1.0540833333333333
2026-10-06 15:48:35.295,8.088e-11,Torr,10.back_stm_port,10.back_stm_port/MassSpecData-02115-20261006-154813.csv,1.05755
2026-10-06 15:48:35.504,8.1526e-11,Torr,10.back_stm_port,10.back_stm_port/MassSpecData-02115-20261006-154813.csv,1.0610333333333333
2026-10-06 15:48:35.712,8.5254e-11,Torr,10.back_stm_port,10.back_stm_port/MassSpecData-02115-20261006-154813.csv,1.0645
2026-10-06 15:48:35.920,8.0292e-11,Torr,10.back_stm_port,10.back_stm_port/MassSpecData-02115-20261006-154813.csv,1.0679666666666667
2026-10-06 15:48:36.129,8.5121e-11,Torr,10.back_stm_port,10.back_stm_port/MassSpecData-02115-20261006-154813.csv,1.07145
2026-10-06 15:48:36.337,7.7126e-11,Torr,10.back_stm_port,10.back_stm_port/MassSpecData-02115-20261006-154813.csv,1.0749166666666667
2026-10-06 15:48:36.545,7.3523e-11,Torr,10.back_stm_port,10.back_stm_port/MassSpecData-02115-20261006-154813.csv,1.0783833333333335
2026-10-06 15:48:36.754,8.9301e-11,Torr,10.back_stm_port,10.back_stm_port/MassSpecData-02115-20261006-154813.csv,1.0818666666666668
2026-10-06 15:48:36.962,8.2489e-11,Torr,10.back_stm_port,10.back_stm_port/MassSpecData-02115-20261006-154813.csv,1.0853333333333335
2026-10-06 15:48:37.170,8.5645e-11,Torr,10.back_stm_port,10.back_stm_port/MassSpecData-02115-20261006-154813.csv,1.0888
2026-10-06 15:48:37.379,7.7573e-11,Torr,10.back_stm_port,10.back_stm_port/MassSpecData-02115-20261006-154813.csv,1.0922833333333335
2026-10-06 15:48:37.587,7.1714e-11,Torr,10.back_stm_port,10.back_stm_port/MassSpecData-02115-20261006-154813.csv,1.09575
2026-10-06 15:48:37.795,8.1885e-11,Torr,10.back_stm_port,10.back_stm_port/MassSpecData-02115-20261006-154813.csv,1.0992166666666667
2026-10-06 15:48:38.004,9.9005e-11,Torr,10.back_stm_port,10.back_stm_port/MassSpecData-02115-20261006-154813.csv,1.1027
2026-10-06 15:48:38.212,9.2567e-11,Torr,10.back_stm_port,10.back_stm_port/MassSpecData-02115-20261006-154813.csv,1.1061666666666667
2026-10-06 15:48:38.420,7.9599e-11,Torr,10.back_stm_port,10.back_stm_port/MassSpecData-02115-20261006-154813.csv,1.1096333333333335
2026-10-06 15:48:38.629,8.6175e-11,Torr,10.back_stm_port,10.back_stm_port/MassSpecData-02115-20261006-154813.csv,1.1131166666666668
2026-10-06 15:48:38.837,9.0593e-11,Torr,10.back_stm_port,10.back_stm_port/MassSpecData-02115-20261006-154813.csv,1.1165833333333335
2026-10-06 15:48:39.045,9.4775e-11,Torr,10.back_stm_port,10.back_stm_port/MassSpecData-02115-20261006-154813.csv,1.12005
2026-10-06 15:48:39.254,8.9201e-11,Torr,10.back_stm_port,10.back_stm_port/MassSpecData-02115-20261006-154813.csv,1.1235333333333335
2026-10-06 15:48:39.462,8.4904e-11,Torr,10.back_stm_port,10.back_stm_port/MassSpecData-02115-20261006-154813.csv,1.127
2026-10-06 15:48:39.670,9.2351e-11,Torr,10.back_stm_port,10.back_stm_port/MassSpecData-02115-20261006-154813.csv,1.1304666666666667
2026-10-06 15:48:39.879,8.6773e-11,Torr,10.back_stm_port,10.back_stm_port/MassSpecData-02115-20261006-154813.csv,1.13395
2026-10-06 15:48:40.087,8.9062e-11,Torr,10.back_stm_port,10.back_stm_port/MassSpecData-02115-20261006-154813.csv,1.1374166666666667
2026-10-06 15:48:40.295,8.2974e-11,Torr,10.back_stm_port,10.back_stm_port/MassSpecData-02115-20261006-154813.csv,1.1408833333333335
2026-10-06 15:48:40.504,9.9419e-11,Torr,10.back_stm_port,10.back_stm_port/MassSpecData-02115-20261006-154813.csv,1.1443666666666668
2026-10-06 15:48:40.712,8.5738e-11,Torr,10.back_stm_port,10.back_stm_port/MassSpecData-02115-20261006-154813.csv,1.1478333333333335
2026-10-06 15:48:40.920,9.8518e-11,Torr,10.back_stm_port,10.back_stm_port/MassSpecData-02115-20261006-154813.csv,1.1513
2026-10-06 15:48:41.129,7.776e-11,Torr,10.back_stm_port,10.back_stm_port/MassSpecData-02115-20261006-154813.csv,1.1547833333333335
2026-10-06 15:48:41.337,7.3776e-11,Torr,10.back_stm_port,10.back_stm_port/MassSpecData-02115-20261006-154813.csv,1.15825
2026-10-06 15:48:41.545,9.0082e-11,Torr,10.back_stm_port,10.back_stm_port/MassSpecData-02115-20261006-154813.csv,1.1617166666666667
2026-10-06 15:48:41.754,9.023e-11,Torr,10.back_stm_port,10.back_stm_port/MassSpecData-02115-20261006-154813.csv,1.1652
2026-10-06 15:48:41.962,7.8862e-11,Torr,10.back_stm_port,10.back_stm_port/MassSpecData-02115-20261006-154813.csv,1.1686666666666667
2026-10-06 15:48:42.170,8.1944e-11,Torr,10.back_stm_port,10.back_stm_port/MassSpecData-02115-20261006-154813.csv,1.1721333333333335
2026-10-06 15:48:42.379,8.4281e-11,Torr,10.back_stm_port,10.back_stm_port/MassSpecData-02115-20261006-154813.csv,1.1756166666666668
2026-10-06 15:48:42.587,9.2337e-11,Torr,10.back_stm_port,10.back_stm_port/MassSpecData-02115-20261006-154813.csv,1.1790833333333335
2026-10-06 15:48:42.795,8.0071e-11,Torr,10.back_stm_port,10.back_stm_port/MassSpecData-02115-20261006-154813.csv,1.18255
2026-10-06 15:48:43.004,7.9884e-11,Torr,10.back_stm_port,10.back_stm_port/MassSpecData-02115-20261006-154813.csv,1.1860333333333335
2026-10-06 15:48:43.212,9.1671e-11,Torr,10.back_stm_port,10.back_stm_port/MassSpecData-02115-20261006-154813.csv,1.1895
2026-10-06 15:48:43.420,7.3956e-11,Torr,10.back_stm_port,10.back_stm_port/MassSpecData-02115-20261006-154813.csv,1.1929666666666667
2026-10-06 15:48:43.629,8.0601e-11,Torr,10.back_stm_port,10.back_stm_port/MassSpecData-02115-20261006-154813.csv,1.19645
2026-10-06 15:48:43.837,8.0713e-11,Torr,10.back_stm_port,10.back_stm_port/MassSpecData-02115-20261006-154813.csv,1.1999166666666667
2026-10-06 15:48:44.045,9.3684e-11,Torr,10.back_stm_port,10.back_stm_port/MassSpecData-02115-20261006-154813.csv,1.2033833333333335
2026-10-06 15:48:44.254,8.533e-11,Torr,10.back_stm_port,10.back_stm_port/MassSpecData-02115-20261006-154813.csv,1.2068666666666668
2026-10-06 15:48:44.462,8.4337e-11,Torr,10.back_stm_port,10.back_stm_port/MassSpecData-02115-20261006-154813.csv,1.2103333333333335
2026-10-06 15:48:44.670,9.4467e-11,Torr,10.back_stm_port,10.back_stm_port/MassSpecData-02115-20261006-154813.csv,1.2138
2026-10-06 15:48:44.879,8.4992e-11,Torr,10.back_stm_port,10.back_stm_port/MassSpecData-02115-20261006-154813.csv,1.2172833333333335
2026-10-06 15:48:45.087,8.7181e-11,Torr,10.back_stm_port,10.back_stm_port/MassSpecData-02115-20261006-154813.csv,1.22075
2026-10-06 15:48:45.295,7.7508e-11,Torr,10.back_stm_port,10.back_stm_port/MassSpecData-02115-20261006-154813.csv,1.2242166666666667
2026-10-06 15:48:45.504,7.9313e-11,Torr,10.back_stm_port,10.back_stm_port/MassSpecData-02115-20261006-154813.csv,1.2277
2026-10-06 15:48:45.712,8.9409e-11,Torr,10.back_stm_port,10.back_stm_port/MassSpecData-02115-20261006-154813.csv,1.2311666666666667
2026-10-06 15:48:45.920,8.6971e-11,Torr,10.back_stm_port,10.back_stm_port/MassSpecData-02115-20261006-154813.csv,1.2346333333333335
2026-10-06 15:48:46.129,9.8501e-11,Torr,10.back_stm_port,10.back_stm_port/MassSpecData-02115-20261006-154813.csv,1.2381166666666668
2026-10-06 15:48:46.337,7.4503e-11,Torr,10.back_stm_port,10.back_stm_port/MassSpecData-02115-20261006-154813.csv,1.2415833333333335
2026-10-06 15:48:46.545,9.1764e-11,Torr,10.back_stm_port,10.back_stm_port/MassSpecData-02115-20261006-154813.csv,1.24505
2026-10-06 15:48:46.754,9.2984e-11,Torr,10.back_stm_port,10.back_stm_port/MassSpecData-02115-20261006-154813.csv,1.2485333333333335
2026-10-06 15:48:46.962,9.53e-11,Torr,10.back_stm_port,10.back_stm_port/MassSpecData-02115-20261006-154813.csv,1.252
2026-10-06 15:48:47.170,7.2935e-11,Torr,10.back_stm_port,10.back_stm_port/MassSpecData-02115-20261006-154813.csv,1.2554666666666667
2026-10-06 15:48:47.379,8.6386e-11,Torr,10.back_stm_port,10.back_stm_port/MassSpecData-02115-20261006-154813.csv,1.25895
2026-10-06 15:48:47.587,1.0753e-10,Torr,10.back_stm_port,10.back_stm_port/MassSpecData-02115-20261006-154813.csv,1.2624166666666667
2026-10-06 15:48:47.795,8.979e-11,Torr,10.back_stm_port,10.back_stm_port/MassSpecData-02115-20261006-154813.csv,1.2658833333333335
2026-10-06 15:48:48.004,7.9667e-11,Torr,10.back_stm_port,10.back_stm_port/MassSpecData-02115-20261006-154813.csv,1.2693666666666668
2026-10-06 15:48:48.212,7.9753e-11,Torr,10.back_stm_port,10.back_stm_port/MassSpecData-02115-20261006-154813.csv,1.2728333333333335
2026-10-06 15:48:48.420,8.93e-11,Torr,10.back_stm_port,10.back_stm_port/MassSpecData-02115-20261006-154813.csv,1.2763
2026-10-06 15:48:48.629,7.331e-11,Torr,10.back_stm_port,10.back_stm_port/MassSpecData-02115-20261006-154813.csv,1.2797833333333335
2026-10-06 15:48:48.837,8.264e-11,Torr,10.back_stm_port,10.back_stm_port/MassSpecData-02115-20261006-154813.csv,1.28325
2026-10-06 15:48:49.045,8.4048e-11,Torr,10.back_stm_port,10.back_stm_port/MassSpecData-02115-20261006-154813.csv,1.2867166666666667
2026-10-06 15:48:49.254,8.5998e-11,Torr,10.back_stm_port,10.back_stm_port/MassSpecData-02115-20261006-154813.csv,1.2902
2026-10-06 15:48:49.462,7.7374e-11,Torr,10.back_stm_port,10.back_stm_port/MassSpecData-02115-20261006-154813.csv,1.2936666666666667
2026-10-06 15:48:49.670,7.861e-11,Torr,10.back_stm_port,10.back_stm_port/MassSpecData-02115-20261006-154813.csv,1.2971333333333335
2026-10-06 15:48:49.879,7.8392e-11,Torr,10.back_stm_port,10.back_stm_port/MassSpecData-02115-20261006-154813.csv,1.3006166666666668
2026-10-06 15:48:50.087,9.6949e-11,Torr,10.back_stm_port,10.back_stm_port/MassSpecData-02115-20261006-154813.csv,1.3040833333333335
2026-10-06 15:48:50.295,7.7833e-11,Torr,10.back_stm_port,10.back_stm_port/MassSpecData-02115-20261006-154813.csv,1.30755
2026-10-06 15:48:50.504,9.8609e-11,Torr,10.back_stm_port,10.back_stm_port/MassSpecData-02115-20261006-154813.csv,1.3110333333333335
2026-10-06 15:48:50.712,8.2654e-11,Torr,10.back_stm_port,10.back_stm_port/MassSpecData-02115-20261006-154813.csv,1.3145
2026-10-06 15:48:50.920,6.9704e-11,Torr,10.back_stm_port,10.back_stm_port/MassSpecData-02115-20261006-154813.csv,1.3179666666666667
2026-10-06 15:48:51.129,9.0047e-11,Torr,10.back_stm_port,10.back_stm_port/MassSpecData-02115-20261006-154813.csv,1.32145
2026-10-06 15:48:51.337,7.0995e-11,Torr,10.back_stm_port,10.back_stm_port/MassSpecData-02115-20261006-154813.csv,1.3249166666666667
2026-10-06 15:48:51.546,8.1936e-11,Torr,10.back_stm_port,10.back_stm_port/MassSpecData-02115-20261006-154813.csv,1.3283999999999998
2026-10-06 15:48:51.754,9.3783e-11,Torr,10.back_stm_port,10.back_stm_port/MassSpecData-02115-20261006-154813.csv,1.3318666666666668
2026-10-06 15:48:51.962,9.803e-11,Torr,10.back_stm_port,10.back_stm_port/MassSpecData-02115-20261006-154813.csv,1.3353333333333335
2026-10-06 15:48:52.171,8.4591e-11,Torr,10.back_stm_port,10.back_stm_port/MassSpecData-02115-20261006-154813.csv,1.3388166666666665
2026-10-06 15:48:52.379,7.9885e-11,Torr,10.back_stm_port,10.back_stm_port/MassSpecData-02115-20261006-154813.csv,1.3422833333333335
2026-10-06 15:48:52.587,7.7394e-11,Torr,10.back_stm_port,10.back_stm_port/MassSpecData-02115-20261006-154813.csv,1.34575
2026-10-06 15:48:52.796,8.1198e-11,Torr,10.back_stm_port,10.back_stm_port/MassSpecData-02115-20261006-154813.csv,1.3492333333333333
2026-10-06 15:48:53.004,8.586e-11,Torr,10.back_stm_port,10.back_stm_port/MassSpecData-02115-20261006-154813.csv,1.3527
2026-10-06 15:48:53.212,7.3322e-11,Torr,10.back_stm_port,10.back_stm_port/MassSpecData-02115-20261006-154813.csv,1.3561666666666667
2026-10-06 15:48:53.421,9.0692e-11,Torr,10.back_stm_port,10.back_stm_port/MassSpecData-02115-20261006-154813.csv,1.3596499999999998
2026-10-06 15:48:53.629,6.5746e-11,Torr,10.back_stm_port,10.back_stm_port/MassSpecData-02115-20261006-154813.csv,1.3631166666666668
2026-10-06 15:48:53.837,7.3813e-11,Torr,10.back_stm_port,10.back_stm_port/MassSpecData-02115-20261006-154813.csv,1.3665833333333335
2026-10-06 15:48:54.046,8.2764e-11,Torr,10.back_stm_port,10.back_stm_port/MassSpecData-02115-20261006-154813.csv,1.3700666666666665
2026-10-06 15:48:54.254,9.5538e-11,Torr,10.back_stm_port,10.back_stm_port/MassSpecData-02115-20261006-154813.csv,1.3735333333333335
2026-10-06 15:48:54.462,8.1981e-11,Torr,10.back_stm_port,10.back_stm_port/MassSpecData-02115-20261006-154813.csv,1.377
2026-10-06 15:48:54.671,6.2346e-11,Torr,10.back_stm_port,10.back_stm_port/MassSpecData-02115-20261006-154813.csv,1.3804833333333333
2026-10-06 15:48:54.879,8.9743e-11,Torr,10.back_stm_port,10.back_stm_port/MassSpecData-02115-20261006-154813.csv,1.38395
2026-10-06 15:48:55.087,8.3691e-11,Torr,10.back_stm_port,10.back_stm_port/MassSpecData-02115-20261006-154813.csv,1.3874166666666667
2026-10-06 15:48:55.431,9.0724e-11,Torr,10.back_stm_port,10.back_stm_port/MassSpecData-02115-20261006-154855.csv,1.3931499999999999
2026-10-06 15:48:55.639,8.8635e-11,Torr,10.back_stm_port,10.back_stm_port/MassSpecData-02115-20261006-154855.csv,1.3966166666666666
2026-10-06 15:48:55.848,9.5533e-11,Torr,10.back_stm_port,10.back_stm_port/MassSpecData-02115-20261006-154855.csv,1.4001
2026-10-06 15:48:56.056,7.9368e-11,Torr,10.back_stm_port,10.back_stm_port/MassSpecData-02115-20261006-154855.csv,1.4035666666666666
2026-10-06 15:48:56.264,8.7169e-11,Torr,10.back_stm_port,10.back_stm_port/MassSpecData-02115-20261006-154855.csv,1.4070333333333334
2026-10-06 15:48:56.473,7.1517e-11,Torr,10.back_stm_port,10.back_stm_port/MassSpecData-02115-20261006-154855.csv,1.4105166666666666
2026-10-06 15:48:56.681,1.0792e-10,Torr,10.back_stm_port,10.back_stm_port/MassSpecData-02115-20261006-154855.csv,1.4139833333333334
2026-10-06 15:48:56.889,7.6147e-11,Torr,10.back_stm_port,10.back_stm_port/MassSpecData-02115-20261006-154855.csv,1.4174499999999999
2026-10-06 15:48:57.097,8.339e-11,Torr,10.back_stm_port,10.back_stm_port/MassSpecData-02115-20261006-154855.csv,1.4209166666666666
2026-10-06 15:48:57.306,7.6785e-11,Torr,10.back_stm_port,10.back_stm_port/MassSpecData-02115-20261006-154855.csv,1.4243999999999999
2026-10-06 15:48:57.514,8.2831e-11,Torr,10.back_stm_port,10.back_stm_port/MassSpecData-02115-20261006-154855.csv,1.4278666666666666
2026-10-06 15:48:57.723,8.1318e-11,Torr,10.back_stm_port,10.back_stm_port/MassSpecData-02115-20261006-154855.csv,1.43135
2026-10-06 15:48:57.931,9.7592e-11,Torr,10.back_stm_port,10.back_stm_port/MassSpecData-02115-20261006-154855.csv,1.4348166666666666
2026-10-06 15:48:58.139,7.4663e-11,Torr,10.back_stm_port,10.back_stm_port/MassSpecData-02115-20261006-154855.csv,1.4382833333333334
2026-10-06 15:48:58.348,9.0679e-11,Torr,10.back_stm_port,10.back_stm_port/MassSpecData-02115-20261006-154855.csv,1.4417666666666666
2026-10-06 15:48:58.556,7.6663e-11,Torr,10.back_stm_port,10.back_stm_port/MassSpecData-02115-20261006-154855.csv,1.4452333333333334
2026-10-06 15:48:58.764,9.1429e-11,Torr,10.back_stm_port,10.back_stm_port/MassSpecData-02115-20261006-154855.csv,1.4486999999999999
2026-10-06 15:48:58.973,8.4156e-11,Torr,10.back_stm_port,10.back_stm_port/MassSpecData-02115-20261006-154855.csv,1.4521833333333334
2026-10-06 15:48:59.181,9.9857e-11,Torr,10.back_stm_port,10.back_stm_port/MassSpecData-02115-20261006-154855.csv,1.4556499999999999
2026-10-06 15:48:59.389,8.398e-11,Torr,10.back_stm_port,10.back_stm_port/MassSpecData-02115-20261006-154855.csv,1.4591166666666666
2026-10-06 15:48:59.598,1.0062e-10,Torr,10.back_stm_port,10.back_stm_port/MassSpecData-02115-20261006-154855.csv,1.4626
2026-10-06 15:48:59.806,1.0708e-10,Torr,10.back_stm_port,10.back_stm_port/MassSpecData-02115-20261006-154855.csv,1.4660666666666666
2026-10-06 15:49:00.014,8.3043e-11,Torr,10.back_stm_port,10.back_stm_port/MassSpecData-02115-20261006-154855.csv,1.4695333333333334
2026-10-06 15:49:00.223,1.0018e-10,Torr,10.back_stm_port,10.back_stm_port/MassSpecData-02115-20261006-154855.csv,1.4730166666666666
2026-10-06 15:49:00.431,8.5671e-11,Torr,10.back_stm_port,10.back_stm_port/MassSpecData-02115-20261006-154855.csv,1.4764833333333334
2026-10-06 15:49:00.639,8.1718e-11,Torr,10.back_stm_port,10.back_stm_port/MassSpecData-02115-20261006-154855.csv,1.4799499999999999
2026-10-06 15:49:00.847,8.3234e-11,Torr,10.back_stm_port,10.back_stm_port/MassSpecData-02115-20261006-154855.csv,1.4834166666666666
2026-10-06 15:49:01.056,7.9081e-11,Torr,10.back_stm_port,10.back_stm_port/MassSpecData-02115-20261006-154855.csv,1.4868999999999999
2026-10-06 15:49:01.264,8.1442e-11,Torr,10.back_stm_port,10.back_stm_port/MassSpecData-02115-20261006-154855.csv,1.4903666666666666
2026-10-06 15:49:01.472,9.1766e-11,Torr,10.back_stm_port,10.back_stm_port/MassSpecData-02115-20261006-154855.csv,1.4938333333333333
2026-10-06 15:49:01.681,9.2089e-11,Torr,10.back_stm_port,10.back_stm_port/MassSpecData-02115-20261006-154855.csv,1.4973166666666666
2026-10-06 15:49:01.889,7.6202e-11,Torr,10.back_stm_port,10.back_stm_port/MassSpecData-02115-20261006-154855.csv,1.5007833333333334
2026-10-06 15:49:02.097,8.7059e-11,Torr,10.back_stm_port,10.back_stm_port/MassSpecData-02115-20261006-154855.csv,1.5042499999999999
2026-10-06 15:49:02.306,8.3888e-11,Torr,10.back_stm_port,10.back_stm_port/MassSpecData-02115-20261006-154855.csv,1.5077333333333334
2026-10-06 15:49:02.514,8.3891e-11,Torr,10.back_stm_port,10.back_stm_port/MassSpecData-02115-20261006-154855.csv,1.5111999999999999
2026-10-06 15:49:02.722,7.346e-11,Torr,10.back_stm_port,10.back_stm_port/MassSpecData-02115-20261006-154855.csv,1.5146666666666666
2026-10-06 15:49:02.931,8.6112e-11,Torr,10.back_stm_port,10.back_stm_port/MassSpecData-02115-20261006-154855.csv,1.5181499999999999
2026-10-06 15:49:03.139,7.2382e-11,Torr,10.back_stm_port,10.back_stm_port/MassSpecData-02115-20261006-154855.csv,1.5216166666666666
2026-10-06 15:49:03.347,8.9034e-11,Torr,10.back_stm_port,10.back_stm_port/MassSpecData-02115-20261006-154855.csv,1.5250833333333333
2026-10-06 15:49:03.556,8.3999e-11,Torr,10.back_stm_port,10.back_stm_port/MassSpecData-02115-20261006-154855.csv,1.5285666666666666
2026-10-06 15:49:03.764,8.6838e-11,Torr,10.back_stm_port,10.back_stm_port/MassSpecData-02115-20261006-154855.csv,1.5320333333333334
2026-10-06 15:49:03.972,7.8164e-11,Torr,10.back_stm_port,10.back_stm_port/MassSpecData-02115-20261006-154855.csv,1.5354999999999999
2026-10-06 15:49:04.181,1.0088e-10,Torr,10.back_stm_port,10.back_stm_port/MassSpecData-02115-20261006-154855.csv,1.5389833333333334
2026-10-06 15:49:04.389,8.7336e-11,Torr,10.back_stm_port,10.back_stm_port/MassSpecData-02115-20261006-154855.csv,1.5424499999999999
2026-10-06 15:49:04.598,7.505e-11,Torr,10.back_stm_port,10.back_stm_port/MassSpecData-02115-20261006-154855.csv,1.5459333333333334
2026-10-06 15:49:04.806,8.2049e-11,Torr,10.back_stm_port,10.back_stm_port/MassSpecData-02115-20261006-154855.csv,1.5493999999999999
2026-10-06 15:49:05.014,8.4426e-11,Torr,10.back_stm_port,10.back_stm_port/MassSpecData-02115-20261006-154855.csv,1.5528666666666666
2026-10-06 15:49:05.223,8.4436e-11,Torr,10.back_stm_port,10.back_stm_port/MassSpecData-02115-20261006-154855.csv,1.55635
2026-10-06 15:49:05.431,9.4913e-11,Torr,10.back_stm_port,10.back_stm_port/MassSpecData-02115-20261006-154855.csv,1.5598166666666666
2026-10-06 15:49:05.639,7.5924e-11,Torr,10.back_stm_port,10.back_stm_port/MassSpecData-02115-20261006-154855.csv,1.5632833333333334
2026-10-06 15:49:05.848,8.9671e-11,Torr,10.back_stm_port,10.back_stm_port/MassSpecData-02115-20261006-154855.csv,1.5667666666666666
2026-10-06 15:49:06.056,7.2543e-11,Torr,10.back_stm_port,10.back_stm_port/MassSpecData-02115-20261006-154855.csv,1.5702333333333334
2026-10-06 15:49:06.264,7.9678e-11,Torr,10.back_stm_port,10.back_stm_port/MassSpecData-02115-20261006-154855.csv,1.5736999999999999
2026-10-06 15:49:06.473,8.9697e-11,Torr,10.back_stm_port,10.back_stm_port/MassSpecData-02115-20261006-154855.csv,1.5771833333333334
2026-10-06 15:49:06.681,7.5876e-11,Torr,10.back_stm_port,10.back_stm_port/MassSpecData-02115-20261006-154855.csv,1.5806499999999999
2026-10-06 15:49:06.889,8.0759e-11,Torr,10.back_stm_port,10.back_stm_port/MassSpecData-02115-20261006-154855.csv,1.5841166666666666
2026-10-06 15:49:07.098,7.8298e-11,Torr,10.back_stm_port,10.back_stm_port/MassSpecData-02115-20261006-154855.csv,1.5876
2026-10-06 15:49:07.306,8.2816e-11,Torr,10.back_stm_port,10.back_stm_port/MassSpecData-02115-20261006-154855.csv,1.5910666666666666
2026-10-06 15:49:07.514,9.255e-11,Torr,10.back_stm_port,10.back_stm_port/MassSpecData-02115-20261006-154855.csv,1.5945333333333334
2026-10-06 15:49:07.723,9.0653e-11,Torr,10.back_stm_port,10.back_stm_port/MassSpecData-02115-20261006-154855.csv,1.5980166666666666
2026-10-06 15:49:07.931,8.2158e-11,Torr,10.back_stm_port,10.back_stm_port/MassSpecData-02115-20261006-154855.csv,1.6014833333333334
2026-10-06 15:49:08.139,8.0948e-11,Torr,10.back_stm_port,10.back_stm_port/MassSpecData-02115-20261006-154855.csv,1.6049499999999999
2026-10-06 15:49:08.348,9.2843e-11,Torr,10.back_stm_port,10.back_stm_port/MassSpecData-02115-20261006-154855.csv,1.6084333333333334
2026-10-06 15:49:08.556,8.3935e-11,Torr,10.back_stm_port,10.back_stm_port/MassSpecData-02115-20261006-154855.csv,1.6118999999999999
2026-10-06 15:49:08.764,8.7824e-11,Torr,10.back_stm_port,10.back_stm_port/MassSpecData-02115-20261006-154855.csv,1.6153666666666666
2026-10-06 15:49:08.973,9.4853e-11,Torr,10.back_stm_port,10.back_stm_port/MassSpecData-02115-20261006-154855.csv,1.61885
2026-10-06 15:49:09.181,8.1264e-11,Torr,10.back_stm_port,10.back_stm_port/MassSpecData-02115-20261006-154855.csv,1.6223166666666666
2026-10-06 15:49:09.389,8.4701e-11,Torr,10.back_stm_port,10.back_stm_port/MassSpecData-02115-20261006-154855.csv,1.6257833333333334
2026-10-06 15:49:09.598,7.9096e-11,Torr,10.back_stm_port,10.back_stm_port/MassSpecData-02115-20261006-154855.csv,1.6292666666666666
2026-10-06 15:49:09.806,8.7701e-11,Torr,10.back_stm_port,10.back_stm_port/MassSpecData-02115-20261006-154855.csv,1.6327333333333334
2026-10-06 15:49:10.014,7.7833e-11,Torr,10.back_stm_port,10.back_stm_port/MassSpecData-02115-20261006-154855.csv,1.6361999999999999
2026-10-06 15:49:10.223,7.3967e-11,Torr,10.back_stm_port,10.back_stm_port/MassSpecData-02115-20261006-154855.csv,1.6396833333333334
2026-10-06 15:49:10.431,7.4017e-11,Torr,10.back_stm_port,10.back_stm_port/MassSpecData-02115-20261006-154855.csv,1.6431499999999999
2026-10-06 15:49:10.639,1.0802e-10,Torr,10.back_stm_port,10.back_stm_port/MassSpecData-02115-20261006-154855.csv,1.6466166666666666
2026-10-06 15:49:10.848,8.9359e-11,Torr,10.back_stm_port,10.back_stm_port/MassSpecData-02115-20261006-154855.csv,1.6501
2026-10-06 15:49:11.056,8.2535e-11,Torr,10.back_stm_port,10.back_stm_port/MassSpecData-02115-20261006-154855.csv,1.6535666666666666
2026-10-06 15:49:11.264,9.6551e-11,Torr,10.back_stm_port,10.back_stm_port/MassSpecData-02115-20261006-154855.csv,1.6570333333333334
2026-10-06 15:49:11.473,9.4037e-11,Torr,10.back_stm_port,10.back_stm_port/MassSpecData-02115-20261006-154855.csv,1.6605166666666666
2026-10-06 15:49:11.681,8.1641e-11,Torr,10.back_stm_port,10.back_stm_port/MassSpecData-02115-20261006-154855.csv,1.6639833333333334
2026-10-06 15:49:11.889,8.6359e-11,Torr,10.back_stm_port,10.back_stm_port/MassSpecData-02115-20261006-154855.csv,1.6674499999999999
2026-10-06 15:49:12.098,8.4352e-11,Torr,10.back_stm_port,10.back_stm_port/MassSpecData-02115-20261006-154855.csv,1.6709333333333334
2026-10-06 15:49:12.306,8.7486e-11,Torr,10.back_stm_port,10.back_stm_port/MassSpecData-02115-20261006-154855.csv,1.6743999999999999
2026-10-06 15:49:12.514,7.051e-11,Torr,10.back_stm_port,10.back_stm_port/MassSpecData-02115-20261006-154855.csv,1.6778666666666666
2026-10-06 15:49:12.723,9.1098e-11,Torr,10.back_stm_port,10.back_stm_port/MassSpecData-02115-20261006-154855.csv,1.68135
2026-10-06 15:49:12.931,8.1345e-11,Torr,10.back_stm_port,10.back_stm_port/MassSpecData-02115-20261006-154855.csv,1.6848166666666666
2026-10-06 15:49:13.139,9.3528e-11,Torr,10.back_stm_port,10.back_stm_port/MassSpecData-02115-20261006-154855.csv,1.6882833333333334
2026-10-06 15:49:13.348,8.1178e-11,Torr,10.back_stm_port,10.back_stm_port/MassSpecData-02115-20261006-154855.csv,1.6917666666666666
2026-10-06 15:49:13.556,9.1011e-11,Torr,10.back_stm_port,10.back_stm_port/MassSpecData-02115-20261006-154855.csv,1.6952333333333334
2026-10-06 15:49:13.764,9.2235e-11,Torr,10.back_stm_port,10.back_stm_port/MassSpecData-02115-20261006-154855.csv,1.6986999999999999
2026-10-06 15:49:13.973,9.1621e-11,Torr,10.back_stm_port,10.back_stm_port/MassSpecData-02115-20261006-154855.csv,1.7021833333333334
2026-10-06 15:49:14.181,8.6764e-11,Torr,10.back_stm_port,10.back_stm_port/MassSpecData-02115-20261006-154855.csv,1.7056499999999999
2026-10-06 15:49:14.389,9.3476e-11,Torr,10.back_stm_port,10.back_stm_port/MassSpecData-02115-20261006-154855.csv,1.7091166666666666
2026-10-06 15:49:14.598,7.5134e-11,Torr,10.back_stm_port,10.back_stm_port/MassSpecData-02115-20261006-154855.csv,1.7126
2026-10-06 15:49:14.806,8.7823e-11,Torr,10.back_stm_port,10.back_stm_port/MassSpecData-02115-20261006-154855.csv,1.7160666666666666
2026-10-06 15:49:15.014,8.2622e-11,Torr,10.back_stm_port,10.back_stm_port/MassSpecData-02115-20261006-154855.csv,1.7195333333333334
2026-10-06 15:49:15.222,8.1739e-11,Torr,10.back_stm_port,10.back_stm_port/MassSpecData-02115-20261006-154855.csv,1.7229999999999999
2026-10-06 15:49:15.431,1.0015e-10,Torr,10.back_stm_port,10.back_stm_port/MassSpecData-02115-20261006-154855.csv,1.7264833333333334
2026-10-06 15:49:15.639,8.277e-11,Torr,10.back_stm_port,10.back_stm_port/MassSpecData-02115-20261006-154855.csv,1.7299499999999999
2026-10-06 15:49:15.847,8.2515e-11,Torr,10.back_stm_port,10.back_stm_port/MassSpecData-02115-20261006-154855.csv,1.7334166666666666
2026-10-06 15:49:16.056,7.1573e-11,Torr,10.back_stm_port,10.back_stm_port/MassSpecData-02115-20261006-154855.csv,1.7368999999999999
2026-10-06 15:49:16.264,8.4007e-11,Torr,10.back_stm_port,10.back_stm_port/MassSpecData-02115-20261006-154855.csv,1.7403666666666666
2026-10-06 15:49:16.472,9.0499e-11,Torr,10.back_stm_port,10.back_stm_port/MassSpecData-02115-20261006-154855.csv,1.7438333333333333
2026-10-06 15:49:16.681,8.1946e-11,Torr,10.back_stm_port,10.back_stm_port/MassSpecData-02115-20261006-154855.csv,1.7473166666666666
2026-10-06 15:49:16.889,7.012e-11,Torr,10.back_stm_port,10.back_stm_port/MassSpecData-02115-20261006-154855.csv,1.7507833333333334
2026-10-06 15:49:17.097,9.2739e-11,Torr,10.back_stm_port,10.back_stm_port/MassSpecData-02115-20261006-154855.csv,1.7542499999999999
2026-10-06 15:49:17.306,7.4671e-11,Torr,10.back_stm_port,10.back_stm_port/MassSpecData-02115-20261006-154855.csv,1.7577333333333334
2026-10-06 15:49:17.514,8.0127e-11,Torr,10.back_stm_port,10.back_stm_port/MassSpecData-02115-20261006-154855.csv,1.7611999999999999
2026-10-06 15:49:17.722,9.5249e-11,Torr,10.back_stm_port,10.back_stm_port/MassSpecData-02115-20261006-154855.csv,1.7646666666666666
2026-10-06 15:49:17.931,9.1153e-11,Torr,10.back_stm_port,10.back_stm_port/MassSpecData-02115-20261006-154855.csv,1.7681499999999999
2026-10-06 15:49:18.139,8.1757e-11,Torr,10.back_stm_port,10.back_stm_port/MassSpecData-02115-20261006-154855.csv,1.7716166666666666
2026-10-06 15:49:18.347,1.0073e-10,Torr,10.back_stm_port,10.back_stm_port/MassSpecData-02115-20261006-154855.csv,1.7750833333333333
2026-10-06 15:49:18.556,8.489e-11,Torr,10.back_stm_port,10.back_stm_port/MassSpecData-02115-20261006-154855.csv,1.7785666666666666
2026-10-06 15:49:18.764,8.1174e-11,Torr,10.back_stm_port,10.back_stm_port/MassSpecData-02115-20261006-154855.csv,1.7820333333333334
2026-10-06 15:49:18.972,9.9002e-11,Torr,10.back_stm_port,10.back_stm_port/MassSpecData-02115-20261006-154855.csv,1.7854999999999999
2026-10-06 15:49:19.181,7.9022e-11,Torr,10.back_stm_port,10.back_stm_port/MassSpecData-02115-20261006-154855.csv,1.7889833333333334
2026-10-06 15:49:19.389,9.6677e-11,Torr,10.back_stm_port,10.back_stm_port/MassSpecData-02115-20261006-154855.csv,1.7924499999999999
2026-10-06 15:49:19.597,6.7278e-11,Torr,10.back_stm_port,10.back_stm_port/MassSpecData-02115-20261006-154855.csv,1.7959166666666666
2026-10-06 15:49:19.806,9.9648e-11,Torr,10.back_stm_port,10.back_stm_port/MassSpecData-02115-20261006-154855.csv,1.7993999999999999
2026-10-06 15:49:20.014,9.0657e-11,Torr,10.back_stm_port,10.back_stm_port/MassSpecData-02115-20261006-154855.csv,1.8028666666666666
2026-10-06 15:49:20.222,8.1478e-11,Torr,10.back_stm_port,10.back_stm_port/MassSpecData-02115-20261006-154855.csv,1.8063333333333333
2026-10-06 15:49:20.431,8.3653e-11,Torr,10.back_stm_port,10.back_stm_port/MassSpecData-02115-20261006-154855.csv,1.8098166666666666
2026-10-06 15:49:20.639,9.8381e-11,Torr,10.back_stm_port,10.back_stm_port/MassSpecData-02115-20261006-154855.csv,1.8132833333333334
2026-10-06 15:49:20.847,8.8604e-11,Torr,10.back_stm_port,10.back_stm_port/MassSpecData-02115-20261006-154855.csv,1.8167499999999999
2026-10-06 15:49:21.056,8.7583e-11,Torr,10.back_stm_port,10.back_stm_port/MassSpecData-02115-20261006-154855.csv,1.8202333333333334
2026-10-06 15:49:21.264,7.7276e-11,Torr,10.back_stm_port,10.back_stm_port/MassSpecData-02115-20261006-154855.csv,1.8236999999999999
2026-10-06 15:49:21.472,8.8512e-11,Torr,10.back_stm_port,10.back_stm_port/MassSpecData-02115-20261006-154855.csv,1.8271666666666666
2026-10-06 15:49:21.681,9.8931e-11,Torr,10.back_stm_port,10.back_stm_port/MassSpecData-02115-20261006-154855.csv,1.8306499999999999
2026-10-06 15:49:21.889,8.4623e-11,Torr,10.back_stm_port,10.back_stm_port/MassSpecData-02115-20261006-154855.csv,1.8341166666666666
2026-10-06 15:49:22.097,7.4101e-11,Torr,10.back_stm_port,10.back_stm_port/MassSpecData-02115-20261006-154855.csv,1.8375833333333333
2026-10-06 15:49:22.306,9.6211e-11,Torr,10.back_stm_port,10.back_stm_port/MassSpecData-02115-20261006-154855.csv,1.8410666666666666
2026-10-06 15:49:22.514,7.749e-11,Torr,10.back_stm_port,10.back_stm_port/MassSpecData-02115-20261006-154855.csv,1.8445333333333334
2026-10-06 15:49:22.722,9.0909e-11,Torr,10.back_stm_port,10.back_stm_port/MassSpecData-02115-20261006-154855.csv,1.8479999999999999
2026-10-06 15:49:22.931,7.8547e-11,Torr,10.back_stm_port,10.back_stm_port/MassSpecData-02115-20261006-154855.csv,1.8514833333333334
2026-10-06 15:49:23.139,9.8143e-11,Torr,10.back_stm_port,10.back_stm_port/MassSpecData-02115-20261006-154855.csv,1.8549499999999999
2026-10-06 15:49:23.347,9.8344e-11,Torr,10.back_stm_port,10.back_stm_port/MassSpecData-02115-20261006-154855.csv,1.8584166666666666
2026-10-06 15:49:23.556,9.9151e-11,Torr,10.back_stm_port,10.back_stm_port/MassSpecData-02115-20261006-154855.csv,1.8618999999999999
2026-10-06 15:49:23.764,8.3632e-11,Torr,10.back_stm_port,10.back_stm_port/MassSpecData-02115-20261006-154855.csv,1.8653666666666666
2026-10-06 15:49:23.972,7.1091e-11,Torr,10.back_stm_port,10.back_stm_port/MassSpecData-02115-20261006-154855.csv,1.8688333333333333
2026-10-06 15:49:24.181,8.1397e-11,Torr,10.back_stm_port,10.back_stm_port/MassSpecData-02115-20261006-154855.csv,1.8723166666666666
2026-10-06 15:49:24.389,9.7464e-11,Torr,10.back_stm_port,10.back_stm_port/MassSpecData-02115-20261006-154855.csv,1.8757833333333334
2026-10-06 15:49:24.597,8.0023e-11,Torr,10.back_stm_port,10.back_stm_port/MassSpecData-02115-20261006-154855.csv,1.8792499999999999
2026-10-06 15:49:24.806,7.9314e-11,Torr,10.back_stm_port,10.back_stm_port/MassSpecData-02115-20261006-154855.csv,1.8827333333333334
2026-10-06 15:49:25.014,8.8371e-11,Torr,10.back_stm_port,10.back_stm_port/MassSpecData-02115-20261006-154855.csv,1.8861999999999999
2026-10-06 15:49:25.222,9.1885e-11,Torr,10.back_stm_port,10.back_stm_port/MassSpecData-02115-20261006-154855.csv,1.8896666666666666
2026-10-06 15:49:25.431,7.5464e-11,Torr,10.back_stm_port,10.back_stm_port/MassSpecData-02115-20261006-154855.csv,1.8931499999999999
2026-10-06 15:49:25.639,8.1225e-11,Torr,10.back_stm_port,10.back_stm_port/MassSpecData-02115-20261006-154855.csv,1.8966166666666666
2026-10-06 15:49:25.847,1.0554e-10,Torr,10.back_stm_port,10.back_stm_port/MassSpecData-02115-20261006-154855.csv,1.9000833333333333
2026-10-06 15:49:26.056,7.2532e-11,Torr,10.back_stm_port,10.back_stm_port/MassSpecData-02115-20261006-154855.csv,1.9035666666666666
2026-10-06 15:49:26.264,8.9418e-11,Torr,10.back_stm_port,10.back_stm_port/MassSpecData-02115-20261006-154855.csv,1.9070333333333334
2026-10-06 15:49:26.472,7.9412e-11,Torr,10.back_stm_port,10.back_stm_port/MassSpecData-02115-20261006-154855.csv,1.9104999999999999
2026-10-06 15:49:26.681,8.0434e-11,Torr,10.back_stm_port,10.back_stm_port/MassSpecData-02115-20261006-154855.csv,1.9139833333333334
2026-10-06 15:49:26.889,9.1851e-11,Torr,10.back_stm_port,10.back_stm_port/MassSpecData-02115-20261006-154855.csv,1.9174499999999999
2026-10-06 15:49:27.097,1.0728e-10,Torr,10.back_stm_port,10.back_stm_port/MassSpecData-02115-20261006-154855.csv,1.9209166666666666
2026-10-06 15:49:27.306,7.7956e-11,Torr,10.back_stm_port,10.back_stm_port/MassSpecData-02115-20261006-154855.csv,1.9243999999999999
2026-10-06 15:49:27.514,8.1186e-11,Torr,10.back_stm_port,10.back_stm_port/MassSpecData-02115-20261006-154855.csv,1.9278666666666666
2026-10-06 15:49:27.722,9.3521e-11,Torr,10.back_stm_port,10.back_stm_port/MassSpecData-02115-20261006-154855.csv,1.9313333333333333
2026-10-06 15:49:27.931,8.1265e-11,Torr,10.back_stm_port,10.back_stm_port/MassSpecData-02115-20261006-154855.csv,1.9348166666666666
2026-10-06 15:49:28.139,1.0608e-10,Torr,10.back_stm_port,10.back_stm_port/MassSpecData-02115-20261006-154855.csv,1.9382833333333334
2026-10-06 15:49:28.347,9.4141e-11,Torr,10.back_stm_port,10.back_stm_port/MassSpecData-02115-20261006-154855.csv,1.9417499999999999
2026-10-06 15:49:28.556,8.3643e-11,Torr,10.back_stm_port,10.back_stm_port/MassSpecData-02115-20261006-154855.csv,1.9452333333333334
2026-10-06 15:49:28.764,7.6435e-11,Torr,10.back_stm_port,10.back_stm_port/MassSpecData-02115-20261006-154855.csv,1.9486999999999999
2026-10-06 15:49:28.972,7.5304e-11,Torr,10.back_stm_port,10.back_stm_port/MassSpecData-02115-20261006-154855.csv,1.9521666666666666
2026-10-06 15:49:29.181,7.9431e-11,Torr,10.back_stm_port,10.back_stm_port/MassSpecData-02115-20261006-154855.csv,1.9556499999999999
2026-10-06 15:49:29.389,9.7338e-11,Torr,10.back_stm_port,10.back_stm_port/MassSpecData-02115-20261006-154855.csv,1.9591166666666666
2026-10-06 15:49:29.597,8.2287e-11,Torr,10.back_stm_port,10.back_stm_port/MassSpecData-02115-20261006-154855.csv,1.9625833333333333
2026-10-06 15:49:29.806,8.7074e-11,Torr,10.back_stm_port,10.back_stm_port/MassSpecData-02115-20261006-154855.csv,1.9660666666666666
2026-10-06 15:49:30.014,7.3709e-11,Torr,10.back_stm_port,10.back_stm_port/MassSpecData-02115-20261006-154855.csv,1.9695333333333334
2026-10-06 15:49:30.222,8.8715e-11,Torr,10.back_stm_port,10.back_stm_port/MassSpecData-02115-20261006-154855.csv,1.9729999999999999
2026-10-06 15:49:30.431,9.2466e-11,Torr,10.back_stm_port,10.back_stm_port/MassSpecData-02115-20261006-154855.csv,1.9764833333333334
2026-10-06 15:49:30.639,8.1723e-11,Torr,10.back_stm_port,10.back_stm_port/MassSpecData-02115-20261006-154855.csv,1.9799499999999999
2026-10-06 15:49:30.847,8.3524e-11,Torr,10.back_stm_port,10.back_stm_port/MassSpecData-02115-20261006-154855.csv,1.9834166666666666
2026-10-06 15:49:31.056,7.8455e-11,Torr,10.back_stm_port,10.back_stm_port/MassSpecData-02115-20261006-154855.csv,1.9868999999999999
2026-10-06 15:49:31.264,8.0993e-11,Torr,10.back_stm_port,10.back_stm_port/MassSpecData-02115-20261006-154855.csv,1.9903666666666666
2026-10-06 15:49:31.472,8.2141e-11,Torr,10.back_stm_port,10.back_stm_port/MassSpecData-02115-20261006-154855.csv,1.9938333333333333
2026-10-06 15:49:31.681,8.1956e-11,Torr,10.back_stm_port,10.back_stm_port/MassSpecData-02115-20261006-154855.csv,1.9973166666666666
2026-10-06 15:49:31.889,8.607e-11,Torr,10.back_stm_port,10.back_stm_port/MassSpecData-02115-20261006-154855.csv,2.000783333333333
2026-10-06 15:49:32.097,9.2652e-11,Torr,10.back_stm_port,10.back_stm_port/MassSpecData-02115-20261006-154855.csv,2.00425
2026-10-06 15:49:32.306,8.8988e-11,Torr,10.back_stm_port,10.back_stm_port/MassSpecData-02115-20261006-154855.csv,2.0077333333333334
2026-10-06 15:49:32.514,7.8517e-11,Torr,10.back_stm_port,10.back_stm_port/MassSpecData-02115-20261006-154855.csv,2.0112
2026-10-06 15:49:32.722,7.3485e-11,Torr,10.back_stm_port,10.back_stm_port/MassSpecData-02115-20261006-154855.csv,2.0146666666666664
2026-10-06 15:49:32.931,8.297e-11,Torr,10.back_stm_port,10.back_stm_port/MassSpecData-02115-20261006-154855.csv,2.01815
2026-10-06 15:49:33.139,8.9597e-11,Torr,10.back_stm_port,10.back_stm_port/MassSpecData-02115-20261006-154855.csv,2.0216166666666666
2026-10-06 15:49:33.348,8.3482e-11,Torr,10.back_stm_port,10.back_stm_port/MassSpecData-02115-20261006-154855.csv,2.0251
2026-10-06 15:49:33.556,9.0726e-11,Torr,10.back_stm_port,10.back_stm_port/MassSpecData-02115-20261006-154855.csv,2.028566666666667
2026-10-06 15:49:33.764,7.8962e-11,Torr,10.back_stm_port,10.back_stm_port/MassSpecData-02115-20261006-154855.csv,2.032033333333333
2026-10-06 15:49:33.973,8.7033e-11,Torr,10.back_stm_port,10.back_stm_port/MassSpecData-02115-20261006-154855.csv,2.0355166666666666
2026-10-06 15:49:34.181,7.9353e-11,Torr,10.back_stm_port,10.back_stm_port/MassSpecData-02115-20261006-154855.csv,2.0389833333333334
2026-10-06 15:49:34.389,8.6774e-11,Torr,10.back_stm_port,10.back_stm_port/MassSpecData-02115-20261006-154855.csv,2.04245
2026-10-06 15:49:34.598,8.086e-11,Torr,10.back_stm_port,10.back_stm_port/MassSpecData-02115-20261006-154855.csv,2.045933333333333
2026-10-06 15:49:34.806,8.5772e-11,Torr,10.back_stm_port,10.back_stm_port/MassSpecData-02115-20261006-154855.csv,2.0494
2026-10-06 15:49:35.014,8.4057e-11,Torr,10.back_stm_port,10.back_stm_port/MassSpecData-02115-20261006-154855.csv,2.0528666666666666
2026-10-06 15:49:35.223,8.2174e-11,Torr,10.back_stm_port,10.back_stm_port/MassSpecData-02115-20261006-154855.csv,2.05635
2026-10-06 15:49:35.431,7.0839e-11,Torr,10.back_stm_port,10.back_stm_port/MassSpecData-02115-20261006-154855.csv,2.059816666666667
2026-10-06 15:49:35.639,9.2582e-11,Torr,10.back_stm_port,10.back_stm_port/MassSpecData-02115-20261006-154855.csv,2.063283333333333
2026-10-06 15:49:35.848,1.0792e-10,Torr,10.back_stm_port,10.back_stm_port/MassSpecData-02115-20261006-154855.csv,2.0667666666666666
2026-10-06 15:49:36.056,1.0248e-10,Torr,10.back_stm_port,10.back_stm_port/MassSpecData-02115-20261006-154855.csv,2.0702333333333334
2026-10-06 15:49:36.264,8.7447e-11,Torr,10.back_stm_port,10.back_stm_port/MassSpecData-02115-20261006-154855.csv,2.0737
2026-10-06 15:49:36.473,9.8649e-11,Torr,10.back_stm_port,10.back_stm_port/MassSpecData-02115-20261006-154855.csv,2.077183333333333
2026-10-06 15:49:36.681,8.6281e-11,Torr,10.back_stm_port,10.back_stm_port/MassSpecData-02115-20261006-154855.csv,2.08065
2026-10-06 15:49:36.889,7.7552e-11,Torr,10.back_stm_port,10.back_stm_port/MassSpecData-02115-20261006-154855.csv,2.0841166666666666
2026-10-06 15:49:37.281,7.7263e-11,Torr,10.back_stm_port,10.back_stm_port/MassSpecData-02115-20261006-154937.csv,2.0906499999999997
2026-10-06 15:49:37.489,9.3218e-11,Torr,10.back_stm_port,10.back_stm_port/MassSpecData-02115-20261006-154937.csv,2.094116666666667
2026-10-06 15:49:37.698,7.7738e-11,Torr,10.back_stm_port,10.back_stm_port/MassSpecData-02115-20261006-154937.csv,2.0976
2026-10-06 15:49:37.906,8.4293e-11,Torr,10.back_stm_port,10.back_stm_port/MassSpecData-02115-20261006-154937.csv,2.1010666666666666
2026-10-06 15:49:38.114,8.991e-11,Torr,10.back_stm_port,10.back_stm_port/MassSpecData-02115-20261006-154937.csv,2.1045333333333334
2026-10-06 15:49:38.323,8.9807e-11,Torr,10.back_stm_port,10.back_stm_port/MassSpecData-02115-20261006-154937.csv,2.1080166666666664
2026-10-06 15:49:38.531,8.8217e-11,Torr,10.back_stm_port,10.back_stm_port/MassSpecData-02115-20261006-154937.csv,2.111483333333333
2026-10-06 15:49:38.739,8.1948e-11,Torr,10.back_stm_port,10.back_stm_port/MassSpecData-02115-20261006-154937.csv,2.11495
2026-10-06 15:49:38.947,6.8684e-11,Torr,10.back_stm_port,10.back_stm_port/MassSpecData-02115-20261006-154937.csv,2.1184166666666666
2026-10-06 15:49:39.156,8.3844e-11,Torr,10.back_stm_port,10.back_stm_port/MassSpecData-02115-20261006-154937.csv,2.1218999999999997
2026-10-06 15:49:39.364,6.0576e-11,Torr,10.back_stm_port,10.back_stm_port/MassSpecData-02115-20261006-154937.csv,2.125366666666667
2026-10-06 15:49:39.573,9.398e-11,Torr,10.back_stm_port,10.back_stm_port/MassSpecData-02115-20261006-154937.csv,2.12885
2026-10-06 15:49:39.781,9.2162e-11,Torr,10.back_stm_port,10.back_stm_port/MassSpecData-02115-20261006-154937.csv,2.1323166666666666
2026-10-06 15:49:39.989,7.8719e-11,Torr,10.back_stm_port,10.back_stm_port/MassSpecData-02115-20261006-154937.csv,2.1357833333333334
2026-10-06 15:49:40.198,8.2281e-11,Torr,10.back_stm_port,10.back_stm_port/MassSpecData-02115-20261006-154937.csv,2.1392666666666664
2026-10-06 15:49:40.406,8.206e-11,Torr,10.back_stm_port,10.back_stm_port/MassSpecData-02115-20261006-154937.csv,2.142733333333333
2026-10-06 15:49:40.614,7.6659e-11,Torr,10.back_stm_port,10.back_stm_port/MassSpecData-02115-20261006-154937.csv,2.1462
2026-10-06 15:49:40.823,8.1381e-11,Torr,10.back_stm_port,10.back_stm_port/MassSpecData-02115-20261006-154937.csv,2.1496833333333334
2026-10-06 15:49:41.031,8.2957e-11,Torr,10.back_stm_port,10.back_stm_port/MassSpecData-02115-20261006-154937.csv,2.1531499999999997
2026-10-06 15:49:41.239,1.0035e-10,Torr,10.back_stm_port,10.back_stm_port/MassSpecData-02115-20261006-154937.csv,2.1566166666666664
2026-10-06 15:49:41.448,8.9648e-11,Torr,10.back_stm_port,10.back_stm_port/MassSpecData-02115-20261006-154937.csv,2.1601
2026-10-06 15:49:41.656,7.745e-11,Torr,10.back_stm_port,10.back_stm_port/MassSpecData-02115-20261006-154937.csv,2.1635666666666666
2026-10-06 15:49:41.864,9.8879e-11,Torr,10.back_stm_port,10.back_stm_port/MassSpecData-02115-20261006-154937.csv,2.1670333333333334
2026-10-06 15:49:42.073,8.5191e-11,Torr,10.back_stm_port,10.back_stm_port/MassSpecData-02115-20261006-154937.csv,2.1705166666666664
2026-10-06 15:49:42.281,7.6189e-11,Torr,10.back_stm_port,10.back_stm_port/MassSpecData-02115-20261006-154937.csv,2.173983333333333
2026-10-06 15:49:42.489,7.5779e-11,Torr,10.back_stm_port,10.back_stm_port/MassSpecData-02115-20261006-154937.csv,2.17745
2026-10-06 15:49:42.697,1.0307e-10,Torr,10.back_stm_port,10.back_stm_port/MassSpecData-02115-20261006-154937.csv,2.1809166666666666
2026-10-06 15:49:42.906,8.3469e-11,Torr,10.back_stm_port,10.back_stm_port/MassSpecData-02115-20261006-154937.csv,2.1843999999999997
2026-10-06 15:49:43.114,7.0202e-11,Torr,10.back_stm_port,10.back_stm_port/MassSpecData-02115-20261006-154937.csv,2.1878666666666664
2026-10-06 15:49:43.322,7.6393e-11,Torr,10.back_stm_port,10.back_stm_port/MassSpecData-02115-20261006-154937.csv,2.191333333333333
2026-10-06 15:49:43.531,7.8872e-11,Torr,10.back_stm_port,10.back_stm_port/MassSpecData-02115-20261006-154937.csv,2.1948166666666666
2026-10-06 15:49:43.739,7.9422e-11,Torr,10.back_stm_port,10.back_stm_port/MassSpecData-02115-20261006-154937.csv,2.1982833333333334
2026-10-06 15:49:43.947,7.387e-11,Torr,10.back_stm_port,10.back_stm_port/MassSpecData-02115-20261006-154937.csv,2.2017499999999997
2026-10-06 15:49:44.156,8.905e-11,Torr,10.back_stm_port,10.back_stm_port/MassSpecData-02115-20261006-154937.csv,2.205233333333333
2026-10-06 15:49:44.364,7.9494e-11,Torr,10.back_stm_port,10.back_stm_port/MassSpecData-02115-20261006-154937.csv,2.2087
2026-10-06 15:49:44.572,8.5163e-11,Torr,10.back_stm_port,10.back_stm_port/MassSpecData-02115-20261006-154937.csv,2.2121666666666666
2026-10-06 15:49:44.781,9.935e-11,Torr,10.back_stm_port,10.back_stm_port/MassSpecData-02115-20261006-154937.csv,2.2156499999999997
2026-10-06 15:49:44.989,8.1033e-11,Torr,10.back_stm_port,10.back_stm_port/MassSpecData-02115-20261006-154937.csv,2.2191166666666664
2026-10-06 15:49:45.197,9.0862e-11,Torr,10.back_stm_port,10.back_stm_port/MassSpecData-02115-20261006-154937.csv,2.222583333333333
2026-10-06 15:49:45.406,8.8705e-11,Torr,10.back_stm_port,10.back_stm_port/MassSpecData-02115-20261006-154937.csv,2.2260666666666666
2026-10-06 15:49:45.614,8.084e-11,Torr,10.back_stm_port,10.back_stm_port/MassSpecData-02115-20261006-154937.csv,2.2295333333333334
2026-10-06 15:49:45.822,7.3288e-11,Torr,10.back_stm_port,10.back_stm_port/MassSpecData-02115-20261006-154937.csv,2.2329999999999997
2026-10-06 15:49:46.031,9.8584e-11,Torr,10.back_stm_port,10.back_stm_port/MassSpecData-02115-20261006-154937.csv,2.236483333333333
2026-10-06 15:49:46.239,8.2846e-11,Torr,10.back_stm_port,10.back_stm_port/MassSpecData-02115-20261006-154937.csv,2.23995
2026-10-06 15:49:46.448,9.1573e-11,Torr,10.back_stm_port,10.back_stm_port/MassSpecData-02115-20261006-154937.csv,2.2434333333333334
2026-10-06 15:49:46.656,8.452e-11,Torr,10.back_stm_port,10.back_stm_port/MassSpecData-02115-20261006-154937.csv,2.2468999999999997
2026-10-06 15:49:46.864,8.0703e-11,Torr,10.back_stm_port,10.back_stm_port/MassSpecData-02115-20261006-154937.csv,2.2503666666666664
2026-10-06 15:49:47.073,8.0321e-11,Torr,10.back_stm_port,10.back_stm_port/MassSpecData-02115-20261006-154937.csv,2.25385
2026-10-06 15:49:47.281,9.2624e-11,Torr,10.back_stm_port,10.back_stm_port/MassSpecData-02115-20261006-154937.csv,2.2573166666666666
2026-10-06 15:49:47.489,7.3058e-11,Torr,10.back_stm_port,10.back_stm_port/MassSpecData-02115-20261006-154937.csv,2.2607833333333334
2026-10-06 15:49:47.698,8.6225e-11,Torr,10.back_stm_port,10.back_stm_port/MassSpecData-02115-20261006-154937.csv,2.2642666666666664
2026-10-06 15:49:47.906,8.8858e-11,Torr,10.back_stm_port,10.back_stm_port/MassSpecData-02115-20261006-154937.csv,2.267733333333333
2026-10-06 15:49:48.114,8.2095e-11,Torr,10.back_stm_port,10.back_stm_port/MassSpecData-02115-20261006-154937.csv,2.2712
2026-10-06 15:49:48.323,7.9398e-11,Torr,10.back_stm_port,10.back_stm_port/MassSpecData-02115-20261006-154937.csv,2.2746833333333334
2026-10-06 15:49:48.531,9.1126e-11,Torr,10.back_stm_port,10.back_stm_port/MassSpecData-02115-20261006-154937.csv,2.2781499999999997
2026-10-06 15:49:48.739,1.1384e-10,Torr,10.back_stm_port,10.back_stm_port/MassSpecData-02115-20261006-154937.csv,2.2816166666666664
2026-10-06 15:49:48.948,8.4637e-11,Torr,10.back_stm_port,10.back_stm_port/MassSpecData-02115-20261006-154937.csv,2.2851
2026-10-06 15:49:49.156,8.2294e-11,Torr,10.back_stm_port,10.back_stm_port/MassSpecData-02115-20261006-154937.csv,2.2885666666666666
2026-10-06 15:49:49.364,8.2095e-11,Torr,10.back_stm_port,10.back_stm_port/MassSpecData-02115-20261006-154937.csv,2.2920333333333334
2026-10-06 15:49:49.573,8.0754e-11,Torr,10.back_stm_port,10.back_stm_port/MassSpecData-02115-20261006-154937.csv,2.2955166666666664
2026-10-06 15:49:49.781,8.7348e-11,Torr,10.back_stm_port,10.back_stm_port/MassSpecData-02115-20261006-154937.csv,2.298983333333333
2026-10-06 15:49:49.989,8.621e-11,Torr,10.back_stm_port,10.back_stm_port/MassSpecData-02115-20261006-154937.csv,2.30245
2026-10-06 15:49:50.198,8.2487e-11,Torr,10.back_stm_port,10.back_stm_port/MassSpecData-02115-20261006-154937.csv,2.3059333333333334
2026-10-06 15:49:50.406,7.5524e-11,Torr,10.back_stm_port,10.back_stm_port/MassSpecData-02115-20261006-154937.csv,2.3093999999999997
2026-10-06 15:49:50.614,9.229e-11,Torr,10.back_stm_port,10.back_stm_port/MassSpecData-02115-20261006-154937.csv,2.3128666666666664
2026-10-06 15:49:50.823,8.1563e-11,Torr,10.back_stm_port,10.back_stm_port/MassSpecData-02115-20261006-154937.csv,2.31635
2026-10-06 15:49:51.031,7.7448e-11,Torr,10.back_stm_port,10.back_stm_port/MassSpecData-02115-20261006-154937.csv,2.3198166666666666
2026-10-06 15:49:51.239,9.6229e-11,Torr,10.back_stm_port,10.back_stm_port/MassSpecData-02115-20261006-154937.csv,2.3232833333333334
2026-10-06 15:49:51.448,7.9215e-11,Torr,10.back_stm_port,10.back_stm_port/MassSpecData-02115-20261006-154937.csv,2.3267666666666664
2026-10-06 15:49:51.656,7.9326e-11,Torr,10.back_stm_port,10.back_stm_port/MassSpecData-02115-20261006-154937.csv,2.330233333333333
2026-10-06 15:49:51.864,7.864e-11,Torr,10.back_stm_port,10.back_stm_port/MassSpecData-02115-20261006-154937.csv,2.3337
2026-10-06 15:49:52.073,8.232e-11,Torr,10.back_stm_port,10.back_stm_port/MassSpecData-02115-20261006-154937.csv,2.3371833333333334
2026-10-06 15:49:52.281,7.9293e-11,Torr,10.back_stm_port,10.back_stm_port/MassSpecData-02115-20261006-154937.csv,2.3406499999999997
2026-10-06 15:49:52.489,8.7025e-11,Torr,10.back_stm_port,10.back_stm_port/MassSpecData-02115-20261006-154937.csv,2.3441166666666664
2026-10-06 15:49:52.698,8.68e-11,Torr,10.back_stm_port,10.back_stm_port/MassSpecData-02115-20261006-154937.csv,2.3476
2026-10-06 15:49:52.906,8.5511e-11,Torr,10.back_stm_port,10.back_stm_port/MassSpecData-02115-20261006-154937.csv,2.3510666666666666
2026-10-06 15:49:53.114,9.8399e-11,Torr,10.back_stm_port,10.back_stm_port/MassSpecData-02115-20261006-154937.csv,2.3545333333333334
2026-10-06 15:49:53.323,9.8734e-11,Torr,10.back_stm_port,10.back_stm_port/MassSpecData-02115-20261006-154937.csv,2.3580166666666664
2026-10-06 15:49:53.531,8.3099e-11,Torr,10.back_stm_port,10.back_stm_port/MassSpecData-02115-20261006-154937.csv,2.361483333333333
2026-10-06 15:49:53.739,7.4895e-11,Torr,10.back_stm_port,10.back_stm_port/MassSpecData-02115-20261006-154937.csv,2.36495
2026-10-06 15:49:53.948,9.3446e-11,Torr,10.back_stm_port,10.back_stm_port/MassSpecData-02115-20261006-154937.csv,2.3684333333333334
2026-10-06 15:49:54.156,9.2553e-11,Torr,10.back_stm_port,10.back_stm_port/MassSpecData-02115-20261006-154937.csv,2.3718999999999997
2026-10-06 15:49:54.364,8.4337e-11,Torr,10.back_stm_port,10.back_stm_port/MassSpecData-02115-20261006-154937.csv,2.3753666666666664
2026-10-06 15:49:54.573,8.3789e-11,Torr,10.back_stm_port,10.back_stm_port/MassSpecData-02115-20261006-154937.csv,2.37885
2026-10-06 15:49:54.781,9.3494e-11,Torr,10.back_stm_port,10.back_stm_port/MassSpecData-02115-20261006-154937.csv,2.3823166666666666
2026-10-06 15:49:54.989,9.6557e-11,Torr,10.back_stm_port,10.back_stm_port/MassSpecData-02115-20261006-154937.csv,2.3857833333333334
2026-10-06 15:49:55.198,7.6423e-11,Torr,10.back_stm_port,10.back_stm_port/MassSpecData-02115-20261006-154937.csv,2.3892666666666664
2026-10-06 15:49:55.406,8.5814e-11,Torr,10.back_stm_port,10.back_stm_port/MassSpecData-02115-20261006-154937.csv,2.392733333333333
2026-10-06 15:49:55.614,9.0551e-11,Torr,10.back_stm_port,10.back_stm_port/MassSpecData-02115-20261006-154937.csv,2.3962
2026-10-06 15:49:55.823,7.2161e-11,Torr,10.back_stm_port,10.back_stm_port/MassSpecData-02115-20261006-154937.csv,2.3996833333333334
2026-10-06 15:49:56.031,6.7328e-11,Torr,10.back_stm_port,10.back_stm_port/MassSpecData-02115-20261006-154937.csv,2.4031499999999997
2026-10-06 15:49:56.239,7.8929e-11,Torr,10.back_stm_port,10.back_stm_port/MassSpecData-02115-20261006-154937.csv,2.4066166666666664
2026-10-06 15:49:56.448,8.0742e-11,Torr,10.back_stm_port,10.back_stm_port/MassSpecData-02115-20261006-154937.csv,2.4101
2026-10-06 15:49:56.656,8.8471e-11,Torr,10.back_stm_port,10.back_stm_port/MassSpecData-02115-20261006-154937.csv,2.4135666666666666
2026-10-06 15:49:56.864,7.352e-11,Torr,10.back_stm_port,10.back_stm_port/MassSpecData-02115-20261006-154937.csv,2.4170333333333334
2026-10-06 15:49:57.072,8.7452e-11,Torr,10.back_stm_port,10.back_stm_port/MassSpecData-02115-20261006-154937.csv,2.4204999999999997
2026-10-06 15:49:57.281,8.0031e-11,Torr,10.back_stm_port,10.back_stm_port/MassSpecData-02115-20261006-154937.csv,2.423983333333333
2026-10-06 15:49:57.489,7.0344e-11,Torr,10.back_stm_port,10.back_stm_port/MassSpecData-02115-20261006-154937.csv,2.42745
2026-10-06 15:49:57.697,9.1383e-11,Torr,10.back_stm_port,10.back_stm_port/MassSpecData-02115-20261006-154937.csv,2.4309166666666666
2026-10-06 15:49:57.906,8.5845e-11,Torr,10.back_stm_port,10.back_stm_port/MassSpecData-02115-20261006-154937.csv,2.4343999999999997
2026-10-06 15:49:58.114,9.7327e-11,Torr,10.back_stm_port,10.back_stm_port/MassSpecData-02115-20261006-154937.csv,2.4378666666666664
2026-10-06 15:49:58.322,8.7479e-11,Torr,10.back_stm_port,10.back_stm_port/MassSpecData-02115-20261006-154937.csv,2.441333333333333
2026-10-06 15:49:58.531,7.3407e-11,Torr,10.back_stm_port,10.back_stm_port/MassSpecData-02115-20261006-154937.csv,2.4448166666666666
2026-10-06 15:49:58.739,7.1906e-11,Torr,10.back_stm_port,10.back_stm_port/MassSpecData-02115-20261006-154937.csv,2.4482833333333334
2026-10-06 15:49:58.947,8.3079e-11,Torr,10.back_stm_port,10.back_stm_port/MassSpecData-02115-20261006-154937.csv,2.4517499999999997
2026-10-06 15:49:59.156,8.3481e-11,Torr,10.back_stm_port,10.back_stm_port/MassSpecData-02115-20261006-154937.csv,2.455233333333333
2026-10-06 15:49:59.364,8.7316e-11,Torr,10.back_stm_port,10.back_stm_port/MassSpecData-02115-20261006-154937.csv,2.4587
2026-10-06 15:49:59.572,7.742e-11,Torr,10.back_stm_port,10.back_stm_port/MassSpecData-02115-20261006-154937.csv,2.4621666666666666
2026-10-06 15:49:59.781,8.9307e-11,Torr,10.back_stm_port,10.back_stm_port/MassSpecData-02115-20261006-154937.csv,2.4656499999999997
2026-10-06 15:49:59.989,8.1593e-11,Torr,10.back_stm_port,10.back_stm_port/MassSpecData-02115-20261006-154937.csv,2.4691166666666664
2026-10-06 15:50:00.197,8.9995e-11,Torr,10.back_stm_port,10.back_stm_port/MassSpecData-02115-20261006-154937.csv,2.472583333333333
2026-10-06 15:50:00.406,9.3631e-11,Torr,10.back_stm_port,10.back_stm_port/MassSpecData-02115-20261006-154937.csv,2.4760666666666666
2026-10-06 15:50:00.614,7.9536e-11,Torr,10.back_stm_port,10.back_stm_port/MassSpecData-02115-20261006-154937.csv,2.4795333333333334
2026-10-06 15:50:00.822,1.0529e-10,Torr,10.back_stm_port,10.back_stm_port/MassSpecData-02115-20261006-154937.csv,2.4829999999999997
2026-10-06 15:50:01.031,7.9557e-11,Torr,10.back_stm_port,10.back_stm_port/MassSpecData-02115-20261006-154937.csv,2.486483333333333
2026-10-06 15:50:01.239,1.022e-10,Torr,10.back_stm_port,10.back_stm_port/MassSpecData-02115-20261006-154937.csv,2.48995
2026-10-06 15:50:01.447,9.1798e-11,Torr,10.back_stm_port,10.back_stm_port/MassSpecData-02115-20261006-154937.csv,2.4934166666666666
2026-10-06 15:50:01.656,1.081e-10,Torr,10.back_stm_port,10.back_stm_port/MassSpecData-02115-20261006-154937.csv,2.4968999999999997
2026-10-06 15:50:01.864,7.878e-11,Torr,10.back_stm_port,10.back_stm_port/MassSpecData-02115-20261006-154937.csv,2.5003666666666664
2026-10-06 15:50:02.072,8.3295e-11,Torr,10.back_stm_port,10.back_stm_port/MassSpecData-02115-20261006-154937.csv,2.503833333333333
2026-10-06 15:50:02.281,8.9507e-11,Torr,10.back_stm_port,10.back_stm_port/MassSpecData-02115-20261006-154937.csv,2.5073166666666666
2026-10-06 15:50:02.489,7.5592e-11,Torr,10.back_stm_port,10.back_stm_port/MassSpecData-02115-20261006-154937.csv,2.5107833333333334
2026-10-06 15:50:02.697,8.8404e-11,Torr,10.back_stm_port,10.back_stm_port/MassSpecData-02115-20261006-154937.csv,2.5142499999999997
2026-10-06 15:50:02.906,8.9679e-11,Torr,10.back_stm_port,10.back_stm_port/MassSpecData-02115-20261006-154937.csv,2.517733333333333
2026-10-06 15:50:03.114,8.334e-11,Torr,10.back_stm_port,10.back_stm_port/MassSpecData-02115-20261006-154937.csv,2.5212
2026-10-06 15:50:03.322,7.9304e-11,Torr,10.back_stm_port,10.back_stm_port/MassSpecData-02115-20261006-154937.csv,2.5246666666666666
2026-10-06 15:50:03.531,7.1392e-11,Torr,10.back_stm_port,10.back_stm_port/MassSpecData-02115-20261006-154937.csv,2.5281499999999997
2026-10-06 15:50:03.739,1.002e-10,Torr,10.back_stm_port,10.back_stm_port/MassSpecData-02115-20261006-154937.csv,2.5316166666666664
2026-10-06 15:50:03.947,9.3496e-11,Torr,10.back_stm_port,10.back_stm_port/MassSpecData-02115-20261006-154937.csv,2.535083333333333
2026-10-06 15:50:04.156,9.0295e-11,Torr,10.back_stm_port,10.back_stm_port/MassSpecData-02115-20261006-154937.csv,2.5385666666666666
2026-10-06 15:50:04.364,8.6613e-11,Torr,10.back_stm_port,10.back_stm_port/MassSpecData-02115-20261006-154937.csv,2.5420333333333334
2026-10-06 15:50:04.572,8.5511e-11,Torr,10.back_stm_port,10.back_stm_port/MassSpecData-02115-20261006-154937.csv,2.5454999999999997
2026-10-06 15:50:04.781,9.1264e-11,Torr,10.back_stm_port,10.back_stm_port/MassSpecData-02115-20261006-154937.csv,2.548983333333333
2026-10-06 15:50:04.989,8.6586e-11,Torr,10.back_stm_port,10.back_stm_port/MassSpecData-02115-20261006-154937.csv,2.55245
2026-10-06 15:50:05.197,1.0117e-10,Torr,10.back_stm_port,10.back_stm_port/MassSpecData-02115-20261006-154937.csv,2.5559166666666666
2026-10-06 15:50:05.406,7.8154e-11,Torr,10.back_stm_port,10.back_stm_port/MassSpecData-02115-20261006-154937.csv,2.5593999999999997
2026-10-06 15:50:05.614,7.7354e-11,Torr,10.back_stm_port,10.back_stm_port/MassSpecData-02115-20261006-154937.csv,2.5628666666666664
2026-10-06 15:50:05.822,8.1429e-11,Torr,10.back_stm_port,10.back_stm_port/MassSpecData-02115-20261006-154937.csv,2.566333333333333
2026-10-06 15:50:06.031,8.7325e-11,Torr,10.back_stm_port,10.back_stm_port/MassSpecData-02115-20261006-154937.csv,2.5698166666666666
2026-10-06 15:50:06.239,8.3727e-11,Torr,10.back_stm_port,10.back_stm_port/MassSpecData-02115-20261006-154937.csv,2.5732833333333334
2026-10-06 15:50:06.447,9.2695e-11,Torr,10.back_stm_port,10.back_stm_port/MassSpecData-02115-20261006-154937.csv,2.5767499999999997
2026-10-06 15:50:06.656,8.758e-11,Torr,10.back_stm_port,10.back_stm_port/MassSpecData-02115-20261006-154937.csv,2.580233333333333
2026-10-06 15:50:06.864,7.1884e-11,Torr,10.back_stm_port,10.back_stm_port/MassSpecData-02115-20261006-154937.csv,2.5837
2026-10-06 15:50:07.072,7.835e-11,Torr,10.back_stm_port,10.back_stm_port/MassSpecData-02115-20261006-154937.csv,2.5871666666666666
2026-10-06 15:50:07.281,8.2476e-11,Torr,10.back_stm_port,10.back_stm_port/MassSpecData-02115-20261006-154937.csv,2.5906499999999997
2026-10-06 15:50:07.489,7.1729e-11,Torr,10.back_stm_port,10.back_stm_port/MassSpecData-02115-20261006-154937.csv,2.5941166666666664
2026-10-06 15:50:07.697,8.9139e-11,Torr,10.back_stm_port,10.back_stm_port/MassSpecData-02115-20261006-154937.csv,2.597583333333333
2026-10-06 15:50:07.906,7.9135e-11,Torr,10.back_stm_port,10.back_stm_port/MassSpecData-02115-20261006-154937.csv,2.6010666666666666
2026-10-06 15:50:08.114,8.4066e-11,Torr,10.back_stm_port,10.back_stm_port/MassSpecData-02115-20261006-154937.csv,2.6045333333333334
2026-10-06 15:50:08.322,8.4102e-11,Torr,10.back_stm_port,10.back_stm_port/MassSpecData-02115-20261006-154937.csv,2.6079999999999997
2026-10-06 15:50:08.531,7.6677e-11,Torr,10.back_stm_port,10.back_stm_port/MassSpecData-02115-20261006-154937.csv,2.611483333333333
2026-10-06 15:50:08.739,8.742e-11,Torr,10.back_stm_port,10.back_stm_port/MassSpecData-02115-20261006-154937.csv,2.61495
2026-10-06 15:50:08.947,8.4465e-11,Torr,10.back_stm_port,10.back_stm_port/MassSpecData-02115-20261006-154937.csv,2.6184166666666666
2026-10-06 15:50:09.156,8.3494e-11,Torr,10.back_stm_port,10.back_stm_port/MassSpecData-02115-20261006-154937.csv,2.6218999999999997
2026-10-06 15:50:09.364,8.1882e-11,Torr,10.back_stm_port,10.back_stm_port/MassSpecData-02115-20261006-154937.csv,2.6253666666666664
2026-10-06 15:50:09.572,9.1835e-11,Torr,10.back_stm_port,10.back_stm_port/MassSpecData-02115-20261006-154937.csv,2.628833333333333
2026-10-06 15:50:09.781,8.1054e-11,Torr,10.back_stm_port,10.back_stm_port/MassSpecData-02115-20261006-154937.csv,2.6323166666666666
2026-10-06 15:50:09.989,9.1203e-11,Torr,10.back_stm_port,10.back_stm_port/MassSpecData-02115-20261006-154937.csv,2.6357833333333334
2026-10-06 15:50:10.197,9.1429e-11,Torr,10.back_stm_port,10.back_stm_port/MassSpecData-02115-20261006-154937.csv,2.6392499999999997
2026-10-06 15:50:10.406,8.9717e-11,Torr,10.back_stm_port,10.back_stm_port/MassSpecData-02115-20261006-154937.csv,2.642733333333333
2026-10-06 15:50:10.614,8.786e-11,Torr,10.back_stm_port,10.back_stm_port/MassSpecData-02115-20261006-154937.csv,2.6462
2026-10-06 15:50:10.822,7.7646e-11,Torr,10.back_stm_port,10.back_stm_port/MassSpecData-02115-20261006-154937.csv,2.6496666666666666
2026-10-06 15:50:11.031,9.0658e-11,Torr,10.back_stm_port,10.back_stm_port/MassSpecData-02115-20261006-154937.csv,2.6531499999999997
2026-10-06 15:50:11.239,8.5635e-11,Torr,10.back_stm_port,10.back_stm_port/MassSpecData-02115-20261006-154937.csv,2.6566166666666664
2026-10-06 15:50:11.447,9.2785e-11,Torr,10.back_stm_port,10.back_stm_port/MassSpecData-02115-20261006-154937.csv,2.660083333333333
2026-10-06 15:50:11.656,8.171e-11,Torr,10.back_stm_port,10.back_stm_port/MassSpecData-02115-20261006-154937.csv,2.6635666666666666
2026-10-06 15:50:11.864,7.0261e-11,Torr,10.back_stm_port,10.back_stm_port/MassSpecData-02115-20261006-154937.csv,2.6670333333333334
2026-10-06 15:50:12.072,9.83e-11,Torr,10.back_stm_port,10.back_stm_port/MassSpecData-02115-20261006-154937.csv,2.6704999999999997
2026-10-06 15:50:12.281,7.7273e-11,Torr,10.back_stm_port,10.back_stm_port/MassSpecData-02115-20261006-154937.csv,2.673983333333333
2026-10-06 15:50:12.489,7.5395e-11,Torr,10.back_stm_port,10.back_stm_port/MassSpecData-02115-20261006-154937.csv,2.67745
2026-10-06 15:50:12.697,8.1437e-11,Torr,10.back_stm_port,10.back_stm_port/MassSpecData-02115-20261006-154937.csv,2.6809166666666666
2026-10-06 15:50:12.906,7.4247e-11,Torr,10.back_stm_port,10.back_stm_port/MassSpecData-02115-20261006-154937.csv,2.6843999999999997
2026-10-06 15:50:13.114,9.5696e-11,Torr,10.back_stm_port,10.back_stm_port/MassSpecData-02115-20261006-154937.csv,2.6878666666666664
2026-10-06 15:50:13.322,7.6052e-11,Torr,10.back_stm_port,10.back_stm_port/MassSpecData-02115-20261006-154937.csv,2.691333333333333
2026-10-06 15:50:13.531,8.2242e-11,Torr,10.back_stm_port,10.back_stm_port/MassSpecData-02115-20261006-154937.csv,2.6948166666666666
2026-10-06 15:50:13.739,8.892e-11,Torr,10.back_stm_port,10.back_stm_port/MassSpecData-02115-20261006-154937.csv,2.6982833333333334
2026-10-06 15:50:13.947,8.1308e-11,Torr,10.back_stm_port,10.back_stm_port/MassSpecData-02115-20261006-154937.csv,2.7017499999999997
2026-10-06 15:50:14.156,9.182e-11,Torr,10.back_stm_port,10.back_stm_port/MassSpecData-02115-20261006-154937.csv,2.705233333333333
2026-10-06 15:50:14.364,7.5534e-11,Torr,10.back_stm_port,10.back_stm_port/MassSpecData-02115-20261006-154937.csv,2.7087
2026-10-06 15:50:14.572,8.0986e-11,Torr,10.back_stm_port,10.back_stm_port/MassSpecData-02115-20261006-154937.csv,2.7121666666666666
2026-10-06 15:50:14.781,7.8177e-11,Torr,10.back_stm_port,10.back_stm_port/MassSpecData-02115-20261006-154937.csv,2.7156499999999997
2026-10-06 15:50:14.989,7.8223e-11,Torr,10.back_stm_port,10.back_stm_port/MassSpecData-02115-20261006-154937.csv,2.7191166666666664
2026-10-06 15:50:15.198,8.2059e-11,Torr,10.back_stm_port,10.back_stm_port/MassSpecData-02115-20261006-154937.csv,2.7226
2026-10-06 15:50:15.406,9.1757e-11,Torr,10.back_stm_port,10.back_stm_port/MassSpecData-02115-20261006-154937.csv,2.7260666666666666
2026-10-06 15:50:15.614,8.5469e-11,Torr,10.back_stm_port,10.back_stm_port/MassSpecData-02115-20261006-154937.csv,2.7295333333333334
2026-10-06 15:50:15.823,9.8095e-11,Torr,10.back_stm_port,10.back_stm_port/MassSpecData-02115-20261006-154937.csv,2.7330166666666664
2026-10-06 15:50:16.031,7.8485e-11,Torr,10.back_stm_port,10.back_stm_port/MassSpecData-02115-20261006-154937.csv,2.736483333333333
2026-10-06 15:50:16.239,6.887e-11,Torr,10.back_stm_port,10.back_stm_port/MassSpecData-02115-20261006-154937.csv,2.73995
2026-10-06 15:50:16.448,8.0338e-11,Torr,10.back_stm_port,10.back_stm_port/MassSpecData-02115-20261006-154937.csv,2.7434333333333334
2026-10-06 15:50:16.656,9.2695e-11,Torr,10.back_stm_port,10.back_stm_port/MassSpecData-02115-20261006-154937.csv,2.7468999999999997
2026-10-06 15:50:16.864,9.0426e-11,Torr,10.back_stm_port,10.back_stm_port/MassSpecData-02115-20261006-154937.csv,2.7503666666666664
2026-10-06 15:50:17.073,8.0403e-11,Torr,10.back_stm_port,10.back_stm_port/MassSpecData-02115-20261006-154937.csv,2.75385
2026-10-06 15:50:17.281,1.0308e-10,Torr,10.back_stm_port,10.back_stm_port/MassSpecData-02115-20261006-154937.csv,2.7573166666666666
2026-10-06 15:50:17.489,7.4909e-11,Torr,10.back_stm_port,10.back_stm_port/MassSpecData-02115-20261006-154937.csv,2.7607833333333334
2026-10-06 15:50:17.698,9.8878e-11,Torr,10.back_stm_port,10.back_stm_port/MassSpecData-02115-20261006-154937.csv,2.7642666666666664
2026-10-06 15:50:17.906,8.1115e-11,Torr,10.back_stm_port,10.back_stm_port/MassSpecData-02115-20261006-154937.csv,2.767733333333333
2026-10-06 15:50:18.114,7.9992e-11,Torr,10.back_stm_port,10.back_stm_port/MassSpecData-02115-20261006-154937.csv,2.7712
2026-10-06 15:50:18.323,8.7966e-11,Torr,10.back_stm_port,10.back_stm_port/MassSpecData-02115-20261006-154937.csv,2.7746833333333334
2026-10-06 15:50:18.531,7.5167e-11,Torr,10.back_stm_port,10.back_stm_port/MassSpecData-02115-20261006-154937.csv,2.7781499999999997
2026-10-06 15:50:18.739,8.0777e-11,Torr,10.back_stm_port,10.back_stm_port/MassSpecData-02115-20261006-154937.csv,2.7816166666666664
2026-10-06 15:50:19.133,8.5903e-11,Torr,10.back_stm_port,10.back_stm_port/MassSpecData-02115-20261006-155019.csv,2.7881833333333335
2026-10-06 15:50:19.341,7.1381e-11,Torr,10.back_stm_port,10.back_stm_port/MassSpecData-02115-20261006-155019.csv,2.7916499999999997
2026-10-06 15:50:19.550,9.1578e-11,Torr,10.back_stm_port,10.back_stm_port/MassSpecData-02115-20261006-155019.csv,2.7951333333333332
2026-10-06 15:50:19.758,1.0044e-10,Torr,10.back_stm_port,10.back_stm_port/MassSpecData-02115-20261006-155019.csv,2.7986
2026-10-06 15:50:19.966,9.1299e-11,Torr,10.back_stm_port,10.back_stm_port/MassSpecData-02115-20261006-155019.csv,2.8020666666666667
2026-10-06 15:50:20.175,9.1452e-11,Torr,10.back_stm_port,10.back_stm_port/MassSpecData-02115-20261006-155019.csv,2.8055499999999998
2026-10-06 15:50:20.383,8.832e-11,Torr,10.back_stm_port,10.back_stm_port/MassSpecData-02115-20261006-155019.csv,2.8090166666666665
2026-10-06 15:50:20.591,8.292e-11,Torr,10.back_stm_port,10.back_stm_port/MassSpecData-02115-20261006-155019.csv,2.8124833333333332
2026-10-06 15:50:20.799,8.5001e-11,Torr,10.back_stm_port,10.back_stm_port/MassSpecData-02115-20261006-155019.csv,2.81595
2026-10-06 15:50:21.008,8.7988e-11,Torr,10.back_stm_port,10.back_stm_port/MassSpecData-02115-20261006-155019.csv,2.8194333333333335
2026-10-06 15:50:21.216,7.7072e-11,Torr,10.back_stm_port,10.back_stm_port/MassSpecData-02115-20261006-155019.csv,2.8228999999999997
2026-10-06 15:50:21.425,8.5934e-11,Torr,10.back_stm_port,10.back_stm_port/MassSpecData-02115-20261006-155019.csv,2.8263833333333332
2026-10-06 15:50:21.633,8.4501e-11,Torr,10.back_stm_port,10.back_stm_port/MassSpecData-02115-20261006-155019.csv,2.82985
2026-10-06 15:50:21.841,8.5176e-11,Torr,10.back_stm_port,10.back_stm_port/MassSpecData-02115-20261006-155019.csv,2.8333166666666667
2026-10-06 15:50:22.050,7.9293e-11,Torr,10.back_stm_port,10.back_stm_port/MassSpecData-02115-20261006-155019.csv,2.8367999999999998
2026-10-06 15:50:22.258,6.8272e-11,Torr,10.back_stm_port,10.back_stm_port/MassSpecData-02115-20261006-155019.csv,2.8402666666666665
2026-10-06 15:50:22.466,9.0391e-11,Torr,10.back_stm_port,10.back_stm_port/MassSpecData-02115-20261006-155019.csv,2.8437333333333332
2026-10-06 15:50:22.675,8.3964e-11,Torr,10.back_stm_port,10.back_stm_port/MassSpecData-02115-20261006-155019.csv,2.8472166666666667
2026-10-06 15:50:22.883,9.0942e-11,Torr,10.back_stm_port,10.back_stm_port/MassSpecData-02115-20261006-155019.csv,2.8506833333333335
2026-10-06 15:50:23.091,7.6392e-11,Torr,10.back_stm_port,10.back_stm_port/MassSpecData-02115-20261006-155019.csv,2.8541499999999997
2026-10-06 15:50:23.300,8.5209e-11,Torr,10.back_stm_port,10.back_stm_port/MassSpecData-02115-20261006-155019.csv,2.8576333333333332
2026-10-06 15:50:23.508,7.2392e-11,Torr,10.back_stm_port,10.back_stm_port/MassSpecData-02115-20261006-155019.csv,2.8611
2026-10-06 15:50:23.716,7.4992e-11,Torr,10.back_stm_port,10.back_stm_port/MassSpecData-02115-20261006-155019.csv,2.8645666666666667
2026-10-06 15:50:23.925,9.0371e-11,Torr,10.back_stm_port,10.back_stm_port/MassSpecData-02115-20261006-155019.csv,2.8680499999999998
2026-10-06 15:50:24.133,9.0102e-11,Torr,10.back_stm_port,10.back_stm_port/MassSpecData-02115-20261006-155019.csv,2.8715166666666665
2026-10-06 15:50:24.341,8.3982e-11,Torr,10.back_stm_port,10.back_stm_port/MassSpecData-02115-20261006-155019.csv,2.8749833333333332
2026-10-06 15:50:24.549,8.1728e-11,Torr,10.back_stm_port,10.back_stm_port/MassSpecData-02115-20261006-155019.csv,2.87845
2026-10-06 15:50:24.758,7.9672e-11,Torr,10.back_stm_port,10.back_stm_port/MassSpecData-02115-20261006-155019.csv,2.8819333333333335
2026-10-06 15:50:24.966,8.6865e-11,Torr,10.back_stm_port,10.back_stm_port/MassSpecData-02115-20261006-155019.csv,2.8853999999999997
2026-10-06 15:50:25.174,8.7837e-11,Torr,10.back_stm_port,10.back_stm_port/MassSpecData-02115-20261006-155019.csv,2.8888666666666665
2026-10-06 15:50:25.383,8.064e-11,Torr,10.back_stm_port,10.back_stm_port/MassSpecData-02115-20261006-155019.csv,2.89235
2026-10-06 15:50:25.591,8.7484e-11,Torr,10.back_stm_port,10.back_stm_port/MassSpecData-02115-20261006-155019.csv,2.8958166666666667
2026-10-06 15:50:25.799,8.5183e-11,Torr,10.back_stm_port,10.back_stm_port/MassSpecData-02115-20261006-155019.csv,2.8992833333333334
2026-10-06 15:50:26.008,7.1984e-11,Torr,10.back_stm_port,10.back_stm_port/MassSpecData-02115-20261006-155019.csv,2.9027666666666665
2026-10-06 15:50:26.216,8.7528e-11,Torr,10.back_stm_port,10.back_stm_port/MassSpecData-02115-20261006-155019.csv,2.9062333333333332
2026-10-06 15:50:26.424,9.5278e-11,Torr,10.back_stm_port,10.back_stm_port/MassSpecData-02115-20261006-155019.csv,2.9097
2026-10-06 15:50:26.633,7.6813e-11,Torr,10.back_stm_port,10.back_stm_port/MassSpecData-02115-20261006-155019.csv,2.9131833333333335
2026-10-06 15:50:26.841,7.8604e-11,Torr,10.back_stm_port,10.back_stm_port/MassSpecData-02115-20261006-155019.csv,2.9166499999999997
2026-10-06 15:50:27.049,6.25e-11,Torr,10.back_stm_port,10.back_stm_port/MassSpecData-02115-20261006-155019.csv,2.9201166666666665
2026-10-06 15:50:27.258,7.5807e-11,Torr,10.back_stm_port,10.back_stm_port/MassSpecData-02115-20261006-155019.csv,2.9236
2026-10-06 15:50:27.466,9.6155e-11,Torr,10.back_stm_port,10.back_stm_port/MassSpecData-02115-20261006-155019.csv,2.9270666666666667
2026-10-06 15:50:27.674,8.8735e-11,Torr,10.back_stm_port,10.back_stm_port/MassSpecData-02115-20261006-155019.csv,2.9305333333333334
2026-10-06 15:50:27.883,8.5643e-11,Torr,10.back_stm_port,10.back_stm_port/MassSpecData-02115-20261006-155019.csv,2.9340166666666665
2026-10-06 15:50:28.091,7.4773e-11,Torr,10.back_stm_port,10.back_stm_port/MassSpecData-02115-20261006-155019.csv,2.9374833333333332
2026-10-06 15:50:28.300,8.9026e-11,Torr,10.back_stm_port,10.back_stm_port/MassSpecData-02115-20261006-155019.csv,2.9409666666666667
2026-10-06 15:50:28.508,9.6961e-11,Torr,10.back_stm_port,10.back_stm_port/MassSpecData-02115-20261006-155019.csv,2.9444333333333335
2026-10-06 15:50:28.716,8.6057e-11,Torr,10.back_stm_port,10.back_stm_port/MassSpecData-02115-20261006-155019.csv,2.9478999999999997
2026-10-06 15:50:28.925,7.7816e-11,Torr,10.back_stm_port,10.back_stm_port/MassSpecData-02115-20261006-155019.csv,2.9513833333333332
2026-10-06 15:50:29.133,8.3778e-11,Torr,10.back_stm_port,10.back_stm_port/MassSpecData-02115-20261006-155019.csv,2.95485
2026-10-06 15:50:29.341,7.1648e-11,Torr,10.back_stm_port,10.back_stm_port/MassSpecData-02115-20261006-155019.csv,2.9583166666666667
2026-10-06 15:50:29.550,9.0926e-11,Torr,10.back_stm_port,10.back_stm_port/MassSpecData-02115-20261006-155019.csv,2.9617999999999998
2026-10-06 15:50:29.758,9.404e-11,Torr,10.back_stm_port,10.back_stm_port/MassSpecData-02115-20261006-155019.csv,2.9652666666666665
2026-10-06 15:50:29.966,8.9122e-11,Torr,10.back_stm_port,10.back_stm_port/MassSpecData-02115-20261006-155019.csv,2.9687333333333332
2026-10-06 15:50:30.175,9.2842e-11,Torr,10.back_stm_port,10.back_stm_port/MassSpecData-02115-20261006-155019.csv,2.9722166666666667
2026-10-06 15:50:30.383,6.3814e-11,Torr,10.back_stm_port,10.back_stm_port/MassSpecData-02115-20261006-155019.csv,2.9756833333333335
2026-10-06 15:50:30.591,9.4949e-11,Torr,10.back_stm_port,10.back_stm_port/MassSpecData-02115-20261006-155019.csv,2.9791499999999997
2026-10-06 15:50:30.800,7.3097e-11,Torr,10.back_stm_port,10.back_stm_port/MassSpecData-02115-20261006-155019.csv,2.9826333333333332
2026-10-06 15:50:31.008,8.4323e-11,Torr,10.back_stm_port,10.back_stm_port/MassSpecData-02115-20261006-155019.csv,2.9861
2026-10-06 15:50:31.216,7.869e-11,Torr,10.back_stm_port,10.back_stm_port/MassSpecData-02115-20261006-155019.csv,2.9895666666666667
2026-10-06 15:50:31.425,9.2024e-11,Torr,10.back_stm_port,10.back_stm_port/MassSpecData-02115-20261006-155019.csv,2.9930499999999998
2026-10-06 15:50:31.633,8.882e-11,Torr,10.back_stm_port,10.back_stm_port/MassSpecData-02115-20261006-155019.csv,2.9965166666666665
2026-10-06 15:50:31.841,9.0011e-11,Torr,10.back_stm_port,10.back_stm_port/MassSpecData-02115-20261006-155019.csv,2.9999833333333332
2026-10-06 15:50:32.050,1.023e-10,Torr,10.back_stm_port,10.back_stm_port/MassSpecData-02115-20261006-155019.csv,3.0034666666666667
2026-10-06 15:50:32.258,7.3498e-11,Torr,10.back_stm_port,10.back_stm_port/MassSpecData-02115-20261006-155019.csv,3.0069333333333335
2026-10-06 15:50:32.466,7.5987e-11,Torr,10.back_stm_port,10.back_stm_port/MassSpecData-02115-20261006-155019.csv,3.0103999999999997
2026-10-06 15:50:32.675,8.314e-11,Torr,10.back_stm_port,10.back_stm_port/MassSpecData-02115-20261006-155019.csv,3.0138833333333332
2026-10-06 15:50:32.883,8.4281e-11,Torr,10.back_stm_port,10.back_stm_port/MassSpecData-02115-20261006-155019.csv,3.01735
2026-10-06 15:50:33.091,8.8706e-11,Torr,10.back_stm_port,10.back_stm_port/MassSpecData-02115-20261006-155019.csv,3.0208166666666667
2026-10-06 15:50:33.300,8.3421e-11,Torr,10.back_stm_port,10.back_stm_port/MassSpecData-02115-20261006-155019.csv,3.0242999999999998
2026-10-06 15:50:33.508,7.9504e-11,Torr,10.back_stm_port,10.back_stm_port/MassSpecData-02115-20261006-155019.csv,3.0277666666666665
2026-10-06 15:50:33.716,9.0278e-11,Torr,10.back_stm_port,10.back_stm_port/MassSpecData-02115-20261006-155019.csv,3.0312333333333332
2026-10-06 15:50:33.925,9.4453e-11,Torr,10.back_stm_port,10.back_stm_port/MassSpecData-02115-20261006-155019.csv,3.0347166666666667
2026-10-06 15:50:34.133,8.129e-11,Torr,10.back_stm_port,10.back_stm_port/MassSpecData-02115-20261006-155019.csv,3.0381833333333335
2026-10-06 15:50:34.341,1.1779e-10,Torr,10.back_stm_port,10.back_stm_port/MassSpecData-02115-20261006-155019.csv,3.0416499999999997
2026-10-06 15:50:34.550,8.7749e-11,Torr,10.back_stm_port,10.back_stm_port/MassSpecData-02115-20261006-155019.csv,3.0451333333333332
2026-10-06 15:50:34.758,8.7883e-11,Torr,10.back_stm_port,10.back_stm_port/MassSpecData-02115-20261006-155019.csv,3.0486
2026-10-06 15:50:34.966,9.8813e-11,Torr,10.back_stm_port,10.back_stm_port/MassSpecData-02115-20261006-155019.csv,3.0520666666666667
2026-10-06 15:50:35.175,9.5317e-11,Torr,10.back_stm_port,10.back_stm_port/MassSpecData-02115-20261006-155019.csv,3.0555499999999998
2026-10-06 15:50:35.383,8.9214e-11,Torr,10.back_stm_port,10.back_stm_port/MassSpecData-02115-20261006-155019.csv,3.0590166666666665
2026-10-06 15:50:35.591,8.4516e-11,Torr,10.back_stm_port,10.back_stm_port/MassSpecData-02115-20261006-155019.csv,3.0624833333333332
2026-10-06 15:50:35.800,1.0016e-10,Torr,10.back_stm_port,10.back_stm_port/MassSpecData-02115-20261006-155019.csv,3.0659666666666667
2026-10-06 15:50:36.008,1.0269e-10,Torr,10.back_stm_port,10.back_stm_port/MassSpecData-02115-20261006-155019.csv,3.0694333333333335
2026-10-06 15:50:36.216,9.5759e-11,Torr,10.back_stm_port,10.back_stm_port/MassSpecData-02115-20261006-155019.csv,3.0728999999999997
2026-10-06 15:50:36.425,1.0525e-10,Torr,10.back_stm_port,10.back_stm_port/MassSpecData-02115-20261006-155019.csv,3.0763833333333332
2026-10-06 15:50:36.633,8.7833e-11,Torr,10.back_stm_port,10.back_stm_port/MassSpecData-02115-20261006-155019.csv,3.07985
2026-10-06 15:50:36.841,7.2737e-11,Torr,10.back_stm_port,10.back_stm_port/MassSpecData-02115-20261006-155019.csv,3.0833166666666667
2026-10-06 15:50:37.050,8.4738e-11,Torr,10.back_stm_port,10.back_stm_port/MassSpecData-02115-20261006-155019.csv,3.0867999999999998
2026-10-06 15:50:37.258,9.0701e-11,Torr,10.back_stm_port,10.back_stm_port/MassSpecData-02115-20261006-155019.csv,3.0902666666666665
2026-10-06 15:50:37.466,7.7029e-11,Torr,10.back_stm_port,10.back_stm_port/MassSpecData-02115-20261006-155019.csv,3.0937333333333332
2026-10-06 15:50:37.675,7.7708e-11,Torr,10.back_stm_port,10.back_stm_port/MassSpecData-02115-20261006-155019.csv,3.0972166666666667
2026-10-06 15:50:37.883,8.3075e-11,Torr,10.back_stm_port,10.back_stm_port/MassSpecData-02115-20261006-155019.csv,3.1006833333333335
2026-10-06 15:50:38.091,7.9131e-11,Torr,10.back_stm_port,10.back_stm_port/MassSpecData-02115-20261006-155019.csv,3.1041499999999997
2026-10-06 15:50:38.300,9.1503e-11,Torr,10.back_stm_port,10.back_stm_port/MassSpecData-02115-20261006-155019.csv,3.1076333333333332
2026-10-06 15:50:38.508,7.7957e-11,Torr,10.back_stm_port,10.back_stm_port/MassSpecData-02115-20261006-155019.csv,3.1111
2026-10-06 15:50:38.716,7.148e-11,Torr,10.back_stm_port,10.back_stm_port/MassSpecData-02115-20261006-155019.csv,3.1145666666666667
2026-10-06 15:50:38.924,9.3835e-11,Torr,10.back_stm_port,10.back_stm_port/MassSpecData-02115-20261006-155019.csv,3.1180333333333334
2026-10-06 15:50:39.133,7.1199e-11,Torr,10.back_stm_port,10.back_stm_port/MassSpecData-02115-20261006-155019.csv,3.1215166666666665
2026-10-06 15:50:39.341,8.8786e-11,Torr,10.back_stm_port,10.back_stm_port/MassSpecData-02115-20261006-155019.csv,3.1249833333333332
2026-10-06 15:50:39.549,8.8249e-11,Torr,10.back_stm_port,10.back_stm_port/MassSpecData-02115-20261006-155019.csv,3.12845
2026-10-06 15:50:39.758,8.2761e-11,Torr,10.back_stm_port,10.back_stm_port/MassSpecData-02115-20261006-155019.csv,3.1319333333333335
2026-10-06 15:50:39.966,8.4224e-11,Torr,10.back_stm_port,10.back_stm_port/MassSpecData-02115-20261006-155019.csv,3.1353999999999997
2026-10-06 15:50:40.174,1.0419e-10,Torr,10.back_stm_port,10.back_stm_port/MassSpecData-02115-20261006-155019.csv,3.1388666666666665
2026-10-06 15:50:40.383,8.4272e-11,Torr,10.back_stm_port,10.back_stm_port/MassSpecData-02115-20261006-155019.csv,3.14235
2026-10-06 15:50:40.591,7.6776e-11,Torr,10.back_stm_port,10.back_stm_port/MassSpecData-02115-20261006-155019.csv,3.1458166666666667
2026-10-06 15:50:40.799,8.8767e-11,Torr,10.back_stm_port,10.back_stm_port/MassSpecData-02115-20261006-155019.csv,3.1492833333333334
2026-10-06 15:50:41.008,9.5262e-11,Torr,10.back_stm_port,10.back_stm_port/MassSpecData-02115-20261006-155019.csv,3.1527666666666665
2026-10-06 15:50:41.216,9.0272e-11,Torr,10.back_stm_port,10.back_stm_port/MassSpecData-02115-20261006-155019.csv,3.1562333333333332
2026-10-06 15:50:41.424,8.7644e-11,Torr,10.back_stm_port,10.back_stm_port/MassSpecData-02115-20261006-155019.csv,3.1597
2026-10-06 15:50:41.633,7.946e-11,Torr,10.back_stm_port,10.back_stm_port/MassSpecData-02115-20261006-155019.csv,3.1631833333333335
2026-10-06 15:50:41.841,8.6303e-11,Torr,10.back_stm_port,10.back_stm_port/MassSpecData-02115-20261006-155019.csv,3.1666499999999997
2026-10-06 15:50:42.049,8.7089e-11,Torr,10.back_stm_port,10.back_stm_port/MassSpecData-02115-20261006-155019.csv,3.1701166666666665
2026-10-06 15:50:42.258,8.676e-11,Torr,10.back_stm_port,10.back_stm_port/MassSpecData-02115-20261006-155019.csv,3.1736
2026-10-06 15:50:42.466,8.4071e-11,Torr,10.back_stm_port,10.back_stm_port/MassSpecData-02115-20261006-155019.csv,3.1770666666666667
2026-10-06 15:50:42.674,8.4582e-11,Torr,10.back_stm_port,10.back_stm_port/MassSpecData-02115-20261006-155019.csv,3.1805333333333334
2026-10-06 15:50:42.883,7.1978e-11,Torr,10.back_stm_port,10.back_stm_port/MassSpecData-02115-20261006-155019.csv,3.1840166666666665
2026-10-06 15:50:43.091,7.2238e-11,Torr,10.back_stm_port,10.back_stm_port/MassSpecData-02115-20261006-155019.csv,3.1874833333333332
2026-10-06 15:50:43.299,9.3309e-11,Torr,10.back_stm_port,10.back_stm_port/MassSpecData-02115-20261006-155019.csv,3.19095
2026-10-06 15:50:43.508,9.7858e-11,Torr,10.back_stm_port,10.back_stm_port/MassSpecData-02115-20261006-155019.csv,3.1944333333333335
2026-10-06 15:50:43.716,7.1791e-11,Torr,10.back_stm_port,10.back_stm_port/MassSpecData-02115-20261006-155019.csv,3.1978999999999997
2026-10-06 15:50:43.924,8.9644e-11,Torr,10.back_stm_port,10.back_stm_port/MassSpecData-02115-20261006-155019.csv,3.2013666666666665
2026-10-06 15:50:44.133,9.6193e-11,Torr,10.back_stm_port,10.back_stm_port/MassSpecData-02115-20261006-155019.csv,3.20485
2026-10-06 15:50:44.341,7.0616e-11,Torr,10.back_stm_port,10.back_stm_port/MassSpecData-02115-20261006-155019.csv,3.2083166666666667
2026-10-06 15:50:44.549,7.0797e-11,Torr,10.back_stm_port,10.back_stm_port/MassSpecData-02115-20261006-155019.csv,3.2117833333333334
2026-10-06 15:50:44.758,8.3098e-11,Torr,10.back_stm_port,10.back_stm_port/MassSpecData-02115-20261006-155019.csv,3.2152666666666665
2026-10-06 15:50:44.966,8.9674e-11,Torr,10.back_stm_port,10.back_stm_port/MassSpecData-02115-20261006-155019.csv,3.2187333333333332
2026-10-06 15:50:45.174,8.586e-11,Torr,10.back_stm_port,10.back_stm_port/MassSpecData-02115-20261006-155019.csv,3.2222
2026-10-06 15:50:45.383,9.9871e-11,Torr,10.back_stm_port,10.back_stm_port/MassSpecData-02115-20261006-155019.csv,3.2256833333333335
2026-10-06 15:50:45.591,8.0802e-11,Torr,10.back_stm_port,10.back_stm_port/MassSpecData-02115-20261006-155019.csv,3.2291499999999997
2026-10-06 15:50:45.799,8.7712e-11,Torr,10.back_stm_port,10.back_stm_port/MassSpecData-02115-20261006-155019.csv,3.2326166666666665
2026-10-06 15:50:46.008,7.8069e-11,Torr,10.back_stm_port,10.back_stm_port/MassSpecData-02115-20261006-155019.csv,3.2361
2026-10-06 15:50:46.216,8.8463e-11,Torr,10.back_stm_port,10.back_stm_port/MassSpecData-02115-20261006-155019.csv,3.2395666666666667
2026-10-06 15:50:46.424,7.6935e-11,Torr,10.back_stm_port,10.back_stm_port/MassSpecData-02115-20261006-155019.csv,3.2430333333333334
2026-10-06 15:50:46.633,9.5728e-11,Torr,10.back_stm_port,10.back_stm_port/MassSpecData-02115-20261006-155019.csv,3.2465166666666665
2026-10-06 15:50:46.841,7.054e-11,Torr,10.back_stm_port,10.back_stm_port/MassSpecData-02115-20261006-155019.csv,3.2499833333333332
2026-10-06 15:50:47.049,8.3297e-11,Torr,10.back_stm_port,10.back_stm_port/MassSpecData-02115-20261006-155019.csv,3.25345
2026-10-06 15:50:47.258,7.5771e-11,Torr,10.back_stm_port,10.back_stm_port/MassSpecData-02115-20261006-155019.csv,3.2569333333333335
2026-10-06 15:50:47.466,8.6306e-11,Torr,10.back_stm_port,10.back_stm_port/MassSpecData-02115-20261006-155019.csv,3.2603999999999997
2026-10-06 15:50:47.674,8.1149e-11,Torr,10.back_stm_port,10.back_stm_port/MassSpecData-02115-20261006-155019.csv,3.2638666666666665
2026-10-06 15:50:47.883,8.2669e-11,Torr,10.back_stm_port,10.back_stm_port/MassSpecData-02115-20261006-155019.csv,3.26735
2026-10-06 15:50:48.091,9.0116e-11,Torr,10.back_stm_port,10.back_stm_port/MassSpecData-02115-20261006-155019.csv,3.2708166666666667
2026-10-06 15:50:48.299,7.3817e-11,Torr,10.back_stm_port,10.back_stm_port/MassSpecData-02115-20261006-155019.csv,3.2742833333333334
2026-10-06 15:50:48.508,9.7365e-11,Torr,10.back_stm_port,10.back_stm_port/MassSpecData-02115-20261006-155019.csv,3.2777666666666665
2026-10-06 15:50:48.716,7.6265e-11,Torr,10.back_stm_port,10.back_stm_port/MassSpecData-02115-20261006-155019.csv,3.2812333333333332
2026-10-06 15:50:48.924,7.9696e-11,Torr,10.back_stm_port,10.back_stm_port/MassSpecData-02115-20261006-155019.csv,3.2847
2026-10-06 15:50:49.133,8.1974e-11,Torr,10.back_stm_port,10.back_stm_port/MassSpecData-02115-20261006-155019.csv,3.2881833333333335
2026-10-06 15:50:49.341,8.2601e-11,Torr,10.back_stm_port,10.back_stm_port/MassSpecData-02115-20261006-155019.csv,3.2916499999999997
2026-10-06 15:50:49.549,7.8339e-11,Torr,10.back_stm_port,10.back_stm_port/MassSpecData-02115-20261006-155019.csv,3.2951166666666665
2026-10-06 15:50:49.758,7.5979e-11,Torr,10.back_stm_port,10.back_stm_port/MassSpecData-02115-20261006-155019.csv,3.2986
2026-10-06 15:50:49.966,7.3771e-11,Torr,10.back_stm_port,10.back_stm_port/MassSpecData-02115-20261006-155019.csv,3.3020666666666667
2026-10-06 15:50:50.174,8.707e-11,Torr,10.back_stm_port,10.back_stm_port/MassSpecData-02115-20261006-155019.csv,3.3055333333333334
2026-10-06 15:50:50.383,9.4984e-11,Torr,10.back_stm_port,10.back_stm_port/MassSpecData-02115-20261006-155019.csv,3.3090166666666665
2026-10-06 15:50:50.591,1.058e-10,Torr,10.back_stm_port,10.back_stm_port/MassSpecData-02115-20261006-155019.csv,3.3124833333333332
2026-10-06 15:50:50.799,9.9225e-11,Torr,10.back_stm_port,10.back_stm_port/MassSpecData-02115-20261006-155019.csv,3.31595
2026-10-06 15:50:51.008,9.0081e-11,Torr,10.back_stm_port,10.back_stm_port/MassSpecData-02115-20261006-155019.csv,3.3194333333333335
2026-10-06 15:50:51.216,8.4347e-11,Torr,10.back_stm_port,10.back_stm_port/MassSpecData-02115-20261006-155019.csv,3.3228999999999997
2026-10-06 15:50:51.424,7.8862e-11,Torr,10.back_stm_port,10.back_stm_port/MassSpecData-02115-20261006-155019.csv,3.3263666666666665
2026-10-06 15:50:51.633,8.2108e-11,Torr,10.back_stm_port,10.back_stm_port/MassSpecData-02115-20261006-155019.csv,3.32985
2026-10-06 15:50:51.841,9.1572e-11,Torr,10.back_stm_port,10.back_stm_port/MassSpecData-02115-20261006-155019.csv,3.3333166666666667
2026-10-06 15:50:52.049,7.2971e-11,Torr,10.back_stm_port,10.back_stm_port/MassSpecData-02115-20261006-155019.csv,3.3367833333333334
2026-10-06 15:50:52.258,7.7805e-11,Torr,10.back_stm_port,10.back_stm_port/MassSpecData-02115-20261006-155019.csv,3.3402666666666665
2026-10-06 15:50:52.466,7.772e-11,Torr,10.back_stm_port,10.back_stm_port/MassSpecData-02115-20261006-155019.csv,3.3437333333333332
2026-10-06 15:50:52.674,8.0841e-11,Torr,10.back_stm_port,10.back_stm_port/MassSpecData-02115-20261006-155019.csv,3.3472
2026-10-06 15:50:52.883,8.8692e-11,Torr,10.back_stm_port,10.back_stm_port/MassSpecData-02115-20261006-155019.csv,3.3506833333333335
2026-10-06 15:50:53.091,8.8795e-11,Torr,10.back_stm_port,10.back_stm_port/MassSpecData-02115-20261006-155019.csv,3.3541499999999997
2026-10-06 15:50:53.299,9.4652e-11,Torr,10.back_stm_port,10.back_stm_port/MassSpecData-02115-20261006-155019.csv,3.3576166666666665
2026-10-06 15:50:53.508,9.294e-11,Torr,10.back_stm_port,10.back_stm_port/MassSpecData-02115-20261006-155019.csv,3.3611
2026-10-06 15:50:53.716,9.2052e-11,Torr,10.back_stm_port,10.back_stm_port/MassSpecData-02115-20261006-155019.csv,3.3645666666666667
2026-10-06 15:50:53.924,8.4659e-11,Torr,10.back_stm_port,10.back_stm_port/MassSpecData-02115-20261006-155019.csv,3.3680333333333334
2026-10-06 15:50:54.133,8.8074e-11,Torr,10.back_stm_port,10.back_stm_port/MassSpecData-02115-20261006-155019.csv,3.3715166666666665
2026-10-06 15:50:54.341,8.0237e-11,Torr,10.back_stm_port,10.back_stm_port/MassSpecData-02115-20261006-155019.csv,3.3749833333333332
2026-10-06 15:50:54.549,8.2264e-11,Torr,10.back_stm_port,10.back_stm_port/MassSpecData-02115-20261006-155019.csv,3.37845
2026-10-06 15:50:54.758,8.4511e-11,Torr,10.back_stm_port,10.back_stm_port/MassSpecData-02115-20261006-155019.csv,3.3819333333333335
2026-10-06 15:50:54.966,7.3081e-11,Torr,10.back_stm_port,10.back_stm_port/MassSpecData-02115-20261006-155019.csv,3.3853999999999997
2026-10-06 15:50:55.174,8.126e-11,Torr,10.back_stm_port,10.back_stm_port/MassSpecData-02115-20261006-155019.csv,3.3888666666666665
2026-10-06 15:50:55.383,8.1982e-11,Torr,10.back_stm_port,10.back_stm_port/MassSpecData-02115-20261006-155019.csv,3.39235
2026-10-06 15:50:55.591,8.5787e-11,Torr,10.back_stm_port,10.back_stm_port/MassSpecData-02115-20261006-155019.csv,3.3958166666666667
2026-10-06 15:50:55.799,8.091e-11,Torr,10.back_stm_port,10.back_stm_port/MassSpecData-02115-20261006-155019.csv,3.3992833333333334
2026-10-06 15:50:56.008,9.143e-11,Torr,10.back_stm_port,10.back_stm_port/MassSpecData-02115-20261006-155019.csv,3.4027666666666665
2026-10-06 15:50:56.216,7.5226e-11,Torr,10.back_stm_port,10.back_stm_port/MassSpecData-02115-20261006-155019.csv,3.4062333333333332
2026-10-06 15:50:56.424,7.644e-11,Torr,10.back_stm_port,10.back_stm_port/MassSpecData-02115-20261006-155019.csv,3.4097
2026-10-06 15:50:56.633,6.5044e-11,Torr,10.back_stm_port,10.back_stm_port/MassSpecData-02115-20261006-155019.csv,3.4131833333333335
2026-10-06 15:50:56.841,7.8469e-11,Torr,10.back_stm_port,10.back_stm_port/MassSpecData-02115-20261006-155019.csv,3.4166499999999997
2026-10-06 15:50:57.050,8.1141e-11,Torr,10.back_stm_port,10.back_stm_port/MassSpecData-02115-20261006-155019.csv,3.4201333333333332
2026-10-06 15:50:57.258,7.863e-11,Torr,10.back_stm_port,10.back_stm_port/MassSpecData-02115-20261006-155019.csv,3.4236
2026-10-06 15:50:57.466,8.2894e-11,Torr,10.back_stm_port,10.back_stm_port/MassSpecData-02115-20261006-155019.csv,3.4270666666666667
2026-10-06 15:50:57.675,8.8797e-11,Torr,10.back_stm_port,10.back_stm_port/MassSpecData-02115-20261006-155019.csv,3.4305499999999998
2026-10-06 15:50:57.883,8.5629e-11,Torr,10.back_stm_port,10.back_stm_port/MassSpecData-02115-20261006-155019.csv,3.4340166666666665
2026-10-06 15:50:58.091,8.7638e-11,Torr,10.back_stm_port,10.back_stm_port/MassSpecData-02115-20261006-155019.csv,3.4374833333333332
2026-10-06 15:50:58.300,8.9857e-11,Torr,10.back_stm_port,10.back_stm_port/MassSpecData-02115-20261006-155019.csv,3.4409666666666667
2026-10-06 15:50:58.508,8.8825e-11,Torr,10.back_stm_port,10.back_stm_port/MassSpecData-02115-20261006-155019.csv,3.4444333333333335
2026-10-06 15:50:58.716,9.3622e-11,Torr,10.back_stm_port,10.back_stm_port/MassSpecData-02115-20261006-155019.csv,3.4478999999999997
2026-10-06 15:50:58.925,1.0366e-10,Torr,10.back_stm_port,10.back_stm_port/MassSpecData-02115-20261006-155019.csv,3.4513833333333332
2026-10-06 15:50:59.133,8.9176e-11,Torr,10.back_stm_port,10.back_stm_port/MassSpecData-02115-20261006-155019.csv,3.45485
2026-10-06 15:50:59.341,8.4935e-11,Torr,10.back_stm_port,10.back_stm_port/MassSpecData-02115-20261006-155019.csv,3.4583166666666667
2026-10-06 15:50:59.550,9.0363e-11,Torr,10.back_stm_port,10.back_stm_port/MassSpecData-02115-20261006-155019.csv,3.4617999999999998
2026-10-06 15:50:59.758,9.1418e-11,Torr,10.back_stm_port,10.back_stm_port/MassSpecData-02115-20261006-155019.csv,3.4652666666666665
2026-10-06 15:50:59.966,7.3973e-11,Torr,10.back_stm_port,10.back_stm_port/MassSpecData-02115-20261006-155019.csv,3.4687333333333332
2026-10-06 15:51:00.175,8.9791e-11,Torr,10.back_stm_port,10.back_stm_port/MassSpecData-02115-20261006-155019.csv,3.4722166666666667
2026-10-06 15:51:00.383,7.641e-11,Torr,10.back_stm_port,10.back_stm_port/MassSpecData-02115-20261006-155019.csv,3.4756833333333335
2026-10-06 15:51:00.591,9.2396e-11,Torr,10.back_stm_port,10.back_stm_port/MassSpecData-02115-20261006-155019.csv,3.4791499999999997
2026-10-06 15:51:00.880,8.4056e-11,Torr,10.back_stm_port,10.back_stm_port/MassSpecData-02115-20261006-155100.csv,3.483966666666667
2026-10-06 15:51:01.088,9.017e-11,Torr,10.back_stm_port,10.back_stm_port/MassSpecData-02115-20261006-155100.csv,3.4874333333333336
2026-10-06 15:51:01.297,7.5402e-11,Torr,10.back_stm_port,10.back_stm_port/MassSpecData-02115-20261006-155100.csv,3.4909166666666667
2026-10-06 15:51:01.505,8.2492e-11,Torr,10.back_stm_port,10.back_stm_port/MassSpecData-02115-20261006-155100.csv,3.4943833333333334
2026-10-06 15:51:01.713,9.3884e-11,Torr,10.back_stm_port,10.back_stm_port/MassSpecData-02115-20261006-155100.csv,3.49785
2026-10-06 15:51:01.922,9.1004e-11,Torr,10.back_stm_port,10.back_stm_port/MassSpecData-02115-20261006-155100.csv,3.5013333333333336
2026-10-06 15:51:02.130,8.4743e-11,Torr,10.back_stm_port,10.back_stm_port/MassSpecData-02115-20261006-155100.csv,3.5048000000000004
2026-10-06 15:51:02.338,9.2864e-11,Torr,10.back_stm_port,10.back_stm_port/MassSpecData-02115-20261006-155100.csv,3.5082666666666666
2026-10-06 15:51:02.546,8.3896e-11,Torr,10.back_stm_port,10.back_stm_port/MassSpecData-02115-20261006-155100.csv,3.5117333333333334
2026-10-06 15:51:02.755,7.0402e-11,Torr,10.back_stm_port,10.back_stm_port/MassSpecData-02115-20261006-155100.csv,3.515216666666667
2026-10-06 15:51:02.963,6.7672e-11,Torr,10.back_stm_port,10.back_stm_port/MassSpecData-02115-20261006-155100.csv,3.5186833333333336
2026-10-06 15:51:03.172,8.1452e-11,Torr,10.back_stm_port,10.back_stm_port/MassSpecData-02115-20261006-155100.csv,3.5221666666666667
2026-10-06 15:51:03.380,7.6519e-11,Torr,10.back_stm_port,10.back_stm_port/MassSpecData-02115-20261006-155100.csv,3.5256333333333334
2026-10-06 15:51:03.588,7.3046e-11,Torr,10.back_stm_port,10.back_stm_port/MassSpecData-02115-20261006-155100.csv,3.5291
2026-10-06 15:51:03.797,8.6374e-11,Torr,10.back_stm_port,10.back_stm_port/MassSpecData-02115-20261006-155100.csv,3.5325833333333336
2026-10-06 15:51:04.005,8.5428e-11,Torr,10.back_stm_port,10.back_stm_port/MassSpecData-02115-20261006-155100.csv,3.5360500000000004
2026-10-06 15:51:04.213,9.5247e-11,Torr,10.back_stm_port,10.back_stm_port/MassSpecData-02115-20261006-155100.csv,3.5395166666666666
2026-10-06 15:51:04.422,8.4323e-11,Torr,10.back_stm_port,10.back_stm_port/MassSpecData-02115-20261006-155100.csv,3.543
2026-10-06 15:51:04.630,9.8451e-11,Torr,10.back_stm_port,10.back_stm_port/MassSpecData-02115-20261006-155100.csv,3.546466666666667
2026-10-06 15:51:04.838,6.9549e-11,Torr,10.back_stm_port,10.back_stm_port/MassSpecData-02115-20261006-155100.csv,3.5499333333333336
2026-10-06 15:51:05.047,7.9691e-11,Torr,10.back_stm_port,10.back_stm_port/MassSpecData-02115-20261006-155100.csv,3.5534166666666667
2026-10-06 15:51:05.255,7.4645e-11,Torr,10.back_stm_port,10.back_stm_port/MassSpecData-02115-20261006-155100.csv,3.5568833333333334
2026-10-06 15:51:05.463,7.7685e-11,Torr,10.back_stm_port,10.back_stm_port/MassSpecData-02115-20261006-155100.csv,3.56035
2026-10-06 15:51:05.672,8.4409e-11,Torr,10.back_stm_port,10.back_stm_port/MassSpecData-02115-20261006-155100.csv,3.5638333333333336
2026-10-06 15:51:05.880,8.6459e-11,Torr,10.back_stm_port,10.back_stm_port/MassSpecData-02115-20261006-155100.csv,3.5673000000000004
2026-10-06 15:51:06.088,8.2385e-11,Torr,10.back_stm_port,10.back_stm_port/MassSpecData-02115-20261006-155100.csv,3.5707666666666666
2026-10-06 15:51:06.296,8.2333e-11,Torr,10.back_stm_port,10.back_stm_port/MassSpecData-02115-20261006-155100.csv,3.5742333333333334
2026-10-06 15:51:06.505,8.0433e-11,Torr,10.back_stm_port,10.back_stm_port/MassSpecData-02115-20261006-155100.csv,3.577716666666667
2026-10-06 15:51:06.713,6.6391e-11,Torr,10.back_stm_port,10.back_stm_port/MassSpecData-02115-20261006-155100.csv,3.5811833333333336
2026-10-06 15:51:06.921,8.4117e-11,Torr,10.back_stm_port,10.back_stm_port/MassSpecData-02115-20261006-155100.csv,3.5846500000000003
2026-10-06 15:51:07.130,8.6669e-11,Torr,10.back_stm_port,10.back_stm_port/MassSpecData-02115-20261006-155100.csv,3.5881333333333334
2026-10-06 15:51:07.338,8.2737e-11,Torr,10.back_stm_port,10.back_stm_port/MassSpecData-02115-20261006-155100.csv,3.5916
2026-10-06 15:51:07.546,7.7144e-11,Torr,10.back_stm_port,10.back_stm_port/MassSpecData-02115-20261006-155100.csv,3.595066666666667
2026-10-06 15:51:07.755,7.4082e-11,Torr,10.back_stm_port,10.back_stm_port/MassSpecData-02115-20261006-155100.csv,3.5985500000000004
2026-10-06 15:51:07.963,8.3187e-11,Torr,10.back_stm_port,10.back_stm_port/MassSpecData-02115-20261006-155100.csv,3.6020166666666666
2026-10-06 15:51:08.171,8.2335e-11,Torr,10.back_stm_port,10.back_stm_port/MassSpecData-02115-20261006-155100.csv,3.6054833333333334
2026-10-06 15:51:08.380,9.3239e-11,Torr,10.back_stm_port,10.back_stm_port/MassSpecData-02115-20261006-155100.csv,3.608966666666667
2026-10-06 15:51:08.588,7.7586e-11,Torr,10.back_stm_port,10.back_stm_port/MassSpecData-02115-20261006-155100.csv,3.6124333333333336
2026-10-06 15:51:08.796,9.3784e-11,Torr,10.back_stm_port,10.back_stm_port/MassSpecData-02115-20261006-155100.csv,3.6159000000000003
2026-10-06 15:51:09.005,9.7868e-11,Torr,10.back_stm_port,10.back_stm_port/MassSpecData-02115-20261006-155100.csv,3.6193833333333334
2026-10-06 15:51:09.213,7.8489e-11,Torr,10.back_stm_port,10.back_stm_port/MassSpecData-02115-20261006-155100.csv,3.62285
2026-10-06 15:51:09.421,8.501e-11,Torr,10.back_stm_port,10.back_stm_port/MassSpecData-02115-20261006-155100.csv,3.626316666666667
2026-10-06 15:51:09.630,8.3395e-11,Torr,10.back_stm_port,10.back_stm_port/MassSpecData-02115-20261006-155100.csv,3.6298000000000004
2026-10-06 15:51:09.838,8.91e-11,Torr,10.back_stm_port,10.back_stm_port/MassSpecData-02115-20261006-155100.csv,3.6332666666666666
2026-10-06 15:51:10.047,8.4031e-11,Torr,10.back_stm_port,10.back_stm_port/MassSpecData-02115-20261006-155100.csv,3.63675
2026-10-06 15:51:10.255,9.8449e-11,Torr,10.back_stm_port,10.back_stm_port/MassSpecData-02115-20261006-155100.csv,3.640216666666667
2026-10-06 15:51:10.463,8.6343e-11,Torr,10.back_stm_port,10.back_stm_port/MassSpecData-02115-20261006-155100.csv,3.6436833333333336
2026-10-06 15:51:10.672,7.4923e-11,Torr,10.back_stm_port,10.back_stm_port/MassSpecData-02115-20261006-155100.csv,3.6471666666666667
2026-10-06 15:51:10.880,7.407e-11,Torr,10.back_stm_port,10.back_stm_port/MassSpecData-02115-20261006-155100.csv,3.6506333333333334
2026-10-06 15:51:11.088,7.7903e-11,Torr,10.back_stm_port,10.back_stm_port/MassSpecData-02115-20261006-155100.csv,3.6541
2026-10-06 15:51:11.297,7.6289e-11,Torr,10.back_stm_port,10.back_stm_port/MassSpecData-02115-20261006-155100.csv,3.6575833333333336
2026-10-06 15:51:11.505,7.9582e-11,Torr,10.back_stm_port,10.back_stm_port/MassSpecData-02115-20261006-155100.csv,3.6610500000000004
2026-10-06 15:51:11.713,9.0687e-11,Torr,10.back_stm_port,10.back_stm_port/MassSpecData-02115-20261006-155100.csv,3.6645166666666666
2026-10-06 15:51:11.922,8.5424e-11,Torr,10.back_stm_port,10.back_stm_port/MassSpecData-02115-20261006-155100.csv,3.668
2026-10-06 15:51:12.130,7.8177e-11,Torr,10.back_stm_port,10.back_stm_port/MassSpecData-02115-20261006-155100.csv,3.671466666666667
2026-10-06 15:51:12.338,7.8495e-11,Torr,10.back_stm_port,10.back_stm_port/MassSpecData-02115-20261006-155100.csv,3.6749333333333336
2026-10-06 15:51:12.547,9.3013e-11,Torr,10.back_stm_port,10.back_stm_port/MassSpecData-02115-20261006-155100.csv,3.6784166666666667
2026-10-06 15:51:12.755,8.026e-11,Torr,10.back_stm_port,10.back_stm_port/MassSpecData-02115-20261006-155100.csv,3.6818833333333334
2026-10-06 15:51:12.963,7.8805e-11,Torr,10.back_stm_port,10.back_stm_port/MassSpecData-02115-20261006-155100.csv,3.68535
2026-10-06 15:51:13.172,7.9522e-11,Torr,10.back_stm_port,10.back_stm_port/MassSpecData-02115-20261006-155100.csv,3.6888333333333336
2026-10-06 15:51:13.380,9.2563e-11,Torr,10.back_stm_port,10.back_stm_port/MassSpecData-02115-20261006-155100.csv,3.6923000000000004
2026-10-06 15:51:13.588,8.2e-11,Torr,10.back_stm_port,10.back_stm_port/MassSpecData-02115-20261006-155100.csv,3.6957666666666666
2026-10-06 15:51:13.797,8.3382e-11,Torr,10.back_stm_port,10.back_stm_port/MassSpecData-02115-20261006-155100.csv,3.69925
2026-10-06 15:51:14.005,8.5972e-11,Torr,10.back_stm_port,10.back_stm_port/MassSpecData-02115-20261006-155100.csv,3.702716666666667
2026-10-06 15:51:14.213,9.2569e-11,Torr,10.back_stm_port,10.back_stm_port/MassSpecData-02115-20261006-155100.csv,3.7061833333333336
2026-10-06 15:51:14.422,8.5858e-11,Torr,10.back_stm_port,10.back_stm_port/MassSpecData-02115-20261006-155100.csv,3.7096666666666667
2026-10-06 15:51:14.630,6.8704e-11,Torr,10.back_stm_port,10.back_stm_port/MassSpecData-02115-20261006-155100.csv,3.7131333333333334
2026-10-06 15:51:14.838,7.9226e-11,Torr,10.back_stm_port,10.back_stm_port/MassSpecData-02115-20261006-155100.csv,3.7166
2026-10-06 15:51:15.047,8.9668e-11,Torr,10.back_stm_port,10.back_stm_port/MassSpecData-02115-20261006-155100.csv,3.7200833333333336
2026-10-06 15:51:15.255,7.8653e-11,Torr,10.back_stm_port,10.back_stm_port/MassSpecData-02115-20261006-155100.csv,3.7235500000000004
2026-10-06 15:51:15.463,9.2211e-11,Torr,10.back_stm_port,10.back_stm_port/MassSpecData-02115-20261006-155100.csv,3.7270166666666666
2026-10-06 15:51:15.672,7.2802e-11,Torr,10.back_stm_port,10.back_stm_port/MassSpecData-02115-20261006-155100.csv,3.7305
2026-10-06 15:51:15.880,8.9733e-11,Torr,10.back_stm_port,10.back_stm_port/MassSpecData-02115-20261006-155100.csv,3.733966666666667
2026-10-06 15:51:16.088,9.3661e-11,Torr,10.back_stm_port,10.back_stm_port/MassSpecData-02115-20261006-155100.csv,3.7374333333333336
2026-10-06 15:51:16.297,8.703e-11,Torr,10.back_stm_port,10.back_stm_port/MassSpecData-02115-20261006-155100.csv,3.7409166666666667
2026-10-06 15:51:16.505,8.4684e-11,Torr,10.back_stm_port,10.back_stm_port/MassSpecData-02115-20261006-155100.csv,3.7443833333333334
2026-10-06 15:51:16.713,7.8489e-11,Torr,10.back_stm_port,10.back_stm_port/MassSpecData-02115-20261006-155100.csv,3.74785
2026-10-06 15:51:16.922,7.264e-11,Torr,10.back_stm_port,10.back_stm_port/MassSpecData-02115-20261006-155100.csv,3.7513333333333336
2026-10-06 15:51:17.130,8.3132e-11,Torr,10.back_stm_port,10.back_stm_port/MassSpecData-02115-20261006-155100.csv,3.7548000000000004
2026-10-06 15:51:17.338,7.3058e-11,Torr,10.back_stm_port,10.back_stm_port/MassSpecData-02115-20261006-155100.csv,3.7582666666666666
2026-10-06 15:51:17.547,7.7999e-11,Torr,10.back_stm_port,10.back_stm_port/MassSpecData-02115-20261006-155100.csv,3.76175
2026-10-06 15:51:17.755,7.1882e-11,Torr,10.back_stm_port,10.back_stm_port/MassSpecData-02115-20261006-155100.csv,3.765216666666667
2026-10-06 15:51:17.963,7.6791e-11,Torr,10.back_stm_port,10.back_stm_port/MassSpecData-02115-20261006-155100.csv,3.7686833333333336
2026-10-06 15:51:18.172,7.9586e-11,Torr,10.back_stm_port,10.back_stm_port/MassSpecData-02115-20261006-155100.csv,3.7721666666666667
2026-10-06 15:51:18.380,8.5227e-11,Torr,10.back_stm_port,10.back_stm_port/MassSpecData-02115-20261006-155100.csv,3.7756333333333334
2026-10-06 15:51:18.588,8.9709e-11,Torr,10.back_stm_port,10.back_stm_port/MassSpecData-02115-20261006-155100.csv,3.7791
2026-10-06 15:51:18.797,8.5029e-11,Torr,10.back_stm_port,10.back_stm_port/MassSpecData-02115-20261006-155100.csv,3.7825833333333336
2026-10-06 15:51:19.005,9.1068e-11,Torr,10.back_stm_port,10.back_stm_port/MassSpecData-02115-20261006-155100.csv,3.7860500000000004
2026-10-06 15:51:19.213,8.9576e-11,Torr,10.back_stm_port,10.back_stm_port/MassSpecData-02115-20261006-155100.csv,3.7895166666666666
2026-10-06 15:51:19.422,8.4492e-11,Torr,10.back_stm_port,10.back_stm_port/MassSpecData-02115-20261006-155100.csv,3.793
2026-10-06 15:51:19.630,9.1211e-11,Torr,10.back_stm_port,10.back_stm_port/MassSpecData-02115-20261006-155100.csv,3.796466666666667
2026-10-06 15:51:19.838,8.6223e-11,Torr,10.back_stm_port,10.back_stm_port/MassSpecData-02115-20261006-155100.csv,3.7999333333333336
2026-10-06 15:51:20.047,8.8564e-11,Torr,10.back_stm_port,10.back_stm_port/MassSpecData-02115-20261006-155100.csv,3.8034166666666667
2026-10-06 15:51:20.255,9.3879e-11,Torr,10.back_stm_port,10.back_stm_port/MassSpecData-02115-20261006-155100.csv,3.8068833333333334
2026-10-06 15:51:20.463,8.3736e-11,Torr,10.back_stm_port,10.back_stm_port/MassSpecData-02115-20261006-155100.csv,3.81035
2026-10-06 15:51:20.671,8.8591e-11,Torr,10.back_stm_port,10.back_stm_port/MassSpecData-02115-20261006-155100.csv,3.813816666666667
2026-10-06 15:51:20.880,7.9435e-11,Torr,10.back_stm_port,10.back_stm_port/MassSpecData-02115-20261006-155100.csv,3.8173000000000004
2026-10-06 15:51:21.088,9.2267e-11,Torr,10.back_stm_port,10.back_stm_port/MassSpecData-02115-20261006-155100.csv,3.8207666666666666
2026-10-06 15:51:21.296,6.8855e-11,Torr,10.back_stm_port,10.back_stm_port/MassSpecData-02115-20261006-155100.csv,3.8242333333333334
2026-10-06 15:51:21.505,9.2961e-11,Torr,10.back_stm_port,10.back_stm_port/MassSpecData-02115-20261006-155100.csv,3.827716666666667
2026-10-06 15:51:21.713,9.2155e-11,Torr,10.back_stm_port,10.back_stm_port/MassSpecData-02115-20261006-155100.csv,3.8311833333333336
2026-10-06 15:51:21.921,8.0811e-11,Torr,10.back_stm_port,10.back_stm_port/MassSpecData-02115-20261006-155100.csv,3.8346500000000003
2026-10-06 15:51:22.130,8.1298e-11,Torr,10.back_stm_port,10.back_stm_port/MassSpecData-02115-20261006-155100.csv,3.8381333333333334
2026-10-06 15:51:22.338,8.502e-11,Torr,10.back_stm_port,10.back_stm_port/MassSpecData-02115-20261006-155100.csv,3.8416
2026-10-06 15:51:22.546,8.348e-11,Torr,10.back_stm_port,10.back_stm_port/MassSpecData-02115-20261006-155100.csv,3.845066666666667
2026-10-06 15:51:22.755,7.2643e-11,Torr,10.back_stm_port,10.back_stm_port/MassSpecData-02115-20261006-155100.csv,3.8485500000000004
2026-10-06 15:51:22.963,9.4812e-11,Torr,10.back_stm_port,10.back_stm_port/MassSpecData-02115-20261006-155100.csv,3.8520166666666666
2026-10-06 15:51:23.171,8.5811e-11,Torr,10.back_stm_port,10.back_stm_port/MassSpecData-02115-20261006-155100.csv,3.8554833333333334
2026-10-06 15:51:23.380,9.8461e-11,Torr,10.back_stm_port,10.back_stm_port/MassSpecData-02115-20261006-155100.csv,3.858966666666667
2026-10-06 15:51:23.588,9.4443e-11,Torr,10.back_stm_port,10.back_stm_port/MassSpecData-02115-20261006-155100.csv,3.8624333333333336
2026-10-06 15:51:23.796,9.2873e-11,Torr,10.back_stm_port,10.back_stm_port/MassSpecData-02115-20261006-155100.csv,3.8659000000000003
2026-10-06 15:51:24.005,9.2201e-11,Torr,10.back_stm_port,10.back_stm_port/MassSpecData-02115-20261006-155100.csv,3.8693833333333334
2026-10-06 15:51:24.213,7.5566e-11,Torr,10.back_stm_port,10.back_stm_port/MassSpecData-02115-20261006-155100.csv,3.87285
2026-10-06 15:51:24.421,8.1842e-11,Torr,10.back_stm_port,10.back_stm_port/MassSpecData-02115-20261006-155100.csv,3.876316666666667
2026-10-06 15:51:24.630,8.6659e-11,Torr,10.back_stm_port,10.back_stm_port/MassSpecData-02115-20261006-155100.csv,3.8798000000000004
2026-10-06 15:51:24.838,8.8829e-11,Torr,10.back_stm_port,10.back_stm_port/MassSpecData-02115-20261006-155100.csv,3.8832666666666666
2026-10-06 15:51:25.046,7.9645e-11,Torr,10.back_stm_port,10.back_stm_port/MassSpecData-02115-20261006-155100.csv,3.8867333333333334
2026-10-06 15:51:25.255,8.3476e-11,Torr,10.back_stm_port,10.back_stm_port/MassSpecData-02115-20261006-155100.csv,3.890216666666667
2026-10-06 15:51:25.463,8.8843e-11,Torr,10.back_stm_port,10.back_stm_port/MassSpecData-02115-20261006-155100.csv,3.8936833333333336
2026-10-06 15:51:25.671,7.9416e-11,Torr,10.back_stm_port,10.back_stm_port/MassSpecData-02115-20261006-155100.csv,3.8971500000000003
2026-10-06 15:51:25.880,8.7523e-11,Torr,10.back_stm_port,10.back_stm_port/MassSpecData-02115-20261006-155100.csv,3.9006333333333334
2026-10-06 15:51:26.088,7.5907e-11,Torr,10.back_stm_port,10.back_stm_port/MassSpecData-02115-20261006-155100.csv,3.9041
2026-10-06 15:51:26.296,8.5148e-11,Torr,10.back_stm_port,10.back_stm_port/MassSpecData-02115-20261006-155100.csv,3.907566666666667
2026-10-06 15:51:26.505,9.5027e-11,Torr,10.back_stm_port,10.back_stm_port/MassSpecData-02115-20261006-155100.csv,3.9110500000000004
2026-10-06 15:51:26.713,9.368e-11,Torr,10.back_stm_port,10.back_stm_port/MassSpecData-02115-20261006-155100.csv,3.9145166666666666
2026-10-06 15:51:26.921,7.4718e-11,Torr,10.back_stm_port,10.back_stm_port/MassSpecData-02115-20261006-155100.csv,3.9179833333333334
2026-10-06 15:51:27.130,7.4127e-11,Torr,10.back_stm_port,10.back_stm_port/MassSpecData-02115-20261006-155100.csv,3.921466666666667
2026-10-06 15:51:27.338,9.4991e-11,Torr,10.back_stm_port,10.back_stm_port/MassSpecData-02115-20261006-155100.csv,3.9249333333333336
2026-10-06 15:51:27.546,8.0719e-11,Torr,10.back_stm_port,10.back_stm_port/MassSpecData-02115-20261006-155100.csv,3.9284000000000003
2026-10-06 15:51:27.755,9.1315e-11,Torr,10.back_stm_port,10.back_stm_port/MassSpecData-02115-20261006-155100.csv,3.9318833333333334
2026-10-06 15:51:27.963,7.2115e-11,Torr,10.back_stm_port,10.back_stm_port/MassSpecData-02115-20261006-155100.csv,3.93535
2026-10-06 15:51:28.171,7.9147e-11,Torr,10.back_stm_port,10.back_stm_port/MassSpecData-02115-20261006-155100.csv,3.938816666666667
2026-10-06 15:51:28.380,7.9534e-11,Torr,10.back_stm_port,10.back_stm_port/MassSpecData-02115-20261006-155100.csv,3.9423000000000004
2026-10-06 15:51:28.588,7.6759e-11,Torr,10.back_stm_port,10.back_stm_port/MassSpecData-02115-20261006-155100.csv,3.9457666666666666
2026-10-06 15:51:28.796,8.3396e-11,Torr,10.back_stm_port,10.back_stm_port/MassSpecData-02115-20261006-155100.csv,3.9492333333333334
2026-10-06 15:51:29.005,8.0364e-11,Torr,10.back_stm_port,10.back_stm_port/MassSpecData-02115-20261006-155100.csv,3.952716666666667
2026-10-06 15:51:29.213,8.4468e-11,Torr,10.back_stm_port,10.back_stm_port/MassSpecData-02115-20261006-155100.csv,3.9561833333333336
2026-10-06 15:51:29.421,8.7019e-11,Torr,10.back_stm_port,10.back_stm_port/MassSpecData-02115-20261006-155100.csv,3.9596500000000003
2026-10-06 15:51:29.630,8.6199e-11,Torr,10.back_stm_port,10.back_stm_port/MassSpecData-02115-20261006-155100.csv,3.9631333333333334
2026-10-06 15:51:29.838,8.004e-11,Torr,10.back_stm_port,10.back_stm_port/MassSpecData-02115-20261006-155100.csv,3.9666
2026-10-06 15:51:30.046,8.2376e-11,Torr,10.back_stm_port,10.back_stm_port/MassSpecData-02115-20261006-155100.csv,3.970066666666667
2026-10-06 15:51:30.255,9.3382e-11,Torr,10.back_stm_port,10.back_stm_port/MassSpecData-02115-20261006-155100.csv,3.9735500000000004
2026-10-06 15:51:30.463,8.3739e-11,Torr,10.back_stm_port,10.back_stm_port/MassSpecData-02115-20261006-155100.csv,3.9770166666666666
2026-10-06 15:51:30.671,8.7109e-11,Torr,10.back_stm_port,10.back_stm_port/MassSpecData-02115-20261006-155100.csv,3.9804833333333334
2026-10-06 15:51:30.880,8.0319e-11,Torr,10.back_stm_port,10.back_stm_port/MassSpecData-02115-20261006-155100.csv,3.983966666666667
2026-10-06 15:51:31.088,7.997e-11,Torr,10.back_stm_port,10.back_stm_port/MassSpecData-02115-20261006-155100.csv,3.9874333333333336
2026-10-06 15:51:31.296,8.3872e-11,Torr,10.back_stm_port,10.back_stm_port/MassSpecData-02115-20261006-155100.csv,3.9909000000000003
2026-10-06 15:51:31.505,7.6099e-11,Torr,10.back_stm_port,10.back_stm_port/MassSpecData-02115-20261006-155100.csv,3.9943833333333334
2026-10-06 15:51:31.713,8.4171e-11,Torr,10.back_stm_port,10.back_stm_port/MassSpecData-02115-20261006-155100.csv,3.99785
2026-10-06 15:51:31.921,8.2428e-11,Torr,10.back_stm_port,10.back_stm_port/MassSpecData-02115-20261006-155100.csv,4.001316666666667
2026-10-06 15:51:32.130,8.0493e-11,Torr,10.back_stm_port,10.back_stm_port/MassSpecData-02115-20261006-155100.csv,4.0048
2026-10-06 15:51:32.338,8.6915e-11,Torr,10.back_stm_port,10.back_stm_port/MassSpecData-02115-20261006-155100.csv,4.008266666666667
2026-10-06 15:51:32.546,8.8777e-11,Torr,10.back_stm_port,10.back_stm_port/MassSpecData-02115-20261006-155100.csv,4.011733333333334
2026-10-06 15:51:32.755,9.2779e-11,Torr,10.back_stm_port,10.back_stm_port/MassSpecData-02115-20261006-155100.csv,4.015216666666666
2026-10-06 15:51:32.963,8.262e-11,Torr,10.back_stm_port,10.back_stm_port/MassSpecData-02115-20261006-155100.csv,4.018683333333334
2026-10-06 15:51:33.171,8.8866e-11,Torr,10.back_stm_port,10.back_stm_port/MassSpecData-02115-20261006-155100.csv,4.02215
2026-10-06 15:51:33.380,7.8626e-11,Torr,10.back_stm_port,10.back_stm_port/MassSpecData-02115-20261006-155100.csv,4.025633333333333
2026-10-06 15:51:33.588,7.7811e-11,Torr,10.back_stm_port,10.back_stm_port/MassSpecData-02115-20261006-155100.csv,4.029100000000001
2026-10-06 15:51:33.796,8.2319e-11,Torr,10.back_stm_port,10.back_stm_port/MassSpecData-02115-20261006-155100.csv,4.032566666666667
2026-10-06 15:51:34.005,8.3908e-11,Torr,10.back_stm_port,10.back_stm_port/MassSpecData-02115-20261006-155100.csv,4.03605
2026-10-06 15:51:34.213,8.2734e-11,Torr,10.back_stm_port,10.back_stm_port/MassSpecData-02115-20261006-155100.csv,4.039516666666667
2026-10-06 15:51:34.421,8.891e-11,Torr,10.back_stm_port,10.back_stm_port/MassSpecData-02115-20261006-155100.csv,4.042983333333334
2026-10-06 15:51:34.630,7.9685e-11,Torr,10.back_stm_port,10.back_stm_port/MassSpecData-02115-20261006-155100.csv,4.046466666666666
2026-10-06 15:51:34.838,9.6142e-11,Torr,10.back_stm_port,10.back_stm_port/MassSpecData-02115-20261006-155100.csv,4.049933333333334
2026-10-06 15:51:35.046,8.6852e-11,Torr,10.back_stm_port,10.back_stm_port/MassSpecData-02115-20261006-155100.csv,4.0534
2026-10-06 15:51:35.255,1.0137e-10,Torr,10.back_stm_port,10.back_stm_port/MassSpecData-02115-20261006-155100.csv,4.056883333333333
2026-10-06 15:51:35.463,6.9988e-11,Torr,10.back_stm_port,10.back_stm_port/MassSpecData-02115-20261006-155100.csv,4.060350000000001
2026-10-06 15:51:35.671,7.5998e-11,Torr,10.back_stm_port,10.back_stm_port/MassSpecData-02115-20261006-155100.csv,4.063816666666667
2026-10-06 15:51:35.880,7.7334e-11,Torr,10.back_stm_port,10.back_stm_port/MassSpecData-02115-20261006-155100.csv,4.0673
2026-10-06 15:51:36.088,6.9914e-11,Torr,10.back_stm_port,10.back_stm_port/MassSpecData-02115-20261006-155100.csv,4.070766666666667
2026-10-06 15:51:36.296,8.5604e-11,Torr,10.back_stm_port,10.back_stm_port/MassSpecData-02115-20261006-155100.csv,4.074233333333334
2026-10-06 15:51:36.505,7.5306e-11,Torr,10.back_stm_port,10.back_stm_port/MassSpecData-02115-20261006-155100.csv,4.077716666666666
2026-10-06 15:51:36.713,8.7134e-11,Torr,10.back_stm_port,10.back_stm_port/MassSpecData-02115-20261006-155100.csv,4.081183333333334
2026-10-06 15:51:36.921,8.0748e-11,Torr,10.back_stm_port,10.back_stm_port/MassSpecData-02115-20261006-155100.csv,4.08465
2026-10-06 15:51:37.130,8.7843e-11,Torr,10.back_stm_port,10.back_stm_port/MassSpecData-02115-20261006-155100.csv,4.088133333333333
2026-10-06 15:51:37.338,8.3743e-11,Torr,10.back_stm_port,10.back_stm_port/MassSpecData-02115-20261006-155100.csv,4.091600000000001
2026-10-06 15:51:37.546,9.4626e-11,Torr,10.back_stm_port,10.back_stm_port/MassSpecData-02115-20261006-155100.csv,4.095066666666667
2026-10-06 15:51:37.755,8.4082e-11,Torr,10.back_stm_port,10.back_stm_port/MassSpecData-02115-20261006-155100.csv,4.09855
2026-10-06 15:51:37.963,6.904e-11,Torr,10.back_stm_port,10.back_stm_port/MassSpecData-02115-20261006-155100.csv,4.102016666666667
2026-10-06 15:51:38.171,7.6029e-11,Torr,10.back_stm_port,10.back_stm_port/MassSpecData-02115-20261006-155100.csv,4.105483333333334
2026-10-06 15:51:38.380,1.0452e-10,Torr,10.back_stm_port,10.back_stm_port/MassSpecData-02115-20261006-155100.csv,4.108966666666666
2026-10-06 15:51:38.588,8.6557e-11,Torr,10.back_stm_port,10.back_stm_port/MassSpecData-02115-20261006-155100.csv,4.112433333333334
2026-10-06 15:51:38.797,8.1392e-11,Torr,10.back_stm_port,10.back_stm_port/MassSpecData-02115-20261006-155100.csv,4.115916666666667
2026-10-06 15:51:39.005,9.7379e-11,Torr,10.back_stm_port,10.back_stm_port/MassSpecData-02115-20261006-155100.csv,4.119383333333333
2026-10-06 15:51:39.213,8.5484e-11,Torr,10.back_stm_port,10.back_stm_port/MassSpecData-02115-20261006-155100.csv,4.122850000000001
2026-10-06 15:51:39.422,8.8395e-11,Torr,10.back_stm_port,10.back_stm_port/MassSpecData-02115-20261006-155100.csv,4.126333333333333
2026-10-06 15:51:39.630,7.5609e-11,Torr,10.back_stm_port,10.back_stm_port/MassSpecData-02115-20261006-155100.csv,4.1298
2026-10-06 15:51:39.838,9.1576e-11,Torr,10.back_stm_port,10.back_stm_port/MassSpecData-02115-20261006-155100.csv,4.133266666666667
2026-10-06 15:51:40.047,8.2394e-11,Torr,10.back_stm_port,10.back_stm_port/MassSpecData-02115-20261006-155100.csv,4.13675
2026-10-06 15:51:40.255,8.4478e-11,Torr,10.back_stm_port,10.back_stm_port/MassSpecData-02115-20261006-155100.csv,4.140216666666666
2026-10-06 15:51:40.463,8.397e-11,Torr,10.back_stm_port,10.back_stm_port/MassSpecData-02115-20261006-155100.csv,4.143683333333334
2026-10-06 15:51:40.672,8.3695e-11,Torr,10.back_stm_port,10.back_stm_port/MassSpecData-02115-20261006-155100.csv,4.147166666666667
2026-10-06 15:51:40.880,8.7411e-11,Torr,10.back_stm_port,10.back_stm_port/MassSpecData-02115-20261006-155100.csv,4.150633333333333
2026-10-06 15:51:41.088,7.606e-11,Torr,10.back_stm_port,10.back_stm_port/MassSpecData-02115-20261006-155100.csv,4.154100000000001
2026-10-06 15:51:41.297,8.3261e-11,Torr,10.back_stm_port,10.back_stm_port/MassSpecData-02115-20261006-155100.csv,4.157583333333333
2026-10-06 15:51:41.505,8.2801e-11,Torr,10.back_stm_port,10.back_stm_port/MassSpecData-02115-20261006-155100.csv,4.16105
2026-10-06 15:51:41.713,1.022e-10,Torr,10.back_stm_port,10.back_stm_port/MassSpecData-02115-20261006-155100.csv,4.164516666666667
2026-10-06 15:51:41.922,6.8398e-11,Torr,10.back_stm_port,10.back_stm_port/MassSpecData-02115-20261006-155100.csv,4.168
2026-10-06 15:51:42.130,9.3146e-11,Torr,10.back_stm_port,10.back_stm_port/MassSpecData-02115-20261006-155100.csv,4.171466666666666
2026-10-06 15:51:42.338,9.4696e-11,Torr,10.back_stm_port,10.back_stm_port/MassSpecData-02115-20261006-155100.csv,4.174933333333334
2026-10-06 15:51:42.685,8.1595e-11,Torr,10.back_stm_port,10.back_stm_port/MassSpecData-02115-20261006-155142.csv,4.180716666666666
2026-10-06 15:51:42.893,7.9179e-11,Torr,10.back_stm_port,10.back_stm_port/MassSpecData-02115-20261006-155142.csv,4.184183333333333
2026-10-06 15:51:43.102,7.7956e-11,Torr,10.back_stm_port,10.back_stm_port/MassSpecData-02115-20261006-155142.csv,4.187666666666667
2026-10-06 15:51:43.310,9.2606e-11,Torr,10.back_stm_port,10.back_stm_port/MassSpecData-02115-20261006-155142.csv,4.191133333333333
2026-10-06 15:51:43.518,8.0167e-11,Torr,10.back_stm_port,10.back_stm_port/MassSpecData-02115-20261006-155142.csv,4.194599999999999
2026-10-06 15:51:43.727,8.2433e-11,Torr,10.back_stm_port,10.back_stm_port/MassSpecData-02115-20261006-155142.csv,4.198083333333333
2026-10-06 15:51:43.935,6.6561e-11,Torr,10.back_stm_port,10.back_stm_port/MassSpecData-02115-20261006-155142.csv,4.20155
2026-10-06 15:51:44.143,9.7298e-11,Torr,10.back_stm_port,10.back_stm_port/MassSpecData-02115-20261006-155142.csv,4.205016666666666
2026-10-06 15:51:44.351,9.8812e-11,Torr,10.back_stm_port,10.back_stm_port/MassSpecData-02115-20261006-155142.csv,4.208483333333333
2026-10-06 15:51:44.560,8.5821e-11,Torr,10.back_stm_port,10.back_stm_port/MassSpecData-02115-20261006-155142.csv,4.211966666666666
2026-10-06 15:51:44.768,7.5618e-11,Torr,10.back_stm_port,10.back_stm_port/MassSpecData-02115-20261006-155142.csv,4.215433333333333
2026-10-06 15:51:44.977,9.2489e-11,Torr,10.back_stm_port,10.back_stm_port/MassSpecData-02115-20261006-155142.csv,4.218916666666667
2026-10-06 15:51:45.185,8.6288e-11,Torr,10.back_stm_port,10.back_stm_port/MassSpecData-02115-20261006-155142.csv,4.222383333333333
2026-10-06 15:51:45.393,9.1737e-11,Torr,10.back_stm_port,10.back_stm_port/MassSpecData-02115-20261006-155142.csv,4.225849999999999
2026-10-06 15:51:45.602,8.0774e-11,Torr,10.back_stm_port,10.back_stm_port/MassSpecData-02115-20261006-155142.csv,4.229333333333333
2026-10-06 15:51:45.810,8.5807e-11,Torr,10.back_stm_port,10.back_stm_port/MassSpecData-02115-20261006-155142.csv,4.2328
2026-10-06 15:51:46.018,8.1945e-11,Torr,10.back_stm_port,10.back_stm_port/MassSpecData-02115-20261006-155142.csv,4.236266666666666
2026-10-06 15:51:46.227,7.8956e-11,Torr,10.back_stm_port,10.back_stm_port/MassSpecData-02115-20261006-155142.csv,4.23975
2026-10-06 15:51:46.435,1.0342e-10,Torr,10.back_stm_port,10.back_stm_port/MassSpecData-02115-20261006-155142.csv,4.243216666666666
2026-10-06 15:51:46.643,9.5594e-11,Torr,10.back_stm_port,10.back_stm_port/MassSpecData-02115-20261006-155142.csv,4.246683333333333
2026-10-06 15:51:46.852,7.9492e-11,Torr,10.back_stm_port,10.back_stm_port/MassSpecData-02115-20261006-155142.csv,4.250166666666667
2026-10-06 15:51:47.060,7.5044e-11,Torr,10.back_stm_port,10.back_stm_port/MassSpecData-02115-20261006-155142.csv,4.253633333333333
2026-10-06 15:51:47.268,9.0546e-11,Torr,10.back_stm_port,10.back_stm_port/MassSpecData-02115-20261006-155142.csv,4.257099999999999
2026-10-06 15:51:47.477,7.3851e-11,Torr,10.back_stm_port,10.back_stm_port/MassSpecData-02115-20261006-155142.csv,4.260583333333333
2026-10-06 15:51:47.685,7.8319e-11,Torr,10.back_stm_port,10.back_stm_port/MassSpecData-02115-20261006-155142.csv,4.26405
2026-10-06 15:51:47.893,8.0184e-11,Torr,10.back_stm_port,10.back_stm_port/MassSpecData-02115-20261006-155142.csv,4.267516666666666
2026-10-06 15:51:48.101,7.3784e-11,Torr,10.back_stm_port,10.back_stm_port/MassSpecData-02115-20261006-155142.csv,4.270983333333334
2026-10-06 15:51:48.310,8.6868e-11,Torr,10.back_stm_port,10.back_stm_port/MassSpecData-02115-20261006-155142.csv,4.274466666666667
2026-10-06 15:51:48.518,7.5528e-11,Torr,10.back_stm_port,10.back_stm_port/MassSpecData-02115-20261006-155142.csv,4.277933333333333
2026-10-06 15:51:48.726,8.4831e-11,Torr,10.back_stm_port,10.back_stm_port/MassSpecData-02115-20261006-155142.csv,4.2814000000000005
2026-10-06 15:51:48.935,8.9595e-11,Torr,10.back_stm_port,10.back_stm_port/MassSpecData-02115-20261006-155142.csv,4.284883333333334
2026-10-06 15:51:49.143,7.6931e-11,Torr,10.back_stm_port,10.back_stm_port/MassSpecData-02115-20261006-155142.csv,4.288349999999999
2026-10-06 15:51:49.351,8.1462e-11,Torr,10.back_stm_port,10.back_stm_port/MassSpecData-02115-20261006-155142.csv,4.291816666666667
2026-10-06 15:51:49.560,8.6179e-11,Torr,10.back_stm_port,10.back_stm_port/MassSpecData-02115-20261006-155142.csv,4.2953
2026-10-06 15:51:49.768,8.2503e-11,Torr,10.back_stm_port,10.back_stm_port/MassSpecData-02115-20261006-155142.csv,4.298766666666666
2026-10-06 15:51:49.976,7.9282e-11,Torr,10.back_stm_port,10.back_stm_port/MassSpecData-02115-20261006-155142.csv,4.302233333333334
2026-10-06 15:51:50.185,8.8516e-11,Torr,10.back_stm_port,10.back_stm_port/MassSpecData-02115-20261006-155142.csv,4.305716666666667
2026-10-06 15:51:50.393,9.7325e-11,Torr,10.back_stm_port,10.back_stm_port/MassSpecData-02115-20261006-155142.csv,4.309183333333333
2026-10-06 15:51:50.601,8.6927e-11,Torr,10.back_stm_port,10.back_stm_port/MassSpecData-02115-20261006-155142.csv,4.3126500000000005
2026-10-06 15:51:50.810,1.0508e-10,Torr,10.back_stm_port,10.back_stm_port/MassSpecData-02115-20261006-155142.csv,4.316133333333334
2026-10-06 15:51:51.018,8.0507e-11,Torr,10.back_stm_port,10.back_stm_port/MassSpecData-02115-20261006-155142.csv,4.319599999999999
2026-10-06 15:51:51.226,9.4461e-11,Torr,10.back_stm_port,10.back_stm_port/MassSpecData-02115-20261006-155142.csv,4.323066666666667
2026-10-06 15:51:51.435,7.5373e-11,Torr,10.back_stm_port,10.back_stm_port/MassSpecData-02115-20261006-155142.csv,4.32655
2026-10-06 15:51:51.643,8.407e-11,Torr,10.back_stm_port,10.back_stm_port/MassSpecData-02115-20261006-155142.csv,4.330016666666666
2026-10-06 15:51:51.852,8.2585e-11,Torr,10.back_stm_port,10.back_stm_port/MassSpecData-02115-20261006-155142.csv,4.3335
2026-10-06 15:51:52.060,8.7685e-11,Torr,10.back_stm_port,10.back_stm_port/MassSpecData-02115-20261006-155142.csv,4.336966666666667
2026-10-06 15:51:52.268,8.036e-11,Torr,10.back_stm_port,10.back_stm_port/MassSpecData-02115-20261006-155142.csv,4.340433333333333
2026-10-06 15:51:52.477,8.0913e-11,Torr,10.back_stm_port,10.back_stm_port/MassSpecData-02115-20261006-155142.csv,4.343916666666667
2026-10-06 15:51:52.685,8.8282e-11,Torr,10.back_stm_port,10.back_stm_port/MassSpecData-02115-20261006-155142.csv,4.347383333333334
2026-10-06 15:51:52.893,8.477e-11,Torr,10.back_stm_port,10.back_stm_port/MassSpecData-02115-20261006-155142.csv,4.350849999999999
2026-10-06 15:51:53.102,7.8582e-11,Torr,10.back_stm_port,10.back_stm_port/MassSpecData-02115-20261006-155142.csv,4.354333333333333
2026-10-06 15:51:53.310,7.9177e-11,Torr,10.back_stm_port,10.back_stm_port/MassSpecData-02115-20261006-155142.csv,4.3578
2026-10-06 15:51:53.518,7.9492e-11,Torr,10.back_stm_port,10.back_stm_port/MassSpecData-02115-20261006-155142.csv,4.361266666666666
2026-10-06 15:51:53.727,9.506e-11,Torr,10.back_stm_port,10.back_stm_port/MassSpecData-02115-20261006-155142.csv,4.36475
2026-10-06 15:51:53.935,7.9783e-11,Torr,10.back_stm_port,10.back_stm_port/MassSpecData-02115-20261006-155142.csv,4.368216666666667
2026-10-06 15:51:54.143,8.4815e-11,Torr,10.back_stm_port,10.back_stm_port/MassSpecData-02115-20261006-155142.csv,4.371683333333333
2026-10-06 15:51:54.352,9.7728e-11,Torr,10.back_stm_port,10.back_stm_port/MassSpecData-02115-20261006-155142.csv,4.375166666666667
2026-10-06 15:51:54.560,1.0645e-10,Torr,10.back_stm_port,10.back_stm_port/MassSpecData-02115-20261006-155142.csv,4.378633333333334
2026-10-06 15:51:54.768,8.6398e-11,Torr,10.back_stm_port,10.back_stm_port/MassSpecData-02115-20261006-155142.csv,4.382099999999999
2026-10-06 15:51:54.977,7.6648e-11,Torr,10.back_stm_port,10.back_stm_port/MassSpecData-02115-20261006-155142.csv,4.385583333333333
2026-10-06 15:51:55.185,8.6332e-11,Torr,10.back_stm_port,10.back_stm_port/MassSpecData-02115-20261006-155142.csv,4.38905
2026-10-06 15:51:55.393,9.2918e-11,Torr,10.back_stm_port,10.back_stm_port/MassSpecData-02115-20261006-155142.csv,4.392516666666666
2026-10-06 15:51:55.602,8.0244e-11,Torr,10.back_stm_port,10.back_stm_port/MassSpecData-02115-20261006-155142.csv,4.396
2026-10-06 15:51:55.810,8.5113e-11,Torr,10.back_stm_port,10.back_stm_port/MassSpecData-02115-20261006-155142.csv,4.399466666666667
2026-10-06 15:51:56.018,7.7951e-11,Torr,10.back_stm_port,10.back_stm_port/MassSpecData-02115-20261006-155142.csv,4.402933333333333
2026-10-06 15:51:56.227,9.268e-11,Torr,10.back_stm_port,10.back_stm_port/MassSpecData-02115-20261006-155142.csv,4.406416666666667
2026-10-06 15:51:56.435,8.8734e-11,Torr,10.back_stm_port,10.back_stm_port/MassSpecData-02115-20261006-155142.csv,4.409883333333334
2026-10-06 15:51:56.643,8.579e-11,Torr,10.back_stm_port,10.back_stm_port/MassSpecData-02115-20261006-155142.csv,4.413349999999999
2026-10-06 15:51:56.852,8.2484e-11,Torr,10.back_stm_port,10.back_stm_port/MassSpecData-02115-20261006-155142.csv,4.416833333333333
2026-10-06 15:51:57.060,7.8515e-11,Torr,10.back_stm_port,10.back_stm_port/MassSpecData-02115-20261006-155142.csv,4.4203
2026-10-06 15:51:57.268,9.4514e-11,Torr,10.back_stm_port,10.back_stm_port/MassSpecData-02115-20261006-155142.csv,4.423766666666666
2026-10-06 15:51:57.477,9.1726e-11,Torr,10.back_stm_port,10.back_stm_port/MassSpecData-02115-20261006-155142.csv,4.42725
2026-10-06 15:51:57.685,8.9385e-11,Torr,10.back_stm_port,10.back_stm_port/MassSpecData-02115-20261006-155142.csv,4.430716666666667
2026-10-06 15:51:57.893,7.3819e-11,Torr,10.back_stm_port,10.back_stm_port/MassSpecData-02115-20261006-155142.csv,4.434183333333333
2026-10-06 15:51:58.102,8.0892e-11,Torr,10.back_stm_port,10.back_stm_port/MassSpecData-02115-20261006-155142.csv,4.437666666666667
2026-10-06 15:51:58.310,8.1441e-11,Torr,10.back_stm_port,10.back_stm_port/MassSpecData-02115-20261006-155142.csv,4.441133333333334
2026-10-06 15:51:58.518,8.9718e-11,Torr,10.back_stm_port,10.back_stm_port/MassSpecData-02115-20261006-155142.csv,4.444599999999999
2026-10-06 15:51:58.727,8.0877e-11,Torr,10.back_stm_port,10.back_stm_port/MassSpecData-02115-20261006-155142.csv,4.448083333333333
2026-10-06 15:51:58.935,8.7399e-11,Torr,10.back_stm_port,10.back_stm_port/MassSpecData-02115-20261006-155142.csv,4.45155
2026-10-06 15:51:59.143,8.7219e-11,Torr,10.back_stm_port,10.back_stm_port/MassSpecData-02115-20261006-155142.csv,4.455016666666666
2026-10-06 15:51:59.352,1.0304e-10,Torr,10.back_stm_port,10.back_stm_port/MassSpecData-02115-20261006-155142.csv,4.4585
2026-10-06 15:51:59.560,7.8464e-11,Torr,10.back_stm_port,10.back_stm_port/MassSpecData-02115-20261006-155142.csv,4.461966666666667
2026-10-06 15:51:59.768,8.0234e-11,Torr,10.back_stm_port,10.back_stm_port/MassSpecData-02115-20261006-155142.csv,4.465433333333333
2026-10-06 15:51:59.977,8.6479e-11,Torr,10.back_stm_port,10.back_stm_port/MassSpecData-02115-20261006-155142.csv,4.468916666666667
2026-10-06 15:52:00.185,8.4451e-11,Torr,10.back_stm_port,10.back_stm_port/MassSpecData-02115-20261006-155142.csv,4.472383333333334
2026-10-06 15:52:00.393,9.4169e-11,Torr,10.back_stm_port,10.back_stm_port/MassSpecData-02115-20261006-155142.csv,4.475849999999999
2026-10-06 15:52:00.602,9.1999e-11,Torr,10.back_stm_port,10.back_stm_port/MassSpecData-02115-20261006-155142.csv,4.479333333333333
2026-10-06 15:52:00.810,8.6229e-11,Torr,10.back_stm_port,10.back_stm_port/MassSpecData-02115-20261006-155142.csv,4.4828
2026-10-06 15:52:01.018,7.9402e-11,Torr,10.back_stm_port,10.back_stm_port/MassSpecData-02115-20261006-155142.csv,4.486266666666666
2026-10-06 15:52:01.227,8.7513e-11,Torr,10.back_stm_port,10.back_stm_port/MassSpecData-02115-20261006-155142.csv,4.48975
2026-10-06 15:52:01.435,7.9593e-11,Torr,10.back_stm_port,10.back_stm_port/MassSpecData-02115-20261006-155142.csv,4.493216666666667
2026-10-06 15:52:01.643,8.9659e-11,Torr,10.back_stm_port,10.back_stm_port/MassSpecData-02115-20261006-155142.csv,4.496683333333333
2026-10-06 15:52:01.852,8.5633e-11,Torr,10.back_stm_port,10.back_stm_port/MassSpecData-02115-20261006-155142.csv,4.500166666666667
2026-10-06 15:52:02.060,7.7166e-11,Torr,10.back_stm_port,10.back_stm_port/MassSpecData-02115-20261006-155142.csv,4.503633333333334
2026-10-06 15:52:02.268,7.3812e-11,Torr,10.back_stm_port,10.back_stm_port/MassSpecData-02115-20261006-155142.csv,4.507099999999999
2026-10-06 15:52:02.476,9.0398e-11,Torr,10.back_stm_port,10.back_stm_port/MassSpecData-02115-20261006-155142.csv,4.510566666666667
2026-10-06 15:52:02.685,8.1035e-11,Torr,10.back_stm_port,10.back_stm_port/MassSpecData-02115-20261006-155142.csv,4.51405
2026-10-06 15:52:02.893,9.1679e-11,Torr,10.back_stm_port,10.back_stm_port/MassSpecData-02115-20261006-155142.csv,4.517516666666666
2026-10-06 15:52:03.101,9.5042e-11,Torr,10.back_stm_port,10.back_stm_port/MassSpecData-02115-20261006-155142.csv,4.520983333333334
2026-10-06 15:52:03.310,8.8223e-11,Torr,10.back_stm_port,10.back_stm_port/MassSpecData-02115-20261006-155142.csv,4.524466666666667
2026-10-06 15:52:03.518,6.5787e-11,Torr,10.back_stm_port,10.back_stm_port/MassSpecData-02115-20261006-155142.csv,4.527933333333333
2026-10-06 15:52:03.726,7.2777e-11,Torr,10.back_stm_port,10.back_stm_port/MassSpecData-02115-20261006-155142.csv,4.5314000000000005
2026-10-06 15:52:03.935,8.4916e-11,Torr,10.back_stm_port,10.back_stm_port/MassSpecData-02115-20261006-155142.csv,4.534883333333334
2026-10-06 15:52:04.143,8.286e-11,Torr,10.back_stm_port,10.back_stm_port/MassSpecData-02115-20261006-155142.csv,4.538349999999999
2026-10-06 15:52:04.351,8.8651e-11,Torr,10.back_stm_port,10.back_stm_port/MassSpecData-02115-20261006-155142.csv,4.541816666666667
2026-10-06 15:52:04.560,8.8421e-11,Torr,10.back_stm_port,10.back_stm_port/MassSpecData-02115-20261006-155142.csv,4.5453
2026-10-06 15:52:04.768,7.5985e-11,Torr,10.back_stm_port,10.back_stm_port/MassSpecData-02115-20261006-155142.csv,4.548766666666666
2026-10-06 15:52:04.976,8.06e-11,Torr,10.back_stm_port,10.back_stm_port/MassSpecData-02115-20261006-155142.csv,4.552233333333334
2026-10-06 15:52:05.185,8.6706e-11,Torr,10.back_stm_port,10.back_stm_port/MassSpecData-02115-20261006-155142.csv,4.555716666666667
2026-10-06 15:52:05.393,1.0005e-10,Torr,10.back_stm_port,10.back_stm_port/MassSpecData-02115-20261006-155142.csv,4.559183333333333
2026-10-06 15:52:05.601,7.9653e-11,Torr,10.back_stm_port,10.back_stm_port/MassSpecData-02115-20261006-155142.csv,4.5626500000000005
2026-10-06 15:52:05.810,8.3836e-11,Torr,10.back_stm_port,10.back_stm_port/MassSpecData-02115-20261006-155142.csv,4.566133333333334
2026-10-06 15:52:06.018,9.2471e-11,Torr,10.back_stm_port,10.back_stm_port/MassSpecData-02115-20261006-155142.csv,4.569599999999999
2026-10-06 15:52:06.226,7.7551e-11,Torr,10.back_stm_port,10.back_stm_port/MassSpecData-02115-20261006-155142.csv,4.573066666666667
2026-10-06 15:52:06.435,9.4229e-11,Torr,10.back_stm_port,10.back_stm_port/MassSpecData-02115-20261006-155142.csv,4.57655
2026-10-06 15:52:06.643,9.284e-11,Torr,10.back_stm_port,10.back_stm_port/MassSpecData-02115-20261006-155142.csv,4.580016666666666
2026-10-06 15:52:06.851,8.857e-11,Torr,10.back_stm_port,10.back_stm_port/MassSpecData-02115-20261006-155142.csv,4.583483333333334
2026-10-06 15:52:07.060,9.4351e-11,Torr,10.back_stm_port,10.back_stm_port/MassSpecData-02115-20261006-155142.csv,4.586966666666667
2026-10-06 15:52:07.268,6.6438e-11,Torr,10.back_stm_port,10.back_stm_port/MassSpecData-02115-20261006-155142.csv,4.590433333333333
2026-10-06 15:52:07.476,7.6382e-11,Torr,10.back_stm_port,10.back_stm_port/MassSpecData-02115-20261006-155142.csv,4.5939000000000005
2026-10-06 15:52:07.685,7.8775e-11,Torr,10.back_stm_port,10.back_stm_port/MassSpecData-02115-20261006-155142.csv,4.597383333333334
2026-10-06 15:52:07.893,8.5003e-11,Torr,10.back_stm_port,10.back_stm_port/MassSpecData-02115-20261006-155142.csv,4.600849999999999
2026-10-06 15:52:08.101,7.0869e-11,Torr,10.back_stm_port,10.back_stm_port/MassSpecData-02115-20261006-155142.csv,4.604316666666667
2026-10-06 15:52:08.310,9.3527e-11,Torr,10.back_stm_port,10.back_stm_port/MassSpecData-02115-20261006-155142.csv,4.6078
2026-10-06 15:52:08.518,9.4843e-11,Torr,10.back_stm_port,10.back_stm_port/MassSpecData-02115-20261006-155142.csv,4.611266666666666
2026-10-06 15:52:08.726,8.456e-11,Torr,10.back_stm_port,10.back_stm_port/MassSpecData-02115-20261006-155142.csv,4.614733333333334
2026-10-06 15:52:08.935,8.6973e-11,Torr,10.back_stm_port,10.back_stm_port/MassSpecData-02115-20261006-155142.csv,4.618216666666667
2026-10-06 15:52:09.143,8.421e-11,Torr,10.back_stm_port,10.back_stm_port/MassSpecData-02115-20261006-155142.csv,4.621683333333333
2026-10-06 15:52:09.351,9.8634e-11,Torr,10.back_stm_port,10.back_stm_port/MassSpecData-02115-20261006-155142.csv,4.6251500000000005
2026-10-06 15:52:09.560,7.6622e-11,Torr,10.back_stm_port,10.back_stm_port/MassSpecData-02115-20261006-155142.csv,4.628633333333334
2026-10-06 15:52:09.768,9.1273e-11,Torr,10.back_stm_port,10.back_stm_port/MassSpecData-02115-20261006-155142.csv,4.632099999999999
2026-10-06 15:52:09.976,9.1115e-11,Torr,10.back_stm_port,10.back_stm_port/MassSpecData-02115-20261006-155142.csv,4.635566666666667
2026-10-06 15:52:10.185,7.4102e-11,Torr,10.back_stm_port,10.back_stm_port/MassSpecData-02115-20261006-155142.csv,4.63905
2026-10-06 15:52:10.393,9.1183e-11,Torr,10.back_stm_port,10.back_stm_port/MassSpecData-02115-20261006-155142.csv,4.642516666666666
2026-10-06 15:52:10.601,9.4514e-11,Torr,10.back_stm_port,10.back_stm_port/MassSpecData-02115-20261006-155142.csv,4.645983333333334
2026-10-06 15:52:10.810,6.9757e-11,Torr,10.back_stm_port,10.back_stm_port/MassSpecData-02115-20261006-155142.csv,4.649466666666667
2026-10-06 15:52:11.018,7.8434e-11,Torr,10.back_stm_port,10.back_stm_port/MassSpecData-02115-20261006-155142.csv,4.652933333333333
2026-10-06 15:52:11.226,8.4204e-11,Torr,10.back_stm_port,10.back_stm_port/MassSpecData-02115-20261006-155142.csv,4.6564000000000005
2026-10-06 15:52:11.435,8.1477e-11,Torr,10.back_stm_port,10.back_stm_port/MassSpecData-02115-20261006-155142.csv,4.659883333333334
2026-10-06 15:52:11.643,6.9166e-11,Torr,10.back_stm_port,10.back_stm_port/MassSpecData-02115-20261006-155142.csv,4.663349999999999
2026-10-06 15:52:11.851,8.7172e-11,Torr,10.back_stm_port,10.back_stm_port/MassSpecData-02115-20261006-155142.csv,4.666816666666667
2026-10-06 15:52:12.060,7.8096e-11,Torr,10.back_stm_port,10.back_stm_port/MassSpecData-02115-20261006-155142.csv,4.6703
2026-10-06 15:52:12.268,8.0609e-11,Torr,10.back_stm_port,10.back_stm_port/MassSpecData-02115-20261006-155142.csv,4.673766666666666
2026-10-06 15:52:12.476,8.5722e-11,Torr,10.back_stm_port,10.back_stm_port/MassSpecData-02115-20261006-155142.csv,4.677233333333334
2026-10-06 15:52:12.685,8.8327e-11,Torr,10.back_stm_port,10.back_stm_port/MassSpecData-02115-20261006-155142.csv,4.680716666666667
2026-10-06 15:52:12.893,1.0697e-10,Torr,10.back_stm_port,10.back_stm_port/MassSpecData-02115-20261006-155142.csv,4.684183333333333
2026-10-06 15:52:13.101,8.8012e-11,Torr,10.back_stm_port,10.back_stm_port/MassSpecData-02115-20261006-155142.csv,4.6876500000000005
2026-10-06 15:52:13.310,8.9278e-11,Torr,10.back_stm_port,10.back_stm_port/MassSpecData-02115-20261006-155142.csv,4.691133333333334
2026-10-06 15:52:13.518,8.2318e-11,Torr,10.back_stm_port,10.back_stm_port/MassSpecData-02115-20261006-155142.csv,4.694599999999999
2026-10-06 15:52:13.726,6.4141e-11,Torr,10.back_stm_port,10.back_stm_port/MassSpecData-02115-20261006-155142.csv,4.698066666666667
2026-10-06 15:52:13.935,7.6501e-11,Torr,10.back_stm_port,10.back_stm_port/MassSpecData-02115-20261006-155142.csv,4.70155
2026-10-06 15:52:14.143,8.0664e-11,Torr,10.back_stm_port,10.back_stm_port/MassSpecData-02115-20261006-155142.csv,4.705016666666666
2026-10-06 15:52:14.351,8.6081e-11,Torr,10.back_stm_port,10.back_stm_port/MassSpecData-02115-20261006-155142.csv,4.708483333333334
2026-10-06 15:52:14.560,8.7259e-11,Torr,10.back_stm_port,10.back_stm_port/MassSpecData-02115-20261006-155142.csv,4.711966666666667
2026-10-06 15:52:14.768,7.5044e-11,Torr,10.back_stm_port,10.back_stm_port/MassSpecData-02115-20261006-155142.csv,4.715433333333333
2026-10-06 15:52:14.976,8.1179e-11,Torr,10.back_stm_port,10.back_stm_port/MassSpecData-02115-20261006-155142.csv,4.7189000000000005
2026-10-06 15:52:15.185,9.2986e-11,Torr,10.back_stm_port,10.back_stm_port/MassSpecData-02115-20261006-155142.csv,4.722383333333334
2026-10-06 15:52:15.393,9.3897e-11,Torr,10.back_stm_port,10.back_stm_port/MassSpecData-02115-20261006-155142.csv,4.725849999999999
2026-10-06 15:52:15.601,8.6353e-11,Torr,10.back_stm_port,10.back_stm_port/MassSpecData-02115-20261006-155142.csv,4.729316666666667
2026-10-06 15:52:15.810,7.7632e-11,Torr,10.back_stm_port,10.back_stm_port/MassSpecData-02115-20261006-155142.csv,4.7328
2026-10-06 15:52:16.018,7.0252e-11,Torr,10.back_stm_port,10.back_stm_port/MassSpecData-02115-20261006-155142.csv,4.736266666666666
2026-10-06 15:52:16.226,6.4848e-11,Torr,10.back_stm_port,10.back_stm_port/MassSpecData-02115-20261006-155142.csv,4.739733333333334
2026-10-06 15:52:16.435,8.6118e-11,Torr,10.back_stm_port,10.back_stm_port/MassSpecData-02115-20261006-155142.csv,4.743216666666667
2026-10-06 15:52:16.643,7.5264e-11,Torr,10.back_stm_port,10.back_stm_port/MassSpecData-02115-20261006-155142.csv,4.746683333333333
2026-10-06 15:52:16.851,7.5784e-11,Torr,10.back_stm_port,10.back_stm_port/MassSpecData-02115-20261006-155142.csv,4.7501500000000005
2026-10-06 15:52:17.060,1.0059e-10,Torr,10.back_stm_port,10.back_stm_port/MassSpecData-02115-20261006-155142.csv,4.753633333333334
2026-10-06 15:52:17.268,7.6517e-11,Torr,10.back_stm_port,10.back_stm_port/MassSpecData-02115-20261006-155142.csv,4.757099999999999
2026-10-06 15:52:17.476,9.2025e-11,Torr,10.back_stm_port,10.back_stm_port/MassSpecData-02115-20261006-155142.csv,4.760566666666667
2026-10-06 15:52:17.685,8.6125e-11,Torr,10.back_stm_port,10.back_stm_port/MassSpecData-02115-20261006-155142.csv,4.76405
2026-10-06 15:52:17.893,8.6027e-11,Torr,10.back_stm_port,10.back_stm_port/MassSpecData-02115-20261006-155142.csv,4.767516666666666
2026-10-06 15:52:18.101,9.9235e-11,Torr,10.back_stm_port,10.back_stm_port/MassSpecData-02115-20261006-155142.csv,4.770983333333334
2026-10-06 15:52:18.310,7.7897e-11,Torr,10.back_stm_port,10.back_stm_port/MassSpecData-02115-20261006-155142.csv,4.774466666666667
2026-10-06 15:52:18.518,7.8709e-11,Torr,10.back_stm_port,10.back_stm_port/MassSpecData-02115-20261006-155142.csv,4.777933333333333
2026-10-06 15:52:18.726,9.1252e-11,Torr,10.back_stm_port,10.back_stm_port/MassSpecData-02115-20261006-155142.csv,4.7814000000000005
2026-10-06 15:52:18.935,7.773e-11,Torr,10.back_stm_port,10.back_stm_port/MassSpecData-02115-20261006-155142.csv,4.784883333333334
2026-10-06 15:52:19.143,9.7964e-11,Torr,10.back_stm_port,10.back_stm_port/MassSpecData-02115-20261006-155142.csv,4.788349999999999
2026-10-06 15:52:19.351,8.3456e-11,Torr,10.back_stm_port,10.back_stm_port/MassSpecData-02115-20261006-155142.csv,4.791816666666667
2026-10-06 15:52:19.560,8.7079e-11,Torr,10.back_stm_port,10.back_stm_port/MassSpecData-02115-20261006-155142.csv,4.7953
2026-10-06 15:52:19.768,7.8892e-11,Torr,10.back_stm_port,10.back_stm_port/MassSpecData-02115-20261006-155142.csv,4.798766666666666
2026-10-06 15:52:19.976,7.9888e-11,Torr,10.back_stm_port,10.back_stm_port/MassSpecData-02115-20261006-155142.csv,4.802233333333334
2026-10-06 15:52:20.185,9.365e-11,Torr,10.back_stm_port,10.back_stm_port/MassSpecData-02115-20261006-155142.csv,4.805716666666667
2026-10-06 15:52:20.393,9.0184e-11,Torr,10.back_stm_port,10.back_stm_port/MassSpecData-02115-20261006-155142.csv,4.809183333333333
2026-10-06 15:52:20.602,8.4936e-11,Torr,10.back_stm_port,10.back_stm_port/MassSpecData-02115-20261006-155142.csv,4.812666666666667
2026-10-06 15:52:20.810,8.4164e-11,Torr,10.back_stm_port,10.back_stm_port/MassSpecData-02115-20261006-155142.csv,4.816133333333334
2026-10-06 15:52:21.018,8.1075e-11,Torr,10.back_stm_port,10.back_stm_port/MassSpecData-02115-20261006-155142.csv,4.819599999999999
2026-10-06 15:52:21.227,8.745e-11,Torr,10.back_stm_port,10.back_stm_port/MassSpecData-02115-20261006-155142.csv,4.823083333333333
2026-10-06 15:52:21.435,8.2949e-11,Torr,10.back_stm_port,10.back_stm_port/MassSpecData-02115-20261006-155142.csv,4.82655
2026-10-06 15:52:21.643,7.2987e-11,Torr,10.back_stm_port,10.back_stm_port/MassSpecData-02115-20261006-155142.csv,4.830016666666666
2026-10-06 15:52:21.852,7.9631e-11,Torr,10.back_stm_port,10.back_stm_port/MassSpecData-02115-20261006-155142.csv,4.8335
2026-10-06 15:52:22.060,7.2381e-11,Torr,10.back_stm_port,10.back_stm_port/MassSpecData-02115-20261006-155142.csv,4.836966666666667
2026-10-06 15:52:22.268,9.8954e-11,Torr,10.back_stm_port,10.back_stm_port/MassSpecData-02115-20261006-155142.csv,4.840433333333333
2026-10-06 15:52:22.477,7.9764e-11,Torr,10.back_stm_port,10.back_stm_port/MassSpecData-02115-20261006-155142.csv,4.843916666666667
2026-10-06 15:52:22.685,7.3594e-11,Torr,10.back_stm_port,10.back_stm_port/MassSpecData-02115-20261006-155142.csv,4.847383333333334
2026-10-06 15:52:22.893,8.8097e-11,Torr,10.back_stm_port,10.back_stm_port/MassSpecData-02115-20261006-155142.csv,4.850849999999999
2026-10-06 15:52:23.102,7.98e-11,Torr,10.back_stm_port,10.back_stm_port/MassSpecData-02115-20261006-155142.csv,4.854333333333333
2026-10-06 15:52:23.310,8.5899e-11,Torr,10.back_stm_port,10.back_stm_port/MassSpecData-02115-20261006-155142.csv,4.8578
2026-10-06 15:52:23.518,8.941e-11,Torr,10.back_stm_port,10.back_stm_port/MassSpecData-02115-20261006-155142.csv,4.861266666666666
2026-10-06 15:52:23.727,8.7522e-11,Torr,10.back_stm_port,10.back_stm_port/MassSpecData-02115-20261006-155142.csv,4.86475
2026-10-06 15:52:23.935,9.4441e-11,Torr,10.back_stm_port,10.back_stm_port/MassSpecData-02115-20261006-155142.csv,4.868216666666667
2026-10-06 15:52:24.143,7.2946e-11,Torr,10.back_stm_port,10.back_stm_port/MassSpecData-02115-20261006-155142.csv,4.871683333333333
2026-10-06 15:52:24.483,8.7102e-11,Torr,10.back_stm_port,10.back_stm_port/MassSpecData-02115-20261006-155224.csv,4.877350000000001
2026-10-06 15:52:24.691,7.1481e-11,Torr,10.back_stm_port,10.back_stm_port/MassSpecData-02115-20261006-155224.csv,4.880816666666666
2026-10-06 15:52:24.900,9.5015e-11,Torr,10.back_stm_port,10.back_stm_port/MassSpecData-02115-20261006-155224.csv,4.8843
2026-10-06 15:52:25.108,1.0215e-10,Torr,10.back_stm_port,10.back_stm_port/MassSpecData-02115-20261006-155224.csv,4.887766666666667
2026-10-06 15:52:25.316,9.2696e-11,Torr,10.back_stm_port,10.back_stm_port/MassSpecData-02115-20261006-155224.csv,4.891233333333333
2026-10-06 15:52:25.525,9.2739e-11,Torr,10.back_stm_port,10.back_stm_port/MassSpecData-02115-20261006-155224.csv,4.894716666666667
2026-10-06 15:52:25.733,9.9239e-11,Torr,10.back_stm_port,10.back_stm_port/MassSpecData-02115-20261006-155224.csv,4.898183333333334
2026-10-06 15:52:25.941,8.0261e-11,Torr,10.back_stm_port,10.back_stm_port/MassSpecData-02115-20261006-155224.csv,4.90165
2026-10-06 15:52:26.149,8.3918e-11,Torr,10.back_stm_port,10.back_stm_port/MassSpecData-02115-20261006-155224.csv,4.905116666666667
2026-10-06 15:52:26.358,7.813e-11,Torr,10.back_stm_port,10.back_stm_port/MassSpecData-02115-20261006-155224.csv,4.908600000000001
2026-10-06 15:52:26.566,9.7121e-11,Torr,10.back_stm_port,10.back_stm_port/MassSpecData-02115-20261006-155224.csv,4.912066666666666
2026-10-06 15:52:26.775,9.7762e-11,Torr,10.back_stm_port,10.back_stm_port/MassSpecData-02115-20261006-155224.csv,4.91555
2026-10-06 15:52:26.983,7.6001e-11,Torr,10.back_stm_port,10.back_stm_port/MassSpecData-02115-20261006-155224.csv,4.919016666666667
2026-10-06 15:52:27.191,1.0397e-10,Torr,10.back_stm_port,10.back_stm_port/MassSpecData-02115-20261006-155224.csv,4.922483333333333
2026-10-06 15:52:27.400,9.7543e-11,Torr,10.back_stm_port,10.back_stm_port/MassSpecData-02115-20261006-155224.csv,4.925966666666667
2026-10-06 15:52:27.608,8.9489e-11,Torr,10.back_stm_port,10.back_stm_port/MassSpecData-02115-20261006-155224.csv,4.929433333333334
2026-10-06 15:52:27.816,7.5973e-11,Torr,10.back_stm_port,10.back_stm_port/MassSpecData-02115-20261006-155224.csv,4.9329
2026-10-06 15:52:28.025,7.5637e-11,Torr,10.back_stm_port,10.back_stm_port/MassSpecData-02115-20261006-155224.csv,4.936383333333334
2026-10-06 15:52:28.233,7.6367e-11,Torr,10.back_stm_port,10.back_stm_port/MassSpecData-02115-20261006-155224.csv,4.939850000000001
2026-10-06 15:52:28.441,9.4984e-11,Torr,10.back_stm_port,10.back_stm_port/MassSpecData-02115-20261006-155224.csv,4.943316666666666
2026-10-06 15:52:28.650,8.0479e-11,Torr,10.back_stm_port,10.back_stm_port/MassSpecData-02115-20261006-155224.csv,4.9468
2026-10-06 15:52:28.858,9.7895e-11,Torr,10.back_stm_port,10.back_stm_port/MassSpecData-02115-20261006-155224.csv,4.950266666666667
2026-10-06 15:52:29.066,7.992e-11,Torr,10.back_stm_port,10.back_stm_port/MassSpecData-02115-20261006-155224.csv,4.953733333333333
2026-10-06 15:52:29.275,7.9044e-11,Torr,10.back_stm_port,10.back_stm_port/MassSpecData-02115-20261006-155224.csv,4.957216666666667
2026-10-06 15:52:29.483,9.1605e-11,Torr,10.back_stm_port,10.back_stm_port/MassSpecData-02115-20261006-155224.csv,4.960683333333334
2026-10-06 15:52:29.691,9.1066e-11,Torr,10.back_stm_port,10.back_stm_port/MassSpecData-02115-20261006-155224.csv,4.96415
2026-10-06 15:52:29.899,8.3194e-11,Torr,10.back_stm_port,10.back_stm_port/MassSpecData-02115-20261006-155224.csv,4.967616666666667
2026-10-06 15:52:30.108,8.31e-11,Torr,10.back_stm_port,10.back_stm_port/MassSpecData-02115-20261006-155224.csv,4.971100000000001
2026-10-06 15:52:30.316,9.2938e-11,Torr,10.back_stm_port,10.back_stm_port/MassSpecData-02115-20261006-155224.csv,4.974566666666666
2026-10-06 15:52:30.524,9.4554e-11,Torr,10.back_stm_port,10.back_stm_port/MassSpecData-02115-20261006-155224.csv,4.978033333333333
2026-10-06 15:52:30.733,7.957e-11,Torr,10.back_stm_port,10.back_stm_port/MassSpecData-02115-20261006-155224.csv,4.981516666666667
2026-10-06 15:52:30.941,8.7231e-11,Torr,10.back_stm_port,10.back_stm_port/MassSpecData-02115-20261006-155224.csv,4.984983333333333
2026-10-06 15:52:31.149,7.6843e-11,Torr,10.back_stm_port,10.back_stm_port/MassSpecData-02115-20261006-155224.csv,4.98845
2026-10-06 15:52:31.358,8.6257e-11,Torr,10.back_stm_port,10.back_stm_port/MassSpecData-02115-20261006-155224.csv,4.991933333333334
2026-10-06 15:52:31.566,9.0978e-11,Torr,10.back_stm_port,10.back_stm_port/MassSpecData-02115-20261006-155224.csv,4.9954
2026-10-06 15:52:31.774,8.6839e-11,Torr,10.back_stm_port,10.back_stm_port/MassSpecData-02115-20261006-155224.csv,4.998866666666667
2026-10-06 15:52:31.983,1.0076e-10,Torr,10.back_stm_port,10.back_stm_port/MassSpecData-02115-20261006-155224.csv,5.002350000000001
2026-10-06 15:52:32.191,8.2963e-11,Torr,10.back_stm_port,10.back_stm_port/MassSpecData-02115-20261006-155224.csv,5.005816666666666
2026-10-06 15:52:32.399,9.411e-11,Torr,10.back_stm_port,10.back_stm_port/MassSpecData-02115-20261006-155224.csv,5.009283333333333
2026-10-06 15:52:32.608,8.2688e-11,Torr,10.back_stm_port,10.back_stm_port/MassSpecData-02115-20261006-155224.csv,5.012766666666667
2026-10-06 15:52:32.816,7.1466e-11,Torr,10.back_stm_port,10.back_stm_port/MassSpecData-02115-20261006-155224.csv,5.016233333333333
2026-10-06 15:52:33.024,9.3488e-11,Torr,10.back_stm_port,10.back_stm_port/MassSpecData-02115-20261006-155224.csv,5.0197
2026-10-06 15:52:33.233,9.5235e-11,Torr,10.back_stm_port,10.back_stm_port/MassSpecData-02115-20261006-155224.csv,5.023183333333334
2026-10-06 15:52:33.441,7.3628e-11,Torr,10.back_stm_port,10.back_stm_port/MassSpecData-02115-20261006-155224.csv,5.02665
2026-10-06 15:52:33.650,8.2818e-11,Torr,10.back_stm_port,10.back_stm_port/MassSpecData-02115-20261006-155224.csv,5.030133333333334
2026-10-06 15:52:33.858,7.6217e-11,Torr,10.back_stm_port,10.back_stm_port/MassSpecData-02115-20261006-155224.csv,5.033600000000001
2026-10-06 15:52:34.066,8.0914e-11,Torr,10.back_stm_port,10.back_stm_port/MassSpecData-02115-20261006-155224.csv,5.037066666666666
2026-10-06 15:52:34.275,8.008e-11,Torr,10.back_stm_port,10.back_stm_port/MassSpecData-02115-20261006-155224.csv,5.04055
2026-10-06 15:52:34.483,8.7651e-11,Torr,10.back_stm_port,10.back_stm_port/MassSpecData-02115-20261006-155224.csv,5.044016666666667
2026-10-06 15:52:34.691,8.5654e-11,Torr,10.back_stm_port,10.back_stm_port/MassSpecData-02115-20261006-155224.csv,5.047483333333333
2026-10-06 15:52:34.900,8.2692e-11,Torr,10.back_stm_port,10.back_stm_port/MassSpecData-02115-20261006-155224.csv,5.050966666666667
2026-10-06 15:52:35.108,8.146e-11,Torr,10.back_stm_port,10.back_stm_port/MassSpecData-02115-20261006-155224.csv,5.054433333333334
2026-10-06 15:52:35.316,8.4906e-11,Torr,10.back_stm_port,10.back_stm_port/MassSpecData-02115-20261006-155224.csv,5.0579
2026-10-06 15:52:35.525,8.3844e-11,Torr,10.back_stm_port,10.back_stm_port/MassSpecData-02115-20261006-155224.csv,5.061383333333334
2026-10-06 15:52:35.733,7.6652e-11,Torr,10.back_stm_port,10.back_stm_port/MassSpecData-02115-20261006-155224.csv,5.064850000000001
2026-10-06 15:52:35.941,8.3996e-11,Torr,10.back_stm_port,10.back_stm_port/MassSpecData-02115-20261006-155224.csv,5.068316666666666
2026-10-06 15:52:36.150,9.4364e-11,Torr,10.back_stm_port,10.back_stm_port/MassSpecData-02115-20261006-155224.csv,5.0718
2026-10-06 15:52:36.358,8.6841e-11,Torr,10.back_stm_port,10.back_stm_port/MassSpecData-02115-20261006-155224.csv,5.075266666666667
2026-10-06 15:52:36.566,8.2748e-11,Torr,10.back_stm_port,10.back_stm_port/MassSpecData-02115-20261006-155224.csv,5.078733333333333
2026-10-06 15:52:36.775,8.8378e-11,Torr,10.back_stm_port,10.back_stm_port/MassSpecData-02115-20261006-155224.csv,5.082216666666667
2026-10-06 15:52:36.983,7.9015e-11,Torr,10.back_stm_port,10.back_stm_port/MassSpecData-02115-20261006-155224.csv,5.085683333333334
2026-10-06 15:52:37.191,7.5552e-11,Torr,10.back_stm_port,10.back_stm_port/MassSpecData-02115-20261006-155224.csv,5.08915
2026-10-06 15:52:37.400,6.8428e-11,Torr,10.back_stm_port,10.back_stm_port/MassSpecData-02115-20261006-155224.csv,5.092633333333334
2026-10-06 15:52:37.608,7.8587e-11,Torr,10.back_stm_port,10.back_stm_port/MassSpecData-02115-20261006-155224.csv,5.096100000000001
2026-10-06 15:52:37.816,6.9848e-11,Torr,10.back_stm_port,10.back_stm_port/MassSpecData-02115-20261006-155224.csv,5.099566666666666
2026-10-06 15:52:38.025,9.4113e-11,Torr,10.back_stm_port,10.back_stm_port/MassSpecData-02115-20261006-155224.csv,5.10305
2026-10-06 15:52:38.233,6.8673e-11,Torr,10.back_stm_port,10.back_stm_port/MassSpecData-02115-20261006-155224.csv,5.106516666666667
2026-10-06 15:52:38.441,6.7717e-11,Torr,10.back_stm_port,10.back_stm_port/MassSpecData-02115-20261006-155224.csv,5.109983333333333
2026-10-06 15:52:38.650,8.052e-11,Torr,10.back_stm_port,10.back_stm_port/MassSpecData-02115-20261006-155224.csv,5.113466666666667
2026-10-06 15:52:38.858,8.8034e-11,Torr,10.back_stm_port,10.back_stm_port/MassSpecData-02115-20261006-155224.csv,5.116933333333334
2026-10-06 15:52:39.066,8.2972e-11,Torr,10.back_stm_port,10.back_stm_port/MassSpecData-02115-20261006-155224.csv,5.1204
2026-10-06 15:52:39.275,7.5544e-11,Torr,10.back_stm_port,10.back_stm_port/MassSpecData-02115-20261006-155224.csv,5.123883333333334
2026-10-06 15:52:39.483,8.2207e-11,Torr,10.back_stm_port,10.back_stm_port/MassSpecData-02115-20261006-155224.csv,5.127350000000001
2026-10-06 15:52:39.691,8.1956e-11,Torr,10.back_stm_port,10.back_stm_port/MassSpecData-02115-20261006-155224.csv,5.130816666666666
2026-10-06 15:52:39.900,7.4475e-11,Torr,10.back_stm_port,10.back_stm_port/MassSpecData-02115-20261006-155224.csv,5.1343
2026-10-06 15:52:40.108,7.8596e-11,Torr,10.back_stm_port,10.back_stm_port/MassSpecData-02115-20261006-155224.csv,5.137766666666667
2026-10-06 15:52:40.316,8.1447e-11,Torr,10.back_stm_port,10.back_stm_port/MassSpecData-02115-20261006-155224.csv,5.141233333333333
2026-10-06 15:52:40.525,8.3764e-11,Torr,10.back_stm_port,10.back_stm_port/MassSpecData-02115-20261006-155224.csv,5.144716666666667
2026-10-06 15:52:40.733,9.1742e-11,Torr,10.back_stm_port,10.back_stm_port/MassSpecData-02115-20261006-155224.csv,5.148183333333334
2026-10-06 15:52:40.941,9.3399e-11,Torr,10.back_stm_port,10.back_stm_port/MassSpecData-02115-20261006-155224.csv,5.15165
2026-10-06 15:52:41.150,7.9842e-11,Torr,10.back_stm_port,10.back_stm_port/MassSpecData-02115-20261006-155224.csv,5.155133333333334
2026-10-06 15:52:41.358,1.011e-10,Torr,10.back_stm_port,10.back_stm_port/MassSpecData-02115-20261006-155224.csv,5.158600000000001
2026-10-06 15:52:41.566,8.4355e-11,Torr,10.back_stm_port,10.back_stm_port/MassSpecData-02115-20261006-155224.csv,5.162066666666666
2026-10-06 15:52:41.775,8.7663e-11,Torr,10.back_stm_port,10.back_stm_port/MassSpecData-02115-20261006-155224.csv,5.16555
2026-10-06 15:52:41.983,7.3966e-11,Torr,10.back_stm_port,10.back_stm_port/MassSpecData-02115-20261006-155224.csv,5.169016666666667
2026-10-06 15:52:42.191,9.6391e-11,Torr,10.back_stm_port,10.back_stm_port/MassSpecData-02115-20261006-155224.csv,5.172483333333333
2026-10-06 15:52:42.400,8.4241e-11,Torr,10.back_stm_port,10.back_stm_port/MassSpecData-02115-20261006-155224.csv,5.175966666666667
2026-10-06 15:52:42.608,8.3115e-11,Torr,10.back_stm_port,10.back_stm_port/MassSpecData-02115-20261006-155224.csv,5.179433333333334
2026-10-06 15:52:42.816,8.2778e-11,Torr,10.back_stm_port,10.back_stm_port/MassSpecData-02115-20261006-155224.csv,5.1829
2026-10-06 15:52:43.025,8.7141e-11,Torr,10.back_stm_port,10.back_stm_port/MassSpecData-02115-20261006-155224.csv,5.186383333333334
2026-10-06 15:52:43.233,9.0689e-11,Torr,10.back_stm_port,10.back_stm_port/MassSpecData-02115-20261006-155224.csv,5.189850000000001
2026-10-06 15:52:43.441,8.4245e-11,Torr,10.back_stm_port,10.back_stm_port/MassSpecData-02115-20261006-155224.csv,5.193316666666666
2026-10-06 15:52:43.650,7.3582e-11,Torr,10.back_stm_port,10.back_stm_port/MassSpecData-02115-20261006-155224.csv,5.1968
2026-10-06 15:52:43.858,7.3647e-11,Torr,10.back_stm_port,10.back_stm_port/MassSpecData-02115-20261006-155224.csv,5.200266666666667
2026-10-06 15:52:44.066,7.3429e-11,Torr,10.back_stm_port,10.back_stm_port/MassSpecData-02115-20261006-155224.csv,5.203733333333333
2026-10-06 15:52:44.274,7.7816e-11,Torr,10.back_stm_port,10.back_stm_port/MassSpecData-02115-20261006-155224.csv,5.2072
2026-10-06 15:52:44.483,8.9132e-11,Torr,10.back_stm_port,10.back_stm_port/MassSpecData-02115-20261006-155224.csv,5.210683333333334
2026-10-06 15:52:44.691,6.4802e-11,Torr,10.back_stm_port,10.back_stm_port/MassSpecData-02115-20261006-155224.csv,5.21415
2026-10-06 15:52:44.899,8.6006e-11,Torr,10.back_stm_port,10.back_stm_port/MassSpecData-02115-20261006-155224.csv,5.217616666666667
2026-10-06 15:52:45.108,9.206e-11,Torr,10.back_stm_port,10.back_stm_port/MassSpecData-02115-20261006-155224.csv,5.221100000000001
2026-10-06 15:52:45.316,8.363e-11,Torr,10.back_stm_port,10.back_stm_port/MassSpecData-02115-20261006-155224.csv,5.224566666666666
2026-10-06 15:52:45.524,9.0295e-11,Torr,10.back_stm_port,10.back_stm_port/MassSpecData-02115-20261006-155224.csv,5.228033333333333
2026-10-06 15:52:45.733,8.7321e-11,Torr,10.back_stm_port,10.back_stm_port/MassSpecData-02115-20261006-155224.csv,5.231516666666667
2026-10-06 15:52:45.941,1.0084e-10,Torr,10.back_stm_port,10.back_stm_port/MassSpecData-02115-20261006-155224.csv,5.234983333333333
2026-10-06 15:52:46.149,9.6094e-11,Torr,10.back_stm_port,10.back_stm_port/MassSpecData-02115-20261006-155224.csv,5.23845
2026-10-06 15:52:46.358,8.0273e-11,Torr,10.back_stm_port,10.back_stm_port/MassSpecData-02115-20261006-155224.csv,5.241933333333334
2026-10-06 15:52:46.566,8.4117e-11,Torr,10.back_stm_port,10.back_stm_port/MassSpecData-02115-20261006-155224.csv,5.2454
2026-10-06 15:52:46.774,7.8682e-11,Torr,10.back_stm_port,10.back_stm_port/MassSpecData-02115-20261006-155224.csv,5.248866666666667
2026-10-06 15:52:46.983,8.8977e-11,Torr,10.back_stm_port,10.back_stm_port/MassSpecData-02115-20261006-155224.csv,5.252350000000001
2026-10-06 15:52:47.191,9.2265e-11,Torr,10.back_stm_port,10.back_stm_port/MassSpecData-02115-20261006-155224.csv,5.255816666666666
2026-10-06 15:52:47.399,7.7079e-11,Torr,10.back_stm_port,10.back_stm_port/MassSpecData-02115-20261006-155224.csv,5.259283333333333
2026-10-06 15:52:47.608,7.3541e-11,Torr,10.back_stm_port,10.back_stm_port/MassSpecData-02115-20261006-155224.csv,5.262766666666667
2026-10-06 15:52:47.816,8.0499e-11,Torr,10.back_stm_port,10.back_stm_port/MassSpecData-02115-20261006-155224.csv,5.266233333333333
2026-10-06 15:52:48.024,8.5547e-11,Torr,10.back_stm_port,10.back_stm_port/MassSpecData-02115-20261006-155224.csv,5.2697
2026-10-06 15:52:48.233,8.7921e-11,Torr,10.back_stm_port,10.back_stm_port/MassSpecData-02115-20261006-155224.csv,5.273183333333334
2026-10-06 15:52:48.441,9.8258e-11,Torr,10.back_stm_port,10.back_stm_port/MassSpecData-02115-20261006-155224.csv,5.27665
2026-10-06 15:52:48.649,8.5154e-11,Torr,10.back_stm_port,10.back_stm_port/MassSpecData-02115-20261006-155224.csv,5.280116666666667
2026-10-06 15:52:48.858,7.8769e-11,Torr,10.back_stm_port,10.back_stm_port/MassSpecData-02115-20261006-155224.csv,5.283600000000001
2026-10-06 15:52:49.066,7.02e-11,Torr,10.back_stm_port,10.back_stm_port/MassSpecData-02115-20261006-155224.csv,5.287066666666666
2026-10-06 15:52:49.274,7.9349e-11,Torr,10.back_stm_port,10.back_stm_port/MassSpecData-02115-20261006-155224.csv,5.290533333333333
2026-10-06 15:52:49.483,8.6252e-11,Torr,10.back_stm_port,10.back_stm_port/MassSpecData-02115-20261006-155224.csv,5.294016666666667
2026-10-06 15:52:49.691,9.6811e-11,Torr,10.back_stm_port,10.back_stm_port/MassSpecData-02115-20261006-155224.csv,5.297483333333333
2026-10-06 15:52:49.899,8.4672e-11,Torr,10.back_stm_port,10.back_stm_port/MassSpecData-02115-20261006-155224.csv,5.30095
2026-10-06 15:52:50.108,9.8779e-11,Torr,10.back_stm_port,10.back_stm_port/MassSpecData-02115-20261006-155224.csv,5.304433333333334
2026-10-06 15:52:50.316,7.5859e-11,Torr,10.back_stm_port,10.back_stm_port/MassSpecData-02115-20261006-155224.csv,5.3079
2026-10-06 15:52:50.524,7.3079e-11,Torr,10.back_stm_port,10.back_stm_port/MassSpecData-02115-20261006-155224.csv,5.311366666666667
2026-10-06 15:52:50.733,8.2807e-11,Torr,10.back_stm_port,10.back_stm_port/MassSpecData-02115-20261006-155224.csv,5.314850000000001
2026-10-06 15:52:50.941,8.4873e-11,Torr,10.back_stm_port,10.back_stm_port/MassSpecData-02115-20261006-155224.csv,5.318316666666666
2026-10-06 15:52:51.149,8.1883e-11,Torr,10.back_stm_port,10.back_stm_port/MassSpecData-02115-20261006-155224.csv,5.321783333333333
2026-10-06 15:52:51.358,8.5389e-11,Torr,10.back_stm_port,10.back_stm_port/MassSpecData-02115-20261006-155224.csv,5.325266666666667
2026-10-06 15:52:51.566,8.7327e-11,Torr,10.back_stm_port,10.back_stm_port/MassSpecData-02115-20261006-155224.csv,5.328733333333333
2026-10-06 15:52:51.774,7.6529e-11,Torr,10.back_stm_port,10.back_stm_port/MassSpecData-02115-20261006-155224.csv,5.3322
2026-10-06 15:52:51.983,8.7879e-11,Torr,10.back_stm_port,10.back_stm_port/MassSpecData-02115-20261006-155224.csv,5.335683333333334
2026-10-06 15:52:52.191,8.6557e-11,Torr,10.back_stm_port,10.back_stm_port/MassSpecData-02115-20261006-155224.csv,5.33915
2026-10-06 15:52:52.399,8.7975e-11,Torr,10.back_stm_port,10.back_stm_port/MassSpecData-02115-20261006-155224.csv,5.342616666666667
2026-10-06 15:52:52.608,9.0937e-11,Torr,10.back_stm_port,10.back_stm_port/MassSpecData-02115-20261006-155224.csv,5.346100000000001
2026-10-06 15:52:52.816,8.4548e-11,Torr,10.back_stm_port,10.back_stm_port/MassSpecData-02115-20261006-155224.csv,5.349566666666666
2026-10-06 15:52:53.024,8.0326e-11,Torr,10.back_stm_port,10.back_stm_port/MassSpecData-02115-20261006-155224.csv,5.353033333333333
2026-10-06 15:52:53.233,9.7165e-11,Torr,10.back_stm_port,10.back_stm_port/MassSpecData-02115-20261006-155224.csv,5.356516666666667
2026-10-06 15:52:53.441,9.6911e-11,Torr,10.back_stm_port,10.back_stm_port/MassSpecData-02115-20261006-155224.csv,5.359983333333333
2026-10-06 15:52:53.649,1.0643e-10,Torr,10.back_stm_port,10.back_stm_port/MassSpecData-02115-20261006-155224.csv,5.36345
2026-10-06 15:52:53.858,9.5409e-11,Torr,10.back_stm_port,10.back_stm_port/MassSpecData-02115-20261006-155224.csv,5.366933333333334
2026-10-06 15:52:54.066,7.4614e-11,Torr,10.back_stm_port,10.back_stm_port/MassSpecData-02115-20261006-155224.csv,5.3704
2026-10-06 15:52:54.274,8.2543e-11,Torr,10.back_stm_port,10.back_stm_port/MassSpecData-02115-20261006-155224.csv,5.373866666666667
2026-10-06 15:52:54.483,9.0331e-11,Torr,10.back_stm_port,10.back_stm_port/MassSpecData-02115-20261006-155224.csv,5.377350000000001
2026-10-06 15:52:54.691,8.7982e-11,Torr,10.back_stm_port,10.back_stm_port/MassSpecData-02115-20261006-155224.csv,5.380816666666666
2026-10-06 15:52:54.899,8.8932e-11,Torr,10.back_stm_port,10.back_stm_port/MassSpecData-02115-20261006-155224.csv,5.384283333333333
2026-10-06 15:52:55.108,7.5984e-11,Torr,10.back_stm_port,10.back_stm_port/MassSpecData-02115-20261006-155224.csv,5.387766666666667
2026-10-06 15:52:55.316,9.1148e-11,Torr,10.back_stm_port,10.back_stm_port/MassSpecData-02115-20261006-155224.csv,5.391233333333333
2026-10-06 15:52:55.524,9.3041e-11,Torr,10.back_stm_port,10.back_stm_port/MassSpecData-02115-20261006-155224.csv,5.3947
2026-10-06 15:52:55.733,1.0044e-10,Torr,10.back_stm_port,10.back_stm_port/MassSpecData-02115-20261006-155224.csv,5.398183333333334
2026-10-06 15:52:55.941,7.8432e-11,Torr,10.back_stm_port,10.back_stm_port/MassSpecData-02115-20261006-155224.csv,5.40165
2026-10-06 15:52:56.149,7.8842e-11,Torr,10.back_stm_port,10.back_stm_port/MassSpecData-02115-20261006-155224.csv,5.405116666666667
2026-10-06 15:52:56.358,8.494e-11,Torr,10.back_stm_port,10.back_stm_port/MassSpecData-02115-20261006-155224.csv,5.408600000000001
2026-10-06 15:52:56.566,9.1411e-11,Torr,10.back_stm_port,10.back_stm_port/MassSpecData-02115-20261006-155224.csv,5.412066666666666
2026-10-06 15:52:56.774,9.0864e-11,Torr,10.back_stm_port,10.back_stm_port/MassSpecData-02115-20261006-155224.csv,5.415533333333333
2026-10-06 15:52:56.983,8.9753e-11,Torr,10.back_stm_port,10.back_stm_port/MassSpecData-02115-20261006-155224.csv,5.419016666666667
2026-10-06 15:52:57.191,8.4958e-11,Torr,10.back_stm_port,10.back_stm_port/MassSpecData-02115-20261006-155224.csv,5.422483333333333
2026-10-06 15:52:57.399,7.9383e-11,Torr,10.back_stm_port,10.back_stm_port/MassSpecData-02115-20261006-155224.csv,5.42595
2026-10-06 15:52:57.608,9.4306e-11,Torr,10.back_stm_port,10.back_stm_port/MassSpecData-02115-20261006-155224.csv,5.429433333333334
2026-10-06 15:52:57.816,9.9665e-11,Torr,10.back_stm_port,10.back_stm_port/MassSpecData-02115-20261006-155224.csv,5.4329
2026-10-06 15:52:58.024,9.7338e-11,Torr,10.back_stm_port,10.back_stm_port/MassSpecData-02115-20261006-155224.csv,5.436366666666667
2026-10-06 15:52:58.233,8.7167e-11,Torr,10.back_stm_port,10.back_stm_port/MassSpecData-02115-20261006-155224.csv,5.439850000000001
2026-10-06 15:52:58.441,8.2443e-11,Torr,10.back_stm_port,10.back_stm_port/MassSpecData-02115-20261006-155224.csv,5.443316666666666
2026-10-06 15:52:58.649,7.9421e-11,Torr,10.back_stm_port,10.back_stm_port/MassSpecData-02115-20261006-155224.csv,5.446783333333333
2026-10-06 15:52:58.858,7.8729e-11,Torr,10.back_stm_port,10.back_stm_port/MassSpecData-02115-20261006-155224.csv,5.450266666666667
2026-10-06 15:52:59.066,8.81e-11,Torr,10.back_stm_port,10.back_stm_port/MassSpecData-02115-20261006-155224.csv,5.453733333333333
2026-10-06 15:52:59.274,8.3675e-11,Torr,10.back_stm_port,10.back_stm_port/MassSpecData-02115-20261006-155224.csv,5.4572
2026-10-06 15:52:59.483,9.266e-11,Torr,10.back_stm_port,10.back_stm_port/MassSpecData-02115-20261006-155224.csv,5.460683333333334
2026-10-06 15:52:59.691,8.7414e-11,Torr,10.back_stm_port,10.back_stm_port/MassSpecData-02115-20261006-155224.csv,5.46415
2026-10-06 15:52:59.899,9.7027e-11,Torr,10.back_stm_port,10.back_stm_port/MassSpecData-02115-20261006-155224.csv,5.467616666666667
2026-10-06 15:53:00.108,7.8155e-11,Torr,10.back_stm_port,10.back_stm_port/MassSpecData-02115-20261006-155224.csv,5.471100000000001
2026-10-06 15:53:00.316,8.9185e-11,Torr,10.back_stm_port,10.back_stm_port/MassSpecData-02115-20261006-155224.csv,5.474566666666666
2026-10-06 15:53:00.524,9.267e-11,Torr,10.back_stm_port,10.back_stm_port/MassSpecData-02115-20261006-155224.csv,5.478033333333333
2026-10-06 15:53:00.733,8.1811e-11,Torr,10.back_stm_port,10.back_stm_port/MassSpecData-02115-20261006-155224.csv,5.481516666666667
2026-10-06 15:53:00.941,8.6312e-11,Torr,10.back_stm_port,10.back_stm_port/MassSpecData-02115-20261006-155224.csv,5.484983333333333
2026-10-06 15:53:01.149,9.7663e-11,Torr,10.back_stm_port,10.back_stm_port/MassSpecData-02115-20261006-155224.csv,5.48845
2026-10-06 15:53:01.358,1.0297e-10,Torr,10.back_stm_port,10.back_stm_port/MassSpecData-02115-20261006-155224.csv,5.491933333333334
2026-10-06 15:53:01.566,8.8014e-11,Torr,10.back_stm_port,10.back_stm_port/MassSpecData-02115-20261006-155224.csv,5.4954
2026-10-06 15:53:01.774,7.9773e-11,Torr,10.back_stm_port,10.back_stm_port/MassSpecData-02115-20261006-155224.csv,5.498866666666667
2026-10-06 15:53:01.983,8.8373e-11,Torr,10.back_stm_port,10.back_stm_port/MassSpecData-02115-20261006-155224.csv,5.502350000000001
2026-10-06 15:53:02.191,8.2557e-11,Torr,10.back_stm_port,10.back_stm_port/MassSpecData-02115-20261006-155224.csv,5.505816666666666
2026-10-06 15:53:02.400,8.6375e-11,Torr,10.back_stm_port,10.back_stm_port/MassSpecData-02115-20261006-155224.csv,5.5093
2026-10-06 15:53:02.608,8.437e-11,Torr,10.back_stm_port,10.back_stm_port/MassSpecData-02115-20261006-155224.csv,5.512766666666667
2026-10-06 15:53:02.816,9.2338e-11,Torr,10.back_stm_port,10.back_stm_port/MassSpecData-02115-20261006-155224.csv,5.516233333333333
2026-10-06 15:53:03.025,9.7575e-11,Torr,10.back_stm_port,10.back_stm_port/MassSpecData-02115-20261006-155224.csv,5.519716666666667
2026-10-06 15:53:03.233,6.6971e-11,Torr,10.back_stm_port,10.back_stm_port/MassSpecData-02115-20261006-155224.csv,5.523183333333334
2026-10-06 15:53:03.441,9.2578e-11,Torr,10.back_stm_port,10.back_stm_port/MassSpecData-02115-20261006-155224.csv,5.52665
2026-10-06 15:53:03.650,8.3726e-11,Torr,10.back_stm_port,10.back_stm_port/MassSpecData-02115-20261006-155224.csv,5.530133333333334
2026-10-06 15:53:03.858,9.1053e-11,Torr,10.back_stm_port,10.back_stm_port/MassSpecData-02115-20261006-155224.csv,5.533600000000001
2026-10-06 15:53:04.066,8.5338e-11,Torr,10.back_stm_port,10.back_stm_port/MassSpecData-02115-20261006-155224.csv,5.537066666666666
2026-10-06 15:53:04.275,8.7015e-11,Torr,10.back_stm_port,10.back_stm_port/MassSpecData-02115-20261006-155224.csv,5.54055
2026-10-06 15:53:04.483,7.5136e-11,Torr,10.back_stm_port,10.back_stm_port/MassSpecData-02115-20261006-155224.csv,5.544016666666667
2026-10-06 15:53:04.691,8.7879e-11,Torr,10.back_stm_port,10.back_stm_port/MassSpecData-02115-20261006-155224.csv,5.547483333333333
2026-10-06 15:53:04.900,8.3821e-11,Torr,10.back_stm_port,10.back_stm_port/MassSpecData-02115-20261006-155224.csv,5.550966666666667
2026-10-06 15:53:05.108,7.5416e-11,Torr,10.back_stm_port,10.back_stm_port/MassSpecData-02115-20261006-155224.csv,5.554433333333334
2026-10-06 15:53:05.316,7.8056e-11,Torr,10.back_stm_port,10.back_stm_port/MassSpecData-02115-20261006-155224.csv,5.5579
2026-10-06 15:53:05.525,8.5954e-11,Torr,10.back_stm_port,10.back_stm_port/MassSpecData-02115-20261006-155224.csv,5.561383333333334
2026-10-06 15:53:05.733,8.7318e-11,Torr,10.back_stm_port,10.back_stm_port/MassSpecData-02115-20261006-155224.csv,5.564850000000001
2026-10-06 15:53:05.941,9.7693e-11,Torr,10.back_stm_port,10.back_stm_port/MassSpecData-02115-20261006-155224.csv,5.568316666666666
2026-10-06 15:53:06.280,7.3704e-11,Torr,10.back_stm_port,10.back_stm_port/MassSpecData-02115-20261006-155306.csv,5.573966666666666
2026-10-06 15:53:06.488,7.3083e-11,Torr,10.back_stm_port,10.back_stm_port/MassSpecData-02115-20261006-155306.csv,5.5774333333333335
2026-10-06 15:53:06.697,8.7687e-11,Torr,10.back_stm_port,10.back_stm_port/MassSpecData-02115-20261006-155306.csv,5.580916666666667
2026-10-06 15:53:06.905,7.8804e-11,Torr,10.back_stm_port,10.back_stm_port/MassSpecData-02115-20261006-155306.csv,5.584383333333333
2026-10-06 15:53:07.113,7.0684e-11,Torr,10.back_stm_port,10.back_stm_port/MassSpecData-02115-20261006-155306.csv,5.58785
2026-10-06 15:53:07.322,9.3153e-11,Torr,10.back_stm_port,10.back_stm_port/MassSpecData-02115-20261006-155306.csv,5.591333333333334
2026-10-06 15:53:07.530,7.4134e-11,Torr,10.back_stm_port,10.back_stm_port/MassSpecData-02115-20261006-155306.csv,5.5948
2026-10-06 15:53:07.738,7.8239e-11,Torr,10.back_stm_port,10.back_stm_port/MassSpecData-02115-20261006-155306.csv,5.5982666666666665
2026-10-06 15:53:07.946,9.3302e-11,Torr,10.back_stm_port,10.back_stm_port/MassSpecData-02115-20261006-155306.csv,5.601733333333333
2026-10-06 15:53:08.155,8.8068e-11,Torr,10.back_stm_port,10.back_stm_port/MassSpecData-02115-20261006-155306.csv,5.605216666666666
2026-10-06 15:53:08.363,7.5406e-11,Torr,10.back_stm_port,10.back_stm_port/MassSpecData-02115-20261006-155306.csv,5.6086833333333335
2026-10-06 15:53:08.572,8.7482e-11,Torr,10.back_stm_port,10.back_stm_port/MassSpecData-02115-20261006-155306.csv,5.612166666666667
2026-10-06 15:53:08.780,8.2294e-11,Torr,10.back_stm_port,10.back_stm_port/MassSpecData-02115-20261006-155306.csv,5.615633333333333
2026-10-06 15:53:08.988,7.1523e-11,Torr,10.back_stm_port,10.back_stm_port/MassSpecData-02115-20261006-155306.csv,5.6191
2026-10-06 15:53:09.197,7.9031e-11,Torr,10.back_stm_port,10.back_stm_port/MassSpecData-02115-20261006-155306.csv,5.622583333333334
2026-10-06 15:53:09.405,7.5669e-11,Torr,10.back_stm_port,10.back_stm_port/MassSpecData-02115-20261006-155306.csv,5.62605
2026-10-06 15:53:09.613,9.3609e-11,Torr,10.back_stm_port,10.back_stm_port/MassSpecData-02115-20261006-155306.csv,5.6295166666666665
2026-10-06 15:53:09.822,8.2255e-11,Torr,10.back_stm_port,10.back_stm_port/MassSpecData-02115-20261006-155306.csv,5.633
2026-10-06 15:53:10.030,7.7804e-11,Torr,10.back_stm_port,10.back_stm_port/MassSpecData-02115-20261006-155306.csv,5.636466666666666
2026-10-06 15:53:10.238,9.132e-11,Torr,10.back_stm_port,10.back_stm_port/MassSpecData-02115-20261006-155306.csv,5.6399333333333335
2026-10-06 15:53:10.447,8.7308e-11,Torr,10.back_stm_port,10.back_stm_port/MassSpecData-02115-20261006-155306.csv,5.643416666666667
2026-10-06 15:53:10.655,9.3927e-11,Torr,10.back_stm_port,10.back_stm_port/MassSpecData-02115-20261006-155306.csv,5.646883333333333
2026-10-06 15:53:10.863,8.9934e-11,Torr,10.back_stm_port,10.back_stm_port/MassSpecData-02115-20261006-155306.csv,5.65035
2026-10-06 15:53:11.072,7.9572e-11,Torr,10.back_stm_port,10.back_stm_port/MassSpecData-02115-20261006-155306.csv,5.653833333333334
2026-10-06 15:53:11.280,8.9193e-11,Torr,10.back_stm_port,10.back_stm_port/MassSpecData-02115-20261006-155306.csv,5.6573
2026-10-06 15:53:11.488,7.9393e-11,Torr,10.back_stm_port,10.back_stm_port/MassSpecData-02115-20261006-155306.csv,5.6607666666666665
2026-10-06 15:53:11.696,9.4765e-11,Torr,10.back_stm_port,10.back_stm_port/MassSpecData-02115-20261006-155306.csv,5.664233333333333
2026-10-06 15:53:11.905,7.7444e-11,Torr,10.back_stm_port,10.back_stm_port/MassSpecData-02115-20261006-155306.csv,5.667716666666666
2026-10-06 15:53:12.113,7.7605e-11,Torr,10.back_stm_port,10.back_stm_port/MassSpecData-02115-20261006-155306.csv,5.6711833333333335
2026-10-06 15:53:12.321,8.0392e-11,Torr,10.back_stm_port,10.back_stm_port/MassSpecData-02115-20261006-155306.csv,5.67465
2026-10-06 15:53:12.530,8.3456e-11,Torr,10.back_stm_port,10.back_stm_port/MassSpecData-02115-20261006-155306.csv,5.678133333333333
2026-10-06 15:53:12.738,7.3233e-11,Torr,10.back_stm_port,10.back_stm_port/MassSpecData-02115-20261006-155306.csv,5.6816
2026-10-06 15:53:12.946,9.5033e-11,Torr,10.back_stm_port,10.back_stm_port/MassSpecData-02115-20261006-155306.csv,5.685066666666667
2026-10-06 15:53:13.155,8.1077e-11,Torr,10.back_stm_port,10.back_stm_port/MassSpecData-02115-20261006-155306.csv,5.68855
2026-10-06 15:53:13.363,8.5281e-11,Torr,10.back_stm_port,10.back_stm_port/MassSpecData-02115-20261006-155306.csv,5.6920166666666665
2026-10-06 15:53:13.571,8.5317e-11,Torr,10.back_stm_port,10.back_stm_port/MassSpecData-02115-20261006-155306.csv,5.695483333333333
2026-10-06 15:53:13.780,8.6711e-11,Torr,10.back_stm_port,10.back_stm_port/MassSpecData-02115-20261006-155306.csv,5.698966666666666
2026-10-06 15:53:13.988,8.1708e-11,Torr,10.back_stm_port,10.back_stm_port/MassSpecData-02115-20261006-155306.csv,5.7024333333333335
2026-10-06 15:53:14.196,7.5577e-11,Torr,10.back_stm_port,10.back_stm_port/MassSpecData-02115-20261006-155306.csv,5.7059
2026-10-06 15:53:14.405,8.757e-11,Torr,10.back_stm_port,10.back_stm_port/MassSpecData-02115-20261006-155306.csv,5.709383333333333
2026-10-06 15:53:14.613,7.7921e-11,Torr,10.back_stm_port,10.back_stm_port/MassSpecData-02115-20261006-155306.csv,5.71285
2026-10-06 15:53:14.821,8.8131e-11,Torr,10.back_stm_port,10.back_stm_port/MassSpecData-02115-20261006-155306.csv,5.716316666666667
2026-10-06 15:53:15.030,8.0987e-11,Torr,10.back_stm_port,10.back_stm_port/MassSpecData-02115-20261006-155306.csv,5.7198
2026-10-06 15:53:15.238,8.1394e-11,Torr,10.back_stm_port,10.back_stm_port/MassSpecData-02115-20261006-155306.csv,5.7232666666666665
2026-10-06 15:53:15.447,8.3566e-11,Torr,10.back_stm_port,10.back_stm_port/MassSpecData-02115-20261006-155306.csv,5.72675
2026-10-06 15:53:15.655,8.6962e-11,Torr,10.back_stm_port,10.back_stm_port/MassSpecData-02115-20261006-155306.csv,5.730216666666666
2026-10-06 15:53:15.863,8.6511e-11,Torr,10.back_stm_port,10.back_stm_port/MassSpecData-02115-20261006-155306.csv,5.7336833333333335
2026-10-06 15:53:16.072,7.6142e-11,Torr,10.back_stm_port,10.back_stm_port/MassSpecData-02115-20261006-155306.csv,5.737166666666667
2026-10-06 15:53:16.280,9.4946e-11,Torr,10.back_stm_port,10.back_stm_port/MassSpecData-02115-20261006-155306.csv,5.740633333333333
2026-10-06 15:53:16.488,9.2187e-11,Torr,10.back_stm_port,10.back_stm_port/MassSpecData-02115-20261006-155306.csv,5.7441
2026-10-06 15:53:16.697,8.2651e-11,Torr,10.back_stm_port,10.back_stm_port/MassSpecData-02115-20261006-155306.csv,5.747583333333334
2026-10-06 15:53:16.905,7.984e-11,Torr,10.back_stm_port,10.back_stm_port/MassSpecData-02115-20261006-155306.csv,5.75105
2026-10-06 15:53:17.113,7.5653e-11,Torr,10.back_stm_port,10.back_stm_port/MassSpecData-02115-20261006-155306.csv,5.7545166666666665
2026-10-06 15:53:17.322,9.2555e-11,Torr,10.back_stm_port,10.back_stm_port/MassSpecData-02115-20261006-155306.csv,5.758
2026-10-06 15:53:17.530,7.702e-11,Torr,10.back_stm_port,10.back_stm_port/MassSpecData-02115-20261006-155306.csv,5.761466666666666
2026-10-06 15:53:17.738,9.9235e-11,Torr,10.back_stm_port,10.back_stm_port/MassSpecData-02115-20261006-155306.csv,5.7649333333333335
2026-10-06 15:53:17.947,9.4558e-11,Torr,10.back_stm_port,10.back_stm_port/MassSpecData-02115-20261006-155306.csv,5.768416666666667
2026-10-06 15:53:18.155,7.1639e-11,Torr,10.back_stm_port,10.back_stm_port/MassSpecData-02115-20261006-155306.csv,5.771883333333333
2026-10-06 15:53:18.363,9.2038e-11,Torr,10.back_stm_port,10.back_stm_port/MassSpecData-02115-20261006-155306.csv,5.77535
2026-10-06 15:53:18.572,8.1868e-11,Torr,10.back_stm_port,10.back_stm_port/MassSpecData-02115-20261006-155306.csv,5.778833333333334
2026-10-06 15:53:18.780,9.9781e-11,Torr,10.back_stm_port,10.back_stm_port/MassSpecData-02115-20261006-155306.csv,5.7823
2026-10-06 15:53:18.988,8.3988e-11,Torr,10.back_stm_port,10.back_stm_port/MassSpecData-02115-20261006-155306.csv,5.7857666666666665
2026-10-06 15:53:19.197,1.0079e-10,Torr,10.back_stm_port,10.back_stm_port/MassSpecData-02115-20261006-155306.csv,5.78925
2026-10-06 15:53:19.405,8.1565e-11,Torr,10.back_stm_port,10.back_stm_port/MassSpecData-02115-20261006-155306.csv,5.792716666666666
2026-10-06 15:53:19.613,8.304e-11,Torr,10.back_stm_port,10.back_stm_port/MassSpecData-02115-20261006-155306.csv,5.7961833333333335
2026-10-06 15:53:19.822,7.7679e-11,Torr,10.back_stm_port,10.back_stm_port/MassSpecData-02115-20261006-155306.csv,5.799666666666667
2026-10-06 15:53:20.030,8.7523e-11,Torr,10.back_stm_port,10.back_stm_port/MassSpecData-02115-20261006-155306.csv,5.803133333333333
2026-10-06 15:53:20.238,8.6839e-11,Torr,10.back_stm_port,10.back_stm_port/MassSpecData-02115-20261006-155306.csv,5.8066
2026-10-06 15:53:20.447,8.5552e-11,Torr,10.back_stm_port,10.back_stm_port/MassSpecData-02115-20261006-155306.csv,5.810083333333334
2026-10-06 15:53:20.655,8.3454e-11,Torr,10.back_stm_port,10.back_stm_port/MassSpecData-02115-20261006-155306.csv,5.81355
2026-10-06 15:53:20.863,7.7746e-11,Torr,10.back_stm_port,10.back_stm_port/MassSpecData-02115-20261006-155306.csv,5.8170166666666665
2026-10-06 15:53:21.072,9.9321e-11,Torr,10.back_stm_port,10.back_stm_port/MassSpecData-02115-20261006-155306.csv,5.8205
2026-10-06 15:53:21.280,7.7053e-11,Torr,10.back_stm_port,10.back_stm_port/MassSpecData-02115-20261006-155306.csv,5.823966666666666
2026-10-06 15:53:21.488,9.2766e-11,Torr,10.back_stm_port,10.back_stm_port/MassSpecData-02115-20261006-155306.csv,5.8274333333333335
2026-10-06 15:53:21.697,9.7608e-11,Torr,10.back_stm_port,10.back_stm_port/MassSpecData-02115-20261006-155306.csv,5.830916666666667
2026-10-06 15:53:21.905,8.2549e-11,Torr,10.back_stm_port,10.back_stm_port/MassSpecData-02115-20261006-155306.csv,5.834383333333333
2026-10-06 15:53:22.113,9.1557e-11,Torr,10.back_stm_port,10.back_stm_port/MassSpecData-02115-20261006-155306.csv,5.83785
2026-10-06 15:53:22.322,7.5645e-11,Torr,10.back_stm_port,10.back_stm_port/MassSpecData-02115-20261006-155306.csv,5.841333333333334
2026-10-06 15:53:22.530,8.2121e-11,Torr,10.back_stm_port,10.back_stm_port/MassSpecData-02115-20261006-155306.csv,5.8448
2026-10-06 15:53:22.738,8.5967e-11,Torr,10.back_stm_port,10.back_stm_port/MassSpecData-02115-20261006-155306.csv,5.8482666666666665
2026-10-06 15:53:22.947,7.9797e-11,Torr,10.back_stm_port,10.back_stm_port/MassSpecData-02115-20261006-155306.csv,5.85175
2026-10-06 15:53:23.155,8.4759e-11,Torr,10.back_stm_port,10.back_stm_port/MassSpecData-02115-20261006-155306.csv,5.855216666666666
2026-10-06 15:53:23.363,9.3336e-11,Torr,10.back_stm_port,10.back_stm_port/MassSpecData-02115-20261006-155306.csv,5.8586833333333335
2026-10-06 15:53:23.572,7.7802e-11,Torr,10.back_stm_port,10.back_stm_port/MassSpecData-02115-20261006-155306.csv,5.862166666666667
2026-10-06 15:53:23.780,8.3033e-11,Torr,10.back_stm_port,10.back_stm_port/MassSpecData-02115-20261006-155306.csv,5.865633333333333
2026-10-06 15:53:23.988,8.5499e-11,Torr,10.back_stm_port,10.back_stm_port/MassSpecData-02115-20261006-155306.csv,5.8691
2026-10-06 15:53:24.197,8.5731e-11,Torr,10.back_stm_port,10.back_stm_port/MassSpecData-02115-20261006-155306.csv,5.872583333333334
2026-10-06 15:53:24.405,8.2502e-11,Torr,10.back_stm_port,10.back_stm_port/MassSpecData-02115-20261006-155306.csv,5.87605
2026-10-06 15:53:24.613,9.1207e-11,Torr,10.back_stm_port,10.back_stm_port/MassSpecData-02115-20261006-155306.csv,5.8795166666666665
2026-10-06 15:53:24.822,8.8915e-11,Torr,10.back_stm_port,10.back_stm_port/MassSpecData-02115-20261006-155306.csv,5.883
2026-10-06 15:53:25.030,8.24e-11,Torr,10.back_stm_port,10.back_stm_port/MassSpecData-02115-20261006-155306.csv,5.886466666666666
2026-10-06 15:53:25.238,7.9985e-11,Torr,10.back_stm_port,10.back_stm_port/MassSpecData-02115-20261006-155306.csv,5.8899333333333335
2026-10-06 15:53:25.447,7.9426e-11,Torr,10.back_stm_port,10.back_stm_port/MassSpecData-02115-20261006-155306.csv,5.893416666666667
2026-10-06 15:53:25.655,7.5219e-11,Torr,10.back_stm_port,10.back_stm_port/MassSpecData-02115-20261006-155306.csv,5.896883333333333
2026-10-06 15:53:25.863,8.6255e-11,Torr,10.back_stm_port,10.back_stm_port/MassSpecData-02115-20261006-155306.csv,5.90035
2026-10-06 15:53:26.071,8.0544e-11,Torr,10.back_stm_port,10.back_stm_port/MassSpecData-02115-20261006-155306.csv,5.903816666666667
2026-10-06 15:53:26.280,9.7617e-11,Torr,10.back_stm_port,10.back_stm_port/MassSpecData-02115-20261006-155306.csv,5.9073
2026-10-06 15:53:26.488,7.7324e-11,Torr,10.back_stm_port,10.back_stm_port/MassSpecData-02115-20261006-155306.csv,5.9107666666666665
2026-10-06 15:53:26.696,7.2708e-11,Torr,10.back_stm_port,10.back_stm_port/MassSpecData-02115-20261006-155306.csv,5.914233333333333
2026-10-06 15:53:26.905,8.0436e-11,Torr,10.back_stm_port,10.back_stm_port/MassSpecData-02115-20261006-155306.csv,5.917716666666666
2026-10-06 15:53:27.113,7.9205e-11,Torr,10.back_stm_port,10.back_stm_port/MassSpecData-02115-20261006-155306.csv,5.9211833333333335
2026-10-06 15:53:27.321,7.142e-11,Torr,10.back_stm_port,10.back_stm_port/MassSpecData-02115-20261006-155306.csv,5.92465
2026-10-06 15:53:27.530,8.243e-11,Torr,10.back_stm_port,10.back_stm_port/MassSpecData-02115-20261006-155306.csv,5.928133333333333
2026-10-06 15:53:27.738,8.959e-11,Torr,10.back_stm_port,10.back_stm_port/MassSpecData-02115-20261006-155306.csv,5.9316
2026-10-06 15:53:27.946,6.7402e-11,Torr,10.back_stm_port,10.back_stm_port/MassSpecData-02115-20261006-155306.csv,5.935066666666667
2026-10-06 15:53:28.155,1.0356e-10,Torr,10.back_stm_port,10.back_stm_port/MassSpecData-02115-20261006-155306.csv,5.93855
2026-10-06 15:53:28.363,8.1347e-11,Torr,10.back_stm_port,10.back_stm_port/MassSpecData-02115-20261006-155306.csv,5.9420166666666665
2026-10-06 15:53:28.571,8.3669e-11,Torr,10.back_stm_port,10.back_stm_port/MassSpecData-02115-20261006-155306.csv,5.945483333333333
2026-10-06 15:53:28.780,9.3392e-11,Torr,10.back_stm_port,10.back_stm_port/MassSpecData-02115-20261006-155306.csv,5.948966666666666
2026-10-06 15:53:28.988,8.4364e-11,Torr,10.back_stm_port,10.back_stm_port/MassSpecData-02115-20261006-155306.csv,5.9524333333333335
2026-10-06 15:53:29.196,7.6245e-11,Torr,10.back_stm_port,10.back_stm_port/MassSpecData-02115-20261006-155306.csv,5.9559
2026-10-06 15:53:29.405,7.418e-11,Torr,10.back_stm_port,10.back_stm_port/MassSpecData-02115-20261006-155306.csv,5.959383333333333
2026-10-06 15:53:29.613,8.2986e-11,Torr,10.back_stm_port,10.back_stm_port/MassSpecData-02115-20261006-155306.csv,5.96285
2026-10-06 15:53:29.821,7.8042e-11,Torr,10.back_stm_port,10.back_stm_port/MassSpecData-02115-20261006-155306.csv,5.966316666666667
2026-10-06 15:53:30.030,1.0028e-10,Torr,10.back_stm_port,10.back_stm_port/MassSpecData-02115-20261006-155306.csv,5.9698
2026-10-06 15:53:30.238,8.5229e-11,Torr,10.back_stm_port,10.back_stm_port/MassSpecData-02115-20261006-155306.csv,5.9732666666666665
2026-10-06 15:53:30.446,8.1027e-11,Torr,10.back_stm_port,10.back_stm_port/MassSpecData-02115-20261006-155306.csv,5.976733333333333
2026-10-06 15:53:30.655,8.1197e-11,Torr,10.back_stm_port,10.back_stm_port/MassSpecData-02115-20261006-155306.csv,5.980216666666666
2026-10-06 15:53:30.863,7.9335e-11,Torr,10.back_stm_port,10.back_stm_port/MassSpecData-02115-20261006-155306.csv,5.9836833333333335
2026-10-06 15:53:31.071,8.992e-11,Torr,10.back_stm_port,10.back_stm_port/MassSpecData-02115-20261006-155306.csv,5.98715
2026-10-06 15:53:31.280,7.2226e-11,Torr,10.back_stm_port,10.back_stm_port/MassSpecData-02115-20261006-155306.csv,5.990633333333333
2026-10-06 15:53:31.488,7.9644e-11,Torr,10.back_stm_port,10.back_stm_port/MassSpecData-02115-20261006-155306.csv,5.9941
2026-10-06 15:53:31.696,8.8855e-11,Torr,10.back_stm_port,10.back_stm_port/MassSpecData-02115-20261006-155306.csv,5.997566666666667
2026-10-06 15:53:31.905,8.0112e-11,Torr,10.back_stm_port,10.back_stm_port/MassSpecData-02115-20261006-155306.csv,6.00105
2026-10-06 15:53:32.113,7.1661e-11,Torr,10.back_stm_port,10.back_stm_port/MassSpecData-02115-20261006-155306.csv,6.0045166666666665
2026-10-06 15:53:32.321,7.2155e-11,Torr,10.back_stm_port,10.back_stm_port/MassSpecData-02115-20261006-155306.csv,6.007983333333333
2026-10-06 15:53:32.530,7.3116e-11,Torr,10.back_stm_port,10.back_stm_port/MassSpecData-02115-20261006-155306.csv,6.011466666666666
2026-10-06 15:53:32.738,9.31e-11,Torr,10.back_stm_port,10.back_stm_port/MassSpecData-02115-20261006-155306.csv,6.0149333333333335
2026-10-06 15:53:32.946,8.6654e-11,Torr,10.back_stm_port,10.back_stm_port/MassSpecData-02115-20261006-155306.csv,6.0184
2026-10-06 15:53:33.155,8.2753e-11,Torr,10.back_stm_port,10.back_stm_port/MassSpecData-02115-20261006-155306.csv,6.021883333333333
2026-10-06 15:53:33.363,7.8422e-11,Torr,10.back_stm_port,10.back_stm_port/MassSpecData-02115-20261006-155306.csv,6.02535
2026-10-06 15:53:33.571,1.0116e-10,Torr,10.back_stm_port,10.back_stm_port/MassSpecData-02115-20261006-155306.csv,6.028816666666667
2026-10-06 15:53:33.780,8.3901e-11,Torr,10.back_stm_port,10.back_stm_port/MassSpecData-02115-20261006-155306.csv,6.0323
2026-10-06 15:53:33.988,8.8305e-11,Torr,10.back_stm_port,10.back_stm_port/MassSpecData-02115-20261006-155306.csv,6.0357666666666665
2026-10-06 15:53:34.196,9.5968e-11,Torr,10.back_stm_port,10.back_stm_port/MassSpecData-02115-20261006-155306.csv,6.039233333333333
2026-10-06 15:53:34.405,8.8944e-11,Torr,10.back_stm_port,10.back_stm_port/MassSpecData-02115-20261006-155306.csv,6.042716666666666
2026-10-06 15:53:34.613,8.2148e-11,Torr,10.back_stm_port,10.back_stm_port/MassSpecData-02115-20261006-155306.csv,6.0461833333333335
2026-10-06 15:53:34.821,8.4156e-11,Torr,10.back_stm_port,10.back_stm_port/MassSpecData-02115-20261006-155306.csv,6.04965
2026-10-06 15:53:35.030,9.1089e-11,Torr,10.back_stm_port,10.back_stm_port/MassSpecData-02115-20261006-155306.csv,6.053133333333333
2026-10-06 15:53:35.238,7.0967e-11,Torr,10.back_stm_port,10.back_stm_port/MassSpecData-02115-20261006-155306.csv,6.0566
2026-10-06 15:53:35.446,7.7883e-11,Torr,10.back_stm_port,10.back_stm_port/MassSpecData-02115-20261006-155306.csv,6.060066666666667
2026-10-06 15:53:35.655,9.5399e-11,Torr,10.back_stm_port,10.back_stm_port/MassSpecData-02115-20261006-155306.csv,6.06355
2026-10-06 15:53:35.863,8.7321e-11,Torr,10.back_stm_port,10.back_stm_port/MassSpecData-02115-20261006-155306.csv,6.0670166666666665
2026-10-06 15:53:36.071,8.3849e-11,Torr,10.back_stm_port,10.back_stm_port/MassSpecData-02115-20261006-155306.csv,6.070483333333333
2026-10-06 15:53:36.280,1.0276e-10,Torr,10.back_stm_port,10.back_stm_port/MassSpecData-02115-20261006-155306.csv,6.073966666666666
2026-10-06 15:53:36.488,9.9512e-11,Torr,10.back_stm_port,10.back_stm_port/MassSpecData-02115-20261006-155306.csv,6.0774333333333335
2026-10-06 15:53:36.696,7.9778e-11,Torr,10.back_stm_port,10.back_stm_port/MassSpecData-02115-20261006-155306.csv,6.0809
2026-10-06 15:53:36.905,1.0035e-10,Torr,10.back_stm_port,10.back_stm_port/MassSpecData-02115-20261006-155306.csv,6.084383333333333
2026-10-06 15:53:37.113,1.0478e-10,Torr,10.back_stm_port,10.back_stm_port/MassSpecData-02115-20261006-155306.csv,6.08785
2026-10-06 15:53:37.321,8.5792e-11,Torr,10.back_stm_port,10.back_stm_port/MassSpecData-02115-20261006-155306.csv,6.091316666666667
2026-10-06 15:53:37.530,7.5603e-11,Torr,10.back_stm_port,10.back_stm_port/MassSpecData-02115-20261006-155306.csv,6.0948
2026-10-06 15:53:37.738,8.466e-11,Torr,10.back_stm_port,10.back_stm_port/MassSpecData-02115-20261006-155306.csv,6.0982666666666665
2026-10-06 15:53:37.946,9.0416e-11,Torr,10.back_stm_port,10.back_stm_port/MassSpecData-02115-20261006-155306.csv,6.101733333333333
2026-10-06 15:53:38.155,8.4185e-11,Torr,10.back_stm_port,10.back_stm_port/MassSpecData-02115-20261006-155306.csv,6.105216666666666
2026-10-06 15:53:38.363,9.4802e-11,Torr,10.back_stm_port,10.back_stm_port/MassSpecData-02115-20261006-155306.csv,6.1086833333333335
2026-10-06 15:53:38.571,8.2633e-11,Torr,10.back_stm_port,10.back_stm_port/MassSpecData-02115-20261006-155306.csv,6.11215
2026-10-06 15:53:38.780,8.5954e-11,Torr,10.back_stm_port,10.back_stm_port/MassSpecData-02115-20261006-155306.csv,6.115633333333333
2026-10-06 15:53:38.988,8.039e-11,Torr,10.back_stm_port,10.back_stm_port/MassSpecData-02115-20261006-155306.csv,6.1191
2026-10-06 15:53:39.196,7.7292e-11,Torr,10.back_stm_port,10.back_stm_port/MassSpecData-02115-20261006-155306.csv,6.122566666666667
2026-10-06 15:53:39.405,8.5344e-11,Torr,10.back_stm_port,10.back_stm_port/MassSpecData-02115-20261006-155306.csv,6.12605
2026-10-06 15:53:39.613,9.6943e-11,Torr,10.back_stm_port,10.back_stm_port/MassSpecData-02115-20261006-155306.csv,6.1295166666666665
2026-10-06 15:53:39.821,8.2412e-11,Torr,10.back_stm_port,10.back_stm_port/MassSpecData-02115-20261006-155306.csv,6.132983333333333
2026-10-06 15:53:40.030,9.8775e-11,Torr,10.back_stm_port,10.back_stm_port/MassSpecData-02115-20261006-155306.csv,6.136466666666666
2026-10-06 15:53:40.238,9.3759e-11,Torr,10.back_stm_port,10.back_stm_port/MassSpecData-02115-20261006-155306.csv,6.1399333333333335
2026-10-06 15:53:40.446,7.8706e-11,Torr,10.back_stm_port,10.back_stm_port/MassSpecData-02115-20261006-155306.csv,6.1434
2026-10-06 15:53:40.655,7.7282e-11,Torr,10.back_stm_port,10.back_stm_port/MassSpecData-02115-20261006-155306.csv,6.146883333333333
2026-10-06 15:53:40.863,7.7403e-11,Torr,10.back_stm_port,10.back_stm_port/MassSpecData-02115-20261006-155306.csv,6.15035
2026-10-06 15:53:41.071,8.1364e-11,Torr,10.back_stm_port,10.back_stm_port/MassSpecData-02115-20261006-155306.csv,6.153816666666667
2026-10-06 15:53:41.280,9.0893e-11,Torr,10.back_stm_port,10.back_stm_port/MassSpecData-02115-20261006-155306.csv,6.1573
2026-10-06 15:53:41.488,7.726e-11,Torr,10.back_stm_port,10.back_stm_port/MassSpecData-02115-20261006-155306.csv,6.1607666666666665
2026-10-06 15:53:41.696,7.7072e-11,Torr,10.back_stm_port,10.back_stm_port/MassSpecData-02115-20261006-155306.csv,6.164233333333333
2026-10-06 15:53:41.905,1.0152e-10,Torr,10.back_stm_port,10.back_stm_port/MassSpecData-02115-20261006-155306.csv,6.167716666666666
2026-10-06 15:53:42.113,9.2309e-11,Torr,10.back_stm_port,10.back_stm_port/MassSpecData-02115-20261006-155306.csv,6.1711833333333335
2026-10-06 15:53:42.321,8.6895e-11,Torr,10.back_stm_port,10.back_stm_port/MassSpecData-02115-20261006-155306.csv,6.17465
2026-10-06 15:53:42.530,8.3183e-11,Torr,10.back_stm_port,10.back_stm_port/MassSpecData-02115-20261006-155306.csv,6.178133333333333
2026-10-06 15:53:42.738,9.1357e-11,Torr,10.back_stm_port,10.back_stm_port/MassSpecData-02115-20261006-155306.csv,6.1816
2026-10-06 15:53:42.946,8.8395e-11,Torr,10.back_stm_port,10.back_stm_port/MassSpecData-02115-20261006-155306.csv,6.185066666666667
2026-10-06 15:53:43.155,7.9296e-11,Torr,10.back_stm_port,10.back_stm_port/MassSpecData-02115-20261006-155306.csv,6.18855
2026-10-06 15:53:43.363,8.3867e-11,Torr,10.back_stm_port,10.back_stm_port/MassSpecData-02115-20261006-155306.csv,6.1920166666666665
2026-10-06 15:53:43.571,9.2472e-11,Torr,10.back_stm_port,10.back_stm_port/MassSpecData-02115-20261006-155306.csv,6.195483333333333
2026-10-06 15:53:43.780,7.6926e-11,Torr,10.back_stm_port,10.back_stm_port/MassSpecData-02115-20261006-155306.csv,6.198966666666666
2026-10-06 15:53:43.988,8.0258e-11,Torr,10.back_stm_port,10.back_stm_port/MassSpecData-02115-20261006-155306.csv,6.2024333333333335
2026-10-06 15:53:44.197,1.0087e-10,Torr,10.back_stm_port,10.back_stm_port/MassSpecData-02115-20261006-155306.csv,6.205916666666667
2026-10-06 15:53:44.405,7.7688e-11,Torr,10.back_stm_port,10.back_stm_port/MassSpecData-02115-20261006-155306.csv,6.209383333333333
2026-10-06 15:53:44.613,7.8963e-11,Torr,10.back_stm_port,10.back_stm_port/MassSpecData-02115-20261006-155306.csv,6.21285
2026-10-06 15:53:44.822,7.7638e-11,Torr,10.back_stm_port,10.back_stm_port/MassSpecData-02115-20261006-155306.csv,6.216333333333334
2026-10-06 15:53:45.030,8.6658e-11,Torr,10.back_stm_port,10.back_stm_port/MassSpecData-02115-20261006-155306.csv,6.2198
2026-10-06 15:53:45.238,7.8471e-11,Torr,10.back_stm_port,10.back_stm_port/MassSpecData-02115-20261006-155306.csv,6.2232666666666665
2026-10-06 15:53:45.447,8.7718e-11,Torr,10.back_stm_port,10.back_stm_port/MassSpecData-02115-20261006-155306.csv,6.22675
2026-10-06 15:53:45.655,8.544e-11,Torr,10.back_stm_port,10.back_stm_port/MassSpecData-02115-20261006-155306.csv,6.230216666666666
2026-10-06 15:53:45.863,7.4524e-11,Torr,10.back_stm_port,10.back_stm_port/MassSpecData-02115-20261006-155306.csv,6.2336833333333335
2026-10-06 15:53:46.072,9.1648e-11,Torr,10.back_stm_port,10.back_stm_port/MassSpecData-02115-20261006-155306.csv,6.237166666666667
2026-10-06 15:53:46.280,9.3116e-11,Torr,10.back_stm_port,10.back_stm_port/MassSpecData-02115-20261006-155306.csv,6.240633333333333
2026-10-06 15:53:46.488,8.7033e-11,Torr,10.back_stm_port,10.back_stm_port/MassSpecData-02115-20261006-155306.csv,6.2441
2026-10-06 15:53:46.697,9.2145e-11,Torr,10.back_stm_port,10.back_stm_port/MassSpecData-02115-20261006-155306.csv,6.247583333333334
2026-10-06 15:53:46.905,7.9153e-11,Torr,10.back_stm_port,10.back_stm_port/MassSpecData-02115-20261006-155306.csv,6.25105
2026-10-06 15:53:47.113,8.0658e-11,Torr,10.back_stm_port,10.back_stm_port/MassSpecData-02115-20261006-155306.csv,6.2545166666666665
2026-10-06 15:53:47.322,8.0798e-11,Torr,10.back_stm_port,10.back_stm_port/MassSpecData-02115-20261006-155306.csv,6.258
2026-10-06 15:53:47.530,9.2901e-11,Torr,10.back_stm_port,10.back_stm_port/MassSpecData-02115-20261006-155306.csv,6.261466666666666
2026-10-06 15:53:47.738,9.3579e-11,Torr,10.back_stm_port,10.back_stm_port/MassSpecData-02115-20261006-155306.csv,6.2649333333333335
2026-10-06 15:53:48.216,8.1162e-11,Torr,10.back_stm_port,10.back_stm_port/MassSpecData-02115-20261006-155348.csv,6.272900000000001
2026-10-06 15:53:48.424,8.8025e-11,Torr,10.back_stm_port,10.back_stm_port/MassSpecData-02115-20261006-155348.csv,6.276366666666666
2026-10-06 15:53:48.633,7.8384e-11,Torr,10.back_stm_port,10.back_stm_port/MassSpecData-02115-20261006-155348.csv,6.27985
2026-10-06 15:53:48.841,8.832e-11,Torr,10.back_stm_port,10.back_stm_port/MassSpecData-02115-20261006-155348.csv,6.283316666666667
2026-10-06 15:53:49.049,8.7456e-11,Torr,10.back_stm_port,10.back_stm_port/MassSpecData-02115-20261006-155348.csv,6.286783333333333
2026-10-06 15:53:49.258,8.0606e-11,Torr,10.back_stm_port,10.back_stm_port/MassSpecData-02115-20261006-155348.csv,6.290266666666667
2026-10-06 15:53:49.466,9.1076e-11,Torr,10.back_stm_port,10.back_stm_port/MassSpecData-02115-20261006-155348.csv,6.293733333333334
2026-10-06 15:53:49.674,8.9169e-11,Torr,10.back_stm_port,10.back_stm_port/MassSpecData-02115-20261006-155348.csv,6.2972
2026-10-06 15:53:49.882,8.6397e-11,Torr,10.back_stm_port,10.back_stm_port/MassSpecData-02115-20261006-155348.csv,6.300666666666667
2026-10-06 15:53:50.091,8.8505e-11,Torr,10.back_stm_port,10.back_stm_port/MassSpecData-02115-20261006-155348.csv,6.304150000000001
2026-10-06 15:53:50.299,8.9263e-11,Torr,10.back_stm_port,10.back_stm_port/MassSpecData-02115-20261006-155348.csv,6.307616666666666
2026-10-06 15:53:50.508,6.3152e-11,Torr,10.back_stm_port,10.back_stm_port/MassSpecData-02115-20261006-155348.csv,6.3111
2026-10-06 15:53:50.716,8.5907e-11,Torr,10.back_stm_port,10.back_stm_port/MassSpecData-02115-20261006-155348.csv,6.314566666666667
2026-10-06 15:53:50.924,8.5426e-11,Torr,10.back_stm_port,10.back_stm_port/MassSpecData-02115-20261006-155348.csv,6.318033333333333
2026-10-06 15:53:51.133,7.7867e-11,Torr,10.back_stm_port,10.back_stm_port/MassSpecData-02115-20261006-155348.csv,6.321516666666667
2026-10-06 15:53:51.341,8.4286e-11,Torr,10.back_stm_port,10.back_stm_port/MassSpecData-02115-20261006-155348.csv,6.324983333333334
2026-10-06 15:53:51.549,7.1302e-11,Torr,10.back_stm_port,10.back_stm_port/MassSpecData-02115-20261006-155348.csv,6.32845
2026-10-06 15:53:51.758,8.6661e-11,Torr,10.back_stm_port,10.back_stm_port/MassSpecData-02115-20261006-155348.csv,6.331933333333334
2026-10-06 15:53:51.966,9.749e-11,Torr,10.back_stm_port,10.back_stm_port/MassSpecData-02115-20261006-155348.csv,6.335400000000001
2026-10-06 15:53:52.174,8.0195e-11,Torr,10.back_stm_port,10.back_stm_port/MassSpecData-02115-20261006-155348.csv,6.338866666666666
2026-10-06 15:53:52.383,7.8327e-11,Torr,10.back_stm_port,10.back_stm_port/MassSpecData-02115-20261006-155348.csv,6.34235
2026-10-06 15:53:52.591,6.8273e-11,Torr,10.back_stm_port,10.back_stm_port/MassSpecData-02115-20261006-155348.csv,6.345816666666667
2026-10-06 15:53:52.799,8.6417e-11,Torr,10.back_stm_port,10.back_stm_port/MassSpecData-02115-20261006-155348.csv,6.349283333333333
2026-10-06 15:53:53.008,8.8595e-11,Torr,10.back_stm_port,10.back_stm_port/MassSpecData-02115-20261006-155348.csv,6.352766666666667
2026-10-06 15:53:53.216,7.6954e-11,Torr,10.back_stm_port,10.back_stm_port/MassSpecData-02115-20261006-155348.csv,6.356233333333334
2026-10-06 15:53:53.424,7.7425e-11,Torr,10.back_stm_port,10.back_stm_port/MassSpecData-02115-20261006-155348.csv,6.3597
2026-10-06 15:53:53.632,8.434e-11,Torr,10.back_stm_port,10.back_stm_port/MassSpecData-02115-20261006-155348.csv,6.363166666666667
2026-10-06 15:53:53.841,7.3523e-11,Torr,10.back_stm_port,10.back_stm_port/MassSpecData-02115-20261006-155348.csv,6.366650000000001
2026-10-06 15:53:54.049,8.1826e-11,Torr,10.back_stm_port,10.back_stm_port/MassSpecData-02115-20261006-155348.csv,6.370116666666666
2026-10-06 15:53:54.257,8.0261e-11,Torr,10.back_stm_port,10.back_stm_port/MassSpecData-02115-20261006-155348.csv,6.373583333333333
2026-10-06 15:53:54.466,9.7582e-11,Torr,10.back_stm_port,10.back_stm_port/MassSpecData-02115-20261006-155348.csv,6.377066666666667
2026-10-06 15:53:54.674,6.9885e-11,Torr,10.back_stm_port,10.back_stm_port/MassSpecData-02115-20261006-155348.csv,6.380533333333333
2026-10-06 15:53:54.882,8.3762e-11,Torr,10.back_stm_port,10.back_stm_port/MassSpecData-02115-20261006-155348.csv,6.384
2026-10-06 15:53:55.091,9.022e-11,Torr,10.back_stm_port,10.back_stm_port/MassSpecData-02115-20261006-155348.csv,6.387483333333334
2026-10-06 15:53:55.299,8.8641e-11,Torr,10.back_stm_port,10.back_stm_port/MassSpecData-02115-20261006-155348.csv,6.39095
2026-10-06 15:53:55.507,8.2946e-11,Torr,10.back_stm_port,10.back_stm_port/MassSpecData-02115-20261006-155348.csv,6.394416666666667
2026-10-06 15:53:55.716,8.1488e-11,Torr,10.back_stm_port,10.back_stm_port/MassSpecData-02115-20261006-155348.csv,6.397900000000001
2026-10-06 15:53:55.924,9.4265e-11,Torr,10.back_stm_port,10.back_stm_port/MassSpecData-02115-20261006-155348.csv,6.401366666666666
2026-10-06 15:53:56.132,8.7508e-11,Torr,10.back_stm_port,10.back_stm_port/MassSpecData-02115-20261006-155348.csv,6.404833333333333
2026-10-06 15:53:56.341,9.9323e-11,Torr,10.back_stm_port,10.back_stm_port/MassSpecData-02115-20261006-155348.csv,6.408316666666667
2026-10-06 15:53:56.549,9.3902e-11,Torr,10.back_stm_port,10.back_stm_port/MassSpecData-02115-20261006-155348.csv,6.411783333333333
2026-10-06 15:53:56.757,8.5551e-11,Torr,10.back_stm_port,10.back_stm_port/MassSpecData-02115-20261006-155348.csv,6.41525
2026-10-06 15:53:56.966,8.4621e-11,Torr,10.back_stm_port,10.back_stm_port/MassSpecData-02115-20261006-155348.csv,6.418733333333334
2026-10-06 15:53:57.174,7.7949e-11,Torr,10.back_stm_port,10.back_stm_port/MassSpecData-02115-20261006-155348.csv,6.4222
2026-10-06 15:53:57.383,8.4528e-11,Torr,10.back_stm_port,10.back_stm_port/MassSpecData-02115-20261006-155348.csv,6.425683333333334
2026-10-06 15:53:57.591,8.9267e-11,Torr,10.back_stm_port,10.back_stm_port/MassSpecData-02115-20261006-155348.csv,6.429150000000001
2026-10-06 15:53:57.799,9.2363e-11,Torr,10.back_stm_port,10.back_stm_port/MassSpecData-02115-20261006-155348.csv,6.432616666666666
2026-10-06 15:53:58.008,8.8965e-11,Torr,10.back_stm_port,10.back_stm_port/MassSpecData-02115-20261006-155348.csv,6.4361
2026-10-06 15:53:58.216,8.9342e-11,Torr,10.back_stm_port,10.back_stm_port/MassSpecData-02115-20261006-155348.csv,6.439566666666667
2026-10-06 15:53:58.424,7.1343e-11,Torr,10.back_stm_port,10.back_stm_port/MassSpecData-02115-20261006-155348.csv,6.443033333333333
2026-10-06 15:53:58.633,8.2019e-11,Torr,10.back_stm_port,10.back_stm_port/MassSpecData-02115-20261006-155348.csv,6.446516666666667
2026-10-06 15:53:58.841,9.3505e-11,Torr,10.back_stm_port,10.back_stm_port/MassSpecData-02115-20261006-155348.csv,6.449983333333334
2026-10-06 15:53:59.049,8.4566e-11,Torr,10.back_stm_port,10.back_stm_port/MassSpecData-02115-20261006-155348.csv,6.45345
2026-10-06 15:53:59.258,8.1878e-11,Torr,10.back_stm_port,10.back_stm_port/MassSpecData-02115-20261006-155348.csv,6.456933333333334
2026-10-06 15:53:59.466,9.0738e-11,Torr,10.back_stm_port,10.back_stm_port/MassSpecData-02115-20261006-155348.csv,6.460400000000001
2026-10-06 15:53:59.674,8.8584e-11,Torr,10.back_stm_port,10.back_stm_port/MassSpecData-02115-20261006-155348.csv,6.463866666666666
2026-10-06 15:53:59.883,8.2581e-11,Torr,10.back_stm_port,10.back_stm_port/MassSpecData-02115-20261006-155348.csv,6.46735
2026-10-06 15:54:00.091,8.5685e-11,Torr,10.back_stm_port,10.back_stm_port/MassSpecData-02115-20261006-155348.csv,6.470816666666667
2026-10-06 15:54:00.299,8.5509e-11,Torr,10.back_stm_port,10.back_stm_port/MassSpecData-02115-20261006-155348.csv,6.474283333333333
2026-10-06 15:54:00.508,9.9626e-11,Torr,10.back_stm_port,10.back_stm_port/MassSpecData-02115-20261006-155348.csv,6.477766666666667
2026-10-06 15:54:00.716,8.4015e-11,Torr,10.back_stm_port,10.back_stm_port/MassSpecData-02115-20261006-155348.csv,6.481233333333334
2026-10-06 15:54:00.924,9.3598e-11,Torr,10.back_stm_port,10.back_stm_port/MassSpecData-02115-20261006-155348.csv,6.4847
2026-10-06 15:54:01.133,7.9662e-11,Torr,10.back_stm_port,10.back_stm_port/MassSpecData-02115-20261006-155348.csv,6.488183333333334
2026-10-06 15:54:01.341,8.7887e-11,Torr,10.back_stm_port,10.back_stm_port/MassSpecData-02115-20261006-155348.csv,6.491650000000001
2026-10-06 15:54:01.549,9.1452e-11,Torr,10.back_stm_port,10.back_stm_port/MassSpecData-02115-20261006-155348.csv,6.495116666666666
2026-10-06 15:54:01.758,9.8094e-11,Torr,10.back_stm_port,10.back_stm_port/MassSpecData-02115-20261006-155348.csv,6.4986
2026-10-06 15:54:01.966,8.9476e-11,Torr,10.back_stm_port,10.back_stm_port/MassSpecData-02115-20261006-155348.csv,6.502066666666667
2026-10-06 15:54:02.174,8.3875e-11,Torr,10.back_stm_port,10.back_stm_port/MassSpecData-02115-20261006-155348.csv,6.505533333333333
2026-10-06 15:54:02.383,8.5663e-11,Torr,10.back_stm_port,10.back_stm_port/MassSpecData-02115-20261006-155348.csv,6.509016666666667
2026-10-06 15:54:02.591,9.0014e-11,Torr,10.back_stm_port,10.back_stm_port/MassSpecData-02115-20261006-155348.csv,6.512483333333334
2026-10-06 15:54:02.799,7.8004e-11,Torr,10.back_stm_port,10.back_stm_port/MassSpecData-02115-20261006-155348.csv,6.51595
2026-10-06 15:54:03.008,8.6142e-11,Torr,10.back_stm_port,10.back_stm_port/MassSpecData-02115-20261006-155348.csv,6.519433333333334
2026-10-06 15:54:03.216,7.85e-11,Torr,10.back_stm_port,10.back_stm_port/MassSpecData-02115-20261006-155348.csv,6.522900000000001
2026-10-06 15:54:03.424,8.1001e-11,Torr,10.back_stm_port,10.back_stm_port/MassSpecData-02115-20261006-155348.csv,6.526366666666666
2026-10-06 15:54:03.633,8.4308e-11,Torr,10.back_stm_port,10.back_stm_port/MassSpecData-02115-20261006-155348.csv,6.52985
2026-10-06 15:54:03.841,7.2059e-11,Torr,10.back_stm_port,10.back_stm_port/MassSpecData-02115-20261006-155348.csv,6.533316666666667
2026-10-06 15:54:04.049,8.4992e-11,Torr,10.back_stm_port,10.back_stm_port/MassSpecData-02115-20261006-155348.csv,6.536783333333333
2026-10-06 15:54:04.258,1.1892e-10,Torr,10.back_stm_port,10.back_stm_port/MassSpecData-02115-20261006-155348.csv,6.540266666666667
2026-10-06 15:54:04.466,8.1451e-11,Torr,10.back_stm_port,10.back_stm_port/MassSpecData-02115-20261006-155348.csv,6.543733333333334
2026-10-06 15:54:04.674,8.8762e-11,Torr,10.back_stm_port,10.back_stm_port/MassSpecData-02115-20261006-155348.csv,6.5472
2026-10-06 15:54:04.883,7.5126e-11,Torr,10.back_stm_port,10.back_stm_port/MassSpecData-02115-20261006-155348.csv,6.550683333333334
2026-10-06 15:54:05.091,8.5108e-11,Torr,10.back_stm_port,10.back_stm_port/MassSpecData-02115-20261006-155348.csv,6.554150000000001
2026-10-06 15:54:05.299,7.6266e-11,Torr,10.back_stm_port,10.back_stm_port/MassSpecData-02115-20261006-155348.csv,6.557616666666666
2026-10-06 15:54:05.508,8.3089e-11,Torr,10.back_stm_port,10.back_stm_port/MassSpecData-02115-20261006-155348.csv,6.5611
2026-10-06 15:54:05.716,8.197e-11,Torr,10.back_stm_port,10.back_stm_port/MassSpecData-02115-20261006-155348.csv,6.564566666666667
2026-10-06 15:54:05.924,6.9668e-11,Torr,10.back_stm_port,10.back_stm_port/MassSpecData-02115-20261006-155348.csv,6.568033333333333
2026-10-06 15:54:06.133,8.1466e-11,Torr,10.back_stm_port,10.back_stm_port/MassSpecData-02115-20261006-155348.csv,6.571516666666667
2026-10-06 15:54:06.341,7.6755e-11,Torr,10.back_stm_port,10.back_stm_port/MassSpecData-02115-20261006-155348.csv,6.574983333333334
2026-10-06 15:54:06.549,8.1655e-11,Torr,10.back_stm_port,10.back_stm_port/MassSpecData-02115-20261006-155348.csv,6.57845
2026-10-06 15:54:06.758,8.9508e-11,Torr,10.back_stm_port,10.back_stm_port/MassSpecData-02115-20261006-155348.csv,6.581933333333334
2026-10-06 15:54:06.966,8.9828e-11,Torr,10.back_stm_port,10.back_stm_port/MassSpecData-02115-20261006-155348.csv,6.585400000000001
2026-10-06 15:54:07.174,9.0744e-11,Torr,10.back_stm_port,10.back_stm_port/MassSpecData-02115-20261006-155348.csv,6.588866666666666
2026-10-06 15:54:07.383,8.4538e-11,Torr,10.back_stm_port,10.back_stm_port/MassSpecData-02115-20261006-155348.csv,6.59235
2026-10-06 15:54:07.591,9.513e-11,Torr,10.back_stm_port,10.back_stm_port/MassSpecData-02115-20261006-155348.csv,6.595816666666667
2026-10-06 15:54:07.799,9.3387e-11,Torr,10.back_stm_port,10.back_stm_port/MassSpecData-02115-20261006-155348.csv,6.599283333333333
2026-10-06 15:54:08.007,9.2878e-11,Torr,10.back_stm_port,10.back_stm_port/MassSpecData-02115-20261006-155348.csv,6.60275
2026-10-06 15:54:08.216,7.6327e-11,Torr,10.back_stm_port,10.back_stm_port/MassSpecData-02115-20261006-155348.csv,6.606233333333334
2026-10-06 15:54:08.424,8.5428e-11,Torr,10.back_stm_port,10.back_stm_port/MassSpecData-02115-20261006-155348.csv,6.6097
2026-10-06 15:54:08.632,8.0292e-11,Torr,10.back_stm_port,10.back_stm_port/MassSpecData-02115-20261006-155348.csv,6.613166666666667
2026-10-06 15:54:08.841,7.6749e-11,Torr,10.back_stm_port,10.back_stm_port/MassSpecData-02115-20261006-155348.csv,6.616650000000001
2026-10-06 15:54:09.049,7.4548e-11,Torr,10.back_stm_port,10.back_stm_port/MassSpecData-02115-20261006-155348.csv,6.620116666666666
2026-10-06 15:54:09.257,7.6212e-11,Torr,10.back_stm_port,10.back_stm_port/MassSpecData-02115-20261006-155348.csv,6.623583333333333
2026-10-06 15:54:09.466,8.7075e-11,Torr,10.back_stm_port,10.back_stm_port/MassSpecData-02115-20261006-155348.csv,6.627066666666667
2026-10-06 15:54:09.674,9.3863e-11,Torr,10.back_stm_port,10.back_stm_port/MassSpecData-02115-20261006-155348.csv,6.630533333333333
2026-10-06 15:54:09.882,8.5028e-11,Torr,10.back_stm_port,10.back_stm_port/MassSpecData-02115-20261006-155348.csv,6.634
2026-10-06 15:54:10.091,8.4717e-11,Torr,10.back_stm_port,10.back_stm_port/MassSpecData-02115-20261006-155348.csv,6.637483333333334
2026-10-06 15:54:10.299,7.5561e-11,Torr,10.back_stm_port,10.back_stm_port/MassSpecData-02115-20261006-155348.csv,6.64095
2026-10-06 15:54:10.507,9.1653e-11,Torr,10.back_stm_port,10.back_stm_port/MassSpecData-02115-20261006-155348.csv,6.644416666666667
2026-10-06 15:54:10.716,9.4031e-11,Torr,10.back_stm_port,10.back_stm_port/MassSpecData-02115-20261006-155348.csv,6.647900000000001
2026-10-06 15:54:10.924,9.5047e-11,Torr,10.back_stm_port,10.back_stm_port/MassSpecData-02115-20261006-155348.csv,6.651366666666666
2026-10-06 15:54:11.132,7.7446e-11,Torr,10.back_stm_port,10.back_stm_port/MassSpecData-02115-20261006-155348.csv,6.654833333333333
2026-10-06 15:54:11.341,7.8106e-11,Torr,10.back_stm_port,10.back_stm_port/MassSpecData-02115-20261006-155348.csv,6.658316666666667
2026-10-06 15:54:11.549,7.6555e-11,Torr,10.back_stm_port,10.back_stm_port/MassSpecData-02115-20261006-155348.csv,6.661783333333333
2026-10-06 15:54:11.757,7.3203e-11,Torr,10.back_stm_port,10.back_stm_port/MassSpecData-02115-20261006-155348.csv,6.66525
2026-10-06 15:54:11.966,8.1561e-11,Torr,10.back_stm_port,10.back_stm_port/MassSpecData-02115-20261006-155348.csv,6.668733333333334
2026-10-06 15:54:12.174,9.1132e-11,Torr,10.back_stm_port,10.back_stm_port/MassSpecData-02115-20261006-155348.csv,6.6722
2026-10-06 15:54:12.382,8.4839e-11,Torr,10.back_stm_port,10.back_stm_port/MassSpecData-02115-20261006-155348.csv,6.675666666666667
2026-10-06 15:54:12.591,9.2937e-11,Torr,10.back_stm_port,10.back_stm_port/MassSpecData-02115-20261006-155348.csv,6.679150000000001
2026-10-06 15:54:12.799,8.2937e-11,Torr,10.back_stm_port,10.back_stm_port/MassSpecData-02115-20261006-155348.csv,6.682616666666666
2026-10-06 15:54:13.007,9.7618e-11,Torr,10.back_stm_port,10.back_stm_port/MassSpecData-02115-20261006-155348.csv,6.686083333333333
2026-10-06 15:54:13.216,7.6538e-11,Torr,10.back_stm_port,10.back_stm_port/MassSpecData-02115-20261006-155348.csv,6.689566666666667
2026-10-06 15:54:13.424,8.8262e-11,Torr,10.back_stm_port,10.back_stm_port/MassSpecData-02115-20261006-155348.csv,6.693033333333333
2026-10-06 15:54:13.632,7.8745e-11,Torr,10.back_stm_port,10.back_stm_port/MassSpecData-02115-20261006-155348.csv,6.6965
2026-10-06 15:54:13.841,9.5349e-11,Torr,10.back_stm_port,10.back_stm_port/MassSpecData-02115-20261006-155348.csv,6.699983333333334
2026-10-06 15:54:14.049,8.3042e-11,Torr,10.back_stm_port,10.back_stm_port/MassSpecData-02115-20261006-155348.csv,6.70345
2026-10-06 15:54:14.257,9.0876e-11,Torr,10.back_stm_port,10.back_stm_port/MassSpecData-02115-20261006-155348.csv,6.706916666666667
2026-10-06 15:54:14.466,8.0907e-11,Torr,10.back_stm_port,10.back_stm_port/MassSpecData-02115-20261006-155348.csv,6.710400000000001
2026-10-06 15:54:14.674,7.1392e-11,Torr,10.back_stm_port,10.back_stm_port/MassSpecData-02115-20261006-155348.csv,6.713866666666666
2026-10-06 15:54:14.882,8.0577e-11,Torr,10.back_stm_port,10.back_stm_port/MassSpecData-02115-20261006-155348.csv,6.717333333333333
2026-10-06 15:54:15.091,8.4447e-11,Torr,10.back_stm_port,10.back_stm_port/MassSpecData-02115-20261006-155348.csv,6.720816666666667
2026-10-06 15:54:15.299,6.9367e-11,Torr,10.back_stm_port,10.back_stm_port/MassSpecData-02115-20261006-155348.csv,6.724283333333333
2026-10-06 15:54:15.507,8.6848e-11,Torr,10.back_stm_port,10.back_stm_port/MassSpecData-02115-20261006-155348.csv,6.72775
2026-10-06 15:54:15.716,7.8455e-11,Torr,10.back_stm_port,10.back_stm_port/MassSpecData-02115-20261006-155348.csv,6.731233333333334
2026-10-06 15:54:15.924,8.275e-11,Torr,10.back_stm_port,10.back_stm_port/MassSpecData-02115-20261006-155348.csv,6.7347
2026-10-06 15:54:16.132,1.0796e-10,Torr,10.back_stm_port,10.back_stm_port/MassSpecData-02115-20261006-155348.csv,6.738166666666667
2026-10-06 15:54:16.341,1.0156e-10,Torr,10.back_stm_port,10.back_stm_port/MassSpecData-02115-20261006-155348.csv,6.741650000000001
2026-10-06 15:54:16.549,7.6047e-11,Torr,10.back_stm_port,10.back_stm_port/MassSpecData-02115-20261006-155348.csv,6.745116666666666
2026-10-06 15:54:16.757,8.3234e-11,Torr,10.back_stm_port,10.back_stm_port/MassSpecData-02115-20261006-155348.csv,6.748583333333333
2026-10-06 15:54:16.966,8.309e-11,Torr,10.back_stm_port,10.back_stm_port/MassSpecData-02115-20261006-155348.csv,6.752066666666667
2026-10-06 15:54:17.174,8.181e-11,Torr,10.back_stm_port,10.back_stm_port/MassSpecData-02115-20261006-155348.csv,6.755533333333333
2026-10-06 15:54:17.382,7.6443e-11,Torr,10.back_stm_port,10.back_stm_port/MassSpecData-02115-20261006-155348.csv,6.759
2026-10-06 15:54:17.591,9.2197e-11,Torr,10.back_stm_port,10.back_stm_port/MassSpecData-02115-20261006-155348.csv,6.762483333333334
2026-10-06 15:54:17.799,1.0468e-10,Torr,10.back_stm_port,10.back_stm_port/MassSpecData-02115-20261006-155348.csv,6.76595
2026-10-06 15:54:18.007,8.5585e-11,Torr,10.back_stm_port,10.back_stm_port/MassSpecData-02115-20261006-155348.csv,6.769416666666667
2026-10-06 15:54:18.216,7.2737e-11,Torr,10.back_stm_port,10.back_stm_port/MassSpecData-02115-20261006-155348.csv,6.772900000000001
2026-10-06 15:54:18.424,7.9976e-11,Torr,10.back_stm_port,10.back_stm_port/MassSpecData-02115-20261006-155348.csv,6.776366666666666
2026-10-06 15:54:18.632,9.6416e-11,Torr,10.back_stm_port,10.back_stm_port/MassSpecData-02115-20261006-155348.csv,6.779833333333333
2026-10-06 15:54:18.841,8.7962e-11,Torr,10.back_stm_port,10.back_stm_port/MassSpecData-02115-20261006-155348.csv,6.783316666666667
2026-10-06 15:54:19.049,8.6275e-11,Torr,10.back_stm_port,10.back_stm_port/MassSpecData-02115-20261006-155348.csv,6.786783333333333
2026-10-06 15:54:19.257,9.5429e-11,Torr,10.back_stm_port,10.back_stm_port/MassSpecData-02115-20261006-155348.csv,6.79025
2026-10-06 15:54:19.466,8.1501e-11,Torr,10.back_stm_port,10.back_stm_port/MassSpecData-02115-20261006-155348.csv,6.793733333333334
2026-10-06 15:54:19.674,9.2312e-11,Torr,10.back_stm_port,10.back_stm_port/MassSpecData-02115-20261006-155348.csv,6.7972
2026-10-06 15:54:19.882,6.955e-11,Torr,10.back_stm_port,10.back_stm_port/MassSpecData-02115-20261006-155348.csv,6.800666666666667
2026-10-06 15:54:20.091,8.5399e-11,Torr,10.back_stm_port,10.back_stm_port/MassSpecData-02115-20261006-155348.csv,6.804150000000001
2026-10-06 15:54:20.299,9.0945e-11,Torr,10.back_stm_port,10.back_stm_port/MassSpecData-02115-20261006-155348.csv,6.807616666666666
2026-10-06 15:54:20.507,7.5123e-11,Torr,10.back_stm_port,10.back_stm_port/MassSpecData-02115-20261006-155348.csv,6.811083333333333
2026-10-06 15:54:20.716,9.5092e-11,Torr,10.back_stm_port,10.back_stm_port/MassSpecData-02115-20261006-155348.csv,6.814566666666667
2026-10-06 15:54:20.924,7.9879e-11,Torr,10.back_stm_port,10.back_stm_port/MassSpecData-02115-20261006-155348.csv,6.818033333333333
2026-10-06 15:54:21.132,7.0675e-11,Torr,10.back_stm_port,10.back_stm_port/MassSpecData-02115-20261006-155348.csv,6.8215
2026-10-06 15:54:21.341,9.1668e-11,Torr,10.back_stm_port,10.back_stm_port/MassSpecData-02115-20261006-155348.csv,6.824983333333334
2026-10-06 15:54:21.549,9.2686e-11,Torr,10.back_stm_port,10.back_stm_port/MassSpecData-02115-20261006-155348.csv,6.82845
2026-10-06 15:54:21.757,8.8989e-11,Torr,10.back_stm_port,10.back_stm_port/MassSpecData-02115-20261006-155348.csv,6.831916666666667
2026-10-06 15:54:21.966,7.8486e-11,Torr,10.back_stm_port,10.back_stm_port/MassSpecData-02115-20261006-155348.csv,6.835400000000001
2026-10-06 15:54:22.174,9.1769e-11,Torr,10.back_stm_port,10.back_stm_port/MassSpecData-02115-20261006-155348.csv,6.838866666666666
2026-10-06 15:54:22.382,8.6127e-11,Torr,10.back_stm_port,10.back_stm_port/MassSpecData-02115-20261006-155348.csv,6.842333333333333
2026-10-06 15:54:22.591,1.0605e-10,Torr,10.back_stm_port,10.back_stm_port/MassSpecData-02115-20261006-155348.csv,6.845816666666667
2026-10-06 15:54:22.799,7.9678e-11,Torr,10.back_stm_port,10.back_stm_port/MassSpecData-02115-20261006-155348.csv,6.849283333333333
2026-10-06 15:54:23.007,8.9121e-11,Torr,10.back_stm_port,10.back_stm_port/MassSpecData-02115-20261006-155348.csv,6.85275
2026-10-06 15:54:23.216,7.9422e-11,Torr,10.back_stm_port,10.back_stm_port/MassSpecData-02115-20261006-155348.csv,6.856233333333334
2026-10-06 15:54:23.424,8.5259e-11,Torr,10.back_stm_port,10.back_stm_port/MassSpecData-02115-20261006-155348.csv,6.8597
2026-10-06 15:54:23.632,9.4613e-11,Torr,10.back_stm_port,10.back_stm_port/MassSpecData-02115-20261006-155348.csv,6.863166666666667
2026-10-06 15:54:23.841,7.7769e-11,Torr,10.back_stm_port,10.back_stm_port/MassSpecData-02115-20261006-155348.csv,6.866650000000001
2026-10-06 15:54:24.049,7.625e-11,Torr,10.back_stm_port,10.back_stm_port/MassSpecData-02115-20261006-155348.csv,6.870116666666666
2026-10-06 15:54:24.257,7.4824e-11,Torr,10.back_stm_port,10.back_stm_port/MassSpecData-02115-20261006-155348.csv,6.873583333333333
2026-10-06 15:54:24.466,8.9675e-11,Torr,10.back_stm_port,10.back_stm_port/MassSpecData-02115-20261006-155348.csv,6.877066666666667
2026-10-06 15:54:24.674,8.0408e-11,Torr,10.back_stm_port,10.back_stm_port/MassSpecData-02115-20261006-155348.csv,6.880533333333333
2026-10-06 15:54:24.882,8.4253e-11,Torr,10.back_stm_port,10.back_stm_port/MassSpecData-02115-20261006-155348.csv,6.884
2026-10-06 15:54:25.091,8.7963e-11,Torr,10.back_stm_port,10.back_stm_port/MassSpecData-02115-20261006-155348.csv,6.887483333333334
2026-10-06 15:54:25.299,8.4989e-11,Torr,10.back_stm_port,10.back_stm_port/MassSpecData-02115-20261006-155348.csv,6.89095
2026-10-06 15:54:25.507,1.0793e-10,Torr,10.back_stm_port,10.back_stm_port/MassSpecData-02115-20261006-155348.csv,6.894416666666667
2026-10-06 15:54:25.716,8.4124e-11,Torr,10.back_stm_port,10.back_stm_port/MassSpecData-02115-20261006-155348.csv,6.897900000000001
2026-10-06 15:54:25.924,8.2361e-11,Torr,10.back_stm_port,10.back_stm_port/MassSpecData-02115-20261006-155348.csv,6.901366666666666
2026-10-06 15:54:26.133,7.986e-11,Torr,10.back_stm_port,10.back_stm_port/MassSpecData-02115-20261006-155348.csv,6.90485
2026-10-06 15:54:26.341,7.4422e-11,Torr,10.back_stm_port,10.back_stm_port/MassSpecData-02115-20261006-155348.csv,6.908316666666667
2026-10-06 15:54:26.549,7.8265e-11,Torr,10.back_stm_port,10.back_stm_port/MassSpecData-02115-20261006-155348.csv,6.911783333333333
2026-10-06 15:54:26.758,9.1965e-11,Torr,10.back_stm_port,10.back_stm_port/MassSpecData-02115-20261006-155348.csv,6.915266666666667
2026-10-06 15:54:26.966,8.1646e-11,Torr,10.back_stm_port,10.back_stm_port/MassSpecData-02115-20261006-155348.csv,6.918733333333334
2026-10-06 15:54:27.174,8.7609e-11,Torr,10.back_stm_port,10.back_stm_port/MassSpecData-02115-20261006-155348.csv,6.9222
2026-10-06 15:54:27.383,9.6129e-11,Torr,10.back_stm_port,10.back_stm_port/MassSpecData-02115-20261006-155348.csv,6.925683333333334
2026-10-06 15:54:27.591,8.7104e-11,Torr,10.back_stm_port,10.back_stm_port/MassSpecData-02115-20261006-155348.csv,6.929150000000001
2026-10-06 15:54:27.799,8.8409e-11,Torr,10.back_stm_port,10.back_stm_port/MassSpecData-02115-20261006-155348.csv,6.932616666666666
2026-10-06 15:54:28.008,8.9086e-11,Torr,10.back_stm_port,10.back_stm_port/MassSpecData-02115-20261006-155348.csv,6.9361
2026-10-06 15:54:28.216,8.1794e-11,Torr,10.back_stm_port,10.back_stm_port/MassSpecData-02115-20261006-155348.csv,6.939566666666667
2026-10-06 15:54:28.424,8.7645e-11,Torr,10.back_stm_port,10.back_stm_port/MassSpecData-02115-20261006-155348.csv,6.943033333333333
2026-10-06 15:54:28.633,9.3535e-11,Torr,10.back_stm_port,10.back_stm_port/MassSpecData-02115-20261006-155348.csv,6.946516666666667
2026-10-06 15:54:28.841,8.9059e-11,Torr,10.back_stm_port,10.back_stm_port/MassSpecData-02115-20261006-155348.csv,6.949983333333334
2026-10-06 15:54:29.049,1.0052e-10,Torr,10.back_stm_port,10.back_stm_port/MassSpecData-02115-20261006-155348.csv,6.95345
2026-10-06 15:54:29.258,8.4983e-11,Torr,10.back_stm_port,10.back_stm_port/MassSpecData-02115-20261006-155348.csv,6.956933333333334
2026-10-06 15:54:29.466,8.4137e-11,Torr,10.back_stm_port,10.back_stm_port/MassSpecData-02115-20261006-155348.csv,6.960400000000001
2026-10-06 15:54:29.674,8.2779e-11,Torr,10.back_stm_port,10.back_stm_port/MassSpecData-02115-20261006-155348.csv,6.963866666666666
2026-10-06 15:54:30.126,8.5235e-11,Torr,10.back_stm_port,10.back_stm_port/MassSpecData-02115-20261006-155430.csv,6.9714
2026-10-06 15:54:30.334,7.6943e-11,Torr,10.back_stm_port,10.back_stm_port/MassSpecData-02115-20261006-155430.csv,6.974866666666667
2026-10-06 15:54:30.543,8.9596e-11,Torr,10.back_stm_port,10.back_stm_port/MassSpecData-02115-20261006-155430.csv,6.978350000000001
2026-10-06 15:54:30.751,8.2436e-11,Torr,10.back_stm_port,10.back_stm_port/MassSpecData-02115-20261006-155430.csv,6.981816666666666
2026-10-06 15:54:30.959,8.938e-11,Torr,10.back_stm_port,10.back_stm_port/MassSpecData-02115-20261006-155430.csv,6.985283333333333
2026-10-06 15:54:31.168,8.407e-11,Torr,10.back_stm_port,10.back_stm_port/MassSpecData-02115-20261006-155430.csv,6.988766666666667
2026-10-06 15:54:31.376,8.4176e-11,Torr,10.back_stm_port,10.back_stm_port/MassSpecData-02115-20261006-155430.csv,6.992233333333333
2026-10-06 15:54:31.584,8.7448e-11,Torr,10.back_stm_port,10.back_stm_port/MassSpecData-02115-20261006-155430.csv,6.9957
2026-10-06 15:54:31.792,7.8467e-11,Torr,10.back_stm_port,10.back_stm_port/MassSpecData-02115-20261006-155430.csv,6.9991666666666665
2026-10-06 15:54:32.001,9.9651e-11,Torr,10.back_stm_port,10.back_stm_port/MassSpecData-02115-20261006-155430.csv,7.00265
2026-10-06 15:54:32.209,8.5107e-11,Torr,10.back_stm_port,10.back_stm_port/MassSpecData-02115-20261006-155430.csv,7.006116666666667
2026-10-06 15:54:32.418,9.72e-11,Torr,10.back_stm_port,10.back_stm_port/MassSpecData-02115-20261006-155430.csv,7.009600000000001
2026-10-06 15:54:32.626,9.5899e-11,Torr,10.back_stm_port,10.back_stm_port/MassSpecData-02115-20261006-155430.csv,7.013066666666666
2026-10-06 15:54:32.834,9.1271e-11,Torr,10.back_stm_port,10.back_stm_port/MassSpecData-02115-20261006-155430.csv,7.016533333333333
2026-10-06 15:54:33.043,9.658e-11,Torr,10.back_stm_port,10.back_stm_port/MassSpecData-02115-20261006-155430.csv,7.020016666666667
2026-10-06 15:54:33.251,8.8438e-11,Torr,10.back_stm_port,10.back_stm_port/MassSpecData-02115-20261006-155430.csv,7.023483333333333
2026-10-06 15:54:33.459,9.4709e-11,Torr,10.back_stm_port,10.back_stm_port/MassSpecData-02115-20261006-155430.csv,7.02695
2026-10-06 15:54:33.668,8.9854e-11,Torr,10.back_stm_port,10.back_stm_port/MassSpecData-02115-20261006-155430.csv,7.030433333333334
2026-10-06 15:54:33.876,8.7622e-11,Torr,10.back_stm_port,10.back_stm_port/MassSpecData-02115-20261006-155430.csv,7.0339
2026-10-06 15:54:34.084,8.7514e-11,Torr,10.back_stm_port,10.back_stm_port/MassSpecData-02115-20261006-155430.csv,7.037366666666667
2026-10-06 15:54:34.293,6.9001e-11,Torr,10.back_stm_port,10.back_stm_port/MassSpecData-02115-20261006-155430.csv,7.040850000000001
2026-10-06 15:54:34.501,7.4092e-11,Torr,10.back_stm_port,10.back_stm_port/MassSpecData-02115-20261006-155430.csv,7.044316666666666
2026-10-06 15:54:34.709,7.9471e-11,Torr,10.back_stm_port,10.back_stm_port/MassSpecData-02115-20261006-155430.csv,7.047783333333333
2026-10-06 15:54:34.918,6.7698e-11,Torr,10.back_stm_port,10.back_stm_port/MassSpecData-02115-20261006-155430.csv,7.051266666666667
2026-10-06 15:54:35.126,8.9534e-11,Torr,10.back_stm_port,10.back_stm_port/MassSpecData-02115-20261006-155430.csv,7.054733333333333
2026-10-06 15:54:35.334,9.4127e-11,Torr,10.back_stm_port,10.back_stm_port/MassSpecData-02115-20261006-155430.csv,7.0582
2026-10-06 15:54:35.542,9.3389e-11,Torr,10.back_stm_port,10.back_stm_port/MassSpecData-02115-20261006-155430.csv,7.0616666666666665
2026-10-06 15:54:35.751,8.6955e-11,Torr,10.back_stm_port,10.back_stm_port/MassSpecData-02115-20261006-155430.csv,7.06515
2026-10-06 15:54:35.959,9.5858e-11,Torr,10.back_stm_port,10.back_stm_port/MassSpecData-02115-20261006-155430.csv,7.068616666666667
2026-10-06 15:54:36.167,9.0786e-11,Torr,10.back_stm_port,10.back_stm_port/MassSpecData-02115-20261006-155430.csv,7.0720833333333335
2026-10-06 15:54:36.376,1.016e-10,Torr,10.back_stm_port,10.back_stm_port/MassSpecData-02115-20261006-155430.csv,7.075566666666666
2026-10-06 15:54:36.584,8.4539e-11,Torr,10.back_stm_port,10.back_stm_port/MassSpecData-02115-20261006-155430.csv,7.079033333333333
2026-10-06 15:54:36.792,8.2924e-11,Torr,10.back_stm_port,10.back_stm_port/MassSpecData-02115-20261006-155430.csv,7.0825
2026-10-06 15:54:37.001,7.711e-11,Torr,10.back_stm_port,10.back_stm_port/MassSpecData-02115-20261006-155430.csv,7.085983333333333
2026-10-06 15:54:37.209,6.9351e-11,Torr,10.back_stm_port,10.back_stm_port/MassSpecData-02115-20261006-155430.csv,7.08945
2026-10-06 15:54:37.417,9.6134e-11,Torr,10.back_stm_port,10.back_stm_port/MassSpecData-02115-20261006-155430.csv,7.0929166666666665
2026-10-06 15:54:37.626,7.9821e-11,Torr,10.back_stm_port,10.back_stm_port/MassSpecData-02115-20261006-155430.csv,7.0964
2026-10-06 15:54:37.834,8.2792e-11,Torr,10.back_stm_port,10.back_stm_port/MassSpecData-02115-20261006-155430.csv,7.099866666666667
2026-10-06 15:54:38.042,8.5603e-11,Torr,10.back_stm_port,10.back_stm_port/MassSpecData-02115-20261006-155430.csv,7.1033333333333335
2026-10-06 15:54:38.251,8.7736e-11,Torr,10.back_stm_port,10.back_stm_port/MassSpecData-02115-20261006-155430.csv,7.106816666666666
2026-10-06 15:54:38.459,8.6193e-11,Torr,10.back_stm_port,10.back_stm_port/MassSpecData-02115-20261006-155430.csv,7.110283333333333
2026-10-06 15:54:38.667,8.9684e-11,Torr,10.back_stm_port,10.back_stm_port/MassSpecData-02115-20261006-155430.csv,7.11375
2026-10-06 15:54:38.876,8.8837e-11,Torr,10.back_stm_port,10.back_stm_port/MassSpecData-02115-20261006-155430.csv,7.117233333333333
2026-10-06 15:54:39.084,8.8642e-11,Torr,10.back_stm_port,10.back_stm_port/MassSpecData-02115-20261006-155430.csv,7.1207
2026-10-06 15:54:39.293,7.9634e-11,Torr,10.back_stm_port,10.back_stm_port/MassSpecData-02115-20261006-155430.csv,7.124183333333334
2026-10-06 15:54:39.501,8.7397e-11,Torr,10.back_stm_port,10.back_stm_port/MassSpecData-02115-20261006-155430.csv,7.12765
2026-10-06 15:54:39.709,8.0749e-11,Torr,10.back_stm_port,10.back_stm_port/MassSpecData-02115-20261006-155430.csv,7.131116666666667
2026-10-06 15:54:39.918,9.0473e-11,Torr,10.back_stm_port,10.back_stm_port/MassSpecData-02115-20261006-155430.csv,7.134600000000001
2026-10-06 15:54:40.126,1.0018e-10,Torr,10.back_stm_port,10.back_stm_port/MassSpecData-02115-20261006-155430.csv,7.138066666666666
2026-10-06 15:54:40.334,7.5142e-11,Torr,10.back_stm_port,10.back_stm_port/MassSpecData-02115-20261006-155430.csv,7.141533333333333
2026-10-06 15:54:40.543,9.7169e-11,Torr,10.back_stm_port,10.back_stm_port/MassSpecData-02115-20261006-155430.csv,7.145016666666667
2026-10-06 15:54:40.751,7.5505e-11,Torr,10.back_stm_port,10.back_stm_port/MassSpecData-02115-20261006-155430.csv,7.148483333333333
2026-10-06 15:54:40.959,9.7036e-11,Torr,10.back_stm_port,10.back_stm_port/MassSpecData-02115-20261006-155430.csv,7.15195
2026-10-06 15:54:41.168,9.1649e-11,Torr,10.back_stm_port,10.back_stm_port/MassSpecData-02115-20261006-155430.csv,7.155433333333334
2026-10-06 15:54:41.376,8.3575e-11,Torr,10.back_stm_port,10.back_stm_port/MassSpecData-02115-20261006-155430.csv,7.1589
2026-10-06 15:54:41.584,7.5958e-11,Torr,10.back_stm_port,10.back_stm_port/MassSpecData-02115-20261006-155430.csv,7.162366666666667
2026-10-06 15:54:41.793,1.0114e-10,Torr,10.back_stm_port,10.back_stm_port/MassSpecData-02115-20261006-155430.csv,7.165850000000001
2026-10-06 15:54:42.001,9.3475e-11,Torr,10.back_stm_port,10.back_stm_port/MassSpecData-02115-20261006-155430.csv,7.169316666666666
2026-10-06 15:54:42.209,8.5869e-11,Torr,10.back_stm_port,10.back_stm_port/MassSpecData-02115-20261006-155430.csv,7.172783333333333
2026-10-06 15:54:42.418,8.2797e-11,Torr,10.back_stm_port,10.back_stm_port/MassSpecData-02115-20261006-155430.csv,7.176266666666667
2026-10-06 15:54:42.626,7.0477e-11,Torr,10.back_stm_port,10.back_stm_port/MassSpecData-02115-20261006-155430.csv,7.179733333333333
2026-10-06 15:54:42.834,8.4069e-11,Torr,10.back_stm_port,10.back_stm_port/MassSpecData-02115-20261006-155430.csv,7.1832
2026-10-06 15:54:43.043,7.9038e-11,Torr,10.back_stm_port,10.back_stm_port/MassSpecData-02115-20261006-155430.csv,7.186683333333334
2026-10-06 15:54:43.251,7.179e-11,Torr,10.back_stm_port,10.back_stm_port/MassSpecData-02115-20261006-155430.csv,7.19015
2026-10-06 15:54:43.459,7.0039e-11,Torr,10.back_stm_port,10.back_stm_port/MassSpecData-02115-20261006-155430.csv,7.193616666666667
2026-10-06 15:54:43.668,8.536e-11,Torr,10.back_stm_port,10.back_stm_port/MassSpecData-02115-20261006-155430.csv,7.197100000000001
2026-10-06 15:54:43.876,9.3498e-11,Torr,10.back_stm_port,10.back_stm_port/MassSpecData-02115-20261006-155430.csv,7.200566666666666
2026-10-06 15:54:44.084,8.2483e-11,Torr,10.back_stm_port,10.back_stm_port/MassSpecData-02115-20261006-155430.csv,7.204033333333333
2026-10-06 15:54:44.293,7.1943e-11,Torr,10.back_stm_port,10.back_stm_port/MassSpecData-02115-20261006-155430.csv,7.207516666666667
2026-10-06 15:54:44.501,8.0491e-11,Torr,10.back_stm_port,10.back_stm_port/MassSpecData-02115-20261006-155430.csv,7.210983333333333
2026-10-06 15:54:44.709,8.877e-11,Torr,10.back_stm_port,10.back_stm_port/MassSpecData-02115-20261006-155430.csv,7.21445
2026-10-06 15:54:44.918,8.051e-11,Torr,10.back_stm_port,10.back_stm_port/MassSpecData-02115-20261006-155430.csv,7.217933333333334
2026-10-06 15:54:45.126,8.47e-11,Torr,10.back_stm_port,10.back_stm_port/MassSpecData-02115-20261006-155430.csv,7.2214
2026-10-06 15:54:45.334,7.8889e-11,Torr,10.back_stm_port,10.back_stm_port/MassSpecData-02115-20261006-155430.csv,7.224866666666667
2026-10-06 15:54:45.543,8.653e-11,Torr,10.back_stm_port,10.back_stm_port/MassSpecData-02115-20261006-155430.csv,7.228350000000001
2026-10-06 15:54:45.751,7.8927e-11,Torr,10.back_stm_port,10.back_stm_port/MassSpecData-02115-20261006-155430.csv,7.231816666666666
2026-10-06 15:54:45.959,9.2627e-11,Torr,10.back_stm_port,10.back_stm_port/MassSpecData-02115-20261006-155430.csv,7.235283333333333
2026-10-06 15:54:46.168,8.2145e-11,Torr,10.back_stm_port,10.back_stm_port/MassSpecData-02115-20261006-155430.csv,7.238766666666667
2026-10-06 15:54:46.376,8.8852e-11,Torr,10.back_stm_port,10.back_stm_port/MassSpecData-02115-20261006-155430.csv,7.242233333333333
2026-10-06 15:54:46.584,8.1208e-11,Torr,10.back_stm_port,10.back_stm_port/MassSpecData-02115-20261006-155430.csv,7.2457
2026-10-06 15:54:46.793,7.2976e-11,Torr,10.back_stm_port,10.back_stm_port/MassSpecData-02115-20261006-155430.csv,7.249183333333334
2026-10-06 15:54:47.001,1.002e-10,Torr,10.back_stm_port,10.back_stm_port/MassSpecData-02115-20261006-155430.csv,7.25265
2026-10-06 15:54:47.209,8.497e-11,Torr,10.back_stm_port,10.back_stm_port/MassSpecData-02115-20261006-155430.csv,7.256116666666667
2026-10-06 15:54:47.418,8.5747e-11,Torr,10.back_stm_port,10.back_stm_port/MassSpecData-02115-20261006-155430.csv,7.259600000000001
2026-10-06 15:54:47.626,8.4841e-11,Torr,10.back_stm_port,10.back_stm_port/MassSpecData-02115-20261006-155430.csv,7.263066666666666
2026-10-06 15:54:47.834,8.2892e-11,Torr,10.back_stm_port,10.back_stm_port/MassSpecData-02115-20261006-155430.csv,7.266533333333333
2026-10-06 15:54:48.043,8.0325e-11,Torr,10.back_stm_port,10.back_stm_port/MassSpecData-02115-20261006-155430.csv,7.270016666666667
2026-10-06 15:54:48.251,9.3754e-11,Torr,10.back_stm_port,10.back_stm_port/MassSpecData-02115-20261006-155430.csv,7.273483333333333
2026-10-06 15:54:48.459,8.5337e-11,Torr,10.back_stm_port,10.back_stm_port/MassSpecData-02115-20261006-155430.csv,7.27695
2026-10-06 15:54:48.668,7.9844e-11,Torr,10.back_stm_port,10.back_stm_port/MassSpecData-02115-20261006-155430.csv,7.280433333333334
2026-10-06 15:54:48.876,7.5576e-11,Torr,10.back_stm_port,10.back_stm_port/MassSpecData-02115-20261006-155430.csv,7.2839
2026-10-06 15:54:49.084,6.7144e-11,Torr,10.back_stm_port,10.back_stm_port/MassSpecData-02115-20261006-155430.csv,7.287366666666667
2026-10-06 15:54:49.293,9.0299e-11,Torr,10.back_stm_port,10.back_stm_port/MassSpecData-02115-20261006-155430.csv,7.290850000000001
2026-10-06 15:54:49.501,8.6451e-11,Torr,10.back_stm_port,10.back_stm_port/MassSpecData-02115-20261006-155430.csv,7.294316666666666
2026-10-06 15:54:49.709,8.7607e-11,Torr,10.back_stm_port,10.back_stm_port/MassSpecData-02115-20261006-155430.csv,7.297783333333333
2026-10-06 15:54:49.917,8.8499e-11,Torr,10.back_stm_port,10.back_stm_port/MassSpecData-02115-20261006-155430.csv,7.30125
2026-10-06 15:54:50.126,9.3204e-11,Torr,10.back_stm_port,10.back_stm_port/MassSpecData-02115-20261006-155430.csv,7.304733333333333
2026-10-06 15:54:50.334,8.3598e-11,Torr,10.back_stm_port,10.back_stm_port/MassSpecData-02115-20261006-155430.csv,7.3082
2026-10-06 15:54:50.542,6.3729e-11,Torr,10.back_stm_port,10.back_stm_port/MassSpecData-02115-20261006-155430.csv,7.3116666666666665
2026-10-06 15:54:50.751,7.9053e-11,Torr,10.back_stm_port,10.back_stm_port/MassSpecData-02115-20261006-155430.csv,7.31515
2026-10-06 15:54:50.959,9.9044e-11,Torr,10.back_stm_port,10.back_stm_port/MassSpecData-02115-20261006-155430.csv,7.318616666666667
2026-10-06 15:54:51.167,9.9611e-11,Torr,10.back_stm_port,10.back_stm_port/MassSpecData-02115-20261006-155430.csv,7.3220833333333335
2026-10-06 15:54:51.376,9.6899e-11,Torr,10.back_stm_port,10.back_stm_port/MassSpecData-02115-20261006-155430.csv,7.325566666666666
2026-10-06 15:54:51.584,9.6315e-11,Torr,10.back_stm_port,10.back_stm_port/MassSpecData-02115-20261006-155430.csv,7.329033333333333
2026-10-06 15:54:51.792,8.6738e-11,Torr,10.back_stm_port,10.back_stm_port/MassSpecData-02115-20261006-155430.csv,7.3325
2026-10-06 15:54:52.001,7.8149e-11,Torr,10.back_stm_port,10.back_stm_port/MassSpecData-02115-20261006-155430.csv,7.335983333333333
2026-10-06 15:54:52.209,7.2903e-11,Torr,10.back_stm_port,10.back_stm_port/MassSpecData-02115-20261006-155430.csv,7.33945
2026-10-06 15:54:52.417,8.4955e-11,Torr,10.back_stm_port,10.back_stm_port/MassSpecData-02115-20261006-155430.csv,7.3429166666666665
2026-10-06 15:54:52.626,8.4334e-11,Torr,10.back_stm_port,10.back_stm_port/MassSpecData-02115-20261006-155430.csv,7.3464
2026-10-06 15:54:52.834,8.7954e-11,Torr,10.back_stm_port,10.back_stm_port/MassSpecData-02115-20261006-155430.csv,7.349866666666667
2026-10-06 15:54:53.042,7.8909e-11,Torr,10.back_stm_port,10.back_stm_port/MassSpecData-02115-20261006-155430.csv,7.3533333333333335
2026-10-06 15:54:53.251,7.5777e-11,Torr,10.back_stm_port,10.back_stm_port/MassSpecData-02115-20261006-155430.csv,7.356816666666666
2026-10-06 15:54:53.459,7.0923e-11,Torr,10.back_stm_port,10.back_stm_port/MassSpecData-02115-20261006-155430.csv,7.360283333333333
2026-10-06 15:54:53.667,8.9253e-11,Torr,10.back_stm_port,10.back_stm_port/MassSpecData-02115-20261006-155430.csv,7.36375
2026-10-06 15:54:53.876,9.5771e-11,Torr,10.back_stm_port,10.back_stm_port/MassSpecData-02115-20261006-155430.csv,7.367233333333333
2026-10-06 15:54:54.084,8.1132e-11,Torr,10.back_stm_port,10.back_stm_port/MassSpecData-02115-20261006-155430.csv,7.3707
2026-10-06 15:54:54.292,9.0138e-11,Torr,10.back_stm_port,10.back_stm_port/MassSpecData-02115-20261006-155430.csv,7.3741666666666665
2026-10-06 15:54:54.501,1.0266e-10,Torr,10.back_stm_port,10.back_stm_port/MassSpecData-02115-20261006-155430.csv,7.37765
2026-10-06 15:54:54.709,8.8051e-11,Torr,10.back_stm_port,10.back_stm_port/MassSpecData-02115-20261006-155430.csv,7.381116666666667
2026-10-06 15:54:54.917,8.6787e-11,Torr,10.back_stm_port,10.back_stm_port/MassSpecData-02115-20261006-155430.csv,7.3845833333333335
2026-10-06 15:54:55.126,7.7145e-11,Torr,10.back_stm_port,10.back_stm_port/MassSpecData-02115-20261006-155430.csv,7.388066666666666
2026-10-06 15:54:55.334,8.0641e-11,Torr,10.back_stm_port,10.back_stm_port/MassSpecData-02115-20261006-155430.csv,7.391533333333333
2026-10-06 15:54:55.542,8.0267e-11,Torr,10.back_stm_port,10.back_stm_port/MassSpecData-02115-20261006-155430.csv,7.395
2026-10-06 15:54:55.751,8.8221e-11,Torr,10.back_stm_port,10.back_stm_port/MassSpecData-02115-20261006-155430.csv,7.398483333333333
2026-10-06 15:54:55.959,9.0553e-11,Torr,10.back_stm_port,10.back_stm_port/MassSpecData-02115-20261006-155430.csv,7.40195
2026-10-06 15:54:56.167,8.9573e-11,Torr,10.back_stm_port,10.back_stm_port/MassSpecData-02115-20261006-155430.csv,7.4054166666666665
2026-10-06 15:54:56.376,9.3104e-11,Torr,10.back_stm_port,10.back_stm_port/MassSpecData-02115-20261006-155430.csv,7.4089
2026-10-06 15:54:56.584,9.4387e-11,Torr,10.back_stm_port,10.back_stm_port/MassSpecData-02115-20261006-155430.csv,7.412366666666667
2026-10-06 15:54:56.792,8.6013e-11,Torr,10.back_stm_port,10.back_stm_port/MassSpecData-02115-20261006-155430.csv,7.4158333333333335
2026-10-06 15:54:57.001,8.226e-11,Torr,10.back_stm_port,10.back_stm_port/MassSpecData-02115-20261006-155430.csv,7.419316666666666
2026-10-06 15:54:57.209,8.1375e-11,Torr,10.back_stm_port,10.back_stm_port/MassSpecData-02115-20261006-155430.csv,7.422783333333333
2026-10-06 15:54:57.417,9.2917e-11,Torr,10.back_stm_port,10.back_stm_port/MassSpecData-02115-20261006-155430.csv,7.42625
2026-10-06 15:54:57.626,8.235e-11,Torr,10.back_stm_port,10.back_stm_port/MassSpecData-02115-20261006-155430.csv,7.429733333333333
2026-10-06 15:54:57.834,7.6269e-11,Torr,10.back_stm_port,10.back_stm_port/MassSpecData-02115-20261006-155430.csv,7.4332
2026-10-06 15:54:58.042,8.0204e-11,Torr,10.back_stm_port,10.back_stm_port/MassSpecData-02115-20261006-155430.csv,7.4366666666666665
2026-10-06 15:54:58.251,8.0025e-11,Torr,10.back_stm_port,10.back_stm_port/MassSpecData-02115-20261006-155430.csv,7.44015
2026-10-06 15:54:58.459,9.3385e-11,Torr,10.back_stm_port,10.back_stm_port/MassSpecData-02115-20261006-155430.csv,7.443616666666667
2026-10-06 15:54:58.667,8.5732e-11,Torr,10.back_stm_port,10.back_stm_port/MassSpecData-02115-20261006-155430.csv,7.4470833333333335
2026-10-06 15:54:58.876,8.8009e-11,Torr,10.back_stm_port,10.back_stm_port/MassSpecData-02115-20261006-155430.csv,7.450566666666666
2026-10-06 15:54:59.084,8.8755e-11,Torr,10.back_stm_port,10.back_stm_port/MassSpecData-02115-20261006-155430.csv,7.454033333333333
2026-10-06 15:54:59.292,7.3143e-11,Torr,10.back_stm_port,10.back_stm_port/MassSpecData-02115-20261006-155430.csv,7.4575
2026-10-06 15:54:59.501,7.714e-11,Torr,10.back_stm_port,10.back_stm_port/MassSpecData-02115-20261006-155430.csv,7.460983333333333
2026-10-06 15:54:59.709,8.071e-11,Torr,10.back_stm_port,10.back_stm_port/MassSpecData-02115-20261006-155430.csv,7.46445
2026-10-06 15:54:59.917,8.9664e-11,Torr,10.back_stm_port,10.back_stm_port/MassSpecData-02115-20261006-155430.csv,7.4679166666666665
2026-10-06 15:55:00.126,8.3303e-11,Torr,10.back_stm_port,10.back_stm_port/MassSpecData-02115-20261006-155430.csv,7.4714
2026-10-06 15:55:00.334,9.9969e-11,Torr,10.back_stm_port,10.back_stm_port/MassSpecData-02115-20261006-155430.csv,7.474866666666667
2026-10-06 15:55:00.542,7.6873e-11,Torr,10.back_stm_port,10.back_stm_port/MassSpecData-02115-20261006-155430.csv,7.4783333333333335
2026-10-06 15:55:00.751,8.7849e-11,Torr,10.back_stm_port,10.back_stm_port/MassSpecData-02115-20261006-155430.csv,7.481816666666666
2026-10-06 15:55:00.959,9.2935e-11,Torr,10.back_stm_port,10.back_stm_port/MassSpecData-02115-20261006-155430.csv,7.485283333333333
2026-10-06 15:55:01.167,9.5803e-11,Torr,10.back_stm_port,10.back_stm_port/MassSpecData-02115-20261006-155430.csv,7.48875
2026-10-06 15:55:01.376,9.2252e-11,Torr,10.back_stm_port,10.back_stm_port/MassSpecData-02115-20261006-155430.csv,7.492233333333333
2026-10-06 15:55:01.584,8.2223e-11,Torr,10.back_stm_port,10.back_stm_port/MassSpecData-02115-20261006-155430.csv,7.4957
2026-10-06 15:55:01.792,9.0517e-11,Torr,10.back_stm_port,10.back_stm_port/MassSpecData-02115-20261006-155430.csv,7.4991666666666665
2026-10-06 15:55:02.001,1.0574e-10,Torr,10.back_stm_port,10.back_stm_port/MassSpecData-02115-20261006-155430.csv,7.50265
2026-10-06 15:55:02.209,8.2822e-11,Torr,10.back_stm_port,10.back_stm_port/MassSpecData-02115-20261006-155430.csv,7.506116666666667
2026-10-06 15:55:02.417,7.4622e-11,Torr,10.back_stm_port,10.back_stm_port/MassSpecData-02115-20261006-155430.csv,7.5095833333333335
2026-10-06 15:55:02.626,8.2313e-11,Torr,10.back_stm_port,10.back_stm_port/MassSpecData-02115-20261006-155430.csv,7.513066666666666
2026-10-06 15:55:02.834,8.8562e-11,Torr,10.back_stm_port,10.back_stm_port/MassSpecData-02115-20261006-155430.csv,7.516533333333333
2026-10-06 15:55:03.042,7.534e-11,Torr,10.back_stm_port,10.back_stm_port/MassSpecData-02115-20261006-155430.csv,7.52
2026-10-06 15:55:03.251,8.4431e-11,Torr,10.back_stm_port,10.back_stm_port/MassSpecData-02115-20261006-155430.csv,7.523483333333333
2026-10-06 15:55:03.459,8.0095e-11,Torr,10.back_stm_port,10.back_stm_port/MassSpecData-02115-20261006-155430.csv,7.52695
2026-10-06 15:55:03.667,8.2751e-11,Torr,10.back_stm_port,10.back_stm_port/MassSpecData-02115-20261006-155430.csv,7.5304166666666665
2026-10-06 15:55:03.876,7.8726e-11,Torr,10.back_stm_port,10.back_stm_port/MassSpecData-02115-20261006-155430.csv,7.5339
2026-10-06 15:55:04.084,7.5687e-11,Torr,10.back_stm_port,10.back_stm_port/MassSpecData-02115-20261006-155430.csv,7.537366666666667
2026-10-06 15:55:04.292,9.842e-11,Torr,10.back_stm_port,10.back_stm_port/MassSpecData-02115-20261006-155430.csv,7.5408333333333335
2026-10-06 15:55:04.501,8.8225e-11,Torr,10.back_stm_port,10.back_stm_port/MassSpecData-02115-20261006-155430.csv,7.544316666666666
2026-10-06 15:55:04.709,1.0076e-10,Torr,10.back_stm_port,10.back_stm_port/MassSpecData-02115-20261006-155430.csv,7.547783333333333
2026-10-06 15:55:04.917,8.1309e-11,Torr,10.back_stm_port,10.back_stm_port/MassSpecData-02115-20261006-155430.csv,7.55125
2026-10-06 15:55:05.126,9.5957e-11,Torr,10.back_stm_port,10.back_stm_port/MassSpecData-02115-20261006-155430.csv,7.554733333333333
2026-10-06 15:55:05.334,9.5207e-11,Torr,10.back_stm_port,10.back_stm_port/MassSpecData-02115-20261006-155430.csv,7.5582
2026-10-06 15:55:05.542,9.3307e-11,Torr,10.back_stm_port,10.back_stm_port/MassSpecData-02115-20261006-155430.csv,7.5616666666666665
2026-10-06 15:55:05.751,9.6235e-11,Torr,10.back_stm_port,10.back_stm_port/MassSpecData-02115-20261006-155430.csv,7.56515
2026-10-06 15:55:05.959,9.0053e-11,Torr,10.back_stm_port,10.back_stm_port/MassSpecData-02115-20261006-155430.csv,7.568616666666667
2026-10-06 15:55:06.167,8.6655e-11,Torr,10.back_stm_port,10.back_stm_port/MassSpecData-02115-20261006-155430.csv,7.5720833333333335
2026-10-06 15:55:06.376,8.4914e-11,Torr,10.back_stm_port,10.back_stm_port/MassSpecData-02115-20261006-155430.csv,7.575566666666666
2026-10-06 15:55:06.584,8.4166e-11,Torr,10.back_stm_port,10.back_stm_port/MassSpecData-02115-20261006-155430.csv,7.579033333333333
2026-10-06 15:55:06.792,8.155e-11,Torr,10.back_stm_port,10.back_stm_port/MassSpecData-02115-20261006-155430.csv,7.5825
2026-10-06 15:55:07.001,9.4527e-11,Torr,10.back_stm_port,10.back_stm_port/MassSpecData-02115-20261006-155430.csv,7.585983333333333
2026-10-06 15:55:07.209,8.9239e-11,Torr,10.back_stm_port,10.back_stm_port/MassSpecData-02115-20261006-155430.csv,7.58945
2026-10-06 15:55:07.417,8.5164e-11,Torr,10.back_stm_port,10.back_stm_port/MassSpecData-02115-20261006-155430.csv,7.5929166666666665
2026-10-06 15:55:07.626,9.0594e-11,Torr,10.back_stm_port,10.back_stm_port/MassSpecData-02115-20261006-155430.csv,7.5964
2026-10-06 15:55:07.834,8.1119e-11,Torr,10.back_stm_port,10.back_stm_port/MassSpecData-02115-20261006-155430.csv,7.599866666666667
2026-10-06 15:55:08.043,1.0033e-10,Torr,10.back_stm_port,10.back_stm_port/MassSpecData-02115-20261006-155430.csv,7.603350000000001
2026-10-06 15:55:08.251,8.4202e-11,Torr,10.back_stm_port,10.back_stm_port/MassSpecData-02115-20261006-155430.csv,7.606816666666666
2026-10-06 15:55:08.459,7.7553e-11,Torr,10.back_stm_port,10.back_stm_port/MassSpecData-02115-20261006-155430.csv,7.610283333333333
2026-10-06 15:55:08.668,8.0032e-11,Torr,10.back_stm_port,10.back_stm_port/MassSpecData-02115-20261006-155430.csv,7.613766666666667
2026-10-06 15:55:08.876,9.1952e-11,Torr,10.back_stm_port,10.back_stm_port/MassSpecData-02115-20261006-155430.csv,7.617233333333333
2026-10-06 15:55:09.084,8.0097e-11,Torr,10.back_stm_port,10.back_stm_port/MassSpecData-02115-20261006-155430.csv,7.6207
2026-10-06 15:55:09.293,8.537e-11,Torr,10.back_stm_port,10.back_stm_port/MassSpecData-02115-20261006-155430.csv,7.624183333333334
2026-10-06 15:55:09.501,8.5119e-11,Torr,10.back_stm_port,10.back_stm_port/MassSpecData-02115-20261006-155430.csv,7.62765
2026-10-06 15:55:09.709,8.1659e-11,Torr,10.back_stm_port,10.back_stm_port/MassSpecData-02115-20261006-155430.csv,7.631116666666667
2026-10-06 15:55:09.918,9.2117e-11,Torr,10.back_stm_port,10.back_stm_port/MassSpecData-02115-20261006-155430.csv,7.634600000000001
2026-10-06 15:55:10.126,7.4749e-11,Torr,10.back_stm_port,10.back_stm_port/MassSpecData-02115-20261006-155430.csv,7.638066666666666
2026-10-06 15:55:10.334,8.5122e-11,Torr,10.back_stm_port,10.back_stm_port/MassSpecData-02115-20261006-155430.csv,7.641533333333333
2026-10-06 15:55:10.543,8.8023e-11,Torr,10.back_stm_port,10.back_stm_port/MassSpecData-02115-20261006-155430.csv,7.645016666666667
2026-10-06 15:55:10.751,9.059e-11,Torr,10.back_stm_port,10.back_stm_port/MassSpecData-02115-20261006-155430.csv,7.648483333333333
2026-10-06 15:55:10.959,7.464e-11,Torr,10.back_stm_port,10.back_stm_port/MassSpecData-02115-20261006-155430.csv,7.65195
2026-10-06 15:55:11.168,9.4719e-11,Torr,10.back_stm_port,10.back_stm_port/MassSpecData-02115-20261006-155430.csv,7.655433333333334
2026-10-06 15:55:11.376,8.8273e-11,Torr,10.back_stm_port,10.back_stm_port/MassSpecData-02115-20261006-155430.csv,7.6589
2026-10-06 15:55:11.584,7.4258e-11,Torr,10.back_stm_port,10.back_stm_port/MassSpecData-02115-20261006-155430.csv,7.662366666666667
2026-10-06 15:55:11.822,7.636e-11,Torr,10.back_stm_port,10.back_stm_port/MassSpecData-02115-20261006-155511.csv,7.666333333333333
2026-10-06 15:55:12.030,7.546e-11,Torr,10.back_stm_port,10.back_stm_port/MassSpecData-02115-20261006-155511.csv,7.6697999999999995
2026-10-06 15:55:12.239,8.7888e-11,Torr,10.back_stm_port,10.back_stm_port/MassSpecData-02115-20261006-155511.csv,7.673283333333333
2026-10-06 15:55:12.447,9.1373e-11,Torr,10.back_stm_port,10.back_stm_port/MassSpecData-02115-20261006-155511.csv,7.67675
2026-10-06 15:55:12.655,8.0436e-11,Torr,10.back_stm_port,10.back_stm_port/MassSpecData-02115-20261006-155511.csv,7.6802166666666665
2026-10-06 15:55:12.864,8.9831e-11,Torr,10.back_stm_port,10.back_stm_port/MassSpecData-02115-20261006-155511.csv,7.6837
2026-10-06 15:55:13.072,7.4957e-11,Torr,10.back_stm_port,10.back_stm_port/MassSpecData-02115-20261006-155511.csv,7.687166666666667
2026-10-06 15:55:13.280,8.5911e-11,Torr,10.back_stm_port,10.back_stm_port/MassSpecData-02115-20261006-155511.csv,7.690633333333333
2026-10-06 15:55:13.488,9.8622e-11,Torr,10.back_stm_port,10.back_stm_port/MassSpecData-02115-20261006-155511.csv,7.694100000000001
2026-10-06 15:55:13.697,8.6063e-11,Torr,10.back_stm_port,10.back_stm_port/MassSpecData-02115-20261006-155511.csv,7.697583333333333
2026-10-06 15:55:13.905,7.1183e-11,Torr,10.back_stm_port,10.back_stm_port/MassSpecData-02115-20261006-155511.csv,7.7010499999999995
2026-10-06 15:55:14.114,8.0893e-11,Torr,10.back_stm_port,10.back_stm_port/MassSpecData-02115-20261006-155511.csv,7.704533333333333
2026-10-06 15:55:14.322,8.6798e-11,Torr,10.back_stm_port,10.back_stm_port/MassSpecData-02115-20261006-155511.csv,7.708
2026-10-06 15:55:14.530,7.9226e-11,Torr,10.back_stm_port,10.back_stm_port/MassSpecData-02115-20261006-155511.csv,7.7114666666666665
2026-10-06 15:55:14.739,7.4754e-11,Torr,10.back_stm_port,10.back_stm_port/MassSpecData-02115-20261006-155511.csv,7.71495
2026-10-06 15:55:14.947,8.8592e-11,Torr,10.back_stm_port,10.back_stm_port/MassSpecData-02115-20261006-155511.csv,7.718416666666667
2026-10-06 15:55:15.155,8.1944e-11,Torr,10.back_stm_port,10.back_stm_port/MassSpecData-02115-20261006-155511.csv,7.721883333333333
2026-10-06 15:55:15.364,9.0612e-11,Torr,10.back_stm_port,10.back_stm_port/MassSpecData-02115-20261006-155511.csv,7.725366666666667
2026-10-06 15:55:15.572,9.5037e-11,Torr,10.back_stm_port,10.back_stm_port/MassSpecData-02115-20261006-155511.csv,7.728833333333333
2026-10-06 15:55:15.780,8.632e-11,Torr,10.back_stm_port,10.back_stm_port/MassSpecData-02115-20261006-155511.csv,7.7322999999999995
2026-10-06 15:55:15.989,7.4581e-11,Torr,10.back_stm_port,10.back_stm_port/MassSpecData-02115-20261006-155511.csv,7.735783333333333
2026-10-06 15:55:16.197,7.9886e-11,Torr,10.back_stm_port,10.back_stm_port/MassSpecData-02115-20261006-155511.csv,7.73925
2026-10-06 15:55:16.405,8.0595e-11,Torr,10.back_stm_port,10.back_stm_port/MassSpecData-02115-20261006-155511.csv,7.7427166666666665
2026-10-06 15:55:16.614,7.3391e-11,Torr,10.back_stm_port,10.back_stm_port/MassSpecData-02115-20261006-155511.csv,7.7462
2026-10-06 15:55:16.822,9.0808e-11,Torr,10.back_stm_port,10.back_stm_port/MassSpecData-02115-20261006-155511.csv,7.749666666666667
2026-10-06 15:55:17.030,9.2823e-11,Torr,10.back_stm_port,10.back_stm_port/MassSpecData-02115-20261006-155511.csv,7.753133333333333
2026-10-06 15:55:17.238,8.9925e-11,Torr,10.back_stm_port,10.back_stm_port/MassSpecData-02115-20261006-155511.csv,7.756600000000001
2026-10-06 15:55:17.447,8.2746e-11,Torr,10.back_stm_port,10.back_stm_port/MassSpecData-02115-20261006-155511.csv,7.760083333333333
2026-10-06 15:55:17.655,7.9957e-11,Torr,10.back_stm_port,10.back_stm_port/MassSpecData-02115-20261006-155511.csv,7.7635499999999995
2026-10-06 15:55:17.863,9.4206e-11,Torr,10.back_stm_port,10.back_stm_port/MassSpecData-02115-20261006-155511.csv,7.767016666666667
2026-10-06 15:55:18.072,8.3238e-11,Torr,10.back_stm_port,10.back_stm_port/MassSpecData-02115-20261006-155511.csv,7.7705
2026-10-06 15:55:18.280,8.1287e-11,Torr,10.back_stm_port,10.back_stm_port/MassSpecData-02115-20261006-155511.csv,7.7739666666666665
2026-10-06 15:55:18.488,7.0416e-11,Torr,10.back_stm_port,10.back_stm_port/MassSpecData-02115-20261006-155511.csv,7.777433333333334
2026-10-06 15:55:18.697,9.1036e-11,Torr,10.back_stm_port,10.back_stm_port/MassSpecData-02115-20261006-155511.csv,7.780916666666667
2026-10-06 15:55:18.905,8.5342e-11,Torr,10.back_stm_port,10.back_stm_port/MassSpecData-02115-20261006-155511.csv,7.784383333333333
2026-10-06 15:55:19.113,7.4199e-11,Torr,10.back_stm_port,10.back_stm_port/MassSpecData-02115-20261006-155511.csv,7.787850000000001
2026-10-06 15:55:19.322,7.8648e-11,Torr,10.back_stm_port,10.back_stm_port/MassSpecData-02115-20261006-155511.csv,7.791333333333333
2026-10-06 15:55:19.530,7.8302e-11,Torr,10.back_stm_port,10.back_stm_port/MassSpecData-02115-20261006-155511.csv,7.7947999999999995
2026-10-06 15:55:19.738,9.9772e-11,Torr,10.back_stm_port,10.back_stm_port/MassSpecData-02115-20261006-155511.csv,7.798266666666667
2026-10-06 15:55:19.947,8.1816e-11,Torr,10.back_stm_port,10.back_stm_port/MassSpecData-02115-20261006-155511.csv,7.80175
2026-10-06 15:55:20.155,1.0237e-10,Torr,10.back_stm_port,10.back_stm_port/MassSpecData-02115-20261006-155511.csv,7.8052166666666665
2026-10-06 15:55:20.363,8.953e-11,Torr,10.back_stm_port,10.back_stm_port/MassSpecData-02115-20261006-155511.csv,7.808683333333334
2026-10-06 15:55:20.572,8.3442e-11,Torr,10.back_stm_port,10.back_stm_port/MassSpecData-02115-20261006-155511.csv,7.812166666666667
2026-10-06 15:55:20.780,9.4189e-11,Torr,10.back_stm_port,10.back_stm_port/MassSpecData-02115-20261006-155511.csv,7.815633333333333
2026-10-06 15:55:20.989,8.7082e-11,Torr,10.back_stm_port,10.back_stm_port/MassSpecData-02115-20261006-155511.csv,7.819116666666667
2026-10-06 15:55:21.197,7.6825e-11,Torr,10.back_stm_port,10.back_stm_port/MassSpecData-02115-20261006-155511.csv,7.822583333333333
2026-10-06 15:55:21.405,7.158e-11,Torr,10.back_stm_port,10.back_stm_port/MassSpecData-02115-20261006-155511.csv,7.8260499999999995
2026-10-06 15:55:21.614,6.9343e-11,Torr,10.back_stm_port,10.back_stm_port/MassSpecData-02115-20261006-155511.csv,7.829533333333333
2026-10-06 15:55:21.822,8.8121e-11,Torr,10.back_stm_port,10.back_stm_port/MassSpecData-02115-20261006-155511.csv,7.833
2026-10-06 15:55:22.030,8.2508e-11,Torr,10.back_stm_port,10.back_stm_port/MassSpecData-02115-20261006-155511.csv,7.8364666666666665
2026-10-06 15:55:22.239,7.5808e-11,Torr,10.back_stm_port,10.back_stm_port/MassSpecData-02115-20261006-155511.csv,7.83995
2026-10-06 15:55:22.447,9.3541e-11,Torr,10.back_stm_port,10.back_stm_port/MassSpecData-02115-20261006-155511.csv,7.843416666666667
2026-10-06 15:55:22.655,8.0353e-11,Torr,10.back_stm_port,10.back_stm_port/MassSpecData-02115-20261006-155511.csv,7.846883333333333
2026-10-06 15:55:22.864,8.1822e-11,Torr,10.back_stm_port,10.back_stm_port/MassSpecData-02115-20261006-155511.csv,7.850366666666667
2026-10-06 15:55:23.072,8.4222e-11,Torr,10.back_stm_port,10.back_stm_port/MassSpecData-02115-20261006-155511.csv,7.853833333333333
2026-10-06 15:55:23.280,8.9456e-11,Torr,10.back_stm_port,10.back_stm_port/MassSpecData-02115-20261006-155511.csv,7.8572999999999995
2026-10-06 15:55:23.489,7.7264e-11,Torr,10.back_stm_port,10.back_stm_port/MassSpecData-02115-20261006-155511.csv,7.860783333333333
2026-10-06 15:55:23.697,8.7408e-11,Torr,10.back_stm_port,10.back_stm_port/MassSpecData-02115-20261006-155511.csv,7.86425
2026-10-06 15:55:23.905,7.7806e-11,Torr,10.back_stm_port,10.back_stm_port/MassSpecData-02115-20261006-155511.csv,7.8677166666666665
2026-10-06 15:55:24.114,7.7415e-11,Torr,10.back_stm_port,10.back_stm_port/MassSpecData-02115-20261006-155511.csv,7.8712
2026-10-06 15:55:24.322,8.7927e-11,Torr,10.back_stm_port,10.back_stm_port/MassSpecData-02115-20261006-155511.csv,7.874666666666667
2026-10-06 15:55:24.530,6.7758e-11,Torr,10.back_stm_port,10.back_stm_port/MassSpecData-02115-20261006-155511.csv,7.878133333333333
2026-10-06 15:55:24.739,9.3708e-11,Torr,10.back_stm_port,10.back_stm_port/MassSpecData-02115-20261006-155511.csv,7.881616666666667
2026-10-06 15:55:24.947,9.0987e-11,Torr,10.back_stm_port,10.back_stm_port/MassSpecData-02115-20261006-155511.csv,7.885083333333333
2026-10-06 15:55:25.155,8.9728e-11,Torr,10.back_stm_port,10.back_stm_port/MassSpecData-02115-20261006-155511.csv,7.8885499999999995
2026-10-06 15:55:25.364,8.887e-11,Torr,10.back_stm_port,10.back_stm_port/MassSpecData-02115-20261006-155511.csv,7.892033333333333
2026-10-06 15:55:25.572,9.1104e-11,Torr,10.back_stm_port,10.back_stm_port/MassSpecData-02115-20261006-155511.csv,7.8955
2026-10-06 15:55:25.780,7.9388e-11,Torr,10.back_stm_port,10.back_stm_port/MassSpecData-02115-20261006-155511.csv,7.8989666666666665
2026-10-06 15:55:25.989,7.3955e-11,Torr,10.back_stm_port,10.back_stm_port/MassSpecData-02115-20261006-155511.csv,7.90245
2026-10-06 15:55:26.197,9.0339e-11,Torr,10.back_stm_port,10.back_stm_port/MassSpecData-02115-20261006-155511.csv,7.905916666666667
2026-10-06 15:55:26.405,7.2217e-11,Torr,10.back_stm_port,10.back_stm_port/MassSpecData-02115-20261006-155511.csv,7.909383333333333
2026-10-06 15:55:26.614,9.4535e-11,Torr,10.back_stm_port,10.back_stm_port/MassSpecData-02115-20261006-155511.csv,7.912866666666667
2026-10-06 15:55:26.822,9.3831e-11,Torr,10.back_stm_port,10.back_stm_port/MassSpecData-02115-20261006-155511.csv,7.916333333333333
2026-10-06 15:55:27.030,8.6182e-11,Torr,10.back_stm_port,10.back_stm_port/MassSpecData-02115-20261006-155511.csv,7.9197999999999995
2026-10-06 15:55:27.239,8.4416e-11,Torr,10.back_stm_port,10.back_stm_port/MassSpecData-02115-20261006-155511.csv,7.923283333333333
2026-10-06 15:55:27.447,8.2078e-11,Torr,10.back_stm_port,10.back_stm_port/MassSpecData-02115-20261006-155511.csv,7.92675
2026-10-06 15:55:27.655,9.0782e-11,Torr,10.back_stm_port,10.back_stm_port/MassSpecData-02115-20261006-155511.csv,7.9302166666666665
2026-10-06 15:55:27.864,8.2658e-11,Torr,10.back_stm_port,10.back_stm_port/MassSpecData-02115-20261006-155511.csv,7.9337
2026-10-06 15:55:28.072,8.0782e-11,Torr,10.back_stm_port,10.back_stm_port/MassSpecData-02115-20261006-155511.csv,7.937166666666667
2026-10-06 15:55:28.280,9.6097e-11,Torr,10.back_stm_port,10.back_stm_port/MassSpecData-02115-20261006-155511.csv,7.940633333333333
2026-10-06 15:55:28.489,6.8261e-11,Torr,10.back_stm_port,10.back_stm_port/MassSpecData-02115-20261006-155511.csv,7.944116666666667
2026-10-06 15:55:28.697,9.813e-11,Torr,10.back_stm_port,10.back_stm_port/MassSpecData-02115-20261006-155511.csv,7.947583333333333
2026-10-06 15:55:28.905,8.3298e-11,Torr,10.back_stm_port,10.back_stm_port/MassSpecData-02115-20261006-155511.csv,7.9510499999999995
2026-10-06 15:55:29.114,9.3005e-11,Torr,10.back_stm_port,10.back_stm_port/MassSpecData-02115-20261006-155511.csv,7.954533333333333
2026-10-06 15:55:29.322,9.4783e-11,Torr,10.back_stm_port,10.back_stm_port/MassSpecData-02115-20261006-155511.csv,7.958
2026-10-06 15:55:29.530,8.1047e-11,Torr,10.back_stm_port,10.back_stm_port/MassSpecData-02115-20261006-155511.csv,7.9614666666666665
2026-10-06 15:55:29.739,8.3126e-11,Torr,10.back_stm_port,10.back_stm_port/MassSpecData-02115-20261006-155511.csv,7.96495
2026-10-06 15:55:29.947,8.7586e-11,Torr,10.back_stm_port,10.back_stm_port/MassSpecData-02115-20261006-155511.csv,7.968416666666667
2026-10-06 15:55:30.155,9.2823e-11,Torr,10.back_stm_port,10.back_stm_port/MassSpecData-02115-20261006-155511.csv,7.971883333333333
2026-10-06 15:55:30.364,8.5336e-11,Torr,10.back_stm_port,10.back_stm_port/MassSpecData-02115-20261006-155511.csv,7.975366666666667
2026-10-06 15:55:30.572,8.9954e-11,Torr,10.back_stm_port,10.back_stm_port/MassSpecData-02115-20261006-155511.csv,7.978833333333333
2026-10-06 15:55:30.780,7.1395e-11,Torr,10.back_stm_port,10.back_stm_port/MassSpecData-02115-20261006-155511.csv,7.9822999999999995
2026-10-06 15:55:30.989,8.2339e-11,Torr,10.back_stm_port,10.back_stm_port/MassSpecData-02115-20261006-155511.csv,7.985783333333333
2026-10-06 15:55:31.197,8.6241e-11,Torr,10.back_stm_port,10.back_stm_port/MassSpecData-02115-20261006-155511.csv,7.98925
2026-10-06 15:55:31.405,6.9665e-11,Torr,10.back_stm_port,10.back_stm_port/MassSpecData-02115-20261006-155511.csv,7.9927166666666665
2026-10-06 15:55:31.613,8.1141e-11,Torr,10.back_stm_port,10.back_stm_port/MassSpecData-02115-20261006-155511.csv,7.996183333333334
2026-10-06 15:55:31.822,7.8372e-11,Torr,10.back_stm_port,10.back_stm_port/MassSpecData-02115-20261006-155511.csv,7.999666666666667
2026-10-06 15:55:32.030,7.7948e-11,Torr,10.back_stm_port,10.back_stm_port/MassSpecData-02115-20261006-155511.csv,8.003133333333333
2026-10-06 15:55:32.238,7.1877e-11,Torr,10.back_stm_port,10.back_stm_port/MassSpecData-02115-20261006-155511.csv,8.0066
2026-10-06 15:55:32.447,8.9371e-11,Torr,10.back_stm_port,10.back_stm_port/MassSpecData-02115-20261006-155511.csv,8.010083333333334
2026-10-06 15:55:32.655,9.4525e-11,Torr,10.back_stm_port,10.back_stm_port/MassSpecData-02115-20261006-155511.csv,8.01355
2026-10-06 15:55:32.863,7.9628e-11,Torr,10.back_stm_port,10.back_stm_port/MassSpecData-02115-20261006-155511.csv,8.017016666666667
2026-10-06 15:55:33.072,8.0159e-11,Torr,10.back_stm_port,10.back_stm_port/MassSpecData-02115-20261006-155511.csv,8.0205
2026-10-06 15:55:33.280,9.4386e-11,Torr,10.back_stm_port,10.back_stm_port/MassSpecData-02115-20261006-155511.csv,8.023966666666666
2026-10-06 15:55:33.488,8.6306e-11,Torr,10.back_stm_port,10.back_stm_port/MassSpecData-02115-20261006-155511.csv,8.027433333333333
2026-10-06 15:55:33.697,8.4714e-11,Torr,10.back_stm_port,10.back_stm_port/MassSpecData-02115-20261006-155511.csv,8.030916666666666
2026-10-06 15:55:33.905,7.4894e-11,Torr,10.back_stm_port,10.back_stm_port/MassSpecData-02115-20261006-155511.csv,8.034383333333333
2026-10-06 15:55:34.113,7.4282e-11,Torr,10.back_stm_port,10.back_stm_port/MassSpecData-02115-20261006-155511.csv,8.03785
2026-10-06 15:55:34.322,7.9032e-11,Torr,10.back_stm_port,10.back_stm_port/MassSpecData-02115-20261006-155511.csv,8.041333333333334
2026-10-06 15:55:34.530,7.245e-11,Torr,10.back_stm_port,10.back_stm_port/MassSpecData-02115-20261006-155511.csv,8.0448
2026-10-06 15:55:34.738,8.0171e-11,Torr,10.back_stm_port,10.back_stm_port/MassSpecData-02115-20261006-155511.csv,8.048266666666667
2026-10-06 15:55:34.947,1.0402e-10,Torr,10.back_stm_port,10.back_stm_port/MassSpecData-02115-20261006-155511.csv,8.05175
2026-10-06 15:55:35.155,9.1604e-11,Torr,10.back_stm_port,10.back_stm_port/MassSpecData-02115-20261006-155511.csv,8.055216666666666
2026-10-06 15:55:35.363,7.7839e-11,Torr,10.back_stm_port,10.back_stm_port/MassSpecData-02115-20261006-155511.csv,8.058683333333333
2026-10-06 15:55:35.572,7.2552e-11,Torr,10.back_stm_port,10.back_stm_port/MassSpecData-02115-20261006-155511.csv,8.062166666666666
2026-10-06 15:55:35.780,8.3307e-11,Torr,10.back_stm_port,10.back_stm_port/MassSpecData-02115-20261006-155511.csv,8.065633333333333
2026-10-06 15:55:35.988,6.9112e-11,Torr,10.back_stm_port,10.back_stm_port/MassSpecData-02115-20261006-155511.csv,8.0691
2026-10-06 15:55:36.197,8.9029e-11,Torr,10.back_stm_port,10.back_stm_port/MassSpecData-02115-20261006-155511.csv,8.072583333333334
2026-10-06 15:55:36.405,7.7157e-11,Torr,10.back_stm_port,10.back_stm_port/MassSpecData-02115-20261006-155511.csv,8.07605
2026-10-06 15:55:36.613,8.6112e-11,Torr,10.back_stm_port,10.back_stm_port/MassSpecData-02115-20261006-155511.csv,8.079516666666667
2026-10-06 15:55:36.822,8.7857e-11,Torr,10.back_stm_port,10.back_stm_port/MassSpecData-02115-20261006-155511.csv,8.083
2026-10-06 15:55:37.030,7.6664e-11,Torr,10.back_stm_port,10.back_stm_port/MassSpecData-02115-20261006-155511.csv,8.086466666666666
2026-10-06 15:55:37.238,7.623e-11,Torr,10.back_stm_port,10.back_stm_port/MassSpecData-02115-20261006-155511.csv,8.089933333333333
2026-10-06 15:55:37.447,8.5841e-11,Torr,10.back_stm_port,10.back_stm_port/MassSpecData-02115-20261006-155511.csv,8.093416666666666
2026-10-06 15:55:37.655,7.5895e-11,Torr,10.back_stm_port,10.back_stm_port/MassSpecData-02115-20261006-155511.csv,8.096883333333333
2026-10-06 15:55:37.863,7.6627e-11,Torr,10.back_stm_port,10.back_stm_port/MassSpecData-02115-20261006-155511.csv,8.10035
2026-10-06 15:55:38.072,8.6517e-11,Torr,10.back_stm_port,10.back_stm_port/MassSpecData-02115-20261006-155511.csv,8.103833333333334
2026-10-06 15:55:38.280,8.3219e-11,Torr,10.back_stm_port,10.back_stm_port/MassSpecData-02115-20261006-155511.csv,8.1073
2026-10-06 15:55:38.488,8.0603e-11,Torr,10.back_stm_port,10.back_stm_port/MassSpecData-02115-20261006-155511.csv,8.110766666666667
2026-10-06 15:55:38.697,9.8968e-11,Torr,10.back_stm_port,10.back_stm_port/MassSpecData-02115-20261006-155511.csv,8.11425
2026-10-06 15:55:38.905,9.0419e-11,Torr,10.back_stm_port,10.back_stm_port/MassSpecData-02115-20261006-155511.csv,8.117716666666666
2026-10-06 15:55:39.113,8.772e-11,Torr,10.back_stm_port,10.back_stm_port/MassSpecData-02115-20261006-155511.csv,8.121183333333333
2026-10-06 15:55:39.322,7.5154e-11,Torr,10.back_stm_port,10.back_stm_port/MassSpecData-02115-20261006-155511.csv,8.124666666666666
2026-10-06 15:55:39.530,7.7516e-11,Torr,10.back_stm_port,10.back_stm_port/MassSpecData-02115-20261006-155511.csv,8.128133333333333
2026-10-06 15:55:39.738,7.2828e-11,Torr,10.back_stm_port,10.back_stm_port/MassSpecData-02115-20261006-155511.csv,8.1316
2026-10-06 15:55:39.947,8.0552e-11,Torr,10.back_stm_port,10.back_stm_port/MassSpecData-02115-20261006-155511.csv,8.135083333333334
2026-10-06 15:55:40.155,9.6222e-11,Torr,10.back_stm_port,10.back_stm_port/MassSpecData-02115-20261006-155511.csv,8.13855
2026-10-06 15:55:40.363,9.3706e-11,Torr,10.back_stm_port,10.back_stm_port/MassSpecData-02115-20261006-155511.csv,8.142016666666667
2026-10-06 15:55:40.572,9.5235e-11,Torr,10.back_stm_port,10.back_stm_port/MassSpecData-02115-20261006-155511.csv,8.1455
2026-10-06 15:55:40.780,8.1748e-11,Torr,10.back_stm_port,10.back_stm_port/MassSpecData-02115-20261006-155511.csv,8.148966666666666
2026-10-06 15:55:40.988,8.4867e-11,Torr,10.back_stm_port,10.back_stm_port/MassSpecData-02115-20261006-155511.csv,8.152433333333333
2026-10-06 15:55:41.197,1.0231e-10,Torr,10.back_stm_port,10.back_stm_port/MassSpecData-02115-20261006-155511.csv,8.155916666666666
2026-10-06 15:55:41.405,8.6099e-11,Torr,10.back_stm_port,10.back_stm_port/MassSpecData-02115-20261006-155511.csv,8.159383333333333
2026-10-06 15:55:41.613,1.0463e-10,Torr,10.back_stm_port,10.back_stm_port/MassSpecData-02115-20261006-155511.csv,8.16285
2026-10-06 15:55:41.822,7.7283e-11,Torr,10.back_stm_port,10.back_stm_port/MassSpecData-02115-20261006-155511.csv,8.166333333333334
2026-10-06 15:55:42.030,8.4635e-11,Torr,10.back_stm_port,10.back_stm_port/MassSpecData-02115-20261006-155511.csv,8.1698
2026-10-06 15:55:42.238,7.6947e-11,Torr,10.back_stm_port,10.back_stm_port/MassSpecData-02115-20261006-155511.csv,8.173266666666667
2026-10-06 15:55:42.447,9.1324e-11,Torr,10.back_stm_port,10.back_stm_port/MassSpecData-02115-20261006-155511.csv,8.17675
2026-10-06 15:55:42.655,7.5756e-11,Torr,10.back_stm_port,10.back_stm_port/MassSpecData-02115-20261006-155511.csv,8.180216666666666
2026-10-06 15:55:42.863,1.0187e-10,Torr,10.back_stm_port,10.back_stm_port/MassSpecData-02115-20261006-155511.csv,8.183683333333333
2026-10-06 15:55:43.072,1.0145e-10,Torr,10.back_stm_port,10.back_stm_port/MassSpecData-02115-20261006-155511.csv,8.187166666666666
2026-10-06 15:55:43.280,7.8594e-11,Torr,10.back_stm_port,10.back_stm_port/MassSpecData-02115-20261006-155511.csv,8.190633333333333
2026-10-06 15:55:43.488,8.0152e-11,Torr,10.back_stm_port,10.back_stm_port/MassSpecData-02115-20261006-155511.csv,8.1941
2026-10-06 15:55:43.697,6.9203e-11,Torr,10.back_stm_port,10.back_stm_port/MassSpecData-02115-20261006-155511.csv,8.197583333333334
2026-10-06 15:55:43.905,9.1179e-11,Torr,10.back_stm_port,10.back_stm_port/MassSpecData-02115-20261006-155511.csv,8.20105
2026-10-06 15:55:44.113,9.3737e-11,Torr,10.back_stm_port,10.back_stm_port/MassSpecData-02115-20261006-155511.csv,8.204516666666667
2026-10-06 15:55:44.322,9.1298e-11,Torr,10.back_stm_port,10.back_stm_port/MassSpecData-02115-20261006-155511.csv,8.208
2026-10-06 15:55:44.530,8.62e-11,Torr,10.back_stm_port,10.back_stm_port/MassSpecData-02115-20261006-155511.csv,8.211466666666666
2026-10-06 15:55:44.738,7.8335e-11,Torr,10.back_stm_port,10.back_stm_port/MassSpecData-02115-20261006-155511.csv,8.214933333333333
2026-10-06 15:55:44.947,1.0417e-10,Torr,10.back_stm_port,10.back_stm_port/MassSpecData-02115-20261006-155511.csv,8.218416666666666
2026-10-06 15:55:45.155,9.499e-11,Torr,10.back_stm_port,10.back_stm_port/MassSpecData-02115-20261006-155511.csv,8.221883333333333
2026-10-06 15:55:45.363,8.9523e-11,Torr,10.back_stm_port,10.back_stm_port/MassSpecData-02115-20261006-155511.csv,8.22535
2026-10-06 15:55:45.572,7.6662e-11,Torr,10.back_stm_port,10.back_stm_port/MassSpecData-02115-20261006-155511.csv,8.228833333333334
2026-10-06 15:55:45.780,7.7828e-11,Torr,10.back_stm_port,10.back_stm_port/MassSpecData-02115-20261006-155511.csv,8.2323
2026-10-06 15:55:45.988,8.8823e-11,Torr,10.back_stm_port,10.back_stm_port/MassSpecData-02115-20261006-155511.csv,8.235766666666667
2026-10-06 15:55:46.197,9.9301e-11,Torr,10.back_stm_port,10.back_stm_port/MassSpecData-02115-20261006-155511.csv,8.23925
2026-10-06 15:55:46.405,1.0051e-10,Torr,10.back_stm_port,10.back_stm_port/MassSpecData-02115-20261006-155511.csv,8.242716666666666
2026-10-06 15:55:46.613,8.3453e-11,Torr,10.back_stm_port,10.back_stm_port/MassSpecData-02115-20261006-155511.csv,8.246183333333333
2026-10-06 15:55:46.822,7.3775e-11,Torr,10.back_stm_port,10.back_stm_port/MassSpecData-02115-20261006-155511.csv,8.249666666666666
2026-10-06 15:55:47.030,7.8564e-11,Torr,10.back_stm_port,10.back_stm_port/MassSpecData-02115-20261006-155511.csv,8.253133333333333
2026-10-06 15:55:47.238,9.1717e-11,Torr,10.back_stm_port,10.back_stm_port/MassSpecData-02115-20261006-155511.csv,8.2566
2026-10-06 15:55:47.447,8.6339e-11,Torr,10.back_stm_port,10.back_stm_port/MassSpecData-02115-20261006-155511.csv,8.260083333333334
2026-10-06 15:55:47.655,7.9375e-11,Torr,10.back_stm_port,10.back_stm_port/MassSpecData-02115-20261006-155511.csv,8.26355
2026-10-06 15:55:47.863,8.0024e-11,Torr,10.back_stm_port,10.back_stm_port/MassSpecData-02115-20261006-155511.csv,8.267016666666667
2026-10-06 15:55:48.072,8.79e-11,Torr,10.back_stm_port,10.back_stm_port/MassSpecData-02115-20261006-155511.csv,8.2705
2026-10-06 15:55:48.280,8.4006e-11,Torr,10.back_stm_port,10.back_stm_port/MassSpecData-02115-20261006-155511.csv,8.273966666666666
2026-10-06 15:55:48.488,8.6236e-11,Torr,10.back_stm_port,10.back_stm_port/MassSpecData-02115-20261006-155511.csv,8.277433333333333
2026-10-06 15:55:48.697,9.4874e-11,Torr,10.back_stm_port,10.back_stm_port/MassSpecData-02115-20261006-155511.csv,8.280916666666666
2026-10-06 15:55:48.905,9.0099e-11,Torr,10.back_stm_port,10.back_stm_port/MassSpecData-02115-20261006-155511.csv,8.284383333333333
2026-10-06 15:55:49.113,8.4064e-11,Torr,10.back_stm_port,10.back_stm_port/MassSpecData-02115-20261006-155511.csv,8.28785
2026-10-06 15:55:49.322,7.9836e-11,Torr,10.back_stm_port,10.back_stm_port/MassSpecData-02115-20261006-155511.csv,8.291333333333334
2026-10-06 15:55:49.530,8.8267e-11,Torr,10.back_stm_port,10.back_stm_port/MassSpecData-02115-20261006-155511.csv,8.2948
2026-10-06 15:55:49.739,7.8164e-11,Torr,10.back_stm_port,10.back_stm_port/MassSpecData-02115-20261006-155511.csv,8.298283333333334
2026-10-06 15:55:49.947,8.5343e-11,Torr,10.back_stm_port,10.back_stm_port/MassSpecData-02115-20261006-155511.csv,8.30175
2026-10-06 15:55:50.155,7.9471e-11,Torr,10.back_stm_port,10.back_stm_port/MassSpecData-02115-20261006-155511.csv,8.305216666666666
2026-10-06 15:55:50.364,9.9406e-11,Torr,10.back_stm_port,10.back_stm_port/MassSpecData-02115-20261006-155511.csv,8.3087
2026-10-06 15:55:50.572,1.0271e-10,Torr,10.back_stm_port,10.back_stm_port/MassSpecData-02115-20261006-155511.csv,8.312166666666666
2026-10-06 15:55:50.780,7.5731e-11,Torr,10.back_stm_port,10.back_stm_port/MassSpecData-02115-20261006-155511.csv,8.315633333333333
2026-10-06 15:55:50.989,8.6826e-11,Torr,10.back_stm_port,10.back_stm_port/MassSpecData-02115-20261006-155511.csv,8.319116666666666
2026-10-06 15:55:51.197,8.2101e-11,Torr,10.back_stm_port,10.back_stm_port/MassSpecData-02115-20261006-155511.csv,8.322583333333334
2026-10-06 15:55:51.405,8.1038e-11,Torr,10.back_stm_port,10.back_stm_port/MassSpecData-02115-20261006-155511.csv,8.32605
2026-10-06 15:55:51.614,7.9752e-11,Torr,10.back_stm_port,10.back_stm_port/MassSpecData-02115-20261006-155511.csv,8.329533333333334
2026-10-06 15:55:51.822,8.1393e-11,Torr,10.back_stm_port,10.back_stm_port/MassSpecData-02115-20261006-155511.csv,8.333
2026-10-06 15:55:52.030,9.5695e-11,Torr,10.back_stm_port,10.back_stm_port/MassSpecData-02115-20261006-155511.csv,8.336466666666666
2026-10-06 15:55:52.239,7.2595e-11,Torr,10.back_stm_port,10.back_stm_port/MassSpecData-02115-20261006-155511.csv,8.33995
2026-10-06 15:55:52.447,7.8031e-11,Torr,10.back_stm_port,10.back_stm_port/MassSpecData-02115-20261006-155511.csv,8.343416666666666
2026-10-06 15:55:52.655,7.6536e-11,Torr,10.back_stm_port,10.back_stm_port/MassSpecData-02115-20261006-155511.csv,8.346883333333333
2026-10-06 15:55:52.864,7.9546e-11,Torr,10.back_stm_port,10.back_stm_port/MassSpecData-02115-20261006-155511.csv,8.350366666666666
2026-10-06 15:55:53.072,7.6432e-11,Torr,10.back_stm_port,10.back_stm_port/MassSpecData-02115-20261006-155511.csv,8.353833333333334
2026-10-06 15:55:53.280,7.4981e-11,Torr,10.back_stm_port,10.back_stm_port/MassSpecData-02115-20261006-155511.csv,8.3573
2026-10-06 15:55:53.617,7.2459e-11,Torr,10.back_stm_port,10.back_stm_port/MassSpecData-02115-20261006-155553.csv,8.362916666666667
2026-10-06 15:55:53.825,8.2104e-11,Torr,10.back_stm_port,10.back_stm_port/MassSpecData-02115-20261006-155553.csv,8.366383333333333
2026-10-06 15:55:54.034,9.2097e-11,Torr,10.back_stm_port,10.back_stm_port/MassSpecData-02115-20261006-155553.csv,8.369866666666667
2026-10-06 15:55:54.242,7.932e-11,Torr,10.back_stm_port,10.back_stm_port/MassSpecData-02115-20261006-155553.csv,8.373333333333333
2026-10-06 15:55:54.450,9.1005e-11,Torr,10.back_stm_port,10.back_stm_port/MassSpecData-02115-20261006-155553.csv,8.3768
2026-10-06 15:55:54.659,8.1406e-11,Torr,10.back_stm_port,10.back_stm_port/MassSpecData-02115-20261006-155553.csv,8.380283333333333
2026-10-06 15:55:54.867,8.465e-11,Torr,10.back_stm_port,10.back_stm_port/MassSpecData-02115-20261006-155553.csv,8.38375
2026-10-06 15:55:55.075,7.8229e-11,Torr,10.back_stm_port,10.back_stm_port/MassSpecData-02115-20261006-155553.csv,8.387216666666667
2026-10-06 15:55:55.283,7.9553e-11,Torr,10.back_stm_port,10.back_stm_port/MassSpecData-02115-20261006-155553.csv,8.390683333333333
2026-10-06 15:55:55.492,7.6846e-11,Torr,10.back_stm_port,10.back_stm_port/MassSpecData-02115-20261006-155553.csv,8.394166666666667
2026-10-06 15:55:55.700,8.8569e-11,Torr,10.back_stm_port,10.back_stm_port/MassSpecData-02115-20261006-155553.csv,8.397633333333333
2026-10-06 15:55:55.909,8.5785e-11,Torr,10.back_stm_port,10.back_stm_port/MassSpecData-02115-20261006-155553.csv,8.401116666666667
2026-10-06 15:55:56.117,8.6572e-11,Torr,10.back_stm_port,10.back_stm_port/MassSpecData-02115-20261006-155553.csv,8.404583333333333
2026-10-06 15:55:56.325,8.0276e-11,Torr,10.back_stm_port,10.back_stm_port/MassSpecData-02115-20261006-155553.csv,8.40805
2026-10-06 15:55:56.534,8.5376e-11,Torr,10.back_stm_port,10.back_stm_port/MassSpecData-02115-20261006-155553.csv,8.411533333333333
2026-10-06 15:55:56.742,8.0088e-11,Torr,10.back_stm_port,10.back_stm_port/MassSpecData-02115-20261006-155553.csv,8.415
2026-10-06 15:55:56.950,8.5414e-11,Torr,10.back_stm_port,10.back_stm_port/MassSpecData-02115-20261006-155553.csv,8.418466666666667
2026-10-06 15:55:57.159,9.7412e-11,Torr,10.back_stm_port,10.back_stm_port/MassSpecData-02115-20261006-155553.csv,8.42195
2026-10-06 15:55:57.367,7.6311e-11,Torr,10.back_stm_port,10.back_stm_port/MassSpecData-02115-20261006-155553.csv,8.425416666666667
2026-10-06 15:55:57.575,8.8393e-11,Torr,10.back_stm_port,10.back_stm_port/MassSpecData-02115-20261006-155553.csv,8.428883333333333
2026-10-06 15:55:57.784,8.5717e-11,Torr,10.back_stm_port,10.back_stm_port/MassSpecData-02115-20261006-155553.csv,8.432366666666667
2026-10-06 15:55:57.992,9.0508e-11,Torr,10.back_stm_port,10.back_stm_port/MassSpecData-02115-20261006-155553.csv,8.435833333333333
2026-10-06 15:55:58.200,9.2014e-11,Torr,10.back_stm_port,10.back_stm_port/MassSpecData-02115-20261006-155553.csv,8.4393
2026-10-06 15:55:58.409,1.0006e-10,Torr,10.back_stm_port,10.back_stm_port/MassSpecData-02115-20261006-155553.csv,8.442783333333333
2026-10-06 15:55:58.617,1.0716e-10,Torr,10.back_stm_port,10.back_stm_port/MassSpecData-02115-20261006-155553.csv,8.44625
2026-10-06 15:55:58.825,9.2187e-11,Torr,10.back_stm_port,10.back_stm_port/MassSpecData-02115-20261006-155553.csv,8.449716666666667
2026-10-06 15:55:59.033,8.3789e-11,Torr,10.back_stm_port,10.back_stm_port/MassSpecData-02115-20261006-155553.csv,8.453183333333333
2026-10-06 15:55:59.242,8.5653e-11,Torr,10.back_stm_port,10.back_stm_port/MassSpecData-02115-20261006-155553.csv,8.456666666666667
2026-10-06 15:55:59.450,7.9582e-11,Torr,10.back_stm_port,10.back_stm_port/MassSpecData-02115-20261006-155553.csv,8.460133333333333
2026-10-06 15:55:59.658,8.8385e-11,Torr,10.back_stm_port,10.back_stm_port/MassSpecData-02115-20261006-155553.csv,8.4636
2026-10-06 15:55:59.867,8.8965e-11,Torr,10.back_stm_port,10.back_stm_port/MassSpecData-02115-20261006-155553.csv,8.467083333333333
2026-10-06 15:56:00.075,8.8367e-11,Torr,10.back_stm_port,10.back_stm_port/MassSpecData-02115-20261006-155553.csv,8.47055
2026-10-06 15:56:00.283,7.368e-11,Torr,10.back_stm_port,10.back_stm_port/MassSpecData-02115-20261006-155553.csv,8.474016666666666
2026-10-06 15:56:00.492,8.6347e-11,Torr,10.back_stm_port,10.back_stm_port/MassSpecData-02115-20261006-155553.csv,8.4775
2026-10-06 15:56:00.700,9.7855e-11,Torr,10.back_stm_port,10.back_stm_port/MassSpecData-02115-20261006-155553.csv,8.480966666666667
2026-10-06 15:56:00.908,8.3847e-11,Torr,10.back_stm_port,10.back_stm_port/MassSpecData-02115-20261006-155553.csv,8.484433333333333
2026-10-06 15:56:01.117,8.1477e-11,Torr,10.back_stm_port,10.back_stm_port/MassSpecData-02115-20261006-155553.csv,8.487916666666667
2026-10-06 15:56:01.325,8.3628e-11,Torr,10.back_stm_port,10.back_stm_port/MassSpecData-02115-20261006-155553.csv,8.491383333333333
2026-10-06 15:56:01.533,9.5248e-11,Torr,10.back_stm_port,10.back_stm_port/MassSpecData-02115-20261006-155553.csv,8.49485
2026-10-06 15:56:01.742,9.8703e-11,Torr,10.back_stm_port,10.back_stm_port/MassSpecData-02115-20261006-155553.csv,8.498333333333333
2026-10-06 15:56:01.950,8.4859e-11,Torr,10.back_stm_port,10.back_stm_port/MassSpecData-02115-20261006-155553.csv,8.5018
2026-10-06 15:56:02.158,8.1069e-11,Torr,10.back_stm_port,10.back_stm_port/MassSpecData-02115-20261006-155553.csv,8.505266666666666
2026-10-06 15:56:02.367,7.8026e-11,Torr,10.back_stm_port,10.back_stm_port/MassSpecData-02115-20261006-155553.csv,8.50875
2026-10-06 15:56:02.575,8.1196e-11,Torr,10.back_stm_port,10.back_stm_port/MassSpecData-02115-20261006-155553.csv,8.512216666666667
2026-10-06 15:56:02.784,8.7102e-11,Torr,10.back_stm_port,10.back_stm_port/MassSpecData-02115-20261006-155553.csv,8.5157
2026-10-06 15:56:02.992,9.5528e-11,Torr,10.back_stm_port,10.back_stm_port/MassSpecData-02115-20261006-155553.csv,8.519166666666667
2026-10-06 15:56:03.200,9.6492e-11,Torr,10.back_stm_port,10.back_stm_port/MassSpecData-02115-20261006-155553.csv,8.522633333333333
2026-10-06 15:56:03.409,7.6027e-11,Torr,10.back_stm_port,10.back_stm_port/MassSpecData-02115-20261006-155553.csv,8.526116666666667
2026-10-06 15:56:03.617,8.3556e-11,Torr,10.back_stm_port,10.back_stm_port/MassSpecData-02115-20261006-155553.csv,8.529583333333333
2026-10-06 15:56:03.825,7.9383e-11,Torr,10.back_stm_port,10.back_stm_port/MassSpecData-02115-20261006-155553.csv,8.53305
2026-10-06 15:56:04.034,7.1333e-11,Torr,10.back_stm_port,10.back_stm_port/MassSpecData-02115-20261006-155553.csv,8.536533333333333
2026-10-06 15:56:04.242,9.2633e-11,Torr,10.back_stm_port,10.back_stm_port/MassSpecData-02115-20261006-155553.csv,8.54
2026-10-06 15:56:04.450,7.5304e-11,Torr,10.back_stm_port,10.back_stm_port/MassSpecData-02115-20261006-155553.csv,8.543466666666665
2026-10-06 15:56:04.659,8.2525e-11,Torr,10.back_stm_port,10.back_stm_port/MassSpecData-02115-20261006-155553.csv,8.54695
2026-10-06 15:56:04.867,8.75e-11,Torr,10.back_stm_port,10.back_stm_port/MassSpecData-02115-20261006-155553.csv,8.550416666666667
2026-10-06 15:56:05.075,8.3188e-11,Torr,10.back_stm_port,10.back_stm_port/MassSpecData-02115-20261006-155553.csv,8.553883333333333
2026-10-06 15:56:05.284,7.8201e-11,Torr,10.back_stm_port,10.back_stm_port/MassSpecData-02115-20261006-155553.csv,8.557366666666667
2026-10-06 15:56:05.492,9.0266e-11,Torr,10.back_stm_port,10.back_stm_port/MassSpecData-02115-20261006-155553.csv,8.560833333333333
2026-10-06 15:56:05.700,9.3359e-11,Torr,10.back_stm_port,10.back_stm_port/MassSpecData-02115-20261006-155553.csv,8.5643
2026-10-06 15:56:05.909,7.8184e-11,Torr,10.back_stm_port,10.back_stm_port/MassSpecData-02115-20261006-155553.csv,8.567783333333333
2026-10-06 15:56:06.117,8.0572e-11,Torr,10.back_stm_port,10.back_stm_port/MassSpecData-02115-20261006-155553.csv,8.57125
2026-10-06 15:56:06.325,9.7188e-11,Torr,10.back_stm_port,10.back_stm_port/MassSpecData-02115-20261006-155553.csv,8.574716666666665
2026-10-06 15:56:06.534,6.9776e-11,Torr,10.back_stm_port,10.back_stm_port/MassSpecData-02115-20261006-155553.csv,8.5782
2026-10-06 15:56:06.742,8.2607e-11,Torr,10.back_stm_port,10.back_stm_port/MassSpecData-02115-20261006-155553.csv,8.581666666666667
2026-10-06 15:56:06.950,1.1376e-10,Torr,10.back_stm_port,10.back_stm_port/MassSpecData-02115-20261006-155553.csv,8.585133333333333
2026-10-06 15:56:07.159,8.9394e-11,Torr,10.back_stm_port,10.back_stm_port/MassSpecData-02115-20261006-155553.csv,8.588616666666667
2026-10-06 15:56:07.367,8.4897e-11,Torr,10.back_stm_port,10.back_stm_port/MassSpecData-02115-20261006-155553.csv,8.592083333333333
2026-10-06 15:56:07.575,7.1012e-11,Torr,10.back_stm_port,10.back_stm_port/MassSpecData-02115-20261006-155553.csv,8.59555
2026-10-06 15:56:07.784,8.8559e-11,Torr,10.back_stm_port,10.back_stm_port/MassSpecData-02115-20261006-155553.csv,8.599033333333333
2026-10-06 15:56:07.992,1.0227e-10,Torr,10.back_stm_port,10.back_stm_port/MassSpecData-02115-20261006-155553.csv,8.6025
2026-10-06 15:56:08.200,7.7938e-11,Torr,10.back_stm_port,10.back_stm_port/MassSpecData-02115-20261006-155553.csv,8.605966666666665
2026-10-06 15:56:08.409,8.404e-11,Torr,10.back_stm_port,10.back_stm_port/MassSpecData-02115-20261006-155553.csv,8.60945
2026-10-06 15:56:08.617,7.4353e-11,Torr,10.back_stm_port,10.back_stm_port/MassSpecData-02115-20261006-155553.csv,8.612916666666667
2026-10-06 15:56:08.825,9.2762e-11,Torr,10.back_stm_port,10.back_stm_port/MassSpecData-02115-20261006-155553.csv,8.616383333333333
2026-10-06 15:56:09.034,8.5301e-11,Torr,10.back_stm_port,10.back_stm_port/MassSpecData-02115-20261006-155553.csv,8.619866666666667
2026-10-06 15:56:09.242,8.4654e-11,Torr,10.back_stm_port,10.back_stm_port/MassSpecData-02115-20261006-155553.csv,8.623333333333333
2026-10-06 15:56:09.450,7.3604e-11,Torr,10.back_stm_port,10.back_stm_port/MassSpecData-02115-20261006-155553.csv,8.6268
2026-10-06 15:56:09.659,8.7263e-11,Torr,10.back_stm_port,10.back_stm_port/MassSpecData-02115-20261006-155553.csv,8.630283333333333
2026-10-06 15:56:09.867,9.1779e-11,Torr,10.back_stm_port,10.back_stm_port/MassSpecData-02115-20261006-155553.csv,8.63375
2026-10-06 15:56:10.075,8.1992e-11,Torr,10.back_stm_port,10.back_stm_port/MassSpecData-02115-20261006-155553.csv,8.637216666666665
2026-10-06 15:56:10.284,1.0259e-10,Torr,10.back_stm_port,10.back_stm_port/MassSpecData-02115-20261006-155553.csv,8.6407
2026-10-06 15:56:10.492,8.8934e-11,Torr,10.back_stm_port,10.back_stm_port/MassSpecData-02115-20261006-155553.csv,8.644166666666667
2026-10-06 15:56:10.700,6.9882e-11,Torr,10.back_stm_port,10.back_stm_port/MassSpecData-02115-20261006-155553.csv,8.647633333333333
2026-10-06 15:56:10.909,8.7783e-11,Torr,10.back_stm_port,10.back_stm_port/MassSpecData-02115-20261006-155553.csv,8.651116666666667
2026-10-06 15:56:11.117,7.1796e-11,Torr,10.back_stm_port,10.back_stm_port/MassSpecData-02115-20261006-155553.csv,8.654583333333333
2026-10-06 15:56:11.325,9.2264e-11,Torr,10.back_stm_port,10.back_stm_port/MassSpecData-02115-20261006-155553.csv,8.65805
2026-10-06 15:56:11.534,7.6691e-11,Torr,10.back_stm_port,10.back_stm_port/MassSpecData-02115-20261006-155553.csv,8.661533333333333
2026-10-06 15:56:11.742,1.0464e-10,Torr,10.back_stm_port,10.back_stm_port/MassSpecData-02115-20261006-155553.csv,8.665
2026-10-06 15:56:11.950,8.8696e-11,Torr,10.back_stm_port,10.back_stm_port/MassSpecData-02115-20261006-155553.csv,8.668466666666665
2026-10-06 15:56:12.159,9.8595e-11,Torr,10.back_stm_port,10.back_stm_port/MassSpecData-02115-20261006-155553.csv,8.67195
2026-10-06 15:56:12.367,8.1424e-11,Torr,10.back_stm_port,10.back_stm_port/MassSpecData-02115-20261006-155553.csv,8.675416666666667
2026-10-06 15:56:12.575,7.9885e-11,Torr,10.back_stm_port,10.back_stm_port/MassSpecData-02115-20261006-155553.csv,8.678883333333333
2026-10-06 15:56:12.784,9.8947e-11,Torr,10.back_stm_port,10.back_stm_port/MassSpecData-02115-20261006-155553.csv,8.682366666666667
2026-10-06 15:56:12.992,9.2216e-11,Torr,10.back_stm_port,10.back_stm_port/MassSpecData-02115-20261006-155553.csv,8.685833333333333
2026-10-06 15:56:13.200,8.6805e-11,Torr,10.back_stm_port,10.back_stm_port/MassSpecData-02115-20261006-155553.csv,8.6893
2026-10-06 15:56:13.408,8.3653e-11,Torr,10.back_stm_port,10.back_stm_port/MassSpecData-02115-20261006-155553.csv,8.692766666666667
2026-10-06 15:56:13.617,7.3532e-11,Torr,10.back_stm_port,10.back_stm_port/MassSpecData-02115-20261006-155553.csv,8.69625
2026-10-06 15:56:13.825,8.2589e-11,Torr,10.back_stm_port,10.back_stm_port/MassSpecData-02115-20261006-155553.csv,8.699716666666665
2026-10-06 15:56:14.033,7.4117e-11,Torr,10.back_stm_port,10.back_stm_port/MassSpecData-02115-20261006-155553.csv,8.703183333333333
2026-10-06 15:56:14.242,8.256e-11,Torr,10.back_stm_port,10.back_stm_port/MassSpecData-02115-20261006-155553.csv,8.706666666666667
2026-10-06 15:56:14.450,8.0247e-11,Torr,10.back_stm_port,10.back_stm_port/MassSpecData-02115-20261006-155553.csv,8.710133333333333
2026-10-06 15:56:14.658,9.0915e-11,Torr,10.back_stm_port,10.back_stm_port/MassSpecData-02115-20261006-155553.csv,8.713600000000001
2026-10-06 15:56:14.867,1.1043e-10,Torr,10.back_stm_port,10.back_stm_port/MassSpecData-02115-20261006-155553.csv,8.717083333333333
2026-10-06 15:56:15.075,9.3235e-11,Torr,10.back_stm_port,10.back_stm_port/MassSpecData-02115-20261006-155553.csv,8.72055
2026-10-06 15:56:15.283,8.1764e-11,Torr,10.back_stm_port,10.back_stm_port/MassSpecData-02115-20261006-155553.csv,8.724016666666667
2026-10-06 15:56:15.492,7.7093e-11,Torr,10.back_stm_port,10.back_stm_port/MassSpecData-02115-20261006-155553.csv,8.7275
2026-10-06 15:56:15.700,8.1182e-11,Torr,10.back_stm_port,10.back_stm_port/MassSpecData-02115-20261006-155553.csv,8.730966666666665
2026-10-06 15:56:15.908,7.9265e-11,Torr,10.back_stm_port,10.back_stm_port/MassSpecData-02115-20261006-155553.csv,8.734433333333333
2026-10-06 15:56:16.117,8.8608e-11,Torr,10.back_stm_port,10.back_stm_port/MassSpecData-02115-20261006-155553.csv,8.737916666666667
2026-10-06 15:56:16.325,1.0534e-10,Torr,10.back_stm_port,10.back_stm_port/MassSpecData-02115-20261006-155553.csv,8.741383333333333
2026-10-06 15:56:16.533,8.377e-11,Torr,10.back_stm_port,10.back_stm_port/MassSpecData-02115-20261006-155553.csv,8.744850000000001
2026-10-06 15:56:16.742,7.59e-11,Torr,10.back_stm_port,10.back_stm_port/MassSpecData-02115-20261006-155553.csv,8.748333333333333
2026-10-06 15:56:16.950,7.8709e-11,Torr,10.back_stm_port,10.back_stm_port/MassSpecData-02115-20261006-155553.csv,8.7518
2026-10-06 15:56:17.158,8.2503e-11,Torr,10.back_stm_port,10.back_stm_port/MassSpecData-02115-20261006-155553.csv,8.755266666666667
2026-10-06 15:56:17.367,9.4525e-11,Torr,10.back_stm_port,10.back_stm_port/MassSpecData-02115-20261006-155553.csv,8.75875
2026-10-06 15:56:17.575,7.5123e-11,Torr,10.back_stm_port,10.back_stm_port/MassSpecData-02115-20261006-155553.csv,8.762216666666665
2026-10-06 15:56:17.783,9.575e-11,Torr,10.back_stm_port,10.back_stm_port/MassSpecData-02115-20261006-155553.csv,8.765683333333333
2026-10-06 15:56:17.992,7.7078e-11,Torr,10.back_stm_port,10.back_stm_port/MassSpecData-02115-20261006-155553.csv,8.769166666666667
2026-10-06 15:56:18.200,7.0423e-11,Torr,10.back_stm_port,10.back_stm_port/MassSpecData-02115-20261006-155553.csv,8.772633333333333
2026-10-06 15:56:18.408,8.0657e-11,Torr,10.back_stm_port,10.back_stm_port/MassSpecData-02115-20261006-155553.csv,8.776100000000001
2026-10-06 15:56:18.617,8.6828e-11,Torr,10.back_stm_port,10.back_stm_port/MassSpecData-02115-20261006-155553.csv,8.779583333333333
2026-10-06 15:56:18.825,7.6212e-11,Torr,10.back_stm_port,10.back_stm_port/MassSpecData-02115-20261006-155553.csv,8.78305
2026-10-06 15:56:19.033,7.0536e-11,Torr,10.back_stm_port,10.back_stm_port/MassSpecData-02115-20261006-155553.csv,8.786516666666667
2026-10-06 15:56:19.242,8.5556e-11,Torr,10.back_stm_port,10.back_stm_port/MassSpecData-02115-20261006-155553.csv,8.79
2026-10-06 15:56:19.450,8.4379e-11,Torr,10.back_stm_port,10.back_stm_port/MassSpecData-02115-20261006-155553.csv,8.793466666666665
2026-10-06 15:56:19.658,8.1793e-11,Torr,10.back_stm_port,10.back_stm_port/MassSpecData-02115-20261006-155553.csv,8.796933333333333
2026-10-06 15:56:19.867,8.3263e-11,Torr,10.back_stm_port,10.back_stm_port/MassSpecData-02115-20261006-155553.csv,8.800416666666667
2026-10-06 15:56:20.075,8.7715e-11,Torr,10.back_stm_port,10.back_stm_port/MassSpecData-02115-20261006-155553.csv,8.803883333333333
2026-10-06 15:56:20.283,8.7327e-11,Torr,10.back_stm_port,10.back_stm_port/MassSpecData-02115-20261006-155553.csv,8.807350000000001
2026-10-06 15:56:20.492,7.9975e-11,Torr,10.back_stm_port,10.back_stm_port/MassSpecData-02115-20261006-155553.csv,8.810833333333333
2026-10-06 15:56:20.700,8.3382e-11,Torr,10.back_stm_port,10.back_stm_port/MassSpecData-02115-20261006-155553.csv,8.8143
2026-10-06 15:56:20.908,9.2572e-11,Torr,10.back_stm_port,10.back_stm_port/MassSpecData-02115-20261006-155553.csv,8.817766666666667
2026-10-06 15:56:21.117,7.3325e-11,Torr,10.back_stm_port,10.back_stm_port/MassSpecData-02115-20261006-155553.csv,8.82125
2026-10-06 15:56:21.325,7.9162e-11,Torr,10.back_stm_port,10.back_stm_port/MassSpecData-02115-20261006-155553.csv,8.824716666666665
2026-10-06 15:56:21.533,7.7711e-11,Torr,10.back_stm_port,10.back_stm_port/MassSpecData-02115-20261006-155553.csv,8.828183333333333
2026-10-06 15:56:21.742,1.0256e-10,Torr,10.back_stm_port,10.back_stm_port/MassSpecData-02115-20261006-155553.csv,8.831666666666667
2026-10-06 15:56:21.950,8.176e-11,Torr,10.back_stm_port,10.back_stm_port/MassSpecData-02115-20261006-155553.csv,8.835133333333333
2026-10-06 15:56:22.158,7.6206e-11,Torr,10.back_stm_port,10.back_stm_port/MassSpecData-02115-20261006-155553.csv,8.838600000000001
2026-10-06 15:56:22.367,9.2901e-11,Torr,10.back_stm_port,10.back_stm_port/MassSpecData-02115-20261006-155553.csv,8.842083333333333
2026-10-06 15:56:22.575,8.3985e-11,Torr,10.back_stm_port,10.back_stm_port/MassSpecData-02115-20261006-155553.csv,8.84555
2026-10-06 15:56:22.783,9.8688e-11,Torr,10.back_stm_port,10.back_stm_port/MassSpecData-02115-20261006-155553.csv,8.849016666666667
2026-10-06 15:56:22.992,7.6153e-11,Torr,10.back_stm_port,10.back_stm_port/MassSpecData-02115-20261006-155553.csv,8.8525
2026-10-06 15:56:23.200,7.8922e-11,Torr,10.back_stm_port,10.back_stm_port/MassSpecData-02115-20261006-155553.csv,8.855966666666665
2026-10-06 15:56:23.408,1.0172e-10,Torr,10.back_stm_port,10.back_stm_port/MassSpecData-02115-20261006-155553.csv,8.859433333333333
2026-10-06 15:56:23.617,7.9872e-11,Torr,10.back_stm_port,10.back_stm_port/MassSpecData-02115-20261006-155553.csv,8.862916666666667
2026-10-06 15:56:23.825,9.3134e-11,Torr,10.back_stm_port,10.back_stm_port/MassSpecData-02115-20261006-155553.csv,8.866383333333333
2026-10-06 15:56:24.033,7.7699e-11,Torr,10.back_stm_port,10.back_stm_port/MassSpecData-02115-20261006-155553.csv,8.869850000000001
2026-10-06 15:56:24.242,9.1782e-11,Torr,10.back_stm_port,10.back_stm_port/MassSpecData-02115-20261006-155553.csv,8.873333333333333
2026-10-06 15:56:24.450,9.1506e-11,Torr,10.back_stm_port,10.back_stm_port/MassSpecData-02115-20261006-155553.csv,8.8768
2026-10-06 15:56:24.658,7.6385e-11,Torr,10.back_stm_port,10.back_stm_port/MassSpecData-02115-20261006-155553.csv,8.880266666666667
2026-10-06 15:56:24.867,8.203e-11,Torr,10.back_stm_port,10.back_stm_port/MassSpecData-02115-20261006-155553.csv,8.88375
2026-10-06 15:56:25.075,9.2921e-11,Torr,10.back_stm_port,10.back_stm_port/MassSpecData-02115-20261006-155553.csv,8.887216666666665
2026-10-06 15:56:25.283,8.3048e-11,Torr,10.back_stm_port,10.back_stm_port/MassSpecData-02115-20261006-155553.csv,8.890683333333333
2026-10-06 15:56:25.492,8.0799e-11,Torr,10.back_stm_port,10.back_stm_port/MassSpecData-02115-20261006-155553.csv,8.894166666666667
2026-10-06 15:56:25.700,7.3083e-11,Torr,10.back_stm_port,10.back_stm_port/MassSpecData-02115-20261006-155553.csv,8.897633333333333
2026-10-06 15:56:25.908,7.6568e-11,Torr,10.back_stm_port,10.back_stm_port/MassSpecData-02115-20261006-155553.csv,8.901100000000001
2026-10-06 15:56:26.117,1.0099e-10,Torr,10.back_stm_port,10.back_stm_port/MassSpecData-02115-20261006-155553.csv,8.904583333333333
2026-10-06 15:56:26.325,1.0968e-10,Torr,10.back_stm_port,10.back_stm_port/MassSpecData-02115-20261006-155553.csv,8.90805
2026-10-06 15:56:26.533,9.0039e-11,Torr,10.back_stm_port,10.back_stm_port/MassSpecData-02115-20261006-155553.csv,8.911516666666667
2026-10-06 15:56:26.742,9.0797e-11,Torr,10.back_stm_port,10.back_stm_port/MassSpecData-02115-20261006-155553.csv,8.915
2026-10-06 15:56:26.950,8.8245e-11,Torr,10.back_stm_port,10.back_stm_port/MassSpecData-02115-20261006-155553.csv,8.918466666666665
2026-10-06 15:56:27.158,8.3409e-11,Torr,10.back_stm_port,10.back_stm_port/MassSpecData-02115-20261006-155553.csv,8.921933333333333
2026-10-06 15:56:27.367,8.0837e-11,Torr,10.back_stm_port,10.back_stm_port/MassSpecData-02115-20261006-155553.csv,8.925416666666667
2026-10-06 15:56:27.575,7.4645e-11,Torr,10.back_stm_port,10.back_stm_port/MassSpecData-02115-20261006-155553.csv,8.928883333333333
2026-10-06 15:56:27.783,9.777e-11,Torr,10.back_stm_port,10.back_stm_port/MassSpecData-02115-20261006-155553.csv,8.932350000000001
2026-10-06 15:56:27.992,8.6949e-11,Torr,10.back_stm_port,10.back_stm_port/MassSpecData-02115-20261006-155553.csv,8.935833333333333
2026-10-06 15:56:28.200,8.0027e-11,Torr,10.back_stm_port,10.back_stm_port/MassSpecData-02115-20261006-155553.csv,8.9393
2026-10-06 15:56:28.408,9.3422e-11,Torr,10.back_stm_port,10.back_stm_port/MassSpecData-02115-20261006-155553.csv,8.942766666666667
2026-10-06 15:56:28.617,9.461e-11,Torr,10.back_stm_port,10.back_stm_port/MassSpecData-02115-20261006-155553.csv,8.94625
2026-10-06 15:56:28.825,9.4318e-11,Torr,10.back_stm_port,10.back_stm_port/MassSpecData-02115-20261006-155553.csv,8.949716666666665
2026-10-06 15:56:29.033,8.4763e-11,Torr,10.back_stm_port,10.back_stm_port/MassSpecData-02115-20261006-155553.csv,8.953183333333333
2026-10-06 15:56:29.242,8.2835e-11,Torr,10.back_stm_port,10.back_stm_port/MassSpecData-02115-20261006-155553.csv,8.956666666666667
2026-10-06 15:56:29.450,7.8972e-11,Torr,10.back_stm_port,10.back_stm_port/MassSpecData-02115-20261006-155553.csv,8.960133333333333
2026-10-06 15:56:29.658,8.0124e-11,Torr,10.back_stm_port,10.back_stm_port/MassSpecData-02115-20261006-155553.csv,8.963600000000001
2026-10-06 15:56:29.867,7.9484e-11,Torr,10.back_stm_port,10.back_stm_port/MassSpecData-02115-20261006-155553.csv,8.967083333333333
2026-10-06 15:56:30.075,7.9063e-11,Torr,10.back_stm_port,10.back_stm_port/MassSpecData-02115-20261006-155553.csv,8.97055
2026-10-06 15:56:30.283,9.1306e-11,Torr,10.back_stm_port,10.back_stm_port/MassSpecData-02115-20261006-155553.csv,8.974016666666667
2026-10-06 15:56:30.492,8.9008e-11,Torr,10.back_stm_port,10.back_stm_port/MassSpecData-02115-20261006-155553.csv,8.9775
2026-10-06 15:56:30.700,8.9149e-11,Torr,10.back_stm_port,10.back_stm_port/MassSpecData-02115-20261006-155553.csv,8.980966666666665
2026-10-06 15:56:30.908,7.6843e-11,Torr,10.back_stm_port,10.back_stm_port/MassSpecData-02115-20261006-155553.csv,8.984433333333333
2026-10-06 15:56:31.117,8.4722e-11,Torr,10.back_stm_port,10.back_stm_port/MassSpecData-02115-20261006-155553.csv,8.987916666666667
2026-10-06 15:56:31.325,8.4845e-11,Torr,10.back_stm_port,10.back_stm_port/MassSpecData-02115-20261006-155553.csv,8.991383333333333
2026-10-06 15:56:31.534,9.7012e-11,Torr,10.back_stm_port,10.back_stm_port/MassSpecData-02115-20261006-155553.csv,8.994866666666667
2026-10-06 15:56:31.742,8.3758e-11,Torr,10.back_stm_port,10.back_stm_port/MassSpecData-02115-20261006-155553.csv,8.998333333333333
2026-10-06 15:56:31.950,7.8573e-11,Torr,10.back_stm_port,10.back_stm_port/MassSpecData-02115-20261006-155553.csv,9.0018
2026-10-06 15:56:32.159,7.7846e-11,Torr,10.back_stm_port,10.back_stm_port/MassSpecData-02115-20261006-155553.csv,9.005283333333333
2026-10-06 15:56:32.367,7.8167e-11,Torr,10.back_stm_port,10.back_stm_port/MassSpecData-02115-20261006-155553.csv,9.00875
2026-10-06 15:56:32.575,7.3129e-11,Torr,10.back_stm_port,10.back_stm_port/MassSpecData-02115-20261006-155553.csv,9.012216666666665
2026-10-06 15:56:32.784,7.4947e-11,Torr,10.back_stm_port,10.back_stm_port/MassSpecData-02115-20261006-155553.csv,9.0157
2026-10-06 15:56:32.992,9.5009e-11,Torr,10.back_stm_port,10.back_stm_port/MassSpecData-02115-20261006-155553.csv,9.019166666666667
2026-10-06 15:56:33.200,9.1126e-11,Torr,10.back_stm_port,10.back_stm_port/MassSpecData-02115-20261006-155553.csv,9.022633333333333
2026-10-06 15:56:33.409,7.5508e-11,Torr,10.back_stm_port,10.back_stm_port/MassSpecData-02115-20261006-155553.csv,9.026116666666667
2026-10-06 15:56:33.617,1.021e-10,Torr,10.back_stm_port,10.back_stm_port/MassSpecData-02115-20261006-155553.csv,9.029583333333333
2026-10-06 15:56:33.825,8.5424e-11,Torr,10.back_stm_port,10.back_stm_port/MassSpecData-02115-20261006-155553.csv,9.03305
2026-10-06 15:56:34.034,9.486e-11,Torr,10.back_stm_port,10.back_stm_port/MassSpecData-02115-20261006-155553.csv,9.036533333333333
2026-10-06 15:56:34.242,8.7872e-11,Torr,10.back_stm_port,10.back_stm_port/MassSpecData-02115-20261006-155553.csv,9.04
2026-10-06 15:56:34.450,8.9998e-11,Torr,10.back_stm_port,10.back_stm_port/MassSpecData-02115-20261006-155553.csv,9.043466666666665
2026-10-06 15:56:34.659,7.5697e-11,Torr,10.back_stm_port,10.back_stm_port/MassSpecData-02115-20261006-155553.csv,9.04695
2026-10-06 15:56:34.867,8.2536e-11,Torr,10.back_stm_port,10.back_stm_port/MassSpecData-02115-20261006-155553.csv,9.050416666666667
2026-10-06 15:56:35.075,8.3455e-11,Torr,10.back_stm_port,10.back_stm_port/MassSpecData-02115-20261006-155553.csv,9.053883333333333
2026-10-06 15:56:35.419,8.1052e-11,Torr,10.back_stm_port,10.back_stm_port/MassSpecData-02115-20261006-155635.csv,9.059616666666667
2026-10-06 15:56:35.627,7.8735e-11,Torr,10.back_stm_port,10.back_stm_port/MassSpecData-02115-20261006-155635.csv,9.063083333333333
2026-10-06 15:56:35.836,7.5514e-11,Torr,10.back_stm_port,10.back_stm_port/MassSpecData-02115-20261006-155635.csv,9.066566666666667
2026-10-06 15:56:36.044,8.0334e-11,Torr,10.back_stm_port,10.back_stm_port/MassSpecData-02115-20261006-155635.csv,9.070033333333333
2026-10-06 15:56:36.252,8.7404e-11,Torr,10.back_stm_port,10.back_stm_port/MassSpecData-02115-20261006-155635.csv,9.0735
2026-10-06 15:56:36.461,8.6157e-11,Torr,10.back_stm_port,10.back_stm_port/MassSpecData-02115-20261006-155635.csv,9.076983333333335
2026-10-06 15:56:36.669,8.8456e-11,Torr,10.back_stm_port,10.back_stm_port/MassSpecData-02115-20261006-155635.csv,9.08045
2026-10-06 15:56:36.877,8.0253e-11,Torr,10.back_stm_port,10.back_stm_port/MassSpecData-02115-20261006-155635.csv,9.083916666666665
2026-10-06 15:56:37.085,8.775e-11,Torr,10.back_stm_port,10.back_stm_port/MassSpecData-02115-20261006-155635.csv,9.087383333333333
2026-10-06 15:56:37.294,8.6349e-11,Torr,10.back_stm_port,10.back_stm_port/MassSpecData-02115-20261006-155635.csv,9.090866666666667
2026-10-06 15:56:37.502,8.1338e-11,Torr,10.back_stm_port,10.back_stm_port/MassSpecData-02115-20261006-155635.csv,9.094333333333333
2026-10-06 15:56:37.711,8.2298e-11,Torr,10.back_stm_port,10.back_stm_port/MassSpecData-02115-20261006-155635.csv,9.097816666666667
2026-10-06 15:56:37.919,7.9875e-11,Torr,10.back_stm_port,10.back_stm_port/MassSpecData-02115-20261006-155635.csv,9.101283333333333
2026-10-06 15:56:38.127,8.1423e-11,Torr,10.back_stm_port,10.back_stm_port/MassSpecData-02115-20261006-155635.csv,9.10475
2026-10-06 15:56:38.336,9.1107e-11,Torr,10.back_stm_port,10.back_stm_port/MassSpecData-02115-20261006-155635.csv,9.108233333333335
2026-10-06 15:56:38.544,8.9334e-11,Torr,10.back_stm_port,10.back_stm_port/MassSpecData-02115-20261006-155635.csv,9.1117
2026-10-06 15:56:38.752,9.1468e-11,Torr,10.back_stm_port,10.back_stm_port/MassSpecData-02115-20261006-155635.csv,9.115166666666665
2026-10-06 15:56:38.961,8.542e-11,Torr,10.back_stm_port,10.back_stm_port/MassSpecData-02115-20261006-155635.csv,9.11865
2026-10-06 15:56:39.169,8.1276e-11,Torr,10.back_stm_port,10.back_stm_port/MassSpecData-02115-20261006-155635.csv,9.122116666666667
2026-10-06 15:56:39.377,7.6284e-11,Torr,10.back_stm_port,10.back_stm_port/MassSpecData-02115-20261006-155635.csv,9.125583333333333
2026-10-06 15:56:39.586,9.4875e-11,Torr,10.back_stm_port,10.back_stm_port/MassSpecData-02115-20261006-155635.csv,9.129066666666667
2026-10-06 15:56:39.794,9.1755e-11,Torr,10.back_stm_port,10.back_stm_port/MassSpecData-02115-20261006-155635.csv,9.132533333333333
2026-10-06 15:56:40.002,8.9898e-11,Torr,10.back_stm_port,10.back_stm_port/MassSpecData-02115-20261006-155635.csv,9.136
2026-10-06 15:56:40.211,9.8814e-11,Torr,10.back_stm_port,10.back_stm_port/MassSpecData-02115-20261006-155635.csv,9.139483333333335
2026-10-06 15:56:40.419,8.9136e-11,Torr,10.back_stm_port,10.back_stm_port/MassSpecData-02115-20261006-155635.csv,9.14295
2026-10-06 15:56:40.627,7.7036e-11,Torr,10.back_stm_port,10.back_stm_port/MassSpecData-02115-20261006-155635.csv,9.146416666666665
2026-10-06 15:56:40.835,8.5557e-11,Torr,10.back_stm_port,10.back_stm_port/MassSpecData-02115-20261006-155635.csv,9.149883333333333
2026-10-06 15:56:41.044,8.5591e-11,Torr,10.back_stm_port,10.back_stm_port/MassSpecData-02115-20261006-155635.csv,9.153366666666667
2026-10-06 15:56:41.252,9.8601e-11,Torr,10.back_stm_port,10.back_stm_port/MassSpecData-02115-20261006-155635.csv,9.156833333333333
2026-10-06 15:56:41.460,7.1868e-11,Torr,10.back_stm_port,10.back_stm_port/MassSpecData-02115-20261006-155635.csv,9.160300000000001
2026-10-06 15:56:41.669,8.563e-11,Torr,10.back_stm_port,10.back_stm_port/MassSpecData-02115-20261006-155635.csv,9.163783333333333
2026-10-06 15:56:41.877,7.2946e-11,Torr,10.back_stm_port,10.back_stm_port/MassSpecData-02115-20261006-155635.csv,9.16725
2026-10-06 15:56:42.085,7.6796e-11,Torr,10.back_stm_port,10.back_stm_port/MassSpecData-02115-20261006-155635.csv,9.170716666666667
2026-10-06 15:56:42.294,1.0367e-10,Torr,10.back_stm_port,10.back_stm_port/MassSpecData-02115-20261006-155635.csv,9.1742
2026-10-06 15:56:42.502,8.7895e-11,Torr,10.back_stm_port,10.back_stm_port/MassSpecData-02115-20261006-155635.csv,9.177666666666665
2026-10-06 15:56:42.710,8.7383e-11,Torr,10.back_stm_port,10.back_stm_port/MassSpecData-02115-20261006-155635.csv,9.181133333333333
2026-10-06 15:56:42.919,9.7987e-11,Torr,10.back_stm_port,10.back_stm_port/MassSpecData-02115-20261006-155635.csv,9.184616666666667
2026-10-06 15:56:43.127,8.9884e-11,Torr,10.back_stm_port,10.back_stm_port/MassSpecData-02115-20261006-155635.csv,9.188083333333333
2026-10-06 15:56:43.335,8.0261e-11,Torr,10.back_stm_port,10.back_stm_port/MassSpecData-02115-20261006-155635.csv,9.191550000000001
2026-10-06 15:56:43.544,8.1027e-11,Torr,10.back_stm_port,10.back_stm_port/MassSpecData-02115-20261006-155635.csv,9.195033333333333
2026-10-06 15:56:43.752,7.8349e-11,Torr,10.back_stm_port,10.back_stm_port/MassSpecData-02115-20261006-155635.csv,9.1985
2026-10-06 15:56:43.960,8.5159e-11,Torr,10.back_stm_port,10.back_stm_port/MassSpecData-02115-20261006-155635.csv,9.201966666666667
2026-10-06 15:56:44.169,8.9894e-11,Torr,10.back_stm_port,10.back_stm_port/MassSpecData-02115-20261006-155635.csv,9.20545
2026-10-06 15:56:44.377,8.2714e-11,Torr,10.back_stm_port,10.back_stm_port/MassSpecData-02115-20261006-155635.csv,9.208916666666665
2026-10-06 15:56:44.586,9.3572e-11,Torr,10.back_stm_port,10.back_stm_port/MassSpecData-02115-20261006-155635.csv,9.2124
2026-10-06 15:56:44.794,8.5544e-11,Torr,10.back_stm_port,10.back_stm_port/MassSpecData-02115-20261006-155635.csv,9.215866666666667
2026-10-06 15:56:45.002,1.0408e-10,Torr,10.back_stm_port,10.back_stm_port/MassSpecData-02115-20261006-155635.csv,9.219333333333333
2026-10-06 15:56:45.211,6.6513e-11,Torr,10.back_stm_port,10.back_stm_port/MassSpecData-02115-20261006-155635.csv,9.222816666666667
2026-10-06 15:56:45.419,7.6513e-11,Torr,10.back_stm_port,10.back_stm_port/MassSpecData-02115-20261006-155635.csv,9.226283333333333
2026-10-06 15:56:45.627,9.2213e-11,Torr,10.back_stm_port,10.back_stm_port/MassSpecData-02115-20261006-155635.csv,9.22975
2026-10-06 15:56:45.836,6.7126e-11,Torr,10.back_stm_port,10.back_stm_port/MassSpecData-02115-20261006-155635.csv,9.233233333333335
2026-10-06 15:56:46.044,7.4862e-11,Torr,10.back_stm_port,10.back_stm_port/MassSpecData-02115-20261006-155635.csv,9.2367
2026-10-06 15:56:46.252,9.1827e-11,Torr,10.back_stm_port,10.back_stm_port/MassSpecData-02115-20261006-155635.csv,9.240166666666665
2026-10-06 15:56:46.461,9.523e-11,Torr,10.back_stm_port,10.back_stm_port/MassSpecData-02115-20261006-155635.csv,9.24365
2026-10-06 15:56:46.669,8.6849e-11,Torr,10.back_stm_port,10.back_stm_port/MassSpecData-02115-20261006-155635.csv,9.247116666666667
2026-10-06 15:56:46.877,8.2748e-11,Torr,10.back_stm_port,10.back_stm_port/MassSpecData-02115-20261006-155635.csv,9.250583333333333
2026-10-06 15:56:47.086,8.3641e-11,Torr,10.back_stm_port,10.back_stm_port/MassSpecData-02115-20261006-155635.csv,9.254066666666667
2026-10-06 15:56:47.294,8.5534e-11,Torr,10.back_stm_port,10.back_stm_port/MassSpecData-02115-20261006-155635.csv,9.257533333333333
2026-10-06 15:56:47.502,7.5605e-11,Torr,10.back_stm_port,10.back_stm_port/MassSpecData-02115-20261006-155635.csv,9.261
2026-10-06 15:56:47.711,1.0443e-10,Torr,10.back_stm_port,10.back_stm_port/MassSpecData-02115-20261006-155635.csv,9.264483333333335
2026-10-06 15:56:47.919,8.6479e-11,Torr,10.back_stm_port,10.back_stm_port/MassSpecData-02115-20261006-155635.csv,9.26795
2026-10-06 15:56:48.127,9.3835e-11,Torr,10.back_stm_port,10.back_stm_port/MassSpecData-02115-20261006-155635.csv,9.271416666666665
2026-10-06 15:56:48.336,8.5969e-11,Torr,10.back_stm_port,10.back_stm_port/MassSpecData-02115-20261006-155635.csv,9.2749
2026-10-06 15:56:48.544,7.9339e-11,Torr,10.back_stm_port,10.back_stm_port/MassSpecData-02115-20261006-155635.csv,9.278366666666667
2026-10-06 15:56:48.752,7.8872e-11,Torr,10.back_stm_port,10.back_stm_port/MassSpecData-02115-20261006-155635.csv,9.281833333333333
2026-10-06 15:56:48.961,8.0479e-11,Torr,10.back_stm_port,10.back_stm_port/MassSpecData-02115-20261006-155635.csv,9.285316666666667
2026-10-06 15:56:49.169,9.505e-11,Torr,10.back_stm_port,10.back_stm_port/MassSpecData-02115-20261006-155635.csv,9.288783333333333
2026-10-06 15:56:49.377,8.2751e-11,Torr,10.back_stm_port,10.back_stm_port/MassSpecData-02115-20261006-155635.csv,9.29225
2026-10-06 15:56:49.586,7.7889e-11,Torr,10.back_stm_port,10.back_stm_port/MassSpecData-02115-20261006-155635.csv,9.295733333333335
2026-10-06 15:56:49.794,8.0733e-11,Torr,10.back_stm_port,10.back_stm_port/MassSpecData-02115-20261006-155635.csv,9.2992
2026-10-06 15:56:50.002,1.032e-10,Torr,10.back_stm_port,10.back_stm_port/MassSpecData-02115-20261006-155635.csv,9.302666666666665
2026-10-06 15:56:50.211,9.2221e-11,Torr,10.back_stm_port,10.back_stm_port/MassSpecData-02115-20261006-155635.csv,9.30615
2026-10-06 15:56:50.419,1.0245e-10,Torr,10.back_stm_port,10.back_stm_port/MassSpecData-02115-20261006-155635.csv,9.309616666666667
2026-10-06 15:56:50.627,8.9792e-11,Torr,10.back_stm_port,10.back_stm_port/MassSpecData-02115-20261006-155635.csv,9.313083333333333
2026-10-06 15:56:50.836,9.5657e-11,Torr,10.back_stm_port,10.back_stm_port/MassSpecData-02115-20261006-155635.csv,9.316566666666667
2026-10-06 15:56:51.044,8.8892e-11,Torr,10.back_stm_port,10.back_stm_port/MassSpecData-02115-20261006-155635.csv,9.320033333333333
2026-10-06 15:56:51.252,9.5442e-11,Torr,10.back_stm_port,10.back_stm_port/MassSpecData-02115-20261006-155635.csv,9.3235
2026-10-06 15:56:51.461,9.5532e-11,Torr,10.back_stm_port,10.back_stm_port/MassSpecData-02115-20261006-155635.csv,9.326983333333335
2026-10-06 15:56:51.669,7.7597e-11,Torr,10.back_stm_port,10.back_stm_port/MassSpecData-02115-20261006-155635.csv,9.33045
2026-10-06 15:56:51.877,9.4668e-11,Torr,10.back_stm_port,10.back_stm_port/MassSpecData-02115-20261006-155635.csv,9.333916666666665
2026-10-06 15:56:52.086,7.0931e-11,Torr,10.back_stm_port,10.back_stm_port/MassSpecData-02115-20261006-155635.csv,9.3374
2026-10-06 15:56:52.294,8.2517e-11,Torr,10.back_stm_port,10.back_stm_port/MassSpecData-02115-20261006-155635.csv,9.340866666666667
2026-10-06 15:56:52.502,7.3466e-11,Torr,10.back_stm_port,10.back_stm_port/MassSpecData-02115-20261006-155635.csv,9.344333333333333
2026-10-06 15:56:52.711,8.1098e-11,Torr,10.back_stm_port,10.back_stm_port/MassSpecData-02115-20261006-155635.csv,9.347816666666667
2026-10-06 15:56:52.919,7.7228e-11,Torr,10.back_stm_port,10.back_stm_port/MassSpecData-02115-20261006-155635.csv,9.351283333333333
2026-10-06 15:56:53.127,8.1329e-11,Torr,10.back_stm_port,10.back_stm_port/MassSpecData-02115-20261006-155635.csv,9.35475
2026-10-06 15:56:53.336,9.1787e-11,Torr,10.back_stm_port,10.back_stm_port/MassSpecData-02115-20261006-155635.csv,9.358233333333335
2026-10-06 15:56:53.544,7.977e-11,Torr,10.back_stm_port,10.back_stm_port/MassSpecData-02115-20261006-155635.csv,9.3617
2026-10-06 15:56:53.752,9.5725e-11,Torr,10.back_stm_port,10.back_stm_port/MassSpecData-02115-20261006-155635.csv,9.365166666666665
2026-10-06 15:56:53.961,7.617e-11,Torr,10.back_stm_port,10.back_stm_port/MassSpecData-02115-20261006-155635.csv,9.36865
2026-10-06 15:56:54.169,1.0102e-10,Torr,10.back_stm_port,10.back_stm_port/MassSpecData-02115-20261006-155635.csv,9.372116666666667
2026-10-06 15:56:54.377,8.5079e-11,Torr,10.back_stm_port,10.back_stm_port/MassSpecData-02115-20261006-155635.csv,9.375583333333333
2026-10-06 15:56:54.586,7.3809e-11,Torr,10.back_stm_port,10.back_stm_port/MassSpecData-02115-20261006-155635.csv,9.379066666666667
2026-10-06 15:56:54.794,8.5521e-11,Torr,10.back_stm_port,10.back_stm_port/MassSpecData-02115-20261006-155635.csv,9.382533333333333
2026-10-06 15:56:55.002,8.3174e-11,Torr,10.back_stm_port,10.back_stm_port/MassSpecData-02115-20261006-155635.csv,9.386
2026-10-06 15:56:55.210,8.245e-11,Torr,10.back_stm_port,10.back_stm_port/MassSpecData-02115-20261006-155635.csv,9.389466666666667
2026-10-06 15:56:55.419,9.8595e-11,Torr,10.back_stm_port,10.back_stm_port/MassSpecData-02115-20261006-155635.csv,9.39295
2026-10-06 15:56:55.627,9.206e-11,Torr,10.back_stm_port,10.back_stm_port/MassSpecData-02115-20261006-155635.csv,9.396416666666665
2026-10-06 15:56:55.835,9.2056e-11,Torr,10.back_stm_port,10.back_stm_port/MassSpecData-02115-20261006-155635.csv,9.399883333333333
2026-10-06 15:56:56.044,7.3419e-11,Torr,10.back_stm_port,10.back_stm_port/MassSpecData-02115-20261006-155635.csv,9.403366666666667
2026-10-06 15:56:56.252,8.0994e-11,Torr,10.back_stm_port,10.back_stm_port/MassSpecData-02115-20261006-155635.csv,9.406833333333333
2026-10-06 15:56:56.460,1.005e-10,Torr,10.back_stm_port,10.back_stm_port/MassSpecData-02115-20261006-155635.csv,9.410300000000001
2026-10-06 15:56:56.669,1.0502e-10,Torr,10.back_stm_port,10.back_stm_port/MassSpecData-02115-20261006-155635.csv,9.413783333333333
2026-10-06 15:56:56.877,9.9676e-11,Torr,10.back_stm_port,10.back_stm_port/MassSpecData-02115-20261006-155635.csv,9.41725
2026-10-06 15:56:57.085,8.5493e-11,Torr,10.back_stm_port,10.back_stm_port/MassSpecData-02115-20261006-155635.csv,9.420716666666667
2026-10-06 15:56:57.294,8.8895e-11,Torr,10.back_stm_port,10.back_stm_port/MassSpecData-02115-20261006-155635.csv,9.4242
2026-10-06 15:56:57.502,7.973e-11,Torr,10.back_stm_port,10.back_stm_port/MassSpecData-02115-20261006-155635.csv,9.427666666666665
2026-10-06 15:56:57.710,9.0981e-11,Torr,10.back_stm_port,10.back_stm_port/MassSpecData-02115-20261006-155635.csv,9.431133333333333
2026-10-06 15:56:57.919,7.9819e-11,Torr,10.back_stm_port,10.back_stm_port/MassSpecData-02115-20261006-155635.csv,9.434616666666667
2026-10-06 15:56:58.127,8.1975e-11,Torr,10.back_stm_port,10.back_stm_port/MassSpecData-02115-20261006-155635.csv,9.438083333333333
2026-10-06 15:56:58.335,8.6599e-11,Torr,10.back_stm_port,10.back_stm_port/MassSpecData-02115-20261006-155635.csv,9.441550000000001
2026-10-06 15:56:58.544,1.0651e-10,Torr,10.back_stm_port,10.back_stm_port/MassSpecData-02115-20261006-155635.csv,9.445033333333333
2026-10-06 15:56:58.752,8.5421e-11,Torr,10.back_stm_port,10.back_stm_port/MassSpecData-02115-20261006-155635.csv,9.4485
2026-10-06 15:56:58.960,9.0898e-11,Torr,10.back_stm_port,10.back_stm_port/MassSpecData-02115-20261006-155635.csv,9.451966666666667
2026-10-06 15:56:59.169,1.0196e-10,Torr,10.back_stm_port,10.back_stm_port/MassSpecData-02115-20261006-155635.csv,9.45545
2026-10-06 15:56:59.377,8.6383e-11,Torr,10.back_stm_port,10.back_stm_port/MassSpecData-02115-20261006-155635.csv,9.458916666666665
2026-10-06 15:56:59.585,7.7307e-11,Torr,10.back_stm_port,10.back_stm_port/MassSpecData-02115-20261006-155635.csv,9.462383333333333
2026-10-06 15:56:59.794,7.6032e-11,Torr,10.back_stm_port,10.back_stm_port/MassSpecData-02115-20261006-155635.csv,9.465866666666667
2026-10-06 15:57:00.002,9.6429e-11,Torr,10.back_stm_port,10.back_stm_port/MassSpecData-02115-20261006-155635.csv,9.469333333333333
2026-10-06 15:57:00.210,7.9104e-11,Torr,10.back_stm_port,10.back_stm_port/MassSpecData-02115-20261006-155635.csv,9.472800000000001
2026-10-06 15:57:00.419,8.4767e-11,Torr,10.back_stm_port,10.back_stm_port/MassSpecData-02115-20261006-155635.csv,9.476283333333333
2026-10-06 15:57:00.627,8.7351e-11,Torr,10.back_stm_port,10.back_stm_port/MassSpecData-02115-20261006-155635.csv,9.47975
2026-10-06 15:57:00.835,8.8656e-11,Torr,10.back_stm_port,10.back_stm_port/MassSpecData-02115-20261006-155635.csv,9.483216666666667
2026-10-06 15:57:01.044,9.7653e-11,Torr,10.back_stm_port,10.back_stm_port/MassSpecData-02115-20261006-155635.csv,9.4867
2026-10-06 15:57:01.252,8.7495e-11,Torr,10.back_stm_port,10.back_stm_port/MassSpecData-02115-20261006-155635.csv,9.490166666666665
2026-10-06 15:57:01.460,8.8974e-11,Torr,10.back_stm_port,10.back_stm_port/MassSpecData-02115-20261006-155635.csv,9.493633333333333
2026-10-06 15:57:01.669,9.4398e-11,Torr,10.back_stm_port,10.back_stm_port/MassSpecData-02115-20261006-155635.csv,9.497116666666667
2026-10-06 15:57:01.877,9.5045e-11,Torr,10.back_stm_port,10.back_stm_port/MassSpecData-02115-20261006-155635.csv,9.500583333333333
2026-10-06 15:57:02.085,8.6451e-11,Torr,10.back_stm_port,10.back_stm_port/MassSpecData-02115-20261006-155635.csv,9.504050000000001
2026-10-06 15:57:02.294,9.0597e-11,Torr,10.back_stm_port,10.back_stm_port/MassSpecData-02115-20261006-155635.csv,9.507533333333333
2026-10-06 15:57:02.502,8.64e-11,Torr,10.back_stm_port,10.back_stm_port/MassSpecData-02115-20261006-155635.csv,9.511
2026-10-06 15:57:02.710,9.2502e-11,Torr,10.back_stm_port,10.back_stm_port/MassSpecData-02115-20261006-155635.csv,9.514466666666667
2026-10-06 15:57:02.919,7.1645e-11,Torr,10.back_stm_port,10.back_stm_port/MassSpecData-02115-20261006-155635.csv,9.51795
2026-10-06 15:57:03.127,9.1012e-11,Torr,10.back_stm_port,10.back_stm_port/MassSpecData-02115-20261006-155635.csv,9.521416666666665
2026-10-06 15:57:03.335,7.1574e-11,Torr,10.back_stm_port,10.back_stm_port/MassSpecData-02115-20261006-155635.csv,9.524883333333333
2026-10-06 15:57:03.544,1.091e-10,Torr,10.back_stm_port,10.back_stm_port/MassSpecData-02115-20261006-155635.csv,9.528366666666667
2026-10-06 15:57:03.752,8.3635e-11,Torr,10.back_stm_port,10.back_stm_port/MassSpecData-02115-20261006-155635.csv,9.531833333333333
2026-10-06 15:57:03.960,8.577e-11,Torr,10.back_stm_port,10.back_stm_port/MassSpecData-02115-20261006-155635.csv,9.535300000000001
2026-10-06 15:57:04.169,8.4663e-11,Torr,10.back_stm_port,10.back_stm_port/MassSpecData-02115-20261006-155635.csv,9.538783333333333
2026-10-06 15:57:04.377,8.1617e-11,Torr,10.back_stm_port,10.back_stm_port/MassSpecData-02115-20261006-155635.csv,9.54225
2026-10-06 15:57:04.585,8.919e-11,Torr,10.back_stm_port,10.back_stm_port/MassSpecData-02115-20261006-155635.csv,9.545716666666667
2026-10-06 15:57:04.794,9.0576e-11,Torr,10.back_stm_port,10.back_stm_port/MassSpecData-02115-20261006-155635.csv,9.5492
2026-10-06 15:57:05.002,9.0581e-11,Torr,10.back_stm_port,10.back_stm_port/MassSpecData-02115-20261006-155635.csv,9.552666666666665
2026-10-06 15:57:05.210,8.8897e-11,Torr,10.back_stm_port,10.back_stm_port/MassSpecData-02115-20261006-155635.csv,9.556133333333333
2026-10-06 15:57:05.419,8.6025e-11,Torr,10.back_stm_port,10.back_stm_port/MassSpecData-02115-20261006-155635.csv,9.559616666666667
2026-10-06 15:57:05.627,8.8295e-11,Torr,10.back_stm_port,10.back_stm_port/MassSpecData-02115-20261006-155635.csv,9.563083333333333
2026-10-06 15:57:05.835,8.7662e-11,Torr,10.back_stm_port,10.back_stm_port/MassSpecData-02115-20261006-155635.csv,9.566550000000001
2026-10-06 15:57:06.044,9.5193e-11,Torr,10.back_stm_port,10.back_stm_port/MassSpecData-02115-20261006-155635.csv,9.570033333333333
2026-10-06 15:57:06.252,9.172e-11,Torr,10.back_stm_port,10.back_stm_port/MassSpecData-02115-20261006-155635.csv,9.5735
2026-10-06 15:57:06.460,8.4187e-11,Torr,10.back_stm_port,10.back_stm_port/MassSpecData-02115-20261006-155635.csv,9.576966666666667
2026-10-06 15:57:06.669,7.955e-11,Torr,10.back_stm_port,10.back_stm_port/MassSpecData-02115-20261006-155635.csv,9.58045
2026-10-06 15:57:06.877,8.6363e-11,Torr,10.back_stm_port,10.back_stm_port/MassSpecData-02115-20261006-155635.csv,9.583916666666665
2026-10-06 15:57:07.085,8.8529e-11,Torr,10.back_stm_port,10.back_stm_port/MassSpecData-02115-20261006-155635.csv,9.587383333333333
2026-10-06 15:57:07.294,7.7664e-11,Torr,10.back_stm_port,10.back_stm_port/MassSpecData-02115-20261006-155635.csv,9.590866666666667
2026-10-06 15:57:07.502,7.2096e-11,Torr,10.back_stm_port,10.back_stm_port/MassSpecData-02115-20261006-155635.csv,9.594333333333333
2026-10-06 15:57:07.710,8.2945e-11,Torr,10.back_stm_port,10.back_stm_port/MassSpecData-02115-20261006-155635.csv,9.597800000000001
2026-10-06 15:57:07.919,9.6613e-11,Torr,10.back_stm_port,10.back_stm_port/MassSpecData-02115-20261006-155635.csv,9.601283333333333
2026-10-06 15:57:08.127,9.8635e-11,Torr,10.back_stm_port,10.back_stm_port/MassSpecData-02115-20261006-155635.csv,9.60475
2026-10-06 15:57:08.335,8.0468e-11,Torr,10.back_stm_port,10.back_stm_port/MassSpecData-02115-20261006-155635.csv,9.608216666666667
2026-10-06 15:57:08.544,8.7058e-11,Torr,10.back_stm_port,10.back_stm_port/MassSpecData-02115-20261006-155635.csv,9.6117
2026-10-06 15:57:08.752,9.0383e-11,Torr,10.back_stm_port,10.back_stm_port/MassSpecData-02115-20261006-155635.csv,9.615166666666665
2026-10-06 15:57:08.960,9.0892e-11,Torr,10.back_stm_port,10.back_stm_port/MassSpecData-02115-20261006-155635.csv,9.618633333333333
2026-10-06 15:57:09.169,7.5541e-11,Torr,10.back_stm_port,10.back_stm_port/MassSpecData-02115-20261006-155635.csv,9.622116666666667
2026-10-06 15:57:09.377,9.0048e-11,Torr,10.back_stm_port,10.back_stm_port/MassSpecData-02115-20261006-155635.csv,9.625583333333333
2026-10-06 15:57:09.585,7.988e-11,Torr,10.back_stm_port,10.back_stm_port/MassSpecData-02115-20261006-155635.csv,9.629050000000001
2026-10-06 15:57:09.794,8.1726e-11,Torr,10.back_stm_port,10.back_stm_port/MassSpecData-02115-20261006-155635.csv,9.632533333333333
2026-10-06 15:57:10.002,7.8111e-11,Torr,10.back_stm_port,10.back_stm_port/MassSpecData-02115-20261006-155635.csv,9.636
2026-10-06 15:57:10.210,7.4368e-11,Torr,10.back_stm_port,10.back_stm_port/MassSpecData-02115-20261006-155635.csv,9.639466666666667
2026-10-06 15:57:10.419,8.2002e-11,Torr,10.back_stm_port,10.back_stm_port/MassSpecData-02115-20261006-155635.csv,9.64295
2026-10-06 15:57:10.627,7.8019e-11,Torr,10.back_stm_port,10.back_stm_port/MassSpecData-02115-20261006-155635.csv,9.646416666666665
2026-10-06 15:57:10.835,8.4319e-11,Torr,10.back_stm_port,10.back_stm_port/MassSpecData-02115-20261006-155635.csv,9.649883333333333
2026-10-06 15:57:11.044,8.2911e-11,Torr,10.back_stm_port,10.back_stm_port/MassSpecData-02115-20261006-155635.csv,9.653366666666667
2026-10-06 15:57:11.252,9.709e-11,Torr,10.back_stm_port,10.back_stm_port/MassSpecData-02115-20261006-155635.csv,9.656833333333333
2026-10-06 15:57:11.460,9.2266e-11,Torr,10.back_stm_port,10.back_stm_port/MassSpecData-02115-20261006-155635.csv,9.660300000000001
2026-10-06 15:57:11.669,7.7087e-11,Torr,10.back_stm_port,10.back_stm_port/MassSpecData-02115-20261006-155635.csv,9.663783333333333
2026-10-06 15:57:11.877,8.0989e-11,Torr,10.back_stm_port,10.back_stm_port/MassSpecData-02115-20261006-155635.csv,9.66725
2026-10-06 15:57:12.085,8.144e-11,Torr,10.back_stm_port,10.back_stm_port/MassSpecData-02115-20261006-155635.csv,9.670716666666667
2026-10-06 15:57:12.294,8.956e-11,Torr,10.back_stm_port,10.back_stm_port/MassSpecData-02115-20261006-155635.csv,9.6742
2026-10-06 15:57:12.502,8.7983e-11,Torr,10.back_stm_port,10.back_stm_port/MassSpecData-02115-20261006-155635.csv,9.677666666666665
2026-10-06 15:57:12.710,8.0519e-11,Torr,10.back_stm_port,10.back_stm_port/MassSpecData-02115-20261006-155635.csv,9.681133333333333
2026-10-06 15:57:12.919,7.7056e-11,Torr,10.back_stm_port,10.back_stm_port/MassSpecData-02115-20261006-155635.csv,9.684616666666667
2026-10-06 15:57:13.127,8.1223e-11,Torr,10.back_stm_port,10.back_stm_port/MassSpecData-02115-20261006-155635.csv,9.688083333333333
2026-10-06 15:57:13.336,7.9897e-11,Torr,10.back_stm_port,10.back_stm_port/MassSpecData-02115-20261006-155635.csv,9.691566666666667
2026-10-06 15:57:13.544,8.2544e-11,Torr,10.back_stm_port,10.back_stm_port/MassSpecData-02115-20261006-155635.csv,9.695033333333333
2026-10-06 15:57:13.752,9.6455e-11,Torr,10.back_stm_port,10.back_stm_port/MassSpecData-02115-20261006-155635.csv,9.6985
2026-10-06 15:57:13.961,9.5223e-11,Torr,10.back_stm_port,10.back_stm_port/MassSpecData-02115-20261006-155635.csv,9.701983333333335
2026-10-06 15:57:14.169,8.4895e-11,Torr,10.back_stm_port,10.back_stm_port/MassSpecData-02115-20261006-155635.csv,9.70545
2026-10-06 15:57:14.377,7.9596e-11,Torr,10.back_stm_port,10.back_stm_port/MassSpecData-02115-20261006-155635.csv,9.708916666666665
2026-10-06 15:57:14.586,9.0519e-11,Torr,10.back_stm_port,10.back_stm_port/MassSpecData-02115-20261006-155635.csv,9.7124
2026-10-06 15:57:14.794,7.9288e-11,Torr,10.back_stm_port,10.back_stm_port/MassSpecData-02115-20261006-155635.csv,9.715866666666667
2026-10-06 15:57:15.002,8.5065e-11,Torr,10.back_stm_port,10.back_stm_port/MassSpecData-02115-20261006-155635.csv,9.719333333333333
2026-10-06 15:57:15.211,8.924e-11,Torr,10.back_stm_port,10.back_stm_port/MassSpecData-02115-20261006-155635.csv,9.722816666666667
2026-10-06 15:57:15.419,8.4719e-11,Torr,10.back_stm_port,10.back_stm_port/MassSpecData-02115-20261006-155635.csv,9.726283333333333
2026-10-06 15:57:15.627,8.7157e-11,Torr,10.back_stm_port,10.back_stm_port/MassSpecData-02115-20261006-155635.csv,9.72975
2026-10-06 15:57:15.836,8.5159e-11,Torr,10.back_stm_port,10.back_stm_port/MassSpecData-02115-20261006-155635.csv,9.733233333333335
2026-10-06 15:57:16.044,1.0106e-10,Torr,10.back_stm_port,10.back_stm_port/MassSpecData-02115-20261006-155635.csv,9.7367
2026-10-06 15:57:16.252,8.8399e-11,Torr,10.back_stm_port,10.back_stm_port/MassSpecData-02115-20261006-155635.csv,9.740166666666665
2026-10-06 15:57:16.461,7.5664e-11,Torr,10.back_stm_port,10.back_stm_port/MassSpecData-02115-20261006-155635.csv,9.74365
2026-10-06 15:57:16.669,7.0106e-11,Torr,10.back_stm_port,10.back_stm_port/MassSpecData-02115-20261006-155635.csv,9.747116666666667
2026-10-06 15:57:16.877,7.9964e-11,Torr,10.back_stm_port,10.back_stm_port/MassSpecData-02115-20261006-155635.csv,9.750583333333333
2026-10-06 15:57:17.266,8.7656e-11,Torr,10.back_stm_port,10.back_stm_port/MassSpecData-02115-20261006-155717.csv,9.757066666666667
2026-10-06 15:57:17.474,9.4565e-11,Torr,10.back_stm_port,10.back_stm_port/MassSpecData-02115-20261006-155717.csv,9.760533333333333
2026-10-06 15:57:17.683,9.5041e-11,Torr,10.back_stm_port,10.back_stm_port/MassSpecData-02115-20261006-155717.csv,9.764016666666667
2026-10-06 15:57:17.891,8.7297e-11,Torr,10.back_stm_port,10.back_stm_port/MassSpecData-02115-20261006-155717.csv,9.767483333333333
2026-10-06 15:57:18.099,8.4338e-11,Torr,10.back_stm_port,10.back_stm_port/MassSpecData-02115-20261006-155717.csv,9.77095
2026-10-06 15:57:18.308,7.0645e-11,Torr,10.back_stm_port,10.back_stm_port/MassSpecData-02115-20261006-155717.csv,9.774433333333333
2026-10-06 15:57:18.516,8.8369e-11,Torr,10.back_stm_port,10.back_stm_port/MassSpecData-02115-20261006-155717.csv,9.777899999999999
2026-10-06 15:57:18.724,8.2562e-11,Torr,10.back_stm_port,10.back_stm_port/MassSpecData-02115-20261006-155717.csv,9.781366666666665
2026-10-06 15:57:18.932,9.5637e-11,Torr,10.back_stm_port,10.back_stm_port/MassSpecData-02115-20261006-155717.csv,9.784833333333333
2026-10-06 15:57:19.141,7.7338e-11,Torr,10.back_stm_port,10.back_stm_port/MassSpecData-02115-20261006-155717.csv,9.788316666666667
2026-10-06 15:57:19.349,9.0829e-11,Torr,10.back_stm_port,10.back_stm_port/MassSpecData-02115-20261006-155717.csv,9.791783333333333
2026-10-06 15:57:19.558,9.1787e-11,Torr,10.back_stm_port,10.back_stm_port/MassSpecData-02115-20261006-155717.csv,9.795266666666667
2026-10-06 15:57:19.766,8.0073e-11,Torr,10.back_stm_port,10.back_stm_port/MassSpecData-02115-20261006-155717.csv,9.798733333333333
2026-10-06 15:57:19.974,8.8341e-11,Torr,10.back_stm_port,10.back_stm_port/MassSpecData-02115-20261006-155717.csv,9.8022
2026-10-06 15:57:20.183,1.0941e-10,Torr,10.back_stm_port,10.back_stm_port/MassSpecData-02115-20261006-155717.csv,9.805683333333333
2026-10-06 15:57:20.391,8.1053e-11,Torr,10.back_stm_port,10.back_stm_port/MassSpecData-02115-20261006-155717.csv,9.809149999999999
2026-10-06 15:57:20.599,8.9249e-11,Torr,10.back_stm_port,10.back_stm_port/MassSpecData-02115-20261006-155717.csv,9.812616666666665
2026-10-06 15:57:20.808,8.6377e-11,Torr,10.back_stm_port,10.back_stm_port/MassSpecData-02115-20261006-155717.csv,9.8161
2026-10-06 15:57:21.016,1.002e-10,Torr,10.back_stm_port,10.back_stm_port/MassSpecData-02115-20261006-155717.csv,9.819566666666667
2026-10-06 15:57:21.224,9.7312e-11,Torr,10.back_stm_port,10.back_stm_port/MassSpecData-02115-20261006-155717.csv,9.823033333333333
2026-10-06 15:57:21.433,8.6947e-11,Torr,10.back_stm_port,10.back_stm_port/MassSpecData-02115-20261006-155717.csv,9.826516666666667
2026-10-06 15:57:21.641,9.8454e-11,Torr,10.back_stm_port,10.back_stm_port/MassSpecData-02115-20261006-155717.csv,9.829983333333333
2026-10-06 15:57:21.849,9.0833e-11,Torr,10.back_stm_port,10.back_stm_port/MassSpecData-02115-20261006-155717.csv,9.83345
2026-10-06 15:57:22.058,8.9966e-11,Torr,10.back_stm_port,10.back_stm_port/MassSpecData-02115-20261006-155717.csv,9.836933333333333
2026-10-06 15:57:22.266,8.7934e-11,Torr,10.back_stm_port,10.back_stm_port/MassSpecData-02115-20261006-155717.csv,9.840399999999999
2026-10-06 15:57:22.474,7.6243e-11,Torr,10.back_stm_port,10.back_stm_port/MassSpecData-02115-20261006-155717.csv,9.843866666666665
2026-10-06 15:57:22.682,8.5215e-11,Torr,10.back_stm_port,10.back_stm_port/MassSpecData-02115-20261006-155717.csv,9.847333333333333
2026-10-06 15:57:22.891,6.8626e-11,Torr,10.back_stm_port,10.back_stm_port/MassSpecData-02115-20261006-155717.csv,9.850816666666667
2026-10-06 15:57:23.099,8.3919e-11,Torr,10.back_stm_port,10.back_stm_port/MassSpecData-02115-20261006-155717.csv,9.854283333333333
2026-10-06 15:57:23.307,7.1956e-11,Torr,10.back_stm_port,10.back_stm_port/MassSpecData-02115-20261006-155717.csv,9.857750000000001
2026-10-06 15:57:23.516,9.5895e-11,Torr,10.back_stm_port,10.back_stm_port/MassSpecData-02115-20261006-155717.csv,9.861233333333333
2026-10-06 15:57:23.724,9.7806e-11,Torr,10.back_stm_port,10.back_stm_port/MassSpecData-02115-20261006-155717.csv,9.8647
2026-10-06 15:57:23.932,8.4738e-11,Torr,10.back_stm_port,10.back_stm_port/MassSpecData-02115-20261006-155717.csv,9.868166666666667
2026-10-06 15:57:24.141,7.8819e-11,Torr,10.back_stm_port,10.back_stm_port/MassSpecData-02115-20261006-155717.csv,9.871649999999999
2026-10-06 15:57:24.349,7.0933e-11,Torr,10.back_stm_port,10.back_stm_port/MassSpecData-02115-20261006-155717.csv,9.875116666666665
2026-10-06 15:57:24.557,8.2494e-11,Torr,10.back_stm_port,10.back_stm_port/MassSpecData-02115-20261006-155717.csv,9.878583333333333
2026-10-06 15:57:24.766,7.7928e-11,Torr,10.back_stm_port,10.back_stm_port/MassSpecData-02115-20261006-155717.csv,9.882066666666667
2026-10-06 15:57:24.974,8.8728e-11,Torr,10.back_stm_port,10.back_stm_port/MassSpecData-02115-20261006-155717.csv,9.885533333333333
2026-10-06 15:57:25.182,9.6374e-11,Torr,10.back_stm_port,10.back_stm_port/MassSpecData-02115-20261006-155717.csv,9.889000000000001
2026-10-06 15:57:25.391,8.2663e-11,Torr,10.back_stm_port,10.back_stm_port/MassSpecData-02115-20261006-155717.csv,9.892483333333333
2026-10-06 15:57:25.599,7.4281e-11,Torr,10.back_stm_port,10.back_stm_port/MassSpecData-02115-20261006-155717.csv,9.89595
2026-10-06 15:57:25.807,9.9511e-11,Torr,10.back_stm_port,10.back_stm_port/MassSpecData-02115-20261006-155717.csv,9.899416666666667
2026-10-06 15:57:26.016,9.1017e-11,Torr,10.back_stm_port,10.back_stm_port/MassSpecData-02115-20261006-155717.csv,9.902899999999999
2026-10-06 15:57:26.224,8.82e-11,Torr,10.back_stm_port,10.back_stm_port/MassSpecData-02115-20261006-155717.csv,9.906366666666665
2026-10-06 15:57:26.433,8.163e-11,Torr,10.back_stm_port,10.back_stm_port/MassSpecData-02115-20261006-155717.csv,9.90985
2026-10-06 15:57:26.641,1.0278e-10,Torr,10.back_stm_port,10.back_stm_port/MassSpecData-02115-20261006-155717.csv,9.913316666666667
2026-10-06 15:57:26.849,8.1521e-11,Torr,10.back_stm_port,10.back_stm_port/MassSpecData-02115-20261006-155717.csv,9.916783333333333
2026-10-06 15:57:27.058,8.7256e-11,Torr,10.back_stm_port,10.back_stm_port/MassSpecData-02115-20261006-155717.csv,9.920266666666667
2026-10-06 15:57:27.266,7.6491e-11,Torr,10.back_stm_port,10.back_stm_port/MassSpecData-02115-20261006-155717.csv,9.923733333333333
2026-10-06 15:57:27.474,7.029e-11,Torr,10.back_stm_port,10.back_stm_port/MassSpecData-02115-20261006-155717.csv,9.9272
2026-10-06 15:57:27.683,8.6137e-11,Torr,10.back_stm_port,10.back_stm_port/MassSpecData-02115-20261006-155717.csv,9.930683333333333
2026-10-06 15:57:27.891,8.8921e-11,Torr,10.back_stm_port,10.back_stm_port/MassSpecData-02115-20261006-155717.csv,9.934149999999999
2026-10-06 15:57:28.099,9.195e-11,Torr,10.back_stm_port,10.back_stm_port/MassSpecData-02115-20261006-155717.csv,9.937616666666665
2026-10-06 15:57:28.308,8.6383e-11,Torr,10.back_stm_port,10.back_stm_port/MassSpecData-02115-20261006-155717.csv,9.9411
2026-10-06 15:57:28.516,7.6939e-11,Torr,10.back_stm_port,10.back_stm_port/MassSpecData-02115-20261006-155717.csv,9.944566666666667
2026-10-06 15:57:28.724,8.0753e-11,Torr,10.back_stm_port,10.back_stm_port/MassSpecData-02115-20261006-155717.csv,9.948033333333333
2026-10-06 15:57:28.933,9.3983e-11,Torr,10.back_stm_port,10.back_stm_port/MassSpecData-02115-20261006-155717.csv,9.951516666666667
2026-10-06 15:57:29.141,8.4634e-11,Torr,10.back_stm_port,10.back_stm_port/MassSpecData-02115-20261006-155717.csv,9.954983333333333
2026-10-06 15:57:29.349,9.375e-11,Torr,10.back_stm_port,10.back_stm_port/MassSpecData-02115-20261006-155717.csv,9.95845
2026-10-06 15:57:29.558,8.1287e-11,Torr,10.back_stm_port,10.back_stm_port/MassSpecData-02115-20261006-155717.csv,9.961933333333333
2026-10-06 15:57:29.766,8.0471e-11,Torr,10.back_stm_port,10.back_stm_port/MassSpecData-02115-20261006-155717.csv,9.965399999999999
2026-10-06 15:57:29.974,9.8045e-11,Torr,10.back_stm_port,10.back_stm_port/MassSpecData-02115-20261006-155717.csv,9.968866666666665
2026-10-06 15:57:30.183,7.1939e-11,Torr,10.back_stm_port,10.back_stm_port/MassSpecData-02115-20261006-155717.csv,9.97235
2026-10-06 15:57:30.391,7.6174e-11,Torr,10.back_stm_port,10.back_stm_port/MassSpecData-02115-20261006-155717.csv,9.975816666666667
2026-10-06 15:57:30.599,7.3722e-11,Torr,10.back_stm_port,10.back_stm_port/MassSpecData-02115-20261006-155717.csv,9.979283333333333
2026-10-06 15:57:30.808,7.9633e-11,Torr,10.back_stm_port,10.back_stm_port/MassSpecData-02115-20261006-155717.csv,9.982766666666667
2026-10-06 15:57:31.016,7.8909e-11,Torr,10.back_stm_port,10.back_stm_port/MassSpecData-02115-20261006-155717.csv,9.986233333333333
2026-10-06 15:57:31.224,8.9111e-11,Torr,10.back_stm_port,10.back_stm_port/MassSpecData-02115-20261006-155717.csv,9.9897
2026-10-06 15:57:31.433,9.1536e-11,Torr,10.back_stm_port,10.back_stm_port/MassSpecData-02115-20261006-155717.csv,9.993183333333333
2026-10-06 15:57:31.641,9.2564e-11,Torr,10.back_stm_port,10.back_stm_port/MassSpecData-02115-20261006-155717.csv,9.996649999999999
2026-10-06 15:57:31.849,8.6347e-11,Torr,10.back_stm_port,10.back_stm_port/MassSpecData-02115-20261006-155717.csv,10.000116666666665
2026-10-06 15:57:32.058,8.2767e-11,Torr,10.back_stm_port,10.back_stm_port/MassSpecData-02115-20261006-155717.csv,10.0036
2026-10-06 15:57:32.266,8.8039e-11,Torr,10.back_stm_port,10.back_stm_port/MassSpecData-02115-20261006-155717.csv,10.007066666666667
2026-10-06 15:57:32.474,8.6535e-11,Torr,10.back_stm_port,10.back_stm_port/MassSpecData-02115-20261006-155717.csv,10.010533333333333
2026-10-06 15:57:32.683,8.5467e-11,Torr,10.back_stm_port,10.back_stm_port/MassSpecData-02115-20261006-155717.csv,10.014016666666667
2026-10-06 15:57:32.891,7.4147e-11,Torr,10.back_stm_port,10.back_stm_port/MassSpecData-02115-20261006-155717.csv,10.017483333333333
2026-10-06 15:57:33.099,9.8586e-11,Torr,10.back_stm_port,10.back_stm_port/MassSpecData-02115-20261006-155717.csv,10.02095
2026-10-06 15:57:33.308,8.2291e-11,Torr,10.back_stm_port,10.back_stm_port/MassSpecData-02115-20261006-155717.csv,10.024433333333333
2026-10-06 15:57:33.516,1.0654e-10,Torr,10.back_stm_port,10.back_stm_port/MassSpecData-02115-20261006-155717.csv,10.027899999999999
2026-10-06 15:57:33.724,9.4821e-11,Torr,10.back_stm_port,10.back_stm_port/MassSpecData-02115-20261006-155717.csv,10.031366666666665
2026-10-06 15:57:33.933,9.8097e-11,Torr,10.back_stm_port,10.back_stm_port/MassSpecData-02115-20261006-155717.csv,10.03485
2026-10-06 15:57:34.141,7.1709e-11,Torr,10.back_stm_port,10.back_stm_port/MassSpecData-02115-20261006-155717.csv,10.038316666666667
2026-10-06 15:57:34.349,8.1984e-11,Torr,10.back_stm_port,10.back_stm_port/MassSpecData-02115-20261006-155717.csv,10.041783333333333
2026-10-06 15:57:34.558,9.1705e-11,Torr,10.back_stm_port,10.back_stm_port/MassSpecData-02115-20261006-155717.csv,10.045266666666667
2026-10-06 15:57:34.766,1.1266e-10,Torr,10.back_stm_port,10.back_stm_port/MassSpecData-02115-20261006-155717.csv,10.048733333333333
2026-10-06 15:57:34.974,9.5036e-11,Torr,10.back_stm_port,10.back_stm_port/MassSpecData-02115-20261006-155717.csv,10.0522
2026-10-06 15:57:35.183,9.1733e-11,Torr,10.back_stm_port,10.back_stm_port/MassSpecData-02115-20261006-155717.csv,10.055683333333333
2026-10-06 15:57:35.391,9.82e-11,Torr,10.back_stm_port,10.back_stm_port/MassSpecData-02115-20261006-155717.csv,10.059149999999999
2026-10-06 15:57:35.599,8.6776e-11,Torr,10.back_stm_port,10.back_stm_port/MassSpecData-02115-20261006-155717.csv,10.062616666666665
2026-10-06 15:57:35.808,7.9593e-11,Torr,10.back_stm_port,10.back_stm_port/MassSpecData-02115-20261006-155717.csv,10.0661
2026-10-06 15:57:36.016,8.092e-11,Torr,10.back_stm_port,10.back_stm_port/MassSpecData-02115-20261006-155717.csv,10.069566666666667
2026-10-06 15:57:36.224,1.0533e-10,Torr,10.back_stm_port,10.back_stm_port/MassSpecData-02115-20261006-155717.csv,10.073033333333333
2026-10-06 15:57:36.433,9.1986e-11,Torr,10.back_stm_port,10.back_stm_port/MassSpecData-02115-20261006-155717.csv,10.076516666666667
2026-10-06 15:57:36.641,9.0207e-11,Torr,10.back_stm_port,10.back_stm_port/MassSpecData-02115-20261006-155717.csv,10.079983333333333
2026-10-06 15:57:36.849,8.1736e-11,Torr,10.back_stm_port,10.back_stm_port/MassSpecData-02115-20261006-155717.csv,10.08345
2026-10-06 15:57:37.057,8.5916e-11,Torr,10.back_stm_port,10.back_stm_port/MassSpecData-02115-20261006-155717.csv,10.086916666666667
2026-10-06 15:57:37.266,8.253e-11,Torr,10.back_stm_port,10.back_stm_port/MassSpecData-02115-20261006-155717.csv,10.090399999999999
2026-10-06 15:57:37.474,9.3927e-11,Torr,10.back_stm_port,10.back_stm_port/MassSpecData-02115-20261006-155717.csv,10.093866666666665
2026-10-06 15:57:37.682,9.0529e-11,Torr,10.back_stm_port,10.back_stm_port/MassSpecData-02115-20261006-155717.csv,10.097333333333333
2026-10-06 15:57:37.891,9.1747e-11,Torr,10.back_stm_port,10.back_stm_port/MassSpecData-02115-20261006-155717.csv,10.100816666666667
2026-10-06 15:57:38.099,8.4707e-11,Torr,10.back_stm_port,10.back_stm_port/MassSpecData-02115-20261006-155717.csv,10.104283333333333
2026-10-06 15:57:38.307,8.6537e-11,Torr,10.back_stm_port,10.back_stm_port/MassSpecData-02115-20261006-155717.csv,10.107750000000001
2026-10-06 15:57:38.516,8.2902e-11,Torr,10.back_stm_port,10.back_stm_port/MassSpecData-02115-20261006-155717.csv,10.111233333333333
2026-10-06 15:57:38.724,8.576e-11,Torr,10.back_stm_port,10.back_stm_port/MassSpecData-02115-20261006-155717.csv,10.1147
2026-10-06 15:57:38.932,8.3192e-11,Torr,10.back_stm_port,10.back_stm_port/MassSpecData-02115-20261006-155717.csv,10.118166666666667
2026-10-06 15:57:39.141,9.0764e-11,Torr,10.back_stm_port,10.back_stm_port/MassSpecData-02115-20261006-155717.csv,10.121649999999999
2026-10-06 15:57:39.349,8.7494e-11,Torr,10.back_stm_port,10.back_stm_port/MassSpecData-02115-20261006-155717.csv,10.125116666666665
2026-10-06 15:57:39.557,1.0289e-10,Torr,10.back_stm_port,10.back_stm_port/MassSpecData-02115-20261006-155717.csv,10.128583333333333
2026-10-06 15:57:39.766,7.7566e-11,Torr,10.back_stm_port,10.back_stm_port/MassSpecData-02115-20261006-155717.csv,10.132066666666667
2026-10-06 15:57:39.974,7.9987e-11,Torr,10.back_stm_port,10.back_stm_port/MassSpecData-02115-20261006-155717.csv,10.135533333333333
2026-10-06 15:57:40.182,9.4522e-11,Torr,10.back_stm_port,10.back_stm_port/MassSpecData-02115-20261006-155717.csv,10.139000000000001
2026-10-06 15:57:40.391,8.1145e-11,Torr,10.back_stm_port,10.back_stm_port/MassSpecData-02115-20261006-155717.csv,10.142483333333333
2026-10-06 15:57:40.599,7.6484e-11,Torr,10.back_stm_port,10.back_stm_port/MassSpecData-02115-20261006-155717.csv,10.14595
2026-10-06 15:57:40.807,8.0501e-11,Torr,10.back_stm_port,10.back_stm_port/MassSpecData-02115-20261006-155717.csv,10.149416666666667
2026-10-06 15:57:41.016,1.0339e-10,Torr,10.back_stm_port,10.back_stm_port/MassSpecData-02115-20261006-155717.csv,10.152899999999999
2026-10-06 15:57:41.224,7.94e-11,Torr,10.back_stm_port,10.back_stm_port/MassSpecData-02115-20261006-155717.csv,10.156366666666665
2026-10-06 15:57:41.432,8.265e-11,Torr,10.back_stm_port,10.back_stm_port/MassSpecData-02115-20261006-155717.csv,10.159833333333333
2026-10-06 15:57:41.641,1.0016e-10,Torr,10.back_stm_port,10.back_stm_port/MassSpecData-02115-20261006-155717.csv,10.163316666666667
2026-10-06 15:57:41.849,9.1987e-11,Torr,10.back_stm_port,10.back_stm_port/MassSpecData-02115-20261006-155717.csv,10.166783333333333
2026-10-06 15:57:42.057,7.0692e-11,Torr,10.back_stm_port,10.back_stm_port/MassSpecData-02115-20261006-155717.csv,10.170250000000001
2026-10-06 15:57:42.266,7.9505e-11,Torr,10.back_stm_port,10.back_stm_port/MassSpecData-02115-20261006-155717.csv,10.173733333333333
2026-10-06 15:57:42.474,8.8904e-11,Torr,10.back_stm_port,10.back_stm_port/MassSpecData-02115-20261006-155717.csv,10.1772
2026-10-06 15:57:42.682,7.5429e-11,Torr,10.back_stm_port,10.back_stm_port/MassSpecData-02115-20261006-155717.csv,10.180666666666667
2026-10-06 15:57:42.891,7.2171e-11,Torr,10.back_stm_port,10.back_stm_port/MassSpecData-02115-20261006-155717.csv,10.184149999999999
2026-10-06 15:57:43.099,8.3905e-11,Torr,10.back_stm_port,10.back_stm_port/MassSpecData-02115-20261006-155717.csv,10.187616666666665
2026-10-06 15:57:43.307,7.8841e-11,Torr,10.back_stm_port,10.back_stm_port/MassSpecData-02115-20261006-155717.csv,10.191083333333333
2026-10-06 15:57:43.516,7.4877e-11,Torr,10.back_stm_port,10.back_stm_port/MassSpecData-02115-20261006-155717.csv,10.194566666666667
2026-10-06 15:57:43.724,8.2189e-11,Torr,10.back_stm_port,10.back_stm_port/MassSpecData-02115-20261006-155717.csv,10.198033333333333
2026-10-06 15:57:43.932,8.2094e-11,Torr,10.back_stm_port,10.back_stm_port/MassSpecData-02115-20261006-155717.csv,10.201500000000001
2026-10-06 15:57:44.141,9.3611e-11,Torr,10.back_stm_port,10.back_stm_port/MassSpecData-02115-20261006-155717.csv,10.204983333333333
2026-10-06 15:57:44.349,1.0546e-10,Torr,10.back_stm_port,10.back_stm_port/MassSpecData-02115-20261006-155717.csv,10.20845
2026-10-06 15:57:44.557,7.7451e-11,Torr,10.back_stm_port,10.back_stm_port/MassSpecData-02115-20261006-155717.csv,10.211916666666667
2026-10-06 15:57:44.766,9.2849e-11,Torr,10.back_stm_port,10.back_stm_port/MassSpecData-02115-20261006-155717.csv,10.215399999999999
2026-10-06 15:57:44.974,7.5548e-11,Torr,10.back_stm_port,10.back_stm_port/MassSpecData-02115-20261006-155717.csv,10.218866666666665
2026-10-06 15:57:45.182,9.1566e-11,Torr,10.back_stm_port,10.back_stm_port/MassSpecData-02115-20261006-155717.csv,10.222333333333333
2026-10-06 15:57:45.391,8.8643e-11,Torr,10.back_stm_port,10.back_stm_port/MassSpecData-02115-20261006-155717.csv,10.225816666666667
2026-10-06 15:57:45.599,8.7188e-11,Torr,10.back_stm_port,10.back_stm_port/MassSpecData-02115-20261006-155717.csv,10.229283333333333
2026-10-06 15:57:45.807,7.743e-11,Torr,10.back_stm_port,10.back_stm_port/MassSpecData-02115-20261006-155717.csv,10.232750000000001
2026-10-06 15:57:46.016,8.8322e-11,Torr,10.back_stm_port,10.back_stm_port/MassSpecData-02115-20261006-155717.csv,10.236233333333333
2026-10-06 15:57:46.224,8.0967e-11,Torr,10.back_stm_port,10.back_stm_port/MassSpecData-02115-20261006-155717.csv,10.2397
2026-10-06 15:57:46.432,8.4004e-11,Torr,10.back_stm_port,10.back_stm_port/MassSpecData-02115-20261006-155717.csv,10.243166666666667
2026-10-06 15:57:46.641,7.8547e-11,Torr,10.back_stm_port,10.back_stm_port/MassSpecData-02115-20261006-155717.csv,10.246649999999999
2026-10-06 15:57:46.849,8.3121e-11,Torr,10.back_stm_port,10.back_stm_port/MassSpecData-02115-20261006-155717.csv,10.250116666666665
2026-10-06 15:57:47.057,8.6605e-11,Torr,10.back_stm_port,10.back_stm_port/MassSpecData-02115-20261006-155717.csv,10.253583333333333
2026-10-06 15:57:47.266,9.1157e-11,Torr,10.back_stm_port,10.back_stm_port/MassSpecData-02115-20261006-155717.csv,10.257066666666667
2026-10-06 15:57:47.474,8.0192e-11,Torr,10.back_stm_port,10.back_stm_port/MassSpecData-02115-20261006-155717.csv,10.260533333333333
2026-10-06 15:57:47.682,8.2702e-11,Torr,10.back_stm_port,10.back_stm_port/MassSpecData-02115-20261006-155717.csv,10.264000000000001
2026-10-06 15:57:47.891,6.5622e-11,Torr,10.back_stm_port,10.back_stm_port/MassSpecData-02115-20261006-155717.csv,10.267483333333333
2026-10-06 15:57:48.099,7.5218e-11,Torr,10.back_stm_port,10.back_stm_port/MassSpecData-02115-20261006-155717.csv,10.27095
2026-10-06 15:57:48.307,9.3388e-11,Torr,10.back_stm_port,10.back_stm_port/MassSpecData-02115-20261006-155717.csv,10.274416666666667
2026-10-06 15:57:48.516,9.7965e-11,Torr,10.back_stm_port,10.back_stm_port/MassSpecData-02115-20261006-155717.csv,10.277899999999999
2026-10-06 15:57:48.724,8.2484e-11,Torr,10.back_stm_port,10.back_stm_port/MassSpecData-02115-20261006-155717.csv,10.281366666666665
2026-10-06 15:57:48.932,8.7943e-11,Torr,10.back_stm_port,10.back_stm_port/MassSpecData-02115-20261006-155717.csv,10.284833333333333
2026-10-06 15:57:49.141,8.93e-11,Torr,10.back_stm_port,10.back_stm_port/MassSpecData-02115-20261006-155717.csv,10.288316666666667
2026-10-06 15:57:49.349,7.7418e-11,Torr,10.back_stm_port,10.back_stm_port/MassSpecData-02115-20261006-155717.csv,10.291783333333333
2026-10-06 15:57:49.557,7.7537e-11,Torr,10.back_stm_port,10.back_stm_port/MassSpecData-02115-20261006-155717.csv,10.295250000000001
2026-10-06 15:57:49.766,8.0886e-11,Torr,10.back_stm_port,10.back_stm_port/MassSpecData-02115-20261006-155717.csv,10.298733333333333
2026-10-06 15:57:49.974,8.2541e-11,Torr,10.back_stm_port,10.back_stm_port/MassSpecData-02115-20261006-155717.csv,10.3022
2026-10-06 15:57:50.182,8.8297e-11,Torr,10.back_stm_port,10.back_stm_port/MassSpecData-02115-20261006-155717.csv,10.305666666666667
2026-10-06 15:57:50.391,9.6322e-11,Torr,10.back_stm_port,10.back_stm_port/MassSpecData-02115-20261006-155717.csv,10.309149999999999
2026-10-06 15:57:50.599,8.1543e-11,Torr,10.back_stm_port,10.back_stm_port/MassSpecData-02115-20261006-155717.csv,10.312616666666665
2026-10-06 15:57:50.807,6.7467e-11,Torr,10.back_stm_port,10.back_stm_port/MassSpecData-02115-20261006-155717.csv,10.316083333333333
2026-10-06 15:57:51.016,8.5605e-11,Torr,10.back_stm_port,10.back_stm_port/MassSpecData-02115-20261006-155717.csv,10.319566666666667
2026-10-06 15:57:51.224,9.1244e-11,Torr,10.back_stm_port,10.back_stm_port/MassSpecData-02115-20261006-155717.csv,10.323033333333333
2026-10-06 15:57:51.432,8.2714e-11,Torr,10.back_stm_port,10.back_stm_port/MassSpecData-02115-20261006-155717.csv,10.326500000000001
2026-10-06 15:57:51.641,7.5526e-11,Torr,10.back_stm_port,10.back_stm_port/MassSpecData-02115-20261006-155717.csv,10.329983333333333
2026-10-06 15:57:51.849,8.6188e-11,Torr,10.back_stm_port,10.back_stm_port/MassSpecData-02115-20261006-155717.csv,10.33345
2026-10-06 15:57:52.057,9.0306e-11,Torr,10.back_stm_port,10.back_stm_port/MassSpecData-02115-20261006-155717.csv,10.336916666666667
2026-10-06 15:57:52.266,8.573e-11,Torr,10.back_stm_port,10.back_stm_port/MassSpecData-02115-20261006-155717.csv,10.340399999999999
2026-10-06 15:57:52.474,8.8999e-11,Torr,10.back_stm_port,10.back_stm_port/MassSpecData-02115-20261006-155717.csv,10.343866666666665
2026-10-06 15:57:52.682,8.1268e-11,Torr,10.back_stm_port,10.back_stm_port/MassSpecData-02115-20261006-155717.csv,10.347333333333333
2026-10-06 15:57:52.891,8.4456e-11,Torr,10.back_stm_port,10.back_stm_port/MassSpecData-02115-20261006-155717.csv,10.350816666666667
2026-10-06 15:57:53.099,9.6672e-11,Torr,10.back_stm_port,10.back_stm_port/MassSpecData-02115-20261006-155717.csv,10.354283333333333
2026-10-06 15:57:53.307,8.8447e-11,Torr,10.back_stm_port,10.back_stm_port/MassSpecData-02115-20261006-155717.csv,10.357750000000001
2026-10-06 15:57:53.516,8.9863e-11,Torr,10.back_stm_port,10.back_stm_port/MassSpecData-02115-20261006-155717.csv,10.361233333333333
2026-10-06 15:57:53.724,9.1061e-11,Torr,10.back_stm_port,10.back_stm_port/MassSpecData-02115-20261006-155717.csv,10.3647
2026-10-06 15:57:53.932,8.1753e-11,Torr,10.back_stm_port,10.back_stm_port/MassSpecData-02115-20261006-155717.csv,10.368166666666667
2026-10-06 15:57:54.141,7.6177e-11,Torr,10.back_stm_port,10.back_stm_port/MassSpecData-02115-20261006-155717.csv,10.371649999999999
2026-10-06 15:57:54.349,9.4261e-11,Torr,10.back_stm_port,10.back_stm_port/MassSpecData-02115-20261006-155717.csv,10.375116666666665
2026-10-06 15:57:54.557,8.5858e-11,Torr,10.back_stm_port,10.back_stm_port/MassSpecData-02115-20261006-155717.csv,10.378583333333333
2026-10-06 15:57:54.766,8.8269e-11,Torr,10.back_stm_port,10.back_stm_port/MassSpecData-02115-20261006-155717.csv,10.382066666666667
2026-10-06 15:57:54.974,8.1253e-11,Torr,10.back_stm_port,10.back_stm_port/MassSpecData-02115-20261006-155717.csv,10.385533333333333
2026-10-06 15:57:55.183,8.8655e-11,Torr,10.back_stm_port,10.back_stm_port/MassSpecData-02115-20261006-155717.csv,10.389016666666667
2026-10-06 15:57:55.391,7.8617e-11,Torr,10.back_stm_port,10.back_stm_port/MassSpecData-02115-20261006-155717.csv,10.392483333333333
2026-10-06 15:57:55.599,9.5406e-11,Torr,10.back_stm_port,10.back_stm_port/MassSpecData-02115-20261006-155717.csv,10.39595
2026-10-06 15:57:55.808,7.6203e-11,Torr,10.back_stm_port,10.back_stm_port/MassSpecData-02115-20261006-155717.csv,10.399433333333333
2026-10-06 15:57:56.016,9.3217e-11,Torr,10.back_stm_port,10.back_stm_port/MassSpecData-02115-20261006-155717.csv,10.402899999999999
2026-10-06 15:57:56.224,8.0738e-11,Torr,10.back_stm_port,10.back_stm_port/MassSpecData-02115-20261006-155717.csv,10.406366666666665
2026-10-06 15:57:56.433,9.102e-11,Torr,10.back_stm_port,10.back_stm_port/MassSpecData-02115-20261006-155717.csv,10.40985
2026-10-06 15:57:56.641,8.3141e-11,Torr,10.back_stm_port,10.back_stm_port/MassSpecData-02115-20261006-155717.csv,10.413316666666667
2026-10-06 15:57:56.849,8.0222e-11,Torr,10.back_stm_port,10.back_stm_port/MassSpecData-02115-20261006-155717.csv,10.416783333333333
2026-10-06 15:57:57.058,9.8414e-11,Torr,10.back_stm_port,10.back_stm_port/MassSpecData-02115-20261006-155717.csv,10.420266666666667
2026-10-06 15:57:57.266,8.3649e-11,Torr,10.back_stm_port,10.back_stm_port/MassSpecData-02115-20261006-155717.csv,10.423733333333333
2026-10-06 15:57:57.474,9.281e-11,Torr,10.back_stm_port,10.back_stm_port/MassSpecData-02115-20261006-155717.csv,10.4272
2026-10-06 15:57:57.683,9.518e-11,Torr,10.back_stm_port,10.back_stm_port/MassSpecData-02115-20261006-155717.csv,10.430683333333333
2026-10-06 15:57:57.891,8.9628e-11,Torr,10.back_stm_port,10.back_stm_port/MassSpecData-02115-20261006-155717.csv,10.434149999999999
2026-10-06 15:57:58.099,7.4593e-11,Torr,10.back_stm_port,10.back_stm_port/MassSpecData-02115-20261006-155717.csv,10.437616666666665
2026-10-06 15:57:58.308,8.0341e-11,Torr,10.back_stm_port,10.back_stm_port/MassSpecData-02115-20261006-155717.csv,10.4411
2026-10-06 15:57:58.516,8.4108e-11,Torr,10.back_stm_port,10.back_stm_port/MassSpecData-02115-20261006-155717.csv,10.444566666666667
2026-10-06 15:57:58.724,9.7204e-11,Torr,10.back_stm_port,10.back_stm_port/MassSpecData-02115-20261006-155717.csv,10.448033333333333
2026-10-06 15:57:59.134,8.184e-11,Torr,10.back_stm_port,10.back_stm_port/MassSpecData-02115-20261006-155759.csv,10.454866666666668
2026-10-06 15:57:59.342,8.6862e-11,Torr,10.back_stm_port,10.back_stm_port/MassSpecData-02115-20261006-155759.csv,10.458333333333334
2026-10-06 15:57:59.551,8.217e-11,Torr,10.back_stm_port,10.back_stm_port/MassSpecData-02115-20261006-155759.csv,10.461816666666666
2026-10-06 15:57:59.759,7.2856e-11,Torr,10.back_stm_port,10.back_stm_port/MassSpecData-02115-20261006-155759.csv,10.465283333333334
2026-10-06 15:57:59.967,8.0903e-11,Torr,10.back_stm_port,10.back_stm_port/MassSpecData-02115-20261006-155759.csv,10.46875
2026-10-06 15:58:00.176,8.2043e-11,Torr,10.back_stm_port,10.back_stm_port/MassSpecData-02115-20261006-155759.csv,10.472233333333332
2026-10-06 15:58:00.384,9.9323e-11,Torr,10.back_stm_port,10.back_stm_port/MassSpecData-02115-20261006-155759.csv,10.4757
2026-10-06 15:58:00.592,9.8197e-11,Torr,10.back_stm_port,10.back_stm_port/MassSpecData-02115-20261006-155759.csv,10.479166666666666
2026-10-06 15:58:00.800,9.5027e-11,Torr,10.back_stm_port,10.back_stm_port/MassSpecData-02115-20261006-155759.csv,10.482633333333332
2026-10-06 15:58:01.009,9.1172e-11,Torr,10.back_stm_port,10.back_stm_port/MassSpecData-02115-20261006-155759.csv,10.486116666666668
2026-10-06 15:58:01.217,7.9351e-11,Torr,10.back_stm_port,10.back_stm_port/MassSpecData-02115-20261006-155759.csv,10.489583333333334
2026-10-06 15:58:01.426,8.6672e-11,Torr,10.back_stm_port,10.back_stm_port/MassSpecData-02115-20261006-155759.csv,10.493066666666666
2026-10-06 15:58:01.634,8.8189e-11,Torr,10.back_stm_port,10.back_stm_port/MassSpecData-02115-20261006-155759.csv,10.496533333333334
2026-10-06 15:58:01.842,8.7331e-11,Torr,10.back_stm_port,10.back_stm_port/MassSpecData-02115-20261006-155759.csv,10.5
2026-10-06 15:58:02.051,1.0148e-10,Torr,10.back_stm_port,10.back_stm_port/MassSpecData-02115-20261006-155759.csv,10.503483333333332
2026-10-06 15:58:02.259,7.7709e-11,Torr,10.back_stm_port,10.back_stm_port/MassSpecData-02115-20261006-155759.csv,10.50695
2026-10-06 15:58:02.467,7.4209e-11,Torr,10.back_stm_port,10.back_stm_port/MassSpecData-02115-20261006-155759.csv,10.510416666666666
2026-10-06 15:58:02.676,8.5233e-11,Torr,10.back_stm_port,10.back_stm_port/MassSpecData-02115-20261006-155759.csv,10.5139
2026-10-06 15:58:02.884,9.9149e-11,Torr,10.back_stm_port,10.back_stm_port/MassSpecData-02115-20261006-155759.csv,10.517366666666668
2026-10-06 15:58:03.092,6.8932e-11,Torr,10.back_stm_port,10.back_stm_port/MassSpecData-02115-20261006-155759.csv,10.520833333333334
2026-10-06 15:58:03.301,8.8897e-11,Torr,10.back_stm_port,10.back_stm_port/MassSpecData-02115-20261006-155759.csv,10.524316666666666
2026-10-06 15:58:03.509,8.6229e-11,Torr,10.back_stm_port,10.back_stm_port/MassSpecData-02115-20261006-155759.csv,10.527783333333334
2026-10-06 15:58:03.717,8.2754e-11,Torr,10.back_stm_port,10.back_stm_port/MassSpecData-02115-20261006-155759.csv,10.53125
2026-10-06 15:58:03.926,9.6911e-11,Torr,10.back_stm_port,10.back_stm_port/MassSpecData-02115-20261006-155759.csv,10.534733333333332
2026-10-06 15:58:04.134,8.3113e-11,Torr,10.back_stm_port,10.back_stm_port/MassSpecData-02115-20261006-155759.csv,10.5382
2026-10-06 15:58:04.342,7.9709e-11,Torr,10.back_stm_port,10.back_stm_port/MassSpecData-02115-20261006-155759.csv,10.541666666666666
2026-10-06 15:58:04.550,7.9165e-11,Torr,10.back_stm_port,10.back_stm_port/MassSpecData-02115-20261006-155759.csv,10.545133333333332
2026-10-06 15:58:04.759,7.8121e-11,Torr,10.back_stm_port,10.back_stm_port/MassSpecData-02115-20261006-155759.csv,10.548616666666668
2026-10-06 15:58:04.967,8.2488e-11,Torr,10.back_stm_port,10.back_stm_port/MassSpecData-02115-20261006-155759.csv,10.552083333333334
2026-10-06 15:58:05.175,8.0507e-11,Torr,10.back_stm_port,10.back_stm_port/MassSpecData-02115-20261006-155759.csv,10.55555
2026-10-06 15:58:05.384,7.8453e-11,Torr,10.back_stm_port,10.back_stm_port/MassSpecData-02115-20261006-155759.csv,10.559033333333334
2026-10-06 15:58:05.592,9.8003e-11,Torr,10.back_stm_port,10.back_stm_port/MassSpecData-02115-20261006-155759.csv,10.5625
2026-10-06 15:58:05.800,8.473e-11,Torr,10.back_stm_port,10.back_stm_port/MassSpecData-02115-20261006-155759.csv,10.565966666666666
2026-10-06 15:58:06.009,8.3905e-11,Torr,10.back_stm_port,10.back_stm_port/MassSpecData-02115-20261006-155759.csv,10.56945
2026-10-06 15:58:06.217,9.6251e-11,Torr,10.back_stm_port,10.back_stm_port/MassSpecData-02115-20261006-155759.csv,10.572916666666666
2026-10-06 15:58:06.425,8.7762e-11,Torr,10.back_stm_port,10.back_stm_port/MassSpecData-02115-20261006-155759.csv,10.576383333333332
2026-10-06 15:58:06.634,9.2743e-11,Torr,10.back_stm_port,10.back_stm_port/MassSpecData-02115-20261006-155759.csv,10.579866666666668
2026-10-06 15:58:06.842,8.6343e-11,Torr,10.back_stm_port,10.back_stm_port/MassSpecData-02115-20261006-155759.csv,10.583333333333334
2026-10-06 15:58:07.050,8.5324e-11,Torr,10.back_stm_port,10.back_stm_port/MassSpecData-02115-20261006-155759.csv,10.5868
2026-10-06 15:58:07.259,8.6226e-11,Torr,10.back_stm_port,10.back_stm_port/MassSpecData-02115-20261006-155759.csv,10.590283333333334
2026-10-06 15:58:07.467,8.4893e-11,Torr,10.back_stm_port,10.back_stm_port/MassSpecData-02115-20261006-155759.csv,10.59375
2026-10-06 15:58:07.675,9.0756e-11,Torr,10.back_stm_port,10.back_stm_port/MassSpecData-02115-20261006-155759.csv,10.597216666666666
2026-10-06 15:58:07.884,8.5478e-11,Torr,10.back_stm_port,10.back_stm_port/MassSpecData-02115-20261006-155759.csv,10.6007
2026-10-06 15:58:08.092,9.5332e-11,Torr,10.back_stm_port,10.back_stm_port/MassSpecData-02115-20261006-155759.csv,10.604166666666666
2026-10-06 15:58:08.301,8.2954e-11,Torr,10.back_stm_port,10.back_stm_port/MassSpecData-02115-20261006-155759.csv,10.60765
2026-10-06 15:58:08.509,8.8526e-11,Torr,10.back_stm_port,10.back_stm_port/MassSpecData-02115-20261006-155759.csv,10.611116666666668
2026-10-06 15:58:08.717,9.0664e-11,Torr,10.back_stm_port,10.back_stm_port/MassSpecData-02115-20261006-155759.csv,10.614583333333334
2026-10-06 15:58:08.926,9.116e-11,Torr,10.back_stm_port,10.back_stm_port/MassSpecData-02115-20261006-155759.csv,10.618066666666666
2026-10-06 15:58:09.134,9.0385e-11,Torr,10.back_stm_port,10.back_stm_port/MassSpecData-02115-20261006-155759.csv,10.621533333333334
2026-10-06 15:58:09.342,8.7657e-11,Torr,10.back_stm_port,10.back_stm_port/MassSpecData-02115-20261006-155759.csv,10.625
2026-10-06 15:58:09.551,6.6102e-11,Torr,10.back_stm_port,10.back_stm_port/MassSpecData-02115-20261006-155759.csv,10.628483333333332
2026-10-06 15:58:09.759,9.3243e-11,Torr,10.back_stm_port,10.back_stm_port/MassSpecData-02115-20261006-155759.csv,10.63195
2026-10-06 15:58:09.967,7.7329e-11,Torr,10.back_stm_port,10.back_stm_port/MassSpecData-02115-20261006-155759.csv,10.635416666666666
2026-10-06 15:58:10.176,8.4055e-11,Torr,10.back_stm_port,10.back_stm_port/MassSpecData-02115-20261006-155759.csv,10.6389
2026-10-06 15:58:10.384,6.6322e-11,Torr,10.back_stm_port,10.back_stm_port/MassSpecData-02115-20261006-155759.csv,10.642366666666668
2026-10-06 15:58:10.592,9.1224e-11,Torr,10.back_stm_port,10.back_stm_port/MassSpecData-02115-20261006-155759.csv,10.645833333333334
2026-10-06 15:58:10.801,8.0891e-11,Torr,10.back_stm_port,10.back_stm_port/MassSpecData-02115-20261006-155759.csv,10.649316666666666
2026-10-06 15:58:11.009,1.1757e-10,Torr,10.back_stm_port,10.back_stm_port/MassSpecData-02115-20261006-155759.csv,10.652783333333334
2026-10-06 15:58:11.217,1.0277e-10,Torr,10.back_stm_port,10.back_stm_port/MassSpecData-02115-20261006-155759.csv,10.65625
2026-10-06 15:58:11.426,7.738e-11,Torr,10.back_stm_port,10.back_stm_port/MassSpecData-02115-20261006-155759.csv,10.659733333333332
2026-10-06 15:58:11.634,8.0414e-11,Torr,10.back_stm_port,10.back_stm_port/MassSpecData-02115-20261006-155759.csv,10.6632
2026-10-06 15:58:11.842,8.3422e-11,Torr,10.back_stm_port,10.back_stm_port/MassSpecData-02115-20261006-155759.csv,10.666666666666666
2026-10-06 15:58:12.051,8.0932e-11,Torr,10.back_stm_port,10.back_stm_port/MassSpecData-02115-20261006-155759.csv,10.67015
2026-10-06 15:58:12.259,7.2323e-11,Torr,10.back_stm_port,10.back_stm_port/MassSpecData-02115-20261006-155759.csv,10.673616666666668
2026-10-06 15:58:12.467,8.1386e-11,Torr,10.back_stm_port,10.back_stm_port/MassSpecData-02115-20261006-155759.csv,10.677083333333334
2026-10-06 15:58:12.676,8.4805e-11,Torr,10.back_stm_port,10.back_stm_port/MassSpecData-02115-20261006-155759.csv,10.680566666666666
2026-10-06 15:58:12.884,8.5046e-11,Torr,10.back_stm_port,10.back_stm_port/MassSpecData-02115-20261006-155759.csv,10.684033333333334
2026-10-06 15:58:13.092,8.535e-11,Torr,10.back_stm_port,10.back_stm_port/MassSpecData-02115-20261006-155759.csv,10.6875
2026-10-06 15:58:13.301,8.7962e-11,Torr,10.back_stm_port,10.back_stm_port/MassSpecData-02115-20261006-155759.csv,10.690983333333332
2026-10-06 15:58:13.509,8.3337e-11,Torr,10.back_stm_port,10.back_stm_port/MassSpecData-02115-20261006-155759.csv,10.69445
2026-10-06 15:58:13.717,7.9932e-11,Torr,10.back_stm_port,10.back_stm_port/MassSpecData-02115-20261006-155759.csv,10.697916666666666
2026-10-06 15:58:13.926,9.6006e-11,Torr,10.back_stm_port,10.back_stm_port/MassSpecData-02115-20261006-155759.csv,10.7014
2026-10-06 15:58:14.134,7.6155e-11,Torr,10.back_stm_port,10.back_stm_port/MassSpecData-02115-20261006-155759.csv,10.704866666666668
2026-10-06 15:58:14.342,9.4227e-11,Torr,10.back_stm_port,10.back_stm_port/MassSpecData-02115-20261006-155759.csv,10.708333333333334
2026-10-06 15:58:14.551,8.655e-11,Torr,10.back_stm_port,10.back_stm_port/MassSpecData-02115-20261006-155759.csv,10.711816666666666
2026-10-06 15:58:14.759,8.2495e-11,Torr,10.back_stm_port,10.back_stm_port/MassSpecData-02115-20261006-155759.csv,10.715283333333334
2026-10-06 15:58:14.967,9.8471e-11,Torr,10.back_stm_port,10.back_stm_port/MassSpecData-02115-20261006-155759.csv,10.71875
2026-10-06 15:58:15.176,8.6702e-11,Torr,10.back_stm_port,10.back_stm_port/MassSpecData-02115-20261006-155759.csv,10.722233333333332
2026-10-06 15:58:15.384,9.7002e-11,Torr,10.back_stm_port,10.back_stm_port/MassSpecData-02115-20261006-155759.csv,10.7257
2026-10-06 15:58:15.592,7.3947e-11,Torr,10.back_stm_port,10.back_stm_port/MassSpecData-02115-20261006-155759.csv,10.729166666666666
2026-10-06 15:58:15.801,8.645e-11,Torr,10.back_stm_port,10.back_stm_port/MassSpecData-02115-20261006-155759.csv,10.73265
2026-10-06 15:58:16.009,8.0309e-11,Torr,10.back_stm_port,10.back_stm_port/MassSpecData-02115-20261006-155759.csv,10.736116666666668
2026-10-06 15:58:16.217,9.9733e-11,Torr,10.back_stm_port,10.back_stm_port/MassSpecData-02115-20261006-155759.csv,10.739583333333334
2026-10-06 15:58:16.426,8.856e-11,Torr,10.back_stm_port,10.back_stm_port/MassSpecData-02115-20261006-155759.csv,10.743066666666666
2026-10-06 15:58:16.634,8.3236e-11,Torr,10.back_stm_port,10.back_stm_port/MassSpecData-02115-20261006-155759.csv,10.746533333333334
2026-10-06 15:58:16.842,8.787e-11,Torr,10.back_stm_port,10.back_stm_port/MassSpecData-02115-20261006-155759.csv,10.75
2026-10-06 15:58:17.051,8.8209e-11,Torr,10.back_stm_port,10.back_stm_port/MassSpecData-02115-20261006-155759.csv,10.753483333333332
2026-10-06 15:58:17.259,9.1036e-11,Torr,10.back_stm_port,10.back_stm_port/MassSpecData-02115-20261006-155759.csv,10.75695
2026-10-06 15:58:17.467,9.534e-11,Torr,10.back_stm_port,10.back_stm_port/MassSpecData-02115-20261006-155759.csv,10.760416666666666
2026-10-06 15:58:17.676,9.2795e-11,Torr,10.back_stm_port,10.back_stm_port/MassSpecData-02115-20261006-155759.csv,10.7639
2026-10-06 15:58:17.884,9.142e-11,Torr,10.back_stm_port,10.back_stm_port/MassSpecData-02115-20261006-155759.csv,10.767366666666668
2026-10-06 15:58:18.092,8.0451e-11,Torr,10.back_stm_port,10.back_stm_port/MassSpecData-02115-20261006-155759.csv,10.770833333333334
2026-10-06 15:58:18.301,1.0596e-10,Torr,10.back_stm_port,10.back_stm_port/MassSpecData-02115-20261006-155759.csv,10.774316666666666
2026-10-06 15:58:18.509,8.2741e-11,Torr,10.back_stm_port,10.back_stm_port/MassSpecData-02115-20261006-155759.csv,10.777783333333334
2026-10-06 15:58:18.717,7.2087e-11,Torr,10.back_stm_port,10.back_stm_port/MassSpecData-02115-20261006-155759.csv,10.78125
2026-10-06 15:58:18.925,8.3226e-11,Torr,10.back_stm_port,10.back_stm_port/MassSpecData-02115-20261006-155759.csv,10.784716666666666
2026-10-06 15:58:19.134,8.4388e-11,Torr,10.back_stm_port,10.back_stm_port/MassSpecData-02115-20261006-155759.csv,10.7882
2026-10-06 15:58:19.342,7.5602e-11,Torr,10.back_stm_port,10.back_stm_port/MassSpecData-02115-20261006-155759.csv,10.791666666666666
2026-10-06 15:58:19.550,9.2773e-11,Torr,10.back_stm_port,10.back_stm_port/MassSpecData-02115-20261006-155759.csv,10.795133333333332
2026-10-06 15:58:19.759,8.43e-11,Torr,10.back_stm_port,10.back_stm_port/MassSpecData-02115-20261006-155759.csv,10.798616666666668
2026-10-06 15:58:19.967,7.7548e-11,Torr,10.back_stm_port,10.back_stm_port/MassSpecData-02115-20261006-155759.csv,10.802083333333334
2026-10-06 15:58:20.175,8.7829e-11,Torr,10.back_stm_port,10.back_stm_port/MassSpecData-02115-20261006-155759.csv,10.80555
2026-10-06 15:58:20.384,9.1237e-11,Torr,10.back_stm_port,10.back_stm_port/MassSpecData-02115-20261006-155759.csv,10.809033333333334
2026-10-06 15:58:20.592,9.3874e-11,Torr,10.back_stm_port,10.back_stm_port/MassSpecData-02115-20261006-155759.csv,10.8125
2026-10-06 15:58:20.800,9.2525e-11,Torr,10.back_stm_port,10.back_stm_port/MassSpecData-02115-20261006-155759.csv,10.815966666666666
2026-10-06 15:58:21.009,8.42e-11,Torr,10.back_stm_port,10.back_stm_port/MassSpecData-02115-20261006-155759.csv,10.81945
2026-10-06 15:58:21.217,1.0379e-10,Torr,10.back_stm_port,10.back_stm_port/MassSpecData-02115-20261006-155759.csv,10.822916666666666
2026-10-06 15:58:21.425,8.1865e-11,Torr,10.back_stm_port,10.back_stm_port/MassSpecData-02115-20261006-155759.csv,10.826383333333332
2026-10-06 15:58:21.634,8.1477e-11,Torr,10.back_stm_port,10.back_stm_port/MassSpecData-02115-20261006-155759.csv,10.829866666666668
2026-10-06 15:58:21.842,8.7145e-11,Torr,10.back_stm_port,10.back_stm_port/MassSpecData-02115-20261006-155759.csv,10.833333333333334
2026-10-06 15:58:22.050,7.5505e-11,Torr,10.back_stm_port,10.back_stm_port/MassSpecData-02115-20261006-155759.csv,10.8368
2026-10-06 15:58:22.259,8.472e-11,Torr,10.back_stm_port,10.back_stm_port/MassSpecData-02115-20261006-155759.csv,10.840283333333334
2026-10-06 15:58:22.467,8.4151e-11,Torr,10.back_stm_port,10.back_stm_port/MassSpecData-02115-20261006-155759.csv,10.84375
2026-10-06 15:58:22.675,8.6561e-11,Torr,10.back_stm_port,10.back_stm_port/MassSpecData-02115-20261006-155759.csv,10.847216666666666
2026-10-06 15:58:22.884,8.0541e-11,Torr,10.back_stm_port,10.back_stm_port/MassSpecData-02115-20261006-155759.csv,10.8507
2026-10-06 15:58:23.092,8.7356e-11,Torr,10.back_stm_port,10.back_stm_port/MassSpecData-02115-20261006-155759.csv,10.854166666666666
2026-10-06 15:58:23.300,8.7236e-11,Torr,10.back_stm_port,10.back_stm_port/MassSpecData-02115-20261006-155759.csv,10.857633333333332
2026-10-06 15:58:23.509,7.632e-11,Torr,10.back_stm_port,10.back_stm_port/MassSpecData-02115-20261006-155759.csv,10.861116666666668
2026-10-06 15:58:23.717,9.0573e-11,Torr,10.back_stm_port,10.back_stm_port/MassSpecData-02115-20261006-155759.csv,10.864583333333334
2026-10-06 15:58:23.925,9.0152e-11,Torr,10.back_stm_port,10.back_stm_port/MassSpecData-02115-20261006-155759.csv,10.86805
2026-10-06 15:58:24.134,9.1838e-11,Torr,10.back_stm_port,10.back_stm_port/MassSpecData-02115-20261006-155759.csv,10.871533333333334
2026-10-06 15:58:24.342,8.2663e-11,Torr,10.back_stm_port,10.back_stm_port/MassSpecData-02115-20261006-155759.csv,10.875
2026-10-06 15:58:24.550,8.8566e-11,Torr,10.back_stm_port,10.back_stm_port/MassSpecData-02115-20261006-155759.csv,10.878466666666666
2026-10-06 15:58:24.759,8.7091e-11,Torr,10.back_stm_port,10.back_stm_port/MassSpecData-02115-20261006-155759.csv,10.88195
2026-10-06 15:58:24.967,8.3571e-11,Torr,10.back_stm_port,10.back_stm_port/MassSpecData-02115-20261006-155759.csv,10.885416666666666
2026-10-06 15:58:25.175,7.8491e-11,Torr,10.back_stm_port,10.back_stm_port/MassSpecData-02115-20261006-155759.csv,10.888883333333332
2026-10-06 15:58:25.384,7.5323e-11,Torr,10.back_stm_port,10.back_stm_port/MassSpecData-02115-20261006-155759.csv,10.892366666666668
2026-10-06 15:58:25.592,7.4201e-11,Torr,10.back_stm_port,10.back_stm_port/MassSpecData-02115-20261006-155759.csv,10.895833333333334
2026-10-06 15:58:25.800,9.8141e-11,Torr,10.back_stm_port,10.back_stm_port/MassSpecData-02115-20261006-155759.csv,10.8993
2026-10-06 15:58:26.009,8.5263e-11,Torr,10.back_stm_port,10.back_stm_port/MassSpecData-02115-20261006-155759.csv,10.902783333333334
2026-10-06 15:58:26.217,8.1566e-11,Torr,10.back_stm_port,10.back_stm_port/MassSpecData-02115-20261006-155759.csv,10.90625
2026-10-06 15:58:26.425,9.7128e-11,Torr,10.back_stm_port,10.back_stm_port/MassSpecData-02115-20261006-155759.csv,10.909716666666666
2026-10-06 15:58:26.634,8.1342e-11,Torr,10.back_stm_port,10.back_stm_port/MassSpecData-02115-20261006-155759.csv,10.9132
2026-10-06 15:58:26.842,8.2997e-11,Torr,10.back_stm_port,10.back_stm_port/MassSpecData-02115-20261006-155759.csv,10.916666666666666
2026-10-06 15:58:27.050,9.6216e-11,Torr,10.back_stm_port,10.back_stm_port/MassSpecData-02115-20261006-155759.csv,10.920133333333332
2026-10-06 15:58:27.259,1.0888e-10,Torr,10.back_stm_port,10.back_stm_port/MassSpecData-02115-20261006-155759.csv,10.923616666666668
2026-10-06 15:58:27.467,8.9715e-11,Torr,10.back_stm_port,10.back_stm_port/MassSpecData-02115-20261006-155759.csv,10.927083333333334
2026-10-06 15:58:27.675,7.8698e-11,Torr,10.back_stm_port,10.back_stm_port/MassSpecData-02115-20261006-155759.csv,10.93055
2026-10-06 15:58:27.884,9.9931e-11,Torr,10.back_stm_port,10.back_stm_port/MassSpecData-02115-20261006-155759.csv,10.934033333333334
2026-10-06 15:58:28.092,8.8561e-11,Torr,10.back_stm_port,10.back_stm_port/MassSpecData-02115-20261006-155759.csv,10.9375
2026-10-06 15:58:28.300,8.813e-11,Torr,10.back_stm_port,10.back_stm_port/MassSpecData-02115-20261006-155759.csv,10.940966666666666
2026-10-06 15:58:28.509,9.6607e-11,Torr,10.back_stm_port,10.back_stm_port/MassSpecData-02115-20261006-155759.csv,10.94445
2026-10-06 15:58:28.717,1.0229e-10,Torr,10.back_stm_port,10.back_stm_port/MassSpecData-02115-20261006-155759.csv,10.947916666666666
2026-10-06 15:58:28.925,9.9442e-11,Torr,10.back_stm_port,10.back_stm_port/MassSpecData-02115-20261006-155759.csv,10.951383333333332
2026-10-06 15:58:29.134,8.2815e-11,Torr,10.back_stm_port,10.back_stm_port/MassSpecData-02115-20261006-155759.csv,10.954866666666668
2026-10-06 15:58:29.342,8.4828e-11,Torr,10.back_stm_port,10.back_stm_port/MassSpecData-02115-20261006-155759.csv,10.958333333333334
2026-10-06 15:58:29.550,8.1092e-11,Torr,10.back_stm_port,10.back_stm_port/MassSpecData-02115-20261006-155759.csv,10.9618
2026-10-06 15:58:29.759,9.5756e-11,Torr,10.back_stm_port,10.back_stm_port/MassSpecData-02115-20261006-155759.csv,10.965283333333334
2026-10-06 15:58:29.967,1.0012e-10,Torr,10.back_stm_port,10.back_stm_port/MassSpecData-02115-20261006-155759.csv,10.96875
2026-10-06 15:58:30.175,9.5181e-11,Torr,10.back_stm_port,10.back_stm_port/MassSpecData-02115-20261006-155759.csv,10.972216666666666
2026-10-06 15:58:30.384,7.9572e-11,Torr,10.back_stm_port,10.back_stm_port/MassSpecData-02115-20261006-155759.csv,10.9757
2026-10-06 15:58:30.592,7.6806e-11,Torr,10.back_stm_port,10.back_stm_port/MassSpecData-02115-20261006-155759.csv,10.979166666666666
2026-10-06 15:58:30.800,9.8558e-11,Torr,10.back_stm_port,10.back_stm_port/MassSpecData-02115-20261006-155759.csv,10.982633333333332
2026-10-06 15:58:31.009,7.4179e-11,Torr,10.back_stm_port,10.back_stm_port/MassSpecData-02115-20261006-155759.csv,10.986116666666668
2026-10-06 15:58:31.217,9.7474e-11,Torr,10.back_stm_port,10.back_stm_port/MassSpecData-02115-20261006-155759.csv,10.989583333333334
2026-10-06 15:58:31.425,6.9375e-11,Torr,10.back_stm_port,10.back_stm_port/MassSpecData-02115-20261006-155759.csv,10.99305
2026-10-06 15:58:31.634,7.7516e-11,Torr,10.back_stm_port,10.back_stm_port/MassSpecData-02115-20261006-155759.csv,10.996533333333334
2026-10-06 15:58:31.842,8.554e-11,Torr,10.back_stm_port,10.back_stm_port/MassSpecData-02115-20261006-155759.csv,11.0
2026-10-06 15:58:32.050,8.761e-11,Torr,10.back_stm_port,10.back_stm_port/MassSpecData-02115-20261006-155759.csv,11.003466666666666
2026-10-06 15:58:32.259,8.1724e-11,Torr,10.back_stm_port,10.back_stm_port/MassSpecData-02115-20261006-155759.csv,11.00695
2026-10-06 15:58:32.467,8.689e-11,Torr,10.back_stm_port,10.back_stm_port/MassSpecData-02115-20261006-155759.csv,11.010416666666666
2026-10-06 15:58:32.675,7.99e-11,Torr,10.back_stm_port,10.back_stm_port/MassSpecData-02115-20261006-155759.csv,11.013883333333332
2026-10-06 15:58:32.884,8.7435e-11,Torr,10.back_stm_port,10.back_stm_port/MassSpecData-02115-20261006-155759.csv,11.017366666666668
2026-10-06 15:58:33.092,6.7205e-11,Torr,10.back_stm_port,10.back_stm_port/MassSpecData-02115-20261006-155759.csv,11.020833333333334
2026-10-06 15:58:33.300,8.3386e-11,Torr,10.back_stm_port,10.back_stm_port/MassSpecData-02115-20261006-155759.csv,11.0243
2026-10-06 15:58:33.509,9.7849e-11,Torr,10.back_stm_port,10.back_stm_port/MassSpecData-02115-20261006-155759.csv,11.027783333333334
2026-10-06 15:58:33.717,8.3189e-11,Torr,10.back_stm_port,10.back_stm_port/MassSpecData-02115-20261006-155759.csv,11.03125
2026-10-06 15:58:33.925,9.1965e-11,Torr,10.back_stm_port,10.back_stm_port/MassSpecData-02115-20261006-155759.csv,11.034716666666666
2026-10-06 15:58:34.134,7.9303e-11,Torr,10.back_stm_port,10.back_stm_port/MassSpecData-02115-20261006-155759.csv,11.0382
2026-10-06 15:58:34.342,8.1569e-11,Torr,10.back_stm_port,10.back_stm_port/MassSpecData-02115-20261006-155759.csv,11.041666666666666
2026-10-06 15:58:34.550,9.5901e-11,Torr,10.back_stm_port,10.back_stm_port/MassSpecData-02115-20261006-155759.csv,11.045133333333332
2026-10-06 15:58:34.759,7.3039e-11,Torr,10.back_stm_port,10.back_stm_port/MassSpecData-02115-20261006-155759.csv,11.048616666666668
2026-10-06 15:58:34.967,8.4885e-11,Torr,10.back_stm_port,10.back_stm_port/MassSpecData-02115-20261006-155759.csv,11.052083333333334
2026-10-06 15:58:35.175,9.5969e-11,Torr,10.back_stm_port,10.back_stm_port/MassSpecData-02115-20261006-155759.csv,11.05555
2026-10-06 15:58:35.384,9.174e-11,Torr,10.back_stm_port,10.back_stm_port/MassSpecData-02115-20261006-155759.csv,11.059033333333334
2026-10-06 15:58:35.592,8.9298e-11,Torr,10.back_stm_port,10.back_stm_port/MassSpecData-02115-20261006-155759.csv,11.0625
2026-10-06 15:58:35.800,9.2662e-11,Torr,10.back_stm_port,10.back_stm_port/MassSpecData-02115-20261006-155759.csv,11.065966666666666
2026-10-06 15:58:36.009,8.7631e-11,Torr,10.back_stm_port,10.back_stm_port/MassSpecData-02115-20261006-155759.csv,11.06945
2026-10-06 15:58:36.217,8.7506e-11,Torr,10.back_stm_port,10.back_stm_port/MassSpecData-02115-20261006-155759.csv,11.072916666666666
2026-10-06 15:58:36.425,8.8757e-11,Torr,10.back_stm_port,10.back_stm_port/MassSpecData-02115-20261006-155759.csv,11.076383333333332
2026-10-06 15:58:36.634,7.8634e-11,Torr,10.back_stm_port,10.back_stm_port/MassSpecData-02115-20261006-155759.csv,11.079866666666668
2026-10-06 15:58:36.842,7.7258e-11,Torr,10.back_stm_port,10.back_stm_port/MassSpecData-02115-20261006-155759.csv,11.083333333333334
2026-10-06 15:58:37.051,7.7232e-11,Torr,10.back_stm_port,10.back_stm_port/MassSpecData-02115-20261006-155759.csv,11.086816666666666
2026-10-06 15:58:37.259,9.1251e-11,Torr,10.back_stm_port,10.back_stm_port/MassSpecData-02115-20261006-155759.csv,11.090283333333334
2026-10-06 15:58:37.467,9.0355e-11,Torr,10.back_stm_port,10.back_stm_port/MassSpecData-02115-20261006-155759.csv,11.09375
2026-10-06 15:58:37.676,9.525e-11,Torr,10.back_stm_port,10.back_stm_port/MassSpecData-02115-20261006-155759.csv,11.097233333333332
2026-10-06 15:58:37.884,7.8886e-11,Torr,10.back_stm_port,10.back_stm_port/MassSpecData-02115-20261006-155759.csv,11.1007
2026-10-06 15:58:38.092,9.1179e-11,Torr,10.back_stm_port,10.back_stm_port/MassSpecData-02115-20261006-155759.csv,11.104166666666666
2026-10-06 15:58:38.301,9.5061e-11,Torr,10.back_stm_port,10.back_stm_port/MassSpecData-02115-20261006-155759.csv,11.10765
2026-10-06 15:58:38.509,7.7774e-11,Torr,10.back_stm_port,10.back_stm_port/MassSpecData-02115-20261006-155759.csv,11.111116666666668
2026-10-06 15:58:38.717,1.0675e-10,Torr,10.back_stm_port,10.back_stm_port/MassSpecData-02115-20261006-155759.csv,11.114583333333334
2026-10-06 15:58:38.926,8.1121e-11,Torr,10.back_stm_port,10.back_stm_port/MassSpecData-02115-20261006-155759.csv,11.118066666666666
2026-10-06 15:58:39.134,8.2798e-11,Torr,10.back_stm_port,10.back_stm_port/MassSpecData-02115-20261006-155759.csv,11.121533333333334
2026-10-06 15:58:39.342,8.632e-11,Torr,10.back_stm_port,10.back_stm_port/MassSpecData-02115-20261006-155759.csv,11.125
2026-10-06 15:58:39.551,9.7358e-11,Torr,10.back_stm_port,10.back_stm_port/MassSpecData-02115-20261006-155759.csv,11.128483333333332
2026-10-06 15:58:39.759,7.4321e-11,Torr,10.back_stm_port,10.back_stm_port/MassSpecData-02115-20261006-155759.csv,11.13195
2026-10-06 15:58:39.967,8.6981e-11,Torr,10.back_stm_port,10.back_stm_port/MassSpecData-02115-20261006-155759.csv,11.135416666666666
2026-10-06 15:58:40.176,8.5144e-11,Torr,10.back_stm_port,10.back_stm_port/MassSpecData-02115-20261006-155759.csv,11.1389
2026-10-06 15:58:40.384,7.0804e-11,Torr,10.back_stm_port,10.back_stm_port/MassSpecData-02115-20261006-155759.csv,11.142366666666668
2026-10-06 15:58:40.592,9.0023e-11,Torr,10.back_stm_port,10.back_stm_port/MassSpecData-02115-20261006-155759.csv,11.145833333333334
2026-10-06 15:58:40.871,7.2012e-11,Torr,10.back_stm_port,10.back_stm_port/MassSpecData-02115-20261006-155840.csv,11.150483333333334
2026-10-06 15:58:41.079,8.7047e-11,Torr,10.back_stm_port,10.back_stm_port/MassSpecData-02115-20261006-155840.csv,11.15395
2026-10-06 15:58:41.288,8.3979e-11,Torr,10.back_stm_port,10.back_stm_port/MassSpecData-02115-20261006-155840.csv,11.157433333333334
2026-10-06 15:58:41.496,9.4369e-11,Torr,10.back_stm_port,10.back_stm_port/MassSpecData-02115-20261006-155840.csv,11.1609
2026-10-06 15:58:41.704,7.7556e-11,Torr,10.back_stm_port,10.back_stm_port/MassSpecData-02115-20261006-155840.csv,11.164366666666666
2026-10-06 15:58:41.913,8.5502e-11,Torr,10.back_stm_port,10.back_stm_port/MassSpecData-02115-20261006-155840.csv,11.16785
2026-10-06 15:58:42.121,8.1362e-11,Torr,10.back_stm_port,10.back_stm_port/MassSpecData-02115-20261006-155840.csv,11.171316666666666
2026-10-06 15:58:42.329,7.9799e-11,Torr,10.back_stm_port,10.back_stm_port/MassSpecData-02115-20261006-155840.csv,11.174783333333332
2026-10-06 15:58:42.537,8.3246e-11,Torr,10.back_stm_port,10.back_stm_port/MassSpecData-02115-20261006-155840.csv,11.17825
2026-10-06 15:58:42.746,9.0345e-11,Torr,10.back_stm_port,10.back_stm_port/MassSpecData-02115-20261006-155840.csv,11.181733333333334
2026-10-06 15:58:42.954,7.9531e-11,Torr,10.back_stm_port,10.back_stm_port/MassSpecData-02115-20261006-155840.csv,11.1852
2026-10-06 15:58:43.163,8.8672e-11,Torr,10.back_stm_port,10.back_stm_port/MassSpecData-02115-20261006-155840.csv,11.188683333333334
2026-10-06 15:58:43.371,9.461e-11,Torr,10.back_stm_port,10.back_stm_port/MassSpecData-02115-20261006-155840.csv,11.19215
2026-10-06 15:58:43.579,8.4285e-11,Torr,10.back_stm_port,10.back_stm_port/MassSpecData-02115-20261006-155840.csv,11.195616666666666
2026-10-06 15:58:43.788,8.8075e-11,Torr,10.back_stm_port,10.back_stm_port/MassSpecData-02115-20261006-155840.csv,11.1991
2026-10-06 15:58:43.996,8.3914e-11,Torr,10.back_stm_port,10.back_stm_port/MassSpecData-02115-20261006-155840.csv,11.202566666666666
2026-10-06 15:58:44.204,8.6121e-11,Torr,10.back_stm_port,10.back_stm_port/MassSpecData-02115-20261006-155840.csv,11.206033333333332
2026-10-06 15:58:44.413,8.7001e-11,Torr,10.back_stm_port,10.back_stm_port/MassSpecData-02115-20261006-155840.csv,11.209516666666667
2026-10-06 15:58:44.621,7.489e-11,Torr,10.back_stm_port,10.back_stm_port/MassSpecData-02115-20261006-155840.csv,11.212983333333334
2026-10-06 15:58:44.829,1.0168e-10,Torr,10.back_stm_port,10.back_stm_port/MassSpecData-02115-20261006-155840.csv,11.21645
2026-10-06 15:58:45.038,8.4125e-11,Torr,10.back_stm_port,10.back_stm_port/MassSpecData-02115-20261006-155840.csv,11.219933333333334
2026-10-06 15:58:45.246,8.6914e-11,Torr,10.back_stm_port,10.back_stm_port/MassSpecData-02115-20261006-155840.csv,11.2234
2026-10-06 15:58:45.454,8.0357e-11,Torr,10.back_stm_port,10.back_stm_port/MassSpecData-02115-20261006-155840.csv,11.226866666666666
2026-10-06 15:58:45.663,7.6355e-11,Torr,10.back_stm_port,10.back_stm_port/MassSpecData-02115-20261006-155840.csv,11.23035
2026-10-06 15:58:45.871,9.4661e-11,Torr,10.back_stm_port,10.back_stm_port/MassSpecData-02115-20261006-155840.csv,11.233816666666666
2026-10-06 15:58:46.079,7.9948e-11,Torr,10.back_stm_port,10.back_stm_port/MassSpecData-02115-20261006-155840.csv,11.237283333333332
2026-10-06 15:58:46.287,7.5574e-11,Torr,10.back_stm_port,10.back_stm_port/MassSpecData-02115-20261006-155840.csv,11.24075
2026-10-06 15:58:46.496,8.5979e-11,Torr,10.back_stm_port,10.back_stm_port/MassSpecData-02115-20261006-155840.csv,11.244233333333334
2026-10-06 15:58:46.704,7.9262e-11,Torr,10.back_stm_port,10.back_stm_port/MassSpecData-02115-20261006-155840.csv,11.2477
2026-10-06 15:58:46.912,8.2052e-11,Torr,10.back_stm_port,10.back_stm_port/MassSpecData-02115-20261006-155840.csv,11.251166666666668
2026-10-06 15:58:47.121,8.6443e-11,Torr,10.back_stm_port,10.back_stm_port/MassSpecData-02115-20261006-155840.csv,11.25465
2026-10-06 15:58:47.329,7.4563e-11,Torr,10.back_stm_port,10.back_stm_port/MassSpecData-02115-20261006-155840.csv,11.258116666666666
2026-10-06 15:58:47.537,8.2451e-11,Torr,10.back_stm_port,10.back_stm_port/MassSpecData-02115-20261006-155840.csv,11.261583333333334
2026-10-06 15:58:47.746,8.3173e-11,Torr,10.back_stm_port,10.back_stm_port/MassSpecData-02115-20261006-155840.csv,11.265066666666666
2026-10-06 15:58:47.954,8.3054e-11,Torr,10.back_stm_port,10.back_stm_port/MassSpecData-02115-20261006-155840.csv,11.268533333333332
2026-10-06 15:58:48.162,9.6106e-11,Torr,10.back_stm_port,10.back_stm_port/MassSpecData-02115-20261006-155840.csv,11.272
2026-10-06 15:58:48.371,9.9964e-11,Torr,10.back_stm_port,10.back_stm_port/MassSpecData-02115-20261006-155840.csv,11.275483333333334
2026-10-06 15:58:48.579,9.5427e-11,Torr,10.back_stm_port,10.back_stm_port/MassSpecData-02115-20261006-155840.csv,11.27895
2026-10-06 15:58:48.787,9.3093e-11,Torr,10.back_stm_port,10.back_stm_port/MassSpecData-02115-20261006-155840.csv,11.282416666666668
2026-10-06 15:58:48.996,9.1521e-11,Torr,10.back_stm_port,10.back_stm_port/MassSpecData-02115-20261006-155840.csv,11.2859
2026-10-06 15:58:49.204,8.4502e-11,Torr,10.back_stm_port,10.back_stm_port/MassSpecData-02115-20261006-155840.csv,11.289366666666666
2026-10-06 15:58:49.412,9.3123e-11,Torr,10.back_stm_port,10.back_stm_port/MassSpecData-02115-20261006-155840.csv,11.292833333333334
2026-10-06 15:58:49.621,8.4688e-11,Torr,10.back_stm_port,10.back_stm_port/MassSpecData-02115-20261006-155840.csv,11.296316666666666
2026-10-06 15:58:49.829,9.1028e-11,Torr,10.back_stm_port,10.back_stm_port/MassSpecData-02115-20261006-155840.csv,11.299783333333332
2026-10-06 15:58:50.038,1.0254e-10,Torr,10.back_stm_port,10.back_stm_port/MassSpecData-02115-20261006-155840.csv,11.303266666666667
2026-10-06 15:58:50.246,9.4319e-11,Torr,10.back_stm_port,10.back_stm_port/MassSpecData-02115-20261006-155840.csv,11.306733333333334
2026-10-06 15:58:50.454,8.0433e-11,Torr,10.back_stm_port,10.back_stm_port/MassSpecData-02115-20261006-155840.csv,11.3102
2026-10-06 15:58:50.663,7.4453e-11,Torr,10.back_stm_port,10.back_stm_port/MassSpecData-02115-20261006-155840.csv,11.313683333333334
2026-10-06 15:58:50.871,8.3208e-11,Torr,10.back_stm_port,10.back_stm_port/MassSpecData-02115-20261006-155840.csv,11.31715
2026-10-06 15:58:51.079,9.1452e-11,Torr,10.back_stm_port,10.back_stm_port/MassSpecData-02115-20261006-155840.csv,11.320616666666666
2026-10-06 15:58:51.288,8.6673e-11,Torr,10.back_stm_port,10.back_stm_port/MassSpecData-02115-20261006-155840.csv,11.3241
2026-10-06 15:58:51.496,8.929e-11,Torr,10.back_stm_port,10.back_stm_port/MassSpecData-02115-20261006-155840.csv,11.327566666666666
2026-10-06 15:58:51.704,7.4822e-11,Torr,10.back_stm_port,10.back_stm_port/MassSpecData-02115-20261006-155840.csv,11.331033333333332
2026-10-06 15:58:51.913,7.9405e-11,Torr,10.back_stm_port,10.back_stm_port/MassSpecData-02115-20261006-155840.csv,11.334516666666667
2026-10-06 15:58:52.121,9.7302e-11,Torr,10.back_stm_port,10.back_stm_port/MassSpecData-02115-20261006-155840.csv,11.337983333333334
2026-10-06 15:58:52.329,8.5626e-11,Torr,10.back_stm_port,10.back_stm_port/MassSpecData-02115-20261006-155840.csv,11.34145
2026-10-06 15:58:52.538,8.6727e-11,Torr,10.back_stm_port,10.back_stm_port/MassSpecData-02115-20261006-155840.csv,11.344933333333334
2026-10-06 15:58:52.746,8.5482e-11,Torr,10.back_stm_port,10.back_stm_port/MassSpecData-02115-20261006-155840.csv,11.3484
2026-10-06 15:58:52.954,8.6433e-11,Torr,10.back_stm_port,10.back_stm_port/MassSpecData-02115-20261006-155840.csv,11.351866666666666
2026-10-06 15:58:53.163,8.7473e-11,Torr,10.back_stm_port,10.back_stm_port/MassSpecData-02115-20261006-155840.csv,11.35535
2026-10-06 15:58:53.371,9.036e-11,Torr,10.back_stm_port,10.back_stm_port/MassSpecData-02115-20261006-155840.csv,11.358816666666666
2026-10-06 15:58:53.579,9.12e-11,Torr,10.back_stm_port,10.back_stm_port/MassSpecData-02115-20261006-155840.csv,11.362283333333332
2026-10-06 15:58:53.788,7.6114e-11,Torr,10.back_stm_port,10.back_stm_port/MassSpecData-02115-20261006-155840.csv,11.365766666666667
2026-10-06 15:58:53.996,9.6992e-11,Torr,10.back_stm_port,10.back_stm_port/MassSpecData-02115-20261006-155840.csv,11.369233333333334
2026-10-06 15:58:54.204,8.7043e-11,Torr,10.back_stm_port,10.back_stm_port/MassSpecData-02115-20261006-155840.csv,11.3727
2026-10-06 15:58:54.413,8.1962e-11,Torr,10.back_stm_port,10.back_stm_port/MassSpecData-02115-20261006-155840.csv,11.376183333333334
2026-10-06 15:58:54.621,7.7032e-11,Torr,10.back_stm_port,10.back_stm_port/MassSpecData-02115-20261006-155840.csv,11.37965
2026-10-06 15:58:54.829,7.5467e-11,Torr,10.back_stm_port,10.back_stm_port/MassSpecData-02115-20261006-155840.csv,11.383116666666666
2026-10-06 15:58:55.038,9.6278e-11,Torr,10.back_stm_port,10.back_stm_port/MassSpecData-02115-20261006-155840.csv,11.3866
2026-10-06 15:58:55.246,8.2139e-11,Torr,10.back_stm_port,10.back_stm_port/MassSpecData-02115-20261006-155840.csv,11.390066666666666
2026-10-06 15:58:55.454,8.265e-11,Torr,10.back_stm_port,10.back_stm_port/MassSpecData-02115-20261006-155840.csv,11.393533333333332
2026-10-06 15:58:55.663,1.0059e-10,Torr,10.back_stm_port,10.back_stm_port/MassSpecData-02115-20261006-155840.csv,11.397016666666667
2026-10-06 15:58:55.871,7.9785e-11,Torr,10.back_stm_port,10.back_stm_port/MassSpecData-02115-20261006-155840.csv,11.400483333333334
2026-10-06 15:58:56.079,8.0179e-11,Torr,10.back_stm_port,10.back_stm_port/MassSpecData-02115-20261006-155840.csv,11.40395
2026-10-06 15:58:56.288,8.9452e-11,Torr,10.back_stm_port,10.back_stm_port/MassSpecData-02115-20261006-155840.csv,11.407433333333334
2026-10-06 15:58:56.496,7.4445e-11,Torr,10.back_stm_port,10.back_stm_port/MassSpecData-02115-20261006-155840.csv,11.4109
2026-10-06 15:58:56.704,9.4374e-11,Torr,10.back_stm_port,10.back_stm_port/MassSpecData-02115-20261006-155840.csv,11.414366666666666
2026-10-06 15:58:56.913,8.6893e-11,Torr,10.back_stm_port,10.back_stm_port/MassSpecData-02115-20261006-155840.csv,11.41785
2026-10-06 15:58:57.121,8.6686e-11,Torr,10.back_stm_port,10.back_stm_port/MassSpecData-02115-20261006-155840.csv,11.421316666666666
2026-10-06 15:58:57.329,8.7869e-11,Torr,10.back_stm_port,10.back_stm_port/MassSpecData-02115-20261006-155840.csv,11.424783333333332
2026-10-06 15:58:57.538,7.9423e-11,Torr,10.back_stm_port,10.back_stm_port/MassSpecData-02115-20261006-155840.csv,11.428266666666667
2026-10-06 15:58:57.746,8.2261e-11,Torr,10.back_stm_port,10.back_stm_port/MassSpecData-02115-20261006-155840.csv,11.431733333333334
2026-10-06 15:58:57.954,7.4466e-11,Torr,10.back_stm_port,10.back_stm_port/MassSpecData-02115-20261006-155840.csv,11.4352
2026-10-06 15:58:58.163,8.321e-11,Torr,10.back_stm_port,10.back_stm_port/MassSpecData-02115-20261006-155840.csv,11.438683333333334
2026-10-06 15:58:58.371,8.0006e-11,Torr,10.back_stm_port,10.back_stm_port/MassSpecData-02115-20261006-155840.csv,11.44215
2026-10-06 15:58:58.579,8.8262e-11,Torr,10.back_stm_port,10.back_stm_port/MassSpecData-02115-20261006-155840.csv,11.445616666666666
2026-10-06 15:58:58.788,9.2209e-11,Torr,10.back_stm_port,10.back_stm_port/MassSpecData-02115-20261006-155840.csv,11.4491
2026-10-06 15:58:58.996,7.498e-11,Torr,10.back_stm_port,10.back_stm_port/MassSpecData-02115-20261006-155840.csv,11.452566666666666
2026-10-06 15:58:59.204,8.9824e-11,Torr,10.back_stm_port,10.back_stm_port/MassSpecData-02115-20261006-155840.csv,11.456033333333332
2026-10-06 15:58:59.413,7.0401e-11,Torr,10.back_stm_port,10.back_stm_port/MassSpecData-02115-20261006-155840.csv,11.459516666666667
2026-10-06 15:58:59.621,9.3442e-11,Torr,10.back_stm_port,10.back_stm_port/MassSpecData-02115-20261006-155840.csv,11.462983333333334
2026-10-06 15:58:59.829,9.9075e-11,Torr,10.back_stm_port,10.back_stm_port/MassSpecData-02115-20261006-155840.csv,11.46645
2026-10-06 15:59:00.038,8.4699e-11,Torr,10.back_stm_port,10.back_stm_port/MassSpecData-02115-20261006-155840.csv,11.469933333333334
2026-10-06 15:59:00.246,7.6531e-11,Torr,10.back_stm_port,10.back_stm_port/MassSpecData-02115-20261006-155840.csv,11.4734
2026-10-06 15:59:00.454,9.227e-11,Torr,10.back_stm_port,10.back_stm_port/MassSpecData-02115-20261006-155840.csv,11.476866666666666
2026-10-06 15:59:00.662,8.6878e-11,Torr,10.back_stm_port,10.back_stm_port/MassSpecData-02115-20261006-155840.csv,11.480333333333334
2026-10-06 15:59:00.871,9.0165e-11,Torr,10.back_stm_port,10.back_stm_port/MassSpecData-02115-20261006-155840.csv,11.483816666666666
2026-10-06 15:59:01.079,9.6383e-11,Torr,10.back_stm_port,10.back_stm_port/MassSpecData-02115-20261006-155840.csv,11.487283333333332
2026-10-06 15:59:01.287,8.9594e-11,Torr,10.back_stm_port,10.back_stm_port/MassSpecData-02115-20261006-155840.csv,11.49075
2026-10-06 15:59:01.496,8.6025e-11,Torr,10.back_stm_port,10.back_stm_port/MassSpecData-02115-20261006-155840.csv,11.494233333333334
2026-10-06 15:59:01.704,7.874e-11,Torr,10.back_stm_port,10.back_stm_port/MassSpecData-02115-20261006-155840.csv,11.4977
2026-10-06 15:59:01.912,7.2585e-11,Torr,10.back_stm_port,10.back_stm_port/MassSpecData-02115-20261006-155840.csv,11.501166666666668
2026-10-06 15:59:02.121,7.7681e-11,Torr,10.back_stm_port,10.back_stm_port/MassSpecData-02115-20261006-155840.csv,11.50465
2026-10-06 15:59:02.329,8.7028e-11,Torr,10.back_stm_port,10.back_stm_port/MassSpecData-02115-20261006-155840.csv,11.508116666666666
2026-10-06 15:59:02.537,8.398e-11,Torr,10.back_stm_port,10.back_stm_port/MassSpecData-02115-20261006-155840.csv,11.511583333333334
2026-10-06 15:59:02.746,7.7988e-11,Torr,10.back_stm_port,10.back_stm_port/MassSpecData-02115-20261006-155840.csv,11.515066666666666
2026-10-06 15:59:02.954,8.0797e-11,Torr,10.back_stm_port,10.back_stm_port/MassSpecData-02115-20261006-155840.csv,11.518533333333332
2026-10-06 15:59:03.162,8.0974e-11,Torr,10.back_stm_port,10.back_stm_port/MassSpecData-02115-20261006-155840.csv,11.522
2026-10-06 15:59:03.371,8.5281e-11,Torr,10.back_stm_port,10.back_stm_port/MassSpecData-02115-20261006-155840.csv,11.525483333333334
2026-10-06 15:59:03.579,9.3122e-11,Torr,10.back_stm_port,10.back_stm_port/MassSpecData-02115-20261006-155840.csv,11.52895
2026-10-06 15:59:03.787,9.4724e-11,Torr,10.back_stm_port,10.back_stm_port/MassSpecData-02115-20261006-155840.csv,11.532416666666668
2026-10-06 15:59:03.996,8.5307e-11,Torr,10.back_stm_port,10.back_stm_port/MassSpecData-02115-20261006-155840.csv,11.5359
2026-10-06 15:59:04.204,8.7688e-11,Torr,10.back_stm_port,10.back_stm_port/MassSpecData-02115-20261006-155840.csv,11.539366666666666
2026-10-06 15:59:04.412,8.7569e-11,Torr,10.back_stm_port,10.back_stm_port/MassSpecData-02115-20261006-155840.csv,11.542833333333334
2026-10-06 15:59:04.621,1.0022e-10,Torr,10.back_stm_port,10.back_stm_port/MassSpecData-02115-20261006-155840.csv,11.546316666666666
2026-10-06 15:59:04.829,7.5797e-11,Torr,10.back_stm_port,10.back_stm_port/MassSpecData-02115-20261006-155840.csv,11.549783333333332
2026-10-06 15:59:05.037,7.8877e-11,Torr,10.back_stm_port,10.back_stm_port/MassSpecData-02115-20261006-155840.csv,11.55325
2026-10-06 15:59:05.246,7.2953e-11,Torr,10.back_stm_port,10.back_stm_port/MassSpecData-02115-20261006-155840.csv,11.556733333333334
2026-10-06 15:59:05.454,9.0644e-11,Torr,10.back_stm_port,10.back_stm_port/MassSpecData-02115-20261006-155840.csv,11.5602
2026-10-06 15:59:05.662,7.866e-11,Torr,10.back_stm_port,10.back_stm_port/MassSpecData-02115-20261006-155840.csv,11.563666666666668
2026-10-06 15:59:05.871,8.8776e-11,Torr,10.back_stm_port,10.back_stm_port/MassSpecData-02115-20261006-155840.csv,11.56715
2026-10-06 15:59:06.079,8.7684e-11,Torr,10.back_stm_port,10.back_stm_port/MassSpecData-02115-20261006-155840.csv,11.570616666666666
2026-10-06 15:59:06.287,8.8501e-11,Torr,10.back_stm_port,10.back_stm_port/MassSpecData-02115-20261006-155840.csv,11.574083333333334
2026-10-06 15:59:06.496,7.8393e-11,Torr,10.back_stm_port,10.back_stm_port/MassSpecData-02115-20261006-155840.csv,11.577566666666666
2026-10-06 15:59:06.704,8.0142e-11,Torr,10.back_stm_port,10.back_stm_port/MassSpecData-02115-20261006-155840.csv,11.581033333333332
2026-10-06 15:59:06.912,7.1544e-11,Torr,10.back_stm_port,10.back_stm_port/MassSpecData-02115-20261006-155840.csv,11.5845
2026-10-06 15:59:07.121,9.3168e-11,Torr,10.back_stm_port,10.back_stm_port/MassSpecData-02115-20261006-155840.csv,11.587983333333334
2026-10-06 15:59:07.329,9.4271e-11,Torr,10.back_stm_port,10.back_stm_port/MassSpecData-02115-20261006-155840.csv,11.59145
2026-10-06 15:59:07.537,9.4361e-11,Torr,10.back_stm_port,10.back_stm_port/MassSpecData-02115-20261006-155840.csv,11.594916666666668
2026-10-06 15:59:07.746,8.7906e-11,Torr,10.back_stm_port,10.back_stm_port/MassSpecData-02115-20261006-155840.csv,11.5984
2026-10-06 15:59:07.954,8.0639e-11,Torr,10.back_stm_port,10.back_stm_port/MassSpecData-02115-20261006-155840.csv,11.601866666666666
2026-10-06 15:59:08.162,8.8967e-11,Torr,10.back_stm_port,10.back_stm_port/MassSpecData-02115-20261006-155840.csv,11.605333333333334
2026-10-06 15:59:08.371,9.1594e-11,Torr,10.back_stm_port,10.back_stm_port/MassSpecData-02115-20261006-155840.csv,11.608816666666666
2026-10-06 15:59:08.579,7.9034e-11,Torr,10.back_stm_port,10.back_stm_port/MassSpecData-02115-20261006-155840.csv,11.612283333333332
2026-10-06 15:59:08.787,7.6874e-11,Torr,10.back_stm_port,10.back_stm_port/MassSpecData-02115-20261006-155840.csv,11.61575
2026-10-06 15:59:08.996,8.005e-11,Torr,10.back_stm_port,10.back_stm_port/MassSpecData-02115-20261006-155840.csv,11.619233333333334
2026-10-06 15:59:09.204,7.8255e-11,Torr,10.back_stm_port,10.back_stm_port/MassSpecData-02115-20261006-155840.csv,11.6227
2026-10-06 15:59:09.412,9.9459e-11,Torr,10.back_stm_port,10.back_stm_port/MassSpecData-02115-20261006-155840.csv,11.626166666666668
2026-10-06 15:59:09.621,8.0702e-11,Torr,10.back_stm_port,10.back_stm_port/MassSpecData-02115-20261006-155840.csv,11.62965
2026-10-06 15:59:09.829,7.6084e-11,Torr,10.back_stm_port,10.back_stm_port/MassSpecData-02115-20261006-155840.csv,11.633116666666666
2026-10-06 15:59:10.037,8.1082e-11,Torr,10.back_stm_port,10.back_stm_port/MassSpecData-02115-20261006-155840.csv,11.636583333333334
2026-10-06 15:59:10.246,8.4899e-11,Torr,10.back_stm_port,10.back_stm_port/MassSpecData-02115-20261006-155840.csv,11.640066666666666
2026-10-06 15:59:10.454,7.1616e-11,Torr,10.back_stm_port,10.back_stm_port/MassSpecData-02115-20261006-155840.csv,11.643533333333332
2026-10-06 15:59:10.662,9.1158e-11,Torr,10.back_stm_port,10.back_stm_port/MassSpecData-02115-20261006-155840.csv,11.647
2026-10-06 15:59:10.871,9.1204e-11,Torr,10.back_stm_port,10.back_stm_port/MassSpecData-02115-20261006-155840.csv,11.650483333333334
2026-10-06 15:59:11.079,9.9518e-11,Torr,10.back_stm_port,10.back_stm_port/MassSpecData-02115-20261006-155840.csv,11.65395
2026-10-06 15:59:11.287,9.2722e-11,Torr,10.back_stm_port,10.back_stm_port/MassSpecData-02115-20261006-155840.csv,11.657416666666668
2026-10-06 15:59:11.496,9.2617e-11,Torr,10.back_stm_port,10.back_stm_port/MassSpecData-02115-20261006-155840.csv,11.6609
2026-10-06 15:59:11.704,8.594e-11,Torr,10.back_stm_port,10.back_stm_port/MassSpecData-02115-20261006-155840.csv,11.664366666666666
2026-10-06 15:59:11.912,8.9891e-11,Torr,10.back_stm_port,10.back_stm_port/MassSpecData-02115-20261006-155840.csv,11.667833333333334
2026-10-06 15:59:12.121,8.0001e-11,Torr,10.back_stm_port,10.back_stm_port/MassSpecData-02115-20261006-155840.csv,11.671316666666666
2026-10-06 15:59:12.329,8.1311e-11,Torr,10.back_stm_port,10.back_stm_port/MassSpecData-02115-20261006-155840.csv,11.674783333333332
2026-10-06 15:59:12.537,8.4188e-11,Torr,10.back_stm_port,10.back_stm_port/MassSpecData-02115-20261006-155840.csv,11.67825
2026-10-06 15:59:12.746,8.8708e-11,Torr,10.back_stm_port,10.back_stm_port/MassSpecData-02115-20261006-155840.csv,11.681733333333334
2026-10-06 15:59:12.954,8.6193e-11,Torr,10.back_stm_port,10.back_stm_port/MassSpecData-02115-20261006-155840.csv,11.6852
2026-10-06 15:59:13.162,8.6694e-11,Torr,10.back_stm_port,10.back_stm_port/MassSpecData-02115-20261006-155840.csv,11.688666666666668
2026-10-06 15:59:13.371,7.9874e-11,Torr,10.back_stm_port,10.back_stm_port/MassSpecData-02115-20261006-155840.csv,11.69215
2026-10-06 15:59:13.579,7.3285e-11,Torr,10.back_stm_port,10.back_stm_port/MassSpecData-02115-20261006-155840.csv,11.695616666666666
2026-10-06 15:59:13.787,9.7471e-11,Torr,10.back_stm_port,10.back_stm_port/MassSpecData-02115-20261006-155840.csv,11.699083333333334
2026-10-06 15:59:13.996,9.0457e-11,Torr,10.back_stm_port,10.back_stm_port/MassSpecData-02115-20261006-155840.csv,11.702566666666666
2026-10-06 15:59:14.204,8.0054e-11,Torr,10.back_stm_port,10.back_stm_port/MassSpecData-02115-20261006-155840.csv,11.706033333333332
2026-10-06 15:59:14.412,8.5018e-11,Torr,10.back_stm_port,10.back_stm_port/MassSpecData-02115-20261006-155840.csv,11.7095
2026-10-06 15:59:14.621,8.3188e-11,Torr,10.back_stm_port,10.back_stm_port/MassSpecData-02115-20261006-155840.csv,11.712983333333334
2026-10-06 15:59:14.829,8.1804e-11,Torr,10.back_stm_port,10.back_stm_port/MassSpecData-02115-20261006-155840.csv,11.71645
2026-10-06 15:59:15.037,9.1533e-11,Torr,10.back_stm_port,10.back_stm_port/MassSpecData-02115-20261006-155840.csv,11.719916666666668
2026-10-06 15:59:15.246,8.1939e-11,Torr,10.back_stm_port,10.back_stm_port/MassSpecData-02115-20261006-155840.csv,11.7234
2026-10-06 15:59:15.454,8.8028e-11,Torr,10.back_stm_port,10.back_stm_port/MassSpecData-02115-20261006-155840.csv,11.726866666666666
2026-10-06 15:59:15.662,9.269e-11,Torr,10.back_stm_port,10.back_stm_port/MassSpecData-02115-20261006-155840.csv,11.730333333333334
2026-10-06 15:59:15.871,8.6872e-11,Torr,10.back_stm_port,10.back_stm_port/MassSpecData-02115-20261006-155840.csv,11.733816666666666
2026-10-06 15:59:16.079,8.6949e-11,Torr,10.back_stm_port,10.back_stm_port/MassSpecData-02115-20261006-155840.csv,11.737283333333332
2026-10-06 15:59:16.287,7.6529e-11,Torr,10.back_stm_port,10.back_stm_port/MassSpecData-02115-20261006-155840.csv,11.74075
2026-10-06 15:59:16.496,9.5339e-11,Torr,10.back_stm_port,10.back_stm_port/MassSpecData-02115-20261006-155840.csv,11.744233333333334
2026-10-06 15:59:16.704,8.2122e-11,Torr,10.back_stm_port,10.back_stm_port/MassSpecData-02115-20261006-155840.csv,11.7477
2026-10-06 15:59:16.912,8.2308e-11,Torr,10.back_stm_port,10.back_stm_port/MassSpecData-02115-20261006-155840.csv,11.751166666666668
2026-10-06 15:59:17.121,7.9175e-11,Torr,10.back_stm_port,10.back_stm_port/MassSpecData-02115-20261006-155840.csv,11.75465
2026-10-06 15:59:17.329,8.3602e-11,Torr,10.back_stm_port,10.back_stm_port/MassSpecData-02115-20261006-155840.csv,11.758116666666666
2026-10-06 15:59:17.537,1.1208e-10,Torr,10.back_stm_port,10.back_stm_port/MassSpecData-02115-20261006-155840.csv,11.761583333333334
2026-10-06 15:59:17.746,7.746e-11,Torr,10.back_stm_port,10.back_stm_port/MassSpecData-02115-20261006-155840.csv,11.765066666666666
2026-10-06 15:59:17.954,8.0744e-11,Torr,10.back_stm_port,10.back_stm_port/MassSpecData-02115-20261006-155840.csv,11.768533333333332
2026-10-06 15:59:18.162,9.1736e-11,Torr,10.back_stm_port,10.back_stm_port/MassSpecData-02115-20261006-155840.csv,11.772
2026-10-06 15:59:18.371,8.9411e-11,Torr,10.back_stm_port,10.back_stm_port/MassSpecData-02115-20261006-155840.csv,11.775483333333334
2026-10-06 15:59:18.579,8.1524e-11,Torr,10.back_stm_port,10.back_stm_port/MassSpecData-02115-20261006-155840.csv,11.77895
2026-10-06 15:59:18.788,8.525e-11,Torr,10.back_stm_port,10.back_stm_port/MassSpecData-02115-20261006-155840.csv,11.782433333333334
2026-10-06 15:59:18.996,7.3165e-11,Torr,10.back_stm_port,10.back_stm_port/MassSpecData-02115-20261006-155840.csv,11.7859
2026-10-06 15:59:19.204,8.2993e-11,Torr,10.back_stm_port,10.back_stm_port/MassSpecData-02115-20261006-155840.csv,11.789366666666666
2026-10-06 15:59:19.413,9.0538e-11,Torr,10.back_stm_port,10.back_stm_port/MassSpecData-02115-20261006-155840.csv,11.79285
2026-10-06 15:59:19.621,8.6749e-11,Torr,10.back_stm_port,10.back_stm_port/MassSpecData-02115-20261006-155840.csv,11.796316666666666
2026-10-06 15:59:19.829,9.5173e-11,Torr,10.back_stm_port,10.back_stm_port/MassSpecData-02115-20261006-155840.csv,11.799783333333332
2026-10-06 15:59:20.038,9.3086e-11,Torr,10.back_stm_port,10.back_stm_port/MassSpecData-02115-20261006-155840.csv,11.803266666666667
2026-10-06 15:59:20.246,7.3761e-11,Torr,10.back_stm_port,10.back_stm_port/MassSpecData-02115-20261006-155840.csv,11.806733333333334
2026-10-06 15:59:20.454,7.4649e-11,Torr,10.back_stm_port,10.back_stm_port/MassSpecData-02115-20261006-155840.csv,11.8102
2026-10-06 15:59:20.663,8.4602e-11,Torr,10.back_stm_port,10.back_stm_port/MassSpecData-02115-20261006-155840.csv,11.813683333333334
2026-10-06 15:59:20.871,9.0857e-11,Torr,10.back_stm_port,10.back_stm_port/MassSpecData-02115-20261006-155840.csv,11.81715
2026-10-06 15:59:21.079,7.1962e-11,Torr,10.back_stm_port,10.back_stm_port/MassSpecData-02115-20261006-155840.csv,11.820616666666666
2026-10-06 15:59:21.288,8.2596e-11,Torr,10.back_stm_port,10.back_stm_port/MassSpecData-02115-20261006-155840.csv,11.8241
2026-10-06 15:59:21.496,9.0697e-11,Torr,10.back_stm_port,10.back_stm_port/MassSpecData-02115-20261006-155840.csv,11.827566666666666
2026-10-06 15:59:21.704,8.4967e-11,Torr,10.back_stm_port,10.back_stm_port/MassSpecData-02115-20261006-155840.csv,11.831033333333332
2026-10-06 15:59:21.913,1.1044e-10,Torr,10.back_stm_port,10.back_stm_port/MassSpecData-02115-20261006-155840.csv,11.834516666666667
2026-10-06 15:59:22.121,8.9597e-11,Torr,10.back_stm_port,10.back_stm_port/MassSpecData-02115-20261006-155840.csv,11.837983333333334
2026-10-06 15:59:22.329,8.2733e-11,Torr,10.back_stm_port,10.back_stm_port/MassSpecData-02115-20261006-155840.csv,11.84145
2026-10-06 15:59:22.668,7.6193e-11,Torr,10.back_stm_port,10.back_stm_port/MassSpecData-02115-20261006-155922.csv,11.847100000000001
2026-10-06 15:59:22.876,9.1285e-11,Torr,10.back_stm_port,10.back_stm_port/MassSpecData-02115-20261006-155922.csv,11.850566666666667
2026-10-06 15:59:23.085,8.7002e-11,Torr,10.back_stm_port,10.back_stm_port/MassSpecData-02115-20261006-155922.csv,11.85405
2026-10-06 15:59:23.293,8.6545e-11,Torr,10.back_stm_port,10.back_stm_port/MassSpecData-02115-20261006-155922.csv,11.857516666666667
2026-10-06 15:59:23.501,9.4813e-11,Torr,10.back_stm_port,10.back_stm_port/MassSpecData-02115-20261006-155922.csv,11.860983333333333
2026-10-06 15:59:23.710,8.3849e-11,Torr,10.back_stm_port,10.back_stm_port/MassSpecData-02115-20261006-155922.csv,11.864466666666667
2026-10-06 15:59:23.918,8.6156e-11,Torr,10.back_stm_port,10.back_stm_port/MassSpecData-02115-20261006-155922.csv,11.867933333333333
2026-10-06 15:59:24.126,9.1864e-11,Torr,10.back_stm_port,10.back_stm_port/MassSpecData-02115-20261006-155922.csv,11.8714
2026-10-06 15:59:24.334,7.5177e-11,Torr,10.back_stm_port,10.back_stm_port/MassSpecData-02115-20261006-155922.csv,11.874866666666666
2026-10-06 15:59:24.543,7.1411e-11,Torr,10.back_stm_port,10.back_stm_port/MassSpecData-02115-20261006-155922.csv,11.878350000000001
2026-10-06 15:59:24.751,9.0977e-11,Torr,10.back_stm_port,10.back_stm_port/MassSpecData-02115-20261006-155922.csv,11.881816666666667
2026-10-06 15:59:24.960,9.0772e-11,Torr,10.back_stm_port,10.back_stm_port/MassSpecData-02115-20261006-155922.csv,11.8853
2026-10-06 15:59:25.168,8.6679e-11,Torr,10.back_stm_port,10.back_stm_port/MassSpecData-02115-20261006-155922.csv,11.888766666666667
2026-10-06 15:59:25.376,8.4443e-11,Torr,10.back_stm_port,10.back_stm_port/MassSpecData-02115-20261006-155922.csv,11.892233333333333
2026-10-06 15:59:25.585,8.7268e-11,Torr,10.back_stm_port,10.back_stm_port/MassSpecData-02115-20261006-155922.csv,11.895716666666667
2026-10-06 15:59:25.793,8.7467e-11,Torr,10.back_stm_port,10.back_stm_port/MassSpecData-02115-20261006-155922.csv,11.899183333333333
2026-10-06 15:59:26.001,8.6031e-11,Torr,10.back_stm_port,10.back_stm_port/MassSpecData-02115-20261006-155922.csv,11.90265
2026-10-06 15:59:26.210,7.3756e-11,Torr,10.back_stm_port,10.back_stm_port/MassSpecData-02115-20261006-155922.csv,11.906133333333335
2026-10-06 15:59:26.418,8.7353e-11,Torr,10.back_stm_port,10.back_stm_port/MassSpecData-02115-20261006-155922.csv,11.909600000000001
2026-10-06 15:59:26.626,8.5444e-11,Torr,10.back_stm_port,10.back_stm_port/MassSpecData-02115-20261006-155922.csv,11.913066666666667
2026-10-06 15:59:26.835,8.2812e-11,Torr,10.back_stm_port,10.back_stm_port/MassSpecData-02115-20261006-155922.csv,11.91655
2026-10-06 15:59:27.043,9.548e-11,Torr,10.back_stm_port,10.back_stm_port/MassSpecData-02115-20261006-155922.csv,11.920016666666667
2026-10-06 15:59:27.251,1.0009e-10,Torr,10.back_stm_port,10.back_stm_port/MassSpecData-02115-20261006-155922.csv,11.923483333333333
2026-10-06 15:59:27.460,8.2692e-11,Torr,10.back_stm_port,10.back_stm_port/MassSpecData-02115-20261006-155922.csv,11.926966666666667
2026-10-06 15:59:27.668,9.6472e-11,Torr,10.back_stm_port,10.back_stm_port/MassSpecData-02115-20261006-155922.csv,11.930433333333333
2026-10-06 15:59:27.876,9.7982e-11,Torr,10.back_stm_port,10.back_stm_port/MassSpecData-02115-20261006-155922.csv,11.9339
2026-10-06 15:59:28.084,7.346e-11,Torr,10.back_stm_port,10.back_stm_port/MassSpecData-02115-20261006-155922.csv,11.937366666666666
2026-10-06 15:59:28.293,8.9995e-11,Torr,10.back_stm_port,10.back_stm_port/MassSpecData-02115-20261006-155922.csv,11.940850000000001
2026-10-06 15:59:28.501,9.4307e-11,Torr,10.back_stm_port,10.back_stm_port/MassSpecData-02115-20261006-155922.csv,11.944316666666667
2026-10-06 15:59:28.709,8.5977e-11,Torr,10.back_stm_port,10.back_stm_port/MassSpecData-02115-20261006-155922.csv,11.947783333333332
2026-10-06 15:59:28.918,8.6063e-11,Torr,10.back_stm_port,10.back_stm_port/MassSpecData-02115-20261006-155922.csv,11.951266666666667
2026-10-06 15:59:29.126,9.1905e-11,Torr,10.back_stm_port,10.back_stm_port/MassSpecData-02115-20261006-155922.csv,11.954733333333333
2026-10-06 15:59:29.334,8.0072e-11,Torr,10.back_stm_port,10.back_stm_port/MassSpecData-02115-20261006-155922.csv,11.9582
2026-10-06 15:59:29.543,8.9626e-11,Torr,10.back_stm_port,10.back_stm_port/MassSpecData-02115-20261006-155922.csv,11.961683333333333
2026-10-06 15:59:29.751,9.0279e-11,Torr,10.back_stm_port,10.back_stm_port/MassSpecData-02115-20261006-155922.csv,11.96515
2026-10-06 15:59:29.959,9.2561e-11,Torr,10.back_stm_port,10.back_stm_port/MassSpecData-02115-20261006-155922.csv,11.968616666666666
2026-10-06 15:59:30.168,7.896e-11,Torr,10.back_stm_port,10.back_stm_port/MassSpecData-02115-20261006-155922.csv,11.972100000000001
2026-10-06 15:59:30.376,9.969e-11,Torr,10.back_stm_port,10.back_stm_port/MassSpecData-02115-20261006-155922.csv,11.975566666666667
2026-10-06 15:59:30.584,9.1622e-11,Torr,10.back_stm_port,10.back_stm_port/MassSpecData-02115-20261006-155922.csv,11.979033333333332
2026-10-06 15:59:30.793,9.4275e-11,Torr,10.back_stm_port,10.back_stm_port/MassSpecData-02115-20261006-155922.csv,11.982516666666667
2026-10-06 15:59:31.001,8.1949e-11,Torr,10.back_stm_port,10.back_stm_port/MassSpecData-02115-20261006-155922.csv,11.985983333333333
2026-10-06 15:59:31.209,8.6945e-11,Torr,10.back_stm_port,10.back_stm_port/MassSpecData-02115-20261006-155922.csv,11.98945
2026-10-06 15:59:31.418,9.2924e-11,Torr,10.back_stm_port,10.back_stm_port/MassSpecData-02115-20261006-155922.csv,11.992933333333333
2026-10-06 15:59:31.626,8.5656e-11,Torr,10.back_stm_port,10.back_stm_port/MassSpecData-02115-20261006-155922.csv,11.9964
2026-10-06 15:59:31.835,7.271e-11,Torr,10.back_stm_port,10.back_stm_port/MassSpecData-02115-20261006-155922.csv,11.999883333333335
2026-10-06 15:59:32.043,7.8293e-11,Torr,10.back_stm_port,10.back_stm_port/MassSpecData-02115-20261006-155922.csv,12.003350000000001
2026-10-06 15:59:32.251,9.1102e-11,Torr,10.back_stm_port,10.back_stm_port/MassSpecData-02115-20261006-155922.csv,12.006816666666667
2026-10-06 15:59:32.460,7.7381e-11,Torr,10.back_stm_port,10.back_stm_port/MassSpecData-02115-20261006-155922.csv,12.0103
2026-10-06 15:59:32.668,8.1474e-11,Torr,10.back_stm_port,10.back_stm_port/MassSpecData-02115-20261006-155922.csv,12.013766666666667
2026-10-06 15:59:32.876,8.6169e-11,Torr,10.back_stm_port,10.back_stm_port/MassSpecData-02115-20261006-155922.csv,12.017233333333333
2026-10-06 15:59:33.085,8.5463e-11,Torr,10.back_stm_port,10.back_stm_port/MassSpecData-02115-20261006-155922.csv,12.020716666666667
2026-10-06 15:59:33.293,8.541e-11,Torr,10.back_stm_port,10.back_stm_port/MassSpecData-02115-20261006-155922.csv,12.024183333333333
2026-10-06 15:59:33.501,8.6436e-11,Torr,10.back_stm_port,10.back_stm_port/MassSpecData-02115-20261006-155922.csv,12.02765
2026-10-06 15:59:33.710,7.678e-11,Torr,10.back_stm_port,10.back_stm_port/MassSpecData-02115-20261006-155922.csv,12.031133333333335
2026-10-06 15:59:33.918,9.559e-11,Torr,10.back_stm_port,10.back_stm_port/MassSpecData-02115-20261006-155922.csv,12.034600000000001
2026-10-06 15:59:34.126,9.34e-11,Torr,10.back_stm_port,10.back_stm_port/MassSpecData-02115-20261006-155922.csv,12.038066666666667
2026-10-06 15:59:34.335,7.1958e-11,Torr,10.back_stm_port,10.back_stm_port/MassSpecData-02115-20261006-155922.csv,12.04155
2026-10-06 15:59:34.543,7.4854e-11,Torr,10.back_stm_port,10.back_stm_port/MassSpecData-02115-20261006-155922.csv,12.045016666666667
2026-10-06 15:59:34.751,8.8233e-11,Torr,10.back_stm_port,10.back_stm_port/MassSpecData-02115-20261006-155922.csv,12.048483333333333
2026-10-06 15:59:34.960,7.7878e-11,Torr,10.back_stm_port,10.back_stm_port/MassSpecData-02115-20261006-155922.csv,12.051966666666667
2026-10-06 15:59:35.168,7.3659e-11,Torr,10.back_stm_port,10.back_stm_port/MassSpecData-02115-20261006-155922.csv,12.055433333333333
2026-10-06 15:59:35.376,7.6081e-11,Torr,10.back_stm_port,10.back_stm_port/MassSpecData-02115-20261006-155922.csv,12.0589
2026-10-06 15:59:35.585,7.8972e-11,Torr,10.back_stm_port,10.back_stm_port/MassSpecData-02115-20261006-155922.csv,12.062383333333335
2026-10-06 15:59:35.793,9.484e-11,Torr,10.back_stm_port,10.back_stm_port/MassSpecData-02115-20261006-155922.csv,12.065850000000001
2026-10-06 15:59:36.001,8.1894e-11,Torr,10.back_stm_port,10.back_stm_port/MassSpecData-02115-20261006-155922.csv,12.069316666666667
2026-10-06 15:59:36.210,8.1029e-11,Torr,10.back_stm_port,10.back_stm_port/MassSpecData-02115-20261006-155922.csv,12.0728
2026-10-06 15:59:36.418,7.7192e-11,Torr,10.back_stm_port,10.back_stm_port/MassSpecData-02115-20261006-155922.csv,12.076266666666667
2026-10-06 15:59:36.626,7.9238e-11,Torr,10.back_stm_port,10.back_stm_port/MassSpecData-02115-20261006-155922.csv,12.079733333333333
2026-10-06 15:59:36.835,8.0986e-11,Torr,10.back_stm_port,10.back_stm_port/MassSpecData-02115-20261006-155922.csv,12.083216666666667
2026-10-06 15:59:37.043,8.5963e-11,Torr,10.back_stm_port,10.back_stm_port/MassSpecData-02115-20261006-155922.csv,12.086683333333333
2026-10-06 15:59:37.251,7.3229e-11,Torr,10.back_stm_port,10.back_stm_port/MassSpecData-02115-20261006-155922.csv,12.09015
2026-10-06 15:59:37.460,7.8259e-11,Torr,10.back_stm_port,10.back_stm_port/MassSpecData-02115-20261006-155922.csv,12.093633333333335
2026-10-06 15:59:37.668,7.5854e-11,Torr,10.back_stm_port,10.back_stm_port/MassSpecData-02115-20261006-155922.csv,12.097100000000001
2026-10-06 15:59:37.876,9.1644e-11,Torr,10.back_stm_port,10.back_stm_port/MassSpecData-02115-20261006-155922.csv,12.100566666666667
2026-10-06 15:59:38.085,7.6662e-11,Torr,10.back_stm_port,10.back_stm_port/MassSpecData-02115-20261006-155922.csv,12.10405
2026-10-06 15:59:38.293,8.1391e-11,Torr,10.back_stm_port,10.back_stm_port/MassSpecData-02115-20261006-155922.csv,12.107516666666667
2026-10-06 15:59:38.501,8.8357e-11,Torr,10.back_stm_port,10.back_stm_port/MassSpecData-02115-20261006-155922.csv,12.110983333333333
2026-10-06 15:59:38.710,8.8175e-11,Torr,10.back_stm_port,10.back_stm_port/MassSpecData-02115-20261006-155922.csv,12.114466666666667
2026-10-06 15:59:38.918,7.3987e-11,Torr,10.back_stm_port,10.back_stm_port/MassSpecData-02115-20261006-155922.csv,12.117933333333333
2026-10-06 15:59:39.126,1.0515e-10,Torr,10.back_stm_port,10.back_stm_port/MassSpecData-02115-20261006-155922.csv,12.1214
2026-10-06 15:59:39.335,8.0745e-11,Torr,10.back_stm_port,10.back_stm_port/MassSpecData-02115-20261006-155922.csv,12.124883333333335
2026-10-06 15:59:39.543,8.3911e-11,Torr,10.back_stm_port,10.back_stm_port/MassSpecData-02115-20261006-155922.csv,12.128350000000001
2026-10-06 15:59:39.751,7.6351e-11,Torr,10.back_stm_port,10.back_stm_port/MassSpecData-02115-20261006-155922.csv,12.131816666666667
2026-10-06 15:59:39.960,8.8198e-11,Torr,10.back_stm_port,10.back_stm_port/MassSpecData-02115-20261006-155922.csv,12.1353
2026-10-06 15:59:40.168,8.4298e-11,Torr,10.back_stm_port,10.back_stm_port/MassSpecData-02115-20261006-155922.csv,12.138766666666667
2026-10-06 15:59:40.376,9.1059e-11,Torr,10.back_stm_port,10.back_stm_port/MassSpecData-02115-20261006-155922.csv,12.142233333333333
2026-10-06 15:59:40.585,9.9341e-11,Torr,10.back_stm_port,10.back_stm_port/MassSpecData-02115-20261006-155922.csv,12.145716666666667
2026-10-06 15:59:40.793,8.8515e-11,Torr,10.back_stm_port,10.back_stm_port/MassSpecData-02115-20261006-155922.csv,12.149183333333333
2026-10-06 15:59:41.001,7.7062e-11,Torr,10.back_stm_port,10.back_stm_port/MassSpecData-02115-20261006-155922.csv,12.15265
2026-10-06 15:59:41.210,8.4978e-11,Torr,10.back_stm_port,10.back_stm_port/MassSpecData-02115-20261006-155922.csv,12.156133333333335
2026-10-06 15:59:41.418,8.4398e-11,Torr,10.back_stm_port,10.back_stm_port/MassSpecData-02115-20261006-155922.csv,12.159600000000001
2026-10-06 15:59:41.626,8.1167e-11,Torr,10.back_stm_port,10.back_stm_port/MassSpecData-02115-20261006-155922.csv,12.163066666666667
2026-10-06 15:59:41.835,9.1036e-11,Torr,10.back_stm_port,10.back_stm_port/MassSpecData-02115-20261006-155922.csv,12.16655
2026-10-06 15:59:42.043,7.2406e-11,Torr,10.back_stm_port,10.back_stm_port/MassSpecData-02115-20261006-155922.csv,12.170016666666667
2026-10-06 15:59:42.251,7.929e-11,Torr,10.back_stm_port,10.back_stm_port/MassSpecData-02115-20261006-155922.csv,12.173483333333333
2026-10-06 15:59:42.459,9.7101e-11,Torr,10.back_stm_port,10.back_stm_port/MassSpecData-02115-20261006-155922.csv,12.17695
2026-10-06 15:59:42.668,8.7894e-11,Torr,10.back_stm_port,10.back_stm_port/MassSpecData-02115-20261006-155922.csv,12.180433333333333
2026-10-06 15:59:42.876,9.6987e-11,Torr,10.back_stm_port,10.back_stm_port/MassSpecData-02115-20261006-155922.csv,12.1839
2026-10-06 15:59:43.084,8.9024e-11,Torr,10.back_stm_port,10.back_stm_port/MassSpecData-02115-20261006-155922.csv,12.187366666666666
2026-10-06 15:59:43.293,8.3583e-11,Torr,10.back_stm_port,10.back_stm_port/MassSpecData-02115-20261006-155922.csv,12.190850000000001
2026-10-06 15:59:43.501,8.5619e-11,Torr,10.back_stm_port,10.back_stm_port/MassSpecData-02115-20261006-155922.csv,12.194316666666667
2026-10-06 15:59:43.709,8.4615e-11,Torr,10.back_stm_port,10.back_stm_port/MassSpecData-02115-20261006-155922.csv,12.197783333333332
2026-10-06 15:59:43.918,9.6373e-11,Torr,10.back_stm_port,10.back_stm_port/MassSpecData-02115-20261006-155922.csv,12.201266666666667
2026-10-06 15:59:44.126,8.1115e-11,Torr,10.back_stm_port,10.back_stm_port/MassSpecData-02115-20261006-155922.csv,12.204733333333333
2026-10-06 15:59:44.334,1.036e-10,Torr,10.back_stm_port,10.back_stm_port/MassSpecData-02115-20261006-155922.csv,12.2082
2026-10-06 15:59:44.543,8.2768e-11,Torr,10.back_stm_port,10.back_stm_port/MassSpecData-02115-20261006-155922.csv,12.211683333333333
2026-10-06 15:59:44.751,9.112e-11,Torr,10.back_stm_port,10.back_stm_port/MassSpecData-02115-20261006-155922.csv,12.21515
2026-10-06 15:59:44.959,8.2099e-11,Torr,10.back_stm_port,10.back_stm_port/MassSpecData-02115-20261006-155922.csv,12.218616666666666
2026-10-06 15:59:45.168,8.8901e-11,Torr,10.back_stm_port,10.back_stm_port/MassSpecData-02115-20261006-155922.csv,12.222100000000001
2026-10-06 15:59:45.376,9.1538e-11,Torr,10.back_stm_port,10.back_stm_port/MassSpecData-02115-20261006-155922.csv,12.225566666666667
2026-10-06 15:59:45.584,7.5738e-11,Torr,10.back_stm_port,10.back_stm_port/MassSpecData-02115-20261006-155922.csv,12.229033333333332
2026-10-06 15:59:45.793,8.9081e-11,Torr,10.back_stm_port,10.back_stm_port/MassSpecData-02115-20261006-155922.csv,12.232516666666667
2026-10-06 15:59:46.001,9.2776e-11,Torr,10.back_stm_port,10.back_stm_port/MassSpecData-02115-20261006-155922.csv,12.235983333333333
2026-10-06 15:59:46.209,9.2734e-11,Torr,10.back_stm_port,10.back_stm_port/MassSpecData-02115-20261006-155922.csv,12.23945
2026-10-06 15:59:46.418,8.867e-11,Torr,10.back_stm_port,10.back_stm_port/MassSpecData-02115-20261006-155922.csv,12.242933333333333
2026-10-06 15:59:46.626,8.8873e-11,Torr,10.back_stm_port,10.back_stm_port/MassSpecData-02115-20261006-155922.csv,12.2464
2026-10-06 15:59:46.834,9.7792e-11,Torr,10.back_stm_port,10.back_stm_port/MassSpecData-02115-20261006-155922.csv,12.249866666666666
2026-10-06 15:59:47.043,7.5648e-11,Torr,10.back_stm_port,10.back_stm_port/MassSpecData-02115-20261006-155922.csv,12.253350000000001
2026-10-06 15:59:47.251,1.0411e-10,Torr,10.back_stm_port,10.back_stm_port/MassSpecData-02115-20261006-155922.csv,12.256816666666667
2026-10-06 15:59:47.459,8.5476e-11,Torr,10.back_stm_port,10.back_stm_port/MassSpecData-02115-20261006-155922.csv,12.260283333333332
2026-10-06 15:59:47.668,6.5472e-11,Torr,10.back_stm_port,10.back_stm_port/MassSpecData-02115-20261006-155922.csv,12.263766666666667
2026-10-06 15:59:47.876,7.3075e-11,Torr,10.back_stm_port,10.back_stm_port/MassSpecData-02115-20261006-155922.csv,12.267233333333333
2026-10-06 15:59:48.084,9.9078e-11,Torr,10.back_stm_port,10.back_stm_port/MassSpecData-02115-20261006-155922.csv,12.2707
2026-10-06 15:59:48.293,8.5095e-11,Torr,10.back_stm_port,10.back_stm_port/MassSpecData-02115-20261006-155922.csv,12.274183333333333
2026-10-06 15:59:48.501,7.5736e-11,Torr,10.back_stm_port,10.back_stm_port/MassSpecData-02115-20261006-155922.csv,12.27765
2026-10-06 15:59:48.709,7.7097e-11,Torr,10.back_stm_port,10.back_stm_port/MassSpecData-02115-20261006-155922.csv,12.281116666666666
2026-10-06 15:59:48.918,8.8495e-11,Torr,10.back_stm_port,10.back_stm_port/MassSpecData-02115-20261006-155922.csv,12.284600000000001
2026-10-06 15:59:49.126,8.3676e-11,Torr,10.back_stm_port,10.back_stm_port/MassSpecData-02115-20261006-155922.csv,12.288066666666667
2026-10-06 15:59:49.334,7.4159e-11,Torr,10.back_stm_port,10.back_stm_port/MassSpecData-02115-20261006-155922.csv,12.291533333333332
2026-10-06 15:59:49.543,7.3595e-11,Torr,10.back_stm_port,10.back_stm_port/MassSpecData-02115-20261006-155922.csv,12.295016666666667
2026-10-06 15:59:49.751,7.4846e-11,Torr,10.back_stm_port,10.back_stm_port/MassSpecData-02115-20261006-155922.csv,12.298483333333333
2026-10-06 15:59:49.959,9.6197e-11,Torr,10.back_stm_port,10.back_stm_port/MassSpecData-02115-20261006-155922.csv,12.30195
2026-10-06 15:59:50.168,7.7956e-11,Torr,10.back_stm_port,10.back_stm_port/MassSpecData-02115-20261006-155922.csv,12.305433333333333
2026-10-06 15:59:50.376,8.7577e-11,Torr,10.back_stm_port,10.back_stm_port/MassSpecData-02115-20261006-155922.csv,12.3089
2026-10-06 15:59:50.584,7.7653e-11,Torr,10.back_stm_port,10.back_stm_port/MassSpecData-02115-20261006-155922.csv,12.312366666666666
2026-10-06 15:59:50.793,9.0682e-11,Torr,10.back_stm_port,10.back_stm_port/MassSpecData-02115-20261006-155922.csv,12.315850000000001
2026-10-06 15:59:51.001,9.2688e-11,Torr,10.back_stm_port,10.back_stm_port/MassSpecData-02115-20261006-155922.csv,12.319316666666667
2026-10-06 15:59:51.209,9.5297e-11,Torr,10.back_stm_port,10.back_stm_port/MassSpecData-02115-20261006-155922.csv,12.322783333333332
2026-10-06 15:59:51.418,8.021e-11,Torr,10.back_stm_port,10.back_stm_port/MassSpecData-02115-20261006-155922.csv,12.326266666666667
2026-10-06 15:59:51.626,9.0626e-11,Torr,10.back_stm_port,10.back_stm_port/MassSpecData-02115-20261006-155922.csv,12.329733333333333
2026-10-06 15:59:51.834,8.3008e-11,Torr,10.back_stm_port,10.back_stm_port/MassSpecData-02115-20261006-155922.csv,12.3332
2026-10-06 15:59:52.043,7.2857e-11,Torr,10.back_stm_port,10.back_stm_port/MassSpecData-02115-20261006-155922.csv,12.336683333333333
2026-10-06 15:59:52.251,7.3422e-11,Torr,10.back_stm_port,10.back_stm_port/MassSpecData-02115-20261006-155922.csv,12.34015
2026-10-06 15:59:52.459,8.8658e-11,Torr,10.back_stm_port,10.back_stm_port/MassSpecData-02115-20261006-155922.csv,12.343616666666666
2026-10-06 15:59:52.668,9.6014e-11,Torr,10.back_stm_port,10.back_stm_port/MassSpecData-02115-20261006-155922.csv,12.347100000000001
2026-10-06 15:59:52.876,8.563e-11,Torr,10.back_stm_port,10.back_stm_port/MassSpecData-02115-20261006-155922.csv,12.350566666666667
2026-10-06 15:59:53.084,7.9e-11,Torr,10.back_stm_port,10.back_stm_port/MassSpecData-02115-20261006-155922.csv,12.354033333333332
2026-10-06 15:59:53.293,8.3093e-11,Torr,10.back_stm_port,10.back_stm_port/MassSpecData-02115-20261006-155922.csv,12.357516666666667
2026-10-06 15:59:53.501,8.0899e-11,Torr,10.back_stm_port,10.back_stm_port/MassSpecData-02115-20261006-155922.csv,12.360983333333333
2026-10-06 15:59:53.709,8.2374e-11,Torr,10.back_stm_port,10.back_stm_port/MassSpecData-02115-20261006-155922.csv,12.36445
2026-10-06 15:59:53.918,8.7321e-11,Torr,10.back_stm_port,10.back_stm_port/MassSpecData-02115-20261006-155922.csv,12.367933333333333
2026-10-06 15:59:54.126,7.9632e-11,Torr,10.back_stm_port,10.back_stm_port/MassSpecData-02115-20261006-155922.csv,12.3714
2026-10-06 15:59:54.334,8.0448e-11,Torr,10.back_stm_port,10.back_stm_port/MassSpecData-02115-20261006-155922.csv,12.374866666666666
2026-10-06 15:59:54.543,8.5679e-11,Torr,10.back_stm_port,10.back_stm_port/MassSpecData-02115-20261006-155922.csv,12.378350000000001
2026-10-06 15:59:54.751,7.8229e-11,Torr,10.back_stm_port,10.back_stm_port/MassSpecData-02115-20261006-155922.csv,12.381816666666667
2026-10-06 15:59:54.959,9.6934e-11,Torr,10.back_stm_port,10.back_stm_port/MassSpecData-02115-20261006-155922.csv,12.385283333333332
2026-10-06 15:59:55.168,8.7553e-11,Torr,10.back_stm_port,10.back_stm_port/MassSpecData-02115-20261006-155922.csv,12.388766666666667
2026-10-06 15:59:55.376,7.5508e-11,Torr,10.back_stm_port,10.back_stm_port/MassSpecData-02115-20261006-155922.csv,12.392233333333333
2026-10-06 15:59:55.584,8.1385e-11,Torr,10.back_stm_port,10.back_stm_port/MassSpecData-02115-20261006-155922.csv,12.3957
2026-10-06 15:59:55.793,7.6487e-11,Torr,10.back_stm_port,10.back_stm_port/MassSpecData-02115-20261006-155922.csv,12.399183333333333
2026-10-06 15:59:56.001,1.0151e-10,Torr,10.back_stm_port,10.back_stm_port/MassSpecData-02115-20261006-155922.csv,12.40265
2026-10-06 15:59:56.209,7.9971e-11,Torr,10.back_stm_port,10.back_stm_port/MassSpecData-02115-20261006-155922.csv,12.406116666666666
2026-10-06 15:59:56.418,7.9097e-11,Torr,10.back_stm_port,10.back_stm_port/MassSpecData-02115-20261006-155922.csv,12.409600000000001
2026-10-06 15:59:56.626,8.7313e-11,Torr,10.back_stm_port,10.back_stm_port/MassSpecData-02115-20261006-155922.csv,12.413066666666667
2026-10-06 15:59:56.834,7.5733e-11,Torr,10.back_stm_port,10.back_stm_port/MassSpecData-02115-20261006-155922.csv,12.416533333333332
2026-10-06 15:59:57.043,8.6201e-11,Torr,10.back_stm_port,10.back_stm_port/MassSpecData-02115-20261006-155922.csv,12.420016666666667
2026-10-06 15:59:57.251,7.4882e-11,Torr,10.back_stm_port,10.back_stm_port/MassSpecData-02115-20261006-155922.csv,12.423483333333333
2026-10-06 15:59:57.459,7.998e-11,Torr,10.back_stm_port,10.back_stm_port/MassSpecData-02115-20261006-155922.csv,12.42695
2026-10-06 15:59:57.668,9.0169e-11,Torr,10.back_stm_port,10.back_stm_port/MassSpecData-02115-20261006-155922.csv,12.430433333333333
2026-10-06 15:59:57.876,6.3827e-11,Torr,10.back_stm_port,10.back_stm_port/MassSpecData-02115-20261006-155922.csv,12.4339
2026-10-06 15:59:58.084,9.0784e-11,Torr,10.back_stm_port,10.back_stm_port/MassSpecData-02115-20261006-155922.csv,12.437366666666666
2026-10-06 15:59:58.293,7.9987e-11,Torr,10.back_stm_port,10.back_stm_port/MassSpecData-02115-20261006-155922.csv,12.440850000000001
2026-10-06 15:59:58.501,6.6342e-11,Torr,10.back_stm_port,10.back_stm_port/MassSpecData-02115-20261006-155922.csv,12.444316666666667
2026-10-06 15:59:58.709,9.5567e-11,Torr,10.back_stm_port,10.back_stm_port/MassSpecData-02115-20261006-155922.csv,12.447783333333332
2026-10-06 15:59:58.918,7.7017e-11,Torr,10.back_stm_port,10.back_stm_port/MassSpecData-02115-20261006-155922.csv,12.451266666666667
2026-10-06 15:59:59.126,9.0932e-11,Torr,10.back_stm_port,10.back_stm_port/MassSpecData-02115-20261006-155922.csv,12.454733333333333
2026-10-06 15:59:59.334,9.1224e-11,Torr,10.back_stm_port,10.back_stm_port/MassSpecData-02115-20261006-155922.csv,12.4582
2026-10-06 15:59:59.543,9.5436e-11,Torr,10.back_stm_port,10.back_stm_port/MassSpecData-02115-20261006-155922.csv,12.461683333333333
2026-10-06 15:59:59.751,9.7364e-11,Torr,10.back_stm_port,10.back_stm_port/MassSpecData-02115-20261006-155922.csv,12.46515
2026-10-06 15:59:59.959,8.1809e-11,Torr,10.back_stm_port,10.back_stm_port/MassSpecData-02115-20261006-155922.csv,12.468616666666666
2026-10-06 16:00:00.168,9.1807e-11,Torr,10.back_stm_port,10.back_stm_port/MassSpecData-02115-20261006-155922.csv,12.472100000000001
2026-10-06 16:00:00.376,7.5472e-11,Torr,10.back_stm_port,10.back_stm_port/MassSpecData-02115-20261006-155922.csv,12.475566666666667
2026-10-06 16:00:00.585,8.6583e-11,Torr,10.back_stm_port,10.back_stm_port/MassSpecData-02115-20261006-155922.csv,12.47905
2026-10-06 16:00:00.793,7.9462e-11,Torr,10.back_stm_port,10.back_stm_port/MassSpecData-02115-20261006-155922.csv,12.482516666666667
2026-10-06 16:00:01.001,8.1751e-11,Torr,10.back_stm_port,10.back_stm_port/MassSpecData-02115-20261006-155922.csv,12.485983333333333
2026-10-06 16:00:01.210,9.0817e-11,Torr,10.back_stm_port,10.back_stm_port/MassSpecData-02115-20261006-155922.csv,12.489466666666667
2026-10-06 16:00:01.418,8.6457e-11,Torr,10.back_stm_port,10.back_stm_port/MassSpecData-02115-20261006-155922.csv,12.492933333333333
2026-10-06 16:00:01.626,9.6848e-11,Torr,10.back_stm_port,10.back_stm_port/MassSpecData-02115-20261006-155922.csv,12.4964
2026-10-06 16:00:01.835,1.0253e-10,Torr,10.back_stm_port,10.back_stm_port/MassSpecData-02115-20261006-155922.csv,12.499883333333335
2026-10-06 16:00:02.043,8.6727e-11,Torr,10.back_stm_port,10.back_stm_port/MassSpecData-02115-20261006-155922.csv,12.503350000000001
2026-10-06 16:00:02.251,8.6737e-11,Torr,10.back_stm_port,10.back_stm_port/MassSpecData-02115-20261006-155922.csv,12.506816666666667
2026-10-06 16:00:02.460,7.3702e-11,Torr,10.back_stm_port,10.back_stm_port/MassSpecData-02115-20261006-155922.csv,12.5103
2026-10-06 16:00:02.668,7.5247e-11,Torr,10.back_stm_port,10.back_stm_port/MassSpecData-02115-20261006-155922.csv,12.513766666666667
2026-10-06 16:00:02.876,9.3476e-11,Torr,10.back_stm_port,10.back_stm_port/MassSpecData-02115-20261006-155922.csv,12.517233333333333
2026-10-06 16:00:03.085,8.1865e-11,Torr,10.back_stm_port,10.back_stm_port/MassSpecData-02115-20261006-155922.csv,12.520716666666667
2026-10-06 16:00:03.293,8.0295e-11,Torr,10.back_stm_port,10.back_stm_port/MassSpecData-02115-20261006-155922.csv,12.524183333333333
2026-10-06 16:00:03.501,7.9685e-11,Torr,10.back_stm_port,10.back_stm_port/MassSpecData-02115-20261006-155922.csv,12.52765
2026-10-06 16:00:03.710,7.5793e-11,Torr,10.back_stm_port,10.back_stm_port/MassSpecData-02115-20261006-155922.csv,12.531133333333335
2026-10-06 16:00:03.918,8.3087e-11,Torr,10.back_stm_port,10.back_stm_port/MassSpecData-02115-20261006-155922.csv,12.534600000000001
2026-10-06 16:00:04.126,8.1294e-11,Torr,10.back_stm_port,10.back_stm_port/MassSpecData-02115-20261006-155922.csv,12.538066666666667
2026-10-06 16:00:04.466,9.1971e-11,Torr,10.back_stm_port,10.back_stm_port/MassSpecData-02115-20261006-160004.csv,12.543733333333334
2026-10-06 16:00:04.674,8.8361e-11,Torr,10.back_stm_port,10.back_stm_port/MassSpecData-02115-20261006-160004.csv,12.5472
2026-10-06 16:00:04.883,9.4745e-11,Torr,10.back_stm_port,10.back_stm_port/MassSpecData-02115-20261006-160004.csv,12.550683333333334
2026-10-06 16:00:05.091,8.4402e-11,Torr,10.back_stm_port,10.back_stm_port/MassSpecData-02115-20261006-160004.csv,12.55415
2026-10-06 16:00:05.299,7.5313e-11,Torr,10.back_stm_port,10.back_stm_port/MassSpecData-02115-20261006-160004.csv,12.557616666666666
2026-10-06 16:00:05.508,9.4849e-11,Torr,10.back_stm_port,10.back_stm_port/MassSpecData-02115-20261006-160004.csv,12.561100000000001
2026-10-06 16:00:05.716,1.0399e-10,Torr,10.back_stm_port,10.back_stm_port/MassSpecData-02115-20261006-160004.csv,12.564566666666668
2026-10-06 16:00:05.924,9.4246e-11,Torr,10.back_stm_port,10.back_stm_port/MassSpecData-02115-20261006-160004.csv,12.568033333333334
2026-10-06 16:00:06.132,8.9853e-11,Torr,10.back_stm_port,10.back_stm_port/MassSpecData-02115-20261006-160004.csv,12.571499999999999
2026-10-06 16:00:06.341,8.2537e-11,Torr,10.back_stm_port,10.back_stm_port/MassSpecData-02115-20261006-160004.csv,12.574983333333334
2026-10-06 16:00:06.549,8.5567e-11,Torr,10.back_stm_port,10.back_stm_port/MassSpecData-02115-20261006-160004.csv,12.57845
2026-10-06 16:00:06.758,1.0376e-10,Torr,10.back_stm_port,10.back_stm_port/MassSpecData-02115-20261006-160004.csv,12.581933333333334
2026-10-06 16:00:06.966,8.7336e-11,Torr,10.back_stm_port,10.back_stm_port/MassSpecData-02115-20261006-160004.csv,12.5854
2026-10-06 16:00:07.174,9.1572e-11,Torr,10.back_stm_port,10.back_stm_port/MassSpecData-02115-20261006-160004.csv,12.588866666666666
2026-10-06 16:00:07.383,8.6184e-11,Torr,10.back_stm_port,10.back_stm_port/MassSpecData-02115-20261006-160004.csv,12.592350000000001
2026-10-06 16:00:07.591,8.5852e-11,Torr,10.back_stm_port,10.back_stm_port/MassSpecData-02115-20261006-160004.csv,12.595816666666668
2026-10-06 16:00:07.799,9.5894e-11,Torr,10.back_stm_port,10.back_stm_port/MassSpecData-02115-20261006-160004.csv,12.599283333333334
2026-10-06 16:00:08.008,8.1101e-11,Torr,10.back_stm_port,10.back_stm_port/MassSpecData-02115-20261006-160004.csv,12.602766666666668
2026-10-06 16:00:08.216,9.3187e-11,Torr,10.back_stm_port,10.back_stm_port/MassSpecData-02115-20261006-160004.csv,12.606233333333334
2026-10-06 16:00:08.424,8.7386e-11,Torr,10.back_stm_port,10.back_stm_port/MassSpecData-02115-20261006-160004.csv,12.6097
2026-10-06 16:00:08.633,8.7957e-11,Torr,10.back_stm_port,10.back_stm_port/MassSpecData-02115-20261006-160004.csv,12.613183333333334
2026-10-06 16:00:08.841,8.2626e-11,Torr,10.back_stm_port,10.back_stm_port/MassSpecData-02115-20261006-160004.csv,12.61665
2026-10-06 16:00:09.049,7.702e-11,Torr,10.back_stm_port,10.back_stm_port/MassSpecData-02115-20261006-160004.csv,12.620116666666666
2026-10-06 16:00:09.258,8.757e-11,Torr,10.back_stm_port,10.back_stm_port/MassSpecData-02115-20261006-160004.csv,12.623600000000001
2026-10-06 16:00:09.466,8.8924e-11,Torr,10.back_stm_port,10.back_stm_port/MassSpecData-02115-20261006-160004.csv,12.627066666666668
2026-10-06 16:00:09.674,8.1557e-11,Torr,10.back_stm_port,10.back_stm_port/MassSpecData-02115-20261006-160004.csv,12.630533333333334
2026-10-06 16:00:09.882,1.0119e-10,Torr,10.back_stm_port,10.back_stm_port/MassSpecData-02115-20261006-160004.csv,12.633999999999999
2026-10-06 16:00:10.091,7.7059e-11,Torr,10.back_stm_port,10.back_stm_port/MassSpecData-02115-20261006-160004.csv,12.637483333333334
2026-10-06 16:00:10.299,9.3713e-11,Torr,10.back_stm_port,10.back_stm_port/MassSpecData-02115-20261006-160004.csv,12.64095
2026-10-06 16:00:10.507,9.0384e-11,Torr,10.back_stm_port,10.back_stm_port/MassSpecData-02115-20261006-160004.csv,12.644416666666666
2026-10-06 16:00:10.716,7.0247e-11,Torr,10.back_stm_port,10.back_stm_port/MassSpecData-02115-20261006-160004.csv,12.6479
2026-10-06 16:00:10.924,7.4205e-11,Torr,10.back_stm_port,10.back_stm_port/MassSpecData-02115-20261006-160004.csv,12.651366666666666
2026-10-06 16:00:11.132,7.3597e-11,Torr,10.back_stm_port,10.back_stm_port/MassSpecData-02115-20261006-160004.csv,12.654833333333332
2026-10-06 16:00:11.341,8.7263e-11,Torr,10.back_stm_port,10.back_stm_port/MassSpecData-02115-20261006-160004.csv,12.658316666666668
2026-10-06 16:00:11.549,7.7492e-11,Torr,10.back_stm_port,10.back_stm_port/MassSpecData-02115-20261006-160004.csv,12.661783333333334
2026-10-06 16:00:11.757,9.596e-11,Torr,10.back_stm_port,10.back_stm_port/MassSpecData-02115-20261006-160004.csv,12.665249999999999
2026-10-06 16:00:11.966,8.1539e-11,Torr,10.back_stm_port,10.back_stm_port/MassSpecData-02115-20261006-160004.csv,12.668733333333334
2026-10-06 16:00:12.174,9.5812e-11,Torr,10.back_stm_port,10.back_stm_port/MassSpecData-02115-20261006-160004.csv,12.6722
2026-10-06 16:00:12.382,8.8377e-11,Torr,10.back_stm_port,10.back_stm_port/MassSpecData-02115-20261006-160004.csv,12.675666666666666
2026-10-06 16:00:12.591,8.8796e-11,Torr,10.back_stm_port,10.back_stm_port/MassSpecData-02115-20261006-160004.csv,12.67915
2026-10-06 16:00:12.799,8.6216e-11,Torr,10.back_stm_port,10.back_stm_port/MassSpecData-02115-20261006-160004.csv,12.682616666666666
2026-10-06 16:00:13.007,9.0615e-11,Torr,10.back_stm_port,10.back_stm_port/MassSpecData-02115-20261006-160004.csv,12.686083333333332
2026-10-06 16:00:13.216,8.6783e-11,Torr,10.back_stm_port,10.back_stm_port/MassSpecData-02115-20261006-160004.csv,12.689566666666668
2026-10-06 16:00:13.424,7.0059e-11,Torr,10.back_stm_port,10.back_stm_port/MassSpecData-02115-20261006-160004.csv,12.693033333333334
2026-10-06 16:00:13.633,8.4247e-11,Torr,10.back_stm_port,10.back_stm_port/MassSpecData-02115-20261006-160004.csv,12.696516666666668
2026-10-06 16:00:13.841,7.7954e-11,Torr,10.back_stm_port,10.back_stm_port/MassSpecData-02115-20261006-160004.csv,12.699983333333334
2026-10-06 16:00:14.049,8.2292e-11,Torr,10.back_stm_port,10.back_stm_port/MassSpecData-02115-20261006-160004.csv,12.70345
2026-10-06 16:00:14.258,8.2309e-11,Torr,10.back_stm_port,10.back_stm_port/MassSpecData-02115-20261006-160004.csv,12.706933333333334
2026-10-06 16:00:14.466,9.5524e-11,Torr,10.back_stm_port,10.back_stm_port/MassSpecData-02115-20261006-160004.csv,12.7104
2026-10-06 16:00:14.674,9.5175e-11,Torr,10.back_stm_port,10.back_stm_port/MassSpecData-02115-20261006-160004.csv,12.713866666666666
2026-10-06 16:00:14.883,7.4439e-11,Torr,10.back_stm_port,10.back_stm_port/MassSpecData-02115-20261006-160004.csv,12.717350000000001
2026-10-06 16:00:15.091,9.6217e-11,Torr,10.back_stm_port,10.back_stm_port/MassSpecData-02115-20261006-160004.csv,12.720816666666668
2026-10-06 16:00:15.299,7.5175e-11,Torr,10.back_stm_port,10.back_stm_port/MassSpecData-02115-20261006-160004.csv,12.724283333333334
2026-10-06 16:00:15.508,1.0004e-10,Torr,10.back_stm_port,10.back_stm_port/MassSpecData-02115-20261006-160004.csv,12.727766666666668
2026-10-06 16:00:15.716,9.5798e-11,Torr,10.back_stm_port,10.back_stm_port/MassSpecData-02115-20261006-160004.csv,12.731233333333334
2026-10-06 16:00:15.924,7.4966e-11,Torr,10.back_stm_port,10.back_stm_port/MassSpecData-02115-20261006-160004.csv,12.7347
2026-10-06 16:00:16.133,9.184e-11,Torr,10.back_stm_port,10.back_stm_port/MassSpecData-02115-20261006-160004.csv,12.738183333333334
2026-10-06 16:00:16.341,8.4427e-11,Torr,10.back_stm_port,10.back_stm_port/MassSpecData-02115-20261006-160004.csv,12.74165
2026-10-06 16:00:16.549,7.7355e-11,Torr,10.back_stm_port,10.back_stm_port/MassSpecData-02115-20261006-160004.csv,12.745116666666666
2026-10-06 16:00:16.758,8.5447e-11,Torr,10.back_stm_port,10.back_stm_port/MassSpecData-02115-20261006-160004.csv,12.748600000000001
2026-10-06 16:00:16.966,9.1093e-11,Torr,10.back_stm_port,10.back_stm_port/MassSpecData-02115-20261006-160004.csv,12.752066666666668
2026-10-06 16:00:17.174,8.2084e-11,Torr,10.back_stm_port,10.back_stm_port/MassSpecData-02115-20261006-160004.csv,12.755533333333334
2026-10-06 16:00:17.383,8.2658e-11,Torr,10.back_stm_port,10.back_stm_port/MassSpecData-02115-20261006-160004.csv,12.759016666666668
2026-10-06 16:00:17.591,8.673e-11,Torr,10.back_stm_port,10.back_stm_port/MassSpecData-02115-20261006-160004.csv,12.762483333333334
2026-10-06 16:00:17.799,9.0401e-11,Torr,10.back_stm_port,10.back_stm_port/MassSpecData-02115-20261006-160004.csv,12.76595
2026-10-06 16:00:18.008,9.0856e-11,Torr,10.back_stm_port,10.back_stm_port/MassSpecData-02115-20261006-160004.csv,12.769433333333334
2026-10-06 16:00:18.216,8.8186e-11,Torr,10.back_stm_port,10.back_stm_port/MassSpecData-02115-20261006-160004.csv,12.7729
2026-10-06 16:00:18.424,8.2227e-11,Torr,10.back_stm_port,10.back_stm_port/MassSpecData-02115-20261006-160004.csv,12.776366666666666
2026-10-06 16:00:18.633,8.3155e-11,Torr,10.back_stm_port,10.back_stm_port/MassSpecData-02115-20261006-160004.csv,12.779850000000001
2026-10-06 16:00:18.841,9.0005e-11,Torr,10.back_stm_port,10.back_stm_port/MassSpecData-02115-20261006-160004.csv,12.783316666666668
2026-10-06 16:00:19.049,8.9096e-11,Torr,10.back_stm_port,10.back_stm_port/MassSpecData-02115-20261006-160004.csv,12.786783333333334
2026-10-06 16:00:19.258,1.0203e-10,Torr,10.back_stm_port,10.back_stm_port/MassSpecData-02115-20261006-160004.csv,12.790266666666668
2026-10-06 16:00:19.466,9.6395e-11,Torr,10.back_stm_port,10.back_stm_port/MassSpecData-02115-20261006-160004.csv,12.793733333333334
2026-10-06 16:00:19.674,7.2943e-11,Torr,10.back_stm_port,10.back_stm_port/MassSpecData-02115-20261006-160004.csv,12.7972
2026-10-06 16:00:19.883,7.5256e-11,Torr,10.back_stm_port,10.back_stm_port/MassSpecData-02115-20261006-160004.csv,12.800683333333334
2026-10-06 16:00:20.091,7.9153e-11,Torr,10.back_stm_port,10.back_stm_port/MassSpecData-02115-20261006-160004.csv,12.80415
2026-10-06 16:00:20.299,9.3711e-11,Torr,10.back_stm_port,10.back_stm_port/MassSpecData-02115-20261006-160004.csv,12.807616666666666
2026-10-06 16:00:20.508,8.0115e-11,Torr,10.back_stm_port,10.back_stm_port/MassSpecData-02115-20261006-160004.csv,12.811100000000001
2026-10-06 16:00:20.716,8.4136e-11,Torr,10.back_stm_port,10.back_stm_port/MassSpecData-02115-20261006-160004.csv,12.814566666666668
2026-10-06 16:00:20.924,8.9999e-11,Torr,10.back_stm_port,10.back_stm_port/MassSpecData-02115-20261006-160004.csv,12.818033333333334
2026-10-06 16:00:21.133,8.3123e-11,Torr,10.back_stm_port,10.back_stm_port/MassSpecData-02115-20261006-160004.csv,12.821516666666668
2026-10-06 16:00:21.341,9.0998e-11,Torr,10.back_stm_port,10.back_stm_port/MassSpecData-02115-20261006-160004.csv,12.824983333333334
2026-10-06 16:00:21.549,8.6304e-11,Torr,10.back_stm_port,10.back_stm_port/MassSpecData-02115-20261006-160004.csv,12.82845
2026-10-06 16:00:21.758,8.5761e-11,Torr,10.back_stm_port,10.back_stm_port/MassSpecData-02115-20261006-160004.csv,12.831933333333334
2026-10-06 16:00:21.966,8.5557e-11,Torr,10.back_stm_port,10.back_stm_port/MassSpecData-02115-20261006-160004.csv,12.8354
2026-10-06 16:00:22.174,9.505e-11,Torr,10.back_stm_port,10.back_stm_port/MassSpecData-02115-20261006-160004.csv,12.838866666666666
2026-10-06 16:00:22.383,9.4521e-11,Torr,10.back_stm_port,10.back_stm_port/MassSpecData-02115-20261006-160004.csv,12.842350000000001
2026-10-06 16:00:22.591,9.1992e-11,Torr,10.back_stm_port,10.back_stm_port/MassSpecData-02115-20261006-160004.csv,12.845816666666668
2026-10-06 16:00:22.799,8.389e-11,Torr,10.back_stm_port,10.back_stm_port/MassSpecData-02115-20261006-160004.csv,12.849283333333334
2026-10-06 16:00:23.008,7.8693e-11,Torr,10.back_stm_port,10.back_stm_port/MassSpecData-02115-20261006-160004.csv,12.852766666666668
2026-10-06 16:00:23.216,7.7463e-11,Torr,10.back_stm_port,10.back_stm_port/MassSpecData-02115-20261006-160004.csv,12.856233333333334
2026-10-06 16:00:23.424,7.8727e-11,Torr,10.back_stm_port,10.back_stm_port/MassSpecData-02115-20261006-160004.csv,12.8597
2026-10-06 16:00:23.633,8.0693e-11,Torr,10.back_stm_port,10.back_stm_port/MassSpecData-02115-20261006-160004.csv,12.863183333333334
2026-10-06 16:00:23.841,8.3691e-11,Torr,10.back_stm_port,10.back_stm_port/MassSpecData-02115-20261006-160004.csv,12.86665
2026-10-06 16:00:24.049,8.0472e-11,Torr,10.back_stm_port,10.back_stm_port/MassSpecData-02115-20261006-160004.csv,12.870116666666666
2026-10-06 16:00:24.257,8.0384e-11,Torr,10.back_stm_port,10.back_stm_port/MassSpecData-02115-20261006-160004.csv,12.873583333333332
2026-10-06 16:00:24.466,8.3906e-11,Torr,10.back_stm_port,10.back_stm_port/MassSpecData-02115-20261006-160004.csv,12.877066666666668
2026-10-06 16:00:24.674,9.7081e-11,Torr,10.back_stm_port,10.back_stm_port/MassSpecData-02115-20261006-160004.csv,12.880533333333334
2026-10-06 16:00:24.882,8.3107e-11,Torr,10.back_stm_port,10.back_stm_port/MassSpecData-02115-20261006-160004.csv,12.883999999999999
2026-10-06 16:00:25.091,1.055e-10,Torr,10.back_stm_port,10.back_stm_port/MassSpecData-02115-20261006-160004.csv,12.887483333333334
2026-10-06 16:00:25.299,8.9754e-11,Torr,10.back_stm_port,10.back_stm_port/MassSpecData-02115-20261006-160004.csv,12.89095
2026-10-06 16:00:25.507,7.3192e-11,Torr,10.back_stm_port,10.back_stm_port/MassSpecData-02115-20261006-160004.csv,12.894416666666666
2026-10-06 16:00:25.716,8.2247e-11,Torr,10.back_stm_port,10.back_stm_port/MassSpecData-02115-20261006-160004.csv,12.8979
2026-10-06 16:00:25.924,8.5291e-11,Torr,10.back_stm_port,10.back_stm_port/MassSpecData-02115-20261006-160004.csv,12.901366666666666
2026-10-06 16:00:26.132,8.7233e-11,Torr,10.back_stm_port,10.back_stm_port/MassSpecData-02115-20261006-160004.csv,12.904833333333332
2026-10-06 16:00:26.341,9.4591e-11,Torr,10.back_stm_port,10.back_stm_port/MassSpecData-02115-20261006-160004.csv,12.908316666666668
2026-10-06 16:00:26.549,7.7829e-11,Torr,10.back_stm_port,10.back_stm_port/MassSpecData-02115-20261006-160004.csv,12.911783333333334
2026-10-06 16:00:26.757,7.8109e-11,Torr,10.back_stm_port,10.back_stm_port/MassSpecData-02115-20261006-160004.csv,12.915249999999999
2026-10-06 16:00:26.966,9.4149e-11,Torr,10.back_stm_port,10.back_stm_port/MassSpecData-02115-20261006-160004.csv,12.918733333333334
2026-10-06 16:00:27.174,8.44e-11,Torr,10.back_stm_port,10.back_stm_port/MassSpecData-02115-20261006-160004.csv,12.9222
2026-10-06 16:00:27.382,6.7795e-11,Torr,10.back_stm_port,10.back_stm_port/MassSpecData-02115-20261006-160004.csv,12.925666666666666
2026-10-06 16:00:27.591,8.4167e-11,Torr,10.back_stm_port,10.back_stm_port/MassSpecData-02115-20261006-160004.csv,12.92915
2026-10-06 16:00:27.799,8.0526e-11,Torr,10.back_stm_port,10.back_stm_port/MassSpecData-02115-20261006-160004.csv,12.932616666666666
2026-10-06 16:00:28.007,8.5502e-11,Torr,10.back_stm_port,10.back_stm_port/MassSpecData-02115-20261006-160004.csv,12.936083333333332
2026-10-06 16:00:28.216,1.0603e-10,Torr,10.back_stm_port,10.back_stm_port/MassSpecData-02115-20261006-160004.csv,12.939566666666668
2026-10-06 16:00:28.424,9.4832e-11,Torr,10.back_stm_port,10.back_stm_port/MassSpecData-02115-20261006-160004.csv,12.943033333333334
2026-10-06 16:00:28.632,7.0275e-11,Torr,10.back_stm_port,10.back_stm_port/MassSpecData-02115-20261006-160004.csv,12.946499999999999
2026-10-06 16:00:28.841,7.6865e-11,Torr,10.back_stm_port,10.back_stm_port/MassSpecData-02115-20261006-160004.csv,12.949983333333334
2026-10-06 16:00:29.049,8.7967e-11,Torr,10.back_stm_port,10.back_stm_port/MassSpecData-02115-20261006-160004.csv,12.95345
2026-10-06 16:00:29.257,9.3511e-11,Torr,10.back_stm_port,10.back_stm_port/MassSpecData-02115-20261006-160004.csv,12.956916666666666
2026-10-06 16:00:29.466,9.5117e-11,Torr,10.back_stm_port,10.back_stm_port/MassSpecData-02115-20261006-160004.csv,12.9604
2026-10-06 16:00:29.674,9.2544e-11,Torr,10.back_stm_port,10.back_stm_port/MassSpecData-02115-20261006-160004.csv,12.963866666666666
2026-10-06 16:00:29.882,7.3958e-11,Torr,10.back_stm_port,10.back_stm_port/MassSpecData-02115-20261006-160004.csv,12.967333333333332
2026-10-06 16:00:30.091,8.3744e-11,Torr,10.back_stm_port,10.back_stm_port/MassSpecData-02115-20261006-160004.csv,12.970816666666668
2026-10-06 16:00:30.299,9.4869e-11,Torr,10.back_stm_port,10.back_stm_port/MassSpecData-02115-20261006-160004.csv,12.974283333333334
2026-10-06 16:00:30.507,8.2982e-11,Torr,10.back_stm_port,10.back_stm_port/MassSpecData-02115-20261006-160004.csv,12.977749999999999
2026-10-06 16:00:30.716,7.9208e-11,Torr,10.back_stm_port,10.back_stm_port/MassSpecData-02115-20261006-160004.csv,12.981233333333334
2026-10-06 16:00:30.924,9.681e-11,Torr,10.back_stm_port,10.back_stm_port/MassSpecData-02115-20261006-160004.csv,12.9847
2026-10-06 16:00:31.132,8.546e-11,Torr,10.back_stm_port,10.back_stm_port/MassSpecData-02115-20261006-160004.csv,12.988166666666666
2026-10-06 16:00:31.341,9.2026e-11,Torr,10.back_stm_port,10.back_stm_port/MassSpecData-02115-20261006-160004.csv,12.99165
2026-10-06 16:00:31.549,8.1933e-11,Torr,10.back_stm_port,10.back_stm_port/MassSpecData-02115-20261006-160004.csv,12.995116666666666
2026-10-06 16:00:31.757,7.5009e-11,Torr,10.back_stm_port,10.back_stm_port/MassSpecData-02115-20261006-160004.csv,12.998583333333332
2026-10-06 16:00:31.966,7.1073e-11,Torr,10.back_stm_port,10.back_stm_port/MassSpecData-02115-20261006-160004.csv,13.002066666666668
2026-10-06 16:00:32.174,7.9699e-11,Torr,10.back_stm_port,10.back_stm_port/MassSpecData-02115-20261006-160004.csv,13.005533333333334
2026-10-06 16:00:32.382,9.377e-11,Torr,10.back_stm_port,10.back_stm_port/MassSpecData-02115-20261006-160004.csv,13.008999999999999
2026-10-06 16:00:32.591,8.535e-11,Torr,10.back_stm_port,10.back_stm_port/MassSpecData-02115-20261006-160004.csv,13.012483333333334
2026-10-06 16:00:32.799,9.7432e-11,Torr,10.back_stm_port,10.back_stm_port/MassSpecData-02115-20261006-160004.csv,13.01595
2026-10-06 16:00:33.007,9.9191e-11,Torr,10.back_stm_port,10.back_stm_port/MassSpecData-02115-20261006-160004.csv,13.019416666666666
2026-10-06 16:00:33.216,8.2889e-11,Torr,10.back_stm_port,10.back_stm_port/MassSpecData-02115-20261006-160004.csv,13.0229
2026-10-06 16:00:33.424,7.9742e-11,Torr,10.back_stm_port,10.back_stm_port/MassSpecData-02115-20261006-160004.csv,13.026366666666666
2026-10-06 16:00:33.632,9.187e-11,Torr,10.back_stm_port,10.back_stm_port/MassSpecData-02115-20261006-160004.csv,13.029833333333332
2026-10-06 16:00:33.841,8.183e-11,Torr,10.back_stm_port,10.back_stm_port/MassSpecData-02115-20261006-160004.csv,13.033316666666668
2026-10-06 16:00:34.049,9.0487e-11,Torr,10.back_stm_port,10.back_stm_port/MassSpecData-02115-20261006-160004.csv,13.036783333333334
2026-10-06 16:00:34.257,8.3492e-11,Torr,10.back_stm_port,10.back_stm_port/MassSpecData-02115-20261006-160004.csv,13.040249999999999
2026-10-06 16:00:34.466,7.736e-11,Torr,10.back_stm_port,10.back_stm_port/MassSpecData-02115-20261006-160004.csv,13.043733333333334
2026-10-06 16:00:34.674,9.0712e-11,Torr,10.back_stm_port,10.back_stm_port/MassSpecData-02115-20261006-160004.csv,13.0472
2026-10-06 16:00:34.882,8.1164e-11,Torr,10.back_stm_port,10.back_stm_port/MassSpecData-02115-20261006-160004.csv,13.050666666666666
2026-10-06 16:00:35.091,6.9987e-11,Torr,10.back_stm_port,10.back_stm_port/MassSpecData-02115-20261006-160004.csv,13.05415
2026-10-06 16:00:35.299,8.2737e-11,Torr,10.back_stm_port,10.back_stm_port/MassSpecData-02115-20261006-160004.csv,13.057616666666666
2026-10-06 16:00:35.507,8.6881e-11,Torr,10.back_stm_port,10.back_stm_port/MassSpecData-02115-20261006-160004.csv,13.061083333333332
2026-10-06 16:00:35.716,7.9879e-11,Torr,10.back_stm_port,10.back_stm_port/MassSpecData-02115-20261006-160004.csv,13.064566666666668
2026-10-06 16:00:35.924,9.9861e-11,Torr,10.back_stm_port,10.back_stm_port/MassSpecData-02115-20261006-160004.csv,13.068033333333334
2026-10-06 16:00:36.132,8.9223e-11,Torr,10.back_stm_port,10.back_stm_port/MassSpecData-02115-20261006-160004.csv,13.071499999999999
2026-10-06 16:00:36.341,8.1865e-11,Torr,10.back_stm_port,10.back_stm_port/MassSpecData-02115-20261006-160004.csv,13.074983333333334
2026-10-06 16:00:36.549,7.8597e-11,Torr,10.back_stm_port,10.back_stm_port/MassSpecData-02115-20261006-160004.csv,13.07845
2026-10-06 16:00:36.757,8.8069e-11,Torr,10.back_stm_port,10.back_stm_port/MassSpecData-02115-20261006-160004.csv,13.081916666666666
2026-10-06 16:00:36.966,8.3605e-11,Torr,10.back_stm_port,10.back_stm_port/MassSpecData-02115-20261006-160004.csv,13.0854
2026-10-06 16:00:37.174,8.2293e-11,Torr,10.back_stm_port,10.back_stm_port/MassSpecData-02115-20261006-160004.csv,13.088866666666666
2026-10-06 16:00:37.382,8.0888e-11,Torr,10.back_stm_port,10.back_stm_port/MassSpecData-02115-20261006-160004.csv,13.092333333333332
2026-10-06 16:00:37.591,8.8308e-11,Torr,10.back_stm_port,10.back_stm_port/MassSpecData-02115-20261006-160004.csv,13.095816666666668
2026-10-06 16:00:37.799,9.6171e-11,Torr,10.back_stm_port,10.back_stm_port/MassSpecData-02115-20261006-160004.csv,13.099283333333334
2026-10-06 16:00:38.007,8.4934e-11,Torr,10.back_stm_port,10.back_stm_port/MassSpecData-02115-20261006-160004.csv,13.102749999999999
2026-10-06 16:00:38.216,7.744e-11,Torr,10.back_stm_port,10.back_stm_port/MassSpecData-02115-20261006-160004.csv,13.106233333333334
2026-10-06 16:00:38.424,9.2577e-11,Torr,10.back_stm_port,10.back_stm_port/MassSpecData-02115-20261006-160004.csv,13.1097
2026-10-06 16:00:38.632,8.9197e-11,Torr,10.back_stm_port,10.back_stm_port/MassSpecData-02115-20261006-160004.csv,13.113166666666666
2026-10-06 16:00:38.841,8.6308e-11,Torr,10.back_stm_port,10.back_stm_port/MassSpecData-02115-20261006-160004.csv,13.11665
2026-10-06 16:00:39.049,8.182e-11,Torr,10.back_stm_port,10.back_stm_port/MassSpecData-02115-20261006-160004.csv,13.120116666666666
2026-10-06 16:00:39.257,8.7369e-11,Torr,10.back_stm_port,10.back_stm_port/MassSpecData-02115-20261006-160004.csv,13.123583333333332
2026-10-06 16:00:39.466,8.8652e-11,Torr,10.back_stm_port,10.back_stm_port/MassSpecData-02115-20261006-160004.csv,13.127066666666668
2026-10-06 16:00:39.674,8.8652e-11,Torr,10.back_stm_port,10.back_stm_port/MassSpecData-02115-20261006-160004.csv,13.130533333333334
2026-10-06 16:00:39.882,7.9523e-11,Torr,10.back_stm_port,10.back_stm_port/MassSpecData-02115-20261006-160004.csv,13.133999999999999
2026-10-06 16:00:40.091,8.7948e-11,Torr,10.back_stm_port,10.back_stm_port/MassSpecData-02115-20261006-160004.csv,13.137483333333334
2026-10-06 16:00:40.299,8.0903e-11,Torr,10.back_stm_port,10.back_stm_port/MassSpecData-02115-20261006-160004.csv,13.14095
2026-10-06 16:00:40.507,8.433e-11,Torr,10.back_stm_port,10.back_stm_port/MassSpecData-02115-20261006-160004.csv,13.144416666666666
2026-10-06 16:00:40.716,8.7122e-11,Torr,10.back_stm_port,10.back_stm_port/MassSpecData-02115-20261006-160004.csv,13.1479
2026-10-06 16:00:40.924,8.563e-11,Torr,10.back_stm_port,10.back_stm_port/MassSpecData-02115-20261006-160004.csv,13.151366666666666
2026-10-06 16:00:41.132,8.0868e-11,Torr,10.back_stm_port,10.back_stm_port/MassSpecData-02115-20261006-160004.csv,13.154833333333332
2026-10-06 16:00:41.341,7.3984e-11,Torr,10.back_stm_port,10.back_stm_port/MassSpecData-02115-20261006-160004.csv,13.158316666666668
2026-10-06 16:00:41.549,8.2027e-11,Torr,10.back_stm_port,10.back_stm_port/MassSpecData-02115-20261006-160004.csv,13.161783333333334
2026-10-06 16:00:41.757,8.5062e-11,Torr,10.back_stm_port,10.back_stm_port/MassSpecData-02115-20261006-160004.csv,13.165249999999999
2026-10-06 16:00:41.966,8.5538e-11,Torr,10.back_stm_port,10.back_stm_port/MassSpecData-02115-20261006-160004.csv,13.168733333333334
2026-10-06 16:00:42.174,9.5077e-11,Torr,10.back_stm_port,10.back_stm_port/MassSpecData-02115-20261006-160004.csv,13.1722
2026-10-06 16:00:42.383,8.2982e-11,Torr,10.back_stm_port,10.back_stm_port/MassSpecData-02115-20261006-160004.csv,13.175683333333334
2026-10-06 16:00:42.591,7.8557e-11,Torr,10.back_stm_port,10.back_stm_port/MassSpecData-02115-20261006-160004.csv,13.17915
2026-10-06 16:00:42.799,1.0028e-10,Torr,10.back_stm_port,10.back_stm_port/MassSpecData-02115-20261006-160004.csv,13.182616666666666
2026-10-06 16:00:43.008,9.3145e-11,Torr,10.back_stm_port,10.back_stm_port/MassSpecData-02115-20261006-160004.csv,13.186100000000001
2026-10-06 16:00:43.216,8.5889e-11,Torr,10.back_stm_port,10.back_stm_port/MassSpecData-02115-20261006-160004.csv,13.189566666666668
2026-10-06 16:00:43.424,7.2429e-11,Torr,10.back_stm_port,10.back_stm_port/MassSpecData-02115-20261006-160004.csv,13.193033333333334
2026-10-06 16:00:43.633,7.3209e-11,Torr,10.back_stm_port,10.back_stm_port/MassSpecData-02115-20261006-160004.csv,13.196516666666668
2026-10-06 16:00:43.841,8.7609e-11,Torr,10.back_stm_port,10.back_stm_port/MassSpecData-02115-20261006-160004.csv,13.199983333333334
2026-10-06 16:00:44.049,8.1879e-11,Torr,10.back_stm_port,10.back_stm_port/MassSpecData-02115-20261006-160004.csv,13.20345
2026-10-06 16:00:44.258,9.2795e-11,Torr,10.back_stm_port,10.back_stm_port/MassSpecData-02115-20261006-160004.csv,13.206933333333334
2026-10-06 16:00:44.466,8.0115e-11,Torr,10.back_stm_port,10.back_stm_port/MassSpecData-02115-20261006-160004.csv,13.2104
2026-10-06 16:00:44.674,8.1037e-11,Torr,10.back_stm_port,10.back_stm_port/MassSpecData-02115-20261006-160004.csv,13.213866666666666
2026-10-06 16:00:44.883,8.7861e-11,Torr,10.back_stm_port,10.back_stm_port/MassSpecData-02115-20261006-160004.csv,13.217350000000001
2026-10-06 16:00:45.091,8.3238e-11,Torr,10.back_stm_port,10.back_stm_port/MassSpecData-02115-20261006-160004.csv,13.220816666666668
2026-10-06 16:00:45.299,7.7109e-11,Torr,10.back_stm_port,10.back_stm_port/MassSpecData-02115-20261006-160004.csv,13.224283333333334
2026-10-06 16:00:45.508,8.039e-11,Torr,10.back_stm_port,10.back_stm_port/MassSpecData-02115-20261006-160004.csv,13.227766666666668
2026-10-06 16:00:45.716,7.7622e-11,Torr,10.back_stm_port,10.back_stm_port/MassSpecData-02115-20261006-160004.csv,13.231233333333334
2026-10-06 16:00:45.924,8.1029e-11,Torr,10.back_stm_port,10.back_stm_port/MassSpecData-02115-20261006-160004.csv,13.2347
2026-10-06 16:00:46.273,7.8485e-11,Torr,10.back_stm_port,10.back_stm_port/MassSpecData-02115-20261006-160046.csv,13.240516666666668
2026-10-06 16:00:46.481,7.828e-11,Torr,10.back_stm_port,10.back_stm_port/MassSpecData-02115-20261006-160046.csv,13.243983333333334
2026-10-06 16:00:46.690,8.1203e-11,Torr,10.back_stm_port,10.back_stm_port/MassSpecData-02115-20261006-160046.csv,13.247466666666666
2026-10-06 16:00:46.898,8.6873e-11,Torr,10.back_stm_port,10.back_stm_port/MassSpecData-02115-20261006-160046.csv,13.250933333333334
2026-10-06 16:00:47.106,8.3043e-11,Torr,10.back_stm_port,10.back_stm_port/MassSpecData-02115-20261006-160046.csv,13.2544
2026-10-06 16:00:47.315,9.0333e-11,Torr,10.back_stm_port,10.back_stm_port/MassSpecData-02115-20261006-160046.csv,13.257883333333332
2026-10-06 16:00:47.523,8.6774e-11,Torr,10.back_stm_port,10.back_stm_port/MassSpecData-02115-20261006-160046.csv,13.26135
2026-10-06 16:00:47.731,8.2369e-11,Torr,10.back_stm_port,10.back_stm_port/MassSpecData-02115-20261006-160046.csv,13.264816666666666
2026-10-06 16:00:47.939,7.7461e-11,Torr,10.back_stm_port,10.back_stm_port/MassSpecData-02115-20261006-160046.csv,13.268283333333333
2026-10-06 16:00:48.148,8.214e-11,Torr,10.back_stm_port,10.back_stm_port/MassSpecData-02115-20261006-160046.csv,13.271766666666668
2026-10-06 16:00:48.356,1.0007e-10,Torr,10.back_stm_port,10.back_stm_port/MassSpecData-02115-20261006-160046.csv,13.275233333333334
2026-10-06 16:00:48.565,1.0092e-10,Torr,10.back_stm_port,10.back_stm_port/MassSpecData-02115-20261006-160046.csv,13.278716666666666
2026-10-06 16:00:48.773,9.1718e-11,Torr,10.back_stm_port,10.back_stm_port/MassSpecData-02115-20261006-160046.csv,13.282183333333334
2026-10-06 16:00:48.981,7.9615e-11,Torr,10.back_stm_port,10.back_stm_port/MassSpecData-02115-20261006-160046.csv,13.28565
2026-10-06 16:00:49.190,8.6388e-11,Torr,10.back_stm_port,10.back_stm_port/MassSpecData-02115-20261006-160046.csv,13.289133333333332
2026-10-06 16:00:49.398,8.3542e-11,Torr,10.back_stm_port,10.back_stm_port/MassSpecData-02115-20261006-160046.csv,13.2926
2026-10-06 16:00:49.606,9.4706e-11,Torr,10.back_stm_port,10.back_stm_port/MassSpecData-02115-20261006-160046.csv,13.296066666666666
2026-10-06 16:00:49.815,9.7956e-11,Torr,10.back_stm_port,10.back_stm_port/MassSpecData-02115-20261006-160046.csv,13.29955
2026-10-06 16:00:50.023,7.4629e-11,Torr,10.back_stm_port,10.back_stm_port/MassSpecData-02115-20261006-160046.csv,13.303016666666668
2026-10-06 16:00:50.231,9.1455e-11,Torr,10.back_stm_port,10.back_stm_port/MassSpecData-02115-20261006-160046.csv,13.306483333333334
2026-10-06 16:00:50.440,7.6404e-11,Torr,10.back_stm_port,10.back_stm_port/MassSpecData-02115-20261006-160046.csv,13.309966666666666
2026-10-06 16:00:50.648,8.0546e-11,Torr,10.back_stm_port,10.back_stm_port/MassSpecData-02115-20261006-160046.csv,13.313433333333334
2026-10-06 16:00:50.856,7.5888e-11,Torr,10.back_stm_port,10.back_stm_port/MassSpecData-02115-20261006-160046.csv,13.3169
2026-10-06 16:00:51.065,6.7416e-11,Torr,10.back_stm_port,10.back_stm_port/MassSpecData-02115-20261006-160046.csv,13.320383333333332
2026-10-06 16:00:51.273,8.8025e-11,Torr,10.back_stm_port,10.back_stm_port/MassSpecData-02115-20261006-160046.csv,13.32385
2026-10-06 16:00:51.481,8.5646e-11,Torr,10.back_stm_port,10.back_stm_port/MassSpecData-02115-20261006-160046.csv,13.327316666666666
2026-10-06 16:00:51.689,8.3634e-11,Torr,10.back_stm_port,10.back_stm_port/MassSpecData-02115-20261006-160046.csv,13.330783333333333
2026-10-06 16:00:51.898,7.8152e-11,Torr,10.back_stm_port,10.back_stm_port/MassSpecData-02115-20261006-160046.csv,13.334266666666668
2026-10-06 16:00:52.106,8.8258e-11,Torr,10.back_stm_port,10.back_stm_port/MassSpecData-02115-20261006-160046.csv,13.337733333333334
2026-10-06 16:00:52.314,7.3677e-11,Torr,10.back_stm_port,10.back_stm_port/MassSpecData-02115-20261006-160046.csv,13.341199999999999
2026-10-06 16:00:52.523,8.1472e-11,Torr,10.back_stm_port,10.back_stm_port/MassSpecData-02115-20261006-160046.csv,13.344683333333334
2026-10-06 16:00:52.731,8.2111e-11,Torr,10.back_stm_port,10.back_stm_port/MassSpecData-02115-20261006-160046.csv,13.34815
2026-10-06 16:00:52.939,8.146e-11,Torr,10.back_stm_port,10.back_stm_port/MassSpecData-02115-20261006-160046.csv,13.351616666666667
2026-10-06 16:00:53.148,7.5245e-11,Torr,10.back_stm_port,10.back_stm_port/MassSpecData-02115-20261006-160046.csv,13.3551
2026-10-06 16:00:53.356,7.5706e-11,Torr,10.back_stm_port,10.back_stm_port/MassSpecData-02115-20261006-160046.csv,13.358566666666666
2026-10-06 16:00:53.564,9.0047e-11,Torr,10.back_stm_port,10.back_stm_port/MassSpecData-02115-20261006-160046.csv,13.362033333333333
2026-10-06 16:00:53.773,1.1109e-10,Torr,10.back_stm_port,10.back_stm_port/MassSpecData-02115-20261006-160046.csv,13.365516666666668
2026-10-06 16:00:53.981,7.1725e-11,Torr,10.back_stm_port,10.back_stm_port/MassSpecData-02115-20261006-160046.csv,13.368983333333334
2026-10-06 16:00:54.189,7.6063e-11,Torr,10.back_stm_port,10.back_stm_port/MassSpecData-02115-20261006-160046.csv,13.372449999999999
2026-10-06 16:00:54.398,9.2696e-11,Torr,10.back_stm_port,10.back_stm_port/MassSpecData-02115-20261006-160046.csv,13.375933333333334
2026-10-06 16:00:54.606,8.4148e-11,Torr,10.back_stm_port,10.back_stm_port/MassSpecData-02115-20261006-160046.csv,13.3794
2026-10-06 16:00:54.814,7.7714e-11,Torr,10.back_stm_port,10.back_stm_port/MassSpecData-02115-20261006-160046.csv,13.382866666666667
2026-10-06 16:00:55.023,8.7788e-11,Torr,10.back_stm_port,10.back_stm_port/MassSpecData-02115-20261006-160046.csv,13.38635
2026-10-06 16:00:55.231,9.4849e-11,Torr,10.back_stm_port,10.back_stm_port/MassSpecData-02115-20261006-160046.csv,13.389816666666666
2026-10-06 16:00:55.440,1.0351e-10,Torr,10.back_stm_port,10.back_stm_port/MassSpecData-02115-20261006-160046.csv,13.3933
2026-10-06 16:00:55.648,8.234e-11,Torr,10.back_stm_port,10.back_stm_port/MassSpecData-02115-20261006-160046.csv,13.396766666666668
2026-10-06 16:00:55.856,7.8246e-11,Torr,10.back_stm_port,10.back_stm_port/MassSpecData-02115-20261006-160046.csv,13.400233333333334
2026-10-06 16:00:56.065,9.172e-11,Torr,10.back_stm_port,10.back_stm_port/MassSpecData-02115-20261006-160046.csv,13.403716666666666
2026-10-06 16:00:56.273,9.2116e-11,Torr,10.back_stm_port,10.back_stm_port/MassSpecData-02115-20261006-160046.csv,13.407183333333334
2026-10-06 16:00:56.481,1.0815e-10,Torr,10.back_stm_port,10.back_stm_port/MassSpecData-02115-20261006-160046.csv,13.41065
2026-10-06 16:00:56.690,8.4475e-11,Torr,10.back_stm_port,10.back_stm_port/MassSpecData-02115-20261006-160046.csv,13.414133333333332
2026-10-06 16:00:56.898,7.7638e-11,Torr,10.back_stm_port,10.back_stm_port/MassSpecData-02115-20261006-160046.csv,13.4176
2026-10-06 16:00:57.106,8.8698e-11,Torr,10.back_stm_port,10.back_stm_port/MassSpecData-02115-20261006-160046.csv,13.421066666666666
2026-10-06 16:00:57.315,9.1374e-11,Torr,10.back_stm_port,10.back_stm_port/MassSpecData-02115-20261006-160046.csv,13.42455
2026-10-06 16:00:57.523,1.0714e-10,Torr,10.back_stm_port,10.back_stm_port/MassSpecData-02115-20261006-160046.csv,13.428016666666668
2026-10-06 16:00:57.731,6.851e-11,Torr,10.back_stm_port,10.back_stm_port/MassSpecData-02115-20261006-160046.csv,13.431483333333334
2026-10-06 16:00:57.940,1.005e-10,Torr,10.back_stm_port,10.back_stm_port/MassSpecData-02115-20261006-160046.csv,13.434966666666666
2026-10-06 16:00:58.148,9.8362e-11,Torr,10.back_stm_port,10.back_stm_port/MassSpecData-02115-20261006-160046.csv,13.438433333333334
2026-10-06 16:00:58.356,9.8773e-11,Torr,10.back_stm_port,10.back_stm_port/MassSpecData-02115-20261006-160046.csv,13.4419
2026-10-06 16:00:58.565,7.8891e-11,Torr,10.back_stm_port,10.back_stm_port/MassSpecData-02115-20261006-160046.csv,13.445383333333332
2026-10-06 16:00:58.773,1.0394e-10,Torr,10.back_stm_port,10.back_stm_port/MassSpecData-02115-20261006-160046.csv,13.44885
2026-10-06 16:00:58.981,9.4859e-11,Torr,10.back_stm_port,10.back_stm_port/MassSpecData-02115-20261006-160046.csv,13.452316666666666
2026-10-06 16:00:59.190,7.9302e-11,Torr,10.back_stm_port,10.back_stm_port/MassSpecData-02115-20261006-160046.csv,13.4558
2026-10-06 16:00:59.398,7.5758e-11,Torr,10.back_stm_port,10.back_stm_port/MassSpecData-02115-20261006-160046.csv,13.459266666666668
2026-10-06 16:00:59.606,8.4933e-11,Torr,10.back_stm_port,10.back_stm_port/MassSpecData-02115-20261006-160046.csv,13.462733333333334
2026-10-06 16:00:59.815,8.2995e-11,Torr,10.back_stm_port,10.back_stm_port/MassSpecData-02115-20261006-160046.csv,13.466216666666666
2026-10-06 16:01:00.023,7.8759e-11,Torr,10.back_stm_port,10.back_stm_port/MassSpecData-02115-20261006-160046.csv,13.469683333333334
2026-10-06 16:01:00.231,1.0847e-10,Torr,10.back_stm_port,10.back_stm_port/MassSpecData-02115-20261006-160046.csv,13.47315
2026-10-06 16:01:00.440,9.0877e-11,Torr,10.back_stm_port,10.back_stm_port/MassSpecData-02115-20261006-160046.csv,13.476633333333332
2026-10-06 16:01:00.648,8.3659e-11,Torr,10.back_stm_port,10.back_stm_port/MassSpecData-02115-20261006-160046.csv,13.4801
2026-10-06 16:01:00.856,7.9864e-11,Torr,10.back_stm_port,10.back_stm_port/MassSpecData-02115-20261006-160046.csv,13.483566666666666
2026-10-06 16:01:01.065,8.5382e-11,Torr,10.back_stm_port,10.back_stm_port/MassSpecData-02115-20261006-160046.csv,13.48705
2026-10-06 16:01:01.273,9.5859e-11,Torr,10.back_stm_port,10.back_stm_port/MassSpecData-02115-20261006-160046.csv,13.490516666666668
2026-10-06 16:01:01.481,7.834e-11,Torr,10.back_stm_port,10.back_stm_port/MassSpecData-02115-20261006-160046.csv,13.493983333333334
2026-10-06 16:01:01.690,8.3375e-11,Torr,10.back_stm_port,10.back_stm_port/MassSpecData-02115-20261006-160046.csv,13.497466666666666
2026-10-06 16:01:01.898,9.4903e-11,Torr,10.back_stm_port,10.back_stm_port/MassSpecData-02115-20261006-160046.csv,13.500933333333334
2026-10-06 16:01:02.106,7.2913e-11,Torr,10.back_stm_port,10.back_stm_port/MassSpecData-02115-20261006-160046.csv,13.5044
2026-10-06 16:01:02.315,7.9923e-11,Torr,10.back_stm_port,10.back_stm_port/MassSpecData-02115-20261006-160046.csv,13.507883333333332
2026-10-06 16:01:02.523,8.159e-11,Torr,10.back_stm_port,10.back_stm_port/MassSpecData-02115-20261006-160046.csv,13.51135
2026-10-06 16:01:02.731,7.3225e-11,Torr,10.back_stm_port,10.back_stm_port/MassSpecData-02115-20261006-160046.csv,13.514816666666666
2026-10-06 16:01:02.940,9.8136e-11,Torr,10.back_stm_port,10.back_stm_port/MassSpecData-02115-20261006-160046.csv,13.5183
2026-10-06 16:01:03.148,1.0042e-10,Torr,10.back_stm_port,10.back_stm_port/MassSpecData-02115-20261006-160046.csv,13.521766666666668
2026-10-06 16:01:03.356,7.8645e-11,Torr,10.back_stm_port,10.back_stm_port/MassSpecData-02115-20261006-160046.csv,13.525233333333334
2026-10-06 16:01:03.565,7.5018e-11,Torr,10.back_stm_port,10.back_stm_port/MassSpecData-02115-20261006-160046.csv,13.528716666666666
2026-10-06 16:01:03.773,9.593e-11,Torr,10.back_stm_port,10.back_stm_port/MassSpecData-02115-20261006-160046.csv,13.532183333333334
2026-10-06 16:01:03.981,8.7512e-11,Torr,10.back_stm_port,10.back_stm_port/MassSpecData-02115-20261006-160046.csv,13.53565
2026-10-06 16:01:04.190,7.7404e-11,Torr,10.back_stm_port,10.back_stm_port/MassSpecData-02115-20261006-160046.csv,13.539133333333332
2026-10-06 16:01:04.398,9.108e-11,Torr,10.back_stm_port,10.back_stm_port/MassSpecData-02115-20261006-160046.csv,13.5426
2026-10-06 16:01:04.606,6.2743e-11,Torr,10.back_stm_port,10.back_stm_port/MassSpecData-02115-20261006-160046.csv,13.546066666666666
2026-10-06 16:01:04.815,8.4124e-11,Torr,10.back_stm_port,10.back_stm_port/MassSpecData-02115-20261006-160046.csv,13.54955
2026-10-06 16:01:05.023,1.0578e-10,Torr,10.back_stm_port,10.back_stm_port/MassSpecData-02115-20261006-160046.csv,13.553016666666668
2026-10-06 16:01:05.231,7.2984e-11,Torr,10.back_stm_port,10.back_stm_port/MassSpecData-02115-20261006-160046.csv,13.556483333333334
2026-10-06 16:01:05.440,7.6837e-11,Torr,10.back_stm_port,10.back_stm_port/MassSpecData-02115-20261006-160046.csv,13.559966666666666
2026-10-06 16:01:05.648,8.1729e-11,Torr,10.back_stm_port,10.back_stm_port/MassSpecData-02115-20261006-160046.csv,13.563433333333334
2026-10-06 16:01:05.856,8.8423e-11,Torr,10.back_stm_port,10.back_stm_port/MassSpecData-02115-20261006-160046.csv,13.5669
2026-10-06 16:01:06.064,7.5668e-11,Torr,10.back_stm_port,10.back_stm_port/MassSpecData-02115-20261006-160046.csv,13.570366666666667
2026-10-06 16:01:06.273,8.3939e-11,Torr,10.back_stm_port,10.back_stm_port/MassSpecData-02115-20261006-160046.csv,13.57385
2026-10-06 16:01:06.481,9.6298e-11,Torr,10.back_stm_port,10.back_stm_port/MassSpecData-02115-20261006-160046.csv,13.577316666666666
2026-10-06 16:01:06.689,8.9467e-11,Torr,10.back_stm_port,10.back_stm_port/MassSpecData-02115-20261006-160046.csv,13.580783333333333
2026-10-06 16:01:06.898,8.3718e-11,Torr,10.back_stm_port,10.back_stm_port/MassSpecData-02115-20261006-160046.csv,13.584266666666668
2026-10-06 16:01:07.106,7.6432e-11,Torr,10.back_stm_port,10.back_stm_port/MassSpecData-02115-20261006-160046.csv,13.587733333333334
2026-10-06 16:01:07.314,8.139e-11,Torr,10.back_stm_port,10.back_stm_port/MassSpecData-02115-20261006-160046.csv,13.591199999999999
2026-10-06 16:01:07.523,7.838e-11,Torr,10.back_stm_port,10.back_stm_port/MassSpecData-02115-20261006-160046.csv,13.594683333333334
2026-10-06 16:01:07.731,9.003e-11,Torr,10.back_stm_port,10.back_stm_port/MassSpecData-02115-20261006-160046.csv,13.59815
2026-10-06 16:01:07.939,8.901e-11,Torr,10.back_stm_port,10.back_stm_port/MassSpecData-02115-20261006-160046.csv,13.601616666666667
2026-10-06 16:01:08.148,8.8195e-11,Torr,10.back_stm_port,10.back_stm_port/MassSpecData-02115-20261006-160046.csv,13.6051
2026-10-06 16:01:08.356,8.9198e-11,Torr,10.back_stm_port,10.back_stm_port/MassSpecData-02115-20261006-160046.csv,13.608566666666666
2026-10-06 16:01:08.564,8.0163e-11,Torr,10.back_stm_port,10.back_stm_port/MassSpecData-02115-20261006-160046.csv,13.612033333333333
2026-10-06 16:01:08.773,8.2146e-11,Torr,10.back_stm_port,10.back_stm_port/MassSpecData-02115-20261006-160046.csv,13.615516666666668
2026-10-06 16:01:08.981,8.4107e-11,Torr,10.back_stm_port,10.back_stm_port/MassSpecData-02115-20261006-160046.csv,13.618983333333334
2026-10-06 16:01:09.189,8.1423e-11,Torr,10.back_stm_port,10.back_stm_port/MassSpecData-02115-20261006-160046.csv,13.622449999999999
2026-10-06 16:01:09.398,8.8126e-11,Torr,10.back_stm_port,10.back_stm_port/MassSpecData-02115-20261006-160046.csv,13.625933333333334
2026-10-06 16:01:09.606,8.6731e-11,Torr,10.back_stm_port,10.back_stm_port/MassSpecData-02115-20261006-160046.csv,13.6294
2026-10-06 16:01:09.814,9.0257e-11,Torr,10.back_stm_port,10.back_stm_port/MassSpecData-02115-20261006-160046.csv,13.632866666666667
2026-10-06 16:01:10.023,8.5829e-11,Torr,10.back_stm_port,10.back_stm_port/MassSpecData-02115-20261006-160046.csv,13.63635
2026-10-06 16:01:10.231,8.3679e-11,Torr,10.back_stm_port,10.back_stm_port/MassSpecData-02115-20261006-160046.csv,13.639816666666666
2026-10-06 16:01:10.439,8.1753e-11,Torr,10.back_stm_port,10.back_stm_port/MassSpecData-02115-20261006-160046.csv,13.643283333333333
2026-10-06 16:01:10.648,8.445e-11,Torr,10.back_stm_port,10.back_stm_port/MassSpecData-02115-20261006-160046.csv,13.646766666666668
2026-10-06 16:01:10.856,9.8328e-11,Torr,10.back_stm_port,10.back_stm_port/MassSpecData-02115-20261006-160046.csv,13.650233333333334
2026-10-06 16:01:11.064,8.2489e-11,Torr,10.back_stm_port,10.back_stm_port/MassSpecData-02115-20261006-160046.csv,13.653699999999999
2026-10-06 16:01:11.273,7.816e-11,Torr,10.back_stm_port,10.back_stm_port/MassSpecData-02115-20261006-160046.csv,13.657183333333334
2026-10-06 16:01:11.481,9.1062e-11,Torr,10.back_stm_port,10.back_stm_port/MassSpecData-02115-20261006-160046.csv,13.66065
2026-10-06 16:01:11.689,7.7878e-11,Torr,10.back_stm_port,10.back_stm_port/MassSpecData-02115-20261006-160046.csv,13.664116666666667
2026-10-06 16:01:11.898,8.9383e-11,Torr,10.back_stm_port,10.back_stm_port/MassSpecData-02115-20261006-160046.csv,13.6676
2026-10-06 16:01:12.106,1.0214e-10,Torr,10.back_stm_port,10.back_stm_port/MassSpecData-02115-20261006-160046.csv,13.671066666666666
2026-10-06 16:01:12.314,8.5413e-11,Torr,10.back_stm_port,10.back_stm_port/MassSpecData-02115-20261006-160046.csv,13.674533333333333
2026-10-06 16:01:12.523,8.6605e-11,Torr,10.back_stm_port,10.back_stm_port/MassSpecData-02115-20261006-160046.csv,13.678016666666668
2026-10-06 16:01:12.731,9.336e-11,Torr,10.back_stm_port,10.back_stm_port/MassSpecData-02115-20261006-160046.csv,13.681483333333334
2026-10-06 16:01:12.939,8.7884e-11,Torr,10.back_stm_port,10.back_stm_port/MassSpecData-02115-20261006-160046.csv,13.684949999999999
2026-10-06 16:01:13.148,7.6557e-11,Torr,10.back_stm_port,10.back_stm_port/MassSpecData-02115-20261006-160046.csv,13.688433333333334
2026-10-06 16:01:13.356,8.1278e-11,Torr,10.back_stm_port,10.back_stm_port/MassSpecData-02115-20261006-160046.csv,13.6919
2026-10-06 16:01:13.564,7.0983e-11,Torr,10.back_stm_port,10.back_stm_port/MassSpecData-02115-20261006-160046.csv,13.695366666666667
2026-10-06 16:01:13.773,7.7593e-11,Torr,10.back_stm_port,10.back_stm_port/MassSpecData-02115-20261006-160046.csv,13.69885
2026-10-06 16:01:13.981,9.5341e-11,Torr,10.back_stm_port,10.back_stm_port/MassSpecData-02115-20261006-160046.csv,13.702316666666666
2026-10-06 16:01:14.189,9.1572e-11,Torr,10.back_stm_port,10.back_stm_port/MassSpecData-02115-20261006-160046.csv,13.705783333333333
2026-10-06 16:01:14.398,9.7169e-11,Torr,10.back_stm_port,10.back_stm_port/MassSpecData-02115-20261006-160046.csv,13.709266666666668
2026-10-06 16:01:14.606,7.287e-11,Torr,10.back_stm_port,10.back_stm_port/MassSpecData-02115-20261006-160046.csv,13.712733333333334
2026-10-06 16:01:14.814,9.0413e-11,Torr,10.back_stm_port,10.back_stm_port/MassSpecData-02115-20261006-160046.csv,13.716199999999999
2026-10-06 16:01:15.023,9.1579e-11,Torr,10.back_stm_port,10.back_stm_port/MassSpecData-02115-20261006-160046.csv,13.719683333333334
2026-10-06 16:01:15.231,9.7459e-11,Torr,10.back_stm_port,10.back_stm_port/MassSpecData-02115-20261006-160046.csv,13.72315
2026-10-06 16:01:15.439,8.8571e-11,Torr,10.back_stm_port,10.back_stm_port/MassSpecData-02115-20261006-160046.csv,13.726616666666667
2026-10-06 16:01:15.648,7.3136e-11,Torr,10.back_stm_port,10.back_stm_port/MassSpecData-02115-20261006-160046.csv,13.7301
2026-10-06 16:01:15.856,8.9283e-11,Torr,10.back_stm_port,10.back_stm_port/MassSpecData-02115-20261006-160046.csv,13.733566666666666
2026-10-06 16:01:16.064,8.9441e-11,Torr,10.back_stm_port,10.back_stm_port/MassSpecData-02115-20261006-160046.csv,13.737033333333333
2026-10-06 16:01:16.273,6.8669e-11,Torr,10.back_stm_port,10.back_stm_port/MassSpecData-02115-20261006-160046.csv,13.740516666666668
2026-10-06 16:01:16.481,8.4371e-11,Torr,10.back_stm_port,10.back_stm_port/MassSpecData-02115-20261006-160046.csv,13.743983333333334
2026-10-06 16:01:16.689,7.0029e-11,Torr,10.back_stm_port,10.back_stm_port/MassSpecData-02115-20261006-160046.csv,13.747449999999999
2026-10-06 16:01:16.898,8.3122e-11,Torr,10.back_stm_port,10.back_stm_port/MassSpecData-02115-20261006-160046.csv,13.750933333333334
2026-10-06 16:01:17.106,9.7259e-11,Torr,10.back_stm_port,10.back_stm_port/MassSpecData-02115-20261006-160046.csv,13.7544
2026-10-06 16:01:17.314,7.8909e-11,Torr,10.back_stm_port,10.back_stm_port/MassSpecData-02115-20261006-160046.csv,13.757866666666667
2026-10-06 16:01:17.523,7.3262e-11,Torr,10.back_stm_port,10.back_stm_port/MassSpecData-02115-20261006-160046.csv,13.76135
2026-10-06 16:01:17.731,7.9206e-11,Torr,10.back_stm_port,10.back_stm_port/MassSpecData-02115-20261006-160046.csv,13.764816666666666
2026-10-06 16:01:17.939,8.9791e-11,Torr,10.back_stm_port,10.back_stm_port/MassSpecData-02115-20261006-160046.csv,13.768283333333333
2026-10-06 16:01:18.148,8.0673e-11,Torr,10.back_stm_port,10.back_stm_port/MassSpecData-02115-20261006-160046.csv,13.771766666666668
2026-10-06 16:01:18.356,8.0729e-11,Torr,10.back_stm_port,10.back_stm_port/MassSpecData-02115-20261006-160046.csv,13.775233333333334
2026-10-06 16:01:18.564,7.9491e-11,Torr,10.back_stm_port,10.back_stm_port/MassSpecData-02115-20261006-160046.csv,13.778699999999999
2026-10-06 16:01:18.773,8.9809e-11,Torr,10.back_stm_port,10.back_stm_port/MassSpecData-02115-20261006-160046.csv,13.782183333333334
2026-10-06 16:01:18.981,7.861e-11,Torr,10.back_stm_port,10.back_stm_port/MassSpecData-02115-20261006-160046.csv,13.78565
2026-10-06 16:01:19.189,9.5799e-11,Torr,10.back_stm_port,10.back_stm_port/MassSpecData-02115-20261006-160046.csv,13.789116666666667
2026-10-06 16:01:19.398,9.1252e-11,Torr,10.back_stm_port,10.back_stm_port/MassSpecData-02115-20261006-160046.csv,13.7926
2026-10-06 16:01:19.606,7.5532e-11,Torr,10.back_stm_port,10.back_stm_port/MassSpecData-02115-20261006-160046.csv,13.796066666666666
2026-10-06 16:01:19.814,8.718e-11,Torr,10.back_stm_port,10.back_stm_port/MassSpecData-02115-20261006-160046.csv,13.799533333333333
2026-10-06 16:01:20.023,7.9493e-11,Torr,10.back_stm_port,10.back_stm_port/MassSpecData-02115-20261006-160046.csv,13.803016666666668
2026-10-06 16:01:20.231,9.0319e-11,Torr,10.back_stm_port,10.back_stm_port/MassSpecData-02115-20261006-160046.csv,13.806483333333334
2026-10-06 16:01:20.439,8.3491e-11,Torr,10.back_stm_port,10.back_stm_port/MassSpecData-02115-20261006-160046.csv,13.809949999999999
2026-10-06 16:01:20.648,7.7846e-11,Torr,10.back_stm_port,10.back_stm_port/MassSpecData-02115-20261006-160046.csv,13.813433333333334
2026-10-06 16:01:20.856,7.9885e-11,Torr,10.back_stm_port,10.back_stm_port/MassSpecData-02115-20261006-160046.csv,13.8169
2026-10-06 16:01:21.064,9.534e-11,Torr,10.back_stm_port,10.back_stm_port/MassSpecData-02115-20261006-160046.csv,13.820366666666667
2026-10-06 16:01:21.273,8.0546e-11,Torr,10.back_stm_port,10.back_stm_port/MassSpecData-02115-20261006-160046.csv,13.82385
2026-10-06 16:01:21.481,9.9925e-11,Torr,10.back_stm_port,10.back_stm_port/MassSpecData-02115-20261006-160046.csv,13.827316666666666
2026-10-06 16:01:21.689,8.4308e-11,Torr,10.back_stm_port,10.back_stm_port/MassSpecData-02115-20261006-160046.csv,13.830783333333333
2026-10-06 16:01:21.898,8.2995e-11,Torr,10.back_stm_port,10.back_stm_port/MassSpecData-02115-20261006-160046.csv,13.834266666666668
2026-10-06 16:01:22.106,8.2721e-11,Torr,10.back_stm_port,10.back_stm_port/MassSpecData-02115-20261006-160046.csv,13.837733333333334
2026-10-06 16:01:22.314,8.9282e-11,Torr,10.back_stm_port,10.back_stm_port/MassSpecData-02115-20261006-160046.csv,13.841199999999999
2026-10-06 16:01:22.523,8.2767e-11,Torr,10.back_stm_port,10.back_stm_port/MassSpecData-02115-20261006-160046.csv,13.844683333333334
2026-10-06 16:01:22.731,7.2907e-11,Torr,10.back_stm_port,10.back_stm_port/MassSpecData-02115-20261006-160046.csv,13.84815
2026-10-06 16:01:22.939,6.8617e-11,Torr,10.back_stm_port,10.back_stm_port/MassSpecData-02115-20261006-160046.csv,13.851616666666667
2026-10-06 16:01:23.148,8.2353e-11,Torr,10.back_stm_port,10.back_stm_port/MassSpecData-02115-20261006-160046.csv,13.8551
2026-10-06 16:01:23.356,8.1207e-11,Torr,10.back_stm_port,10.back_stm_port/MassSpecData-02115-20261006-160046.csv,13.858566666666666
2026-10-06 16:01:23.564,8.7447e-11,Torr,10.back_stm_port,10.back_stm_port/MassSpecData-02115-20261006-160046.csv,13.862033333333333
2026-10-06 16:01:23.773,9.0562e-11,Torr,10.back_stm_port,10.back_stm_port/MassSpecData-02115-20261006-160046.csv,13.865516666666668
2026-10-06 16:01:23.981,8.6554e-11,Torr,10.back_stm_port,10.back_stm_port/MassSpecData-02115-20261006-160046.csv,13.868983333333334
2026-10-06 16:01:24.190,8.6839e-11,Torr,10.back_stm_port,10.back_stm_port/MassSpecData-02115-20261006-160046.csv,13.872466666666666
2026-10-06 16:01:24.398,7.8665e-11,Torr,10.back_stm_port,10.back_stm_port/MassSpecData-02115-20261006-160046.csv,13.875933333333334
2026-10-06 16:01:24.606,9.1199e-11,Torr,10.back_stm_port,10.back_stm_port/MassSpecData-02115-20261006-160046.csv,13.8794
2026-10-06 16:01:24.815,8.5972e-11,Torr,10.back_stm_port,10.back_stm_port/MassSpecData-02115-20261006-160046.csv,13.882883333333332
2026-10-06 16:01:25.023,8.9145e-11,Torr,10.back_stm_port,10.back_stm_port/MassSpecData-02115-20261006-160046.csv,13.88635
2026-10-06 16:01:25.231,1.0028e-10,Torr,10.back_stm_port,10.back_stm_port/MassSpecData-02115-20261006-160046.csv,13.889816666666666
2026-10-06 16:01:25.440,8.8198e-11,Torr,10.back_stm_port,10.back_stm_port/MassSpecData-02115-20261006-160046.csv,13.8933
2026-10-06 16:01:25.648,7.7319e-11,Torr,10.back_stm_port,10.back_stm_port/MassSpecData-02115-20261006-160046.csv,13.896766666666668
2026-10-06 16:01:25.856,7.6258e-11,Torr,10.back_stm_port,10.back_stm_port/MassSpecData-02115-20261006-160046.csv,13.900233333333334
2026-10-06 16:01:26.065,7.6141e-11,Torr,10.back_stm_port,10.back_stm_port/MassSpecData-02115-20261006-160046.csv,13.903716666666666
2026-10-06 16:01:26.273,9.4698e-11,Torr,10.back_stm_port,10.back_stm_port/MassSpecData-02115-20261006-160046.csv,13.907183333333334
2026-10-06 16:01:26.481,8.1727e-11,Torr,10.back_stm_port,10.back_stm_port/MassSpecData-02115-20261006-160046.csv,13.91065
2026-10-06 16:01:26.690,9.0487e-11,Torr,10.back_stm_port,10.back_stm_port/MassSpecData-02115-20261006-160046.csv,13.914133333333332
2026-10-06 16:01:26.898,9.5621e-11,Torr,10.back_stm_port,10.back_stm_port/MassSpecData-02115-20261006-160046.csv,13.9176
2026-10-06 16:01:27.106,8.3399e-11,Torr,10.back_stm_port,10.back_stm_port/MassSpecData-02115-20261006-160046.csv,13.921066666666666
2026-10-06 16:01:27.315,9.8597e-11,Torr,10.back_stm_port,10.back_stm_port/MassSpecData-02115-20261006-160046.csv,13.92455
2026-10-06 16:01:27.523,9.5267e-11,Torr,10.back_stm_port,10.back_stm_port/MassSpecData-02115-20261006-160046.csv,13.928016666666668
2026-10-06 16:01:27.731,7.8823e-11,Torr,10.back_stm_port,10.back_stm_port/MassSpecData-02115-20261006-160046.csv,13.931483333333334
