timestamp,pressure,pressure_unit,location,source_file,elapsed_minutes
2026-10-06 16:24:46.782,6.5644e-11,Torr,12.small_stm_window_2,12.small_stm_window_2/MassSpecData-02115-20261006-162446.csv,0.0
2026-10-06 16:24:46.990,9.1982e-11,Torr,12.small_stm_window_2,12.small_stm_window_2/MassSpecData-02115-20261006-162446.csv,0.0034666666666666665
2026-10-06 16:24:47.199,6.4117e-11,Torr,12.small_stm_window_2,12.small_stm_window_2/MassSpecData-02115-20261006-162446.csv,0.00695
2026-10-06 16:24:47.407,8.8961e-11,Torr,12.small_stm_window_2,12.small_stm_window_2/MassSpecData-02115-20261006-162446.csv,0.010416666666666666
2026-10-06 16:24:47.615,7.9908e-11,Torr,12.small_stm_window_2,12.small_stm_window_2/MassSpecData-02115-20261006-162446.csv,0.013883333333333333
2026-10-06 16:24:47.824,7.53e-11,Torr,12.small_stm_window_2,12.small_stm_window_2/MassSpecData-02115-20261006-162446.csv,0.017366666666666666
2026-10-06 16:24:48.032,9.4251e-11,Torr,12.small_stm_window_2,12.small_stm_window_2/MassSpecData-02115-20261006-162446.csv,0.020833333333333332
2026-10-06 16:24:48.240,8.7448e-11,Torr,12.small_stm_window_2,12.small_stm_window_2/MassSpecData-02115-20261006-162446.csv,0.0243
2026-10-06 16:24:48.448,8.6486e-11,Torr,12.small_stm_window_2,12.small_stm_window_2/MassSpecData-02115-20261006-162446.csv,0.027766666666666665
2026-10-06 16:24:48.657,8.9808e-11,Torr,12.small_stm_window_2,12.small_stm_window_2/MassSpecData-02115-20261006-162446.csv,0.03125
2026-10-06 16:24:48.865,8.234e-11,Torr,12.small_stm_window_2,12.small_stm_window_2/MassSpecData-02115-20261006-162446.csv,0.034716666666666667
2026-10-06 16:24:49.074,7.9223e-11,Torr,12.small_stm_window_2,12.small_stm_window_2/MassSpecData-02115-20261006-162446.csv,0.0382
2026-10-06 16:24:49.282,9.5398e-11,Torr,12.small_stm_window_2,12.small_stm_window_2/MassSpecData-02115-20261006-162446.csv,0.041666666666666664
2026-10-06 16:24:49.490,7.5528e-11,Torr,12.small_stm_window_2,12.small_stm_window_2/MassSpecData-02115-20261006-162446.csv,0.04513333333333334
2026-10-06 16:24:49.699,8.7041e-11,Torr,12.small_stm_window_2,12.small_stm_window_2/MassSpecData-02115-20261006-162446.csv,0.04861666666666666
2026-10-06 16:24:49.907,7.9616e-11,Torr,12.small_stm_window_2,12.small_stm_window_2/MassSpecData-02115-20261006-162446.csv,0.052083333333333336
2026-10-06 16:24:50.115,8.2584e-11,Torr,12.small_stm_window_2,12.small_stm_window_2/MassSpecData-02115-20261006-162446.csv,0.05555
2026-10-06 16:24:50.324,8.6426e-11,Torr,12.small_stm_window_2,12.small_stm_window_2/MassSpecData-02115-20261006-162446.csv,0.059033333333333333
2026-10-06 16:24:50.532,8.7017e-11,Torr,12.small_stm_window_2,12.small_stm_window_2/MassSpecData-02115-20261006-162446.csv,0.0625
2026-10-06 16:24:50.740,8.316e-11,Torr,12.small_stm_window_2,12.small_stm_window_2/MassSpecData-02115-20261006-162446.csv,0.06596666666666667
2026-10-06 16:24:50.949,8.6096e-11,Torr,12.small_stm_window_2,12.small_stm_window_2/MassSpecData-02115-20261006-162446.csv,0.06945
2026-10-06 16:24:51.157,8.661e-11,Torr,12.small_stm_window_2,12.small_stm_window_2/MassSpecData-02115-20261006-162446.csv,0.07291666666666667
2026-10-06 16:24:51.365,9.5908e-11,Torr,12.small_stm_window_2,12.small_stm_window_2/MassSpecData-02115-20261006-162446.csv,0.07638333333333333
2026-10-06 16:24:51.574,7.8511e-11,Torr,12.small_stm_window_2,12.small_stm_window_2/MassSpecData-02115-20261006-162446.csv,0.07986666666666667
2026-10-06 16:24:51.782,6.7879e-11,Torr,12.small_stm_window_2,12.small_stm_window_2/MassSpecData-02115-20261006-162446.csv,0.08333333333333333
2026-10-06 16:24:51.990,8.567e-11,Torr,12.small_stm_window_2,12.small_stm_window_2/MassSpecData-02115-20261006-162446.csv,0.0868
2026-10-06 16:24:52.198,7.2455e-11,Torr,12.small_stm_window_2,12.small_stm_window_2/MassSpecData-02115-20261006-162446.csv,0.09026666666666668
2026-10-06 16:24:52.407,8.102e-11,Torr,12.small_stm_window_2,12.small_stm_window_2/MassSpecData-02115-20261006-162446.csv,0.09375
2026-10-06 16:24:52.615,8.0258e-11,Torr,12.small_stm_window_2,12.small_stm_window_2/MassSpecData-02115-20261006-162446.csv,0.09721666666666667
2026-10-06 16:24:52.823,7.5908e-11,Torr,12.small_stm_window_2,12.small_stm_window_2/MassSpecData-02115-20261006-162446.csv,0.10068333333333333
2026-10-06 16:24:53.032,8.1756e-11,Torr,12.small_stm_window_2,12.small_stm_window_2/MassSpecData-02115-20261006-162446.csv,0.10416666666666667
2026-10-06 16:24:53.240,8.8026e-11,Torr,12.small_stm_window_2,12.small_stm_window_2/MassSpecData-02115-20261006-162446.csv,0.10763333333333333
2026-10-06 16:24:53.448,8.758e-11,Torr,12.small_stm_window_2,12.small_stm_window_2/MassSpecData-02115-20261006-162446.csv,0.1111
2026-10-06 16:24:53.657,8.9553e-11,Torr,12.small_stm_window_2,12.small_stm_window_2/MassSpecData-02115-20261006-162446.csv,0.11458333333333333
2026-10-06 16:24:53.865,8.0781e-11,Torr,12.small_stm_window_2,12.small_stm_window_2/MassSpecData-02115-20261006-162446.csv,0.11805
2026-10-06 16:24:54.073,9.3386e-11,Torr,12.small_stm_window_2,12.small_stm_window_2/MassSpecData-02115-20261006-162446.csv,0.12151666666666668
2026-10-06 16:24:54.282,8.1501e-11,Torr,12.small_stm_window_2,12.small_stm_window_2/MassSpecData-02115-20261006-162446.csv,0.125
2026-10-06 16:24:54.490,7.7983e-11,Torr,12.small_stm_window_2,12.small_stm_window_2/MassSpecData-02115-20261006-162446.csv,0.12846666666666667
2026-10-06 16:24:54.698,1.05e-10,Torr,12.small_stm_window_2,12.small_stm_window_2/MassSpecData-02115-20261006-162446.csv,0.13193333333333335
2026-10-06 16:24:54.907,7.5845e-11,Torr,12.small_stm_window_2,12.small_stm_window_2/MassSpecData-02115-20261006-162446.csv,0.13541666666666666
2026-10-06 16:24:55.115,9.014e-11,Torr,12.small_stm_window_2,12.small_stm_window_2/MassSpecData-02115-20261006-162446.csv,0.13888333333333333
2026-10-06 16:24:55.323,7.821e-11,Torr,12.small_stm_window_2,12.small_stm_window_2/MassSpecData-02115-20261006-162446.csv,0.14235
2026-10-06 16:24:55.532,8.6461e-11,Torr,12.small_stm_window_2,12.small_stm_window_2/MassSpecData-02115-20261006-162446.csv,0.14583333333333334
2026-10-06 16:24:55.740,8.092e-11,Torr,12.small_stm_window_2,12.small_stm_window_2/MassSpecData-02115-20261006-162446.csv,0.14930000000000002
2026-10-06 16:24:55.949,8.0811e-11,Torr,12.small_stm_window_2,12.small_stm_window_2/MassSpecData-02115-20261006-162446.csv,0.15278333333333333
2026-10-06 16:24:56.157,9.3217e-11,Torr,12.small_stm_window_2,12.small_stm_window_2/MassSpecData-02115-20261006-162446.csv,0.15625
2026-10-06 16:24:56.365,8.4061e-11,Torr,12.small_stm_window_2,12.small_stm_window_2/MassSpecData-02115-20261006-162446.csv,0.15971666666666667
2026-10-06 16:24:56.574,8.6694e-11,Torr,12.small_stm_window_2,12.small_stm_window_2/MassSpecData-02115-20261006-162446.csv,0.16319999999999998
2026-10-06 16:24:56.782,8.7782e-11,Torr,12.small_stm_window_2,12.small_stm_window_2/MassSpecData-02115-20261006-162446.csv,0.16666666666666666
2026-10-06 16:24:56.990,9.0997e-11,Torr,12.small_stm_window_2,12.small_stm_window_2/MassSpecData-02115-20261006-162446.csv,0.17013333333333333
2026-10-06 16:24:57.199,8.1079e-11,Torr,12.small_stm_window_2,12.small_stm_window_2/MassSpecData-02115-20261006-162446.csv,0.17361666666666667
2026-10-06 16:24:57.407,8.2366e-11,Torr,12.small_stm_window_2,12.small_stm_window_2/MassSpecData-02115-20261006-162446.csv,0.17708333333333334
2026-10-06 16:24:57.615,7.6878e-11,Torr,12.small_stm_window_2,12.small_stm_window_2/MassSpecData-02115-20261006-162446.csv,0.18055000000000002
2026-10-06 16:24:57.824,8.0841e-11,Torr,12.small_stm_window_2,12.small_stm_window_2/MassSpecData-02115-20261006-162446.csv,0.18403333333333333
2026-10-06 16:24:58.032,8.8529e-11,Torr,12.small_stm_window_2,12.small_stm_window_2/MassSpecData-02115-20261006-162446.csv,0.1875
2026-10-06 16:24:58.240,8.4603e-11,Torr,12.small_stm_window_2,12.small_stm_window_2/MassSpecData-02115-20261006-162446.csv,0.19096666666666667
2026-10-06 16:24:58.449,8.454e-11,Torr,12.small_stm_window_2,12.small_stm_window_2/MassSpecData-02115-20261006-162446.csv,0.19444999999999998
2026-10-06 16:24:58.657,7.7124e-11,Torr,12.small_stm_window_2,12.small_stm_window_2/MassSpecData-02115-20261006-162446.csv,0.19791666666666666
2026-10-06 16:24:58.865,7.7475e-11,Torr,12.small_stm_window_2,12.small_stm_window_2/MassSpecData-02115-20261006-162446.csv,0.20138333333333333
2026-10-06 16:24:59.074,8.6114e-11,Torr,12.small_stm_window_2,12.small_stm_window_2/MassSpecData-02115-20261006-162446.csv,0.20486666666666667
2026-10-06 16:24:59.282,9.5087e-11,Torr,12.small_stm_window_2,12.small_stm_window_2/MassSpecData-02115-20261006-162446.csv,0.20833333333333334
2026-10-06 16:24:59.490,1.0056e-10,Torr,12.small_stm_window_2,12.small_stm_window_2/MassSpecData-02115-20261006-162446.csv,0.21180000000000002
2026-10-06 16:24:59.699,9.6398e-11,Torr,12.small_stm_window_2,12.small_stm_window_2/MassSpecData-02115-20261006-162446.csv,0.21528333333333333
2026-10-06 16:24:59.907,8.7062e-11,Torr,12.small_stm_window_2,12.small_stm_window_2/MassSpecData-02115-20261006-162446.csv,0.21875
2026-10-06 16:25:00.115,8.4603e-11,Torr,12.small_stm_window_2,12.small_stm_window_2/MassSpecData-02115-20261006-162446.csv,0.22221666666666667
2026-10-06 16:25:00.324,6.6696e-11,Torr,12.small_stm_window_2,12.small_stm_window_2/MassSpecData-02115-20261006-162446.csv,0.22569999999999998
2026-10-06 16:25:00.532,9.008e-11,Torr,12.small_stm_window_2,12.small_stm_window_2/MassSpecData-02115-20261006-162446.csv,0.22916666666666666
2026-10-06 16:25:00.740,9.9267e-11,Torr,12.small_stm_window_2,12.small_stm_window_2/MassSpecData-02115-20261006-162446.csv,0.23263333333333333
2026-10-06 16:25:00.949,1.0047e-10,Torr,12.small_stm_window_2,12.small_stm_window_2/MassSpecData-02115-20261006-162446.csv,0.23611666666666667
2026-10-06 16:25:01.157,8.7649e-11,Torr,12.small_stm_window_2,12.small_stm_window_2/MassSpecData-02115-20261006-162446.csv,0.23958333333333334
2026-10-06 16:25:01.365,8.1714e-11,Torr,12.small_stm_window_2,12.small_stm_window_2/MassSpecData-02115-20261006-162446.csv,0.24305000000000002
2026-10-06 16:25:01.574,7.2175e-11,Torr,12.small_stm_window_2,12.small_stm_window_2/MassSpecData-02115-20261006-162446.csv,0.24653333333333333
2026-10-06 16:25:01.782,6.6897e-11,Torr,12.small_stm_window_2,12.small_stm_window_2/MassSpecData-02115-20261006-162446.csv,0.25
2026-10-06 16:25:01.990,7.4421e-11,Torr,12.small_stm_window_2,12.small_stm_window_2/MassSpecData-02115-20261006-162446.csv,0.2534666666666667
2026-10-06 16:25:02.199,9.8022e-11,Torr,12.small_stm_window_2,12.small_stm_window_2/MassSpecData-02115-20261006-162446.csv,0.25695
2026-10-06 16:25:02.407,9.0003e-11,Torr,12.small_stm_window_2,12.small_stm_window_2/MassSpecData-02115-20261006-162446.csv,0.2604166666666667
2026-10-06 16:25:02.615,7.9209e-11,Torr,12.small_stm_window_2,12.small_stm_window_2/MassSpecData-02115-20261006-162446.csv,0.26388333333333336
2026-10-06 16:25:02.824,8.6958e-11,Torr,12.small_stm_window_2,12.small_stm_window_2/MassSpecData-02115-20261006-162446.csv,0.2673666666666667
2026-10-06 16:25:03.032,9.1591e-11,Torr,12.small_stm_window_2,12.small_stm_window_2/MassSpecData-02115-20261006-162446.csv,0.2708333333333333
2026-10-06 16:25:03.240,9.1525e-11,Torr,12.small_stm_window_2,12.small_stm_window_2/MassSpecData-02115-20261006-162446.csv,0.2743
2026-10-06 16:25:03.449,9.6244e-11,Torr,12.small_stm_window_2,12.small_stm_window_2/MassSpecData-02115-20261006-162446.csv,0.2777833333333334
2026-10-06 16:25:03.657,9.8932e-11,Torr,12.small_stm_window_2,12.small_stm_window_2/MassSpecData-02115-20261006-162446.csv,0.28125
2026-10-06 16:25:03.865,7.9787e-11,Torr,12.small_stm_window_2,12.small_stm_window_2/MassSpecData-02115-20261006-162446.csv,0.2847166666666666
2026-10-06 16:25:04.074,8.6861e-11,Torr,12.small_stm_window_2,12.small_stm_window_2/MassSpecData-02115-20261006-162446.csv,0.2882
2026-10-06 16:25:04.282,7.9941e-11,Torr,12.small_stm_window_2,12.small_stm_window_2/MassSpecData-02115-20261006-162446.csv,0.2916666666666667
2026-10-06 16:25:04.490,8.6073e-11,Torr,12.small_stm_window_2,12.small_stm_window_2/MassSpecData-02115-20261006-162446.csv,0.2951333333333333
2026-10-06 16:25:04.699,7.8475e-11,Torr,12.small_stm_window_2,12.small_stm_window_2/MassSpecData-02115-20261006-162446.csv,0.2986166666666667
2026-10-06 16:25:04.907,7.7999e-11,Torr,12.small_stm_window_2,12.small_stm_window_2/MassSpecData-02115-20261006-162446.csv,0.3020833333333333
2026-10-06 16:25:05.115,8.9697e-11,Torr,12.small_stm_window_2,12.small_stm_window_2/MassSpecData-02115-20261006-162446.csv,0.30555
2026-10-06 16:25:05.324,8.4742e-11,Torr,12.small_stm_window_2,12.small_stm_window_2/MassSpecData-02115-20261006-162446.csv,0.3090333333333334
2026-10-06 16:25:05.532,8.2151e-11,Torr,12.small_stm_window_2,12.small_stm_window_2/MassSpecData-02115-20261006-162446.csv,0.3125
2026-10-06 16:25:05.740,8.5415e-11,Torr,12.small_stm_window_2,12.small_stm_window_2/MassSpecData-02115-20261006-162446.csv,0.3159666666666666
2026-10-06 16:25:05.949,8.8335e-11,Torr,12.small_stm_window_2,12.small_stm_window_2/MassSpecData-02115-20261006-162446.csv,0.31945
2026-10-06 16:25:06.157,8.6409e-11,Torr,12.small_stm_window_2,12.small_stm_window_2/MassSpecData-02115-20261006-162446.csv,0.3229166666666667
2026-10-06 16:25:06.365,8.226e-11,Torr,12.small_stm_window_2,12.small_stm_window_2/MassSpecData-02115-20261006-162446.csv,0.3263833333333333
2026-10-06 16:25:06.573,9.4618e-11,Torr,12.small_stm_window_2,12.small_stm_window_2/MassSpecData-02115-20261006-162446.csv,0.32985000000000003
2026-10-06 16:25:06.782,8.3437e-11,Torr,12.small_stm_window_2,12.small_stm_window_2/MassSpecData-02115-20261006-162446.csv,0.3333333333333333
2026-10-06 16:25:06.990,1.032e-10,Torr,12.small_stm_window_2,12.small_stm_window_2/MassSpecData-02115-20261006-162446.csv,0.3368
2026-10-06 16:25:07.198,7.7342e-11,Torr,12.small_stm_window_2,12.small_stm_window_2/MassSpecData-02115-20261006-162446.csv,0.34026666666666666
2026-10-06 16:25:07.407,8.5716e-11,Torr,12.small_stm_window_2,12.small_stm_window_2/MassSpecData-02115-20261006-162446.csv,0.34375
2026-10-06 16:25:07.615,8.1357e-11,Torr,12.small_stm_window_2,12.small_stm_window_2/MassSpecData-02115-20261006-162446.csv,0.3472166666666666
2026-10-06 16:25:07.823,8.5465e-11,Torr,12.small_stm_window_2,12.small_stm_window_2/MassSpecData-02115-20261006-162446.csv,0.35068333333333335
2026-10-06 16:25:08.032,7.4374e-11,Torr,12.small_stm_window_2,12.small_stm_window_2/MassSpecData-02115-20261006-162446.csv,0.3541666666666667
2026-10-06 16:25:08.240,8.1062e-11,Torr,12.small_stm_window_2,12.small_stm_window_2/MassSpecData-02115-20261006-162446.csv,0.3576333333333333
2026-10-06 16:25:08.448,8.0439e-11,Torr,12.small_stm_window_2,12.small_stm_window_2/MassSpecData-02115-20261006-162446.csv,0.36110000000000003
2026-10-06 16:25:08.657,8.1793e-11,Torr,12.small_stm_window_2,12.small_stm_window_2/MassSpecData-02115-20261006-162446.csv,0.3645833333333333
2026-10-06 16:25:08.865,8.1768e-11,Torr,12.small_stm_window_2,12.small_stm_window_2/MassSpecData-02115-20261006-162446.csv,0.36805
2026-10-06 16:25:09.073,1.0435e-10,Torr,12.small_stm_window_2,12.small_stm_window_2/MassSpecData-02115-20261006-162446.csv,0.37151666666666666
2026-10-06 16:25:09.282,7.9871e-11,Torr,12.small_stm_window_2,12.small_stm_window_2/MassSpecData-02115-20261006-162446.csv,0.375
2026-10-06 16:25:09.490,9.2117e-11,Torr,12.small_stm_window_2,12.small_stm_window_2/MassSpecData-02115-20261006-162446.csv,0.3784666666666666
2026-10-06 16:25:09.698,9.2668e-11,Torr,12.small_stm_window_2,12.small_stm_window_2/MassSpecData-02115-20261006-162446.csv,0.38193333333333335
2026-10-06 16:25:09.907,8.605e-11,Torr,12.small_stm_window_2,12.small_stm_window_2/MassSpecData-02115-20261006-162446.csv,0.3854166666666667
2026-10-06 16:25:10.115,8.3803e-11,Torr,12.small_stm_window_2,12.small_stm_window_2/MassSpecData-02115-20261006-162446.csv,0.3888833333333333
2026-10-06 16:25:10.323,7.2631e-11,Torr,12.small_stm_window_2,12.small_stm_window_2/MassSpecData-02115-20261006-162446.csv,0.39235000000000003
2026-10-06 16:25:10.532,8.0185e-11,Torr,12.small_stm_window_2,12.small_stm_window_2/MassSpecData-02115-20261006-162446.csv,0.3958333333333333
2026-10-06 16:25:10.740,8.0811e-11,Torr,12.small_stm_window_2,12.small_stm_window_2/MassSpecData-02115-20261006-162446.csv,0.3993
2026-10-06 16:25:10.948,9.3344e-11,Torr,12.small_stm_window_2,12.small_stm_window_2/MassSpecData-02115-20261006-162446.csv,0.40276666666666666
2026-10-06 16:25:11.157,8.2637e-11,Torr,12.small_stm_window_2,12.small_stm_window_2/MassSpecData-02115-20261006-162446.csv,0.40625
2026-10-06 16:25:11.365,7.8226e-11,Torr,12.small_stm_window_2,12.small_stm_window_2/MassSpecData-02115-20261006-162446.csv,0.4097166666666666
2026-10-06 16:25:11.573,8.9832e-11,Torr,12.small_stm_window_2,12.small_stm_window_2/MassSpecData-02115-20261006-162446.csv,0.41318333333333335
2026-10-06 16:25:11.782,8.7052e-11,Torr,12.small_stm_window_2,12.small_stm_window_2/MassSpecData-02115-20261006-162446.csv,0.4166666666666667
2026-10-06 16:25:11.990,9.991e-11,Torr,12.small_stm_window_2,12.small_stm_window_2/MassSpecData-02115-20261006-162446.csv,0.4201333333333333
2026-10-06 16:25:12.198,9.0361e-11,Torr,12.small_stm_window_2,12.small_stm_window_2/MassSpecData-02115-20261006-162446.csv,0.42360000000000003
2026-10-06 16:25:12.407,9.0059e-11,Torr,12.small_stm_window_2,12.small_stm_window_2/MassSpecData-02115-20261006-162446.csv,0.4270833333333333
2026-10-06 16:25:12.615,8.9416e-11,Torr,12.small_stm_window_2,12.small_stm_window_2/MassSpecData-02115-20261006-162446.csv,0.43055
2026-10-06 16:25:12.823,8.2389e-11,Torr,12.small_stm_window_2,12.small_stm_window_2/MassSpecData-02115-20261006-162446.csv,0.43401666666666666
2026-10-06 16:25:13.032,1.0112e-10,Torr,12.small_stm_window_2,12.small_stm_window_2/MassSpecData-02115-20261006-162446.csv,0.4375
2026-10-06 16:25:13.240,9.4514e-11,Torr,12.small_stm_window_2,12.small_stm_window_2/MassSpecData-02115-20261006-162446.csv,0.4409666666666666
2026-10-06 16:25:13.448,8.053e-11,Torr,12.small_stm_window_2,12.small_stm_window_2/MassSpecData-02115-20261006-162446.csv,0.44443333333333335
2026-10-06 16:25:13.657,9.0019e-11,Torr,12.small_stm_window_2,12.small_stm_window_2/MassSpecData-02115-20261006-162446.csv,0.4479166666666667
2026-10-06 16:25:13.865,7.9102e-11,Torr,12.small_stm_window_2,12.small_stm_window_2/MassSpecData-02115-20261006-162446.csv,0.4513833333333333
2026-10-06 16:25:14.073,8.635e-11,Torr,12.small_stm_window_2,12.small_stm_window_2/MassSpecData-02115-20261006-162446.csv,0.45485000000000003
2026-10-06 16:25:14.282,8.5166e-11,Torr,12.small_stm_window_2,12.small_stm_window_2/MassSpecData-02115-20261006-162446.csv,0.4583333333333333
2026-10-06 16:25:14.490,8.6692e-11,Torr,12.small_stm_window_2,12.small_stm_window_2/MassSpecData-02115-20261006-162446.csv,0.4618
2026-10-06 16:25:14.698,9.2034e-11,Torr,12.small_stm_window_2,12.small_stm_window_2/MassSpecData-02115-20261006-162446.csv,0.46526666666666666
2026-10-06 16:25:14.907,8.0547e-11,Torr,12.small_stm_window_2,12.small_stm_window_2/MassSpecData-02115-20261006-162446.csv,0.46875
2026-10-06 16:25:15.115,8.2931e-11,Torr,12.small_stm_window_2,12.small_stm_window_2/MassSpecData-02115-20261006-162446.csv,0.4722166666666666
2026-10-06 16:25:15.323,1.0322e-10,Torr,12.small_stm_window_2,12.small_stm_window_2/MassSpecData-02115-20261006-162446.csv,0.47568333333333335
2026-10-06 16:25:15.532,7.7806e-11,Torr,12.small_stm_window_2,12.small_stm_window_2/MassSpecData-02115-20261006-162446.csv,0.4791666666666667
2026-10-06 16:25:15.740,8.5841e-11,Torr,12.small_stm_window_2,12.small_stm_window_2/MassSpecData-02115-20261006-162446.csv,0.4826333333333333
2026-10-06 16:25:15.948,8.2636e-11,Torr,12.small_stm_window_2,12.small_stm_window_2/MassSpecData-02115-20261006-162446.csv,0.48610000000000003
2026-10-06 16:25:16.157,9.3606e-11,Torr,12.small_stm_window_2,12.small_stm_window_2/MassSpecData-02115-20261006-162446.csv,0.4895833333333333
2026-10-06 16:25:16.365,8.3985e-11,Torr,12.small_stm_window_2,12.small_stm_window_2/MassSpecData-02115-20261006-162446.csv,0.49305
2026-10-06 16:25:16.573,8.918e-11,Torr,12.small_stm_window_2,12.small_stm_window_2/MassSpecData-02115-20261006-162446.csv,0.49651666666666666
2026-10-06 16:25:16.782,9.1142e-11,Torr,12.small_stm_window_2,12.small_stm_window_2/MassSpecData-02115-20261006-162446.csv,0.5
2026-10-06 16:25:16.990,8.4913e-11,Torr,12.small_stm_window_2,12.small_stm_window_2/MassSpecData-02115-20261006-162446.csv,0.5034666666666666
2026-10-06 16:25:17.198,7.9133e-11,Torr,12.small_stm_window_2,12.small_stm_window_2/MassSpecData-02115-20261006-162446.csv,0.5069333333333333
2026-10-06 16:25:17.407,8.8338e-11,Torr,12.small_stm_window_2,12.small_stm_window_2/MassSpecData-02115-20261006-162446.csv,0.5104166666666666
2026-10-06 16:25:17.615,8.2572e-11,Torr,12.small_stm_window_2,12.small_stm_window_2/MassSpecData-02115-20261006-162446.csv,0.5138833333333334
2026-10-06 16:25:17.823,7.9888e-11,Torr,12.small_stm_window_2,12.small_stm_window_2/MassSpecData-02115-20261006-162446.csv,0.51735
2026-10-06 16:25:18.032,8.3995e-11,Torr,12.small_stm_window_2,12.small_stm_window_2/MassSpecData-02115-20261006-162446.csv,0.5208333333333334
2026-10-06 16:25:18.240,9.4993e-11,Torr,12.small_stm_window_2,12.small_stm_window_2/MassSpecData-02115-20261006-162446.csv,0.5243
2026-10-06 16:25:18.448,7.5959e-11,Torr,12.small_stm_window_2,12.small_stm_window_2/MassSpecData-02115-20261006-162446.csv,0.5277666666666667
2026-10-06 16:25:18.657,9.5474e-11,Torr,12.small_stm_window_2,12.small_stm_window_2/MassSpecData-02115-20261006-162446.csv,0.53125
2026-10-06 16:25:18.865,9.4839e-11,Torr,12.small_stm_window_2,12.small_stm_window_2/MassSpecData-02115-20261006-162446.csv,0.5347166666666666
2026-10-06 16:25:19.073,8.6105e-11,Torr,12.small_stm_window_2,12.small_stm_window_2/MassSpecData-02115-20261006-162446.csv,0.5381833333333332
2026-10-06 16:25:19.282,8.3947e-11,Torr,12.small_stm_window_2,12.small_stm_window_2/MassSpecData-02115-20261006-162446.csv,0.5416666666666666
2026-10-06 16:25:19.490,9.1073e-11,Torr,12.small_stm_window_2,12.small_stm_window_2/MassSpecData-02115-20261006-162446.csv,0.5451333333333334
2026-10-06 16:25:19.698,7.6339e-11,Torr,12.small_stm_window_2,12.small_stm_window_2/MassSpecData-02115-20261006-162446.csv,0.5486
2026-10-06 16:25:19.907,8.0768e-11,Torr,12.small_stm_window_2,12.small_stm_window_2/MassSpecData-02115-20261006-162446.csv,0.5520833333333334
2026-10-06 16:25:20.115,8.3258e-11,Torr,12.small_stm_window_2,12.small_stm_window_2/MassSpecData-02115-20261006-162446.csv,0.55555
2026-10-06 16:25:20.323,9.1085e-11,Torr,12.small_stm_window_2,12.small_stm_window_2/MassSpecData-02115-20261006-162446.csv,0.5590166666666666
2026-10-06 16:25:20.532,8.3602e-11,Torr,12.small_stm_window_2,12.small_stm_window_2/MassSpecData-02115-20261006-162446.csv,0.5625
2026-10-06 16:25:20.740,8.0722e-11,Torr,12.small_stm_window_2,12.small_stm_window_2/MassSpecData-02115-20261006-162446.csv,0.5659666666666666
2026-10-06 16:25:20.948,9.7951e-11,Torr,12.small_stm_window_2,12.small_stm_window_2/MassSpecData-02115-20261006-162446.csv,0.5694333333333332
2026-10-06 16:25:21.157,7.1326e-11,Torr,12.small_stm_window_2,12.small_stm_window_2/MassSpecData-02115-20261006-162446.csv,0.5729166666666666
2026-10-06 16:25:21.365,7.7011e-11,Torr,12.small_stm_window_2,12.small_stm_window_2/MassSpecData-02115-20261006-162446.csv,0.5763833333333334
2026-10-06 16:25:21.573,7.8655e-11,Torr,12.small_stm_window_2,12.small_stm_window_2/MassSpecData-02115-20261006-162446.csv,0.57985
2026-10-06 16:25:21.782,7.7572e-11,Torr,12.small_stm_window_2,12.small_stm_window_2/MassSpecData-02115-20261006-162446.csv,0.5833333333333334
2026-10-06 16:25:21.990,8.2697e-11,Torr,12.small_stm_window_2,12.small_stm_window_2/MassSpecData-02115-20261006-162446.csv,0.5868
2026-10-06 16:25:22.198,1.1069e-10,Torr,12.small_stm_window_2,12.small_stm_window_2/MassSpecData-02115-20261006-162446.csv,0.5902666666666666
2026-10-06 16:25:22.407,9.0974e-11,Torr,12.small_stm_window_2,12.small_stm_window_2/MassSpecData-02115-20261006-162446.csv,0.59375
2026-10-06 16:25:22.615,9.4444e-11,Torr,12.small_stm_window_2,12.small_stm_window_2/MassSpecData-02115-20261006-162446.csv,0.5972166666666666
2026-10-06 16:25:22.823,8.7289e-11,Torr,12.small_stm_window_2,12.small_stm_window_2/MassSpecData-02115-20261006-162446.csv,0.6006833333333332
2026-10-06 16:25:23.032,8.8474e-11,Torr,12.small_stm_window_2,12.small_stm_window_2/MassSpecData-02115-20261006-162446.csv,0.6041666666666666
2026-10-06 16:25:23.240,1.0388e-10,Torr,12.small_stm_window_2,12.small_stm_window_2/MassSpecData-02115-20261006-162446.csv,0.6076333333333334
2026-10-06 16:25:23.448,9.5419e-11,Torr,12.small_stm_window_2,12.small_stm_window_2/MassSpecData-02115-20261006-162446.csv,0.6111
2026-10-06 16:25:23.657,1.2283e-10,Torr,12.small_stm_window_2,12.small_stm_window_2/MassSpecData-02115-20261006-162446.csv,0.6145833333333334
2026-10-06 16:25:23.865,7.8248e-11,Torr,12.small_stm_window_2,12.small_stm_window_2/MassSpecData-02115-20261006-162446.csv,0.61805
2026-10-06 16:25:24.073,8.4089e-11,Torr,12.small_stm_window_2,12.small_stm_window_2/MassSpecData-02115-20261006-162446.csv,0.6215166666666666
2026-10-06 16:25:24.282,7.8798e-11,Torr,12.small_stm_window_2,12.small_stm_window_2/MassSpecData-02115-20261006-162446.csv,0.625
2026-10-06 16:25:24.490,8.7011e-11,Torr,12.small_stm_window_2,12.small_stm_window_2/MassSpecData-02115-20261006-162446.csv,0.6284666666666666
2026-10-06 16:25:24.699,8.0172e-11,Torr,12.small_stm_window_2,12.small_stm_window_2/MassSpecData-02115-20261006-162446.csv,0.63195
2026-10-06 16:25:24.907,7.6761e-11,Torr,12.small_stm_window_2,12.small_stm_window_2/MassSpecData-02115-20261006-162446.csv,0.6354166666666666
2026-10-06 16:25:25.115,8.7203e-11,Torr,12.small_stm_window_2,12.small_stm_window_2/MassSpecData-02115-20261006-162446.csv,0.6388833333333334
2026-10-06 16:25:25.324,6.4449e-11,Torr,12.small_stm_window_2,12.small_stm_window_2/MassSpecData-02115-20261006-162446.csv,0.6423666666666666
2026-10-06 16:25:25.532,8.8001e-11,Torr,12.small_stm_window_2,12.small_stm_window_2/MassSpecData-02115-20261006-162446.csv,0.6458333333333334
2026-10-06 16:25:25.740,9.0737e-11,Torr,12.small_stm_window_2,12.small_stm_window_2/MassSpecData-02115-20261006-162446.csv,0.6493
2026-10-06 16:25:25.949,7.6121e-11,Torr,12.small_stm_window_2,12.small_stm_window_2/MassSpecData-02115-20261006-162446.csv,0.6527833333333334
2026-10-06 16:25:26.157,8.3876e-11,Torr,12.small_stm_window_2,12.small_stm_window_2/MassSpecData-02115-20261006-162446.csv,0.65625
2026-10-06 16:25:26.365,7.8048e-11,Torr,12.small_stm_window_2,12.small_stm_window_2/MassSpecData-02115-20261006-162446.csv,0.6597166666666666
2026-10-06 16:25:26.574,9.3248e-11,Torr,12.small_stm_window_2,12.small_stm_window_2/MassSpecData-02115-20261006-162446.csv,0.6632
2026-10-06 16:25:26.782,7.7703e-11,Torr,12.small_stm_window_2,12.small_stm_window_2/MassSpecData-02115-20261006-162446.csv,0.6666666666666666
2026-10-06 16:25:26.990,8.1124e-11,Torr,12.small_stm_window_2,12.small_stm_window_2/MassSpecData-02115-20261006-162446.csv,0.6701333333333334
2026-10-06 16:25:27.199,8.4651e-11,Torr,12.small_stm_window_2,12.small_stm_window_2/MassSpecData-02115-20261006-162446.csv,0.6736166666666666
2026-10-06 16:25:27.407,8.2354e-11,Torr,12.small_stm_window_2,12.small_stm_window_2/MassSpecData-02115-20261006-162446.csv,0.6770833333333334
2026-10-06 16:25:27.615,9.381e-11,Torr,12.small_stm_window_2,12.small_stm_window_2/MassSpecData-02115-20261006-162446.csv,0.68055
2026-10-06 16:25:27.824,8.06e-11,Torr,12.small_stm_window_2,12.small_stm_window_2/MassSpecData-02115-20261006-162446.csv,0.6840333333333334
2026-10-06 16:25:28.032,8.1473e-11,Torr,12.small_stm_window_2,12.small_stm_window_2/MassSpecData-02115-20261006-162446.csv,0.6875
2026-10-06 16:25:28.240,9.3586e-11,Torr,12.small_stm_window_2,12.small_stm_window_2/MassSpecData-02115-20261006-162446.csv,0.6909666666666666
2026-10-06 16:25:28.586,8.4918e-11,Torr,12.small_stm_window_2,12.small_stm_window_2/MassSpecData-02115-20261006-162528.csv,0.6967333333333333
2026-10-06 16:25:28.794,8.5726e-11,Torr,12.small_stm_window_2,12.small_stm_window_2/MassSpecData-02115-20261006-162528.csv,0.7002
2026-10-06 16:25:29.003,9.2814e-11,Torr,12.small_stm_window_2,12.small_stm_window_2/MassSpecData-02115-20261006-162528.csv,0.7036833333333333
2026-10-06 16:25:29.211,8.5338e-11,Torr,12.small_stm_window_2,12.small_stm_window_2/MassSpecData-02115-20261006-162528.csv,0.7071500000000001
2026-10-06 16:25:29.419,8.1658e-11,Torr,12.small_stm_window_2,12.small_stm_window_2/MassSpecData-02115-20261006-162528.csv,0.7106166666666667
2026-10-06 16:25:29.628,8.5482e-11,Torr,12.small_stm_window_2,12.small_stm_window_2/MassSpecData-02115-20261006-162528.csv,0.7141
2026-10-06 16:25:29.836,8.3798e-11,Torr,12.small_stm_window_2,12.small_stm_window_2/MassSpecData-02115-20261006-162528.csv,0.7175666666666667
2026-10-06 16:25:30.044,8.2446e-11,Torr,12.small_stm_window_2,12.small_stm_window_2/MassSpecData-02115-20261006-162528.csv,0.7210333333333333
2026-10-06 16:25:30.252,9.6174e-11,Torr,12.small_stm_window_2,12.small_stm_window_2/MassSpecData-02115-20261006-162528.csv,0.7245
2026-10-06 16:25:30.461,8.857e-11,Torr,12.small_stm_window_2,12.small_stm_window_2/MassSpecData-02115-20261006-162528.csv,0.7279833333333333
2026-10-06 16:25:30.669,9.1549e-11,Torr,12.small_stm_window_2,12.small_stm_window_2/MassSpecData-02115-20261006-162528.csv,0.73145
2026-10-06 16:25:30.878,8.8232e-11,Torr,12.small_stm_window_2,12.small_stm_window_2/MassSpecData-02115-20261006-162528.csv,0.7349333333333333
2026-10-06 16:25:31.086,9.2505e-11,Torr,12.small_stm_window_2,12.small_stm_window_2/MassSpecData-02115-20261006-162528.csv,0.7384000000000001
2026-10-06 16:25:31.294,6.7614e-11,Torr,12.small_stm_window_2,12.small_stm_window_2/MassSpecData-02115-20261006-162528.csv,0.7418666666666667
2026-10-06 16:25:31.503,8.2208e-11,Torr,12.small_stm_window_2,12.small_stm_window_2/MassSpecData-02115-20261006-162528.csv,0.74535
2026-10-06 16:25:31.711,9.4725e-11,Torr,12.small_stm_window_2,12.small_stm_window_2/MassSpecData-02115-20261006-162528.csv,0.7488166666666667
2026-10-06 16:25:31.919,7.4307e-11,Torr,12.small_stm_window_2,12.small_stm_window_2/MassSpecData-02115-20261006-162528.csv,0.7522833333333333
2026-10-06 16:25:32.128,8.6218e-11,Torr,12.small_stm_window_2,12.small_stm_window_2/MassSpecData-02115-20261006-162528.csv,0.7557666666666666
2026-10-06 16:25:32.336,8.126e-11,Torr,12.small_stm_window_2,12.small_stm_window_2/MassSpecData-02115-20261006-162528.csv,0.7592333333333333
2026-10-06 16:25:32.544,7.8046e-11,Torr,12.small_stm_window_2,12.small_stm_window_2/MassSpecData-02115-20261006-162528.csv,0.7627
2026-10-06 16:25:32.753,9.2853e-11,Torr,12.small_stm_window_2,12.small_stm_window_2/MassSpecData-02115-20261006-162528.csv,0.7661833333333333
2026-10-06 16:25:32.961,8.7614e-11,Torr,12.small_stm_window_2,12.small_stm_window_2/MassSpecData-02115-20261006-162528.csv,0.7696500000000001
2026-10-06 16:25:33.169,1.0525e-10,Torr,12.small_stm_window_2,12.small_stm_window_2/MassSpecData-02115-20261006-162528.csv,0.7731166666666667
2026-10-06 16:25:33.378,8.7804e-11,Torr,12.small_stm_window_2,12.small_stm_window_2/MassSpecData-02115-20261006-162528.csv,0.7766
2026-10-06 16:25:33.586,8.1769e-11,Torr,12.small_stm_window_2,12.small_stm_window_2/MassSpecData-02115-20261006-162528.csv,0.7800666666666667
2026-10-06 16:25:33.794,7.8911e-11,Torr,12.small_stm_window_2,12.small_stm_window_2/MassSpecData-02115-20261006-162528.csv,0.7835333333333333
2026-10-06 16:25:34.002,1.0918e-10,Torr,12.small_stm_window_2,12.small_stm_window_2/MassSpecData-02115-20261006-162528.csv,0.787
2026-10-06 16:25:34.211,9.2078e-11,Torr,12.small_stm_window_2,12.small_stm_window_2/MassSpecData-02115-20261006-162528.csv,0.7904833333333333
2026-10-06 16:25:34.419,1.0928e-10,Torr,12.small_stm_window_2,12.small_stm_window_2/MassSpecData-02115-20261006-162528.csv,0.79395
2026-10-06 16:25:34.627,8.6801e-11,Torr,12.small_stm_window_2,12.small_stm_window_2/MassSpecData-02115-20261006-162528.csv,0.7974166666666667
2026-10-06 16:25:34.836,8.192e-11,Torr,12.small_stm_window_2,12.small_stm_window_2/MassSpecData-02115-20261006-162528.csv,0.8009000000000001
2026-10-06 16:25:35.044,1.0106e-10,Torr,12.small_stm_window_2,12.small_stm_window_2/MassSpecData-02115-20261006-162528.csv,0.8043666666666667
2026-10-06 16:25:35.252,8.764e-11,Torr,12.small_stm_window_2,12.small_stm_window_2/MassSpecData-02115-20261006-162528.csv,0.8078333333333333
2026-10-06 16:25:35.461,9.8085e-11,Torr,12.small_stm_window_2,12.small_stm_window_2/MassSpecData-02115-20261006-162528.csv,0.8113166666666667
2026-10-06 16:25:35.669,8.4926e-11,Torr,12.small_stm_window_2,12.small_stm_window_2/MassSpecData-02115-20261006-162528.csv,0.8147833333333333
2026-10-06 16:25:35.877,7.668e-11,Torr,12.small_stm_window_2,12.small_stm_window_2/MassSpecData-02115-20261006-162528.csv,0.81825
2026-10-06 16:25:36.086,7.2925e-11,Torr,12.small_stm_window_2,12.small_stm_window_2/MassSpecData-02115-20261006-162528.csv,0.8217333333333333
2026-10-06 16:25:36.294,9.3164e-11,Torr,12.small_stm_window_2,12.small_stm_window_2/MassSpecData-02115-20261006-162528.csv,0.8252
2026-10-06 16:25:36.502,8.4589e-11,Torr,12.small_stm_window_2,12.small_stm_window_2/MassSpecData-02115-20261006-162528.csv,0.8286666666666667
2026-10-06 16:25:36.711,8.1385e-11,Torr,12.small_stm_window_2,12.small_stm_window_2/MassSpecData-02115-20261006-162528.csv,0.8321500000000001
2026-10-06 16:25:36.919,9.7166e-11,Torr,12.small_stm_window_2,12.small_stm_window_2/MassSpecData-02115-20261006-162528.csv,0.8356166666666667
2026-10-06 16:25:37.127,8.6086e-11,Torr,12.small_stm_window_2,12.small_stm_window_2/MassSpecData-02115-20261006-162528.csv,0.8390833333333333
2026-10-06 16:25:37.336,7.4264e-11,Torr,12.small_stm_window_2,12.small_stm_window_2/MassSpecData-02115-20261006-162528.csv,0.8425666666666667
2026-10-06 16:25:37.544,7.9239e-11,Torr,12.small_stm_window_2,12.small_stm_window_2/MassSpecData-02115-20261006-162528.csv,0.8460333333333333
2026-10-06 16:25:37.753,8.1286e-11,Torr,12.small_stm_window_2,12.small_stm_window_2/MassSpecData-02115-20261006-162528.csv,0.8495166666666666
2026-10-06 16:25:37.961,9.2924e-11,Torr,12.small_stm_window_2,12.small_stm_window_2/MassSpecData-02115-20261006-162528.csv,0.8529833333333333
2026-10-06 16:25:38.169,8.367e-11,Torr,12.small_stm_window_2,12.small_stm_window_2/MassSpecData-02115-20261006-162528.csv,0.85645
2026-10-06 16:25:38.378,9.705e-11,Torr,12.small_stm_window_2,12.small_stm_window_2/MassSpecData-02115-20261006-162528.csv,0.8599333333333333
2026-10-06 16:25:38.586,7.8126e-11,Torr,12.small_stm_window_2,12.small_stm_window_2/MassSpecData-02115-20261006-162528.csv,0.8634000000000001
2026-10-06 16:25:38.794,8.5185e-11,Torr,12.small_stm_window_2,12.small_stm_window_2/MassSpecData-02115-20261006-162528.csv,0.8668666666666667
2026-10-06 16:25:39.003,8.6091e-11,Torr,12.small_stm_window_2,12.small_stm_window_2/MassSpecData-02115-20261006-162528.csv,0.87035
2026-10-06 16:25:39.211,9.9261e-11,Torr,12.small_stm_window_2,12.small_stm_window_2/MassSpecData-02115-20261006-162528.csv,0.8738166666666667
2026-10-06 16:25:39.419,8.5205e-11,Torr,12.small_stm_window_2,12.small_stm_window_2/MassSpecData-02115-20261006-162528.csv,0.8772833333333333
2026-10-06 16:25:39.628,9.5851e-11,Torr,12.small_stm_window_2,12.small_stm_window_2/MassSpecData-02115-20261006-162528.csv,0.8807666666666666
2026-10-06 16:25:39.836,8.3461e-11,Torr,12.small_stm_window_2,12.small_stm_window_2/MassSpecData-02115-20261006-162528.csv,0.8842333333333333
2026-10-06 16:25:40.044,9.3665e-11,Torr,12.small_stm_window_2,12.small_stm_window_2/MassSpecData-02115-20261006-162528.csv,0.8877
2026-10-06 16:25:40.253,9.4876e-11,Torr,12.small_stm_window_2,12.small_stm_window_2/MassSpecData-02115-20261006-162528.csv,0.8911833333333333
2026-10-06 16:25:40.461,8.1493e-11,Torr,12.small_stm_window_2,12.small_stm_window_2/MassSpecData-02115-20261006-162528.csv,0.8946500000000001
2026-10-06 16:25:40.669,7.93e-11,Torr,12.small_stm_window_2,12.small_stm_window_2/MassSpecData-02115-20261006-162528.csv,0.8981166666666667
2026-10-06 16:25:40.878,7.3841e-11,Torr,12.small_stm_window_2,12.small_stm_window_2/MassSpecData-02115-20261006-162528.csv,0.9016
2026-10-06 16:25:41.086,8.074e-11,Torr,12.small_stm_window_2,12.small_stm_window_2/MassSpecData-02115-20261006-162528.csv,0.9050666666666667
2026-10-06 16:25:41.294,1.013e-10,Torr,12.small_stm_window_2,12.small_stm_window_2/MassSpecData-02115-20261006-162528.csv,0.9085333333333333
2026-10-06 16:25:41.503,8.7289e-11,Torr,12.small_stm_window_2,12.small_stm_window_2/MassSpecData-02115-20261006-162528.csv,0.9120166666666666
2026-10-06 16:25:41.711,8.5637e-11,Torr,12.small_stm_window_2,12.small_stm_window_2/MassSpecData-02115-20261006-162528.csv,0.9154833333333333
2026-10-06 16:25:41.919,8.6052e-11,Torr,12.small_stm_window_2,12.small_stm_window_2/MassSpecData-02115-20261006-162528.csv,0.91895
2026-10-06 16:25:42.128,8.4884e-11,Torr,12.small_stm_window_2,12.small_stm_window_2/MassSpecData-02115-20261006-162528.csv,0.9224333333333333
2026-10-06 16:25:42.336,7.4254e-11,Torr,12.small_stm_window_2,12.small_stm_window_2/MassSpecData-02115-20261006-162528.csv,0.9259000000000001
2026-10-06 16:25:42.544,8.3208e-11,Torr,12.small_stm_window_2,12.small_stm_window_2/MassSpecData-02115-20261006-162528.csv,0.9293666666666667
2026-10-06 16:25:42.753,9.1898e-11,Torr,12.small_stm_window_2,12.small_stm_window_2/MassSpecData-02115-20261006-162528.csv,0.93285
2026-10-06 16:25:42.961,9.2504e-11,Torr,12.small_stm_window_2,12.small_stm_window_2/MassSpecData-02115-20261006-162528.csv,0.9363166666666667
2026-10-06 16:25:43.169,8.1447e-11,Torr,12.small_stm_window_2,12.small_stm_window_2/MassSpecData-02115-20261006-162528.csv,0.9397833333333333
2026-10-06 16:25:43.378,8.7585e-11,Torr,12.small_stm_window_2,12.small_stm_window_2/MassSpecData-02115-20261006-162528.csv,0.9432666666666666
2026-10-06 16:25:43.586,7.1326e-11,Torr,12.small_stm_window_2,12.small_stm_window_2/MassSpecData-02115-20261006-162528.csv,0.9467333333333333
2026-10-06 16:25:43.794,8.4086e-11,Torr,12.small_stm_window_2,12.small_stm_window_2/MassSpecData-02115-20261006-162528.csv,0.9502
2026-10-06 16:25:44.003,8.2159e-11,Torr,12.small_stm_window_2,12.small_stm_window_2/MassSpecData-02115-20261006-162528.csv,0.9536833333333333
2026-10-06 16:25:44.211,8.1214e-11,Torr,12.small_stm_window_2,12.small_stm_window_2/MassSpecData-02115-20261006-162528.csv,0.9571500000000001
2026-10-06 16:25:44.419,6.5709e-11,Torr,12.small_stm_window_2,12.small_stm_window_2/MassSpecData-02115-20261006-162528.csv,0.9606166666666667
2026-10-06 16:25:44.628,8.0357e-11,Torr,12.small_stm_window_2,12.small_stm_window_2/MassSpecData-02115-20261006-162528.csv,0.9641
2026-10-06 16:25:44.836,8.5951e-11,Torr,12.small_stm_window_2,12.small_stm_window_2/MassSpecData-02115-20261006-162528.csv,0.9675666666666667
2026-10-06 16:25:45.044,8.7661e-11,Torr,12.small_stm_window_2,12.small_stm_window_2/MassSpecData-02115-20261006-162528.csv,0.9710333333333333
2026-10-06 16:25:45.253,8.8203e-11,Torr,12.small_stm_window_2,12.small_stm_window_2/MassSpecData-02115-20261006-162528.csv,0.9745166666666666
2026-10-06 16:25:45.461,7.9586e-11,Torr,12.small_stm_window_2,12.small_stm_window_2/MassSpecData-02115-20261006-162528.csv,0.9779833333333333
2026-10-06 16:25:45.669,8.8385e-11,Torr,12.small_stm_window_2,12.small_stm_window_2/MassSpecData-02115-20261006-162528.csv,0.98145
2026-10-06 16:25:45.878,8.228e-11,Torr,12.small_stm_window_2,12.small_stm_window_2/MassSpecData-02115-20261006-162528.csv,0.9849333333333333
2026-10-06 16:25:46.086,8.4455e-11,Torr,12.small_stm_window_2,12.small_stm_window_2/MassSpecData-02115-20261006-162528.csv,0.9884000000000001
2026-10-06 16:25:46.294,9.7197e-11,Torr,12.small_stm_window_2,12.small_stm_window_2/MassSpecData-02115-20261006-162528.csv,0.9918666666666667
2026-10-06 16:25:46.503,8.6301e-11,Torr,12.small_stm_window_2,12.small_stm_window_2/MassSpecData-02115-20261006-162528.csv,0.99535
2026-10-06 16:25:46.711,9.5597e-11,Torr,12.small_stm_window_2,12.small_stm_window_2/MassSpecData-02115-20261006-162528.csv,0.9988166666666667
2026-10-06 16:25:46.919,9.1833e-11,Torr,12.small_stm_window_2,12.small_stm_window_2/MassSpecData-02115-20261006-162528.csv,1.0022833333333334
2026-10-06 16:25:47.128,8.5801e-11,Torr,12.small_stm_window_2,12.small_stm_window_2/MassSpecData-02115-20261006-162528.csv,1.0057666666666667
2026-10-06 16:25:47.336,8.8861e-11,Torr,12.small_stm_window_2,12.small_stm_window_2/MassSpecData-02115-20261006-162528.csv,1.0092333333333334
2026-10-06 16:25:47.544,8.7486e-11,Torr,12.small_stm_window_2,12.small_stm_window_2/MassSpecData-02115-20261006-162528.csv,1.0127
2026-10-06 16:25:47.753,9.0318e-11,Torr,12.small_stm_window_2,12.small_stm_window_2/MassSpecData-02115-20261006-162528.csv,1.0161833333333332
2026-10-06 16:25:47.961,8.9515e-11,Torr,12.small_stm_window_2,12.small_stm_window_2/MassSpecData-02115-20261006-162528.csv,1.01965
2026-10-06 16:25:48.169,9.3393e-11,Torr,12.small_stm_window_2,12.small_stm_window_2/MassSpecData-02115-20261006-162528.csv,1.0231166666666667
2026-10-06 16:25:48.377,8.2457e-11,Torr,12.small_stm_window_2,12.small_stm_window_2/MassSpecData-02115-20261006-162528.csv,1.0265833333333334
2026-10-06 16:25:48.586,9.0882e-11,Torr,12.small_stm_window_2,12.small_stm_window_2/MassSpecData-02115-20261006-162528.csv,1.0300666666666667
2026-10-06 16:25:48.794,1.0159e-10,Torr,12.small_stm_window_2,12.small_stm_window_2/MassSpecData-02115-20261006-162528.csv,1.0335333333333334
2026-10-06 16:25:49.002,8.6543e-11,Torr,12.small_stm_window_2,12.small_stm_window_2/MassSpecData-02115-20261006-162528.csv,1.037
2026-10-06 16:25:49.211,7.3861e-11,Torr,12.small_stm_window_2,12.small_stm_window_2/MassSpecData-02115-20261006-162528.csv,1.0404833333333334
2026-10-06 16:25:49.419,7.7218e-11,Torr,12.small_stm_window_2,12.small_stm_window_2/MassSpecData-02115-20261006-162528.csv,1.04395
2026-10-06 16:25:49.627,7.4056e-11,Torr,12.small_stm_window_2,12.small_stm_window_2/MassSpecData-02115-20261006-162528.csv,1.0474166666666667
2026-10-06 16:25:49.836,1.0193e-10,Torr,12.small_stm_window_2,12.small_stm_window_2/MassSpecData-02115-20261006-162528.csv,1.0509
2026-10-06 16:25:50.044,9.1812e-11,Torr,12.small_stm_window_2,12.small_stm_window_2/MassSpecData-02115-20261006-162528.csv,1.0543666666666667
2026-10-06 16:25:50.252,7.9441e-11,Torr,12.small_stm_window_2,12.small_stm_window_2/MassSpecData-02115-20261006-162528.csv,1.0578333333333334
2026-10-06 16:25:50.461,8.3763e-11,Torr,12.small_stm_window_2,12.small_stm_window_2/MassSpecData-02115-20261006-162528.csv,1.0613166666666667
2026-10-06 16:25:50.669,9.2007e-11,Torr,12.small_stm_window_2,12.small_stm_window_2/MassSpecData-02115-20261006-162528.csv,1.0647833333333334
2026-10-06 16:25:50.877,8.1878e-11,Torr,12.small_stm_window_2,12.small_stm_window_2/MassSpecData-02115-20261006-162528.csv,1.06825
2026-10-06 16:25:51.086,8.6019e-11,Torr,12.small_stm_window_2,12.small_stm_window_2/MassSpecData-02115-20261006-162528.csv,1.0717333333333334
2026-10-06 16:25:51.294,8.1463e-11,Torr,12.small_stm_window_2,12.small_stm_window_2/MassSpecData-02115-20261006-162528.csv,1.0752
2026-10-06 16:25:51.502,7.32e-11,Torr,12.small_stm_window_2,12.small_stm_window_2/MassSpecData-02115-20261006-162528.csv,1.0786666666666667
2026-10-06 16:25:51.711,7.9585e-11,Torr,12.small_stm_window_2,12.small_stm_window_2/MassSpecData-02115-20261006-162528.csv,1.08215
2026-10-06 16:25:51.919,8.5446e-11,Torr,12.small_stm_window_2,12.small_stm_window_2/MassSpecData-02115-20261006-162528.csv,1.0856166666666667
2026-10-06 16:25:52.127,8.1427e-11,Torr,12.small_stm_window_2,12.small_stm_window_2/MassSpecData-02115-20261006-162528.csv,1.0890833333333334
2026-10-06 16:25:52.336,7.9956e-11,Torr,12.small_stm_window_2,12.small_stm_window_2/MassSpecData-02115-20261006-162528.csv,1.0925666666666667
2026-10-06 16:25:52.544,7.562e-11,Torr,12.small_stm_window_2,12.small_stm_window_2/MassSpecData-02115-20261006-162528.csv,1.0960333333333334
2026-10-06 16:25:52.752,7.6711e-11,Torr,12.small_stm_window_2,12.small_stm_window_2/MassSpecData-02115-20261006-162528.csv,1.0995
2026-10-06 16:25:52.961,8.9719e-11,Torr,12.small_stm_window_2,12.small_stm_window_2/MassSpecData-02115-20261006-162528.csv,1.1029833333333334
2026-10-06 16:25:53.169,9.3333e-11,Torr,12.small_stm_window_2,12.small_stm_window_2/MassSpecData-02115-20261006-162528.csv,1.10645
2026-10-06 16:25:53.377,8.8555e-11,Torr,12.small_stm_window_2,12.small_stm_window_2/MassSpecData-02115-20261006-162528.csv,1.1099166666666667
2026-10-06 16:25:53.586,8.5474e-11,Torr,12.small_stm_window_2,12.small_stm_window_2/MassSpecData-02115-20261006-162528.csv,1.1134
2026-10-06 16:25:53.794,8.9267e-11,Torr,12.small_stm_window_2,12.small_stm_window_2/MassSpecData-02115-20261006-162528.csv,1.1168666666666667
2026-10-06 16:25:54.002,8.3942e-11,Torr,12.small_stm_window_2,12.small_stm_window_2/MassSpecData-02115-20261006-162528.csv,1.1203333333333334
2026-10-06 16:25:54.211,8.4733e-11,Torr,12.small_stm_window_2,12.small_stm_window_2/MassSpecData-02115-20261006-162528.csv,1.1238166666666667
2026-10-06 16:25:54.419,8.1345e-11,Torr,12.small_stm_window_2,12.small_stm_window_2/MassSpecData-02115-20261006-162528.csv,1.1272833333333334
2026-10-06 16:25:54.627,7.5154e-11,Torr,12.small_stm_window_2,12.small_stm_window_2/MassSpecData-02115-20261006-162528.csv,1.13075
2026-10-06 16:25:54.836,6.8511e-11,Torr,12.small_stm_window_2,12.small_stm_window_2/MassSpecData-02115-20261006-162528.csv,1.1342333333333334
2026-10-06 16:25:55.044,9.833e-11,Torr,12.small_stm_window_2,12.small_stm_window_2/MassSpecData-02115-20261006-162528.csv,1.1377
2026-10-06 16:25:55.252,1.0651e-10,Torr,12.small_stm_window_2,12.small_stm_window_2/MassSpecData-02115-20261006-162528.csv,1.1411666666666667
2026-10-06 16:25:55.461,9.4887e-11,Torr,12.small_stm_window_2,12.small_stm_window_2/MassSpecData-02115-20261006-162528.csv,1.14465
2026-10-06 16:25:55.669,9.2137e-11,Torr,12.small_stm_window_2,12.small_stm_window_2/MassSpecData-02115-20261006-162528.csv,1.1481166666666667
2026-10-06 16:25:55.877,8.1552e-11,Torr,12.small_stm_window_2,12.small_stm_window_2/MassSpecData-02115-20261006-162528.csv,1.1515833333333334
2026-10-06 16:25:56.086,7.0945e-11,Torr,12.small_stm_window_2,12.small_stm_window_2/MassSpecData-02115-20261006-162528.csv,1.1550666666666667
2026-10-06 16:25:56.294,8.9795e-11,Torr,12.small_stm_window_2,12.small_stm_window_2/MassSpecData-02115-20261006-162528.csv,1.1585333333333334
2026-10-06 16:25:56.502,8.5756e-11,Torr,12.small_stm_window_2,12.small_stm_window_2/MassSpecData-02115-20261006-162528.csv,1.162
2026-10-06 16:25:56.711,9.6195e-11,Torr,12.small_stm_window_2,12.small_stm_window_2/MassSpecData-02115-20261006-162528.csv,1.1654833333333334
2026-10-06 16:25:56.919,8.6691e-11,Torr,12.small_stm_window_2,12.small_stm_window_2/MassSpecData-02115-20261006-162528.csv,1.16895
2026-10-06 16:25:57.127,8.9485e-11,Torr,12.small_stm_window_2,12.small_stm_window_2/MassSpecData-02115-20261006-162528.csv,1.1724166666666667
2026-10-06 16:25:57.336,7.8163e-11,Torr,12.small_stm_window_2,12.small_stm_window_2/MassSpecData-02115-20261006-162528.csv,1.1759
2026-10-06 16:25:57.544,9.6288e-11,Torr,12.small_stm_window_2,12.small_stm_window_2/MassSpecData-02115-20261006-162528.csv,1.1793666666666667
2026-10-06 16:25:57.752,8.7304e-11,Torr,12.small_stm_window_2,12.small_stm_window_2/MassSpecData-02115-20261006-162528.csv,1.1828333333333334
2026-10-06 16:25:57.961,8.998e-11,Torr,12.small_stm_window_2,12.small_stm_window_2/MassSpecData-02115-20261006-162528.csv,1.1863166666666667
2026-10-06 16:25:58.169,8.2448e-11,Torr,12.small_stm_window_2,12.small_stm_window_2/MassSpecData-02115-20261006-162528.csv,1.1897833333333334
2026-10-06 16:25:58.377,1.1008e-10,Torr,12.small_stm_window_2,12.small_stm_window_2/MassSpecData-02115-20261006-162528.csv,1.19325
2026-10-06 16:25:58.586,1.1253e-10,Torr,12.small_stm_window_2,12.small_stm_window_2/MassSpecData-02115-20261006-162528.csv,1.1967333333333334
2026-10-06 16:25:58.794,9.0918e-11,Torr,12.small_stm_window_2,12.small_stm_window_2/MassSpecData-02115-20261006-162528.csv,1.2002
2026-10-06 16:25:59.002,8.9867e-11,Torr,12.small_stm_window_2,12.small_stm_window_2/MassSpecData-02115-20261006-162528.csv,1.2036666666666667
2026-10-06 16:25:59.211,8.5507e-11,Torr,12.small_stm_window_2,12.small_stm_window_2/MassSpecData-02115-20261006-162528.csv,1.20715
2026-10-06 16:25:59.419,8.6089e-11,Torr,12.small_stm_window_2,12.small_stm_window_2/MassSpecData-02115-20261006-162528.csv,1.2106166666666667
2026-10-06 16:25:59.627,8.2552e-11,Torr,12.small_stm_window_2,12.small_stm_window_2/MassSpecData-02115-20261006-162528.csv,1.2140833333333334
2026-10-06 16:25:59.836,9.1828e-11,Torr,12.small_stm_window_2,12.small_stm_window_2/MassSpecData-02115-20261006-162528.csv,1.2175666666666667
2026-10-06 16:26:00.044,1.0182e-10,Torr,12.small_stm_window_2,12.small_stm_window_2/MassSpecData-02115-20261006-162528.csv,1.2210333333333334
2026-10-06 16:26:00.252,9.7933e-11,Torr,12.small_stm_window_2,12.small_stm_window_2/MassSpecData-02115-20261006-162528.csv,1.2245
2026-10-06 16:26:00.461,8.2013e-11,Torr,12.small_stm_window_2,12.small_stm_window_2/MassSpecData-02115-20261006-162528.csv,1.2279833333333334
2026-10-06 16:26:00.669,7.2907e-11,Torr,12.small_stm_window_2,12.small_stm_window_2/MassSpecData-02115-20261006-162528.csv,1.23145
2026-10-06 16:26:00.877,8.3251e-11,Torr,12.small_stm_window_2,12.small_stm_window_2/MassSpecData-02115-20261006-162528.csv,1.2349166666666667
2026-10-06 16:26:01.086,8.5077e-11,Torr,12.small_stm_window_2,12.small_stm_window_2/MassSpecData-02115-20261006-162528.csv,1.2384
2026-10-06 16:26:01.294,8.3724e-11,Torr,12.small_stm_window_2,12.small_stm_window_2/MassSpecData-02115-20261006-162528.csv,1.2418666666666667
2026-10-06 16:26:01.502,8.368e-11,Torr,12.small_stm_window_2,12.small_stm_window_2/MassSpecData-02115-20261006-162528.csv,1.2453333333333334
2026-10-06 16:26:01.711,7.5314e-11,Torr,12.small_stm_window_2,12.small_stm_window_2/MassSpecData-02115-20261006-162528.csv,1.2488166666666667
2026-10-06 16:26:01.919,7.8789e-11,Torr,12.small_stm_window_2,12.small_stm_window_2/MassSpecData-02115-20261006-162528.csv,1.2522833333333334
2026-10-06 16:26:02.127,9.5215e-11,Torr,12.small_stm_window_2,12.small_stm_window_2/MassSpecData-02115-20261006-162528.csv,1.25575
2026-10-06 16:26:02.336,8.2316e-11,Torr,12.small_stm_window_2,12.small_stm_window_2/MassSpecData-02115-20261006-162528.csv,1.2592333333333334
2026-10-06 16:26:02.544,8.8912e-11,Torr,12.small_stm_window_2,12.small_stm_window_2/MassSpecData-02115-20261006-162528.csv,1.2627
2026-10-06 16:26:02.752,8.3346e-11,Torr,12.small_stm_window_2,12.small_stm_window_2/MassSpecData-02115-20261006-162528.csv,1.2661666666666667
2026-10-06 16:26:02.961,8.9625e-11,Torr,12.small_stm_window_2,12.small_stm_window_2/MassSpecData-02115-20261006-162528.csv,1.26965
2026-10-06 16:26:03.169,8.5007e-11,Torr,12.small_stm_window_2,12.small_stm_window_2/MassSpecData-02115-20261006-162528.csv,1.2731166666666667
2026-10-06 16:26:03.377,9.1412e-11,Torr,12.small_stm_window_2,12.small_stm_window_2/MassSpecData-02115-20261006-162528.csv,1.2765833333333334
2026-10-06 16:26:03.586,8.4787e-11,Torr,12.small_stm_window_2,12.small_stm_window_2/MassSpecData-02115-20261006-162528.csv,1.2800666666666667
2026-10-06 16:26:03.794,8.5516e-11,Torr,12.small_stm_window_2,12.small_stm_window_2/MassSpecData-02115-20261006-162528.csv,1.2835333333333334
2026-10-06 16:26:04.002,8.4771e-11,Torr,12.small_stm_window_2,12.small_stm_window_2/MassSpecData-02115-20261006-162528.csv,1.287
2026-10-06 16:26:04.211,7.0416e-11,Torr,12.small_stm_window_2,12.small_stm_window_2/MassSpecData-02115-20261006-162528.csv,1.2904833333333334
2026-10-06 16:26:04.419,7.4278e-11,Torr,12.small_stm_window_2,12.small_stm_window_2/MassSpecData-02115-20261006-162528.csv,1.29395
2026-10-06 16:26:04.627,7.9008e-11,Torr,12.small_stm_window_2,12.small_stm_window_2/MassSpecData-02115-20261006-162528.csv,1.2974166666666667
2026-10-06 16:26:04.836,8.1824e-11,Torr,12.small_stm_window_2,12.small_stm_window_2/MassSpecData-02115-20261006-162528.csv,1.3009
2026-10-06 16:26:05.044,9.7965e-11,Torr,12.small_stm_window_2,12.small_stm_window_2/MassSpecData-02115-20261006-162528.csv,1.3043666666666667
2026-10-06 16:26:05.252,8.2056e-11,Torr,12.small_stm_window_2,12.small_stm_window_2/MassSpecData-02115-20261006-162528.csv,1.3078333333333334
2026-10-06 16:26:05.461,7.9575e-11,Torr,12.small_stm_window_2,12.small_stm_window_2/MassSpecData-02115-20261006-162528.csv,1.3113166666666667
2026-10-06 16:26:05.669,7.6985e-11,Torr,12.small_stm_window_2,12.small_stm_window_2/MassSpecData-02115-20261006-162528.csv,1.3147833333333334
2026-10-06 16:26:05.877,8.8531e-11,Torr,12.small_stm_window_2,12.small_stm_window_2/MassSpecData-02115-20261006-162528.csv,1.31825
2026-10-06 16:26:06.086,7.9319e-11,Torr,12.small_stm_window_2,12.small_stm_window_2/MassSpecData-02115-20261006-162528.csv,1.3217333333333334
2026-10-06 16:26:06.294,7.3415e-11,Torr,12.small_stm_window_2,12.small_stm_window_2/MassSpecData-02115-20261006-162528.csv,1.3252
2026-10-06 16:26:06.503,8.6449e-11,Torr,12.small_stm_window_2,12.small_stm_window_2/MassSpecData-02115-20261006-162528.csv,1.3286833333333334
2026-10-06 16:26:06.711,8.5859e-11,Torr,12.small_stm_window_2,12.small_stm_window_2/MassSpecData-02115-20261006-162528.csv,1.33215
2026-10-06 16:26:06.919,8.1551e-11,Torr,12.small_stm_window_2,12.small_stm_window_2/MassSpecData-02115-20261006-162528.csv,1.3356166666666667
2026-10-06 16:26:07.128,7.6691e-11,Torr,12.small_stm_window_2,12.small_stm_window_2/MassSpecData-02115-20261006-162528.csv,1.3391
2026-10-06 16:26:07.336,8.2555e-11,Torr,12.small_stm_window_2,12.small_stm_window_2/MassSpecData-02115-20261006-162528.csv,1.3425666666666667
2026-10-06 16:26:07.544,8.9403e-11,Torr,12.small_stm_window_2,12.small_stm_window_2/MassSpecData-02115-20261006-162528.csv,1.3460333333333334
2026-10-06 16:26:07.753,8.3896e-11,Torr,12.small_stm_window_2,12.small_stm_window_2/MassSpecData-02115-20261006-162528.csv,1.3495166666666667
2026-10-06 16:26:07.961,9.5016e-11,Torr,12.small_stm_window_2,12.small_stm_window_2/MassSpecData-02115-20261006-162528.csv,1.3529833333333334
2026-10-06 16:26:08.169,7.8143e-11,Torr,12.small_stm_window_2,12.small_stm_window_2/MassSpecData-02115-20261006-162528.csv,1.35645
2026-10-06 16:26:08.378,9.5982e-11,Torr,12.small_stm_window_2,12.small_stm_window_2/MassSpecData-02115-20261006-162528.csv,1.3599333333333334
2026-10-06 16:26:08.586,9.0165e-11,Torr,12.small_stm_window_2,12.small_stm_window_2/MassSpecData-02115-20261006-162528.csv,1.3634
2026-10-06 16:26:08.794,8.1256e-11,Torr,12.small_stm_window_2,12.small_stm_window_2/MassSpecData-02115-20261006-162528.csv,1.3668666666666667
2026-10-06 16:26:09.003,8.5399e-11,Torr,12.small_stm_window_2,12.small_stm_window_2/MassSpecData-02115-20261006-162528.csv,1.37035
2026-10-06 16:26:09.211,8.888e-11,Torr,12.small_stm_window_2,12.small_stm_window_2/MassSpecData-02115-20261006-162528.csv,1.3738166666666667
2026-10-06 16:26:09.419,7.8384e-11,Torr,12.small_stm_window_2,12.small_stm_window_2/MassSpecData-02115-20261006-162528.csv,1.3772833333333334
2026-10-06 16:26:09.628,8.6249e-11,Torr,12.small_stm_window_2,12.small_stm_window_2/MassSpecData-02115-20261006-162528.csv,1.3807666666666667
2026-10-06 16:26:09.836,7.4151e-11,Torr,12.small_stm_window_2,12.small_stm_window_2/MassSpecData-02115-20261006-162528.csv,1.3842333333333334
2026-10-06 16:26:10.044,9.519e-11,Torr,12.small_stm_window_2,12.small_stm_window_2/MassSpecData-02115-20261006-162528.csv,1.3877
2026-10-06 16:26:10.383,8.4928e-11,Torr,12.small_stm_window_2,12.small_stm_window_2/MassSpecData-02115-20261006-162610.csv,1.39335
2026-10-06 16:26:10.591,7.4032e-11,Torr,12.small_stm_window_2,12.small_stm_window_2/MassSpecData-02115-20261006-162610.csv,1.3968166666666666
2026-10-06 16:26:10.800,7.0169e-11,Torr,12.small_stm_window_2,12.small_stm_window_2/MassSpecData-02115-20261006-162610.csv,1.4003
2026-10-06 16:26:11.008,9.1699e-11,Torr,12.small_stm_window_2,12.small_stm_window_2/MassSpecData-02115-20261006-162610.csv,1.4037666666666666
2026-10-06 16:26:11.216,8.2283e-11,Torr,12.small_stm_window_2,12.small_stm_window_2/MassSpecData-02115-20261006-162610.csv,1.4072333333333333
2026-10-06 16:26:11.425,7.9669e-11,Torr,12.small_stm_window_2,12.small_stm_window_2/MassSpecData-02115-20261006-162610.csv,1.4107166666666666
2026-10-06 16:26:11.633,9.243e-11,Torr,12.small_stm_window_2,12.small_stm_window_2/MassSpecData-02115-20261006-162610.csv,1.4141833333333333
2026-10-06 16:26:11.841,8.7301e-11,Torr,12.small_stm_window_2,12.small_stm_window_2/MassSpecData-02115-20261006-162610.csv,1.4176499999999999
2026-10-06 16:26:12.049,9.5843e-11,Torr,12.small_stm_window_2,12.small_stm_window_2/MassSpecData-02115-20261006-162610.csv,1.4211166666666666
2026-10-06 16:26:12.258,8.9809e-11,Torr,12.small_stm_window_2,12.small_stm_window_2/MassSpecData-02115-20261006-162610.csv,1.4246
2026-10-06 16:26:12.466,7.2776e-11,Torr,12.small_stm_window_2,12.small_stm_window_2/MassSpecData-02115-20261006-162610.csv,1.4280666666666666
2026-10-06 16:26:12.675,7.8014e-11,Torr,12.small_stm_window_2,12.small_stm_window_2/MassSpecData-02115-20261006-162610.csv,1.43155
2026-10-06 16:26:12.883,8.0853e-11,Torr,12.small_stm_window_2,12.small_stm_window_2/MassSpecData-02115-20261006-162610.csv,1.4350166666666666
2026-10-06 16:26:13.091,8.3169e-11,Torr,12.small_stm_window_2,12.small_stm_window_2/MassSpecData-02115-20261006-162610.csv,1.4384833333333333
2026-10-06 16:26:13.300,8.2946e-11,Torr,12.small_stm_window_2,12.small_stm_window_2/MassSpecData-02115-20261006-162610.csv,1.4419666666666666
2026-10-06 16:26:13.508,7.6479e-11,Torr,12.small_stm_window_2,12.small_stm_window_2/MassSpecData-02115-20261006-162610.csv,1.4454333333333333
2026-10-06 16:26:13.716,1.1492e-10,Torr,12.small_stm_window_2,12.small_stm_window_2/MassSpecData-02115-20261006-162610.csv,1.4488999999999999
2026-10-06 16:26:13.925,9.0712e-11,Torr,12.small_stm_window_2,12.small_stm_window_2/MassSpecData-02115-20261006-162610.csv,1.4523833333333334
2026-10-06 16:26:14.133,1.0155e-10,Torr,12.small_stm_window_2,12.small_stm_window_2/MassSpecData-02115-20261006-162610.csv,1.45585
2026-10-06 16:26:14.341,8.5246e-11,Torr,12.small_stm_window_2,12.small_stm_window_2/MassSpecData-02115-20261006-162610.csv,1.4593166666666666
2026-10-06 16:26:14.550,7.3926e-11,Torr,12.small_stm_window_2,12.small_stm_window_2/MassSpecData-02115-20261006-162610.csv,1.4628
2026-10-06 16:26:14.758,9.0221e-11,Torr,12.small_stm_window_2,12.small_stm_window_2/MassSpecData-02115-20261006-162610.csv,1.4662666666666666
2026-10-06 16:26:14.966,8.4228e-11,Torr,12.small_stm_window_2,12.small_stm_window_2/MassSpecData-02115-20261006-162610.csv,1.4697333333333333
2026-10-06 16:26:15.175,8.9372e-11,Torr,12.small_stm_window_2,12.small_stm_window_2/MassSpecData-02115-20261006-162610.csv,1.4732166666666666
2026-10-06 16:26:15.383,8.567e-11,Torr,12.small_stm_window_2,12.small_stm_window_2/MassSpecData-02115-20261006-162610.csv,1.4766833333333333
2026-10-06 16:26:15.591,9.4893e-11,Torr,12.small_stm_window_2,12.small_stm_window_2/MassSpecData-02115-20261006-162610.csv,1.4801499999999999
2026-10-06 16:26:15.799,8.6313e-11,Torr,12.small_stm_window_2,12.small_stm_window_2/MassSpecData-02115-20261006-162610.csv,1.4836166666666666
2026-10-06 16:26:16.008,8.771e-11,Torr,12.small_stm_window_2,12.small_stm_window_2/MassSpecData-02115-20261006-162610.csv,1.4871
2026-10-06 16:26:16.216,7.9704e-11,Torr,12.small_stm_window_2,12.small_stm_window_2/MassSpecData-02115-20261006-162610.csv,1.4905666666666666
2026-10-06 16:26:16.424,7.9849e-11,Torr,12.small_stm_window_2,12.small_stm_window_2/MassSpecData-02115-20261006-162610.csv,1.4940333333333333
2026-10-06 16:26:16.633,7.6299e-11,Torr,12.small_stm_window_2,12.small_stm_window_2/MassSpecData-02115-20261006-162610.csv,1.4975166666666666
2026-10-06 16:26:16.841,8.7385e-11,Torr,12.small_stm_window_2,12.small_stm_window_2/MassSpecData-02115-20261006-162610.csv,1.5009833333333333
2026-10-06 16:26:17.049,7.6831e-11,Torr,12.small_stm_window_2,12.small_stm_window_2/MassSpecData-02115-20261006-162610.csv,1.5044499999999998
2026-10-06 16:26:17.258,7.6454e-11,Torr,12.small_stm_window_2,12.small_stm_window_2/MassSpecData-02115-20261006-162610.csv,1.5079333333333333
2026-10-06 16:26:17.466,9.1273e-11,Torr,12.small_stm_window_2,12.small_stm_window_2/MassSpecData-02115-20261006-162610.csv,1.5113999999999999
2026-10-06 16:26:17.674,8.3928e-11,Torr,12.small_stm_window_2,12.small_stm_window_2/MassSpecData-02115-20261006-162610.csv,1.5148666666666666
2026-10-06 16:26:17.883,6.726e-11,Torr,12.small_stm_window_2,12.small_stm_window_2/MassSpecData-02115-20261006-162610.csv,1.51835
2026-10-06 16:26:18.091,8.2861e-11,Torr,12.small_stm_window_2,12.small_stm_window_2/MassSpecData-02115-20261006-162610.csv,1.5218166666666666
2026-10-06 16:26:18.299,7.5159e-11,Torr,12.small_stm_window_2,12.small_stm_window_2/MassSpecData-02115-20261006-162610.csv,1.5252833333333333
2026-10-06 16:26:18.508,8.3851e-11,Torr,12.small_stm_window_2,12.small_stm_window_2/MassSpecData-02115-20261006-162610.csv,1.5287666666666666
2026-10-06 16:26:18.716,9.4651e-11,Torr,12.small_stm_window_2,12.small_stm_window_2/MassSpecData-02115-20261006-162610.csv,1.5322333333333333
2026-10-06 16:26:18.924,8.8037e-11,Torr,12.small_stm_window_2,12.small_stm_window_2/MassSpecData-02115-20261006-162610.csv,1.5356999999999998
2026-10-06 16:26:19.133,7.6721e-11,Torr,12.small_stm_window_2,12.small_stm_window_2/MassSpecData-02115-20261006-162610.csv,1.5391833333333333
2026-10-06 16:26:19.341,1.0286e-10,Torr,12.small_stm_window_2,12.small_stm_window_2/MassSpecData-02115-20261006-162610.csv,1.5426499999999999
2026-10-06 16:26:19.550,7.7099e-11,Torr,12.small_stm_window_2,12.small_stm_window_2/MassSpecData-02115-20261006-162610.csv,1.5461333333333334
2026-10-06 16:26:19.758,8.2562e-11,Torr,12.small_stm_window_2,12.small_stm_window_2/MassSpecData-02115-20261006-162610.csv,1.5496
2026-10-06 16:26:19.966,8.0729e-11,Torr,12.small_stm_window_2,12.small_stm_window_2/MassSpecData-02115-20261006-162610.csv,1.5530666666666666
2026-10-06 16:26:20.175,7.6754e-11,Torr,12.small_stm_window_2,12.small_stm_window_2/MassSpecData-02115-20261006-162610.csv,1.55655
2026-10-06 16:26:20.383,8.9998e-11,Torr,12.small_stm_window_2,12.small_stm_window_2/MassSpecData-02115-20261006-162610.csv,1.5600166666666666
2026-10-06 16:26:20.591,8.6458e-11,Torr,12.small_stm_window_2,12.small_stm_window_2/MassSpecData-02115-20261006-162610.csv,1.5634833333333333
2026-10-06 16:26:20.800,9.4113e-11,Torr,12.small_stm_window_2,12.small_stm_window_2/MassSpecData-02115-20261006-162610.csv,1.5669666666666666
2026-10-06 16:26:21.008,8.4451e-11,Torr,12.small_stm_window_2,12.small_stm_window_2/MassSpecData-02115-20261006-162610.csv,1.5704333333333333
2026-10-06 16:26:21.216,7.0548e-11,Torr,12.small_stm_window_2,12.small_stm_window_2/MassSpecData-02115-20261006-162610.csv,1.5738999999999999
2026-10-06 16:26:21.425,7.9641e-11,Torr,12.small_stm_window_2,12.small_stm_window_2/MassSpecData-02115-20261006-162610.csv,1.5773833333333334
2026-10-06 16:26:21.633,7.213e-11,Torr,12.small_stm_window_2,12.small_stm_window_2/MassSpecData-02115-20261006-162610.csv,1.58085
2026-10-06 16:26:21.841,8.4695e-11,Torr,12.small_stm_window_2,12.small_stm_window_2/MassSpecData-02115-20261006-162610.csv,1.5843166666666666
2026-10-06 16:26:22.050,8.9823e-11,Torr,12.small_stm_window_2,12.small_stm_window_2/MassSpecData-02115-20261006-162610.csv,1.5878
2026-10-06 16:26:22.258,8.3349e-11,Torr,12.small_stm_window_2,12.small_stm_window_2/MassSpecData-02115-20261006-162610.csv,1.5912666666666666
2026-10-06 16:26:22.466,7.5958e-11,Torr,12.small_stm_window_2,12.small_stm_window_2/MassSpecData-02115-20261006-162610.csv,1.5947333333333333
2026-10-06 16:26:22.675,9.8789e-11,Torr,12.small_stm_window_2,12.small_stm_window_2/MassSpecData-02115-20261006-162610.csv,1.5982166666666666
2026-10-06 16:26:22.883,7.709e-11,Torr,12.small_stm_window_2,12.small_stm_window_2/MassSpecData-02115-20261006-162610.csv,1.6016833333333333
2026-10-06 16:26:23.091,9.3519e-11,Torr,12.small_stm_window_2,12.small_stm_window_2/MassSpecData-02115-20261006-162610.csv,1.6051499999999999
2026-10-06 16:26:23.300,7.9109e-11,Torr,12.small_stm_window_2,12.small_stm_window_2/MassSpecData-02115-20261006-162610.csv,1.6086333333333334
2026-10-06 16:26:23.508,8.8594e-11,Torr,12.small_stm_window_2,12.small_stm_window_2/MassSpecData-02115-20261006-162610.csv,1.6121
2026-10-06 16:26:23.716,8.9825e-11,Torr,12.small_stm_window_2,12.small_stm_window_2/MassSpecData-02115-20261006-162610.csv,1.6155666666666666
2026-10-06 16:26:23.925,8.1628e-11,Torr,12.small_stm_window_2,12.small_stm_window_2/MassSpecData-02115-20261006-162610.csv,1.61905
2026-10-06 16:26:24.133,8.4255e-11,Torr,12.small_stm_window_2,12.small_stm_window_2/MassSpecData-02115-20261006-162610.csv,1.6225166666666666
2026-10-06 16:26:24.341,8.9084e-11,Torr,12.small_stm_window_2,12.small_stm_window_2/MassSpecData-02115-20261006-162610.csv,1.6259833333333333
2026-10-06 16:26:24.550,8.5661e-11,Torr,12.small_stm_window_2,12.small_stm_window_2/MassSpecData-02115-20261006-162610.csv,1.6294666666666666
2026-10-06 16:26:24.758,8.1108e-11,Torr,12.small_stm_window_2,12.small_stm_window_2/MassSpecData-02115-20261006-162610.csv,1.6329333333333333
2026-10-06 16:26:24.966,7.4796e-11,Torr,12.small_stm_window_2,12.small_stm_window_2/MassSpecData-02115-20261006-162610.csv,1.6363999999999999
2026-10-06 16:26:25.175,9.0424e-11,Torr,12.small_stm_window_2,12.small_stm_window_2/MassSpecData-02115-20261006-162610.csv,1.6398833333333334
2026-10-06 16:26:25.383,7.9476e-11,Torr,12.small_stm_window_2,12.small_stm_window_2/MassSpecData-02115-20261006-162610.csv,1.64335
2026-10-06 16:26:25.591,8.9095e-11,Torr,12.small_stm_window_2,12.small_stm_window_2/MassSpecData-02115-20261006-162610.csv,1.6468166666666666
2026-10-06 16:26:25.800,8.1344e-11,Torr,12.small_stm_window_2,12.small_stm_window_2/MassSpecData-02115-20261006-162610.csv,1.6503
2026-10-06 16:26:26.008,8.8719e-11,Torr,12.small_stm_window_2,12.small_stm_window_2/MassSpecData-02115-20261006-162610.csv,1.6537666666666666
2026-10-06 16:26:26.216,8.3838e-11,Torr,12.small_stm_window_2,12.small_stm_window_2/MassSpecData-02115-20261006-162610.csv,1.6572333333333333
2026-10-06 16:26:26.425,1.1439e-10,Torr,12.small_stm_window_2,12.small_stm_window_2/MassSpecData-02115-20261006-162610.csv,1.6607166666666666
2026-10-06 16:26:26.633,9.7613e-11,Torr,12.small_stm_window_2,12.small_stm_window_2/MassSpecData-02115-20261006-162610.csv,1.6641833333333333
2026-10-06 16:26:26.841,9.6522e-11,Torr,12.small_stm_window_2,12.small_stm_window_2/MassSpecData-02115-20261006-162610.csv,1.6676499999999999
2026-10-06 16:26:27.050,7.3021e-11,Torr,12.small_stm_window_2,12.small_stm_window_2/MassSpecData-02115-20261006-162610.csv,1.6711333333333334
2026-10-06 16:26:27.258,9.1997e-11,Torr,12.small_stm_window_2,12.small_stm_window_2/MassSpecData-02115-20261006-162610.csv,1.6746
2026-10-06 16:26:27.466,8.1159e-11,Torr,12.small_stm_window_2,12.small_stm_window_2/MassSpecData-02115-20261006-162610.csv,1.6780666666666666
2026-10-06 16:26:27.675,8.188e-11,Torr,12.small_stm_window_2,12.small_stm_window_2/MassSpecData-02115-20261006-162610.csv,1.68155
2026-10-06 16:26:27.883,7.7585e-11,Torr,12.small_stm_window_2,12.small_stm_window_2/MassSpecData-02115-20261006-162610.csv,1.6850166666666666
2026-10-06 16:26:28.091,1.0017e-10,Torr,12.small_stm_window_2,12.small_stm_window_2/MassSpecData-02115-20261006-162610.csv,1.6884833333333333
2026-10-06 16:26:28.300,7.6316e-11,Torr,12.small_stm_window_2,12.small_stm_window_2/MassSpecData-02115-20261006-162610.csv,1.6919666666666666
2026-10-06 16:26:28.508,7.9235e-11,Torr,12.small_stm_window_2,12.small_stm_window_2/MassSpecData-02115-20261006-162610.csv,1.6954333333333333
2026-10-06 16:26:28.716,8.0075e-11,Torr,12.small_stm_window_2,12.small_stm_window_2/MassSpecData-02115-20261006-162610.csv,1.6988999999999999
2026-10-06 16:26:28.925,9.5453e-11,Torr,12.small_stm_window_2,12.small_stm_window_2/MassSpecData-02115-20261006-162610.csv,1.7023833333333334
2026-10-06 16:26:29.133,8.0603e-11,Torr,12.small_stm_window_2,12.small_stm_window_2/MassSpecData-02115-20261006-162610.csv,1.70585
2026-10-06 16:26:29.341,7.2771e-11,Torr,12.small_stm_window_2,12.small_stm_window_2/MassSpecData-02115-20261006-162610.csv,1.7093166666666666
2026-10-06 16:26:29.550,8.4674e-11,Torr,12.small_stm_window_2,12.small_stm_window_2/MassSpecData-02115-20261006-162610.csv,1.7128
2026-10-06 16:26:29.758,8.1078e-11,Torr,12.small_stm_window_2,12.small_stm_window_2/MassSpecData-02115-20261006-162610.csv,1.7162666666666666
2026-10-06 16:26:29.966,8.5218e-11,Torr,12.small_stm_window_2,12.small_stm_window_2/MassSpecData-02115-20261006-162610.csv,1.7197333333333333
2026-10-06 16:26:30.174,8.8811e-11,Torr,12.small_stm_window_2,12.small_stm_window_2/MassSpecData-02115-20261006-162610.csv,1.7231999999999998
2026-10-06 16:26:30.383,8.9171e-11,Torr,12.small_stm_window_2,12.small_stm_window_2/MassSpecData-02115-20261006-162610.csv,1.7266833333333333
2026-10-06 16:26:30.591,8.556e-11,Torr,12.small_stm_window_2,12.small_stm_window_2/MassSpecData-02115-20261006-162610.csv,1.7301499999999999
2026-10-06 16:26:30.799,8.0157e-11,Torr,12.small_stm_window_2,12.small_stm_window_2/MassSpecData-02115-20261006-162610.csv,1.7336166666666666
2026-10-06 16:26:31.008,8.5699e-11,Torr,12.small_stm_window_2,12.small_stm_window_2/MassSpecData-02115-20261006-162610.csv,1.7371
2026-10-06 16:26:31.216,9.3193e-11,Torr,12.small_stm_window_2,12.small_stm_window_2/MassSpecData-02115-20261006-162610.csv,1.7405666666666666
2026-10-06 16:26:31.424,8.1456e-11,Torr,12.small_stm_window_2,12.small_stm_window_2/MassSpecData-02115-20261006-162610.csv,1.7440333333333333
2026-10-06 16:26:31.633,7.4696e-11,Torr,12.small_stm_window_2,12.small_stm_window_2/MassSpecData-02115-20261006-162610.csv,1.7475166666666666
2026-10-06 16:26:31.841,7.3112e-11,Torr,12.small_stm_window_2,12.small_stm_window_2/MassSpecData-02115-20261006-162610.csv,1.7509833333333333
2026-10-06 16:26:32.049,7.6933e-11,Torr,12.small_stm_window_2,12.small_stm_window_2/MassSpecData-02115-20261006-162610.csv,1.7544499999999998
2026-10-06 16:26:32.258,8.5274e-11,Torr,12.small_stm_window_2,12.small_stm_window_2/MassSpecData-02115-20261006-162610.csv,1.7579333333333333
2026-10-06 16:26:32.466,9.6586e-11,Torr,12.small_stm_window_2,12.small_stm_window_2/MassSpecData-02115-20261006-162610.csv,1.7613999999999999
2026-10-06 16:26:32.674,8.0157e-11,Torr,12.small_stm_window_2,12.small_stm_window_2/MassSpecData-02115-20261006-162610.csv,1.7648666666666666
2026-10-06 16:26:32.883,8.7595e-11,Torr,12.small_stm_window_2,12.small_stm_window_2/MassSpecData-02115-20261006-162610.csv,1.76835
2026-10-06 16:26:33.091,7.8653e-11,Torr,12.small_stm_window_2,12.small_stm_window_2/MassSpecData-02115-20261006-162610.csv,1.7718166666666666
2026-10-06 16:26:33.299,7.7634e-11,Torr,12.small_stm_window_2,12.small_stm_window_2/MassSpecData-02115-20261006-162610.csv,1.7752833333333333
2026-10-06 16:26:33.508,9.041e-11,Torr,12.small_stm_window_2,12.small_stm_window_2/MassSpecData-02115-20261006-162610.csv,1.7787666666666666
2026-10-06 16:26:33.716,9.6631e-11,Torr,12.small_stm_window_2,12.small_stm_window_2/MassSpecData-02115-20261006-162610.csv,1.7822333333333333
2026-10-06 16:26:33.924,8.1488e-11,Torr,12.small_stm_window_2,12.small_stm_window_2/MassSpecData-02115-20261006-162610.csv,1.7856999999999998
2026-10-06 16:26:34.133,7.6765e-11,Torr,12.small_stm_window_2,12.small_stm_window_2/MassSpecData-02115-20261006-162610.csv,1.7891833333333333
2026-10-06 16:26:34.341,7.9786e-11,Torr,12.small_stm_window_2,12.small_stm_window_2/MassSpecData-02115-20261006-162610.csv,1.7926499999999999
2026-10-06 16:26:34.549,8.8249e-11,Torr,12.small_stm_window_2,12.small_stm_window_2/MassSpecData-02115-20261006-162610.csv,1.7961166666666666
2026-10-06 16:26:34.758,7.9499e-11,Torr,12.small_stm_window_2,12.small_stm_window_2/MassSpecData-02115-20261006-162610.csv,1.7996
2026-10-06 16:26:34.966,8.6418e-11,Torr,12.small_stm_window_2,12.small_stm_window_2/MassSpecData-02115-20261006-162610.csv,1.8030666666666666
2026-10-06 16:26:35.174,8.2396e-11,Torr,12.small_stm_window_2,12.small_stm_window_2/MassSpecData-02115-20261006-162610.csv,1.8065333333333333
2026-10-06 16:26:35.383,9.7125e-11,Torr,12.small_stm_window_2,12.small_stm_window_2/MassSpecData-02115-20261006-162610.csv,1.8100166666666666
2026-10-06 16:26:35.591,7.516e-11,Torr,12.small_stm_window_2,12.small_stm_window_2/MassSpecData-02115-20261006-162610.csv,1.8134833333333333
2026-10-06 16:26:35.799,9.6033e-11,Torr,12.small_stm_window_2,12.small_stm_window_2/MassSpecData-02115-20261006-162610.csv,1.8169499999999998
2026-10-06 16:26:36.008,1.158e-10,Torr,12.small_stm_window_2,12.small_stm_window_2/MassSpecData-02115-20261006-162610.csv,1.8204333333333333
2026-10-06 16:26:36.216,8.3792e-11,Torr,12.small_stm_window_2,12.small_stm_window_2/MassSpecData-02115-20261006-162610.csv,1.8238999999999999
2026-10-06 16:26:36.424,9.477e-11,Torr,12.small_stm_window_2,12.small_stm_window_2/MassSpecData-02115-20261006-162610.csv,1.8273666666666666
2026-10-06 16:26:36.633,9.963e-11,Torr,12.small_stm_window_2,12.small_stm_window_2/MassSpecData-02115-20261006-162610.csv,1.83085
2026-10-06 16:26:36.841,7.8203e-11,Torr,12.small_stm_window_2,12.small_stm_window_2/MassSpecData-02115-20261006-162610.csv,1.8343166666666666
2026-10-06 16:26:37.049,8.9936e-11,Torr,12.small_stm_window_2,12.small_stm_window_2/MassSpecData-02115-20261006-162610.csv,1.8377833333333333
2026-10-06 16:26:37.258,9.6225e-11,Torr,12.small_stm_window_2,12.small_stm_window_2/MassSpecData-02115-20261006-162610.csv,1.8412666666666666
2026-10-06 16:26:37.466,9.2352e-11,Torr,12.small_stm_window_2,12.small_stm_window_2/MassSpecData-02115-20261006-162610.csv,1.8447333333333333
2026-10-06 16:26:37.674,7.7079e-11,Torr,12.small_stm_window_2,12.small_stm_window_2/MassSpecData-02115-20261006-162610.csv,1.8481999999999998
2026-10-06 16:26:37.883,8.1278e-11,Torr,12.small_stm_window_2,12.small_stm_window_2/MassSpecData-02115-20261006-162610.csv,1.8516833333333333
2026-10-06 16:26:38.091,8.3828e-11,Torr,12.small_stm_window_2,12.small_stm_window_2/MassSpecData-02115-20261006-162610.csv,1.8551499999999999
2026-10-06 16:26:38.299,8.3302e-11,Torr,12.small_stm_window_2,12.small_stm_window_2/MassSpecData-02115-20261006-162610.csv,1.8586166666666666
2026-10-06 16:26:38.508,8.6663e-11,Torr,12.small_stm_window_2,12.small_stm_window_2/MassSpecData-02115-20261006-162610.csv,1.8621
2026-10-06 16:26:38.716,1.0182e-10,Torr,12.small_stm_window_2,12.small_stm_window_2/MassSpecData-02115-20261006-162610.csv,1.8655666666666666
2026-10-06 16:26:38.924,8.5947e-11,Torr,12.small_stm_window_2,12.small_stm_window_2/MassSpecData-02115-20261006-162610.csv,1.8690333333333333
2026-10-06 16:26:39.133,9.6153e-11,Torr,12.small_stm_window_2,12.small_stm_window_2/MassSpecData-02115-20261006-162610.csv,1.8725166666666666
2026-10-06 16:26:39.341,8.0291e-11,Torr,12.small_stm_window_2,12.small_stm_window_2/MassSpecData-02115-20261006-162610.csv,1.8759833333333333
2026-10-06 16:26:39.549,7.8776e-11,Torr,12.small_stm_window_2,12.small_stm_window_2/MassSpecData-02115-20261006-162610.csv,1.8794499999999998
2026-10-06 16:26:39.758,8.823e-11,Torr,12.small_stm_window_2,12.small_stm_window_2/MassSpecData-02115-20261006-162610.csv,1.8829333333333333
2026-10-06 16:26:39.966,8.14e-11,Torr,12.small_stm_window_2,12.small_stm_window_2/MassSpecData-02115-20261006-162610.csv,1.8863999999999999
2026-10-06 16:26:40.174,1.055e-10,Torr,12.small_stm_window_2,12.small_stm_window_2/MassSpecData-02115-20261006-162610.csv,1.8898666666666666
2026-10-06 16:26:40.383,8.5471e-11,Torr,12.small_stm_window_2,12.small_stm_window_2/MassSpecData-02115-20261006-162610.csv,1.89335
2026-10-06 16:26:40.591,8.5505e-11,Torr,12.small_stm_window_2,12.small_stm_window_2/MassSpecData-02115-20261006-162610.csv,1.8968166666666666
2026-10-06 16:26:40.799,9.4856e-11,Torr,12.small_stm_window_2,12.small_stm_window_2/MassSpecData-02115-20261006-162610.csv,1.9002833333333333
2026-10-06 16:26:41.008,1.0106e-10,Torr,12.small_stm_window_2,12.small_stm_window_2/MassSpecData-02115-20261006-162610.csv,1.9037666666666666
2026-10-06 16:26:41.216,8.8157e-11,Torr,12.small_stm_window_2,12.small_stm_window_2/MassSpecData-02115-20261006-162610.csv,1.9072333333333333
2026-10-06 16:26:41.424,8.6328e-11,Torr,12.small_stm_window_2,12.small_stm_window_2/MassSpecData-02115-20261006-162610.csv,1.9106999999999998
2026-10-06 16:26:41.633,7.945e-11,Torr,12.small_stm_window_2,12.small_stm_window_2/MassSpecData-02115-20261006-162610.csv,1.9141833333333333
2026-10-06 16:26:41.841,6.8832e-11,Torr,12.small_stm_window_2,12.small_stm_window_2/MassSpecData-02115-20261006-162610.csv,1.9176499999999999
2026-10-06 16:26:42.049,9.0336e-11,Torr,12.small_stm_window_2,12.small_stm_window_2/MassSpecData-02115-20261006-162610.csv,1.9211166666666666
2026-10-06 16:26:42.258,7.7954e-11,Torr,12.small_stm_window_2,12.small_stm_window_2/MassSpecData-02115-20261006-162610.csv,1.9246
2026-10-06 16:26:42.466,7.801e-11,Torr,12.small_stm_window_2,12.small_stm_window_2/MassSpecData-02115-20261006-162610.csv,1.9280666666666666
2026-10-06 16:26:42.674,8.7386e-11,Torr,12.small_stm_window_2,12.small_stm_window_2/MassSpecData-02115-20261006-162610.csv,1.9315333333333333
2026-10-06 16:26:42.883,8.5813e-11,Torr,12.small_stm_window_2,12.small_stm_window_2/MassSpecData-02115-20261006-162610.csv,1.9350166666666666
2026-10-06 16:26:43.091,7.3881e-11,Torr,12.small_stm_window_2,12.small_stm_window_2/MassSpecData-02115-20261006-162610.csv,1.9384833333333333
2026-10-06 16:26:43.299,8.9941e-11,Torr,12.small_stm_window_2,12.small_stm_window_2/MassSpecData-02115-20261006-162610.csv,1.9419499999999998
2026-10-06 16:26:43.508,7.5565e-11,Torr,12.small_stm_window_2,12.small_stm_window_2/MassSpecData-02115-20261006-162610.csv,1.9454333333333333
2026-10-06 16:26:43.716,9.1269e-11,Torr,12.small_stm_window_2,12.small_stm_window_2/MassSpecData-02115-20261006-162610.csv,1.9488999999999999
2026-10-06 16:26:43.924,8.3309e-11,Torr,12.small_stm_window_2,12.small_stm_window_2/MassSpecData-02115-20261006-162610.csv,1.9523666666666666
2026-10-06 16:26:44.133,9.5123e-11,Torr,12.small_stm_window_2,12.small_stm_window_2/MassSpecData-02115-20261006-162610.csv,1.95585
2026-10-06 16:26:44.341,7.5115e-11,Torr,12.small_stm_window_2,12.small_stm_window_2/MassSpecData-02115-20261006-162610.csv,1.9593166666666666
2026-10-06 16:26:44.549,8.5835e-11,Torr,12.small_stm_window_2,12.small_stm_window_2/MassSpecData-02115-20261006-162610.csv,1.9627833333333333
2026-10-06 16:26:44.758,8.6516e-11,Torr,12.small_stm_window_2,12.small_stm_window_2/MassSpecData-02115-20261006-162610.csv,1.9662666666666666
2026-10-06 16:26:44.966,9.2162e-11,Torr,12.small_stm_window_2,12.small_stm_window_2/MassSpecData-02115-20261006-162610.csv,1.9697333333333333
2026-10-06 16:26:45.174,8.7119e-11,Torr,12.small_stm_window_2,12.small_stm_window_2/MassSpecData-02115-20261006-162610.csv,1.9731999999999998
2026-10-06 16:26:45.383,8.846e-11,Torr,12.small_stm_window_2,12.small_stm_window_2/MassSpecData-02115-20261006-162610.csv,1.9766833333333333
2026-10-06 16:26:45.591,8.0774e-11,Torr,12.small_stm_window_2,12.small_stm_window_2/MassSpecData-02115-20261006-162610.csv,1.9801499999999999
2026-10-06 16:26:45.799,8.8224e-11,Torr,12.small_stm_window_2,12.small_stm_window_2/MassSpecData-02115-20261006-162610.csv,1.9836166666666666
2026-10-06 16:26:46.008,7.8453e-11,Torr,12.small_stm_window_2,12.small_stm_window_2/MassSpecData-02115-20261006-162610.csv,1.9871
2026-10-06 16:26:46.216,8.2435e-11,Torr,12.small_stm_window_2,12.small_stm_window_2/MassSpecData-02115-20261006-162610.csv,1.9905666666666666
2026-10-06 16:26:46.424,8.2292e-11,Torr,12.small_stm_window_2,12.small_stm_window_2/MassSpecData-02115-20261006-162610.csv,1.9940333333333333
2026-10-06 16:26:46.633,8.3981e-11,Torr,12.small_stm_window_2,12.small_stm_window_2/MassSpecData-02115-20261006-162610.csv,1.9975166666666666
2026-10-06 16:26:46.841,8.8433e-11,Torr,12.small_stm_window_2,12.small_stm_window_2/MassSpecData-02115-20261006-162610.csv,2.000983333333333
2026-10-06 16:26:47.049,7.0714e-11,Torr,12.small_stm_window_2,12.small_stm_window_2/MassSpecData-02115-20261006-162610.csv,2.00445
2026-10-06 16:26:47.258,8.9847e-11,Torr,12.small_stm_window_2,12.small_stm_window_2/MassSpecData-02115-20261006-162610.csv,2.0079333333333333
2026-10-06 16:26:47.466,8.6238e-11,Torr,12.small_stm_window_2,12.small_stm_window_2/MassSpecData-02115-20261006-162610.csv,2.0114
2026-10-06 16:26:47.674,1.0069e-10,Torr,12.small_stm_window_2,12.small_stm_window_2/MassSpecData-02115-20261006-162610.csv,2.014866666666667
2026-10-06 16:26:47.883,8.4179e-11,Torr,12.small_stm_window_2,12.small_stm_window_2/MassSpecData-02115-20261006-162610.csv,2.01835
2026-10-06 16:26:48.091,7.4496e-11,Torr,12.small_stm_window_2,12.small_stm_window_2/MassSpecData-02115-20261006-162610.csv,2.0218166666666666
2026-10-06 16:26:48.300,8.2746e-11,Torr,12.small_stm_window_2,12.small_stm_window_2/MassSpecData-02115-20261006-162610.csv,2.0253
2026-10-06 16:26:48.508,9.2218e-11,Torr,12.small_stm_window_2,12.small_stm_window_2/MassSpecData-02115-20261006-162610.csv,2.028766666666667
2026-10-06 16:26:48.716,9.0696e-11,Torr,12.small_stm_window_2,12.small_stm_window_2/MassSpecData-02115-20261006-162610.csv,2.032233333333333
2026-10-06 16:26:48.925,8.6792e-11,Torr,12.small_stm_window_2,12.small_stm_window_2/MassSpecData-02115-20261006-162610.csv,2.0357166666666666
2026-10-06 16:26:49.133,9.1547e-11,Torr,12.small_stm_window_2,12.small_stm_window_2/MassSpecData-02115-20261006-162610.csv,2.0391833333333333
2026-10-06 16:26:49.341,8.8828e-11,Torr,12.small_stm_window_2,12.small_stm_window_2/MassSpecData-02115-20261006-162610.csv,2.04265
2026-10-06 16:26:49.550,7.7721e-11,Torr,12.small_stm_window_2,12.small_stm_window_2/MassSpecData-02115-20261006-162610.csv,2.046133333333333
2026-10-06 16:26:49.758,8.3135e-11,Torr,12.small_stm_window_2,12.small_stm_window_2/MassSpecData-02115-20261006-162610.csv,2.0496
2026-10-06 16:26:49.966,7.9542e-11,Torr,12.small_stm_window_2,12.small_stm_window_2/MassSpecData-02115-20261006-162610.csv,2.0530666666666666
2026-10-06 16:26:50.175,9.0516e-11,Torr,12.small_stm_window_2,12.small_stm_window_2/MassSpecData-02115-20261006-162610.csv,2.05655
2026-10-06 16:26:50.383,9.9757e-11,Torr,12.small_stm_window_2,12.small_stm_window_2/MassSpecData-02115-20261006-162610.csv,2.060016666666667
2026-10-06 16:26:50.591,9.2066e-11,Torr,12.small_stm_window_2,12.small_stm_window_2/MassSpecData-02115-20261006-162610.csv,2.063483333333333
2026-10-06 16:26:50.800,8.068e-11,Torr,12.small_stm_window_2,12.small_stm_window_2/MassSpecData-02115-20261006-162610.csv,2.0669666666666666
2026-10-06 16:26:51.008,8.6183e-11,Torr,12.small_stm_window_2,12.small_stm_window_2/MassSpecData-02115-20261006-162610.csv,2.0704333333333333
2026-10-06 16:26:51.216,7.5864e-11,Torr,12.small_stm_window_2,12.small_stm_window_2/MassSpecData-02115-20261006-162610.csv,2.0739
2026-10-06 16:26:51.425,8.2568e-11,Torr,12.small_stm_window_2,12.small_stm_window_2/MassSpecData-02115-20261006-162610.csv,2.077383333333333
2026-10-06 16:26:51.633,9.2157e-11,Torr,12.small_stm_window_2,12.small_stm_window_2/MassSpecData-02115-20261006-162610.csv,2.08085
2026-10-06 16:26:51.841,7.1157e-11,Torr,12.small_stm_window_2,12.small_stm_window_2/MassSpecData-02115-20261006-162610.csv,2.0843166666666666
2026-10-06 16:26:52.271,8.7982e-11,Torr,12.small_stm_window_2,12.small_stm_window_2/MassSpecData-02115-20261006-162652.csv,2.0914833333333336
2026-10-06 16:26:52.479,7.7019e-11,Torr,12.small_stm_window_2,12.small_stm_window_2/MassSpecData-02115-20261006-162652.csv,2.09495
2026-10-06 16:26:52.688,8.957e-11,Torr,12.small_stm_window_2,12.small_stm_window_2/MassSpecData-02115-20261006-162652.csv,2.0984333333333334
2026-10-06 16:26:52.896,6.9534e-11,Torr,12.small_stm_window_2,12.small_stm_window_2/MassSpecData-02115-20261006-162652.csv,2.1019
2026-10-06 16:26:53.104,7.8241e-11,Torr,12.small_stm_window_2,12.small_stm_window_2/MassSpecData-02115-20261006-162652.csv,2.105366666666667
2026-10-06 16:26:53.313,9.2591e-11,Torr,12.small_stm_window_2,12.small_stm_window_2/MassSpecData-02115-20261006-162652.csv,2.10885
2026-10-06 16:26:53.521,9.0307e-11,Torr,12.small_stm_window_2,12.small_stm_window_2/MassSpecData-02115-20261006-162652.csv,2.1123166666666666
2026-10-06 16:26:53.729,7.3792e-11,Torr,12.small_stm_window_2,12.small_stm_window_2/MassSpecData-02115-20261006-162652.csv,2.1157833333333333
2026-10-06 16:26:53.937,1.1007e-10,Torr,12.small_stm_window_2,12.small_stm_window_2/MassSpecData-02115-20261006-162652.csv,2.11925
2026-10-06 16:26:54.146,1.0154e-10,Torr,12.small_stm_window_2,12.small_stm_window_2/MassSpecData-02115-20261006-162652.csv,2.1227333333333336
2026-10-06 16:26:54.354,7.8862e-11,Torr,12.small_stm_window_2,12.small_stm_window_2/MassSpecData-02115-20261006-162652.csv,2.1262
2026-10-06 16:26:54.563,8.5274e-11,Torr,12.small_stm_window_2,12.small_stm_window_2/MassSpecData-02115-20261006-162652.csv,2.1296833333333334
2026-10-06 16:26:54.771,8.5702e-11,Torr,12.small_stm_window_2,12.small_stm_window_2/MassSpecData-02115-20261006-162652.csv,2.13315
2026-10-06 16:26:54.979,7.8415e-11,Torr,12.small_stm_window_2,12.small_stm_window_2/MassSpecData-02115-20261006-162652.csv,2.136616666666667
2026-10-06 16:26:55.188,7.9537e-11,Torr,12.small_stm_window_2,12.small_stm_window_2/MassSpecData-02115-20261006-162652.csv,2.1401
2026-10-06 16:26:55.396,8.9657e-11,Torr,12.small_stm_window_2,12.small_stm_window_2/MassSpecData-02115-20261006-162652.csv,2.1435666666666666
2026-10-06 16:26:55.604,9.3547e-11,Torr,12.small_stm_window_2,12.small_stm_window_2/MassSpecData-02115-20261006-162652.csv,2.1470333333333333
2026-10-06 16:26:55.813,7.2649e-11,Torr,12.small_stm_window_2,12.small_stm_window_2/MassSpecData-02115-20261006-162652.csv,2.150516666666667
2026-10-06 16:26:56.021,8.3775e-11,Torr,12.small_stm_window_2,12.small_stm_window_2/MassSpecData-02115-20261006-162652.csv,2.1539833333333336
2026-10-06 16:26:56.229,8.8011e-11,Torr,12.small_stm_window_2,12.small_stm_window_2/MassSpecData-02115-20261006-162652.csv,2.15745
2026-10-06 16:26:56.438,8.6563e-11,Torr,12.small_stm_window_2,12.small_stm_window_2/MassSpecData-02115-20261006-162652.csv,2.1609333333333334
2026-10-06 16:26:56.646,9.4943e-11,Torr,12.small_stm_window_2,12.small_stm_window_2/MassSpecData-02115-20261006-162652.csv,2.1644
2026-10-06 16:26:56.854,8.2476e-11,Torr,12.small_stm_window_2,12.small_stm_window_2/MassSpecData-02115-20261006-162652.csv,2.167866666666667
2026-10-06 16:26:57.063,8.3014e-11,Torr,12.small_stm_window_2,12.small_stm_window_2/MassSpecData-02115-20261006-162652.csv,2.17135
2026-10-06 16:26:57.271,8.7169e-11,Torr,12.small_stm_window_2,12.small_stm_window_2/MassSpecData-02115-20261006-162652.csv,2.1748166666666666
2026-10-06 16:26:57.479,8.4777e-11,Torr,12.small_stm_window_2,12.small_stm_window_2/MassSpecData-02115-20261006-162652.csv,2.1782833333333333
2026-10-06 16:26:57.687,7.7512e-11,Torr,12.small_stm_window_2,12.small_stm_window_2/MassSpecData-02115-20261006-162652.csv,2.18175
2026-10-06 16:26:57.896,7.5643e-11,Torr,12.small_stm_window_2,12.small_stm_window_2/MassSpecData-02115-20261006-162652.csv,2.1852333333333336
2026-10-06 16:26:58.104,7.26e-11,Torr,12.small_stm_window_2,12.small_stm_window_2/MassSpecData-02115-20261006-162652.csv,2.1887
2026-10-06 16:26:58.312,7.0016e-11,Torr,12.small_stm_window_2,12.small_stm_window_2/MassSpecData-02115-20261006-162652.csv,2.1921666666666666
2026-10-06 16:26:58.521,9.0457e-11,Torr,12.small_stm_window_2,12.small_stm_window_2/MassSpecData-02115-20261006-162652.csv,2.19565
2026-10-06 16:26:58.729,9.8178e-11,Torr,12.small_stm_window_2,12.small_stm_window_2/MassSpecData-02115-20261006-162652.csv,2.199116666666667
2026-10-06 16:26:58.937,7.4139e-11,Torr,12.small_stm_window_2,12.small_stm_window_2/MassSpecData-02115-20261006-162652.csv,2.2025833333333336
2026-10-06 16:26:59.146,8.9301e-11,Torr,12.small_stm_window_2,12.small_stm_window_2/MassSpecData-02115-20261006-162652.csv,2.2060666666666666
2026-10-06 16:26:59.354,8.7639e-11,Torr,12.small_stm_window_2,12.small_stm_window_2/MassSpecData-02115-20261006-162652.csv,2.2095333333333333
2026-10-06 16:26:59.562,8.7923e-11,Torr,12.small_stm_window_2,12.small_stm_window_2/MassSpecData-02115-20261006-162652.csv,2.213
2026-10-06 16:26:59.771,9.841e-11,Torr,12.small_stm_window_2,12.small_stm_window_2/MassSpecData-02115-20261006-162652.csv,2.2164833333333336
2026-10-06 16:26:59.979,8.6085e-11,Torr,12.small_stm_window_2,12.small_stm_window_2/MassSpecData-02115-20261006-162652.csv,2.21995
2026-10-06 16:27:00.187,8.6319e-11,Torr,12.small_stm_window_2,12.small_stm_window_2/MassSpecData-02115-20261006-162652.csv,2.2234166666666666
2026-10-06 16:27:00.396,8.8539e-11,Torr,12.small_stm_window_2,12.small_stm_window_2/MassSpecData-02115-20261006-162652.csv,2.2269
2026-10-06 16:27:00.604,7.7147e-11,Torr,12.small_stm_window_2,12.small_stm_window_2/MassSpecData-02115-20261006-162652.csv,2.230366666666667
2026-10-06 16:27:00.812,8.2728e-11,Torr,12.small_stm_window_2,12.small_stm_window_2/MassSpecData-02115-20261006-162652.csv,2.2338333333333336
2026-10-06 16:27:01.021,8.2013e-11,Torr,12.small_stm_window_2,12.small_stm_window_2/MassSpecData-02115-20261006-162652.csv,2.2373166666666666
2026-10-06 16:27:01.229,7.4706e-11,Torr,12.small_stm_window_2,12.small_stm_window_2/MassSpecData-02115-20261006-162652.csv,2.2407833333333333
2026-10-06 16:27:01.438,8.6999e-11,Torr,12.small_stm_window_2,12.small_stm_window_2/MassSpecData-02115-20261006-162652.csv,2.244266666666667
2026-10-06 16:27:01.646,9.3247e-11,Torr,12.small_stm_window_2,12.small_stm_window_2/MassSpecData-02115-20261006-162652.csv,2.2477333333333336
2026-10-06 16:27:01.854,9.3277e-11,Torr,12.small_stm_window_2,12.small_stm_window_2/MassSpecData-02115-20261006-162652.csv,2.2512
2026-10-06 16:27:02.063,8.1611e-11,Torr,12.small_stm_window_2,12.small_stm_window_2/MassSpecData-02115-20261006-162652.csv,2.2546833333333334
2026-10-06 16:27:02.271,8.8072e-11,Torr,12.small_stm_window_2,12.small_stm_window_2/MassSpecData-02115-20261006-162652.csv,2.25815
2026-10-06 16:27:02.479,9.7867e-11,Torr,12.small_stm_window_2,12.small_stm_window_2/MassSpecData-02115-20261006-162652.csv,2.261616666666667
2026-10-06 16:27:02.688,9.0179e-11,Torr,12.small_stm_window_2,12.small_stm_window_2/MassSpecData-02115-20261006-162652.csv,2.2651
2026-10-06 16:27:02.896,9.7732e-11,Torr,12.small_stm_window_2,12.small_stm_window_2/MassSpecData-02115-20261006-162652.csv,2.2685666666666666
2026-10-06 16:27:03.104,9.1575e-11,Torr,12.small_stm_window_2,12.small_stm_window_2/MassSpecData-02115-20261006-162652.csv,2.2720333333333333
2026-10-06 16:27:03.313,8.2245e-11,Torr,12.small_stm_window_2,12.small_stm_window_2/MassSpecData-02115-20261006-162652.csv,2.275516666666667
2026-10-06 16:27:03.521,9.5682e-11,Torr,12.small_stm_window_2,12.small_stm_window_2/MassSpecData-02115-20261006-162652.csv,2.2789833333333336
2026-10-06 16:27:03.729,9.0696e-11,Torr,12.small_stm_window_2,12.small_stm_window_2/MassSpecData-02115-20261006-162652.csv,2.28245
2026-10-06 16:27:03.938,8.6565e-11,Torr,12.small_stm_window_2,12.small_stm_window_2/MassSpecData-02115-20261006-162652.csv,2.2859333333333334
2026-10-06 16:27:04.146,8.8027e-11,Torr,12.small_stm_window_2,12.small_stm_window_2/MassSpecData-02115-20261006-162652.csv,2.2894
2026-10-06 16:27:04.354,9.1827e-11,Torr,12.small_stm_window_2,12.small_stm_window_2/MassSpecData-02115-20261006-162652.csv,2.292866666666667
2026-10-06 16:27:04.563,8.7695e-11,Torr,12.small_stm_window_2,12.small_stm_window_2/MassSpecData-02115-20261006-162652.csv,2.29635
2026-10-06 16:27:04.771,9.679e-11,Torr,12.small_stm_window_2,12.small_stm_window_2/MassSpecData-02115-20261006-162652.csv,2.2998166666666666
2026-10-06 16:27:04.979,8.4048e-11,Torr,12.small_stm_window_2,12.small_stm_window_2/MassSpecData-02115-20261006-162652.csv,2.3032833333333333
2026-10-06 16:27:05.188,7.2796e-11,Torr,12.small_stm_window_2,12.small_stm_window_2/MassSpecData-02115-20261006-162652.csv,2.306766666666667
2026-10-06 16:27:05.396,8.5084e-11,Torr,12.small_stm_window_2,12.small_stm_window_2/MassSpecData-02115-20261006-162652.csv,2.3102333333333336
2026-10-06 16:27:05.604,7.8093e-11,Torr,12.small_stm_window_2,12.small_stm_window_2/MassSpecData-02115-20261006-162652.csv,2.3137
2026-10-06 16:27:05.813,7.5816e-11,Torr,12.small_stm_window_2,12.small_stm_window_2/MassSpecData-02115-20261006-162652.csv,2.3171833333333334
2026-10-06 16:27:06.021,7.2533e-11,Torr,12.small_stm_window_2,12.small_stm_window_2/MassSpecData-02115-20261006-162652.csv,2.32065
2026-10-06 16:27:06.229,8.9539e-11,Torr,12.small_stm_window_2,12.small_stm_window_2/MassSpecData-02115-20261006-162652.csv,2.324116666666667
2026-10-06 16:27:06.438,9.6169e-11,Torr,12.small_stm_window_2,12.small_stm_window_2/MassSpecData-02115-20261006-162652.csv,2.3276
2026-10-06 16:27:06.646,8.2924e-11,Torr,12.small_stm_window_2,12.small_stm_window_2/MassSpecData-02115-20261006-162652.csv,2.3310666666666666
2026-10-06 16:27:06.854,8.6909e-11,Torr,12.small_stm_window_2,12.small_stm_window_2/MassSpecData-02115-20261006-162652.csv,2.3345333333333333
2026-10-06 16:27:07.063,7.2866e-11,Torr,12.small_stm_window_2,12.small_stm_window_2/MassSpecData-02115-20261006-162652.csv,2.338016666666667
2026-10-06 16:27:07.271,9.2241e-11,Torr,12.small_stm_window_2,12.small_stm_window_2/MassSpecData-02115-20261006-162652.csv,2.3414833333333336
2026-10-06 16:27:07.479,8.7598e-11,Torr,12.small_stm_window_2,12.small_stm_window_2/MassSpecData-02115-20261006-162652.csv,2.34495
2026-10-06 16:27:07.688,8.4628e-11,Torr,12.small_stm_window_2,12.small_stm_window_2/MassSpecData-02115-20261006-162652.csv,2.3484333333333334
2026-10-06 16:27:07.896,7.2958e-11,Torr,12.small_stm_window_2,12.small_stm_window_2/MassSpecData-02115-20261006-162652.csv,2.3519
2026-10-06 16:27:08.104,1.0038e-10,Torr,12.small_stm_window_2,12.small_stm_window_2/MassSpecData-02115-20261006-162652.csv,2.355366666666667
2026-10-06 16:27:08.313,7.9039e-11,Torr,12.small_stm_window_2,12.small_stm_window_2/MassSpecData-02115-20261006-162652.csv,2.35885
2026-10-06 16:27:08.521,7.4693e-11,Torr,12.small_stm_window_2,12.small_stm_window_2/MassSpecData-02115-20261006-162652.csv,2.3623166666666666
2026-10-06 16:27:08.729,8.9327e-11,Torr,12.small_stm_window_2,12.small_stm_window_2/MassSpecData-02115-20261006-162652.csv,2.3657833333333333
2026-10-06 16:27:08.938,8.4987e-11,Torr,12.small_stm_window_2,12.small_stm_window_2/MassSpecData-02115-20261006-162652.csv,2.369266666666667
2026-10-06 16:27:09.146,8.2006e-11,Torr,12.small_stm_window_2,12.small_stm_window_2/MassSpecData-02115-20261006-162652.csv,2.3727333333333336
2026-10-06 16:27:09.354,7.4539e-11,Torr,12.small_stm_window_2,12.small_stm_window_2/MassSpecData-02115-20261006-162652.csv,2.3762
2026-10-06 16:27:09.563,7.7158e-11,Torr,12.small_stm_window_2,12.small_stm_window_2/MassSpecData-02115-20261006-162652.csv,2.3796833333333334
2026-10-06 16:27:09.771,9.7295e-11,Torr,12.small_stm_window_2,12.small_stm_window_2/MassSpecData-02115-20261006-162652.csv,2.38315
2026-10-06 16:27:09.979,7.1578e-11,Torr,12.small_stm_window_2,12.small_stm_window_2/MassSpecData-02115-20261006-162652.csv,2.386616666666667
2026-10-06 16:27:10.188,7.5458e-11,Torr,12.small_stm_window_2,12.small_stm_window_2/MassSpecData-02115-20261006-162652.csv,2.3901
2026-10-06 16:27:10.396,9.2579e-11,Torr,12.small_stm_window_2,12.small_stm_window_2/MassSpecData-02115-20261006-162652.csv,2.3935666666666666
2026-10-06 16:27:10.604,8.5382e-11,Torr,12.small_stm_window_2,12.small_stm_window_2/MassSpecData-02115-20261006-162652.csv,2.3970333333333333
2026-10-06 16:27:10.813,8.3052e-11,Torr,12.small_stm_window_2,12.small_stm_window_2/MassSpecData-02115-20261006-162652.csv,2.400516666666667
2026-10-06 16:27:11.021,8.2003e-11,Torr,12.small_stm_window_2,12.small_stm_window_2/MassSpecData-02115-20261006-162652.csv,2.4039833333333336
2026-10-06 16:27:11.229,7.3659e-11,Torr,12.small_stm_window_2,12.small_stm_window_2/MassSpecData-02115-20261006-162652.csv,2.40745
2026-10-06 16:27:11.438,8.9271e-11,Torr,12.small_stm_window_2,12.small_stm_window_2/MassSpecData-02115-20261006-162652.csv,2.4109333333333334
2026-10-06 16:27:11.646,8.0238e-11,Torr,12.small_stm_window_2,12.small_stm_window_2/MassSpecData-02115-20261006-162652.csv,2.4144
2026-10-06 16:27:11.854,8.5166e-11,Torr,12.small_stm_window_2,12.small_stm_window_2/MassSpecData-02115-20261006-162652.csv,2.417866666666667
2026-10-06 16:27:12.062,7.9279e-11,Torr,12.small_stm_window_2,12.small_stm_window_2/MassSpecData-02115-20261006-162652.csv,2.4213333333333336
2026-10-06 16:27:12.271,8.5502e-11,Torr,12.small_stm_window_2,12.small_stm_window_2/MassSpecData-02115-20261006-162652.csv,2.4248166666666666
2026-10-06 16:27:12.479,7.1187e-11,Torr,12.small_stm_window_2,12.small_stm_window_2/MassSpecData-02115-20261006-162652.csv,2.4282833333333333
2026-10-06 16:27:12.687,8.5379e-11,Torr,12.small_stm_window_2,12.small_stm_window_2/MassSpecData-02115-20261006-162652.csv,2.43175
2026-10-06 16:27:12.896,7.4303e-11,Torr,12.small_stm_window_2,12.small_stm_window_2/MassSpecData-02115-20261006-162652.csv,2.4352333333333336
2026-10-06 16:27:13.104,8.7875e-11,Torr,12.small_stm_window_2,12.small_stm_window_2/MassSpecData-02115-20261006-162652.csv,2.4387
2026-10-06 16:27:13.312,7.5904e-11,Torr,12.small_stm_window_2,12.small_stm_window_2/MassSpecData-02115-20261006-162652.csv,2.4421666666666666
2026-10-06 16:27:13.521,8.3082e-11,Torr,12.small_stm_window_2,12.small_stm_window_2/MassSpecData-02115-20261006-162652.csv,2.44565
2026-10-06 16:27:13.729,8.8552e-11,Torr,12.small_stm_window_2,12.small_stm_window_2/MassSpecData-02115-20261006-162652.csv,2.449116666666667
2026-10-06 16:27:13.937,7.5907e-11,Torr,12.small_stm_window_2,12.small_stm_window_2/MassSpecData-02115-20261006-162652.csv,2.4525833333333336
2026-10-06 16:27:14.146,8.5244e-11,Torr,12.small_stm_window_2,12.small_stm_window_2/MassSpecData-02115-20261006-162652.csv,2.4560666666666666
2026-10-06 16:27:14.354,8.6604e-11,Torr,12.small_stm_window_2,12.small_stm_window_2/MassSpecData-02115-20261006-162652.csv,2.4595333333333333
2026-10-06 16:27:14.562,8.2849e-11,Torr,12.small_stm_window_2,12.small_stm_window_2/MassSpecData-02115-20261006-162652.csv,2.463
2026-10-06 16:27:14.771,8.7661e-11,Torr,12.small_stm_window_2,12.small_stm_window_2/MassSpecData-02115-20261006-162652.csv,2.4664833333333336
2026-10-06 16:27:14.979,8.3423e-11,Torr,12.small_stm_window_2,12.small_stm_window_2/MassSpecData-02115-20261006-162652.csv,2.46995
2026-10-06 16:27:15.187,8.4243e-11,Torr,12.small_stm_window_2,12.small_stm_window_2/MassSpecData-02115-20261006-162652.csv,2.4734166666666666
2026-10-06 16:27:15.396,8.5965e-11,Torr,12.small_stm_window_2,12.small_stm_window_2/MassSpecData-02115-20261006-162652.csv,2.4769
2026-10-06 16:27:15.604,7.4555e-11,Torr,12.small_stm_window_2,12.small_stm_window_2/MassSpecData-02115-20261006-162652.csv,2.480366666666667
2026-10-06 16:27:15.812,9.2576e-11,Torr,12.small_stm_window_2,12.small_stm_window_2/MassSpecData-02115-20261006-162652.csv,2.4838333333333336
2026-10-06 16:27:16.021,7.76e-11,Torr,12.small_stm_window_2,12.small_stm_window_2/MassSpecData-02115-20261006-162652.csv,2.4873166666666666
2026-10-06 16:27:16.229,7.9836e-11,Torr,12.small_stm_window_2,12.small_stm_window_2/MassSpecData-02115-20261006-162652.csv,2.4907833333333333
2026-10-06 16:27:16.437,8.034e-11,Torr,12.small_stm_window_2,12.small_stm_window_2/MassSpecData-02115-20261006-162652.csv,2.49425
2026-10-06 16:27:16.646,9.5057e-11,Torr,12.small_stm_window_2,12.small_stm_window_2/MassSpecData-02115-20261006-162652.csv,2.4977333333333336
2026-10-06 16:27:16.854,8.466e-11,Torr,12.small_stm_window_2,12.small_stm_window_2/MassSpecData-02115-20261006-162652.csv,2.5012
2026-10-06 16:27:17.062,8.2241e-11,Torr,12.small_stm_window_2,12.small_stm_window_2/MassSpecData-02115-20261006-162652.csv,2.5046666666666666
2026-10-06 16:27:17.271,7.8527e-11,Torr,12.small_stm_window_2,12.small_stm_window_2/MassSpecData-02115-20261006-162652.csv,2.50815
2026-10-06 16:27:17.479,7.5648e-11,Torr,12.small_stm_window_2,12.small_stm_window_2/MassSpecData-02115-20261006-162652.csv,2.511616666666667
2026-10-06 16:27:17.687,8.618e-11,Torr,12.small_stm_window_2,12.small_stm_window_2/MassSpecData-02115-20261006-162652.csv,2.5150833333333336
2026-10-06 16:27:17.896,8.408e-11,Torr,12.small_stm_window_2,12.small_stm_window_2/MassSpecData-02115-20261006-162652.csv,2.5185666666666666
2026-10-06 16:27:18.104,7.4018e-11,Torr,12.small_stm_window_2,12.small_stm_window_2/MassSpecData-02115-20261006-162652.csv,2.5220333333333333
2026-10-06 16:27:18.312,7.4972e-11,Torr,12.small_stm_window_2,12.small_stm_window_2/MassSpecData-02115-20261006-162652.csv,2.5255
2026-10-06 16:27:18.521,1.1123e-10,Torr,12.small_stm_window_2,12.small_stm_window_2/MassSpecData-02115-20261006-162652.csv,2.5289833333333336
2026-10-06 16:27:18.729,9.0722e-11,Torr,12.small_stm_window_2,12.small_stm_window_2/MassSpecData-02115-20261006-162652.csv,2.53245
2026-10-06 16:27:18.937,9.2996e-11,Torr,12.small_stm_window_2,12.small_stm_window_2/MassSpecData-02115-20261006-162652.csv,2.5359166666666666
2026-10-06 16:27:19.146,8.6496e-11,Torr,12.small_stm_window_2,12.small_stm_window_2/MassSpecData-02115-20261006-162652.csv,2.5394
2026-10-06 16:27:19.354,9.7108e-11,Torr,12.small_stm_window_2,12.small_stm_window_2/MassSpecData-02115-20261006-162652.csv,2.542866666666667
2026-10-06 16:27:19.562,8.3202e-11,Torr,12.small_stm_window_2,12.small_stm_window_2/MassSpecData-02115-20261006-162652.csv,2.5463333333333336
2026-10-06 16:27:19.771,9.1514e-11,Torr,12.small_stm_window_2,12.small_stm_window_2/MassSpecData-02115-20261006-162652.csv,2.5498166666666666
2026-10-06 16:27:19.979,7.8568e-11,Torr,12.small_stm_window_2,12.small_stm_window_2/MassSpecData-02115-20261006-162652.csv,2.5532833333333333
2026-10-06 16:27:20.187,8.4187e-11,Torr,12.small_stm_window_2,12.small_stm_window_2/MassSpecData-02115-20261006-162652.csv,2.55675
2026-10-06 16:27:20.396,8.9278e-11,Torr,12.small_stm_window_2,12.small_stm_window_2/MassSpecData-02115-20261006-162652.csv,2.5602333333333336
2026-10-06 16:27:20.604,7.343e-11,Torr,12.small_stm_window_2,12.small_stm_window_2/MassSpecData-02115-20261006-162652.csv,2.5637
2026-10-06 16:27:20.812,7.5157e-11,Torr,12.small_stm_window_2,12.small_stm_window_2/MassSpecData-02115-20261006-162652.csv,2.5671666666666666
2026-10-06 16:27:21.021,7.9337e-11,Torr,12.small_stm_window_2,12.small_stm_window_2/MassSpecData-02115-20261006-162652.csv,2.57065
2026-10-06 16:27:21.229,8.5631e-11,Torr,12.small_stm_window_2,12.small_stm_window_2/MassSpecData-02115-20261006-162652.csv,2.574116666666667
2026-10-06 16:27:21.437,7.553e-11,Torr,12.small_stm_window_2,12.small_stm_window_2/MassSpecData-02115-20261006-162652.csv,2.5775833333333336
2026-10-06 16:27:21.646,7.8722e-11,Torr,12.small_stm_window_2,12.small_stm_window_2/MassSpecData-02115-20261006-162652.csv,2.5810666666666666
2026-10-06 16:27:21.854,9.0358e-11,Torr,12.small_stm_window_2,12.small_stm_window_2/MassSpecData-02115-20261006-162652.csv,2.5845333333333333
2026-10-06 16:27:22.062,7.7676e-11,Torr,12.small_stm_window_2,12.small_stm_window_2/MassSpecData-02115-20261006-162652.csv,2.588
2026-10-06 16:27:22.271,9.9879e-11,Torr,12.small_stm_window_2,12.small_stm_window_2/MassSpecData-02115-20261006-162652.csv,2.5914833333333336
2026-10-06 16:27:22.479,7.3849e-11,Torr,12.small_stm_window_2,12.small_stm_window_2/MassSpecData-02115-20261006-162652.csv,2.59495
2026-10-06 16:27:22.687,8.9681e-11,Torr,12.small_stm_window_2,12.small_stm_window_2/MassSpecData-02115-20261006-162652.csv,2.5984166666666666
2026-10-06 16:27:22.896,8.9548e-11,Torr,12.small_stm_window_2,12.small_stm_window_2/MassSpecData-02115-20261006-162652.csv,2.6019
2026-10-06 16:27:23.104,9.1454e-11,Torr,12.small_stm_window_2,12.small_stm_window_2/MassSpecData-02115-20261006-162652.csv,2.605366666666667
2026-10-06 16:27:23.312,8.7975e-11,Torr,12.small_stm_window_2,12.small_stm_window_2/MassSpecData-02115-20261006-162652.csv,2.6088333333333336
2026-10-06 16:27:23.521,7.7122e-11,Torr,12.small_stm_window_2,12.small_stm_window_2/MassSpecData-02115-20261006-162652.csv,2.6123166666666666
2026-10-06 16:27:23.729,8.5254e-11,Torr,12.small_stm_window_2,12.small_stm_window_2/MassSpecData-02115-20261006-162652.csv,2.6157833333333333
2026-10-06 16:27:23.937,8.8776e-11,Torr,12.small_stm_window_2,12.small_stm_window_2/MassSpecData-02115-20261006-162652.csv,2.61925
2026-10-06 16:27:24.146,8.5617e-11,Torr,12.small_stm_window_2,12.small_stm_window_2/MassSpecData-02115-20261006-162652.csv,2.6227333333333336
2026-10-06 16:27:24.354,8.7792e-11,Torr,12.small_stm_window_2,12.small_stm_window_2/MassSpecData-02115-20261006-162652.csv,2.6262
2026-10-06 16:27:24.562,8.1122e-11,Torr,12.small_stm_window_2,12.small_stm_window_2/MassSpecData-02115-20261006-162652.csv,2.6296666666666666
2026-10-06 16:27:24.771,8.2446e-11,Torr,12.small_stm_window_2,12.small_stm_window_2/MassSpecData-02115-20261006-162652.csv,2.63315
2026-10-06 16:27:24.979,7.1705e-11,Torr,12.small_stm_window_2,12.small_stm_window_2/MassSpecData-02115-20261006-162652.csv,2.636616666666667
2026-10-06 16:27:25.187,8.0435e-11,Torr,12.small_stm_window_2,12.small_stm_window_2/MassSpecData-02115-20261006-162652.csv,2.6400833333333336
2026-10-06 16:27:25.396,8.3146e-11,Torr,12.small_stm_window_2,12.small_stm_window_2/MassSpecData-02115-20261006-162652.csv,2.6435666666666666
2026-10-06 16:27:25.604,9.0478e-11,Torr,12.small_stm_window_2,12.small_stm_window_2/MassSpecData-02115-20261006-162652.csv,2.6470333333333333
2026-10-06 16:27:25.812,8.4692e-11,Torr,12.small_stm_window_2,12.small_stm_window_2/MassSpecData-02115-20261006-162652.csv,2.6505
2026-10-06 16:27:26.021,8.1168e-11,Torr,12.small_stm_window_2,12.small_stm_window_2/MassSpecData-02115-20261006-162652.csv,2.6539833333333336
2026-10-06 16:27:26.229,9.2277e-11,Torr,12.small_stm_window_2,12.small_stm_window_2/MassSpecData-02115-20261006-162652.csv,2.65745
2026-10-06 16:27:26.437,7.4923e-11,Torr,12.small_stm_window_2,12.small_stm_window_2/MassSpecData-02115-20261006-162652.csv,2.6609166666666666
2026-10-06 16:27:26.646,8.54e-11,Torr,12.small_stm_window_2,12.small_stm_window_2/MassSpecData-02115-20261006-162652.csv,2.6644
2026-10-06 16:27:26.854,8.0469e-11,Torr,12.small_stm_window_2,12.small_stm_window_2/MassSpecData-02115-20261006-162652.csv,2.667866666666667
2026-10-06 16:27:27.062,7.7356e-11,Torr,12.small_stm_window_2,12.small_stm_window_2/MassSpecData-02115-20261006-162652.csv,2.6713333333333336
2026-10-06 16:27:27.271,8.8844e-11,Torr,12.small_stm_window_2,12.small_stm_window_2/MassSpecData-02115-20261006-162652.csv,2.6748166666666666
2026-10-06 16:27:27.479,8.2115e-11,Torr,12.small_stm_window_2,12.small_stm_window_2/MassSpecData-02115-20261006-162652.csv,2.6782833333333333
2026-10-06 16:27:27.687,9.0953e-11,Torr,12.small_stm_window_2,12.small_stm_window_2/MassSpecData-02115-20261006-162652.csv,2.68175
2026-10-06 16:27:27.896,9.4021e-11,Torr,12.small_stm_window_2,12.small_stm_window_2/MassSpecData-02115-20261006-162652.csv,2.6852333333333336
2026-10-06 16:27:28.104,7.714e-11,Torr,12.small_stm_window_2,12.small_stm_window_2/MassSpecData-02115-20261006-162652.csv,2.6887
2026-10-06 16:27:28.312,9.5487e-11,Torr,12.small_stm_window_2,12.small_stm_window_2/MassSpecData-02115-20261006-162652.csv,2.6921666666666666
2026-10-06 16:27:28.521,7.6263e-11,Torr,12.small_stm_window_2,12.small_stm_window_2/MassSpecData-02115-20261006-162652.csv,2.69565
2026-10-06 16:27:28.729,7.6543e-11,Torr,12.small_stm_window_2,12.small_stm_window_2/MassSpecData-02115-20261006-162652.csv,2.699116666666667
2026-10-06 16:27:28.937,8.4183e-11,Torr,12.small_stm_window_2,12.small_stm_window_2/MassSpecData-02115-20261006-162652.csv,2.7025833333333336
2026-10-06 16:27:29.146,9.8974e-11,Torr,12.small_stm_window_2,12.small_stm_window_2/MassSpecData-02115-20261006-162652.csv,2.7060666666666666
2026-10-06 16:27:29.354,8.5338e-11,Torr,12.small_stm_window_2,12.small_stm_window_2/MassSpecData-02115-20261006-162652.csv,2.7095333333333333
2026-10-06 16:27:29.562,8.0512e-11,Torr,12.small_stm_window_2,12.small_stm_window_2/MassSpecData-02115-20261006-162652.csv,2.713
2026-10-06 16:27:29.771,8.5937e-11,Torr,12.small_stm_window_2,12.small_stm_window_2/MassSpecData-02115-20261006-162652.csv,2.7164833333333336
2026-10-06 16:27:29.979,9.17e-11,Torr,12.small_stm_window_2,12.small_stm_window_2/MassSpecData-02115-20261006-162652.csv,2.71995
2026-10-06 16:27:30.188,6.7138e-11,Torr,12.small_stm_window_2,12.small_stm_window_2/MassSpecData-02115-20261006-162652.csv,2.7234333333333334
2026-10-06 16:27:30.396,9.2446e-11,Torr,12.small_stm_window_2,12.small_stm_window_2/MassSpecData-02115-20261006-162652.csv,2.7269
2026-10-06 16:27:30.604,8.6577e-11,Torr,12.small_stm_window_2,12.small_stm_window_2/MassSpecData-02115-20261006-162652.csv,2.730366666666667
2026-10-06 16:27:30.813,9.7842e-11,Torr,12.small_stm_window_2,12.small_stm_window_2/MassSpecData-02115-20261006-162652.csv,2.73385
2026-10-06 16:27:31.021,8.0297e-11,Torr,12.small_stm_window_2,12.small_stm_window_2/MassSpecData-02115-20261006-162652.csv,2.7373166666666666
2026-10-06 16:27:31.229,8.82e-11,Torr,12.small_stm_window_2,12.small_stm_window_2/MassSpecData-02115-20261006-162652.csv,2.7407833333333333
2026-10-06 16:27:31.438,9.5162e-11,Torr,12.small_stm_window_2,12.small_stm_window_2/MassSpecData-02115-20261006-162652.csv,2.744266666666667
2026-10-06 16:27:31.646,7.917e-11,Torr,12.small_stm_window_2,12.small_stm_window_2/MassSpecData-02115-20261006-162652.csv,2.7477333333333336
2026-10-06 16:27:31.854,8.4259e-11,Torr,12.small_stm_window_2,12.small_stm_window_2/MassSpecData-02115-20261006-162652.csv,2.7512
2026-10-06 16:27:32.063,8.9471e-11,Torr,12.small_stm_window_2,12.small_stm_window_2/MassSpecData-02115-20261006-162652.csv,2.7546833333333334
2026-10-06 16:27:32.271,9.1134e-11,Torr,12.small_stm_window_2,12.small_stm_window_2/MassSpecData-02115-20261006-162652.csv,2.75815
2026-10-06 16:27:32.479,8.7254e-11,Torr,12.small_stm_window_2,12.small_stm_window_2/MassSpecData-02115-20261006-162652.csv,2.761616666666667
2026-10-06 16:27:32.688,7.3043e-11,Torr,12.small_stm_window_2,12.small_stm_window_2/MassSpecData-02115-20261006-162652.csv,2.7651
2026-10-06 16:27:32.896,9.1032e-11,Torr,12.small_stm_window_2,12.small_stm_window_2/MassSpecData-02115-20261006-162652.csv,2.7685666666666666
2026-10-06 16:27:33.104,8.2531e-11,Torr,12.small_stm_window_2,12.small_stm_window_2/MassSpecData-02115-20261006-162652.csv,2.7720333333333333
2026-10-06 16:27:33.313,8.5418e-11,Torr,12.small_stm_window_2,12.small_stm_window_2/MassSpecData-02115-20261006-162652.csv,2.775516666666667
2026-10-06 16:27:33.521,8.0002e-11,Torr,12.small_stm_window_2,12.small_stm_window_2/MassSpecData-02115-20261006-162652.csv,2.7789833333333336
2026-10-06 16:27:33.729,8.6537e-11,Torr,12.small_stm_window_2,12.small_stm_window_2/MassSpecData-02115-20261006-162652.csv,2.78245
2026-10-06 16:27:34.148,7.8861e-11,Torr,12.small_stm_window_2,12.small_stm_window_2/MassSpecData-02115-20261006-162734.csv,2.7894333333333337
2026-10-06 16:27:34.356,7.0058e-11,Torr,12.small_stm_window_2,12.small_stm_window_2/MassSpecData-02115-20261006-162734.csv,2.7929000000000004
2026-10-06 16:27:34.565,6.8362e-11,Torr,12.small_stm_window_2,12.small_stm_window_2/MassSpecData-02115-20261006-162734.csv,2.796383333333333
2026-10-06 16:27:34.773,8.2051e-11,Torr,12.small_stm_window_2,12.small_stm_window_2/MassSpecData-02115-20261006-162734.csv,2.79985
2026-10-06 16:27:34.981,9.6589e-11,Torr,12.small_stm_window_2,12.small_stm_window_2/MassSpecData-02115-20261006-162734.csv,2.803316666666667
2026-10-06 16:27:35.190,8.4343e-11,Torr,12.small_stm_window_2,12.small_stm_window_2/MassSpecData-02115-20261006-162734.csv,2.8068
2026-10-06 16:27:35.398,8.2353e-11,Torr,12.small_stm_window_2,12.small_stm_window_2/MassSpecData-02115-20261006-162734.csv,2.8102666666666667
2026-10-06 16:27:35.606,8.1068e-11,Torr,12.small_stm_window_2,12.small_stm_window_2/MassSpecData-02115-20261006-162734.csv,2.8137333333333334
2026-10-06 16:27:35.814,7.7709e-11,Torr,12.small_stm_window_2,12.small_stm_window_2/MassSpecData-02115-20261006-162734.csv,2.8172
2026-10-06 16:27:36.023,9.3523e-11,Torr,12.small_stm_window_2,12.small_stm_window_2/MassSpecData-02115-20261006-162734.csv,2.8206833333333337
2026-10-06 16:27:36.231,9.7322e-11,Torr,12.small_stm_window_2,12.small_stm_window_2/MassSpecData-02115-20261006-162734.csv,2.8241500000000004
2026-10-06 16:27:36.440,7.0035e-11,Torr,12.small_stm_window_2,12.small_stm_window_2/MassSpecData-02115-20261006-162734.csv,2.827633333333333
2026-10-06 16:27:36.648,9.0918e-11,Torr,12.small_stm_window_2,12.small_stm_window_2/MassSpecData-02115-20261006-162734.csv,2.8311
2026-10-06 16:27:36.856,8.9004e-11,Torr,12.small_stm_window_2,12.small_stm_window_2/MassSpecData-02115-20261006-162734.csv,2.834566666666667
2026-10-06 16:27:37.065,8.7278e-11,Torr,12.small_stm_window_2,12.small_stm_window_2/MassSpecData-02115-20261006-162734.csv,2.83805
2026-10-06 16:27:37.273,7.6716e-11,Torr,12.small_stm_window_2,12.small_stm_window_2/MassSpecData-02115-20261006-162734.csv,2.8415166666666667
2026-10-06 16:27:37.481,8.7924e-11,Torr,12.small_stm_window_2,12.small_stm_window_2/MassSpecData-02115-20261006-162734.csv,2.8449833333333334
2026-10-06 16:27:37.690,7.8709e-11,Torr,12.small_stm_window_2,12.small_stm_window_2/MassSpecData-02115-20261006-162734.csv,2.8484666666666665
2026-10-06 16:27:37.898,7.9883e-11,Torr,12.small_stm_window_2,12.small_stm_window_2/MassSpecData-02115-20261006-162734.csv,2.8519333333333337
2026-10-06 16:27:38.106,9.5236e-11,Torr,12.small_stm_window_2,12.small_stm_window_2/MassSpecData-02115-20261006-162734.csv,2.8554000000000004
2026-10-06 16:27:38.315,9.19e-11,Torr,12.small_stm_window_2,12.small_stm_window_2/MassSpecData-02115-20261006-162734.csv,2.858883333333333
2026-10-06 16:27:38.523,9.8919e-11,Torr,12.small_stm_window_2,12.small_stm_window_2/MassSpecData-02115-20261006-162734.csv,2.86235
2026-10-06 16:27:38.731,8.1122e-11,Torr,12.small_stm_window_2,12.small_stm_window_2/MassSpecData-02115-20261006-162734.csv,2.865816666666667
2026-10-06 16:27:38.940,8.0502e-11,Torr,12.small_stm_window_2,12.small_stm_window_2/MassSpecData-02115-20261006-162734.csv,2.8693
2026-10-06 16:27:39.148,8.9754e-11,Torr,12.small_stm_window_2,12.small_stm_window_2/MassSpecData-02115-20261006-162734.csv,2.8727666666666667
2026-10-06 16:27:39.356,9.2304e-11,Torr,12.small_stm_window_2,12.small_stm_window_2/MassSpecData-02115-20261006-162734.csv,2.8762333333333334
2026-10-06 16:27:39.564,9.5596e-11,Torr,12.small_stm_window_2,12.small_stm_window_2/MassSpecData-02115-20261006-162734.csv,2.8797
2026-10-06 16:27:39.773,9.2924e-11,Torr,12.small_stm_window_2,12.small_stm_window_2/MassSpecData-02115-20261006-162734.csv,2.8831833333333337
2026-10-06 16:27:39.981,8.0363e-11,Torr,12.small_stm_window_2,12.small_stm_window_2/MassSpecData-02115-20261006-162734.csv,2.8866500000000004
2026-10-06 16:27:40.189,7.6114e-11,Torr,12.small_stm_window_2,12.small_stm_window_2/MassSpecData-02115-20261006-162734.csv,2.8901166666666667
2026-10-06 16:27:40.398,8.5767e-11,Torr,12.small_stm_window_2,12.small_stm_window_2/MassSpecData-02115-20261006-162734.csv,2.8936
2026-10-06 16:27:40.606,7.9442e-11,Torr,12.small_stm_window_2,12.small_stm_window_2/MassSpecData-02115-20261006-162734.csv,2.897066666666667
2026-10-06 16:27:40.814,8.26e-11,Torr,12.small_stm_window_2,12.small_stm_window_2/MassSpecData-02115-20261006-162734.csv,2.9005333333333336
2026-10-06 16:27:41.023,8.2528e-11,Torr,12.small_stm_window_2,12.small_stm_window_2/MassSpecData-02115-20261006-162734.csv,2.9040166666666667
2026-10-06 16:27:41.231,8.3356e-11,Torr,12.small_stm_window_2,12.small_stm_window_2/MassSpecData-02115-20261006-162734.csv,2.9074833333333334
2026-10-06 16:27:41.439,7.3852e-11,Torr,12.small_stm_window_2,12.small_stm_window_2/MassSpecData-02115-20261006-162734.csv,2.91095
2026-10-06 16:27:41.648,7.155e-11,Torr,12.small_stm_window_2,12.small_stm_window_2/MassSpecData-02115-20261006-162734.csv,2.9144333333333337
2026-10-06 16:27:41.856,9.425e-11,Torr,12.small_stm_window_2,12.small_stm_window_2/MassSpecData-02115-20261006-162734.csv,2.9179000000000004
2026-10-06 16:27:42.064,8.7e-11,Torr,12.small_stm_window_2,12.small_stm_window_2/MassSpecData-02115-20261006-162734.csv,2.9213666666666667
2026-10-06 16:27:42.273,8.8439e-11,Torr,12.small_stm_window_2,12.small_stm_window_2/MassSpecData-02115-20261006-162734.csv,2.92485
2026-10-06 16:27:42.481,9.7728e-11,Torr,12.small_stm_window_2,12.small_stm_window_2/MassSpecData-02115-20261006-162734.csv,2.928316666666667
2026-10-06 16:27:42.689,9.3361e-11,Torr,12.small_stm_window_2,12.small_stm_window_2/MassSpecData-02115-20261006-162734.csv,2.9317833333333336
2026-10-06 16:27:42.898,8.8027e-11,Torr,12.small_stm_window_2,12.small_stm_window_2/MassSpecData-02115-20261006-162734.csv,2.9352666666666667
2026-10-06 16:27:43.106,8.6829e-11,Torr,12.small_stm_window_2,12.small_stm_window_2/MassSpecData-02115-20261006-162734.csv,2.9387333333333334
2026-10-06 16:27:43.315,7.991e-11,Torr,12.small_stm_window_2,12.small_stm_window_2/MassSpecData-02115-20261006-162734.csv,2.9422166666666665
2026-10-06 16:27:43.523,8.4371e-11,Torr,12.small_stm_window_2,12.small_stm_window_2/MassSpecData-02115-20261006-162734.csv,2.9456833333333337
2026-10-06 16:27:43.731,8.9872e-11,Torr,12.small_stm_window_2,12.small_stm_window_2/MassSpecData-02115-20261006-162734.csv,2.9491500000000004
2026-10-06 16:27:43.940,7.4667e-11,Torr,12.small_stm_window_2,12.small_stm_window_2/MassSpecData-02115-20261006-162734.csv,2.952633333333333
2026-10-06 16:27:44.148,9.3062e-11,Torr,12.small_stm_window_2,12.small_stm_window_2/MassSpecData-02115-20261006-162734.csv,2.9561
2026-10-06 16:27:44.356,8.5864e-11,Torr,12.small_stm_window_2,12.small_stm_window_2/MassSpecData-02115-20261006-162734.csv,2.959566666666667
2026-10-06 16:27:44.565,1.0205e-10,Torr,12.small_stm_window_2,12.small_stm_window_2/MassSpecData-02115-20261006-162734.csv,2.96305
2026-10-06 16:27:44.773,1.0131e-10,Torr,12.small_stm_window_2,12.small_stm_window_2/MassSpecData-02115-20261006-162734.csv,2.9665166666666667
2026-10-06 16:27:44.981,8.8872e-11,Torr,12.small_stm_window_2,12.small_stm_window_2/MassSpecData-02115-20261006-162734.csv,2.9699833333333334
2026-10-06 16:27:45.190,8.0146e-11,Torr,12.small_stm_window_2,12.small_stm_window_2/MassSpecData-02115-20261006-162734.csv,2.9734666666666665
2026-10-06 16:27:45.398,8.562e-11,Torr,12.small_stm_window_2,12.small_stm_window_2/MassSpecData-02115-20261006-162734.csv,2.9769333333333337
2026-10-06 16:27:45.606,8.7012e-11,Torr,12.small_stm_window_2,12.small_stm_window_2/MassSpecData-02115-20261006-162734.csv,2.9804000000000004
2026-10-06 16:27:45.815,8.2762e-11,Torr,12.small_stm_window_2,12.small_stm_window_2/MassSpecData-02115-20261006-162734.csv,2.983883333333333
2026-10-06 16:27:46.023,9.1994e-11,Torr,12.small_stm_window_2,12.small_stm_window_2/MassSpecData-02115-20261006-162734.csv,2.98735
2026-10-06 16:27:46.231,8.3071e-11,Torr,12.small_stm_window_2,12.small_stm_window_2/MassSpecData-02115-20261006-162734.csv,2.990816666666667
2026-10-06 16:27:46.440,7.6131e-11,Torr,12.small_stm_window_2,12.small_stm_window_2/MassSpecData-02115-20261006-162734.csv,2.9943
2026-10-06 16:27:46.648,7.969e-11,Torr,12.small_stm_window_2,12.small_stm_window_2/MassSpecData-02115-20261006-162734.csv,2.9977666666666667
2026-10-06 16:27:46.856,7.7286e-11,Torr,12.small_stm_window_2,12.small_stm_window_2/MassSpecData-02115-20261006-162734.csv,3.0012333333333334
2026-10-06 16:27:47.065,8.5276e-11,Torr,12.small_stm_window_2,12.small_stm_window_2/MassSpecData-02115-20261006-162734.csv,3.0047166666666665
2026-10-06 16:27:47.273,8.123e-11,Torr,12.small_stm_window_2,12.small_stm_window_2/MassSpecData-02115-20261006-162734.csv,3.0081833333333337
2026-10-06 16:27:47.481,8.166e-11,Torr,12.small_stm_window_2,12.small_stm_window_2/MassSpecData-02115-20261006-162734.csv,3.0116500000000004
2026-10-06 16:27:47.690,7.7675e-11,Torr,12.small_stm_window_2,12.small_stm_window_2/MassSpecData-02115-20261006-162734.csv,3.015133333333333
2026-10-06 16:27:47.898,7.5968e-11,Torr,12.small_stm_window_2,12.small_stm_window_2/MassSpecData-02115-20261006-162734.csv,3.0186
2026-10-06 16:27:48.106,7.8481e-11,Torr,12.small_stm_window_2,12.small_stm_window_2/MassSpecData-02115-20261006-162734.csv,3.022066666666667
2026-10-06 16:27:48.315,8.4341e-11,Torr,12.small_stm_window_2,12.small_stm_window_2/MassSpecData-02115-20261006-162734.csv,3.02555
2026-10-06 16:27:48.523,1.0209e-10,Torr,12.small_stm_window_2,12.small_stm_window_2/MassSpecData-02115-20261006-162734.csv,3.0290166666666667
2026-10-06 16:27:48.731,7.7581e-11,Torr,12.small_stm_window_2,12.small_stm_window_2/MassSpecData-02115-20261006-162734.csv,3.0324833333333334
2026-10-06 16:27:48.940,7.7022e-11,Torr,12.small_stm_window_2,12.small_stm_window_2/MassSpecData-02115-20261006-162734.csv,3.0359666666666665
2026-10-06 16:27:49.148,1.0158e-10,Torr,12.small_stm_window_2,12.small_stm_window_2/MassSpecData-02115-20261006-162734.csv,3.0394333333333337
2026-10-06 16:27:49.356,8.2604e-11,Torr,12.small_stm_window_2,12.small_stm_window_2/MassSpecData-02115-20261006-162734.csv,3.0429000000000004
2026-10-06 16:27:49.565,9.0215e-11,Torr,12.small_stm_window_2,12.small_stm_window_2/MassSpecData-02115-20261006-162734.csv,3.046383333333333
2026-10-06 16:27:49.773,8.9022e-11,Torr,12.small_stm_window_2,12.small_stm_window_2/MassSpecData-02115-20261006-162734.csv,3.04985
2026-10-06 16:27:49.981,8.9059e-11,Torr,12.small_stm_window_2,12.small_stm_window_2/MassSpecData-02115-20261006-162734.csv,3.053316666666667
2026-10-06 16:27:50.190,9.7823e-11,Torr,12.small_stm_window_2,12.small_stm_window_2/MassSpecData-02115-20261006-162734.csv,3.0568
2026-10-06 16:27:50.398,8.6962e-11,Torr,12.small_stm_window_2,12.small_stm_window_2/MassSpecData-02115-20261006-162734.csv,3.0602666666666667
2026-10-06 16:27:50.606,8.5298e-11,Torr,12.small_stm_window_2,12.small_stm_window_2/MassSpecData-02115-20261006-162734.csv,3.0637333333333334
2026-10-06 16:27:50.815,9.0333e-11,Torr,12.small_stm_window_2,12.small_stm_window_2/MassSpecData-02115-20261006-162734.csv,3.0672166666666665
2026-10-06 16:27:51.023,8.4293e-11,Torr,12.small_stm_window_2,12.small_stm_window_2/MassSpecData-02115-20261006-162734.csv,3.0706833333333337
2026-10-06 16:27:51.231,7.9385e-11,Torr,12.small_stm_window_2,12.small_stm_window_2/MassSpecData-02115-20261006-162734.csv,3.0741500000000004
2026-10-06 16:27:51.440,1.0014e-10,Torr,12.small_stm_window_2,12.small_stm_window_2/MassSpecData-02115-20261006-162734.csv,3.077633333333333
2026-10-06 16:27:51.648,9.6227e-11,Torr,12.small_stm_window_2,12.small_stm_window_2/MassSpecData-02115-20261006-162734.csv,3.0811
2026-10-06 16:27:51.856,7.9915e-11,Torr,12.small_stm_window_2,12.small_stm_window_2/MassSpecData-02115-20261006-162734.csv,3.084566666666667
2026-10-06 16:27:52.065,6.9585e-11,Torr,12.small_stm_window_2,12.small_stm_window_2/MassSpecData-02115-20261006-162734.csv,3.08805
2026-10-06 16:27:52.273,8.7203e-11,Torr,12.small_stm_window_2,12.small_stm_window_2/MassSpecData-02115-20261006-162734.csv,3.0915166666666667
2026-10-06 16:27:52.481,9.579e-11,Torr,12.small_stm_window_2,12.small_stm_window_2/MassSpecData-02115-20261006-162734.csv,3.0949833333333334
2026-10-06 16:27:52.690,8.3413e-11,Torr,12.small_stm_window_2,12.small_stm_window_2/MassSpecData-02115-20261006-162734.csv,3.0984666666666665
2026-10-06 16:27:52.898,8.1686e-11,Torr,12.small_stm_window_2,12.small_stm_window_2/MassSpecData-02115-20261006-162734.csv,3.1019333333333337
2026-10-06 16:27:53.106,8.2251e-11,Torr,12.small_stm_window_2,12.small_stm_window_2/MassSpecData-02115-20261006-162734.csv,3.1054000000000004
2026-10-06 16:27:53.315,1.0351e-10,Torr,12.small_stm_window_2,12.small_stm_window_2/MassSpecData-02115-20261006-162734.csv,3.108883333333333
2026-10-06 16:27:53.523,6.8969e-11,Torr,12.small_stm_window_2,12.small_stm_window_2/MassSpecData-02115-20261006-162734.csv,3.11235
2026-10-06 16:27:53.731,9.0547e-11,Torr,12.small_stm_window_2,12.small_stm_window_2/MassSpecData-02115-20261006-162734.csv,3.115816666666667
2026-10-06 16:27:53.939,7.257e-11,Torr,12.small_stm_window_2,12.small_stm_window_2/MassSpecData-02115-20261006-162734.csv,3.1192833333333336
2026-10-06 16:27:54.148,7.6298e-11,Torr,12.small_stm_window_2,12.small_stm_window_2/MassSpecData-02115-20261006-162734.csv,3.1227666666666667
2026-10-06 16:27:54.356,8.7533e-11,Torr,12.small_stm_window_2,12.small_stm_window_2/MassSpecData-02115-20261006-162734.csv,3.1262333333333334
2026-10-06 16:27:54.564,8.9819e-11,Torr,12.small_stm_window_2,12.small_stm_window_2/MassSpecData-02115-20261006-162734.csv,3.1297
2026-10-06 16:27:54.773,9.3952e-11,Torr,12.small_stm_window_2,12.small_stm_window_2/MassSpecData-02115-20261006-162734.csv,3.1331833333333337
2026-10-06 16:27:54.981,8.4329e-11,Torr,12.small_stm_window_2,12.small_stm_window_2/MassSpecData-02115-20261006-162734.csv,3.1366500000000004
2026-10-06 16:27:55.189,7.5924e-11,Torr,12.small_stm_window_2,12.small_stm_window_2/MassSpecData-02115-20261006-162734.csv,3.1401166666666667
2026-10-06 16:27:55.398,1.0547e-10,Torr,12.small_stm_window_2,12.small_stm_window_2/MassSpecData-02115-20261006-162734.csv,3.1436
2026-10-06 16:27:55.606,7.5297e-11,Torr,12.small_stm_window_2,12.small_stm_window_2/MassSpecData-02115-20261006-162734.csv,3.147066666666667
2026-10-06 16:27:55.814,9.4934e-11,Torr,12.small_stm_window_2,12.small_stm_window_2/MassSpecData-02115-20261006-162734.csv,3.1505333333333336
2026-10-06 16:27:56.023,8.3178e-11,Torr,12.small_stm_window_2,12.small_stm_window_2/MassSpecData-02115-20261006-162734.csv,3.1540166666666667
2026-10-06 16:27:56.231,8.2222e-11,Torr,12.small_stm_window_2,12.small_stm_window_2/MassSpecData-02115-20261006-162734.csv,3.1574833333333334
2026-10-06 16:27:56.439,8.8681e-11,Torr,12.small_stm_window_2,12.small_stm_window_2/MassSpecData-02115-20261006-162734.csv,3.16095
2026-10-06 16:27:56.648,7.5791e-11,Torr,12.small_stm_window_2,12.small_stm_window_2/MassSpecData-02115-20261006-162734.csv,3.1644333333333337
2026-10-06 16:27:56.856,8.196e-11,Torr,12.small_stm_window_2,12.small_stm_window_2/MassSpecData-02115-20261006-162734.csv,3.1679000000000004
2026-10-06 16:27:57.064,9.1458e-11,Torr,12.small_stm_window_2,12.small_stm_window_2/MassSpecData-02115-20261006-162734.csv,3.1713666666666667
2026-10-06 16:27:57.273,8.3534e-11,Torr,12.small_stm_window_2,12.small_stm_window_2/MassSpecData-02115-20261006-162734.csv,3.17485
2026-10-06 16:27:57.481,7.7144e-11,Torr,12.small_stm_window_2,12.small_stm_window_2/MassSpecData-02115-20261006-162734.csv,3.178316666666667
2026-10-06 16:27:57.689,8.1565e-11,Torr,12.small_stm_window_2,12.small_stm_window_2/MassSpecData-02115-20261006-162734.csv,3.1817833333333336
2026-10-06 16:27:57.898,8.4267e-11,Torr,12.small_stm_window_2,12.small_stm_window_2/MassSpecData-02115-20261006-162734.csv,3.1852666666666667
2026-10-06 16:27:58.106,8.8067e-11,Torr,12.small_stm_window_2,12.small_stm_window_2/MassSpecData-02115-20261006-162734.csv,3.1887333333333334
2026-10-06 16:27:58.314,7.2935e-11,Torr,12.small_stm_window_2,12.small_stm_window_2/MassSpecData-02115-20261006-162734.csv,3.1922
2026-10-06 16:27:58.523,9.4479e-11,Torr,12.small_stm_window_2,12.small_stm_window_2/MassSpecData-02115-20261006-162734.csv,3.1956833333333337
2026-10-06 16:27:58.731,7.6791e-11,Torr,12.small_stm_window_2,12.small_stm_window_2/MassSpecData-02115-20261006-162734.csv,3.1991500000000004
2026-10-06 16:27:58.939,8.5223e-11,Torr,12.small_stm_window_2,12.small_stm_window_2/MassSpecData-02115-20261006-162734.csv,3.2026166666666667
2026-10-06 16:27:59.148,8.2512e-11,Torr,12.small_stm_window_2,12.small_stm_window_2/MassSpecData-02115-20261006-162734.csv,3.2061
2026-10-06 16:27:59.356,9.4376e-11,Torr,12.small_stm_window_2,12.small_stm_window_2/MassSpecData-02115-20261006-162734.csv,3.209566666666667
2026-10-06 16:27:59.564,8.3227e-11,Torr,12.small_stm_window_2,12.small_stm_window_2/MassSpecData-02115-20261006-162734.csv,3.2130333333333336
2026-10-06 16:27:59.773,8.4822e-11,Torr,12.small_stm_window_2,12.small_stm_window_2/MassSpecData-02115-20261006-162734.csv,3.2165166666666667
2026-10-06 16:27:59.981,8.8546e-11,Torr,12.small_stm_window_2,12.small_stm_window_2/MassSpecData-02115-20261006-162734.csv,3.2199833333333334
2026-10-06 16:28:00.189,8.3693e-11,Torr,12.small_stm_window_2,12.small_stm_window_2/MassSpecData-02115-20261006-162734.csv,3.22345
2026-10-06 16:28:00.398,9.2525e-11,Torr,12.small_stm_window_2,12.small_stm_window_2/MassSpecData-02115-20261006-162734.csv,3.2269333333333337
2026-10-06 16:28:00.606,8.6938e-11,Torr,12.small_stm_window_2,12.small_stm_window_2/MassSpecData-02115-20261006-162734.csv,3.2304000000000004
2026-10-06 16:28:00.814,7.4063e-11,Torr,12.small_stm_window_2,12.small_stm_window_2/MassSpecData-02115-20261006-162734.csv,3.2338666666666667
2026-10-06 16:28:01.023,7.5482e-11,Torr,12.small_stm_window_2,12.small_stm_window_2/MassSpecData-02115-20261006-162734.csv,3.23735
2026-10-06 16:28:01.231,9.7701e-11,Torr,12.small_stm_window_2,12.small_stm_window_2/MassSpecData-02115-20261006-162734.csv,3.240816666666667
2026-10-06 16:28:01.439,7.5855e-11,Torr,12.small_stm_window_2,12.small_stm_window_2/MassSpecData-02115-20261006-162734.csv,3.2442833333333336
2026-10-06 16:28:01.648,7.7535e-11,Torr,12.small_stm_window_2,12.small_stm_window_2/MassSpecData-02115-20261006-162734.csv,3.2477666666666667
2026-10-06 16:28:01.856,8.4325e-11,Torr,12.small_stm_window_2,12.small_stm_window_2/MassSpecData-02115-20261006-162734.csv,3.2512333333333334
2026-10-06 16:28:02.064,8.6542e-11,Torr,12.small_stm_window_2,12.small_stm_window_2/MassSpecData-02115-20261006-162734.csv,3.2547
2026-10-06 16:28:02.273,9.9238e-11,Torr,12.small_stm_window_2,12.small_stm_window_2/MassSpecData-02115-20261006-162734.csv,3.2581833333333337
2026-10-06 16:28:02.481,9.8323e-11,Torr,12.small_stm_window_2,12.small_stm_window_2/MassSpecData-02115-20261006-162734.csv,3.2616500000000004
2026-10-06 16:28:02.689,7.701e-11,Torr,12.small_stm_window_2,12.small_stm_window_2/MassSpecData-02115-20261006-162734.csv,3.2651166666666667
2026-10-06 16:28:02.898,7.2596e-11,Torr,12.small_stm_window_2,12.small_stm_window_2/MassSpecData-02115-20261006-162734.csv,3.2686
2026-10-06 16:28:03.106,7.5849e-11,Torr,12.small_stm_window_2,12.small_stm_window_2/MassSpecData-02115-20261006-162734.csv,3.272066666666667
2026-10-06 16:28:03.314,7.8699e-11,Torr,12.small_stm_window_2,12.small_stm_window_2/MassSpecData-02115-20261006-162734.csv,3.2755333333333336
2026-10-06 16:28:03.523,8.7224e-11,Torr,12.small_stm_window_2,12.small_stm_window_2/MassSpecData-02115-20261006-162734.csv,3.2790166666666667
2026-10-06 16:28:03.731,8.268e-11,Torr,12.small_stm_window_2,12.small_stm_window_2/MassSpecData-02115-20261006-162734.csv,3.2824833333333334
2026-10-06 16:28:03.939,8.4329e-11,Torr,12.small_stm_window_2,12.small_stm_window_2/MassSpecData-02115-20261006-162734.csv,3.28595
2026-10-06 16:28:04.148,7.7282e-11,Torr,12.small_stm_window_2,12.small_stm_window_2/MassSpecData-02115-20261006-162734.csv,3.2894333333333337
2026-10-06 16:28:04.356,8.9879e-11,Torr,12.small_stm_window_2,12.small_stm_window_2/MassSpecData-02115-20261006-162734.csv,3.2929000000000004
2026-10-06 16:28:04.564,9.1613e-11,Torr,12.small_stm_window_2,12.small_stm_window_2/MassSpecData-02115-20261006-162734.csv,3.2963666666666667
2026-10-06 16:28:04.773,7.8011e-11,Torr,12.small_stm_window_2,12.small_stm_window_2/MassSpecData-02115-20261006-162734.csv,3.29985
2026-10-06 16:28:04.981,9.2102e-11,Torr,12.small_stm_window_2,12.small_stm_window_2/MassSpecData-02115-20261006-162734.csv,3.303316666666667
2026-10-06 16:28:05.189,8.6448e-11,Torr,12.small_stm_window_2,12.small_stm_window_2/MassSpecData-02115-20261006-162734.csv,3.3067833333333336
2026-10-06 16:28:05.398,8.2787e-11,Torr,12.small_stm_window_2,12.small_stm_window_2/MassSpecData-02115-20261006-162734.csv,3.3102666666666667
2026-10-06 16:28:05.606,9.3802e-11,Torr,12.small_stm_window_2,12.small_stm_window_2/MassSpecData-02115-20261006-162734.csv,3.3137333333333334
2026-10-06 16:28:05.814,7.7282e-11,Torr,12.small_stm_window_2,12.small_stm_window_2/MassSpecData-02115-20261006-162734.csv,3.3172
2026-10-06 16:28:06.023,8.1633e-11,Torr,12.small_stm_window_2,12.small_stm_window_2/MassSpecData-02115-20261006-162734.csv,3.3206833333333337
2026-10-06 16:28:06.231,9.0831e-11,Torr,12.small_stm_window_2,12.small_stm_window_2/MassSpecData-02115-20261006-162734.csv,3.3241500000000004
2026-10-06 16:28:06.439,7.773e-11,Torr,12.small_stm_window_2,12.small_stm_window_2/MassSpecData-02115-20261006-162734.csv,3.3276166666666667
2026-10-06 16:28:06.648,8.4862e-11,Torr,12.small_stm_window_2,12.small_stm_window_2/MassSpecData-02115-20261006-162734.csv,3.3311
2026-10-06 16:28:06.856,9.3434e-11,Torr,12.small_stm_window_2,12.small_stm_window_2/MassSpecData-02115-20261006-162734.csv,3.334566666666667
2026-10-06 16:28:07.064,9.6876e-11,Torr,12.small_stm_window_2,12.small_stm_window_2/MassSpecData-02115-20261006-162734.csv,3.3380333333333336
2026-10-06 16:28:07.273,7.9618e-11,Torr,12.small_stm_window_2,12.small_stm_window_2/MassSpecData-02115-20261006-162734.csv,3.3415166666666667
2026-10-06 16:28:07.481,8.6339e-11,Torr,12.small_stm_window_2,12.small_stm_window_2/MassSpecData-02115-20261006-162734.csv,3.3449833333333334
2026-10-06 16:28:07.689,7.8085e-11,Torr,12.small_stm_window_2,12.small_stm_window_2/MassSpecData-02115-20261006-162734.csv,3.34845
2026-10-06 16:28:07.898,8.325e-11,Torr,12.small_stm_window_2,12.small_stm_window_2/MassSpecData-02115-20261006-162734.csv,3.3519333333333337
2026-10-06 16:28:08.106,9.0416e-11,Torr,12.small_stm_window_2,12.small_stm_window_2/MassSpecData-02115-20261006-162734.csv,3.3554000000000004
2026-10-06 16:28:08.314,9.2279e-11,Torr,12.small_stm_window_2,12.small_stm_window_2/MassSpecData-02115-20261006-162734.csv,3.3588666666666667
2026-10-06 16:28:08.523,7.9336e-11,Torr,12.small_stm_window_2,12.small_stm_window_2/MassSpecData-02115-20261006-162734.csv,3.36235
2026-10-06 16:28:08.731,9.2262e-11,Torr,12.small_stm_window_2,12.small_stm_window_2/MassSpecData-02115-20261006-162734.csv,3.365816666666667
2026-10-06 16:28:08.939,7.7221e-11,Torr,12.small_stm_window_2,12.small_stm_window_2/MassSpecData-02115-20261006-162734.csv,3.3692833333333336
2026-10-06 16:28:09.148,8.6925e-11,Torr,12.small_stm_window_2,12.small_stm_window_2/MassSpecData-02115-20261006-162734.csv,3.3727666666666667
2026-10-06 16:28:09.356,7.4783e-11,Torr,12.small_stm_window_2,12.small_stm_window_2/MassSpecData-02115-20261006-162734.csv,3.3762333333333334
2026-10-06 16:28:09.564,7.9903e-11,Torr,12.small_stm_window_2,12.small_stm_window_2/MassSpecData-02115-20261006-162734.csv,3.3797
2026-10-06 16:28:09.773,8.413e-11,Torr,12.small_stm_window_2,12.small_stm_window_2/MassSpecData-02115-20261006-162734.csv,3.3831833333333337
2026-10-06 16:28:09.981,7.7622e-11,Torr,12.small_stm_window_2,12.small_stm_window_2/MassSpecData-02115-20261006-162734.csv,3.3866500000000004
2026-10-06 16:28:10.189,7.1595e-11,Torr,12.small_stm_window_2,12.small_stm_window_2/MassSpecData-02115-20261006-162734.csv,3.3901166666666667
2026-10-06 16:28:10.398,9.4401e-11,Torr,12.small_stm_window_2,12.small_stm_window_2/MassSpecData-02115-20261006-162734.csv,3.3936
2026-10-06 16:28:10.606,7.4758e-11,Torr,12.small_stm_window_2,12.small_stm_window_2/MassSpecData-02115-20261006-162734.csv,3.397066666666667
2026-10-06 16:28:10.814,6.576e-11,Torr,12.small_stm_window_2,12.small_stm_window_2/MassSpecData-02115-20261006-162734.csv,3.4005333333333336
2026-10-06 16:28:11.023,8.2768e-11,Torr,12.small_stm_window_2,12.small_stm_window_2/MassSpecData-02115-20261006-162734.csv,3.4040166666666667
2026-10-06 16:28:11.231,8.2364e-11,Torr,12.small_stm_window_2,12.small_stm_window_2/MassSpecData-02115-20261006-162734.csv,3.4074833333333334
2026-10-06 16:28:11.439,8.192e-11,Torr,12.small_stm_window_2,12.small_stm_window_2/MassSpecData-02115-20261006-162734.csv,3.41095
2026-10-06 16:28:11.648,8.7432e-11,Torr,12.small_stm_window_2,12.small_stm_window_2/MassSpecData-02115-20261006-162734.csv,3.4144333333333337
2026-10-06 16:28:11.856,8.0571e-11,Torr,12.small_stm_window_2,12.small_stm_window_2/MassSpecData-02115-20261006-162734.csv,3.4179000000000004
2026-10-06 16:28:12.065,7.2899e-11,Torr,12.small_stm_window_2,12.small_stm_window_2/MassSpecData-02115-20261006-162734.csv,3.421383333333333
2026-10-06 16:28:12.273,9.6491e-11,Torr,12.small_stm_window_2,12.small_stm_window_2/MassSpecData-02115-20261006-162734.csv,3.42485
2026-10-06 16:28:12.481,8.1172e-11,Torr,12.small_stm_window_2,12.small_stm_window_2/MassSpecData-02115-20261006-162734.csv,3.428316666666667
2026-10-06 16:28:12.690,9.0176e-11,Torr,12.small_stm_window_2,12.small_stm_window_2/MassSpecData-02115-20261006-162734.csv,3.4318
2026-10-06 16:28:12.898,8.3105e-11,Torr,12.small_stm_window_2,12.small_stm_window_2/MassSpecData-02115-20261006-162734.csv,3.4352666666666667
2026-10-06 16:28:13.106,8.3458e-11,Torr,12.small_stm_window_2,12.small_stm_window_2/MassSpecData-02115-20261006-162734.csv,3.4387333333333334
2026-10-06 16:28:13.315,8.1927e-11,Torr,12.small_stm_window_2,12.small_stm_window_2/MassSpecData-02115-20261006-162734.csv,3.4422166666666665
2026-10-06 16:28:13.523,8.3981e-11,Torr,12.small_stm_window_2,12.small_stm_window_2/MassSpecData-02115-20261006-162734.csv,3.4456833333333337
2026-10-06 16:28:13.731,8.762e-11,Torr,12.small_stm_window_2,12.small_stm_window_2/MassSpecData-02115-20261006-162734.csv,3.4491500000000004
2026-10-06 16:28:13.940,1.0376e-10,Torr,12.small_stm_window_2,12.small_stm_window_2/MassSpecData-02115-20261006-162734.csv,3.452633333333333
2026-10-06 16:28:14.148,8.2526e-11,Torr,12.small_stm_window_2,12.small_stm_window_2/MassSpecData-02115-20261006-162734.csv,3.4561
2026-10-06 16:28:14.356,8.2533e-11,Torr,12.small_stm_window_2,12.small_stm_window_2/MassSpecData-02115-20261006-162734.csv,3.459566666666667
2026-10-06 16:28:14.565,8.4518e-11,Torr,12.small_stm_window_2,12.small_stm_window_2/MassSpecData-02115-20261006-162734.csv,3.46305
2026-10-06 16:28:14.773,9.2826e-11,Torr,12.small_stm_window_2,12.small_stm_window_2/MassSpecData-02115-20261006-162734.csv,3.4665166666666667
2026-10-06 16:28:14.981,8.7517e-11,Torr,12.small_stm_window_2,12.small_stm_window_2/MassSpecData-02115-20261006-162734.csv,3.4699833333333334
2026-10-06 16:28:15.190,7.8101e-11,Torr,12.small_stm_window_2,12.small_stm_window_2/MassSpecData-02115-20261006-162734.csv,3.4734666666666665
2026-10-06 16:28:15.398,9.4792e-11,Torr,12.small_stm_window_2,12.small_stm_window_2/MassSpecData-02115-20261006-162734.csv,3.4769333333333337
2026-10-06 16:28:15.606,6.8953e-11,Torr,12.small_stm_window_2,12.small_stm_window_2/MassSpecData-02115-20261006-162734.csv,3.4804000000000004
2026-10-06 16:28:15.876,6.2808e-11,Torr,12.small_stm_window_2,12.small_stm_window_2/MassSpecData-02115-20261006-162815.csv,3.4849
2026-10-06 16:28:16.084,8.0209e-11,Torr,12.small_stm_window_2,12.small_stm_window_2/MassSpecData-02115-20261006-162815.csv,3.4883666666666664
2026-10-06 16:28:16.293,9.1809e-11,Torr,12.small_stm_window_2,12.small_stm_window_2/MassSpecData-02115-20261006-162815.csv,3.49185
2026-10-06 16:28:16.501,6.774e-11,Torr,12.small_stm_window_2,12.small_stm_window_2/MassSpecData-02115-20261006-162815.csv,3.4953166666666666
2026-10-06 16:28:16.709,8.593e-11,Torr,12.small_stm_window_2,12.small_stm_window_2/MassSpecData-02115-20261006-162815.csv,3.4987833333333334
2026-10-06 16:28:16.918,8.6529e-11,Torr,12.small_stm_window_2,12.small_stm_window_2/MassSpecData-02115-20261006-162815.csv,3.5022666666666664
2026-10-06 16:28:17.126,7.4879e-11,Torr,12.small_stm_window_2,12.small_stm_window_2/MassSpecData-02115-20261006-162815.csv,3.505733333333333
2026-10-06 16:28:17.334,1.0334e-10,Torr,12.small_stm_window_2,12.small_stm_window_2/MassSpecData-02115-20261006-162815.csv,3.5092
2026-10-06 16:28:17.542,8.6633e-11,Torr,12.small_stm_window_2,12.small_stm_window_2/MassSpecData-02115-20261006-162815.csv,3.5126666666666666
2026-10-06 16:28:17.751,8.4584e-11,Torr,12.small_stm_window_2,12.small_stm_window_2/MassSpecData-02115-20261006-162815.csv,3.51615
2026-10-06 16:28:17.959,7.4071e-11,Torr,12.small_stm_window_2,12.small_stm_window_2/MassSpecData-02115-20261006-162815.csv,3.5196166666666664
2026-10-06 16:28:18.168,8.6726e-11,Torr,12.small_stm_window_2,12.small_stm_window_2/MassSpecData-02115-20261006-162815.csv,3.5231
2026-10-06 16:28:18.376,1.0005e-10,Torr,12.small_stm_window_2,12.small_stm_window_2/MassSpecData-02115-20261006-162815.csv,3.5265666666666666
2026-10-06 16:28:18.584,9.4773e-11,Torr,12.small_stm_window_2,12.small_stm_window_2/MassSpecData-02115-20261006-162815.csv,3.5300333333333334
2026-10-06 16:28:18.793,9.8015e-11,Torr,12.small_stm_window_2,12.small_stm_window_2/MassSpecData-02115-20261006-162815.csv,3.5335166666666664
2026-10-06 16:28:19.001,7.7939e-11,Torr,12.small_stm_window_2,12.small_stm_window_2/MassSpecData-02115-20261006-162815.csv,3.536983333333333
2026-10-06 16:28:19.209,9.2842e-11,Torr,12.small_stm_window_2,12.small_stm_window_2/MassSpecData-02115-20261006-162815.csv,3.54045
2026-10-06 16:28:19.418,9.1682e-11,Torr,12.small_stm_window_2,12.small_stm_window_2/MassSpecData-02115-20261006-162815.csv,3.5439333333333334
2026-10-06 16:28:19.626,8.3234e-11,Torr,12.small_stm_window_2,12.small_stm_window_2/MassSpecData-02115-20261006-162815.csv,3.5474
2026-10-06 16:28:19.834,9.4483e-11,Torr,12.small_stm_window_2,12.small_stm_window_2/MassSpecData-02115-20261006-162815.csv,3.5508666666666664
2026-10-06 16:28:20.043,9.0202e-11,Torr,12.small_stm_window_2,12.small_stm_window_2/MassSpecData-02115-20261006-162815.csv,3.55435
2026-10-06 16:28:20.251,8.2076e-11,Torr,12.small_stm_window_2,12.small_stm_window_2/MassSpecData-02115-20261006-162815.csv,3.5578166666666666
2026-10-06 16:28:20.459,7.1948e-11,Torr,12.small_stm_window_2,12.small_stm_window_2/MassSpecData-02115-20261006-162815.csv,3.5612833333333334
2026-10-06 16:28:20.668,7.7391e-11,Torr,12.small_stm_window_2,12.small_stm_window_2/MassSpecData-02115-20261006-162815.csv,3.5647666666666664
2026-10-06 16:28:20.876,9.7928e-11,Torr,12.small_stm_window_2,12.small_stm_window_2/MassSpecData-02115-20261006-162815.csv,3.568233333333333
2026-10-06 16:28:21.084,7.4981e-11,Torr,12.small_stm_window_2,12.small_stm_window_2/MassSpecData-02115-20261006-162815.csv,3.5717
2026-10-06 16:28:21.292,7.7568e-11,Torr,12.small_stm_window_2,12.small_stm_window_2/MassSpecData-02115-20261006-162815.csv,3.5751666666666666
2026-10-06 16:28:21.501,8.3953e-11,Torr,12.small_stm_window_2,12.small_stm_window_2/MassSpecData-02115-20261006-162815.csv,3.57865
2026-10-06 16:28:21.709,9.1685e-11,Torr,12.small_stm_window_2,12.small_stm_window_2/MassSpecData-02115-20261006-162815.csv,3.5821166666666664
2026-10-06 16:28:21.917,8.5601e-11,Torr,12.small_stm_window_2,12.small_stm_window_2/MassSpecData-02115-20261006-162815.csv,3.585583333333333
2026-10-06 16:28:22.126,7.9001e-11,Torr,12.small_stm_window_2,12.small_stm_window_2/MassSpecData-02115-20261006-162815.csv,3.5890666666666666
2026-10-06 16:28:22.334,9.0493e-11,Torr,12.small_stm_window_2,12.small_stm_window_2/MassSpecData-02115-20261006-162815.csv,3.5925333333333334
2026-10-06 16:28:22.542,7.2713e-11,Torr,12.small_stm_window_2,12.small_stm_window_2/MassSpecData-02115-20261006-162815.csv,3.5959999999999996
2026-10-06 16:28:22.751,8.6268e-11,Torr,12.small_stm_window_2,12.small_stm_window_2/MassSpecData-02115-20261006-162815.csv,3.599483333333333
2026-10-06 16:28:22.959,9.6149e-11,Torr,12.small_stm_window_2,12.small_stm_window_2/MassSpecData-02115-20261006-162815.csv,3.60295
2026-10-06 16:28:23.167,8.5361e-11,Torr,12.small_stm_window_2,12.small_stm_window_2/MassSpecData-02115-20261006-162815.csv,3.6064166666666666
2026-10-06 16:28:23.376,8.4223e-11,Torr,12.small_stm_window_2,12.small_stm_window_2/MassSpecData-02115-20261006-162815.csv,3.6099
2026-10-06 16:28:23.584,8.6346e-11,Torr,12.small_stm_window_2,12.small_stm_window_2/MassSpecData-02115-20261006-162815.csv,3.6133666666666664
2026-10-06 16:28:23.792,7.0203e-11,Torr,12.small_stm_window_2,12.small_stm_window_2/MassSpecData-02115-20261006-162815.csv,3.616833333333333
2026-10-06 16:28:24.001,8.917e-11,Torr,12.small_stm_window_2,12.small_stm_window_2/MassSpecData-02115-20261006-162815.csv,3.6203166666666666
2026-10-06 16:28:24.209,1.0091e-10,Torr,12.small_stm_window_2,12.small_stm_window_2/MassSpecData-02115-20261006-162815.csv,3.6237833333333334
2026-10-06 16:28:24.417,8.3384e-11,Torr,12.small_stm_window_2,12.small_stm_window_2/MassSpecData-02115-20261006-162815.csv,3.6272499999999996
2026-10-06 16:28:24.626,8.6714e-11,Torr,12.small_stm_window_2,12.small_stm_window_2/MassSpecData-02115-20261006-162815.csv,3.630733333333333
2026-10-06 16:28:24.834,8.2839e-11,Torr,12.small_stm_window_2,12.small_stm_window_2/MassSpecData-02115-20261006-162815.csv,3.6342
2026-10-06 16:28:25.043,7.9309e-11,Torr,12.small_stm_window_2,12.small_stm_window_2/MassSpecData-02115-20261006-162815.csv,3.6376833333333334
2026-10-06 16:28:25.251,9.1415e-11,Torr,12.small_stm_window_2,12.small_stm_window_2/MassSpecData-02115-20261006-162815.csv,3.64115
2026-10-06 16:28:25.459,8.0506e-11,Torr,12.small_stm_window_2,12.small_stm_window_2/MassSpecData-02115-20261006-162815.csv,3.6446166666666664
2026-10-06 16:28:25.668,8.2088e-11,Torr,12.small_stm_window_2,12.small_stm_window_2/MassSpecData-02115-20261006-162815.csv,3.6481
2026-10-06 16:28:25.876,7.4291e-11,Torr,12.small_stm_window_2,12.small_stm_window_2/MassSpecData-02115-20261006-162815.csv,3.6515666666666666
2026-10-06 16:28:26.084,8.996e-11,Torr,12.small_stm_window_2,12.small_stm_window_2/MassSpecData-02115-20261006-162815.csv,3.6550333333333334
2026-10-06 16:28:26.293,8.8276e-11,Torr,12.small_stm_window_2,12.small_stm_window_2/MassSpecData-02115-20261006-162815.csv,3.6585166666666664
2026-10-06 16:28:26.501,8.789e-11,Torr,12.small_stm_window_2,12.small_stm_window_2/MassSpecData-02115-20261006-162815.csv,3.661983333333333
2026-10-06 16:28:26.709,8.6839e-11,Torr,12.small_stm_window_2,12.small_stm_window_2/MassSpecData-02115-20261006-162815.csv,3.66545
2026-10-06 16:28:26.918,9.4419e-11,Torr,12.small_stm_window_2,12.small_stm_window_2/MassSpecData-02115-20261006-162815.csv,3.6689333333333334
2026-10-06 16:28:27.126,8.0049e-11,Torr,12.small_stm_window_2,12.small_stm_window_2/MassSpecData-02115-20261006-162815.csv,3.6724
2026-10-06 16:28:27.334,7.4086e-11,Torr,12.small_stm_window_2,12.small_stm_window_2/MassSpecData-02115-20261006-162815.csv,3.6758666666666664
2026-10-06 16:28:27.543,8.0226e-11,Torr,12.small_stm_window_2,12.small_stm_window_2/MassSpecData-02115-20261006-162815.csv,3.67935
2026-10-06 16:28:27.751,8.2822e-11,Torr,12.small_stm_window_2,12.small_stm_window_2/MassSpecData-02115-20261006-162815.csv,3.6828166666666666
2026-10-06 16:28:27.959,9.771e-11,Torr,12.small_stm_window_2,12.small_stm_window_2/MassSpecData-02115-20261006-162815.csv,3.6862833333333334
2026-10-06 16:28:28.168,7.6167e-11,Torr,12.small_stm_window_2,12.small_stm_window_2/MassSpecData-02115-20261006-162815.csv,3.6897666666666664
2026-10-06 16:28:28.376,7.1235e-11,Torr,12.small_stm_window_2,12.small_stm_window_2/MassSpecData-02115-20261006-162815.csv,3.693233333333333
2026-10-06 16:28:28.584,7.083e-11,Torr,12.small_stm_window_2,12.small_stm_window_2/MassSpecData-02115-20261006-162815.csv,3.6967
2026-10-06 16:28:28.793,7.6897e-11,Torr,12.small_stm_window_2,12.small_stm_window_2/MassSpecData-02115-20261006-162815.csv,3.7001833333333334
2026-10-06 16:28:29.001,8.7409e-11,Torr,12.small_stm_window_2,12.small_stm_window_2/MassSpecData-02115-20261006-162815.csv,3.70365
2026-10-06 16:28:29.209,9.7943e-11,Torr,12.small_stm_window_2,12.small_stm_window_2/MassSpecData-02115-20261006-162815.csv,3.7071166666666664
2026-10-06 16:28:29.418,8.7297e-11,Torr,12.small_stm_window_2,12.small_stm_window_2/MassSpecData-02115-20261006-162815.csv,3.7106
2026-10-06 16:28:29.626,8.7363e-11,Torr,12.small_stm_window_2,12.small_stm_window_2/MassSpecData-02115-20261006-162815.csv,3.7140666666666666
2026-10-06 16:28:29.834,7.5793e-11,Torr,12.small_stm_window_2,12.small_stm_window_2/MassSpecData-02115-20261006-162815.csv,3.7175333333333334
2026-10-06 16:28:30.043,7.5261e-11,Torr,12.small_stm_window_2,12.small_stm_window_2/MassSpecData-02115-20261006-162815.csv,3.7210166666666664
2026-10-06 16:28:30.251,7.2484e-11,Torr,12.small_stm_window_2,12.small_stm_window_2/MassSpecData-02115-20261006-162815.csv,3.724483333333333
2026-10-06 16:28:30.459,9.0652e-11,Torr,12.small_stm_window_2,12.small_stm_window_2/MassSpecData-02115-20261006-162815.csv,3.72795
2026-10-06 16:28:30.668,7.6056e-11,Torr,12.small_stm_window_2,12.small_stm_window_2/MassSpecData-02115-20261006-162815.csv,3.7314333333333334
2026-10-06 16:28:30.876,8.2864e-11,Torr,12.small_stm_window_2,12.small_stm_window_2/MassSpecData-02115-20261006-162815.csv,3.7349
2026-10-06 16:28:31.084,7.3503e-11,Torr,12.small_stm_window_2,12.small_stm_window_2/MassSpecData-02115-20261006-162815.csv,3.7383666666666664
2026-10-06 16:28:31.293,7.3895e-11,Torr,12.small_stm_window_2,12.small_stm_window_2/MassSpecData-02115-20261006-162815.csv,3.74185
2026-10-06 16:28:31.501,8.9116e-11,Torr,12.small_stm_window_2,12.small_stm_window_2/MassSpecData-02115-20261006-162815.csv,3.7453166666666666
2026-10-06 16:28:31.709,8.8607e-11,Torr,12.small_stm_window_2,12.small_stm_window_2/MassSpecData-02115-20261006-162815.csv,3.7487833333333334
2026-10-06 16:28:31.918,7.9889e-11,Torr,12.small_stm_window_2,12.small_stm_window_2/MassSpecData-02115-20261006-162815.csv,3.7522666666666664
2026-10-06 16:28:32.126,8.1275e-11,Torr,12.small_stm_window_2,12.small_stm_window_2/MassSpecData-02115-20261006-162815.csv,3.755733333333333
2026-10-06 16:28:32.334,7.6516e-11,Torr,12.small_stm_window_2,12.small_stm_window_2/MassSpecData-02115-20261006-162815.csv,3.7592
2026-10-06 16:28:32.543,8.31e-11,Torr,12.small_stm_window_2,12.small_stm_window_2/MassSpecData-02115-20261006-162815.csv,3.7626833333333334
2026-10-06 16:28:32.751,1.0789e-10,Torr,12.small_stm_window_2,12.small_stm_window_2/MassSpecData-02115-20261006-162815.csv,3.76615
2026-10-06 16:28:32.959,7.5748e-11,Torr,12.small_stm_window_2,12.small_stm_window_2/MassSpecData-02115-20261006-162815.csv,3.7696166666666664
2026-10-06 16:28:33.168,7.4439e-11,Torr,12.small_stm_window_2,12.small_stm_window_2/MassSpecData-02115-20261006-162815.csv,3.7731
2026-10-06 16:28:33.376,8.4664e-11,Torr,12.small_stm_window_2,12.small_stm_window_2/MassSpecData-02115-20261006-162815.csv,3.7765666666666666
2026-10-06 16:28:33.584,8.219e-11,Torr,12.small_stm_window_2,12.small_stm_window_2/MassSpecData-02115-20261006-162815.csv,3.7800333333333334
2026-10-06 16:28:33.793,8.1831e-11,Torr,12.small_stm_window_2,12.small_stm_window_2/MassSpecData-02115-20261006-162815.csv,3.7835166666666664
2026-10-06 16:28:34.001,8.4377e-11,Torr,12.small_stm_window_2,12.small_stm_window_2/MassSpecData-02115-20261006-162815.csv,3.786983333333333
2026-10-06 16:28:34.209,8.5472e-11,Torr,12.small_stm_window_2,12.small_stm_window_2/MassSpecData-02115-20261006-162815.csv,3.79045
2026-10-06 16:28:34.418,7.3726e-11,Torr,12.small_stm_window_2,12.small_stm_window_2/MassSpecData-02115-20261006-162815.csv,3.7939333333333334
2026-10-06 16:28:34.626,7.3157e-11,Torr,12.small_stm_window_2,12.small_stm_window_2/MassSpecData-02115-20261006-162815.csv,3.7974
2026-10-06 16:28:34.834,7.7649e-11,Torr,12.small_stm_window_2,12.small_stm_window_2/MassSpecData-02115-20261006-162815.csv,3.8008666666666664
2026-10-06 16:28:35.043,8.872e-11,Torr,12.small_stm_window_2,12.small_stm_window_2/MassSpecData-02115-20261006-162815.csv,3.80435
2026-10-06 16:28:35.251,8.4804e-11,Torr,12.small_stm_window_2,12.small_stm_window_2/MassSpecData-02115-20261006-162815.csv,3.8078166666666666
2026-10-06 16:28:35.459,8.8622e-11,Torr,12.small_stm_window_2,12.small_stm_window_2/MassSpecData-02115-20261006-162815.csv,3.8112833333333334
2026-10-06 16:28:35.667,8.5468e-11,Torr,12.small_stm_window_2,12.small_stm_window_2/MassSpecData-02115-20261006-162815.csv,3.8147499999999996
2026-10-06 16:28:35.876,8.4317e-11,Torr,12.small_stm_window_2,12.small_stm_window_2/MassSpecData-02115-20261006-162815.csv,3.818233333333333
2026-10-06 16:28:36.084,9.0726e-11,Torr,12.small_stm_window_2,12.small_stm_window_2/MassSpecData-02115-20261006-162815.csv,3.8217
2026-10-06 16:28:36.292,7.059e-11,Torr,12.small_stm_window_2,12.small_stm_window_2/MassSpecData-02115-20261006-162815.csv,3.8251666666666666
2026-10-06 16:28:36.501,6.0018e-11,Torr,12.small_stm_window_2,12.small_stm_window_2/MassSpecData-02115-20261006-162815.csv,3.82865
2026-10-06 16:28:36.709,9.9114e-11,Torr,12.small_stm_window_2,12.small_stm_window_2/MassSpecData-02115-20261006-162815.csv,3.8321166666666664
2026-10-06 16:28:36.917,8.6211e-11,Torr,12.small_stm_window_2,12.small_stm_window_2/MassSpecData-02115-20261006-162815.csv,3.835583333333333
2026-10-06 16:28:37.126,7.7142e-11,Torr,12.small_stm_window_2,12.small_stm_window_2/MassSpecData-02115-20261006-162815.csv,3.8390666666666666
2026-10-06 16:28:37.334,8.7894e-11,Torr,12.small_stm_window_2,12.small_stm_window_2/MassSpecData-02115-20261006-162815.csv,3.8425333333333334
2026-10-06 16:28:37.542,8.2407e-11,Torr,12.small_stm_window_2,12.small_stm_window_2/MassSpecData-02115-20261006-162815.csv,3.8459999999999996
2026-10-06 16:28:37.751,9.7519e-11,Torr,12.small_stm_window_2,12.small_stm_window_2/MassSpecData-02115-20261006-162815.csv,3.849483333333333
2026-10-06 16:28:37.959,9.2907e-11,Torr,12.small_stm_window_2,12.small_stm_window_2/MassSpecData-02115-20261006-162815.csv,3.85295
2026-10-06 16:28:38.167,8.5147e-11,Torr,12.small_stm_window_2,12.small_stm_window_2/MassSpecData-02115-20261006-162815.csv,3.8564166666666666
2026-10-06 16:28:38.376,9.0023e-11,Torr,12.small_stm_window_2,12.small_stm_window_2/MassSpecData-02115-20261006-162815.csv,3.8599
2026-10-06 16:28:38.584,8.5039e-11,Torr,12.small_stm_window_2,12.small_stm_window_2/MassSpecData-02115-20261006-162815.csv,3.8633666666666664
2026-10-06 16:28:38.792,8.6665e-11,Torr,12.small_stm_window_2,12.small_stm_window_2/MassSpecData-02115-20261006-162815.csv,3.866833333333333
2026-10-06 16:28:39.001,8.5791e-11,Torr,12.small_stm_window_2,12.small_stm_window_2/MassSpecData-02115-20261006-162815.csv,3.8703166666666666
2026-10-06 16:28:39.209,8.0598e-11,Torr,12.small_stm_window_2,12.small_stm_window_2/MassSpecData-02115-20261006-162815.csv,3.8737833333333334
2026-10-06 16:28:39.417,7.8898e-11,Torr,12.small_stm_window_2,12.small_stm_window_2/MassSpecData-02115-20261006-162815.csv,3.8772499999999996
2026-10-06 16:28:39.626,7.9042e-11,Torr,12.small_stm_window_2,12.small_stm_window_2/MassSpecData-02115-20261006-162815.csv,3.880733333333333
2026-10-06 16:28:39.834,7.7965e-11,Torr,12.small_stm_window_2,12.small_stm_window_2/MassSpecData-02115-20261006-162815.csv,3.8842
2026-10-06 16:28:40.042,8.8304e-11,Torr,12.small_stm_window_2,12.small_stm_window_2/MassSpecData-02115-20261006-162815.csv,3.8876666666666666
2026-10-06 16:28:40.251,9.5284e-11,Torr,12.small_stm_window_2,12.small_stm_window_2/MassSpecData-02115-20261006-162815.csv,3.89115
2026-10-06 16:28:40.459,8.3495e-11,Torr,12.small_stm_window_2,12.small_stm_window_2/MassSpecData-02115-20261006-162815.csv,3.8946166666666664
2026-10-06 16:28:40.667,7.6035e-11,Torr,12.small_stm_window_2,12.small_stm_window_2/MassSpecData-02115-20261006-162815.csv,3.898083333333333
2026-10-06 16:28:40.876,9.2598e-11,Torr,12.small_stm_window_2,12.small_stm_window_2/MassSpecData-02115-20261006-162815.csv,3.9015666666666666
2026-10-06 16:28:41.084,8.0665e-11,Torr,12.small_stm_window_2,12.small_stm_window_2/MassSpecData-02115-20261006-162815.csv,3.9050333333333334
2026-10-06 16:28:41.292,7.9354e-11,Torr,12.small_stm_window_2,12.small_stm_window_2/MassSpecData-02115-20261006-162815.csv,3.9084999999999996
2026-10-06 16:28:41.501,8.9855e-11,Torr,12.small_stm_window_2,12.small_stm_window_2/MassSpecData-02115-20261006-162815.csv,3.911983333333333
2026-10-06 16:28:41.709,7.4362e-11,Torr,12.small_stm_window_2,12.small_stm_window_2/MassSpecData-02115-20261006-162815.csv,3.91545
2026-10-06 16:28:41.917,9.2672e-11,Torr,12.small_stm_window_2,12.small_stm_window_2/MassSpecData-02115-20261006-162815.csv,3.9189166666666666
2026-10-06 16:28:42.126,9.2524e-11,Torr,12.small_stm_window_2,12.small_stm_window_2/MassSpecData-02115-20261006-162815.csv,3.9224
2026-10-06 16:28:42.334,8.3507e-11,Torr,12.small_stm_window_2,12.small_stm_window_2/MassSpecData-02115-20261006-162815.csv,3.9258666666666664
2026-10-06 16:28:42.542,7.8323e-11,Torr,12.small_stm_window_2,12.small_stm_window_2/MassSpecData-02115-20261006-162815.csv,3.929333333333333
2026-10-06 16:28:42.751,9.6604e-11,Torr,12.small_stm_window_2,12.small_stm_window_2/MassSpecData-02115-20261006-162815.csv,3.9328166666666666
2026-10-06 16:28:42.959,8.7709e-11,Torr,12.small_stm_window_2,12.small_stm_window_2/MassSpecData-02115-20261006-162815.csv,3.9362833333333334
2026-10-06 16:28:43.167,8.9802e-11,Torr,12.small_stm_window_2,12.small_stm_window_2/MassSpecData-02115-20261006-162815.csv,3.9397499999999996
2026-10-06 16:28:43.376,8.3637e-11,Torr,12.small_stm_window_2,12.small_stm_window_2/MassSpecData-02115-20261006-162815.csv,3.943233333333333
2026-10-06 16:28:43.584,8.3118e-11,Torr,12.small_stm_window_2,12.small_stm_window_2/MassSpecData-02115-20261006-162815.csv,3.9467
2026-10-06 16:28:43.792,9.0862e-11,Torr,12.small_stm_window_2,12.small_stm_window_2/MassSpecData-02115-20261006-162815.csv,3.9501666666666666
2026-10-06 16:28:44.001,7.9795e-11,Torr,12.small_stm_window_2,12.small_stm_window_2/MassSpecData-02115-20261006-162815.csv,3.95365
2026-10-06 16:28:44.209,8.4953e-11,Torr,12.small_stm_window_2,12.small_stm_window_2/MassSpecData-02115-20261006-162815.csv,3.9571166666666664
2026-10-06 16:28:44.417,8.2631e-11,Torr,12.small_stm_window_2,12.small_stm_window_2/MassSpecData-02115-20261006-162815.csv,3.960583333333333
2026-10-06 16:28:44.626,8.6736e-11,Torr,12.small_stm_window_2,12.small_stm_window_2/MassSpecData-02115-20261006-162815.csv,3.9640666666666666
2026-10-06 16:28:44.834,8.3466e-11,Torr,12.small_stm_window_2,12.small_stm_window_2/MassSpecData-02115-20261006-162815.csv,3.9675333333333334
2026-10-06 16:28:45.042,8.3921e-11,Torr,12.small_stm_window_2,12.small_stm_window_2/MassSpecData-02115-20261006-162815.csv,3.9709999999999996
2026-10-06 16:28:45.251,7.7636e-11,Torr,12.small_stm_window_2,12.small_stm_window_2/MassSpecData-02115-20261006-162815.csv,3.974483333333333
2026-10-06 16:28:45.459,8.1297e-11,Torr,12.small_stm_window_2,12.small_stm_window_2/MassSpecData-02115-20261006-162815.csv,3.97795
2026-10-06 16:28:45.667,7.5402e-11,Torr,12.small_stm_window_2,12.small_stm_window_2/MassSpecData-02115-20261006-162815.csv,3.9814166666666666
2026-10-06 16:28:45.876,8.2576e-11,Torr,12.small_stm_window_2,12.small_stm_window_2/MassSpecData-02115-20261006-162815.csv,3.9849
2026-10-06 16:28:46.084,8.9684e-11,Torr,12.small_stm_window_2,12.small_stm_window_2/MassSpecData-02115-20261006-162815.csv,3.9883666666666664
2026-10-06 16:28:46.292,9.2206e-11,Torr,12.small_stm_window_2,12.small_stm_window_2/MassSpecData-02115-20261006-162815.csv,3.991833333333333
2026-10-06 16:28:46.501,8.5005e-11,Torr,12.small_stm_window_2,12.small_stm_window_2/MassSpecData-02115-20261006-162815.csv,3.9953166666666666
2026-10-06 16:28:46.709,8.6484e-11,Torr,12.small_stm_window_2,12.small_stm_window_2/MassSpecData-02115-20261006-162815.csv,3.9987833333333334
2026-10-06 16:28:46.917,9.6993e-11,Torr,12.small_stm_window_2,12.small_stm_window_2/MassSpecData-02115-20261006-162815.csv,4.00225
2026-10-06 16:28:47.126,8.134e-11,Torr,12.small_stm_window_2,12.small_stm_window_2/MassSpecData-02115-20261006-162815.csv,4.005733333333334
2026-10-06 16:28:47.334,7.918e-11,Torr,12.small_stm_window_2,12.small_stm_window_2/MassSpecData-02115-20261006-162815.csv,4.0092
2026-10-06 16:28:47.542,9.5733e-11,Torr,12.small_stm_window_2,12.small_stm_window_2/MassSpecData-02115-20261006-162815.csv,4.012666666666666
2026-10-06 16:28:47.751,8.1677e-11,Torr,12.small_stm_window_2,12.small_stm_window_2/MassSpecData-02115-20261006-162815.csv,4.01615
2026-10-06 16:28:47.959,9.0329e-11,Torr,12.small_stm_window_2,12.small_stm_window_2/MassSpecData-02115-20261006-162815.csv,4.019616666666667
2026-10-06 16:28:48.167,8.6542e-11,Torr,12.small_stm_window_2,12.small_stm_window_2/MassSpecData-02115-20261006-162815.csv,4.023083333333333
2026-10-06 16:28:48.376,8.3378e-11,Torr,12.small_stm_window_2,12.small_stm_window_2/MassSpecData-02115-20261006-162815.csv,4.026566666666667
2026-10-06 16:28:48.584,8.6687e-11,Torr,12.small_stm_window_2,12.small_stm_window_2/MassSpecData-02115-20261006-162815.csv,4.030033333333333
2026-10-06 16:28:48.792,8.0681e-11,Torr,12.small_stm_window_2,12.small_stm_window_2/MassSpecData-02115-20261006-162815.csv,4.0335
2026-10-06 16:28:49.001,8.6482e-11,Torr,12.small_stm_window_2,12.small_stm_window_2/MassSpecData-02115-20261006-162815.csv,4.036983333333334
2026-10-06 16:28:49.209,7.7066e-11,Torr,12.small_stm_window_2,12.small_stm_window_2/MassSpecData-02115-20261006-162815.csv,4.04045
2026-10-06 16:28:49.417,8.7719e-11,Torr,12.small_stm_window_2,12.small_stm_window_2/MassSpecData-02115-20261006-162815.csv,4.043916666666666
2026-10-06 16:28:49.626,1.0394e-10,Torr,12.small_stm_window_2,12.small_stm_window_2/MassSpecData-02115-20261006-162815.csv,4.0474
2026-10-06 16:28:49.834,7.8895e-11,Torr,12.small_stm_window_2,12.small_stm_window_2/MassSpecData-02115-20261006-162815.csv,4.050866666666667
2026-10-06 16:28:50.042,8.3819e-11,Torr,12.small_stm_window_2,12.small_stm_window_2/MassSpecData-02115-20261006-162815.csv,4.054333333333333
2026-10-06 16:28:50.251,8.1357e-11,Torr,12.small_stm_window_2,12.small_stm_window_2/MassSpecData-02115-20261006-162815.csv,4.057816666666667
2026-10-06 16:28:50.459,8.4623e-11,Torr,12.small_stm_window_2,12.small_stm_window_2/MassSpecData-02115-20261006-162815.csv,4.061283333333333
2026-10-06 16:28:50.667,9.1778e-11,Torr,12.small_stm_window_2,12.small_stm_window_2/MassSpecData-02115-20261006-162815.csv,4.06475
2026-10-06 16:28:50.876,8.034e-11,Torr,12.small_stm_window_2,12.small_stm_window_2/MassSpecData-02115-20261006-162815.csv,4.068233333333334
2026-10-06 16:28:51.084,8.6408e-11,Torr,12.small_stm_window_2,12.small_stm_window_2/MassSpecData-02115-20261006-162815.csv,4.0717
2026-10-06 16:28:51.292,8.6195e-11,Torr,12.small_stm_window_2,12.small_stm_window_2/MassSpecData-02115-20261006-162815.csv,4.075166666666666
2026-10-06 16:28:51.501,8.4937e-11,Torr,12.small_stm_window_2,12.small_stm_window_2/MassSpecData-02115-20261006-162815.csv,4.07865
2026-10-06 16:28:51.709,9.5048e-11,Torr,12.small_stm_window_2,12.small_stm_window_2/MassSpecData-02115-20261006-162815.csv,4.082116666666667
2026-10-06 16:28:51.917,9.1891e-11,Torr,12.small_stm_window_2,12.small_stm_window_2/MassSpecData-02115-20261006-162815.csv,4.085583333333333
2026-10-06 16:28:52.126,8.5658e-11,Torr,12.small_stm_window_2,12.small_stm_window_2/MassSpecData-02115-20261006-162815.csv,4.089066666666667
2026-10-06 16:28:52.334,8.8423e-11,Torr,12.small_stm_window_2,12.small_stm_window_2/MassSpecData-02115-20261006-162815.csv,4.092533333333333
2026-10-06 16:28:52.542,8.062e-11,Torr,12.small_stm_window_2,12.small_stm_window_2/MassSpecData-02115-20261006-162815.csv,4.096
2026-10-06 16:28:52.751,8.9213e-11,Torr,12.small_stm_window_2,12.small_stm_window_2/MassSpecData-02115-20261006-162815.csv,4.099483333333334
2026-10-06 16:28:52.959,1.0217e-10,Torr,12.small_stm_window_2,12.small_stm_window_2/MassSpecData-02115-20261006-162815.csv,4.10295
2026-10-06 16:28:53.167,7.5204e-11,Torr,12.small_stm_window_2,12.small_stm_window_2/MassSpecData-02115-20261006-162815.csv,4.106416666666666
2026-10-06 16:28:53.376,7.666e-11,Torr,12.small_stm_window_2,12.small_stm_window_2/MassSpecData-02115-20261006-162815.csv,4.1099
2026-10-06 16:28:53.584,8.7012e-11,Torr,12.small_stm_window_2,12.small_stm_window_2/MassSpecData-02115-20261006-162815.csv,4.113366666666667
2026-10-06 16:28:53.793,7.7537e-11,Torr,12.small_stm_window_2,12.small_stm_window_2/MassSpecData-02115-20261006-162815.csv,4.11685
2026-10-06 16:28:54.001,9.6265e-11,Torr,12.small_stm_window_2,12.small_stm_window_2/MassSpecData-02115-20261006-162815.csv,4.120316666666667
2026-10-06 16:28:54.209,8.9543e-11,Torr,12.small_stm_window_2,12.small_stm_window_2/MassSpecData-02115-20261006-162815.csv,4.123783333333333
2026-10-06 16:28:54.418,8.0368e-11,Torr,12.small_stm_window_2,12.small_stm_window_2/MassSpecData-02115-20261006-162815.csv,4.127266666666666
2026-10-06 16:28:54.626,8.6239e-11,Torr,12.small_stm_window_2,12.small_stm_window_2/MassSpecData-02115-20261006-162815.csv,4.130733333333334
2026-10-06 16:28:54.834,8.7165e-11,Torr,12.small_stm_window_2,12.small_stm_window_2/MassSpecData-02115-20261006-162815.csv,4.1342
2026-10-06 16:28:55.043,7.6399e-11,Torr,12.small_stm_window_2,12.small_stm_window_2/MassSpecData-02115-20261006-162815.csv,4.137683333333333
2026-10-06 16:28:55.251,7.6754e-11,Torr,12.small_stm_window_2,12.small_stm_window_2/MassSpecData-02115-20261006-162815.csv,4.14115
2026-10-06 16:28:55.459,9.5709e-11,Torr,12.small_stm_window_2,12.small_stm_window_2/MassSpecData-02115-20261006-162815.csv,4.144616666666667
2026-10-06 16:28:55.668,7.6654e-11,Torr,12.small_stm_window_2,12.small_stm_window_2/MassSpecData-02115-20261006-162815.csv,4.1481
2026-10-06 16:28:55.876,8.4497e-11,Torr,12.small_stm_window_2,12.small_stm_window_2/MassSpecData-02115-20261006-162815.csv,4.151566666666667
2026-10-06 16:28:56.084,7.985e-11,Torr,12.small_stm_window_2,12.small_stm_window_2/MassSpecData-02115-20261006-162815.csv,4.155033333333333
2026-10-06 16:28:56.293,8.1303e-11,Torr,12.small_stm_window_2,12.small_stm_window_2/MassSpecData-02115-20261006-162815.csv,4.158516666666666
2026-10-06 16:28:56.501,7.9109e-11,Torr,12.small_stm_window_2,12.small_stm_window_2/MassSpecData-02115-20261006-162815.csv,4.161983333333334
2026-10-06 16:28:56.709,8.8391e-11,Torr,12.small_stm_window_2,12.small_stm_window_2/MassSpecData-02115-20261006-162815.csv,4.16545
2026-10-06 16:28:56.918,8.1966e-11,Torr,12.small_stm_window_2,12.small_stm_window_2/MassSpecData-02115-20261006-162815.csv,4.168933333333333
2026-10-06 16:28:57.126,8.365e-11,Torr,12.small_stm_window_2,12.small_stm_window_2/MassSpecData-02115-20261006-162815.csv,4.1724
2026-10-06 16:28:57.334,8.5546e-11,Torr,12.small_stm_window_2,12.small_stm_window_2/MassSpecData-02115-20261006-162815.csv,4.175866666666667
2026-10-06 16:28:57.673,7.3238e-11,Torr,12.small_stm_window_2,12.small_stm_window_2/MassSpecData-02115-20261006-162857.csv,4.181516666666666
2026-10-06 16:28:57.881,8.9474e-11,Torr,12.small_stm_window_2,12.small_stm_window_2/MassSpecData-02115-20261006-162857.csv,4.184983333333333
2026-10-06 16:28:58.090,8.2864e-11,Torr,12.small_stm_window_2,12.small_stm_window_2/MassSpecData-02115-20261006-162857.csv,4.188466666666667
2026-10-06 16:28:58.298,7.6414e-11,Torr,12.small_stm_window_2,12.small_stm_window_2/MassSpecData-02115-20261006-162857.csv,4.191933333333333
2026-10-06 16:28:58.506,7.5844e-11,Torr,12.small_stm_window_2,12.small_stm_window_2/MassSpecData-02115-20261006-162857.csv,4.1954
2026-10-06 16:28:58.715,9.6007e-11,Torr,12.small_stm_window_2,12.small_stm_window_2/MassSpecData-02115-20261006-162857.csv,4.198883333333333
2026-10-06 16:28:58.923,8.5743e-11,Torr,12.small_stm_window_2,12.small_stm_window_2/MassSpecData-02115-20261006-162857.csv,4.20235
2026-10-06 16:28:59.131,8.8023e-11,Torr,12.small_stm_window_2,12.small_stm_window_2/MassSpecData-02115-20261006-162857.csv,4.205816666666666
2026-10-06 16:28:59.339,8.6678e-11,Torr,12.small_stm_window_2,12.small_stm_window_2/MassSpecData-02115-20261006-162857.csv,4.2092833333333335
2026-10-06 16:28:59.548,8.1751e-11,Torr,12.small_stm_window_2,12.small_stm_window_2/MassSpecData-02115-20261006-162857.csv,4.212766666666666
2026-10-06 16:28:59.756,7.9901e-11,Torr,12.small_stm_window_2,12.small_stm_window_2/MassSpecData-02115-20261006-162857.csv,4.216233333333333
2026-10-06 16:28:59.965,8.81e-11,Torr,12.small_stm_window_2,12.small_stm_window_2/MassSpecData-02115-20261006-162857.csv,4.219716666666667
2026-10-06 16:29:00.173,8.1358e-11,Torr,12.small_stm_window_2,12.small_stm_window_2/MassSpecData-02115-20261006-162857.csv,4.223183333333333
2026-10-06 16:29:00.381,8.2134e-11,Torr,12.small_stm_window_2,12.small_stm_window_2/MassSpecData-02115-20261006-162857.csv,4.22665
2026-10-06 16:29:00.590,7.8505e-11,Torr,12.small_stm_window_2,12.small_stm_window_2/MassSpecData-02115-20261006-162857.csv,4.230133333333333
2026-10-06 16:29:00.798,9.3761e-11,Torr,12.small_stm_window_2,12.small_stm_window_2/MassSpecData-02115-20261006-162857.csv,4.2336
2026-10-06 16:29:01.006,7.3818e-11,Torr,12.small_stm_window_2,12.small_stm_window_2/MassSpecData-02115-20261006-162857.csv,4.237066666666666
2026-10-06 16:29:01.215,8.3259e-11,Torr,12.small_stm_window_2,12.small_stm_window_2/MassSpecData-02115-20261006-162857.csv,4.24055
2026-10-06 16:29:01.423,8.3419e-11,Torr,12.small_stm_window_2,12.small_stm_window_2/MassSpecData-02115-20261006-162857.csv,4.244016666666666
2026-10-06 16:29:01.631,9.1672e-11,Torr,12.small_stm_window_2,12.small_stm_window_2/MassSpecData-02115-20261006-162857.csv,4.247483333333333
2026-10-06 16:29:01.840,8.1637e-11,Torr,12.small_stm_window_2,12.small_stm_window_2/MassSpecData-02115-20261006-162857.csv,4.250966666666667
2026-10-06 16:29:02.048,7.076e-11,Torr,12.small_stm_window_2,12.small_stm_window_2/MassSpecData-02115-20261006-162857.csv,4.254433333333333
2026-10-06 16:29:02.256,9.1876e-11,Torr,12.small_stm_window_2,12.small_stm_window_2/MassSpecData-02115-20261006-162857.csv,4.2579
2026-10-06 16:29:02.465,8.828e-11,Torr,12.small_stm_window_2,12.small_stm_window_2/MassSpecData-02115-20261006-162857.csv,4.261383333333333
2026-10-06 16:29:02.673,9.5391e-11,Torr,12.small_stm_window_2,12.small_stm_window_2/MassSpecData-02115-20261006-162857.csv,4.26485
2026-10-06 16:29:02.881,8.6376e-11,Torr,12.small_stm_window_2,12.small_stm_window_2/MassSpecData-02115-20261006-162857.csv,4.268316666666666
2026-10-06 16:29:03.089,8.2879e-11,Torr,12.small_stm_window_2,12.small_stm_window_2/MassSpecData-02115-20261006-162857.csv,4.2717833333333335
2026-10-06 16:29:03.298,9.7612e-11,Torr,12.small_stm_window_2,12.small_stm_window_2/MassSpecData-02115-20261006-162857.csv,4.275266666666667
2026-10-06 16:29:03.506,8.1197e-11,Torr,12.small_stm_window_2,12.small_stm_window_2/MassSpecData-02115-20261006-162857.csv,4.278733333333333
2026-10-06 16:29:03.714,7.6265e-11,Torr,12.small_stm_window_2,12.small_stm_window_2/MassSpecData-02115-20261006-162857.csv,4.2822000000000005
2026-10-06 16:29:03.923,9.1694e-11,Torr,12.small_stm_window_2,12.small_stm_window_2/MassSpecData-02115-20261006-162857.csv,4.285683333333334
2026-10-06 16:29:04.131,8.4946e-11,Torr,12.small_stm_window_2,12.small_stm_window_2/MassSpecData-02115-20261006-162857.csv,4.28915
2026-10-06 16:29:04.339,9.5692e-11,Torr,12.small_stm_window_2,12.small_stm_window_2/MassSpecData-02115-20261006-162857.csv,4.2926166666666665
2026-10-06 16:29:04.548,9.7941e-11,Torr,12.small_stm_window_2,12.small_stm_window_2/MassSpecData-02115-20261006-162857.csv,4.2961
2026-10-06 16:29:04.756,7.4217e-11,Torr,12.small_stm_window_2,12.small_stm_window_2/MassSpecData-02115-20261006-162857.csv,4.299566666666666
2026-10-06 16:29:04.964,8.5974e-11,Torr,12.small_stm_window_2,12.small_stm_window_2/MassSpecData-02115-20261006-162857.csv,4.3030333333333335
2026-10-06 16:29:05.173,7.9302e-11,Torr,12.small_stm_window_2,12.small_stm_window_2/MassSpecData-02115-20261006-162857.csv,4.306516666666667
2026-10-06 16:29:05.381,7.6852e-11,Torr,12.small_stm_window_2,12.small_stm_window_2/MassSpecData-02115-20261006-162857.csv,4.309983333333333
2026-10-06 16:29:05.589,7.4119e-11,Torr,12.small_stm_window_2,12.small_stm_window_2/MassSpecData-02115-20261006-162857.csv,4.3134500000000005
2026-10-06 16:29:05.798,8.5195e-11,Torr,12.small_stm_window_2,12.small_stm_window_2/MassSpecData-02115-20261006-162857.csv,4.316933333333334
2026-10-06 16:29:06.006,7.4536e-11,Torr,12.small_stm_window_2,12.small_stm_window_2/MassSpecData-02115-20261006-162857.csv,4.3204
2026-10-06 16:29:06.214,8.8028e-11,Torr,12.small_stm_window_2,12.small_stm_window_2/MassSpecData-02115-20261006-162857.csv,4.3238666666666665
2026-10-06 16:29:06.423,8.6063e-11,Torr,12.small_stm_window_2,12.small_stm_window_2/MassSpecData-02115-20261006-162857.csv,4.32735
2026-10-06 16:29:06.631,8.1058e-11,Torr,12.small_stm_window_2,12.small_stm_window_2/MassSpecData-02115-20261006-162857.csv,4.330816666666666
2026-10-06 16:29:06.840,9.6581e-11,Torr,12.small_stm_window_2,12.small_stm_window_2/MassSpecData-02115-20261006-162857.csv,4.3343
2026-10-06 16:29:07.048,9.3557e-11,Torr,12.small_stm_window_2,12.small_stm_window_2/MassSpecData-02115-20261006-162857.csv,4.337766666666667
2026-10-06 16:29:07.256,8.4431e-11,Torr,12.small_stm_window_2,12.small_stm_window_2/MassSpecData-02115-20261006-162857.csv,4.341233333333333
2026-10-06 16:29:07.465,9.5772e-11,Torr,12.small_stm_window_2,12.small_stm_window_2/MassSpecData-02115-20261006-162857.csv,4.344716666666667
2026-10-06 16:29:07.673,9.3003e-11,Torr,12.small_stm_window_2,12.small_stm_window_2/MassSpecData-02115-20261006-162857.csv,4.348183333333334
2026-10-06 16:29:07.881,8.0921e-11,Torr,12.small_stm_window_2,12.small_stm_window_2/MassSpecData-02115-20261006-162857.csv,4.35165
2026-10-06 16:29:08.090,7.3127e-11,Torr,12.small_stm_window_2,12.small_stm_window_2/MassSpecData-02115-20261006-162857.csv,4.355133333333333
2026-10-06 16:29:08.298,7.8768e-11,Torr,12.small_stm_window_2,12.small_stm_window_2/MassSpecData-02115-20261006-162857.csv,4.3586
2026-10-06 16:29:08.506,9.2377e-11,Torr,12.small_stm_window_2,12.small_stm_window_2/MassSpecData-02115-20261006-162857.csv,4.362066666666666
2026-10-06 16:29:08.715,8.0448e-11,Torr,12.small_stm_window_2,12.small_stm_window_2/MassSpecData-02115-20261006-162857.csv,4.36555
2026-10-06 16:29:08.923,8.4208e-11,Torr,12.small_stm_window_2,12.small_stm_window_2/MassSpecData-02115-20261006-162857.csv,4.369016666666667
2026-10-06 16:29:09.131,8.6393e-11,Torr,12.small_stm_window_2,12.small_stm_window_2/MassSpecData-02115-20261006-162857.csv,4.372483333333333
2026-10-06 16:29:09.340,8.6016e-11,Torr,12.small_stm_window_2,12.small_stm_window_2/MassSpecData-02115-20261006-162857.csv,4.375966666666667
2026-10-06 16:29:09.548,8.4913e-11,Torr,12.small_stm_window_2,12.small_stm_window_2/MassSpecData-02115-20261006-162857.csv,4.379433333333334
2026-10-06 16:29:09.756,8.4313e-11,Torr,12.small_stm_window_2,12.small_stm_window_2/MassSpecData-02115-20261006-162857.csv,4.3829
2026-10-06 16:29:09.965,9.0421e-11,Torr,12.small_stm_window_2,12.small_stm_window_2/MassSpecData-02115-20261006-162857.csv,4.386383333333333
2026-10-06 16:29:10.173,8.0924e-11,Torr,12.small_stm_window_2,12.small_stm_window_2/MassSpecData-02115-20261006-162857.csv,4.38985
2026-10-06 16:29:10.381,8.4715e-11,Torr,12.small_stm_window_2,12.small_stm_window_2/MassSpecData-02115-20261006-162857.csv,4.393316666666666
2026-10-06 16:29:10.590,8.5439e-11,Torr,12.small_stm_window_2,12.small_stm_window_2/MassSpecData-02115-20261006-162857.csv,4.3968
2026-10-06 16:29:10.798,9.179e-11,Torr,12.small_stm_window_2,12.small_stm_window_2/MassSpecData-02115-20261006-162857.csv,4.400266666666667
2026-10-06 16:29:11.006,8.2663e-11,Torr,12.small_stm_window_2,12.small_stm_window_2/MassSpecData-02115-20261006-162857.csv,4.403733333333333
2026-10-06 16:29:11.215,8.647e-11,Torr,12.small_stm_window_2,12.small_stm_window_2/MassSpecData-02115-20261006-162857.csv,4.407216666666667
2026-10-06 16:29:11.423,1.0262e-10,Torr,12.small_stm_window_2,12.small_stm_window_2/MassSpecData-02115-20261006-162857.csv,4.410683333333334
2026-10-06 16:29:11.631,8.3209e-11,Torr,12.small_stm_window_2,12.small_stm_window_2/MassSpecData-02115-20261006-162857.csv,4.41415
2026-10-06 16:29:11.840,8.9134e-11,Torr,12.small_stm_window_2,12.small_stm_window_2/MassSpecData-02115-20261006-162857.csv,4.417633333333333
2026-10-06 16:29:12.048,8.3452e-11,Torr,12.small_stm_window_2,12.small_stm_window_2/MassSpecData-02115-20261006-162857.csv,4.4211
2026-10-06 16:29:12.256,9.039e-11,Torr,12.small_stm_window_2,12.small_stm_window_2/MassSpecData-02115-20261006-162857.csv,4.424566666666666
2026-10-06 16:29:12.465,8.7207e-11,Torr,12.small_stm_window_2,12.small_stm_window_2/MassSpecData-02115-20261006-162857.csv,4.42805
2026-10-06 16:29:12.673,8.7318e-11,Torr,12.small_stm_window_2,12.small_stm_window_2/MassSpecData-02115-20261006-162857.csv,4.431516666666667
2026-10-06 16:29:12.881,8.3914e-11,Torr,12.small_stm_window_2,12.small_stm_window_2/MassSpecData-02115-20261006-162857.csv,4.434983333333333
2026-10-06 16:29:13.090,8.0817e-11,Torr,12.small_stm_window_2,12.small_stm_window_2/MassSpecData-02115-20261006-162857.csv,4.438466666666667
2026-10-06 16:29:13.298,7.9517e-11,Torr,12.small_stm_window_2,12.small_stm_window_2/MassSpecData-02115-20261006-162857.csv,4.441933333333334
2026-10-06 16:29:13.506,8.5389e-11,Torr,12.small_stm_window_2,12.small_stm_window_2/MassSpecData-02115-20261006-162857.csv,4.4454
2026-10-06 16:29:13.715,8.0739e-11,Torr,12.small_stm_window_2,12.small_stm_window_2/MassSpecData-02115-20261006-162857.csv,4.448883333333333
2026-10-06 16:29:13.923,8.1126e-11,Torr,12.small_stm_window_2,12.small_stm_window_2/MassSpecData-02115-20261006-162857.csv,4.45235
2026-10-06 16:29:14.131,8.2891e-11,Torr,12.small_stm_window_2,12.small_stm_window_2/MassSpecData-02115-20261006-162857.csv,4.455816666666666
2026-10-06 16:29:14.340,8.8593e-11,Torr,12.small_stm_window_2,12.small_stm_window_2/MassSpecData-02115-20261006-162857.csv,4.4593
2026-10-06 16:29:14.548,8.9151e-11,Torr,12.small_stm_window_2,12.small_stm_window_2/MassSpecData-02115-20261006-162857.csv,4.462766666666667
2026-10-06 16:29:14.756,7.4553e-11,Torr,12.small_stm_window_2,12.small_stm_window_2/MassSpecData-02115-20261006-162857.csv,4.466233333333333
2026-10-06 16:29:14.965,7.8828e-11,Torr,12.small_stm_window_2,12.small_stm_window_2/MassSpecData-02115-20261006-162857.csv,4.469716666666667
2026-10-06 16:29:15.173,8.3576e-11,Torr,12.small_stm_window_2,12.small_stm_window_2/MassSpecData-02115-20261006-162857.csv,4.473183333333334
2026-10-06 16:29:15.381,6.8357e-11,Torr,12.small_stm_window_2,12.small_stm_window_2/MassSpecData-02115-20261006-162857.csv,4.47665
2026-10-06 16:29:15.590,9.2276e-11,Torr,12.small_stm_window_2,12.small_stm_window_2/MassSpecData-02115-20261006-162857.csv,4.480133333333333
2026-10-06 16:29:15.798,9.2409e-11,Torr,12.small_stm_window_2,12.small_stm_window_2/MassSpecData-02115-20261006-162857.csv,4.4836
2026-10-06 16:29:16.006,8.772e-11,Torr,12.small_stm_window_2,12.small_stm_window_2/MassSpecData-02115-20261006-162857.csv,4.487066666666666
2026-10-06 16:29:16.215,8.7045e-11,Torr,12.small_stm_window_2,12.small_stm_window_2/MassSpecData-02115-20261006-162857.csv,4.49055
2026-10-06 16:29:16.423,9.254e-11,Torr,12.small_stm_window_2,12.small_stm_window_2/MassSpecData-02115-20261006-162857.csv,4.494016666666667
2026-10-06 16:29:16.631,8.3997e-11,Torr,12.small_stm_window_2,12.small_stm_window_2/MassSpecData-02115-20261006-162857.csv,4.497483333333333
2026-10-06 16:29:16.840,8.1768e-11,Torr,12.small_stm_window_2,12.small_stm_window_2/MassSpecData-02115-20261006-162857.csv,4.500966666666667
2026-10-06 16:29:17.048,8.7587e-11,Torr,12.small_stm_window_2,12.small_stm_window_2/MassSpecData-02115-20261006-162857.csv,4.504433333333334
2026-10-06 16:29:17.256,9.3759e-11,Torr,12.small_stm_window_2,12.small_stm_window_2/MassSpecData-02115-20261006-162857.csv,4.5079
2026-10-06 16:29:17.464,8.0262e-11,Torr,12.small_stm_window_2,12.small_stm_window_2/MassSpecData-02115-20261006-162857.csv,4.5113666666666665
2026-10-06 16:29:17.673,8.1358e-11,Torr,12.small_stm_window_2,12.small_stm_window_2/MassSpecData-02115-20261006-162857.csv,4.51485
2026-10-06 16:29:17.881,9.2809e-11,Torr,12.small_stm_window_2,12.small_stm_window_2/MassSpecData-02115-20261006-162857.csv,4.518316666666666
2026-10-06 16:29:18.089,8.1779e-11,Torr,12.small_stm_window_2,12.small_stm_window_2/MassSpecData-02115-20261006-162857.csv,4.5217833333333335
2026-10-06 16:29:18.298,8.3646e-11,Torr,12.small_stm_window_2,12.small_stm_window_2/MassSpecData-02115-20261006-162857.csv,4.525266666666667
2026-10-06 16:29:18.506,8.4842e-11,Torr,12.small_stm_window_2,12.small_stm_window_2/MassSpecData-02115-20261006-162857.csv,4.528733333333333
2026-10-06 16:29:18.714,8.7028e-11,Torr,12.small_stm_window_2,12.small_stm_window_2/MassSpecData-02115-20261006-162857.csv,4.5322000000000005
2026-10-06 16:29:18.923,7.609e-11,Torr,12.small_stm_window_2,12.small_stm_window_2/MassSpecData-02115-20261006-162857.csv,4.535683333333334
2026-10-06 16:29:19.131,8.9971e-11,Torr,12.small_stm_window_2,12.small_stm_window_2/MassSpecData-02115-20261006-162857.csv,4.53915
2026-10-06 16:29:19.339,7.5393e-11,Torr,12.small_stm_window_2,12.small_stm_window_2/MassSpecData-02115-20261006-162857.csv,4.5426166666666665
2026-10-06 16:29:19.548,8.0708e-11,Torr,12.small_stm_window_2,12.small_stm_window_2/MassSpecData-02115-20261006-162857.csv,4.5461
2026-10-06 16:29:19.756,7.9986e-11,Torr,12.small_stm_window_2,12.small_stm_window_2/MassSpecData-02115-20261006-162857.csv,4.549566666666666
2026-10-06 16:29:19.964,7.8721e-11,Torr,12.small_stm_window_2,12.small_stm_window_2/MassSpecData-02115-20261006-162857.csv,4.5530333333333335
2026-10-06 16:29:20.173,7.3896e-11,Torr,12.small_stm_window_2,12.small_stm_window_2/MassSpecData-02115-20261006-162857.csv,4.556516666666667
2026-10-06 16:29:20.381,8.7036e-11,Torr,12.small_stm_window_2,12.small_stm_window_2/MassSpecData-02115-20261006-162857.csv,4.559983333333333
2026-10-06 16:29:20.589,8.745e-11,Torr,12.small_stm_window_2,12.small_stm_window_2/MassSpecData-02115-20261006-162857.csv,4.5634500000000005
2026-10-06 16:29:20.798,7.9516e-11,Torr,12.small_stm_window_2,12.small_stm_window_2/MassSpecData-02115-20261006-162857.csv,4.566933333333334
2026-10-06 16:29:21.006,9.6573e-11,Torr,12.small_stm_window_2,12.small_stm_window_2/MassSpecData-02115-20261006-162857.csv,4.5704
2026-10-06 16:29:21.214,8.6516e-11,Torr,12.small_stm_window_2,12.small_stm_window_2/MassSpecData-02115-20261006-162857.csv,4.5738666666666665
2026-10-06 16:29:21.423,7.8795e-11,Torr,12.small_stm_window_2,12.small_stm_window_2/MassSpecData-02115-20261006-162857.csv,4.57735
2026-10-06 16:29:21.631,8.28e-11,Torr,12.small_stm_window_2,12.small_stm_window_2/MassSpecData-02115-20261006-162857.csv,4.580816666666666
2026-10-06 16:29:21.839,9.5947e-11,Torr,12.small_stm_window_2,12.small_stm_window_2/MassSpecData-02115-20261006-162857.csv,4.5842833333333335
2026-10-06 16:29:22.048,8.2645e-11,Torr,12.small_stm_window_2,12.small_stm_window_2/MassSpecData-02115-20261006-162857.csv,4.587766666666667
2026-10-06 16:29:22.256,7.9385e-11,Torr,12.small_stm_window_2,12.small_stm_window_2/MassSpecData-02115-20261006-162857.csv,4.591233333333333
2026-10-06 16:29:22.464,8.3421e-11,Torr,12.small_stm_window_2,12.small_stm_window_2/MassSpecData-02115-20261006-162857.csv,4.5947000000000005
2026-10-06 16:29:22.673,8.9313e-11,Torr,12.small_stm_window_2,12.small_stm_window_2/MassSpecData-02115-20261006-162857.csv,4.598183333333334
2026-10-06 16:29:22.881,7.3185e-11,Torr,12.small_stm_window_2,12.small_stm_window_2/MassSpecData-02115-20261006-162857.csv,4.60165
2026-10-06 16:29:23.089,7.3779e-11,Torr,12.small_stm_window_2,12.small_stm_window_2/MassSpecData-02115-20261006-162857.csv,4.6051166666666665
2026-10-06 16:29:23.298,8.8589e-11,Torr,12.small_stm_window_2,12.small_stm_window_2/MassSpecData-02115-20261006-162857.csv,4.6086
2026-10-06 16:29:23.506,7.9949e-11,Torr,12.small_stm_window_2,12.small_stm_window_2/MassSpecData-02115-20261006-162857.csv,4.612066666666666
2026-10-06 16:29:23.714,8.5848e-11,Torr,12.small_stm_window_2,12.small_stm_window_2/MassSpecData-02115-20261006-162857.csv,4.6155333333333335
2026-10-06 16:29:23.923,8.2769e-11,Torr,12.small_stm_window_2,12.small_stm_window_2/MassSpecData-02115-20261006-162857.csv,4.619016666666667
2026-10-06 16:29:24.131,8.7317e-11,Torr,12.small_stm_window_2,12.small_stm_window_2/MassSpecData-02115-20261006-162857.csv,4.622483333333333
2026-10-06 16:29:24.339,8.0832e-11,Torr,12.small_stm_window_2,12.small_stm_window_2/MassSpecData-02115-20261006-162857.csv,4.6259500000000005
2026-10-06 16:29:24.548,7.8473e-11,Torr,12.small_stm_window_2,12.small_stm_window_2/MassSpecData-02115-20261006-162857.csv,4.629433333333334
2026-10-06 16:29:24.756,8.993e-11,Torr,12.small_stm_window_2,12.small_stm_window_2/MassSpecData-02115-20261006-162857.csv,4.6329
2026-10-06 16:29:24.964,9.7266e-11,Torr,12.small_stm_window_2,12.small_stm_window_2/MassSpecData-02115-20261006-162857.csv,4.6363666666666665
2026-10-06 16:29:25.173,1.0635e-10,Torr,12.small_stm_window_2,12.small_stm_window_2/MassSpecData-02115-20261006-162857.csv,4.63985
2026-10-06 16:29:25.381,7.8786e-11,Torr,12.small_stm_window_2,12.small_stm_window_2/MassSpecData-02115-20261006-162857.csv,4.643316666666666
2026-10-06 16:29:25.589,1.0422e-10,Torr,12.small_stm_window_2,12.small_stm_window_2/MassSpecData-02115-20261006-162857.csv,4.6467833333333335
2026-10-06 16:29:25.798,8.4042e-11,Torr,12.small_stm_window_2,12.small_stm_window_2/MassSpecData-02115-20261006-162857.csv,4.650266666666667
2026-10-06 16:29:26.006,9.4494e-11,Torr,12.small_stm_window_2,12.small_stm_window_2/MassSpecData-02115-20261006-162857.csv,4.653733333333333
2026-10-06 16:29:26.214,7.5013e-11,Torr,12.small_stm_window_2,12.small_stm_window_2/MassSpecData-02115-20261006-162857.csv,4.6572000000000005
2026-10-06 16:29:26.423,7.6807e-11,Torr,12.small_stm_window_2,12.small_stm_window_2/MassSpecData-02115-20261006-162857.csv,4.660683333333334
2026-10-06 16:29:26.631,8.0848e-11,Torr,12.small_stm_window_2,12.small_stm_window_2/MassSpecData-02115-20261006-162857.csv,4.66415
2026-10-06 16:29:26.839,9.0022e-11,Torr,12.small_stm_window_2,12.small_stm_window_2/MassSpecData-02115-20261006-162857.csv,4.6676166666666665
2026-10-06 16:29:27.048,8.179e-11,Torr,12.small_stm_window_2,12.small_stm_window_2/MassSpecData-02115-20261006-162857.csv,4.6711
2026-10-06 16:29:27.256,8.8498e-11,Torr,12.small_stm_window_2,12.small_stm_window_2/MassSpecData-02115-20261006-162857.csv,4.674566666666666
2026-10-06 16:29:27.464,7.6366e-11,Torr,12.small_stm_window_2,12.small_stm_window_2/MassSpecData-02115-20261006-162857.csv,4.6780333333333335
2026-10-06 16:29:27.673,8.3404e-11,Torr,12.small_stm_window_2,12.small_stm_window_2/MassSpecData-02115-20261006-162857.csv,4.681516666666667
2026-10-06 16:29:27.881,7.234e-11,Torr,12.small_stm_window_2,12.small_stm_window_2/MassSpecData-02115-20261006-162857.csv,4.684983333333333
2026-10-06 16:29:28.089,8.0339e-11,Torr,12.small_stm_window_2,12.small_stm_window_2/MassSpecData-02115-20261006-162857.csv,4.6884500000000005
2026-10-06 16:29:28.298,7.9135e-11,Torr,12.small_stm_window_2,12.small_stm_window_2/MassSpecData-02115-20261006-162857.csv,4.691933333333334
2026-10-06 16:29:28.506,8.3348e-11,Torr,12.small_stm_window_2,12.small_stm_window_2/MassSpecData-02115-20261006-162857.csv,4.6954
2026-10-06 16:29:28.714,7.9675e-11,Torr,12.small_stm_window_2,12.small_stm_window_2/MassSpecData-02115-20261006-162857.csv,4.6988666666666665
2026-10-06 16:29:28.923,7.9276e-11,Torr,12.small_stm_window_2,12.small_stm_window_2/MassSpecData-02115-20261006-162857.csv,4.70235
2026-10-06 16:29:29.131,8.9596e-11,Torr,12.small_stm_window_2,12.small_stm_window_2/MassSpecData-02115-20261006-162857.csv,4.705816666666666
2026-10-06 16:29:29.339,7.7248e-11,Torr,12.small_stm_window_2,12.small_stm_window_2/MassSpecData-02115-20261006-162857.csv,4.7092833333333335
2026-10-06 16:29:29.548,7.6742e-11,Torr,12.small_stm_window_2,12.small_stm_window_2/MassSpecData-02115-20261006-162857.csv,4.712766666666667
2026-10-06 16:29:29.756,8.5854e-11,Torr,12.small_stm_window_2,12.small_stm_window_2/MassSpecData-02115-20261006-162857.csv,4.716233333333333
2026-10-06 16:29:29.964,8.0182e-11,Torr,12.small_stm_window_2,12.small_stm_window_2/MassSpecData-02115-20261006-162857.csv,4.7197000000000005
2026-10-06 16:29:30.173,8.5033e-11,Torr,12.small_stm_window_2,12.small_stm_window_2/MassSpecData-02115-20261006-162857.csv,4.723183333333334
2026-10-06 16:29:30.381,8.2493e-11,Torr,12.small_stm_window_2,12.small_stm_window_2/MassSpecData-02115-20261006-162857.csv,4.72665
2026-10-06 16:29:30.589,8.4954e-11,Torr,12.small_stm_window_2,12.small_stm_window_2/MassSpecData-02115-20261006-162857.csv,4.7301166666666665
2026-10-06 16:29:30.798,7.1352e-11,Torr,12.small_stm_window_2,12.small_stm_window_2/MassSpecData-02115-20261006-162857.csv,4.7336
2026-10-06 16:29:31.006,8.6703e-11,Torr,12.small_stm_window_2,12.small_stm_window_2/MassSpecData-02115-20261006-162857.csv,4.737066666666666
2026-10-06 16:29:31.214,8.4066e-11,Torr,12.small_stm_window_2,12.small_stm_window_2/MassSpecData-02115-20261006-162857.csv,4.7405333333333335
2026-10-06 16:29:31.423,8.9134e-11,Torr,12.small_stm_window_2,12.small_stm_window_2/MassSpecData-02115-20261006-162857.csv,4.744016666666667
2026-10-06 16:29:31.631,8.2139e-11,Torr,12.small_stm_window_2,12.small_stm_window_2/MassSpecData-02115-20261006-162857.csv,4.747483333333333
2026-10-06 16:29:31.839,8.4521e-11,Torr,12.small_stm_window_2,12.small_stm_window_2/MassSpecData-02115-20261006-162857.csv,4.7509500000000005
2026-10-06 16:29:32.048,7.982e-11,Torr,12.small_stm_window_2,12.small_stm_window_2/MassSpecData-02115-20261006-162857.csv,4.754433333333334
2026-10-06 16:29:32.256,8.8593e-11,Torr,12.small_stm_window_2,12.small_stm_window_2/MassSpecData-02115-20261006-162857.csv,4.7579
2026-10-06 16:29:32.464,8.6166e-11,Torr,12.small_stm_window_2,12.small_stm_window_2/MassSpecData-02115-20261006-162857.csv,4.7613666666666665
2026-10-06 16:29:32.673,9.1228e-11,Torr,12.small_stm_window_2,12.small_stm_window_2/MassSpecData-02115-20261006-162857.csv,4.76485
2026-10-06 16:29:32.881,9.4222e-11,Torr,12.small_stm_window_2,12.small_stm_window_2/MassSpecData-02115-20261006-162857.csv,4.768316666666666
2026-10-06 16:29:33.089,7.744e-11,Torr,12.small_stm_window_2,12.small_stm_window_2/MassSpecData-02115-20261006-162857.csv,4.7717833333333335
2026-10-06 16:29:33.298,9.5165e-11,Torr,12.small_stm_window_2,12.small_stm_window_2/MassSpecData-02115-20261006-162857.csv,4.775266666666667
2026-10-06 16:29:33.506,9.4958e-11,Torr,12.small_stm_window_2,12.small_stm_window_2/MassSpecData-02115-20261006-162857.csv,4.778733333333333
2026-10-06 16:29:33.714,1.0314e-10,Torr,12.small_stm_window_2,12.small_stm_window_2/MassSpecData-02115-20261006-162857.csv,4.7822000000000005
2026-10-06 16:29:33.923,7.8565e-11,Torr,12.small_stm_window_2,12.small_stm_window_2/MassSpecData-02115-20261006-162857.csv,4.785683333333334
2026-10-06 16:29:34.131,8.8412e-11,Torr,12.small_stm_window_2,12.small_stm_window_2/MassSpecData-02115-20261006-162857.csv,4.78915
2026-10-06 16:29:34.339,6.7665e-11,Torr,12.small_stm_window_2,12.small_stm_window_2/MassSpecData-02115-20261006-162857.csv,4.7926166666666665
2026-10-06 16:29:34.548,7.0288e-11,Torr,12.small_stm_window_2,12.small_stm_window_2/MassSpecData-02115-20261006-162857.csv,4.7961
2026-10-06 16:29:34.756,8.143e-11,Torr,12.small_stm_window_2,12.small_stm_window_2/MassSpecData-02115-20261006-162857.csv,4.799566666666666
2026-10-06 16:29:34.964,7.9791e-11,Torr,12.small_stm_window_2,12.small_stm_window_2/MassSpecData-02115-20261006-162857.csv,4.8030333333333335
2026-10-06 16:29:35.173,9.2472e-11,Torr,12.small_stm_window_2,12.small_stm_window_2/MassSpecData-02115-20261006-162857.csv,4.806516666666667
2026-10-06 16:29:35.381,8.5547e-11,Torr,12.small_stm_window_2,12.small_stm_window_2/MassSpecData-02115-20261006-162857.csv,4.809983333333333
2026-10-06 16:29:35.590,7.9665e-11,Torr,12.small_stm_window_2,12.small_stm_window_2/MassSpecData-02115-20261006-162857.csv,4.813466666666667
2026-10-06 16:29:35.798,9.5621e-11,Torr,12.small_stm_window_2,12.small_stm_window_2/MassSpecData-02115-20261006-162857.csv,4.816933333333334
2026-10-06 16:29:36.006,8.7074e-11,Torr,12.small_stm_window_2,12.small_stm_window_2/MassSpecData-02115-20261006-162857.csv,4.8204
2026-10-06 16:29:36.215,8.7721e-11,Torr,12.small_stm_window_2,12.small_stm_window_2/MassSpecData-02115-20261006-162857.csv,4.823883333333333
2026-10-06 16:29:36.423,8.1376e-11,Torr,12.small_stm_window_2,12.small_stm_window_2/MassSpecData-02115-20261006-162857.csv,4.82735
2026-10-06 16:29:36.631,6.6029e-11,Torr,12.small_stm_window_2,12.small_stm_window_2/MassSpecData-02115-20261006-162857.csv,4.830816666666666
2026-10-06 16:29:36.840,9.0029e-11,Torr,12.small_stm_window_2,12.small_stm_window_2/MassSpecData-02115-20261006-162857.csv,4.8343
2026-10-06 16:29:37.048,8.7923e-11,Torr,12.small_stm_window_2,12.small_stm_window_2/MassSpecData-02115-20261006-162857.csv,4.837766666666667
2026-10-06 16:29:37.256,7.4058e-11,Torr,12.small_stm_window_2,12.small_stm_window_2/MassSpecData-02115-20261006-162857.csv,4.841233333333333
2026-10-06 16:29:37.465,7.136e-11,Torr,12.small_stm_window_2,12.small_stm_window_2/MassSpecData-02115-20261006-162857.csv,4.844716666666667
2026-10-06 16:29:37.673,7.1612e-11,Torr,12.small_stm_window_2,12.small_stm_window_2/MassSpecData-02115-20261006-162857.csv,4.848183333333334
2026-10-06 16:29:37.881,7.6575e-11,Torr,12.small_stm_window_2,12.small_stm_window_2/MassSpecData-02115-20261006-162857.csv,4.85165
2026-10-06 16:29:38.090,8.9017e-11,Torr,12.small_stm_window_2,12.small_stm_window_2/MassSpecData-02115-20261006-162857.csv,4.855133333333333
2026-10-06 16:29:38.298,6.655e-11,Torr,12.small_stm_window_2,12.small_stm_window_2/MassSpecData-02115-20261006-162857.csv,4.8586
2026-10-06 16:29:38.506,9.4198e-11,Torr,12.small_stm_window_2,12.small_stm_window_2/MassSpecData-02115-20261006-162857.csv,4.862066666666666
2026-10-06 16:29:38.715,8.3932e-11,Torr,12.small_stm_window_2,12.small_stm_window_2/MassSpecData-02115-20261006-162857.csv,4.86555
2026-10-06 16:29:38.923,8.1088e-11,Torr,12.small_stm_window_2,12.small_stm_window_2/MassSpecData-02115-20261006-162857.csv,4.869016666666667
2026-10-06 16:29:39.131,7.9527e-11,Torr,12.small_stm_window_2,12.small_stm_window_2/MassSpecData-02115-20261006-162857.csv,4.872483333333333
2026-10-06 16:29:39.480,7.1537e-11,Torr,12.small_stm_window_2,12.small_stm_window_2/MassSpecData-02115-20261006-162939.csv,4.878299999999999
2026-10-06 16:29:39.688,7.0422e-11,Torr,12.small_stm_window_2,12.small_stm_window_2/MassSpecData-02115-20261006-162939.csv,4.881766666666667
2026-10-06 16:29:39.897,7.8919e-11,Torr,12.small_stm_window_2,12.small_stm_window_2/MassSpecData-02115-20261006-162939.csv,4.88525
2026-10-06 16:29:40.105,8.4637e-11,Torr,12.small_stm_window_2,12.small_stm_window_2/MassSpecData-02115-20261006-162939.csv,4.888716666666666
2026-10-06 16:29:40.313,8.0922e-11,Torr,12.small_stm_window_2,12.small_stm_window_2/MassSpecData-02115-20261006-162939.csv,4.8921833333333336
2026-10-06 16:29:40.522,7.2523e-11,Torr,12.small_stm_window_2,12.small_stm_window_2/MassSpecData-02115-20261006-162939.csv,4.895666666666667
2026-10-06 16:29:40.730,8.9441e-11,Torr,12.small_stm_window_2,12.small_stm_window_2/MassSpecData-02115-20261006-162939.csv,4.899133333333333
2026-10-06 16:29:40.938,8.5853e-11,Torr,12.small_stm_window_2,12.small_stm_window_2/MassSpecData-02115-20261006-162939.csv,4.9026000000000005
2026-10-06 16:29:41.146,1.0534e-10,Torr,12.small_stm_window_2,12.small_stm_window_2/MassSpecData-02115-20261006-162939.csv,4.906066666666666
2026-10-06 16:29:41.355,7.1799e-11,Torr,12.small_stm_window_2,12.small_stm_window_2/MassSpecData-02115-20261006-162939.csv,4.909549999999999
2026-10-06 16:29:41.563,8.8012e-11,Torr,12.small_stm_window_2,12.small_stm_window_2/MassSpecData-02115-20261006-162939.csv,4.913016666666667
2026-10-06 16:29:41.772,8.7614e-11,Torr,12.small_stm_window_2,12.small_stm_window_2/MassSpecData-02115-20261006-162939.csv,4.9165
2026-10-06 16:29:41.980,7.0668e-11,Torr,12.small_stm_window_2,12.small_stm_window_2/MassSpecData-02115-20261006-162939.csv,4.919966666666666
2026-10-06 16:29:42.188,8.1719e-11,Torr,12.small_stm_window_2,12.small_stm_window_2/MassSpecData-02115-20261006-162939.csv,4.9234333333333336
2026-10-06 16:29:42.397,8.5446e-11,Torr,12.small_stm_window_2,12.small_stm_window_2/MassSpecData-02115-20261006-162939.csv,4.926916666666667
2026-10-06 16:29:42.605,9.939e-11,Torr,12.small_stm_window_2,12.small_stm_window_2/MassSpecData-02115-20261006-162939.csv,4.930383333333333
2026-10-06 16:29:42.813,8.1354e-11,Torr,12.small_stm_window_2,12.small_stm_window_2/MassSpecData-02115-20261006-162939.csv,4.9338500000000005
2026-10-06 16:29:43.022,8.8173e-11,Torr,12.small_stm_window_2,12.small_stm_window_2/MassSpecData-02115-20261006-162939.csv,4.937333333333333
2026-10-06 16:29:43.230,7.8335e-11,Torr,12.small_stm_window_2,12.small_stm_window_2/MassSpecData-02115-20261006-162939.csv,4.940799999999999
2026-10-06 16:29:43.438,7.6605e-11,Torr,12.small_stm_window_2,12.small_stm_window_2/MassSpecData-02115-20261006-162939.csv,4.944266666666667
2026-10-06 16:29:43.647,7.8038e-11,Torr,12.small_stm_window_2,12.small_stm_window_2/MassSpecData-02115-20261006-162939.csv,4.94775
2026-10-06 16:29:43.855,9.8246e-11,Torr,12.small_stm_window_2,12.small_stm_window_2/MassSpecData-02115-20261006-162939.csv,4.951216666666666
2026-10-06 16:29:44.063,8.6091e-11,Torr,12.small_stm_window_2,12.small_stm_window_2/MassSpecData-02115-20261006-162939.csv,4.9546833333333336
2026-10-06 16:29:44.272,8.625e-11,Torr,12.small_stm_window_2,12.small_stm_window_2/MassSpecData-02115-20261006-162939.csv,4.958166666666667
2026-10-06 16:29:44.480,8.5857e-11,Torr,12.small_stm_window_2,12.small_stm_window_2/MassSpecData-02115-20261006-162939.csv,4.961633333333333
2026-10-06 16:29:44.688,9.1045e-11,Torr,12.small_stm_window_2,12.small_stm_window_2/MassSpecData-02115-20261006-162939.csv,4.9651000000000005
2026-10-06 16:29:44.896,8.4623e-11,Torr,12.small_stm_window_2,12.small_stm_window_2/MassSpecData-02115-20261006-162939.csv,4.968566666666666
2026-10-06 16:29:45.105,8.4915e-11,Torr,12.small_stm_window_2,12.small_stm_window_2/MassSpecData-02115-20261006-162939.csv,4.972049999999999
2026-10-06 16:29:45.313,8.2666e-11,Torr,12.small_stm_window_2,12.small_stm_window_2/MassSpecData-02115-20261006-162939.csv,4.975516666666667
2026-10-06 16:29:45.521,7.989e-11,Torr,12.small_stm_window_2,12.small_stm_window_2/MassSpecData-02115-20261006-162939.csv,4.978983333333333
2026-10-06 16:29:45.730,8.6005e-11,Torr,12.small_stm_window_2,12.small_stm_window_2/MassSpecData-02115-20261006-162939.csv,4.982466666666666
2026-10-06 16:29:45.938,7.7486e-11,Torr,12.small_stm_window_2,12.small_stm_window_2/MassSpecData-02115-20261006-162939.csv,4.9859333333333336
2026-10-06 16:29:46.146,8.7325e-11,Torr,12.small_stm_window_2,12.small_stm_window_2/MassSpecData-02115-20261006-162939.csv,4.9894
2026-10-06 16:29:46.355,8.4975e-11,Torr,12.small_stm_window_2,12.small_stm_window_2/MassSpecData-02115-20261006-162939.csv,4.992883333333333
2026-10-06 16:29:46.563,7.7539e-11,Torr,12.small_stm_window_2,12.small_stm_window_2/MassSpecData-02115-20261006-162939.csv,4.9963500000000005
2026-10-06 16:29:46.771,7.9417e-11,Torr,12.small_stm_window_2,12.small_stm_window_2/MassSpecData-02115-20261006-162939.csv,4.999816666666666
2026-10-06 16:29:46.980,8.1137e-11,Torr,12.small_stm_window_2,12.small_stm_window_2/MassSpecData-02115-20261006-162939.csv,5.003299999999999
2026-10-06 16:29:47.188,8.6247e-11,Torr,12.small_stm_window_2,12.small_stm_window_2/MassSpecData-02115-20261006-162939.csv,5.006766666666667
2026-10-06 16:29:47.396,9.1193e-11,Torr,12.small_stm_window_2,12.small_stm_window_2/MassSpecData-02115-20261006-162939.csv,5.010233333333333
2026-10-06 16:29:47.605,8.1125e-11,Torr,12.small_stm_window_2,12.small_stm_window_2/MassSpecData-02115-20261006-162939.csv,5.013716666666666
2026-10-06 16:29:47.813,8.3281e-11,Torr,12.small_stm_window_2,12.small_stm_window_2/MassSpecData-02115-20261006-162939.csv,5.0171833333333336
2026-10-06 16:29:48.021,7.5192e-11,Torr,12.small_stm_window_2,12.small_stm_window_2/MassSpecData-02115-20261006-162939.csv,5.02065
2026-10-06 16:29:48.230,8.2141e-11,Torr,12.small_stm_window_2,12.small_stm_window_2/MassSpecData-02115-20261006-162939.csv,5.024133333333333
2026-10-06 16:29:48.438,9.5684e-11,Torr,12.small_stm_window_2,12.small_stm_window_2/MassSpecData-02115-20261006-162939.csv,5.0276000000000005
2026-10-06 16:29:48.647,8.5132e-11,Torr,12.small_stm_window_2,12.small_stm_window_2/MassSpecData-02115-20261006-162939.csv,5.031083333333333
2026-10-06 16:29:48.855,7.2302e-11,Torr,12.small_stm_window_2,12.small_stm_window_2/MassSpecData-02115-20261006-162939.csv,5.034549999999999
2026-10-06 16:29:49.063,9.1624e-11,Torr,12.small_stm_window_2,12.small_stm_window_2/MassSpecData-02115-20261006-162939.csv,5.038016666666667
2026-10-06 16:29:49.272,7.1253e-11,Torr,12.small_stm_window_2,12.small_stm_window_2/MassSpecData-02115-20261006-162939.csv,5.0415
2026-10-06 16:29:49.480,8.7597e-11,Torr,12.small_stm_window_2,12.small_stm_window_2/MassSpecData-02115-20261006-162939.csv,5.044966666666666
2026-10-06 16:29:49.688,8.6022e-11,Torr,12.small_stm_window_2,12.small_stm_window_2/MassSpecData-02115-20261006-162939.csv,5.0484333333333336
2026-10-06 16:29:49.897,7.9334e-11,Torr,12.small_stm_window_2,12.small_stm_window_2/MassSpecData-02115-20261006-162939.csv,5.051916666666667
2026-10-06 16:29:50.105,8.6213e-11,Torr,12.small_stm_window_2,12.small_stm_window_2/MassSpecData-02115-20261006-162939.csv,5.055383333333333
2026-10-06 16:29:50.313,8.7246e-11,Torr,12.small_stm_window_2,12.small_stm_window_2/MassSpecData-02115-20261006-162939.csv,5.0588500000000005
2026-10-06 16:29:50.522,7.4539e-11,Torr,12.small_stm_window_2,12.small_stm_window_2/MassSpecData-02115-20261006-162939.csv,5.062333333333333
2026-10-06 16:29:50.730,8.8591e-11,Torr,12.small_stm_window_2,12.small_stm_window_2/MassSpecData-02115-20261006-162939.csv,5.065799999999999
2026-10-06 16:29:50.938,7.947e-11,Torr,12.small_stm_window_2,12.small_stm_window_2/MassSpecData-02115-20261006-162939.csv,5.069266666666667
2026-10-06 16:29:51.147,8.1678e-11,Torr,12.small_stm_window_2,12.small_stm_window_2/MassSpecData-02115-20261006-162939.csv,5.07275
2026-10-06 16:29:51.355,8.1423e-11,Torr,12.small_stm_window_2,12.small_stm_window_2/MassSpecData-02115-20261006-162939.csv,5.076216666666666
2026-10-06 16:29:51.563,8.6182e-11,Torr,12.small_stm_window_2,12.small_stm_window_2/MassSpecData-02115-20261006-162939.csv,5.0796833333333336
2026-10-06 16:29:51.772,9.2489e-11,Torr,12.small_stm_window_2,12.small_stm_window_2/MassSpecData-02115-20261006-162939.csv,5.083166666666667
2026-10-06 16:29:51.980,7.8528e-11,Torr,12.small_stm_window_2,12.small_stm_window_2/MassSpecData-02115-20261006-162939.csv,5.086633333333333
2026-10-06 16:29:52.188,8.0575e-11,Torr,12.small_stm_window_2,12.small_stm_window_2/MassSpecData-02115-20261006-162939.csv,5.0901000000000005
2026-10-06 16:29:52.397,7.981e-11,Torr,12.small_stm_window_2,12.small_stm_window_2/MassSpecData-02115-20261006-162939.csv,5.093583333333333
2026-10-06 16:29:52.605,8.0405e-11,Torr,12.small_stm_window_2,12.small_stm_window_2/MassSpecData-02115-20261006-162939.csv,5.097049999999999
2026-10-06 16:29:52.813,8.3677e-11,Torr,12.small_stm_window_2,12.small_stm_window_2/MassSpecData-02115-20261006-162939.csv,5.100516666666667
2026-10-06 16:29:53.022,8.4714e-11,Torr,12.small_stm_window_2,12.small_stm_window_2/MassSpecData-02115-20261006-162939.csv,5.104
2026-10-06 16:29:53.230,7.7036e-11,Torr,12.small_stm_window_2,12.small_stm_window_2/MassSpecData-02115-20261006-162939.csv,5.107466666666666
2026-10-06 16:29:53.438,8.2633e-11,Torr,12.small_stm_window_2,12.small_stm_window_2/MassSpecData-02115-20261006-162939.csv,5.1109333333333336
2026-10-06 16:29:53.647,1.0245e-10,Torr,12.small_stm_window_2,12.small_stm_window_2/MassSpecData-02115-20261006-162939.csv,5.114416666666667
2026-10-06 16:29:53.855,7.9854e-11,Torr,12.small_stm_window_2,12.small_stm_window_2/MassSpecData-02115-20261006-162939.csv,5.117883333333333
2026-10-06 16:29:54.063,7.9302e-11,Torr,12.small_stm_window_2,12.small_stm_window_2/MassSpecData-02115-20261006-162939.csv,5.1213500000000005
2026-10-06 16:29:54.272,9.5964e-11,Torr,12.small_stm_window_2,12.small_stm_window_2/MassSpecData-02115-20261006-162939.csv,5.124833333333333
2026-10-06 16:29:54.480,8.2234e-11,Torr,12.small_stm_window_2,12.small_stm_window_2/MassSpecData-02115-20261006-162939.csv,5.128299999999999
2026-10-06 16:29:54.688,7.5866e-11,Torr,12.small_stm_window_2,12.small_stm_window_2/MassSpecData-02115-20261006-162939.csv,5.131766666666667
2026-10-06 16:29:54.897,8.3097e-11,Torr,12.small_stm_window_2,12.small_stm_window_2/MassSpecData-02115-20261006-162939.csv,5.13525
2026-10-06 16:29:55.105,8.6067e-11,Torr,12.small_stm_window_2,12.small_stm_window_2/MassSpecData-02115-20261006-162939.csv,5.138716666666666
2026-10-06 16:29:55.313,7.8767e-11,Torr,12.small_stm_window_2,12.small_stm_window_2/MassSpecData-02115-20261006-162939.csv,5.1421833333333336
2026-10-06 16:29:55.522,9.2692e-11,Torr,12.small_stm_window_2,12.small_stm_window_2/MassSpecData-02115-20261006-162939.csv,5.145666666666667
2026-10-06 16:29:55.730,8.6613e-11,Torr,12.small_stm_window_2,12.small_stm_window_2/MassSpecData-02115-20261006-162939.csv,5.149133333333333
2026-10-06 16:29:55.938,7.2463e-11,Torr,12.small_stm_window_2,12.small_stm_window_2/MassSpecData-02115-20261006-162939.csv,5.1526000000000005
2026-10-06 16:29:56.147,8.4885e-11,Torr,12.small_stm_window_2,12.small_stm_window_2/MassSpecData-02115-20261006-162939.csv,5.156083333333333
2026-10-06 16:29:56.355,7.415e-11,Torr,12.small_stm_window_2,12.small_stm_window_2/MassSpecData-02115-20261006-162939.csv,5.159549999999999
2026-10-06 16:29:56.563,9.2515e-11,Torr,12.small_stm_window_2,12.small_stm_window_2/MassSpecData-02115-20261006-162939.csv,5.163016666666667
2026-10-06 16:29:56.772,8.5172e-11,Torr,12.small_stm_window_2,12.small_stm_window_2/MassSpecData-02115-20261006-162939.csv,5.1665
2026-10-06 16:29:56.980,8.3844e-11,Torr,12.small_stm_window_2,12.small_stm_window_2/MassSpecData-02115-20261006-162939.csv,5.169966666666666
2026-10-06 16:29:57.188,8.9999e-11,Torr,12.small_stm_window_2,12.small_stm_window_2/MassSpecData-02115-20261006-162939.csv,5.1734333333333336
2026-10-06 16:29:57.397,6.9509e-11,Torr,12.small_stm_window_2,12.small_stm_window_2/MassSpecData-02115-20261006-162939.csv,5.176916666666667
2026-10-06 16:29:57.605,8.8732e-11,Torr,12.small_stm_window_2,12.small_stm_window_2/MassSpecData-02115-20261006-162939.csv,5.180383333333333
2026-10-06 16:29:57.813,6.921e-11,Torr,12.small_stm_window_2,12.small_stm_window_2/MassSpecData-02115-20261006-162939.csv,5.1838500000000005
2026-10-06 16:29:58.022,7.7135e-11,Torr,12.small_stm_window_2,12.small_stm_window_2/MassSpecData-02115-20261006-162939.csv,5.187333333333333
2026-10-06 16:29:58.230,8.4761e-11,Torr,12.small_stm_window_2,12.small_stm_window_2/MassSpecData-02115-20261006-162939.csv,5.190799999999999
2026-10-06 16:29:58.438,8.3971e-11,Torr,12.small_stm_window_2,12.small_stm_window_2/MassSpecData-02115-20261006-162939.csv,5.194266666666667
2026-10-06 16:29:58.647,8.8319e-11,Torr,12.small_stm_window_2,12.small_stm_window_2/MassSpecData-02115-20261006-162939.csv,5.19775
2026-10-06 16:29:58.855,8.839e-11,Torr,12.small_stm_window_2,12.small_stm_window_2/MassSpecData-02115-20261006-162939.csv,5.201216666666666
2026-10-06 16:29:59.063,9.329e-11,Torr,12.small_stm_window_2,12.small_stm_window_2/MassSpecData-02115-20261006-162939.csv,5.2046833333333336
2026-10-06 16:29:59.271,7.7859e-11,Torr,12.small_stm_window_2,12.small_stm_window_2/MassSpecData-02115-20261006-162939.csv,5.20815
2026-10-06 16:29:59.480,7.0951e-11,Torr,12.small_stm_window_2,12.small_stm_window_2/MassSpecData-02115-20261006-162939.csv,5.211633333333333
2026-10-06 16:29:59.688,8.805e-11,Torr,12.small_stm_window_2,12.small_stm_window_2/MassSpecData-02115-20261006-162939.csv,5.2151000000000005
2026-10-06 16:29:59.896,7.13e-11,Torr,12.small_stm_window_2,12.small_stm_window_2/MassSpecData-02115-20261006-162939.csv,5.218566666666666
2026-10-06 16:30:00.105,7.9557e-11,Torr,12.small_stm_window_2,12.small_stm_window_2/MassSpecData-02115-20261006-162939.csv,5.222049999999999
2026-10-06 16:30:00.313,9.1632e-11,Torr,12.small_stm_window_2,12.small_stm_window_2/MassSpecData-02115-20261006-162939.csv,5.225516666666667
2026-10-06 16:30:00.521,8.7592e-11,Torr,12.small_stm_window_2,12.small_stm_window_2/MassSpecData-02115-20261006-162939.csv,5.228983333333333
2026-10-06 16:30:00.730,8.415e-11,Torr,12.small_stm_window_2,12.small_stm_window_2/MassSpecData-02115-20261006-162939.csv,5.232466666666666
2026-10-06 16:30:00.938,8.6162e-11,Torr,12.small_stm_window_2,12.small_stm_window_2/MassSpecData-02115-20261006-162939.csv,5.2359333333333336
2026-10-06 16:30:01.146,8.5263e-11,Torr,12.small_stm_window_2,12.small_stm_window_2/MassSpecData-02115-20261006-162939.csv,5.2394
2026-10-06 16:30:01.355,8.2649e-11,Torr,12.small_stm_window_2,12.small_stm_window_2/MassSpecData-02115-20261006-162939.csv,5.242883333333333
2026-10-06 16:30:01.563,9.608e-11,Torr,12.small_stm_window_2,12.small_stm_window_2/MassSpecData-02115-20261006-162939.csv,5.2463500000000005
2026-10-06 16:30:01.771,8.5163e-11,Torr,12.small_stm_window_2,12.small_stm_window_2/MassSpecData-02115-20261006-162939.csv,5.249816666666666
2026-10-06 16:30:01.980,9.5096e-11,Torr,12.small_stm_window_2,12.small_stm_window_2/MassSpecData-02115-20261006-162939.csv,5.253299999999999
2026-10-06 16:30:02.188,8.9053e-11,Torr,12.small_stm_window_2,12.small_stm_window_2/MassSpecData-02115-20261006-162939.csv,5.256766666666667
2026-10-06 16:30:02.396,8.1612e-11,Torr,12.small_stm_window_2,12.small_stm_window_2/MassSpecData-02115-20261006-162939.csv,5.260233333333333
2026-10-06 16:30:02.605,1.04e-10,Torr,12.small_stm_window_2,12.small_stm_window_2/MassSpecData-02115-20261006-162939.csv,5.263716666666666
2026-10-06 16:30:02.813,8.2484e-11,Torr,12.small_stm_window_2,12.small_stm_window_2/MassSpecData-02115-20261006-162939.csv,5.2671833333333336
2026-10-06 16:30:03.021,8.5499e-11,Torr,12.small_stm_window_2,12.small_stm_window_2/MassSpecData-02115-20261006-162939.csv,5.27065
2026-10-06 16:30:03.230,8.8744e-11,Torr,12.small_stm_window_2,12.small_stm_window_2/MassSpecData-02115-20261006-162939.csv,5.274133333333333
2026-10-06 16:30:03.438,8.3864e-11,Torr,12.small_stm_window_2,12.small_stm_window_2/MassSpecData-02115-20261006-162939.csv,5.2776000000000005
2026-10-06 16:30:03.646,7.8321e-11,Torr,12.small_stm_window_2,12.small_stm_window_2/MassSpecData-02115-20261006-162939.csv,5.281066666666666
2026-10-06 16:30:03.855,7.4692e-11,Torr,12.small_stm_window_2,12.small_stm_window_2/MassSpecData-02115-20261006-162939.csv,5.284549999999999
2026-10-06 16:30:04.063,8.8528e-11,Torr,12.small_stm_window_2,12.small_stm_window_2/MassSpecData-02115-20261006-162939.csv,5.288016666666667
2026-10-06 16:30:04.271,9.2349e-11,Torr,12.small_stm_window_2,12.small_stm_window_2/MassSpecData-02115-20261006-162939.csv,5.291483333333333
2026-10-06 16:30:04.480,9.1634e-11,Torr,12.small_stm_window_2,12.small_stm_window_2/MassSpecData-02115-20261006-162939.csv,5.294966666666666
2026-10-06 16:30:04.688,8.6019e-11,Torr,12.small_stm_window_2,12.small_stm_window_2/MassSpecData-02115-20261006-162939.csv,5.2984333333333336
2026-10-06 16:30:04.896,8.3059e-11,Torr,12.small_stm_window_2,12.small_stm_window_2/MassSpecData-02115-20261006-162939.csv,5.3019
2026-10-06 16:30:05.105,8.6623e-11,Torr,12.small_stm_window_2,12.small_stm_window_2/MassSpecData-02115-20261006-162939.csv,5.305383333333333
2026-10-06 16:30:05.313,7.8828e-11,Torr,12.small_stm_window_2,12.small_stm_window_2/MassSpecData-02115-20261006-162939.csv,5.3088500000000005
2026-10-06 16:30:05.521,9.0214e-11,Torr,12.small_stm_window_2,12.small_stm_window_2/MassSpecData-02115-20261006-162939.csv,5.312316666666666
2026-10-06 16:30:05.730,8.4483e-11,Torr,12.small_stm_window_2,12.small_stm_window_2/MassSpecData-02115-20261006-162939.csv,5.315799999999999
2026-10-06 16:30:05.938,8.2861e-11,Torr,12.small_stm_window_2,12.small_stm_window_2/MassSpecData-02115-20261006-162939.csv,5.319266666666667
2026-10-06 16:30:06.146,8.134e-11,Torr,12.small_stm_window_2,12.small_stm_window_2/MassSpecData-02115-20261006-162939.csv,5.322733333333333
2026-10-06 16:30:06.355,8.3698e-11,Torr,12.small_stm_window_2,12.small_stm_window_2/MassSpecData-02115-20261006-162939.csv,5.326216666666666
2026-10-06 16:30:06.563,8.8616e-11,Torr,12.small_stm_window_2,12.small_stm_window_2/MassSpecData-02115-20261006-162939.csv,5.3296833333333336
2026-10-06 16:30:06.771,9.3946e-11,Torr,12.small_stm_window_2,12.small_stm_window_2/MassSpecData-02115-20261006-162939.csv,5.33315
2026-10-06 16:30:06.980,7.2426e-11,Torr,12.small_stm_window_2,12.small_stm_window_2/MassSpecData-02115-20261006-162939.csv,5.336633333333333
2026-10-06 16:30:07.188,9.6313e-11,Torr,12.small_stm_window_2,12.small_stm_window_2/MassSpecData-02115-20261006-162939.csv,5.3401000000000005
2026-10-06 16:30:07.396,9.5082e-11,Torr,12.small_stm_window_2,12.small_stm_window_2/MassSpecData-02115-20261006-162939.csv,5.343566666666666
2026-10-06 16:30:07.605,9.6635e-11,Torr,12.small_stm_window_2,12.small_stm_window_2/MassSpecData-02115-20261006-162939.csv,5.347049999999999
2026-10-06 16:30:07.813,9.2558e-11,Torr,12.small_stm_window_2,12.small_stm_window_2/MassSpecData-02115-20261006-162939.csv,5.350516666666667
2026-10-06 16:30:08.021,6.9936e-11,Torr,12.small_stm_window_2,12.small_stm_window_2/MassSpecData-02115-20261006-162939.csv,5.353983333333333
2026-10-06 16:30:08.230,9.0196e-11,Torr,12.small_stm_window_2,12.small_stm_window_2/MassSpecData-02115-20261006-162939.csv,5.357466666666666
2026-10-06 16:30:08.438,7.2886e-11,Torr,12.small_stm_window_2,12.small_stm_window_2/MassSpecData-02115-20261006-162939.csv,5.3609333333333336
2026-10-06 16:30:08.646,6.9782e-11,Torr,12.small_stm_window_2,12.small_stm_window_2/MassSpecData-02115-20261006-162939.csv,5.3644
2026-10-06 16:30:08.855,8.2382e-11,Torr,12.small_stm_window_2,12.small_stm_window_2/MassSpecData-02115-20261006-162939.csv,5.367883333333333
2026-10-06 16:30:09.063,8.1784e-11,Torr,12.small_stm_window_2,12.small_stm_window_2/MassSpecData-02115-20261006-162939.csv,5.3713500000000005
2026-10-06 16:30:09.271,1.0271e-10,Torr,12.small_stm_window_2,12.small_stm_window_2/MassSpecData-02115-20261006-162939.csv,5.374816666666666
2026-10-06 16:30:09.480,7.3555e-11,Torr,12.small_stm_window_2,12.small_stm_window_2/MassSpecData-02115-20261006-162939.csv,5.378299999999999
2026-10-06 16:30:09.688,7.6328e-11,Torr,12.small_stm_window_2,12.small_stm_window_2/MassSpecData-02115-20261006-162939.csv,5.381766666666667
2026-10-06 16:30:09.896,8.4494e-11,Torr,12.small_stm_window_2,12.small_stm_window_2/MassSpecData-02115-20261006-162939.csv,5.385233333333333
2026-10-06 16:30:10.105,1.0305e-10,Torr,12.small_stm_window_2,12.small_stm_window_2/MassSpecData-02115-20261006-162939.csv,5.388716666666666
2026-10-06 16:30:10.313,8.6572e-11,Torr,12.small_stm_window_2,12.small_stm_window_2/MassSpecData-02115-20261006-162939.csv,5.3921833333333336
2026-10-06 16:30:10.521,8.9917e-11,Torr,12.small_stm_window_2,12.small_stm_window_2/MassSpecData-02115-20261006-162939.csv,5.39565
2026-10-06 16:30:10.730,8.2359e-11,Torr,12.small_stm_window_2,12.small_stm_window_2/MassSpecData-02115-20261006-162939.csv,5.399133333333333
2026-10-06 16:30:10.938,8.5353e-11,Torr,12.small_stm_window_2,12.small_stm_window_2/MassSpecData-02115-20261006-162939.csv,5.4026000000000005
2026-10-06 16:30:11.146,8.2659e-11,Torr,12.small_stm_window_2,12.small_stm_window_2/MassSpecData-02115-20261006-162939.csv,5.406066666666666
2026-10-06 16:30:11.355,9.8752e-11,Torr,12.small_stm_window_2,12.small_stm_window_2/MassSpecData-02115-20261006-162939.csv,5.409549999999999
2026-10-06 16:30:11.563,7.6745e-11,Torr,12.small_stm_window_2,12.small_stm_window_2/MassSpecData-02115-20261006-162939.csv,5.413016666666667
2026-10-06 16:30:11.771,8.5416e-11,Torr,12.small_stm_window_2,12.small_stm_window_2/MassSpecData-02115-20261006-162939.csv,5.416483333333333
2026-10-06 16:30:11.980,9.5865e-11,Torr,12.small_stm_window_2,12.small_stm_window_2/MassSpecData-02115-20261006-162939.csv,5.419966666666666
2026-10-06 16:30:12.188,8.7987e-11,Torr,12.small_stm_window_2,12.small_stm_window_2/MassSpecData-02115-20261006-162939.csv,5.4234333333333336
2026-10-06 16:30:12.396,8.6753e-11,Torr,12.small_stm_window_2,12.small_stm_window_2/MassSpecData-02115-20261006-162939.csv,5.4269
2026-10-06 16:30:12.605,8.8655e-11,Torr,12.small_stm_window_2,12.small_stm_window_2/MassSpecData-02115-20261006-162939.csv,5.430383333333333
2026-10-06 16:30:12.813,8.8889e-11,Torr,12.small_stm_window_2,12.small_stm_window_2/MassSpecData-02115-20261006-162939.csv,5.4338500000000005
2026-10-06 16:30:13.021,8.9321e-11,Torr,12.small_stm_window_2,12.small_stm_window_2/MassSpecData-02115-20261006-162939.csv,5.437316666666666
2026-10-06 16:30:13.230,8.1154e-11,Torr,12.small_stm_window_2,12.small_stm_window_2/MassSpecData-02115-20261006-162939.csv,5.440799999999999
2026-10-06 16:30:13.438,8.8957e-11,Torr,12.small_stm_window_2,12.small_stm_window_2/MassSpecData-02115-20261006-162939.csv,5.444266666666667
2026-10-06 16:30:13.646,8.3118e-11,Torr,12.small_stm_window_2,12.small_stm_window_2/MassSpecData-02115-20261006-162939.csv,5.447733333333333
2026-10-06 16:30:13.855,8.738e-11,Torr,12.small_stm_window_2,12.small_stm_window_2/MassSpecData-02115-20261006-162939.csv,5.451216666666666
2026-10-06 16:30:14.063,9.0553e-11,Torr,12.small_stm_window_2,12.small_stm_window_2/MassSpecData-02115-20261006-162939.csv,5.4546833333333336
2026-10-06 16:30:14.271,8.1252e-11,Torr,12.small_stm_window_2,12.small_stm_window_2/MassSpecData-02115-20261006-162939.csv,5.45815
2026-10-06 16:30:14.480,9.3832e-11,Torr,12.small_stm_window_2,12.small_stm_window_2/MassSpecData-02115-20261006-162939.csv,5.461633333333333
2026-10-06 16:30:14.688,8.3969e-11,Torr,12.small_stm_window_2,12.small_stm_window_2/MassSpecData-02115-20261006-162939.csv,5.4651000000000005
2026-10-06 16:30:14.896,8.1036e-11,Torr,12.small_stm_window_2,12.small_stm_window_2/MassSpecData-02115-20261006-162939.csv,5.468566666666666
2026-10-06 16:30:15.105,8.2662e-11,Torr,12.small_stm_window_2,12.small_stm_window_2/MassSpecData-02115-20261006-162939.csv,5.472049999999999
2026-10-06 16:30:15.313,9.1713e-11,Torr,12.small_stm_window_2,12.small_stm_window_2/MassSpecData-02115-20261006-162939.csv,5.475516666666667
2026-10-06 16:30:15.521,8.1937e-11,Torr,12.small_stm_window_2,12.small_stm_window_2/MassSpecData-02115-20261006-162939.csv,5.478983333333333
2026-10-06 16:30:15.730,9.5692e-11,Torr,12.small_stm_window_2,12.small_stm_window_2/MassSpecData-02115-20261006-162939.csv,5.482466666666666
2026-10-06 16:30:15.938,8.2762e-11,Torr,12.small_stm_window_2,12.small_stm_window_2/MassSpecData-02115-20261006-162939.csv,5.4859333333333336
2026-10-06 16:30:16.146,8.6898e-11,Torr,12.small_stm_window_2,12.small_stm_window_2/MassSpecData-02115-20261006-162939.csv,5.4894
2026-10-06 16:30:16.355,8.5052e-11,Torr,12.small_stm_window_2,12.small_stm_window_2/MassSpecData-02115-20261006-162939.csv,5.492883333333333
2026-10-06 16:30:16.563,8.2854e-11,Torr,12.small_stm_window_2,12.small_stm_window_2/MassSpecData-02115-20261006-162939.csv,5.4963500000000005
2026-10-06 16:30:16.771,9.2617e-11,Torr,12.small_stm_window_2,12.small_stm_window_2/MassSpecData-02115-20261006-162939.csv,5.499816666666666
2026-10-06 16:30:16.980,8.7545e-11,Torr,12.small_stm_window_2,12.small_stm_window_2/MassSpecData-02115-20261006-162939.csv,5.503299999999999
2026-10-06 16:30:17.188,8.0933e-11,Torr,12.small_stm_window_2,12.small_stm_window_2/MassSpecData-02115-20261006-162939.csv,5.506766666666667
2026-10-06 16:30:17.397,8.6775e-11,Torr,12.small_stm_window_2,12.small_stm_window_2/MassSpecData-02115-20261006-162939.csv,5.51025
2026-10-06 16:30:17.605,7.9183e-11,Torr,12.small_stm_window_2,12.small_stm_window_2/MassSpecData-02115-20261006-162939.csv,5.513716666666666
2026-10-06 16:30:17.813,8.681e-11,Torr,12.small_stm_window_2,12.small_stm_window_2/MassSpecData-02115-20261006-162939.csv,5.5171833333333336
2026-10-06 16:30:18.022,9.159e-11,Torr,12.small_stm_window_2,12.small_stm_window_2/MassSpecData-02115-20261006-162939.csv,5.520666666666667
2026-10-06 16:30:18.230,8.1481e-11,Torr,12.small_stm_window_2,12.small_stm_window_2/MassSpecData-02115-20261006-162939.csv,5.524133333333333
2026-10-06 16:30:18.438,7.8687e-11,Torr,12.small_stm_window_2,12.small_stm_window_2/MassSpecData-02115-20261006-162939.csv,5.5276000000000005
2026-10-06 16:30:18.647,9.953e-11,Torr,12.small_stm_window_2,12.small_stm_window_2/MassSpecData-02115-20261006-162939.csv,5.531083333333333
2026-10-06 16:30:18.855,9.1806e-11,Torr,12.small_stm_window_2,12.small_stm_window_2/MassSpecData-02115-20261006-162939.csv,5.534549999999999
2026-10-06 16:30:19.063,8.9598e-11,Torr,12.small_stm_window_2,12.small_stm_window_2/MassSpecData-02115-20261006-162939.csv,5.538016666666667
2026-10-06 16:30:19.272,7.9241e-11,Torr,12.small_stm_window_2,12.small_stm_window_2/MassSpecData-02115-20261006-162939.csv,5.5415
2026-10-06 16:30:19.480,9.3316e-11,Torr,12.small_stm_window_2,12.small_stm_window_2/MassSpecData-02115-20261006-162939.csv,5.544966666666666
2026-10-06 16:30:19.688,7.1025e-11,Torr,12.small_stm_window_2,12.small_stm_window_2/MassSpecData-02115-20261006-162939.csv,5.5484333333333336
2026-10-06 16:30:19.897,9.9282e-11,Torr,12.small_stm_window_2,12.small_stm_window_2/MassSpecData-02115-20261006-162939.csv,5.551916666666667
2026-10-06 16:30:20.105,9.435e-11,Torr,12.small_stm_window_2,12.small_stm_window_2/MassSpecData-02115-20261006-162939.csv,5.555383333333333
2026-10-06 16:30:20.313,8.621e-11,Torr,12.small_stm_window_2,12.small_stm_window_2/MassSpecData-02115-20261006-162939.csv,5.5588500000000005
2026-10-06 16:30:20.522,9.6056e-11,Torr,12.small_stm_window_2,12.small_stm_window_2/MassSpecData-02115-20261006-162939.csv,5.562333333333333
2026-10-06 16:30:20.730,7.7707e-11,Torr,12.small_stm_window_2,12.small_stm_window_2/MassSpecData-02115-20261006-162939.csv,5.565799999999999
2026-10-06 16:30:20.938,7.3615e-11,Torr,12.small_stm_window_2,12.small_stm_window_2/MassSpecData-02115-20261006-162939.csv,5.569266666666667
2026-10-06 16:30:21.281,8.55e-11,Torr,12.small_stm_window_2,12.small_stm_window_2/MassSpecData-02115-20261006-163021.csv,5.574983333333334
2026-10-06 16:30:21.489,7.6278e-11,Torr,12.small_stm_window_2,12.small_stm_window_2/MassSpecData-02115-20261006-163021.csv,5.57845
2026-10-06 16:30:21.698,7.8262e-11,Torr,12.small_stm_window_2,12.small_stm_window_2/MassSpecData-02115-20261006-163021.csv,5.581933333333334
2026-10-06 16:30:21.906,8.2825e-11,Torr,12.small_stm_window_2,12.small_stm_window_2/MassSpecData-02115-20261006-163021.csv,5.585400000000001
2026-10-06 16:30:22.114,9.6471e-11,Torr,12.small_stm_window_2,12.small_stm_window_2/MassSpecData-02115-20261006-163021.csv,5.588866666666666
2026-10-06 16:30:22.323,9.3321e-11,Torr,12.small_stm_window_2,12.small_stm_window_2/MassSpecData-02115-20261006-163021.csv,5.59235
2026-10-06 16:30:22.531,7.6571e-11,Torr,12.small_stm_window_2,12.small_stm_window_2/MassSpecData-02115-20261006-163021.csv,5.595816666666667
2026-10-06 16:30:22.739,7.7134e-11,Torr,12.small_stm_window_2,12.small_stm_window_2/MassSpecData-02115-20261006-163021.csv,5.599283333333333
2026-10-06 16:30:22.947,8.9949e-11,Torr,12.small_stm_window_2,12.small_stm_window_2/MassSpecData-02115-20261006-163021.csv,5.60275
2026-10-06 16:30:23.156,8.9991e-11,Torr,12.small_stm_window_2,12.small_stm_window_2/MassSpecData-02115-20261006-163021.csv,5.606233333333334
2026-10-06 16:30:23.364,8.0026e-11,Torr,12.small_stm_window_2,12.small_stm_window_2/MassSpecData-02115-20261006-163021.csv,5.6097
2026-10-06 16:30:23.573,7.5028e-11,Torr,12.small_stm_window_2,12.small_stm_window_2/MassSpecData-02115-20261006-163021.csv,5.613183333333334
2026-10-06 16:30:23.781,6.8304e-11,Torr,12.small_stm_window_2,12.small_stm_window_2/MassSpecData-02115-20261006-163021.csv,5.616650000000001
2026-10-06 16:30:23.989,8.3636e-11,Torr,12.small_stm_window_2,12.small_stm_window_2/MassSpecData-02115-20261006-163021.csv,5.620116666666666
2026-10-06 16:30:24.198,8.6969e-11,Torr,12.small_stm_window_2,12.small_stm_window_2/MassSpecData-02115-20261006-163021.csv,5.6236
2026-10-06 16:30:24.406,7.6108e-11,Torr,12.small_stm_window_2,12.small_stm_window_2/MassSpecData-02115-20261006-163021.csv,5.627066666666667
2026-10-06 16:30:24.614,7.6783e-11,Torr,12.small_stm_window_2,12.small_stm_window_2/MassSpecData-02115-20261006-163021.csv,5.630533333333333
2026-10-06 16:30:24.823,8.7536e-11,Torr,12.small_stm_window_2,12.small_stm_window_2/MassSpecData-02115-20261006-163021.csv,5.634016666666667
2026-10-06 16:30:25.031,8.2992e-11,Torr,12.small_stm_window_2,12.small_stm_window_2/MassSpecData-02115-20261006-163021.csv,5.637483333333334
2026-10-06 16:30:25.239,8.4444e-11,Torr,12.small_stm_window_2,12.small_stm_window_2/MassSpecData-02115-20261006-163021.csv,5.64095
2026-10-06 16:30:25.448,8.2398e-11,Torr,12.small_stm_window_2,12.small_stm_window_2/MassSpecData-02115-20261006-163021.csv,5.644433333333334
2026-10-06 16:30:25.656,8.6818e-11,Torr,12.small_stm_window_2,12.small_stm_window_2/MassSpecData-02115-20261006-163021.csv,5.647900000000001
2026-10-06 16:30:25.864,9.4574e-11,Torr,12.small_stm_window_2,12.small_stm_window_2/MassSpecData-02115-20261006-163021.csv,5.651366666666666
2026-10-06 16:30:26.073,9.7825e-11,Torr,12.small_stm_window_2,12.small_stm_window_2/MassSpecData-02115-20261006-163021.csv,5.65485
2026-10-06 16:30:26.281,1.0356e-10,Torr,12.small_stm_window_2,12.small_stm_window_2/MassSpecData-02115-20261006-163021.csv,5.658316666666667
2026-10-06 16:30:26.489,7.6339e-11,Torr,12.small_stm_window_2,12.small_stm_window_2/MassSpecData-02115-20261006-163021.csv,5.661783333333333
2026-10-06 16:30:26.697,9.0599e-11,Torr,12.small_stm_window_2,12.small_stm_window_2/MassSpecData-02115-20261006-163021.csv,5.66525
2026-10-06 16:30:26.906,8.5745e-11,Torr,12.small_stm_window_2,12.small_stm_window_2/MassSpecData-02115-20261006-163021.csv,5.668733333333334
2026-10-06 16:30:27.114,8.1593e-11,Torr,12.small_stm_window_2,12.small_stm_window_2/MassSpecData-02115-20261006-163021.csv,5.6722
2026-10-06 16:30:27.322,7.9752e-11,Torr,12.small_stm_window_2,12.small_stm_window_2/MassSpecData-02115-20261006-163021.csv,5.675666666666667
2026-10-06 16:30:27.531,8.0263e-11,Torr,12.small_stm_window_2,12.small_stm_window_2/MassSpecData-02115-20261006-163021.csv,5.679150000000001
2026-10-06 16:30:27.739,8.471e-11,Torr,12.small_stm_window_2,12.small_stm_window_2/MassSpecData-02115-20261006-163021.csv,5.682616666666666
2026-10-06 16:30:27.947,8.8244e-11,Torr,12.small_stm_window_2,12.small_stm_window_2/MassSpecData-02115-20261006-163021.csv,5.686083333333333
2026-10-06 16:30:28.156,9.0713e-11,Torr,12.small_stm_window_2,12.small_stm_window_2/MassSpecData-02115-20261006-163021.csv,5.689566666666667
2026-10-06 16:30:28.364,8.4415e-11,Torr,12.small_stm_window_2,12.small_stm_window_2/MassSpecData-02115-20261006-163021.csv,5.693033333333333
2026-10-06 16:30:28.572,7.4138e-11,Torr,12.small_stm_window_2,12.small_stm_window_2/MassSpecData-02115-20261006-163021.csv,5.6965
2026-10-06 16:30:28.781,7.8808e-11,Torr,12.small_stm_window_2,12.small_stm_window_2/MassSpecData-02115-20261006-163021.csv,5.699983333333334
2026-10-06 16:30:28.989,7.5139e-11,Torr,12.small_stm_window_2,12.small_stm_window_2/MassSpecData-02115-20261006-163021.csv,5.70345
2026-10-06 16:30:29.197,8.4038e-11,Torr,12.small_stm_window_2,12.small_stm_window_2/MassSpecData-02115-20261006-163021.csv,5.706916666666667
2026-10-06 16:30:29.406,7.6201e-11,Torr,12.small_stm_window_2,12.small_stm_window_2/MassSpecData-02115-20261006-163021.csv,5.710400000000001
2026-10-06 16:30:29.614,8.3523e-11,Torr,12.small_stm_window_2,12.small_stm_window_2/MassSpecData-02115-20261006-163021.csv,5.713866666666666
2026-10-06 16:30:29.822,8.0976e-11,Torr,12.small_stm_window_2,12.small_stm_window_2/MassSpecData-02115-20261006-163021.csv,5.717333333333333
2026-10-06 16:30:30.031,8.1511e-11,Torr,12.small_stm_window_2,12.small_stm_window_2/MassSpecData-02115-20261006-163021.csv,5.720816666666667
2026-10-06 16:30:30.239,8.4031e-11,Torr,12.small_stm_window_2,12.small_stm_window_2/MassSpecData-02115-20261006-163021.csv,5.724283333333333
2026-10-06 16:30:30.448,8.4174e-11,Torr,12.small_stm_window_2,12.small_stm_window_2/MassSpecData-02115-20261006-163021.csv,5.727766666666667
2026-10-06 16:30:30.656,8.2446e-11,Torr,12.small_stm_window_2,12.small_stm_window_2/MassSpecData-02115-20261006-163021.csv,5.731233333333334
2026-10-06 16:30:30.864,8.2993e-11,Torr,12.small_stm_window_2,12.small_stm_window_2/MassSpecData-02115-20261006-163021.csv,5.7347
2026-10-06 16:30:31.073,8.2163e-11,Torr,12.small_stm_window_2,12.small_stm_window_2/MassSpecData-02115-20261006-163021.csv,5.738183333333334
2026-10-06 16:30:31.281,8.1623e-11,Torr,12.small_stm_window_2,12.small_stm_window_2/MassSpecData-02115-20261006-163021.csv,5.741650000000001
2026-10-06 16:30:31.489,9.0314e-11,Torr,12.small_stm_window_2,12.small_stm_window_2/MassSpecData-02115-20261006-163021.csv,5.745116666666666
2026-10-06 16:30:31.698,8.1808e-11,Torr,12.small_stm_window_2,12.small_stm_window_2/MassSpecData-02115-20261006-163021.csv,5.7486
2026-10-06 16:30:31.906,8.4175e-11,Torr,12.small_stm_window_2,12.small_stm_window_2/MassSpecData-02115-20261006-163021.csv,5.752066666666667
2026-10-06 16:30:32.114,8.5e-11,Torr,12.small_stm_window_2,12.small_stm_window_2/MassSpecData-02115-20261006-163021.csv,5.755533333333333
2026-10-06 16:30:32.323,7.8819e-11,Torr,12.small_stm_window_2,12.small_stm_window_2/MassSpecData-02115-20261006-163021.csv,5.759016666666667
2026-10-06 16:30:32.531,9.0838e-11,Torr,12.small_stm_window_2,12.small_stm_window_2/MassSpecData-02115-20261006-163021.csv,5.762483333333334
2026-10-06 16:30:32.739,8.6244e-11,Torr,12.small_stm_window_2,12.small_stm_window_2/MassSpecData-02115-20261006-163021.csv,5.76595
2026-10-06 16:30:32.948,9.2403e-11,Torr,12.small_stm_window_2,12.small_stm_window_2/MassSpecData-02115-20261006-163021.csv,5.769433333333334
2026-10-06 16:30:33.156,8.9845e-11,Torr,12.small_stm_window_2,12.small_stm_window_2/MassSpecData-02115-20261006-163021.csv,5.772900000000001
2026-10-06 16:30:33.364,7.7662e-11,Torr,12.small_stm_window_2,12.small_stm_window_2/MassSpecData-02115-20261006-163021.csv,5.776366666666666
2026-10-06 16:30:33.573,8.9273e-11,Torr,12.small_stm_window_2,12.small_stm_window_2/MassSpecData-02115-20261006-163021.csv,5.77985
2026-10-06 16:30:33.781,8.9945e-11,Torr,12.small_stm_window_2,12.small_stm_window_2/MassSpecData-02115-20261006-163021.csv,5.783316666666667
2026-10-06 16:30:33.989,8.6449e-11,Torr,12.small_stm_window_2,12.small_stm_window_2/MassSpecData-02115-20261006-163021.csv,5.786783333333333
2026-10-06 16:30:34.198,8.8441e-11,Torr,12.small_stm_window_2,12.small_stm_window_2/MassSpecData-02115-20261006-163021.csv,5.790266666666667
2026-10-06 16:30:34.406,8.9931e-11,Torr,12.small_stm_window_2,12.small_stm_window_2/MassSpecData-02115-20261006-163021.csv,5.793733333333334
2026-10-06 16:30:34.614,8.7004e-11,Torr,12.small_stm_window_2,12.small_stm_window_2/MassSpecData-02115-20261006-163021.csv,5.7972
2026-10-06 16:30:34.823,8.4349e-11,Torr,12.small_stm_window_2,12.small_stm_window_2/MassSpecData-02115-20261006-163021.csv,5.800683333333334
2026-10-06 16:30:35.031,8.1931e-11,Torr,12.small_stm_window_2,12.small_stm_window_2/MassSpecData-02115-20261006-163021.csv,5.804150000000001
2026-10-06 16:30:35.239,7.4832e-11,Torr,12.small_stm_window_2,12.small_stm_window_2/MassSpecData-02115-20261006-163021.csv,5.807616666666666
2026-10-06 16:30:35.448,8.7041e-11,Torr,12.small_stm_window_2,12.small_stm_window_2/MassSpecData-02115-20261006-163021.csv,5.8111
2026-10-06 16:30:35.656,8.3987e-11,Torr,12.small_stm_window_2,12.small_stm_window_2/MassSpecData-02115-20261006-163021.csv,5.814566666666667
2026-10-06 16:30:35.864,8.5294e-11,Torr,12.small_stm_window_2,12.small_stm_window_2/MassSpecData-02115-20261006-163021.csv,5.818033333333333
2026-10-06 16:30:36.073,8.9053e-11,Torr,12.small_stm_window_2,12.small_stm_window_2/MassSpecData-02115-20261006-163021.csv,5.821516666666667
2026-10-06 16:30:36.281,8.6364e-11,Torr,12.small_stm_window_2,12.small_stm_window_2/MassSpecData-02115-20261006-163021.csv,5.824983333333334
2026-10-06 16:30:36.489,7.8779e-11,Torr,12.small_stm_window_2,12.small_stm_window_2/MassSpecData-02115-20261006-163021.csv,5.82845
2026-10-06 16:30:36.698,9.5737e-11,Torr,12.small_stm_window_2,12.small_stm_window_2/MassSpecData-02115-20261006-163021.csv,5.831933333333334
2026-10-06 16:30:36.906,8.3728e-11,Torr,12.small_stm_window_2,12.small_stm_window_2/MassSpecData-02115-20261006-163021.csv,5.835400000000001
2026-10-06 16:30:37.114,7.4943e-11,Torr,12.small_stm_window_2,12.small_stm_window_2/MassSpecData-02115-20261006-163021.csv,5.838866666666666
2026-10-06 16:30:37.323,8.1468e-11,Torr,12.small_stm_window_2,12.small_stm_window_2/MassSpecData-02115-20261006-163021.csv,5.84235
2026-10-06 16:30:37.531,8.9699e-11,Torr,12.small_stm_window_2,12.small_stm_window_2/MassSpecData-02115-20261006-163021.csv,5.845816666666667
2026-10-06 16:30:37.739,1.0381e-10,Torr,12.small_stm_window_2,12.small_stm_window_2/MassSpecData-02115-20261006-163021.csv,5.849283333333333
2026-10-06 16:30:37.948,8.1029e-11,Torr,12.small_stm_window_2,12.small_stm_window_2/MassSpecData-02115-20261006-163021.csv,5.852766666666667
2026-10-06 16:30:38.156,8.8228e-11,Torr,12.small_stm_window_2,12.small_stm_window_2/MassSpecData-02115-20261006-163021.csv,5.856233333333334
2026-10-06 16:30:38.364,7.9761e-11,Torr,12.small_stm_window_2,12.small_stm_window_2/MassSpecData-02115-20261006-163021.csv,5.8597
2026-10-06 16:30:38.573,9.2555e-11,Torr,12.small_stm_window_2,12.small_stm_window_2/MassSpecData-02115-20261006-163021.csv,5.863183333333334
2026-10-06 16:30:38.781,8.5981e-11,Torr,12.small_stm_window_2,12.small_stm_window_2/MassSpecData-02115-20261006-163021.csv,5.866650000000001
2026-10-06 16:30:38.989,7.8366e-11,Torr,12.small_stm_window_2,12.small_stm_window_2/MassSpecData-02115-20261006-163021.csv,5.870116666666666
2026-10-06 16:30:39.198,1.0048e-10,Torr,12.small_stm_window_2,12.small_stm_window_2/MassSpecData-02115-20261006-163021.csv,5.8736
2026-10-06 16:30:39.406,7.4168e-11,Torr,12.small_stm_window_2,12.small_stm_window_2/MassSpecData-02115-20261006-163021.csv,5.877066666666667
2026-10-06 16:30:39.614,9.5546e-11,Torr,12.small_stm_window_2,12.small_stm_window_2/MassSpecData-02115-20261006-163021.csv,5.880533333333333
2026-10-06 16:30:39.823,1.0888e-10,Torr,12.small_stm_window_2,12.small_stm_window_2/MassSpecData-02115-20261006-163021.csv,5.884016666666667
2026-10-06 16:30:40.031,9.808e-11,Torr,12.small_stm_window_2,12.small_stm_window_2/MassSpecData-02115-20261006-163021.csv,5.887483333333334
2026-10-06 16:30:40.239,8.5565e-11,Torr,12.small_stm_window_2,12.small_stm_window_2/MassSpecData-02115-20261006-163021.csv,5.89095
2026-10-06 16:30:40.448,9.6311e-11,Torr,12.small_stm_window_2,12.small_stm_window_2/MassSpecData-02115-20261006-163021.csv,5.894433333333334
2026-10-06 16:30:40.656,7.7852e-11,Torr,12.small_stm_window_2,12.small_stm_window_2/MassSpecData-02115-20261006-163021.csv,5.897900000000001
2026-10-06 16:30:40.864,7.99e-11,Torr,12.small_stm_window_2,12.small_stm_window_2/MassSpecData-02115-20261006-163021.csv,5.901366666666666
2026-10-06 16:30:41.072,8.3595e-11,Torr,12.small_stm_window_2,12.small_stm_window_2/MassSpecData-02115-20261006-163021.csv,5.904833333333333
2026-10-06 16:30:41.281,7.7057e-11,Torr,12.small_stm_window_2,12.small_stm_window_2/MassSpecData-02115-20261006-163021.csv,5.908316666666667
2026-10-06 16:30:41.489,8.719e-11,Torr,12.small_stm_window_2,12.small_stm_window_2/MassSpecData-02115-20261006-163021.csv,5.911783333333333
2026-10-06 16:30:41.697,9.3071e-11,Torr,12.small_stm_window_2,12.small_stm_window_2/MassSpecData-02115-20261006-163021.csv,5.91525
2026-10-06 16:30:41.906,8.0444e-11,Torr,12.small_stm_window_2,12.small_stm_window_2/MassSpecData-02115-20261006-163021.csv,5.918733333333334
2026-10-06 16:30:42.114,8.243e-11,Torr,12.small_stm_window_2,12.small_stm_window_2/MassSpecData-02115-20261006-163021.csv,5.9222
2026-10-06 16:30:42.322,8.2541e-11,Torr,12.small_stm_window_2,12.small_stm_window_2/MassSpecData-02115-20261006-163021.csv,5.925666666666667
2026-10-06 16:30:42.531,8.2996e-11,Torr,12.small_stm_window_2,12.small_stm_window_2/MassSpecData-02115-20261006-163021.csv,5.929150000000001
2026-10-06 16:30:42.739,9.5111e-11,Torr,12.small_stm_window_2,12.small_stm_window_2/MassSpecData-02115-20261006-163021.csv,5.932616666666666
2026-10-06 16:30:42.947,8.8743e-11,Torr,12.small_stm_window_2,12.small_stm_window_2/MassSpecData-02115-20261006-163021.csv,5.936083333333333
2026-10-06 16:30:43.156,8.0929e-11,Torr,12.small_stm_window_2,12.small_stm_window_2/MassSpecData-02115-20261006-163021.csv,5.939566666666667
2026-10-06 16:30:43.364,8.2255e-11,Torr,12.small_stm_window_2,12.small_stm_window_2/MassSpecData-02115-20261006-163021.csv,5.943033333333333
2026-10-06 16:30:43.572,7.3628e-11,Torr,12.small_stm_window_2,12.small_stm_window_2/MassSpecData-02115-20261006-163021.csv,5.9465
2026-10-06 16:30:43.781,7.4045e-11,Torr,12.small_stm_window_2,12.small_stm_window_2/MassSpecData-02115-20261006-163021.csv,5.949983333333334
2026-10-06 16:30:43.989,8.0423e-11,Torr,12.small_stm_window_2,12.small_stm_window_2/MassSpecData-02115-20261006-163021.csv,5.95345
2026-10-06 16:30:44.197,9.0562e-11,Torr,12.small_stm_window_2,12.small_stm_window_2/MassSpecData-02115-20261006-163021.csv,5.956916666666667
2026-10-06 16:30:44.406,8.6685e-11,Torr,12.small_stm_window_2,12.small_stm_window_2/MassSpecData-02115-20261006-163021.csv,5.960400000000001
2026-10-06 16:30:44.614,7.7732e-11,Torr,12.small_stm_window_2,12.small_stm_window_2/MassSpecData-02115-20261006-163021.csv,5.963866666666666
2026-10-06 16:30:44.822,8.5558e-11,Torr,12.small_stm_window_2,12.small_stm_window_2/MassSpecData-02115-20261006-163021.csv,5.967333333333333
2026-10-06 16:30:45.031,1.0113e-10,Torr,12.small_stm_window_2,12.small_stm_window_2/MassSpecData-02115-20261006-163021.csv,5.970816666666667
2026-10-06 16:30:45.239,9.5046e-11,Torr,12.small_stm_window_2,12.small_stm_window_2/MassSpecData-02115-20261006-163021.csv,5.974283333333333
2026-10-06 16:30:45.447,1.0687e-10,Torr,12.small_stm_window_2,12.small_stm_window_2/MassSpecData-02115-20261006-163021.csv,5.97775
2026-10-06 16:30:45.656,7.4671e-11,Torr,12.small_stm_window_2,12.small_stm_window_2/MassSpecData-02115-20261006-163021.csv,5.981233333333334
2026-10-06 16:30:45.864,8.6752e-11,Torr,12.small_stm_window_2,12.small_stm_window_2/MassSpecData-02115-20261006-163021.csv,5.9847
2026-10-06 16:30:46.072,7.7132e-11,Torr,12.small_stm_window_2,12.small_stm_window_2/MassSpecData-02115-20261006-163021.csv,5.988166666666667
2026-10-06 16:30:46.281,6.8137e-11,Torr,12.small_stm_window_2,12.small_stm_window_2/MassSpecData-02115-20261006-163021.csv,5.991650000000001
2026-10-06 16:30:46.489,7.806e-11,Torr,12.small_stm_window_2,12.small_stm_window_2/MassSpecData-02115-20261006-163021.csv,5.995116666666666
2026-10-06 16:30:46.697,7.6157e-11,Torr,12.small_stm_window_2,12.small_stm_window_2/MassSpecData-02115-20261006-163021.csv,5.998583333333333
2026-10-06 16:30:46.906,7.3281e-11,Torr,12.small_stm_window_2,12.small_stm_window_2/MassSpecData-02115-20261006-163021.csv,6.002066666666667
2026-10-06 16:30:47.114,8.0219e-11,Torr,12.small_stm_window_2,12.small_stm_window_2/MassSpecData-02115-20261006-163021.csv,6.005533333333333
2026-10-06 16:30:47.322,8.8408e-11,Torr,12.small_stm_window_2,12.small_stm_window_2/MassSpecData-02115-20261006-163021.csv,6.009
2026-10-06 16:30:47.531,8.2252e-11,Torr,12.small_stm_window_2,12.small_stm_window_2/MassSpecData-02115-20261006-163021.csv,6.012483333333334
2026-10-06 16:30:47.739,8.0772e-11,Torr,12.small_stm_window_2,12.small_stm_window_2/MassSpecData-02115-20261006-163021.csv,6.01595
2026-10-06 16:30:47.947,9.1522e-11,Torr,12.small_stm_window_2,12.small_stm_window_2/MassSpecData-02115-20261006-163021.csv,6.019416666666667
2026-10-06 16:30:48.156,7.7638e-11,Torr,12.small_stm_window_2,12.small_stm_window_2/MassSpecData-02115-20261006-163021.csv,6.022900000000001
2026-10-06 16:30:48.364,7.9148e-11,Torr,12.small_stm_window_2,12.small_stm_window_2/MassSpecData-02115-20261006-163021.csv,6.026366666666666
2026-10-06 16:30:48.572,7.9508e-11,Torr,12.small_stm_window_2,12.small_stm_window_2/MassSpecData-02115-20261006-163021.csv,6.029833333333333
2026-10-06 16:30:48.781,7.7251e-11,Torr,12.small_stm_window_2,12.small_stm_window_2/MassSpecData-02115-20261006-163021.csv,6.033316666666667
2026-10-06 16:30:48.989,8.1405e-11,Torr,12.small_stm_window_2,12.small_stm_window_2/MassSpecData-02115-20261006-163021.csv,6.036783333333333
2026-10-06 16:30:49.197,7.7924e-11,Torr,12.small_stm_window_2,12.small_stm_window_2/MassSpecData-02115-20261006-163021.csv,6.04025
2026-10-06 16:30:49.406,9.4755e-11,Torr,12.small_stm_window_2,12.small_stm_window_2/MassSpecData-02115-20261006-163021.csv,6.043733333333334
2026-10-06 16:30:49.614,8.2716e-11,Torr,12.small_stm_window_2,12.small_stm_window_2/MassSpecData-02115-20261006-163021.csv,6.0472
2026-10-06 16:30:49.822,7.2022e-11,Torr,12.small_stm_window_2,12.small_stm_window_2/MassSpecData-02115-20261006-163021.csv,6.050666666666667
2026-10-06 16:30:50.031,6.8559e-11,Torr,12.small_stm_window_2,12.small_stm_window_2/MassSpecData-02115-20261006-163021.csv,6.054150000000001
2026-10-06 16:30:50.239,7.7017e-11,Torr,12.small_stm_window_2,12.small_stm_window_2/MassSpecData-02115-20261006-163021.csv,6.057616666666666
2026-10-06 16:30:50.447,7.6574e-11,Torr,12.small_stm_window_2,12.small_stm_window_2/MassSpecData-02115-20261006-163021.csv,6.061083333333333
2026-10-06 16:30:50.656,9.1301e-11,Torr,12.small_stm_window_2,12.small_stm_window_2/MassSpecData-02115-20261006-163021.csv,6.064566666666667
2026-10-06 16:30:50.864,8.375e-11,Torr,12.small_stm_window_2,12.small_stm_window_2/MassSpecData-02115-20261006-163021.csv,6.068033333333333
2026-10-06 16:30:51.072,1.0931e-10,Torr,12.small_stm_window_2,12.small_stm_window_2/MassSpecData-02115-20261006-163021.csv,6.0715
2026-10-06 16:30:51.281,9.245e-11,Torr,12.small_stm_window_2,12.small_stm_window_2/MassSpecData-02115-20261006-163021.csv,6.074983333333334
2026-10-06 16:30:51.489,8.1862e-11,Torr,12.small_stm_window_2,12.small_stm_window_2/MassSpecData-02115-20261006-163021.csv,6.07845
2026-10-06 16:30:51.697,9.2826e-11,Torr,12.small_stm_window_2,12.small_stm_window_2/MassSpecData-02115-20261006-163021.csv,6.081916666666667
2026-10-06 16:30:51.906,1.1112e-10,Torr,12.small_stm_window_2,12.small_stm_window_2/MassSpecData-02115-20261006-163021.csv,6.085400000000001
2026-10-06 16:30:52.114,7.9603e-11,Torr,12.small_stm_window_2,12.small_stm_window_2/MassSpecData-02115-20261006-163021.csv,6.088866666666666
2026-10-06 16:30:52.322,9.0536e-11,Torr,12.small_stm_window_2,12.small_stm_window_2/MassSpecData-02115-20261006-163021.csv,6.092333333333333
2026-10-06 16:30:52.531,8.0105e-11,Torr,12.small_stm_window_2,12.small_stm_window_2/MassSpecData-02115-20261006-163021.csv,6.095816666666667
2026-10-06 16:30:52.739,1.0715e-10,Torr,12.small_stm_window_2,12.small_stm_window_2/MassSpecData-02115-20261006-163021.csv,6.099283333333333
2026-10-06 16:30:52.947,8.0136e-11,Torr,12.small_stm_window_2,12.small_stm_window_2/MassSpecData-02115-20261006-163021.csv,6.10275
2026-10-06 16:30:53.156,8.8023e-11,Torr,12.small_stm_window_2,12.small_stm_window_2/MassSpecData-02115-20261006-163021.csv,6.106233333333334
2026-10-06 16:30:53.364,7.7364e-11,Torr,12.small_stm_window_2,12.small_stm_window_2/MassSpecData-02115-20261006-163021.csv,6.1097
2026-10-06 16:30:53.572,8.9951e-11,Torr,12.small_stm_window_2,12.small_stm_window_2/MassSpecData-02115-20261006-163021.csv,6.113166666666667
2026-10-06 16:30:53.781,8.221e-11,Torr,12.small_stm_window_2,12.small_stm_window_2/MassSpecData-02115-20261006-163021.csv,6.116650000000001
2026-10-06 16:30:53.989,8.3435e-11,Torr,12.small_stm_window_2,12.small_stm_window_2/MassSpecData-02115-20261006-163021.csv,6.120116666666666
2026-10-06 16:30:54.197,8.1464e-11,Torr,12.small_stm_window_2,12.small_stm_window_2/MassSpecData-02115-20261006-163021.csv,6.123583333333333
2026-10-06 16:30:54.406,8.8684e-11,Torr,12.small_stm_window_2,12.small_stm_window_2/MassSpecData-02115-20261006-163021.csv,6.127066666666667
2026-10-06 16:30:54.614,7.8027e-11,Torr,12.small_stm_window_2,12.small_stm_window_2/MassSpecData-02115-20261006-163021.csv,6.130533333333333
2026-10-06 16:30:54.822,7.5932e-11,Torr,12.small_stm_window_2,12.small_stm_window_2/MassSpecData-02115-20261006-163021.csv,6.134
2026-10-06 16:30:55.031,8.234e-11,Torr,12.small_stm_window_2,12.small_stm_window_2/MassSpecData-02115-20261006-163021.csv,6.137483333333334
2026-10-06 16:30:55.239,7.9227e-11,Torr,12.small_stm_window_2,12.small_stm_window_2/MassSpecData-02115-20261006-163021.csv,6.14095
2026-10-06 16:30:55.447,8.9251e-11,Torr,12.small_stm_window_2,12.small_stm_window_2/MassSpecData-02115-20261006-163021.csv,6.144416666666667
2026-10-06 16:30:55.656,8.8162e-11,Torr,12.small_stm_window_2,12.small_stm_window_2/MassSpecData-02115-20261006-163021.csv,6.147900000000001
2026-10-06 16:30:55.864,8.5605e-11,Torr,12.small_stm_window_2,12.small_stm_window_2/MassSpecData-02115-20261006-163021.csv,6.151366666666666
2026-10-06 16:30:56.072,8.4283e-11,Torr,12.small_stm_window_2,12.small_stm_window_2/MassSpecData-02115-20261006-163021.csv,6.154833333333333
2026-10-06 16:30:56.281,6.843e-11,Torr,12.small_stm_window_2,12.small_stm_window_2/MassSpecData-02115-20261006-163021.csv,6.158316666666667
2026-10-06 16:30:56.489,8.5838e-11,Torr,12.small_stm_window_2,12.small_stm_window_2/MassSpecData-02115-20261006-163021.csv,6.161783333333333
2026-10-06 16:30:56.697,8.4575e-11,Torr,12.small_stm_window_2,12.small_stm_window_2/MassSpecData-02115-20261006-163021.csv,6.16525
2026-10-06 16:30:56.906,9.5213e-11,Torr,12.small_stm_window_2,12.small_stm_window_2/MassSpecData-02115-20261006-163021.csv,6.168733333333334
2026-10-06 16:30:57.114,9.5327e-11,Torr,12.small_stm_window_2,12.small_stm_window_2/MassSpecData-02115-20261006-163021.csv,6.1722
2026-10-06 16:30:57.322,8.4107e-11,Torr,12.small_stm_window_2,12.small_stm_window_2/MassSpecData-02115-20261006-163021.csv,6.175666666666667
2026-10-06 16:30:57.531,9.6872e-11,Torr,12.small_stm_window_2,12.small_stm_window_2/MassSpecData-02115-20261006-163021.csv,6.179150000000001
2026-10-06 16:30:57.739,9.5323e-11,Torr,12.small_stm_window_2,12.small_stm_window_2/MassSpecData-02115-20261006-163021.csv,6.182616666666666
2026-10-06 16:30:57.947,8.7121e-11,Torr,12.small_stm_window_2,12.small_stm_window_2/MassSpecData-02115-20261006-163021.csv,6.186083333333333
2026-10-06 16:30:58.156,8.0889e-11,Torr,12.small_stm_window_2,12.small_stm_window_2/MassSpecData-02115-20261006-163021.csv,6.189566666666667
2026-10-06 16:30:58.364,8.6838e-11,Torr,12.small_stm_window_2,12.small_stm_window_2/MassSpecData-02115-20261006-163021.csv,6.193033333333333
2026-10-06 16:30:58.572,1.0076e-10,Torr,12.small_stm_window_2,12.small_stm_window_2/MassSpecData-02115-20261006-163021.csv,6.1965
2026-10-06 16:30:58.781,9.5931e-11,Torr,12.small_stm_window_2,12.small_stm_window_2/MassSpecData-02115-20261006-163021.csv,6.199983333333334
2026-10-06 16:30:58.989,7.4434e-11,Torr,12.small_stm_window_2,12.small_stm_window_2/MassSpecData-02115-20261006-163021.csv,6.20345
2026-10-06 16:30:59.198,1.0329e-10,Torr,12.small_stm_window_2,12.small_stm_window_2/MassSpecData-02115-20261006-163021.csv,6.206933333333334
2026-10-06 16:30:59.406,9.195e-11,Torr,12.small_stm_window_2,12.small_stm_window_2/MassSpecData-02115-20261006-163021.csv,6.210400000000001
2026-10-06 16:30:59.614,9.9464e-11,Torr,12.small_stm_window_2,12.small_stm_window_2/MassSpecData-02115-20261006-163021.csv,6.213866666666666
2026-10-06 16:30:59.823,9.6329e-11,Torr,12.small_stm_window_2,12.small_stm_window_2/MassSpecData-02115-20261006-163021.csv,6.21735
2026-10-06 16:31:00.031,7.2023e-11,Torr,12.small_stm_window_2,12.small_stm_window_2/MassSpecData-02115-20261006-163021.csv,6.220816666666667
2026-10-06 16:31:00.239,8.2321e-11,Torr,12.small_stm_window_2,12.small_stm_window_2/MassSpecData-02115-20261006-163021.csv,6.224283333333333
2026-10-06 16:31:00.448,8.5725e-11,Torr,12.small_stm_window_2,12.small_stm_window_2/MassSpecData-02115-20261006-163021.csv,6.227766666666667
2026-10-06 16:31:00.656,9.1358e-11,Torr,12.small_stm_window_2,12.small_stm_window_2/MassSpecData-02115-20261006-163021.csv,6.231233333333334
2026-10-06 16:31:00.864,9.5995e-11,Torr,12.small_stm_window_2,12.small_stm_window_2/MassSpecData-02115-20261006-163021.csv,6.2347
2026-10-06 16:31:01.073,8.6021e-11,Torr,12.small_stm_window_2,12.small_stm_window_2/MassSpecData-02115-20261006-163021.csv,6.238183333333334
2026-10-06 16:31:01.281,8.1144e-11,Torr,12.small_stm_window_2,12.small_stm_window_2/MassSpecData-02115-20261006-163021.csv,6.241650000000001
2026-10-06 16:31:01.489,8.9505e-11,Torr,12.small_stm_window_2,12.small_stm_window_2/MassSpecData-02115-20261006-163021.csv,6.245116666666666
2026-10-06 16:31:01.698,8.5431e-11,Torr,12.small_stm_window_2,12.small_stm_window_2/MassSpecData-02115-20261006-163021.csv,6.2486
2026-10-06 16:31:01.906,7.9941e-11,Torr,12.small_stm_window_2,12.small_stm_window_2/MassSpecData-02115-20261006-163021.csv,6.252066666666667
2026-10-06 16:31:02.114,8.7375e-11,Torr,12.small_stm_window_2,12.small_stm_window_2/MassSpecData-02115-20261006-163021.csv,6.255533333333333
2026-10-06 16:31:02.323,8.1345e-11,Torr,12.small_stm_window_2,12.small_stm_window_2/MassSpecData-02115-20261006-163021.csv,6.259016666666667
2026-10-06 16:31:02.531,8.5814e-11,Torr,12.small_stm_window_2,12.small_stm_window_2/MassSpecData-02115-20261006-163021.csv,6.262483333333334
2026-10-06 16:31:02.739,8.4521e-11,Torr,12.small_stm_window_2,12.small_stm_window_2/MassSpecData-02115-20261006-163021.csv,6.26595
2026-10-06 16:31:03.148,8.047e-11,Torr,12.small_stm_window_2,12.small_stm_window_2/MassSpecData-02115-20261006-163103.csv,6.272766666666667
2026-10-06 16:31:03.356,8.2834e-11,Torr,12.small_stm_window_2,12.small_stm_window_2/MassSpecData-02115-20261006-163103.csv,6.276233333333334
2026-10-06 16:31:03.565,8.3762e-11,Torr,12.small_stm_window_2,12.small_stm_window_2/MassSpecData-02115-20261006-163103.csv,6.279716666666667
2026-10-06 16:31:03.773,8.2168e-11,Torr,12.small_stm_window_2,12.small_stm_window_2/MassSpecData-02115-20261006-163103.csv,6.283183333333333
2026-10-06 16:31:03.981,8.3316e-11,Torr,12.small_stm_window_2,12.small_stm_window_2/MassSpecData-02115-20261006-163103.csv,6.28665
2026-10-06 16:31:04.190,9.2293e-11,Torr,12.small_stm_window_2,12.small_stm_window_2/MassSpecData-02115-20261006-163103.csv,6.290133333333333
2026-10-06 16:31:04.398,8.8173e-11,Torr,12.small_stm_window_2,12.small_stm_window_2/MassSpecData-02115-20261006-163103.csv,6.2936
2026-10-06 16:31:04.606,9.2111e-11,Torr,12.small_stm_window_2,12.small_stm_window_2/MassSpecData-02115-20261006-163103.csv,6.297066666666667
2026-10-06 16:31:04.814,8.2088e-11,Torr,12.small_stm_window_2,12.small_stm_window_2/MassSpecData-02115-20261006-163103.csv,6.300533333333333
2026-10-06 16:31:05.023,8.5058e-11,Torr,12.small_stm_window_2,12.small_stm_window_2/MassSpecData-02115-20261006-163103.csv,6.304016666666667
2026-10-06 16:31:05.231,8.6385e-11,Torr,12.small_stm_window_2,12.small_stm_window_2/MassSpecData-02115-20261006-163103.csv,6.307483333333334
2026-10-06 16:31:05.440,9.0027e-11,Torr,12.small_stm_window_2,12.small_stm_window_2/MassSpecData-02115-20261006-163103.csv,6.310966666666667
2026-10-06 16:31:05.648,8.8888e-11,Torr,12.small_stm_window_2,12.small_stm_window_2/MassSpecData-02115-20261006-163103.csv,6.314433333333333
2026-10-06 16:31:05.856,7.3547e-11,Torr,12.small_stm_window_2,12.small_stm_window_2/MassSpecData-02115-20261006-163103.csv,6.3179
2026-10-06 16:31:06.065,8.5559e-11,Torr,12.small_stm_window_2,12.small_stm_window_2/MassSpecData-02115-20261006-163103.csv,6.321383333333333
2026-10-06 16:31:06.273,8.4014e-11,Torr,12.small_stm_window_2,12.small_stm_window_2/MassSpecData-02115-20261006-163103.csv,6.32485
2026-10-06 16:31:06.481,8.3515e-11,Torr,12.small_stm_window_2,12.small_stm_window_2/MassSpecData-02115-20261006-163103.csv,6.328316666666667
2026-10-06 16:31:06.690,8.9172e-11,Torr,12.small_stm_window_2,12.small_stm_window_2/MassSpecData-02115-20261006-163103.csv,6.3318
2026-10-06 16:31:06.898,8.9303e-11,Torr,12.small_stm_window_2,12.small_stm_window_2/MassSpecData-02115-20261006-163103.csv,6.335266666666667
2026-10-06 16:31:07.106,7.886e-11,Torr,12.small_stm_window_2,12.small_stm_window_2/MassSpecData-02115-20261006-163103.csv,6.338733333333334
2026-10-06 16:31:07.315,8.3614e-11,Torr,12.small_stm_window_2,12.small_stm_window_2/MassSpecData-02115-20261006-163103.csv,6.342216666666667
2026-10-06 16:31:07.523,8.4975e-11,Torr,12.small_stm_window_2,12.small_stm_window_2/MassSpecData-02115-20261006-163103.csv,6.345683333333333
2026-10-06 16:31:07.731,9.5436e-11,Torr,12.small_stm_window_2,12.small_stm_window_2/MassSpecData-02115-20261006-163103.csv,6.34915
2026-10-06 16:31:07.940,8.1175e-11,Torr,12.small_stm_window_2,12.small_stm_window_2/MassSpecData-02115-20261006-163103.csv,6.352633333333333
2026-10-06 16:31:08.148,8.4803e-11,Torr,12.small_stm_window_2,12.small_stm_window_2/MassSpecData-02115-20261006-163103.csv,6.3561
2026-10-06 16:31:08.356,9.4679e-11,Torr,12.small_stm_window_2,12.small_stm_window_2/MassSpecData-02115-20261006-163103.csv,6.359566666666667
2026-10-06 16:31:08.564,7.3735e-11,Torr,12.small_stm_window_2,12.small_stm_window_2/MassSpecData-02115-20261006-163103.csv,6.363033333333333
2026-10-06 16:31:08.773,7.6229e-11,Torr,12.small_stm_window_2,12.small_stm_window_2/MassSpecData-02115-20261006-163103.csv,6.366516666666667
2026-10-06 16:31:08.981,8.562e-11,Torr,12.small_stm_window_2,12.small_stm_window_2/MassSpecData-02115-20261006-163103.csv,6.369983333333334
2026-10-06 16:31:09.189,7.5605e-11,Torr,12.small_stm_window_2,12.small_stm_window_2/MassSpecData-02115-20261006-163103.csv,6.37345
2026-10-06 16:31:09.398,8.5796e-11,Torr,12.small_stm_window_2,12.small_stm_window_2/MassSpecData-02115-20261006-163103.csv,6.376933333333333
2026-10-06 16:31:09.606,8.0587e-11,Torr,12.small_stm_window_2,12.small_stm_window_2/MassSpecData-02115-20261006-163103.csv,6.3804
2026-10-06 16:31:09.814,8.905e-11,Torr,12.small_stm_window_2,12.small_stm_window_2/MassSpecData-02115-20261006-163103.csv,6.383866666666666
2026-10-06 16:31:10.023,8.1768e-11,Torr,12.small_stm_window_2,12.small_stm_window_2/MassSpecData-02115-20261006-163103.csv,6.38735
2026-10-06 16:31:10.231,7.4494e-11,Torr,12.small_stm_window_2,12.small_stm_window_2/MassSpecData-02115-20261006-163103.csv,6.390816666666667
2026-10-06 16:31:10.439,9.809e-11,Torr,12.small_stm_window_2,12.small_stm_window_2/MassSpecData-02115-20261006-163103.csv,6.394283333333333
2026-10-06 16:31:10.648,8.3238e-11,Torr,12.small_stm_window_2,12.small_stm_window_2/MassSpecData-02115-20261006-163103.csv,6.397766666666667
2026-10-06 16:31:10.856,9.6316e-11,Torr,12.small_stm_window_2,12.small_stm_window_2/MassSpecData-02115-20261006-163103.csv,6.401233333333334
2026-10-06 16:31:11.064,9.282e-11,Torr,12.small_stm_window_2,12.small_stm_window_2/MassSpecData-02115-20261006-163103.csv,6.4047
2026-10-06 16:31:11.273,7.9547e-11,Torr,12.small_stm_window_2,12.small_stm_window_2/MassSpecData-02115-20261006-163103.csv,6.408183333333333
2026-10-06 16:31:11.481,9.1957e-11,Torr,12.small_stm_window_2,12.small_stm_window_2/MassSpecData-02115-20261006-163103.csv,6.41165
2026-10-06 16:31:11.689,9.4996e-11,Torr,12.small_stm_window_2,12.small_stm_window_2/MassSpecData-02115-20261006-163103.csv,6.415116666666666
2026-10-06 16:31:11.898,8.6993e-11,Torr,12.small_stm_window_2,12.small_stm_window_2/MassSpecData-02115-20261006-163103.csv,6.4186
2026-10-06 16:31:12.106,7.1981e-11,Torr,12.small_stm_window_2,12.small_stm_window_2/MassSpecData-02115-20261006-163103.csv,6.422066666666667
2026-10-06 16:31:12.315,8.8671e-11,Torr,12.small_stm_window_2,12.small_stm_window_2/MassSpecData-02115-20261006-163103.csv,6.42555
2026-10-06 16:31:12.523,8.6781e-11,Torr,12.small_stm_window_2,12.small_stm_window_2/MassSpecData-02115-20261006-163103.csv,6.429016666666667
2026-10-06 16:31:12.731,8.7676e-11,Torr,12.small_stm_window_2,12.small_stm_window_2/MassSpecData-02115-20261006-163103.csv,6.432483333333334
2026-10-06 16:31:12.940,7.5838e-11,Torr,12.small_stm_window_2,12.small_stm_window_2/MassSpecData-02115-20261006-163103.csv,6.435966666666667
2026-10-06 16:31:13.148,8.7626e-11,Torr,12.small_stm_window_2,12.small_stm_window_2/MassSpecData-02115-20261006-163103.csv,6.439433333333333
2026-10-06 16:31:13.356,9.3973e-11,Torr,12.small_stm_window_2,12.small_stm_window_2/MassSpecData-02115-20261006-163103.csv,6.4429
2026-10-06 16:31:13.565,9.6261e-11,Torr,12.small_stm_window_2,12.small_stm_window_2/MassSpecData-02115-20261006-163103.csv,6.446383333333333
2026-10-06 16:31:13.773,8.3944e-11,Torr,12.small_stm_window_2,12.small_stm_window_2/MassSpecData-02115-20261006-163103.csv,6.44985
2026-10-06 16:31:13.981,8.4929e-11,Torr,12.small_stm_window_2,12.small_stm_window_2/MassSpecData-02115-20261006-163103.csv,6.453316666666667
2026-10-06 16:31:14.190,9.6812e-11,Torr,12.small_stm_window_2,12.small_stm_window_2/MassSpecData-02115-20261006-163103.csv,6.4568
2026-10-06 16:31:14.398,8.2982e-11,Torr,12.small_stm_window_2,12.small_stm_window_2/MassSpecData-02115-20261006-163103.csv,6.460266666666667
2026-10-06 16:31:14.606,7.0971e-11,Torr,12.small_stm_window_2,12.small_stm_window_2/MassSpecData-02115-20261006-163103.csv,6.463733333333334
2026-10-06 16:31:14.815,8.5967e-11,Torr,12.small_stm_window_2,12.small_stm_window_2/MassSpecData-02115-20261006-163103.csv,6.467216666666667
2026-10-06 16:31:15.023,9.0633e-11,Torr,12.small_stm_window_2,12.small_stm_window_2/MassSpecData-02115-20261006-163103.csv,6.470683333333333
2026-10-06 16:31:15.231,7.7317e-11,Torr,12.small_stm_window_2,12.small_stm_window_2/MassSpecData-02115-20261006-163103.csv,6.47415
2026-10-06 16:31:15.440,8.9303e-11,Torr,12.small_stm_window_2,12.small_stm_window_2/MassSpecData-02115-20261006-163103.csv,6.477633333333333
2026-10-06 16:31:15.648,7.3085e-11,Torr,12.small_stm_window_2,12.small_stm_window_2/MassSpecData-02115-20261006-163103.csv,6.4811
2026-10-06 16:31:15.856,9.222e-11,Torr,12.small_stm_window_2,12.small_stm_window_2/MassSpecData-02115-20261006-163103.csv,6.484566666666667
2026-10-06 16:31:16.065,7.5398e-11,Torr,12.small_stm_window_2,12.small_stm_window_2/MassSpecData-02115-20261006-163103.csv,6.48805
2026-10-06 16:31:16.273,8.1003e-11,Torr,12.small_stm_window_2,12.small_stm_window_2/MassSpecData-02115-20261006-163103.csv,6.491516666666667
2026-10-06 16:31:16.481,9.1892e-11,Torr,12.small_stm_window_2,12.small_stm_window_2/MassSpecData-02115-20261006-163103.csv,6.494983333333334
2026-10-06 16:31:16.690,8.0333e-11,Torr,12.small_stm_window_2,12.small_stm_window_2/MassSpecData-02115-20261006-163103.csv,6.498466666666667
2026-10-06 16:31:16.898,8.497e-11,Torr,12.small_stm_window_2,12.small_stm_window_2/MassSpecData-02115-20261006-163103.csv,6.501933333333333
2026-10-06 16:31:17.106,7.966e-11,Torr,12.small_stm_window_2,12.small_stm_window_2/MassSpecData-02115-20261006-163103.csv,6.5054
2026-10-06 16:31:17.315,8.6955e-11,Torr,12.small_stm_window_2,12.small_stm_window_2/MassSpecData-02115-20261006-163103.csv,6.508883333333333
2026-10-06 16:31:17.523,8.305e-11,Torr,12.small_stm_window_2,12.small_stm_window_2/MassSpecData-02115-20261006-163103.csv,6.51235
2026-10-06 16:31:17.731,9.2824e-11,Torr,12.small_stm_window_2,12.small_stm_window_2/MassSpecData-02115-20261006-163103.csv,6.515816666666667
2026-10-06 16:31:17.940,9.2835e-11,Torr,12.small_stm_window_2,12.small_stm_window_2/MassSpecData-02115-20261006-163103.csv,6.5193
2026-10-06 16:31:18.148,9.5988e-11,Torr,12.small_stm_window_2,12.small_stm_window_2/MassSpecData-02115-20261006-163103.csv,6.522766666666667
2026-10-06 16:31:18.356,9.2684e-11,Torr,12.small_stm_window_2,12.small_stm_window_2/MassSpecData-02115-20261006-163103.csv,6.526233333333334
2026-10-06 16:31:18.565,9.2301e-11,Torr,12.small_stm_window_2,12.small_stm_window_2/MassSpecData-02115-20261006-163103.csv,6.529716666666667
2026-10-06 16:31:18.773,8.4202e-11,Torr,12.small_stm_window_2,12.small_stm_window_2/MassSpecData-02115-20261006-163103.csv,6.533183333333333
2026-10-06 16:31:18.981,1.0422e-10,Torr,12.small_stm_window_2,12.small_stm_window_2/MassSpecData-02115-20261006-163103.csv,6.53665
2026-10-06 16:31:19.190,7.8235e-11,Torr,12.small_stm_window_2,12.small_stm_window_2/MassSpecData-02115-20261006-163103.csv,6.540133333333333
2026-10-06 16:31:19.398,9.242e-11,Torr,12.small_stm_window_2,12.small_stm_window_2/MassSpecData-02115-20261006-163103.csv,6.5436
2026-10-06 16:31:19.606,8.5018e-11,Torr,12.small_stm_window_2,12.small_stm_window_2/MassSpecData-02115-20261006-163103.csv,6.547066666666667
2026-10-06 16:31:19.815,8.2538e-11,Torr,12.small_stm_window_2,12.small_stm_window_2/MassSpecData-02115-20261006-163103.csv,6.55055
2026-10-06 16:31:20.023,1.0651e-10,Torr,12.small_stm_window_2,12.small_stm_window_2/MassSpecData-02115-20261006-163103.csv,6.554016666666667
2026-10-06 16:31:20.231,7.4089e-11,Torr,12.small_stm_window_2,12.small_stm_window_2/MassSpecData-02115-20261006-163103.csv,6.557483333333334
2026-10-06 16:31:20.440,7.6242e-11,Torr,12.small_stm_window_2,12.small_stm_window_2/MassSpecData-02115-20261006-163103.csv,6.560966666666667
2026-10-06 16:31:20.648,9.9198e-11,Torr,12.small_stm_window_2,12.small_stm_window_2/MassSpecData-02115-20261006-163103.csv,6.564433333333333
2026-10-06 16:31:20.856,6.8733e-11,Torr,12.small_stm_window_2,12.small_stm_window_2/MassSpecData-02115-20261006-163103.csv,6.5679
2026-10-06 16:31:21.065,8.1167e-11,Torr,12.small_stm_window_2,12.small_stm_window_2/MassSpecData-02115-20261006-163103.csv,6.571383333333333
2026-10-06 16:31:21.273,7.9005e-11,Torr,12.small_stm_window_2,12.small_stm_window_2/MassSpecData-02115-20261006-163103.csv,6.57485
2026-10-06 16:31:21.481,8.2465e-11,Torr,12.small_stm_window_2,12.small_stm_window_2/MassSpecData-02115-20261006-163103.csv,6.578316666666667
2026-10-06 16:31:21.690,7.7711e-11,Torr,12.small_stm_window_2,12.small_stm_window_2/MassSpecData-02115-20261006-163103.csv,6.5818
2026-10-06 16:31:21.898,7.4491e-11,Torr,12.small_stm_window_2,12.small_stm_window_2/MassSpecData-02115-20261006-163103.csv,6.585266666666667
2026-10-06 16:31:22.106,8.1641e-11,Torr,12.small_stm_window_2,12.small_stm_window_2/MassSpecData-02115-20261006-163103.csv,6.588733333333334
2026-10-06 16:31:22.315,7.2277e-11,Torr,12.small_stm_window_2,12.small_stm_window_2/MassSpecData-02115-20261006-163103.csv,6.592216666666667
2026-10-06 16:31:22.523,9.1059e-11,Torr,12.small_stm_window_2,12.small_stm_window_2/MassSpecData-02115-20261006-163103.csv,6.595683333333333
2026-10-06 16:31:22.731,8.5485e-11,Torr,12.small_stm_window_2,12.small_stm_window_2/MassSpecData-02115-20261006-163103.csv,6.59915
2026-10-06 16:31:22.939,8.9687e-11,Torr,12.small_stm_window_2,12.small_stm_window_2/MassSpecData-02115-20261006-163103.csv,6.602616666666666
2026-10-06 16:31:23.148,8.6127e-11,Torr,12.small_stm_window_2,12.small_stm_window_2/MassSpecData-02115-20261006-163103.csv,6.6061
2026-10-06 16:31:23.356,7.439e-11,Torr,12.small_stm_window_2,12.small_stm_window_2/MassSpecData-02115-20261006-163103.csv,6.609566666666667
2026-10-06 16:31:23.564,8.1407e-11,Torr,12.small_stm_window_2,12.small_stm_window_2/MassSpecData-02115-20261006-163103.csv,6.613033333333333
2026-10-06 16:31:23.773,8.3207e-11,Torr,12.small_stm_window_2,12.small_stm_window_2/MassSpecData-02115-20261006-163103.csv,6.616516666666667
2026-10-06 16:31:23.981,9.4179e-11,Torr,12.small_stm_window_2,12.small_stm_window_2/MassSpecData-02115-20261006-163103.csv,6.619983333333334
2026-10-06 16:31:24.189,8.2494e-11,Torr,12.small_stm_window_2,12.small_stm_window_2/MassSpecData-02115-20261006-163103.csv,6.62345
2026-10-06 16:31:24.398,9.3314e-11,Torr,12.small_stm_window_2,12.small_stm_window_2/MassSpecData-02115-20261006-163103.csv,6.626933333333333
2026-10-06 16:31:24.606,7.9551e-11,Torr,12.small_stm_window_2,12.small_stm_window_2/MassSpecData-02115-20261006-163103.csv,6.6304
2026-10-06 16:31:24.814,8.5916e-11,Torr,12.small_stm_window_2,12.small_stm_window_2/MassSpecData-02115-20261006-163103.csv,6.633866666666666
2026-10-06 16:31:25.023,6.7495e-11,Torr,12.small_stm_window_2,12.small_stm_window_2/MassSpecData-02115-20261006-163103.csv,6.63735
2026-10-06 16:31:25.231,8.7137e-11,Torr,12.small_stm_window_2,12.small_stm_window_2/MassSpecData-02115-20261006-163103.csv,6.640816666666667
2026-10-06 16:31:25.439,7.7195e-11,Torr,12.small_stm_window_2,12.small_stm_window_2/MassSpecData-02115-20261006-163103.csv,6.644283333333333
2026-10-06 16:31:25.648,9.3364e-11,Torr,12.small_stm_window_2,12.small_stm_window_2/MassSpecData-02115-20261006-163103.csv,6.647766666666667
2026-10-06 16:31:25.856,9.5419e-11,Torr,12.small_stm_window_2,12.small_stm_window_2/MassSpecData-02115-20261006-163103.csv,6.651233333333334
2026-10-06 16:31:26.064,7.723e-11,Torr,12.small_stm_window_2,12.small_stm_window_2/MassSpecData-02115-20261006-163103.csv,6.6547
2026-10-06 16:31:26.273,9.1892e-11,Torr,12.small_stm_window_2,12.small_stm_window_2/MassSpecData-02115-20261006-163103.csv,6.658183333333333
2026-10-06 16:31:26.481,7.5907e-11,Torr,12.small_stm_window_2,12.small_stm_window_2/MassSpecData-02115-20261006-163103.csv,6.66165
2026-10-06 16:31:26.689,7.9479e-11,Torr,12.small_stm_window_2,12.small_stm_window_2/MassSpecData-02115-20261006-163103.csv,6.665116666666666
2026-10-06 16:31:26.898,9.0043e-11,Torr,12.small_stm_window_2,12.small_stm_window_2/MassSpecData-02115-20261006-163103.csv,6.6686
2026-10-06 16:31:27.106,7.3418e-11,Torr,12.small_stm_window_2,12.small_stm_window_2/MassSpecData-02115-20261006-163103.csv,6.672066666666667
2026-10-06 16:31:27.314,8.0807e-11,Torr,12.small_stm_window_2,12.small_stm_window_2/MassSpecData-02115-20261006-163103.csv,6.675533333333333
2026-10-06 16:31:27.523,8.1221e-11,Torr,12.small_stm_window_2,12.small_stm_window_2/MassSpecData-02115-20261006-163103.csv,6.679016666666667
2026-10-06 16:31:27.731,7.7108e-11,Torr,12.small_stm_window_2,12.small_stm_window_2/MassSpecData-02115-20261006-163103.csv,6.682483333333334
2026-10-06 16:31:27.939,7.3509e-11,Torr,12.small_stm_window_2,12.small_stm_window_2/MassSpecData-02115-20261006-163103.csv,6.68595
2026-10-06 16:31:28.148,7.9066e-11,Torr,12.small_stm_window_2,12.small_stm_window_2/MassSpecData-02115-20261006-163103.csv,6.689433333333333
2026-10-06 16:31:28.356,7.5436e-11,Torr,12.small_stm_window_2,12.small_stm_window_2/MassSpecData-02115-20261006-163103.csv,6.6929
2026-10-06 16:31:28.564,8.4873e-11,Torr,12.small_stm_window_2,12.small_stm_window_2/MassSpecData-02115-20261006-163103.csv,6.696366666666666
2026-10-06 16:31:28.773,7.7746e-11,Torr,12.small_stm_window_2,12.small_stm_window_2/MassSpecData-02115-20261006-163103.csv,6.69985
2026-10-06 16:31:28.981,7.7019e-11,Torr,12.small_stm_window_2,12.small_stm_window_2/MassSpecData-02115-20261006-163103.csv,6.703316666666667
2026-10-06 16:31:29.189,8.1757e-11,Torr,12.small_stm_window_2,12.small_stm_window_2/MassSpecData-02115-20261006-163103.csv,6.706783333333333
2026-10-06 16:31:29.398,8.8074e-11,Torr,12.small_stm_window_2,12.small_stm_window_2/MassSpecData-02115-20261006-163103.csv,6.710266666666667
2026-10-06 16:31:29.606,8.274e-11,Torr,12.small_stm_window_2,12.small_stm_window_2/MassSpecData-02115-20261006-163103.csv,6.713733333333334
2026-10-06 16:31:29.814,7.0259e-11,Torr,12.small_stm_window_2,12.small_stm_window_2/MassSpecData-02115-20261006-163103.csv,6.7172
2026-10-06 16:31:30.023,8.5389e-11,Torr,12.small_stm_window_2,12.small_stm_window_2/MassSpecData-02115-20261006-163103.csv,6.720683333333333
2026-10-06 16:31:30.231,7.8481e-11,Torr,12.small_stm_window_2,12.small_stm_window_2/MassSpecData-02115-20261006-163103.csv,6.72415
2026-10-06 16:31:30.439,9.0191e-11,Torr,12.small_stm_window_2,12.small_stm_window_2/MassSpecData-02115-20261006-163103.csv,6.727616666666666
2026-10-06 16:31:30.648,8.4902e-11,Torr,12.small_stm_window_2,12.small_stm_window_2/MassSpecData-02115-20261006-163103.csv,6.7311
2026-10-06 16:31:30.856,7.9567e-11,Torr,12.small_stm_window_2,12.small_stm_window_2/MassSpecData-02115-20261006-163103.csv,6.734566666666667
2026-10-06 16:31:31.064,9.0043e-11,Torr,12.small_stm_window_2,12.small_stm_window_2/MassSpecData-02115-20261006-163103.csv,6.738033333333333
2026-10-06 16:31:31.273,8.3122e-11,Torr,12.small_stm_window_2,12.small_stm_window_2/MassSpecData-02115-20261006-163103.csv,6.741516666666667
2026-10-06 16:31:31.481,5.9379e-11,Torr,12.small_stm_window_2,12.small_stm_window_2/MassSpecData-02115-20261006-163103.csv,6.744983333333334
2026-10-06 16:31:31.689,8.5363e-11,Torr,12.small_stm_window_2,12.small_stm_window_2/MassSpecData-02115-20261006-163103.csv,6.74845
2026-10-06 16:31:31.898,8.5101e-11,Torr,12.small_stm_window_2,12.small_stm_window_2/MassSpecData-02115-20261006-163103.csv,6.751933333333333
2026-10-06 16:31:32.106,8.9127e-11,Torr,12.small_stm_window_2,12.small_stm_window_2/MassSpecData-02115-20261006-163103.csv,6.7554
2026-10-06 16:31:32.314,8.1688e-11,Torr,12.small_stm_window_2,12.small_stm_window_2/MassSpecData-02115-20261006-163103.csv,6.758866666666666
2026-10-06 16:31:32.523,8.9074e-11,Torr,12.small_stm_window_2,12.small_stm_window_2/MassSpecData-02115-20261006-163103.csv,6.76235
2026-10-06 16:31:32.731,9.497e-11,Torr,12.small_stm_window_2,12.small_stm_window_2/MassSpecData-02115-20261006-163103.csv,6.765816666666667
2026-10-06 16:31:32.939,7.4627e-11,Torr,12.small_stm_window_2,12.small_stm_window_2/MassSpecData-02115-20261006-163103.csv,6.769283333333333
2026-10-06 16:31:33.148,8.9555e-11,Torr,12.small_stm_window_2,12.small_stm_window_2/MassSpecData-02115-20261006-163103.csv,6.772766666666667
2026-10-06 16:31:33.356,7.594e-11,Torr,12.small_stm_window_2,12.small_stm_window_2/MassSpecData-02115-20261006-163103.csv,6.776233333333334
2026-10-06 16:31:33.564,8.668e-11,Torr,12.small_stm_window_2,12.small_stm_window_2/MassSpecData-02115-20261006-163103.csv,6.7797
2026-10-06 16:31:33.773,7.8996e-11,Torr,12.small_stm_window_2,12.small_stm_window_2/MassSpecData-02115-20261006-163103.csv,6.783183333333333
2026-10-06 16:31:33.981,9.1548e-11,Torr,12.small_stm_window_2,12.small_stm_window_2/MassSpecData-02115-20261006-163103.csv,6.78665
2026-10-06 16:31:34.189,1.0363e-10,Torr,12.small_stm_window_2,12.small_stm_window_2/MassSpecData-02115-20261006-163103.csv,6.790116666666666
2026-10-06 16:31:34.398,8.9722e-11,Torr,12.small_stm_window_2,12.small_stm_window_2/MassSpecData-02115-20261006-163103.csv,6.7936
2026-10-06 16:31:34.606,9.8958e-11,Torr,12.small_stm_window_2,12.small_stm_window_2/MassSpecData-02115-20261006-163103.csv,6.797066666666667
2026-10-06 16:31:34.814,8.3146e-11,Torr,12.small_stm_window_2,12.small_stm_window_2/MassSpecData-02115-20261006-163103.csv,6.800533333333333
2026-10-06 16:31:35.023,9.7781e-11,Torr,12.small_stm_window_2,12.small_stm_window_2/MassSpecData-02115-20261006-163103.csv,6.804016666666667
2026-10-06 16:31:35.231,1.1066e-10,Torr,12.small_stm_window_2,12.small_stm_window_2/MassSpecData-02115-20261006-163103.csv,6.807483333333334
2026-10-06 16:31:35.439,8.989e-11,Torr,12.small_stm_window_2,12.small_stm_window_2/MassSpecData-02115-20261006-163103.csv,6.81095
2026-10-06 16:31:35.648,9.5215e-11,Torr,12.small_stm_window_2,12.small_stm_window_2/MassSpecData-02115-20261006-163103.csv,6.814433333333333
2026-10-06 16:31:35.856,8.1706e-11,Torr,12.small_stm_window_2,12.small_stm_window_2/MassSpecData-02115-20261006-163103.csv,6.8179
2026-10-06 16:31:36.064,9.6596e-11,Torr,12.small_stm_window_2,12.small_stm_window_2/MassSpecData-02115-20261006-163103.csv,6.821366666666666
2026-10-06 16:31:36.273,9.329e-11,Torr,12.small_stm_window_2,12.small_stm_window_2/MassSpecData-02115-20261006-163103.csv,6.82485
2026-10-06 16:31:36.481,8.4821e-11,Torr,12.small_stm_window_2,12.small_stm_window_2/MassSpecData-02115-20261006-163103.csv,6.828316666666667
2026-10-06 16:31:36.689,1.1208e-10,Torr,12.small_stm_window_2,12.small_stm_window_2/MassSpecData-02115-20261006-163103.csv,6.831783333333333
2026-10-06 16:31:36.898,7.2096e-11,Torr,12.small_stm_window_2,12.small_stm_window_2/MassSpecData-02115-20261006-163103.csv,6.835266666666667
2026-10-06 16:31:37.106,8.908e-11,Torr,12.small_stm_window_2,12.small_stm_window_2/MassSpecData-02115-20261006-163103.csv,6.838733333333334
2026-10-06 16:31:37.314,8.3943e-11,Torr,12.small_stm_window_2,12.small_stm_window_2/MassSpecData-02115-20261006-163103.csv,6.8422
2026-10-06 16:31:37.523,6.664e-11,Torr,12.small_stm_window_2,12.small_stm_window_2/MassSpecData-02115-20261006-163103.csv,6.845683333333333
2026-10-06 16:31:37.731,7.2575e-11,Torr,12.small_stm_window_2,12.small_stm_window_2/MassSpecData-02115-20261006-163103.csv,6.84915
2026-10-06 16:31:37.939,7.201e-11,Torr,12.small_stm_window_2,12.small_stm_window_2/MassSpecData-02115-20261006-163103.csv,6.852616666666666
2026-10-06 16:31:38.148,8.1007e-11,Torr,12.small_stm_window_2,12.small_stm_window_2/MassSpecData-02115-20261006-163103.csv,6.8561
2026-10-06 16:31:38.356,8.5553e-11,Torr,12.small_stm_window_2,12.small_stm_window_2/MassSpecData-02115-20261006-163103.csv,6.859566666666667
2026-10-06 16:31:38.564,7.673e-11,Torr,12.small_stm_window_2,12.small_stm_window_2/MassSpecData-02115-20261006-163103.csv,6.863033333333333
2026-10-06 16:31:38.773,9.0222e-11,Torr,12.small_stm_window_2,12.small_stm_window_2/MassSpecData-02115-20261006-163103.csv,6.866516666666667
2026-10-06 16:31:38.981,8.1422e-11,Torr,12.small_stm_window_2,12.small_stm_window_2/MassSpecData-02115-20261006-163103.csv,6.869983333333334
2026-10-06 16:31:39.189,8.2845e-11,Torr,12.small_stm_window_2,12.small_stm_window_2/MassSpecData-02115-20261006-163103.csv,6.87345
2026-10-06 16:31:39.398,7.9576e-11,Torr,12.small_stm_window_2,12.small_stm_window_2/MassSpecData-02115-20261006-163103.csv,6.876933333333333
2026-10-06 16:31:39.606,7.9612e-11,Torr,12.small_stm_window_2,12.small_stm_window_2/MassSpecData-02115-20261006-163103.csv,6.8804
2026-10-06 16:31:39.814,8.4443e-11,Torr,12.small_stm_window_2,12.small_stm_window_2/MassSpecData-02115-20261006-163103.csv,6.883866666666666
2026-10-06 16:31:40.023,9.0362e-11,Torr,12.small_stm_window_2,12.small_stm_window_2/MassSpecData-02115-20261006-163103.csv,6.88735
2026-10-06 16:31:40.231,8.0485e-11,Torr,12.small_stm_window_2,12.small_stm_window_2/MassSpecData-02115-20261006-163103.csv,6.890816666666667
2026-10-06 16:31:40.439,7.9352e-11,Torr,12.small_stm_window_2,12.small_stm_window_2/MassSpecData-02115-20261006-163103.csv,6.894283333333333
2026-10-06 16:31:40.648,8.4483e-11,Torr,12.small_stm_window_2,12.small_stm_window_2/MassSpecData-02115-20261006-163103.csv,6.897766666666667
2026-10-06 16:31:40.856,8.8425e-11,Torr,12.small_stm_window_2,12.small_stm_window_2/MassSpecData-02115-20261006-163103.csv,6.901233333333334
2026-10-06 16:31:41.065,8.646e-11,Torr,12.small_stm_window_2,12.small_stm_window_2/MassSpecData-02115-20261006-163103.csv,6.904716666666667
2026-10-06 16:31:41.273,7.6319e-11,Torr,12.small_stm_window_2,12.small_stm_window_2/MassSpecData-02115-20261006-163103.csv,6.908183333333333
2026-10-06 16:31:41.481,8.4715e-11,Torr,12.small_stm_window_2,12.small_stm_window_2/MassSpecData-02115-20261006-163103.csv,6.91165
2026-10-06 16:31:41.690,8.6848e-11,Torr,12.small_stm_window_2,12.small_stm_window_2/MassSpecData-02115-20261006-163103.csv,6.915133333333333
2026-10-06 16:31:41.898,7.0013e-11,Torr,12.small_stm_window_2,12.small_stm_window_2/MassSpecData-02115-20261006-163103.csv,6.9186
2026-10-06 16:31:42.106,8.2111e-11,Torr,12.small_stm_window_2,12.small_stm_window_2/MassSpecData-02115-20261006-163103.csv,6.922066666666667
2026-10-06 16:31:42.315,9.0129e-11,Torr,12.small_stm_window_2,12.small_stm_window_2/MassSpecData-02115-20261006-163103.csv,6.92555
2026-10-06 16:31:42.523,8.3437e-11,Torr,12.small_stm_window_2,12.small_stm_window_2/MassSpecData-02115-20261006-163103.csv,6.929016666666667
2026-10-06 16:31:42.731,8.6971e-11,Torr,12.small_stm_window_2,12.small_stm_window_2/MassSpecData-02115-20261006-163103.csv,6.932483333333334
2026-10-06 16:31:42.940,9.1324e-11,Torr,12.small_stm_window_2,12.small_stm_window_2/MassSpecData-02115-20261006-163103.csv,6.935966666666667
2026-10-06 16:31:43.148,7.2496e-11,Torr,12.small_stm_window_2,12.small_stm_window_2/MassSpecData-02115-20261006-163103.csv,6.939433333333333
2026-10-06 16:31:43.356,7.5986e-11,Torr,12.small_stm_window_2,12.small_stm_window_2/MassSpecData-02115-20261006-163103.csv,6.9429
2026-10-06 16:31:43.565,7.3257e-11,Torr,12.small_stm_window_2,12.small_stm_window_2/MassSpecData-02115-20261006-163103.csv,6.946383333333333
2026-10-06 16:31:43.773,9.0659e-11,Torr,12.small_stm_window_2,12.small_stm_window_2/MassSpecData-02115-20261006-163103.csv,6.94985
2026-10-06 16:31:43.981,9.4327e-11,Torr,12.small_stm_window_2,12.small_stm_window_2/MassSpecData-02115-20261006-163103.csv,6.953316666666667
2026-10-06 16:31:44.190,8.1856e-11,Torr,12.small_stm_window_2,12.small_stm_window_2/MassSpecData-02115-20261006-163103.csv,6.9568
2026-10-06 16:31:44.398,6.8376e-11,Torr,12.small_stm_window_2,12.small_stm_window_2/MassSpecData-02115-20261006-163103.csv,6.960266666666667
2026-10-06 16:31:44.606,9.3245e-11,Torr,12.small_stm_window_2,12.small_stm_window_2/MassSpecData-02115-20261006-163103.csv,6.963733333333334
2026-10-06 16:31:44.876,7.4182e-11,Torr,12.small_stm_window_2,12.small_stm_window_2/MassSpecData-02115-20261006-163144.csv,6.968233333333333
2026-10-06 16:31:45.084,8.7664e-11,Torr,12.small_stm_window_2,12.small_stm_window_2/MassSpecData-02115-20261006-163144.csv,6.9717
2026-10-06 16:31:45.293,8.1914e-11,Torr,12.small_stm_window_2,12.small_stm_window_2/MassSpecData-02115-20261006-163144.csv,6.975183333333334
2026-10-06 16:31:45.501,9.5118e-11,Torr,12.small_stm_window_2,12.small_stm_window_2/MassSpecData-02115-20261006-163144.csv,6.97865
2026-10-06 16:31:45.709,8.7431e-11,Torr,12.small_stm_window_2,12.small_stm_window_2/MassSpecData-02115-20261006-163144.csv,6.982116666666667
2026-10-06 16:31:45.918,8.7086e-11,Torr,12.small_stm_window_2,12.small_stm_window_2/MassSpecData-02115-20261006-163144.csv,6.985600000000001
2026-10-06 16:31:46.126,9.1096e-11,Torr,12.small_stm_window_2,12.small_stm_window_2/MassSpecData-02115-20261006-163144.csv,6.989066666666667
2026-10-06 16:31:46.334,7.6284e-11,Torr,12.small_stm_window_2,12.small_stm_window_2/MassSpecData-02115-20261006-163144.csv,6.992533333333333
2026-10-06 16:31:46.542,8.9549e-11,Torr,12.small_stm_window_2,12.small_stm_window_2/MassSpecData-02115-20261006-163144.csv,6.9959999999999996
2026-10-06 16:31:46.751,8.915e-11,Torr,12.small_stm_window_2,12.small_stm_window_2/MassSpecData-02115-20261006-163144.csv,6.999483333333333
2026-10-06 16:31:46.959,7.6865e-11,Torr,12.small_stm_window_2,12.small_stm_window_2/MassSpecData-02115-20261006-163144.csv,7.00295
2026-10-06 16:31:47.168,8.0823e-11,Torr,12.small_stm_window_2,12.small_stm_window_2/MassSpecData-02115-20261006-163144.csv,7.006433333333334
2026-10-06 16:31:47.376,8.2931e-11,Torr,12.small_stm_window_2,12.small_stm_window_2/MassSpecData-02115-20261006-163144.csv,7.0099
2026-10-06 16:31:47.584,9.8323e-11,Torr,12.small_stm_window_2,12.small_stm_window_2/MassSpecData-02115-20261006-163144.csv,7.013366666666667
2026-10-06 16:31:47.793,7.2093e-11,Torr,12.small_stm_window_2,12.small_stm_window_2/MassSpecData-02115-20261006-163144.csv,7.016850000000001
2026-10-06 16:31:48.001,8.0675e-11,Torr,12.small_stm_window_2,12.small_stm_window_2/MassSpecData-02115-20261006-163144.csv,7.020316666666667
2026-10-06 16:31:48.209,9.5918e-11,Torr,12.small_stm_window_2,12.small_stm_window_2/MassSpecData-02115-20261006-163144.csv,7.023783333333333
2026-10-06 16:31:48.418,8.7298e-11,Torr,12.small_stm_window_2,12.small_stm_window_2/MassSpecData-02115-20261006-163144.csv,7.027266666666667
2026-10-06 16:31:48.626,7.4851e-11,Torr,12.small_stm_window_2,12.small_stm_window_2/MassSpecData-02115-20261006-163144.csv,7.030733333333333
2026-10-06 16:31:48.834,8.2359e-11,Torr,12.small_stm_window_2,12.small_stm_window_2/MassSpecData-02115-20261006-163144.csv,7.0342
2026-10-06 16:31:49.043,9.2561e-11,Torr,12.small_stm_window_2,12.small_stm_window_2/MassSpecData-02115-20261006-163144.csv,7.037683333333334
2026-10-06 16:31:49.251,6.8102e-11,Torr,12.small_stm_window_2,12.small_stm_window_2/MassSpecData-02115-20261006-163144.csv,7.04115
2026-10-06 16:31:49.459,8.5191e-11,Torr,12.small_stm_window_2,12.small_stm_window_2/MassSpecData-02115-20261006-163144.csv,7.044616666666667
2026-10-06 16:31:49.668,9.0484e-11,Torr,12.small_stm_window_2,12.small_stm_window_2/MassSpecData-02115-20261006-163144.csv,7.048100000000001
2026-10-06 16:31:49.876,9.4186e-11,Torr,12.small_stm_window_2,12.small_stm_window_2/MassSpecData-02115-20261006-163144.csv,7.051566666666667
2026-10-06 16:31:50.084,8.3167e-11,Torr,12.small_stm_window_2,12.small_stm_window_2/MassSpecData-02115-20261006-163144.csv,7.055033333333333
2026-10-06 16:31:50.292,8.7738e-11,Torr,12.small_stm_window_2,12.small_stm_window_2/MassSpecData-02115-20261006-163144.csv,7.0584999999999996
2026-10-06 16:31:50.501,9.5864e-11,Torr,12.small_stm_window_2,12.small_stm_window_2/MassSpecData-02115-20261006-163144.csv,7.061983333333333
2026-10-06 16:31:50.709,8.6534e-11,Torr,12.small_stm_window_2,12.small_stm_window_2/MassSpecData-02115-20261006-163144.csv,7.06545
2026-10-06 16:31:50.917,7.3522e-11,Torr,12.small_stm_window_2,12.small_stm_window_2/MassSpecData-02115-20261006-163144.csv,7.0689166666666665
2026-10-06 16:31:51.126,8.0746e-11,Torr,12.small_stm_window_2,12.small_stm_window_2/MassSpecData-02115-20261006-163144.csv,7.0724
2026-10-06 16:31:51.334,7.5946e-11,Torr,12.small_stm_window_2,12.small_stm_window_2/MassSpecData-02115-20261006-163144.csv,7.075866666666667
2026-10-06 16:31:51.542,7.4738e-11,Torr,12.small_stm_window_2,12.small_stm_window_2/MassSpecData-02115-20261006-163144.csv,7.0793333333333335
2026-10-06 16:31:51.751,8.3056e-11,Torr,12.small_stm_window_2,12.small_stm_window_2/MassSpecData-02115-20261006-163144.csv,7.082816666666667
2026-10-06 16:31:51.959,8.299e-11,Torr,12.small_stm_window_2,12.small_stm_window_2/MassSpecData-02115-20261006-163144.csv,7.086283333333333
2026-10-06 16:31:52.167,8.1531e-11,Torr,12.small_stm_window_2,12.small_stm_window_2/MassSpecData-02115-20261006-163144.csv,7.0897499999999996
2026-10-06 16:31:52.376,8.279e-11,Torr,12.small_stm_window_2,12.small_stm_window_2/MassSpecData-02115-20261006-163144.csv,7.093233333333333
2026-10-06 16:31:52.584,9.3291e-11,Torr,12.small_stm_window_2,12.small_stm_window_2/MassSpecData-02115-20261006-163144.csv,7.0967
2026-10-06 16:31:52.792,6.8737e-11,Torr,12.small_stm_window_2,12.small_stm_window_2/MassSpecData-02115-20261006-163144.csv,7.1001666666666665
2026-10-06 16:31:53.001,7.7393e-11,Torr,12.small_stm_window_2,12.small_stm_window_2/MassSpecData-02115-20261006-163144.csv,7.10365
2026-10-06 16:31:53.209,9.0369e-11,Torr,12.small_stm_window_2,12.small_stm_window_2/MassSpecData-02115-20261006-163144.csv,7.107116666666667
2026-10-06 16:31:53.417,9.1681e-11,Torr,12.small_stm_window_2,12.small_stm_window_2/MassSpecData-02115-20261006-163144.csv,7.1105833333333335
2026-10-06 16:31:53.626,8.4976e-11,Torr,12.small_stm_window_2,12.small_stm_window_2/MassSpecData-02115-20261006-163144.csv,7.114066666666667
2026-10-06 16:31:53.834,9.5776e-11,Torr,12.small_stm_window_2,12.small_stm_window_2/MassSpecData-02115-20261006-163144.csv,7.117533333333333
2026-10-06 16:31:54.043,9.1669e-11,Torr,12.small_stm_window_2,12.small_stm_window_2/MassSpecData-02115-20261006-163144.csv,7.121016666666667
2026-10-06 16:31:54.251,7.8665e-11,Torr,12.small_stm_window_2,12.small_stm_window_2/MassSpecData-02115-20261006-163144.csv,7.124483333333333
2026-10-06 16:31:54.459,7.9131e-11,Torr,12.small_stm_window_2,12.small_stm_window_2/MassSpecData-02115-20261006-163144.csv,7.12795
2026-10-06 16:31:54.668,6.8822e-11,Torr,12.small_stm_window_2,12.small_stm_window_2/MassSpecData-02115-20261006-163144.csv,7.131433333333334
2026-10-06 16:31:54.876,8.6872e-11,Torr,12.small_stm_window_2,12.small_stm_window_2/MassSpecData-02115-20261006-163144.csv,7.1349
2026-10-06 16:31:55.084,8.755e-11,Torr,12.small_stm_window_2,12.small_stm_window_2/MassSpecData-02115-20261006-163144.csv,7.138366666666667
2026-10-06 16:31:55.293,7.3496e-11,Torr,12.small_stm_window_2,12.small_stm_window_2/MassSpecData-02115-20261006-163144.csv,7.141850000000001
2026-10-06 16:31:55.501,8.1448e-11,Torr,12.small_stm_window_2,12.small_stm_window_2/MassSpecData-02115-20261006-163144.csv,7.145316666666667
2026-10-06 16:31:55.709,9.6335e-11,Torr,12.small_stm_window_2,12.small_stm_window_2/MassSpecData-02115-20261006-163144.csv,7.148783333333333
2026-10-06 16:31:55.918,7.8382e-11,Torr,12.small_stm_window_2,12.small_stm_window_2/MassSpecData-02115-20261006-163144.csv,7.152266666666667
2026-10-06 16:31:56.126,7.1316e-11,Torr,12.small_stm_window_2,12.small_stm_window_2/MassSpecData-02115-20261006-163144.csv,7.155733333333333
2026-10-06 16:31:56.334,9.4886e-11,Torr,12.small_stm_window_2,12.small_stm_window_2/MassSpecData-02115-20261006-163144.csv,7.1592
2026-10-06 16:31:56.543,9.8654e-11,Torr,12.small_stm_window_2,12.small_stm_window_2/MassSpecData-02115-20261006-163144.csv,7.162683333333334
2026-10-06 16:31:56.751,8.1063e-11,Torr,12.small_stm_window_2,12.small_stm_window_2/MassSpecData-02115-20261006-163144.csv,7.16615
2026-10-06 16:31:56.959,8.5242e-11,Torr,12.small_stm_window_2,12.small_stm_window_2/MassSpecData-02115-20261006-163144.csv,7.169616666666667
2026-10-06 16:31:57.168,8.0771e-11,Torr,12.small_stm_window_2,12.small_stm_window_2/MassSpecData-02115-20261006-163144.csv,7.173100000000001
2026-10-06 16:31:57.376,8.5737e-11,Torr,12.small_stm_window_2,12.small_stm_window_2/MassSpecData-02115-20261006-163144.csv,7.176566666666667
2026-10-06 16:31:57.584,8.8975e-11,Torr,12.small_stm_window_2,12.small_stm_window_2/MassSpecData-02115-20261006-163144.csv,7.180033333333333
2026-10-06 16:31:57.793,8.0582e-11,Torr,12.small_stm_window_2,12.small_stm_window_2/MassSpecData-02115-20261006-163144.csv,7.183516666666667
2026-10-06 16:31:58.001,8.9013e-11,Torr,12.small_stm_window_2,12.small_stm_window_2/MassSpecData-02115-20261006-163144.csv,7.186983333333333
2026-10-06 16:31:58.209,8.782e-11,Torr,12.small_stm_window_2,12.small_stm_window_2/MassSpecData-02115-20261006-163144.csv,7.19045
2026-10-06 16:31:58.418,8.698e-11,Torr,12.small_stm_window_2,12.small_stm_window_2/MassSpecData-02115-20261006-163144.csv,7.193933333333334
2026-10-06 16:31:58.626,8.3432e-11,Torr,12.small_stm_window_2,12.small_stm_window_2/MassSpecData-02115-20261006-163144.csv,7.1974
2026-10-06 16:31:58.834,8.3956e-11,Torr,12.small_stm_window_2,12.small_stm_window_2/MassSpecData-02115-20261006-163144.csv,7.200866666666667
2026-10-06 16:31:59.043,7.7485e-11,Torr,12.small_stm_window_2,12.small_stm_window_2/MassSpecData-02115-20261006-163144.csv,7.204350000000001
2026-10-06 16:31:59.251,8.6407e-11,Torr,12.small_stm_window_2,12.small_stm_window_2/MassSpecData-02115-20261006-163144.csv,7.207816666666667
2026-10-06 16:31:59.459,8.8851e-11,Torr,12.small_stm_window_2,12.small_stm_window_2/MassSpecData-02115-20261006-163144.csv,7.211283333333333
2026-10-06 16:31:59.668,7.5068e-11,Torr,12.small_stm_window_2,12.small_stm_window_2/MassSpecData-02115-20261006-163144.csv,7.214766666666667
2026-10-06 16:31:59.876,8.3174e-11,Torr,12.small_stm_window_2,12.small_stm_window_2/MassSpecData-02115-20261006-163144.csv,7.218233333333333
2026-10-06 16:32:00.084,7.4543e-11,Torr,12.small_stm_window_2,12.small_stm_window_2/MassSpecData-02115-20261006-163144.csv,7.2217
2026-10-06 16:32:00.293,9.1866e-11,Torr,12.small_stm_window_2,12.small_stm_window_2/MassSpecData-02115-20261006-163144.csv,7.225183333333334
2026-10-06 16:32:00.501,8.622e-11,Torr,12.small_stm_window_2,12.small_stm_window_2/MassSpecData-02115-20261006-163144.csv,7.22865
2026-10-06 16:32:00.709,8.0033e-11,Torr,12.small_stm_window_2,12.small_stm_window_2/MassSpecData-02115-20261006-163144.csv,7.232116666666667
2026-10-06 16:32:00.918,8.1545e-11,Torr,12.small_stm_window_2,12.small_stm_window_2/MassSpecData-02115-20261006-163144.csv,7.235600000000001
2026-10-06 16:32:01.126,8.7701e-11,Torr,12.small_stm_window_2,12.small_stm_window_2/MassSpecData-02115-20261006-163144.csv,7.239066666666667
2026-10-06 16:32:01.334,8.7485e-11,Torr,12.small_stm_window_2,12.small_stm_window_2/MassSpecData-02115-20261006-163144.csv,7.242533333333333
2026-10-06 16:32:01.543,8.6985e-11,Torr,12.small_stm_window_2,12.small_stm_window_2/MassSpecData-02115-20261006-163144.csv,7.246016666666667
2026-10-06 16:32:01.751,9.3101e-11,Torr,12.small_stm_window_2,12.small_stm_window_2/MassSpecData-02115-20261006-163144.csv,7.249483333333333
2026-10-06 16:32:01.959,8.389e-11,Torr,12.small_stm_window_2,12.small_stm_window_2/MassSpecData-02115-20261006-163144.csv,7.25295
2026-10-06 16:32:02.168,7.4399e-11,Torr,12.small_stm_window_2,12.small_stm_window_2/MassSpecData-02115-20261006-163144.csv,7.256433333333334
2026-10-06 16:32:02.376,9.5312e-11,Torr,12.small_stm_window_2,12.small_stm_window_2/MassSpecData-02115-20261006-163144.csv,7.2599
2026-10-06 16:32:02.584,8.0435e-11,Torr,12.small_stm_window_2,12.small_stm_window_2/MassSpecData-02115-20261006-163144.csv,7.263366666666667
2026-10-06 16:32:02.793,9.728e-11,Torr,12.small_stm_window_2,12.small_stm_window_2/MassSpecData-02115-20261006-163144.csv,7.266850000000001
2026-10-06 16:32:03.001,8.3341e-11,Torr,12.small_stm_window_2,12.small_stm_window_2/MassSpecData-02115-20261006-163144.csv,7.270316666666667
2026-10-06 16:32:03.209,8.1773e-11,Torr,12.small_stm_window_2,12.small_stm_window_2/MassSpecData-02115-20261006-163144.csv,7.273783333333333
2026-10-06 16:32:03.418,8.7709e-11,Torr,12.small_stm_window_2,12.small_stm_window_2/MassSpecData-02115-20261006-163144.csv,7.277266666666667
2026-10-06 16:32:03.626,9.7867e-11,Torr,12.small_stm_window_2,12.small_stm_window_2/MassSpecData-02115-20261006-163144.csv,7.280733333333333
2026-10-06 16:32:03.834,8.3556e-11,Torr,12.small_stm_window_2,12.small_stm_window_2/MassSpecData-02115-20261006-163144.csv,7.2842
2026-10-06 16:32:04.043,6.0085e-11,Torr,12.small_stm_window_2,12.small_stm_window_2/MassSpecData-02115-20261006-163144.csv,7.287683333333334
2026-10-06 16:32:04.251,8.7077e-11,Torr,12.small_stm_window_2,12.small_stm_window_2/MassSpecData-02115-20261006-163144.csv,7.29115
2026-10-06 16:32:04.459,7.7969e-11,Torr,12.small_stm_window_2,12.small_stm_window_2/MassSpecData-02115-20261006-163144.csv,7.294616666666667
2026-10-06 16:32:04.667,7.5518e-11,Torr,12.small_stm_window_2,12.small_stm_window_2/MassSpecData-02115-20261006-163144.csv,7.2980833333333335
2026-10-06 16:32:04.876,7.276e-11,Torr,12.small_stm_window_2,12.small_stm_window_2/MassSpecData-02115-20261006-163144.csv,7.301566666666667
2026-10-06 16:32:05.084,8.2334e-11,Torr,12.small_stm_window_2,12.small_stm_window_2/MassSpecData-02115-20261006-163144.csv,7.305033333333333
2026-10-06 16:32:05.292,8.4326e-11,Torr,12.small_stm_window_2,12.small_stm_window_2/MassSpecData-02115-20261006-163144.csv,7.3084999999999996
2026-10-06 16:32:05.501,9.1416e-11,Torr,12.small_stm_window_2,12.small_stm_window_2/MassSpecData-02115-20261006-163144.csv,7.311983333333333
2026-10-06 16:32:05.709,7.4265e-11,Torr,12.small_stm_window_2,12.small_stm_window_2/MassSpecData-02115-20261006-163144.csv,7.31545
2026-10-06 16:32:05.917,8.1357e-11,Torr,12.small_stm_window_2,12.small_stm_window_2/MassSpecData-02115-20261006-163144.csv,7.3189166666666665
2026-10-06 16:32:06.126,9.5723e-11,Torr,12.small_stm_window_2,12.small_stm_window_2/MassSpecData-02115-20261006-163144.csv,7.3224
2026-10-06 16:32:06.334,8.7971e-11,Torr,12.small_stm_window_2,12.small_stm_window_2/MassSpecData-02115-20261006-163144.csv,7.325866666666667
2026-10-06 16:32:06.542,8.3861e-11,Torr,12.small_stm_window_2,12.small_stm_window_2/MassSpecData-02115-20261006-163144.csv,7.3293333333333335
2026-10-06 16:32:06.751,8.5201e-11,Torr,12.small_stm_window_2,12.small_stm_window_2/MassSpecData-02115-20261006-163144.csv,7.332816666666667
2026-10-06 16:32:06.959,7.9509e-11,Torr,12.small_stm_window_2,12.small_stm_window_2/MassSpecData-02115-20261006-163144.csv,7.336283333333333
2026-10-06 16:32:07.167,7.4234e-11,Torr,12.small_stm_window_2,12.small_stm_window_2/MassSpecData-02115-20261006-163144.csv,7.3397499999999996
2026-10-06 16:32:07.376,9.9838e-11,Torr,12.small_stm_window_2,12.small_stm_window_2/MassSpecData-02115-20261006-163144.csv,7.343233333333333
2026-10-06 16:32:07.584,9.2075e-11,Torr,12.small_stm_window_2,12.small_stm_window_2/MassSpecData-02115-20261006-163144.csv,7.3467
2026-10-06 16:32:07.792,9.3598e-11,Torr,12.small_stm_window_2,12.small_stm_window_2/MassSpecData-02115-20261006-163144.csv,7.3501666666666665
2026-10-06 16:32:08.001,8.4141e-11,Torr,12.small_stm_window_2,12.small_stm_window_2/MassSpecData-02115-20261006-163144.csv,7.35365
2026-10-06 16:32:08.209,9.6199e-11,Torr,12.small_stm_window_2,12.small_stm_window_2/MassSpecData-02115-20261006-163144.csv,7.357116666666667
2026-10-06 16:32:08.417,8.4496e-11,Torr,12.small_stm_window_2,12.small_stm_window_2/MassSpecData-02115-20261006-163144.csv,7.3605833333333335
2026-10-06 16:32:08.626,8.4732e-11,Torr,12.small_stm_window_2,12.small_stm_window_2/MassSpecData-02115-20261006-163144.csv,7.364066666666667
2026-10-06 16:32:08.834,7.9373e-11,Torr,12.small_stm_window_2,12.small_stm_window_2/MassSpecData-02115-20261006-163144.csv,7.367533333333333
2026-10-06 16:32:09.042,9.1241e-11,Torr,12.small_stm_window_2,12.small_stm_window_2/MassSpecData-02115-20261006-163144.csv,7.3709999999999996
2026-10-06 16:32:09.251,9.9826e-11,Torr,12.small_stm_window_2,12.small_stm_window_2/MassSpecData-02115-20261006-163144.csv,7.374483333333333
2026-10-06 16:32:09.459,6.731e-11,Torr,12.small_stm_window_2,12.small_stm_window_2/MassSpecData-02115-20261006-163144.csv,7.37795
2026-10-06 16:32:09.667,7.7075e-11,Torr,12.small_stm_window_2,12.small_stm_window_2/MassSpecData-02115-20261006-163144.csv,7.3814166666666665
2026-10-06 16:32:09.876,8.7139e-11,Torr,12.small_stm_window_2,12.small_stm_window_2/MassSpecData-02115-20261006-163144.csv,7.3849
2026-10-06 16:32:10.084,8.8633e-11,Torr,12.small_stm_window_2,12.small_stm_window_2/MassSpecData-02115-20261006-163144.csv,7.388366666666667
2026-10-06 16:32:10.292,8.7534e-11,Torr,12.small_stm_window_2,12.small_stm_window_2/MassSpecData-02115-20261006-163144.csv,7.3918333333333335
2026-10-06 16:32:10.501,7.2634e-11,Torr,12.small_stm_window_2,12.small_stm_window_2/MassSpecData-02115-20261006-163144.csv,7.395316666666667
2026-10-06 16:32:10.709,7.5756e-11,Torr,12.small_stm_window_2,12.small_stm_window_2/MassSpecData-02115-20261006-163144.csv,7.398783333333333
2026-10-06 16:32:10.917,8.292e-11,Torr,12.small_stm_window_2,12.small_stm_window_2/MassSpecData-02115-20261006-163144.csv,7.4022499999999996
2026-10-06 16:32:11.126,9.3381e-11,Torr,12.small_stm_window_2,12.small_stm_window_2/MassSpecData-02115-20261006-163144.csv,7.405733333333333
2026-10-06 16:32:11.334,9.3801e-11,Torr,12.small_stm_window_2,12.small_stm_window_2/MassSpecData-02115-20261006-163144.csv,7.4092
2026-10-06 16:32:11.542,7.6733e-11,Torr,12.small_stm_window_2,12.small_stm_window_2/MassSpecData-02115-20261006-163144.csv,7.4126666666666665
2026-10-06 16:32:11.751,7.5116e-11,Torr,12.small_stm_window_2,12.small_stm_window_2/MassSpecData-02115-20261006-163144.csv,7.41615
2026-10-06 16:32:11.959,8.5249e-11,Torr,12.small_stm_window_2,12.small_stm_window_2/MassSpecData-02115-20261006-163144.csv,7.419616666666667
2026-10-06 16:32:12.167,8.0603e-11,Torr,12.small_stm_window_2,12.small_stm_window_2/MassSpecData-02115-20261006-163144.csv,7.4230833333333335
2026-10-06 16:32:12.376,7.2955e-11,Torr,12.small_stm_window_2,12.small_stm_window_2/MassSpecData-02115-20261006-163144.csv,7.426566666666667
2026-10-06 16:32:12.584,8.6284e-11,Torr,12.small_stm_window_2,12.small_stm_window_2/MassSpecData-02115-20261006-163144.csv,7.430033333333333
2026-10-06 16:32:12.792,7.8222e-11,Torr,12.small_stm_window_2,12.small_stm_window_2/MassSpecData-02115-20261006-163144.csv,7.4334999999999996
2026-10-06 16:32:13.001,8.471e-11,Torr,12.small_stm_window_2,12.small_stm_window_2/MassSpecData-02115-20261006-163144.csv,7.436983333333333
2026-10-06 16:32:13.209,8.9219e-11,Torr,12.small_stm_window_2,12.small_stm_window_2/MassSpecData-02115-20261006-163144.csv,7.44045
2026-10-06 16:32:13.417,8.0633e-11,Torr,12.small_stm_window_2,12.small_stm_window_2/MassSpecData-02115-20261006-163144.csv,7.4439166666666665
2026-10-06 16:32:13.626,9.3402e-11,Torr,12.small_stm_window_2,12.small_stm_window_2/MassSpecData-02115-20261006-163144.csv,7.4474
2026-10-06 16:32:13.834,7.9048e-11,Torr,12.small_stm_window_2,12.small_stm_window_2/MassSpecData-02115-20261006-163144.csv,7.450866666666667
2026-10-06 16:32:14.042,7.9537e-11,Torr,12.small_stm_window_2,12.small_stm_window_2/MassSpecData-02115-20261006-163144.csv,7.4543333333333335
2026-10-06 16:32:14.251,8.3987e-11,Torr,12.small_stm_window_2,12.small_stm_window_2/MassSpecData-02115-20261006-163144.csv,7.457816666666667
2026-10-06 16:32:14.459,8.3113e-11,Torr,12.small_stm_window_2,12.small_stm_window_2/MassSpecData-02115-20261006-163144.csv,7.461283333333333
2026-10-06 16:32:14.667,1.0085e-10,Torr,12.small_stm_window_2,12.small_stm_window_2/MassSpecData-02115-20261006-163144.csv,7.4647499999999996
2026-10-06 16:32:14.876,8.4145e-11,Torr,12.small_stm_window_2,12.small_stm_window_2/MassSpecData-02115-20261006-163144.csv,7.468233333333333
2026-10-06 16:32:15.084,7.8154e-11,Torr,12.small_stm_window_2,12.small_stm_window_2/MassSpecData-02115-20261006-163144.csv,7.4717
2026-10-06 16:32:15.292,8.9378e-11,Torr,12.small_stm_window_2,12.small_stm_window_2/MassSpecData-02115-20261006-163144.csv,7.4751666666666665
2026-10-06 16:32:15.501,7.2576e-11,Torr,12.small_stm_window_2,12.small_stm_window_2/MassSpecData-02115-20261006-163144.csv,7.47865
2026-10-06 16:32:15.709,9.0154e-11,Torr,12.small_stm_window_2,12.small_stm_window_2/MassSpecData-02115-20261006-163144.csv,7.482116666666667
2026-10-06 16:32:15.917,9.4534e-11,Torr,12.small_stm_window_2,12.small_stm_window_2/MassSpecData-02115-20261006-163144.csv,7.4855833333333335
2026-10-06 16:32:16.126,7.9468e-11,Torr,12.small_stm_window_2,12.small_stm_window_2/MassSpecData-02115-20261006-163144.csv,7.489066666666667
2026-10-06 16:32:16.334,9.978e-11,Torr,12.small_stm_window_2,12.small_stm_window_2/MassSpecData-02115-20261006-163144.csv,7.492533333333333
2026-10-06 16:32:16.542,7.9135e-11,Torr,12.small_stm_window_2,12.small_stm_window_2/MassSpecData-02115-20261006-163144.csv,7.4959999999999996
2026-10-06 16:32:16.751,9.3119e-11,Torr,12.small_stm_window_2,12.small_stm_window_2/MassSpecData-02115-20261006-163144.csv,7.499483333333333
2026-10-06 16:32:16.959,8.6839e-11,Torr,12.small_stm_window_2,12.small_stm_window_2/MassSpecData-02115-20261006-163144.csv,7.50295
2026-10-06 16:32:17.167,8.4589e-11,Torr,12.small_stm_window_2,12.small_stm_window_2/MassSpecData-02115-20261006-163144.csv,7.5064166666666665
2026-10-06 16:32:17.376,8.3665e-11,Torr,12.small_stm_window_2,12.small_stm_window_2/MassSpecData-02115-20261006-163144.csv,7.5099
2026-10-06 16:32:17.584,8.544e-11,Torr,12.small_stm_window_2,12.small_stm_window_2/MassSpecData-02115-20261006-163144.csv,7.513366666666667
2026-10-06 16:32:17.792,7.3514e-11,Torr,12.small_stm_window_2,12.small_stm_window_2/MassSpecData-02115-20261006-163144.csv,7.5168333333333335
2026-10-06 16:32:18.001,1.0729e-10,Torr,12.small_stm_window_2,12.small_stm_window_2/MassSpecData-02115-20261006-163144.csv,7.520316666666667
2026-10-06 16:32:18.209,8.141e-11,Torr,12.small_stm_window_2,12.small_stm_window_2/MassSpecData-02115-20261006-163144.csv,7.523783333333333
2026-10-06 16:32:18.417,9.0729e-11,Torr,12.small_stm_window_2,12.small_stm_window_2/MassSpecData-02115-20261006-163144.csv,7.5272499999999996
2026-10-06 16:32:18.626,7.8562e-11,Torr,12.small_stm_window_2,12.small_stm_window_2/MassSpecData-02115-20261006-163144.csv,7.530733333333333
2026-10-06 16:32:18.834,8.3609e-11,Torr,12.small_stm_window_2,12.small_stm_window_2/MassSpecData-02115-20261006-163144.csv,7.5342
2026-10-06 16:32:19.042,8.7733e-11,Torr,12.small_stm_window_2,12.small_stm_window_2/MassSpecData-02115-20261006-163144.csv,7.5376666666666665
2026-10-06 16:32:19.251,8.6004e-11,Torr,12.small_stm_window_2,12.small_stm_window_2/MassSpecData-02115-20261006-163144.csv,7.54115
2026-10-06 16:32:19.459,7.9326e-11,Torr,12.small_stm_window_2,12.small_stm_window_2/MassSpecData-02115-20261006-163144.csv,7.544616666666667
2026-10-06 16:32:19.667,8.421e-11,Torr,12.small_stm_window_2,12.small_stm_window_2/MassSpecData-02115-20261006-163144.csv,7.5480833333333335
2026-10-06 16:32:19.876,7.3841e-11,Torr,12.small_stm_window_2,12.small_stm_window_2/MassSpecData-02115-20261006-163144.csv,7.551566666666667
2026-10-06 16:32:20.084,7.0414e-11,Torr,12.small_stm_window_2,12.small_stm_window_2/MassSpecData-02115-20261006-163144.csv,7.555033333333333
2026-10-06 16:32:20.292,7.9898e-11,Torr,12.small_stm_window_2,12.small_stm_window_2/MassSpecData-02115-20261006-163144.csv,7.5584999999999996
2026-10-06 16:32:20.501,8.3133e-11,Torr,12.small_stm_window_2,12.small_stm_window_2/MassSpecData-02115-20261006-163144.csv,7.561983333333333
2026-10-06 16:32:20.709,8.1525e-11,Torr,12.small_stm_window_2,12.small_stm_window_2/MassSpecData-02115-20261006-163144.csv,7.56545
2026-10-06 16:32:20.917,7.2844e-11,Torr,12.small_stm_window_2,12.small_stm_window_2/MassSpecData-02115-20261006-163144.csv,7.5689166666666665
2026-10-06 16:32:21.126,9.0019e-11,Torr,12.small_stm_window_2,12.small_stm_window_2/MassSpecData-02115-20261006-163144.csv,7.5724
2026-10-06 16:32:21.334,9.3231e-11,Torr,12.small_stm_window_2,12.small_stm_window_2/MassSpecData-02115-20261006-163144.csv,7.575866666666667
2026-10-06 16:32:21.542,6.9869e-11,Torr,12.small_stm_window_2,12.small_stm_window_2/MassSpecData-02115-20261006-163144.csv,7.5793333333333335
2026-10-06 16:32:21.751,8.0604e-11,Torr,12.small_stm_window_2,12.small_stm_window_2/MassSpecData-02115-20261006-163144.csv,7.582816666666667
2026-10-06 16:32:21.959,7.7812e-11,Torr,12.small_stm_window_2,12.small_stm_window_2/MassSpecData-02115-20261006-163144.csv,7.586283333333333
2026-10-06 16:32:22.167,8.825e-11,Torr,12.small_stm_window_2,12.small_stm_window_2/MassSpecData-02115-20261006-163144.csv,7.5897499999999996
2026-10-06 16:32:22.376,9.1585e-11,Torr,12.small_stm_window_2,12.small_stm_window_2/MassSpecData-02115-20261006-163144.csv,7.593233333333333
2026-10-06 16:32:22.584,7.8402e-11,Torr,12.small_stm_window_2,12.small_stm_window_2/MassSpecData-02115-20261006-163144.csv,7.5967
2026-10-06 16:32:22.793,8.0885e-11,Torr,12.small_stm_window_2,12.small_stm_window_2/MassSpecData-02115-20261006-163144.csv,7.600183333333334
2026-10-06 16:32:23.001,7.5472e-11,Torr,12.small_stm_window_2,12.small_stm_window_2/MassSpecData-02115-20261006-163144.csv,7.60365
2026-10-06 16:32:23.209,9.0635e-11,Torr,12.small_stm_window_2,12.small_stm_window_2/MassSpecData-02115-20261006-163144.csv,7.607116666666667
2026-10-06 16:32:23.418,9.0009e-11,Torr,12.small_stm_window_2,12.small_stm_window_2/MassSpecData-02115-20261006-163144.csv,7.610600000000001
2026-10-06 16:32:23.626,9.8439e-11,Torr,12.small_stm_window_2,12.small_stm_window_2/MassSpecData-02115-20261006-163144.csv,7.614066666666667
2026-10-06 16:32:23.834,9.7185e-11,Torr,12.small_stm_window_2,12.small_stm_window_2/MassSpecData-02115-20261006-163144.csv,7.617533333333333
2026-10-06 16:32:24.043,7.7499e-11,Torr,12.small_stm_window_2,12.small_stm_window_2/MassSpecData-02115-20261006-163144.csv,7.621016666666667
2026-10-06 16:32:24.251,1.0408e-10,Torr,12.small_stm_window_2,12.small_stm_window_2/MassSpecData-02115-20261006-163144.csv,7.624483333333333
2026-10-06 16:32:24.459,7.6725e-11,Torr,12.small_stm_window_2,12.small_stm_window_2/MassSpecData-02115-20261006-163144.csv,7.62795
2026-10-06 16:32:24.668,8.5947e-11,Torr,12.small_stm_window_2,12.small_stm_window_2/MassSpecData-02115-20261006-163144.csv,7.631433333333334
2026-10-06 16:32:24.876,7.8378e-11,Torr,12.small_stm_window_2,12.small_stm_window_2/MassSpecData-02115-20261006-163144.csv,7.6349
2026-10-06 16:32:25.084,9.253e-11,Torr,12.small_stm_window_2,12.small_stm_window_2/MassSpecData-02115-20261006-163144.csv,7.638366666666667
2026-10-06 16:32:25.293,8.0682e-11,Torr,12.small_stm_window_2,12.small_stm_window_2/MassSpecData-02115-20261006-163144.csv,7.641850000000001
2026-10-06 16:32:25.501,8.2748e-11,Torr,12.small_stm_window_2,12.small_stm_window_2/MassSpecData-02115-20261006-163144.csv,7.645316666666667
2026-10-06 16:32:25.709,9.4916e-11,Torr,12.small_stm_window_2,12.small_stm_window_2/MassSpecData-02115-20261006-163144.csv,7.648783333333333
2026-10-06 16:32:25.918,8.9952e-11,Torr,12.small_stm_window_2,12.small_stm_window_2/MassSpecData-02115-20261006-163144.csv,7.652266666666667
2026-10-06 16:32:26.126,8.7733e-11,Torr,12.small_stm_window_2,12.small_stm_window_2/MassSpecData-02115-20261006-163144.csv,7.655733333333333
2026-10-06 16:32:26.334,8.7231e-11,Torr,12.small_stm_window_2,12.small_stm_window_2/MassSpecData-02115-20261006-163144.csv,7.6592
2026-10-06 16:32:26.683,7.5354e-11,Torr,12.small_stm_window_2,12.small_stm_window_2/MassSpecData-02115-20261006-163226.csv,7.665016666666667
2026-10-06 16:32:26.891,9.863e-11,Torr,12.small_stm_window_2,12.small_stm_window_2/MassSpecData-02115-20261006-163226.csv,7.668483333333333
2026-10-06 16:32:27.100,1.0408e-10,Torr,12.small_stm_window_2,12.small_stm_window_2/MassSpecData-02115-20261006-163226.csv,7.671966666666666
2026-10-06 16:32:27.308,8.9982e-11,Torr,12.small_stm_window_2,12.small_stm_window_2/MassSpecData-02115-20261006-163226.csv,7.675433333333333
2026-10-06 16:32:27.516,8.0733e-11,Torr,12.small_stm_window_2,12.small_stm_window_2/MassSpecData-02115-20261006-163226.csv,7.6789
2026-10-06 16:32:27.725,7.4984e-11,Torr,12.small_stm_window_2,12.small_stm_window_2/MassSpecData-02115-20261006-163226.csv,7.682383333333333
2026-10-06 16:32:27.933,8.1948e-11,Torr,12.small_stm_window_2,12.small_stm_window_2/MassSpecData-02115-20261006-163226.csv,7.68585
2026-10-06 16:32:28.141,8.2436e-11,Torr,12.small_stm_window_2,12.small_stm_window_2/MassSpecData-02115-20261006-163226.csv,7.689316666666667
2026-10-06 16:32:28.349,8.4283e-11,Torr,12.small_stm_window_2,12.small_stm_window_2/MassSpecData-02115-20261006-163226.csv,7.692783333333334
2026-10-06 16:32:28.558,9.0095e-11,Torr,12.small_stm_window_2,12.small_stm_window_2/MassSpecData-02115-20261006-163226.csv,7.696266666666667
2026-10-06 16:32:28.766,8.2727e-11,Torr,12.small_stm_window_2,12.small_stm_window_2/MassSpecData-02115-20261006-163226.csv,7.699733333333333
2026-10-06 16:32:28.975,9.1347e-11,Torr,12.small_stm_window_2,12.small_stm_window_2/MassSpecData-02115-20261006-163226.csv,7.703216666666666
2026-10-06 16:32:29.183,7.6206e-11,Torr,12.small_stm_window_2,12.small_stm_window_2/MassSpecData-02115-20261006-163226.csv,7.706683333333333
2026-10-06 16:32:29.391,8.8586e-11,Torr,12.small_stm_window_2,12.small_stm_window_2/MassSpecData-02115-20261006-163226.csv,7.71015
2026-10-06 16:32:29.600,8.9681e-11,Torr,12.small_stm_window_2,12.small_stm_window_2/MassSpecData-02115-20261006-163226.csv,7.713633333333333
2026-10-06 16:32:29.808,9.9186e-11,Torr,12.small_stm_window_2,12.small_stm_window_2/MassSpecData-02115-20261006-163226.csv,7.7171
2026-10-06 16:32:30.016,8.7623e-11,Torr,12.small_stm_window_2,12.small_stm_window_2/MassSpecData-02115-20261006-163226.csv,7.720566666666667
2026-10-06 16:32:30.225,8.6319e-11,Torr,12.small_stm_window_2,12.small_stm_window_2/MassSpecData-02115-20261006-163226.csv,7.72405
2026-10-06 16:32:30.433,7.4524e-11,Torr,12.small_stm_window_2,12.small_stm_window_2/MassSpecData-02115-20261006-163226.csv,7.727516666666667
2026-10-06 16:32:30.641,7.3327e-11,Torr,12.small_stm_window_2,12.small_stm_window_2/MassSpecData-02115-20261006-163226.csv,7.730983333333333
2026-10-06 16:32:30.850,1.0025e-10,Torr,12.small_stm_window_2,12.small_stm_window_2/MassSpecData-02115-20261006-163226.csv,7.734466666666666
2026-10-06 16:32:31.058,9.3296e-11,Torr,12.small_stm_window_2,12.small_stm_window_2/MassSpecData-02115-20261006-163226.csv,7.737933333333333
2026-10-06 16:32:31.266,8.1414e-11,Torr,12.small_stm_window_2,12.small_stm_window_2/MassSpecData-02115-20261006-163226.csv,7.7414
2026-10-06 16:32:31.475,8.1138e-11,Torr,12.small_stm_window_2,12.small_stm_window_2/MassSpecData-02115-20261006-163226.csv,7.744883333333333
2026-10-06 16:32:31.683,7.8064e-11,Torr,12.small_stm_window_2,12.small_stm_window_2/MassSpecData-02115-20261006-163226.csv,7.74835
2026-10-06 16:32:31.891,9.1449e-11,Torr,12.small_stm_window_2,12.small_stm_window_2/MassSpecData-02115-20261006-163226.csv,7.751816666666667
2026-10-06 16:32:32.099,9.3631e-11,Torr,12.small_stm_window_2,12.small_stm_window_2/MassSpecData-02115-20261006-163226.csv,7.755283333333334
2026-10-06 16:32:32.308,9.2393e-11,Torr,12.small_stm_window_2,12.small_stm_window_2/MassSpecData-02115-20261006-163226.csv,7.758766666666667
2026-10-06 16:32:32.516,7.2601e-11,Torr,12.small_stm_window_2,12.small_stm_window_2/MassSpecData-02115-20261006-163226.csv,7.762233333333333
2026-10-06 16:32:32.724,8.3751e-11,Torr,12.small_stm_window_2,12.small_stm_window_2/MassSpecData-02115-20261006-163226.csv,7.7657
2026-10-06 16:32:32.933,8.8609e-11,Torr,12.small_stm_window_2,12.small_stm_window_2/MassSpecData-02115-20261006-163226.csv,7.769183333333333
2026-10-06 16:32:33.141,8.1657e-11,Torr,12.small_stm_window_2,12.small_stm_window_2/MassSpecData-02115-20261006-163226.csv,7.77265
2026-10-06 16:32:33.349,8.211e-11,Torr,12.small_stm_window_2,12.small_stm_window_2/MassSpecData-02115-20261006-163226.csv,7.776116666666667
2026-10-06 16:32:33.558,7.3553e-11,Torr,12.small_stm_window_2,12.small_stm_window_2/MassSpecData-02115-20261006-163226.csv,7.7796
2026-10-06 16:32:33.766,7.9769e-11,Torr,12.small_stm_window_2,12.small_stm_window_2/MassSpecData-02115-20261006-163226.csv,7.783066666666667
2026-10-06 16:32:33.974,7.295e-11,Torr,12.small_stm_window_2,12.small_stm_window_2/MassSpecData-02115-20261006-163226.csv,7.786533333333334
2026-10-06 16:32:34.183,7.8951e-11,Torr,12.small_stm_window_2,12.small_stm_window_2/MassSpecData-02115-20261006-163226.csv,7.790016666666667
2026-10-06 16:32:34.391,7.9016e-11,Torr,12.small_stm_window_2,12.small_stm_window_2/MassSpecData-02115-20261006-163226.csv,7.793483333333333
2026-10-06 16:32:34.599,9.2302e-11,Torr,12.small_stm_window_2,12.small_stm_window_2/MassSpecData-02115-20261006-163226.csv,7.79695
2026-10-06 16:32:34.808,7.6028e-11,Torr,12.small_stm_window_2,12.small_stm_window_2/MassSpecData-02115-20261006-163226.csv,7.800433333333333
2026-10-06 16:32:35.016,9.8578e-11,Torr,12.small_stm_window_2,12.small_stm_window_2/MassSpecData-02115-20261006-163226.csv,7.8039
2026-10-06 16:32:35.224,8.6789e-11,Torr,12.small_stm_window_2,12.small_stm_window_2/MassSpecData-02115-20261006-163226.csv,7.807366666666667
2026-10-06 16:32:35.433,8.5815e-11,Torr,12.small_stm_window_2,12.small_stm_window_2/MassSpecData-02115-20261006-163226.csv,7.81085
2026-10-06 16:32:35.641,8.3263e-11,Torr,12.small_stm_window_2,12.small_stm_window_2/MassSpecData-02115-20261006-163226.csv,7.814316666666667
2026-10-06 16:32:35.850,8.0309e-11,Torr,12.small_stm_window_2,12.small_stm_window_2/MassSpecData-02115-20261006-163226.csv,7.8178
2026-10-06 16:32:36.058,9.6603e-11,Torr,12.small_stm_window_2,12.small_stm_window_2/MassSpecData-02115-20261006-163226.csv,7.821266666666667
2026-10-06 16:32:36.266,8.8905e-11,Torr,12.small_stm_window_2,12.small_stm_window_2/MassSpecData-02115-20261006-163226.csv,7.824733333333333
2026-10-06 16:32:36.475,8.1195e-11,Torr,12.small_stm_window_2,12.small_stm_window_2/MassSpecData-02115-20261006-163226.csv,7.828216666666666
2026-10-06 16:32:36.683,7.6916e-11,Torr,12.small_stm_window_2,12.small_stm_window_2/MassSpecData-02115-20261006-163226.csv,7.831683333333333
2026-10-06 16:32:36.891,7.5265e-11,Torr,12.small_stm_window_2,12.small_stm_window_2/MassSpecData-02115-20261006-163226.csv,7.83515
2026-10-06 16:32:37.100,1.0595e-10,Torr,12.small_stm_window_2,12.small_stm_window_2/MassSpecData-02115-20261006-163226.csv,7.838633333333333
2026-10-06 16:32:37.308,8.9458e-11,Torr,12.small_stm_window_2,12.small_stm_window_2/MassSpecData-02115-20261006-163226.csv,7.8421
2026-10-06 16:32:37.516,8.3339e-11,Torr,12.small_stm_window_2,12.small_stm_window_2/MassSpecData-02115-20261006-163226.csv,7.845566666666667
2026-10-06 16:32:37.725,8.3076e-11,Torr,12.small_stm_window_2,12.small_stm_window_2/MassSpecData-02115-20261006-163226.csv,7.84905
2026-10-06 16:32:37.933,8.5288e-11,Torr,12.small_stm_window_2,12.small_stm_window_2/MassSpecData-02115-20261006-163226.csv,7.852516666666667
2026-10-06 16:32:38.141,7.0925e-11,Torr,12.small_stm_window_2,12.small_stm_window_2/MassSpecData-02115-20261006-163226.csv,7.855983333333333
2026-10-06 16:32:38.350,9.7272e-11,Torr,12.small_stm_window_2,12.small_stm_window_2/MassSpecData-02115-20261006-163226.csv,7.859466666666666
2026-10-06 16:32:38.558,7.7733e-11,Torr,12.small_stm_window_2,12.small_stm_window_2/MassSpecData-02115-20261006-163226.csv,7.862933333333333
2026-10-06 16:32:38.766,7.9029e-11,Torr,12.small_stm_window_2,12.small_stm_window_2/MassSpecData-02115-20261006-163226.csv,7.8664
2026-10-06 16:32:38.975,7.2176e-11,Torr,12.small_stm_window_2,12.small_stm_window_2/MassSpecData-02115-20261006-163226.csv,7.869883333333333
2026-10-06 16:32:39.183,1.0206e-10,Torr,12.small_stm_window_2,12.small_stm_window_2/MassSpecData-02115-20261006-163226.csv,7.87335
2026-10-06 16:32:39.391,7.8944e-11,Torr,12.small_stm_window_2,12.small_stm_window_2/MassSpecData-02115-20261006-163226.csv,7.876816666666667
2026-10-06 16:32:39.600,8.0505e-11,Torr,12.small_stm_window_2,12.small_stm_window_2/MassSpecData-02115-20261006-163226.csv,7.8803
2026-10-06 16:32:39.808,8.1466e-11,Torr,12.small_stm_window_2,12.small_stm_window_2/MassSpecData-02115-20261006-163226.csv,7.883766666666667
2026-10-06 16:32:40.016,7.8423e-11,Torr,12.small_stm_window_2,12.small_stm_window_2/MassSpecData-02115-20261006-163226.csv,7.887233333333333
2026-10-06 16:32:40.225,8.9377e-11,Torr,12.small_stm_window_2,12.small_stm_window_2/MassSpecData-02115-20261006-163226.csv,7.890716666666666
2026-10-06 16:32:40.433,7.868e-11,Torr,12.small_stm_window_2,12.small_stm_window_2/MassSpecData-02115-20261006-163226.csv,7.894183333333333
2026-10-06 16:32:40.641,7.0446e-11,Torr,12.small_stm_window_2,12.small_stm_window_2/MassSpecData-02115-20261006-163226.csv,7.89765
2026-10-06 16:32:40.850,1.0558e-10,Torr,12.small_stm_window_2,12.small_stm_window_2/MassSpecData-02115-20261006-163226.csv,7.901133333333333
2026-10-06 16:32:41.058,9.7631e-11,Torr,12.small_stm_window_2,12.small_stm_window_2/MassSpecData-02115-20261006-163226.csv,7.9046
2026-10-06 16:32:41.266,8.5483e-11,Torr,12.small_stm_window_2,12.small_stm_window_2/MassSpecData-02115-20261006-163226.csv,7.908066666666667
2026-10-06 16:32:41.475,8.8878e-11,Torr,12.small_stm_window_2,12.small_stm_window_2/MassSpecData-02115-20261006-163226.csv,7.91155
2026-10-06 16:32:41.683,1.0161e-10,Torr,12.small_stm_window_2,12.small_stm_window_2/MassSpecData-02115-20261006-163226.csv,7.915016666666667
2026-10-06 16:32:41.891,8.2063e-11,Torr,12.small_stm_window_2,12.small_stm_window_2/MassSpecData-02115-20261006-163226.csv,7.918483333333333
2026-10-06 16:32:42.100,8.6076e-11,Torr,12.small_stm_window_2,12.small_stm_window_2/MassSpecData-02115-20261006-163226.csv,7.921966666666666
2026-10-06 16:32:42.308,8.6398e-11,Torr,12.small_stm_window_2,12.small_stm_window_2/MassSpecData-02115-20261006-163226.csv,7.925433333333333
2026-10-06 16:32:42.516,7.182e-11,Torr,12.small_stm_window_2,12.small_stm_window_2/MassSpecData-02115-20261006-163226.csv,7.9289
2026-10-06 16:32:42.725,9.1792e-11,Torr,12.small_stm_window_2,12.small_stm_window_2/MassSpecData-02115-20261006-163226.csv,7.932383333333333
2026-10-06 16:32:42.933,7.8851e-11,Torr,12.small_stm_window_2,12.small_stm_window_2/MassSpecData-02115-20261006-163226.csv,7.93585
2026-10-06 16:32:43.141,5.8e-11,Torr,12.small_stm_window_2,12.small_stm_window_2/MassSpecData-02115-20261006-163226.csv,7.939316666666667
2026-10-06 16:32:43.350,7.8093e-11,Torr,12.small_stm_window_2,12.small_stm_window_2/MassSpecData-02115-20261006-163226.csv,7.9428
2026-10-06 16:32:43.558,7.227e-11,Torr,12.small_stm_window_2,12.small_stm_window_2/MassSpecData-02115-20261006-163226.csv,7.946266666666667
2026-10-06 16:32:43.766,8.6834e-11,Torr,12.small_stm_window_2,12.small_stm_window_2/MassSpecData-02115-20261006-163226.csv,7.949733333333333
2026-10-06 16:32:43.975,8.8736e-11,Torr,12.small_stm_window_2,12.small_stm_window_2/MassSpecData-02115-20261006-163226.csv,7.953216666666666
2026-10-06 16:32:44.183,9.745e-11,Torr,12.small_stm_window_2,12.small_stm_window_2/MassSpecData-02115-20261006-163226.csv,7.956683333333333
2026-10-06 16:32:44.391,8.0867e-11,Torr,12.small_stm_window_2,12.small_stm_window_2/MassSpecData-02115-20261006-163226.csv,7.96015
2026-10-06 16:32:44.600,7.8114e-11,Torr,12.small_stm_window_2,12.small_stm_window_2/MassSpecData-02115-20261006-163226.csv,7.963633333333333
2026-10-06 16:32:44.808,6.6502e-11,Torr,12.small_stm_window_2,12.small_stm_window_2/MassSpecData-02115-20261006-163226.csv,7.9671
2026-10-06 16:32:45.016,8.419e-11,Torr,12.small_stm_window_2,12.small_stm_window_2/MassSpecData-02115-20261006-163226.csv,7.970566666666667
2026-10-06 16:32:45.225,8.0285e-11,Torr,12.small_stm_window_2,12.small_stm_window_2/MassSpecData-02115-20261006-163226.csv,7.97405
2026-10-06 16:32:45.433,8.8382e-11,Torr,12.small_stm_window_2,12.small_stm_window_2/MassSpecData-02115-20261006-163226.csv,7.977516666666667
2026-10-06 16:32:45.641,7.7468e-11,Torr,12.small_stm_window_2,12.small_stm_window_2/MassSpecData-02115-20261006-163226.csv,7.980983333333333
2026-10-06 16:32:45.850,1.0866e-10,Torr,12.small_stm_window_2,12.small_stm_window_2/MassSpecData-02115-20261006-163226.csv,7.984466666666666
2026-10-06 16:32:46.058,8.9019e-11,Torr,12.small_stm_window_2,12.small_stm_window_2/MassSpecData-02115-20261006-163226.csv,7.987933333333333
2026-10-06 16:32:46.266,8.3512e-11,Torr,12.small_stm_window_2,12.small_stm_window_2/MassSpecData-02115-20261006-163226.csv,7.9914
2026-10-06 16:32:46.474,9.0038e-11,Torr,12.small_stm_window_2,12.small_stm_window_2/MassSpecData-02115-20261006-163226.csv,7.994866666666667
2026-10-06 16:32:46.683,8.3117e-11,Torr,12.small_stm_window_2,12.small_stm_window_2/MassSpecData-02115-20261006-163226.csv,7.99835
2026-10-06 16:32:46.891,8.6933e-11,Torr,12.small_stm_window_2,12.small_stm_window_2/MassSpecData-02115-20261006-163226.csv,8.001816666666667
2026-10-06 16:32:47.099,9.7754e-11,Torr,12.small_stm_window_2,12.small_stm_window_2/MassSpecData-02115-20261006-163226.csv,8.005283333333333
2026-10-06 16:32:47.308,7.687e-11,Torr,12.small_stm_window_2,12.small_stm_window_2/MassSpecData-02115-20261006-163226.csv,8.008766666666666
2026-10-06 16:32:47.516,8.5985e-11,Torr,12.small_stm_window_2,12.small_stm_window_2/MassSpecData-02115-20261006-163226.csv,8.012233333333333
2026-10-06 16:32:47.724,9.3699e-11,Torr,12.small_stm_window_2,12.small_stm_window_2/MassSpecData-02115-20261006-163226.csv,8.0157
2026-10-06 16:32:47.933,8.3481e-11,Torr,12.small_stm_window_2,12.small_stm_window_2/MassSpecData-02115-20261006-163226.csv,8.019183333333334
2026-10-06 16:32:48.141,9.116e-11,Torr,12.small_stm_window_2,12.small_stm_window_2/MassSpecData-02115-20261006-163226.csv,8.02265
2026-10-06 16:32:48.349,9.2515e-11,Torr,12.small_stm_window_2,12.small_stm_window_2/MassSpecData-02115-20261006-163226.csv,8.026116666666667
2026-10-06 16:32:48.558,7.0647e-11,Torr,12.small_stm_window_2,12.small_stm_window_2/MassSpecData-02115-20261006-163226.csv,8.0296
2026-10-06 16:32:48.766,8.4158e-11,Torr,12.small_stm_window_2,12.small_stm_window_2/MassSpecData-02115-20261006-163226.csv,8.033066666666667
2026-10-06 16:32:48.974,8.7591e-11,Torr,12.small_stm_window_2,12.small_stm_window_2/MassSpecData-02115-20261006-163226.csv,8.036533333333333
2026-10-06 16:32:49.183,8.0641e-11,Torr,12.small_stm_window_2,12.small_stm_window_2/MassSpecData-02115-20261006-163226.csv,8.040016666666666
2026-10-06 16:32:49.391,8.1401e-11,Torr,12.small_stm_window_2,12.small_stm_window_2/MassSpecData-02115-20261006-163226.csv,8.043483333333333
2026-10-06 16:32:49.599,8.0358e-11,Torr,12.small_stm_window_2,12.small_stm_window_2/MassSpecData-02115-20261006-163226.csv,8.04695
2026-10-06 16:32:49.808,8.0454e-11,Torr,12.small_stm_window_2,12.small_stm_window_2/MassSpecData-02115-20261006-163226.csv,8.050433333333334
2026-10-06 16:32:50.016,8.9319e-11,Torr,12.small_stm_window_2,12.small_stm_window_2/MassSpecData-02115-20261006-163226.csv,8.0539
2026-10-06 16:32:50.224,8.7434e-11,Torr,12.small_stm_window_2,12.small_stm_window_2/MassSpecData-02115-20261006-163226.csv,8.057366666666667
2026-10-06 16:32:50.433,9.7099e-11,Torr,12.small_stm_window_2,12.small_stm_window_2/MassSpecData-02115-20261006-163226.csv,8.06085
2026-10-06 16:32:50.641,8.0563e-11,Torr,12.small_stm_window_2,12.small_stm_window_2/MassSpecData-02115-20261006-163226.csv,8.064316666666667
2026-10-06 16:32:50.849,8.3427e-11,Torr,12.small_stm_window_2,12.small_stm_window_2/MassSpecData-02115-20261006-163226.csv,8.067783333333333
2026-10-06 16:32:51.058,8.0626e-11,Torr,12.small_stm_window_2,12.small_stm_window_2/MassSpecData-02115-20261006-163226.csv,8.071266666666666
2026-10-06 16:32:51.266,7.9925e-11,Torr,12.small_stm_window_2,12.small_stm_window_2/MassSpecData-02115-20261006-163226.csv,8.074733333333333
2026-10-06 16:32:51.474,8.9406e-11,Torr,12.small_stm_window_2,12.small_stm_window_2/MassSpecData-02115-20261006-163226.csv,8.0782
2026-10-06 16:32:51.683,7.9411e-11,Torr,12.small_stm_window_2,12.small_stm_window_2/MassSpecData-02115-20261006-163226.csv,8.081683333333334
2026-10-06 16:32:51.891,8.9849e-11,Torr,12.small_stm_window_2,12.small_stm_window_2/MassSpecData-02115-20261006-163226.csv,8.08515
2026-10-06 16:32:52.099,8.1384e-11,Torr,12.small_stm_window_2,12.small_stm_window_2/MassSpecData-02115-20261006-163226.csv,8.088616666666667
2026-10-06 16:32:52.308,7.8799e-11,Torr,12.small_stm_window_2,12.small_stm_window_2/MassSpecData-02115-20261006-163226.csv,8.0921
2026-10-06 16:32:52.516,7.7022e-11,Torr,12.small_stm_window_2,12.small_stm_window_2/MassSpecData-02115-20261006-163226.csv,8.095566666666667
2026-10-06 16:32:52.724,8.706e-11,Torr,12.small_stm_window_2,12.small_stm_window_2/MassSpecData-02115-20261006-163226.csv,8.099033333333333
2026-10-06 16:32:52.933,8.3784e-11,Torr,12.small_stm_window_2,12.small_stm_window_2/MassSpecData-02115-20261006-163226.csv,8.102516666666666
2026-10-06 16:32:53.141,7.0723e-11,Torr,12.small_stm_window_2,12.small_stm_window_2/MassSpecData-02115-20261006-163226.csv,8.105983333333333
2026-10-06 16:32:53.349,8.5164e-11,Torr,12.small_stm_window_2,12.small_stm_window_2/MassSpecData-02115-20261006-163226.csv,8.10945
2026-10-06 16:32:53.558,9.2021e-11,Torr,12.small_stm_window_2,12.small_stm_window_2/MassSpecData-02115-20261006-163226.csv,8.112933333333334
2026-10-06 16:32:53.766,7.6025e-11,Torr,12.small_stm_window_2,12.small_stm_window_2/MassSpecData-02115-20261006-163226.csv,8.1164
2026-10-06 16:32:53.974,8.794e-11,Torr,12.small_stm_window_2,12.small_stm_window_2/MassSpecData-02115-20261006-163226.csv,8.119866666666667
2026-10-06 16:32:54.183,7.842e-11,Torr,12.small_stm_window_2,12.small_stm_window_2/MassSpecData-02115-20261006-163226.csv,8.12335
2026-10-06 16:32:54.391,8.1579e-11,Torr,12.small_stm_window_2,12.small_stm_window_2/MassSpecData-02115-20261006-163226.csv,8.126816666666667
2026-10-06 16:32:54.599,9.5355e-11,Torr,12.small_stm_window_2,12.small_stm_window_2/MassSpecData-02115-20261006-163226.csv,8.130283333333333
2026-10-06 16:32:54.808,7.7635e-11,Torr,12.small_stm_window_2,12.small_stm_window_2/MassSpecData-02115-20261006-163226.csv,8.133766666666666
2026-10-06 16:32:55.016,8.7812e-11,Torr,12.small_stm_window_2,12.small_stm_window_2/MassSpecData-02115-20261006-163226.csv,8.137233333333333
2026-10-06 16:32:55.224,8.2913e-11,Torr,12.small_stm_window_2,12.small_stm_window_2/MassSpecData-02115-20261006-163226.csv,8.1407
2026-10-06 16:32:55.433,8.3984e-11,Torr,12.small_stm_window_2,12.small_stm_window_2/MassSpecData-02115-20261006-163226.csv,8.144183333333334
2026-10-06 16:32:55.641,8.2916e-11,Torr,12.small_stm_window_2,12.small_stm_window_2/MassSpecData-02115-20261006-163226.csv,8.14765
2026-10-06 16:32:55.849,8.228e-11,Torr,12.small_stm_window_2,12.small_stm_window_2/MassSpecData-02115-20261006-163226.csv,8.151116666666667
2026-10-06 16:32:56.058,8.3349e-11,Torr,12.small_stm_window_2,12.small_stm_window_2/MassSpecData-02115-20261006-163226.csv,8.1546
2026-10-06 16:32:56.266,9.1481e-11,Torr,12.small_stm_window_2,12.small_stm_window_2/MassSpecData-02115-20261006-163226.csv,8.158066666666667
2026-10-06 16:32:56.474,8.7261e-11,Torr,12.small_stm_window_2,12.small_stm_window_2/MassSpecData-02115-20261006-163226.csv,8.161533333333333
2026-10-06 16:32:56.683,7.5434e-11,Torr,12.small_stm_window_2,12.small_stm_window_2/MassSpecData-02115-20261006-163226.csv,8.165016666666666
2026-10-06 16:32:56.891,7.9818e-11,Torr,12.small_stm_window_2,12.small_stm_window_2/MassSpecData-02115-20261006-163226.csv,8.168483333333333
2026-10-06 16:32:57.099,7.5391e-11,Torr,12.small_stm_window_2,12.small_stm_window_2/MassSpecData-02115-20261006-163226.csv,8.17195
2026-10-06 16:32:57.308,8.2691e-11,Torr,12.small_stm_window_2,12.small_stm_window_2/MassSpecData-02115-20261006-163226.csv,8.175433333333334
2026-10-06 16:32:57.516,7.5978e-11,Torr,12.small_stm_window_2,12.small_stm_window_2/MassSpecData-02115-20261006-163226.csv,8.1789
2026-10-06 16:32:57.724,7.8273e-11,Torr,12.small_stm_window_2,12.small_stm_window_2/MassSpecData-02115-20261006-163226.csv,8.182366666666667
2026-10-06 16:32:57.933,8.2798e-11,Torr,12.small_stm_window_2,12.small_stm_window_2/MassSpecData-02115-20261006-163226.csv,8.18585
2026-10-06 16:32:58.141,9.2092e-11,Torr,12.small_stm_window_2,12.small_stm_window_2/MassSpecData-02115-20261006-163226.csv,8.189316666666667
2026-10-06 16:32:58.349,8.2546e-11,Torr,12.small_stm_window_2,12.small_stm_window_2/MassSpecData-02115-20261006-163226.csv,8.192783333333333
2026-10-06 16:32:58.558,7.5131e-11,Torr,12.small_stm_window_2,12.small_stm_window_2/MassSpecData-02115-20261006-163226.csv,8.196266666666666
2026-10-06 16:32:58.766,8.3347e-11,Torr,12.small_stm_window_2,12.small_stm_window_2/MassSpecData-02115-20261006-163226.csv,8.199733333333333
2026-10-06 16:32:58.974,8.4752e-11,Torr,12.small_stm_window_2,12.small_stm_window_2/MassSpecData-02115-20261006-163226.csv,8.2032
2026-10-06 16:32:59.183,7.7219e-11,Torr,12.small_stm_window_2,12.small_stm_window_2/MassSpecData-02115-20261006-163226.csv,8.206683333333334
2026-10-06 16:32:59.391,9.0798e-11,Torr,12.small_stm_window_2,12.small_stm_window_2/MassSpecData-02115-20261006-163226.csv,8.21015
2026-10-06 16:32:59.599,1.091e-10,Torr,12.small_stm_window_2,12.small_stm_window_2/MassSpecData-02115-20261006-163226.csv,8.213616666666667
2026-10-06 16:32:59.808,9.0975e-11,Torr,12.small_stm_window_2,12.small_stm_window_2/MassSpecData-02115-20261006-163226.csv,8.2171
2026-10-06 16:33:00.016,8.3666e-11,Torr,12.small_stm_window_2,12.small_stm_window_2/MassSpecData-02115-20261006-163226.csv,8.220566666666667
2026-10-06 16:33:00.224,8.3434e-11,Torr,12.small_stm_window_2,12.small_stm_window_2/MassSpecData-02115-20261006-163226.csv,8.224033333333333
2026-10-06 16:33:00.433,7.7296e-11,Torr,12.small_stm_window_2,12.small_stm_window_2/MassSpecData-02115-20261006-163226.csv,8.227516666666666
2026-10-06 16:33:00.641,8.152e-11,Torr,12.small_stm_window_2,12.small_stm_window_2/MassSpecData-02115-20261006-163226.csv,8.230983333333333
2026-10-06 16:33:00.849,9.258e-11,Torr,12.small_stm_window_2,12.small_stm_window_2/MassSpecData-02115-20261006-163226.csv,8.23445
2026-10-06 16:33:01.058,8.6619e-11,Torr,12.small_stm_window_2,12.small_stm_window_2/MassSpecData-02115-20261006-163226.csv,8.237933333333334
2026-10-06 16:33:01.266,7.6502e-11,Torr,12.small_stm_window_2,12.small_stm_window_2/MassSpecData-02115-20261006-163226.csv,8.2414
2026-10-06 16:33:01.474,8.5257e-11,Torr,12.small_stm_window_2,12.small_stm_window_2/MassSpecData-02115-20261006-163226.csv,8.244866666666667
2026-10-06 16:33:01.683,8.1602e-11,Torr,12.small_stm_window_2,12.small_stm_window_2/MassSpecData-02115-20261006-163226.csv,8.24835
2026-10-06 16:33:01.891,9.0215e-11,Torr,12.small_stm_window_2,12.small_stm_window_2/MassSpecData-02115-20261006-163226.csv,8.251816666666667
2026-10-06 16:33:02.099,7.7134e-11,Torr,12.small_stm_window_2,12.small_stm_window_2/MassSpecData-02115-20261006-163226.csv,8.255283333333333
2026-10-06 16:33:02.308,7.2588e-11,Torr,12.small_stm_window_2,12.small_stm_window_2/MassSpecData-02115-20261006-163226.csv,8.258766666666666
2026-10-06 16:33:02.516,8.5096e-11,Torr,12.small_stm_window_2,12.small_stm_window_2/MassSpecData-02115-20261006-163226.csv,8.262233333333333
2026-10-06 16:33:02.724,9.6181e-11,Torr,12.small_stm_window_2,12.small_stm_window_2/MassSpecData-02115-20261006-163226.csv,8.2657
2026-10-06 16:33:02.933,8.2959e-11,Torr,12.small_stm_window_2,12.small_stm_window_2/MassSpecData-02115-20261006-163226.csv,8.269183333333334
2026-10-06 16:33:03.141,8.2928e-11,Torr,12.small_stm_window_2,12.small_stm_window_2/MassSpecData-02115-20261006-163226.csv,8.27265
2026-10-06 16:33:03.349,8.3937e-11,Torr,12.small_stm_window_2,12.small_stm_window_2/MassSpecData-02115-20261006-163226.csv,8.276116666666667
2026-10-06 16:33:03.558,9.1498e-11,Torr,12.small_stm_window_2,12.small_stm_window_2/MassSpecData-02115-20261006-163226.csv,8.2796
2026-10-06 16:33:03.766,8.8368e-11,Torr,12.small_stm_window_2,12.small_stm_window_2/MassSpecData-02115-20261006-163226.csv,8.283066666666667
2026-10-06 16:33:03.974,1.0416e-10,Torr,12.small_stm_window_2,12.small_stm_window_2/MassSpecData-02115-20261006-163226.csv,8.286533333333333
2026-10-06 16:33:04.183,7.3218e-11,Torr,12.small_stm_window_2,12.small_stm_window_2/MassSpecData-02115-20261006-163226.csv,8.290016666666666
2026-10-06 16:33:04.391,7.7899e-11,Torr,12.small_stm_window_2,12.small_stm_window_2/MassSpecData-02115-20261006-163226.csv,8.293483333333333
2026-10-06 16:33:04.600,9.4442e-11,Torr,12.small_stm_window_2,12.small_stm_window_2/MassSpecData-02115-20261006-163226.csv,8.296966666666666
2026-10-06 16:33:04.808,7.2091e-11,Torr,12.small_stm_window_2,12.small_stm_window_2/MassSpecData-02115-20261006-163226.csv,8.300433333333334
2026-10-06 16:33:05.016,8.5856e-11,Torr,12.small_stm_window_2,12.small_stm_window_2/MassSpecData-02115-20261006-163226.csv,8.3039
2026-10-06 16:33:05.225,9.0201e-11,Torr,12.small_stm_window_2,12.small_stm_window_2/MassSpecData-02115-20261006-163226.csv,8.307383333333332
2026-10-06 16:33:05.433,7.8352e-11,Torr,12.small_stm_window_2,12.small_stm_window_2/MassSpecData-02115-20261006-163226.csv,8.31085
2026-10-06 16:33:05.641,8.4615e-11,Torr,12.small_stm_window_2,12.small_stm_window_2/MassSpecData-02115-20261006-163226.csv,8.314316666666667
2026-10-06 16:33:05.850,7.7303e-11,Torr,12.small_stm_window_2,12.small_stm_window_2/MassSpecData-02115-20261006-163226.csv,8.3178
2026-10-06 16:33:06.058,9.6521e-11,Torr,12.small_stm_window_2,12.small_stm_window_2/MassSpecData-02115-20261006-163226.csv,8.321266666666666
2026-10-06 16:33:06.266,8.5273e-11,Torr,12.small_stm_window_2,12.small_stm_window_2/MassSpecData-02115-20261006-163226.csv,8.324733333333333
2026-10-06 16:33:06.475,8.7756e-11,Torr,12.small_stm_window_2,12.small_stm_window_2/MassSpecData-02115-20261006-163226.csv,8.328216666666666
2026-10-06 16:33:06.683,8.8024e-11,Torr,12.small_stm_window_2,12.small_stm_window_2/MassSpecData-02115-20261006-163226.csv,8.331683333333334
2026-10-06 16:33:06.891,7.2822e-11,Torr,12.small_stm_window_2,12.small_stm_window_2/MassSpecData-02115-20261006-163226.csv,8.33515
2026-10-06 16:33:07.100,9.493e-11,Torr,12.small_stm_window_2,12.small_stm_window_2/MassSpecData-02115-20261006-163226.csv,8.338633333333332
2026-10-06 16:33:07.308,8.7205e-11,Torr,12.small_stm_window_2,12.small_stm_window_2/MassSpecData-02115-20261006-163226.csv,8.3421
2026-10-06 16:33:07.516,7.981e-11,Torr,12.small_stm_window_2,12.small_stm_window_2/MassSpecData-02115-20261006-163226.csv,8.345566666666667
2026-10-06 16:33:07.725,8.2659e-11,Torr,12.small_stm_window_2,12.small_stm_window_2/MassSpecData-02115-20261006-163226.csv,8.34905
2026-10-06 16:33:07.933,8.4193e-11,Torr,12.small_stm_window_2,12.small_stm_window_2/MassSpecData-02115-20261006-163226.csv,8.352516666666666
2026-10-06 16:33:08.141,1.0464e-10,Torr,12.small_stm_window_2,12.small_stm_window_2/MassSpecData-02115-20261006-163226.csv,8.355983333333333
2026-10-06 16:33:08.481,6.8599e-11,Torr,12.small_stm_window_2,12.small_stm_window_2/MassSpecData-02115-20261006-163308.csv,8.361650000000001
2026-10-06 16:33:08.689,7.5796e-11,Torr,12.small_stm_window_2,12.small_stm_window_2/MassSpecData-02115-20261006-163308.csv,8.365116666666667
2026-10-06 16:33:08.898,8.0745e-11,Torr,12.small_stm_window_2,12.small_stm_window_2/MassSpecData-02115-20261006-163308.csv,8.368599999999999
2026-10-06 16:33:09.106,7.1797e-11,Torr,12.small_stm_window_2,12.small_stm_window_2/MassSpecData-02115-20261006-163308.csv,8.372066666666667
2026-10-06 16:33:09.314,7.3825e-11,Torr,12.small_stm_window_2,12.small_stm_window_2/MassSpecData-02115-20261006-163308.csv,8.375533333333333
2026-10-06 16:33:09.523,7.2659e-11,Torr,12.small_stm_window_2,12.small_stm_window_2/MassSpecData-02115-20261006-163308.csv,8.379016666666667
2026-10-06 16:33:09.731,8.4966e-11,Torr,12.small_stm_window_2,12.small_stm_window_2/MassSpecData-02115-20261006-163308.csv,8.382483333333333
2026-10-06 16:33:09.939,9.9787e-11,Torr,12.small_stm_window_2,12.small_stm_window_2/MassSpecData-02115-20261006-163308.csv,8.38595
2026-10-06 16:33:10.147,7.9512e-11,Torr,12.small_stm_window_2,12.small_stm_window_2/MassSpecData-02115-20261006-163308.csv,8.389416666666667
2026-10-06 16:33:10.356,8.4587e-11,Torr,12.small_stm_window_2,12.small_stm_window_2/MassSpecData-02115-20261006-163308.csv,8.392900000000001
2026-10-06 16:33:10.564,8.903e-11,Torr,12.small_stm_window_2,12.small_stm_window_2/MassSpecData-02115-20261006-163308.csv,8.396366666666667
2026-10-06 16:33:10.773,8.8367e-11,Torr,12.small_stm_window_2,12.small_stm_window_2/MassSpecData-02115-20261006-163308.csv,8.399849999999999
2026-10-06 16:33:10.981,7.5988e-11,Torr,12.small_stm_window_2,12.small_stm_window_2/MassSpecData-02115-20261006-163308.csv,8.403316666666667
2026-10-06 16:33:11.189,8.3661e-11,Torr,12.small_stm_window_2,12.small_stm_window_2/MassSpecData-02115-20261006-163308.csv,8.406783333333333
2026-10-06 16:33:11.398,8.2918e-11,Torr,12.small_stm_window_2,12.small_stm_window_2/MassSpecData-02115-20261006-163308.csv,8.410266666666667
2026-10-06 16:33:11.606,8.1847e-11,Torr,12.small_stm_window_2,12.small_stm_window_2/MassSpecData-02115-20261006-163308.csv,8.413733333333333
2026-10-06 16:33:11.814,7.1596e-11,Torr,12.small_stm_window_2,12.small_stm_window_2/MassSpecData-02115-20261006-163308.csv,8.4172
2026-10-06 16:33:12.023,8.7938e-11,Torr,12.small_stm_window_2,12.small_stm_window_2/MassSpecData-02115-20261006-163308.csv,8.420683333333333
2026-10-06 16:33:12.231,8.3651e-11,Torr,12.small_stm_window_2,12.small_stm_window_2/MassSpecData-02115-20261006-163308.csv,8.424150000000001
2026-10-06 16:33:12.439,8.3906e-11,Torr,12.small_stm_window_2,12.small_stm_window_2/MassSpecData-02115-20261006-163308.csv,8.427616666666667
2026-10-06 16:33:12.648,8.1947e-11,Torr,12.small_stm_window_2,12.small_stm_window_2/MassSpecData-02115-20261006-163308.csv,8.431099999999999
2026-10-06 16:33:12.856,6.2699e-11,Torr,12.small_stm_window_2,12.small_stm_window_2/MassSpecData-02115-20261006-163308.csv,8.434566666666667
2026-10-06 16:33:13.064,9.364e-11,Torr,12.small_stm_window_2,12.small_stm_window_2/MassSpecData-02115-20261006-163308.csv,8.438033333333333
2026-10-06 16:33:13.273,8.0204e-11,Torr,12.small_stm_window_2,12.small_stm_window_2/MassSpecData-02115-20261006-163308.csv,8.441516666666667
2026-10-06 16:33:13.481,7.369e-11,Torr,12.small_stm_window_2,12.small_stm_window_2/MassSpecData-02115-20261006-163308.csv,8.444983333333333
2026-10-06 16:33:13.689,7.4807e-11,Torr,12.small_stm_window_2,12.small_stm_window_2/MassSpecData-02115-20261006-163308.csv,8.44845
2026-10-06 16:33:13.897,8.4169e-11,Torr,12.small_stm_window_2,12.small_stm_window_2/MassSpecData-02115-20261006-163308.csv,8.451916666666667
2026-10-06 16:33:14.106,8.9059e-11,Torr,12.small_stm_window_2,12.small_stm_window_2/MassSpecData-02115-20261006-163308.csv,8.455400000000001
2026-10-06 16:33:14.314,8.1713e-11,Torr,12.small_stm_window_2,12.small_stm_window_2/MassSpecData-02115-20261006-163308.csv,8.458866666666667
2026-10-06 16:33:14.522,9.1207e-11,Torr,12.small_stm_window_2,12.small_stm_window_2/MassSpecData-02115-20261006-163308.csv,8.462333333333333
2026-10-06 16:33:14.731,7.4352e-11,Torr,12.small_stm_window_2,12.small_stm_window_2/MassSpecData-02115-20261006-163308.csv,8.465816666666667
2026-10-06 16:33:14.939,9.6733e-11,Torr,12.small_stm_window_2,12.small_stm_window_2/MassSpecData-02115-20261006-163308.csv,8.469283333333333
2026-10-06 16:33:15.147,7.8284e-11,Torr,12.small_stm_window_2,12.small_stm_window_2/MassSpecData-02115-20261006-163308.csv,8.47275
2026-10-06 16:33:15.356,7.2037e-11,Torr,12.small_stm_window_2,12.small_stm_window_2/MassSpecData-02115-20261006-163308.csv,8.476233333333333
2026-10-06 16:33:15.564,8.0664e-11,Torr,12.small_stm_window_2,12.small_stm_window_2/MassSpecData-02115-20261006-163308.csv,8.4797
2026-10-06 16:33:15.772,7.4388e-11,Torr,12.small_stm_window_2,12.small_stm_window_2/MassSpecData-02115-20261006-163308.csv,8.483166666666667
2026-10-06 16:33:15.981,8.4508e-11,Torr,12.small_stm_window_2,12.small_stm_window_2/MassSpecData-02115-20261006-163308.csv,8.486650000000001
2026-10-06 16:33:16.189,9.9979e-11,Torr,12.small_stm_window_2,12.small_stm_window_2/MassSpecData-02115-20261006-163308.csv,8.490116666666667
2026-10-06 16:33:16.397,8.514e-11,Torr,12.small_stm_window_2,12.small_stm_window_2/MassSpecData-02115-20261006-163308.csv,8.493583333333333
2026-10-06 16:33:16.606,8.172e-11,Torr,12.small_stm_window_2,12.small_stm_window_2/MassSpecData-02115-20261006-163308.csv,8.497066666666667
2026-10-06 16:33:16.814,7.3163e-11,Torr,12.small_stm_window_2,12.small_stm_window_2/MassSpecData-02115-20261006-163308.csv,8.500533333333333
2026-10-06 16:33:17.022,6.9531e-11,Torr,12.small_stm_window_2,12.small_stm_window_2/MassSpecData-02115-20261006-163308.csv,8.504
2026-10-06 16:33:17.231,7.4238e-11,Torr,12.small_stm_window_2,12.small_stm_window_2/MassSpecData-02115-20261006-163308.csv,8.507483333333333
2026-10-06 16:33:17.439,9.1225e-11,Torr,12.small_stm_window_2,12.small_stm_window_2/MassSpecData-02115-20261006-163308.csv,8.51095
2026-10-06 16:33:17.648,7.7954e-11,Torr,12.small_stm_window_2,12.small_stm_window_2/MassSpecData-02115-20261006-163308.csv,8.514433333333333
2026-10-06 16:33:17.856,1.0961e-10,Torr,12.small_stm_window_2,12.small_stm_window_2/MassSpecData-02115-20261006-163308.csv,8.517900000000001
2026-10-06 16:33:18.064,9.831e-11,Torr,12.small_stm_window_2,12.small_stm_window_2/MassSpecData-02115-20261006-163308.csv,8.521366666666667
2026-10-06 16:33:18.273,7.9267e-11,Torr,12.small_stm_window_2,12.small_stm_window_2/MassSpecData-02115-20261006-163308.csv,8.524849999999999
2026-10-06 16:33:18.481,8.2758e-11,Torr,12.small_stm_window_2,12.small_stm_window_2/MassSpecData-02115-20261006-163308.csv,8.528316666666667
2026-10-06 16:33:18.689,8.2421e-11,Torr,12.small_stm_window_2,12.small_stm_window_2/MassSpecData-02115-20261006-163308.csv,8.531783333333333
2026-10-06 16:33:18.898,8.086e-11,Torr,12.small_stm_window_2,12.small_stm_window_2/MassSpecData-02115-20261006-163308.csv,8.535266666666667
2026-10-06 16:33:19.106,8.2528e-11,Torr,12.small_stm_window_2,12.small_stm_window_2/MassSpecData-02115-20261006-163308.csv,8.538733333333333
2026-10-06 16:33:19.314,7.7253e-11,Torr,12.small_stm_window_2,12.small_stm_window_2/MassSpecData-02115-20261006-163308.csv,8.542200000000001
2026-10-06 16:33:19.523,8.355e-11,Torr,12.small_stm_window_2,12.small_stm_window_2/MassSpecData-02115-20261006-163308.csv,8.545683333333333
2026-10-06 16:33:19.731,7.3589e-11,Torr,12.small_stm_window_2,12.small_stm_window_2/MassSpecData-02115-20261006-163308.csv,8.54915
2026-10-06 16:33:19.939,7.4199e-11,Torr,12.small_stm_window_2,12.small_stm_window_2/MassSpecData-02115-20261006-163308.csv,8.552616666666667
2026-10-06 16:33:20.148,9.6729e-11,Torr,12.small_stm_window_2,12.small_stm_window_2/MassSpecData-02115-20261006-163308.csv,8.556099999999999
2026-10-06 16:33:20.356,8.0272e-11,Torr,12.small_stm_window_2,12.small_stm_window_2/MassSpecData-02115-20261006-163308.csv,8.559566666666665
2026-10-06 16:33:20.564,7.8048e-11,Torr,12.small_stm_window_2,12.small_stm_window_2/MassSpecData-02115-20261006-163308.csv,8.563033333333333
2026-10-06 16:33:20.773,7.3448e-11,Torr,12.small_stm_window_2,12.small_stm_window_2/MassSpecData-02115-20261006-163308.csv,8.566516666666667
2026-10-06 16:33:20.981,8.1544e-11,Torr,12.small_stm_window_2,12.small_stm_window_2/MassSpecData-02115-20261006-163308.csv,8.569983333333333
2026-10-06 16:33:21.189,7.6521e-11,Torr,12.small_stm_window_2,12.small_stm_window_2/MassSpecData-02115-20261006-163308.csv,8.573450000000001
2026-10-06 16:33:21.398,8.0861e-11,Torr,12.small_stm_window_2,12.small_stm_window_2/MassSpecData-02115-20261006-163308.csv,8.576933333333333
2026-10-06 16:33:21.606,8.2139e-11,Torr,12.small_stm_window_2,12.small_stm_window_2/MassSpecData-02115-20261006-163308.csv,8.5804
2026-10-06 16:33:21.814,9.1163e-11,Torr,12.small_stm_window_2,12.small_stm_window_2/MassSpecData-02115-20261006-163308.csv,8.583866666666667
2026-10-06 16:33:22.023,7.5601e-11,Torr,12.small_stm_window_2,12.small_stm_window_2/MassSpecData-02115-20261006-163308.csv,8.587349999999999
2026-10-06 16:33:22.231,8.3585e-11,Torr,12.small_stm_window_2,12.small_stm_window_2/MassSpecData-02115-20261006-163308.csv,8.590816666666665
2026-10-06 16:33:22.439,8.8409e-11,Torr,12.small_stm_window_2,12.small_stm_window_2/MassSpecData-02115-20261006-163308.csv,8.594283333333333
2026-10-06 16:33:22.648,8.3739e-11,Torr,12.small_stm_window_2,12.small_stm_window_2/MassSpecData-02115-20261006-163308.csv,8.597766666666667
2026-10-06 16:33:22.856,7.5722e-11,Torr,12.small_stm_window_2,12.small_stm_window_2/MassSpecData-02115-20261006-163308.csv,8.601233333333333
2026-10-06 16:33:23.064,8.2363e-11,Torr,12.small_stm_window_2,12.small_stm_window_2/MassSpecData-02115-20261006-163308.csv,8.604700000000001
2026-10-06 16:33:23.273,8.0914e-11,Torr,12.small_stm_window_2,12.small_stm_window_2/MassSpecData-02115-20261006-163308.csv,8.608183333333333
2026-10-06 16:33:23.481,1.015e-10,Torr,12.small_stm_window_2,12.small_stm_window_2/MassSpecData-02115-20261006-163308.csv,8.61165
2026-10-06 16:33:23.689,9.1567e-11,Torr,12.small_stm_window_2,12.small_stm_window_2/MassSpecData-02115-20261006-163308.csv,8.615116666666667
2026-10-06 16:33:23.898,9.1806e-11,Torr,12.small_stm_window_2,12.small_stm_window_2/MassSpecData-02115-20261006-163308.csv,8.618599999999999
2026-10-06 16:33:24.106,8.1992e-11,Torr,12.small_stm_window_2,12.small_stm_window_2/MassSpecData-02115-20261006-163308.csv,8.622066666666665
2026-10-06 16:33:24.314,8.5326e-11,Torr,12.small_stm_window_2,12.small_stm_window_2/MassSpecData-02115-20261006-163308.csv,8.625533333333333
2026-10-06 16:33:24.523,8.8765e-11,Torr,12.small_stm_window_2,12.small_stm_window_2/MassSpecData-02115-20261006-163308.csv,8.629016666666667
2026-10-06 16:33:24.731,8.2081e-11,Torr,12.small_stm_window_2,12.small_stm_window_2/MassSpecData-02115-20261006-163308.csv,8.632483333333333
2026-10-06 16:33:24.939,6.9562e-11,Torr,12.small_stm_window_2,12.small_stm_window_2/MassSpecData-02115-20261006-163308.csv,8.635950000000001
2026-10-06 16:33:25.148,8.2984e-11,Torr,12.small_stm_window_2,12.small_stm_window_2/MassSpecData-02115-20261006-163308.csv,8.639433333333333
2026-10-06 16:33:25.356,9.6983e-11,Torr,12.small_stm_window_2,12.small_stm_window_2/MassSpecData-02115-20261006-163308.csv,8.6429
2026-10-06 16:33:25.564,8.0574e-11,Torr,12.small_stm_window_2,12.small_stm_window_2/MassSpecData-02115-20261006-163308.csv,8.646366666666667
2026-10-06 16:33:25.773,7.588e-11,Torr,12.small_stm_window_2,12.small_stm_window_2/MassSpecData-02115-20261006-163308.csv,8.649849999999999
2026-10-06 16:33:25.981,8.1628e-11,Torr,12.small_stm_window_2,12.small_stm_window_2/MassSpecData-02115-20261006-163308.csv,8.653316666666665
2026-10-06 16:33:26.189,8.451e-11,Torr,12.small_stm_window_2,12.small_stm_window_2/MassSpecData-02115-20261006-163308.csv,8.656783333333333
2026-10-06 16:33:26.398,8.1849e-11,Torr,12.small_stm_window_2,12.small_stm_window_2/MassSpecData-02115-20261006-163308.csv,8.660266666666667
2026-10-06 16:33:26.606,7.6917e-11,Torr,12.small_stm_window_2,12.small_stm_window_2/MassSpecData-02115-20261006-163308.csv,8.663733333333333
2026-10-06 16:33:26.814,8.7889e-11,Torr,12.small_stm_window_2,12.small_stm_window_2/MassSpecData-02115-20261006-163308.csv,8.667200000000001
2026-10-06 16:33:27.023,7.6308e-11,Torr,12.small_stm_window_2,12.small_stm_window_2/MassSpecData-02115-20261006-163308.csv,8.670683333333333
2026-10-06 16:33:27.231,8.5328e-11,Torr,12.small_stm_window_2,12.small_stm_window_2/MassSpecData-02115-20261006-163308.csv,8.67415
2026-10-06 16:33:27.439,7.2856e-11,Torr,12.small_stm_window_2,12.small_stm_window_2/MassSpecData-02115-20261006-163308.csv,8.677616666666667
2026-10-06 16:33:27.648,8.2111e-11,Torr,12.small_stm_window_2,12.small_stm_window_2/MassSpecData-02115-20261006-163308.csv,8.681099999999999
2026-10-06 16:33:27.856,8.5778e-11,Torr,12.small_stm_window_2,12.small_stm_window_2/MassSpecData-02115-20261006-163308.csv,8.684566666666665
2026-10-06 16:33:28.064,7.6235e-11,Torr,12.small_stm_window_2,12.small_stm_window_2/MassSpecData-02115-20261006-163308.csv,8.688033333333333
2026-10-06 16:33:28.272,7.3986e-11,Torr,12.small_stm_window_2,12.small_stm_window_2/MassSpecData-02115-20261006-163308.csv,8.6915
2026-10-06 16:33:28.481,9.4147e-11,Torr,12.small_stm_window_2,12.small_stm_window_2/MassSpecData-02115-20261006-163308.csv,8.694983333333333
2026-10-06 16:33:28.689,7.9915e-11,Torr,12.small_stm_window_2,12.small_stm_window_2/MassSpecData-02115-20261006-163308.csv,8.698450000000001
2026-10-06 16:33:28.897,8.0603e-11,Torr,12.small_stm_window_2,12.small_stm_window_2/MassSpecData-02115-20261006-163308.csv,8.701916666666667
2026-10-06 16:33:29.106,9.139e-11,Torr,12.small_stm_window_2,12.small_stm_window_2/MassSpecData-02115-20261006-163308.csv,8.7054
2026-10-06 16:33:29.314,7.5431e-11,Torr,12.small_stm_window_2,12.small_stm_window_2/MassSpecData-02115-20261006-163308.csv,8.708866666666667
2026-10-06 16:33:29.522,7.5693e-11,Torr,12.small_stm_window_2,12.small_stm_window_2/MassSpecData-02115-20261006-163308.csv,8.712333333333333
2026-10-06 16:33:29.731,8.4596e-11,Torr,12.small_stm_window_2,12.small_stm_window_2/MassSpecData-02115-20261006-163308.csv,8.715816666666665
2026-10-06 16:33:29.939,8.1528e-11,Torr,12.small_stm_window_2,12.small_stm_window_2/MassSpecData-02115-20261006-163308.csv,8.719283333333333
2026-10-06 16:33:30.147,8.4924e-11,Torr,12.small_stm_window_2,12.small_stm_window_2/MassSpecData-02115-20261006-163308.csv,8.72275
2026-10-06 16:33:30.356,8.23e-11,Torr,12.small_stm_window_2,12.small_stm_window_2/MassSpecData-02115-20261006-163308.csv,8.726233333333333
2026-10-06 16:33:30.564,7.4833e-11,Torr,12.small_stm_window_2,12.small_stm_window_2/MassSpecData-02115-20261006-163308.csv,8.729700000000001
2026-10-06 16:33:30.772,7.4329e-11,Torr,12.small_stm_window_2,12.small_stm_window_2/MassSpecData-02115-20261006-163308.csv,8.733166666666667
2026-10-06 16:33:30.981,9.2423e-11,Torr,12.small_stm_window_2,12.small_stm_window_2/MassSpecData-02115-20261006-163308.csv,8.73665
2026-10-06 16:33:31.189,7.7741e-11,Torr,12.small_stm_window_2,12.small_stm_window_2/MassSpecData-02115-20261006-163308.csv,8.740116666666667
2026-10-06 16:33:31.397,7.0294e-11,Torr,12.small_stm_window_2,12.small_stm_window_2/MassSpecData-02115-20261006-163308.csv,8.743583333333333
2026-10-06 16:33:31.606,9.3785e-11,Torr,12.small_stm_window_2,12.small_stm_window_2/MassSpecData-02115-20261006-163308.csv,8.747066666666665
2026-10-06 16:33:31.814,7.5394e-11,Torr,12.small_stm_window_2,12.small_stm_window_2/MassSpecData-02115-20261006-163308.csv,8.750533333333333
2026-10-06 16:33:32.022,8.7652e-11,Torr,12.small_stm_window_2,12.small_stm_window_2/MassSpecData-02115-20261006-163308.csv,8.754
2026-10-06 16:33:32.231,7.2812e-11,Torr,12.small_stm_window_2,12.small_stm_window_2/MassSpecData-02115-20261006-163308.csv,8.757483333333333
2026-10-06 16:33:32.439,8.6787e-11,Torr,12.small_stm_window_2,12.small_stm_window_2/MassSpecData-02115-20261006-163308.csv,8.760950000000001
2026-10-06 16:33:32.647,8.4829e-11,Torr,12.small_stm_window_2,12.small_stm_window_2/MassSpecData-02115-20261006-163308.csv,8.764416666666667
2026-10-06 16:33:32.856,8.83e-11,Torr,12.small_stm_window_2,12.small_stm_window_2/MassSpecData-02115-20261006-163308.csv,8.7679
2026-10-06 16:33:33.064,9.4059e-11,Torr,12.small_stm_window_2,12.small_stm_window_2/MassSpecData-02115-20261006-163308.csv,8.771366666666667
2026-10-06 16:33:33.272,8.4158e-11,Torr,12.small_stm_window_2,12.small_stm_window_2/MassSpecData-02115-20261006-163308.csv,8.774833333333333
2026-10-06 16:33:33.481,8.7256e-11,Torr,12.small_stm_window_2,12.small_stm_window_2/MassSpecData-02115-20261006-163308.csv,8.778316666666665
2026-10-06 16:33:33.689,7.3463e-11,Torr,12.small_stm_window_2,12.small_stm_window_2/MassSpecData-02115-20261006-163308.csv,8.781783333333333
2026-10-06 16:33:33.897,1.003e-10,Torr,12.small_stm_window_2,12.small_stm_window_2/MassSpecData-02115-20261006-163308.csv,8.78525
2026-10-06 16:33:34.106,7.3822e-11,Torr,12.small_stm_window_2,12.small_stm_window_2/MassSpecData-02115-20261006-163308.csv,8.788733333333333
2026-10-06 16:33:34.314,7.5586e-11,Torr,12.small_stm_window_2,12.small_stm_window_2/MassSpecData-02115-20261006-163308.csv,8.792200000000001
2026-10-06 16:33:34.522,8.2444e-11,Torr,12.small_stm_window_2,12.small_stm_window_2/MassSpecData-02115-20261006-163308.csv,8.795666666666667
2026-10-06 16:33:34.731,8.9713e-11,Torr,12.small_stm_window_2,12.small_stm_window_2/MassSpecData-02115-20261006-163308.csv,8.79915
2026-10-06 16:33:34.939,7.7553e-11,Torr,12.small_stm_window_2,12.small_stm_window_2/MassSpecData-02115-20261006-163308.csv,8.802616666666667
2026-10-06 16:33:35.147,9.2403e-11,Torr,12.small_stm_window_2,12.small_stm_window_2/MassSpecData-02115-20261006-163308.csv,8.806083333333333
2026-10-06 16:33:35.356,7.6468e-11,Torr,12.small_stm_window_2,12.small_stm_window_2/MassSpecData-02115-20261006-163308.csv,8.809566666666665
2026-10-06 16:33:35.564,8.3252e-11,Torr,12.small_stm_window_2,12.small_stm_window_2/MassSpecData-02115-20261006-163308.csv,8.813033333333333
2026-10-06 16:33:35.772,8.388e-11,Torr,12.small_stm_window_2,12.small_stm_window_2/MassSpecData-02115-20261006-163308.csv,8.8165
2026-10-06 16:33:35.981,7.6208e-11,Torr,12.small_stm_window_2,12.small_stm_window_2/MassSpecData-02115-20261006-163308.csv,8.819983333333333
2026-10-06 16:33:36.189,8.4608e-11,Torr,12.small_stm_window_2,12.small_stm_window_2/MassSpecData-02115-20261006-163308.csv,8.823450000000001
2026-10-06 16:33:36.397,7.5196e-11,Torr,12.small_stm_window_2,12.small_stm_window_2/MassSpecData-02115-20261006-163308.csv,8.826916666666667
2026-10-06 16:33:36.606,7.9517e-11,Torr,12.small_stm_window_2,12.small_stm_window_2/MassSpecData-02115-20261006-163308.csv,8.8304
2026-10-06 16:33:36.814,8.6984e-11,Torr,12.small_stm_window_2,12.small_stm_window_2/MassSpecData-02115-20261006-163308.csv,8.833866666666667
2026-10-06 16:33:37.022,8.7955e-11,Torr,12.small_stm_window_2,12.small_stm_window_2/MassSpecData-02115-20261006-163308.csv,8.837333333333333
2026-10-06 16:33:37.231,8.0249e-11,Torr,12.small_stm_window_2,12.small_stm_window_2/MassSpecData-02115-20261006-163308.csv,8.840816666666665
2026-10-06 16:33:37.439,9.4717e-11,Torr,12.small_stm_window_2,12.small_stm_window_2/MassSpecData-02115-20261006-163308.csv,8.844283333333333
2026-10-06 16:33:37.647,7.6672e-11,Torr,12.small_stm_window_2,12.small_stm_window_2/MassSpecData-02115-20261006-163308.csv,8.84775
2026-10-06 16:33:37.856,8.218e-11,Torr,12.small_stm_window_2,12.small_stm_window_2/MassSpecData-02115-20261006-163308.csv,8.851233333333333
2026-10-06 16:33:38.064,9.1737e-11,Torr,12.small_stm_window_2,12.small_stm_window_2/MassSpecData-02115-20261006-163308.csv,8.854700000000001
2026-10-06 16:33:38.272,8.4687e-11,Torr,12.small_stm_window_2,12.small_stm_window_2/MassSpecData-02115-20261006-163308.csv,8.858166666666667
2026-10-06 16:33:38.481,7.8678e-11,Torr,12.small_stm_window_2,12.small_stm_window_2/MassSpecData-02115-20261006-163308.csv,8.86165
2026-10-06 16:33:38.689,8.9111e-11,Torr,12.small_stm_window_2,12.small_stm_window_2/MassSpecData-02115-20261006-163308.csv,8.865116666666667
2026-10-06 16:33:38.897,7.4025e-11,Torr,12.small_stm_window_2,12.small_stm_window_2/MassSpecData-02115-20261006-163308.csv,8.868583333333333
2026-10-06 16:33:39.106,7.39e-11,Torr,12.small_stm_window_2,12.small_stm_window_2/MassSpecData-02115-20261006-163308.csv,8.872066666666665
2026-10-06 16:33:39.314,8.5531e-11,Torr,12.small_stm_window_2,12.small_stm_window_2/MassSpecData-02115-20261006-163308.csv,8.875533333333333
2026-10-06 16:33:39.522,7.6868e-11,Torr,12.small_stm_window_2,12.small_stm_window_2/MassSpecData-02115-20261006-163308.csv,8.879
2026-10-06 16:33:39.731,8.2009e-11,Torr,12.small_stm_window_2,12.small_stm_window_2/MassSpecData-02115-20261006-163308.csv,8.882483333333333
2026-10-06 16:33:39.939,1.0074e-10,Torr,12.small_stm_window_2,12.small_stm_window_2/MassSpecData-02115-20261006-163308.csv,8.885950000000001
2026-10-06 16:33:40.147,8.6161e-11,Torr,12.small_stm_window_2,12.small_stm_window_2/MassSpecData-02115-20261006-163308.csv,8.889416666666667
2026-10-06 16:33:40.356,8.2361e-11,Torr,12.small_stm_window_2,12.small_stm_window_2/MassSpecData-02115-20261006-163308.csv,8.8929
2026-10-06 16:33:40.564,8.3446e-11,Torr,12.small_stm_window_2,12.small_stm_window_2/MassSpecData-02115-20261006-163308.csv,8.896366666666667
2026-10-06 16:33:40.772,9.2694e-11,Torr,12.small_stm_window_2,12.small_stm_window_2/MassSpecData-02115-20261006-163308.csv,8.899833333333333
2026-10-06 16:33:40.981,8.9815e-11,Torr,12.small_stm_window_2,12.small_stm_window_2/MassSpecData-02115-20261006-163308.csv,8.903316666666665
2026-10-06 16:33:41.189,9.9521e-11,Torr,12.small_stm_window_2,12.small_stm_window_2/MassSpecData-02115-20261006-163308.csv,8.906783333333333
2026-10-06 16:33:41.397,8.4781e-11,Torr,12.small_stm_window_2,12.small_stm_window_2/MassSpecData-02115-20261006-163308.csv,8.91025
2026-10-06 16:33:41.606,7.5714e-11,Torr,12.small_stm_window_2,12.small_stm_window_2/MassSpecData-02115-20261006-163308.csv,8.913733333333333
2026-10-06 16:33:41.814,8.1359e-11,Torr,12.small_stm_window_2,12.small_stm_window_2/MassSpecData-02115-20261006-163308.csv,8.917200000000001
2026-10-06 16:33:42.022,7.8038e-11,Torr,12.small_stm_window_2,12.small_stm_window_2/MassSpecData-02115-20261006-163308.csv,8.920666666666667
2026-10-06 16:33:42.231,8.3463e-11,Torr,12.small_stm_window_2,12.small_stm_window_2/MassSpecData-02115-20261006-163308.csv,8.92415
2026-10-06 16:33:42.439,7.5527e-11,Torr,12.small_stm_window_2,12.small_stm_window_2/MassSpecData-02115-20261006-163308.csv,8.927616666666667
2026-10-06 16:33:42.647,7.5706e-11,Torr,12.small_stm_window_2,12.small_stm_window_2/MassSpecData-02115-20261006-163308.csv,8.931083333333333
2026-10-06 16:33:42.856,9.0499e-11,Torr,12.small_stm_window_2,12.small_stm_window_2/MassSpecData-02115-20261006-163308.csv,8.934566666666665
2026-10-06 16:33:43.064,1.0085e-10,Torr,12.small_stm_window_2,12.small_stm_window_2/MassSpecData-02115-20261006-163308.csv,8.938033333333333
2026-10-06 16:33:43.272,7.1568e-11,Torr,12.small_stm_window_2,12.small_stm_window_2/MassSpecData-02115-20261006-163308.csv,8.9415
2026-10-06 16:33:43.481,7.9006e-11,Torr,12.small_stm_window_2,12.small_stm_window_2/MassSpecData-02115-20261006-163308.csv,8.944983333333333
2026-10-06 16:33:43.689,7.4768e-11,Torr,12.small_stm_window_2,12.small_stm_window_2/MassSpecData-02115-20261006-163308.csv,8.948450000000001
2026-10-06 16:33:43.897,8.3889e-11,Torr,12.small_stm_window_2,12.small_stm_window_2/MassSpecData-02115-20261006-163308.csv,8.951916666666667
2026-10-06 16:33:44.106,8.2077e-11,Torr,12.small_stm_window_2,12.small_stm_window_2/MassSpecData-02115-20261006-163308.csv,8.9554
2026-10-06 16:33:44.314,8.8324e-11,Torr,12.small_stm_window_2,12.small_stm_window_2/MassSpecData-02115-20261006-163308.csv,8.958866666666667
2026-10-06 16:33:44.522,9.2088e-11,Torr,12.small_stm_window_2,12.small_stm_window_2/MassSpecData-02115-20261006-163308.csv,8.962333333333333
2026-10-06 16:33:44.731,8.1231e-11,Torr,12.small_stm_window_2,12.small_stm_window_2/MassSpecData-02115-20261006-163308.csv,8.965816666666665
2026-10-06 16:33:44.939,9.7142e-11,Torr,12.small_stm_window_2,12.small_stm_window_2/MassSpecData-02115-20261006-163308.csv,8.969283333333333
2026-10-06 16:33:45.147,8.2872e-11,Torr,12.small_stm_window_2,12.small_stm_window_2/MassSpecData-02115-20261006-163308.csv,8.97275
2026-10-06 16:33:45.356,8.6708e-11,Torr,12.small_stm_window_2,12.small_stm_window_2/MassSpecData-02115-20261006-163308.csv,8.976233333333333
2026-10-06 16:33:45.564,8.7284e-11,Torr,12.small_stm_window_2,12.small_stm_window_2/MassSpecData-02115-20261006-163308.csv,8.979700000000001
2026-10-06 16:33:45.772,7.9653e-11,Torr,12.small_stm_window_2,12.small_stm_window_2/MassSpecData-02115-20261006-163308.csv,8.983166666666667
2026-10-06 16:33:45.981,7.5142e-11,Torr,12.small_stm_window_2,12.small_stm_window_2/MassSpecData-02115-20261006-163308.csv,8.98665
2026-10-06 16:33:46.189,8.5549e-11,Torr,12.small_stm_window_2,12.small_stm_window_2/MassSpecData-02115-20261006-163308.csv,8.990116666666667
2026-10-06 16:33:46.398,8.9337e-11,Torr,12.small_stm_window_2,12.small_stm_window_2/MassSpecData-02115-20261006-163308.csv,8.993599999999999
2026-10-06 16:33:46.606,9.7369e-11,Torr,12.small_stm_window_2,12.small_stm_window_2/MassSpecData-02115-20261006-163308.csv,8.997066666666665
2026-10-06 16:33:46.814,7.5421e-11,Torr,12.small_stm_window_2,12.small_stm_window_2/MassSpecData-02115-20261006-163308.csv,9.000533333333333
2026-10-06 16:33:47.023,8.6938e-11,Torr,12.small_stm_window_2,12.small_stm_window_2/MassSpecData-02115-20261006-163308.csv,9.004016666666667
2026-10-06 16:33:47.231,9.1468e-11,Torr,12.small_stm_window_2,12.small_stm_window_2/MassSpecData-02115-20261006-163308.csv,9.007483333333333
2026-10-06 16:33:47.439,7.986e-11,Torr,12.small_stm_window_2,12.small_stm_window_2/MassSpecData-02115-20261006-163308.csv,9.010950000000001
2026-10-06 16:33:47.648,7.8966e-11,Torr,12.small_stm_window_2,12.small_stm_window_2/MassSpecData-02115-20261006-163308.csv,9.014433333333333
2026-10-06 16:33:47.856,7.4479e-11,Torr,12.small_stm_window_2,12.small_stm_window_2/MassSpecData-02115-20261006-163308.csv,9.0179
2026-10-06 16:33:48.064,6.9927e-11,Torr,12.small_stm_window_2,12.small_stm_window_2/MassSpecData-02115-20261006-163308.csv,9.021366666666667
2026-10-06 16:33:48.273,8.3935e-11,Torr,12.small_stm_window_2,12.small_stm_window_2/MassSpecData-02115-20261006-163308.csv,9.024849999999999
2026-10-06 16:33:48.481,8.021e-11,Torr,12.small_stm_window_2,12.small_stm_window_2/MassSpecData-02115-20261006-163308.csv,9.028316666666665
2026-10-06 16:33:48.689,8.8808e-11,Torr,12.small_stm_window_2,12.small_stm_window_2/MassSpecData-02115-20261006-163308.csv,9.031783333333333
2026-10-06 16:33:48.898,9.1512e-11,Torr,12.small_stm_window_2,12.small_stm_window_2/MassSpecData-02115-20261006-163308.csv,9.035266666666667
2026-10-06 16:33:49.106,8.714e-11,Torr,12.small_stm_window_2,12.small_stm_window_2/MassSpecData-02115-20261006-163308.csv,9.038733333333333
2026-10-06 16:33:49.314,8.4418e-11,Torr,12.small_stm_window_2,12.small_stm_window_2/MassSpecData-02115-20261006-163308.csv,9.042200000000001
2026-10-06 16:33:49.523,8.4711e-11,Torr,12.small_stm_window_2,12.small_stm_window_2/MassSpecData-02115-20261006-163308.csv,9.045683333333333
2026-10-06 16:33:49.731,8.7268e-11,Torr,12.small_stm_window_2,12.small_stm_window_2/MassSpecData-02115-20261006-163308.csv,9.04915
2026-10-06 16:33:49.939,8.9599e-11,Torr,12.small_stm_window_2,12.small_stm_window_2/MassSpecData-02115-20261006-163308.csv,9.052616666666667
2026-10-06 16:33:50.278,6.6594e-11,Torr,12.small_stm_window_2,12.small_stm_window_2/MassSpecData-02115-20261006-163350.csv,9.058266666666666
2026-10-06 16:33:50.486,9.2554e-11,Torr,12.small_stm_window_2,12.small_stm_window_2/MassSpecData-02115-20261006-163350.csv,9.061733333333333
2026-10-06 16:33:50.695,7.6743e-11,Torr,12.small_stm_window_2,12.small_stm_window_2/MassSpecData-02115-20261006-163350.csv,9.065216666666666
2026-10-06 16:33:50.903,7.4418e-11,Torr,12.small_stm_window_2,12.small_stm_window_2/MassSpecData-02115-20261006-163350.csv,9.068683333333333
2026-10-06 16:33:51.111,8.1558e-11,Torr,12.small_stm_window_2,12.small_stm_window_2/MassSpecData-02115-20261006-163350.csv,9.072149999999999
2026-10-06 16:33:51.320,6.7553e-11,Torr,12.small_stm_window_2,12.small_stm_window_2/MassSpecData-02115-20261006-163350.csv,9.075633333333334
2026-10-06 16:33:51.528,7.9195e-11,Torr,12.small_stm_window_2,12.small_stm_window_2/MassSpecData-02115-20261006-163350.csv,9.0791
2026-10-06 16:33:51.736,7.453e-11,Torr,12.small_stm_window_2,12.small_stm_window_2/MassSpecData-02115-20261006-163350.csv,9.082566666666667
2026-10-06 16:33:51.944,7.9046e-11,Torr,12.small_stm_window_2,12.small_stm_window_2/MassSpecData-02115-20261006-163350.csv,9.086033333333335
2026-10-06 16:33:52.153,8.5303e-11,Torr,12.small_stm_window_2,12.small_stm_window_2/MassSpecData-02115-20261006-163350.csv,9.089516666666666
2026-10-06 16:33:52.361,8.6556e-11,Torr,12.small_stm_window_2,12.small_stm_window_2/MassSpecData-02115-20261006-163350.csv,9.092983333333333
2026-10-06 16:33:52.570,8.357e-11,Torr,12.small_stm_window_2,12.small_stm_window_2/MassSpecData-02115-20261006-163350.csv,9.096466666666666
2026-10-06 16:33:52.778,7.4418e-11,Torr,12.small_stm_window_2,12.small_stm_window_2/MassSpecData-02115-20261006-163350.csv,9.099933333333333
2026-10-06 16:33:52.986,8.3892e-11,Torr,12.small_stm_window_2,12.small_stm_window_2/MassSpecData-02115-20261006-163350.csv,9.103399999999999
2026-10-06 16:33:53.195,8.1331e-11,Torr,12.small_stm_window_2,12.small_stm_window_2/MassSpecData-02115-20261006-163350.csv,9.106883333333334
2026-10-06 16:33:53.403,1.0407e-10,Torr,12.small_stm_window_2,12.small_stm_window_2/MassSpecData-02115-20261006-163350.csv,9.11035
2026-10-06 16:33:53.611,8.8231e-11,Torr,12.small_stm_window_2,12.small_stm_window_2/MassSpecData-02115-20261006-163350.csv,9.113816666666667
2026-10-06 16:33:53.820,7.7089e-11,Torr,12.small_stm_window_2,12.small_stm_window_2/MassSpecData-02115-20261006-163350.csv,9.1173
2026-10-06 16:33:54.028,8.0351e-11,Torr,12.small_stm_window_2,12.small_stm_window_2/MassSpecData-02115-20261006-163350.csv,9.120766666666666
2026-10-06 16:33:54.236,7.2574e-11,Torr,12.small_stm_window_2,12.small_stm_window_2/MassSpecData-02115-20261006-163350.csv,9.124233333333333
2026-10-06 16:33:54.445,7.419e-11,Torr,12.small_stm_window_2,12.small_stm_window_2/MassSpecData-02115-20261006-163350.csv,9.127716666666666
2026-10-06 16:33:54.653,8.6828e-11,Torr,12.small_stm_window_2,12.small_stm_window_2/MassSpecData-02115-20261006-163350.csv,9.131183333333333
2026-10-06 16:33:54.861,7.6011e-11,Torr,12.small_stm_window_2,12.small_stm_window_2/MassSpecData-02115-20261006-163350.csv,9.134649999999999
2026-10-06 16:33:55.070,7.3931e-11,Torr,12.small_stm_window_2,12.small_stm_window_2/MassSpecData-02115-20261006-163350.csv,9.138133333333334
2026-10-06 16:33:55.278,1.019e-10,Torr,12.small_stm_window_2,12.small_stm_window_2/MassSpecData-02115-20261006-163350.csv,9.1416
2026-10-06 16:33:55.486,7.5818e-11,Torr,12.small_stm_window_2,12.small_stm_window_2/MassSpecData-02115-20261006-163350.csv,9.145066666666667
2026-10-06 16:33:55.694,8.5134e-11,Torr,12.small_stm_window_2,12.small_stm_window_2/MassSpecData-02115-20261006-163350.csv,9.148533333333335
2026-10-06 16:33:55.903,8.7754e-11,Torr,12.small_stm_window_2,12.small_stm_window_2/MassSpecData-02115-20261006-163350.csv,9.152016666666666
2026-10-06 16:33:56.111,7.9294e-11,Torr,12.small_stm_window_2,12.small_stm_window_2/MassSpecData-02115-20261006-163350.csv,9.155483333333333
2026-10-06 16:33:56.319,8.8211e-11,Torr,12.small_stm_window_2,12.small_stm_window_2/MassSpecData-02115-20261006-163350.csv,9.15895
2026-10-06 16:33:56.528,8.3623e-11,Torr,12.small_stm_window_2,12.small_stm_window_2/MassSpecData-02115-20261006-163350.csv,9.162433333333333
2026-10-06 16:33:56.736,8.6041e-11,Torr,12.small_stm_window_2,12.small_stm_window_2/MassSpecData-02115-20261006-163350.csv,9.165899999999999
2026-10-06 16:33:56.944,7.1278e-11,Torr,12.small_stm_window_2,12.small_stm_window_2/MassSpecData-02115-20261006-163350.csv,9.169366666666667
2026-10-06 16:33:57.153,6.5798e-11,Torr,12.small_stm_window_2,12.small_stm_window_2/MassSpecData-02115-20261006-163350.csv,9.17285
2026-10-06 16:33:57.361,7.7729e-11,Torr,12.small_stm_window_2,12.small_stm_window_2/MassSpecData-02115-20261006-163350.csv,9.176316666666667
2026-10-06 16:33:57.569,8.6965e-11,Torr,12.small_stm_window_2,12.small_stm_window_2/MassSpecData-02115-20261006-163350.csv,9.179783333333335
2026-10-06 16:33:57.778,8.2671e-11,Torr,12.small_stm_window_2,12.small_stm_window_2/MassSpecData-02115-20261006-163350.csv,9.183266666666666
2026-10-06 16:33:57.986,1.0316e-10,Torr,12.small_stm_window_2,12.small_stm_window_2/MassSpecData-02115-20261006-163350.csv,9.186733333333333
2026-10-06 16:33:58.194,7.8566e-11,Torr,12.small_stm_window_2,12.small_stm_window_2/MassSpecData-02115-20261006-163350.csv,9.1902
2026-10-06 16:33:58.403,7.6416e-11,Torr,12.small_stm_window_2,12.small_stm_window_2/MassSpecData-02115-20261006-163350.csv,9.193683333333333
2026-10-06 16:33:58.611,8.8209e-11,Torr,12.small_stm_window_2,12.small_stm_window_2/MassSpecData-02115-20261006-163350.csv,9.197149999999999
2026-10-06 16:33:58.819,9.7114e-11,Torr,12.small_stm_window_2,12.small_stm_window_2/MassSpecData-02115-20261006-163350.csv,9.200616666666667
2026-10-06 16:33:59.028,9.0582e-11,Torr,12.small_stm_window_2,12.small_stm_window_2/MassSpecData-02115-20261006-163350.csv,9.2041
2026-10-06 16:33:59.236,6.9864e-11,Torr,12.small_stm_window_2,12.small_stm_window_2/MassSpecData-02115-20261006-163350.csv,9.207566666666667
2026-10-06 16:33:59.445,7.3467e-11,Torr,12.small_stm_window_2,12.small_stm_window_2/MassSpecData-02115-20261006-163350.csv,9.21105
2026-10-06 16:33:59.653,7.3821e-11,Torr,12.small_stm_window_2,12.small_stm_window_2/MassSpecData-02115-20261006-163350.csv,9.214516666666666
2026-10-06 16:33:59.861,8.23e-11,Torr,12.small_stm_window_2,12.small_stm_window_2/MassSpecData-02115-20261006-163350.csv,9.217983333333333
2026-10-06 16:34:00.070,7.7336e-11,Torr,12.small_stm_window_2,12.small_stm_window_2/MassSpecData-02115-20261006-163350.csv,9.221466666666666
2026-10-06 16:34:00.278,8.504e-11,Torr,12.small_stm_window_2,12.small_stm_window_2/MassSpecData-02115-20261006-163350.csv,9.224933333333333
2026-10-06 16:34:00.486,7.1057e-11,Torr,12.small_stm_window_2,12.small_stm_window_2/MassSpecData-02115-20261006-163350.csv,9.228399999999999
2026-10-06 16:34:00.695,7.887e-11,Torr,12.small_stm_window_2,12.small_stm_window_2/MassSpecData-02115-20261006-163350.csv,9.231883333333334
2026-10-06 16:34:00.903,8.8676e-11,Torr,12.small_stm_window_2,12.small_stm_window_2/MassSpecData-02115-20261006-163350.csv,9.23535
2026-10-06 16:34:01.111,8.3095e-11,Torr,12.small_stm_window_2,12.small_stm_window_2/MassSpecData-02115-20261006-163350.csv,9.238816666666667
2026-10-06 16:34:01.320,7.4508e-11,Torr,12.small_stm_window_2,12.small_stm_window_2/MassSpecData-02115-20261006-163350.csv,9.2423
2026-10-06 16:34:01.528,7.8588e-11,Torr,12.small_stm_window_2,12.small_stm_window_2/MassSpecData-02115-20261006-163350.csv,9.245766666666666
2026-10-06 16:34:01.736,8.0995e-11,Torr,12.small_stm_window_2,12.small_stm_window_2/MassSpecData-02115-20261006-163350.csv,9.249233333333333
2026-10-06 16:34:01.945,8.5669e-11,Torr,12.small_stm_window_2,12.small_stm_window_2/MassSpecData-02115-20261006-163350.csv,9.252716666666666
2026-10-06 16:34:02.153,8.9026e-11,Torr,12.small_stm_window_2,12.small_stm_window_2/MassSpecData-02115-20261006-163350.csv,9.256183333333333
2026-10-06 16:34:02.361,9.1507e-11,Torr,12.small_stm_window_2,12.small_stm_window_2/MassSpecData-02115-20261006-163350.csv,9.259649999999999
2026-10-06 16:34:02.570,1.014e-10,Torr,12.small_stm_window_2,12.small_stm_window_2/MassSpecData-02115-20261006-163350.csv,9.263133333333334
2026-10-06 16:34:02.778,7.8703e-11,Torr,12.small_stm_window_2,12.small_stm_window_2/MassSpecData-02115-20261006-163350.csv,9.2666
2026-10-06 16:34:02.986,8.2956e-11,Torr,12.small_stm_window_2,12.small_stm_window_2/MassSpecData-02115-20261006-163350.csv,9.270066666666667
2026-10-06 16:34:03.195,8.264e-11,Torr,12.small_stm_window_2,12.small_stm_window_2/MassSpecData-02115-20261006-163350.csv,9.27355
2026-10-06 16:34:03.403,8.0926e-11,Torr,12.small_stm_window_2,12.small_stm_window_2/MassSpecData-02115-20261006-163350.csv,9.277016666666666
2026-10-06 16:34:03.611,9.4574e-11,Torr,12.small_stm_window_2,12.small_stm_window_2/MassSpecData-02115-20261006-163350.csv,9.280483333333333
2026-10-06 16:34:03.820,9.4852e-11,Torr,12.small_stm_window_2,12.small_stm_window_2/MassSpecData-02115-20261006-163350.csv,9.283966666666666
2026-10-06 16:34:04.028,7.2945e-11,Torr,12.small_stm_window_2,12.small_stm_window_2/MassSpecData-02115-20261006-163350.csv,9.287433333333333
2026-10-06 16:34:04.236,7.816e-11,Torr,12.small_stm_window_2,12.small_stm_window_2/MassSpecData-02115-20261006-163350.csv,9.290899999999999
2026-10-06 16:34:04.445,7.8648e-11,Torr,12.small_stm_window_2,12.small_stm_window_2/MassSpecData-02115-20261006-163350.csv,9.294383333333334
2026-10-06 16:34:04.653,8.58e-11,Torr,12.small_stm_window_2,12.small_stm_window_2/MassSpecData-02115-20261006-163350.csv,9.29785
2026-10-06 16:34:04.861,7.4601e-11,Torr,12.small_stm_window_2,12.small_stm_window_2/MassSpecData-02115-20261006-163350.csv,9.301316666666667
2026-10-06 16:34:05.070,7.7948e-11,Torr,12.small_stm_window_2,12.small_stm_window_2/MassSpecData-02115-20261006-163350.csv,9.3048
2026-10-06 16:34:05.278,8.0374e-11,Torr,12.small_stm_window_2,12.small_stm_window_2/MassSpecData-02115-20261006-163350.csv,9.308266666666666
2026-10-06 16:34:05.486,8.7335e-11,Torr,12.small_stm_window_2,12.small_stm_window_2/MassSpecData-02115-20261006-163350.csv,9.311733333333333
2026-10-06 16:34:05.695,7.6092e-11,Torr,12.small_stm_window_2,12.small_stm_window_2/MassSpecData-02115-20261006-163350.csv,9.315216666666666
2026-10-06 16:34:05.903,7.4693e-11,Torr,12.small_stm_window_2,12.small_stm_window_2/MassSpecData-02115-20261006-163350.csv,9.318683333333333
2026-10-06 16:34:06.111,7.3211e-11,Torr,12.small_stm_window_2,12.small_stm_window_2/MassSpecData-02115-20261006-163350.csv,9.322149999999999
2026-10-06 16:34:06.320,7.4347e-11,Torr,12.small_stm_window_2,12.small_stm_window_2/MassSpecData-02115-20261006-163350.csv,9.325633333333334
2026-10-06 16:34:06.528,8.0796e-11,Torr,12.small_stm_window_2,12.small_stm_window_2/MassSpecData-02115-20261006-163350.csv,9.3291
2026-10-06 16:34:06.736,7.0675e-11,Torr,12.small_stm_window_2,12.small_stm_window_2/MassSpecData-02115-20261006-163350.csv,9.332566666666667
2026-10-06 16:34:06.945,9.4938e-11,Torr,12.small_stm_window_2,12.small_stm_window_2/MassSpecData-02115-20261006-163350.csv,9.33605
2026-10-06 16:34:07.153,9.9078e-11,Torr,12.small_stm_window_2,12.small_stm_window_2/MassSpecData-02115-20261006-163350.csv,9.339516666666666
2026-10-06 16:34:07.361,8.1747e-11,Torr,12.small_stm_window_2,12.small_stm_window_2/MassSpecData-02115-20261006-163350.csv,9.342983333333333
2026-10-06 16:34:07.570,9.9154e-11,Torr,12.small_stm_window_2,12.small_stm_window_2/MassSpecData-02115-20261006-163350.csv,9.346466666666666
2026-10-06 16:34:07.778,8.7351e-11,Torr,12.small_stm_window_2,12.small_stm_window_2/MassSpecData-02115-20261006-163350.csv,9.349933333333333
2026-10-06 16:34:07.986,7.4211e-11,Torr,12.small_stm_window_2,12.small_stm_window_2/MassSpecData-02115-20261006-163350.csv,9.353399999999999
2026-10-06 16:34:08.195,8.5558e-11,Torr,12.small_stm_window_2,12.small_stm_window_2/MassSpecData-02115-20261006-163350.csv,9.356883333333334
2026-10-06 16:34:08.403,9.1168e-11,Torr,12.small_stm_window_2,12.small_stm_window_2/MassSpecData-02115-20261006-163350.csv,9.36035
2026-10-06 16:34:08.611,8.1431e-11,Torr,12.small_stm_window_2,12.small_stm_window_2/MassSpecData-02115-20261006-163350.csv,9.363816666666667
2026-10-06 16:34:08.820,7.6437e-11,Torr,12.small_stm_window_2,12.small_stm_window_2/MassSpecData-02115-20261006-163350.csv,9.3673
2026-10-06 16:34:09.028,8.3665e-11,Torr,12.small_stm_window_2,12.small_stm_window_2/MassSpecData-02115-20261006-163350.csv,9.370766666666666
2026-10-06 16:34:09.236,9.4336e-11,Torr,12.small_stm_window_2,12.small_stm_window_2/MassSpecData-02115-20261006-163350.csv,9.374233333333333
2026-10-06 16:34:09.445,9.1802e-11,Torr,12.small_stm_window_2,12.small_stm_window_2/MassSpecData-02115-20261006-163350.csv,9.377716666666666
2026-10-06 16:34:09.653,8.8936e-11,Torr,12.small_stm_window_2,12.small_stm_window_2/MassSpecData-02115-20261006-163350.csv,9.381183333333333
2026-10-06 16:34:09.861,7.7738e-11,Torr,12.small_stm_window_2,12.small_stm_window_2/MassSpecData-02115-20261006-163350.csv,9.384649999999999
2026-10-06 16:34:10.069,9.1037e-11,Torr,12.small_stm_window_2,12.small_stm_window_2/MassSpecData-02115-20261006-163350.csv,9.388116666666667
2026-10-06 16:34:10.278,7.8692e-11,Torr,12.small_stm_window_2,12.small_stm_window_2/MassSpecData-02115-20261006-163350.csv,9.3916
2026-10-06 16:34:10.486,8.9746e-11,Torr,12.small_stm_window_2,12.small_stm_window_2/MassSpecData-02115-20261006-163350.csv,9.395066666666667
2026-10-06 16:34:10.694,7.891e-11,Torr,12.small_stm_window_2,12.small_stm_window_2/MassSpecData-02115-20261006-163350.csv,9.398533333333335
2026-10-06 16:34:10.903,8.2067e-11,Torr,12.small_stm_window_2,12.small_stm_window_2/MassSpecData-02115-20261006-163350.csv,9.402016666666666
2026-10-06 16:34:11.111,8.1496e-11,Torr,12.small_stm_window_2,12.small_stm_window_2/MassSpecData-02115-20261006-163350.csv,9.405483333333333
2026-10-06 16:34:11.319,8.9641e-11,Torr,12.small_stm_window_2,12.small_stm_window_2/MassSpecData-02115-20261006-163350.csv,9.40895
2026-10-06 16:34:11.528,7.7765e-11,Torr,12.small_stm_window_2,12.small_stm_window_2/MassSpecData-02115-20261006-163350.csv,9.412433333333333
2026-10-06 16:34:11.736,8.3286e-11,Torr,12.small_stm_window_2,12.small_stm_window_2/MassSpecData-02115-20261006-163350.csv,9.415899999999999
2026-10-06 16:34:11.944,7.5612e-11,Torr,12.small_stm_window_2,12.small_stm_window_2/MassSpecData-02115-20261006-163350.csv,9.419366666666667
2026-10-06 16:34:12.153,8.7955e-11,Torr,12.small_stm_window_2,12.small_stm_window_2/MassSpecData-02115-20261006-163350.csv,9.42285
2026-10-06 16:34:12.361,8.5189e-11,Torr,12.small_stm_window_2,12.small_stm_window_2/MassSpecData-02115-20261006-163350.csv,9.426316666666667
2026-10-06 16:34:12.569,8.665e-11,Torr,12.small_stm_window_2,12.small_stm_window_2/MassSpecData-02115-20261006-163350.csv,9.429783333333335
2026-10-06 16:34:12.778,8.0593e-11,Torr,12.small_stm_window_2,12.small_stm_window_2/MassSpecData-02115-20261006-163350.csv,9.433266666666666
2026-10-06 16:34:12.986,8.1304e-11,Torr,12.small_stm_window_2,12.small_stm_window_2/MassSpecData-02115-20261006-163350.csv,9.436733333333333
2026-10-06 16:34:13.194,1.0031e-10,Torr,12.small_stm_window_2,12.small_stm_window_2/MassSpecData-02115-20261006-163350.csv,9.4402
2026-10-06 16:34:13.403,7.6061e-11,Torr,12.small_stm_window_2,12.small_stm_window_2/MassSpecData-02115-20261006-163350.csv,9.443683333333333
2026-10-06 16:34:13.611,8.7594e-11,Torr,12.small_stm_window_2,12.small_stm_window_2/MassSpecData-02115-20261006-163350.csv,9.447149999999999
2026-10-06 16:34:13.819,7.3067e-11,Torr,12.small_stm_window_2,12.small_stm_window_2/MassSpecData-02115-20261006-163350.csv,9.450616666666667
2026-10-06 16:34:14.028,9.4613e-11,Torr,12.small_stm_window_2,12.small_stm_window_2/MassSpecData-02115-20261006-163350.csv,9.4541
2026-10-06 16:34:14.236,7.2842e-11,Torr,12.small_stm_window_2,12.small_stm_window_2/MassSpecData-02115-20261006-163350.csv,9.457566666666667
2026-10-06 16:34:14.444,9.1378e-11,Torr,12.small_stm_window_2,12.small_stm_window_2/MassSpecData-02115-20261006-163350.csv,9.461033333333335
2026-10-06 16:34:14.653,6.5575e-11,Torr,12.small_stm_window_2,12.small_stm_window_2/MassSpecData-02115-20261006-163350.csv,9.464516666666666
2026-10-06 16:34:14.861,8.0741e-11,Torr,12.small_stm_window_2,12.small_stm_window_2/MassSpecData-02115-20261006-163350.csv,9.467983333333333
2026-10-06 16:34:15.069,8.7062e-11,Torr,12.small_stm_window_2,12.small_stm_window_2/MassSpecData-02115-20261006-163350.csv,9.47145
2026-10-06 16:34:15.278,7.9339e-11,Torr,12.small_stm_window_2,12.small_stm_window_2/MassSpecData-02115-20261006-163350.csv,9.474933333333333
2026-10-06 16:34:15.486,7.8705e-11,Torr,12.small_stm_window_2,12.small_stm_window_2/MassSpecData-02115-20261006-163350.csv,9.478399999999999
2026-10-06 16:34:15.694,8.1156e-11,Torr,12.small_stm_window_2,12.small_stm_window_2/MassSpecData-02115-20261006-163350.csv,9.481866666666667
2026-10-06 16:34:15.903,8.3353e-11,Torr,12.small_stm_window_2,12.small_stm_window_2/MassSpecData-02115-20261006-163350.csv,9.48535
2026-10-06 16:34:16.111,7.2409e-11,Torr,12.small_stm_window_2,12.small_stm_window_2/MassSpecData-02115-20261006-163350.csv,9.488816666666667
2026-10-06 16:34:16.319,8.6541e-11,Torr,12.small_stm_window_2,12.small_stm_window_2/MassSpecData-02115-20261006-163350.csv,9.492283333333335
2026-10-06 16:34:16.528,8.0489e-11,Torr,12.small_stm_window_2,12.small_stm_window_2/MassSpecData-02115-20261006-163350.csv,9.495766666666666
2026-10-06 16:34:16.736,9.1103e-11,Torr,12.small_stm_window_2,12.small_stm_window_2/MassSpecData-02115-20261006-163350.csv,9.499233333333333
2026-10-06 16:34:16.944,1.0539e-10,Torr,12.small_stm_window_2,12.small_stm_window_2/MassSpecData-02115-20261006-163350.csv,9.5027
2026-10-06 16:34:17.153,7.8316e-11,Torr,12.small_stm_window_2,12.small_stm_window_2/MassSpecData-02115-20261006-163350.csv,9.506183333333333
2026-10-06 16:34:17.361,8.6286e-11,Torr,12.small_stm_window_2,12.small_stm_window_2/MassSpecData-02115-20261006-163350.csv,9.509649999999999
2026-10-06 16:34:17.569,8.9631e-11,Torr,12.small_stm_window_2,12.small_stm_window_2/MassSpecData-02115-20261006-163350.csv,9.513116666666667
2026-10-06 16:34:17.778,6.9414e-11,Torr,12.small_stm_window_2,12.small_stm_window_2/MassSpecData-02115-20261006-163350.csv,9.5166
2026-10-06 16:34:17.986,8.5369e-11,Torr,12.small_stm_window_2,12.small_stm_window_2/MassSpecData-02115-20261006-163350.csv,9.520066666666667
2026-10-06 16:34:18.194,7.8399e-11,Torr,12.small_stm_window_2,12.small_stm_window_2/MassSpecData-02115-20261006-163350.csv,9.523533333333335
2026-10-06 16:34:18.403,7.6562e-11,Torr,12.small_stm_window_2,12.small_stm_window_2/MassSpecData-02115-20261006-163350.csv,9.527016666666666
2026-10-06 16:34:18.611,8.1283e-11,Torr,12.small_stm_window_2,12.small_stm_window_2/MassSpecData-02115-20261006-163350.csv,9.530483333333333
2026-10-06 16:34:18.819,8.8255e-11,Torr,12.small_stm_window_2,12.small_stm_window_2/MassSpecData-02115-20261006-163350.csv,9.53395
2026-10-06 16:34:19.028,9.0039e-11,Torr,12.small_stm_window_2,12.small_stm_window_2/MassSpecData-02115-20261006-163350.csv,9.537433333333333
2026-10-06 16:34:19.236,8.3397e-11,Torr,12.small_stm_window_2,12.small_stm_window_2/MassSpecData-02115-20261006-163350.csv,9.540899999999999
2026-10-06 16:34:19.444,8.1231e-11,Torr,12.small_stm_window_2,12.small_stm_window_2/MassSpecData-02115-20261006-163350.csv,9.544366666666667
2026-10-06 16:34:19.653,7.9589e-11,Torr,12.small_stm_window_2,12.small_stm_window_2/MassSpecData-02115-20261006-163350.csv,9.54785
2026-10-06 16:34:19.861,7.837e-11,Torr,12.small_stm_window_2,12.small_stm_window_2/MassSpecData-02115-20261006-163350.csv,9.551316666666667
2026-10-06 16:34:20.069,7.9865e-11,Torr,12.small_stm_window_2,12.small_stm_window_2/MassSpecData-02115-20261006-163350.csv,9.554783333333335
2026-10-06 16:34:20.278,8.2545e-11,Torr,12.small_stm_window_2,12.small_stm_window_2/MassSpecData-02115-20261006-163350.csv,9.558266666666666
2026-10-06 16:34:20.486,8.3318e-11,Torr,12.small_stm_window_2,12.small_stm_window_2/MassSpecData-02115-20261006-163350.csv,9.561733333333333
2026-10-06 16:34:20.694,9.0626e-11,Torr,12.small_stm_window_2,12.small_stm_window_2/MassSpecData-02115-20261006-163350.csv,9.5652
2026-10-06 16:34:20.903,8.8465e-11,Torr,12.small_stm_window_2,12.small_stm_window_2/MassSpecData-02115-20261006-163350.csv,9.568683333333333
2026-10-06 16:34:21.111,7.7685e-11,Torr,12.small_stm_window_2,12.small_stm_window_2/MassSpecData-02115-20261006-163350.csv,9.572149999999999
2026-10-06 16:34:21.319,8.7366e-11,Torr,12.small_stm_window_2,12.small_stm_window_2/MassSpecData-02115-20261006-163350.csv,9.575616666666667
2026-10-06 16:34:21.528,8.9738e-11,Torr,12.small_stm_window_2,12.small_stm_window_2/MassSpecData-02115-20261006-163350.csv,9.5791
2026-10-06 16:34:21.736,8.963e-11,Torr,12.small_stm_window_2,12.small_stm_window_2/MassSpecData-02115-20261006-163350.csv,9.582566666666667
2026-10-06 16:34:21.944,9.1812e-11,Torr,12.small_stm_window_2,12.small_stm_window_2/MassSpecData-02115-20261006-163350.csv,9.586033333333335
2026-10-06 16:34:22.153,8.1904e-11,Torr,12.small_stm_window_2,12.small_stm_window_2/MassSpecData-02115-20261006-163350.csv,9.589516666666666
2026-10-06 16:34:22.361,8.3809e-11,Torr,12.small_stm_window_2,12.small_stm_window_2/MassSpecData-02115-20261006-163350.csv,9.592983333333333
2026-10-06 16:34:22.569,9.9632e-11,Torr,12.small_stm_window_2,12.small_stm_window_2/MassSpecData-02115-20261006-163350.csv,9.59645
2026-10-06 16:34:22.778,9.6062e-11,Torr,12.small_stm_window_2,12.small_stm_window_2/MassSpecData-02115-20261006-163350.csv,9.599933333333333
2026-10-06 16:34:22.986,7.7059e-11,Torr,12.small_stm_window_2,12.small_stm_window_2/MassSpecData-02115-20261006-163350.csv,9.603399999999999
2026-10-06 16:34:23.194,9.5837e-11,Torr,12.small_stm_window_2,12.small_stm_window_2/MassSpecData-02115-20261006-163350.csv,9.606866666666667
2026-10-06 16:34:23.403,7.5052e-11,Torr,12.small_stm_window_2,12.small_stm_window_2/MassSpecData-02115-20261006-163350.csv,9.61035
2026-10-06 16:34:23.611,8.3337e-11,Torr,12.small_stm_window_2,12.small_stm_window_2/MassSpecData-02115-20261006-163350.csv,9.613816666666667
2026-10-06 16:34:23.819,8.8353e-11,Torr,12.small_stm_window_2,12.small_stm_window_2/MassSpecData-02115-20261006-163350.csv,9.617283333333335
2026-10-06 16:34:24.028,7.323e-11,Torr,12.small_stm_window_2,12.small_stm_window_2/MassSpecData-02115-20261006-163350.csv,9.620766666666666
2026-10-06 16:34:24.236,8.8273e-11,Torr,12.small_stm_window_2,12.small_stm_window_2/MassSpecData-02115-20261006-163350.csv,9.624233333333333
2026-10-06 16:34:24.444,9.6103e-11,Torr,12.small_stm_window_2,12.small_stm_window_2/MassSpecData-02115-20261006-163350.csv,9.6277
2026-10-06 16:34:24.653,8.2387e-11,Torr,12.small_stm_window_2,12.small_stm_window_2/MassSpecData-02115-20261006-163350.csv,9.631183333333333
2026-10-06 16:34:24.861,8.6583e-11,Torr,12.small_stm_window_2,12.small_stm_window_2/MassSpecData-02115-20261006-163350.csv,9.634649999999999
2026-10-06 16:34:25.069,9.6264e-11,Torr,12.small_stm_window_2,12.small_stm_window_2/MassSpecData-02115-20261006-163350.csv,9.638116666666667
2026-10-06 16:34:25.278,7.8608e-11,Torr,12.small_stm_window_2,12.small_stm_window_2/MassSpecData-02115-20261006-163350.csv,9.6416
2026-10-06 16:34:25.486,7.6034e-11,Torr,12.small_stm_window_2,12.small_stm_window_2/MassSpecData-02115-20261006-163350.csv,9.645066666666667
2026-10-06 16:34:25.694,7.079e-11,Torr,12.small_stm_window_2,12.small_stm_window_2/MassSpecData-02115-20261006-163350.csv,9.648533333333335
2026-10-06 16:34:25.903,8.9836e-11,Torr,12.small_stm_window_2,12.small_stm_window_2/MassSpecData-02115-20261006-163350.csv,9.652016666666666
2026-10-06 16:34:26.111,7.5226e-11,Torr,12.small_stm_window_2,12.small_stm_window_2/MassSpecData-02115-20261006-163350.csv,9.655483333333333
2026-10-06 16:34:26.319,8.5139e-11,Torr,12.small_stm_window_2,12.small_stm_window_2/MassSpecData-02115-20261006-163350.csv,9.65895
2026-10-06 16:34:26.528,7.8236e-11,Torr,12.small_stm_window_2,12.small_stm_window_2/MassSpecData-02115-20261006-163350.csv,9.662433333333333
2026-10-06 16:34:26.736,9.2889e-11,Torr,12.small_stm_window_2,12.small_stm_window_2/MassSpecData-02115-20261006-163350.csv,9.665899999999999
2026-10-06 16:34:26.944,8.5013e-11,Torr,12.small_stm_window_2,12.small_stm_window_2/MassSpecData-02115-20261006-163350.csv,9.669366666666667
2026-10-06 16:34:27.153,8.7539e-11,Torr,12.small_stm_window_2,12.small_stm_window_2/MassSpecData-02115-20261006-163350.csv,9.67285
2026-10-06 16:34:27.361,7.6662e-11,Torr,12.small_stm_window_2,12.small_stm_window_2/MassSpecData-02115-20261006-163350.csv,9.676316666666667
2026-10-06 16:34:27.569,8.6783e-11,Torr,12.small_stm_window_2,12.small_stm_window_2/MassSpecData-02115-20261006-163350.csv,9.679783333333335
2026-10-06 16:34:27.778,9.1549e-11,Torr,12.small_stm_window_2,12.small_stm_window_2/MassSpecData-02115-20261006-163350.csv,9.683266666666666
2026-10-06 16:34:27.986,9.4269e-11,Torr,12.small_stm_window_2,12.small_stm_window_2/MassSpecData-02115-20261006-163350.csv,9.686733333333333
2026-10-06 16:34:28.195,8.9634e-11,Torr,12.small_stm_window_2,12.small_stm_window_2/MassSpecData-02115-20261006-163350.csv,9.690216666666666
2026-10-06 16:34:28.403,7.2939e-11,Torr,12.small_stm_window_2,12.small_stm_window_2/MassSpecData-02115-20261006-163350.csv,9.693683333333333
2026-10-06 16:34:28.611,8.254e-11,Torr,12.small_stm_window_2,12.small_stm_window_2/MassSpecData-02115-20261006-163350.csv,9.697149999999999
2026-10-06 16:34:28.820,7.0668e-11,Torr,12.small_stm_window_2,12.small_stm_window_2/MassSpecData-02115-20261006-163350.csv,9.700633333333334
2026-10-06 16:34:29.028,8.7948e-11,Torr,12.small_stm_window_2,12.small_stm_window_2/MassSpecData-02115-20261006-163350.csv,9.7041
2026-10-06 16:34:29.236,8.2678e-11,Torr,12.small_stm_window_2,12.small_stm_window_2/MassSpecData-02115-20261006-163350.csv,9.707566666666667
2026-10-06 16:34:29.445,6.7956e-11,Torr,12.small_stm_window_2,12.small_stm_window_2/MassSpecData-02115-20261006-163350.csv,9.71105
2026-10-06 16:34:29.653,7.0378e-11,Torr,12.small_stm_window_2,12.small_stm_window_2/MassSpecData-02115-20261006-163350.csv,9.714516666666666
2026-10-06 16:34:29.861,7.9401e-11,Torr,12.small_stm_window_2,12.small_stm_window_2/MassSpecData-02115-20261006-163350.csv,9.717983333333333
2026-10-06 16:34:30.070,8.3138e-11,Torr,12.small_stm_window_2,12.small_stm_window_2/MassSpecData-02115-20261006-163350.csv,9.721466666666666
2026-10-06 16:34:30.278,8.5483e-11,Torr,12.small_stm_window_2,12.small_stm_window_2/MassSpecData-02115-20261006-163350.csv,9.724933333333333
2026-10-06 16:34:30.486,9.6426e-11,Torr,12.small_stm_window_2,12.small_stm_window_2/MassSpecData-02115-20261006-163350.csv,9.728399999999999
2026-10-06 16:34:30.695,1.0182e-10,Torr,12.small_stm_window_2,12.small_stm_window_2/MassSpecData-02115-20261006-163350.csv,9.731883333333334
2026-10-06 16:34:30.903,7.7075e-11,Torr,12.small_stm_window_2,12.small_stm_window_2/MassSpecData-02115-20261006-163350.csv,9.73535
2026-10-06 16:34:31.111,8.4964e-11,Torr,12.small_stm_window_2,12.small_stm_window_2/MassSpecData-02115-20261006-163350.csv,9.738816666666667
2026-10-06 16:34:31.320,8.9533e-11,Torr,12.small_stm_window_2,12.small_stm_window_2/MassSpecData-02115-20261006-163350.csv,9.7423
2026-10-06 16:34:31.528,8.5546e-11,Torr,12.small_stm_window_2,12.small_stm_window_2/MassSpecData-02115-20261006-163350.csv,9.745766666666666
2026-10-06 16:34:31.736,8.2925e-11,Torr,12.small_stm_window_2,12.small_stm_window_2/MassSpecData-02115-20261006-163350.csv,9.749233333333333
2026-10-06 16:34:32.145,8.0651e-11,Torr,12.small_stm_window_2,12.small_stm_window_2/MassSpecData-02115-20261006-163432.csv,9.75605
2026-10-06 16:34:32.353,8.1599e-11,Torr,12.small_stm_window_2,12.small_stm_window_2/MassSpecData-02115-20261006-163432.csv,9.759516666666666
2026-10-06 16:34:32.562,8.2134e-11,Torr,12.small_stm_window_2,12.small_stm_window_2/MassSpecData-02115-20261006-163432.csv,9.763
2026-10-06 16:34:32.770,8.7617e-11,Torr,12.small_stm_window_2,12.small_stm_window_2/MassSpecData-02115-20261006-163432.csv,9.766466666666668
2026-10-06 16:34:32.978,9.6977e-11,Torr,12.small_stm_window_2,12.small_stm_window_2/MassSpecData-02115-20261006-163432.csv,9.769933333333334
2026-10-06 16:34:33.187,7.6786e-11,Torr,12.small_stm_window_2,12.small_stm_window_2/MassSpecData-02115-20261006-163432.csv,9.773416666666666
2026-10-06 16:34:33.395,7.4012e-11,Torr,12.small_stm_window_2,12.small_stm_window_2/MassSpecData-02115-20261006-163432.csv,9.776883333333334
2026-10-06 16:34:33.603,7.8363e-11,Torr,12.small_stm_window_2,12.small_stm_window_2/MassSpecData-02115-20261006-163432.csv,9.78035
2026-10-06 16:34:33.811,9.0376e-11,Torr,12.small_stm_window_2,12.small_stm_window_2/MassSpecData-02115-20261006-163432.csv,9.783816666666667
2026-10-06 16:34:34.020,8.265e-11,Torr,12.small_stm_window_2,12.small_stm_window_2/MassSpecData-02115-20261006-163432.csv,9.7873
2026-10-06 16:34:34.228,7.7557e-11,Torr,12.small_stm_window_2,12.small_stm_window_2/MassSpecData-02115-20261006-163432.csv,9.790766666666666
2026-10-06 16:34:34.437,7.588e-11,Torr,12.small_stm_window_2,12.small_stm_window_2/MassSpecData-02115-20261006-163432.csv,9.79425
2026-10-06 16:34:34.645,9.2656e-11,Torr,12.small_stm_window_2,12.small_stm_window_2/MassSpecData-02115-20261006-163432.csv,9.797716666666668
2026-10-06 16:34:34.853,8.3632e-11,Torr,12.small_stm_window_2,12.small_stm_window_2/MassSpecData-02115-20261006-163432.csv,9.801183333333334
2026-10-06 16:34:35.062,1.2281e-10,Torr,12.small_stm_window_2,12.small_stm_window_2/MassSpecData-02115-20261006-163432.csv,9.804666666666666
2026-10-06 16:34:35.270,8.9733e-11,Torr,12.small_stm_window_2,12.small_stm_window_2/MassSpecData-02115-20261006-163432.csv,9.808133333333334
2026-10-06 16:34:35.478,7.7205e-11,Torr,12.small_stm_window_2,12.small_stm_window_2/MassSpecData-02115-20261006-163432.csv,9.8116
2026-10-06 16:34:35.687,7.1137e-11,Torr,12.small_stm_window_2,12.small_stm_window_2/MassSpecData-02115-20261006-163432.csv,9.815083333333332
2026-10-06 16:34:35.895,8.6341e-11,Torr,12.small_stm_window_2,12.small_stm_window_2/MassSpecData-02115-20261006-163432.csv,9.81855
2026-10-06 16:34:36.103,7.944e-11,Torr,12.small_stm_window_2,12.small_stm_window_2/MassSpecData-02115-20261006-163432.csv,9.822016666666666
2026-10-06 16:34:36.312,8.4808e-11,Torr,12.small_stm_window_2,12.small_stm_window_2/MassSpecData-02115-20261006-163432.csv,9.8255
2026-10-06 16:34:36.520,7.6513e-11,Torr,12.small_stm_window_2,12.small_stm_window_2/MassSpecData-02115-20261006-163432.csv,9.828966666666668
2026-10-06 16:34:36.728,8.1206e-11,Torr,12.small_stm_window_2,12.small_stm_window_2/MassSpecData-02115-20261006-163432.csv,9.832433333333334
2026-10-06 16:34:36.937,8.8121e-11,Torr,12.small_stm_window_2,12.small_stm_window_2/MassSpecData-02115-20261006-163432.csv,9.835916666666666
2026-10-06 16:34:37.145,9.238e-11,Torr,12.small_stm_window_2,12.small_stm_window_2/MassSpecData-02115-20261006-163432.csv,9.839383333333334
2026-10-06 16:34:37.353,7.9184e-11,Torr,12.small_stm_window_2,12.small_stm_window_2/MassSpecData-02115-20261006-163432.csv,9.84285
2026-10-06 16:34:37.561,6.6931e-11,Torr,12.small_stm_window_2,12.small_stm_window_2/MassSpecData-02115-20261006-163432.csv,9.846316666666667
2026-10-06 16:34:37.770,7.5291e-11,Torr,12.small_stm_window_2,12.small_stm_window_2/MassSpecData-02115-20261006-163432.csv,9.8498
2026-10-06 16:34:37.978,8.6584e-11,Torr,12.small_stm_window_2,12.small_stm_window_2/MassSpecData-02115-20261006-163432.csv,9.853266666666666
2026-10-06 16:34:38.186,7.931e-11,Torr,12.small_stm_window_2,12.small_stm_window_2/MassSpecData-02115-20261006-163432.csv,9.856733333333333
2026-10-06 16:34:38.395,8.5296e-11,Torr,12.small_stm_window_2,12.small_stm_window_2/MassSpecData-02115-20261006-163432.csv,9.860216666666668
2026-10-06 16:34:38.603,8.37e-11,Torr,12.small_stm_window_2,12.small_stm_window_2/MassSpecData-02115-20261006-163432.csv,9.863683333333334
2026-10-06 16:34:38.811,9.1439e-11,Torr,12.small_stm_window_2,12.small_stm_window_2/MassSpecData-02115-20261006-163432.csv,9.86715
2026-10-06 16:34:39.020,8.3156e-11,Torr,12.small_stm_window_2,12.small_stm_window_2/MassSpecData-02115-20261006-163432.csv,9.870633333333334
2026-10-06 16:34:39.228,7.3912e-11,Torr,12.small_stm_window_2,12.small_stm_window_2/MassSpecData-02115-20261006-163432.csv,9.8741
2026-10-06 16:34:39.436,8.7418e-11,Torr,12.small_stm_window_2,12.small_stm_window_2/MassSpecData-02115-20261006-163432.csv,9.877566666666667
2026-10-06 16:34:39.645,9.2682e-11,Torr,12.small_stm_window_2,12.small_stm_window_2/MassSpecData-02115-20261006-163432.csv,9.88105
2026-10-06 16:34:39.853,8.5812e-11,Torr,12.small_stm_window_2,12.small_stm_window_2/MassSpecData-02115-20261006-163432.csv,9.884516666666666
2026-10-06 16:34:40.061,8.0124e-11,Torr,12.small_stm_window_2,12.small_stm_window_2/MassSpecData-02115-20261006-163432.csv,9.887983333333333
2026-10-06 16:34:40.270,9.178e-11,Torr,12.small_stm_window_2,12.small_stm_window_2/MassSpecData-02115-20261006-163432.csv,9.891466666666668
2026-10-06 16:34:40.478,9.112e-11,Torr,12.small_stm_window_2,12.small_stm_window_2/MassSpecData-02115-20261006-163432.csv,9.894933333333334
2026-10-06 16:34:40.686,9.547e-11,Torr,12.small_stm_window_2,12.small_stm_window_2/MassSpecData-02115-20261006-163432.csv,9.8984
2026-10-06 16:34:40.895,7.1127e-11,Torr,12.small_stm_window_2,12.small_stm_window_2/MassSpecData-02115-20261006-163432.csv,9.901883333333334
2026-10-06 16:34:41.103,1.0298e-10,Torr,12.small_stm_window_2,12.small_stm_window_2/MassSpecData-02115-20261006-163432.csv,9.90535
2026-10-06 16:34:41.312,9.231e-11,Torr,12.small_stm_window_2,12.small_stm_window_2/MassSpecData-02115-20261006-163432.csv,9.908833333333332
2026-10-06 16:34:41.520,8.6628e-11,Torr,12.small_stm_window_2,12.small_stm_window_2/MassSpecData-02115-20261006-163432.csv,9.9123
2026-10-06 16:34:41.728,8.3742e-11,Torr,12.small_stm_window_2,12.small_stm_window_2/MassSpecData-02115-20261006-163432.csv,9.915766666666666
2026-10-06 16:34:41.937,8.6619e-11,Torr,12.small_stm_window_2,12.small_stm_window_2/MassSpecData-02115-20261006-163432.csv,9.91925
2026-10-06 16:34:42.145,7.7755e-11,Torr,12.small_stm_window_2,12.small_stm_window_2/MassSpecData-02115-20261006-163432.csv,9.922716666666668
2026-10-06 16:34:42.353,7.5023e-11,Torr,12.small_stm_window_2,12.small_stm_window_2/MassSpecData-02115-20261006-163432.csv,9.926183333333334
2026-10-06 16:34:42.562,7.7615e-11,Torr,12.small_stm_window_2,12.small_stm_window_2/MassSpecData-02115-20261006-163432.csv,9.929666666666666
2026-10-06 16:34:42.770,8.6037e-11,Torr,12.small_stm_window_2,12.small_stm_window_2/MassSpecData-02115-20261006-163432.csv,9.933133333333334
2026-10-06 16:34:42.978,8.7201e-11,Torr,12.small_stm_window_2,12.small_stm_window_2/MassSpecData-02115-20261006-163432.csv,9.9366
2026-10-06 16:34:43.187,7.2758e-11,Torr,12.small_stm_window_2,12.small_stm_window_2/MassSpecData-02115-20261006-163432.csv,9.940083333333332
2026-10-06 16:34:43.395,7.1296e-11,Torr,12.small_stm_window_2,12.small_stm_window_2/MassSpecData-02115-20261006-163432.csv,9.94355
2026-10-06 16:34:43.603,1.0049e-10,Torr,12.small_stm_window_2,12.small_stm_window_2/MassSpecData-02115-20261006-163432.csv,9.947016666666666
2026-10-06 16:34:43.812,8.1877e-11,Torr,12.small_stm_window_2,12.small_stm_window_2/MassSpecData-02115-20261006-163432.csv,9.9505
2026-10-06 16:34:44.020,8.915e-11,Torr,12.small_stm_window_2,12.small_stm_window_2/MassSpecData-02115-20261006-163432.csv,9.953966666666668
2026-10-06 16:34:44.228,8.4868e-11,Torr,12.small_stm_window_2,12.small_stm_window_2/MassSpecData-02115-20261006-163432.csv,9.957433333333334
2026-10-06 16:34:44.437,7.6549e-11,Torr,12.small_stm_window_2,12.small_stm_window_2/MassSpecData-02115-20261006-163432.csv,9.960916666666666
2026-10-06 16:34:44.645,9.5527e-11,Torr,12.small_stm_window_2,12.small_stm_window_2/MassSpecData-02115-20261006-163432.csv,9.964383333333334
2026-10-06 16:34:44.853,8.3719e-11,Torr,12.small_stm_window_2,12.small_stm_window_2/MassSpecData-02115-20261006-163432.csv,9.96785
2026-10-06 16:34:45.062,9.2954e-11,Torr,12.small_stm_window_2,12.small_stm_window_2/MassSpecData-02115-20261006-163432.csv,9.971333333333332
2026-10-06 16:34:45.270,8.3346e-11,Torr,12.small_stm_window_2,12.small_stm_window_2/MassSpecData-02115-20261006-163432.csv,9.9748
2026-10-06 16:34:45.478,8.3264e-11,Torr,12.small_stm_window_2,12.small_stm_window_2/MassSpecData-02115-20261006-163432.csv,9.978266666666666
2026-10-06 16:34:45.687,9.9247e-11,Torr,12.small_stm_window_2,12.small_stm_window_2/MassSpecData-02115-20261006-163432.csv,9.98175
2026-10-06 16:34:45.895,8.9035e-11,Torr,12.small_stm_window_2,12.small_stm_window_2/MassSpecData-02115-20261006-163432.csv,9.985216666666668
2026-10-06 16:34:46.103,7.9681e-11,Torr,12.small_stm_window_2,12.small_stm_window_2/MassSpecData-02115-20261006-163432.csv,9.988683333333334
2026-10-06 16:34:46.312,9.5255e-11,Torr,12.small_stm_window_2,12.small_stm_window_2/MassSpecData-02115-20261006-163432.csv,9.992166666666666
2026-10-06 16:34:46.520,7.8059e-11,Torr,12.small_stm_window_2,12.small_stm_window_2/MassSpecData-02115-20261006-163432.csv,9.995633333333334
2026-10-06 16:34:46.728,8.8735e-11,Torr,12.small_stm_window_2,12.small_stm_window_2/MassSpecData-02115-20261006-163432.csv,9.9991
2026-10-06 16:34:46.937,9.2312e-11,Torr,12.small_stm_window_2,12.small_stm_window_2/MassSpecData-02115-20261006-163432.csv,10.002583333333332
2026-10-06 16:34:47.145,8.2681e-11,Torr,12.small_stm_window_2,12.small_stm_window_2/MassSpecData-02115-20261006-163432.csv,10.00605
2026-10-06 16:34:47.353,6.4175e-11,Torr,12.small_stm_window_2,12.small_stm_window_2/MassSpecData-02115-20261006-163432.csv,10.009516666666666
2026-10-06 16:34:47.562,7.6483e-11,Torr,12.small_stm_window_2,12.small_stm_window_2/MassSpecData-02115-20261006-163432.csv,10.013
2026-10-06 16:34:47.770,7.7749e-11,Torr,12.small_stm_window_2,12.small_stm_window_2/MassSpecData-02115-20261006-163432.csv,10.016466666666668
2026-10-06 16:34:47.978,7.3973e-11,Torr,12.small_stm_window_2,12.small_stm_window_2/MassSpecData-02115-20261006-163432.csv,10.019933333333334
2026-10-06 16:34:48.187,8.9874e-11,Torr,12.small_stm_window_2,12.small_stm_window_2/MassSpecData-02115-20261006-163432.csv,10.023416666666666
2026-10-06 16:34:48.395,9.0271e-11,Torr,12.small_stm_window_2,12.small_stm_window_2/MassSpecData-02115-20261006-163432.csv,10.026883333333334
2026-10-06 16:34:48.603,7.6205e-11,Torr,12.small_stm_window_2,12.small_stm_window_2/MassSpecData-02115-20261006-163432.csv,10.03035
2026-10-06 16:34:48.812,7.4354e-11,Torr,12.small_stm_window_2,12.small_stm_window_2/MassSpecData-02115-20261006-163432.csv,10.033833333333332
2026-10-06 16:34:49.020,9.0708e-11,Torr,12.small_stm_window_2,12.small_stm_window_2/MassSpecData-02115-20261006-163432.csv,10.0373
2026-10-06 16:34:49.228,9.5512e-11,Torr,12.small_stm_window_2,12.small_stm_window_2/MassSpecData-02115-20261006-163432.csv,10.040766666666666
2026-10-06 16:34:49.437,8.0411e-11,Torr,12.small_stm_window_2,12.small_stm_window_2/MassSpecData-02115-20261006-163432.csv,10.04425
2026-10-06 16:34:49.645,7.2944e-11,Torr,12.small_stm_window_2,12.small_stm_window_2/MassSpecData-02115-20261006-163432.csv,10.047716666666668
2026-10-06 16:34:49.853,7.9131e-11,Torr,12.small_stm_window_2,12.small_stm_window_2/MassSpecData-02115-20261006-163432.csv,10.051183333333334
2026-10-06 16:34:50.062,8.6608e-11,Torr,12.small_stm_window_2,12.small_stm_window_2/MassSpecData-02115-20261006-163432.csv,10.054666666666666
2026-10-06 16:34:50.270,7.8126e-11,Torr,12.small_stm_window_2,12.small_stm_window_2/MassSpecData-02115-20261006-163432.csv,10.058133333333334
2026-10-06 16:34:50.478,9.2544e-11,Torr,12.small_stm_window_2,12.small_stm_window_2/MassSpecData-02115-20261006-163432.csv,10.0616
2026-10-06 16:34:50.687,8.4067e-11,Torr,12.small_stm_window_2,12.small_stm_window_2/MassSpecData-02115-20261006-163432.csv,10.065083333333332
2026-10-06 16:34:50.895,9.0152e-11,Torr,12.small_stm_window_2,12.small_stm_window_2/MassSpecData-02115-20261006-163432.csv,10.06855
2026-10-06 16:34:51.103,7.4602e-11,Torr,12.small_stm_window_2,12.small_stm_window_2/MassSpecData-02115-20261006-163432.csv,10.072016666666666
2026-10-06 16:34:51.312,7.5714e-11,Torr,12.small_stm_window_2,12.small_stm_window_2/MassSpecData-02115-20261006-163432.csv,10.0755
2026-10-06 16:34:51.520,8.9703e-11,Torr,12.small_stm_window_2,12.small_stm_window_2/MassSpecData-02115-20261006-163432.csv,10.078966666666668
2026-10-06 16:34:51.728,8.0656e-11,Torr,12.small_stm_window_2,12.small_stm_window_2/MassSpecData-02115-20261006-163432.csv,10.082433333333334
2026-10-06 16:34:51.936,9.0146e-11,Torr,12.small_stm_window_2,12.small_stm_window_2/MassSpecData-02115-20261006-163432.csv,10.0859
2026-10-06 16:34:52.145,8.6589e-11,Torr,12.small_stm_window_2,12.small_stm_window_2/MassSpecData-02115-20261006-163432.csv,10.089383333333334
2026-10-06 16:34:52.353,8.2445e-11,Torr,12.small_stm_window_2,12.small_stm_window_2/MassSpecData-02115-20261006-163432.csv,10.09285
2026-10-06 16:34:52.561,7.5696e-11,Torr,12.small_stm_window_2,12.small_stm_window_2/MassSpecData-02115-20261006-163432.csv,10.096316666666667
2026-10-06 16:34:52.770,7.7829e-11,Torr,12.small_stm_window_2,12.small_stm_window_2/MassSpecData-02115-20261006-163432.csv,10.0998
2026-10-06 16:34:52.978,9.5616e-11,Torr,12.small_stm_window_2,12.small_stm_window_2/MassSpecData-02115-20261006-163432.csv,10.103266666666666
2026-10-06 16:34:53.186,8.7441e-11,Torr,12.small_stm_window_2,12.small_stm_window_2/MassSpecData-02115-20261006-163432.csv,10.106733333333333
2026-10-06 16:34:53.395,7.2175e-11,Torr,12.small_stm_window_2,12.small_stm_window_2/MassSpecData-02115-20261006-163432.csv,10.110216666666668
2026-10-06 16:34:53.603,8.2885e-11,Torr,12.small_stm_window_2,12.small_stm_window_2/MassSpecData-02115-20261006-163432.csv,10.113683333333334
2026-10-06 16:34:53.811,8.6506e-11,Torr,12.small_stm_window_2,12.small_stm_window_2/MassSpecData-02115-20261006-163432.csv,10.11715
2026-10-06 16:34:54.020,8.4632e-11,Torr,12.small_stm_window_2,12.small_stm_window_2/MassSpecData-02115-20261006-163432.csv,10.120633333333334
2026-10-06 16:34:54.228,8.5367e-11,Torr,12.small_stm_window_2,12.small_stm_window_2/MassSpecData-02115-20261006-163432.csv,10.1241
2026-10-06 16:34:54.436,8.7398e-11,Torr,12.small_stm_window_2,12.small_stm_window_2/MassSpecData-02115-20261006-163432.csv,10.127566666666667
2026-10-06 16:34:54.645,6.8394e-11,Torr,12.small_stm_window_2,12.small_stm_window_2/MassSpecData-02115-20261006-163432.csv,10.13105
2026-10-06 16:34:54.853,7.5403e-11,Torr,12.small_stm_window_2,12.small_stm_window_2/MassSpecData-02115-20261006-163432.csv,10.134516666666666
2026-10-06 16:34:55.061,8.8594e-11,Torr,12.small_stm_window_2,12.small_stm_window_2/MassSpecData-02115-20261006-163432.csv,10.137983333333333
2026-10-06 16:34:55.270,9.2412e-11,Torr,12.small_stm_window_2,12.small_stm_window_2/MassSpecData-02115-20261006-163432.csv,10.141466666666668
2026-10-06 16:34:55.478,7.7688e-11,Torr,12.small_stm_window_2,12.small_stm_window_2/MassSpecData-02115-20261006-163432.csv,10.144933333333334
2026-10-06 16:34:55.686,9.0404e-11,Torr,12.small_stm_window_2,12.small_stm_window_2/MassSpecData-02115-20261006-163432.csv,10.1484
2026-10-06 16:34:55.895,8.9343e-11,Torr,12.small_stm_window_2,12.small_stm_window_2/MassSpecData-02115-20261006-163432.csv,10.151883333333334
2026-10-06 16:34:56.103,7.7119e-11,Torr,12.small_stm_window_2,12.small_stm_window_2/MassSpecData-02115-20261006-163432.csv,10.15535
2026-10-06 16:34:56.311,7.8483e-11,Torr,12.small_stm_window_2,12.small_stm_window_2/MassSpecData-02115-20261006-163432.csv,10.158816666666667
2026-10-06 16:34:56.520,8.4112e-11,Torr,12.small_stm_window_2,12.small_stm_window_2/MassSpecData-02115-20261006-163432.csv,10.1623
2026-10-06 16:34:56.728,7.7649e-11,Torr,12.small_stm_window_2,12.small_stm_window_2/MassSpecData-02115-20261006-163432.csv,10.165766666666666
2026-10-06 16:34:56.936,9.8316e-11,Torr,12.small_stm_window_2,12.small_stm_window_2/MassSpecData-02115-20261006-163432.csv,10.169233333333333
2026-10-06 16:34:57.145,1.063e-10,Torr,12.small_stm_window_2,12.small_stm_window_2/MassSpecData-02115-20261006-163432.csv,10.172716666666668
2026-10-06 16:34:57.353,9.0939e-11,Torr,12.small_stm_window_2,12.small_stm_window_2/MassSpecData-02115-20261006-163432.csv,10.176183333333334
2026-10-06 16:34:57.561,8.2029e-11,Torr,12.small_stm_window_2,12.small_stm_window_2/MassSpecData-02115-20261006-163432.csv,10.17965
2026-10-06 16:34:57.770,9.4948e-11,Torr,12.small_stm_window_2,12.small_stm_window_2/MassSpecData-02115-20261006-163432.csv,10.183133333333334
2026-10-06 16:34:57.978,8.9301e-11,Torr,12.small_stm_window_2,12.small_stm_window_2/MassSpecData-02115-20261006-163432.csv,10.1866
2026-10-06 16:34:58.186,7.8964e-11,Torr,12.small_stm_window_2,12.small_stm_window_2/MassSpecData-02115-20261006-163432.csv,10.190066666666667
2026-10-06 16:34:58.395,8.8371e-11,Torr,12.small_stm_window_2,12.small_stm_window_2/MassSpecData-02115-20261006-163432.csv,10.19355
2026-10-06 16:34:58.603,8.2274e-11,Torr,12.small_stm_window_2,12.small_stm_window_2/MassSpecData-02115-20261006-163432.csv,10.197016666666666
2026-10-06 16:34:58.811,7.4788e-11,Torr,12.small_stm_window_2,12.small_stm_window_2/MassSpecData-02115-20261006-163432.csv,10.200483333333333
2026-10-06 16:34:59.020,7.4115e-11,Torr,12.small_stm_window_2,12.small_stm_window_2/MassSpecData-02115-20261006-163432.csv,10.203966666666668
2026-10-06 16:34:59.228,7.7205e-11,Torr,12.small_stm_window_2,12.small_stm_window_2/MassSpecData-02115-20261006-163432.csv,10.207433333333334
2026-10-06 16:34:59.436,8.4046e-11,Torr,12.small_stm_window_2,12.small_stm_window_2/MassSpecData-02115-20261006-163432.csv,10.2109
2026-10-06 16:34:59.645,7.996e-11,Torr,12.small_stm_window_2,12.small_stm_window_2/MassSpecData-02115-20261006-163432.csv,10.214383333333334
2026-10-06 16:34:59.853,8.5443e-11,Torr,12.small_stm_window_2,12.small_stm_window_2/MassSpecData-02115-20261006-163432.csv,10.21785
2026-10-06 16:35:00.061,7.0245e-11,Torr,12.small_stm_window_2,12.small_stm_window_2/MassSpecData-02115-20261006-163432.csv,10.221316666666667
2026-10-06 16:35:00.270,7.7195e-11,Torr,12.small_stm_window_2,12.small_stm_window_2/MassSpecData-02115-20261006-163432.csv,10.2248
2026-10-06 16:35:00.478,8.3519e-11,Torr,12.small_stm_window_2,12.small_stm_window_2/MassSpecData-02115-20261006-163432.csv,10.228266666666666
2026-10-06 16:35:00.686,8.7444e-11,Torr,12.small_stm_window_2,12.small_stm_window_2/MassSpecData-02115-20261006-163432.csv,10.231733333333333
2026-10-06 16:35:00.895,8.7717e-11,Torr,12.small_stm_window_2,12.small_stm_window_2/MassSpecData-02115-20261006-163432.csv,10.235216666666668
2026-10-06 16:35:01.103,8.1049e-11,Torr,12.small_stm_window_2,12.small_stm_window_2/MassSpecData-02115-20261006-163432.csv,10.238683333333334
2026-10-06 16:35:01.311,8.1878e-11,Torr,12.small_stm_window_2,12.small_stm_window_2/MassSpecData-02115-20261006-163432.csv,10.24215
2026-10-06 16:35:01.520,1.0386e-10,Torr,12.small_stm_window_2,12.small_stm_window_2/MassSpecData-02115-20261006-163432.csv,10.245633333333334
2026-10-06 16:35:01.728,8.7079e-11,Torr,12.small_stm_window_2,12.small_stm_window_2/MassSpecData-02115-20261006-163432.csv,10.2491
2026-10-06 16:35:01.936,8.9e-11,Torr,12.small_stm_window_2,12.small_stm_window_2/MassSpecData-02115-20261006-163432.csv,10.252566666666667
2026-10-06 16:35:02.145,9.4037e-11,Torr,12.small_stm_window_2,12.small_stm_window_2/MassSpecData-02115-20261006-163432.csv,10.25605
2026-10-06 16:35:02.353,8.7274e-11,Torr,12.small_stm_window_2,12.small_stm_window_2/MassSpecData-02115-20261006-163432.csv,10.259516666666666
2026-10-06 16:35:02.561,9.0069e-11,Torr,12.small_stm_window_2,12.small_stm_window_2/MassSpecData-02115-20261006-163432.csv,10.262983333333333
2026-10-06 16:35:02.770,9.2822e-11,Torr,12.small_stm_window_2,12.small_stm_window_2/MassSpecData-02115-20261006-163432.csv,10.266466666666668
2026-10-06 16:35:02.978,8.296e-11,Torr,12.small_stm_window_2,12.small_stm_window_2/MassSpecData-02115-20261006-163432.csv,10.269933333333334
2026-10-06 16:35:03.186,8.6298e-11,Torr,12.small_stm_window_2,12.small_stm_window_2/MassSpecData-02115-20261006-163432.csv,10.2734
2026-10-06 16:35:03.395,8.7583e-11,Torr,12.small_stm_window_2,12.small_stm_window_2/MassSpecData-02115-20261006-163432.csv,10.276883333333334
2026-10-06 16:35:03.603,1.0044e-10,Torr,12.small_stm_window_2,12.small_stm_window_2/MassSpecData-02115-20261006-163432.csv,10.28035
2026-10-06 16:35:03.811,6.6536e-11,Torr,12.small_stm_window_2,12.small_stm_window_2/MassSpecData-02115-20261006-163432.csv,10.283816666666667
2026-10-06 16:35:04.020,7.6019e-11,Torr,12.small_stm_window_2,12.small_stm_window_2/MassSpecData-02115-20261006-163432.csv,10.2873
2026-10-06 16:35:04.228,8.6089e-11,Torr,12.small_stm_window_2,12.small_stm_window_2/MassSpecData-02115-20261006-163432.csv,10.290766666666666
2026-10-06 16:35:04.436,8.8504e-11,Torr,12.small_stm_window_2,12.small_stm_window_2/MassSpecData-02115-20261006-163432.csv,10.294233333333333
2026-10-06 16:35:04.645,9.3459e-11,Torr,12.small_stm_window_2,12.small_stm_window_2/MassSpecData-02115-20261006-163432.csv,10.297716666666668
2026-10-06 16:35:04.853,7.605e-11,Torr,12.small_stm_window_2,12.small_stm_window_2/MassSpecData-02115-20261006-163432.csv,10.301183333333334
2026-10-06 16:35:05.061,7.4589e-11,Torr,12.small_stm_window_2,12.small_stm_window_2/MassSpecData-02115-20261006-163432.csv,10.30465
2026-10-06 16:35:05.270,8.1287e-11,Torr,12.small_stm_window_2,12.small_stm_window_2/MassSpecData-02115-20261006-163432.csv,10.308133333333334
2026-10-06 16:35:05.478,9.1316e-11,Torr,12.small_stm_window_2,12.small_stm_window_2/MassSpecData-02115-20261006-163432.csv,10.3116
2026-10-06 16:35:05.686,8.1713e-11,Torr,12.small_stm_window_2,12.small_stm_window_2/MassSpecData-02115-20261006-163432.csv,10.315066666666667
2026-10-06 16:35:05.895,7.8396e-11,Torr,12.small_stm_window_2,12.small_stm_window_2/MassSpecData-02115-20261006-163432.csv,10.31855
2026-10-06 16:35:06.103,7.9395e-11,Torr,12.small_stm_window_2,12.small_stm_window_2/MassSpecData-02115-20261006-163432.csv,10.322016666666666
2026-10-06 16:35:06.311,7.9385e-11,Torr,12.small_stm_window_2,12.small_stm_window_2/MassSpecData-02115-20261006-163432.csv,10.325483333333333
2026-10-06 16:35:06.520,8.6121e-11,Torr,12.small_stm_window_2,12.small_stm_window_2/MassSpecData-02115-20261006-163432.csv,10.328966666666668
2026-10-06 16:35:06.728,7.3862e-11,Torr,12.small_stm_window_2,12.small_stm_window_2/MassSpecData-02115-20261006-163432.csv,10.332433333333334
2026-10-06 16:35:06.936,9.0955e-11,Torr,12.small_stm_window_2,12.small_stm_window_2/MassSpecData-02115-20261006-163432.csv,10.3359
2026-10-06 16:35:07.145,8.2383e-11,Torr,12.small_stm_window_2,12.small_stm_window_2/MassSpecData-02115-20261006-163432.csv,10.339383333333334
2026-10-06 16:35:07.353,7.7573e-11,Torr,12.small_stm_window_2,12.small_stm_window_2/MassSpecData-02115-20261006-163432.csv,10.34285
2026-10-06 16:35:07.561,8.5337e-11,Torr,12.small_stm_window_2,12.small_stm_window_2/MassSpecData-02115-20261006-163432.csv,10.346316666666667
2026-10-06 16:35:07.770,9.1601e-11,Torr,12.small_stm_window_2,12.small_stm_window_2/MassSpecData-02115-20261006-163432.csv,10.3498
2026-10-06 16:35:07.978,1.0079e-10,Torr,12.small_stm_window_2,12.small_stm_window_2/MassSpecData-02115-20261006-163432.csv,10.353266666666666
2026-10-06 16:35:08.186,7.8909e-11,Torr,12.small_stm_window_2,12.small_stm_window_2/MassSpecData-02115-20261006-163432.csv,10.356733333333333
2026-10-06 16:35:08.395,8.3134e-11,Torr,12.small_stm_window_2,12.small_stm_window_2/MassSpecData-02115-20261006-163432.csv,10.360216666666668
2026-10-06 16:35:08.603,6.7986e-11,Torr,12.small_stm_window_2,12.small_stm_window_2/MassSpecData-02115-20261006-163432.csv,10.363683333333334
2026-10-06 16:35:08.811,7.6509e-11,Torr,12.small_stm_window_2,12.small_stm_window_2/MassSpecData-02115-20261006-163432.csv,10.36715
2026-10-06 16:35:09.020,7.5108e-11,Torr,12.small_stm_window_2,12.small_stm_window_2/MassSpecData-02115-20261006-163432.csv,10.370633333333334
2026-10-06 16:35:09.228,6.8825e-11,Torr,12.small_stm_window_2,12.small_stm_window_2/MassSpecData-02115-20261006-163432.csv,10.3741
2026-10-06 16:35:09.436,8.8798e-11,Torr,12.small_stm_window_2,12.small_stm_window_2/MassSpecData-02115-20261006-163432.csv,10.377566666666667
2026-10-06 16:35:09.645,7.8967e-11,Torr,12.small_stm_window_2,12.small_stm_window_2/MassSpecData-02115-20261006-163432.csv,10.38105
2026-10-06 16:35:09.853,7.684e-11,Torr,12.small_stm_window_2,12.small_stm_window_2/MassSpecData-02115-20261006-163432.csv,10.384516666666666
2026-10-06 16:35:10.062,1.1135e-10,Torr,12.small_stm_window_2,12.small_stm_window_2/MassSpecData-02115-20261006-163432.csv,10.388
2026-10-06 16:35:10.270,9.8415e-11,Torr,12.small_stm_window_2,12.small_stm_window_2/MassSpecData-02115-20261006-163432.csv,10.391466666666668
2026-10-06 16:35:10.478,8.184e-11,Torr,12.small_stm_window_2,12.small_stm_window_2/MassSpecData-02115-20261006-163432.csv,10.394933333333334
2026-10-06 16:35:10.687,8.4077e-11,Torr,12.small_stm_window_2,12.small_stm_window_2/MassSpecData-02115-20261006-163432.csv,10.398416666666666
2026-10-06 16:35:10.895,7.9861e-11,Torr,12.small_stm_window_2,12.small_stm_window_2/MassSpecData-02115-20261006-163432.csv,10.401883333333334
2026-10-06 16:35:11.103,8.3434e-11,Torr,12.small_stm_window_2,12.small_stm_window_2/MassSpecData-02115-20261006-163432.csv,10.40535
2026-10-06 16:35:11.312,7.7883e-11,Torr,12.small_stm_window_2,12.small_stm_window_2/MassSpecData-02115-20261006-163432.csv,10.408833333333332
2026-10-06 16:35:11.520,7.9382e-11,Torr,12.small_stm_window_2,12.small_stm_window_2/MassSpecData-02115-20261006-163432.csv,10.4123
2026-10-06 16:35:11.728,8.5231e-11,Torr,12.small_stm_window_2,12.small_stm_window_2/MassSpecData-02115-20261006-163432.csv,10.415766666666666
2026-10-06 16:35:11.937,7.7087e-11,Torr,12.small_stm_window_2,12.small_stm_window_2/MassSpecData-02115-20261006-163432.csv,10.41925
2026-10-06 16:35:12.145,8.9764e-11,Torr,12.small_stm_window_2,12.small_stm_window_2/MassSpecData-02115-20261006-163432.csv,10.422716666666668
2026-10-06 16:35:12.353,8.2773e-11,Torr,12.small_stm_window_2,12.small_stm_window_2/MassSpecData-02115-20261006-163432.csv,10.426183333333334
2026-10-06 16:35:12.562,8.0104e-11,Torr,12.small_stm_window_2,12.small_stm_window_2/MassSpecData-02115-20261006-163432.csv,10.429666666666666
2026-10-06 16:35:12.770,8.6514e-11,Torr,12.small_stm_window_2,12.small_stm_window_2/MassSpecData-02115-20261006-163432.csv,10.433133333333334
2026-10-06 16:35:12.978,8.0466e-11,Torr,12.small_stm_window_2,12.small_stm_window_2/MassSpecData-02115-20261006-163432.csv,10.4366
2026-10-06 16:35:13.187,8.6255e-11,Torr,12.small_stm_window_2,12.small_stm_window_2/MassSpecData-02115-20261006-163432.csv,10.440083333333332
2026-10-06 16:35:13.395,7.8266e-11,Torr,12.small_stm_window_2,12.small_stm_window_2/MassSpecData-02115-20261006-163432.csv,10.44355
2026-10-06 16:35:13.603,8.6212e-11,Torr,12.small_stm_window_2,12.small_stm_window_2/MassSpecData-02115-20261006-163432.csv,10.447016666666666
2026-10-06 16:35:13.883,9.3183e-11,Torr,12.small_stm_window_2,12.small_stm_window_2/MassSpecData-02115-20261006-163513.csv,10.451683333333333
2026-10-06 16:35:14.091,7.1861e-11,Torr,12.small_stm_window_2,12.small_stm_window_2/MassSpecData-02115-20261006-163513.csv,10.45515
2026-10-06 16:35:14.300,8.3146e-11,Torr,12.small_stm_window_2,12.small_stm_window_2/MassSpecData-02115-20261006-163513.csv,10.458633333333333
2026-10-06 16:35:14.508,8.142e-11,Torr,12.small_stm_window_2,12.small_stm_window_2/MassSpecData-02115-20261006-163513.csv,10.4621
2026-10-06 16:35:14.716,9.0992e-11,Torr,12.small_stm_window_2,12.small_stm_window_2/MassSpecData-02115-20261006-163513.csv,10.465566666666666
2026-10-06 16:35:14.925,6.8715e-11,Torr,12.small_stm_window_2,12.small_stm_window_2/MassSpecData-02115-20261006-163513.csv,10.469050000000001
2026-10-06 16:35:15.133,8.4178e-11,Torr,12.small_stm_window_2,12.small_stm_window_2/MassSpecData-02115-20261006-163513.csv,10.472516666666667
2026-10-06 16:35:15.341,7.9159e-11,Torr,12.small_stm_window_2,12.small_stm_window_2/MassSpecData-02115-20261006-163513.csv,10.475983333333334
2026-10-06 16:35:15.549,7.1926e-11,Torr,12.small_stm_window_2,12.small_stm_window_2/MassSpecData-02115-20261006-163513.csv,10.479450000000002
2026-10-06 16:35:15.758,8.5057e-11,Torr,12.small_stm_window_2,12.small_stm_window_2/MassSpecData-02115-20261006-163513.csv,10.482933333333333
2026-10-06 16:35:15.966,7.8631e-11,Torr,12.small_stm_window_2,12.small_stm_window_2/MassSpecData-02115-20261006-163513.csv,10.4864
2026-10-06 16:35:16.175,9.8021e-11,Torr,12.small_stm_window_2,12.small_stm_window_2/MassSpecData-02115-20261006-163513.csv,10.489883333333333
2026-10-06 16:35:16.383,7.9773e-11,Torr,12.small_stm_window_2,12.small_stm_window_2/MassSpecData-02115-20261006-163513.csv,10.49335
2026-10-06 16:35:16.591,7.572e-11,Torr,12.small_stm_window_2,12.small_stm_window_2/MassSpecData-02115-20261006-163513.csv,10.496816666666666
2026-10-06 16:35:16.800,8.2105e-11,Torr,12.small_stm_window_2,12.small_stm_window_2/MassSpecData-02115-20261006-163513.csv,10.500300000000001
2026-10-06 16:35:17.008,8.9201e-11,Torr,12.small_stm_window_2,12.small_stm_window_2/MassSpecData-02115-20261006-163513.csv,10.503766666666667
2026-10-06 16:35:17.216,9.7029e-11,Torr,12.small_stm_window_2,12.small_stm_window_2/MassSpecData-02115-20261006-163513.csv,10.507233333333334
2026-10-06 16:35:17.425,9.4397e-11,Torr,12.small_stm_window_2,12.small_stm_window_2/MassSpecData-02115-20261006-163513.csv,10.510716666666667
2026-10-06 16:35:17.633,8.886e-11,Torr,12.small_stm_window_2,12.small_stm_window_2/MassSpecData-02115-20261006-163513.csv,10.514183333333333
2026-10-06 16:35:17.841,7.956e-11,Torr,12.small_stm_window_2,12.small_stm_window_2/MassSpecData-02115-20261006-163513.csv,10.51765
2026-10-06 16:35:18.050,7.4873e-11,Torr,12.small_stm_window_2,12.small_stm_window_2/MassSpecData-02115-20261006-163513.csv,10.521133333333333
2026-10-06 16:35:18.258,9.03e-11,Torr,12.small_stm_window_2,12.small_stm_window_2/MassSpecData-02115-20261006-163513.csv,10.5246
2026-10-06 16:35:18.466,9.0753e-11,Torr,12.small_stm_window_2,12.small_stm_window_2/MassSpecData-02115-20261006-163513.csv,10.528066666666666
2026-10-06 16:35:18.675,7.5353e-11,Torr,12.small_stm_window_2,12.small_stm_window_2/MassSpecData-02115-20261006-163513.csv,10.531550000000001
2026-10-06 16:35:18.883,8.027e-11,Torr,12.small_stm_window_2,12.small_stm_window_2/MassSpecData-02115-20261006-163513.csv,10.535016666666667
2026-10-06 16:35:19.091,8.4038e-11,Torr,12.small_stm_window_2,12.small_stm_window_2/MassSpecData-02115-20261006-163513.csv,10.538483333333334
2026-10-06 16:35:19.299,7.5577e-11,Torr,12.small_stm_window_2,12.small_stm_window_2/MassSpecData-02115-20261006-163513.csv,10.541950000000002
2026-10-06 16:35:19.508,7.8352e-11,Torr,12.small_stm_window_2,12.small_stm_window_2/MassSpecData-02115-20261006-163513.csv,10.545433333333333
2026-10-06 16:35:19.716,8.2073e-11,Torr,12.small_stm_window_2,12.small_stm_window_2/MassSpecData-02115-20261006-163513.csv,10.5489
2026-10-06 16:35:19.924,7.9766e-11,Torr,12.small_stm_window_2,12.small_stm_window_2/MassSpecData-02115-20261006-163513.csv,10.552366666666668
2026-10-06 16:35:20.133,7.8491e-11,Torr,12.small_stm_window_2,12.small_stm_window_2/MassSpecData-02115-20261006-163513.csv,10.55585
2026-10-06 16:35:20.341,7.4861e-11,Torr,12.small_stm_window_2,12.small_stm_window_2/MassSpecData-02115-20261006-163513.csv,10.559316666666666
2026-10-06 16:35:20.549,8.9804e-11,Torr,12.small_stm_window_2,12.small_stm_window_2/MassSpecData-02115-20261006-163513.csv,10.562783333333334
2026-10-06 16:35:20.758,8.4199e-11,Torr,12.small_stm_window_2,12.small_stm_window_2/MassSpecData-02115-20261006-163513.csv,10.566266666666667
2026-10-06 16:35:20.966,8.7228e-11,Torr,12.small_stm_window_2,12.small_stm_window_2/MassSpecData-02115-20261006-163513.csv,10.569733333333334
2026-10-06 16:35:21.174,7.1937e-11,Torr,12.small_stm_window_2,12.small_stm_window_2/MassSpecData-02115-20261006-163513.csv,10.573200000000002
2026-10-06 16:35:21.383,8.5874e-11,Torr,12.small_stm_window_2,12.small_stm_window_2/MassSpecData-02115-20261006-163513.csv,10.576683333333333
2026-10-06 16:35:21.591,8.1877e-11,Torr,12.small_stm_window_2,12.small_stm_window_2/MassSpecData-02115-20261006-163513.csv,10.58015
2026-10-06 16:35:21.799,8.9408e-11,Torr,12.small_stm_window_2,12.small_stm_window_2/MassSpecData-02115-20261006-163513.csv,10.583616666666668
2026-10-06 16:35:22.008,6.8401e-11,Torr,12.small_stm_window_2,12.small_stm_window_2/MassSpecData-02115-20261006-163513.csv,10.5871
2026-10-06 16:35:22.216,7.8851e-11,Torr,12.small_stm_window_2,12.small_stm_window_2/MassSpecData-02115-20261006-163513.csv,10.590566666666666
2026-10-06 16:35:22.424,7.3273e-11,Torr,12.small_stm_window_2,12.small_stm_window_2/MassSpecData-02115-20261006-163513.csv,10.594033333333334
2026-10-06 16:35:22.633,7.0208e-11,Torr,12.small_stm_window_2,12.small_stm_window_2/MassSpecData-02115-20261006-163513.csv,10.597516666666667
2026-10-06 16:35:22.841,8.6365e-11,Torr,12.small_stm_window_2,12.small_stm_window_2/MassSpecData-02115-20261006-163513.csv,10.600983333333334
2026-10-06 16:35:23.050,9.6578e-11,Torr,12.small_stm_window_2,12.small_stm_window_2/MassSpecData-02115-20261006-163513.csv,10.604466666666667
2026-10-06 16:35:23.258,8.4612e-11,Torr,12.small_stm_window_2,12.small_stm_window_2/MassSpecData-02115-20261006-163513.csv,10.607933333333333
2026-10-06 16:35:23.466,8.3003e-11,Torr,12.small_stm_window_2,12.small_stm_window_2/MassSpecData-02115-20261006-163513.csv,10.6114
2026-10-06 16:35:23.675,7.1751e-11,Torr,12.small_stm_window_2,12.small_stm_window_2/MassSpecData-02115-20261006-163513.csv,10.614883333333333
2026-10-06 16:35:23.883,9.0727e-11,Torr,12.small_stm_window_2,12.small_stm_window_2/MassSpecData-02115-20261006-163513.csv,10.61835
2026-10-06 16:35:24.091,7.8048e-11,Torr,12.small_stm_window_2,12.small_stm_window_2/MassSpecData-02115-20261006-163513.csv,10.621816666666666
2026-10-06 16:35:24.300,9.3458e-11,Torr,12.small_stm_window_2,12.small_stm_window_2/MassSpecData-02115-20261006-163513.csv,10.625300000000001
2026-10-06 16:35:24.508,7.4295e-11,Torr,12.small_stm_window_2,12.small_stm_window_2/MassSpecData-02115-20261006-163513.csv,10.628766666666667
2026-10-06 16:35:24.716,7.7367e-11,Torr,12.small_stm_window_2,12.small_stm_window_2/MassSpecData-02115-20261006-163513.csv,10.632233333333334
2026-10-06 16:35:24.925,9.31e-11,Torr,12.small_stm_window_2,12.small_stm_window_2/MassSpecData-02115-20261006-163513.csv,10.635716666666667
2026-10-06 16:35:25.133,8.7486e-11,Torr,12.small_stm_window_2,12.small_stm_window_2/MassSpecData-02115-20261006-163513.csv,10.639183333333333
2026-10-06 16:35:25.341,8.8936e-11,Torr,12.small_stm_window_2,12.small_stm_window_2/MassSpecData-02115-20261006-163513.csv,10.64265
2026-10-06 16:35:25.550,8.0203e-11,Torr,12.small_stm_window_2,12.small_stm_window_2/MassSpecData-02115-20261006-163513.csv,10.646133333333333
2026-10-06 16:35:25.758,8.3777e-11,Torr,12.small_stm_window_2,12.small_stm_window_2/MassSpecData-02115-20261006-163513.csv,10.6496
2026-10-06 16:35:25.966,8.1304e-11,Torr,12.small_stm_window_2,12.small_stm_window_2/MassSpecData-02115-20261006-163513.csv,10.653066666666666
2026-10-06 16:35:26.175,8.5505e-11,Torr,12.small_stm_window_2,12.small_stm_window_2/MassSpecData-02115-20261006-163513.csv,10.656550000000001
2026-10-06 16:35:26.383,7.783e-11,Torr,12.small_stm_window_2,12.small_stm_window_2/MassSpecData-02115-20261006-163513.csv,10.660016666666667
2026-10-06 16:35:26.591,9.8735e-11,Torr,12.small_stm_window_2,12.small_stm_window_2/MassSpecData-02115-20261006-163513.csv,10.663483333333334
2026-10-06 16:35:26.800,6.9938e-11,Torr,12.small_stm_window_2,12.small_stm_window_2/MassSpecData-02115-20261006-163513.csv,10.666966666666667
2026-10-06 16:35:27.008,8.5146e-11,Torr,12.small_stm_window_2,12.small_stm_window_2/MassSpecData-02115-20261006-163513.csv,10.670433333333333
2026-10-06 16:35:27.216,8.7466e-11,Torr,12.small_stm_window_2,12.small_stm_window_2/MassSpecData-02115-20261006-163513.csv,10.6739
2026-10-06 16:35:27.425,7.9679e-11,Torr,12.small_stm_window_2,12.small_stm_window_2/MassSpecData-02115-20261006-163513.csv,10.677383333333333
2026-10-06 16:35:27.633,8.9557e-11,Torr,12.small_stm_window_2,12.small_stm_window_2/MassSpecData-02115-20261006-163513.csv,10.68085
2026-10-06 16:35:27.841,7.6738e-11,Torr,12.small_stm_window_2,12.small_stm_window_2/MassSpecData-02115-20261006-163513.csv,10.684316666666666
2026-10-06 16:35:28.050,8.0196e-11,Torr,12.small_stm_window_2,12.small_stm_window_2/MassSpecData-02115-20261006-163513.csv,10.687800000000001
2026-10-06 16:35:28.258,8.6353e-11,Torr,12.small_stm_window_2,12.small_stm_window_2/MassSpecData-02115-20261006-163513.csv,10.691266666666667
2026-10-06 16:35:28.466,9.4146e-11,Torr,12.small_stm_window_2,12.small_stm_window_2/MassSpecData-02115-20261006-163513.csv,10.694733333333334
2026-10-06 16:35:28.675,9.0273e-11,Torr,12.small_stm_window_2,12.small_stm_window_2/MassSpecData-02115-20261006-163513.csv,10.698216666666667
2026-10-06 16:35:28.883,8.3209e-11,Torr,12.small_stm_window_2,12.small_stm_window_2/MassSpecData-02115-20261006-163513.csv,10.701683333333333
2026-10-06 16:35:29.091,8.8692e-11,Torr,12.small_stm_window_2,12.small_stm_window_2/MassSpecData-02115-20261006-163513.csv,10.70515
2026-10-06 16:35:29.300,9.3611e-11,Torr,12.small_stm_window_2,12.small_stm_window_2/MassSpecData-02115-20261006-163513.csv,10.708633333333333
2026-10-06 16:35:29.508,8.731e-11,Torr,12.small_stm_window_2,12.small_stm_window_2/MassSpecData-02115-20261006-163513.csv,10.7121
2026-10-06 16:35:29.716,8.8784e-11,Torr,12.small_stm_window_2,12.small_stm_window_2/MassSpecData-02115-20261006-163513.csv,10.715566666666666
2026-10-06 16:35:29.925,7.3924e-11,Torr,12.small_stm_window_2,12.small_stm_window_2/MassSpecData-02115-20261006-163513.csv,10.719050000000001
2026-10-06 16:35:30.133,8.7082e-11,Torr,12.small_stm_window_2,12.small_stm_window_2/MassSpecData-02115-20261006-163513.csv,10.722516666666667
2026-10-06 16:35:30.341,8.3314e-11,Torr,12.small_stm_window_2,12.small_stm_window_2/MassSpecData-02115-20261006-163513.csv,10.725983333333334
2026-10-06 16:35:30.550,9.4971e-11,Torr,12.small_stm_window_2,12.small_stm_window_2/MassSpecData-02115-20261006-163513.csv,10.729466666666667
2026-10-06 16:35:30.758,8.2567e-11,Torr,12.small_stm_window_2,12.small_stm_window_2/MassSpecData-02115-20261006-163513.csv,10.732933333333333
2026-10-06 16:35:30.966,8.0248e-11,Torr,12.small_stm_window_2,12.small_stm_window_2/MassSpecData-02115-20261006-163513.csv,10.7364
2026-10-06 16:35:31.175,8.8849e-11,Torr,12.small_stm_window_2,12.small_stm_window_2/MassSpecData-02115-20261006-163513.csv,10.739883333333333
2026-10-06 16:35:31.383,7.7521e-11,Torr,12.small_stm_window_2,12.small_stm_window_2/MassSpecData-02115-20261006-163513.csv,10.74335
2026-10-06 16:35:31.591,9.5163e-11,Torr,12.small_stm_window_2,12.small_stm_window_2/MassSpecData-02115-20261006-163513.csv,10.746816666666666
2026-10-06 16:35:31.800,8.3083e-11,Torr,12.small_stm_window_2,12.small_stm_window_2/MassSpecData-02115-20261006-163513.csv,10.750300000000001
2026-10-06 16:35:32.008,7.4092e-11,Torr,12.small_stm_window_2,12.small_stm_window_2/MassSpecData-02115-20261006-163513.csv,10.753766666666667
2026-10-06 16:35:32.216,7.7124e-11,Torr,12.small_stm_window_2,12.small_stm_window_2/MassSpecData-02115-20261006-163513.csv,10.757233333333334
2026-10-06 16:35:32.425,8.9215e-11,Torr,12.small_stm_window_2,12.small_stm_window_2/MassSpecData-02115-20261006-163513.csv,10.760716666666667
2026-10-06 16:35:32.633,7.353e-11,Torr,12.small_stm_window_2,12.small_stm_window_2/MassSpecData-02115-20261006-163513.csv,10.764183333333333
2026-10-06 16:35:32.841,7.9841e-11,Torr,12.small_stm_window_2,12.small_stm_window_2/MassSpecData-02115-20261006-163513.csv,10.76765
2026-10-06 16:35:33.050,8.12e-11,Torr,12.small_stm_window_2,12.small_stm_window_2/MassSpecData-02115-20261006-163513.csv,10.771133333333333
2026-10-06 16:35:33.258,9.4078e-11,Torr,12.small_stm_window_2,12.small_stm_window_2/MassSpecData-02115-20261006-163513.csv,10.7746
2026-10-06 16:35:33.466,8.659e-11,Torr,12.small_stm_window_2,12.small_stm_window_2/MassSpecData-02115-20261006-163513.csv,10.778066666666666
2026-10-06 16:35:33.674,9.7284e-11,Torr,12.small_stm_window_2,12.small_stm_window_2/MassSpecData-02115-20261006-163513.csv,10.781533333333334
2026-10-06 16:35:33.883,6.6773e-11,Torr,12.small_stm_window_2,12.small_stm_window_2/MassSpecData-02115-20261006-163513.csv,10.785016666666667
2026-10-06 16:35:34.091,8.9254e-11,Torr,12.small_stm_window_2,12.small_stm_window_2/MassSpecData-02115-20261006-163513.csv,10.788483333333334
2026-10-06 16:35:34.299,9.8636e-11,Torr,12.small_stm_window_2,12.small_stm_window_2/MassSpecData-02115-20261006-163513.csv,10.791950000000002
2026-10-06 16:35:34.508,7.5149e-11,Torr,12.small_stm_window_2,12.small_stm_window_2/MassSpecData-02115-20261006-163513.csv,10.795433333333333
2026-10-06 16:35:34.716,8.0987e-11,Torr,12.small_stm_window_2,12.small_stm_window_2/MassSpecData-02115-20261006-163513.csv,10.7989
2026-10-06 16:35:34.924,8.8758e-11,Torr,12.small_stm_window_2,12.small_stm_window_2/MassSpecData-02115-20261006-163513.csv,10.802366666666668
2026-10-06 16:35:35.133,9.595e-11,Torr,12.small_stm_window_2,12.small_stm_window_2/MassSpecData-02115-20261006-163513.csv,10.80585
2026-10-06 16:35:35.341,8.6043e-11,Torr,12.small_stm_window_2,12.small_stm_window_2/MassSpecData-02115-20261006-163513.csv,10.809316666666666
2026-10-06 16:35:35.549,8.5114e-11,Torr,12.small_stm_window_2,12.small_stm_window_2/MassSpecData-02115-20261006-163513.csv,10.812783333333334
2026-10-06 16:35:35.758,7.9046e-11,Torr,12.small_stm_window_2,12.small_stm_window_2/MassSpecData-02115-20261006-163513.csv,10.816266666666667
2026-10-06 16:35:35.966,8.9135e-11,Torr,12.small_stm_window_2,12.small_stm_window_2/MassSpecData-02115-20261006-163513.csv,10.819733333333334
2026-10-06 16:35:36.174,7.6737e-11,Torr,12.small_stm_window_2,12.small_stm_window_2/MassSpecData-02115-20261006-163513.csv,10.823200000000002
2026-10-06 16:35:36.383,8.2021e-11,Torr,12.small_stm_window_2,12.small_stm_window_2/MassSpecData-02115-20261006-163513.csv,10.826683333333333
2026-10-06 16:35:36.591,7.8775e-11,Torr,12.small_stm_window_2,12.small_stm_window_2/MassSpecData-02115-20261006-163513.csv,10.83015
2026-10-06 16:35:36.799,8.2639e-11,Torr,12.small_stm_window_2,12.small_stm_window_2/MassSpecData-02115-20261006-163513.csv,10.833616666666668
2026-10-06 16:35:37.008,7.7277e-11,Torr,12.small_stm_window_2,12.small_stm_window_2/MassSpecData-02115-20261006-163513.csv,10.8371
2026-10-06 16:35:37.216,9.4079e-11,Torr,12.small_stm_window_2,12.small_stm_window_2/MassSpecData-02115-20261006-163513.csv,10.840566666666666
2026-10-06 16:35:37.424,8.0274e-11,Torr,12.small_stm_window_2,12.small_stm_window_2/MassSpecData-02115-20261006-163513.csv,10.844033333333334
2026-10-06 16:35:37.633,9.0382e-11,Torr,12.small_stm_window_2,12.small_stm_window_2/MassSpecData-02115-20261006-163513.csv,10.847516666666667
2026-10-06 16:35:37.841,8.4411e-11,Torr,12.small_stm_window_2,12.small_stm_window_2/MassSpecData-02115-20261006-163513.csv,10.850983333333334
2026-10-06 16:35:38.049,9.0291e-11,Torr,12.small_stm_window_2,12.small_stm_window_2/MassSpecData-02115-20261006-163513.csv,10.854450000000002
2026-10-06 16:35:38.258,8.4324e-11,Torr,12.small_stm_window_2,12.small_stm_window_2/MassSpecData-02115-20261006-163513.csv,10.857933333333333
2026-10-06 16:35:38.466,8.584e-11,Torr,12.small_stm_window_2,12.small_stm_window_2/MassSpecData-02115-20261006-163513.csv,10.8614
2026-10-06 16:35:38.674,8.8079e-11,Torr,12.small_stm_window_2,12.small_stm_window_2/MassSpecData-02115-20261006-163513.csv,10.864866666666668
2026-10-06 16:35:38.883,7.4718e-11,Torr,12.small_stm_window_2,12.small_stm_window_2/MassSpecData-02115-20261006-163513.csv,10.86835
2026-10-06 16:35:39.091,8.8145e-11,Torr,12.small_stm_window_2,12.small_stm_window_2/MassSpecData-02115-20261006-163513.csv,10.871816666666666
2026-10-06 16:35:39.299,6.5972e-11,Torr,12.small_stm_window_2,12.small_stm_window_2/MassSpecData-02115-20261006-163513.csv,10.875283333333334
2026-10-06 16:35:39.508,7.9253e-11,Torr,12.small_stm_window_2,12.small_stm_window_2/MassSpecData-02115-20261006-163513.csv,10.878766666666667
2026-10-06 16:35:39.716,7.6333e-11,Torr,12.small_stm_window_2,12.small_stm_window_2/MassSpecData-02115-20261006-163513.csv,10.882233333333334
2026-10-06 16:35:39.924,9.6822e-11,Torr,12.small_stm_window_2,12.small_stm_window_2/MassSpecData-02115-20261006-163513.csv,10.885700000000002
2026-10-06 16:35:40.133,7.3253e-11,Torr,12.small_stm_window_2,12.small_stm_window_2/MassSpecData-02115-20261006-163513.csv,10.889183333333333
2026-10-06 16:35:40.341,9.2837e-11,Torr,12.small_stm_window_2,12.small_stm_window_2/MassSpecData-02115-20261006-163513.csv,10.89265
2026-10-06 16:35:40.549,7.6753e-11,Torr,12.small_stm_window_2,12.small_stm_window_2/MassSpecData-02115-20261006-163513.csv,10.896116666666668
2026-10-06 16:35:40.758,8.7286e-11,Torr,12.small_stm_window_2,12.small_stm_window_2/MassSpecData-02115-20261006-163513.csv,10.8996
2026-10-06 16:35:40.966,7.9357e-11,Torr,12.small_stm_window_2,12.small_stm_window_2/MassSpecData-02115-20261006-163513.csv,10.903066666666666
2026-10-06 16:35:41.174,8.6154e-11,Torr,12.small_stm_window_2,12.small_stm_window_2/MassSpecData-02115-20261006-163513.csv,10.906533333333334
2026-10-06 16:35:41.383,8.937e-11,Torr,12.small_stm_window_2,12.small_stm_window_2/MassSpecData-02115-20261006-163513.csv,10.910016666666667
2026-10-06 16:35:41.591,8.8809e-11,Torr,12.small_stm_window_2,12.small_stm_window_2/MassSpecData-02115-20261006-163513.csv,10.913483333333334
2026-10-06 16:35:41.799,7.9352e-11,Torr,12.small_stm_window_2,12.small_stm_window_2/MassSpecData-02115-20261006-163513.csv,10.916950000000002
2026-10-06 16:35:42.008,9.2508e-11,Torr,12.small_stm_window_2,12.small_stm_window_2/MassSpecData-02115-20261006-163513.csv,10.920433333333333
2026-10-06 16:35:42.216,7.5122e-11,Torr,12.small_stm_window_2,12.small_stm_window_2/MassSpecData-02115-20261006-163513.csv,10.9239
2026-10-06 16:35:42.424,8.7943e-11,Torr,12.small_stm_window_2,12.small_stm_window_2/MassSpecData-02115-20261006-163513.csv,10.927366666666668
2026-10-06 16:35:42.633,8.7384e-11,Torr,12.small_stm_window_2,12.small_stm_window_2/MassSpecData-02115-20261006-163513.csv,10.93085
2026-10-06 16:35:42.841,6.1006e-11,Torr,12.small_stm_window_2,12.small_stm_window_2/MassSpecData-02115-20261006-163513.csv,10.934316666666666
2026-10-06 16:35:43.049,8.1049e-11,Torr,12.small_stm_window_2,12.small_stm_window_2/MassSpecData-02115-20261006-163513.csv,10.937783333333334
2026-10-06 16:35:43.258,8.6161e-11,Torr,12.small_stm_window_2,12.small_stm_window_2/MassSpecData-02115-20261006-163513.csv,10.941266666666667
2026-10-06 16:35:43.466,8.1024e-11,Torr,12.small_stm_window_2,12.small_stm_window_2/MassSpecData-02115-20261006-163513.csv,10.944733333333334
2026-10-06 16:35:43.674,7.1488e-11,Torr,12.small_stm_window_2,12.small_stm_window_2/MassSpecData-02115-20261006-163513.csv,10.948200000000002
2026-10-06 16:35:43.883,9.2848e-11,Torr,12.small_stm_window_2,12.small_stm_window_2/MassSpecData-02115-20261006-163513.csv,10.951683333333333
2026-10-06 16:35:44.091,9.3273e-11,Torr,12.small_stm_window_2,12.small_stm_window_2/MassSpecData-02115-20261006-163513.csv,10.95515
2026-10-06 16:35:44.299,7.1494e-11,Torr,12.small_stm_window_2,12.small_stm_window_2/MassSpecData-02115-20261006-163513.csv,10.958616666666668
2026-10-06 16:35:44.508,7.8022e-11,Torr,12.small_stm_window_2,12.small_stm_window_2/MassSpecData-02115-20261006-163513.csv,10.9621
2026-10-06 16:35:44.716,8.4186e-11,Torr,12.small_stm_window_2,12.small_stm_window_2/MassSpecData-02115-20261006-163513.csv,10.965566666666666
2026-10-06 16:35:44.924,7.8726e-11,Torr,12.small_stm_window_2,12.small_stm_window_2/MassSpecData-02115-20261006-163513.csv,10.969033333333334
2026-10-06 16:35:45.133,8.1611e-11,Torr,12.small_stm_window_2,12.small_stm_window_2/MassSpecData-02115-20261006-163513.csv,10.972516666666667
2026-10-06 16:35:45.341,9.4932e-11,Torr,12.small_stm_window_2,12.small_stm_window_2/MassSpecData-02115-20261006-163513.csv,10.975983333333334
2026-10-06 16:35:45.549,9.1639e-11,Torr,12.small_stm_window_2,12.small_stm_window_2/MassSpecData-02115-20261006-163513.csv,10.979450000000002
2026-10-06 16:35:45.758,8.3224e-11,Torr,12.small_stm_window_2,12.small_stm_window_2/MassSpecData-02115-20261006-163513.csv,10.982933333333333
2026-10-06 16:35:45.966,8.8706e-11,Torr,12.small_stm_window_2,12.small_stm_window_2/MassSpecData-02115-20261006-163513.csv,10.9864
2026-10-06 16:35:46.174,8.279e-11,Torr,12.small_stm_window_2,12.small_stm_window_2/MassSpecData-02115-20261006-163513.csv,10.989866666666668
2026-10-06 16:35:46.383,7.7774e-11,Torr,12.small_stm_window_2,12.small_stm_window_2/MassSpecData-02115-20261006-163513.csv,10.99335
2026-10-06 16:35:46.591,7.5801e-11,Torr,12.small_stm_window_2,12.small_stm_window_2/MassSpecData-02115-20261006-163513.csv,10.996816666666666
2026-10-06 16:35:46.799,8.2815e-11,Torr,12.small_stm_window_2,12.small_stm_window_2/MassSpecData-02115-20261006-163513.csv,11.000283333333334
2026-10-06 16:35:47.008,8.3672e-11,Torr,12.small_stm_window_2,12.small_stm_window_2/MassSpecData-02115-20261006-163513.csv,11.003766666666667
2026-10-06 16:35:47.216,8.6418e-11,Torr,12.small_stm_window_2,12.small_stm_window_2/MassSpecData-02115-20261006-163513.csv,11.007233333333334
2026-10-06 16:35:47.424,8.4689e-11,Torr,12.small_stm_window_2,12.small_stm_window_2/MassSpecData-02115-20261006-163513.csv,11.010700000000002
2026-10-06 16:35:47.633,8.1884e-11,Torr,12.small_stm_window_2,12.small_stm_window_2/MassSpecData-02115-20261006-163513.csv,11.014183333333333
2026-10-06 16:35:47.841,7.1003e-11,Torr,12.small_stm_window_2,12.small_stm_window_2/MassSpecData-02115-20261006-163513.csv,11.01765
2026-10-06 16:35:48.049,8.346e-11,Torr,12.small_stm_window_2,12.small_stm_window_2/MassSpecData-02115-20261006-163513.csv,11.021116666666668
2026-10-06 16:35:48.258,8.3256e-11,Torr,12.small_stm_window_2,12.small_stm_window_2/MassSpecData-02115-20261006-163513.csv,11.0246
2026-10-06 16:35:48.466,7.9045e-11,Torr,12.small_stm_window_2,12.small_stm_window_2/MassSpecData-02115-20261006-163513.csv,11.028066666666666
2026-10-06 16:35:48.674,8.2505e-11,Torr,12.small_stm_window_2,12.small_stm_window_2/MassSpecData-02115-20261006-163513.csv,11.031533333333334
2026-10-06 16:35:48.883,7.8042e-11,Torr,12.small_stm_window_2,12.small_stm_window_2/MassSpecData-02115-20261006-163513.csv,11.035016666666667
2026-10-06 16:35:49.091,9.4749e-11,Torr,12.small_stm_window_2,12.small_stm_window_2/MassSpecData-02115-20261006-163513.csv,11.038483333333334
2026-10-06 16:35:49.299,8.4989e-11,Torr,12.small_stm_window_2,12.small_stm_window_2/MassSpecData-02115-20261006-163513.csv,11.041950000000002
2026-10-06 16:35:49.508,7.6794e-11,Torr,12.small_stm_window_2,12.small_stm_window_2/MassSpecData-02115-20261006-163513.csv,11.045433333333333
2026-10-06 16:35:49.716,9.8715e-11,Torr,12.small_stm_window_2,12.small_stm_window_2/MassSpecData-02115-20261006-163513.csv,11.0489
2026-10-06 16:35:49.924,7.9891e-11,Torr,12.small_stm_window_2,12.small_stm_window_2/MassSpecData-02115-20261006-163513.csv,11.052366666666668
2026-10-06 16:35:50.133,7.4772e-11,Torr,12.small_stm_window_2,12.small_stm_window_2/MassSpecData-02115-20261006-163513.csv,11.05585
2026-10-06 16:35:50.341,7.2049e-11,Torr,12.small_stm_window_2,12.small_stm_window_2/MassSpecData-02115-20261006-163513.csv,11.059316666666666
2026-10-06 16:35:50.549,7.9303e-11,Torr,12.small_stm_window_2,12.small_stm_window_2/MassSpecData-02115-20261006-163513.csv,11.062783333333334
2026-10-06 16:35:50.758,8.2824e-11,Torr,12.small_stm_window_2,12.small_stm_window_2/MassSpecData-02115-20261006-163513.csv,11.066266666666667
2026-10-06 16:35:50.966,8.4979e-11,Torr,12.small_stm_window_2,12.small_stm_window_2/MassSpecData-02115-20261006-163513.csv,11.069733333333334
2026-10-06 16:35:51.174,7.9963e-11,Torr,12.small_stm_window_2,12.small_stm_window_2/MassSpecData-02115-20261006-163513.csv,11.073200000000002
2026-10-06 16:35:51.383,7.3425e-11,Torr,12.small_stm_window_2,12.small_stm_window_2/MassSpecData-02115-20261006-163513.csv,11.076683333333333
2026-10-06 16:35:51.591,8.5202e-11,Torr,12.small_stm_window_2,12.small_stm_window_2/MassSpecData-02115-20261006-163513.csv,11.08015
2026-10-06 16:35:51.800,8.8897e-11,Torr,12.small_stm_window_2,12.small_stm_window_2/MassSpecData-02115-20261006-163513.csv,11.083633333333333
2026-10-06 16:35:52.008,6.7614e-11,Torr,12.small_stm_window_2,12.small_stm_window_2/MassSpecData-02115-20261006-163513.csv,11.0871
2026-10-06 16:35:52.216,8.3975e-11,Torr,12.small_stm_window_2,12.small_stm_window_2/MassSpecData-02115-20261006-163513.csv,11.090566666666666
2026-10-06 16:35:52.425,8.8027e-11,Torr,12.small_stm_window_2,12.small_stm_window_2/MassSpecData-02115-20261006-163513.csv,11.094050000000001
2026-10-06 16:35:52.633,7.6229e-11,Torr,12.small_stm_window_2,12.small_stm_window_2/MassSpecData-02115-20261006-163513.csv,11.097516666666667
2026-10-06 16:35:52.841,6.6623e-11,Torr,12.small_stm_window_2,12.small_stm_window_2/MassSpecData-02115-20261006-163513.csv,11.100983333333334
2026-10-06 16:35:53.050,8.5011e-11,Torr,12.small_stm_window_2,12.small_stm_window_2/MassSpecData-02115-20261006-163513.csv,11.104466666666667
2026-10-06 16:35:53.258,8.9432e-11,Torr,12.small_stm_window_2,12.small_stm_window_2/MassSpecData-02115-20261006-163513.csv,11.107933333333333
2026-10-06 16:35:53.466,7.7681e-11,Torr,12.small_stm_window_2,12.small_stm_window_2/MassSpecData-02115-20261006-163513.csv,11.1114
2026-10-06 16:35:53.675,6.0886e-11,Torr,12.small_stm_window_2,12.small_stm_window_2/MassSpecData-02115-20261006-163513.csv,11.114883333333333
2026-10-06 16:35:53.883,7.4602e-11,Torr,12.small_stm_window_2,12.small_stm_window_2/MassSpecData-02115-20261006-163513.csv,11.11835
2026-10-06 16:35:54.091,7.8316e-11,Torr,12.small_stm_window_2,12.small_stm_window_2/MassSpecData-02115-20261006-163513.csv,11.121816666666666
2026-10-06 16:35:54.300,8.545e-11,Torr,12.small_stm_window_2,12.small_stm_window_2/MassSpecData-02115-20261006-163513.csv,11.125300000000001
2026-10-06 16:35:54.508,8.6685e-11,Torr,12.small_stm_window_2,12.small_stm_window_2/MassSpecData-02115-20261006-163513.csv,11.128766666666667
2026-10-06 16:35:54.716,8.8952e-11,Torr,12.small_stm_window_2,12.small_stm_window_2/MassSpecData-02115-20261006-163513.csv,11.132233333333334
2026-10-06 16:35:54.925,9.3792e-11,Torr,12.small_stm_window_2,12.small_stm_window_2/MassSpecData-02115-20261006-163513.csv,11.135716666666667
2026-10-06 16:35:55.133,9.3969e-11,Torr,12.small_stm_window_2,12.small_stm_window_2/MassSpecData-02115-20261006-163513.csv,11.139183333333333
2026-10-06 16:35:55.341,8.2165e-11,Torr,12.small_stm_window_2,12.small_stm_window_2/MassSpecData-02115-20261006-163513.csv,11.14265
2026-10-06 16:35:55.680,7.1638e-11,Torr,12.small_stm_window_2,12.small_stm_window_2/MassSpecData-02115-20261006-163555.csv,11.1483
2026-10-06 16:35:55.888,8.0724e-11,Torr,12.small_stm_window_2,12.small_stm_window_2/MassSpecData-02115-20261006-163555.csv,11.151766666666667
2026-10-06 16:35:56.097,8.014e-11,Torr,12.small_stm_window_2,12.small_stm_window_2/MassSpecData-02115-20261006-163555.csv,11.15525
2026-10-06 16:35:56.305,8.2902e-11,Torr,12.small_stm_window_2,12.small_stm_window_2/MassSpecData-02115-20261006-163555.csv,11.158716666666667
2026-10-06 16:35:56.513,8.0707e-11,Torr,12.small_stm_window_2,12.small_stm_window_2/MassSpecData-02115-20261006-163555.csv,11.162183333333333
2026-10-06 16:35:56.722,7.9109e-11,Torr,12.small_stm_window_2,12.small_stm_window_2/MassSpecData-02115-20261006-163555.csv,11.165666666666668
2026-10-06 16:35:56.930,8.2911e-11,Torr,12.small_stm_window_2,12.small_stm_window_2/MassSpecData-02115-20261006-163555.csv,11.169133333333333
2026-10-06 16:35:57.138,9.7905e-11,Torr,12.small_stm_window_2,12.small_stm_window_2/MassSpecData-02115-20261006-163555.csv,11.1726
2026-10-06 16:35:57.346,7.609e-11,Torr,12.small_stm_window_2,12.small_stm_window_2/MassSpecData-02115-20261006-163555.csv,11.176066666666665
2026-10-06 16:35:57.555,8.0445e-11,Torr,12.small_stm_window_2,12.small_stm_window_2/MassSpecData-02115-20261006-163555.csv,11.17955
2026-10-06 16:35:57.763,8.9339e-11,Torr,12.small_stm_window_2,12.small_stm_window_2/MassSpecData-02115-20261006-163555.csv,11.183016666666667
2026-10-06 16:35:57.972,8.0562e-11,Torr,12.small_stm_window_2,12.small_stm_window_2/MassSpecData-02115-20261006-163555.csv,11.1865
2026-10-06 16:35:58.180,8.5165e-11,Torr,12.small_stm_window_2,12.small_stm_window_2/MassSpecData-02115-20261006-163555.csv,11.189966666666667
2026-10-06 16:35:58.388,7.9425e-11,Torr,12.small_stm_window_2,12.small_stm_window_2/MassSpecData-02115-20261006-163555.csv,11.193433333333333
2026-10-06 16:35:58.597,7.426e-11,Torr,12.small_stm_window_2,12.small_stm_window_2/MassSpecData-02115-20261006-163555.csv,11.196916666666668
2026-10-06 16:35:58.805,9.1981e-11,Torr,12.small_stm_window_2,12.small_stm_window_2/MassSpecData-02115-20261006-163555.csv,11.200383333333333
2026-10-06 16:35:59.013,8.2162e-11,Torr,12.small_stm_window_2,12.small_stm_window_2/MassSpecData-02115-20261006-163555.csv,11.20385
2026-10-06 16:35:59.222,7.549e-11,Torr,12.small_stm_window_2,12.small_stm_window_2/MassSpecData-02115-20261006-163555.csv,11.207333333333334
2026-10-06 16:35:59.430,8.7708e-11,Torr,12.small_stm_window_2,12.small_stm_window_2/MassSpecData-02115-20261006-163555.csv,11.2108
2026-10-06 16:35:59.638,8.1669e-11,Torr,12.small_stm_window_2,12.small_stm_window_2/MassSpecData-02115-20261006-163555.csv,11.214266666666667
2026-10-06 16:35:59.847,8.2044e-11,Torr,12.small_stm_window_2,12.small_stm_window_2/MassSpecData-02115-20261006-163555.csv,11.21775
2026-10-06 16:36:00.055,8.7545e-11,Torr,12.small_stm_window_2,12.small_stm_window_2/MassSpecData-02115-20261006-163555.csv,11.221216666666667
2026-10-06 16:36:00.263,8.324e-11,Torr,12.small_stm_window_2,12.small_stm_window_2/MassSpecData-02115-20261006-163555.csv,11.224683333333333
2026-10-06 16:36:00.472,7.9662e-11,Torr,12.small_stm_window_2,12.small_stm_window_2/MassSpecData-02115-20261006-163555.csv,11.228166666666668
2026-10-06 16:36:00.680,9.1427e-11,Torr,12.small_stm_window_2,12.small_stm_window_2/MassSpecData-02115-20261006-163555.csv,11.231633333333333
2026-10-06 16:36:00.888,7.8053e-11,Torr,12.small_stm_window_2,12.small_stm_window_2/MassSpecData-02115-20261006-163555.csv,11.2351
2026-10-06 16:36:01.096,9.487e-11,Torr,12.small_stm_window_2,12.small_stm_window_2/MassSpecData-02115-20261006-163555.csv,11.238566666666665
2026-10-06 16:36:01.305,9.1855e-11,Torr,12.small_stm_window_2,12.small_stm_window_2/MassSpecData-02115-20261006-163555.csv,11.24205
2026-10-06 16:36:01.513,8.9488e-11,Torr,12.small_stm_window_2,12.small_stm_window_2/MassSpecData-02115-20261006-163555.csv,11.245516666666667
2026-10-06 16:36:01.721,9.9167e-11,Torr,12.small_stm_window_2,12.small_stm_window_2/MassSpecData-02115-20261006-163555.csv,11.248983333333333
2026-10-06 16:36:01.930,8.374e-11,Torr,12.small_stm_window_2,12.small_stm_window_2/MassSpecData-02115-20261006-163555.csv,11.252466666666667
2026-10-06 16:36:02.138,7.5254e-11,Torr,12.small_stm_window_2,12.small_stm_window_2/MassSpecData-02115-20261006-163555.csv,11.255933333333333
2026-10-06 16:36:02.346,9.2979e-11,Torr,12.small_stm_window_2,12.small_stm_window_2/MassSpecData-02115-20261006-163555.csv,11.2594
2026-10-06 16:36:02.555,8.492e-11,Torr,12.small_stm_window_2,12.small_stm_window_2/MassSpecData-02115-20261006-163555.csv,11.262883333333333
2026-10-06 16:36:02.763,7.491e-11,Torr,12.small_stm_window_2,12.small_stm_window_2/MassSpecData-02115-20261006-163555.csv,11.26635
2026-10-06 16:36:02.971,9.4748e-11,Torr,12.small_stm_window_2,12.small_stm_window_2/MassSpecData-02115-20261006-163555.csv,11.269816666666665
2026-10-06 16:36:03.180,8.2694e-11,Torr,12.small_stm_window_2,12.small_stm_window_2/MassSpecData-02115-20261006-163555.csv,11.2733
2026-10-06 16:36:03.388,6.574e-11,Torr,12.small_stm_window_2,12.small_stm_window_2/MassSpecData-02115-20261006-163555.csv,11.276766666666667
2026-10-06 16:36:03.596,7.889e-11,Torr,12.small_stm_window_2,12.small_stm_window_2/MassSpecData-02115-20261006-163555.csv,11.280233333333333
2026-10-06 16:36:03.805,9.1415e-11,Torr,12.small_stm_window_2,12.small_stm_window_2/MassSpecData-02115-20261006-163555.csv,11.283716666666667
2026-10-06 16:36:04.013,7.5497e-11,Torr,12.small_stm_window_2,12.small_stm_window_2/MassSpecData-02115-20261006-163555.csv,11.287183333333333
2026-10-06 16:36:04.221,9.1936e-11,Torr,12.small_stm_window_2,12.small_stm_window_2/MassSpecData-02115-20261006-163555.csv,11.29065
2026-10-06 16:36:04.430,8.4978e-11,Torr,12.small_stm_window_2,12.small_stm_window_2/MassSpecData-02115-20261006-163555.csv,11.294133333333333
2026-10-06 16:36:04.638,9.4654e-11,Torr,12.small_stm_window_2,12.small_stm_window_2/MassSpecData-02115-20261006-163555.csv,11.2976
2026-10-06 16:36:04.847,7.9543e-11,Torr,12.small_stm_window_2,12.small_stm_window_2/MassSpecData-02115-20261006-163555.csv,11.301083333333334
2026-10-06 16:36:05.055,7.8565e-11,Torr,12.small_stm_window_2,12.small_stm_window_2/MassSpecData-02115-20261006-163555.csv,11.30455
2026-10-06 16:36:05.263,8.6726e-11,Torr,12.small_stm_window_2,12.small_stm_window_2/MassSpecData-02115-20261006-163555.csv,11.308016666666667
2026-10-06 16:36:05.472,8.1776e-11,Torr,12.small_stm_window_2,12.small_stm_window_2/MassSpecData-02115-20261006-163555.csv,11.3115
2026-10-06 16:36:05.680,7.8671e-11,Torr,12.small_stm_window_2,12.small_stm_window_2/MassSpecData-02115-20261006-163555.csv,11.314966666666667
2026-10-06 16:36:05.888,8.2464e-11,Torr,12.small_stm_window_2,12.small_stm_window_2/MassSpecData-02115-20261006-163555.csv,11.318433333333333
2026-10-06 16:36:06.097,7.979e-11,Torr,12.small_stm_window_2,12.small_stm_window_2/MassSpecData-02115-20261006-163555.csv,11.321916666666668
2026-10-06 16:36:06.305,8.1185e-11,Torr,12.small_stm_window_2,12.small_stm_window_2/MassSpecData-02115-20261006-163555.csv,11.325383333333333
2026-10-06 16:36:06.513,7.0873e-11,Torr,12.small_stm_window_2,12.small_stm_window_2/MassSpecData-02115-20261006-163555.csv,11.32885
2026-10-06 16:36:06.722,7.9079e-11,Torr,12.small_stm_window_2,12.small_stm_window_2/MassSpecData-02115-20261006-163555.csv,11.332333333333334
2026-10-06 16:36:06.930,9.8115e-11,Torr,12.small_stm_window_2,12.small_stm_window_2/MassSpecData-02115-20261006-163555.csv,11.3358
2026-10-06 16:36:07.138,9.0722e-11,Torr,12.small_stm_window_2,12.small_stm_window_2/MassSpecData-02115-20261006-163555.csv,11.339266666666667
2026-10-06 16:36:07.347,8.1061e-11,Torr,12.small_stm_window_2,12.small_stm_window_2/MassSpecData-02115-20261006-163555.csv,11.34275
2026-10-06 16:36:07.555,8.4857e-11,Torr,12.small_stm_window_2,12.small_stm_window_2/MassSpecData-02115-20261006-163555.csv,11.346216666666667
2026-10-06 16:36:07.763,7.8049e-11,Torr,12.small_stm_window_2,12.small_stm_window_2/MassSpecData-02115-20261006-163555.csv,11.349683333333333
2026-10-06 16:36:07.972,9.3104e-11,Torr,12.small_stm_window_2,12.small_stm_window_2/MassSpecData-02115-20261006-163555.csv,11.353166666666668
2026-10-06 16:36:08.180,8.2481e-11,Torr,12.small_stm_window_2,12.small_stm_window_2/MassSpecData-02115-20261006-163555.csv,11.356633333333333
2026-10-06 16:36:08.388,9.0155e-11,Torr,12.small_stm_window_2,12.small_stm_window_2/MassSpecData-02115-20261006-163555.csv,11.3601
2026-10-06 16:36:08.597,8.4011e-11,Torr,12.small_stm_window_2,12.small_stm_window_2/MassSpecData-02115-20261006-163555.csv,11.363583333333334
2026-10-06 16:36:08.805,8.3075e-11,Torr,12.small_stm_window_2,12.small_stm_window_2/MassSpecData-02115-20261006-163555.csv,11.36705
2026-10-06 16:36:09.013,6.8715e-11,Torr,12.small_stm_window_2,12.small_stm_window_2/MassSpecData-02115-20261006-163555.csv,11.370516666666667
2026-10-06 16:36:09.222,8.515e-11,Torr,12.small_stm_window_2,12.small_stm_window_2/MassSpecData-02115-20261006-163555.csv,11.374
2026-10-06 16:36:09.430,7.2203e-11,Torr,12.small_stm_window_2,12.small_stm_window_2/MassSpecData-02115-20261006-163555.csv,11.377466666666667
2026-10-06 16:36:09.638,8.4247e-11,Torr,12.small_stm_window_2,12.small_stm_window_2/MassSpecData-02115-20261006-163555.csv,11.380933333333333
2026-10-06 16:36:09.847,8.0292e-11,Torr,12.small_stm_window_2,12.small_stm_window_2/MassSpecData-02115-20261006-163555.csv,11.384416666666668
2026-10-06 16:36:10.055,9.6905e-11,Torr,12.small_stm_window_2,12.small_stm_window_2/MassSpecData-02115-20261006-163555.csv,11.387883333333333
2026-10-06 16:36:10.263,7.1544e-11,Torr,12.small_stm_window_2,12.small_stm_window_2/MassSpecData-02115-20261006-163555.csv,11.39135
2026-10-06 16:36:10.472,9.6959e-11,Torr,12.small_stm_window_2,12.small_stm_window_2/MassSpecData-02115-20261006-163555.csv,11.394833333333334
2026-10-06 16:36:10.680,7.5689e-11,Torr,12.small_stm_window_2,12.small_stm_window_2/MassSpecData-02115-20261006-163555.csv,11.3983
2026-10-06 16:36:10.888,9.4671e-11,Torr,12.small_stm_window_2,12.small_stm_window_2/MassSpecData-02115-20261006-163555.csv,11.401766666666667
2026-10-06 16:36:11.097,7.6101e-11,Torr,12.small_stm_window_2,12.small_stm_window_2/MassSpecData-02115-20261006-163555.csv,11.40525
2026-10-06 16:36:11.305,7.7948e-11,Torr,12.small_stm_window_2,12.small_stm_window_2/MassSpecData-02115-20261006-163555.csv,11.408716666666667
2026-10-06 16:36:11.513,9.0243e-11,Torr,12.small_stm_window_2,12.small_stm_window_2/MassSpecData-02115-20261006-163555.csv,11.412183333333333
2026-10-06 16:36:11.722,7.6246e-11,Torr,12.small_stm_window_2,12.small_stm_window_2/MassSpecData-02115-20261006-163555.csv,11.415666666666668
2026-10-06 16:36:11.930,8.3822e-11,Torr,12.small_stm_window_2,12.small_stm_window_2/MassSpecData-02115-20261006-163555.csv,11.419133333333333
2026-10-06 16:36:12.138,8.5169e-11,Torr,12.small_stm_window_2,12.small_stm_window_2/MassSpecData-02115-20261006-163555.csv,11.4226
2026-10-06 16:36:12.347,8.4244e-11,Torr,12.small_stm_window_2,12.small_stm_window_2/MassSpecData-02115-20261006-163555.csv,11.426083333333334
2026-10-06 16:36:12.555,9.7545e-11,Torr,12.small_stm_window_2,12.small_stm_window_2/MassSpecData-02115-20261006-163555.csv,11.42955
2026-10-06 16:36:12.763,7.6373e-11,Torr,12.small_stm_window_2,12.small_stm_window_2/MassSpecData-02115-20261006-163555.csv,11.433016666666667
2026-10-06 16:36:12.972,7.8681e-11,Torr,12.small_stm_window_2,12.small_stm_window_2/MassSpecData-02115-20261006-163555.csv,11.4365
2026-10-06 16:36:13.180,8.4039e-11,Torr,12.small_stm_window_2,12.small_stm_window_2/MassSpecData-02115-20261006-163555.csv,11.439966666666667
2026-10-06 16:36:13.388,8.2085e-11,Torr,12.small_stm_window_2,12.small_stm_window_2/MassSpecData-02115-20261006-163555.csv,11.443433333333333
2026-10-06 16:36:13.597,8.8154e-11,Torr,12.small_stm_window_2,12.small_stm_window_2/MassSpecData-02115-20261006-163555.csv,11.446916666666668
2026-10-06 16:36:13.805,8.7518e-11,Torr,12.small_stm_window_2,12.small_stm_window_2/MassSpecData-02115-20261006-163555.csv,11.450383333333333
2026-10-06 16:36:14.013,8.9109e-11,Torr,12.small_stm_window_2,12.small_stm_window_2/MassSpecData-02115-20261006-163555.csv,11.45385
2026-10-06 16:36:14.222,1.0023e-10,Torr,12.small_stm_window_2,12.small_stm_window_2/MassSpecData-02115-20261006-163555.csv,11.457333333333334
2026-10-06 16:36:14.430,7.5202e-11,Torr,12.small_stm_window_2,12.small_stm_window_2/MassSpecData-02115-20261006-163555.csv,11.4608
2026-10-06 16:36:14.638,8.2564e-11,Torr,12.small_stm_window_2,12.small_stm_window_2/MassSpecData-02115-20261006-163555.csv,11.464266666666667
2026-10-06 16:36:14.847,8.9235e-11,Torr,12.small_stm_window_2,12.small_stm_window_2/MassSpecData-02115-20261006-163555.csv,11.46775
2026-10-06 16:36:15.055,7.5769e-11,Torr,12.small_stm_window_2,12.small_stm_window_2/MassSpecData-02115-20261006-163555.csv,11.471216666666667
2026-10-06 16:36:15.263,8.2757e-11,Torr,12.small_stm_window_2,12.small_stm_window_2/MassSpecData-02115-20261006-163555.csv,11.474683333333333
2026-10-06 16:36:15.471,9.4123e-11,Torr,12.small_stm_window_2,12.small_stm_window_2/MassSpecData-02115-20261006-163555.csv,11.47815
2026-10-06 16:36:15.680,8.9141e-11,Torr,12.small_stm_window_2,12.small_stm_window_2/MassSpecData-02115-20261006-163555.csv,11.481633333333333
2026-10-06 16:36:15.888,7.6941e-11,Torr,12.small_stm_window_2,12.small_stm_window_2/MassSpecData-02115-20261006-163555.csv,11.4851
2026-10-06 16:36:16.096,7.6632e-11,Torr,12.small_stm_window_2,12.small_stm_window_2/MassSpecData-02115-20261006-163555.csv,11.488566666666665
2026-10-06 16:36:16.305,8.6829e-11,Torr,12.small_stm_window_2,12.small_stm_window_2/MassSpecData-02115-20261006-163555.csv,11.49205
2026-10-06 16:36:16.513,6.7965e-11,Torr,12.small_stm_window_2,12.small_stm_window_2/MassSpecData-02115-20261006-163555.csv,11.495516666666667
2026-10-06 16:36:16.721,8.6871e-11,Torr,12.small_stm_window_2,12.small_stm_window_2/MassSpecData-02115-20261006-163555.csv,11.498983333333333
2026-10-06 16:36:16.930,8.8779e-11,Torr,12.small_stm_window_2,12.small_stm_window_2/MassSpecData-02115-20261006-163555.csv,11.502466666666667
2026-10-06 16:36:17.138,8.7822e-11,Torr,12.small_stm_window_2,12.small_stm_window_2/MassSpecData-02115-20261006-163555.csv,11.505933333333333
2026-10-06 16:36:17.346,8.3229e-11,Torr,12.small_stm_window_2,12.small_stm_window_2/MassSpecData-02115-20261006-163555.csv,11.5094
2026-10-06 16:36:17.555,7.7416e-11,Torr,12.small_stm_window_2,12.small_stm_window_2/MassSpecData-02115-20261006-163555.csv,11.512883333333333
2026-10-06 16:36:17.763,8.0096e-11,Torr,12.small_stm_window_2,12.small_stm_window_2/MassSpecData-02115-20261006-163555.csv,11.51635
2026-10-06 16:36:17.971,7.3214e-11,Torr,12.small_stm_window_2,12.small_stm_window_2/MassSpecData-02115-20261006-163555.csv,11.519816666666665
2026-10-06 16:36:18.180,8.6188e-11,Torr,12.small_stm_window_2,12.small_stm_window_2/MassSpecData-02115-20261006-163555.csv,11.5233
2026-10-06 16:36:18.388,8.3843e-11,Torr,12.small_stm_window_2,12.small_stm_window_2/MassSpecData-02115-20261006-163555.csv,11.526766666666667
2026-10-06 16:36:18.596,8.4888e-11,Torr,12.small_stm_window_2,12.small_stm_window_2/MassSpecData-02115-20261006-163555.csv,11.530233333333333
2026-10-06 16:36:18.805,9.5707e-11,Torr,12.small_stm_window_2,12.small_stm_window_2/MassSpecData-02115-20261006-163555.csv,11.533716666666667
2026-10-06 16:36:19.013,8.5303e-11,Torr,12.small_stm_window_2,12.small_stm_window_2/MassSpecData-02115-20261006-163555.csv,11.537183333333333
2026-10-06 16:36:19.221,7.8558e-11,Torr,12.small_stm_window_2,12.small_stm_window_2/MassSpecData-02115-20261006-163555.csv,11.54065
2026-10-06 16:36:19.430,7.3677e-11,Torr,12.small_stm_window_2,12.small_stm_window_2/MassSpecData-02115-20261006-163555.csv,11.544133333333333
2026-10-06 16:36:19.638,8.8508e-11,Torr,12.small_stm_window_2,12.small_stm_window_2/MassSpecData-02115-20261006-163555.csv,11.5476
2026-10-06 16:36:19.846,7.5119e-11,Torr,12.small_stm_window_2,12.small_stm_window_2/MassSpecData-02115-20261006-163555.csv,11.551066666666665
2026-10-06 16:36:20.055,7.3244e-11,Torr,12.small_stm_window_2,12.small_stm_window_2/MassSpecData-02115-20261006-163555.csv,11.55455
2026-10-06 16:36:20.263,8.5724e-11,Torr,12.small_stm_window_2,12.small_stm_window_2/MassSpecData-02115-20261006-163555.csv,11.558016666666667
2026-10-06 16:36:20.471,8.6801e-11,Torr,12.small_stm_window_2,12.small_stm_window_2/MassSpecData-02115-20261006-163555.csv,11.561483333333333
2026-10-06 16:36:20.680,7.6358e-11,Torr,12.small_stm_window_2,12.small_stm_window_2/MassSpecData-02115-20261006-163555.csv,11.564966666666667
2026-10-06 16:36:20.888,9.5802e-11,Torr,12.small_stm_window_2,12.small_stm_window_2/MassSpecData-02115-20261006-163555.csv,11.568433333333333
2026-10-06 16:36:21.096,7.7679e-11,Torr,12.small_stm_window_2,12.small_stm_window_2/MassSpecData-02115-20261006-163555.csv,11.5719
2026-10-06 16:36:21.305,7.4959e-11,Torr,12.small_stm_window_2,12.small_stm_window_2/MassSpecData-02115-20261006-163555.csv,11.575383333333333
2026-10-06 16:36:21.513,9.1097e-11,Torr,12.small_stm_window_2,12.small_stm_window_2/MassSpecData-02115-20261006-163555.csv,11.57885
2026-10-06 16:36:21.721,8.6986e-11,Torr,12.small_stm_window_2,12.small_stm_window_2/MassSpecData-02115-20261006-163555.csv,11.582316666666665
2026-10-06 16:36:21.930,7.9498e-11,Torr,12.small_stm_window_2,12.small_stm_window_2/MassSpecData-02115-20261006-163555.csv,11.5858
2026-10-06 16:36:22.138,7.912e-11,Torr,12.small_stm_window_2,12.small_stm_window_2/MassSpecData-02115-20261006-163555.csv,11.589266666666667
2026-10-06 16:36:22.346,8.9695e-11,Torr,12.small_stm_window_2,12.small_stm_window_2/MassSpecData-02115-20261006-163555.csv,11.592733333333333
2026-10-06 16:36:22.555,7.5592e-11,Torr,12.small_stm_window_2,12.small_stm_window_2/MassSpecData-02115-20261006-163555.csv,11.596216666666667
2026-10-06 16:36:22.763,7.6816e-11,Torr,12.small_stm_window_2,12.small_stm_window_2/MassSpecData-02115-20261006-163555.csv,11.599683333333333
2026-10-06 16:36:22.971,8.9793e-11,Torr,12.small_stm_window_2,12.small_stm_window_2/MassSpecData-02115-20261006-163555.csv,11.60315
2026-10-06 16:36:23.180,7.4568e-11,Torr,12.small_stm_window_2,12.small_stm_window_2/MassSpecData-02115-20261006-163555.csv,11.606633333333333
2026-10-06 16:36:23.388,7.115e-11,Torr,12.small_stm_window_2,12.small_stm_window_2/MassSpecData-02115-20261006-163555.csv,11.6101
2026-10-06 16:36:23.596,8.5164e-11,Torr,12.small_stm_window_2,12.small_stm_window_2/MassSpecData-02115-20261006-163555.csv,11.613566666666665
2026-10-06 16:36:23.805,7.8742e-11,Torr,12.small_stm_window_2,12.small_stm_window_2/MassSpecData-02115-20261006-163555.csv,11.61705
2026-10-06 16:36:24.013,8.7568e-11,Torr,12.small_stm_window_2,12.small_stm_window_2/MassSpecData-02115-20261006-163555.csv,11.620516666666667
2026-10-06 16:36:24.221,9.3703e-11,Torr,12.small_stm_window_2,12.small_stm_window_2/MassSpecData-02115-20261006-163555.csv,11.623983333333333
2026-10-06 16:36:24.430,7.4167e-11,Torr,12.small_stm_window_2,12.small_stm_window_2/MassSpecData-02115-20261006-163555.csv,11.627466666666667
2026-10-06 16:36:24.638,8.1171e-11,Torr,12.small_stm_window_2,12.small_stm_window_2/MassSpecData-02115-20261006-163555.csv,11.630933333333333
2026-10-06 16:36:24.846,7.5282e-11,Torr,12.small_stm_window_2,12.small_stm_window_2/MassSpecData-02115-20261006-163555.csv,11.6344
2026-10-06 16:36:25.055,9.4471e-11,Torr,12.small_stm_window_2,12.small_stm_window_2/MassSpecData-02115-20261006-163555.csv,11.637883333333333
2026-10-06 16:36:25.263,8.8321e-11,Torr,12.small_stm_window_2,12.small_stm_window_2/MassSpecData-02115-20261006-163555.csv,11.64135
2026-10-06 16:36:25.471,8.722e-11,Torr,12.small_stm_window_2,12.small_stm_window_2/MassSpecData-02115-20261006-163555.csv,11.644816666666665
2026-10-06 16:36:25.680,9.1138e-11,Torr,12.small_stm_window_2,12.small_stm_window_2/MassSpecData-02115-20261006-163555.csv,11.6483
2026-10-06 16:36:25.888,7.2634e-11,Torr,12.small_stm_window_2,12.small_stm_window_2/MassSpecData-02115-20261006-163555.csv,11.651766666666667
2026-10-06 16:36:26.096,8.8052e-11,Torr,12.small_stm_window_2,12.small_stm_window_2/MassSpecData-02115-20261006-163555.csv,11.655233333333333
2026-10-06 16:36:26.305,8.5383e-11,Torr,12.small_stm_window_2,12.small_stm_window_2/MassSpecData-02115-20261006-163555.csv,11.658716666666667
2026-10-06 16:36:26.513,8.9082e-11,Torr,12.small_stm_window_2,12.small_stm_window_2/MassSpecData-02115-20261006-163555.csv,11.662183333333333
2026-10-06 16:36:26.721,9.5031e-11,Torr,12.small_stm_window_2,12.small_stm_window_2/MassSpecData-02115-20261006-163555.csv,11.66565
2026-10-06 16:36:26.930,8.2887e-11,Torr,12.small_stm_window_2,12.small_stm_window_2/MassSpecData-02115-20261006-163555.csv,11.669133333333333
2026-10-06 16:36:27.138,7.1621e-11,Torr,12.small_stm_window_2,12.small_stm_window_2/MassSpecData-02115-20261006-163555.csv,11.6726
2026-10-06 16:36:27.346,9.2952e-11,Torr,12.small_stm_window_2,12.small_stm_window_2/MassSpecData-02115-20261006-163555.csv,11.676066666666665
2026-10-06 16:36:27.555,8.3226e-11,Torr,12.small_stm_window_2,12.small_stm_window_2/MassSpecData-02115-20261006-163555.csv,11.67955
2026-10-06 16:36:27.763,8.4138e-11,Torr,12.small_stm_window_2,12.small_stm_window_2/MassSpecData-02115-20261006-163555.csv,11.683016666666667
2026-10-06 16:36:27.971,8.1792e-11,Torr,12.small_stm_window_2,12.small_stm_window_2/MassSpecData-02115-20261006-163555.csv,11.686483333333333
2026-10-06 16:36:28.180,9.078e-11,Torr,12.small_stm_window_2,12.small_stm_window_2/MassSpecData-02115-20261006-163555.csv,11.689966666666667
2026-10-06 16:36:28.388,8.1899e-11,Torr,12.small_stm_window_2,12.small_stm_window_2/MassSpecData-02115-20261006-163555.csv,11.693433333333333
2026-10-06 16:36:28.596,8.4459e-11,Torr,12.small_stm_window_2,12.small_stm_window_2/MassSpecData-02115-20261006-163555.csv,11.6969
2026-10-06 16:36:28.805,8.8794e-11,Torr,12.small_stm_window_2,12.small_stm_window_2/MassSpecData-02115-20261006-163555.csv,11.700383333333333
2026-10-06 16:36:29.013,8.8983e-11,Torr,12.small_stm_window_2,12.small_stm_window_2/MassSpecData-02115-20261006-163555.csv,11.70385
2026-10-06 16:36:29.221,9.51e-11,Torr,12.small_stm_window_2,12.small_stm_window_2/MassSpecData-02115-20261006-163555.csv,11.707316666666665
2026-10-06 16:36:29.430,8.6841e-11,Torr,12.small_stm_window_2,12.small_stm_window_2/MassSpecData-02115-20261006-163555.csv,11.7108
2026-10-06 16:36:29.638,9.195e-11,Torr,12.small_stm_window_2,12.small_stm_window_2/MassSpecData-02115-20261006-163555.csv,11.714266666666667
2026-10-06 16:36:29.846,9.0065e-11,Torr,12.small_stm_window_2,12.small_stm_window_2/MassSpecData-02115-20261006-163555.csv,11.717733333333333
2026-10-06 16:36:30.055,9.449e-11,Torr,12.small_stm_window_2,12.small_stm_window_2/MassSpecData-02115-20261006-163555.csv,11.721216666666667
2026-10-06 16:36:30.263,8.5742e-11,Torr,12.small_stm_window_2,12.small_stm_window_2/MassSpecData-02115-20261006-163555.csv,11.724683333333333
2026-10-06 16:36:30.471,9.2417e-11,Torr,12.small_stm_window_2,12.small_stm_window_2/MassSpecData-02115-20261006-163555.csv,11.72815
2026-10-06 16:36:30.680,1.0072e-10,Torr,12.small_stm_window_2,12.small_stm_window_2/MassSpecData-02115-20261006-163555.csv,11.731633333333333
2026-10-06 16:36:30.888,8.0764e-11,Torr,12.small_stm_window_2,12.small_stm_window_2/MassSpecData-02115-20261006-163555.csv,11.7351
2026-10-06 16:36:31.096,7.4699e-11,Torr,12.small_stm_window_2,12.small_stm_window_2/MassSpecData-02115-20261006-163555.csv,11.738566666666665
2026-10-06 16:36:31.305,1.0148e-10,Torr,12.small_stm_window_2,12.small_stm_window_2/MassSpecData-02115-20261006-163555.csv,11.74205
2026-10-06 16:36:31.513,8.0905e-11,Torr,12.small_stm_window_2,12.small_stm_window_2/MassSpecData-02115-20261006-163555.csv,11.745516666666667
2026-10-06 16:36:31.721,8.1661e-11,Torr,12.small_stm_window_2,12.small_stm_window_2/MassSpecData-02115-20261006-163555.csv,11.748983333333333
2026-10-06 16:36:31.930,7.2554e-11,Torr,12.small_stm_window_2,12.small_stm_window_2/MassSpecData-02115-20261006-163555.csv,11.752466666666667
2026-10-06 16:36:32.138,8.7737e-11,Torr,12.small_stm_window_2,12.small_stm_window_2/MassSpecData-02115-20261006-163555.csv,11.755933333333333
2026-10-06 16:36:32.346,9.482e-11,Torr,12.small_stm_window_2,12.small_stm_window_2/MassSpecData-02115-20261006-163555.csv,11.7594
2026-10-06 16:36:32.555,7.9767e-11,Torr,12.small_stm_window_2,12.small_stm_window_2/MassSpecData-02115-20261006-163555.csv,11.762883333333333
2026-10-06 16:36:32.763,8.1517e-11,Torr,12.small_stm_window_2,12.small_stm_window_2/MassSpecData-02115-20261006-163555.csv,11.76635
2026-10-06 16:36:32.971,9.3901e-11,Torr,12.small_stm_window_2,12.small_stm_window_2/MassSpecData-02115-20261006-163555.csv,11.769816666666665
2026-10-06 16:36:33.180,9.3957e-11,Torr,12.small_stm_window_2,12.small_stm_window_2/MassSpecData-02115-20261006-163555.csv,11.7733
2026-10-06 16:36:33.388,9.5707e-11,Torr,12.small_stm_window_2,12.small_stm_window_2/MassSpecData-02115-20261006-163555.csv,11.776766666666667
2026-10-06 16:36:33.597,7.2513e-11,Torr,12.small_stm_window_2,12.small_stm_window_2/MassSpecData-02115-20261006-163555.csv,11.78025
2026-10-06 16:36:33.805,8.9604e-11,Torr,12.small_stm_window_2,12.small_stm_window_2/MassSpecData-02115-20261006-163555.csv,11.783716666666667
2026-10-06 16:36:34.013,8.7427e-11,Torr,12.small_stm_window_2,12.small_stm_window_2/MassSpecData-02115-20261006-163555.csv,11.787183333333333
2026-10-06 16:36:34.222,8.0932e-11,Torr,12.small_stm_window_2,12.small_stm_window_2/MassSpecData-02115-20261006-163555.csv,11.790666666666668
2026-10-06 16:36:34.430,9.5689e-11,Torr,12.small_stm_window_2,12.small_stm_window_2/MassSpecData-02115-20261006-163555.csv,11.794133333333333
2026-10-06 16:36:34.638,8.3869e-11,Torr,12.small_stm_window_2,12.small_stm_window_2/MassSpecData-02115-20261006-163555.csv,11.7976
2026-10-06 16:36:34.847,7.3212e-11,Torr,12.small_stm_window_2,12.small_stm_window_2/MassSpecData-02115-20261006-163555.csv,11.801083333333334
2026-10-06 16:36:35.055,9.2971e-11,Torr,12.small_stm_window_2,12.small_stm_window_2/MassSpecData-02115-20261006-163555.csv,11.80455
2026-10-06 16:36:35.263,7.8149e-11,Torr,12.small_stm_window_2,12.small_stm_window_2/MassSpecData-02115-20261006-163555.csv,11.808016666666667
2026-10-06 16:36:35.472,9.144e-11,Torr,12.small_stm_window_2,12.small_stm_window_2/MassSpecData-02115-20261006-163555.csv,11.8115
2026-10-06 16:36:35.680,8.2107e-11,Torr,12.small_stm_window_2,12.small_stm_window_2/MassSpecData-02115-20261006-163555.csv,11.814966666666667
2026-10-06 16:36:35.888,9.1805e-11,Torr,12.small_stm_window_2,12.small_stm_window_2/MassSpecData-02115-20261006-163555.csv,11.818433333333333
2026-10-06 16:36:36.097,8.8398e-11,Torr,12.small_stm_window_2,12.small_stm_window_2/MassSpecData-02115-20261006-163555.csv,11.821916666666668
2026-10-06 16:36:36.305,9.2705e-11,Torr,12.small_stm_window_2,12.small_stm_window_2/MassSpecData-02115-20261006-163555.csv,11.825383333333333
2026-10-06 16:36:36.513,7.0699e-11,Torr,12.small_stm_window_2,12.small_stm_window_2/MassSpecData-02115-20261006-163555.csv,11.82885
2026-10-06 16:36:36.722,8.7977e-11,Torr,12.small_stm_window_2,12.small_stm_window_2/MassSpecData-02115-20261006-163555.csv,11.832333333333334
2026-10-06 16:36:36.930,8.3956e-11,Torr,12.small_stm_window_2,12.small_stm_window_2/MassSpecData-02115-20261006-163555.csv,11.8358
2026-10-06 16:36:37.138,8.2848e-11,Torr,12.small_stm_window_2,12.small_stm_window_2/MassSpecData-02115-20261006-163555.csv,11.839266666666667
2026-10-06 16:36:37.488,8.2288e-11,Torr,12.small_stm_window_2,12.small_stm_window_2/MassSpecData-02115-20261006-163637.csv,11.8451
2026-10-06 16:36:37.696,7.1536e-11,Torr,12.small_stm_window_2,12.small_stm_window_2/MassSpecData-02115-20261006-163637.csv,11.848566666666667
2026-10-06 16:36:37.905,8.6957e-11,Torr,12.small_stm_window_2,12.small_stm_window_2/MassSpecData-02115-20261006-163637.csv,11.85205
2026-10-06 16:36:38.113,9.0813e-11,Torr,12.small_stm_window_2,12.small_stm_window_2/MassSpecData-02115-20261006-163637.csv,11.855516666666666
2026-10-06 16:36:38.321,7.9112e-11,Torr,12.small_stm_window_2,12.small_stm_window_2/MassSpecData-02115-20261006-163637.csv,11.858983333333333
2026-10-06 16:36:38.530,9.0182e-11,Torr,12.small_stm_window_2,12.small_stm_window_2/MassSpecData-02115-20261006-163637.csv,11.862466666666668
2026-10-06 16:36:38.738,7.1745e-11,Torr,12.small_stm_window_2,12.small_stm_window_2/MassSpecData-02115-20261006-163637.csv,11.865933333333334
2026-10-06 16:36:38.946,7.8247e-11,Torr,12.small_stm_window_2,12.small_stm_window_2/MassSpecData-02115-20261006-163637.csv,11.8694
2026-10-06 16:36:39.154,7.863e-11,Torr,12.small_stm_window_2,12.small_stm_window_2/MassSpecData-02115-20261006-163637.csv,11.872866666666665
2026-10-06 16:36:39.363,7.4833e-11,Torr,12.small_stm_window_2,12.small_stm_window_2/MassSpecData-02115-20261006-163637.csv,11.87635
2026-10-06 16:36:39.571,9.0324e-11,Torr,12.small_stm_window_2,12.small_stm_window_2/MassSpecData-02115-20261006-163637.csv,11.879816666666667
2026-10-06 16:36:39.780,1.0323e-10,Torr,12.small_stm_window_2,12.small_stm_window_2/MassSpecData-02115-20261006-163637.csv,11.8833
2026-10-06 16:36:39.988,9.7055e-11,Torr,12.small_stm_window_2,12.small_stm_window_2/MassSpecData-02115-20261006-163637.csv,11.886766666666666
2026-10-06 16:36:40.196,9.5399e-11,Torr,12.small_stm_window_2,12.small_stm_window_2/MassSpecData-02115-20261006-163637.csv,11.890233333333333
2026-10-06 16:36:40.405,7.6639e-11,Torr,12.small_stm_window_2,12.small_stm_window_2/MassSpecData-02115-20261006-163637.csv,11.893716666666668
2026-10-06 16:36:40.613,7.9364e-11,Torr,12.small_stm_window_2,12.small_stm_window_2/MassSpecData-02115-20261006-163637.csv,11.897183333333334
2026-10-06 16:36:40.821,7.2108e-11,Torr,12.small_stm_window_2,12.small_stm_window_2/MassSpecData-02115-20261006-163637.csv,11.90065
2026-10-06 16:36:41.030,7.2133e-11,Torr,12.small_stm_window_2,12.small_stm_window_2/MassSpecData-02115-20261006-163637.csv,11.904133333333334
2026-10-06 16:36:41.238,8.2438e-11,Torr,12.small_stm_window_2,12.small_stm_window_2/MassSpecData-02115-20261006-163637.csv,11.9076
2026-10-06 16:36:41.446,8.4126e-11,Torr,12.small_stm_window_2,12.small_stm_window_2/MassSpecData-02115-20261006-163637.csv,11.911066666666667
2026-10-06 16:36:41.655,8.5001e-11,Torr,12.small_stm_window_2,12.small_stm_window_2/MassSpecData-02115-20261006-163637.csv,11.91455
2026-10-06 16:36:41.863,8.2665e-11,Torr,12.small_stm_window_2,12.small_stm_window_2/MassSpecData-02115-20261006-163637.csv,11.918016666666666
2026-10-06 16:36:42.071,7.7678e-11,Torr,12.small_stm_window_2,12.small_stm_window_2/MassSpecData-02115-20261006-163637.csv,11.921483333333333
2026-10-06 16:36:42.280,7.0994e-11,Torr,12.small_stm_window_2,12.small_stm_window_2/MassSpecData-02115-20261006-163637.csv,11.924966666666668
2026-10-06 16:36:42.488,8.8974e-11,Torr,12.small_stm_window_2,12.small_stm_window_2/MassSpecData-02115-20261006-163637.csv,11.928433333333334
2026-10-06 16:36:42.696,8.3527e-11,Torr,12.small_stm_window_2,12.small_stm_window_2/MassSpecData-02115-20261006-163637.csv,11.9319
2026-10-06 16:36:42.904,8.0932e-11,Torr,12.small_stm_window_2,12.small_stm_window_2/MassSpecData-02115-20261006-163637.csv,11.935366666666665
2026-10-06 16:36:43.113,7.1465e-11,Torr,12.small_stm_window_2,12.small_stm_window_2/MassSpecData-02115-20261006-163637.csv,11.93885
2026-10-06 16:36:43.321,8.7857e-11,Torr,12.small_stm_window_2,12.small_stm_window_2/MassSpecData-02115-20261006-163637.csv,11.942316666666667
2026-10-06 16:36:43.529,7.9246e-11,Torr,12.small_stm_window_2,12.small_stm_window_2/MassSpecData-02115-20261006-163637.csv,11.945783333333333
2026-10-06 16:36:43.738,7.8142e-11,Torr,12.small_stm_window_2,12.small_stm_window_2/MassSpecData-02115-20261006-163637.csv,11.949266666666666
2026-10-06 16:36:43.946,8.8702e-11,Torr,12.small_stm_window_2,12.small_stm_window_2/MassSpecData-02115-20261006-163637.csv,11.952733333333333
2026-10-06 16:36:44.154,7.8996e-11,Torr,12.small_stm_window_2,12.small_stm_window_2/MassSpecData-02115-20261006-163637.csv,11.956199999999999
2026-10-06 16:36:44.363,8.7297e-11,Torr,12.small_stm_window_2,12.small_stm_window_2/MassSpecData-02115-20261006-163637.csv,11.959683333333334
2026-10-06 16:36:44.571,8.4738e-11,Torr,12.small_stm_window_2,12.small_stm_window_2/MassSpecData-02115-20261006-163637.csv,11.96315
2026-10-06 16:36:44.779,8.0347e-11,Torr,12.small_stm_window_2,12.small_stm_window_2/MassSpecData-02115-20261006-163637.csv,11.966616666666665
2026-10-06 16:36:44.988,8.8414e-11,Torr,12.small_stm_window_2,12.small_stm_window_2/MassSpecData-02115-20261006-163637.csv,11.9701
2026-10-06 16:36:45.196,8.3515e-11,Torr,12.small_stm_window_2,12.small_stm_window_2/MassSpecData-02115-20261006-163637.csv,11.973566666666667
2026-10-06 16:36:45.404,7.2519e-11,Torr,12.small_stm_window_2,12.small_stm_window_2/MassSpecData-02115-20261006-163637.csv,11.977033333333333
2026-10-06 16:36:45.613,7.3529e-11,Torr,12.small_stm_window_2,12.small_stm_window_2/MassSpecData-02115-20261006-163637.csv,11.980516666666666
2026-10-06 16:36:45.821,7.1768e-11,Torr,12.small_stm_window_2,12.small_stm_window_2/MassSpecData-02115-20261006-163637.csv,11.983983333333333
2026-10-06 16:36:46.029,8.1809e-11,Torr,12.small_stm_window_2,12.small_stm_window_2/MassSpecData-02115-20261006-163637.csv,11.987449999999999
2026-10-06 16:36:46.238,7.5544e-11,Torr,12.small_stm_window_2,12.small_stm_window_2/MassSpecData-02115-20261006-163637.csv,11.990933333333334
2026-10-06 16:36:46.446,7.4313e-11,Torr,12.small_stm_window_2,12.small_stm_window_2/MassSpecData-02115-20261006-163637.csv,11.9944
2026-10-06 16:36:46.655,9.2488e-11,Torr,12.small_stm_window_2,12.small_stm_window_2/MassSpecData-02115-20261006-163637.csv,11.997883333333334
2026-10-06 16:36:46.863,8.4724e-11,Torr,12.small_stm_window_2,12.small_stm_window_2/MassSpecData-02115-20261006-163637.csv,12.00135
2026-10-06 16:36:47.071,8.3028e-11,Torr,12.small_stm_window_2,12.small_stm_window_2/MassSpecData-02115-20261006-163637.csv,12.004816666666667
2026-10-06 16:36:47.280,1.0403e-10,Torr,12.small_stm_window_2,12.small_stm_window_2/MassSpecData-02115-20261006-163637.csv,12.0083
2026-10-06 16:36:47.488,8.2477e-11,Torr,12.small_stm_window_2,12.small_stm_window_2/MassSpecData-02115-20261006-163637.csv,12.011766666666666
2026-10-06 16:36:47.696,8.7444e-11,Torr,12.small_stm_window_2,12.small_stm_window_2/MassSpecData-02115-20261006-163637.csv,12.015233333333333
2026-10-06 16:36:47.905,8.017e-11,Torr,12.small_stm_window_2,12.small_stm_window_2/MassSpecData-02115-20261006-163637.csv,12.018716666666668
2026-10-06 16:36:48.113,9.2358e-11,Torr,12.small_stm_window_2,12.small_stm_window_2/MassSpecData-02115-20261006-163637.csv,12.022183333333334
2026-10-06 16:36:48.321,8.3701e-11,Torr,12.small_stm_window_2,12.small_stm_window_2/MassSpecData-02115-20261006-163637.csv,12.02565
2026-10-06 16:36:48.530,9.0462e-11,Torr,12.small_stm_window_2,12.small_stm_window_2/MassSpecData-02115-20261006-163637.csv,12.029133333333334
2026-10-06 16:36:48.738,7.6054e-11,Torr,12.small_stm_window_2,12.small_stm_window_2/MassSpecData-02115-20261006-163637.csv,12.0326
2026-10-06 16:36:48.946,7.9172e-11,Torr,12.small_stm_window_2,12.small_stm_window_2/MassSpecData-02115-20261006-163637.csv,12.036066666666667
2026-10-06 16:36:49.155,6.6133e-11,Torr,12.small_stm_window_2,12.small_stm_window_2/MassSpecData-02115-20261006-163637.csv,12.03955
2026-10-06 16:36:49.363,9.0379e-11,Torr,12.small_stm_window_2,12.small_stm_window_2/MassSpecData-02115-20261006-163637.csv,12.043016666666666
2026-10-06 16:36:49.571,7.7414e-11,Torr,12.small_stm_window_2,12.small_stm_window_2/MassSpecData-02115-20261006-163637.csv,12.046483333333333
2026-10-06 16:36:49.780,9.1523e-11,Torr,12.small_stm_window_2,12.small_stm_window_2/MassSpecData-02115-20261006-163637.csv,12.049966666666668
2026-10-06 16:36:49.988,9.2389e-11,Torr,12.small_stm_window_2,12.small_stm_window_2/MassSpecData-02115-20261006-163637.csv,12.053433333333334
2026-10-06 16:36:50.196,8.3373e-11,Torr,12.small_stm_window_2,12.small_stm_window_2/MassSpecData-02115-20261006-163637.csv,12.0569
2026-10-06 16:36:50.405,8.6507e-11,Torr,12.small_stm_window_2,12.small_stm_window_2/MassSpecData-02115-20261006-163637.csv,12.060383333333334
2026-10-06 16:36:50.613,8.0812e-11,Torr,12.small_stm_window_2,12.small_stm_window_2/MassSpecData-02115-20261006-163637.csv,12.06385
2026-10-06 16:36:50.821,8.2793e-11,Torr,12.small_stm_window_2,12.small_stm_window_2/MassSpecData-02115-20261006-163637.csv,12.067316666666667
2026-10-06 16:36:51.030,8.9757e-11,Torr,12.small_stm_window_2,12.small_stm_window_2/MassSpecData-02115-20261006-163637.csv,12.0708
2026-10-06 16:36:51.238,9.014e-11,Torr,12.small_stm_window_2,12.small_stm_window_2/MassSpecData-02115-20261006-163637.csv,12.074266666666666
2026-10-06 16:36:51.446,7.9061e-11,Torr,12.small_stm_window_2,12.small_stm_window_2/MassSpecData-02115-20261006-163637.csv,12.077733333333333
2026-10-06 16:36:51.655,7.4324e-11,Torr,12.small_stm_window_2,12.small_stm_window_2/MassSpecData-02115-20261006-163637.csv,12.081216666666668
2026-10-06 16:36:51.863,7.9021e-11,Torr,12.small_stm_window_2,12.small_stm_window_2/MassSpecData-02115-20261006-163637.csv,12.084683333333334
2026-10-06 16:36:52.071,8.3698e-11,Torr,12.small_stm_window_2,12.small_stm_window_2/MassSpecData-02115-20261006-163637.csv,12.08815
2026-10-06 16:36:52.280,8.0026e-11,Torr,12.small_stm_window_2,12.small_stm_window_2/MassSpecData-02115-20261006-163637.csv,12.091633333333334
2026-10-06 16:36:52.488,6.9428e-11,Torr,12.small_stm_window_2,12.small_stm_window_2/MassSpecData-02115-20261006-163637.csv,12.0951
2026-10-06 16:36:52.696,8.4338e-11,Torr,12.small_stm_window_2,12.small_stm_window_2/MassSpecData-02115-20261006-163637.csv,12.098566666666667
2026-10-06 16:36:52.905,9.2286e-11,Torr,12.small_stm_window_2,12.small_stm_window_2/MassSpecData-02115-20261006-163637.csv,12.10205
2026-10-06 16:36:53.113,9.5476e-11,Torr,12.small_stm_window_2,12.small_stm_window_2/MassSpecData-02115-20261006-163637.csv,12.105516666666666
2026-10-06 16:36:53.321,8.156e-11,Torr,12.small_stm_window_2,12.small_stm_window_2/MassSpecData-02115-20261006-163637.csv,12.108983333333333
2026-10-06 16:36:53.530,5.9039e-11,Torr,12.small_stm_window_2,12.small_stm_window_2/MassSpecData-02115-20261006-163637.csv,12.112466666666668
2026-10-06 16:36:53.738,7.7842e-11,Torr,12.small_stm_window_2,12.small_stm_window_2/MassSpecData-02115-20261006-163637.csv,12.115933333333334
2026-10-06 16:36:53.946,9.4165e-11,Torr,12.small_stm_window_2,12.small_stm_window_2/MassSpecData-02115-20261006-163637.csv,12.1194
2026-10-06 16:36:54.155,9.2937e-11,Torr,12.small_stm_window_2,12.small_stm_window_2/MassSpecData-02115-20261006-163637.csv,12.122883333333334
2026-10-06 16:36:54.363,7.6558e-11,Torr,12.small_stm_window_2,12.small_stm_window_2/MassSpecData-02115-20261006-163637.csv,12.12635
2026-10-06 16:36:54.571,8.7102e-11,Torr,12.small_stm_window_2,12.small_stm_window_2/MassSpecData-02115-20261006-163637.csv,12.129816666666667
2026-10-06 16:36:54.780,8.2731e-11,Torr,12.small_stm_window_2,12.small_stm_window_2/MassSpecData-02115-20261006-163637.csv,12.1333
2026-10-06 16:36:54.988,7.2351e-11,Torr,12.small_stm_window_2,12.small_stm_window_2/MassSpecData-02115-20261006-163637.csv,12.136766666666666
2026-10-06 16:36:55.196,7.1428e-11,Torr,12.small_stm_window_2,12.small_stm_window_2/MassSpecData-02115-20261006-163637.csv,12.140233333333333
2026-10-06 16:36:55.405,9.6488e-11,Torr,12.small_stm_window_2,12.small_stm_window_2/MassSpecData-02115-20261006-163637.csv,12.143716666666668
2026-10-06 16:36:55.613,8.2482e-11,Torr,12.small_stm_window_2,12.small_stm_window_2/MassSpecData-02115-20261006-163637.csv,12.147183333333334
2026-10-06 16:36:55.821,7.8294e-11,Torr,12.small_stm_window_2,12.small_stm_window_2/MassSpecData-02115-20261006-163637.csv,12.15065
