timestamp,pressure,pressure_unit,location,source_file,elapsed_minutes
2026-10-06 20:33:41.402,8.724e-11,Torr,23.cross_gate_connectingPort1,23.cross_gate_connectingPort1/MassSpecData-02115-20261006-203341.csv,0.0
2026-10-06 20:33:41.610,6.7955e-11,Torr,23.cross_gate_connectingPort1,23.cross_gate_connectingPort1/MassSpecData-02115-20261006-203341.csv,0.0034666666666666665
2026-10-06 20:33:41.819,1.0218e-10,Torr,23.cross_gate_connectingPort1,23.cross_gate_connectingPort1/MassSpecData-02115-20261006-203341.csv,0.00695
2026-10-06 20:33:42.027,7.4581e-11,Torr,23.cross_gate_connectingPort1,23.cross_gate_connectingPort1/MassSpecData-02115-20261006-203341.csv,0.010416666666666666
2026-10-06 20:33:42.235,7.5354e-11,Torr,23.cross_gate_connectingPort1,23.cross_gate_connectingPort1/MassSpecData-02115-20261006-203341.csv,0.013883333333333333
2026-10-06 20:33:42.444,7.2952e-11,Torr,23.cross_gate_connectingPort1,23.cross_gate_connectingPort1/MassSpecData-02115-20261006-203341.csv,0.017366666666666666
2026-10-06 20:33:42.652,8.0363e-11,Torr,23.cross_gate_connectingPort1,23.cross_gate_connectingPort1/MassSpecData-02115-20261006-203341.csv,0.020833333333333332
2026-10-06 20:33:42.860,9.2166e-11,Torr,23.cross_gate_connectingPort1,23.cross_gate_connectingPort1/MassSpecData-02115-20261006-203341.csv,0.0243
2026-10-06 20:33:43.068,8.6522e-11,Torr,23.cross_gate_connectingPort1,23.cross_gate_connectingPort1/MassSpecData-02115-20261006-203341.csv,0.027766666666666665
2026-10-06 20:33:43.277,7.3015e-11,Torr,23.cross_gate_connectingPort1,23.cross_gate_connectingPort1/MassSpecData-02115-20261006-203341.csv,0.03125
2026-10-06 20:33:43.485,7.9342e-11,Torr,23.cross_gate_connectingPort1,23.cross_gate_connectingPort1/MassSpecData-02115-20261006-203341.csv,0.034716666666666667
2026-10-06 20:33:43.694,8.5359e-11,Torr,23.cross_gate_connectingPort1,23.cross_gate_connectingPort1/MassSpecData-02115-20261006-203341.csv,0.0382
2026-10-06 20:33:43.902,9.1449e-11,Torr,23.cross_gate_connectingPort1,23.cross_gate_connectingPort1/MassSpecData-02115-20261006-203341.csv,0.041666666666666664
2026-10-06 20:33:44.110,7.7483e-11,Torr,23.cross_gate_connectingPort1,23.cross_gate_connectingPort1/MassSpecData-02115-20261006-203341.csv,0.04513333333333334
2026-10-06 20:33:44.319,7.7383e-11,Torr,23.cross_gate_connectingPort1,23.cross_gate_connectingPort1/MassSpecData-02115-20261006-203341.csv,0.04861666666666666
2026-10-06 20:33:44.527,7.2229e-11,Torr,23.cross_gate_connectingPort1,23.cross_gate_connectingPort1/MassSpecData-02115-20261006-203341.csv,0.052083333333333336
2026-10-06 20:33:44.735,8.0392e-11,Torr,23.cross_gate_connectingPort1,23.cross_gate_connectingPort1/MassSpecData-02115-20261006-203341.csv,0.05555
2026-10-06 20:33:44.944,7.004e-11,Torr,23.cross_gate_connectingPort1,23.cross_gate_connectingPort1/MassSpecData-02115-20261006-203341.csv,0.059033333333333333
2026-10-06 20:33:45.152,9.5935e-11,Torr,23.cross_gate_connectingPort1,23.cross_gate_connectingPort1/MassSpecData-02115-20261006-203341.csv,0.0625
2026-10-06 20:33:45.360,8.8238e-11,Torr,23.cross_gate_connectingPort1,23.cross_gate_connectingPort1/MassSpecData-02115-20261006-203341.csv,0.06596666666666667
2026-10-06 20:33:45.569,7.4652e-11,Torr,23.cross_gate_connectingPort1,23.cross_gate_connectingPort1/MassSpecData-02115-20261006-203341.csv,0.06945
2026-10-06 20:33:45.777,7.2016e-11,Torr,23.cross_gate_connectingPort1,23.cross_gate_connectingPort1/MassSpecData-02115-20261006-203341.csv,0.07291666666666667
2026-10-06 20:33:45.985,7.7309e-11,Torr,23.cross_gate_connectingPort1,23.cross_gate_connectingPort1/MassSpecData-02115-20261006-203341.csv,0.07638333333333333
2026-10-06 20:33:46.194,8.1031e-11,Torr,23.cross_gate_connectingPort1,23.cross_gate_connectingPort1/MassSpecData-02115-20261006-203341.csv,0.07986666666666667
2026-10-06 20:33:46.402,8.349e-11,Torr,23.cross_gate_connectingPort1,23.cross_gate_connectingPort1/MassSpecData-02115-20261006-203341.csv,0.08333333333333333
2026-10-06 20:33:46.610,6.9441e-11,Torr,23.cross_gate_connectingPort1,23.cross_gate_connectingPort1/MassSpecData-02115-20261006-203341.csv,0.0868
2026-10-06 20:33:46.818,8.0155e-11,Torr,23.cross_gate_connectingPort1,23.cross_gate_connectingPort1/MassSpecData-02115-20261006-203341.csv,0.09026666666666668
2026-10-06 20:33:47.027,7.9361e-11,Torr,23.cross_gate_connectingPort1,23.cross_gate_connectingPort1/MassSpecData-02115-20261006-203341.csv,0.09375
2026-10-06 20:33:47.235,9.6879e-11,Torr,23.cross_gate_connectingPort1,23.cross_gate_connectingPort1/MassSpecData-02115-20261006-203341.csv,0.09721666666666667
2026-10-06 20:33:47.443,8.7783e-11,Torr,23.cross_gate_connectingPort1,23.cross_gate_connectingPort1/MassSpecData-02115-20261006-203341.csv,0.10068333333333333
2026-10-06 20:33:47.652,8.4286e-11,Torr,23.cross_gate_connectingPort1,23.cross_gate_connectingPort1/MassSpecData-02115-20261006-203341.csv,0.10416666666666667
2026-10-06 20:33:47.860,8.3806e-11,Torr,23.cross_gate_connectingPort1,23.cross_gate_connectingPort1/MassSpecData-02115-20261006-203341.csv,0.10763333333333333
2026-10-06 20:33:48.068,7.1797e-11,Torr,23.cross_gate_connectingPort1,23.cross_gate_connectingPort1/MassSpecData-02115-20261006-203341.csv,0.1111
2026-10-06 20:33:48.277,9.1008e-11,Torr,23.cross_gate_connectingPort1,23.cross_gate_connectingPort1/MassSpecData-02115-20261006-203341.csv,0.11458333333333333
2026-10-06 20:33:48.485,7.4932e-11,Torr,23.cross_gate_connectingPort1,23.cross_gate_connectingPort1/MassSpecData-02115-20261006-203341.csv,0.11805
2026-10-06 20:33:48.693,8.6912e-11,Torr,23.cross_gate_connectingPort1,23.cross_gate_connectingPort1/MassSpecData-02115-20261006-203341.csv,0.12151666666666668
2026-10-06 20:33:48.902,7.5823e-11,Torr,23.cross_gate_connectingPort1,23.cross_gate_connectingPort1/MassSpecData-02115-20261006-203341.csv,0.125
2026-10-06 20:33:49.110,9.0567e-11,Torr,23.cross_gate_connectingPort1,23.cross_gate_connectingPort1/MassSpecData-02115-20261006-203341.csv,0.12846666666666667
2026-10-06 20:33:49.318,1.0193e-10,Torr,23.cross_gate_connectingPort1,23.cross_gate_connectingPort1/MassSpecData-02115-20261006-203341.csv,0.13193333333333335
2026-10-06 20:33:49.527,8.8529e-11,Torr,23.cross_gate_connectingPort1,23.cross_gate_connectingPort1/MassSpecData-02115-20261006-203341.csv,0.13541666666666666
2026-10-06 20:33:49.735,6.2868e-11,Torr,23.cross_gate_connectingPort1,23.cross_gate_connectingPort1/MassSpecData-02115-20261006-203341.csv,0.13888333333333333
2026-10-06 20:33:49.943,1.0532e-10,Torr,23.cross_gate_connectingPort1,23.cross_gate_connectingPort1/MassSpecData-02115-20261006-203341.csv,0.14235
2026-10-06 20:33:50.152,8.5726e-11,Torr,23.cross_gate_connectingPort1,23.cross_gate_connectingPort1/MassSpecData-02115-20261006-203341.csv,0.14583333333333334
2026-10-06 20:33:50.360,6.2293e-11,Torr,23.cross_gate_connectingPort1,23.cross_gate_connectingPort1/MassSpecData-02115-20261006-203341.csv,0.14930000000000002
2026-10-06 20:33:50.569,9.613e-11,Torr,23.cross_gate_connectingPort1,23.cross_gate_connectingPort1/MassSpecData-02115-20261006-203341.csv,0.15278333333333333
2026-10-06 20:33:50.777,7.9433e-11,Torr,23.cross_gate_connectingPort1,23.cross_gate_connectingPort1/MassSpecData-02115-20261006-203341.csv,0.15625
2026-10-06 20:33:50.985,6.957e-11,Torr,23.cross_gate_connectingPort1,23.cross_gate_connectingPort1/MassSpecData-02115-20261006-203341.csv,0.15971666666666667
2026-10-06 20:33:51.194,9.7338e-11,Torr,23.cross_gate_connectingPort1,23.cross_gate_connectingPort1/MassSpecData-02115-20261006-203341.csv,0.16319999999999998
2026-10-06 20:33:51.402,8.1714e-11,Torr,23.cross_gate_connectingPort1,23.cross_gate_connectingPort1/MassSpecData-02115-20261006-203341.csv,0.16666666666666666
2026-10-06 20:33:51.610,7.6699e-11,Torr,23.cross_gate_connectingPort1,23.cross_gate_connectingPort1/MassSpecData-02115-20261006-203341.csv,0.17013333333333333
2026-10-06 20:33:51.819,7.442e-11,Torr,23.cross_gate_connectingPort1,23.cross_gate_connectingPort1/MassSpecData-02115-20261006-203341.csv,0.17361666666666667
2026-10-06 20:33:52.027,8.3279e-11,Torr,23.cross_gate_connectingPort1,23.cross_gate_connectingPort1/MassSpecData-02115-20261006-203341.csv,0.17708333333333334
2026-10-06 20:33:52.235,7.8972e-11,Torr,23.cross_gate_connectingPort1,23.cross_gate_connectingPort1/MassSpecData-02115-20261006-203341.csv,0.18055000000000002
2026-10-06 20:33:52.444,6.234e-11,Torr,23.cross_gate_connectingPort1,23.cross_gate_connectingPort1/MassSpecData-02115-20261006-203341.csv,0.18403333333333333
2026-10-06 20:33:52.652,7.4885e-11,Torr,23.cross_gate_connectingPort1,23.cross_gate_connectingPort1/MassSpecData-02115-20261006-203341.csv,0.1875
2026-10-06 20:33:52.860,8.2571e-11,Torr,23.cross_gate_connectingPort1,23.cross_gate_connectingPort1/MassSpecData-02115-20261006-203341.csv,0.19096666666666667
2026-10-06 20:33:53.069,7.7607e-11,Torr,23.cross_gate_connectingPort1,23.cross_gate_connectingPort1/MassSpecData-02115-20261006-203341.csv,0.19444999999999998
2026-10-06 20:33:53.277,8.5991e-11,Torr,23.cross_gate_connectingPort1,23.cross_gate_connectingPort1/MassSpecData-02115-20261006-203341.csv,0.19791666666666666
2026-10-06 20:33:53.485,7.2737e-11,Torr,23.cross_gate_connectingPort1,23.cross_gate_connectingPort1/MassSpecData-02115-20261006-203341.csv,0.20138333333333333
2026-10-06 20:33:53.694,7.3793e-11,Torr,23.cross_gate_connectingPort1,23.cross_gate_connectingPort1/MassSpecData-02115-20261006-203341.csv,0.20486666666666667
2026-10-06 20:33:53.902,9.4213e-11,Torr,23.cross_gate_connectingPort1,23.cross_gate_connectingPort1/MassSpecData-02115-20261006-203341.csv,0.20833333333333334
2026-10-06 20:33:54.110,8.3617e-11,Torr,23.cross_gate_connectingPort1,23.cross_gate_connectingPort1/MassSpecData-02115-20261006-203341.csv,0.21180000000000002
2026-10-06 20:33:54.319,8.189e-11,Torr,23.cross_gate_connectingPort1,23.cross_gate_connectingPort1/MassSpecData-02115-20261006-203341.csv,0.21528333333333333
2026-10-06 20:33:54.527,8.2583e-11,Torr,23.cross_gate_connectingPort1,23.cross_gate_connectingPort1/MassSpecData-02115-20261006-203341.csv,0.21875
2026-10-06 20:33:54.735,7.438e-11,Torr,23.cross_gate_connectingPort1,23.cross_gate_connectingPort1/MassSpecData-02115-20261006-203341.csv,0.22221666666666667
2026-10-06 20:33:54.944,8.5145e-11,Torr,23.cross_gate_connectingPort1,23.cross_gate_connectingPort1/MassSpecData-02115-20261006-203341.csv,0.22569999999999998
2026-10-06 20:33:55.152,8.6368e-11,Torr,23.cross_gate_connectingPort1,23.cross_gate_connectingPort1/MassSpecData-02115-20261006-203341.csv,0.22916666666666666
2026-10-06 20:33:55.360,7.221e-11,Torr,23.cross_gate_connectingPort1,23.cross_gate_connectingPort1/MassSpecData-02115-20261006-203341.csv,0.23263333333333333
2026-10-06 20:33:55.569,8.0967e-11,Torr,23.cross_gate_connectingPort1,23.cross_gate_connectingPort1/MassSpecData-02115-20261006-203341.csv,0.23611666666666667
2026-10-06 20:33:55.777,8.0632e-11,Torr,23.cross_gate_connectingPort1,23.cross_gate_connectingPort1/MassSpecData-02115-20261006-203341.csv,0.23958333333333334
2026-10-06 20:33:55.985,7.3463e-11,Torr,23.cross_gate_connectingPort1,23.cross_gate_connectingPort1/MassSpecData-02115-20261006-203341.csv,0.24305000000000002
2026-10-06 20:33:56.194,9.0722e-11,Torr,23.cross_gate_connectingPort1,23.cross_gate_connectingPort1/MassSpecData-02115-20261006-203341.csv,0.24653333333333333
2026-10-06 20:33:56.402,7.8737e-11,Torr,23.cross_gate_connectingPort1,23.cross_gate_connectingPort1/MassSpecData-02115-20261006-203341.csv,0.25
2026-10-06 20:33:56.610,7.2318e-11,Torr,23.cross_gate_connectingPort1,23.cross_gate_connectingPort1/MassSpecData-02115-20261006-203341.csv,0.2534666666666667
2026-10-06 20:33:56.819,8.6014e-11,Torr,23.cross_gate_connectingPort1,23.cross_gate_connectingPort1/MassSpecData-02115-20261006-203341.csv,0.25695
2026-10-06 20:33:57.027,7.4836e-11,Torr,23.cross_gate_connectingPort1,23.cross_gate_connectingPort1/MassSpecData-02115-20261006-203341.csv,0.2604166666666667
2026-10-06 20:33:57.235,9.9998e-11,Torr,23.cross_gate_connectingPort1,23.cross_gate_connectingPort1/MassSpecData-02115-20261006-203341.csv,0.26388333333333336
2026-10-06 20:33:57.444,9.1749e-11,Torr,23.cross_gate_connectingPort1,23.cross_gate_connectingPort1/MassSpecData-02115-20261006-203341.csv,0.2673666666666667
2026-10-06 20:33:57.652,8.6183e-11,Torr,23.cross_gate_connectingPort1,23.cross_gate_connectingPort1/MassSpecData-02115-20261006-203341.csv,0.2708333333333333
2026-10-06 20:33:57.860,9.0029e-11,Torr,23.cross_gate_connectingPort1,23.cross_gate_connectingPort1/MassSpecData-02115-20261006-203341.csv,0.2743
2026-10-06 20:33:58.069,8.1555e-11,Torr,23.cross_gate_connectingPort1,23.cross_gate_connectingPort1/MassSpecData-02115-20261006-203341.csv,0.2777833333333334
2026-10-06 20:33:58.277,7.7266e-11,Torr,23.cross_gate_connectingPort1,23.cross_gate_connectingPort1/MassSpecData-02115-20261006-203341.csv,0.28125
2026-10-06 20:33:58.485,6.4447e-11,Torr,23.cross_gate_connectingPort1,23.cross_gate_connectingPort1/MassSpecData-02115-20261006-203341.csv,0.2847166666666666
2026-10-06 20:33:58.694,8.5065e-11,Torr,23.cross_gate_connectingPort1,23.cross_gate_connectingPort1/MassSpecData-02115-20261006-203341.csv,0.2882
2026-10-06 20:33:58.902,7.4472e-11,Torr,23.cross_gate_connectingPort1,23.cross_gate_connectingPort1/MassSpecData-02115-20261006-203341.csv,0.2916666666666667
2026-10-06 20:33:59.110,7.9104e-11,Torr,23.cross_gate_connectingPort1,23.cross_gate_connectingPort1/MassSpecData-02115-20261006-203341.csv,0.2951333333333333
2026-10-06 20:33:59.319,8.138e-11,Torr,23.cross_gate_connectingPort1,23.cross_gate_connectingPort1/MassSpecData-02115-20261006-203341.csv,0.2986166666666667
2026-10-06 20:33:59.527,7.5178e-11,Torr,23.cross_gate_connectingPort1,23.cross_gate_connectingPort1/MassSpecData-02115-20261006-203341.csv,0.3020833333333333
2026-10-06 20:33:59.735,7.3367e-11,Torr,23.cross_gate_connectingPort1,23.cross_gate_connectingPort1/MassSpecData-02115-20261006-203341.csv,0.30555
2026-10-06 20:33:59.944,7.3205e-11,Torr,23.cross_gate_connectingPort1,23.cross_gate_connectingPort1/MassSpecData-02115-20261006-203341.csv,0.3090333333333334
2026-10-06 20:34:00.152,8.4216e-11,Torr,23.cross_gate_connectingPort1,23.cross_gate_connectingPort1/MassSpecData-02115-20261006-203341.csv,0.3125
2026-10-06 20:34:00.360,7.5788e-11,Torr,23.cross_gate_connectingPort1,23.cross_gate_connectingPort1/MassSpecData-02115-20261006-203341.csv,0.3159666666666666
2026-10-06 20:34:00.569,6.8711e-11,Torr,23.cross_gate_connectingPort1,23.cross_gate_connectingPort1/MassSpecData-02115-20261006-203341.csv,0.31945
2026-10-06 20:34:00.777,7.9095e-11,Torr,23.cross_gate_connectingPort1,23.cross_gate_connectingPort1/MassSpecData-02115-20261006-203341.csv,0.3229166666666667
2026-10-06 20:34:00.985,7.7343e-11,Torr,23.cross_gate_connectingPort1,23.cross_gate_connectingPort1/MassSpecData-02115-20261006-203341.csv,0.3263833333333333
2026-10-06 20:34:01.193,8.298e-11,Torr,23.cross_gate_connectingPort1,23.cross_gate_connectingPort1/MassSpecData-02115-20261006-203341.csv,0.32985000000000003
2026-10-06 20:34:01.402,7.1794e-11,Torr,23.cross_gate_connectingPort1,23.cross_gate_connectingPort1/MassSpecData-02115-20261006-203341.csv,0.3333333333333333
2026-10-06 20:34:01.610,8.3612e-11,Torr,23.cross_gate_connectingPort1,23.cross_gate_connectingPort1/MassSpecData-02115-20261006-203341.csv,0.3368
2026-10-06 20:34:01.818,6.8105e-11,Torr,23.cross_gate_connectingPort1,23.cross_gate_connectingPort1/MassSpecData-02115-20261006-203341.csv,0.34026666666666666
2026-10-06 20:34:02.027,8.3001e-11,Torr,23.cross_gate_connectingPort1,23.cross_gate_connectingPort1/MassSpecData-02115-20261006-203341.csv,0.34375
2026-10-06 20:34:02.235,7.146e-11,Torr,23.cross_gate_connectingPort1,23.cross_gate_connectingPort1/MassSpecData-02115-20261006-203341.csv,0.3472166666666666
2026-10-06 20:34:02.443,6.5951e-11,Torr,23.cross_gate_connectingPort1,23.cross_gate_connectingPort1/MassSpecData-02115-20261006-203341.csv,0.35068333333333335
2026-10-06 20:34:02.652,8.7261e-11,Torr,23.cross_gate_connectingPort1,23.cross_gate_connectingPort1/MassSpecData-02115-20261006-203341.csv,0.3541666666666667
2026-10-06 20:34:02.860,7.9855e-11,Torr,23.cross_gate_connectingPort1,23.cross_gate_connectingPort1/MassSpecData-02115-20261006-203341.csv,0.3576333333333333
2026-10-06 20:34:03.068,8.0675e-11,Torr,23.cross_gate_connectingPort1,23.cross_gate_connectingPort1/MassSpecData-02115-20261006-203341.csv,0.36110000000000003
2026-10-06 20:34:03.277,8.3889e-11,Torr,23.cross_gate_connectingPort1,23.cross_gate_connectingPort1/MassSpecData-02115-20261006-203341.csv,0.3645833333333333
2026-10-06 20:34:03.485,8.3801e-11,Torr,23.cross_gate_connectingPort1,23.cross_gate_connectingPort1/MassSpecData-02115-20261006-203341.csv,0.36805
2026-10-06 20:34:03.693,7.8975e-11,Torr,23.cross_gate_connectingPort1,23.cross_gate_connectingPort1/MassSpecData-02115-20261006-203341.csv,0.37151666666666666
2026-10-06 20:34:03.902,8.6391e-11,Torr,23.cross_gate_connectingPort1,23.cross_gate_connectingPort1/MassSpecData-02115-20261006-203341.csv,0.375
2026-10-06 20:34:04.110,6.5939e-11,Torr,23.cross_gate_connectingPort1,23.cross_gate_connectingPort1/MassSpecData-02115-20261006-203341.csv,0.3784666666666666
2026-10-06 20:34:04.318,9.632e-11,Torr,23.cross_gate_connectingPort1,23.cross_gate_connectingPort1/MassSpecData-02115-20261006-203341.csv,0.38193333333333335
2026-10-06 20:34:04.527,8.6473e-11,Torr,23.cross_gate_connectingPort1,23.cross_gate_connectingPort1/MassSpecData-02115-20261006-203341.csv,0.3854166666666667
2026-10-06 20:34:04.735,7.2112e-11,Torr,23.cross_gate_connectingPort1,23.cross_gate_connectingPort1/MassSpecData-02115-20261006-203341.csv,0.3888833333333333
2026-10-06 20:34:04.943,7.2548e-11,Torr,23.cross_gate_connectingPort1,23.cross_gate_connectingPort1/MassSpecData-02115-20261006-203341.csv,0.39235000000000003
2026-10-06 20:34:05.152,7.2279e-11,Torr,23.cross_gate_connectingPort1,23.cross_gate_connectingPort1/MassSpecData-02115-20261006-203341.csv,0.3958333333333333
2026-10-06 20:34:05.360,1.0218e-10,Torr,23.cross_gate_connectingPort1,23.cross_gate_connectingPort1/MassSpecData-02115-20261006-203341.csv,0.3993
2026-10-06 20:34:05.568,7.7748e-11,Torr,23.cross_gate_connectingPort1,23.cross_gate_connectingPort1/MassSpecData-02115-20261006-203341.csv,0.40276666666666666
2026-10-06 20:34:05.777,7.6866e-11,Torr,23.cross_gate_connectingPort1,23.cross_gate_connectingPort1/MassSpecData-02115-20261006-203341.csv,0.40625
2026-10-06 20:34:05.985,7.7046e-11,Torr,23.cross_gate_connectingPort1,23.cross_gate_connectingPort1/MassSpecData-02115-20261006-203341.csv,0.4097166666666666
2026-10-06 20:34:06.193,7.6235e-11,Torr,23.cross_gate_connectingPort1,23.cross_gate_connectingPort1/MassSpecData-02115-20261006-203341.csv,0.41318333333333335
2026-10-06 20:34:06.402,7.1727e-11,Torr,23.cross_gate_connectingPort1,23.cross_gate_connectingPort1/MassSpecData-02115-20261006-203341.csv,0.4166666666666667
2026-10-06 20:34:06.610,6.9371e-11,Torr,23.cross_gate_connectingPort1,23.cross_gate_connectingPort1/MassSpecData-02115-20261006-203341.csv,0.4201333333333333
2026-10-06 20:34:06.818,7.8893e-11,Torr,23.cross_gate_connectingPort1,23.cross_gate_connectingPort1/MassSpecData-02115-20261006-203341.csv,0.42360000000000003
2026-10-06 20:34:07.027,7.9861e-11,Torr,23.cross_gate_connectingPort1,23.cross_gate_connectingPort1/MassSpecData-02115-20261006-203341.csv,0.4270833333333333
2026-10-06 20:34:07.235,7.8012e-11,Torr,23.cross_gate_connectingPort1,23.cross_gate_connectingPort1/MassSpecData-02115-20261006-203341.csv,0.43055
2026-10-06 20:34:07.443,6.6072e-11,Torr,23.cross_gate_connectingPort1,23.cross_gate_connectingPort1/MassSpecData-02115-20261006-203341.csv,0.43401666666666666
2026-10-06 20:34:07.652,7.4146e-11,Torr,23.cross_gate_connectingPort1,23.cross_gate_connectingPort1/MassSpecData-02115-20261006-203341.csv,0.4375
2026-10-06 20:34:07.860,8.5016e-11,Torr,23.cross_gate_connectingPort1,23.cross_gate_connectingPort1/MassSpecData-02115-20261006-203341.csv,0.4409666666666666
2026-10-06 20:34:08.068,6.0678e-11,Torr,23.cross_gate_connectingPort1,23.cross_gate_connectingPort1/MassSpecData-02115-20261006-203341.csv,0.44443333333333335
2026-10-06 20:34:08.277,7.5869e-11,Torr,23.cross_gate_connectingPort1,23.cross_gate_connectingPort1/MassSpecData-02115-20261006-203341.csv,0.4479166666666667
2026-10-06 20:34:08.485,7.7705e-11,Torr,23.cross_gate_connectingPort1,23.cross_gate_connectingPort1/MassSpecData-02115-20261006-203341.csv,0.4513833333333333
2026-10-06 20:34:08.693,8.3897e-11,Torr,23.cross_gate_connectingPort1,23.cross_gate_connectingPort1/MassSpecData-02115-20261006-203341.csv,0.45485000000000003
2026-10-06 20:34:08.902,7.9944e-11,Torr,23.cross_gate_connectingPort1,23.cross_gate_connectingPort1/MassSpecData-02115-20261006-203341.csv,0.4583333333333333
2026-10-06 20:34:09.110,8.7355e-11,Torr,23.cross_gate_connectingPort1,23.cross_gate_connectingPort1/MassSpecData-02115-20261006-203341.csv,0.4618
2026-10-06 20:34:09.318,8.0523e-11,Torr,23.cross_gate_connectingPort1,23.cross_gate_connectingPort1/MassSpecData-02115-20261006-203341.csv,0.46526666666666666
2026-10-06 20:34:09.527,8.3949e-11,Torr,23.cross_gate_connectingPort1,23.cross_gate_connectingPort1/MassSpecData-02115-20261006-203341.csv,0.46875
2026-10-06 20:34:09.735,8.1239e-11,Torr,23.cross_gate_connectingPort1,23.cross_gate_connectingPort1/MassSpecData-02115-20261006-203341.csv,0.4722166666666666
2026-10-06 20:34:09.943,6.8624e-11,Torr,23.cross_gate_connectingPort1,23.cross_gate_connectingPort1/MassSpecData-02115-20261006-203341.csv,0.47568333333333335
2026-10-06 20:34:10.152,7.9113e-11,Torr,23.cross_gate_connectingPort1,23.cross_gate_connectingPort1/MassSpecData-02115-20261006-203341.csv,0.4791666666666667
2026-10-06 20:34:10.360,7.9925e-11,Torr,23.cross_gate_connectingPort1,23.cross_gate_connectingPort1/MassSpecData-02115-20261006-203341.csv,0.4826333333333333
2026-10-06 20:34:10.568,7.8429e-11,Torr,23.cross_gate_connectingPort1,23.cross_gate_connectingPort1/MassSpecData-02115-20261006-203341.csv,0.48610000000000003
2026-10-06 20:34:10.777,9.2319e-11,Torr,23.cross_gate_connectingPort1,23.cross_gate_connectingPort1/MassSpecData-02115-20261006-203341.csv,0.4895833333333333
2026-10-06 20:34:10.985,8.3746e-11,Torr,23.cross_gate_connectingPort1,23.cross_gate_connectingPort1/MassSpecData-02115-20261006-203341.csv,0.49305
2026-10-06 20:34:11.193,7.3017e-11,Torr,23.cross_gate_connectingPort1,23.cross_gate_connectingPort1/MassSpecData-02115-20261006-203341.csv,0.49651666666666666
2026-10-06 20:34:11.402,9.0137e-11,Torr,23.cross_gate_connectingPort1,23.cross_gate_connectingPort1/MassSpecData-02115-20261006-203341.csv,0.5
2026-10-06 20:34:11.610,7.5894e-11,Torr,23.cross_gate_connectingPort1,23.cross_gate_connectingPort1/MassSpecData-02115-20261006-203341.csv,0.5034666666666666
2026-10-06 20:34:11.818,1.0285e-10,Torr,23.cross_gate_connectingPort1,23.cross_gate_connectingPort1/MassSpecData-02115-20261006-203341.csv,0.5069333333333333
2026-10-06 20:34:12.027,8.8923e-11,Torr,23.cross_gate_connectingPort1,23.cross_gate_connectingPort1/MassSpecData-02115-20261006-203341.csv,0.5104166666666666
2026-10-06 20:34:12.235,7.2778e-11,Torr,23.cross_gate_connectingPort1,23.cross_gate_connectingPort1/MassSpecData-02115-20261006-203341.csv,0.5138833333333334
2026-10-06 20:34:12.443,8.727e-11,Torr,23.cross_gate_connectingPort1,23.cross_gate_connectingPort1/MassSpecData-02115-20261006-203341.csv,0.51735
2026-10-06 20:34:12.652,9.5143e-11,Torr,23.cross_gate_connectingPort1,23.cross_gate_connectingPort1/MassSpecData-02115-20261006-203341.csv,0.5208333333333334
2026-10-06 20:34:12.860,7.6771e-11,Torr,23.cross_gate_connectingPort1,23.cross_gate_connectingPort1/MassSpecData-02115-20261006-203341.csv,0.5243
2026-10-06 20:34:13.068,6.7732e-11,Torr,23.cross_gate_connectingPort1,23.cross_gate_connectingPort1/MassSpecData-02115-20261006-203341.csv,0.5277666666666667
2026-10-06 20:34:13.277,8.5995e-11,Torr,23.cross_gate_connectingPort1,23.cross_gate_connectingPort1/MassSpecData-02115-20261006-203341.csv,0.53125
2026-10-06 20:34:13.485,6.5853e-11,Torr,23.cross_gate_connectingPort1,23.cross_gate_connectingPort1/MassSpecData-02115-20261006-203341.csv,0.5347166666666666
2026-10-06 20:34:13.693,7.478e-11,Torr,23.cross_gate_connectingPort1,23.cross_gate_connectingPort1/MassSpecData-02115-20261006-203341.csv,0.5381833333333332
2026-10-06 20:34:13.902,8.1714e-11,Torr,23.cross_gate_connectingPort1,23.cross_gate_connectingPort1/MassSpecData-02115-20261006-203341.csv,0.5416666666666666
2026-10-06 20:34:14.110,9.4007e-11,Torr,23.cross_gate_connectingPort1,23.cross_gate_connectingPort1/MassSpecData-02115-20261006-203341.csv,0.5451333333333334
2026-10-06 20:34:14.318,6.3564e-11,Torr,23.cross_gate_connectingPort1,23.cross_gate_connectingPort1/MassSpecData-02115-20261006-203341.csv,0.5486
2026-10-06 20:34:14.527,9.6076e-11,Torr,23.cross_gate_connectingPort1,23.cross_gate_connectingPort1/MassSpecData-02115-20261006-203341.csv,0.5520833333333334
2026-10-06 20:34:14.735,8.3677e-11,Torr,23.cross_gate_connectingPort1,23.cross_gate_connectingPort1/MassSpecData-02115-20261006-203341.csv,0.55555
2026-10-06 20:34:14.943,6.8429e-11,Torr,23.cross_gate_connectingPort1,23.cross_gate_connectingPort1/MassSpecData-02115-20261006-203341.csv,0.5590166666666666
2026-10-06 20:34:15.152,8.5084e-11,Torr,23.cross_gate_connectingPort1,23.cross_gate_connectingPort1/MassSpecData-02115-20261006-203341.csv,0.5625
2026-10-06 20:34:15.360,7.6922e-11,Torr,23.cross_gate_connectingPort1,23.cross_gate_connectingPort1/MassSpecData-02115-20261006-203341.csv,0.5659666666666666
2026-10-06 20:34:15.568,9.1284e-11,Torr,23.cross_gate_connectingPort1,23.cross_gate_connectingPort1/MassSpecData-02115-20261006-203341.csv,0.5694333333333332
2026-10-06 20:34:15.777,8.6229e-11,Torr,23.cross_gate_connectingPort1,23.cross_gate_connectingPort1/MassSpecData-02115-20261006-203341.csv,0.5729166666666666
2026-10-06 20:34:15.985,9.906e-11,Torr,23.cross_gate_connectingPort1,23.cross_gate_connectingPort1/MassSpecData-02115-20261006-203341.csv,0.5763833333333334
2026-10-06 20:34:16.193,7.6684e-11,Torr,23.cross_gate_connectingPort1,23.cross_gate_connectingPort1/MassSpecData-02115-20261006-203341.csv,0.57985
2026-10-06 20:34:16.402,7.1404e-11,Torr,23.cross_gate_connectingPort1,23.cross_gate_connectingPort1/MassSpecData-02115-20261006-203341.csv,0.5833333333333334
2026-10-06 20:34:16.610,9.1072e-11,Torr,23.cross_gate_connectingPort1,23.cross_gate_connectingPort1/MassSpecData-02115-20261006-203341.csv,0.5868
2026-10-06 20:34:16.818,8.0997e-11,Torr,23.cross_gate_connectingPort1,23.cross_gate_connectingPort1/MassSpecData-02115-20261006-203341.csv,0.5902666666666666
2026-10-06 20:34:17.027,8.3739e-11,Torr,23.cross_gate_connectingPort1,23.cross_gate_connectingPort1/MassSpecData-02115-20261006-203341.csv,0.59375
2026-10-06 20:34:17.235,7.6248e-11,Torr,23.cross_gate_connectingPort1,23.cross_gate_connectingPort1/MassSpecData-02115-20261006-203341.csv,0.5972166666666666
2026-10-06 20:34:17.443,7.1855e-11,Torr,23.cross_gate_connectingPort1,23.cross_gate_connectingPort1/MassSpecData-02115-20261006-203341.csv,0.6006833333333332
2026-10-06 20:34:17.652,8.3271e-11,Torr,23.cross_gate_connectingPort1,23.cross_gate_connectingPort1/MassSpecData-02115-20261006-203341.csv,0.6041666666666666
2026-10-06 20:34:17.860,7.0868e-11,Torr,23.cross_gate_connectingPort1,23.cross_gate_connectingPort1/MassSpecData-02115-20261006-203341.csv,0.6076333333333334
2026-10-06 20:34:18.068,7.5929e-11,Torr,23.cross_gate_connectingPort1,23.cross_gate_connectingPort1/MassSpecData-02115-20261006-203341.csv,0.6111
2026-10-06 20:34:18.277,7.3719e-11,Torr,23.cross_gate_connectingPort1,23.cross_gate_connectingPort1/MassSpecData-02115-20261006-203341.csv,0.6145833333333334
2026-10-06 20:34:18.485,9.3184e-11,Torr,23.cross_gate_connectingPort1,23.cross_gate_connectingPort1/MassSpecData-02115-20261006-203341.csv,0.61805
2026-10-06 20:34:18.693,7.7847e-11,Torr,23.cross_gate_connectingPort1,23.cross_gate_connectingPort1/MassSpecData-02115-20261006-203341.csv,0.6215166666666666
2026-10-06 20:34:18.902,1.0399e-10,Torr,23.cross_gate_connectingPort1,23.cross_gate_connectingPort1/MassSpecData-02115-20261006-203341.csv,0.625
2026-10-06 20:34:19.110,8.822e-11,Torr,23.cross_gate_connectingPort1,23.cross_gate_connectingPort1/MassSpecData-02115-20261006-203341.csv,0.6284666666666666
2026-10-06 20:34:19.319,7.2791e-11,Torr,23.cross_gate_connectingPort1,23.cross_gate_connectingPort1/MassSpecData-02115-20261006-203341.csv,0.63195
2026-10-06 20:34:19.527,8.8207e-11,Torr,23.cross_gate_connectingPort1,23.cross_gate_connectingPort1/MassSpecData-02115-20261006-203341.csv,0.6354166666666666
2026-10-06 20:34:19.735,7.6833e-11,Torr,23.cross_gate_connectingPort1,23.cross_gate_connectingPort1/MassSpecData-02115-20261006-203341.csv,0.6388833333333334
2026-10-06 20:34:19.944,7.7503e-11,Torr,23.cross_gate_connectingPort1,23.cross_gate_connectingPort1/MassSpecData-02115-20261006-203341.csv,0.6423666666666666
2026-10-06 20:34:20.152,7.2659e-11,Torr,23.cross_gate_connectingPort1,23.cross_gate_connectingPort1/MassSpecData-02115-20261006-203341.csv,0.6458333333333334
2026-10-06 20:34:20.360,7.7267e-11,Torr,23.cross_gate_connectingPort1,23.cross_gate_connectingPort1/MassSpecData-02115-20261006-203341.csv,0.6493
2026-10-06 20:34:20.569,8.5349e-11,Torr,23.cross_gate_connectingPort1,23.cross_gate_connectingPort1/MassSpecData-02115-20261006-203341.csv,0.6527833333333334
2026-10-06 20:34:20.777,6.2254e-11,Torr,23.cross_gate_connectingPort1,23.cross_gate_connectingPort1/MassSpecData-02115-20261006-203341.csv,0.65625
2026-10-06 20:34:20.985,6.9921e-11,Torr,23.cross_gate_connectingPort1,23.cross_gate_connectingPort1/MassSpecData-02115-20261006-203341.csv,0.6597166666666666
2026-10-06 20:34:21.194,8.6458e-11,Torr,23.cross_gate_connectingPort1,23.cross_gate_connectingPort1/MassSpecData-02115-20261006-203341.csv,0.6632
2026-10-06 20:34:21.402,8.0985e-11,Torr,23.cross_gate_connectingPort1,23.cross_gate_connectingPort1/MassSpecData-02115-20261006-203341.csv,0.6666666666666666
2026-10-06 20:34:21.610,7.2942e-11,Torr,23.cross_gate_connectingPort1,23.cross_gate_connectingPort1/MassSpecData-02115-20261006-203341.csv,0.6701333333333334
2026-10-06 20:34:21.819,7.7305e-11,Torr,23.cross_gate_connectingPort1,23.cross_gate_connectingPort1/MassSpecData-02115-20261006-203341.csv,0.6736166666666666
2026-10-06 20:34:22.027,8.2315e-11,Torr,23.cross_gate_connectingPort1,23.cross_gate_connectingPort1/MassSpecData-02115-20261006-203341.csv,0.6770833333333334
2026-10-06 20:34:22.235,8.0079e-11,Torr,23.cross_gate_connectingPort1,23.cross_gate_connectingPort1/MassSpecData-02115-20261006-203341.csv,0.68055
2026-10-06 20:34:22.444,9.3777e-11,Torr,23.cross_gate_connectingPort1,23.cross_gate_connectingPort1/MassSpecData-02115-20261006-203341.csv,0.6840333333333334
2026-10-06 20:34:22.652,9.1603e-11,Torr,23.cross_gate_connectingPort1,23.cross_gate_connectingPort1/MassSpecData-02115-20261006-203341.csv,0.6875
2026-10-06 20:34:22.860,9.3216e-11,Torr,23.cross_gate_connectingPort1,23.cross_gate_connectingPort1/MassSpecData-02115-20261006-203341.csv,0.6909666666666666
2026-10-06 20:34:23.269,7.6446e-11,Torr,23.cross_gate_connectingPort1,23.cross_gate_connectingPort1/MassSpecData-02115-20261006-203423.csv,0.6977833333333333
2026-10-06 20:34:23.477,8.6154e-11,Torr,23.cross_gate_connectingPort1,23.cross_gate_connectingPort1/MassSpecData-02115-20261006-203423.csv,0.70125
2026-10-06 20:34:23.686,9.0708e-11,Torr,23.cross_gate_connectingPort1,23.cross_gate_connectingPort1/MassSpecData-02115-20261006-203423.csv,0.7047333333333333
2026-10-06 20:34:23.894,9.1346e-11,Torr,23.cross_gate_connectingPort1,23.cross_gate_connectingPort1/MassSpecData-02115-20261006-203423.csv,0.7081999999999999
2026-10-06 20:34:24.102,8.5076e-11,Torr,23.cross_gate_connectingPort1,23.cross_gate_connectingPort1/MassSpecData-02115-20261006-203423.csv,0.7116666666666667
2026-10-06 20:34:24.311,7.4393e-11,Torr,23.cross_gate_connectingPort1,23.cross_gate_connectingPort1/MassSpecData-02115-20261006-203423.csv,0.71515
2026-10-06 20:34:24.519,9.6792e-11,Torr,23.cross_gate_connectingPort1,23.cross_gate_connectingPort1/MassSpecData-02115-20261006-203423.csv,0.7186166666666666
2026-10-06 20:34:24.727,7.9358e-11,Torr,23.cross_gate_connectingPort1,23.cross_gate_connectingPort1/MassSpecData-02115-20261006-203423.csv,0.7220833333333334
2026-10-06 20:34:24.935,8.4536e-11,Torr,23.cross_gate_connectingPort1,23.cross_gate_connectingPort1/MassSpecData-02115-20261006-203423.csv,0.72555
2026-10-06 20:34:25.144,6.838e-11,Torr,23.cross_gate_connectingPort1,23.cross_gate_connectingPort1/MassSpecData-02115-20261006-203423.csv,0.7290333333333333
2026-10-06 20:34:25.352,8.1562e-11,Torr,23.cross_gate_connectingPort1,23.cross_gate_connectingPort1/MassSpecData-02115-20261006-203423.csv,0.7325
2026-10-06 20:34:25.561,7.7255e-11,Torr,23.cross_gate_connectingPort1,23.cross_gate_connectingPort1/MassSpecData-02115-20261006-203423.csv,0.7359833333333333
2026-10-06 20:34:25.769,8.5024e-11,Torr,23.cross_gate_connectingPort1,23.cross_gate_connectingPort1/MassSpecData-02115-20261006-203423.csv,0.7394499999999999
2026-10-06 20:34:25.977,8.9666e-11,Torr,23.cross_gate_connectingPort1,23.cross_gate_connectingPort1/MassSpecData-02115-20261006-203423.csv,0.7429166666666667
2026-10-06 20:34:26.186,8.7447e-11,Torr,23.cross_gate_connectingPort1,23.cross_gate_connectingPort1/MassSpecData-02115-20261006-203423.csv,0.7464
2026-10-06 20:34:26.394,7.1884e-11,Torr,23.cross_gate_connectingPort1,23.cross_gate_connectingPort1/MassSpecData-02115-20261006-203423.csv,0.7498666666666666
2026-10-06 20:34:26.602,8.7658e-11,Torr,23.cross_gate_connectingPort1,23.cross_gate_connectingPort1/MassSpecData-02115-20261006-203423.csv,0.7533333333333334
2026-10-06 20:34:26.811,7.4592e-11,Torr,23.cross_gate_connectingPort1,23.cross_gate_connectingPort1/MassSpecData-02115-20261006-203423.csv,0.7568166666666667
2026-10-06 20:34:27.019,7.9976e-11,Torr,23.cross_gate_connectingPort1,23.cross_gate_connectingPort1/MassSpecData-02115-20261006-203423.csv,0.7602833333333333
2026-10-06 20:34:27.227,7.3865e-11,Torr,23.cross_gate_connectingPort1,23.cross_gate_connectingPort1/MassSpecData-02115-20261006-203423.csv,0.76375
2026-10-06 20:34:27.436,7.0339e-11,Torr,23.cross_gate_connectingPort1,23.cross_gate_connectingPort1/MassSpecData-02115-20261006-203423.csv,0.7672333333333333
2026-10-06 20:34:27.644,7.39e-11,Torr,23.cross_gate_connectingPort1,23.cross_gate_connectingPort1/MassSpecData-02115-20261006-203423.csv,0.7706999999999999
2026-10-06 20:34:27.852,7.5265e-11,Torr,23.cross_gate_connectingPort1,23.cross_gate_connectingPort1/MassSpecData-02115-20261006-203423.csv,0.7741666666666667
2026-10-06 20:34:28.061,6.1447e-11,Torr,23.cross_gate_connectingPort1,23.cross_gate_connectingPort1/MassSpecData-02115-20261006-203423.csv,0.77765
2026-10-06 20:34:28.269,8.3914e-11,Torr,23.cross_gate_connectingPort1,23.cross_gate_connectingPort1/MassSpecData-02115-20261006-203423.csv,0.7811166666666666
2026-10-06 20:34:28.477,8.9952e-11,Torr,23.cross_gate_connectingPort1,23.cross_gate_connectingPort1/MassSpecData-02115-20261006-203423.csv,0.7845833333333334
2026-10-06 20:34:28.685,6.8481e-11,Torr,23.cross_gate_connectingPort1,23.cross_gate_connectingPort1/MassSpecData-02115-20261006-203423.csv,0.78805
2026-10-06 20:34:28.894,8.8552e-11,Torr,23.cross_gate_connectingPort1,23.cross_gate_connectingPort1/MassSpecData-02115-20261006-203423.csv,0.7915333333333333
2026-10-06 20:34:29.102,7.734e-11,Torr,23.cross_gate_connectingPort1,23.cross_gate_connectingPort1/MassSpecData-02115-20261006-203423.csv,0.795
2026-10-06 20:34:29.310,6.4935e-11,Torr,23.cross_gate_connectingPort1,23.cross_gate_connectingPort1/MassSpecData-02115-20261006-203423.csv,0.7984666666666667
2026-10-06 20:34:29.519,7.8293e-11,Torr,23.cross_gate_connectingPort1,23.cross_gate_connectingPort1/MassSpecData-02115-20261006-203423.csv,0.8019499999999999
2026-10-06 20:34:29.727,6.9275e-11,Torr,23.cross_gate_connectingPort1,23.cross_gate_connectingPort1/MassSpecData-02115-20261006-203423.csv,0.8054166666666667
2026-10-06 20:34:29.935,8.2125e-11,Torr,23.cross_gate_connectingPort1,23.cross_gate_connectingPort1/MassSpecData-02115-20261006-203423.csv,0.8088833333333334
2026-10-06 20:34:30.144,8.0264e-11,Torr,23.cross_gate_connectingPort1,23.cross_gate_connectingPort1/MassSpecData-02115-20261006-203423.csv,0.8123666666666666
2026-10-06 20:34:30.352,9.1036e-11,Torr,23.cross_gate_connectingPort1,23.cross_gate_connectingPort1/MassSpecData-02115-20261006-203423.csv,0.8158333333333334
2026-10-06 20:34:30.560,1.0288e-10,Torr,23.cross_gate_connectingPort1,23.cross_gate_connectingPort1/MassSpecData-02115-20261006-203423.csv,0.8193
2026-10-06 20:34:30.769,7.2249e-11,Torr,23.cross_gate_connectingPort1,23.cross_gate_connectingPort1/MassSpecData-02115-20261006-203423.csv,0.8227833333333333
2026-10-06 20:34:30.977,8.1537e-11,Torr,23.cross_gate_connectingPort1,23.cross_gate_connectingPort1/MassSpecData-02115-20261006-203423.csv,0.82625
2026-10-06 20:34:31.185,7.9157e-11,Torr,23.cross_gate_connectingPort1,23.cross_gate_connectingPort1/MassSpecData-02115-20261006-203423.csv,0.8297166666666667
2026-10-06 20:34:31.394,8.225e-11,Torr,23.cross_gate_connectingPort1,23.cross_gate_connectingPort1/MassSpecData-02115-20261006-203423.csv,0.8331999999999999
2026-10-06 20:34:31.602,8.106e-11,Torr,23.cross_gate_connectingPort1,23.cross_gate_connectingPort1/MassSpecData-02115-20261006-203423.csv,0.8366666666666667
2026-10-06 20:34:31.810,8.0334e-11,Torr,23.cross_gate_connectingPort1,23.cross_gate_connectingPort1/MassSpecData-02115-20261006-203423.csv,0.8401333333333334
2026-10-06 20:34:32.019,7.5472e-11,Torr,23.cross_gate_connectingPort1,23.cross_gate_connectingPort1/MassSpecData-02115-20261006-203423.csv,0.8436166666666666
2026-10-06 20:34:32.227,7.7147e-11,Torr,23.cross_gate_connectingPort1,23.cross_gate_connectingPort1/MassSpecData-02115-20261006-203423.csv,0.8470833333333334
2026-10-06 20:34:32.436,7.0069e-11,Torr,23.cross_gate_connectingPort1,23.cross_gate_connectingPort1/MassSpecData-02115-20261006-203423.csv,0.8505666666666667
2026-10-06 20:34:32.644,8.9906e-11,Torr,23.cross_gate_connectingPort1,23.cross_gate_connectingPort1/MassSpecData-02115-20261006-203423.csv,0.8540333333333333
2026-10-06 20:34:32.852,8.6563e-11,Torr,23.cross_gate_connectingPort1,23.cross_gate_connectingPort1/MassSpecData-02115-20261006-203423.csv,0.8575
2026-10-06 20:34:33.061,7.1412e-11,Torr,23.cross_gate_connectingPort1,23.cross_gate_connectingPort1/MassSpecData-02115-20261006-203423.csv,0.8609833333333333
2026-10-06 20:34:33.269,9.6733e-11,Torr,23.cross_gate_connectingPort1,23.cross_gate_connectingPort1/MassSpecData-02115-20261006-203423.csv,0.8644499999999999
2026-10-06 20:34:33.477,8.1144e-11,Torr,23.cross_gate_connectingPort1,23.cross_gate_connectingPort1/MassSpecData-02115-20261006-203423.csv,0.8679166666666667
2026-10-06 20:34:33.686,6.5905e-11,Torr,23.cross_gate_connectingPort1,23.cross_gate_connectingPort1/MassSpecData-02115-20261006-203423.csv,0.8714
2026-10-06 20:34:33.894,7.8639e-11,Torr,23.cross_gate_connectingPort1,23.cross_gate_connectingPort1/MassSpecData-02115-20261006-203423.csv,0.8748666666666666
2026-10-06 20:34:34.102,8.615e-11,Torr,23.cross_gate_connectingPort1,23.cross_gate_connectingPort1/MassSpecData-02115-20261006-203423.csv,0.8783333333333334
2026-10-06 20:34:34.311,8.4521e-11,Torr,23.cross_gate_connectingPort1,23.cross_gate_connectingPort1/MassSpecData-02115-20261006-203423.csv,0.8818166666666667
2026-10-06 20:34:34.519,7.7741e-11,Torr,23.cross_gate_connectingPort1,23.cross_gate_connectingPort1/MassSpecData-02115-20261006-203423.csv,0.8852833333333333
2026-10-06 20:34:34.727,7.6947e-11,Torr,23.cross_gate_connectingPort1,23.cross_gate_connectingPort1/MassSpecData-02115-20261006-203423.csv,0.88875
2026-10-06 20:34:34.936,8.328e-11,Torr,23.cross_gate_connectingPort1,23.cross_gate_connectingPort1/MassSpecData-02115-20261006-203423.csv,0.8922333333333333
2026-10-06 20:34:35.144,7.0595e-11,Torr,23.cross_gate_connectingPort1,23.cross_gate_connectingPort1/MassSpecData-02115-20261006-203423.csv,0.8956999999999999
2026-10-06 20:34:35.352,8.0937e-11,Torr,23.cross_gate_connectingPort1,23.cross_gate_connectingPort1/MassSpecData-02115-20261006-203423.csv,0.8991666666666667
2026-10-06 20:34:35.561,8.7442e-11,Torr,23.cross_gate_connectingPort1,23.cross_gate_connectingPort1/MassSpecData-02115-20261006-203423.csv,0.90265
2026-10-06 20:34:35.769,7.1029e-11,Torr,23.cross_gate_connectingPort1,23.cross_gate_connectingPort1/MassSpecData-02115-20261006-203423.csv,0.9061166666666666
2026-10-06 20:34:35.977,7.1628e-11,Torr,23.cross_gate_connectingPort1,23.cross_gate_connectingPort1/MassSpecData-02115-20261006-203423.csv,0.9095833333333334
2026-10-06 20:34:36.186,8.9794e-11,Torr,23.cross_gate_connectingPort1,23.cross_gate_connectingPort1/MassSpecData-02115-20261006-203423.csv,0.9130666666666667
2026-10-06 20:34:36.394,7.11e-11,Torr,23.cross_gate_connectingPort1,23.cross_gate_connectingPort1/MassSpecData-02115-20261006-203423.csv,0.9165333333333333
2026-10-06 20:34:36.602,9.6613e-11,Torr,23.cross_gate_connectingPort1,23.cross_gate_connectingPort1/MassSpecData-02115-20261006-203423.csv,0.92
2026-10-06 20:34:36.811,7.463e-11,Torr,23.cross_gate_connectingPort1,23.cross_gate_connectingPort1/MassSpecData-02115-20261006-203423.csv,0.9234833333333333
2026-10-06 20:34:37.019,8.4848e-11,Torr,23.cross_gate_connectingPort1,23.cross_gate_connectingPort1/MassSpecData-02115-20261006-203423.csv,0.9269499999999999
2026-10-06 20:34:37.227,7.5831e-11,Torr,23.cross_gate_connectingPort1,23.cross_gate_connectingPort1/MassSpecData-02115-20261006-203423.csv,0.9304166666666667
2026-10-06 20:34:37.436,8.6791e-11,Torr,23.cross_gate_connectingPort1,23.cross_gate_connectingPort1/MassSpecData-02115-20261006-203423.csv,0.9339
2026-10-06 20:34:37.644,9.1651e-11,Torr,23.cross_gate_connectingPort1,23.cross_gate_connectingPort1/MassSpecData-02115-20261006-203423.csv,0.9373666666666666
2026-10-06 20:34:37.852,7.0601e-11,Torr,23.cross_gate_connectingPort1,23.cross_gate_connectingPort1/MassSpecData-02115-20261006-203423.csv,0.9408333333333334
2026-10-06 20:34:38.061,6.6546e-11,Torr,23.cross_gate_connectingPort1,23.cross_gate_connectingPort1/MassSpecData-02115-20261006-203423.csv,0.9443166666666667
2026-10-06 20:34:38.269,8.1078e-11,Torr,23.cross_gate_connectingPort1,23.cross_gate_connectingPort1/MassSpecData-02115-20261006-203423.csv,0.9477833333333333
2026-10-06 20:34:38.477,7.6888e-11,Torr,23.cross_gate_connectingPort1,23.cross_gate_connectingPort1/MassSpecData-02115-20261006-203423.csv,0.95125
2026-10-06 20:34:38.686,8.7728e-11,Torr,23.cross_gate_connectingPort1,23.cross_gate_connectingPort1/MassSpecData-02115-20261006-203423.csv,0.9547333333333333
2026-10-06 20:34:38.894,7.3393e-11,Torr,23.cross_gate_connectingPort1,23.cross_gate_connectingPort1/MassSpecData-02115-20261006-203423.csv,0.9581999999999999
2026-10-06 20:34:39.102,8.2082e-11,Torr,23.cross_gate_connectingPort1,23.cross_gate_connectingPort1/MassSpecData-02115-20261006-203423.csv,0.9616666666666667
2026-10-06 20:34:39.311,8.1054e-11,Torr,23.cross_gate_connectingPort1,23.cross_gate_connectingPort1/MassSpecData-02115-20261006-203423.csv,0.96515
2026-10-06 20:34:39.519,7.9565e-11,Torr,23.cross_gate_connectingPort1,23.cross_gate_connectingPort1/MassSpecData-02115-20261006-203423.csv,0.9686166666666666
2026-10-06 20:34:39.727,8.9728e-11,Torr,23.cross_gate_connectingPort1,23.cross_gate_connectingPort1/MassSpecData-02115-20261006-203423.csv,0.9720833333333334
2026-10-06 20:34:39.936,7.1678e-11,Torr,23.cross_gate_connectingPort1,23.cross_gate_connectingPort1/MassSpecData-02115-20261006-203423.csv,0.9755666666666667
2026-10-06 20:34:40.144,8.415e-11,Torr,23.cross_gate_connectingPort1,23.cross_gate_connectingPort1/MassSpecData-02115-20261006-203423.csv,0.9790333333333333
2026-10-06 20:34:40.352,8.2407e-11,Torr,23.cross_gate_connectingPort1,23.cross_gate_connectingPort1/MassSpecData-02115-20261006-203423.csv,0.9825
2026-10-06 20:34:40.561,7.7368e-11,Torr,23.cross_gate_connectingPort1,23.cross_gate_connectingPort1/MassSpecData-02115-20261006-203423.csv,0.9859833333333333
2026-10-06 20:34:40.769,7.9911e-11,Torr,23.cross_gate_connectingPort1,23.cross_gate_connectingPort1/MassSpecData-02115-20261006-203423.csv,0.9894499999999999
2026-10-06 20:34:40.977,8.1133e-11,Torr,23.cross_gate_connectingPort1,23.cross_gate_connectingPort1/MassSpecData-02115-20261006-203423.csv,0.9929166666666667
2026-10-06 20:34:41.186,9.1469e-11,Torr,23.cross_gate_connectingPort1,23.cross_gate_connectingPort1/MassSpecData-02115-20261006-203423.csv,0.9964
2026-10-06 20:34:41.394,8.037e-11,Torr,23.cross_gate_connectingPort1,23.cross_gate_connectingPort1/MassSpecData-02115-20261006-203423.csv,0.9998666666666666
2026-10-06 20:34:41.602,9.8697e-11,Torr,23.cross_gate_connectingPort1,23.cross_gate_connectingPort1/MassSpecData-02115-20261006-203423.csv,1.0033333333333334
2026-10-06 20:34:41.811,8.0984e-11,Torr,23.cross_gate_connectingPort1,23.cross_gate_connectingPort1/MassSpecData-02115-20261006-203423.csv,1.0068166666666667
2026-10-06 20:34:42.019,8.572e-11,Torr,23.cross_gate_connectingPort1,23.cross_gate_connectingPort1/MassSpecData-02115-20261006-203423.csv,1.0102833333333332
2026-10-06 20:34:42.227,8.443e-11,Torr,23.cross_gate_connectingPort1,23.cross_gate_connectingPort1/MassSpecData-02115-20261006-203423.csv,1.0137500000000002
2026-10-06 20:34:42.436,7.8141e-11,Torr,23.cross_gate_connectingPort1,23.cross_gate_connectingPort1/MassSpecData-02115-20261006-203423.csv,1.0172333333333332
2026-10-06 20:34:42.644,7.7587e-11,Torr,23.cross_gate_connectingPort1,23.cross_gate_connectingPort1/MassSpecData-02115-20261006-203423.csv,1.0207
2026-10-06 20:34:42.852,7.5623e-11,Torr,23.cross_gate_connectingPort1,23.cross_gate_connectingPort1/MassSpecData-02115-20261006-203423.csv,1.0241666666666667
2026-10-06 20:34:43.060,9.0574e-11,Torr,23.cross_gate_connectingPort1,23.cross_gate_connectingPort1/MassSpecData-02115-20261006-203423.csv,1.0276333333333334
2026-10-06 20:34:43.269,9.7235e-11,Torr,23.cross_gate_connectingPort1,23.cross_gate_connectingPort1/MassSpecData-02115-20261006-203423.csv,1.0311166666666667
2026-10-06 20:34:43.477,6.8819e-11,Torr,23.cross_gate_connectingPort1,23.cross_gate_connectingPort1/MassSpecData-02115-20261006-203423.csv,1.0345833333333334
2026-10-06 20:34:43.685,8.8757e-11,Torr,23.cross_gate_connectingPort1,23.cross_gate_connectingPort1/MassSpecData-02115-20261006-203423.csv,1.03805
2026-10-06 20:34:43.894,7.5e-11,Torr,23.cross_gate_connectingPort1,23.cross_gate_connectingPort1/MassSpecData-02115-20261006-203423.csv,1.0415333333333332
2026-10-06 20:34:44.102,7.7069e-11,Torr,23.cross_gate_connectingPort1,23.cross_gate_connectingPort1/MassSpecData-02115-20261006-203423.csv,1.0450000000000002
2026-10-06 20:34:44.310,8.468e-11,Torr,23.cross_gate_connectingPort1,23.cross_gate_connectingPort1/MassSpecData-02115-20261006-203423.csv,1.0484666666666667
2026-10-06 20:34:44.519,7.8376e-11,Torr,23.cross_gate_connectingPort1,23.cross_gate_connectingPort1/MassSpecData-02115-20261006-203423.csv,1.05195
2026-10-06 20:34:44.727,7.8325e-11,Torr,23.cross_gate_connectingPort1,23.cross_gate_connectingPort1/MassSpecData-02115-20261006-203423.csv,1.0554166666666667
2026-10-06 20:34:44.935,8.4795e-11,Torr,23.cross_gate_connectingPort1,23.cross_gate_connectingPort1/MassSpecData-02115-20261006-203423.csv,1.0588833333333334
2026-10-06 20:34:45.144,8.7816e-11,Torr,23.cross_gate_connectingPort1,23.cross_gate_connectingPort1/MassSpecData-02115-20261006-203423.csv,1.0623666666666667
2026-10-06 20:34:45.352,9.0787e-11,Torr,23.cross_gate_connectingPort1,23.cross_gate_connectingPort1/MassSpecData-02115-20261006-203423.csv,1.0658333333333334
2026-10-06 20:34:45.560,7.4946e-11,Torr,23.cross_gate_connectingPort1,23.cross_gate_connectingPort1/MassSpecData-02115-20261006-203423.csv,1.0693
2026-10-06 20:34:45.769,7.3485e-11,Torr,23.cross_gate_connectingPort1,23.cross_gate_connectingPort1/MassSpecData-02115-20261006-203423.csv,1.0727833333333334
2026-10-06 20:34:45.977,8.4096e-11,Torr,23.cross_gate_connectingPort1,23.cross_gate_connectingPort1/MassSpecData-02115-20261006-203423.csv,1.0762500000000002
2026-10-06 20:34:46.185,8.781e-11,Torr,23.cross_gate_connectingPort1,23.cross_gate_connectingPort1/MassSpecData-02115-20261006-203423.csv,1.0797166666666667
2026-10-06 20:34:46.394,7.8754e-11,Torr,23.cross_gate_connectingPort1,23.cross_gate_connectingPort1/MassSpecData-02115-20261006-203423.csv,1.0832000000000002
2026-10-06 20:34:46.602,7.6559e-11,Torr,23.cross_gate_connectingPort1,23.cross_gate_connectingPort1/MassSpecData-02115-20261006-203423.csv,1.0866666666666667
2026-10-06 20:34:46.810,7.6611e-11,Torr,23.cross_gate_connectingPort1,23.cross_gate_connectingPort1/MassSpecData-02115-20261006-203423.csv,1.0901333333333334
2026-10-06 20:34:47.019,7.6456e-11,Torr,23.cross_gate_connectingPort1,23.cross_gate_connectingPort1/MassSpecData-02115-20261006-203423.csv,1.0936166666666667
2026-10-06 20:34:47.227,9.1447e-11,Torr,23.cross_gate_connectingPort1,23.cross_gate_connectingPort1/MassSpecData-02115-20261006-203423.csv,1.0970833333333334
2026-10-06 20:34:47.435,6.562e-11,Torr,23.cross_gate_connectingPort1,23.cross_gate_connectingPort1/MassSpecData-02115-20261006-203423.csv,1.10055
2026-10-06 20:34:47.644,7.9862e-11,Torr,23.cross_gate_connectingPort1,23.cross_gate_connectingPort1/MassSpecData-02115-20261006-203423.csv,1.1040333333333334
2026-10-06 20:34:47.852,8.9977e-11,Torr,23.cross_gate_connectingPort1,23.cross_gate_connectingPort1/MassSpecData-02115-20261006-203423.csv,1.1075000000000002
2026-10-06 20:34:48.060,8.4216e-11,Torr,23.cross_gate_connectingPort1,23.cross_gate_connectingPort1/MassSpecData-02115-20261006-203423.csv,1.1109666666666667
2026-10-06 20:34:48.269,8.1486e-11,Torr,23.cross_gate_connectingPort1,23.cross_gate_connectingPort1/MassSpecData-02115-20261006-203423.csv,1.1144500000000002
2026-10-06 20:34:48.477,9.89e-11,Torr,23.cross_gate_connectingPort1,23.cross_gate_connectingPort1/MassSpecData-02115-20261006-203423.csv,1.1179166666666667
2026-10-06 20:34:48.685,7.9276e-11,Torr,23.cross_gate_connectingPort1,23.cross_gate_connectingPort1/MassSpecData-02115-20261006-203423.csv,1.1213833333333334
2026-10-06 20:34:48.894,8.2304e-11,Torr,23.cross_gate_connectingPort1,23.cross_gate_connectingPort1/MassSpecData-02115-20261006-203423.csv,1.1248666666666667
2026-10-06 20:34:49.102,7.0774e-11,Torr,23.cross_gate_connectingPort1,23.cross_gate_connectingPort1/MassSpecData-02115-20261006-203423.csv,1.1283333333333334
2026-10-06 20:34:49.310,6.8814e-11,Torr,23.cross_gate_connectingPort1,23.cross_gate_connectingPort1/MassSpecData-02115-20261006-203423.csv,1.1318
2026-10-06 20:34:49.519,7.1821e-11,Torr,23.cross_gate_connectingPort1,23.cross_gate_connectingPort1/MassSpecData-02115-20261006-203423.csv,1.1352833333333334
2026-10-06 20:34:49.727,7.3543e-11,Torr,23.cross_gate_connectingPort1,23.cross_gate_connectingPort1/MassSpecData-02115-20261006-203423.csv,1.1387500000000002
2026-10-06 20:34:49.935,9.7009e-11,Torr,23.cross_gate_connectingPort1,23.cross_gate_connectingPort1/MassSpecData-02115-20261006-203423.csv,1.1422166666666667
2026-10-06 20:34:50.144,8.8505e-11,Torr,23.cross_gate_connectingPort1,23.cross_gate_connectingPort1/MassSpecData-02115-20261006-203423.csv,1.1457000000000002
2026-10-06 20:34:50.352,7.9592e-11,Torr,23.cross_gate_connectingPort1,23.cross_gate_connectingPort1/MassSpecData-02115-20261006-203423.csv,1.1491666666666667
2026-10-06 20:34:50.560,8.2386e-11,Torr,23.cross_gate_connectingPort1,23.cross_gate_connectingPort1/MassSpecData-02115-20261006-203423.csv,1.1526333333333334
2026-10-06 20:34:50.769,8.7423e-11,Torr,23.cross_gate_connectingPort1,23.cross_gate_connectingPort1/MassSpecData-02115-20261006-203423.csv,1.1561166666666667
2026-10-06 20:34:50.977,8.5466e-11,Torr,23.cross_gate_connectingPort1,23.cross_gate_connectingPort1/MassSpecData-02115-20261006-203423.csv,1.1595833333333334
2026-10-06 20:34:51.185,7.8793e-11,Torr,23.cross_gate_connectingPort1,23.cross_gate_connectingPort1/MassSpecData-02115-20261006-203423.csv,1.16305
2026-10-06 20:34:51.394,6.454e-11,Torr,23.cross_gate_connectingPort1,23.cross_gate_connectingPort1/MassSpecData-02115-20261006-203423.csv,1.1665333333333334
2026-10-06 20:34:51.602,7.1809e-11,Torr,23.cross_gate_connectingPort1,23.cross_gate_connectingPort1/MassSpecData-02115-20261006-203423.csv,1.1700000000000002
2026-10-06 20:34:51.810,9.2322e-11,Torr,23.cross_gate_connectingPort1,23.cross_gate_connectingPort1/MassSpecData-02115-20261006-203423.csv,1.1734666666666667
2026-10-06 20:34:52.019,7.0332e-11,Torr,23.cross_gate_connectingPort1,23.cross_gate_connectingPort1/MassSpecData-02115-20261006-203423.csv,1.1769500000000002
2026-10-06 20:34:52.227,7.5884e-11,Torr,23.cross_gate_connectingPort1,23.cross_gate_connectingPort1/MassSpecData-02115-20261006-203423.csv,1.1804166666666667
2026-10-06 20:34:52.435,8.7329e-11,Torr,23.cross_gate_connectingPort1,23.cross_gate_connectingPort1/MassSpecData-02115-20261006-203423.csv,1.1838833333333334
2026-10-06 20:34:52.644,7.2514e-11,Torr,23.cross_gate_connectingPort1,23.cross_gate_connectingPort1/MassSpecData-02115-20261006-203423.csv,1.1873666666666667
2026-10-06 20:34:52.852,8.792e-11,Torr,23.cross_gate_connectingPort1,23.cross_gate_connectingPort1/MassSpecData-02115-20261006-203423.csv,1.1908333333333334
2026-10-06 20:34:53.060,7.3359e-11,Torr,23.cross_gate_connectingPort1,23.cross_gate_connectingPort1/MassSpecData-02115-20261006-203423.csv,1.1943
2026-10-06 20:34:53.269,7.6195e-11,Torr,23.cross_gate_connectingPort1,23.cross_gate_connectingPort1/MassSpecData-02115-20261006-203423.csv,1.1977833333333334
2026-10-06 20:34:53.477,1.0254e-10,Torr,23.cross_gate_connectingPort1,23.cross_gate_connectingPort1/MassSpecData-02115-20261006-203423.csv,1.2012500000000002
2026-10-06 20:34:53.685,8.8995e-11,Torr,23.cross_gate_connectingPort1,23.cross_gate_connectingPort1/MassSpecData-02115-20261006-203423.csv,1.2047166666666667
2026-10-06 20:34:53.894,7.2237e-11,Torr,23.cross_gate_connectingPort1,23.cross_gate_connectingPort1/MassSpecData-02115-20261006-203423.csv,1.2082000000000002
2026-10-06 20:34:54.102,7.6552e-11,Torr,23.cross_gate_connectingPort1,23.cross_gate_connectingPort1/MassSpecData-02115-20261006-203423.csv,1.2116666666666667
2026-10-06 20:34:54.310,7.4879e-11,Torr,23.cross_gate_connectingPort1,23.cross_gate_connectingPort1/MassSpecData-02115-20261006-203423.csv,1.2151333333333334
2026-10-06 20:34:54.519,7.1317e-11,Torr,23.cross_gate_connectingPort1,23.cross_gate_connectingPort1/MassSpecData-02115-20261006-203423.csv,1.2186166666666667
2026-10-06 20:34:54.727,7.3586e-11,Torr,23.cross_gate_connectingPort1,23.cross_gate_connectingPort1/MassSpecData-02115-20261006-203423.csv,1.2220833333333334
2026-10-06 20:34:54.935,7.5868e-11,Torr,23.cross_gate_connectingPort1,23.cross_gate_connectingPort1/MassSpecData-02115-20261006-203423.csv,1.22555
2026-10-06 20:34:55.144,8.1966e-11,Torr,23.cross_gate_connectingPort1,23.cross_gate_connectingPort1/MassSpecData-02115-20261006-203423.csv,1.2290333333333334
2026-10-06 20:34:55.352,8.6465e-11,Torr,23.cross_gate_connectingPort1,23.cross_gate_connectingPort1/MassSpecData-02115-20261006-203423.csv,1.2325000000000002
2026-10-06 20:34:55.560,7.704e-11,Torr,23.cross_gate_connectingPort1,23.cross_gate_connectingPort1/MassSpecData-02115-20261006-203423.csv,1.2359666666666667
2026-10-06 20:34:55.769,8.4171e-11,Torr,23.cross_gate_connectingPort1,23.cross_gate_connectingPort1/MassSpecData-02115-20261006-203423.csv,1.2394500000000002
2026-10-06 20:34:55.977,6.9967e-11,Torr,23.cross_gate_connectingPort1,23.cross_gate_connectingPort1/MassSpecData-02115-20261006-203423.csv,1.2429166666666667
2026-10-06 20:34:56.185,8.7424e-11,Torr,23.cross_gate_connectingPort1,23.cross_gate_connectingPort1/MassSpecData-02115-20261006-203423.csv,1.2463833333333334
2026-10-06 20:34:56.394,7.2753e-11,Torr,23.cross_gate_connectingPort1,23.cross_gate_connectingPort1/MassSpecData-02115-20261006-203423.csv,1.2498666666666667
2026-10-06 20:34:56.602,7.0669e-11,Torr,23.cross_gate_connectingPort1,23.cross_gate_connectingPort1/MassSpecData-02115-20261006-203423.csv,1.2533333333333334
2026-10-06 20:34:56.810,8.34e-11,Torr,23.cross_gate_connectingPort1,23.cross_gate_connectingPort1/MassSpecData-02115-20261006-203423.csv,1.2568
2026-10-06 20:34:57.019,8.6169e-11,Torr,23.cross_gate_connectingPort1,23.cross_gate_connectingPort1/MassSpecData-02115-20261006-203423.csv,1.2602833333333334
2026-10-06 20:34:57.227,6.5069e-11,Torr,23.cross_gate_connectingPort1,23.cross_gate_connectingPort1/MassSpecData-02115-20261006-203423.csv,1.2637500000000002
2026-10-06 20:34:57.435,8.1214e-11,Torr,23.cross_gate_connectingPort1,23.cross_gate_connectingPort1/MassSpecData-02115-20261006-203423.csv,1.2672166666666667
2026-10-06 20:34:57.644,6.643e-11,Torr,23.cross_gate_connectingPort1,23.cross_gate_connectingPort1/MassSpecData-02115-20261006-203423.csv,1.2707000000000002
2026-10-06 20:34:57.852,8.8253e-11,Torr,23.cross_gate_connectingPort1,23.cross_gate_connectingPort1/MassSpecData-02115-20261006-203423.csv,1.2741666666666667
2026-10-06 20:34:58.060,9.3957e-11,Torr,23.cross_gate_connectingPort1,23.cross_gate_connectingPort1/MassSpecData-02115-20261006-203423.csv,1.2776333333333334
2026-10-06 20:34:58.269,7.7399e-11,Torr,23.cross_gate_connectingPort1,23.cross_gate_connectingPort1/MassSpecData-02115-20261006-203423.csv,1.2811166666666667
2026-10-06 20:34:58.477,9.5802e-11,Torr,23.cross_gate_connectingPort1,23.cross_gate_connectingPort1/MassSpecData-02115-20261006-203423.csv,1.2845833333333334
2026-10-06 20:34:58.685,8.5025e-11,Torr,23.cross_gate_connectingPort1,23.cross_gate_connectingPort1/MassSpecData-02115-20261006-203423.csv,1.28805
2026-10-06 20:34:58.894,8.8023e-11,Torr,23.cross_gate_connectingPort1,23.cross_gate_connectingPort1/MassSpecData-02115-20261006-203423.csv,1.2915333333333334
2026-10-06 20:34:59.102,6.756e-11,Torr,23.cross_gate_connectingPort1,23.cross_gate_connectingPort1/MassSpecData-02115-20261006-203423.csv,1.2950000000000002
2026-10-06 20:34:59.310,7.0589e-11,Torr,23.cross_gate_connectingPort1,23.cross_gate_connectingPort1/MassSpecData-02115-20261006-203423.csv,1.2984666666666667
2026-10-06 20:34:59.519,8.7698e-11,Torr,23.cross_gate_connectingPort1,23.cross_gate_connectingPort1/MassSpecData-02115-20261006-203423.csv,1.3019500000000002
2026-10-06 20:34:59.727,8.1249e-11,Torr,23.cross_gate_connectingPort1,23.cross_gate_connectingPort1/MassSpecData-02115-20261006-203423.csv,1.3054166666666667
2026-10-06 20:34:59.935,8.8984e-11,Torr,23.cross_gate_connectingPort1,23.cross_gate_connectingPort1/MassSpecData-02115-20261006-203423.csv,1.3088833333333334
2026-10-06 20:35:00.144,7.1475e-11,Torr,23.cross_gate_connectingPort1,23.cross_gate_connectingPort1/MassSpecData-02115-20261006-203423.csv,1.3123666666666667
2026-10-06 20:35:00.352,8.9776e-11,Torr,23.cross_gate_connectingPort1,23.cross_gate_connectingPort1/MassSpecData-02115-20261006-203423.csv,1.3158333333333334
2026-10-06 20:35:00.560,8.5156e-11,Torr,23.cross_gate_connectingPort1,23.cross_gate_connectingPort1/MassSpecData-02115-20261006-203423.csv,1.3193
2026-10-06 20:35:00.769,7.9127e-11,Torr,23.cross_gate_connectingPort1,23.cross_gate_connectingPort1/MassSpecData-02115-20261006-203423.csv,1.3227833333333334
2026-10-06 20:35:00.977,7.663e-11,Torr,23.cross_gate_connectingPort1,23.cross_gate_connectingPort1/MassSpecData-02115-20261006-203423.csv,1.3262500000000002
2026-10-06 20:35:01.186,7.6024e-11,Torr,23.cross_gate_connectingPort1,23.cross_gate_connectingPort1/MassSpecData-02115-20261006-203423.csv,1.3297333333333334
2026-10-06 20:35:01.394,7.3673e-11,Torr,23.cross_gate_connectingPort1,23.cross_gate_connectingPort1/MassSpecData-02115-20261006-203423.csv,1.3332000000000002
2026-10-06 20:35:01.602,8.5488e-11,Torr,23.cross_gate_connectingPort1,23.cross_gate_connectingPort1/MassSpecData-02115-20261006-203423.csv,1.3366666666666667
2026-10-06 20:35:01.811,7.775e-11,Torr,23.cross_gate_connectingPort1,23.cross_gate_connectingPort1/MassSpecData-02115-20261006-203423.csv,1.3401500000000002
2026-10-06 20:35:02.019,8.5911e-11,Torr,23.cross_gate_connectingPort1,23.cross_gate_connectingPort1/MassSpecData-02115-20261006-203423.csv,1.3436166666666667
2026-10-06 20:35:02.227,8.2494e-11,Torr,23.cross_gate_connectingPort1,23.cross_gate_connectingPort1/MassSpecData-02115-20261006-203423.csv,1.3470833333333334
2026-10-06 20:35:02.436,7.6607e-11,Torr,23.cross_gate_connectingPort1,23.cross_gate_connectingPort1/MassSpecData-02115-20261006-203423.csv,1.3505666666666667
2026-10-06 20:35:02.644,8.2934e-11,Torr,23.cross_gate_connectingPort1,23.cross_gate_connectingPort1/MassSpecData-02115-20261006-203423.csv,1.3540333333333334
2026-10-06 20:35:02.852,8.6995e-11,Torr,23.cross_gate_connectingPort1,23.cross_gate_connectingPort1/MassSpecData-02115-20261006-203423.csv,1.3575000000000002
2026-10-06 20:35:03.061,7.2859e-11,Torr,23.cross_gate_connectingPort1,23.cross_gate_connectingPort1/MassSpecData-02115-20261006-203423.csv,1.3609833333333334
2026-10-06 20:35:03.269,8.4705e-11,Torr,23.cross_gate_connectingPort1,23.cross_gate_connectingPort1/MassSpecData-02115-20261006-203423.csv,1.3644500000000002
2026-10-06 20:35:03.477,8.7593e-11,Torr,23.cross_gate_connectingPort1,23.cross_gate_connectingPort1/MassSpecData-02115-20261006-203423.csv,1.3679166666666667
2026-10-06 20:35:03.686,9.7304e-11,Torr,23.cross_gate_connectingPort1,23.cross_gate_connectingPort1/MassSpecData-02115-20261006-203423.csv,1.3714000000000002
2026-10-06 20:35:03.894,7.9146e-11,Torr,23.cross_gate_connectingPort1,23.cross_gate_connectingPort1/MassSpecData-02115-20261006-203423.csv,1.3748666666666667
2026-10-06 20:35:04.102,8.9438e-11,Torr,23.cross_gate_connectingPort1,23.cross_gate_connectingPort1/MassSpecData-02115-20261006-203423.csv,1.3783333333333334
2026-10-06 20:35:04.311,8.4867e-11,Torr,23.cross_gate_connectingPort1,23.cross_gate_connectingPort1/MassSpecData-02115-20261006-203423.csv,1.3818166666666667
2026-10-06 20:35:04.519,8.1247e-11,Torr,23.cross_gate_connectingPort1,23.cross_gate_connectingPort1/MassSpecData-02115-20261006-203423.csv,1.3852833333333334
2026-10-06 20:35:04.727,6.5225e-11,Torr,23.cross_gate_connectingPort1,23.cross_gate_connectingPort1/MassSpecData-02115-20261006-203423.csv,1.3887500000000002
2026-10-06 20:35:04.997,7.7251e-11,Torr,23.cross_gate_connectingPort1,23.cross_gate_connectingPort1/MassSpecData-02115-20261006-203505.csv,1.3932499999999999
2026-10-06 20:35:05.205,7.9417e-11,Torr,23.cross_gate_connectingPort1,23.cross_gate_connectingPort1/MassSpecData-02115-20261006-203505.csv,1.3967166666666666
2026-10-06 20:35:05.414,8.7049e-11,Torr,23.cross_gate_connectingPort1,23.cross_gate_connectingPort1/MassSpecData-02115-20261006-203505.csv,1.4002000000000001
2026-10-06 20:35:05.622,7.5508e-11,Torr,23.cross_gate_connectingPort1,23.cross_gate_connectingPort1/MassSpecData-02115-20261006-203505.csv,1.4036666666666666
2026-10-06 20:35:05.830,7.4358e-11,Torr,23.cross_gate_connectingPort1,23.cross_gate_connectingPort1/MassSpecData-02115-20261006-203505.csv,1.4071333333333333
2026-10-06 20:35:06.039,8.3564e-11,Torr,23.cross_gate_connectingPort1,23.cross_gate_connectingPort1/MassSpecData-02115-20261006-203505.csv,1.4106166666666666
2026-10-06 20:35:06.247,7.7549e-11,Torr,23.cross_gate_connectingPort1,23.cross_gate_connectingPort1/MassSpecData-02115-20261006-203505.csv,1.4140833333333334
2026-10-06 20:35:06.455,8.8373e-11,Torr,23.cross_gate_connectingPort1,23.cross_gate_connectingPort1/MassSpecData-02115-20261006-203505.csv,1.4175499999999999
2026-10-06 20:35:06.663,8.3069e-11,Torr,23.cross_gate_connectingPort1,23.cross_gate_connectingPort1/MassSpecData-02115-20261006-203505.csv,1.4210166666666666
2026-10-06 20:35:06.872,8.7663e-11,Torr,23.cross_gate_connectingPort1,23.cross_gate_connectingPort1/MassSpecData-02115-20261006-203505.csv,1.4244999999999999
2026-10-06 20:35:07.080,9.1322e-11,Torr,23.cross_gate_connectingPort1,23.cross_gate_connectingPort1/MassSpecData-02115-20261006-203505.csv,1.4279666666666666
2026-10-06 20:35:07.289,9.0603e-11,Torr,23.cross_gate_connectingPort1,23.cross_gate_connectingPort1/MassSpecData-02115-20261006-203505.csv,1.4314500000000001
2026-10-06 20:35:07.497,7.6765e-11,Torr,23.cross_gate_connectingPort1,23.cross_gate_connectingPort1/MassSpecData-02115-20261006-203505.csv,1.4349166666666666
2026-10-06 20:35:07.705,7.8448e-11,Torr,23.cross_gate_connectingPort1,23.cross_gate_connectingPort1/MassSpecData-02115-20261006-203505.csv,1.4383833333333333
2026-10-06 20:35:07.914,7.3698e-11,Torr,23.cross_gate_connectingPort1,23.cross_gate_connectingPort1/MassSpecData-02115-20261006-203505.csv,1.4418666666666666
2026-10-06 20:35:08.122,7.9228e-11,Torr,23.cross_gate_connectingPort1,23.cross_gate_connectingPort1/MassSpecData-02115-20261006-203505.csv,1.4453333333333334
2026-10-06 20:35:08.330,8.6196e-11,Torr,23.cross_gate_connectingPort1,23.cross_gate_connectingPort1/MassSpecData-02115-20261006-203505.csv,1.4487999999999999
2026-10-06 20:35:08.539,7.5166e-11,Torr,23.cross_gate_connectingPort1,23.cross_gate_connectingPort1/MassSpecData-02115-20261006-203505.csv,1.4522833333333334
2026-10-06 20:35:08.747,7.454e-11,Torr,23.cross_gate_connectingPort1,23.cross_gate_connectingPort1/MassSpecData-02115-20261006-203505.csv,1.4557499999999999
2026-10-06 20:35:08.955,7.9356e-11,Torr,23.cross_gate_connectingPort1,23.cross_gate_connectingPort1/MassSpecData-02115-20261006-203505.csv,1.4592166666666666
2026-10-06 20:35:09.164,7.3456e-11,Torr,23.cross_gate_connectingPort1,23.cross_gate_connectingPort1/MassSpecData-02115-20261006-203505.csv,1.4627000000000001
2026-10-06 20:35:09.372,9.0776e-11,Torr,23.cross_gate_connectingPort1,23.cross_gate_connectingPort1/MassSpecData-02115-20261006-203505.csv,1.4661666666666666
2026-10-06 20:35:09.580,7.6512e-11,Torr,23.cross_gate_connectingPort1,23.cross_gate_connectingPort1/MassSpecData-02115-20261006-203505.csv,1.4696333333333333
2026-10-06 20:35:09.789,7.7091e-11,Torr,23.cross_gate_connectingPort1,23.cross_gate_connectingPort1/MassSpecData-02115-20261006-203505.csv,1.4731166666666666
2026-10-06 20:35:09.997,8.9607e-11,Torr,23.cross_gate_connectingPort1,23.cross_gate_connectingPort1/MassSpecData-02115-20261006-203505.csv,1.4765833333333334
2026-10-06 20:35:10.205,7.6579e-11,Torr,23.cross_gate_connectingPort1,23.cross_gate_connectingPort1/MassSpecData-02115-20261006-203505.csv,1.4800499999999999
2026-10-06 20:35:10.413,8.0847e-11,Torr,23.cross_gate_connectingPort1,23.cross_gate_connectingPort1/MassSpecData-02115-20261006-203505.csv,1.4835166666666666
2026-10-06 20:35:10.622,7.911e-11,Torr,23.cross_gate_connectingPort1,23.cross_gate_connectingPort1/MassSpecData-02115-20261006-203505.csv,1.4869999999999999
2026-10-06 20:35:10.830,8.8321e-11,Torr,23.cross_gate_connectingPort1,23.cross_gate_connectingPort1/MassSpecData-02115-20261006-203505.csv,1.4904666666666666
2026-10-06 20:35:11.038,8.398e-11,Torr,23.cross_gate_connectingPort1,23.cross_gate_connectingPort1/MassSpecData-02115-20261006-203505.csv,1.4939333333333333
2026-10-06 20:35:11.247,7.3681e-11,Torr,23.cross_gate_connectingPort1,23.cross_gate_connectingPort1/MassSpecData-02115-20261006-203505.csv,1.4974166666666666
2026-10-06 20:35:11.455,6.9778e-11,Torr,23.cross_gate_connectingPort1,23.cross_gate_connectingPort1/MassSpecData-02115-20261006-203505.csv,1.5008833333333333
2026-10-06 20:35:11.663,7.7761e-11,Torr,23.cross_gate_connectingPort1,23.cross_gate_connectingPort1/MassSpecData-02115-20261006-203505.csv,1.5043499999999999
2026-10-06 20:35:11.872,6.9813e-11,Torr,23.cross_gate_connectingPort1,23.cross_gate_connectingPort1/MassSpecData-02115-20261006-203505.csv,1.5078333333333334
2026-10-06 20:35:12.080,8.1212e-11,Torr,23.cross_gate_connectingPort1,23.cross_gate_connectingPort1/MassSpecData-02115-20261006-203505.csv,1.5112999999999999
2026-10-06 20:35:12.288,8.9836e-11,Torr,23.cross_gate_connectingPort1,23.cross_gate_connectingPort1/MassSpecData-02115-20261006-203505.csv,1.5147666666666666
2026-10-06 20:35:12.497,7.4039e-11,Torr,23.cross_gate_connectingPort1,23.cross_gate_connectingPort1/MassSpecData-02115-20261006-203505.csv,1.5182499999999999
2026-10-06 20:35:12.705,8.8044e-11,Torr,23.cross_gate_connectingPort1,23.cross_gate_connectingPort1/MassSpecData-02115-20261006-203505.csv,1.5217166666666666
2026-10-06 20:35:12.913,6.9685e-11,Torr,23.cross_gate_connectingPort1,23.cross_gate_connectingPort1/MassSpecData-02115-20261006-203505.csv,1.5251833333333333
2026-10-06 20:35:13.122,7.3978e-11,Torr,23.cross_gate_connectingPort1,23.cross_gate_connectingPort1/MassSpecData-02115-20261006-203505.csv,1.5286666666666666
2026-10-06 20:35:13.330,6.7881e-11,Torr,23.cross_gate_connectingPort1,23.cross_gate_connectingPort1/MassSpecData-02115-20261006-203505.csv,1.5321333333333333
2026-10-06 20:35:13.538,8.2371e-11,Torr,23.cross_gate_connectingPort1,23.cross_gate_connectingPort1/MassSpecData-02115-20261006-203505.csv,1.5355999999999999
2026-10-06 20:35:13.747,7.5549e-11,Torr,23.cross_gate_connectingPort1,23.cross_gate_connectingPort1/MassSpecData-02115-20261006-203505.csv,1.5390833333333334
2026-10-06 20:35:13.955,7.4242e-11,Torr,23.cross_gate_connectingPort1,23.cross_gate_connectingPort1/MassSpecData-02115-20261006-203505.csv,1.5425499999999999
2026-10-06 20:35:14.164,8.3264e-11,Torr,23.cross_gate_connectingPort1,23.cross_gate_connectingPort1/MassSpecData-02115-20261006-203505.csv,1.5460333333333334
2026-10-06 20:35:14.372,9.3439e-11,Torr,23.cross_gate_connectingPort1,23.cross_gate_connectingPort1/MassSpecData-02115-20261006-203505.csv,1.5494999999999999
2026-10-06 20:35:14.580,9.1408e-11,Torr,23.cross_gate_connectingPort1,23.cross_gate_connectingPort1/MassSpecData-02115-20261006-203505.csv,1.5529666666666666
2026-10-06 20:35:14.789,8.1211e-11,Torr,23.cross_gate_connectingPort1,23.cross_gate_connectingPort1/MassSpecData-02115-20261006-203505.csv,1.5564500000000001
2026-10-06 20:35:14.997,7.9911e-11,Torr,23.cross_gate_connectingPort1,23.cross_gate_connectingPort1/MassSpecData-02115-20261006-203505.csv,1.5599166666666666
2026-10-06 20:35:15.205,8.8192e-11,Torr,23.cross_gate_connectingPort1,23.cross_gate_connectingPort1/MassSpecData-02115-20261006-203505.csv,1.5633833333333333
2026-10-06 20:35:15.414,9.7506e-11,Torr,23.cross_gate_connectingPort1,23.cross_gate_connectingPort1/MassSpecData-02115-20261006-203505.csv,1.5668666666666666
2026-10-06 20:35:15.622,7.1277e-11,Torr,23.cross_gate_connectingPort1,23.cross_gate_connectingPort1/MassSpecData-02115-20261006-203505.csv,1.5703333333333334
2026-10-06 20:35:15.830,8.0015e-11,Torr,23.cross_gate_connectingPort1,23.cross_gate_connectingPort1/MassSpecData-02115-20261006-203505.csv,1.5737999999999999
2026-10-06 20:35:16.039,7.8665e-11,Torr,23.cross_gate_connectingPort1,23.cross_gate_connectingPort1/MassSpecData-02115-20261006-203505.csv,1.5772833333333334
2026-10-06 20:35:16.247,7.4407e-11,Torr,23.cross_gate_connectingPort1,23.cross_gate_connectingPort1/MassSpecData-02115-20261006-203505.csv,1.5807499999999999
2026-10-06 20:35:16.455,8.0334e-11,Torr,23.cross_gate_connectingPort1,23.cross_gate_connectingPort1/MassSpecData-02115-20261006-203505.csv,1.5842166666666666
2026-10-06 20:35:16.664,8.8534e-11,Torr,23.cross_gate_connectingPort1,23.cross_gate_connectingPort1/MassSpecData-02115-20261006-203505.csv,1.5877000000000001
2026-10-06 20:35:16.872,7.0374e-11,Torr,23.cross_gate_connectingPort1,23.cross_gate_connectingPort1/MassSpecData-02115-20261006-203505.csv,1.5911666666666666
2026-10-06 20:35:17.080,8.2444e-11,Torr,23.cross_gate_connectingPort1,23.cross_gate_connectingPort1/MassSpecData-02115-20261006-203505.csv,1.5946333333333333
2026-10-06 20:35:17.289,9.768e-11,Torr,23.cross_gate_connectingPort1,23.cross_gate_connectingPort1/MassSpecData-02115-20261006-203505.csv,1.5981166666666666
2026-10-06 20:35:17.497,8.3953e-11,Torr,23.cross_gate_connectingPort1,23.cross_gate_connectingPort1/MassSpecData-02115-20261006-203505.csv,1.6015833333333334
2026-10-06 20:35:17.705,7.6623e-11,Torr,23.cross_gate_connectingPort1,23.cross_gate_connectingPort1/MassSpecData-02115-20261006-203505.csv,1.6050499999999999
2026-10-06 20:35:17.914,9.5732e-11,Torr,23.cross_gate_connectingPort1,23.cross_gate_connectingPort1/MassSpecData-02115-20261006-203505.csv,1.6085333333333334
2026-10-06 20:35:18.122,8.3139e-11,Torr,23.cross_gate_connectingPort1,23.cross_gate_connectingPort1/MassSpecData-02115-20261006-203505.csv,1.6119999999999999
2026-10-06 20:35:18.330,8.6114e-11,Torr,23.cross_gate_connectingPort1,23.cross_gate_connectingPort1/MassSpecData-02115-20261006-203505.csv,1.6154666666666666
2026-10-06 20:35:18.539,8.0801e-11,Torr,23.cross_gate_connectingPort1,23.cross_gate_connectingPort1/MassSpecData-02115-20261006-203505.csv,1.6189500000000001
2026-10-06 20:35:18.747,8.1171e-11,Torr,23.cross_gate_connectingPort1,23.cross_gate_connectingPort1/MassSpecData-02115-20261006-203505.csv,1.6224166666666666
2026-10-06 20:35:18.955,8.4762e-11,Torr,23.cross_gate_connectingPort1,23.cross_gate_connectingPort1/MassSpecData-02115-20261006-203505.csv,1.6258833333333333
2026-10-06 20:35:19.164,7.7356e-11,Torr,23.cross_gate_connectingPort1,23.cross_gate_connectingPort1/MassSpecData-02115-20261006-203505.csv,1.6293666666666666
2026-10-06 20:35:19.372,7.126e-11,Torr,23.cross_gate_connectingPort1,23.cross_gate_connectingPort1/MassSpecData-02115-20261006-203505.csv,1.6328333333333334
2026-10-06 20:35:19.580,8.1061e-11,Torr,23.cross_gate_connectingPort1,23.cross_gate_connectingPort1/MassSpecData-02115-20261006-203505.csv,1.6362999999999999
2026-10-06 20:35:19.789,8.4773e-11,Torr,23.cross_gate_connectingPort1,23.cross_gate_connectingPort1/MassSpecData-02115-20261006-203505.csv,1.6397833333333334
2026-10-06 20:35:19.997,7.404e-11,Torr,23.cross_gate_connectingPort1,23.cross_gate_connectingPort1/MassSpecData-02115-20261006-203505.csv,1.6432499999999999
2026-10-06 20:35:20.205,7.3323e-11,Torr,23.cross_gate_connectingPort1,23.cross_gate_connectingPort1/MassSpecData-02115-20261006-203505.csv,1.6467166666666666
2026-10-06 20:35:20.414,6.4064e-11,Torr,23.cross_gate_connectingPort1,23.cross_gate_connectingPort1/MassSpecData-02115-20261006-203505.csv,1.6502000000000001
2026-10-06 20:35:20.622,8.5638e-11,Torr,23.cross_gate_connectingPort1,23.cross_gate_connectingPort1/MassSpecData-02115-20261006-203505.csv,1.6536666666666666
2026-10-06 20:35:20.830,8.1339e-11,Torr,23.cross_gate_connectingPort1,23.cross_gate_connectingPort1/MassSpecData-02115-20261006-203505.csv,1.6571333333333333
2026-10-06 20:35:21.039,8.4055e-11,Torr,23.cross_gate_connectingPort1,23.cross_gate_connectingPort1/MassSpecData-02115-20261006-203505.csv,1.6606166666666666
2026-10-06 20:35:21.247,9.6029e-11,Torr,23.cross_gate_connectingPort1,23.cross_gate_connectingPort1/MassSpecData-02115-20261006-203505.csv,1.6640833333333334
2026-10-06 20:35:21.455,7.6947e-11,Torr,23.cross_gate_connectingPort1,23.cross_gate_connectingPort1/MassSpecData-02115-20261006-203505.csv,1.6675499999999999
2026-10-06 20:35:21.664,8.8759e-11,Torr,23.cross_gate_connectingPort1,23.cross_gate_connectingPort1/MassSpecData-02115-20261006-203505.csv,1.6710333333333334
2026-10-06 20:35:21.872,6.5019e-11,Torr,23.cross_gate_connectingPort1,23.cross_gate_connectingPort1/MassSpecData-02115-20261006-203505.csv,1.6744999999999999
2026-10-06 20:35:22.080,7.7963e-11,Torr,23.cross_gate_connectingPort1,23.cross_gate_connectingPort1/MassSpecData-02115-20261006-203505.csv,1.6779666666666666
2026-10-06 20:35:22.289,9.6526e-11,Torr,23.cross_gate_connectingPort1,23.cross_gate_connectingPort1/MassSpecData-02115-20261006-203505.csv,1.6814500000000001
2026-10-06 20:35:22.497,8.1852e-11,Torr,23.cross_gate_connectingPort1,23.cross_gate_connectingPort1/MassSpecData-02115-20261006-203505.csv,1.6849166666666666
2026-10-06 20:35:22.705,9.1736e-11,Torr,23.cross_gate_connectingPort1,23.cross_gate_connectingPort1/MassSpecData-02115-20261006-203505.csv,1.6883833333333333
2026-10-06 20:35:22.914,8.2597e-11,Torr,23.cross_gate_connectingPort1,23.cross_gate_connectingPort1/MassSpecData-02115-20261006-203505.csv,1.6918666666666666
2026-10-06 20:35:23.122,6.033e-11,Torr,23.cross_gate_connectingPort1,23.cross_gate_connectingPort1/MassSpecData-02115-20261006-203505.csv,1.6953333333333334
2026-10-06 20:35:23.330,7.0802e-11,Torr,23.cross_gate_connectingPort1,23.cross_gate_connectingPort1/MassSpecData-02115-20261006-203505.csv,1.6987999999999999
2026-10-06 20:35:23.539,8.8792e-11,Torr,23.cross_gate_connectingPort1,23.cross_gate_connectingPort1/MassSpecData-02115-20261006-203505.csv,1.7022833333333334
2026-10-06 20:35:23.747,7.6648e-11,Torr,23.cross_gate_connectingPort1,23.cross_gate_connectingPort1/MassSpecData-02115-20261006-203505.csv,1.7057499999999999
2026-10-06 20:35:23.955,8.9119e-11,Torr,23.cross_gate_connectingPort1,23.cross_gate_connectingPort1/MassSpecData-02115-20261006-203505.csv,1.7092166666666666
2026-10-06 20:35:24.164,8.1348e-11,Torr,23.cross_gate_connectingPort1,23.cross_gate_connectingPort1/MassSpecData-02115-20261006-203505.csv,1.7127000000000001
2026-10-06 20:35:24.372,7.5685e-11,Torr,23.cross_gate_connectingPort1,23.cross_gate_connectingPort1/MassSpecData-02115-20261006-203505.csv,1.7161666666666666
2026-10-06 20:35:24.580,8.1767e-11,Torr,23.cross_gate_connectingPort1,23.cross_gate_connectingPort1/MassSpecData-02115-20261006-203505.csv,1.7196333333333333
2026-10-06 20:35:24.788,7.2045e-11,Torr,23.cross_gate_connectingPort1,23.cross_gate_connectingPort1/MassSpecData-02115-20261006-203505.csv,1.7230999999999999
2026-10-06 20:35:24.997,8.6279e-11,Torr,23.cross_gate_connectingPort1,23.cross_gate_connectingPort1/MassSpecData-02115-20261006-203505.csv,1.7265833333333334
2026-10-06 20:35:25.205,8.2376e-11,Torr,23.cross_gate_connectingPort1,23.cross_gate_connectingPort1/MassSpecData-02115-20261006-203505.csv,1.7300499999999999
2026-10-06 20:35:25.413,8.1046e-11,Torr,23.cross_gate_connectingPort1,23.cross_gate_connectingPort1/MassSpecData-02115-20261006-203505.csv,1.7335166666666666
2026-10-06 20:35:25.622,7.3874e-11,Torr,23.cross_gate_connectingPort1,23.cross_gate_connectingPort1/MassSpecData-02115-20261006-203505.csv,1.7369999999999999
2026-10-06 20:35:25.830,6.476e-11,Torr,23.cross_gate_connectingPort1,23.cross_gate_connectingPort1/MassSpecData-02115-20261006-203505.csv,1.7404666666666666
2026-10-06 20:35:26.038,7.9393e-11,Torr,23.cross_gate_connectingPort1,23.cross_gate_connectingPort1/MassSpecData-02115-20261006-203505.csv,1.7439333333333333
2026-10-06 20:35:26.247,8.1136e-11,Torr,23.cross_gate_connectingPort1,23.cross_gate_connectingPort1/MassSpecData-02115-20261006-203505.csv,1.7474166666666666
2026-10-06 20:35:26.455,9.4635e-11,Torr,23.cross_gate_connectingPort1,23.cross_gate_connectingPort1/MassSpecData-02115-20261006-203505.csv,1.7508833333333333
2026-10-06 20:35:26.663,7.9769e-11,Torr,23.cross_gate_connectingPort1,23.cross_gate_connectingPort1/MassSpecData-02115-20261006-203505.csv,1.7543499999999999
2026-10-06 20:35:26.872,1.0845e-10,Torr,23.cross_gate_connectingPort1,23.cross_gate_connectingPort1/MassSpecData-02115-20261006-203505.csv,1.7578333333333334
2026-10-06 20:35:27.080,8.855e-11,Torr,23.cross_gate_connectingPort1,23.cross_gate_connectingPort1/MassSpecData-02115-20261006-203505.csv,1.7612999999999999
2026-10-06 20:35:27.288,8.5558e-11,Torr,23.cross_gate_connectingPort1,23.cross_gate_connectingPort1/MassSpecData-02115-20261006-203505.csv,1.7647666666666666
2026-10-06 20:35:27.497,1.0978e-10,Torr,23.cross_gate_connectingPort1,23.cross_gate_connectingPort1/MassSpecData-02115-20261006-203505.csv,1.7682499999999999
2026-10-06 20:35:27.705,8.454e-11,Torr,23.cross_gate_connectingPort1,23.cross_gate_connectingPort1/MassSpecData-02115-20261006-203505.csv,1.7717166666666666
2026-10-06 20:35:27.913,8.8335e-11,Torr,23.cross_gate_connectingPort1,23.cross_gate_connectingPort1/MassSpecData-02115-20261006-203505.csv,1.7751833333333333
2026-10-06 20:35:28.122,8.403e-11,Torr,23.cross_gate_connectingPort1,23.cross_gate_connectingPort1/MassSpecData-02115-20261006-203505.csv,1.7786666666666666
2026-10-06 20:35:28.330,7.4172e-11,Torr,23.cross_gate_connectingPort1,23.cross_gate_connectingPort1/MassSpecData-02115-20261006-203505.csv,1.7821333333333333
2026-10-06 20:35:28.538,7.0096e-11,Torr,23.cross_gate_connectingPort1,23.cross_gate_connectingPort1/MassSpecData-02115-20261006-203505.csv,1.7855999999999999
2026-10-06 20:35:28.747,7.4766e-11,Torr,23.cross_gate_connectingPort1,23.cross_gate_connectingPort1/MassSpecData-02115-20261006-203505.csv,1.7890833333333334
2026-10-06 20:35:28.955,9.1739e-11,Torr,23.cross_gate_connectingPort1,23.cross_gate_connectingPort1/MassSpecData-02115-20261006-203505.csv,1.7925499999999999
2026-10-06 20:35:29.163,7.1197e-11,Torr,23.cross_gate_connectingPort1,23.cross_gate_connectingPort1/MassSpecData-02115-20261006-203505.csv,1.7960166666666666
2026-10-06 20:35:29.372,9.0884e-11,Torr,23.cross_gate_connectingPort1,23.cross_gate_connectingPort1/MassSpecData-02115-20261006-203505.csv,1.7994999999999999
2026-10-06 20:35:29.580,9.2801e-11,Torr,23.cross_gate_connectingPort1,23.cross_gate_connectingPort1/MassSpecData-02115-20261006-203505.csv,1.8029666666666666
2026-10-06 20:35:29.788,7.9898e-11,Torr,23.cross_gate_connectingPort1,23.cross_gate_connectingPort1/MassSpecData-02115-20261006-203505.csv,1.8064333333333333
2026-10-06 20:35:29.997,7.5375e-11,Torr,23.cross_gate_connectingPort1,23.cross_gate_connectingPort1/MassSpecData-02115-20261006-203505.csv,1.8099166666666666
2026-10-06 20:35:30.205,7.8839e-11,Torr,23.cross_gate_connectingPort1,23.cross_gate_connectingPort1/MassSpecData-02115-20261006-203505.csv,1.8133833333333333
2026-10-06 20:35:30.413,8.0915e-11,Torr,23.cross_gate_connectingPort1,23.cross_gate_connectingPort1/MassSpecData-02115-20261006-203505.csv,1.8168499999999999
2026-10-06 20:35:30.622,7.8572e-11,Torr,23.cross_gate_connectingPort1,23.cross_gate_connectingPort1/MassSpecData-02115-20261006-203505.csv,1.8203333333333334
2026-10-06 20:35:30.830,7.6659e-11,Torr,23.cross_gate_connectingPort1,23.cross_gate_connectingPort1/MassSpecData-02115-20261006-203505.csv,1.8237999999999999
2026-10-06 20:35:31.038,8.2173e-11,Torr,23.cross_gate_connectingPort1,23.cross_gate_connectingPort1/MassSpecData-02115-20261006-203505.csv,1.8272666666666666
2026-10-06 20:35:31.247,8.2651e-11,Torr,23.cross_gate_connectingPort1,23.cross_gate_connectingPort1/MassSpecData-02115-20261006-203505.csv,1.8307499999999999
2026-10-06 20:35:31.455,6.6553e-11,Torr,23.cross_gate_connectingPort1,23.cross_gate_connectingPort1/MassSpecData-02115-20261006-203505.csv,1.8342166666666666
2026-10-06 20:35:31.663,8.2308e-11,Torr,23.cross_gate_connectingPort1,23.cross_gate_connectingPort1/MassSpecData-02115-20261006-203505.csv,1.8376833333333333
2026-10-06 20:35:31.872,8.6807e-11,Torr,23.cross_gate_connectingPort1,23.cross_gate_connectingPort1/MassSpecData-02115-20261006-203505.csv,1.8411666666666666
2026-10-06 20:35:32.080,7.6985e-11,Torr,23.cross_gate_connectingPort1,23.cross_gate_connectingPort1/MassSpecData-02115-20261006-203505.csv,1.8446333333333333
2026-10-06 20:35:32.288,7.0754e-11,Torr,23.cross_gate_connectingPort1,23.cross_gate_connectingPort1/MassSpecData-02115-20261006-203505.csv,1.8480999999999999
2026-10-06 20:35:32.497,9.2175e-11,Torr,23.cross_gate_connectingPort1,23.cross_gate_connectingPort1/MassSpecData-02115-20261006-203505.csv,1.8515833333333334
2026-10-06 20:35:32.705,7.6055e-11,Torr,23.cross_gate_connectingPort1,23.cross_gate_connectingPort1/MassSpecData-02115-20261006-203505.csv,1.8550499999999999
2026-10-06 20:35:32.913,6.7564e-11,Torr,23.cross_gate_connectingPort1,23.cross_gate_connectingPort1/MassSpecData-02115-20261006-203505.csv,1.8585166666666666
2026-10-06 20:35:33.122,6.8861e-11,Torr,23.cross_gate_connectingPort1,23.cross_gate_connectingPort1/MassSpecData-02115-20261006-203505.csv,1.8619999999999999
2026-10-06 20:35:33.330,8.8959e-11,Torr,23.cross_gate_connectingPort1,23.cross_gate_connectingPort1/MassSpecData-02115-20261006-203505.csv,1.8654666666666666
2026-10-06 20:35:33.538,9.2401e-11,Torr,23.cross_gate_connectingPort1,23.cross_gate_connectingPort1/MassSpecData-02115-20261006-203505.csv,1.8689333333333333
2026-10-06 20:35:33.747,8.0891e-11,Torr,23.cross_gate_connectingPort1,23.cross_gate_connectingPort1/MassSpecData-02115-20261006-203505.csv,1.8724166666666666
2026-10-06 20:35:33.955,1.0298e-10,Torr,23.cross_gate_connectingPort1,23.cross_gate_connectingPort1/MassSpecData-02115-20261006-203505.csv,1.8758833333333333
2026-10-06 20:35:34.163,5.9855e-11,Torr,23.cross_gate_connectingPort1,23.cross_gate_connectingPort1/MassSpecData-02115-20261006-203505.csv,1.8793499999999999
2026-10-06 20:35:34.372,9.2631e-11,Torr,23.cross_gate_connectingPort1,23.cross_gate_connectingPort1/MassSpecData-02115-20261006-203505.csv,1.8828333333333334
2026-10-06 20:35:34.580,7.2453e-11,Torr,23.cross_gate_connectingPort1,23.cross_gate_connectingPort1/MassSpecData-02115-20261006-203505.csv,1.8862999999999999
2026-10-06 20:35:34.788,6.9304e-11,Torr,23.cross_gate_connectingPort1,23.cross_gate_connectingPort1/MassSpecData-02115-20261006-203505.csv,1.8897666666666666
2026-10-06 20:35:34.997,7.6314e-11,Torr,23.cross_gate_connectingPort1,23.cross_gate_connectingPort1/MassSpecData-02115-20261006-203505.csv,1.8932499999999999
2026-10-06 20:35:35.205,9.2343e-11,Torr,23.cross_gate_connectingPort1,23.cross_gate_connectingPort1/MassSpecData-02115-20261006-203505.csv,1.8967166666666666
2026-10-06 20:35:35.413,7.596e-11,Torr,23.cross_gate_connectingPort1,23.cross_gate_connectingPort1/MassSpecData-02115-20261006-203505.csv,1.9001833333333333
2026-10-06 20:35:35.622,7.8804e-11,Torr,23.cross_gate_connectingPort1,23.cross_gate_connectingPort1/MassSpecData-02115-20261006-203505.csv,1.9036666666666666
2026-10-06 20:35:35.830,8.6403e-11,Torr,23.cross_gate_connectingPort1,23.cross_gate_connectingPort1/MassSpecData-02115-20261006-203505.csv,1.9071333333333333
2026-10-06 20:35:36.038,7.2959e-11,Torr,23.cross_gate_connectingPort1,23.cross_gate_connectingPort1/MassSpecData-02115-20261006-203505.csv,1.9105999999999999
2026-10-06 20:35:36.247,1.06e-10,Torr,23.cross_gate_connectingPort1,23.cross_gate_connectingPort1/MassSpecData-02115-20261006-203505.csv,1.9140833333333334
2026-10-06 20:35:36.455,7.6338e-11,Torr,23.cross_gate_connectingPort1,23.cross_gate_connectingPort1/MassSpecData-02115-20261006-203505.csv,1.9175499999999999
2026-10-06 20:35:36.663,7.035e-11,Torr,23.cross_gate_connectingPort1,23.cross_gate_connectingPort1/MassSpecData-02115-20261006-203505.csv,1.9210166666666666
2026-10-06 20:35:36.872,8.1807e-11,Torr,23.cross_gate_connectingPort1,23.cross_gate_connectingPort1/MassSpecData-02115-20261006-203505.csv,1.9244999999999999
2026-10-06 20:35:37.080,8.3664e-11,Torr,23.cross_gate_connectingPort1,23.cross_gate_connectingPort1/MassSpecData-02115-20261006-203505.csv,1.9279666666666666
2026-10-06 20:35:37.288,6.6346e-11,Torr,23.cross_gate_connectingPort1,23.cross_gate_connectingPort1/MassSpecData-02115-20261006-203505.csv,1.9314333333333333
2026-10-06 20:35:37.497,7.4414e-11,Torr,23.cross_gate_connectingPort1,23.cross_gate_connectingPort1/MassSpecData-02115-20261006-203505.csv,1.9349166666666666
2026-10-06 20:35:37.705,6.9361e-11,Torr,23.cross_gate_connectingPort1,23.cross_gate_connectingPort1/MassSpecData-02115-20261006-203505.csv,1.9383833333333333
2026-10-06 20:35:37.913,8.8824e-11,Torr,23.cross_gate_connectingPort1,23.cross_gate_connectingPort1/MassSpecData-02115-20261006-203505.csv,1.9418499999999999
2026-10-06 20:35:38.122,8.268e-11,Torr,23.cross_gate_connectingPort1,23.cross_gate_connectingPort1/MassSpecData-02115-20261006-203505.csv,1.9453333333333334
2026-10-06 20:35:38.330,8.2886e-11,Torr,23.cross_gate_connectingPort1,23.cross_gate_connectingPort1/MassSpecData-02115-20261006-203505.csv,1.9487999999999999
2026-10-06 20:35:38.538,7.4918e-11,Torr,23.cross_gate_connectingPort1,23.cross_gate_connectingPort1/MassSpecData-02115-20261006-203505.csv,1.9522666666666666
2026-10-06 20:35:38.747,7.5843e-11,Torr,23.cross_gate_connectingPort1,23.cross_gate_connectingPort1/MassSpecData-02115-20261006-203505.csv,1.9557499999999999
2026-10-06 20:35:38.955,1.0538e-10,Torr,23.cross_gate_connectingPort1,23.cross_gate_connectingPort1/MassSpecData-02115-20261006-203505.csv,1.9592166666666666
2026-10-06 20:35:39.163,7.731e-11,Torr,23.cross_gate_connectingPort1,23.cross_gate_connectingPort1/MassSpecData-02115-20261006-203505.csv,1.9626833333333333
2026-10-06 20:35:39.372,7.1385e-11,Torr,23.cross_gate_connectingPort1,23.cross_gate_connectingPort1/MassSpecData-02115-20261006-203505.csv,1.9661666666666666
2026-10-06 20:35:39.580,8.2451e-11,Torr,23.cross_gate_connectingPort1,23.cross_gate_connectingPort1/MassSpecData-02115-20261006-203505.csv,1.9696333333333333
2026-10-06 20:35:39.788,9.2739e-11,Torr,23.cross_gate_connectingPort1,23.cross_gate_connectingPort1/MassSpecData-02115-20261006-203505.csv,1.9730999999999999
2026-10-06 20:35:39.997,8.1787e-11,Torr,23.cross_gate_connectingPort1,23.cross_gate_connectingPort1/MassSpecData-02115-20261006-203505.csv,1.9765833333333334
2026-10-06 20:35:40.205,7.9802e-11,Torr,23.cross_gate_connectingPort1,23.cross_gate_connectingPort1/MassSpecData-02115-20261006-203505.csv,1.9800499999999999
2026-10-06 20:35:40.413,7.5862e-11,Torr,23.cross_gate_connectingPort1,23.cross_gate_connectingPort1/MassSpecData-02115-20261006-203505.csv,1.9835166666666666
2026-10-06 20:35:40.622,8.2669e-11,Torr,23.cross_gate_connectingPort1,23.cross_gate_connectingPort1/MassSpecData-02115-20261006-203505.csv,1.9869999999999999
2026-10-06 20:35:40.830,9.6403e-11,Torr,23.cross_gate_connectingPort1,23.cross_gate_connectingPort1/MassSpecData-02115-20261006-203505.csv,1.9904666666666666
2026-10-06 20:35:41.038,9.2734e-11,Torr,23.cross_gate_connectingPort1,23.cross_gate_connectingPort1/MassSpecData-02115-20261006-203505.csv,1.9939333333333333
2026-10-06 20:35:41.247,7.039e-11,Torr,23.cross_gate_connectingPort1,23.cross_gate_connectingPort1/MassSpecData-02115-20261006-203505.csv,1.9974166666666666
2026-10-06 20:35:41.455,8.6713e-11,Torr,23.cross_gate_connectingPort1,23.cross_gate_connectingPort1/MassSpecData-02115-20261006-203505.csv,2.0008833333333333
2026-10-06 20:35:41.663,7.4427e-11,Torr,23.cross_gate_connectingPort1,23.cross_gate_connectingPort1/MassSpecData-02115-20261006-203505.csv,2.00435
2026-10-06 20:35:41.872,5.6565e-11,Torr,23.cross_gate_connectingPort1,23.cross_gate_connectingPort1/MassSpecData-02115-20261006-203505.csv,2.007833333333333
2026-10-06 20:35:42.080,7.4724e-11,Torr,23.cross_gate_connectingPort1,23.cross_gate_connectingPort1/MassSpecData-02115-20261006-203505.csv,2.0113
2026-10-06 20:35:42.288,7.8814e-11,Torr,23.cross_gate_connectingPort1,23.cross_gate_connectingPort1/MassSpecData-02115-20261006-203505.csv,2.0147666666666666
2026-10-06 20:35:42.497,8.6997e-11,Torr,23.cross_gate_connectingPort1,23.cross_gate_connectingPort1/MassSpecData-02115-20261006-203505.csv,2.01825
2026-10-06 20:35:42.705,7.5633e-11,Torr,23.cross_gate_connectingPort1,23.cross_gate_connectingPort1/MassSpecData-02115-20261006-203505.csv,2.021716666666667
2026-10-06 20:35:42.914,7.9222e-11,Torr,23.cross_gate_connectingPort1,23.cross_gate_connectingPort1/MassSpecData-02115-20261006-203505.csv,2.0252
2026-10-06 20:35:43.122,9.7003e-11,Torr,23.cross_gate_connectingPort1,23.cross_gate_connectingPort1/MassSpecData-02115-20261006-203505.csv,2.0286666666666666
2026-10-06 20:35:43.330,8.2515e-11,Torr,23.cross_gate_connectingPort1,23.cross_gate_connectingPort1/MassSpecData-02115-20261006-203505.csv,2.0321333333333333
2026-10-06 20:35:43.539,6.8249e-11,Torr,23.cross_gate_connectingPort1,23.cross_gate_connectingPort1/MassSpecData-02115-20261006-203505.csv,2.035616666666667
2026-10-06 20:35:43.747,8.7624e-11,Torr,23.cross_gate_connectingPort1,23.cross_gate_connectingPort1/MassSpecData-02115-20261006-203505.csv,2.039083333333333
2026-10-06 20:35:43.955,8.2667e-11,Torr,23.cross_gate_connectingPort1,23.cross_gate_connectingPort1/MassSpecData-02115-20261006-203505.csv,2.04255
2026-10-06 20:35:44.164,7.3403e-11,Torr,23.cross_gate_connectingPort1,23.cross_gate_connectingPort1/MassSpecData-02115-20261006-203505.csv,2.0460333333333334
2026-10-06 20:35:44.372,8.1125e-11,Torr,23.cross_gate_connectingPort1,23.cross_gate_connectingPort1/MassSpecData-02115-20261006-203505.csv,2.0495
2026-10-06 20:35:44.580,7.2678e-11,Torr,23.cross_gate_connectingPort1,23.cross_gate_connectingPort1/MassSpecData-02115-20261006-203505.csv,2.052966666666667
2026-10-06 20:35:44.789,7.0306e-11,Torr,23.cross_gate_connectingPort1,23.cross_gate_connectingPort1/MassSpecData-02115-20261006-203505.csv,2.05645
2026-10-06 20:35:44.997,8.6971e-11,Torr,23.cross_gate_connectingPort1,23.cross_gate_connectingPort1/MassSpecData-02115-20261006-203505.csv,2.0599166666666666
2026-10-06 20:35:45.205,8.8071e-11,Torr,23.cross_gate_connectingPort1,23.cross_gate_connectingPort1/MassSpecData-02115-20261006-203505.csv,2.0633833333333333
2026-10-06 20:35:45.414,9.226e-11,Torr,23.cross_gate_connectingPort1,23.cross_gate_connectingPort1/MassSpecData-02115-20261006-203505.csv,2.066866666666667
2026-10-06 20:35:45.622,8.166e-11,Torr,23.cross_gate_connectingPort1,23.cross_gate_connectingPort1/MassSpecData-02115-20261006-203505.csv,2.070333333333333
2026-10-06 20:35:45.830,8.3064e-11,Torr,23.cross_gate_connectingPort1,23.cross_gate_connectingPort1/MassSpecData-02115-20261006-203505.csv,2.0738
2026-10-06 20:35:46.039,8.3796e-11,Torr,23.cross_gate_connectingPort1,23.cross_gate_connectingPort1/MassSpecData-02115-20261006-203505.csv,2.0772833333333334
2026-10-06 20:35:46.247,7.0281e-11,Torr,23.cross_gate_connectingPort1,23.cross_gate_connectingPort1/MassSpecData-02115-20261006-203505.csv,2.08075
2026-10-06 20:35:46.455,8.3527e-11,Torr,23.cross_gate_connectingPort1,23.cross_gate_connectingPort1/MassSpecData-02115-20261006-203505.csv,2.084216666666667
2026-10-06 20:35:46.804,7.3852e-11,Torr,23.cross_gate_connectingPort1,23.cross_gate_connectingPort1/MassSpecData-02115-20261006-203546.csv,2.0900333333333334
2026-10-06 20:35:47.012,6.5843e-11,Torr,23.cross_gate_connectingPort1,23.cross_gate_connectingPort1/MassSpecData-02115-20261006-203546.csv,2.0935
2026-10-06 20:35:47.221,8.7572e-11,Torr,23.cross_gate_connectingPort1,23.cross_gate_connectingPort1/MassSpecData-02115-20261006-203546.csv,2.096983333333333
2026-10-06 20:35:47.429,7.8623e-11,Torr,23.cross_gate_connectingPort1,23.cross_gate_connectingPort1/MassSpecData-02115-20261006-203546.csv,2.10045
2026-10-06 20:35:47.637,8.1708e-11,Torr,23.cross_gate_connectingPort1,23.cross_gate_connectingPort1/MassSpecData-02115-20261006-203546.csv,2.1039166666666667
2026-10-06 20:35:47.846,8.729e-11,Torr,23.cross_gate_connectingPort1,23.cross_gate_connectingPort1/MassSpecData-02115-20261006-203546.csv,2.1074
2026-10-06 20:35:48.054,8.394e-11,Torr,23.cross_gate_connectingPort1,23.cross_gate_connectingPort1/MassSpecData-02115-20261006-203546.csv,2.110866666666667
2026-10-06 20:35:48.262,7.7729e-11,Torr,23.cross_gate_connectingPort1,23.cross_gate_connectingPort1/MassSpecData-02115-20261006-203546.csv,2.114333333333333
2026-10-06 20:35:48.470,8.9271e-11,Torr,23.cross_gate_connectingPort1,23.cross_gate_connectingPort1/MassSpecData-02115-20261006-203546.csv,2.1178
2026-10-06 20:35:48.679,6.3932e-11,Torr,23.cross_gate_connectingPort1,23.cross_gate_connectingPort1/MassSpecData-02115-20261006-203546.csv,2.1212833333333334
2026-10-06 20:35:48.887,8.6029e-11,Torr,23.cross_gate_connectingPort1,23.cross_gate_connectingPort1/MassSpecData-02115-20261006-203546.csv,2.12475
2026-10-06 20:35:49.096,7.1411e-11,Torr,23.cross_gate_connectingPort1,23.cross_gate_connectingPort1/MassSpecData-02115-20261006-203546.csv,2.128233333333333
2026-10-06 20:35:49.304,9.6494e-11,Torr,23.cross_gate_connectingPort1,23.cross_gate_connectingPort1/MassSpecData-02115-20261006-203546.csv,2.1317
2026-10-06 20:35:49.512,8.3484e-11,Torr,23.cross_gate_connectingPort1,23.cross_gate_connectingPort1/MassSpecData-02115-20261006-203546.csv,2.135166666666667
2026-10-06 20:35:49.721,7.2505e-11,Torr,23.cross_gate_connectingPort1,23.cross_gate_connectingPort1/MassSpecData-02115-20261006-203546.csv,2.1386499999999997
2026-10-06 20:35:49.929,7.0095e-11,Torr,23.cross_gate_connectingPort1,23.cross_gate_connectingPort1/MassSpecData-02115-20261006-203546.csv,2.1421166666666664
2026-10-06 20:35:50.137,7.1373e-11,Torr,23.cross_gate_connectingPort1,23.cross_gate_connectingPort1/MassSpecData-02115-20261006-203546.csv,2.1455833333333336
2026-10-06 20:35:50.346,7.6807e-11,Torr,23.cross_gate_connectingPort1,23.cross_gate_connectingPort1/MassSpecData-02115-20261006-203546.csv,2.1490666666666667
2026-10-06 20:35:50.554,6.7294e-11,Torr,23.cross_gate_connectingPort1,23.cross_gate_connectingPort1/MassSpecData-02115-20261006-203546.csv,2.152533333333333
2026-10-06 20:35:50.762,9.5421e-11,Torr,23.cross_gate_connectingPort1,23.cross_gate_connectingPort1/MassSpecData-02115-20261006-203546.csv,2.156
2026-10-06 20:35:50.971,7.3294e-11,Torr,23.cross_gate_connectingPort1,23.cross_gate_connectingPort1/MassSpecData-02115-20261006-203546.csv,2.159483333333333
2026-10-06 20:35:51.179,7.916e-11,Torr,23.cross_gate_connectingPort1,23.cross_gate_connectingPort1/MassSpecData-02115-20261006-203546.csv,2.16295
2026-10-06 20:35:51.387,7.7989e-11,Torr,23.cross_gate_connectingPort1,23.cross_gate_connectingPort1/MassSpecData-02115-20261006-203546.csv,2.166416666666667
2026-10-06 20:35:51.596,7.1175e-11,Torr,23.cross_gate_connectingPort1,23.cross_gate_connectingPort1/MassSpecData-02115-20261006-203546.csv,2.1698999999999997
2026-10-06 20:35:51.804,7.4706e-11,Torr,23.cross_gate_connectingPort1,23.cross_gate_connectingPort1/MassSpecData-02115-20261006-203546.csv,2.1733666666666664
2026-10-06 20:35:52.012,8.0638e-11,Torr,23.cross_gate_connectingPort1,23.cross_gate_connectingPort1/MassSpecData-02115-20261006-203546.csv,2.1768333333333336
2026-10-06 20:35:52.220,7.1696e-11,Torr,23.cross_gate_connectingPort1,23.cross_gate_connectingPort1/MassSpecData-02115-20261006-203546.csv,2.1803000000000003
2026-10-06 20:35:52.429,7.1227e-11,Torr,23.cross_gate_connectingPort1,23.cross_gate_connectingPort1/MassSpecData-02115-20261006-203546.csv,2.183783333333333
2026-10-06 20:35:52.637,6.9201e-11,Torr,23.cross_gate_connectingPort1,23.cross_gate_connectingPort1/MassSpecData-02115-20261006-203546.csv,2.18725
2026-10-06 20:35:52.845,8.5596e-11,Torr,23.cross_gate_connectingPort1,23.cross_gate_connectingPort1/MassSpecData-02115-20261006-203546.csv,2.190716666666667
2026-10-06 20:35:53.054,9.6679e-11,Torr,23.cross_gate_connectingPort1,23.cross_gate_connectingPort1/MassSpecData-02115-20261006-203546.csv,2.1942
2026-10-06 20:35:53.262,7.3586e-11,Torr,23.cross_gate_connectingPort1,23.cross_gate_connectingPort1/MassSpecData-02115-20261006-203546.csv,2.197666666666667
2026-10-06 20:35:53.470,8.0906e-11,Torr,23.cross_gate_connectingPort1,23.cross_gate_connectingPort1/MassSpecData-02115-20261006-203546.csv,2.2011333333333334
2026-10-06 20:35:53.679,8.6972e-11,Torr,23.cross_gate_connectingPort1,23.cross_gate_connectingPort1/MassSpecData-02115-20261006-203546.csv,2.2046166666666664
2026-10-06 20:35:53.887,7.9745e-11,Torr,23.cross_gate_connectingPort1,23.cross_gate_connectingPort1/MassSpecData-02115-20261006-203546.csv,2.2080833333333336
2026-10-06 20:35:54.095,7.6121e-11,Torr,23.cross_gate_connectingPort1,23.cross_gate_connectingPort1/MassSpecData-02115-20261006-203546.csv,2.2115500000000003
2026-10-06 20:35:54.304,7.777e-11,Torr,23.cross_gate_connectingPort1,23.cross_gate_connectingPort1/MassSpecData-02115-20261006-203546.csv,2.215033333333333
2026-10-06 20:35:54.512,6.1603e-11,Torr,23.cross_gate_connectingPort1,23.cross_gate_connectingPort1/MassSpecData-02115-20261006-203546.csv,2.2185
2026-10-06 20:35:54.720,7.6943e-11,Torr,23.cross_gate_connectingPort1,23.cross_gate_connectingPort1/MassSpecData-02115-20261006-203546.csv,2.221966666666667
2026-10-06 20:35:54.929,7.4765e-11,Torr,23.cross_gate_connectingPort1,23.cross_gate_connectingPort1/MassSpecData-02115-20261006-203546.csv,2.22545
2026-10-06 20:35:55.137,8.0374e-11,Torr,23.cross_gate_connectingPort1,23.cross_gate_connectingPort1/MassSpecData-02115-20261006-203546.csv,2.228916666666667
2026-10-06 20:35:55.345,7.5566e-11,Torr,23.cross_gate_connectingPort1,23.cross_gate_connectingPort1/MassSpecData-02115-20261006-203546.csv,2.2323833333333334
2026-10-06 20:35:55.554,8.5305e-11,Torr,23.cross_gate_connectingPort1,23.cross_gate_connectingPort1/MassSpecData-02115-20261006-203546.csv,2.2358666666666664
2026-10-06 20:35:55.762,8.5999e-11,Torr,23.cross_gate_connectingPort1,23.cross_gate_connectingPort1/MassSpecData-02115-20261006-203546.csv,2.2393333333333336
2026-10-06 20:35:55.971,7.7653e-11,Torr,23.cross_gate_connectingPort1,23.cross_gate_connectingPort1/MassSpecData-02115-20261006-203546.csv,2.2428166666666667
2026-10-06 20:35:56.179,6.9294e-11,Torr,23.cross_gate_connectingPort1,23.cross_gate_connectingPort1/MassSpecData-02115-20261006-203546.csv,2.246283333333333
2026-10-06 20:35:56.387,7.221e-11,Torr,23.cross_gate_connectingPort1,23.cross_gate_connectingPort1/MassSpecData-02115-20261006-203546.csv,2.24975
2026-10-06 20:35:56.596,6.877e-11,Torr,23.cross_gate_connectingPort1,23.cross_gate_connectingPort1/MassSpecData-02115-20261006-203546.csv,2.253233333333333
2026-10-06 20:35:56.804,7.4258e-11,Torr,23.cross_gate_connectingPort1,23.cross_gate_connectingPort1/MassSpecData-02115-20261006-203546.csv,2.2567
2026-10-06 20:35:57.012,9.0678e-11,Torr,23.cross_gate_connectingPort1,23.cross_gate_connectingPort1/MassSpecData-02115-20261006-203546.csv,2.260166666666667
2026-10-06 20:35:57.221,8.5757e-11,Torr,23.cross_gate_connectingPort1,23.cross_gate_connectingPort1/MassSpecData-02115-20261006-203546.csv,2.2636499999999997
2026-10-06 20:35:57.429,7.7669e-11,Torr,23.cross_gate_connectingPort1,23.cross_gate_connectingPort1/MassSpecData-02115-20261006-203546.csv,2.2671166666666664
2026-10-06 20:35:57.637,8.7491e-11,Torr,23.cross_gate_connectingPort1,23.cross_gate_connectingPort1/MassSpecData-02115-20261006-203546.csv,2.2705833333333336
2026-10-06 20:35:57.846,8.5842e-11,Torr,23.cross_gate_connectingPort1,23.cross_gate_connectingPort1/MassSpecData-02115-20261006-203546.csv,2.2740666666666667
2026-10-06 20:35:58.054,8.2998e-11,Torr,23.cross_gate_connectingPort1,23.cross_gate_connectingPort1/MassSpecData-02115-20261006-203546.csv,2.277533333333333
2026-10-06 20:35:58.262,8.2967e-11,Torr,23.cross_gate_connectingPort1,23.cross_gate_connectingPort1/MassSpecData-02115-20261006-203546.csv,2.281
2026-10-06 20:35:58.471,8.1126e-11,Torr,23.cross_gate_connectingPort1,23.cross_gate_connectingPort1/MassSpecData-02115-20261006-203546.csv,2.284483333333333
2026-10-06 20:35:58.679,8.4354e-11,Torr,23.cross_gate_connectingPort1,23.cross_gate_connectingPort1/MassSpecData-02115-20261006-203546.csv,2.28795
2026-10-06 20:35:58.887,8.7601e-11,Torr,23.cross_gate_connectingPort1,23.cross_gate_connectingPort1/MassSpecData-02115-20261006-203546.csv,2.291416666666667
2026-10-06 20:35:59.096,8.0544e-11,Torr,23.cross_gate_connectingPort1,23.cross_gate_connectingPort1/MassSpecData-02115-20261006-203546.csv,2.2948999999999997
2026-10-06 20:35:59.304,7.9087e-11,Torr,23.cross_gate_connectingPort1,23.cross_gate_connectingPort1/MassSpecData-02115-20261006-203546.csv,2.2983666666666664
2026-10-06 20:35:59.512,9.1938e-11,Torr,23.cross_gate_connectingPort1,23.cross_gate_connectingPort1/MassSpecData-02115-20261006-203546.csv,2.3018333333333336
2026-10-06 20:35:59.721,8.3982e-11,Torr,23.cross_gate_connectingPort1,23.cross_gate_connectingPort1/MassSpecData-02115-20261006-203546.csv,2.3053166666666667
2026-10-06 20:35:59.929,7.0481e-11,Torr,23.cross_gate_connectingPort1,23.cross_gate_connectingPort1/MassSpecData-02115-20261006-203546.csv,2.308783333333333
2026-10-06 20:36:00.137,8.299e-11,Torr,23.cross_gate_connectingPort1,23.cross_gate_connectingPort1/MassSpecData-02115-20261006-203546.csv,2.31225
2026-10-06 20:36:00.346,7.2743e-11,Torr,23.cross_gate_connectingPort1,23.cross_gate_connectingPort1/MassSpecData-02115-20261006-203546.csv,2.315733333333333
2026-10-06 20:36:00.554,9.2925e-11,Torr,23.cross_gate_connectingPort1,23.cross_gate_connectingPort1/MassSpecData-02115-20261006-203546.csv,2.3192
2026-10-06 20:36:00.762,8.2249e-11,Torr,23.cross_gate_connectingPort1,23.cross_gate_connectingPort1/MassSpecData-02115-20261006-203546.csv,2.322666666666667
2026-10-06 20:36:00.971,9.4793e-11,Torr,23.cross_gate_connectingPort1,23.cross_gate_connectingPort1/MassSpecData-02115-20261006-203546.csv,2.3261499999999997
2026-10-06 20:36:01.179,8.5625e-11,Torr,23.cross_gate_connectingPort1,23.cross_gate_connectingPort1/MassSpecData-02115-20261006-203546.csv,2.3296166666666664
2026-10-06 20:36:01.387,8.3706e-11,Torr,23.cross_gate_connectingPort1,23.cross_gate_connectingPort1/MassSpecData-02115-20261006-203546.csv,2.3330833333333336
2026-10-06 20:36:01.596,7.9158e-11,Torr,23.cross_gate_connectingPort1,23.cross_gate_connectingPort1/MassSpecData-02115-20261006-203546.csv,2.3365666666666667
2026-10-06 20:36:01.804,8.5886e-11,Torr,23.cross_gate_connectingPort1,23.cross_gate_connectingPort1/MassSpecData-02115-20261006-203546.csv,2.340033333333333
2026-10-06 20:36:02.012,7.0685e-11,Torr,23.cross_gate_connectingPort1,23.cross_gate_connectingPort1/MassSpecData-02115-20261006-203546.csv,2.3435
2026-10-06 20:36:02.221,6.6792e-11,Torr,23.cross_gate_connectingPort1,23.cross_gate_connectingPort1/MassSpecData-02115-20261006-203546.csv,2.346983333333333
2026-10-06 20:36:02.429,8.2492e-11,Torr,23.cross_gate_connectingPort1,23.cross_gate_connectingPort1/MassSpecData-02115-20261006-203546.csv,2.35045
2026-10-06 20:36:02.637,8.6357e-11,Torr,23.cross_gate_connectingPort1,23.cross_gate_connectingPort1/MassSpecData-02115-20261006-203546.csv,2.353916666666667
2026-10-06 20:36:02.846,1.005e-10,Torr,23.cross_gate_connectingPort1,23.cross_gate_connectingPort1/MassSpecData-02115-20261006-203546.csv,2.3573999999999997
2026-10-06 20:36:03.054,7.2232e-11,Torr,23.cross_gate_connectingPort1,23.cross_gate_connectingPort1/MassSpecData-02115-20261006-203546.csv,2.3608666666666664
2026-10-06 20:36:03.262,7.0739e-11,Torr,23.cross_gate_connectingPort1,23.cross_gate_connectingPort1/MassSpecData-02115-20261006-203546.csv,2.3643333333333336
2026-10-06 20:36:03.471,7.9852e-11,Torr,23.cross_gate_connectingPort1,23.cross_gate_connectingPort1/MassSpecData-02115-20261006-203546.csv,2.3678166666666667
2026-10-06 20:36:03.679,7.9752e-11,Torr,23.cross_gate_connectingPort1,23.cross_gate_connectingPort1/MassSpecData-02115-20261006-203546.csv,2.371283333333333
2026-10-06 20:36:03.887,7.3911e-11,Torr,23.cross_gate_connectingPort1,23.cross_gate_connectingPort1/MassSpecData-02115-20261006-203546.csv,2.37475
2026-10-06 20:36:04.096,7.474e-11,Torr,23.cross_gate_connectingPort1,23.cross_gate_connectingPort1/MassSpecData-02115-20261006-203546.csv,2.378233333333333
2026-10-06 20:36:04.304,9.2578e-11,Torr,23.cross_gate_connectingPort1,23.cross_gate_connectingPort1/MassSpecData-02115-20261006-203546.csv,2.3817
2026-10-06 20:36:04.512,8.9447e-11,Torr,23.cross_gate_connectingPort1,23.cross_gate_connectingPort1/MassSpecData-02115-20261006-203546.csv,2.385166666666667
2026-10-06 20:36:04.721,1.0666e-10,Torr,23.cross_gate_connectingPort1,23.cross_gate_connectingPort1/MassSpecData-02115-20261006-203546.csv,2.3886499999999997
2026-10-06 20:36:04.929,7.7249e-11,Torr,23.cross_gate_connectingPort1,23.cross_gate_connectingPort1/MassSpecData-02115-20261006-203546.csv,2.3921166666666664
2026-10-06 20:36:05.137,7.7489e-11,Torr,23.cross_gate_connectingPort1,23.cross_gate_connectingPort1/MassSpecData-02115-20261006-203546.csv,2.3955833333333336
2026-10-06 20:36:05.346,7.066e-11,Torr,23.cross_gate_connectingPort1,23.cross_gate_connectingPort1/MassSpecData-02115-20261006-203546.csv,2.3990666666666667
2026-10-06 20:36:05.554,7.2844e-11,Torr,23.cross_gate_connectingPort1,23.cross_gate_connectingPort1/MassSpecData-02115-20261006-203546.csv,2.402533333333333
2026-10-06 20:36:05.762,9.4063e-11,Torr,23.cross_gate_connectingPort1,23.cross_gate_connectingPort1/MassSpecData-02115-20261006-203546.csv,2.406
2026-10-06 20:36:05.971,8.3878e-11,Torr,23.cross_gate_connectingPort1,23.cross_gate_connectingPort1/MassSpecData-02115-20261006-203546.csv,2.409483333333333
2026-10-06 20:36:06.179,8.0461e-11,Torr,23.cross_gate_connectingPort1,23.cross_gate_connectingPort1/MassSpecData-02115-20261006-203546.csv,2.41295
2026-10-06 20:36:06.387,8.4213e-11,Torr,23.cross_gate_connectingPort1,23.cross_gate_connectingPort1/MassSpecData-02115-20261006-203546.csv,2.416416666666667
2026-10-06 20:36:06.595,8.9544e-11,Torr,23.cross_gate_connectingPort1,23.cross_gate_connectingPort1/MassSpecData-02115-20261006-203546.csv,2.4198833333333334
2026-10-06 20:36:06.804,8.1495e-11,Torr,23.cross_gate_connectingPort1,23.cross_gate_connectingPort1/MassSpecData-02115-20261006-203546.csv,2.4233666666666664
2026-10-06 20:36:07.012,7.5426e-11,Torr,23.cross_gate_connectingPort1,23.cross_gate_connectingPort1/MassSpecData-02115-20261006-203546.csv,2.4268333333333336
2026-10-06 20:36:07.220,8.8506e-11,Torr,23.cross_gate_connectingPort1,23.cross_gate_connectingPort1/MassSpecData-02115-20261006-203546.csv,2.4303000000000003
2026-10-06 20:36:07.429,7.0902e-11,Torr,23.cross_gate_connectingPort1,23.cross_gate_connectingPort1/MassSpecData-02115-20261006-203546.csv,2.433783333333333
2026-10-06 20:36:07.637,8.5591e-11,Torr,23.cross_gate_connectingPort1,23.cross_gate_connectingPort1/MassSpecData-02115-20261006-203546.csv,2.43725
2026-10-06 20:36:07.845,1.0506e-10,Torr,23.cross_gate_connectingPort1,23.cross_gate_connectingPort1/MassSpecData-02115-20261006-203546.csv,2.440716666666667
2026-10-06 20:36:08.054,8.796e-11,Torr,23.cross_gate_connectingPort1,23.cross_gate_connectingPort1/MassSpecData-02115-20261006-203546.csv,2.4442
2026-10-06 20:36:08.262,8.105e-11,Torr,23.cross_gate_connectingPort1,23.cross_gate_connectingPort1/MassSpecData-02115-20261006-203546.csv,2.447666666666667
2026-10-06 20:36:08.470,7.7373e-11,Torr,23.cross_gate_connectingPort1,23.cross_gate_connectingPort1/MassSpecData-02115-20261006-203546.csv,2.4511333333333334
2026-10-06 20:36:08.679,8.0474e-11,Torr,23.cross_gate_connectingPort1,23.cross_gate_connectingPort1/MassSpecData-02115-20261006-203546.csv,2.4546166666666664
2026-10-06 20:36:08.887,8.7942e-11,Torr,23.cross_gate_connectingPort1,23.cross_gate_connectingPort1/MassSpecData-02115-20261006-203546.csv,2.4580833333333336
2026-10-06 20:36:09.095,6.393e-11,Torr,23.cross_gate_connectingPort1,23.cross_gate_connectingPort1/MassSpecData-02115-20261006-203546.csv,2.4615500000000003
2026-10-06 20:36:09.304,9.9531e-11,Torr,23.cross_gate_connectingPort1,23.cross_gate_connectingPort1/MassSpecData-02115-20261006-203546.csv,2.465033333333333
2026-10-06 20:36:09.512,6.9894e-11,Torr,23.cross_gate_connectingPort1,23.cross_gate_connectingPort1/MassSpecData-02115-20261006-203546.csv,2.4685
2026-10-06 20:36:09.720,7.081e-11,Torr,23.cross_gate_connectingPort1,23.cross_gate_connectingPort1/MassSpecData-02115-20261006-203546.csv,2.471966666666667
2026-10-06 20:36:09.929,8.5503e-11,Torr,23.cross_gate_connectingPort1,23.cross_gate_connectingPort1/MassSpecData-02115-20261006-203546.csv,2.47545
2026-10-06 20:36:10.137,7.77e-11,Torr,23.cross_gate_connectingPort1,23.cross_gate_connectingPort1/MassSpecData-02115-20261006-203546.csv,2.478916666666667
2026-10-06 20:36:10.345,6.6931e-11,Torr,23.cross_gate_connectingPort1,23.cross_gate_connectingPort1/MassSpecData-02115-20261006-203546.csv,2.4823833333333334
2026-10-06 20:36:10.554,9.4484e-11,Torr,23.cross_gate_connectingPort1,23.cross_gate_connectingPort1/MassSpecData-02115-20261006-203546.csv,2.4858666666666664
2026-10-06 20:36:10.762,8.2232e-11,Torr,23.cross_gate_connectingPort1,23.cross_gate_connectingPort1/MassSpecData-02115-20261006-203546.csv,2.4893333333333336
2026-10-06 20:36:10.970,8.0205e-11,Torr,23.cross_gate_connectingPort1,23.cross_gate_connectingPort1/MassSpecData-02115-20261006-203546.csv,2.4928000000000003
2026-10-06 20:36:11.179,8.8994e-11,Torr,23.cross_gate_connectingPort1,23.cross_gate_connectingPort1/MassSpecData-02115-20261006-203546.csv,2.496283333333333
2026-10-06 20:36:11.387,7.9994e-11,Torr,23.cross_gate_connectingPort1,23.cross_gate_connectingPort1/MassSpecData-02115-20261006-203546.csv,2.49975
2026-10-06 20:36:11.595,7.9012e-11,Torr,23.cross_gate_connectingPort1,23.cross_gate_connectingPort1/MassSpecData-02115-20261006-203546.csv,2.503216666666667
2026-10-06 20:36:11.804,8.083e-11,Torr,23.cross_gate_connectingPort1,23.cross_gate_connectingPort1/MassSpecData-02115-20261006-203546.csv,2.5067
2026-10-06 20:36:12.012,8.4508e-11,Torr,23.cross_gate_connectingPort1,23.cross_gate_connectingPort1/MassSpecData-02115-20261006-203546.csv,2.510166666666667
2026-10-06 20:36:12.220,7.566e-11,Torr,23.cross_gate_connectingPort1,23.cross_gate_connectingPort1/MassSpecData-02115-20261006-203546.csv,2.5136333333333334
2026-10-06 20:36:12.429,7.1483e-11,Torr,23.cross_gate_connectingPort1,23.cross_gate_connectingPort1/MassSpecData-02115-20261006-203546.csv,2.5171166666666664
2026-10-06 20:36:12.637,6.8788e-11,Torr,23.cross_gate_connectingPort1,23.cross_gate_connectingPort1/MassSpecData-02115-20261006-203546.csv,2.5205833333333336
2026-10-06 20:36:12.845,7.8285e-11,Torr,23.cross_gate_connectingPort1,23.cross_gate_connectingPort1/MassSpecData-02115-20261006-203546.csv,2.5240500000000003
2026-10-06 20:36:13.054,9.1775e-11,Torr,23.cross_gate_connectingPort1,23.cross_gate_connectingPort1/MassSpecData-02115-20261006-203546.csv,2.527533333333333
2026-10-06 20:36:13.262,7.9887e-11,Torr,23.cross_gate_connectingPort1,23.cross_gate_connectingPort1/MassSpecData-02115-20261006-203546.csv,2.531
2026-10-06 20:36:13.470,7.7555e-11,Torr,23.cross_gate_connectingPort1,23.cross_gate_connectingPort1/MassSpecData-02115-20261006-203546.csv,2.534466666666667
2026-10-06 20:36:13.679,6.6759e-11,Torr,23.cross_gate_connectingPort1,23.cross_gate_connectingPort1/MassSpecData-02115-20261006-203546.csv,2.53795
2026-10-06 20:36:13.887,9.4548e-11,Torr,23.cross_gate_connectingPort1,23.cross_gate_connectingPort1/MassSpecData-02115-20261006-203546.csv,2.541416666666667
2026-10-06 20:36:14.095,6.9137e-11,Torr,23.cross_gate_connectingPort1,23.cross_gate_connectingPort1/MassSpecData-02115-20261006-203546.csv,2.5448833333333334
2026-10-06 20:36:14.304,7.9627e-11,Torr,23.cross_gate_connectingPort1,23.cross_gate_connectingPort1/MassSpecData-02115-20261006-203546.csv,2.5483666666666664
2026-10-06 20:36:14.512,8.8003e-11,Torr,23.cross_gate_connectingPort1,23.cross_gate_connectingPort1/MassSpecData-02115-20261006-203546.csv,2.5518333333333336
2026-10-06 20:36:14.720,7.6433e-11,Torr,23.cross_gate_connectingPort1,23.cross_gate_connectingPort1/MassSpecData-02115-20261006-203546.csv,2.5553000000000003
2026-10-06 20:36:14.929,7.8992e-11,Torr,23.cross_gate_connectingPort1,23.cross_gate_connectingPort1/MassSpecData-02115-20261006-203546.csv,2.558783333333333
2026-10-06 20:36:15.137,7.7527e-11,Torr,23.cross_gate_connectingPort1,23.cross_gate_connectingPort1/MassSpecData-02115-20261006-203546.csv,2.56225
2026-10-06 20:36:15.345,8.68e-11,Torr,23.cross_gate_connectingPort1,23.cross_gate_connectingPort1/MassSpecData-02115-20261006-203546.csv,2.565716666666667
2026-10-06 20:36:15.554,7.382e-11,Torr,23.cross_gate_connectingPort1,23.cross_gate_connectingPort1/MassSpecData-02115-20261006-203546.csv,2.5692
2026-10-06 20:36:15.762,7.7775e-11,Torr,23.cross_gate_connectingPort1,23.cross_gate_connectingPort1/MassSpecData-02115-20261006-203546.csv,2.572666666666667
2026-10-06 20:36:15.970,9.6033e-11,Torr,23.cross_gate_connectingPort1,23.cross_gate_connectingPort1/MassSpecData-02115-20261006-203546.csv,2.5761333333333334
2026-10-06 20:36:16.179,8.0087e-11,Torr,23.cross_gate_connectingPort1,23.cross_gate_connectingPort1/MassSpecData-02115-20261006-203546.csv,2.5796166666666664
2026-10-06 20:36:16.387,7.3441e-11,Torr,23.cross_gate_connectingPort1,23.cross_gate_connectingPort1/MassSpecData-02115-20261006-203546.csv,2.5830833333333336
2026-10-06 20:36:16.595,8.2762e-11,Torr,23.cross_gate_connectingPort1,23.cross_gate_connectingPort1/MassSpecData-02115-20261006-203546.csv,2.5865500000000003
2026-10-06 20:36:16.804,7.651e-11,Torr,23.cross_gate_connectingPort1,23.cross_gate_connectingPort1/MassSpecData-02115-20261006-203546.csv,2.590033333333333
2026-10-06 20:36:17.012,8.3354e-11,Torr,23.cross_gate_connectingPort1,23.cross_gate_connectingPort1/MassSpecData-02115-20261006-203546.csv,2.5935
2026-10-06 20:36:17.220,9.7609e-11,Torr,23.cross_gate_connectingPort1,23.cross_gate_connectingPort1/MassSpecData-02115-20261006-203546.csv,2.596966666666667
2026-10-06 20:36:17.429,7.4313e-11,Torr,23.cross_gate_connectingPort1,23.cross_gate_connectingPort1/MassSpecData-02115-20261006-203546.csv,2.60045
2026-10-06 20:36:17.637,7.4365e-11,Torr,23.cross_gate_connectingPort1,23.cross_gate_connectingPort1/MassSpecData-02115-20261006-203546.csv,2.603916666666667
2026-10-06 20:36:17.845,8.7573e-11,Torr,23.cross_gate_connectingPort1,23.cross_gate_connectingPort1/MassSpecData-02115-20261006-203546.csv,2.6073833333333334
2026-10-06 20:36:18.054,8.1821e-11,Torr,23.cross_gate_connectingPort1,23.cross_gate_connectingPort1/MassSpecData-02115-20261006-203546.csv,2.6108666666666664
2026-10-06 20:36:18.262,6.877e-11,Torr,23.cross_gate_connectingPort1,23.cross_gate_connectingPort1/MassSpecData-02115-20261006-203546.csv,2.6143333333333336
2026-10-06 20:36:18.470,9.073e-11,Torr,23.cross_gate_connectingPort1,23.cross_gate_connectingPort1/MassSpecData-02115-20261006-203546.csv,2.6178000000000003
2026-10-06 20:36:18.679,7.427e-11,Torr,23.cross_gate_connectingPort1,23.cross_gate_connectingPort1/MassSpecData-02115-20261006-203546.csv,2.621283333333333
2026-10-06 20:36:18.887,8.7636e-11,Torr,23.cross_gate_connectingPort1,23.cross_gate_connectingPort1/MassSpecData-02115-20261006-203546.csv,2.62475
2026-10-06 20:36:19.095,1.0808e-10,Torr,23.cross_gate_connectingPort1,23.cross_gate_connectingPort1/MassSpecData-02115-20261006-203546.csv,2.628216666666667
2026-10-06 20:36:19.304,6.8932e-11,Torr,23.cross_gate_connectingPort1,23.cross_gate_connectingPort1/MassSpecData-02115-20261006-203546.csv,2.6317
2026-10-06 20:36:19.512,1.0009e-10,Torr,23.cross_gate_connectingPort1,23.cross_gate_connectingPort1/MassSpecData-02115-20261006-203546.csv,2.635166666666667
2026-10-06 20:36:19.720,7.8977e-11,Torr,23.cross_gate_connectingPort1,23.cross_gate_connectingPort1/MassSpecData-02115-20261006-203546.csv,2.6386333333333334
2026-10-06 20:36:19.929,7.3739e-11,Torr,23.cross_gate_connectingPort1,23.cross_gate_connectingPort1/MassSpecData-02115-20261006-203546.csv,2.6421166666666664
2026-10-06 20:36:20.137,7.1466e-11,Torr,23.cross_gate_connectingPort1,23.cross_gate_connectingPort1/MassSpecData-02115-20261006-203546.csv,2.6455833333333336
2026-10-06 20:36:20.345,7.1678e-11,Torr,23.cross_gate_connectingPort1,23.cross_gate_connectingPort1/MassSpecData-02115-20261006-203546.csv,2.6490500000000003
2026-10-06 20:36:20.554,7.2959e-11,Torr,23.cross_gate_connectingPort1,23.cross_gate_connectingPort1/MassSpecData-02115-20261006-203546.csv,2.652533333333333
2026-10-06 20:36:20.762,7.7563e-11,Torr,23.cross_gate_connectingPort1,23.cross_gate_connectingPort1/MassSpecData-02115-20261006-203546.csv,2.656
2026-10-06 20:36:20.970,8.0743e-11,Torr,23.cross_gate_connectingPort1,23.cross_gate_connectingPort1/MassSpecData-02115-20261006-203546.csv,2.659466666666667
2026-10-06 20:36:21.179,7.3406e-11,Torr,23.cross_gate_connectingPort1,23.cross_gate_connectingPort1/MassSpecData-02115-20261006-203546.csv,2.66295
2026-10-06 20:36:21.387,7.9443e-11,Torr,23.cross_gate_connectingPort1,23.cross_gate_connectingPort1/MassSpecData-02115-20261006-203546.csv,2.666416666666667
2026-10-06 20:36:21.595,7.1382e-11,Torr,23.cross_gate_connectingPort1,23.cross_gate_connectingPort1/MassSpecData-02115-20261006-203546.csv,2.6698833333333334
2026-10-06 20:36:21.804,8.4859e-11,Torr,23.cross_gate_connectingPort1,23.cross_gate_connectingPort1/MassSpecData-02115-20261006-203546.csv,2.6733666666666664
2026-10-06 20:36:22.012,7.0573e-11,Torr,23.cross_gate_connectingPort1,23.cross_gate_connectingPort1/MassSpecData-02115-20261006-203546.csv,2.6768333333333336
2026-10-06 20:36:22.220,8.6441e-11,Torr,23.cross_gate_connectingPort1,23.cross_gate_connectingPort1/MassSpecData-02115-20261006-203546.csv,2.6803000000000003
2026-10-06 20:36:22.429,9.3744e-11,Torr,23.cross_gate_connectingPort1,23.cross_gate_connectingPort1/MassSpecData-02115-20261006-203546.csv,2.683783333333333
2026-10-06 20:36:22.637,9.396e-11,Torr,23.cross_gate_connectingPort1,23.cross_gate_connectingPort1/MassSpecData-02115-20261006-203546.csv,2.68725
2026-10-06 20:36:22.845,8.8298e-11,Torr,23.cross_gate_connectingPort1,23.cross_gate_connectingPort1/MassSpecData-02115-20261006-203546.csv,2.690716666666667
2026-10-06 20:36:23.054,6.281e-11,Torr,23.cross_gate_connectingPort1,23.cross_gate_connectingPort1/MassSpecData-02115-20261006-203546.csv,2.6942
2026-10-06 20:36:23.262,1.0327e-10,Torr,23.cross_gate_connectingPort1,23.cross_gate_connectingPort1/MassSpecData-02115-20261006-203546.csv,2.697666666666667
2026-10-06 20:36:23.470,7.849e-11,Torr,23.cross_gate_connectingPort1,23.cross_gate_connectingPort1/MassSpecData-02115-20261006-203546.csv,2.7011333333333334
2026-10-06 20:36:23.679,7.446e-11,Torr,23.cross_gate_connectingPort1,23.cross_gate_connectingPort1/MassSpecData-02115-20261006-203546.csv,2.7046166666666664
2026-10-06 20:36:23.887,8.3376e-11,Torr,23.cross_gate_connectingPort1,23.cross_gate_connectingPort1/MassSpecData-02115-20261006-203546.csv,2.7080833333333336
2026-10-06 20:36:24.095,8.7824e-11,Torr,23.cross_gate_connectingPort1,23.cross_gate_connectingPort1/MassSpecData-02115-20261006-203546.csv,2.7115500000000003
2026-10-06 20:36:24.304,8.1678e-11,Torr,23.cross_gate_connectingPort1,23.cross_gate_connectingPort1/MassSpecData-02115-20261006-203546.csv,2.715033333333333
2026-10-06 20:36:24.512,9.1865e-11,Torr,23.cross_gate_connectingPort1,23.cross_gate_connectingPort1/MassSpecData-02115-20261006-203546.csv,2.7185
2026-10-06 20:36:24.721,8.3721e-11,Torr,23.cross_gate_connectingPort1,23.cross_gate_connectingPort1/MassSpecData-02115-20261006-203546.csv,2.721983333333333
2026-10-06 20:36:24.929,8.0298e-11,Torr,23.cross_gate_connectingPort1,23.cross_gate_connectingPort1/MassSpecData-02115-20261006-203546.csv,2.72545
2026-10-06 20:36:25.137,7.6303e-11,Torr,23.cross_gate_connectingPort1,23.cross_gate_connectingPort1/MassSpecData-02115-20261006-203546.csv,2.728916666666667
2026-10-06 20:36:25.346,6.7968e-11,Torr,23.cross_gate_connectingPort1,23.cross_gate_connectingPort1/MassSpecData-02115-20261006-203546.csv,2.7323999999999997
2026-10-06 20:36:25.554,7.9287e-11,Torr,23.cross_gate_connectingPort1,23.cross_gate_connectingPort1/MassSpecData-02115-20261006-203546.csv,2.7358666666666664
2026-10-06 20:36:25.762,7.7534e-11,Torr,23.cross_gate_connectingPort1,23.cross_gate_connectingPort1/MassSpecData-02115-20261006-203546.csv,2.7393333333333336
2026-10-06 20:36:25.971,8.2755e-11,Torr,23.cross_gate_connectingPort1,23.cross_gate_connectingPort1/MassSpecData-02115-20261006-203546.csv,2.7428166666666667
2026-10-06 20:36:26.179,7.7027e-11,Torr,23.cross_gate_connectingPort1,23.cross_gate_connectingPort1/MassSpecData-02115-20261006-203546.csv,2.746283333333333
2026-10-06 20:36:26.387,7.552e-11,Torr,23.cross_gate_connectingPort1,23.cross_gate_connectingPort1/MassSpecData-02115-20261006-203546.csv,2.74975
2026-10-06 20:36:26.596,7.6091e-11,Torr,23.cross_gate_connectingPort1,23.cross_gate_connectingPort1/MassSpecData-02115-20261006-203546.csv,2.753233333333333
2026-10-06 20:36:26.804,8.3813e-11,Torr,23.cross_gate_connectingPort1,23.cross_gate_connectingPort1/MassSpecData-02115-20261006-203546.csv,2.7567
2026-10-06 20:36:27.012,7.8415e-11,Torr,23.cross_gate_connectingPort1,23.cross_gate_connectingPort1/MassSpecData-02115-20261006-203546.csv,2.760166666666667
2026-10-06 20:36:27.221,7.3136e-11,Torr,23.cross_gate_connectingPort1,23.cross_gate_connectingPort1/MassSpecData-02115-20261006-203546.csv,2.7636499999999997
2026-10-06 20:36:27.429,9.5017e-11,Torr,23.cross_gate_connectingPort1,23.cross_gate_connectingPort1/MassSpecData-02115-20261006-203546.csv,2.7671166666666664
2026-10-06 20:36:27.637,8.3564e-11,Torr,23.cross_gate_connectingPort1,23.cross_gate_connectingPort1/MassSpecData-02115-20261006-203546.csv,2.7705833333333336
2026-10-06 20:36:27.846,8.1485e-11,Torr,23.cross_gate_connectingPort1,23.cross_gate_connectingPort1/MassSpecData-02115-20261006-203546.csv,2.7740666666666667
2026-10-06 20:36:28.054,8.4942e-11,Torr,23.cross_gate_connectingPort1,23.cross_gate_connectingPort1/MassSpecData-02115-20261006-203546.csv,2.777533333333333
2026-10-06 20:36:28.262,7.4305e-11,Torr,23.cross_gate_connectingPort1,23.cross_gate_connectingPort1/MassSpecData-02115-20261006-203546.csv,2.781
2026-10-06 20:36:28.601,5.6557e-11,Torr,23.cross_gate_connectingPort1,23.cross_gate_connectingPort1/MassSpecData-02115-20261006-203628.csv,2.7866500000000003
2026-10-06 20:36:28.809,8.644e-11,Torr,23.cross_gate_connectingPort1,23.cross_gate_connectingPort1/MassSpecData-02115-20261006-203628.csv,2.790116666666667
2026-10-06 20:36:29.018,7.9356e-11,Torr,23.cross_gate_connectingPort1,23.cross_gate_connectingPort1/MassSpecData-02115-20261006-203628.csv,2.7936
2026-10-06 20:36:29.226,8.1981e-11,Torr,23.cross_gate_connectingPort1,23.cross_gate_connectingPort1/MassSpecData-02115-20261006-203628.csv,2.797066666666667
2026-10-06 20:36:29.434,7.2255e-11,Torr,23.cross_gate_connectingPort1,23.cross_gate_connectingPort1/MassSpecData-02115-20261006-203628.csv,2.8005333333333335
2026-10-06 20:36:29.643,8.8346e-11,Torr,23.cross_gate_connectingPort1,23.cross_gate_connectingPort1/MassSpecData-02115-20261006-203628.csv,2.804016666666667
2026-10-06 20:36:29.851,8.2267e-11,Torr,23.cross_gate_connectingPort1,23.cross_gate_connectingPort1/MassSpecData-02115-20261006-203628.csv,2.8074833333333333
2026-10-06 20:36:30.059,7.5749e-11,Torr,23.cross_gate_connectingPort1,23.cross_gate_connectingPort1/MassSpecData-02115-20261006-203628.csv,2.81095
2026-10-06 20:36:30.267,8.3716e-11,Torr,23.cross_gate_connectingPort1,23.cross_gate_connectingPort1/MassSpecData-02115-20261006-203628.csv,2.814416666666667
2026-10-06 20:36:30.476,9.5839e-11,Torr,23.cross_gate_connectingPort1,23.cross_gate_connectingPort1/MassSpecData-02115-20261006-203628.csv,2.8179000000000003
2026-10-06 20:36:30.684,9.3977e-11,Torr,23.cross_gate_connectingPort1,23.cross_gate_connectingPort1/MassSpecData-02115-20261006-203628.csv,2.821366666666667
2026-10-06 20:36:30.893,7.1334e-11,Torr,23.cross_gate_connectingPort1,23.cross_gate_connectingPort1/MassSpecData-02115-20261006-203628.csv,2.82485
2026-10-06 20:36:31.101,1.1589e-10,Torr,23.cross_gate_connectingPort1,23.cross_gate_connectingPort1/MassSpecData-02115-20261006-203628.csv,2.828316666666667
2026-10-06 20:36:31.309,7.2074e-11,Torr,23.cross_gate_connectingPort1,23.cross_gate_connectingPort1/MassSpecData-02115-20261006-203628.csv,2.8317833333333335
2026-10-06 20:36:31.518,9.9289e-11,Torr,23.cross_gate_connectingPort1,23.cross_gate_connectingPort1/MassSpecData-02115-20261006-203628.csv,2.835266666666667
2026-10-06 20:36:31.726,7.9926e-11,Torr,23.cross_gate_connectingPort1,23.cross_gate_connectingPort1/MassSpecData-02115-20261006-203628.csv,2.8387333333333333
2026-10-06 20:36:31.934,7.3331e-11,Torr,23.cross_gate_connectingPort1,23.cross_gate_connectingPort1/MassSpecData-02115-20261006-203628.csv,2.8422
2026-10-06 20:36:32.143,7.0888e-11,Torr,23.cross_gate_connectingPort1,23.cross_gate_connectingPort1/MassSpecData-02115-20261006-203628.csv,2.8456833333333336
2026-10-06 20:36:32.351,9.0025e-11,Torr,23.cross_gate_connectingPort1,23.cross_gate_connectingPort1/MassSpecData-02115-20261006-203628.csv,2.8491500000000003
2026-10-06 20:36:32.559,7.2636e-11,Torr,23.cross_gate_connectingPort1,23.cross_gate_connectingPort1/MassSpecData-02115-20261006-203628.csv,2.852616666666667
2026-10-06 20:36:32.768,7.0122e-11,Torr,23.cross_gate_connectingPort1,23.cross_gate_connectingPort1/MassSpecData-02115-20261006-203628.csv,2.8561
2026-10-06 20:36:32.976,8.369e-11,Torr,23.cross_gate_connectingPort1,23.cross_gate_connectingPort1/MassSpecData-02115-20261006-203628.csv,2.859566666666667
2026-10-06 20:36:33.184,7.4919e-11,Torr,23.cross_gate_connectingPort1,23.cross_gate_connectingPort1/MassSpecData-02115-20261006-203628.csv,2.8630333333333335
2026-10-06 20:36:33.393,7.5024e-11,Torr,23.cross_gate_connectingPort1,23.cross_gate_connectingPort1/MassSpecData-02115-20261006-203628.csv,2.866516666666667
2026-10-06 20:36:33.601,7.2799e-11,Torr,23.cross_gate_connectingPort1,23.cross_gate_connectingPort1/MassSpecData-02115-20261006-203628.csv,2.8699833333333333
2026-10-06 20:36:33.809,8.8409e-11,Torr,23.cross_gate_connectingPort1,23.cross_gate_connectingPort1/MassSpecData-02115-20261006-203628.csv,2.87345
2026-10-06 20:36:34.017,9.8469e-11,Torr,23.cross_gate_connectingPort1,23.cross_gate_connectingPort1/MassSpecData-02115-20261006-203628.csv,2.876916666666667
2026-10-06 20:36:34.226,7.6977e-11,Torr,23.cross_gate_connectingPort1,23.cross_gate_connectingPort1/MassSpecData-02115-20261006-203628.csv,2.8804000000000003
2026-10-06 20:36:34.434,7.5106e-11,Torr,23.cross_gate_connectingPort1,23.cross_gate_connectingPort1/MassSpecData-02115-20261006-203628.csv,2.883866666666667
2026-10-06 20:36:34.642,7.7758e-11,Torr,23.cross_gate_connectingPort1,23.cross_gate_connectingPort1/MassSpecData-02115-20261006-203628.csv,2.8873333333333333
2026-10-06 20:36:34.851,7.5147e-11,Torr,23.cross_gate_connectingPort1,23.cross_gate_connectingPort1/MassSpecData-02115-20261006-203628.csv,2.890816666666667
2026-10-06 20:36:35.059,8.8857e-11,Torr,23.cross_gate_connectingPort1,23.cross_gate_connectingPort1/MassSpecData-02115-20261006-203628.csv,2.8942833333333335
2026-10-06 20:36:35.267,1.0012e-10,Torr,23.cross_gate_connectingPort1,23.cross_gate_connectingPort1/MassSpecData-02115-20261006-203628.csv,2.8977500000000003
2026-10-06 20:36:35.476,7.3752e-11,Torr,23.cross_gate_connectingPort1,23.cross_gate_connectingPort1/MassSpecData-02115-20261006-203628.csv,2.9012333333333333
2026-10-06 20:36:35.684,8.674e-11,Torr,23.cross_gate_connectingPort1,23.cross_gate_connectingPort1/MassSpecData-02115-20261006-203628.csv,2.9047
2026-10-06 20:36:35.892,6.8779e-11,Torr,23.cross_gate_connectingPort1,23.cross_gate_connectingPort1/MassSpecData-02115-20261006-203628.csv,2.908166666666667
2026-10-06 20:36:36.101,7.3681e-11,Torr,23.cross_gate_connectingPort1,23.cross_gate_connectingPort1/MassSpecData-02115-20261006-203628.csv,2.9116500000000003
2026-10-06 20:36:36.309,8.9851e-11,Torr,23.cross_gate_connectingPort1,23.cross_gate_connectingPort1/MassSpecData-02115-20261006-203628.csv,2.915116666666667
2026-10-06 20:36:36.517,8.1702e-11,Torr,23.cross_gate_connectingPort1,23.cross_gate_connectingPort1/MassSpecData-02115-20261006-203628.csv,2.9185833333333333
2026-10-06 20:36:36.726,8.0516e-11,Torr,23.cross_gate_connectingPort1,23.cross_gate_connectingPort1/MassSpecData-02115-20261006-203628.csv,2.922066666666667
2026-10-06 20:36:36.934,8.0498e-11,Torr,23.cross_gate_connectingPort1,23.cross_gate_connectingPort1/MassSpecData-02115-20261006-203628.csv,2.9255333333333335
2026-10-06 20:36:37.142,9.8685e-11,Torr,23.cross_gate_connectingPort1,23.cross_gate_connectingPort1/MassSpecData-02115-20261006-203628.csv,2.9290000000000003
2026-10-06 20:36:37.351,9.8261e-11,Torr,23.cross_gate_connectingPort1,23.cross_gate_connectingPort1/MassSpecData-02115-20261006-203628.csv,2.9324833333333333
2026-10-06 20:36:37.559,8.8154e-11,Torr,23.cross_gate_connectingPort1,23.cross_gate_connectingPort1/MassSpecData-02115-20261006-203628.csv,2.93595
2026-10-06 20:36:37.768,8.5393e-11,Torr,23.cross_gate_connectingPort1,23.cross_gate_connectingPort1/MassSpecData-02115-20261006-203628.csv,2.9394333333333336
2026-10-06 20:36:37.976,8.8665e-11,Torr,23.cross_gate_connectingPort1,23.cross_gate_connectingPort1/MassSpecData-02115-20261006-203628.csv,2.9429000000000003
2026-10-06 20:36:38.184,8.2969e-11,Torr,23.cross_gate_connectingPort1,23.cross_gate_connectingPort1/MassSpecData-02115-20261006-203628.csv,2.946366666666667
2026-10-06 20:36:38.393,8.0034e-11,Torr,23.cross_gate_connectingPort1,23.cross_gate_connectingPort1/MassSpecData-02115-20261006-203628.csv,2.94985
2026-10-06 20:36:38.601,8.5597e-11,Torr,23.cross_gate_connectingPort1,23.cross_gate_connectingPort1/MassSpecData-02115-20261006-203628.csv,2.953316666666667
2026-10-06 20:36:38.809,7.9162e-11,Torr,23.cross_gate_connectingPort1,23.cross_gate_connectingPort1/MassSpecData-02115-20261006-203628.csv,2.9567833333333335
2026-10-06 20:36:39.018,8.0713e-11,Torr,23.cross_gate_connectingPort1,23.cross_gate_connectingPort1/MassSpecData-02115-20261006-203628.csv,2.960266666666667
2026-10-06 20:36:39.226,7.4308e-11,Torr,23.cross_gate_connectingPort1,23.cross_gate_connectingPort1/MassSpecData-02115-20261006-203628.csv,2.9637333333333333
2026-10-06 20:36:39.434,7.8415e-11,Torr,23.cross_gate_connectingPort1,23.cross_gate_connectingPort1/MassSpecData-02115-20261006-203628.csv,2.9672
2026-10-06 20:36:39.643,9.1208e-11,Torr,23.cross_gate_connectingPort1,23.cross_gate_connectingPort1/MassSpecData-02115-20261006-203628.csv,2.9706833333333336
2026-10-06 20:36:39.851,8.6437e-11,Torr,23.cross_gate_connectingPort1,23.cross_gate_connectingPort1/MassSpecData-02115-20261006-203628.csv,2.9741500000000003
2026-10-06 20:36:40.059,7.4352e-11,Torr,23.cross_gate_connectingPort1,23.cross_gate_connectingPort1/MassSpecData-02115-20261006-203628.csv,2.977616666666667
2026-10-06 20:36:40.268,7.8458e-11,Torr,23.cross_gate_connectingPort1,23.cross_gate_connectingPort1/MassSpecData-02115-20261006-203628.csv,2.9811
2026-10-06 20:36:40.476,7.7967e-11,Torr,23.cross_gate_connectingPort1,23.cross_gate_connectingPort1/MassSpecData-02115-20261006-203628.csv,2.984566666666667
2026-10-06 20:36:40.684,8.3941e-11,Torr,23.cross_gate_connectingPort1,23.cross_gate_connectingPort1/MassSpecData-02115-20261006-203628.csv,2.9880333333333335
2026-10-06 20:36:40.893,9.3722e-11,Torr,23.cross_gate_connectingPort1,23.cross_gate_connectingPort1/MassSpecData-02115-20261006-203628.csv,2.991516666666667
2026-10-06 20:36:41.101,7.5181e-11,Torr,23.cross_gate_connectingPort1,23.cross_gate_connectingPort1/MassSpecData-02115-20261006-203628.csv,2.9949833333333333
2026-10-06 20:36:41.309,9.6145e-11,Torr,23.cross_gate_connectingPort1,23.cross_gate_connectingPort1/MassSpecData-02115-20261006-203628.csv,2.99845
2026-10-06 20:36:41.518,9.4973e-11,Torr,23.cross_gate_connectingPort1,23.cross_gate_connectingPort1/MassSpecData-02115-20261006-203628.csv,3.0019333333333336
2026-10-06 20:36:41.726,7.5829e-11,Torr,23.cross_gate_connectingPort1,23.cross_gate_connectingPort1/MassSpecData-02115-20261006-203628.csv,3.0054000000000003
2026-10-06 20:36:41.934,6.7926e-11,Torr,23.cross_gate_connectingPort1,23.cross_gate_connectingPort1/MassSpecData-02115-20261006-203628.csv,3.008866666666667
2026-10-06 20:36:42.143,8.0664e-11,Torr,23.cross_gate_connectingPort1,23.cross_gate_connectingPort1/MassSpecData-02115-20261006-203628.csv,3.01235
2026-10-06 20:36:42.351,8.3741e-11,Torr,23.cross_gate_connectingPort1,23.cross_gate_connectingPort1/MassSpecData-02115-20261006-203628.csv,3.015816666666667
2026-10-06 20:36:42.559,8.0613e-11,Torr,23.cross_gate_connectingPort1,23.cross_gate_connectingPort1/MassSpecData-02115-20261006-203628.csv,3.0192833333333335
2026-10-06 20:36:42.768,8.7129e-11,Torr,23.cross_gate_connectingPort1,23.cross_gate_connectingPort1/MassSpecData-02115-20261006-203628.csv,3.022766666666667
2026-10-06 20:36:42.976,8.6318e-11,Torr,23.cross_gate_connectingPort1,23.cross_gate_connectingPort1/MassSpecData-02115-20261006-203628.csv,3.0262333333333333
2026-10-06 20:36:43.184,7.368e-11,Torr,23.cross_gate_connectingPort1,23.cross_gate_connectingPort1/MassSpecData-02115-20261006-203628.csv,3.0297
2026-10-06 20:36:43.393,7.7317e-11,Torr,23.cross_gate_connectingPort1,23.cross_gate_connectingPort1/MassSpecData-02115-20261006-203628.csv,3.0331833333333336
2026-10-06 20:36:43.601,8.3866e-11,Torr,23.cross_gate_connectingPort1,23.cross_gate_connectingPort1/MassSpecData-02115-20261006-203628.csv,3.0366500000000003
2026-10-06 20:36:43.809,8.6228e-11,Torr,23.cross_gate_connectingPort1,23.cross_gate_connectingPort1/MassSpecData-02115-20261006-203628.csv,3.040116666666667
2026-10-06 20:36:44.018,8.4272e-11,Torr,23.cross_gate_connectingPort1,23.cross_gate_connectingPort1/MassSpecData-02115-20261006-203628.csv,3.0436
2026-10-06 20:36:44.226,7.3725e-11,Torr,23.cross_gate_connectingPort1,23.cross_gate_connectingPort1/MassSpecData-02115-20261006-203628.csv,3.047066666666667
2026-10-06 20:36:44.434,8.0115e-11,Torr,23.cross_gate_connectingPort1,23.cross_gate_connectingPort1/MassSpecData-02115-20261006-203628.csv,3.0505333333333335
2026-10-06 20:36:44.643,9.6322e-11,Torr,23.cross_gate_connectingPort1,23.cross_gate_connectingPort1/MassSpecData-02115-20261006-203628.csv,3.054016666666667
2026-10-06 20:36:44.851,9.4993e-11,Torr,23.cross_gate_connectingPort1,23.cross_gate_connectingPort1/MassSpecData-02115-20261006-203628.csv,3.0574833333333333
2026-10-06 20:36:45.059,8.6582e-11,Torr,23.cross_gate_connectingPort1,23.cross_gate_connectingPort1/MassSpecData-02115-20261006-203628.csv,3.06095
2026-10-06 20:36:45.268,8.1574e-11,Torr,23.cross_gate_connectingPort1,23.cross_gate_connectingPort1/MassSpecData-02115-20261006-203628.csv,3.0644333333333336
2026-10-06 20:36:45.476,8.0603e-11,Torr,23.cross_gate_connectingPort1,23.cross_gate_connectingPort1/MassSpecData-02115-20261006-203628.csv,3.0679000000000003
2026-10-06 20:36:45.684,8.309e-11,Torr,23.cross_gate_connectingPort1,23.cross_gate_connectingPort1/MassSpecData-02115-20261006-203628.csv,3.071366666666667
2026-10-06 20:36:45.893,8.2255e-11,Torr,23.cross_gate_connectingPort1,23.cross_gate_connectingPort1/MassSpecData-02115-20261006-203628.csv,3.07485
2026-10-06 20:36:46.101,8.3036e-11,Torr,23.cross_gate_connectingPort1,23.cross_gate_connectingPort1/MassSpecData-02115-20261006-203628.csv,3.078316666666667
2026-10-06 20:36:46.309,8.2331e-11,Torr,23.cross_gate_connectingPort1,23.cross_gate_connectingPort1/MassSpecData-02115-20261006-203628.csv,3.0817833333333335
2026-10-06 20:36:46.518,8.6277e-11,Torr,23.cross_gate_connectingPort1,23.cross_gate_connectingPort1/MassSpecData-02115-20261006-203628.csv,3.085266666666667
2026-10-06 20:36:46.726,1.0032e-10,Torr,23.cross_gate_connectingPort1,23.cross_gate_connectingPort1/MassSpecData-02115-20261006-203628.csv,3.0887333333333333
2026-10-06 20:36:46.934,6.978e-11,Torr,23.cross_gate_connectingPort1,23.cross_gate_connectingPort1/MassSpecData-02115-20261006-203628.csv,3.0922
2026-10-06 20:36:47.143,8.7337e-11,Torr,23.cross_gate_connectingPort1,23.cross_gate_connectingPort1/MassSpecData-02115-20261006-203628.csv,3.0956833333333336
2026-10-06 20:36:47.351,7.8179e-11,Torr,23.cross_gate_connectingPort1,23.cross_gate_connectingPort1/MassSpecData-02115-20261006-203628.csv,3.0991500000000003
2026-10-06 20:36:47.559,8.6034e-11,Torr,23.cross_gate_connectingPort1,23.cross_gate_connectingPort1/MassSpecData-02115-20261006-203628.csv,3.102616666666667
2026-10-06 20:36:47.768,9.0246e-11,Torr,23.cross_gate_connectingPort1,23.cross_gate_connectingPort1/MassSpecData-02115-20261006-203628.csv,3.1061
2026-10-06 20:36:47.976,8.5797e-11,Torr,23.cross_gate_connectingPort1,23.cross_gate_connectingPort1/MassSpecData-02115-20261006-203628.csv,3.109566666666667
2026-10-06 20:36:48.184,7.2256e-11,Torr,23.cross_gate_connectingPort1,23.cross_gate_connectingPort1/MassSpecData-02115-20261006-203628.csv,3.1130333333333335
2026-10-06 20:36:48.392,7.6758e-11,Torr,23.cross_gate_connectingPort1,23.cross_gate_connectingPort1/MassSpecData-02115-20261006-203628.csv,3.1165000000000003
2026-10-06 20:36:48.601,7.1753e-11,Torr,23.cross_gate_connectingPort1,23.cross_gate_connectingPort1/MassSpecData-02115-20261006-203628.csv,3.1199833333333333
2026-10-06 20:36:48.809,7.0743e-11,Torr,23.cross_gate_connectingPort1,23.cross_gate_connectingPort1/MassSpecData-02115-20261006-203628.csv,3.12345
2026-10-06 20:36:49.017,7.8963e-11,Torr,23.cross_gate_connectingPort1,23.cross_gate_connectingPort1/MassSpecData-02115-20261006-203628.csv,3.126916666666667
2026-10-06 20:36:49.226,8.716e-11,Torr,23.cross_gate_connectingPort1,23.cross_gate_connectingPort1/MassSpecData-02115-20261006-203628.csv,3.1304000000000003
2026-10-06 20:36:49.434,7.6981e-11,Torr,23.cross_gate_connectingPort1,23.cross_gate_connectingPort1/MassSpecData-02115-20261006-203628.csv,3.133866666666667
2026-10-06 20:36:49.642,6.7664e-11,Torr,23.cross_gate_connectingPort1,23.cross_gate_connectingPort1/MassSpecData-02115-20261006-203628.csv,3.1373333333333333
2026-10-06 20:36:49.851,7.7137e-11,Torr,23.cross_gate_connectingPort1,23.cross_gate_connectingPort1/MassSpecData-02115-20261006-203628.csv,3.140816666666667
2026-10-06 20:36:50.059,6.8741e-11,Torr,23.cross_gate_connectingPort1,23.cross_gate_connectingPort1/MassSpecData-02115-20261006-203628.csv,3.1442833333333335
2026-10-06 20:36:50.267,7.8711e-11,Torr,23.cross_gate_connectingPort1,23.cross_gate_connectingPort1/MassSpecData-02115-20261006-203628.csv,3.1477500000000003
2026-10-06 20:36:50.476,8.1482e-11,Torr,23.cross_gate_connectingPort1,23.cross_gate_connectingPort1/MassSpecData-02115-20261006-203628.csv,3.1512333333333333
2026-10-06 20:36:50.684,7.9108e-11,Torr,23.cross_gate_connectingPort1,23.cross_gate_connectingPort1/MassSpecData-02115-20261006-203628.csv,3.1547
2026-10-06 20:36:50.892,8.0101e-11,Torr,23.cross_gate_connectingPort1,23.cross_gate_connectingPort1/MassSpecData-02115-20261006-203628.csv,3.158166666666667
2026-10-06 20:36:51.101,8.2112e-11,Torr,23.cross_gate_connectingPort1,23.cross_gate_connectingPort1/MassSpecData-02115-20261006-203628.csv,3.1616500000000003
2026-10-06 20:36:51.309,6.956e-11,Torr,23.cross_gate_connectingPort1,23.cross_gate_connectingPort1/MassSpecData-02115-20261006-203628.csv,3.165116666666667
2026-10-06 20:36:51.517,8.1292e-11,Torr,23.cross_gate_connectingPort1,23.cross_gate_connectingPort1/MassSpecData-02115-20261006-203628.csv,3.1685833333333333
2026-10-06 20:36:51.726,9.2226e-11,Torr,23.cross_gate_connectingPort1,23.cross_gate_connectingPort1/MassSpecData-02115-20261006-203628.csv,3.172066666666667
2026-10-06 20:36:51.934,8.0205e-11,Torr,23.cross_gate_connectingPort1,23.cross_gate_connectingPort1/MassSpecData-02115-20261006-203628.csv,3.1755333333333335
2026-10-06 20:36:52.142,8.6655e-11,Torr,23.cross_gate_connectingPort1,23.cross_gate_connectingPort1/MassSpecData-02115-20261006-203628.csv,3.1790000000000003
2026-10-06 20:36:52.351,7.3704e-11,Torr,23.cross_gate_connectingPort1,23.cross_gate_connectingPort1/MassSpecData-02115-20261006-203628.csv,3.1824833333333333
2026-10-06 20:36:52.559,8.0047e-11,Torr,23.cross_gate_connectingPort1,23.cross_gate_connectingPort1/MassSpecData-02115-20261006-203628.csv,3.18595
2026-10-06 20:36:52.767,7.4607e-11,Torr,23.cross_gate_connectingPort1,23.cross_gate_connectingPort1/MassSpecData-02115-20261006-203628.csv,3.189416666666667
2026-10-06 20:36:52.976,7.2902e-11,Torr,23.cross_gate_connectingPort1,23.cross_gate_connectingPort1/MassSpecData-02115-20261006-203628.csv,3.1929000000000003
2026-10-06 20:36:53.184,8.943e-11,Torr,23.cross_gate_connectingPort1,23.cross_gate_connectingPort1/MassSpecData-02115-20261006-203628.csv,3.196366666666667
2026-10-06 20:36:53.392,7.6249e-11,Torr,23.cross_gate_connectingPort1,23.cross_gate_connectingPort1/MassSpecData-02115-20261006-203628.csv,3.1998333333333333
2026-10-06 20:36:53.601,8.2091e-11,Torr,23.cross_gate_connectingPort1,23.cross_gate_connectingPort1/MassSpecData-02115-20261006-203628.csv,3.203316666666667
2026-10-06 20:36:53.809,9.0723e-11,Torr,23.cross_gate_connectingPort1,23.cross_gate_connectingPort1/MassSpecData-02115-20261006-203628.csv,3.2067833333333335
2026-10-06 20:36:54.017,9.557e-11,Torr,23.cross_gate_connectingPort1,23.cross_gate_connectingPort1/MassSpecData-02115-20261006-203628.csv,3.2102500000000003
2026-10-06 20:36:54.226,8.0909e-11,Torr,23.cross_gate_connectingPort1,23.cross_gate_connectingPort1/MassSpecData-02115-20261006-203628.csv,3.2137333333333333
2026-10-06 20:36:54.434,7.4149e-11,Torr,23.cross_gate_connectingPort1,23.cross_gate_connectingPort1/MassSpecData-02115-20261006-203628.csv,3.2172
2026-10-06 20:36:54.642,8.7621e-11,Torr,23.cross_gate_connectingPort1,23.cross_gate_connectingPort1/MassSpecData-02115-20261006-203628.csv,3.220666666666667
2026-10-06 20:36:54.851,9.1517e-11,Torr,23.cross_gate_connectingPort1,23.cross_gate_connectingPort1/MassSpecData-02115-20261006-203628.csv,3.2241500000000003
2026-10-06 20:36:55.059,7.4949e-11,Torr,23.cross_gate_connectingPort1,23.cross_gate_connectingPort1/MassSpecData-02115-20261006-203628.csv,3.227616666666667
2026-10-06 20:36:55.267,7.9598e-11,Torr,23.cross_gate_connectingPort1,23.cross_gate_connectingPort1/MassSpecData-02115-20261006-203628.csv,3.2310833333333333
2026-10-06 20:36:55.476,7.4018e-11,Torr,23.cross_gate_connectingPort1,23.cross_gate_connectingPort1/MassSpecData-02115-20261006-203628.csv,3.234566666666667
2026-10-06 20:36:55.684,7.0252e-11,Torr,23.cross_gate_connectingPort1,23.cross_gate_connectingPort1/MassSpecData-02115-20261006-203628.csv,3.2380333333333335
2026-10-06 20:36:55.892,8.1346e-11,Torr,23.cross_gate_connectingPort1,23.cross_gate_connectingPort1/MassSpecData-02115-20261006-203628.csv,3.2415000000000003
2026-10-06 20:36:56.101,7.7834e-11,Torr,23.cross_gate_connectingPort1,23.cross_gate_connectingPort1/MassSpecData-02115-20261006-203628.csv,3.2449833333333333
2026-10-06 20:36:56.309,9.0159e-11,Torr,23.cross_gate_connectingPort1,23.cross_gate_connectingPort1/MassSpecData-02115-20261006-203628.csv,3.24845
2026-10-06 20:36:56.517,8.7259e-11,Torr,23.cross_gate_connectingPort1,23.cross_gate_connectingPort1/MassSpecData-02115-20261006-203628.csv,3.251916666666667
2026-10-06 20:36:56.726,8.5271e-11,Torr,23.cross_gate_connectingPort1,23.cross_gate_connectingPort1/MassSpecData-02115-20261006-203628.csv,3.2554000000000003
2026-10-06 20:36:56.934,7.7059e-11,Torr,23.cross_gate_connectingPort1,23.cross_gate_connectingPort1/MassSpecData-02115-20261006-203628.csv,3.258866666666667
2026-10-06 20:36:57.142,7.8276e-11,Torr,23.cross_gate_connectingPort1,23.cross_gate_connectingPort1/MassSpecData-02115-20261006-203628.csv,3.2623333333333333
2026-10-06 20:36:57.351,7.8864e-11,Torr,23.cross_gate_connectingPort1,23.cross_gate_connectingPort1/MassSpecData-02115-20261006-203628.csv,3.265816666666667
2026-10-06 20:36:57.559,1.0915e-10,Torr,23.cross_gate_connectingPort1,23.cross_gate_connectingPort1/MassSpecData-02115-20261006-203628.csv,3.2692833333333335
2026-10-06 20:36:57.767,7.6893e-11,Torr,23.cross_gate_connectingPort1,23.cross_gate_connectingPort1/MassSpecData-02115-20261006-203628.csv,3.2727500000000003
2026-10-06 20:36:57.976,8.249e-11,Torr,23.cross_gate_connectingPort1,23.cross_gate_connectingPort1/MassSpecData-02115-20261006-203628.csv,3.2762333333333333
2026-10-06 20:36:58.184,8.3359e-11,Torr,23.cross_gate_connectingPort1,23.cross_gate_connectingPort1/MassSpecData-02115-20261006-203628.csv,3.2797
2026-10-06 20:36:58.392,9.1562e-11,Torr,23.cross_gate_connectingPort1,23.cross_gate_connectingPort1/MassSpecData-02115-20261006-203628.csv,3.283166666666667
2026-10-06 20:36:58.601,8.695e-11,Torr,23.cross_gate_connectingPort1,23.cross_gate_connectingPort1/MassSpecData-02115-20261006-203628.csv,3.2866500000000003
2026-10-06 20:36:58.809,8.3003e-11,Torr,23.cross_gate_connectingPort1,23.cross_gate_connectingPort1/MassSpecData-02115-20261006-203628.csv,3.290116666666667
2026-10-06 20:36:59.017,7.8998e-11,Torr,23.cross_gate_connectingPort1,23.cross_gate_connectingPort1/MassSpecData-02115-20261006-203628.csv,3.2935833333333333
2026-10-06 20:36:59.226,9.6681e-11,Torr,23.cross_gate_connectingPort1,23.cross_gate_connectingPort1/MassSpecData-02115-20261006-203628.csv,3.297066666666667
2026-10-06 20:36:59.434,8.899e-11,Torr,23.cross_gate_connectingPort1,23.cross_gate_connectingPort1/MassSpecData-02115-20261006-203628.csv,3.3005333333333335
2026-10-06 20:36:59.642,8.5538e-11,Torr,23.cross_gate_connectingPort1,23.cross_gate_connectingPort1/MassSpecData-02115-20261006-203628.csv,3.3040000000000003
2026-10-06 20:36:59.851,7.1635e-11,Torr,23.cross_gate_connectingPort1,23.cross_gate_connectingPort1/MassSpecData-02115-20261006-203628.csv,3.3074833333333333
2026-10-06 20:37:00.059,7.9481e-11,Torr,23.cross_gate_connectingPort1,23.cross_gate_connectingPort1/MassSpecData-02115-20261006-203628.csv,3.31095
2026-10-06 20:37:00.267,8.4499e-11,Torr,23.cross_gate_connectingPort1,23.cross_gate_connectingPort1/MassSpecData-02115-20261006-203628.csv,3.314416666666667
2026-10-06 20:37:00.476,9.0319e-11,Torr,23.cross_gate_connectingPort1,23.cross_gate_connectingPort1/MassSpecData-02115-20261006-203628.csv,3.3179000000000003
2026-10-06 20:37:00.684,8.7948e-11,Torr,23.cross_gate_connectingPort1,23.cross_gate_connectingPort1/MassSpecData-02115-20261006-203628.csv,3.321366666666667
2026-10-06 20:37:00.892,9.3151e-11,Torr,23.cross_gate_connectingPort1,23.cross_gate_connectingPort1/MassSpecData-02115-20261006-203628.csv,3.3248333333333333
2026-10-06 20:37:01.101,7.9495e-11,Torr,23.cross_gate_connectingPort1,23.cross_gate_connectingPort1/MassSpecData-02115-20261006-203628.csv,3.328316666666667
2026-10-06 20:37:01.309,7.2779e-11,Torr,23.cross_gate_connectingPort1,23.cross_gate_connectingPort1/MassSpecData-02115-20261006-203628.csv,3.3317833333333335
2026-10-06 20:37:01.517,7.2755e-11,Torr,23.cross_gate_connectingPort1,23.cross_gate_connectingPort1/MassSpecData-02115-20261006-203628.csv,3.3352500000000003
2026-10-06 20:37:01.726,9.3906e-11,Torr,23.cross_gate_connectingPort1,23.cross_gate_connectingPort1/MassSpecData-02115-20261006-203628.csv,3.3387333333333333
2026-10-06 20:37:01.934,9.0933e-11,Torr,23.cross_gate_connectingPort1,23.cross_gate_connectingPort1/MassSpecData-02115-20261006-203628.csv,3.3422
2026-10-06 20:37:02.142,7.623e-11,Torr,23.cross_gate_connectingPort1,23.cross_gate_connectingPort1/MassSpecData-02115-20261006-203628.csv,3.345666666666667
2026-10-06 20:37:02.351,7.3842e-11,Torr,23.cross_gate_connectingPort1,23.cross_gate_connectingPort1/MassSpecData-02115-20261006-203628.csv,3.3491500000000003
2026-10-06 20:37:02.559,8.1531e-11,Torr,23.cross_gate_connectingPort1,23.cross_gate_connectingPort1/MassSpecData-02115-20261006-203628.csv,3.352616666666667
2026-10-06 20:37:02.767,9.5341e-11,Torr,23.cross_gate_connectingPort1,23.cross_gate_connectingPort1/MassSpecData-02115-20261006-203628.csv,3.3560833333333333
2026-10-06 20:37:02.976,8.1697e-11,Torr,23.cross_gate_connectingPort1,23.cross_gate_connectingPort1/MassSpecData-02115-20261006-203628.csv,3.359566666666667
2026-10-06 20:37:03.184,8.4934e-11,Torr,23.cross_gate_connectingPort1,23.cross_gate_connectingPort1/MassSpecData-02115-20261006-203628.csv,3.3630333333333335
2026-10-06 20:37:03.392,7.4384e-11,Torr,23.cross_gate_connectingPort1,23.cross_gate_connectingPort1/MassSpecData-02115-20261006-203628.csv,3.3665000000000003
2026-10-06 20:37:03.601,7.8783e-11,Torr,23.cross_gate_connectingPort1,23.cross_gate_connectingPort1/MassSpecData-02115-20261006-203628.csv,3.3699833333333333
2026-10-06 20:37:03.809,8.3525e-11,Torr,23.cross_gate_connectingPort1,23.cross_gate_connectingPort1/MassSpecData-02115-20261006-203628.csv,3.37345
2026-10-06 20:37:04.017,7.374e-11,Torr,23.cross_gate_connectingPort1,23.cross_gate_connectingPort1/MassSpecData-02115-20261006-203628.csv,3.376916666666667
2026-10-06 20:37:04.226,7.9589e-11,Torr,23.cross_gate_connectingPort1,23.cross_gate_connectingPort1/MassSpecData-02115-20261006-203628.csv,3.3804000000000003
2026-10-06 20:37:04.434,7.9951e-11,Torr,23.cross_gate_connectingPort1,23.cross_gate_connectingPort1/MassSpecData-02115-20261006-203628.csv,3.383866666666667
2026-10-06 20:37:04.642,8.0874e-11,Torr,23.cross_gate_connectingPort1,23.cross_gate_connectingPort1/MassSpecData-02115-20261006-203628.csv,3.3873333333333333
2026-10-06 20:37:04.851,7.8157e-11,Torr,23.cross_gate_connectingPort1,23.cross_gate_connectingPort1/MassSpecData-02115-20261006-203628.csv,3.390816666666667
2026-10-06 20:37:05.059,7.7094e-11,Torr,23.cross_gate_connectingPort1,23.cross_gate_connectingPort1/MassSpecData-02115-20261006-203628.csv,3.3942833333333335
2026-10-06 20:37:05.267,7.321e-11,Torr,23.cross_gate_connectingPort1,23.cross_gate_connectingPort1/MassSpecData-02115-20261006-203628.csv,3.3977500000000003
2026-10-06 20:37:05.476,8.2727e-11,Torr,23.cross_gate_connectingPort1,23.cross_gate_connectingPort1/MassSpecData-02115-20261006-203628.csv,3.4012333333333333
2026-10-06 20:37:05.684,8.1698e-11,Torr,23.cross_gate_connectingPort1,23.cross_gate_connectingPort1/MassSpecData-02115-20261006-203628.csv,3.4047
2026-10-06 20:37:05.892,7.5967e-11,Torr,23.cross_gate_connectingPort1,23.cross_gate_connectingPort1/MassSpecData-02115-20261006-203628.csv,3.408166666666667
2026-10-06 20:37:06.101,7.8898e-11,Torr,23.cross_gate_connectingPort1,23.cross_gate_connectingPort1/MassSpecData-02115-20261006-203628.csv,3.4116500000000003
2026-10-06 20:37:06.309,7.9739e-11,Torr,23.cross_gate_connectingPort1,23.cross_gate_connectingPort1/MassSpecData-02115-20261006-203628.csv,3.415116666666667
2026-10-06 20:37:06.518,7.8495e-11,Torr,23.cross_gate_connectingPort1,23.cross_gate_connectingPort1/MassSpecData-02115-20261006-203628.csv,3.4186
2026-10-06 20:37:06.726,6.5028e-11,Torr,23.cross_gate_connectingPort1,23.cross_gate_connectingPort1/MassSpecData-02115-20261006-203628.csv,3.422066666666667
2026-10-06 20:37:06.934,8.0034e-11,Torr,23.cross_gate_connectingPort1,23.cross_gate_connectingPort1/MassSpecData-02115-20261006-203628.csv,3.4255333333333335
2026-10-06 20:37:07.143,8.8786e-11,Torr,23.cross_gate_connectingPort1,23.cross_gate_connectingPort1/MassSpecData-02115-20261006-203628.csv,3.429016666666667
2026-10-06 20:37:07.351,7.6047e-11,Torr,23.cross_gate_connectingPort1,23.cross_gate_connectingPort1/MassSpecData-02115-20261006-203628.csv,3.4324833333333333
2026-10-06 20:37:07.559,8.0094e-11,Torr,23.cross_gate_connectingPort1,23.cross_gate_connectingPort1/MassSpecData-02115-20261006-203628.csv,3.43595
2026-10-06 20:37:07.768,7.9586e-11,Torr,23.cross_gate_connectingPort1,23.cross_gate_connectingPort1/MassSpecData-02115-20261006-203628.csv,3.4394333333333336
2026-10-06 20:37:07.976,7.7902e-11,Torr,23.cross_gate_connectingPort1,23.cross_gate_connectingPort1/MassSpecData-02115-20261006-203628.csv,3.4429000000000003
2026-10-06 20:37:08.184,7.9004e-11,Torr,23.cross_gate_connectingPort1,23.cross_gate_connectingPort1/MassSpecData-02115-20261006-203628.csv,3.446366666666667
2026-10-06 20:37:08.393,5.9629e-11,Torr,23.cross_gate_connectingPort1,23.cross_gate_connectingPort1/MassSpecData-02115-20261006-203628.csv,3.44985
2026-10-06 20:37:08.601,8.6278e-11,Torr,23.cross_gate_connectingPort1,23.cross_gate_connectingPort1/MassSpecData-02115-20261006-203628.csv,3.453316666666667
2026-10-06 20:37:08.809,7.5952e-11,Torr,23.cross_gate_connectingPort1,23.cross_gate_connectingPort1/MassSpecData-02115-20261006-203628.csv,3.4567833333333335
2026-10-06 20:37:09.018,8.9878e-11,Torr,23.cross_gate_connectingPort1,23.cross_gate_connectingPort1/MassSpecData-02115-20261006-203628.csv,3.460266666666667
2026-10-06 20:37:09.226,7.8759e-11,Torr,23.cross_gate_connectingPort1,23.cross_gate_connectingPort1/MassSpecData-02115-20261006-203628.csv,3.4637333333333333
2026-10-06 20:37:09.434,8.7935e-11,Torr,23.cross_gate_connectingPort1,23.cross_gate_connectingPort1/MassSpecData-02115-20261006-203628.csv,3.4672
2026-10-06 20:37:09.643,8.2493e-11,Torr,23.cross_gate_connectingPort1,23.cross_gate_connectingPort1/MassSpecData-02115-20261006-203628.csv,3.4706833333333336
2026-10-06 20:37:09.851,6.7712e-11,Torr,23.cross_gate_connectingPort1,23.cross_gate_connectingPort1/MassSpecData-02115-20261006-203628.csv,3.4741500000000003
2026-10-06 20:37:10.059,7.7599e-11,Torr,23.cross_gate_connectingPort1,23.cross_gate_connectingPort1/MassSpecData-02115-20261006-203628.csv,3.477616666666667
2026-10-06 20:37:10.399,6.2226e-11,Torr,23.cross_gate_connectingPort1,23.cross_gate_connectingPort1/MassSpecData-02115-20261006-203710.csv,3.4832833333333335
2026-10-06 20:37:10.607,9.6625e-11,Torr,23.cross_gate_connectingPort1,23.cross_gate_connectingPort1/MassSpecData-02115-20261006-203710.csv,3.4867500000000002
2026-10-06 20:37:10.816,6.3098e-11,Torr,23.cross_gate_connectingPort1,23.cross_gate_connectingPort1/MassSpecData-02115-20261006-203710.csv,3.4902333333333333
2026-10-06 20:37:11.024,8.5928e-11,Torr,23.cross_gate_connectingPort1,23.cross_gate_connectingPort1/MassSpecData-02115-20261006-203710.csv,3.4937
2026-10-06 20:37:11.232,7.1372e-11,Torr,23.cross_gate_connectingPort1,23.cross_gate_connectingPort1/MassSpecData-02115-20261006-203710.csv,3.4971666666666668
2026-10-06 20:37:11.441,6.706e-11,Torr,23.cross_gate_connectingPort1,23.cross_gate_connectingPort1/MassSpecData-02115-20261006-203710.csv,3.50065
2026-10-06 20:37:11.649,8.3277e-11,Torr,23.cross_gate_connectingPort1,23.cross_gate_connectingPort1/MassSpecData-02115-20261006-203710.csv,3.504116666666667
2026-10-06 20:37:11.857,7.5615e-11,Torr,23.cross_gate_connectingPort1,23.cross_gate_connectingPort1/MassSpecData-02115-20261006-203710.csv,3.5075833333333337
2026-10-06 20:37:12.065,7.3666e-11,Torr,23.cross_gate_connectingPort1,23.cross_gate_connectingPort1/MassSpecData-02115-20261006-203710.csv,3.51105
2026-10-06 20:37:12.274,1.0005e-10,Torr,23.cross_gate_connectingPort1,23.cross_gate_connectingPort1/MassSpecData-02115-20261006-203710.csv,3.5145333333333335
2026-10-06 20:37:12.482,7.7307e-11,Torr,23.cross_gate_connectingPort1,23.cross_gate_connectingPort1/MassSpecData-02115-20261006-203710.csv,3.5180000000000002
2026-10-06 20:37:12.691,6.4901e-11,Torr,23.cross_gate_connectingPort1,23.cross_gate_connectingPort1/MassSpecData-02115-20261006-203710.csv,3.5214833333333333
2026-10-06 20:37:12.899,7.69e-11,Torr,23.cross_gate_connectingPort1,23.cross_gate_connectingPort1/MassSpecData-02115-20261006-203710.csv,3.52495
2026-10-06 20:37:13.107,7.5136e-11,Torr,23.cross_gate_connectingPort1,23.cross_gate_connectingPort1/MassSpecData-02115-20261006-203710.csv,3.5284166666666668
2026-10-06 20:37:13.316,9.2425e-11,Torr,23.cross_gate_connectingPort1,23.cross_gate_connectingPort1/MassSpecData-02115-20261006-203710.csv,3.5319
2026-10-06 20:37:13.524,1.0238e-10,Torr,23.cross_gate_connectingPort1,23.cross_gate_connectingPort1/MassSpecData-02115-20261006-203710.csv,3.535366666666667
2026-10-06 20:37:13.732,8.0852e-11,Torr,23.cross_gate_connectingPort1,23.cross_gate_connectingPort1/MassSpecData-02115-20261006-203710.csv,3.5388333333333337
2026-10-06 20:37:13.941,7.5408e-11,Torr,23.cross_gate_connectingPort1,23.cross_gate_connectingPort1/MassSpecData-02115-20261006-203710.csv,3.5423166666666663
2026-10-06 20:37:14.149,7.375e-11,Torr,23.cross_gate_connectingPort1,23.cross_gate_connectingPort1/MassSpecData-02115-20261006-203710.csv,3.5457833333333335
2026-10-06 20:37:14.357,7.5966e-11,Torr,23.cross_gate_connectingPort1,23.cross_gate_connectingPort1/MassSpecData-02115-20261006-203710.csv,3.5492500000000002
2026-10-06 20:37:14.566,9.3142e-11,Torr,23.cross_gate_connectingPort1,23.cross_gate_connectingPort1/MassSpecData-02115-20261006-203710.csv,3.5527333333333333
2026-10-06 20:37:14.774,7.1348e-11,Torr,23.cross_gate_connectingPort1,23.cross_gate_connectingPort1/MassSpecData-02115-20261006-203710.csv,3.5562
2026-10-06 20:37:14.982,8.1344e-11,Torr,23.cross_gate_connectingPort1,23.cross_gate_connectingPort1/MassSpecData-02115-20261006-203710.csv,3.5596666666666668
2026-10-06 20:37:15.191,7.1651e-11,Torr,23.cross_gate_connectingPort1,23.cross_gate_connectingPort1/MassSpecData-02115-20261006-203710.csv,3.56315
2026-10-06 20:37:15.399,8.253e-11,Torr,23.cross_gate_connectingPort1,23.cross_gate_connectingPort1/MassSpecData-02115-20261006-203710.csv,3.566616666666667
2026-10-06 20:37:15.607,6.9505e-11,Torr,23.cross_gate_connectingPort1,23.cross_gate_connectingPort1/MassSpecData-02115-20261006-203710.csv,3.5700833333333337
2026-10-06 20:37:15.815,8.6186e-11,Torr,23.cross_gate_connectingPort1,23.cross_gate_connectingPort1/MassSpecData-02115-20261006-203710.csv,3.57355
2026-10-06 20:37:16.024,9.6159e-11,Torr,23.cross_gate_connectingPort1,23.cross_gate_connectingPort1/MassSpecData-02115-20261006-203710.csv,3.5770333333333335
2026-10-06 20:37:16.232,7.136e-11,Torr,23.cross_gate_connectingPort1,23.cross_gate_connectingPort1/MassSpecData-02115-20261006-203710.csv,3.5805000000000002
2026-10-06 20:37:16.440,7.9816e-11,Torr,23.cross_gate_connectingPort1,23.cross_gate_connectingPort1/MassSpecData-02115-20261006-203710.csv,3.583966666666667
2026-10-06 20:37:16.649,8.1013e-11,Torr,23.cross_gate_connectingPort1,23.cross_gate_connectingPort1/MassSpecData-02115-20261006-203710.csv,3.58745
2026-10-06 20:37:16.857,7.506e-11,Torr,23.cross_gate_connectingPort1,23.cross_gate_connectingPort1/MassSpecData-02115-20261006-203710.csv,3.5909166666666668
2026-10-06 20:37:17.065,1.0334e-10,Torr,23.cross_gate_connectingPort1,23.cross_gate_connectingPort1/MassSpecData-02115-20261006-203710.csv,3.5943833333333335
2026-10-06 20:37:17.274,8.05e-11,Torr,23.cross_gate_connectingPort1,23.cross_gate_connectingPort1/MassSpecData-02115-20261006-203710.csv,3.597866666666667
2026-10-06 20:37:17.482,7.9105e-11,Torr,23.cross_gate_connectingPort1,23.cross_gate_connectingPort1/MassSpecData-02115-20261006-203710.csv,3.6013333333333337
2026-10-06 20:37:17.690,7.9026e-11,Torr,23.cross_gate_connectingPort1,23.cross_gate_connectingPort1/MassSpecData-02115-20261006-203710.csv,3.6048
2026-10-06 20:37:17.899,9.9039e-11,Torr,23.cross_gate_connectingPort1,23.cross_gate_connectingPort1/MassSpecData-02115-20261006-203710.csv,3.6082833333333335
2026-10-06 20:37:18.107,7.3258e-11,Torr,23.cross_gate_connectingPort1,23.cross_gate_connectingPort1/MassSpecData-02115-20261006-203710.csv,3.6117500000000002
2026-10-06 20:37:18.315,8.7707e-11,Torr,23.cross_gate_connectingPort1,23.cross_gate_connectingPort1/MassSpecData-02115-20261006-203710.csv,3.615216666666667
2026-10-06 20:37:18.524,9.1016e-11,Torr,23.cross_gate_connectingPort1,23.cross_gate_connectingPort1/MassSpecData-02115-20261006-203710.csv,3.6187
2026-10-06 20:37:18.732,8.778e-11,Torr,23.cross_gate_connectingPort1,23.cross_gate_connectingPort1/MassSpecData-02115-20261006-203710.csv,3.6221666666666668
2026-10-06 20:37:18.940,8.0322e-11,Torr,23.cross_gate_connectingPort1,23.cross_gate_connectingPort1/MassSpecData-02115-20261006-203710.csv,3.6256333333333335
2026-10-06 20:37:19.149,9.1141e-11,Torr,23.cross_gate_connectingPort1,23.cross_gate_connectingPort1/MassSpecData-02115-20261006-203710.csv,3.629116666666667
2026-10-06 20:37:19.357,9.3765e-11,Torr,23.cross_gate_connectingPort1,23.cross_gate_connectingPort1/MassSpecData-02115-20261006-203710.csv,3.6325833333333337
2026-10-06 20:37:19.566,7.4084e-11,Torr,23.cross_gate_connectingPort1,23.cross_gate_connectingPort1/MassSpecData-02115-20261006-203710.csv,3.6360666666666663
2026-10-06 20:37:19.774,7.9186e-11,Torr,23.cross_gate_connectingPort1,23.cross_gate_connectingPort1/MassSpecData-02115-20261006-203710.csv,3.6395333333333335
2026-10-06 20:37:19.982,7.7161e-11,Torr,23.cross_gate_connectingPort1,23.cross_gate_connectingPort1/MassSpecData-02115-20261006-203710.csv,3.6430000000000002
2026-10-06 20:37:20.191,8.5933e-11,Torr,23.cross_gate_connectingPort1,23.cross_gate_connectingPort1/MassSpecData-02115-20261006-203710.csv,3.6464833333333333
2026-10-06 20:37:20.399,9.2492e-11,Torr,23.cross_gate_connectingPort1,23.cross_gate_connectingPort1/MassSpecData-02115-20261006-203710.csv,3.64995
2026-10-06 20:37:20.607,9.0191e-11,Torr,23.cross_gate_connectingPort1,23.cross_gate_connectingPort1/MassSpecData-02115-20261006-203710.csv,3.6534166666666668
2026-10-06 20:37:20.816,8.4255e-11,Torr,23.cross_gate_connectingPort1,23.cross_gate_connectingPort1/MassSpecData-02115-20261006-203710.csv,3.6569
2026-10-06 20:37:21.024,7.477e-11,Torr,23.cross_gate_connectingPort1,23.cross_gate_connectingPort1/MassSpecData-02115-20261006-203710.csv,3.660366666666667
2026-10-06 20:37:21.232,7.2185e-11,Torr,23.cross_gate_connectingPort1,23.cross_gate_connectingPort1/MassSpecData-02115-20261006-203710.csv,3.6638333333333337
2026-10-06 20:37:21.441,8.5407e-11,Torr,23.cross_gate_connectingPort1,23.cross_gate_connectingPort1/MassSpecData-02115-20261006-203710.csv,3.6673166666666663
2026-10-06 20:37:21.649,7.4747e-11,Torr,23.cross_gate_connectingPort1,23.cross_gate_connectingPort1/MassSpecData-02115-20261006-203710.csv,3.6707833333333335
2026-10-06 20:37:21.857,7.9529e-11,Torr,23.cross_gate_connectingPort1,23.cross_gate_connectingPort1/MassSpecData-02115-20261006-203710.csv,3.6742500000000002
2026-10-06 20:37:22.066,9.2167e-11,Torr,23.cross_gate_connectingPort1,23.cross_gate_connectingPort1/MassSpecData-02115-20261006-203710.csv,3.6777333333333333
2026-10-06 20:37:22.274,7.3746e-11,Torr,23.cross_gate_connectingPort1,23.cross_gate_connectingPort1/MassSpecData-02115-20261006-203710.csv,3.6812
2026-10-06 20:37:22.482,8.9375e-11,Torr,23.cross_gate_connectingPort1,23.cross_gate_connectingPort1/MassSpecData-02115-20261006-203710.csv,3.6846666666666668
2026-10-06 20:37:22.691,8.3845e-11,Torr,23.cross_gate_connectingPort1,23.cross_gate_connectingPort1/MassSpecData-02115-20261006-203710.csv,3.68815
2026-10-06 20:37:22.899,9.1121e-11,Torr,23.cross_gate_connectingPort1,23.cross_gate_connectingPort1/MassSpecData-02115-20261006-203710.csv,3.691616666666667
2026-10-06 20:37:23.107,8.1638e-11,Torr,23.cross_gate_connectingPort1,23.cross_gate_connectingPort1/MassSpecData-02115-20261006-203710.csv,3.6950833333333337
2026-10-06 20:37:23.316,9.2106e-11,Torr,23.cross_gate_connectingPort1,23.cross_gate_connectingPort1/MassSpecData-02115-20261006-203710.csv,3.6985666666666663
2026-10-06 20:37:23.524,6.7716e-11,Torr,23.cross_gate_connectingPort1,23.cross_gate_connectingPort1/MassSpecData-02115-20261006-203710.csv,3.7020333333333335
2026-10-06 20:37:23.732,6.1116e-11,Torr,23.cross_gate_connectingPort1,23.cross_gate_connectingPort1/MassSpecData-02115-20261006-203710.csv,3.7055000000000002
2026-10-06 20:37:23.941,8.1795e-11,Torr,23.cross_gate_connectingPort1,23.cross_gate_connectingPort1/MassSpecData-02115-20261006-203710.csv,3.7089833333333333
2026-10-06 20:37:24.149,8.2645e-11,Torr,23.cross_gate_connectingPort1,23.cross_gate_connectingPort1/MassSpecData-02115-20261006-203710.csv,3.71245
2026-10-06 20:37:24.357,9.2188e-11,Torr,23.cross_gate_connectingPort1,23.cross_gate_connectingPort1/MassSpecData-02115-20261006-203710.csv,3.7159166666666668
2026-10-06 20:37:24.566,8.1119e-11,Torr,23.cross_gate_connectingPort1,23.cross_gate_connectingPort1/MassSpecData-02115-20261006-203710.csv,3.7194
2026-10-06 20:37:24.774,8.9127e-11,Torr,23.cross_gate_connectingPort1,23.cross_gate_connectingPort1/MassSpecData-02115-20261006-203710.csv,3.722866666666667
2026-10-06 20:37:24.982,6.8718e-11,Torr,23.cross_gate_connectingPort1,23.cross_gate_connectingPort1/MassSpecData-02115-20261006-203710.csv,3.7263333333333337
2026-10-06 20:37:25.191,7.2894e-11,Torr,23.cross_gate_connectingPort1,23.cross_gate_connectingPort1/MassSpecData-02115-20261006-203710.csv,3.7298166666666663
2026-10-06 20:37:25.399,8.431e-11,Torr,23.cross_gate_connectingPort1,23.cross_gate_connectingPort1/MassSpecData-02115-20261006-203710.csv,3.7332833333333335
2026-10-06 20:37:25.607,7.4227e-11,Torr,23.cross_gate_connectingPort1,23.cross_gate_connectingPort1/MassSpecData-02115-20261006-203710.csv,3.7367500000000002
2026-10-06 20:37:25.816,9.4547e-11,Torr,23.cross_gate_connectingPort1,23.cross_gate_connectingPort1/MassSpecData-02115-20261006-203710.csv,3.7402333333333333
2026-10-06 20:37:26.024,6.6773e-11,Torr,23.cross_gate_connectingPort1,23.cross_gate_connectingPort1/MassSpecData-02115-20261006-203710.csv,3.7437
2026-10-06 20:37:26.232,7.3166e-11,Torr,23.cross_gate_connectingPort1,23.cross_gate_connectingPort1/MassSpecData-02115-20261006-203710.csv,3.7471666666666668
2026-10-06 20:37:26.441,1.0415e-10,Torr,23.cross_gate_connectingPort1,23.cross_gate_connectingPort1/MassSpecData-02115-20261006-203710.csv,3.75065
2026-10-06 20:37:26.649,8.1729e-11,Torr,23.cross_gate_connectingPort1,23.cross_gate_connectingPort1/MassSpecData-02115-20261006-203710.csv,3.754116666666667
2026-10-06 20:37:26.857,7.3521e-11,Torr,23.cross_gate_connectingPort1,23.cross_gate_connectingPort1/MassSpecData-02115-20261006-203710.csv,3.7575833333333337
2026-10-06 20:37:27.066,7.5956e-11,Torr,23.cross_gate_connectingPort1,23.cross_gate_connectingPort1/MassSpecData-02115-20261006-203710.csv,3.7610666666666663
2026-10-06 20:37:27.274,7.3443e-11,Torr,23.cross_gate_connectingPort1,23.cross_gate_connectingPort1/MassSpecData-02115-20261006-203710.csv,3.7645333333333335
2026-10-06 20:37:27.482,8.4361e-11,Torr,23.cross_gate_connectingPort1,23.cross_gate_connectingPort1/MassSpecData-02115-20261006-203710.csv,3.7680000000000002
2026-10-06 20:37:27.691,8.5774e-11,Torr,23.cross_gate_connectingPort1,23.cross_gate_connectingPort1/MassSpecData-02115-20261006-203710.csv,3.7714833333333333
2026-10-06 20:37:27.899,6.8278e-11,Torr,23.cross_gate_connectingPort1,23.cross_gate_connectingPort1/MassSpecData-02115-20261006-203710.csv,3.77495
2026-10-06 20:37:28.107,7.2696e-11,Torr,23.cross_gate_connectingPort1,23.cross_gate_connectingPort1/MassSpecData-02115-20261006-203710.csv,3.7784166666666668
2026-10-06 20:37:28.316,8.7387e-11,Torr,23.cross_gate_connectingPort1,23.cross_gate_connectingPort1/MassSpecData-02115-20261006-203710.csv,3.7819
2026-10-06 20:37:28.524,8.7056e-11,Torr,23.cross_gate_connectingPort1,23.cross_gate_connectingPort1/MassSpecData-02115-20261006-203710.csv,3.785366666666667
2026-10-06 20:37:28.732,9.0524e-11,Torr,23.cross_gate_connectingPort1,23.cross_gate_connectingPort1/MassSpecData-02115-20261006-203710.csv,3.7888333333333337
2026-10-06 20:37:28.941,8.1386e-11,Torr,23.cross_gate_connectingPort1,23.cross_gate_connectingPort1/MassSpecData-02115-20261006-203710.csv,3.7923166666666663
2026-10-06 20:37:29.149,7.9874e-11,Torr,23.cross_gate_connectingPort1,23.cross_gate_connectingPort1/MassSpecData-02115-20261006-203710.csv,3.7957833333333335
2026-10-06 20:37:29.357,8.4125e-11,Torr,23.cross_gate_connectingPort1,23.cross_gate_connectingPort1/MassSpecData-02115-20261006-203710.csv,3.7992500000000002
2026-10-06 20:37:29.566,7.0624e-11,Torr,23.cross_gate_connectingPort1,23.cross_gate_connectingPort1/MassSpecData-02115-20261006-203710.csv,3.8027333333333333
2026-10-06 20:37:29.774,7.5376e-11,Torr,23.cross_gate_connectingPort1,23.cross_gate_connectingPort1/MassSpecData-02115-20261006-203710.csv,3.8062
2026-10-06 20:37:29.982,1.0289e-10,Torr,23.cross_gate_connectingPort1,23.cross_gate_connectingPort1/MassSpecData-02115-20261006-203710.csv,3.8096666666666668
2026-10-06 20:37:30.190,8.9466e-11,Torr,23.cross_gate_connectingPort1,23.cross_gate_connectingPort1/MassSpecData-02115-20261006-203710.csv,3.8131333333333335
2026-10-06 20:37:30.399,7.8788e-11,Torr,23.cross_gate_connectingPort1,23.cross_gate_connectingPort1/MassSpecData-02115-20261006-203710.csv,3.816616666666667
2026-10-06 20:37:30.607,9.3605e-11,Torr,23.cross_gate_connectingPort1,23.cross_gate_connectingPort1/MassSpecData-02115-20261006-203710.csv,3.8200833333333337
2026-10-06 20:37:30.815,7.5778e-11,Torr,23.cross_gate_connectingPort1,23.cross_gate_connectingPort1/MassSpecData-02115-20261006-203710.csv,3.82355
2026-10-06 20:37:31.024,7.2633e-11,Torr,23.cross_gate_connectingPort1,23.cross_gate_connectingPort1/MassSpecData-02115-20261006-203710.csv,3.8270333333333335
2026-10-06 20:37:31.232,6.5739e-11,Torr,23.cross_gate_connectingPort1,23.cross_gate_connectingPort1/MassSpecData-02115-20261006-203710.csv,3.8305000000000002
2026-10-06 20:37:31.440,8.5954e-11,Torr,23.cross_gate_connectingPort1,23.cross_gate_connectingPort1/MassSpecData-02115-20261006-203710.csv,3.833966666666667
2026-10-06 20:37:31.649,8.9489e-11,Torr,23.cross_gate_connectingPort1,23.cross_gate_connectingPort1/MassSpecData-02115-20261006-203710.csv,3.83745
2026-10-06 20:37:31.857,8.5233e-11,Torr,23.cross_gate_connectingPort1,23.cross_gate_connectingPort1/MassSpecData-02115-20261006-203710.csv,3.8409166666666668
2026-10-06 20:37:32.065,7.3875e-11,Torr,23.cross_gate_connectingPort1,23.cross_gate_connectingPort1/MassSpecData-02115-20261006-203710.csv,3.8443833333333335
2026-10-06 20:37:32.274,8.3927e-11,Torr,23.cross_gate_connectingPort1,23.cross_gate_connectingPort1/MassSpecData-02115-20261006-203710.csv,3.847866666666667
2026-10-06 20:37:32.482,7.4826e-11,Torr,23.cross_gate_connectingPort1,23.cross_gate_connectingPort1/MassSpecData-02115-20261006-203710.csv,3.8513333333333337
2026-10-06 20:37:32.690,7.7606e-11,Torr,23.cross_gate_connectingPort1,23.cross_gate_connectingPort1/MassSpecData-02115-20261006-203710.csv,3.8548
2026-10-06 20:37:32.899,8.1628e-11,Torr,23.cross_gate_connectingPort1,23.cross_gate_connectingPort1/MassSpecData-02115-20261006-203710.csv,3.8582833333333335
2026-10-06 20:37:33.107,9.8049e-11,Torr,23.cross_gate_connectingPort1,23.cross_gate_connectingPort1/MassSpecData-02115-20261006-203710.csv,3.8617500000000002
2026-10-06 20:37:33.315,8.0896e-11,Torr,23.cross_gate_connectingPort1,23.cross_gate_connectingPort1/MassSpecData-02115-20261006-203710.csv,3.865216666666667
2026-10-06 20:37:33.524,7.8036e-11,Torr,23.cross_gate_connectingPort1,23.cross_gate_connectingPort1/MassSpecData-02115-20261006-203710.csv,3.8687
2026-10-06 20:37:33.732,7.1533e-11,Torr,23.cross_gate_connectingPort1,23.cross_gate_connectingPort1/MassSpecData-02115-20261006-203710.csv,3.8721666666666668
2026-10-06 20:37:33.940,7.8405e-11,Torr,23.cross_gate_connectingPort1,23.cross_gate_connectingPort1/MassSpecData-02115-20261006-203710.csv,3.8756333333333335
2026-10-06 20:37:34.149,7.4843e-11,Torr,23.cross_gate_connectingPort1,23.cross_gate_connectingPort1/MassSpecData-02115-20261006-203710.csv,3.879116666666667
2026-10-06 20:37:34.357,8.6218e-11,Torr,23.cross_gate_connectingPort1,23.cross_gate_connectingPort1/MassSpecData-02115-20261006-203710.csv,3.8825833333333337
2026-10-06 20:37:34.565,7.3798e-11,Torr,23.cross_gate_connectingPort1,23.cross_gate_connectingPort1/MassSpecData-02115-20261006-203710.csv,3.88605
2026-10-06 20:37:34.774,8.1173e-11,Torr,23.cross_gate_connectingPort1,23.cross_gate_connectingPort1/MassSpecData-02115-20261006-203710.csv,3.8895333333333335
2026-10-06 20:37:34.982,1.0264e-10,Torr,23.cross_gate_connectingPort1,23.cross_gate_connectingPort1/MassSpecData-02115-20261006-203710.csv,3.8930000000000002
2026-10-06 20:37:35.190,6.3373e-11,Torr,23.cross_gate_connectingPort1,23.cross_gate_connectingPort1/MassSpecData-02115-20261006-203710.csv,3.896466666666667
2026-10-06 20:37:35.399,8.5289e-11,Torr,23.cross_gate_connectingPort1,23.cross_gate_connectingPort1/MassSpecData-02115-20261006-203710.csv,3.89995
2026-10-06 20:37:35.607,8.1726e-11,Torr,23.cross_gate_connectingPort1,23.cross_gate_connectingPort1/MassSpecData-02115-20261006-203710.csv,3.9034166666666668
2026-10-06 20:37:35.815,8.3663e-11,Torr,23.cross_gate_connectingPort1,23.cross_gate_connectingPort1/MassSpecData-02115-20261006-203710.csv,3.9068833333333335
2026-10-06 20:37:36.024,8.4661e-11,Torr,23.cross_gate_connectingPort1,23.cross_gate_connectingPort1/MassSpecData-02115-20261006-203710.csv,3.910366666666667
2026-10-06 20:37:36.232,7.4711e-11,Torr,23.cross_gate_connectingPort1,23.cross_gate_connectingPort1/MassSpecData-02115-20261006-203710.csv,3.9138333333333337
2026-10-06 20:37:36.440,8.388e-11,Torr,23.cross_gate_connectingPort1,23.cross_gate_connectingPort1/MassSpecData-02115-20261006-203710.csv,3.9173
2026-10-06 20:37:36.649,7.1724e-11,Torr,23.cross_gate_connectingPort1,23.cross_gate_connectingPort1/MassSpecData-02115-20261006-203710.csv,3.9207833333333335
2026-10-06 20:37:36.857,7.8115e-11,Torr,23.cross_gate_connectingPort1,23.cross_gate_connectingPort1/MassSpecData-02115-20261006-203710.csv,3.9242500000000002
2026-10-06 20:37:37.065,7.7022e-11,Torr,23.cross_gate_connectingPort1,23.cross_gate_connectingPort1/MassSpecData-02115-20261006-203710.csv,3.927716666666667
2026-10-06 20:37:37.274,6.8038e-11,Torr,23.cross_gate_connectingPort1,23.cross_gate_connectingPort1/MassSpecData-02115-20261006-203710.csv,3.9312
2026-10-06 20:37:37.482,6.9853e-11,Torr,23.cross_gate_connectingPort1,23.cross_gate_connectingPort1/MassSpecData-02115-20261006-203710.csv,3.9346666666666668
2026-10-06 20:37:37.690,8.3484e-11,Torr,23.cross_gate_connectingPort1,23.cross_gate_connectingPort1/MassSpecData-02115-20261006-203710.csv,3.9381333333333335
2026-10-06 20:37:37.899,8.8e-11,Torr,23.cross_gate_connectingPort1,23.cross_gate_connectingPort1/MassSpecData-02115-20261006-203710.csv,3.941616666666667
2026-10-06 20:37:38.107,8.3371e-11,Torr,23.cross_gate_connectingPort1,23.cross_gate_connectingPort1/MassSpecData-02115-20261006-203710.csv,3.9450833333333337
2026-10-06 20:37:38.315,8.2637e-11,Torr,23.cross_gate_connectingPort1,23.cross_gate_connectingPort1/MassSpecData-02115-20261006-203710.csv,3.94855
2026-10-06 20:37:38.524,7.6112e-11,Torr,23.cross_gate_connectingPort1,23.cross_gate_connectingPort1/MassSpecData-02115-20261006-203710.csv,3.9520333333333335
2026-10-06 20:37:38.732,7.7322e-11,Torr,23.cross_gate_connectingPort1,23.cross_gate_connectingPort1/MassSpecData-02115-20261006-203710.csv,3.9555000000000002
2026-10-06 20:37:38.940,1.0935e-10,Torr,23.cross_gate_connectingPort1,23.cross_gate_connectingPort1/MassSpecData-02115-20261006-203710.csv,3.958966666666667
2026-10-06 20:37:39.149,8.8181e-11,Torr,23.cross_gate_connectingPort1,23.cross_gate_connectingPort1/MassSpecData-02115-20261006-203710.csv,3.96245
2026-10-06 20:37:39.357,6.9887e-11,Torr,23.cross_gate_connectingPort1,23.cross_gate_connectingPort1/MassSpecData-02115-20261006-203710.csv,3.9659166666666668
2026-10-06 20:37:39.565,8.0275e-11,Torr,23.cross_gate_connectingPort1,23.cross_gate_connectingPort1/MassSpecData-02115-20261006-203710.csv,3.9693833333333335
2026-10-06 20:37:39.774,9.1994e-11,Torr,23.cross_gate_connectingPort1,23.cross_gate_connectingPort1/MassSpecData-02115-20261006-203710.csv,3.972866666666667
2026-10-06 20:37:39.982,7.5167e-11,Torr,23.cross_gate_connectingPort1,23.cross_gate_connectingPort1/MassSpecData-02115-20261006-203710.csv,3.9763333333333337
2026-10-06 20:37:40.190,7.4992e-11,Torr,23.cross_gate_connectingPort1,23.cross_gate_connectingPort1/MassSpecData-02115-20261006-203710.csv,3.9798
2026-10-06 20:37:40.399,8.7325e-11,Torr,23.cross_gate_connectingPort1,23.cross_gate_connectingPort1/MassSpecData-02115-20261006-203710.csv,3.9832833333333335
2026-10-06 20:37:40.607,7.7768e-11,Torr,23.cross_gate_connectingPort1,23.cross_gate_connectingPort1/MassSpecData-02115-20261006-203710.csv,3.9867500000000002
2026-10-06 20:37:40.815,8.5057e-11,Torr,23.cross_gate_connectingPort1,23.cross_gate_connectingPort1/MassSpecData-02115-20261006-203710.csv,3.990216666666667
2026-10-06 20:37:41.024,7.7731e-11,Torr,23.cross_gate_connectingPort1,23.cross_gate_connectingPort1/MassSpecData-02115-20261006-203710.csv,3.9937
2026-10-06 20:37:41.232,7.1567e-11,Torr,23.cross_gate_connectingPort1,23.cross_gate_connectingPort1/MassSpecData-02115-20261006-203710.csv,3.9971666666666668
2026-10-06 20:37:41.440,7.5749e-11,Torr,23.cross_gate_connectingPort1,23.cross_gate_connectingPort1/MassSpecData-02115-20261006-203710.csv,4.000633333333334
2026-10-06 20:37:41.649,8.2566e-11,Torr,23.cross_gate_connectingPort1,23.cross_gate_connectingPort1/MassSpecData-02115-20261006-203710.csv,4.0041166666666665
2026-10-06 20:37:41.857,7.2968e-11,Torr,23.cross_gate_connectingPort1,23.cross_gate_connectingPort1/MassSpecData-02115-20261006-203710.csv,4.007583333333334
2026-10-06 20:37:42.065,7.3181e-11,Torr,23.cross_gate_connectingPort1,23.cross_gate_connectingPort1/MassSpecData-02115-20261006-203710.csv,4.01105
2026-10-06 20:37:42.274,7.9298e-11,Torr,23.cross_gate_connectingPort1,23.cross_gate_connectingPort1/MassSpecData-02115-20261006-203710.csv,4.0145333333333335
2026-10-06 20:37:42.482,7.388e-11,Torr,23.cross_gate_connectingPort1,23.cross_gate_connectingPort1/MassSpecData-02115-20261006-203710.csv,4.018
2026-10-06 20:37:42.690,7.8033e-11,Torr,23.cross_gate_connectingPort1,23.cross_gate_connectingPort1/MassSpecData-02115-20261006-203710.csv,4.021466666666667
2026-10-06 20:37:42.899,8.334e-11,Torr,23.cross_gate_connectingPort1,23.cross_gate_connectingPort1/MassSpecData-02115-20261006-203710.csv,4.0249500000000005
2026-10-06 20:37:43.107,7.1017e-11,Torr,23.cross_gate_connectingPort1,23.cross_gate_connectingPort1/MassSpecData-02115-20261006-203710.csv,4.028416666666667
2026-10-06 20:37:43.315,7.2152e-11,Torr,23.cross_gate_connectingPort1,23.cross_gate_connectingPort1/MassSpecData-02115-20261006-203710.csv,4.031883333333334
2026-10-06 20:37:43.524,8.1675e-11,Torr,23.cross_gate_connectingPort1,23.cross_gate_connectingPort1/MassSpecData-02115-20261006-203710.csv,4.0353666666666665
2026-10-06 20:37:43.732,8.8255e-11,Torr,23.cross_gate_connectingPort1,23.cross_gate_connectingPort1/MassSpecData-02115-20261006-203710.csv,4.038833333333334
2026-10-06 20:37:43.940,9.1832e-11,Torr,23.cross_gate_connectingPort1,23.cross_gate_connectingPort1/MassSpecData-02115-20261006-203710.csv,4.0423
2026-10-06 20:37:44.149,6.8207e-11,Torr,23.cross_gate_connectingPort1,23.cross_gate_connectingPort1/MassSpecData-02115-20261006-203710.csv,4.0457833333333335
2026-10-06 20:37:44.357,8.4701e-11,Torr,23.cross_gate_connectingPort1,23.cross_gate_connectingPort1/MassSpecData-02115-20261006-203710.csv,4.04925
2026-10-06 20:37:44.565,7.161e-11,Torr,23.cross_gate_connectingPort1,23.cross_gate_connectingPort1/MassSpecData-02115-20261006-203710.csv,4.052716666666667
2026-10-06 20:37:44.774,7.2772e-11,Torr,23.cross_gate_connectingPort1,23.cross_gate_connectingPort1/MassSpecData-02115-20261006-203710.csv,4.0562000000000005
2026-10-06 20:37:44.982,7.4703e-11,Torr,23.cross_gate_connectingPort1,23.cross_gate_connectingPort1/MassSpecData-02115-20261006-203710.csv,4.059666666666667
2026-10-06 20:37:45.190,8.3367e-11,Torr,23.cross_gate_connectingPort1,23.cross_gate_connectingPort1/MassSpecData-02115-20261006-203710.csv,4.063133333333334
2026-10-06 20:37:45.399,8.498e-11,Torr,23.cross_gate_connectingPort1,23.cross_gate_connectingPort1/MassSpecData-02115-20261006-203710.csv,4.0666166666666665
2026-10-06 20:37:45.607,8.7816e-11,Torr,23.cross_gate_connectingPort1,23.cross_gate_connectingPort1/MassSpecData-02115-20261006-203710.csv,4.070083333333334
2026-10-06 20:37:45.815,8.8773e-11,Torr,23.cross_gate_connectingPort1,23.cross_gate_connectingPort1/MassSpecData-02115-20261006-203710.csv,4.07355
2026-10-06 20:37:46.024,7.936e-11,Torr,23.cross_gate_connectingPort1,23.cross_gate_connectingPort1/MassSpecData-02115-20261006-203710.csv,4.0770333333333335
2026-10-06 20:37:46.232,7.2942e-11,Torr,23.cross_gate_connectingPort1,23.cross_gate_connectingPort1/MassSpecData-02115-20261006-203710.csv,4.0805
2026-10-06 20:37:46.440,8.3339e-11,Torr,23.cross_gate_connectingPort1,23.cross_gate_connectingPort1/MassSpecData-02115-20261006-203710.csv,4.083966666666667
2026-10-06 20:37:46.649,1.014e-10,Torr,23.cross_gate_connectingPort1,23.cross_gate_connectingPort1/MassSpecData-02115-20261006-203710.csv,4.0874500000000005
2026-10-06 20:37:46.857,7.8728e-11,Torr,23.cross_gate_connectingPort1,23.cross_gate_connectingPort1/MassSpecData-02115-20261006-203710.csv,4.090916666666667
2026-10-06 20:37:47.065,8.0889e-11,Torr,23.cross_gate_connectingPort1,23.cross_gate_connectingPort1/MassSpecData-02115-20261006-203710.csv,4.094383333333334
2026-10-06 20:37:47.274,7.8105e-11,Torr,23.cross_gate_connectingPort1,23.cross_gate_connectingPort1/MassSpecData-02115-20261006-203710.csv,4.0978666666666665
2026-10-06 20:37:47.482,7.0122e-11,Torr,23.cross_gate_connectingPort1,23.cross_gate_connectingPort1/MassSpecData-02115-20261006-203710.csv,4.101333333333334
2026-10-06 20:37:47.690,7.2937e-11,Torr,23.cross_gate_connectingPort1,23.cross_gate_connectingPort1/MassSpecData-02115-20261006-203710.csv,4.1048
2026-10-06 20:37:47.899,8.1317e-11,Torr,23.cross_gate_connectingPort1,23.cross_gate_connectingPort1/MassSpecData-02115-20261006-203710.csv,4.1082833333333335
2026-10-06 20:37:48.107,8.4851e-11,Torr,23.cross_gate_connectingPort1,23.cross_gate_connectingPort1/MassSpecData-02115-20261006-203710.csv,4.11175
2026-10-06 20:37:48.316,6.9752e-11,Torr,23.cross_gate_connectingPort1,23.cross_gate_connectingPort1/MassSpecData-02115-20261006-203710.csv,4.115233333333333
2026-10-06 20:37:48.524,7.4692e-11,Torr,23.cross_gate_connectingPort1,23.cross_gate_connectingPort1/MassSpecData-02115-20261006-203710.csv,4.1187000000000005
2026-10-06 20:37:48.732,8.0993e-11,Torr,23.cross_gate_connectingPort1,23.cross_gate_connectingPort1/MassSpecData-02115-20261006-203710.csv,4.122166666666667
2026-10-06 20:37:48.941,8.1324e-11,Torr,23.cross_gate_connectingPort1,23.cross_gate_connectingPort1/MassSpecData-02115-20261006-203710.csv,4.125649999999999
2026-10-06 20:37:49.149,8.1537e-11,Torr,23.cross_gate_connectingPort1,23.cross_gate_connectingPort1/MassSpecData-02115-20261006-203710.csv,4.1291166666666665
2026-10-06 20:37:49.357,6.8066e-11,Torr,23.cross_gate_connectingPort1,23.cross_gate_connectingPort1/MassSpecData-02115-20261006-203710.csv,4.132583333333334
2026-10-06 20:37:49.566,8.273e-11,Torr,23.cross_gate_connectingPort1,23.cross_gate_connectingPort1/MassSpecData-02115-20261006-203710.csv,4.136066666666666
2026-10-06 20:37:49.774,7.837e-11,Torr,23.cross_gate_connectingPort1,23.cross_gate_connectingPort1/MassSpecData-02115-20261006-203710.csv,4.1395333333333335
2026-10-06 20:37:49.982,6.46e-11,Torr,23.cross_gate_connectingPort1,23.cross_gate_connectingPort1/MassSpecData-02115-20261006-203710.csv,4.143
2026-10-06 20:37:50.191,8.4447e-11,Torr,23.cross_gate_connectingPort1,23.cross_gate_connectingPort1/MassSpecData-02115-20261006-203710.csv,4.146483333333333
2026-10-06 20:37:50.399,7.7923e-11,Torr,23.cross_gate_connectingPort1,23.cross_gate_connectingPort1/MassSpecData-02115-20261006-203710.csv,4.1499500000000005
2026-10-06 20:37:50.607,6.5773e-11,Torr,23.cross_gate_connectingPort1,23.cross_gate_connectingPort1/MassSpecData-02115-20261006-203710.csv,4.153416666666667
2026-10-06 20:37:50.816,7.2173e-11,Torr,23.cross_gate_connectingPort1,23.cross_gate_connectingPort1/MassSpecData-02115-20261006-203710.csv,4.156899999999999
2026-10-06 20:37:51.024,8.1304e-11,Torr,23.cross_gate_connectingPort1,23.cross_gate_connectingPort1/MassSpecData-02115-20261006-203710.csv,4.1603666666666665
2026-10-06 20:37:51.232,7.5399e-11,Torr,23.cross_gate_connectingPort1,23.cross_gate_connectingPort1/MassSpecData-02115-20261006-203710.csv,4.163833333333334
2026-10-06 20:37:51.441,8.0298e-11,Torr,23.cross_gate_connectingPort1,23.cross_gate_connectingPort1/MassSpecData-02115-20261006-203710.csv,4.167316666666666
2026-10-06 20:37:51.649,7.8155e-11,Torr,23.cross_gate_connectingPort1,23.cross_gate_connectingPort1/MassSpecData-02115-20261006-203710.csv,4.1707833333333335
2026-10-06 20:37:51.857,9.1026e-11,Torr,23.cross_gate_connectingPort1,23.cross_gate_connectingPort1/MassSpecData-02115-20261006-203710.csv,4.17425
2026-10-06 20:37:52.266,8.31e-11,Torr,23.cross_gate_connectingPort1,23.cross_gate_connectingPort1/MassSpecData-02115-20261006-203752.csv,4.181066666666667
2026-10-06 20:37:52.474,8.9101e-11,Torr,23.cross_gate_connectingPort1,23.cross_gate_connectingPort1/MassSpecData-02115-20261006-203752.csv,4.184533333333333
2026-10-06 20:37:52.683,7.8156e-11,Torr,23.cross_gate_connectingPort1,23.cross_gate_connectingPort1/MassSpecData-02115-20261006-203752.csv,4.188016666666667
2026-10-06 20:37:52.891,9.0002e-11,Torr,23.cross_gate_connectingPort1,23.cross_gate_connectingPort1/MassSpecData-02115-20261006-203752.csv,4.191483333333333
2026-10-06 20:37:53.099,7.0496e-11,Torr,23.cross_gate_connectingPort1,23.cross_gate_connectingPort1/MassSpecData-02115-20261006-203752.csv,4.19495
2026-10-06 20:37:53.308,7.3007e-11,Torr,23.cross_gate_connectingPort1,23.cross_gate_connectingPort1/MassSpecData-02115-20261006-203752.csv,4.198433333333333
2026-10-06 20:37:53.516,6.9937e-11,Torr,23.cross_gate_connectingPort1,23.cross_gate_connectingPort1/MassSpecData-02115-20261006-203752.csv,4.2019
2026-10-06 20:37:53.724,7.7131e-11,Torr,23.cross_gate_connectingPort1,23.cross_gate_connectingPort1/MassSpecData-02115-20261006-203752.csv,4.2053666666666665
2026-10-06 20:37:53.932,9.5863e-11,Torr,23.cross_gate_connectingPort1,23.cross_gate_connectingPort1/MassSpecData-02115-20261006-203752.csv,4.208833333333334
2026-10-06 20:37:54.141,7.3511e-11,Torr,23.cross_gate_connectingPort1,23.cross_gate_connectingPort1/MassSpecData-02115-20261006-203752.csv,4.212316666666667
2026-10-06 20:37:54.349,7.3186e-11,Torr,23.cross_gate_connectingPort1,23.cross_gate_connectingPort1/MassSpecData-02115-20261006-203752.csv,4.215783333333333
2026-10-06 20:37:54.558,6.9838e-11,Torr,23.cross_gate_connectingPort1,23.cross_gate_connectingPort1/MassSpecData-02115-20261006-203752.csv,4.219266666666667
2026-10-06 20:37:54.766,7.6745e-11,Torr,23.cross_gate_connectingPort1,23.cross_gate_connectingPort1/MassSpecData-02115-20261006-203752.csv,4.222733333333333
2026-10-06 20:37:54.974,8.8143e-11,Torr,23.cross_gate_connectingPort1,23.cross_gate_connectingPort1/MassSpecData-02115-20261006-203752.csv,4.2262
2026-10-06 20:37:55.183,9.3029e-11,Torr,23.cross_gate_connectingPort1,23.cross_gate_connectingPort1/MassSpecData-02115-20261006-203752.csv,4.229683333333333
2026-10-06 20:37:55.391,8.3705e-11,Torr,23.cross_gate_connectingPort1,23.cross_gate_connectingPort1/MassSpecData-02115-20261006-203752.csv,4.23315
2026-10-06 20:37:55.599,7.8226e-11,Torr,23.cross_gate_connectingPort1,23.cross_gate_connectingPort1/MassSpecData-02115-20261006-203752.csv,4.2366166666666665
2026-10-06 20:37:55.808,7.7285e-11,Torr,23.cross_gate_connectingPort1,23.cross_gate_connectingPort1/MassSpecData-02115-20261006-203752.csv,4.2401
2026-10-06 20:37:56.016,8.3263e-11,Torr,23.cross_gate_connectingPort1,23.cross_gate_connectingPort1/MassSpecData-02115-20261006-203752.csv,4.243566666666667
2026-10-06 20:37:56.224,7.7376e-11,Torr,23.cross_gate_connectingPort1,23.cross_gate_connectingPort1/MassSpecData-02115-20261006-203752.csv,4.247033333333333
2026-10-06 20:37:56.433,8.2449e-11,Torr,23.cross_gate_connectingPort1,23.cross_gate_connectingPort1/MassSpecData-02115-20261006-203752.csv,4.250516666666667
2026-10-06 20:37:56.641,8.0031e-11,Torr,23.cross_gate_connectingPort1,23.cross_gate_connectingPort1/MassSpecData-02115-20261006-203752.csv,4.253983333333333
2026-10-06 20:37:56.849,8.6712e-11,Torr,23.cross_gate_connectingPort1,23.cross_gate_connectingPort1/MassSpecData-02115-20261006-203752.csv,4.25745
2026-10-06 20:37:57.058,7.728e-11,Torr,23.cross_gate_connectingPort1,23.cross_gate_connectingPort1/MassSpecData-02115-20261006-203752.csv,4.260933333333333
2026-10-06 20:37:57.266,6.8322e-11,Torr,23.cross_gate_connectingPort1,23.cross_gate_connectingPort1/MassSpecData-02115-20261006-203752.csv,4.2644
2026-10-06 20:37:57.474,8.3019e-11,Torr,23.cross_gate_connectingPort1,23.cross_gate_connectingPort1/MassSpecData-02115-20261006-203752.csv,4.2678666666666665
2026-10-06 20:37:57.682,8.6386e-11,Torr,23.cross_gate_connectingPort1,23.cross_gate_connectingPort1/MassSpecData-02115-20261006-203752.csv,4.271333333333333
2026-10-06 20:37:57.891,7.8352e-11,Torr,23.cross_gate_connectingPort1,23.cross_gate_connectingPort1/MassSpecData-02115-20261006-203752.csv,4.274816666666666
2026-10-06 20:37:58.099,8.0766e-11,Torr,23.cross_gate_connectingPort1,23.cross_gate_connectingPort1/MassSpecData-02115-20261006-203752.csv,4.278283333333333
2026-10-06 20:37:58.307,8.0778e-11,Torr,23.cross_gate_connectingPort1,23.cross_gate_connectingPort1/MassSpecData-02115-20261006-203752.csv,4.28175
2026-10-06 20:37:58.516,8.2913e-11,Torr,23.cross_gate_connectingPort1,23.cross_gate_connectingPort1/MassSpecData-02115-20261006-203752.csv,4.285233333333333
2026-10-06 20:37:58.724,7.2305e-11,Torr,23.cross_gate_connectingPort1,23.cross_gate_connectingPort1/MassSpecData-02115-20261006-203752.csv,4.2887
2026-10-06 20:37:58.932,7.6549e-11,Torr,23.cross_gate_connectingPort1,23.cross_gate_connectingPort1/MassSpecData-02115-20261006-203752.csv,4.292166666666666
2026-10-06 20:37:59.141,6.8412e-11,Torr,23.cross_gate_connectingPort1,23.cross_gate_connectingPort1/MassSpecData-02115-20261006-203752.csv,4.295649999999999
2026-10-06 20:37:59.349,8.0619e-11,Torr,23.cross_gate_connectingPort1,23.cross_gate_connectingPort1/MassSpecData-02115-20261006-203752.csv,4.2991166666666665
2026-10-06 20:37:59.557,6.4472e-11,Torr,23.cross_gate_connectingPort1,23.cross_gate_connectingPort1/MassSpecData-02115-20261006-203752.csv,4.302583333333333
2026-10-06 20:37:59.766,9.6388e-11,Torr,23.cross_gate_connectingPort1,23.cross_gate_connectingPort1/MassSpecData-02115-20261006-203752.csv,4.306066666666666
2026-10-06 20:37:59.974,7.5682e-11,Torr,23.cross_gate_connectingPort1,23.cross_gate_connectingPort1/MassSpecData-02115-20261006-203752.csv,4.309533333333333
2026-10-06 20:38:00.182,7.1785e-11,Torr,23.cross_gate_connectingPort1,23.cross_gate_connectingPort1/MassSpecData-02115-20261006-203752.csv,4.313
2026-10-06 20:38:00.391,8.2607e-11,Torr,23.cross_gate_connectingPort1,23.cross_gate_connectingPort1/MassSpecData-02115-20261006-203752.csv,4.316483333333333
2026-10-06 20:38:00.599,8.0391e-11,Torr,23.cross_gate_connectingPort1,23.cross_gate_connectingPort1/MassSpecData-02115-20261006-203752.csv,4.31995
2026-10-06 20:38:00.807,7.7143e-11,Torr,23.cross_gate_connectingPort1,23.cross_gate_connectingPort1/MassSpecData-02115-20261006-203752.csv,4.323416666666666
2026-10-06 20:38:01.016,8.4085e-11,Torr,23.cross_gate_connectingPort1,23.cross_gate_connectingPort1/MassSpecData-02115-20261006-203752.csv,4.326899999999999
2026-10-06 20:38:01.224,8.4067e-11,Torr,23.cross_gate_connectingPort1,23.cross_gate_connectingPort1/MassSpecData-02115-20261006-203752.csv,4.3303666666666665
2026-10-06 20:38:01.433,6.9439e-11,Torr,23.cross_gate_connectingPort1,23.cross_gate_connectingPort1/MassSpecData-02115-20261006-203752.csv,4.33385
2026-10-06 20:38:01.641,6.9115e-11,Torr,23.cross_gate_connectingPort1,23.cross_gate_connectingPort1/MassSpecData-02115-20261006-203752.csv,4.337316666666666
2026-10-06 20:38:01.849,9.3225e-11,Torr,23.cross_gate_connectingPort1,23.cross_gate_connectingPort1/MassSpecData-02115-20261006-203752.csv,4.340783333333333
2026-10-06 20:38:02.058,7.6168e-11,Torr,23.cross_gate_connectingPort1,23.cross_gate_connectingPort1/MassSpecData-02115-20261006-203752.csv,4.344266666666667
2026-10-06 20:38:02.266,7.8677e-11,Torr,23.cross_gate_connectingPort1,23.cross_gate_connectingPort1/MassSpecData-02115-20261006-203752.csv,4.347733333333333
2026-10-06 20:38:02.474,8.2389e-11,Torr,23.cross_gate_connectingPort1,23.cross_gate_connectingPort1/MassSpecData-02115-20261006-203752.csv,4.3512
2026-10-06 20:38:02.683,8.7674e-11,Torr,23.cross_gate_connectingPort1,23.cross_gate_connectingPort1/MassSpecData-02115-20261006-203752.csv,4.354683333333333
2026-10-06 20:38:02.891,8.583e-11,Torr,23.cross_gate_connectingPort1,23.cross_gate_connectingPort1/MassSpecData-02115-20261006-203752.csv,4.358149999999999
2026-10-06 20:38:03.099,7.9034e-11,Torr,23.cross_gate_connectingPort1,23.cross_gate_connectingPort1/MassSpecData-02115-20261006-203752.csv,4.3616166666666665
2026-10-06 20:38:03.308,1.0046e-10,Torr,23.cross_gate_connectingPort1,23.cross_gate_connectingPort1/MassSpecData-02115-20261006-203752.csv,4.3651
2026-10-06 20:38:03.516,8.8354e-11,Torr,23.cross_gate_connectingPort1,23.cross_gate_connectingPort1/MassSpecData-02115-20261006-203752.csv,4.368566666666666
2026-10-06 20:38:03.724,8.0186e-11,Torr,23.cross_gate_connectingPort1,23.cross_gate_connectingPort1/MassSpecData-02115-20261006-203752.csv,4.372033333333333
2026-10-06 20:38:03.933,9.6731e-11,Torr,23.cross_gate_connectingPort1,23.cross_gate_connectingPort1/MassSpecData-02115-20261006-203752.csv,4.375516666666667
2026-10-06 20:38:04.141,7.9091e-11,Torr,23.cross_gate_connectingPort1,23.cross_gate_connectingPort1/MassSpecData-02115-20261006-203752.csv,4.378983333333333
2026-10-06 20:38:04.349,7.5355e-11,Torr,23.cross_gate_connectingPort1,23.cross_gate_connectingPort1/MassSpecData-02115-20261006-203752.csv,4.38245
2026-10-06 20:38:04.558,8.299e-11,Torr,23.cross_gate_connectingPort1,23.cross_gate_connectingPort1/MassSpecData-02115-20261006-203752.csv,4.385933333333333
2026-10-06 20:38:04.766,8.3006e-11,Torr,23.cross_gate_connectingPort1,23.cross_gate_connectingPort1/MassSpecData-02115-20261006-203752.csv,4.389399999999999
2026-10-06 20:38:04.974,7.7907e-11,Torr,23.cross_gate_connectingPort1,23.cross_gate_connectingPort1/MassSpecData-02115-20261006-203752.csv,4.3928666666666665
2026-10-06 20:38:05.183,9.0943e-11,Torr,23.cross_gate_connectingPort1,23.cross_gate_connectingPort1/MassSpecData-02115-20261006-203752.csv,4.39635
2026-10-06 20:38:05.391,8.3954e-11,Torr,23.cross_gate_connectingPort1,23.cross_gate_connectingPort1/MassSpecData-02115-20261006-203752.csv,4.399816666666666
2026-10-06 20:38:05.599,8.2339e-11,Torr,23.cross_gate_connectingPort1,23.cross_gate_connectingPort1/MassSpecData-02115-20261006-203752.csv,4.403283333333333
2026-10-06 20:38:05.808,7.8886e-11,Torr,23.cross_gate_connectingPort1,23.cross_gate_connectingPort1/MassSpecData-02115-20261006-203752.csv,4.406766666666667
2026-10-06 20:38:06.016,7.3374e-11,Torr,23.cross_gate_connectingPort1,23.cross_gate_connectingPort1/MassSpecData-02115-20261006-203752.csv,4.410233333333333
2026-10-06 20:38:06.224,8.9765e-11,Torr,23.cross_gate_connectingPort1,23.cross_gate_connectingPort1/MassSpecData-02115-20261006-203752.csv,4.4137
2026-10-06 20:38:06.433,8.0872e-11,Torr,23.cross_gate_connectingPort1,23.cross_gate_connectingPort1/MassSpecData-02115-20261006-203752.csv,4.417183333333333
2026-10-06 20:38:06.641,8.029e-11,Torr,23.cross_gate_connectingPort1,23.cross_gate_connectingPort1/MassSpecData-02115-20261006-203752.csv,4.420649999999999
2026-10-06 20:38:06.849,9.104e-11,Torr,23.cross_gate_connectingPort1,23.cross_gate_connectingPort1/MassSpecData-02115-20261006-203752.csv,4.4241166666666665
2026-10-06 20:38:07.058,8.2924e-11,Torr,23.cross_gate_connectingPort1,23.cross_gate_connectingPort1/MassSpecData-02115-20261006-203752.csv,4.4276
2026-10-06 20:38:07.266,8.0127e-11,Torr,23.cross_gate_connectingPort1,23.cross_gate_connectingPort1/MassSpecData-02115-20261006-203752.csv,4.431066666666666
2026-10-06 20:38:07.474,8.1779e-11,Torr,23.cross_gate_connectingPort1,23.cross_gate_connectingPort1/MassSpecData-02115-20261006-203752.csv,4.434533333333333
2026-10-06 20:38:07.683,8.0471e-11,Torr,23.cross_gate_connectingPort1,23.cross_gate_connectingPort1/MassSpecData-02115-20261006-203752.csv,4.438016666666667
2026-10-06 20:38:07.891,8.016e-11,Torr,23.cross_gate_connectingPort1,23.cross_gate_connectingPort1/MassSpecData-02115-20261006-203752.csv,4.441483333333333
2026-10-06 20:38:08.099,8.7274e-11,Torr,23.cross_gate_connectingPort1,23.cross_gate_connectingPort1/MassSpecData-02115-20261006-203752.csv,4.44495
2026-10-06 20:38:08.308,7.6993e-11,Torr,23.cross_gate_connectingPort1,23.cross_gate_connectingPort1/MassSpecData-02115-20261006-203752.csv,4.448433333333333
2026-10-06 20:38:08.516,8.0275e-11,Torr,23.cross_gate_connectingPort1,23.cross_gate_connectingPort1/MassSpecData-02115-20261006-203752.csv,4.451899999999999
2026-10-06 20:38:08.724,8.6771e-11,Torr,23.cross_gate_connectingPort1,23.cross_gate_connectingPort1/MassSpecData-02115-20261006-203752.csv,4.4553666666666665
2026-10-06 20:38:08.933,7.7724e-11,Torr,23.cross_gate_connectingPort1,23.cross_gate_connectingPort1/MassSpecData-02115-20261006-203752.csv,4.45885
2026-10-06 20:38:09.141,7.7572e-11,Torr,23.cross_gate_connectingPort1,23.cross_gate_connectingPort1/MassSpecData-02115-20261006-203752.csv,4.462316666666666
2026-10-06 20:38:09.349,6.9608e-11,Torr,23.cross_gate_connectingPort1,23.cross_gate_connectingPort1/MassSpecData-02115-20261006-203752.csv,4.465783333333333
2026-10-06 20:38:09.558,8.3129e-11,Torr,23.cross_gate_connectingPort1,23.cross_gate_connectingPort1/MassSpecData-02115-20261006-203752.csv,4.469266666666667
2026-10-06 20:38:09.766,7.5583e-11,Torr,23.cross_gate_connectingPort1,23.cross_gate_connectingPort1/MassSpecData-02115-20261006-203752.csv,4.472733333333333
2026-10-06 20:38:09.974,6.7671e-11,Torr,23.cross_gate_connectingPort1,23.cross_gate_connectingPort1/MassSpecData-02115-20261006-203752.csv,4.4762
2026-10-06 20:38:10.183,8.0429e-11,Torr,23.cross_gate_connectingPort1,23.cross_gate_connectingPort1/MassSpecData-02115-20261006-203752.csv,4.479683333333333
2026-10-06 20:38:10.391,8.3256e-11,Torr,23.cross_gate_connectingPort1,23.cross_gate_connectingPort1/MassSpecData-02115-20261006-203752.csv,4.483149999999999
2026-10-06 20:38:10.599,7.3225e-11,Torr,23.cross_gate_connectingPort1,23.cross_gate_connectingPort1/MassSpecData-02115-20261006-203752.csv,4.4866166666666665
2026-10-06 20:38:10.808,6.8188e-11,Torr,23.cross_gate_connectingPort1,23.cross_gate_connectingPort1/MassSpecData-02115-20261006-203752.csv,4.4901
2026-10-06 20:38:11.016,8.6664e-11,Torr,23.cross_gate_connectingPort1,23.cross_gate_connectingPort1/MassSpecData-02115-20261006-203752.csv,4.493566666666666
2026-10-06 20:38:11.224,7.6481e-11,Torr,23.cross_gate_connectingPort1,23.cross_gate_connectingPort1/MassSpecData-02115-20261006-203752.csv,4.497033333333333
2026-10-06 20:38:11.433,8.1828e-11,Torr,23.cross_gate_connectingPort1,23.cross_gate_connectingPort1/MassSpecData-02115-20261006-203752.csv,4.500516666666667
2026-10-06 20:38:11.641,7.1199e-11,Torr,23.cross_gate_connectingPort1,23.cross_gate_connectingPort1/MassSpecData-02115-20261006-203752.csv,4.503983333333333
2026-10-06 20:38:11.849,7.1973e-11,Torr,23.cross_gate_connectingPort1,23.cross_gate_connectingPort1/MassSpecData-02115-20261006-203752.csv,4.50745
2026-10-06 20:38:12.057,8.2937e-11,Torr,23.cross_gate_connectingPort1,23.cross_gate_connectingPort1/MassSpecData-02115-20261006-203752.csv,4.510916666666666
2026-10-06 20:38:12.266,8.0959e-11,Torr,23.cross_gate_connectingPort1,23.cross_gate_connectingPort1/MassSpecData-02115-20261006-203752.csv,4.514399999999999
2026-10-06 20:38:12.474,7.6029e-11,Torr,23.cross_gate_connectingPort1,23.cross_gate_connectingPort1/MassSpecData-02115-20261006-203752.csv,4.5178666666666665
2026-10-06 20:38:12.682,8.1888e-11,Torr,23.cross_gate_connectingPort1,23.cross_gate_connectingPort1/MassSpecData-02115-20261006-203752.csv,4.521333333333333
2026-10-06 20:38:12.891,7.9467e-11,Torr,23.cross_gate_connectingPort1,23.cross_gate_connectingPort1/MassSpecData-02115-20261006-203752.csv,4.524816666666666
2026-10-06 20:38:13.099,8.7321e-11,Torr,23.cross_gate_connectingPort1,23.cross_gate_connectingPort1/MassSpecData-02115-20261006-203752.csv,4.528283333333333
2026-10-06 20:38:13.307,8.5125e-11,Torr,23.cross_gate_connectingPort1,23.cross_gate_connectingPort1/MassSpecData-02115-20261006-203752.csv,4.53175
2026-10-06 20:38:13.516,7.7803e-11,Torr,23.cross_gate_connectingPort1,23.cross_gate_connectingPort1/MassSpecData-02115-20261006-203752.csv,4.535233333333333
2026-10-06 20:38:13.724,7.6674e-11,Torr,23.cross_gate_connectingPort1,23.cross_gate_connectingPort1/MassSpecData-02115-20261006-203752.csv,4.5387
2026-10-06 20:38:13.932,8.6257e-11,Torr,23.cross_gate_connectingPort1,23.cross_gate_connectingPort1/MassSpecData-02115-20261006-203752.csv,4.542166666666666
2026-10-06 20:38:14.141,7.6292e-11,Torr,23.cross_gate_connectingPort1,23.cross_gate_connectingPort1/MassSpecData-02115-20261006-203752.csv,4.545649999999999
2026-10-06 20:38:14.349,7.8496e-11,Torr,23.cross_gate_connectingPort1,23.cross_gate_connectingPort1/MassSpecData-02115-20261006-203752.csv,4.5491166666666665
2026-10-06 20:38:14.557,7.8339e-11,Torr,23.cross_gate_connectingPort1,23.cross_gate_connectingPort1/MassSpecData-02115-20261006-203752.csv,4.552583333333333
2026-10-06 20:38:14.766,8.9115e-11,Torr,23.cross_gate_connectingPort1,23.cross_gate_connectingPort1/MassSpecData-02115-20261006-203752.csv,4.556066666666666
2026-10-06 20:38:14.974,7.8755e-11,Torr,23.cross_gate_connectingPort1,23.cross_gate_connectingPort1/MassSpecData-02115-20261006-203752.csv,4.559533333333333
2026-10-06 20:38:15.182,8.3883e-11,Torr,23.cross_gate_connectingPort1,23.cross_gate_connectingPort1/MassSpecData-02115-20261006-203752.csv,4.563
2026-10-06 20:38:15.391,7.5582e-11,Torr,23.cross_gate_connectingPort1,23.cross_gate_connectingPort1/MassSpecData-02115-20261006-203752.csv,4.566483333333333
2026-10-06 20:38:15.599,8.1862e-11,Torr,23.cross_gate_connectingPort1,23.cross_gate_connectingPort1/MassSpecData-02115-20261006-203752.csv,4.56995
2026-10-06 20:38:15.807,8.7798e-11,Torr,23.cross_gate_connectingPort1,23.cross_gate_connectingPort1/MassSpecData-02115-20261006-203752.csv,4.573416666666666
2026-10-06 20:38:16.016,7.766e-11,Torr,23.cross_gate_connectingPort1,23.cross_gate_connectingPort1/MassSpecData-02115-20261006-203752.csv,4.576899999999999
2026-10-06 20:38:16.224,9.1969e-11,Torr,23.cross_gate_connectingPort1,23.cross_gate_connectingPort1/MassSpecData-02115-20261006-203752.csv,4.5803666666666665
2026-10-06 20:38:16.432,8.7706e-11,Torr,23.cross_gate_connectingPort1,23.cross_gate_connectingPort1/MassSpecData-02115-20261006-203752.csv,4.583833333333333
2026-10-06 20:38:16.641,8.2546e-11,Torr,23.cross_gate_connectingPort1,23.cross_gate_connectingPort1/MassSpecData-02115-20261006-203752.csv,4.587316666666666
2026-10-06 20:38:16.849,7.4886e-11,Torr,23.cross_gate_connectingPort1,23.cross_gate_connectingPort1/MassSpecData-02115-20261006-203752.csv,4.590783333333333
2026-10-06 20:38:17.057,7.8612e-11,Torr,23.cross_gate_connectingPort1,23.cross_gate_connectingPort1/MassSpecData-02115-20261006-203752.csv,4.59425
2026-10-06 20:38:17.266,7.8108e-11,Torr,23.cross_gate_connectingPort1,23.cross_gate_connectingPort1/MassSpecData-02115-20261006-203752.csv,4.597733333333333
2026-10-06 20:38:17.474,7.1642e-11,Torr,23.cross_gate_connectingPort1,23.cross_gate_connectingPort1/MassSpecData-02115-20261006-203752.csv,4.6012
2026-10-06 20:38:17.682,7.8522e-11,Torr,23.cross_gate_connectingPort1,23.cross_gate_connectingPort1/MassSpecData-02115-20261006-203752.csv,4.604666666666666
2026-10-06 20:38:17.891,7.7055e-11,Torr,23.cross_gate_connectingPort1,23.cross_gate_connectingPort1/MassSpecData-02115-20261006-203752.csv,4.608149999999999
2026-10-06 20:38:18.099,8.8665e-11,Torr,23.cross_gate_connectingPort1,23.cross_gate_connectingPort1/MassSpecData-02115-20261006-203752.csv,4.6116166666666665
2026-10-06 20:38:18.307,8.8046e-11,Torr,23.cross_gate_connectingPort1,23.cross_gate_connectingPort1/MassSpecData-02115-20261006-203752.csv,4.615083333333333
2026-10-06 20:38:18.516,8.363e-11,Torr,23.cross_gate_connectingPort1,23.cross_gate_connectingPort1/MassSpecData-02115-20261006-203752.csv,4.618566666666666
2026-10-06 20:38:18.724,8.5875e-11,Torr,23.cross_gate_connectingPort1,23.cross_gate_connectingPort1/MassSpecData-02115-20261006-203752.csv,4.622033333333333
2026-10-06 20:38:18.932,8.5527e-11,Torr,23.cross_gate_connectingPort1,23.cross_gate_connectingPort1/MassSpecData-02115-20261006-203752.csv,4.6255
2026-10-06 20:38:19.141,8.0606e-11,Torr,23.cross_gate_connectingPort1,23.cross_gate_connectingPort1/MassSpecData-02115-20261006-203752.csv,4.628983333333333
2026-10-06 20:38:19.349,7.3752e-11,Torr,23.cross_gate_connectingPort1,23.cross_gate_connectingPort1/MassSpecData-02115-20261006-203752.csv,4.63245
2026-10-06 20:38:19.557,7.5285e-11,Torr,23.cross_gate_connectingPort1,23.cross_gate_connectingPort1/MassSpecData-02115-20261006-203752.csv,4.635916666666666
2026-10-06 20:38:19.766,7.5674e-11,Torr,23.cross_gate_connectingPort1,23.cross_gate_connectingPort1/MassSpecData-02115-20261006-203752.csv,4.639399999999999
2026-10-06 20:38:19.974,8.4452e-11,Torr,23.cross_gate_connectingPort1,23.cross_gate_connectingPort1/MassSpecData-02115-20261006-203752.csv,4.6428666666666665
2026-10-06 20:38:20.182,6.6608e-11,Torr,23.cross_gate_connectingPort1,23.cross_gate_connectingPort1/MassSpecData-02115-20261006-203752.csv,4.646333333333333
2026-10-06 20:38:20.391,6.8004e-11,Torr,23.cross_gate_connectingPort1,23.cross_gate_connectingPort1/MassSpecData-02115-20261006-203752.csv,4.649816666666666
2026-10-06 20:38:20.599,7.5109e-11,Torr,23.cross_gate_connectingPort1,23.cross_gate_connectingPort1/MassSpecData-02115-20261006-203752.csv,4.653283333333333
2026-10-06 20:38:20.807,7.4061e-11,Torr,23.cross_gate_connectingPort1,23.cross_gate_connectingPort1/MassSpecData-02115-20261006-203752.csv,4.65675
2026-10-06 20:38:21.016,8.3331e-11,Torr,23.cross_gate_connectingPort1,23.cross_gate_connectingPort1/MassSpecData-02115-20261006-203752.csv,4.660233333333333
2026-10-06 20:38:21.224,8.6454e-11,Torr,23.cross_gate_connectingPort1,23.cross_gate_connectingPort1/MassSpecData-02115-20261006-203752.csv,4.6637
2026-10-06 20:38:21.432,6.869e-11,Torr,23.cross_gate_connectingPort1,23.cross_gate_connectingPort1/MassSpecData-02115-20261006-203752.csv,4.667166666666666
2026-10-06 20:38:21.641,7.8911e-11,Torr,23.cross_gate_connectingPort1,23.cross_gate_connectingPort1/MassSpecData-02115-20261006-203752.csv,4.670649999999999
2026-10-06 20:38:21.849,7.8479e-11,Torr,23.cross_gate_connectingPort1,23.cross_gate_connectingPort1/MassSpecData-02115-20261006-203752.csv,4.6741166666666665
2026-10-06 20:38:22.057,8.1685e-11,Torr,23.cross_gate_connectingPort1,23.cross_gate_connectingPort1/MassSpecData-02115-20261006-203752.csv,4.677583333333333
2026-10-06 20:38:22.266,7.6624e-11,Torr,23.cross_gate_connectingPort1,23.cross_gate_connectingPort1/MassSpecData-02115-20261006-203752.csv,4.681066666666666
2026-10-06 20:38:22.474,9.3672e-11,Torr,23.cross_gate_connectingPort1,23.cross_gate_connectingPort1/MassSpecData-02115-20261006-203752.csv,4.684533333333333
2026-10-06 20:38:22.682,8.6636e-11,Torr,23.cross_gate_connectingPort1,23.cross_gate_connectingPort1/MassSpecData-02115-20261006-203752.csv,4.688
2026-10-06 20:38:22.891,8.733e-11,Torr,23.cross_gate_connectingPort1,23.cross_gate_connectingPort1/MassSpecData-02115-20261006-203752.csv,4.691483333333333
2026-10-06 20:38:23.099,8.7598e-11,Torr,23.cross_gate_connectingPort1,23.cross_gate_connectingPort1/MassSpecData-02115-20261006-203752.csv,4.69495
2026-10-06 20:38:23.307,7.2814e-11,Torr,23.cross_gate_connectingPort1,23.cross_gate_connectingPort1/MassSpecData-02115-20261006-203752.csv,4.698416666666666
2026-10-06 20:38:23.516,7.7454e-11,Torr,23.cross_gate_connectingPort1,23.cross_gate_connectingPort1/MassSpecData-02115-20261006-203752.csv,4.701899999999999
2026-10-06 20:38:23.724,1.002e-10,Torr,23.cross_gate_connectingPort1,23.cross_gate_connectingPort1/MassSpecData-02115-20261006-203752.csv,4.7053666666666665
2026-10-06 20:38:23.932,7.3994e-11,Torr,23.cross_gate_connectingPort1,23.cross_gate_connectingPort1/MassSpecData-02115-20261006-203752.csv,4.708833333333333
2026-10-06 20:38:24.141,8.8598e-11,Torr,23.cross_gate_connectingPort1,23.cross_gate_connectingPort1/MassSpecData-02115-20261006-203752.csv,4.712316666666666
2026-10-06 20:38:24.349,7.8829e-11,Torr,23.cross_gate_connectingPort1,23.cross_gate_connectingPort1/MassSpecData-02115-20261006-203752.csv,4.715783333333333
2026-10-06 20:38:24.557,1.0246e-10,Torr,23.cross_gate_connectingPort1,23.cross_gate_connectingPort1/MassSpecData-02115-20261006-203752.csv,4.71925
2026-10-06 20:38:24.766,6.9931e-11,Torr,23.cross_gate_connectingPort1,23.cross_gate_connectingPort1/MassSpecData-02115-20261006-203752.csv,4.722733333333333
2026-10-06 20:38:24.974,7.5029e-11,Torr,23.cross_gate_connectingPort1,23.cross_gate_connectingPort1/MassSpecData-02115-20261006-203752.csv,4.7262
2026-10-06 20:38:25.182,8.278e-11,Torr,23.cross_gate_connectingPort1,23.cross_gate_connectingPort1/MassSpecData-02115-20261006-203752.csv,4.729666666666666
2026-10-06 20:38:25.391,7.5242e-11,Torr,23.cross_gate_connectingPort1,23.cross_gate_connectingPort1/MassSpecData-02115-20261006-203752.csv,4.733149999999999
2026-10-06 20:38:25.599,9.1533e-11,Torr,23.cross_gate_connectingPort1,23.cross_gate_connectingPort1/MassSpecData-02115-20261006-203752.csv,4.7366166666666665
2026-10-06 20:38:25.807,8.1451e-11,Torr,23.cross_gate_connectingPort1,23.cross_gate_connectingPort1/MassSpecData-02115-20261006-203752.csv,4.740083333333333
2026-10-06 20:38:26.016,6.7895e-11,Torr,23.cross_gate_connectingPort1,23.cross_gate_connectingPort1/MassSpecData-02115-20261006-203752.csv,4.743566666666666
2026-10-06 20:38:26.224,7.0882e-11,Torr,23.cross_gate_connectingPort1,23.cross_gate_connectingPort1/MassSpecData-02115-20261006-203752.csv,4.747033333333333
2026-10-06 20:38:26.432,9.1311e-11,Torr,23.cross_gate_connectingPort1,23.cross_gate_connectingPort1/MassSpecData-02115-20261006-203752.csv,4.7505
2026-10-06 20:38:26.641,7.3749e-11,Torr,23.cross_gate_connectingPort1,23.cross_gate_connectingPort1/MassSpecData-02115-20261006-203752.csv,4.753983333333333
2026-10-06 20:38:26.849,9.0928e-11,Torr,23.cross_gate_connectingPort1,23.cross_gate_connectingPort1/MassSpecData-02115-20261006-203752.csv,4.75745
2026-10-06 20:38:27.057,7.4894e-11,Torr,23.cross_gate_connectingPort1,23.cross_gate_connectingPort1/MassSpecData-02115-20261006-203752.csv,4.760916666666666
2026-10-06 20:38:27.266,7.6058e-11,Torr,23.cross_gate_connectingPort1,23.cross_gate_connectingPort1/MassSpecData-02115-20261006-203752.csv,4.764399999999999
2026-10-06 20:38:27.474,8.8599e-11,Torr,23.cross_gate_connectingPort1,23.cross_gate_connectingPort1/MassSpecData-02115-20261006-203752.csv,4.7678666666666665
2026-10-06 20:38:27.682,7.6425e-11,Torr,23.cross_gate_connectingPort1,23.cross_gate_connectingPort1/MassSpecData-02115-20261006-203752.csv,4.771333333333333
2026-10-06 20:38:27.891,8.2005e-11,Torr,23.cross_gate_connectingPort1,23.cross_gate_connectingPort1/MassSpecData-02115-20261006-203752.csv,4.774816666666666
2026-10-06 20:38:28.099,8.2483e-11,Torr,23.cross_gate_connectingPort1,23.cross_gate_connectingPort1/MassSpecData-02115-20261006-203752.csv,4.778283333333333
2026-10-06 20:38:28.307,7.7313e-11,Torr,23.cross_gate_connectingPort1,23.cross_gate_connectingPort1/MassSpecData-02115-20261006-203752.csv,4.78175
2026-10-06 20:38:28.516,8.1585e-11,Torr,23.cross_gate_connectingPort1,23.cross_gate_connectingPort1/MassSpecData-02115-20261006-203752.csv,4.785233333333333
2026-10-06 20:38:28.724,8.65e-11,Torr,23.cross_gate_connectingPort1,23.cross_gate_connectingPort1/MassSpecData-02115-20261006-203752.csv,4.7887
2026-10-06 20:38:28.932,9.2913e-11,Torr,23.cross_gate_connectingPort1,23.cross_gate_connectingPort1/MassSpecData-02115-20261006-203752.csv,4.792166666666666
2026-10-06 20:38:29.141,8.0451e-11,Torr,23.cross_gate_connectingPort1,23.cross_gate_connectingPort1/MassSpecData-02115-20261006-203752.csv,4.795649999999999
2026-10-06 20:38:29.349,8.8671e-11,Torr,23.cross_gate_connectingPort1,23.cross_gate_connectingPort1/MassSpecData-02115-20261006-203752.csv,4.7991166666666665
2026-10-06 20:38:29.557,7.7484e-11,Torr,23.cross_gate_connectingPort1,23.cross_gate_connectingPort1/MassSpecData-02115-20261006-203752.csv,4.802583333333333
2026-10-06 20:38:29.766,9.0091e-11,Torr,23.cross_gate_connectingPort1,23.cross_gate_connectingPort1/MassSpecData-02115-20261006-203752.csv,4.806066666666666
2026-10-06 20:38:29.974,8.4368e-11,Torr,23.cross_gate_connectingPort1,23.cross_gate_connectingPort1/MassSpecData-02115-20261006-203752.csv,4.809533333333333
2026-10-06 20:38:30.183,6.858e-11,Torr,23.cross_gate_connectingPort1,23.cross_gate_connectingPort1/MassSpecData-02115-20261006-203752.csv,4.813016666666667
2026-10-06 20:38:30.391,7.956e-11,Torr,23.cross_gate_connectingPort1,23.cross_gate_connectingPort1/MassSpecData-02115-20261006-203752.csv,4.816483333333333
2026-10-06 20:38:30.599,7.3853e-11,Torr,23.cross_gate_connectingPort1,23.cross_gate_connectingPort1/MassSpecData-02115-20261006-203752.csv,4.81995
2026-10-06 20:38:30.808,7.8679e-11,Torr,23.cross_gate_connectingPort1,23.cross_gate_connectingPort1/MassSpecData-02115-20261006-203752.csv,4.823433333333333
2026-10-06 20:38:31.016,8.3065e-11,Torr,23.cross_gate_connectingPort1,23.cross_gate_connectingPort1/MassSpecData-02115-20261006-203752.csv,4.826899999999999
2026-10-06 20:38:31.224,9.2092e-11,Torr,23.cross_gate_connectingPort1,23.cross_gate_connectingPort1/MassSpecData-02115-20261006-203752.csv,4.8303666666666665
2026-10-06 20:38:31.433,8.1886e-11,Torr,23.cross_gate_connectingPort1,23.cross_gate_connectingPort1/MassSpecData-02115-20261006-203752.csv,4.83385
2026-10-06 20:38:31.641,7.5422e-11,Torr,23.cross_gate_connectingPort1,23.cross_gate_connectingPort1/MassSpecData-02115-20261006-203752.csv,4.837316666666666
2026-10-06 20:38:31.849,8.3152e-11,Torr,23.cross_gate_connectingPort1,23.cross_gate_connectingPort1/MassSpecData-02115-20261006-203752.csv,4.840783333333333
2026-10-06 20:38:32.058,9.1116e-11,Torr,23.cross_gate_connectingPort1,23.cross_gate_connectingPort1/MassSpecData-02115-20261006-203752.csv,4.844266666666667
2026-10-06 20:38:32.266,9.5751e-11,Torr,23.cross_gate_connectingPort1,23.cross_gate_connectingPort1/MassSpecData-02115-20261006-203752.csv,4.847733333333333
2026-10-06 20:38:32.474,8.0471e-11,Torr,23.cross_gate_connectingPort1,23.cross_gate_connectingPort1/MassSpecData-02115-20261006-203752.csv,4.8512
2026-10-06 20:38:32.683,8.8833e-11,Torr,23.cross_gate_connectingPort1,23.cross_gate_connectingPort1/MassSpecData-02115-20261006-203752.csv,4.854683333333333
2026-10-06 20:38:32.891,8.3824e-11,Torr,23.cross_gate_connectingPort1,23.cross_gate_connectingPort1/MassSpecData-02115-20261006-203752.csv,4.858149999999999
2026-10-06 20:38:33.099,7.2198e-11,Torr,23.cross_gate_connectingPort1,23.cross_gate_connectingPort1/MassSpecData-02115-20261006-203752.csv,4.8616166666666665
2026-10-06 20:38:33.308,6.0728e-11,Torr,23.cross_gate_connectingPort1,23.cross_gate_connectingPort1/MassSpecData-02115-20261006-203752.csv,4.8651
2026-10-06 20:38:33.516,7.0745e-11,Torr,23.cross_gate_connectingPort1,23.cross_gate_connectingPort1/MassSpecData-02115-20261006-203752.csv,4.868566666666666
2026-10-06 20:38:33.724,7.4295e-11,Torr,23.cross_gate_connectingPort1,23.cross_gate_connectingPort1/MassSpecData-02115-20261006-203752.csv,4.872033333333333
2026-10-06 20:38:34.004,7.0999e-11,Torr,23.cross_gate_connectingPort1,23.cross_gate_connectingPort1/MassSpecData-02115-20261006-203834.csv,4.8767
2026-10-06 20:38:34.212,7.3038e-11,Torr,23.cross_gate_connectingPort1,23.cross_gate_connectingPort1/MassSpecData-02115-20261006-203834.csv,4.880166666666667
2026-10-06 20:38:34.421,9.5292e-11,Torr,23.cross_gate_connectingPort1,23.cross_gate_connectingPort1/MassSpecData-02115-20261006-203834.csv,4.88365
2026-10-06 20:38:34.629,8.3648e-11,Torr,23.cross_gate_connectingPort1,23.cross_gate_connectingPort1/MassSpecData-02115-20261006-203834.csv,4.8871166666666666
2026-10-06 20:38:34.837,7.81e-11,Torr,23.cross_gate_connectingPort1,23.cross_gate_connectingPort1/MassSpecData-02115-20261006-203834.csv,4.890583333333334
2026-10-06 20:38:35.046,8.5773e-11,Torr,23.cross_gate_connectingPort1,23.cross_gate_connectingPort1/MassSpecData-02115-20261006-203834.csv,4.894066666666666
2026-10-06 20:38:35.254,7.2408e-11,Torr,23.cross_gate_connectingPort1,23.cross_gate_connectingPort1/MassSpecData-02115-20261006-203834.csv,4.897533333333333
2026-10-06 20:38:35.462,7.5754e-11,Torr,23.cross_gate_connectingPort1,23.cross_gate_connectingPort1/MassSpecData-02115-20261006-203834.csv,4.901
2026-10-06 20:38:35.670,8.0132e-11,Torr,23.cross_gate_connectingPort1,23.cross_gate_connectingPort1/MassSpecData-02115-20261006-203834.csv,4.904466666666666
2026-10-06 20:38:35.879,7.1864e-11,Torr,23.cross_gate_connectingPort1,23.cross_gate_connectingPort1/MassSpecData-02115-20261006-203834.csv,4.90795
2026-10-06 20:38:36.087,7.9117e-11,Torr,23.cross_gate_connectingPort1,23.cross_gate_connectingPort1/MassSpecData-02115-20261006-203834.csv,4.911416666666667
2026-10-06 20:38:36.296,6.2477e-11,Torr,23.cross_gate_connectingPort1,23.cross_gate_connectingPort1/MassSpecData-02115-20261006-203834.csv,4.9149
2026-10-06 20:38:36.504,9.8763e-11,Torr,23.cross_gate_connectingPort1,23.cross_gate_connectingPort1/MassSpecData-02115-20261006-203834.csv,4.9183666666666666
2026-10-06 20:38:36.712,8.7759e-11,Torr,23.cross_gate_connectingPort1,23.cross_gate_connectingPort1/MassSpecData-02115-20261006-203834.csv,4.921833333333334
2026-10-06 20:38:36.921,8.0482e-11,Torr,23.cross_gate_connectingPort1,23.cross_gate_connectingPort1/MassSpecData-02115-20261006-203834.csv,4.925316666666666
2026-10-06 20:38:37.129,8.1647e-11,Torr,23.cross_gate_connectingPort1,23.cross_gate_connectingPort1/MassSpecData-02115-20261006-203834.csv,4.928783333333333
2026-10-06 20:38:37.337,7.7363e-11,Torr,23.cross_gate_connectingPort1,23.cross_gate_connectingPort1/MassSpecData-02115-20261006-203834.csv,4.93225
2026-10-06 20:38:37.546,8.6032e-11,Torr,23.cross_gate_connectingPort1,23.cross_gate_connectingPort1/MassSpecData-02115-20261006-203834.csv,4.935733333333333
2026-10-06 20:38:37.754,8.1881e-11,Torr,23.cross_gate_connectingPort1,23.cross_gate_connectingPort1/MassSpecData-02115-20261006-203834.csv,4.9392
2026-10-06 20:38:37.962,7.1272e-11,Torr,23.cross_gate_connectingPort1,23.cross_gate_connectingPort1/MassSpecData-02115-20261006-203834.csv,4.942666666666667
2026-10-06 20:38:38.171,6.9891e-11,Torr,23.cross_gate_connectingPort1,23.cross_gate_connectingPort1/MassSpecData-02115-20261006-203834.csv,4.94615
2026-10-06 20:38:38.379,7.3479e-11,Torr,23.cross_gate_connectingPort1,23.cross_gate_connectingPort1/MassSpecData-02115-20261006-203834.csv,4.9496166666666666
2026-10-06 20:38:38.587,9.0057e-11,Torr,23.cross_gate_connectingPort1,23.cross_gate_connectingPort1/MassSpecData-02115-20261006-203834.csv,4.953083333333334
2026-10-06 20:38:38.796,8.4924e-11,Torr,23.cross_gate_connectingPort1,23.cross_gate_connectingPort1/MassSpecData-02115-20261006-203834.csv,4.956566666666666
2026-10-06 20:38:39.004,6.3916e-11,Torr,23.cross_gate_connectingPort1,23.cross_gate_connectingPort1/MassSpecData-02115-20261006-203834.csv,4.960033333333333
2026-10-06 20:38:39.212,9.2988e-11,Torr,23.cross_gate_connectingPort1,23.cross_gate_connectingPort1/MassSpecData-02115-20261006-203834.csv,4.9635
2026-10-06 20:38:39.420,8.0907e-11,Torr,23.cross_gate_connectingPort1,23.cross_gate_connectingPort1/MassSpecData-02115-20261006-203834.csv,4.966966666666666
2026-10-06 20:38:39.629,7.8585e-11,Torr,23.cross_gate_connectingPort1,23.cross_gate_connectingPort1/MassSpecData-02115-20261006-203834.csv,4.97045
2026-10-06 20:38:39.837,8.8545e-11,Torr,23.cross_gate_connectingPort1,23.cross_gate_connectingPort1/MassSpecData-02115-20261006-203834.csv,4.973916666666667
2026-10-06 20:38:40.045,8.4107e-11,Torr,23.cross_gate_connectingPort1,23.cross_gate_connectingPort1/MassSpecData-02115-20261006-203834.csv,4.977383333333333
2026-10-06 20:38:40.254,8.8284e-11,Torr,23.cross_gate_connectingPort1,23.cross_gate_connectingPort1/MassSpecData-02115-20261006-203834.csv,4.9808666666666666
2026-10-06 20:38:40.462,8.9089e-11,Torr,23.cross_gate_connectingPort1,23.cross_gate_connectingPort1/MassSpecData-02115-20261006-203834.csv,4.984333333333334
2026-10-06 20:38:40.670,8.2655e-11,Torr,23.cross_gate_connectingPort1,23.cross_gate_connectingPort1/MassSpecData-02115-20261006-203834.csv,4.987799999999999
2026-10-06 20:38:40.879,7.924e-11,Torr,23.cross_gate_connectingPort1,23.cross_gate_connectingPort1/MassSpecData-02115-20261006-203834.csv,4.991283333333333
2026-10-06 20:38:41.087,8.1346e-11,Torr,23.cross_gate_connectingPort1,23.cross_gate_connectingPort1/MassSpecData-02115-20261006-203834.csv,4.99475
2026-10-06 20:38:41.295,7.6568e-11,Torr,23.cross_gate_connectingPort1,23.cross_gate_connectingPort1/MassSpecData-02115-20261006-203834.csv,4.998216666666666
2026-10-06 20:38:41.504,9.4509e-11,Torr,23.cross_gate_connectingPort1,23.cross_gate_connectingPort1/MassSpecData-02115-20261006-203834.csv,5.0017
2026-10-06 20:38:41.712,9.126e-11,Torr,23.cross_gate_connectingPort1,23.cross_gate_connectingPort1/MassSpecData-02115-20261006-203834.csv,5.005166666666667
2026-10-06 20:38:41.920,7.5056e-11,Torr,23.cross_gate_connectingPort1,23.cross_gate_connectingPort1/MassSpecData-02115-20261006-203834.csv,5.008633333333333
2026-10-06 20:38:42.129,7.7026e-11,Torr,23.cross_gate_connectingPort1,23.cross_gate_connectingPort1/MassSpecData-02115-20261006-203834.csv,5.0121166666666666
2026-10-06 20:38:42.337,8.7479e-11,Torr,23.cross_gate_connectingPort1,23.cross_gate_connectingPort1/MassSpecData-02115-20261006-203834.csv,5.015583333333334
2026-10-06 20:38:42.545,7.9657e-11,Torr,23.cross_gate_connectingPort1,23.cross_gate_connectingPort1/MassSpecData-02115-20261006-203834.csv,5.019049999999999
2026-10-06 20:38:42.754,7.5955e-11,Torr,23.cross_gate_connectingPort1,23.cross_gate_connectingPort1/MassSpecData-02115-20261006-203834.csv,5.022533333333333
2026-10-06 20:38:42.962,8.2334e-11,Torr,23.cross_gate_connectingPort1,23.cross_gate_connectingPort1/MassSpecData-02115-20261006-203834.csv,5.026
2026-10-06 20:38:43.171,7.4774e-11,Torr,23.cross_gate_connectingPort1,23.cross_gate_connectingPort1/MassSpecData-02115-20261006-203834.csv,5.029483333333333
2026-10-06 20:38:43.379,9.3368e-11,Torr,23.cross_gate_connectingPort1,23.cross_gate_connectingPort1/MassSpecData-02115-20261006-203834.csv,5.03295
2026-10-06 20:38:43.587,1.0285e-10,Torr,23.cross_gate_connectingPort1,23.cross_gate_connectingPort1/MassSpecData-02115-20261006-203834.csv,5.036416666666667
2026-10-06 20:38:43.796,7.7165e-11,Torr,23.cross_gate_connectingPort1,23.cross_gate_connectingPort1/MassSpecData-02115-20261006-203834.csv,5.0399
2026-10-06 20:38:44.004,8.8937e-11,Torr,23.cross_gate_connectingPort1,23.cross_gate_connectingPort1/MassSpecData-02115-20261006-203834.csv,5.0433666666666666
2026-10-06 20:38:44.212,7.7941e-11,Torr,23.cross_gate_connectingPort1,23.cross_gate_connectingPort1/MassSpecData-02115-20261006-203834.csv,5.046833333333334
2026-10-06 20:38:44.421,1.1102e-10,Torr,23.cross_gate_connectingPort1,23.cross_gate_connectingPort1/MassSpecData-02115-20261006-203834.csv,5.050316666666666
2026-10-06 20:38:44.629,7.7039e-11,Torr,23.cross_gate_connectingPort1,23.cross_gate_connectingPort1/MassSpecData-02115-20261006-203834.csv,5.053783333333333
2026-10-06 20:38:44.837,9.0872e-11,Torr,23.cross_gate_connectingPort1,23.cross_gate_connectingPort1/MassSpecData-02115-20261006-203834.csv,5.05725
2026-10-06 20:38:45.046,9.9401e-11,Torr,23.cross_gate_connectingPort1,23.cross_gate_connectingPort1/MassSpecData-02115-20261006-203834.csv,5.060733333333333
2026-10-06 20:38:45.254,8.0027e-11,Torr,23.cross_gate_connectingPort1,23.cross_gate_connectingPort1/MassSpecData-02115-20261006-203834.csv,5.0642
2026-10-06 20:38:45.462,7.5823e-11,Torr,23.cross_gate_connectingPort1,23.cross_gate_connectingPort1/MassSpecData-02115-20261006-203834.csv,5.067666666666667
2026-10-06 20:38:45.671,7.7874e-11,Torr,23.cross_gate_connectingPort1,23.cross_gate_connectingPort1/MassSpecData-02115-20261006-203834.csv,5.07115
2026-10-06 20:38:45.879,7.7389e-11,Torr,23.cross_gate_connectingPort1,23.cross_gate_connectingPort1/MassSpecData-02115-20261006-203834.csv,5.0746166666666666
2026-10-06 20:38:46.087,8.8308e-11,Torr,23.cross_gate_connectingPort1,23.cross_gate_connectingPort1/MassSpecData-02115-20261006-203834.csv,5.078083333333334
2026-10-06 20:38:46.296,7.8326e-11,Torr,23.cross_gate_connectingPort1,23.cross_gate_connectingPort1/MassSpecData-02115-20261006-203834.csv,5.081566666666666
2026-10-06 20:38:46.504,9.2323e-11,Torr,23.cross_gate_connectingPort1,23.cross_gate_connectingPort1/MassSpecData-02115-20261006-203834.csv,5.085033333333333
2026-10-06 20:38:46.712,9.0367e-11,Torr,23.cross_gate_connectingPort1,23.cross_gate_connectingPort1/MassSpecData-02115-20261006-203834.csv,5.0885
2026-10-06 20:38:46.921,9.1029e-11,Torr,23.cross_gate_connectingPort1,23.cross_gate_connectingPort1/MassSpecData-02115-20261006-203834.csv,5.091983333333333
2026-10-06 20:38:47.129,6.9791e-11,Torr,23.cross_gate_connectingPort1,23.cross_gate_connectingPort1/MassSpecData-02115-20261006-203834.csv,5.09545
2026-10-06 20:38:47.337,7.1659e-11,Torr,23.cross_gate_connectingPort1,23.cross_gate_connectingPort1/MassSpecData-02115-20261006-203834.csv,5.098916666666667
2026-10-06 20:38:47.546,8.8191e-11,Torr,23.cross_gate_connectingPort1,23.cross_gate_connectingPort1/MassSpecData-02115-20261006-203834.csv,5.1024
2026-10-06 20:38:47.754,7.9945e-11,Torr,23.cross_gate_connectingPort1,23.cross_gate_connectingPort1/MassSpecData-02115-20261006-203834.csv,5.1058666666666666
2026-10-06 20:38:47.962,7.5473e-11,Torr,23.cross_gate_connectingPort1,23.cross_gate_connectingPort1/MassSpecData-02115-20261006-203834.csv,5.109333333333334
2026-10-06 20:38:48.171,7.4657e-11,Torr,23.cross_gate_connectingPort1,23.cross_gate_connectingPort1/MassSpecData-02115-20261006-203834.csv,5.112816666666666
2026-10-06 20:38:48.379,8.4599e-11,Torr,23.cross_gate_connectingPort1,23.cross_gate_connectingPort1/MassSpecData-02115-20261006-203834.csv,5.116283333333333
2026-10-06 20:38:48.587,8.1882e-11,Torr,23.cross_gate_connectingPort1,23.cross_gate_connectingPort1/MassSpecData-02115-20261006-203834.csv,5.11975
2026-10-06 20:38:48.796,8.2777e-11,Torr,23.cross_gate_connectingPort1,23.cross_gate_connectingPort1/MassSpecData-02115-20261006-203834.csv,5.123233333333333
2026-10-06 20:38:49.004,7.7673e-11,Torr,23.cross_gate_connectingPort1,23.cross_gate_connectingPort1/MassSpecData-02115-20261006-203834.csv,5.1267
2026-10-06 20:38:49.212,9.0042e-11,Torr,23.cross_gate_connectingPort1,23.cross_gate_connectingPort1/MassSpecData-02115-20261006-203834.csv,5.130166666666667
2026-10-06 20:38:49.421,8.8601e-11,Torr,23.cross_gate_connectingPort1,23.cross_gate_connectingPort1/MassSpecData-02115-20261006-203834.csv,5.13365
2026-10-06 20:38:49.629,8.6495e-11,Torr,23.cross_gate_connectingPort1,23.cross_gate_connectingPort1/MassSpecData-02115-20261006-203834.csv,5.1371166666666666
2026-10-06 20:38:49.837,8.2748e-11,Torr,23.cross_gate_connectingPort1,23.cross_gate_connectingPort1/MassSpecData-02115-20261006-203834.csv,5.140583333333334
2026-10-06 20:38:50.046,6.9247e-11,Torr,23.cross_gate_connectingPort1,23.cross_gate_connectingPort1/MassSpecData-02115-20261006-203834.csv,5.144066666666666
2026-10-06 20:38:50.254,7.5627e-11,Torr,23.cross_gate_connectingPort1,23.cross_gate_connectingPort1/MassSpecData-02115-20261006-203834.csv,5.147533333333333
2026-10-06 20:38:50.462,9.4124e-11,Torr,23.cross_gate_connectingPort1,23.cross_gate_connectingPort1/MassSpecData-02115-20261006-203834.csv,5.151
2026-10-06 20:38:50.671,7.2835e-11,Torr,23.cross_gate_connectingPort1,23.cross_gate_connectingPort1/MassSpecData-02115-20261006-203834.csv,5.154483333333333
2026-10-06 20:38:50.879,8.1095e-11,Torr,23.cross_gate_connectingPort1,23.cross_gate_connectingPort1/MassSpecData-02115-20261006-203834.csv,5.15795
2026-10-06 20:38:51.087,7.6126e-11,Torr,23.cross_gate_connectingPort1,23.cross_gate_connectingPort1/MassSpecData-02115-20261006-203834.csv,5.161416666666667
2026-10-06 20:38:51.296,7.333e-11,Torr,23.cross_gate_connectingPort1,23.cross_gate_connectingPort1/MassSpecData-02115-20261006-203834.csv,5.1649
2026-10-06 20:38:51.504,8.5666e-11,Torr,23.cross_gate_connectingPort1,23.cross_gate_connectingPort1/MassSpecData-02115-20261006-203834.csv,5.1683666666666666
2026-10-06 20:38:51.712,8.7702e-11,Torr,23.cross_gate_connectingPort1,23.cross_gate_connectingPort1/MassSpecData-02115-20261006-203834.csv,5.171833333333334
2026-10-06 20:38:51.921,8.8109e-11,Torr,23.cross_gate_connectingPort1,23.cross_gate_connectingPort1/MassSpecData-02115-20261006-203834.csv,5.175316666666666
2026-10-06 20:38:52.129,7.1434e-11,Torr,23.cross_gate_connectingPort1,23.cross_gate_connectingPort1/MassSpecData-02115-20261006-203834.csv,5.178783333333333
2026-10-06 20:38:52.337,8.402e-11,Torr,23.cross_gate_connectingPort1,23.cross_gate_connectingPort1/MassSpecData-02115-20261006-203834.csv,5.18225
2026-10-06 20:38:52.546,9.2325e-11,Torr,23.cross_gate_connectingPort1,23.cross_gate_connectingPort1/MassSpecData-02115-20261006-203834.csv,5.185733333333333
2026-10-06 20:38:52.754,8.2431e-11,Torr,23.cross_gate_connectingPort1,23.cross_gate_connectingPort1/MassSpecData-02115-20261006-203834.csv,5.1892
2026-10-06 20:38:52.962,7.3161e-11,Torr,23.cross_gate_connectingPort1,23.cross_gate_connectingPort1/MassSpecData-02115-20261006-203834.csv,5.192666666666667
2026-10-06 20:38:53.171,8.4421e-11,Torr,23.cross_gate_connectingPort1,23.cross_gate_connectingPort1/MassSpecData-02115-20261006-203834.csv,5.19615
2026-10-06 20:38:53.379,8.5998e-11,Torr,23.cross_gate_connectingPort1,23.cross_gate_connectingPort1/MassSpecData-02115-20261006-203834.csv,5.1996166666666666
2026-10-06 20:38:53.587,7.2881e-11,Torr,23.cross_gate_connectingPort1,23.cross_gate_connectingPort1/MassSpecData-02115-20261006-203834.csv,5.203083333333334
2026-10-06 20:38:53.795,8.3419e-11,Torr,23.cross_gate_connectingPort1,23.cross_gate_connectingPort1/MassSpecData-02115-20261006-203834.csv,5.206549999999999
2026-10-06 20:38:54.004,8.8564e-11,Torr,23.cross_gate_connectingPort1,23.cross_gate_connectingPort1/MassSpecData-02115-20261006-203834.csv,5.210033333333333
2026-10-06 20:38:54.212,7.8175e-11,Torr,23.cross_gate_connectingPort1,23.cross_gate_connectingPort1/MassSpecData-02115-20261006-203834.csv,5.2135
2026-10-06 20:38:54.420,8.1245e-11,Torr,23.cross_gate_connectingPort1,23.cross_gate_connectingPort1/MassSpecData-02115-20261006-203834.csv,5.216966666666666
2026-10-06 20:38:54.629,7.6231e-11,Torr,23.cross_gate_connectingPort1,23.cross_gate_connectingPort1/MassSpecData-02115-20261006-203834.csv,5.22045
2026-10-06 20:38:54.837,7.9143e-11,Torr,23.cross_gate_connectingPort1,23.cross_gate_connectingPort1/MassSpecData-02115-20261006-203834.csv,5.223916666666667
2026-10-06 20:38:55.045,8.4373e-11,Torr,23.cross_gate_connectingPort1,23.cross_gate_connectingPort1/MassSpecData-02115-20261006-203834.csv,5.227383333333333
2026-10-06 20:38:55.254,7.3389e-11,Torr,23.cross_gate_connectingPort1,23.cross_gate_connectingPort1/MassSpecData-02115-20261006-203834.csv,5.2308666666666666
2026-10-06 20:38:55.462,7.6986e-11,Torr,23.cross_gate_connectingPort1,23.cross_gate_connectingPort1/MassSpecData-02115-20261006-203834.csv,5.234333333333334
2026-10-06 20:38:55.670,8.2045e-11,Torr,23.cross_gate_connectingPort1,23.cross_gate_connectingPort1/MassSpecData-02115-20261006-203834.csv,5.237799999999999
2026-10-06 20:38:55.879,7.6132e-11,Torr,23.cross_gate_connectingPort1,23.cross_gate_connectingPort1/MassSpecData-02115-20261006-203834.csv,5.241283333333333
2026-10-06 20:38:56.087,7.831e-11,Torr,23.cross_gate_connectingPort1,23.cross_gate_connectingPort1/MassSpecData-02115-20261006-203834.csv,5.24475
2026-10-06 20:38:56.295,7.065e-11,Torr,23.cross_gate_connectingPort1,23.cross_gate_connectingPort1/MassSpecData-02115-20261006-203834.csv,5.248216666666666
2026-10-06 20:38:56.504,7.3473e-11,Torr,23.cross_gate_connectingPort1,23.cross_gate_connectingPort1/MassSpecData-02115-20261006-203834.csv,5.2517
2026-10-06 20:38:56.712,8.8207e-11,Torr,23.cross_gate_connectingPort1,23.cross_gate_connectingPort1/MassSpecData-02115-20261006-203834.csv,5.255166666666667
2026-10-06 20:38:56.920,8.0162e-11,Torr,23.cross_gate_connectingPort1,23.cross_gate_connectingPort1/MassSpecData-02115-20261006-203834.csv,5.258633333333333
2026-10-06 20:38:57.129,7.8846e-11,Torr,23.cross_gate_connectingPort1,23.cross_gate_connectingPort1/MassSpecData-02115-20261006-203834.csv,5.2621166666666666
2026-10-06 20:38:57.337,9.1794e-11,Torr,23.cross_gate_connectingPort1,23.cross_gate_connectingPort1/MassSpecData-02115-20261006-203834.csv,5.265583333333334
2026-10-06 20:38:57.545,7.4031e-11,Torr,23.cross_gate_connectingPort1,23.cross_gate_connectingPort1/MassSpecData-02115-20261006-203834.csv,5.269049999999999
2026-10-06 20:38:57.754,7.8923e-11,Torr,23.cross_gate_connectingPort1,23.cross_gate_connectingPort1/MassSpecData-02115-20261006-203834.csv,5.272533333333333
2026-10-06 20:38:57.962,8.1581e-11,Torr,23.cross_gate_connectingPort1,23.cross_gate_connectingPort1/MassSpecData-02115-20261006-203834.csv,5.276
2026-10-06 20:38:58.170,7.41e-11,Torr,23.cross_gate_connectingPort1,23.cross_gate_connectingPort1/MassSpecData-02115-20261006-203834.csv,5.279466666666666
2026-10-06 20:38:58.379,8.5021e-11,Torr,23.cross_gate_connectingPort1,23.cross_gate_connectingPort1/MassSpecData-02115-20261006-203834.csv,5.28295
2026-10-06 20:38:58.587,7.4343e-11,Torr,23.cross_gate_connectingPort1,23.cross_gate_connectingPort1/MassSpecData-02115-20261006-203834.csv,5.286416666666667
2026-10-06 20:38:58.795,7.5509e-11,Torr,23.cross_gate_connectingPort1,23.cross_gate_connectingPort1/MassSpecData-02115-20261006-203834.csv,5.289883333333333
2026-10-06 20:38:59.004,7.7038e-11,Torr,23.cross_gate_connectingPort1,23.cross_gate_connectingPort1/MassSpecData-02115-20261006-203834.csv,5.2933666666666666
2026-10-06 20:38:59.212,7.3862e-11,Torr,23.cross_gate_connectingPort1,23.cross_gate_connectingPort1/MassSpecData-02115-20261006-203834.csv,5.296833333333334
2026-10-06 20:38:59.420,8.0568e-11,Torr,23.cross_gate_connectingPort1,23.cross_gate_connectingPort1/MassSpecData-02115-20261006-203834.csv,5.300299999999999
2026-10-06 20:38:59.629,7.9117e-11,Torr,23.cross_gate_connectingPort1,23.cross_gate_connectingPort1/MassSpecData-02115-20261006-203834.csv,5.303783333333333
2026-10-06 20:38:59.837,7.2499e-11,Torr,23.cross_gate_connectingPort1,23.cross_gate_connectingPort1/MassSpecData-02115-20261006-203834.csv,5.30725
2026-10-06 20:39:00.045,9.6732e-11,Torr,23.cross_gate_connectingPort1,23.cross_gate_connectingPort1/MassSpecData-02115-20261006-203834.csv,5.310716666666666
2026-10-06 20:39:00.254,7.9962e-11,Torr,23.cross_gate_connectingPort1,23.cross_gate_connectingPort1/MassSpecData-02115-20261006-203834.csv,5.3142
2026-10-06 20:39:00.462,9.5392e-11,Torr,23.cross_gate_connectingPort1,23.cross_gate_connectingPort1/MassSpecData-02115-20261006-203834.csv,5.317666666666667
2026-10-06 20:39:00.670,9.105e-11,Torr,23.cross_gate_connectingPort1,23.cross_gate_connectingPort1/MassSpecData-02115-20261006-203834.csv,5.321133333333333
2026-10-06 20:39:00.879,8.2002e-11,Torr,23.cross_gate_connectingPort1,23.cross_gate_connectingPort1/MassSpecData-02115-20261006-203834.csv,5.3246166666666666
2026-10-06 20:39:01.087,9.603e-11,Torr,23.cross_gate_connectingPort1,23.cross_gate_connectingPort1/MassSpecData-02115-20261006-203834.csv,5.328083333333334
2026-10-06 20:39:01.295,8.2111e-11,Torr,23.cross_gate_connectingPort1,23.cross_gate_connectingPort1/MassSpecData-02115-20261006-203834.csv,5.331549999999999
2026-10-06 20:39:01.504,7.831e-11,Torr,23.cross_gate_connectingPort1,23.cross_gate_connectingPort1/MassSpecData-02115-20261006-203834.csv,5.335033333333333
2026-10-06 20:39:01.712,9.211e-11,Torr,23.cross_gate_connectingPort1,23.cross_gate_connectingPort1/MassSpecData-02115-20261006-203834.csv,5.3385
2026-10-06 20:39:01.920,7.0899e-11,Torr,23.cross_gate_connectingPort1,23.cross_gate_connectingPort1/MassSpecData-02115-20261006-203834.csv,5.341966666666666
2026-10-06 20:39:02.129,7.2707e-11,Torr,23.cross_gate_connectingPort1,23.cross_gate_connectingPort1/MassSpecData-02115-20261006-203834.csv,5.34545
2026-10-06 20:39:02.337,8.2429e-11,Torr,23.cross_gate_connectingPort1,23.cross_gate_connectingPort1/MassSpecData-02115-20261006-203834.csv,5.348916666666667
2026-10-06 20:39:02.545,8.1941e-11,Torr,23.cross_gate_connectingPort1,23.cross_gate_connectingPort1/MassSpecData-02115-20261006-203834.csv,5.352383333333333
2026-10-06 20:39:02.754,8.5167e-11,Torr,23.cross_gate_connectingPort1,23.cross_gate_connectingPort1/MassSpecData-02115-20261006-203834.csv,5.3558666666666666
2026-10-06 20:39:02.962,8.9746e-11,Torr,23.cross_gate_connectingPort1,23.cross_gate_connectingPort1/MassSpecData-02115-20261006-203834.csv,5.359333333333334
2026-10-06 20:39:03.170,7.7037e-11,Torr,23.cross_gate_connectingPort1,23.cross_gate_connectingPort1/MassSpecData-02115-20261006-203834.csv,5.362799999999999
2026-10-06 20:39:03.379,7.7878e-11,Torr,23.cross_gate_connectingPort1,23.cross_gate_connectingPort1/MassSpecData-02115-20261006-203834.csv,5.366283333333333
2026-10-06 20:39:03.587,9.7839e-11,Torr,23.cross_gate_connectingPort1,23.cross_gate_connectingPort1/MassSpecData-02115-20261006-203834.csv,5.36975
2026-10-06 20:39:03.795,7.5555e-11,Torr,23.cross_gate_connectingPort1,23.cross_gate_connectingPort1/MassSpecData-02115-20261006-203834.csv,5.373216666666666
2026-10-06 20:39:04.004,6.5154e-11,Torr,23.cross_gate_connectingPort1,23.cross_gate_connectingPort1/MassSpecData-02115-20261006-203834.csv,5.3767
2026-10-06 20:39:04.212,7.2119e-11,Torr,23.cross_gate_connectingPort1,23.cross_gate_connectingPort1/MassSpecData-02115-20261006-203834.csv,5.380166666666667
2026-10-06 20:39:04.420,8.1814e-11,Torr,23.cross_gate_connectingPort1,23.cross_gate_connectingPort1/MassSpecData-02115-20261006-203834.csv,5.383633333333333
2026-10-06 20:39:04.629,8.7032e-11,Torr,23.cross_gate_connectingPort1,23.cross_gate_connectingPort1/MassSpecData-02115-20261006-203834.csv,5.3871166666666666
2026-10-06 20:39:04.837,7.4727e-11,Torr,23.cross_gate_connectingPort1,23.cross_gate_connectingPort1/MassSpecData-02115-20261006-203834.csv,5.390583333333334
2026-10-06 20:39:05.045,6.8722e-11,Torr,23.cross_gate_connectingPort1,23.cross_gate_connectingPort1/MassSpecData-02115-20261006-203834.csv,5.394049999999999
2026-10-06 20:39:05.254,9.9719e-11,Torr,23.cross_gate_connectingPort1,23.cross_gate_connectingPort1/MassSpecData-02115-20261006-203834.csv,5.397533333333333
2026-10-06 20:39:05.462,8.233e-11,Torr,23.cross_gate_connectingPort1,23.cross_gate_connectingPort1/MassSpecData-02115-20261006-203834.csv,5.401
2026-10-06 20:39:05.670,8.1373e-11,Torr,23.cross_gate_connectingPort1,23.cross_gate_connectingPort1/MassSpecData-02115-20261006-203834.csv,5.404466666666666
2026-10-06 20:39:05.879,9.2945e-11,Torr,23.cross_gate_connectingPort1,23.cross_gate_connectingPort1/MassSpecData-02115-20261006-203834.csv,5.40795
2026-10-06 20:39:06.087,7.2289e-11,Torr,23.cross_gate_connectingPort1,23.cross_gate_connectingPort1/MassSpecData-02115-20261006-203834.csv,5.411416666666667
2026-10-06 20:39:06.295,8.5494e-11,Torr,23.cross_gate_connectingPort1,23.cross_gate_connectingPort1/MassSpecData-02115-20261006-203834.csv,5.414883333333333
2026-10-06 20:39:06.504,7.7452e-11,Torr,23.cross_gate_connectingPort1,23.cross_gate_connectingPort1/MassSpecData-02115-20261006-203834.csv,5.4183666666666666
2026-10-06 20:39:06.712,8.2225e-11,Torr,23.cross_gate_connectingPort1,23.cross_gate_connectingPort1/MassSpecData-02115-20261006-203834.csv,5.421833333333334
2026-10-06 20:39:06.920,9.5384e-11,Torr,23.cross_gate_connectingPort1,23.cross_gate_connectingPort1/MassSpecData-02115-20261006-203834.csv,5.425299999999999
2026-10-06 20:39:07.129,1.0195e-10,Torr,23.cross_gate_connectingPort1,23.cross_gate_connectingPort1/MassSpecData-02115-20261006-203834.csv,5.428783333333333
2026-10-06 20:39:07.337,8.931e-11,Torr,23.cross_gate_connectingPort1,23.cross_gate_connectingPort1/MassSpecData-02115-20261006-203834.csv,5.43225
2026-10-06 20:39:07.545,7.8167e-11,Torr,23.cross_gate_connectingPort1,23.cross_gate_connectingPort1/MassSpecData-02115-20261006-203834.csv,5.435716666666666
2026-10-06 20:39:07.754,8.7836e-11,Torr,23.cross_gate_connectingPort1,23.cross_gate_connectingPort1/MassSpecData-02115-20261006-203834.csv,5.4392
2026-10-06 20:39:07.962,8.7467e-11,Torr,23.cross_gate_connectingPort1,23.cross_gate_connectingPort1/MassSpecData-02115-20261006-203834.csv,5.442666666666667
2026-10-06 20:39:08.170,7.6263e-11,Torr,23.cross_gate_connectingPort1,23.cross_gate_connectingPort1/MassSpecData-02115-20261006-203834.csv,5.446133333333333
2026-10-06 20:39:08.379,7.8521e-11,Torr,23.cross_gate_connectingPort1,23.cross_gate_connectingPort1/MassSpecData-02115-20261006-203834.csv,5.4496166666666666
2026-10-06 20:39:08.587,8.6938e-11,Torr,23.cross_gate_connectingPort1,23.cross_gate_connectingPort1/MassSpecData-02115-20261006-203834.csv,5.453083333333334
2026-10-06 20:39:08.795,6.9127e-11,Torr,23.cross_gate_connectingPort1,23.cross_gate_connectingPort1/MassSpecData-02115-20261006-203834.csv,5.456549999999999
2026-10-06 20:39:09.004,8.3921e-11,Torr,23.cross_gate_connectingPort1,23.cross_gate_connectingPort1/MassSpecData-02115-20261006-203834.csv,5.460033333333333
2026-10-06 20:39:09.212,7.3322e-11,Torr,23.cross_gate_connectingPort1,23.cross_gate_connectingPort1/MassSpecData-02115-20261006-203834.csv,5.4635
2026-10-06 20:39:09.420,7.0606e-11,Torr,23.cross_gate_connectingPort1,23.cross_gate_connectingPort1/MassSpecData-02115-20261006-203834.csv,5.466966666666666
2026-10-06 20:39:09.629,7.9452e-11,Torr,23.cross_gate_connectingPort1,23.cross_gate_connectingPort1/MassSpecData-02115-20261006-203834.csv,5.47045
2026-10-06 20:39:09.837,9.1634e-11,Torr,23.cross_gate_connectingPort1,23.cross_gate_connectingPort1/MassSpecData-02115-20261006-203834.csv,5.473916666666667
2026-10-06 20:39:10.045,8.1057e-11,Torr,23.cross_gate_connectingPort1,23.cross_gate_connectingPort1/MassSpecData-02115-20261006-203834.csv,5.477383333333333
2026-10-06 20:39:10.254,9.1203e-11,Torr,23.cross_gate_connectingPort1,23.cross_gate_connectingPort1/MassSpecData-02115-20261006-203834.csv,5.4808666666666666
2026-10-06 20:39:10.462,8.5414e-11,Torr,23.cross_gate_connectingPort1,23.cross_gate_connectingPort1/MassSpecData-02115-20261006-203834.csv,5.484333333333334
2026-10-06 20:39:10.670,7.4437e-11,Torr,23.cross_gate_connectingPort1,23.cross_gate_connectingPort1/MassSpecData-02115-20261006-203834.csv,5.487799999999999
2026-10-06 20:39:10.879,7.157e-11,Torr,23.cross_gate_connectingPort1,23.cross_gate_connectingPort1/MassSpecData-02115-20261006-203834.csv,5.491283333333333
2026-10-06 20:39:11.087,8.0346e-11,Torr,23.cross_gate_connectingPort1,23.cross_gate_connectingPort1/MassSpecData-02115-20261006-203834.csv,5.49475
2026-10-06 20:39:11.295,7.8179e-11,Torr,23.cross_gate_connectingPort1,23.cross_gate_connectingPort1/MassSpecData-02115-20261006-203834.csv,5.498216666666666
2026-10-06 20:39:11.504,8.565e-11,Torr,23.cross_gate_connectingPort1,23.cross_gate_connectingPort1/MassSpecData-02115-20261006-203834.csv,5.5017
2026-10-06 20:39:11.712,7.5455e-11,Torr,23.cross_gate_connectingPort1,23.cross_gate_connectingPort1/MassSpecData-02115-20261006-203834.csv,5.505166666666667
2026-10-06 20:39:11.921,9.2406e-11,Torr,23.cross_gate_connectingPort1,23.cross_gate_connectingPort1/MassSpecData-02115-20261006-203834.csv,5.50865
2026-10-06 20:39:12.129,8.6042e-11,Torr,23.cross_gate_connectingPort1,23.cross_gate_connectingPort1/MassSpecData-02115-20261006-203834.csv,5.5121166666666666
2026-10-06 20:39:12.337,9.6319e-11,Torr,23.cross_gate_connectingPort1,23.cross_gate_connectingPort1/MassSpecData-02115-20261006-203834.csv,5.515583333333334
2026-10-06 20:39:12.546,8.3762e-11,Torr,23.cross_gate_connectingPort1,23.cross_gate_connectingPort1/MassSpecData-02115-20261006-203834.csv,5.519066666666666
2026-10-06 20:39:12.754,7.9931e-11,Torr,23.cross_gate_connectingPort1,23.cross_gate_connectingPort1/MassSpecData-02115-20261006-203834.csv,5.522533333333333
2026-10-06 20:39:12.962,7.8007e-11,Torr,23.cross_gate_connectingPort1,23.cross_gate_connectingPort1/MassSpecData-02115-20261006-203834.csv,5.526
2026-10-06 20:39:13.171,7.912e-11,Torr,23.cross_gate_connectingPort1,23.cross_gate_connectingPort1/MassSpecData-02115-20261006-203834.csv,5.529483333333333
2026-10-06 20:39:13.379,7.8711e-11,Torr,23.cross_gate_connectingPort1,23.cross_gate_connectingPort1/MassSpecData-02115-20261006-203834.csv,5.53295
2026-10-06 20:39:13.587,7.7663e-11,Torr,23.cross_gate_connectingPort1,23.cross_gate_connectingPort1/MassSpecData-02115-20261006-203834.csv,5.536416666666667
2026-10-06 20:39:13.796,8.2388e-11,Torr,23.cross_gate_connectingPort1,23.cross_gate_connectingPort1/MassSpecData-02115-20261006-203834.csv,5.5399
2026-10-06 20:39:14.004,7.4675e-11,Torr,23.cross_gate_connectingPort1,23.cross_gate_connectingPort1/MassSpecData-02115-20261006-203834.csv,5.5433666666666666
2026-10-06 20:39:14.212,8.2786e-11,Torr,23.cross_gate_connectingPort1,23.cross_gate_connectingPort1/MassSpecData-02115-20261006-203834.csv,5.546833333333334
2026-10-06 20:39:14.421,8.1094e-11,Torr,23.cross_gate_connectingPort1,23.cross_gate_connectingPort1/MassSpecData-02115-20261006-203834.csv,5.550316666666666
2026-10-06 20:39:14.629,7.5011e-11,Torr,23.cross_gate_connectingPort1,23.cross_gate_connectingPort1/MassSpecData-02115-20261006-203834.csv,5.553783333333333
2026-10-06 20:39:14.837,8.277e-11,Torr,23.cross_gate_connectingPort1,23.cross_gate_connectingPort1/MassSpecData-02115-20261006-203834.csv,5.55725
2026-10-06 20:39:15.046,7.1046e-11,Torr,23.cross_gate_connectingPort1,23.cross_gate_connectingPort1/MassSpecData-02115-20261006-203834.csv,5.560733333333333
2026-10-06 20:39:15.254,8.0735e-11,Torr,23.cross_gate_connectingPort1,23.cross_gate_connectingPort1/MassSpecData-02115-20261006-203834.csv,5.5642
2026-10-06 20:39:15.462,6.1933e-11,Torr,23.cross_gate_connectingPort1,23.cross_gate_connectingPort1/MassSpecData-02115-20261006-203834.csv,5.567666666666667
2026-10-06 20:39:15.801,7.3846e-11,Torr,23.cross_gate_connectingPort1,23.cross_gate_connectingPort1/MassSpecData-02115-20261006-203915.csv,5.573316666666667
2026-10-06 20:39:16.009,9.1793e-11,Torr,23.cross_gate_connectingPort1,23.cross_gate_connectingPort1/MassSpecData-02115-20261006-203915.csv,5.576783333333334
2026-10-06 20:39:16.218,7.7977e-11,Torr,23.cross_gate_connectingPort1,23.cross_gate_connectingPort1/MassSpecData-02115-20261006-203915.csv,5.580266666666666
2026-10-06 20:39:16.426,8.7201e-11,Torr,23.cross_gate_connectingPort1,23.cross_gate_connectingPort1/MassSpecData-02115-20261006-203915.csv,5.583733333333333
2026-10-06 20:39:16.634,7.0375e-11,Torr,23.cross_gate_connectingPort1,23.cross_gate_connectingPort1/MassSpecData-02115-20261006-203915.csv,5.5872
2026-10-06 20:39:16.843,8.6615e-11,Torr,23.cross_gate_connectingPort1,23.cross_gate_connectingPort1/MassSpecData-02115-20261006-203915.csv,5.590683333333333
2026-10-06 20:39:17.051,9.1175e-11,Torr,23.cross_gate_connectingPort1,23.cross_gate_connectingPort1/MassSpecData-02115-20261006-203915.csv,5.59415
2026-10-06 20:39:17.259,8.3624e-11,Torr,23.cross_gate_connectingPort1,23.cross_gate_connectingPort1/MassSpecData-02115-20261006-203915.csv,5.597616666666667
2026-10-06 20:39:17.467,7.519e-11,Torr,23.cross_gate_connectingPort1,23.cross_gate_connectingPort1/MassSpecData-02115-20261006-203915.csv,5.601083333333333
2026-10-06 20:39:17.676,7.1672e-11,Torr,23.cross_gate_connectingPort1,23.cross_gate_connectingPort1/MassSpecData-02115-20261006-203915.csv,5.604566666666667
2026-10-06 20:39:17.884,9.4198e-11,Torr,23.cross_gate_connectingPort1,23.cross_gate_connectingPort1/MassSpecData-02115-20261006-203915.csv,5.608033333333334
2026-10-06 20:39:18.093,7.9194e-11,Torr,23.cross_gate_connectingPort1,23.cross_gate_connectingPort1/MassSpecData-02115-20261006-203915.csv,5.611516666666666
2026-10-06 20:39:18.301,7.9583e-11,Torr,23.cross_gate_connectingPort1,23.cross_gate_connectingPort1/MassSpecData-02115-20261006-203915.csv,5.614983333333333
2026-10-06 20:39:18.509,8.4581e-11,Torr,23.cross_gate_connectingPort1,23.cross_gate_connectingPort1/MassSpecData-02115-20261006-203915.csv,5.61845
2026-10-06 20:39:18.718,8.0127e-11,Torr,23.cross_gate_connectingPort1,23.cross_gate_connectingPort1/MassSpecData-02115-20261006-203915.csv,5.621933333333333
2026-10-06 20:39:18.926,8.7647e-11,Torr,23.cross_gate_connectingPort1,23.cross_gate_connectingPort1/MassSpecData-02115-20261006-203915.csv,5.6254
2026-10-06 20:39:19.134,7.467e-11,Torr,23.cross_gate_connectingPort1,23.cross_gate_connectingPort1/MassSpecData-02115-20261006-203915.csv,5.628866666666667
2026-10-06 20:39:19.343,8.9482e-11,Torr,23.cross_gate_connectingPort1,23.cross_gate_connectingPort1/MassSpecData-02115-20261006-203915.csv,5.63235
2026-10-06 20:39:19.551,7.9215e-11,Torr,23.cross_gate_connectingPort1,23.cross_gate_connectingPort1/MassSpecData-02115-20261006-203915.csv,5.635816666666667
2026-10-06 20:39:19.759,7.9877e-11,Torr,23.cross_gate_connectingPort1,23.cross_gate_connectingPort1/MassSpecData-02115-20261006-203915.csv,5.639283333333334
2026-10-06 20:39:19.968,7.5201e-11,Torr,23.cross_gate_connectingPort1,23.cross_gate_connectingPort1/MassSpecData-02115-20261006-203915.csv,5.642766666666666
2026-10-06 20:39:20.176,8.8872e-11,Torr,23.cross_gate_connectingPort1,23.cross_gate_connectingPort1/MassSpecData-02115-20261006-203915.csv,5.646233333333333
2026-10-06 20:39:20.384,8.0573e-11,Torr,23.cross_gate_connectingPort1,23.cross_gate_connectingPort1/MassSpecData-02115-20261006-203915.csv,5.6497
2026-10-06 20:39:20.593,7.8102e-11,Torr,23.cross_gate_connectingPort1,23.cross_gate_connectingPort1/MassSpecData-02115-20261006-203915.csv,5.653183333333333
2026-10-06 20:39:20.801,8.4101e-11,Torr,23.cross_gate_connectingPort1,23.cross_gate_connectingPort1/MassSpecData-02115-20261006-203915.csv,5.65665
2026-10-06 20:39:21.009,8.4365e-11,Torr,23.cross_gate_connectingPort1,23.cross_gate_connectingPort1/MassSpecData-02115-20261006-203915.csv,5.660116666666667
2026-10-06 20:39:21.217,7.0215e-11,Torr,23.cross_gate_connectingPort1,23.cross_gate_connectingPort1/MassSpecData-02115-20261006-203915.csv,5.663583333333333
2026-10-06 20:39:21.426,6.3793e-11,Torr,23.cross_gate_connectingPort1,23.cross_gate_connectingPort1/MassSpecData-02115-20261006-203915.csv,5.667066666666667
2026-10-06 20:39:21.634,7.1555e-11,Torr,23.cross_gate_connectingPort1,23.cross_gate_connectingPort1/MassSpecData-02115-20261006-203915.csv,5.670533333333334
2026-10-06 20:39:21.842,7.5347e-11,Torr,23.cross_gate_connectingPort1,23.cross_gate_connectingPort1/MassSpecData-02115-20261006-203915.csv,5.674
2026-10-06 20:39:22.051,7.6861e-11,Torr,23.cross_gate_connectingPort1,23.cross_gate_connectingPort1/MassSpecData-02115-20261006-203915.csv,5.677483333333333
2026-10-06 20:39:22.259,8.5141e-11,Torr,23.cross_gate_connectingPort1,23.cross_gate_connectingPort1/MassSpecData-02115-20261006-203915.csv,5.68095
2026-10-06 20:39:22.467,7.2908e-11,Torr,23.cross_gate_connectingPort1,23.cross_gate_connectingPort1/MassSpecData-02115-20261006-203915.csv,5.6844166666666665
2026-10-06 20:39:22.676,6.8177e-11,Torr,23.cross_gate_connectingPort1,23.cross_gate_connectingPort1/MassSpecData-02115-20261006-203915.csv,5.6879
2026-10-06 20:39:22.884,7.3574e-11,Torr,23.cross_gate_connectingPort1,23.cross_gate_connectingPort1/MassSpecData-02115-20261006-203915.csv,5.691366666666667
2026-10-06 20:39:23.092,7.1109e-11,Torr,23.cross_gate_connectingPort1,23.cross_gate_connectingPort1/MassSpecData-02115-20261006-203915.csv,5.694833333333333
2026-10-06 20:39:23.301,8.4347e-11,Torr,23.cross_gate_connectingPort1,23.cross_gate_connectingPort1/MassSpecData-02115-20261006-203915.csv,5.698316666666667
2026-10-06 20:39:23.509,7.325e-11,Torr,23.cross_gate_connectingPort1,23.cross_gate_connectingPort1/MassSpecData-02115-20261006-203915.csv,5.701783333333334
2026-10-06 20:39:23.717,9.3185e-11,Torr,23.cross_gate_connectingPort1,23.cross_gate_connectingPort1/MassSpecData-02115-20261006-203915.csv,5.70525
2026-10-06 20:39:23.926,8.1079e-11,Torr,23.cross_gate_connectingPort1,23.cross_gate_connectingPort1/MassSpecData-02115-20261006-203915.csv,5.708733333333333
2026-10-06 20:39:24.134,9.0631e-11,Torr,23.cross_gate_connectingPort1,23.cross_gate_connectingPort1/MassSpecData-02115-20261006-203915.csv,5.7122
2026-10-06 20:39:24.342,7.6112e-11,Torr,23.cross_gate_connectingPort1,23.cross_gate_connectingPort1/MassSpecData-02115-20261006-203915.csv,5.7156666666666665
2026-10-06 20:39:24.551,8.8284e-11,Torr,23.cross_gate_connectingPort1,23.cross_gate_connectingPort1/MassSpecData-02115-20261006-203915.csv,5.71915
2026-10-06 20:39:24.759,7.245e-11,Torr,23.cross_gate_connectingPort1,23.cross_gate_connectingPort1/MassSpecData-02115-20261006-203915.csv,5.722616666666667
2026-10-06 20:39:24.968,8.0767e-11,Torr,23.cross_gate_connectingPort1,23.cross_gate_connectingPort1/MassSpecData-02115-20261006-203915.csv,5.7261
2026-10-06 20:39:25.176,7.2293e-11,Torr,23.cross_gate_connectingPort1,23.cross_gate_connectingPort1/MassSpecData-02115-20261006-203915.csv,5.729566666666667
2026-10-06 20:39:25.384,8.9053e-11,Torr,23.cross_gate_connectingPort1,23.cross_gate_connectingPort1/MassSpecData-02115-20261006-203915.csv,5.733033333333334
2026-10-06 20:39:25.593,7.1728e-11,Torr,23.cross_gate_connectingPort1,23.cross_gate_connectingPort1/MassSpecData-02115-20261006-203915.csv,5.736516666666666
2026-10-06 20:39:25.801,7.5677e-11,Torr,23.cross_gate_connectingPort1,23.cross_gate_connectingPort1/MassSpecData-02115-20261006-203915.csv,5.739983333333333
2026-10-06 20:39:26.009,7.8352e-11,Torr,23.cross_gate_connectingPort1,23.cross_gate_connectingPort1/MassSpecData-02115-20261006-203915.csv,5.74345
2026-10-06 20:39:26.218,8.9946e-11,Torr,23.cross_gate_connectingPort1,23.cross_gate_connectingPort1/MassSpecData-02115-20261006-203915.csv,5.746933333333333
2026-10-06 20:39:26.426,7.4774e-11,Torr,23.cross_gate_connectingPort1,23.cross_gate_connectingPort1/MassSpecData-02115-20261006-203915.csv,5.7504
2026-10-06 20:39:26.634,8.5571e-11,Torr,23.cross_gate_connectingPort1,23.cross_gate_connectingPort1/MassSpecData-02115-20261006-203915.csv,5.753866666666667
2026-10-06 20:39:26.843,7.2567e-11,Torr,23.cross_gate_connectingPort1,23.cross_gate_connectingPort1/MassSpecData-02115-20261006-203915.csv,5.75735
2026-10-06 20:39:27.051,7.6618e-11,Torr,23.cross_gate_connectingPort1,23.cross_gate_connectingPort1/MassSpecData-02115-20261006-203915.csv,5.760816666666667
2026-10-06 20:39:27.259,9.259e-11,Torr,23.cross_gate_connectingPort1,23.cross_gate_connectingPort1/MassSpecData-02115-20261006-203915.csv,5.764283333333334
2026-10-06 20:39:27.468,8.3e-11,Torr,23.cross_gate_connectingPort1,23.cross_gate_connectingPort1/MassSpecData-02115-20261006-203915.csv,5.767766666666666
2026-10-06 20:39:27.676,7.5735e-11,Torr,23.cross_gate_connectingPort1,23.cross_gate_connectingPort1/MassSpecData-02115-20261006-203915.csv,5.771233333333333
2026-10-06 20:39:27.884,7.4346e-11,Torr,23.cross_gate_connectingPort1,23.cross_gate_connectingPort1/MassSpecData-02115-20261006-203915.csv,5.7747
2026-10-06 20:39:28.093,8.8797e-11,Torr,23.cross_gate_connectingPort1,23.cross_gate_connectingPort1/MassSpecData-02115-20261006-203915.csv,5.778183333333333
2026-10-06 20:39:28.301,7.6298e-11,Torr,23.cross_gate_connectingPort1,23.cross_gate_connectingPort1/MassSpecData-02115-20261006-203915.csv,5.78165
2026-10-06 20:39:28.509,6.4946e-11,Torr,23.cross_gate_connectingPort1,23.cross_gate_connectingPort1/MassSpecData-02115-20261006-203915.csv,5.785116666666667
2026-10-06 20:39:28.718,8.4068e-11,Torr,23.cross_gate_connectingPort1,23.cross_gate_connectingPort1/MassSpecData-02115-20261006-203915.csv,5.7886
2026-10-06 20:39:28.926,8.7872e-11,Torr,23.cross_gate_connectingPort1,23.cross_gate_connectingPort1/MassSpecData-02115-20261006-203915.csv,5.792066666666667
2026-10-06 20:39:29.134,8.1203e-11,Torr,23.cross_gate_connectingPort1,23.cross_gate_connectingPort1/MassSpecData-02115-20261006-203915.csv,5.795533333333334
2026-10-06 20:39:29.343,8.25e-11,Torr,23.cross_gate_connectingPort1,23.cross_gate_connectingPort1/MassSpecData-02115-20261006-203915.csv,5.799016666666666
2026-10-06 20:39:29.551,8.1957e-11,Torr,23.cross_gate_connectingPort1,23.cross_gate_connectingPort1/MassSpecData-02115-20261006-203915.csv,5.802483333333333
2026-10-06 20:39:29.759,7.699e-11,Torr,23.cross_gate_connectingPort1,23.cross_gate_connectingPort1/MassSpecData-02115-20261006-203915.csv,5.80595
2026-10-06 20:39:29.968,7.6285e-11,Torr,23.cross_gate_connectingPort1,23.cross_gate_connectingPort1/MassSpecData-02115-20261006-203915.csv,5.809433333333333
2026-10-06 20:39:30.176,7.8117e-11,Torr,23.cross_gate_connectingPort1,23.cross_gate_connectingPort1/MassSpecData-02115-20261006-203915.csv,5.8129
2026-10-06 20:39:30.384,9.0384e-11,Torr,23.cross_gate_connectingPort1,23.cross_gate_connectingPort1/MassSpecData-02115-20261006-203915.csv,5.816366666666667
2026-10-06 20:39:30.593,7.6309e-11,Torr,23.cross_gate_connectingPort1,23.cross_gate_connectingPort1/MassSpecData-02115-20261006-203915.csv,5.81985
2026-10-06 20:39:30.801,9.5122e-11,Torr,23.cross_gate_connectingPort1,23.cross_gate_connectingPort1/MassSpecData-02115-20261006-203915.csv,5.823316666666667
2026-10-06 20:39:31.009,7.7417e-11,Torr,23.cross_gate_connectingPort1,23.cross_gate_connectingPort1/MassSpecData-02115-20261006-203915.csv,5.826783333333334
2026-10-06 20:39:31.218,7.3069e-11,Torr,23.cross_gate_connectingPort1,23.cross_gate_connectingPort1/MassSpecData-02115-20261006-203915.csv,5.830266666666666
2026-10-06 20:39:31.426,7.2392e-11,Torr,23.cross_gate_connectingPort1,23.cross_gate_connectingPort1/MassSpecData-02115-20261006-203915.csv,5.833733333333333
2026-10-06 20:39:31.634,7.7483e-11,Torr,23.cross_gate_connectingPort1,23.cross_gate_connectingPort1/MassSpecData-02115-20261006-203915.csv,5.8372
2026-10-06 20:39:31.843,8.7331e-11,Torr,23.cross_gate_connectingPort1,23.cross_gate_connectingPort1/MassSpecData-02115-20261006-203915.csv,5.840683333333333
2026-10-06 20:39:32.051,8.2712e-11,Torr,23.cross_gate_connectingPort1,23.cross_gate_connectingPort1/MassSpecData-02115-20261006-203915.csv,5.84415
2026-10-06 20:39:32.259,6.9341e-11,Torr,23.cross_gate_connectingPort1,23.cross_gate_connectingPort1/MassSpecData-02115-20261006-203915.csv,5.847616666666667
2026-10-06 20:39:32.468,8.316e-11,Torr,23.cross_gate_connectingPort1,23.cross_gate_connectingPort1/MassSpecData-02115-20261006-203915.csv,5.8511
2026-10-06 20:39:32.676,7.6697e-11,Torr,23.cross_gate_connectingPort1,23.cross_gate_connectingPort1/MassSpecData-02115-20261006-203915.csv,5.854566666666667
2026-10-06 20:39:32.884,1.0362e-10,Torr,23.cross_gate_connectingPort1,23.cross_gate_connectingPort1/MassSpecData-02115-20261006-203915.csv,5.858033333333334
2026-10-06 20:39:33.093,9.2231e-11,Torr,23.cross_gate_connectingPort1,23.cross_gate_connectingPort1/MassSpecData-02115-20261006-203915.csv,5.861516666666666
2026-10-06 20:39:33.301,7.8735e-11,Torr,23.cross_gate_connectingPort1,23.cross_gate_connectingPort1/MassSpecData-02115-20261006-203915.csv,5.864983333333333
2026-10-06 20:39:33.509,7.9477e-11,Torr,23.cross_gate_connectingPort1,23.cross_gate_connectingPort1/MassSpecData-02115-20261006-203915.csv,5.86845
2026-10-06 20:39:33.718,7.0234e-11,Torr,23.cross_gate_connectingPort1,23.cross_gate_connectingPort1/MassSpecData-02115-20261006-203915.csv,5.871933333333333
2026-10-06 20:39:33.926,9.0866e-11,Torr,23.cross_gate_connectingPort1,23.cross_gate_connectingPort1/MassSpecData-02115-20261006-203915.csv,5.8754
2026-10-06 20:39:34.134,9.9599e-11,Torr,23.cross_gate_connectingPort1,23.cross_gate_connectingPort1/MassSpecData-02115-20261006-203915.csv,5.878866666666667
2026-10-06 20:39:34.343,8.2327e-11,Torr,23.cross_gate_connectingPort1,23.cross_gate_connectingPort1/MassSpecData-02115-20261006-203915.csv,5.88235
2026-10-06 20:39:34.551,7.7394e-11,Torr,23.cross_gate_connectingPort1,23.cross_gate_connectingPort1/MassSpecData-02115-20261006-203915.csv,5.885816666666667
2026-10-06 20:39:34.759,6.875e-11,Torr,23.cross_gate_connectingPort1,23.cross_gate_connectingPort1/MassSpecData-02115-20261006-203915.csv,5.889283333333334
2026-10-06 20:39:34.968,9.2402e-11,Torr,23.cross_gate_connectingPort1,23.cross_gate_connectingPort1/MassSpecData-02115-20261006-203915.csv,5.892766666666666
2026-10-06 20:39:35.176,8.517e-11,Torr,23.cross_gate_connectingPort1,23.cross_gate_connectingPort1/MassSpecData-02115-20261006-203915.csv,5.896233333333333
2026-10-06 20:39:35.384,9.0663e-11,Torr,23.cross_gate_connectingPort1,23.cross_gate_connectingPort1/MassSpecData-02115-20261006-203915.csv,5.8997
2026-10-06 20:39:35.592,8.7326e-11,Torr,23.cross_gate_connectingPort1,23.cross_gate_connectingPort1/MassSpecData-02115-20261006-203915.csv,5.9031666666666665
2026-10-06 20:39:35.801,8.681e-11,Torr,23.cross_gate_connectingPort1,23.cross_gate_connectingPort1/MassSpecData-02115-20261006-203915.csv,5.90665
2026-10-06 20:39:36.009,6.3268e-11,Torr,23.cross_gate_connectingPort1,23.cross_gate_connectingPort1/MassSpecData-02115-20261006-203915.csv,5.910116666666667
2026-10-06 20:39:36.217,9.3841e-11,Torr,23.cross_gate_connectingPort1,23.cross_gate_connectingPort1/MassSpecData-02115-20261006-203915.csv,5.913583333333333
2026-10-06 20:39:36.426,8.8818e-11,Torr,23.cross_gate_connectingPort1,23.cross_gate_connectingPort1/MassSpecData-02115-20261006-203915.csv,5.917066666666667
2026-10-06 20:39:36.634,7.7097e-11,Torr,23.cross_gate_connectingPort1,23.cross_gate_connectingPort1/MassSpecData-02115-20261006-203915.csv,5.920533333333334
2026-10-06 20:39:36.842,9.9453e-11,Torr,23.cross_gate_connectingPort1,23.cross_gate_connectingPort1/MassSpecData-02115-20261006-203915.csv,5.924
2026-10-06 20:39:37.051,7.5217e-11,Torr,23.cross_gate_connectingPort1,23.cross_gate_connectingPort1/MassSpecData-02115-20261006-203915.csv,5.927483333333333
2026-10-06 20:39:37.259,7.7039e-11,Torr,23.cross_gate_connectingPort1,23.cross_gate_connectingPort1/MassSpecData-02115-20261006-203915.csv,5.93095
2026-10-06 20:39:37.467,8.3953e-11,Torr,23.cross_gate_connectingPort1,23.cross_gate_connectingPort1/MassSpecData-02115-20261006-203915.csv,5.9344166666666665
2026-10-06 20:39:37.676,9.3509e-11,Torr,23.cross_gate_connectingPort1,23.cross_gate_connectingPort1/MassSpecData-02115-20261006-203915.csv,5.9379
2026-10-06 20:39:37.884,7.6717e-11,Torr,23.cross_gate_connectingPort1,23.cross_gate_connectingPort1/MassSpecData-02115-20261006-203915.csv,5.941366666666667
2026-10-06 20:39:38.092,7.8676e-11,Torr,23.cross_gate_connectingPort1,23.cross_gate_connectingPort1/MassSpecData-02115-20261006-203915.csv,5.944833333333333
2026-10-06 20:39:38.301,7.4782e-11,Torr,23.cross_gate_connectingPort1,23.cross_gate_connectingPort1/MassSpecData-02115-20261006-203915.csv,5.948316666666667
2026-10-06 20:39:38.509,8.2773e-11,Torr,23.cross_gate_connectingPort1,23.cross_gate_connectingPort1/MassSpecData-02115-20261006-203915.csv,5.951783333333334
2026-10-06 20:39:38.717,8.6362e-11,Torr,23.cross_gate_connectingPort1,23.cross_gate_connectingPort1/MassSpecData-02115-20261006-203915.csv,5.95525
2026-10-06 20:39:38.926,7.2037e-11,Torr,23.cross_gate_connectingPort1,23.cross_gate_connectingPort1/MassSpecData-02115-20261006-203915.csv,5.958733333333333
2026-10-06 20:39:39.134,9.3394e-11,Torr,23.cross_gate_connectingPort1,23.cross_gate_connectingPort1/MassSpecData-02115-20261006-203915.csv,5.9622
2026-10-06 20:39:39.342,8.1842e-11,Torr,23.cross_gate_connectingPort1,23.cross_gate_connectingPort1/MassSpecData-02115-20261006-203915.csv,5.9656666666666665
2026-10-06 20:39:39.551,6.763e-11,Torr,23.cross_gate_connectingPort1,23.cross_gate_connectingPort1/MassSpecData-02115-20261006-203915.csv,5.96915
2026-10-06 20:39:39.759,8.253e-11,Torr,23.cross_gate_connectingPort1,23.cross_gate_connectingPort1/MassSpecData-02115-20261006-203915.csv,5.972616666666667
2026-10-06 20:39:39.967,7.3027e-11,Torr,23.cross_gate_connectingPort1,23.cross_gate_connectingPort1/MassSpecData-02115-20261006-203915.csv,5.976083333333333
2026-10-06 20:39:40.176,8.3142e-11,Torr,23.cross_gate_connectingPort1,23.cross_gate_connectingPort1/MassSpecData-02115-20261006-203915.csv,5.979566666666667
2026-10-06 20:39:40.384,7.4758e-11,Torr,23.cross_gate_connectingPort1,23.cross_gate_connectingPort1/MassSpecData-02115-20261006-203915.csv,5.983033333333334
2026-10-06 20:39:40.592,9.9154e-11,Torr,23.cross_gate_connectingPort1,23.cross_gate_connectingPort1/MassSpecData-02115-20261006-203915.csv,5.9865
2026-10-06 20:39:40.801,8.2048e-11,Torr,23.cross_gate_connectingPort1,23.cross_gate_connectingPort1/MassSpecData-02115-20261006-203915.csv,5.989983333333333
2026-10-06 20:39:41.009,7.7879e-11,Torr,23.cross_gate_connectingPort1,23.cross_gate_connectingPort1/MassSpecData-02115-20261006-203915.csv,5.99345
2026-10-06 20:39:41.217,7.9141e-11,Torr,23.cross_gate_connectingPort1,23.cross_gate_connectingPort1/MassSpecData-02115-20261006-203915.csv,5.9969166666666665
2026-10-06 20:39:41.426,8.2321e-11,Torr,23.cross_gate_connectingPort1,23.cross_gate_connectingPort1/MassSpecData-02115-20261006-203915.csv,6.0004
2026-10-06 20:39:41.634,9.1346e-11,Torr,23.cross_gate_connectingPort1,23.cross_gate_connectingPort1/MassSpecData-02115-20261006-203915.csv,6.003866666666667
2026-10-06 20:39:41.842,7.0034e-11,Torr,23.cross_gate_connectingPort1,23.cross_gate_connectingPort1/MassSpecData-02115-20261006-203915.csv,6.007333333333333
2026-10-06 20:39:42.051,8.3363e-11,Torr,23.cross_gate_connectingPort1,23.cross_gate_connectingPort1/MassSpecData-02115-20261006-203915.csv,6.010816666666667
2026-10-06 20:39:42.259,7.959e-11,Torr,23.cross_gate_connectingPort1,23.cross_gate_connectingPort1/MassSpecData-02115-20261006-203915.csv,6.014283333333334
2026-10-06 20:39:42.467,7.5579e-11,Torr,23.cross_gate_connectingPort1,23.cross_gate_connectingPort1/MassSpecData-02115-20261006-203915.csv,6.01775
2026-10-06 20:39:42.676,9.1023e-11,Torr,23.cross_gate_connectingPort1,23.cross_gate_connectingPort1/MassSpecData-02115-20261006-203915.csv,6.021233333333333
2026-10-06 20:39:42.884,8.2569e-11,Torr,23.cross_gate_connectingPort1,23.cross_gate_connectingPort1/MassSpecData-02115-20261006-203915.csv,6.0247
2026-10-06 20:39:43.092,7.9977e-11,Torr,23.cross_gate_connectingPort1,23.cross_gate_connectingPort1/MassSpecData-02115-20261006-203915.csv,6.0281666666666665
2026-10-06 20:39:43.301,8.0947e-11,Torr,23.cross_gate_connectingPort1,23.cross_gate_connectingPort1/MassSpecData-02115-20261006-203915.csv,6.03165
2026-10-06 20:39:43.509,8.8074e-11,Torr,23.cross_gate_connectingPort1,23.cross_gate_connectingPort1/MassSpecData-02115-20261006-203915.csv,6.035116666666667
2026-10-06 20:39:43.717,8.9037e-11,Torr,23.cross_gate_connectingPort1,23.cross_gate_connectingPort1/MassSpecData-02115-20261006-203915.csv,6.038583333333333
2026-10-06 20:39:43.926,8.9399e-11,Torr,23.cross_gate_connectingPort1,23.cross_gate_connectingPort1/MassSpecData-02115-20261006-203915.csv,6.042066666666667
2026-10-06 20:39:44.134,8.1498e-11,Torr,23.cross_gate_connectingPort1,23.cross_gate_connectingPort1/MassSpecData-02115-20261006-203915.csv,6.045533333333334
2026-10-06 20:39:44.342,9.192e-11,Torr,23.cross_gate_connectingPort1,23.cross_gate_connectingPort1/MassSpecData-02115-20261006-203915.csv,6.049
2026-10-06 20:39:44.551,8.0359e-11,Torr,23.cross_gate_connectingPort1,23.cross_gate_connectingPort1/MassSpecData-02115-20261006-203915.csv,6.052483333333333
2026-10-06 20:39:44.759,9.4042e-11,Torr,23.cross_gate_connectingPort1,23.cross_gate_connectingPort1/MassSpecData-02115-20261006-203915.csv,6.05595
2026-10-06 20:39:44.967,8.4861e-11,Torr,23.cross_gate_connectingPort1,23.cross_gate_connectingPort1/MassSpecData-02115-20261006-203915.csv,6.0594166666666665
2026-10-06 20:39:45.176,8.484e-11,Torr,23.cross_gate_connectingPort1,23.cross_gate_connectingPort1/MassSpecData-02115-20261006-203915.csv,6.0629
2026-10-06 20:39:45.384,7.7456e-11,Torr,23.cross_gate_connectingPort1,23.cross_gate_connectingPort1/MassSpecData-02115-20261006-203915.csv,6.066366666666667
2026-10-06 20:39:45.592,6.5848e-11,Torr,23.cross_gate_connectingPort1,23.cross_gate_connectingPort1/MassSpecData-02115-20261006-203915.csv,6.069833333333333
2026-10-06 20:39:45.801,8.0677e-11,Torr,23.cross_gate_connectingPort1,23.cross_gate_connectingPort1/MassSpecData-02115-20261006-203915.csv,6.073316666666667
2026-10-06 20:39:46.009,7.3662e-11,Torr,23.cross_gate_connectingPort1,23.cross_gate_connectingPort1/MassSpecData-02115-20261006-203915.csv,6.076783333333334
2026-10-06 20:39:46.217,8.7795e-11,Torr,23.cross_gate_connectingPort1,23.cross_gate_connectingPort1/MassSpecData-02115-20261006-203915.csv,6.08025
2026-10-06 20:39:46.426,8.2651e-11,Torr,23.cross_gate_connectingPort1,23.cross_gate_connectingPort1/MassSpecData-02115-20261006-203915.csv,6.083733333333333
2026-10-06 20:39:46.634,9.2399e-11,Torr,23.cross_gate_connectingPort1,23.cross_gate_connectingPort1/MassSpecData-02115-20261006-203915.csv,6.0872
2026-10-06 20:39:46.842,7.4108e-11,Torr,23.cross_gate_connectingPort1,23.cross_gate_connectingPort1/MassSpecData-02115-20261006-203915.csv,6.0906666666666665
2026-10-06 20:39:47.051,8.8081e-11,Torr,23.cross_gate_connectingPort1,23.cross_gate_connectingPort1/MassSpecData-02115-20261006-203915.csv,6.09415
2026-10-06 20:39:47.259,8.3469e-11,Torr,23.cross_gate_connectingPort1,23.cross_gate_connectingPort1/MassSpecData-02115-20261006-203915.csv,6.097616666666667
2026-10-06 20:39:47.467,9.3107e-11,Torr,23.cross_gate_connectingPort1,23.cross_gate_connectingPort1/MassSpecData-02115-20261006-203915.csv,6.101083333333333
2026-10-06 20:39:47.676,7.4375e-11,Torr,23.cross_gate_connectingPort1,23.cross_gate_connectingPort1/MassSpecData-02115-20261006-203915.csv,6.104566666666667
2026-10-06 20:39:47.884,8.1951e-11,Torr,23.cross_gate_connectingPort1,23.cross_gate_connectingPort1/MassSpecData-02115-20261006-203915.csv,6.108033333333334
2026-10-06 20:39:48.092,8.1693e-11,Torr,23.cross_gate_connectingPort1,23.cross_gate_connectingPort1/MassSpecData-02115-20261006-203915.csv,6.1115
2026-10-06 20:39:48.301,8.6497e-11,Torr,23.cross_gate_connectingPort1,23.cross_gate_connectingPort1/MassSpecData-02115-20261006-203915.csv,6.114983333333333
2026-10-06 20:39:48.509,9.0022e-11,Torr,23.cross_gate_connectingPort1,23.cross_gate_connectingPort1/MassSpecData-02115-20261006-203915.csv,6.11845
2026-10-06 20:39:48.717,6.6929e-11,Torr,23.cross_gate_connectingPort1,23.cross_gate_connectingPort1/MassSpecData-02115-20261006-203915.csv,6.1219166666666665
2026-10-06 20:39:48.926,7.1444e-11,Torr,23.cross_gate_connectingPort1,23.cross_gate_connectingPort1/MassSpecData-02115-20261006-203915.csv,6.1254
2026-10-06 20:39:49.134,7.9129e-11,Torr,23.cross_gate_connectingPort1,23.cross_gate_connectingPort1/MassSpecData-02115-20261006-203915.csv,6.128866666666667
2026-10-06 20:39:49.342,7.5725e-11,Torr,23.cross_gate_connectingPort1,23.cross_gate_connectingPort1/MassSpecData-02115-20261006-203915.csv,6.132333333333333
2026-10-06 20:39:49.551,8.7699e-11,Torr,23.cross_gate_connectingPort1,23.cross_gate_connectingPort1/MassSpecData-02115-20261006-203915.csv,6.135816666666667
2026-10-06 20:39:49.759,8.4403e-11,Torr,23.cross_gate_connectingPort1,23.cross_gate_connectingPort1/MassSpecData-02115-20261006-203915.csv,6.139283333333334
2026-10-06 20:39:49.967,7.6821e-11,Torr,23.cross_gate_connectingPort1,23.cross_gate_connectingPort1/MassSpecData-02115-20261006-203915.csv,6.14275
2026-10-06 20:39:50.176,9.5607e-11,Torr,23.cross_gate_connectingPort1,23.cross_gate_connectingPort1/MassSpecData-02115-20261006-203915.csv,6.146233333333333
2026-10-06 20:39:50.384,7.8344e-11,Torr,23.cross_gate_connectingPort1,23.cross_gate_connectingPort1/MassSpecData-02115-20261006-203915.csv,6.1497
2026-10-06 20:39:50.592,7.5122e-11,Torr,23.cross_gate_connectingPort1,23.cross_gate_connectingPort1/MassSpecData-02115-20261006-203915.csv,6.1531666666666665
2026-10-06 20:39:50.801,8.0874e-11,Torr,23.cross_gate_connectingPort1,23.cross_gate_connectingPort1/MassSpecData-02115-20261006-203915.csv,6.15665
2026-10-06 20:39:51.009,9.2176e-11,Torr,23.cross_gate_connectingPort1,23.cross_gate_connectingPort1/MassSpecData-02115-20261006-203915.csv,6.160116666666667
2026-10-06 20:39:51.217,8.2232e-11,Torr,23.cross_gate_connectingPort1,23.cross_gate_connectingPort1/MassSpecData-02115-20261006-203915.csv,6.163583333333333
2026-10-06 20:39:51.426,8.6791e-11,Torr,23.cross_gate_connectingPort1,23.cross_gate_connectingPort1/MassSpecData-02115-20261006-203915.csv,6.167066666666667
2026-10-06 20:39:51.634,8.929e-11,Torr,23.cross_gate_connectingPort1,23.cross_gate_connectingPort1/MassSpecData-02115-20261006-203915.csv,6.170533333333334
2026-10-06 20:39:51.842,7.6907e-11,Torr,23.cross_gate_connectingPort1,23.cross_gate_connectingPort1/MassSpecData-02115-20261006-203915.csv,6.174
2026-10-06 20:39:52.051,7.3836e-11,Torr,23.cross_gate_connectingPort1,23.cross_gate_connectingPort1/MassSpecData-02115-20261006-203915.csv,6.177483333333333
2026-10-06 20:39:52.259,7.5574e-11,Torr,23.cross_gate_connectingPort1,23.cross_gate_connectingPort1/MassSpecData-02115-20261006-203915.csv,6.18095
2026-10-06 20:39:52.467,8.1759e-11,Torr,23.cross_gate_connectingPort1,23.cross_gate_connectingPort1/MassSpecData-02115-20261006-203915.csv,6.1844166666666665
2026-10-06 20:39:52.676,8.0806e-11,Torr,23.cross_gate_connectingPort1,23.cross_gate_connectingPort1/MassSpecData-02115-20261006-203915.csv,6.1879
2026-10-06 20:39:52.884,7.3375e-11,Torr,23.cross_gate_connectingPort1,23.cross_gate_connectingPort1/MassSpecData-02115-20261006-203915.csv,6.191366666666667
2026-10-06 20:39:53.092,7.4084e-11,Torr,23.cross_gate_connectingPort1,23.cross_gate_connectingPort1/MassSpecData-02115-20261006-203915.csv,6.194833333333333
2026-10-06 20:39:53.301,7.634e-11,Torr,23.cross_gate_connectingPort1,23.cross_gate_connectingPort1/MassSpecData-02115-20261006-203915.csv,6.198316666666667
2026-10-06 20:39:53.509,8.6333e-11,Torr,23.cross_gate_connectingPort1,23.cross_gate_connectingPort1/MassSpecData-02115-20261006-203915.csv,6.201783333333334
2026-10-06 20:39:53.718,1.0396e-10,Torr,23.cross_gate_connectingPort1,23.cross_gate_connectingPort1/MassSpecData-02115-20261006-203915.csv,6.205266666666666
2026-10-06 20:39:53.926,9.0287e-11,Torr,23.cross_gate_connectingPort1,23.cross_gate_connectingPort1/MassSpecData-02115-20261006-203915.csv,6.208733333333333
2026-10-06 20:39:54.134,7.9812e-11,Torr,23.cross_gate_connectingPort1,23.cross_gate_connectingPort1/MassSpecData-02115-20261006-203915.csv,6.2122
2026-10-06 20:39:54.343,8.7523e-11,Torr,23.cross_gate_connectingPort1,23.cross_gate_connectingPort1/MassSpecData-02115-20261006-203915.csv,6.215683333333333
2026-10-06 20:39:54.551,7.9823e-11,Torr,23.cross_gate_connectingPort1,23.cross_gate_connectingPort1/MassSpecData-02115-20261006-203915.csv,6.21915
2026-10-06 20:39:54.759,9.4128e-11,Torr,23.cross_gate_connectingPort1,23.cross_gate_connectingPort1/MassSpecData-02115-20261006-203915.csv,6.222616666666667
2026-10-06 20:39:54.968,7.8688e-11,Torr,23.cross_gate_connectingPort1,23.cross_gate_connectingPort1/MassSpecData-02115-20261006-203915.csv,6.2261
2026-10-06 20:39:55.176,7.4146e-11,Torr,23.cross_gate_connectingPort1,23.cross_gate_connectingPort1/MassSpecData-02115-20261006-203915.csv,6.229566666666667
2026-10-06 20:39:55.384,6.6675e-11,Torr,23.cross_gate_connectingPort1,23.cross_gate_connectingPort1/MassSpecData-02115-20261006-203915.csv,6.233033333333334
2026-10-06 20:39:55.593,8.2069e-11,Torr,23.cross_gate_connectingPort1,23.cross_gate_connectingPort1/MassSpecData-02115-20261006-203915.csv,6.236516666666666
2026-10-06 20:39:55.801,7.9171e-11,Torr,23.cross_gate_connectingPort1,23.cross_gate_connectingPort1/MassSpecData-02115-20261006-203915.csv,6.239983333333333
2026-10-06 20:39:56.009,7.7424e-11,Torr,23.cross_gate_connectingPort1,23.cross_gate_connectingPort1/MassSpecData-02115-20261006-203915.csv,6.24345
2026-10-06 20:39:56.218,8.6414e-11,Torr,23.cross_gate_connectingPort1,23.cross_gate_connectingPort1/MassSpecData-02115-20261006-203915.csv,6.246933333333333
2026-10-06 20:39:56.426,8.3134e-11,Torr,23.cross_gate_connectingPort1,23.cross_gate_connectingPort1/MassSpecData-02115-20261006-203915.csv,6.2504
2026-10-06 20:39:56.634,6.9947e-11,Torr,23.cross_gate_connectingPort1,23.cross_gate_connectingPort1/MassSpecData-02115-20261006-203915.csv,6.253866666666667
2026-10-06 20:39:56.843,9.4013e-11,Torr,23.cross_gate_connectingPort1,23.cross_gate_connectingPort1/MassSpecData-02115-20261006-203915.csv,6.25735
2026-10-06 20:39:57.051,8.3635e-11,Torr,23.cross_gate_connectingPort1,23.cross_gate_connectingPort1/MassSpecData-02115-20261006-203915.csv,6.260816666666667
2026-10-06 20:39:57.259,8.2328e-11,Torr,23.cross_gate_connectingPort1,23.cross_gate_connectingPort1/MassSpecData-02115-20261006-203915.csv,6.264283333333334
2026-10-06 20:39:57.609,8.1179e-11,Torr,23.cross_gate_connectingPort1,23.cross_gate_connectingPort1/MassSpecData-02115-20261006-203957.csv,6.270116666666667
2026-10-06 20:39:57.817,7.3539e-11,Torr,23.cross_gate_connectingPort1,23.cross_gate_connectingPort1/MassSpecData-02115-20261006-203957.csv,6.273583333333334
2026-10-06 20:39:58.026,8.0632e-11,Torr,23.cross_gate_connectingPort1,23.cross_gate_connectingPort1/MassSpecData-02115-20261006-203957.csv,6.277066666666667
2026-10-06 20:39:58.234,8.1629e-11,Torr,23.cross_gate_connectingPort1,23.cross_gate_connectingPort1/MassSpecData-02115-20261006-203957.csv,6.2805333333333335
2026-10-06 20:39:58.442,7.6999e-11,Torr,23.cross_gate_connectingPort1,23.cross_gate_connectingPort1/MassSpecData-02115-20261006-203957.csv,6.284000000000001
2026-10-06 20:39:58.651,9.1995e-11,Torr,23.cross_gate_connectingPort1,23.cross_gate_connectingPort1/MassSpecData-02115-20261006-203957.csv,6.287483333333333
2026-10-06 20:39:58.859,8.368e-11,Torr,23.cross_gate_connectingPort1,23.cross_gate_connectingPort1/MassSpecData-02115-20261006-203957.csv,6.29095
2026-10-06 20:39:59.067,6.9055e-11,Torr,23.cross_gate_connectingPort1,23.cross_gate_connectingPort1/MassSpecData-02115-20261006-203957.csv,6.294416666666667
2026-10-06 20:39:59.275,8.8973e-11,Torr,23.cross_gate_connectingPort1,23.cross_gate_connectingPort1/MassSpecData-02115-20261006-203957.csv,6.297883333333333
2026-10-06 20:39:59.484,8.1108e-11,Torr,23.cross_gate_connectingPort1,23.cross_gate_connectingPort1/MassSpecData-02115-20261006-203957.csv,6.301366666666667
2026-10-06 20:39:59.692,7.741e-11,Torr,23.cross_gate_connectingPort1,23.cross_gate_connectingPort1/MassSpecData-02115-20261006-203957.csv,6.304833333333334
2026-10-06 20:39:59.901,8.5917e-11,Torr,23.cross_gate_connectingPort1,23.cross_gate_connectingPort1/MassSpecData-02115-20261006-203957.csv,6.308316666666667
2026-10-06 20:40:00.109,9.0398e-11,Torr,23.cross_gate_connectingPort1,23.cross_gate_connectingPort1/MassSpecData-02115-20261006-203957.csv,6.3117833333333335
2026-10-06 20:40:00.317,8.5269e-11,Torr,23.cross_gate_connectingPort1,23.cross_gate_connectingPort1/MassSpecData-02115-20261006-203957.csv,6.315250000000001
2026-10-06 20:40:00.526,8.8079e-11,Torr,23.cross_gate_connectingPort1,23.cross_gate_connectingPort1/MassSpecData-02115-20261006-203957.csv,6.318733333333333
2026-10-06 20:40:00.734,6.4181e-11,Torr,23.cross_gate_connectingPort1,23.cross_gate_connectingPort1/MassSpecData-02115-20261006-203957.csv,6.3222
2026-10-06 20:40:00.942,7.086e-11,Torr,23.cross_gate_connectingPort1,23.cross_gate_connectingPort1/MassSpecData-02115-20261006-203957.csv,6.325666666666667
2026-10-06 20:40:01.151,8.0753e-11,Torr,23.cross_gate_connectingPort1,23.cross_gate_connectingPort1/MassSpecData-02115-20261006-203957.csv,6.32915
2026-10-06 20:40:01.359,7.6859e-11,Torr,23.cross_gate_connectingPort1,23.cross_gate_connectingPort1/MassSpecData-02115-20261006-203957.csv,6.332616666666667
2026-10-06 20:40:01.567,7.75e-11,Torr,23.cross_gate_connectingPort1,23.cross_gate_connectingPort1/MassSpecData-02115-20261006-203957.csv,6.336083333333334
2026-10-06 20:40:01.776,8.9851e-11,Torr,23.cross_gate_connectingPort1,23.cross_gate_connectingPort1/MassSpecData-02115-20261006-203957.csv,6.339566666666667
2026-10-06 20:40:01.984,7.334e-11,Torr,23.cross_gate_connectingPort1,23.cross_gate_connectingPort1/MassSpecData-02115-20261006-203957.csv,6.3430333333333335
2026-10-06 20:40:02.192,7.928e-11,Torr,23.cross_gate_connectingPort1,23.cross_gate_connectingPort1/MassSpecData-02115-20261006-203957.csv,6.346500000000001
2026-10-06 20:40:02.401,8.2529e-11,Torr,23.cross_gate_connectingPort1,23.cross_gate_connectingPort1/MassSpecData-02115-20261006-203957.csv,6.349983333333333
2026-10-06 20:40:02.609,9.1806e-11,Torr,23.cross_gate_connectingPort1,23.cross_gate_connectingPort1/MassSpecData-02115-20261006-203957.csv,6.35345
2026-10-06 20:40:02.817,8.9388e-11,Torr,23.cross_gate_connectingPort1,23.cross_gate_connectingPort1/MassSpecData-02115-20261006-203957.csv,6.356916666666667
2026-10-06 20:40:03.025,7.3324e-11,Torr,23.cross_gate_connectingPort1,23.cross_gate_connectingPort1/MassSpecData-02115-20261006-203957.csv,6.360383333333333
2026-10-06 20:40:03.234,8.8354e-11,Torr,23.cross_gate_connectingPort1,23.cross_gate_connectingPort1/MassSpecData-02115-20261006-203957.csv,6.363866666666667
2026-10-06 20:40:03.442,8.8331e-11,Torr,23.cross_gate_connectingPort1,23.cross_gate_connectingPort1/MassSpecData-02115-20261006-203957.csv,6.367333333333334
2026-10-06 20:40:03.650,8.9555e-11,Torr,23.cross_gate_connectingPort1,23.cross_gate_connectingPort1/MassSpecData-02115-20261006-203957.csv,6.3708
2026-10-06 20:40:03.859,7.3721e-11,Torr,23.cross_gate_connectingPort1,23.cross_gate_connectingPort1/MassSpecData-02115-20261006-203957.csv,6.3742833333333335
2026-10-06 20:40:04.067,7.6048e-11,Torr,23.cross_gate_connectingPort1,23.cross_gate_connectingPort1/MassSpecData-02115-20261006-203957.csv,6.377750000000001
2026-10-06 20:40:04.275,7.3723e-11,Torr,23.cross_gate_connectingPort1,23.cross_gate_connectingPort1/MassSpecData-02115-20261006-203957.csv,6.381216666666666
2026-10-06 20:40:04.484,7.7588e-11,Torr,23.cross_gate_connectingPort1,23.cross_gate_connectingPort1/MassSpecData-02115-20261006-203957.csv,6.3847
2026-10-06 20:40:04.692,8.9631e-11,Torr,23.cross_gate_connectingPort1,23.cross_gate_connectingPort1/MassSpecData-02115-20261006-203957.csv,6.388166666666667
2026-10-06 20:40:04.900,8.4465e-11,Torr,23.cross_gate_connectingPort1,23.cross_gate_connectingPort1/MassSpecData-02115-20261006-203957.csv,6.391633333333333
2026-10-06 20:40:05.109,8.2519e-11,Torr,23.cross_gate_connectingPort1,23.cross_gate_connectingPort1/MassSpecData-02115-20261006-203957.csv,6.395116666666667
2026-10-06 20:40:05.317,8.0207e-11,Torr,23.cross_gate_connectingPort1,23.cross_gate_connectingPort1/MassSpecData-02115-20261006-203957.csv,6.398583333333334
2026-10-06 20:40:05.525,8.6026e-11,Torr,23.cross_gate_connectingPort1,23.cross_gate_connectingPort1/MassSpecData-02115-20261006-203957.csv,6.40205
2026-10-06 20:40:05.734,7.8073e-11,Torr,23.cross_gate_connectingPort1,23.cross_gate_connectingPort1/MassSpecData-02115-20261006-203957.csv,6.4055333333333335
2026-10-06 20:40:05.942,8.8252e-11,Torr,23.cross_gate_connectingPort1,23.cross_gate_connectingPort1/MassSpecData-02115-20261006-203957.csv,6.409000000000001
2026-10-06 20:40:06.150,7.1122e-11,Torr,23.cross_gate_connectingPort1,23.cross_gate_connectingPort1/MassSpecData-02115-20261006-203957.csv,6.412466666666666
2026-10-06 20:40:06.359,9.3447e-11,Torr,23.cross_gate_connectingPort1,23.cross_gate_connectingPort1/MassSpecData-02115-20261006-203957.csv,6.41595
2026-10-06 20:40:06.567,9.4179e-11,Torr,23.cross_gate_connectingPort1,23.cross_gate_connectingPort1/MassSpecData-02115-20261006-203957.csv,6.419416666666667
2026-10-06 20:40:06.776,7.9618e-11,Torr,23.cross_gate_connectingPort1,23.cross_gate_connectingPort1/MassSpecData-02115-20261006-203957.csv,6.4229
2026-10-06 20:40:06.984,8.2812e-11,Torr,23.cross_gate_connectingPort1,23.cross_gate_connectingPort1/MassSpecData-02115-20261006-203957.csv,6.426366666666667
2026-10-06 20:40:07.192,8.678e-11,Torr,23.cross_gate_connectingPort1,23.cross_gate_connectingPort1/MassSpecData-02115-20261006-203957.csv,6.429833333333334
2026-10-06 20:40:07.401,7.4739e-11,Torr,23.cross_gate_connectingPort1,23.cross_gate_connectingPort1/MassSpecData-02115-20261006-203957.csv,6.433316666666667
2026-10-06 20:40:07.609,8.3461e-11,Torr,23.cross_gate_connectingPort1,23.cross_gate_connectingPort1/MassSpecData-02115-20261006-203957.csv,6.4367833333333335
2026-10-06 20:40:07.817,9.1264e-11,Torr,23.cross_gate_connectingPort1,23.cross_gate_connectingPort1/MassSpecData-02115-20261006-203957.csv,6.440250000000001
2026-10-06 20:40:08.026,7.8956e-11,Torr,23.cross_gate_connectingPort1,23.cross_gate_connectingPort1/MassSpecData-02115-20261006-203957.csv,6.443733333333333
2026-10-06 20:40:08.234,7.0563e-11,Torr,23.cross_gate_connectingPort1,23.cross_gate_connectingPort1/MassSpecData-02115-20261006-203957.csv,6.4472
2026-10-06 20:40:08.442,9.5217e-11,Torr,23.cross_gate_connectingPort1,23.cross_gate_connectingPort1/MassSpecData-02115-20261006-203957.csv,6.450666666666667
2026-10-06 20:40:08.651,6.429e-11,Torr,23.cross_gate_connectingPort1,23.cross_gate_connectingPort1/MassSpecData-02115-20261006-203957.csv,6.45415
2026-10-06 20:40:08.859,7.4728e-11,Torr,23.cross_gate_connectingPort1,23.cross_gate_connectingPort1/MassSpecData-02115-20261006-203957.csv,6.457616666666667
2026-10-06 20:40:09.067,7.5459e-11,Torr,23.cross_gate_connectingPort1,23.cross_gate_connectingPort1/MassSpecData-02115-20261006-203957.csv,6.461083333333334
2026-10-06 20:40:09.276,8.1041e-11,Torr,23.cross_gate_connectingPort1,23.cross_gate_connectingPort1/MassSpecData-02115-20261006-203957.csv,6.464566666666667
2026-10-06 20:40:09.484,9.1943e-11,Torr,23.cross_gate_connectingPort1,23.cross_gate_connectingPort1/MassSpecData-02115-20261006-203957.csv,6.4680333333333335
2026-10-06 20:40:09.692,8.214e-11,Torr,23.cross_gate_connectingPort1,23.cross_gate_connectingPort1/MassSpecData-02115-20261006-203957.csv,6.471500000000001
2026-10-06 20:40:09.901,9.5652e-11,Torr,23.cross_gate_connectingPort1,23.cross_gate_connectingPort1/MassSpecData-02115-20261006-203957.csv,6.474983333333333
2026-10-06 20:40:10.109,7.3526e-11,Torr,23.cross_gate_connectingPort1,23.cross_gate_connectingPort1/MassSpecData-02115-20261006-203957.csv,6.47845
2026-10-06 20:40:10.317,8.0813e-11,Torr,23.cross_gate_connectingPort1,23.cross_gate_connectingPort1/MassSpecData-02115-20261006-203957.csv,6.481916666666667
2026-10-06 20:40:10.526,7.9857e-11,Torr,23.cross_gate_connectingPort1,23.cross_gate_connectingPort1/MassSpecData-02115-20261006-203957.csv,6.4854
2026-10-06 20:40:10.734,7.5769e-11,Torr,23.cross_gate_connectingPort1,23.cross_gate_connectingPort1/MassSpecData-02115-20261006-203957.csv,6.488866666666667
2026-10-06 20:40:10.942,9.0341e-11,Torr,23.cross_gate_connectingPort1,23.cross_gate_connectingPort1/MassSpecData-02115-20261006-203957.csv,6.492333333333334
2026-10-06 20:40:11.151,7.3536e-11,Torr,23.cross_gate_connectingPort1,23.cross_gate_connectingPort1/MassSpecData-02115-20261006-203957.csv,6.495816666666667
2026-10-06 20:40:11.359,6.9906e-11,Torr,23.cross_gate_connectingPort1,23.cross_gate_connectingPort1/MassSpecData-02115-20261006-203957.csv,6.4992833333333335
2026-10-06 20:40:11.567,9.5642e-11,Torr,23.cross_gate_connectingPort1,23.cross_gate_connectingPort1/MassSpecData-02115-20261006-203957.csv,6.502750000000001
2026-10-06 20:40:11.776,8.1801e-11,Torr,23.cross_gate_connectingPort1,23.cross_gate_connectingPort1/MassSpecData-02115-20261006-203957.csv,6.506233333333333
2026-10-06 20:40:11.984,8.0384e-11,Torr,23.cross_gate_connectingPort1,23.cross_gate_connectingPort1/MassSpecData-02115-20261006-203957.csv,6.5097
2026-10-06 20:40:12.192,7.8233e-11,Torr,23.cross_gate_connectingPort1,23.cross_gate_connectingPort1/MassSpecData-02115-20261006-203957.csv,6.513166666666667
2026-10-06 20:40:12.401,8.1679e-11,Torr,23.cross_gate_connectingPort1,23.cross_gate_connectingPort1/MassSpecData-02115-20261006-203957.csv,6.51665
2026-10-06 20:40:12.609,8.1632e-11,Torr,23.cross_gate_connectingPort1,23.cross_gate_connectingPort1/MassSpecData-02115-20261006-203957.csv,6.520116666666667
2026-10-06 20:40:12.817,7.5313e-11,Torr,23.cross_gate_connectingPort1,23.cross_gate_connectingPort1/MassSpecData-02115-20261006-203957.csv,6.523583333333334
2026-10-06 20:40:13.026,7.8508e-11,Torr,23.cross_gate_connectingPort1,23.cross_gate_connectingPort1/MassSpecData-02115-20261006-203957.csv,6.527066666666667
2026-10-06 20:40:13.234,7.8447e-11,Torr,23.cross_gate_connectingPort1,23.cross_gate_connectingPort1/MassSpecData-02115-20261006-203957.csv,6.5305333333333335
2026-10-06 20:40:13.442,7.3984e-11,Torr,23.cross_gate_connectingPort1,23.cross_gate_connectingPort1/MassSpecData-02115-20261006-203957.csv,6.534000000000001
2026-10-06 20:40:13.651,9.2681e-11,Torr,23.cross_gate_connectingPort1,23.cross_gate_connectingPort1/MassSpecData-02115-20261006-203957.csv,6.537483333333333
2026-10-06 20:40:13.859,6.7147e-11,Torr,23.cross_gate_connectingPort1,23.cross_gate_connectingPort1/MassSpecData-02115-20261006-203957.csv,6.54095
2026-10-06 20:40:14.067,8.3498e-11,Torr,23.cross_gate_connectingPort1,23.cross_gate_connectingPort1/MassSpecData-02115-20261006-203957.csv,6.544416666666667
2026-10-06 20:40:14.276,8.9383e-11,Torr,23.cross_gate_connectingPort1,23.cross_gate_connectingPort1/MassSpecData-02115-20261006-203957.csv,6.5479
2026-10-06 20:40:14.484,8.1606e-11,Torr,23.cross_gate_connectingPort1,23.cross_gate_connectingPort1/MassSpecData-02115-20261006-203957.csv,6.551366666666667
2026-10-06 20:40:14.692,7.2263e-11,Torr,23.cross_gate_connectingPort1,23.cross_gate_connectingPort1/MassSpecData-02115-20261006-203957.csv,6.554833333333334
2026-10-06 20:40:14.901,8.3628e-11,Torr,23.cross_gate_connectingPort1,23.cross_gate_connectingPort1/MassSpecData-02115-20261006-203957.csv,6.558316666666667
2026-10-06 20:40:15.109,8.7331e-11,Torr,23.cross_gate_connectingPort1,23.cross_gate_connectingPort1/MassSpecData-02115-20261006-203957.csv,6.5617833333333335
2026-10-06 20:40:15.317,8.1696e-11,Torr,23.cross_gate_connectingPort1,23.cross_gate_connectingPort1/MassSpecData-02115-20261006-203957.csv,6.565250000000001
2026-10-06 20:40:15.526,7.5916e-11,Torr,23.cross_gate_connectingPort1,23.cross_gate_connectingPort1/MassSpecData-02115-20261006-203957.csv,6.568733333333333
2026-10-06 20:40:15.734,7.8826e-11,Torr,23.cross_gate_connectingPort1,23.cross_gate_connectingPort1/MassSpecData-02115-20261006-203957.csv,6.5722
2026-10-06 20:40:15.942,9.3825e-11,Torr,23.cross_gate_connectingPort1,23.cross_gate_connectingPort1/MassSpecData-02115-20261006-203957.csv,6.575666666666667
2026-10-06 20:40:16.151,9.6519e-11,Torr,23.cross_gate_connectingPort1,23.cross_gate_connectingPort1/MassSpecData-02115-20261006-203957.csv,6.57915
2026-10-06 20:40:16.359,7.6324e-11,Torr,23.cross_gate_connectingPort1,23.cross_gate_connectingPort1/MassSpecData-02115-20261006-203957.csv,6.582616666666667
2026-10-06 20:40:16.567,8.7452e-11,Torr,23.cross_gate_connectingPort1,23.cross_gate_connectingPort1/MassSpecData-02115-20261006-203957.csv,6.586083333333334
2026-10-06 20:40:16.776,1.0038e-10,Torr,23.cross_gate_connectingPort1,23.cross_gate_connectingPort1/MassSpecData-02115-20261006-203957.csv,6.589566666666667
2026-10-06 20:40:16.984,7.1173e-11,Torr,23.cross_gate_connectingPort1,23.cross_gate_connectingPort1/MassSpecData-02115-20261006-203957.csv,6.5930333333333335
2026-10-06 20:40:17.192,6.9502e-11,Torr,23.cross_gate_connectingPort1,23.cross_gate_connectingPort1/MassSpecData-02115-20261006-203957.csv,6.596500000000001
2026-10-06 20:40:17.400,6.6715e-11,Torr,23.cross_gate_connectingPort1,23.cross_gate_connectingPort1/MassSpecData-02115-20261006-203957.csv,6.599966666666666
2026-10-06 20:40:17.609,7.3386e-11,Torr,23.cross_gate_connectingPort1,23.cross_gate_connectingPort1/MassSpecData-02115-20261006-203957.csv,6.60345
2026-10-06 20:40:17.817,6.9495e-11,Torr,23.cross_gate_connectingPort1,23.cross_gate_connectingPort1/MassSpecData-02115-20261006-203957.csv,6.606916666666667
2026-10-06 20:40:18.025,7.7226e-11,Torr,23.cross_gate_connectingPort1,23.cross_gate_connectingPort1/MassSpecData-02115-20261006-203957.csv,6.610383333333333
2026-10-06 20:40:18.234,7.8733e-11,Torr,23.cross_gate_connectingPort1,23.cross_gate_connectingPort1/MassSpecData-02115-20261006-203957.csv,6.613866666666667
2026-10-06 20:40:18.442,8.5637e-11,Torr,23.cross_gate_connectingPort1,23.cross_gate_connectingPort1/MassSpecData-02115-20261006-203957.csv,6.617333333333334
2026-10-06 20:40:18.650,7.8384e-11,Torr,23.cross_gate_connectingPort1,23.cross_gate_connectingPort1/MassSpecData-02115-20261006-203957.csv,6.6208
2026-10-06 20:40:18.859,8.1049e-11,Torr,23.cross_gate_connectingPort1,23.cross_gate_connectingPort1/MassSpecData-02115-20261006-203957.csv,6.6242833333333335
2026-10-06 20:40:19.067,7.551e-11,Torr,23.cross_gate_connectingPort1,23.cross_gate_connectingPort1/MassSpecData-02115-20261006-203957.csv,6.627750000000001
2026-10-06 20:40:19.275,8.9298e-11,Torr,23.cross_gate_connectingPort1,23.cross_gate_connectingPort1/MassSpecData-02115-20261006-203957.csv,6.631216666666666
2026-10-06 20:40:19.484,8.7789e-11,Torr,23.cross_gate_connectingPort1,23.cross_gate_connectingPort1/MassSpecData-02115-20261006-203957.csv,6.6347
2026-10-06 20:40:19.692,6.9479e-11,Torr,23.cross_gate_connectingPort1,23.cross_gate_connectingPort1/MassSpecData-02115-20261006-203957.csv,6.638166666666667
2026-10-06 20:40:19.900,8.743e-11,Torr,23.cross_gate_connectingPort1,23.cross_gate_connectingPort1/MassSpecData-02115-20261006-203957.csv,6.641633333333333
2026-10-06 20:40:20.109,7.677e-11,Torr,23.cross_gate_connectingPort1,23.cross_gate_connectingPort1/MassSpecData-02115-20261006-203957.csv,6.645116666666667
2026-10-06 20:40:20.317,7.4221e-11,Torr,23.cross_gate_connectingPort1,23.cross_gate_connectingPort1/MassSpecData-02115-20261006-203957.csv,6.648583333333334
2026-10-06 20:40:20.525,7.3766e-11,Torr,23.cross_gate_connectingPort1,23.cross_gate_connectingPort1/MassSpecData-02115-20261006-203957.csv,6.65205
2026-10-06 20:40:20.734,7.0668e-11,Torr,23.cross_gate_connectingPort1,23.cross_gate_connectingPort1/MassSpecData-02115-20261006-203957.csv,6.6555333333333335
2026-10-06 20:40:20.942,7.2797e-11,Torr,23.cross_gate_connectingPort1,23.cross_gate_connectingPort1/MassSpecData-02115-20261006-203957.csv,6.659000000000001
2026-10-06 20:40:21.150,7.5225e-11,Torr,23.cross_gate_connectingPort1,23.cross_gate_connectingPort1/MassSpecData-02115-20261006-203957.csv,6.662466666666666
2026-10-06 20:40:21.359,6.12e-11,Torr,23.cross_gate_connectingPort1,23.cross_gate_connectingPort1/MassSpecData-02115-20261006-203957.csv,6.66595
2026-10-06 20:40:21.567,7.1023e-11,Torr,23.cross_gate_connectingPort1,23.cross_gate_connectingPort1/MassSpecData-02115-20261006-203957.csv,6.669416666666667
2026-10-06 20:40:21.775,7.2376e-11,Torr,23.cross_gate_connectingPort1,23.cross_gate_connectingPort1/MassSpecData-02115-20261006-203957.csv,6.672883333333333
2026-10-06 20:40:21.984,8.9745e-11,Torr,23.cross_gate_connectingPort1,23.cross_gate_connectingPort1/MassSpecData-02115-20261006-203957.csv,6.676366666666667
2026-10-06 20:40:22.192,7.355e-11,Torr,23.cross_gate_connectingPort1,23.cross_gate_connectingPort1/MassSpecData-02115-20261006-203957.csv,6.679833333333334
2026-10-06 20:40:22.400,8.6245e-11,Torr,23.cross_gate_connectingPort1,23.cross_gate_connectingPort1/MassSpecData-02115-20261006-203957.csv,6.6833
2026-10-06 20:40:22.609,7.9909e-11,Torr,23.cross_gate_connectingPort1,23.cross_gate_connectingPort1/MassSpecData-02115-20261006-203957.csv,6.6867833333333335
2026-10-06 20:40:22.817,8.2253e-11,Torr,23.cross_gate_connectingPort1,23.cross_gate_connectingPort1/MassSpecData-02115-20261006-203957.csv,6.690250000000001
2026-10-06 20:40:23.025,7.9917e-11,Torr,23.cross_gate_connectingPort1,23.cross_gate_connectingPort1/MassSpecData-02115-20261006-203957.csv,6.693716666666666
2026-10-06 20:40:23.234,8.7761e-11,Torr,23.cross_gate_connectingPort1,23.cross_gate_connectingPort1/MassSpecData-02115-20261006-203957.csv,6.6972
2026-10-06 20:40:23.442,7.1524e-11,Torr,23.cross_gate_connectingPort1,23.cross_gate_connectingPort1/MassSpecData-02115-20261006-203957.csv,6.700666666666667
2026-10-06 20:40:23.650,7.9048e-11,Torr,23.cross_gate_connectingPort1,23.cross_gate_connectingPort1/MassSpecData-02115-20261006-203957.csv,6.704133333333333
2026-10-06 20:40:23.859,9.3556e-11,Torr,23.cross_gate_connectingPort1,23.cross_gate_connectingPort1/MassSpecData-02115-20261006-203957.csv,6.707616666666667
2026-10-06 20:40:24.067,8.5598e-11,Torr,23.cross_gate_connectingPort1,23.cross_gate_connectingPort1/MassSpecData-02115-20261006-203957.csv,6.711083333333334
2026-10-06 20:40:24.275,7.4939e-11,Torr,23.cross_gate_connectingPort1,23.cross_gate_connectingPort1/MassSpecData-02115-20261006-203957.csv,6.71455
2026-10-06 20:40:24.484,8.4253e-11,Torr,23.cross_gate_connectingPort1,23.cross_gate_connectingPort1/MassSpecData-02115-20261006-203957.csv,6.7180333333333335
2026-10-06 20:40:24.692,7.763e-11,Torr,23.cross_gate_connectingPort1,23.cross_gate_connectingPort1/MassSpecData-02115-20261006-203957.csv,6.721500000000001
2026-10-06 20:40:24.900,7.2963e-11,Torr,23.cross_gate_connectingPort1,23.cross_gate_connectingPort1/MassSpecData-02115-20261006-203957.csv,6.724966666666666
2026-10-06 20:40:25.109,9.362e-11,Torr,23.cross_gate_connectingPort1,23.cross_gate_connectingPort1/MassSpecData-02115-20261006-203957.csv,6.72845
2026-10-06 20:40:25.317,7.9015e-11,Torr,23.cross_gate_connectingPort1,23.cross_gate_connectingPort1/MassSpecData-02115-20261006-203957.csv,6.731916666666667
2026-10-06 20:40:25.525,7.648e-11,Torr,23.cross_gate_connectingPort1,23.cross_gate_connectingPort1/MassSpecData-02115-20261006-203957.csv,6.735383333333333
2026-10-06 20:40:25.734,7.7678e-11,Torr,23.cross_gate_connectingPort1,23.cross_gate_connectingPort1/MassSpecData-02115-20261006-203957.csv,6.738866666666667
2026-10-06 20:40:25.942,7.6234e-11,Torr,23.cross_gate_connectingPort1,23.cross_gate_connectingPort1/MassSpecData-02115-20261006-203957.csv,6.742333333333334
2026-10-06 20:40:26.150,8.0611e-11,Torr,23.cross_gate_connectingPort1,23.cross_gate_connectingPort1/MassSpecData-02115-20261006-203957.csv,6.7458
2026-10-06 20:40:26.359,8.3253e-11,Torr,23.cross_gate_connectingPort1,23.cross_gate_connectingPort1/MassSpecData-02115-20261006-203957.csv,6.7492833333333335
2026-10-06 20:40:26.567,8.3381e-11,Torr,23.cross_gate_connectingPort1,23.cross_gate_connectingPort1/MassSpecData-02115-20261006-203957.csv,6.752750000000001
2026-10-06 20:40:26.775,8.5413e-11,Torr,23.cross_gate_connectingPort1,23.cross_gate_connectingPort1/MassSpecData-02115-20261006-203957.csv,6.756216666666666
2026-10-06 20:40:26.984,8.6047e-11,Torr,23.cross_gate_connectingPort1,23.cross_gate_connectingPort1/MassSpecData-02115-20261006-203957.csv,6.7597
2026-10-06 20:40:27.192,6.9147e-11,Torr,23.cross_gate_connectingPort1,23.cross_gate_connectingPort1/MassSpecData-02115-20261006-203957.csv,6.763166666666667
2026-10-06 20:40:27.400,7.9699e-11,Torr,23.cross_gate_connectingPort1,23.cross_gate_connectingPort1/MassSpecData-02115-20261006-203957.csv,6.766633333333333
2026-10-06 20:40:27.609,8.7008e-11,Torr,23.cross_gate_connectingPort1,23.cross_gate_connectingPort1/MassSpecData-02115-20261006-203957.csv,6.770116666666667
2026-10-06 20:40:27.817,9.2832e-11,Torr,23.cross_gate_connectingPort1,23.cross_gate_connectingPort1/MassSpecData-02115-20261006-203957.csv,6.773583333333334
2026-10-06 20:40:28.025,6.6021e-11,Torr,23.cross_gate_connectingPort1,23.cross_gate_connectingPort1/MassSpecData-02115-20261006-203957.csv,6.77705
2026-10-06 20:40:28.234,7.688e-11,Torr,23.cross_gate_connectingPort1,23.cross_gate_connectingPort1/MassSpecData-02115-20261006-203957.csv,6.7805333333333335
2026-10-06 20:40:28.442,9.2101e-11,Torr,23.cross_gate_connectingPort1,23.cross_gate_connectingPort1/MassSpecData-02115-20261006-203957.csv,6.784000000000001
2026-10-06 20:40:28.650,8.4304e-11,Torr,23.cross_gate_connectingPort1,23.cross_gate_connectingPort1/MassSpecData-02115-20261006-203957.csv,6.787466666666666
2026-10-06 20:40:28.859,1.0496e-10,Torr,23.cross_gate_connectingPort1,23.cross_gate_connectingPort1/MassSpecData-02115-20261006-203957.csv,6.79095
2026-10-06 20:40:29.067,8.455e-11,Torr,23.cross_gate_connectingPort1,23.cross_gate_connectingPort1/MassSpecData-02115-20261006-203957.csv,6.794416666666667
2026-10-06 20:40:29.275,6.7491e-11,Torr,23.cross_gate_connectingPort1,23.cross_gate_connectingPort1/MassSpecData-02115-20261006-203957.csv,6.797883333333333
2026-10-06 20:40:29.484,7.9395e-11,Torr,23.cross_gate_connectingPort1,23.cross_gate_connectingPort1/MassSpecData-02115-20261006-203957.csv,6.801366666666667
2026-10-06 20:40:29.692,8.5868e-11,Torr,23.cross_gate_connectingPort1,23.cross_gate_connectingPort1/MassSpecData-02115-20261006-203957.csv,6.804833333333334
2026-10-06 20:40:29.900,7.6899e-11,Torr,23.cross_gate_connectingPort1,23.cross_gate_connectingPort1/MassSpecData-02115-20261006-203957.csv,6.8083
2026-10-06 20:40:30.109,6.7562e-11,Torr,23.cross_gate_connectingPort1,23.cross_gate_connectingPort1/MassSpecData-02115-20261006-203957.csv,6.8117833333333335
2026-10-06 20:40:30.317,7.6845e-11,Torr,23.cross_gate_connectingPort1,23.cross_gate_connectingPort1/MassSpecData-02115-20261006-203957.csv,6.815250000000001
2026-10-06 20:40:30.525,8.4612e-11,Torr,23.cross_gate_connectingPort1,23.cross_gate_connectingPort1/MassSpecData-02115-20261006-203957.csv,6.818716666666666
2026-10-06 20:40:30.734,8.552e-11,Torr,23.cross_gate_connectingPort1,23.cross_gate_connectingPort1/MassSpecData-02115-20261006-203957.csv,6.8222
2026-10-06 20:40:30.942,7.7913e-11,Torr,23.cross_gate_connectingPort1,23.cross_gate_connectingPort1/MassSpecData-02115-20261006-203957.csv,6.825666666666667
2026-10-06 20:40:31.150,7.97e-11,Torr,23.cross_gate_connectingPort1,23.cross_gate_connectingPort1/MassSpecData-02115-20261006-203957.csv,6.829133333333333
2026-10-06 20:40:31.359,7.4884e-11,Torr,23.cross_gate_connectingPort1,23.cross_gate_connectingPort1/MassSpecData-02115-20261006-203957.csv,6.832616666666667
2026-10-06 20:40:31.567,7.6519e-11,Torr,23.cross_gate_connectingPort1,23.cross_gate_connectingPort1/MassSpecData-02115-20261006-203957.csv,6.836083333333334
2026-10-06 20:40:31.775,6.8157e-11,Torr,23.cross_gate_connectingPort1,23.cross_gate_connectingPort1/MassSpecData-02115-20261006-203957.csv,6.83955
2026-10-06 20:40:31.984,8.1521e-11,Torr,23.cross_gate_connectingPort1,23.cross_gate_connectingPort1/MassSpecData-02115-20261006-203957.csv,6.8430333333333335
2026-10-06 20:40:32.192,7.8112e-11,Torr,23.cross_gate_connectingPort1,23.cross_gate_connectingPort1/MassSpecData-02115-20261006-203957.csv,6.846500000000001
2026-10-06 20:40:32.400,7.897e-11,Torr,23.cross_gate_connectingPort1,23.cross_gate_connectingPort1/MassSpecData-02115-20261006-203957.csv,6.849966666666666
2026-10-06 20:40:32.609,8.8061e-11,Torr,23.cross_gate_connectingPort1,23.cross_gate_connectingPort1/MassSpecData-02115-20261006-203957.csv,6.85345
2026-10-06 20:40:32.817,8.8944e-11,Torr,23.cross_gate_connectingPort1,23.cross_gate_connectingPort1/MassSpecData-02115-20261006-203957.csv,6.856916666666667
2026-10-06 20:40:33.025,7.799e-11,Torr,23.cross_gate_connectingPort1,23.cross_gate_connectingPort1/MassSpecData-02115-20261006-203957.csv,6.860383333333333
2026-10-06 20:40:33.234,7.8409e-11,Torr,23.cross_gate_connectingPort1,23.cross_gate_connectingPort1/MassSpecData-02115-20261006-203957.csv,6.863866666666667
2026-10-06 20:40:33.442,7.8357e-11,Torr,23.cross_gate_connectingPort1,23.cross_gate_connectingPort1/MassSpecData-02115-20261006-203957.csv,6.867333333333334
2026-10-06 20:40:33.650,8.2918e-11,Torr,23.cross_gate_connectingPort1,23.cross_gate_connectingPort1/MassSpecData-02115-20261006-203957.csv,6.8708
2026-10-06 20:40:33.859,8.6397e-11,Torr,23.cross_gate_connectingPort1,23.cross_gate_connectingPort1/MassSpecData-02115-20261006-203957.csv,6.8742833333333335
2026-10-06 20:40:34.067,8.2171e-11,Torr,23.cross_gate_connectingPort1,23.cross_gate_connectingPort1/MassSpecData-02115-20261006-203957.csv,6.877750000000001
2026-10-06 20:40:34.275,8.2899e-11,Torr,23.cross_gate_connectingPort1,23.cross_gate_connectingPort1/MassSpecData-02115-20261006-203957.csv,6.881216666666666
2026-10-06 20:40:34.484,8.6685e-11,Torr,23.cross_gate_connectingPort1,23.cross_gate_connectingPort1/MassSpecData-02115-20261006-203957.csv,6.8847
2026-10-06 20:40:34.692,8.932e-11,Torr,23.cross_gate_connectingPort1,23.cross_gate_connectingPort1/MassSpecData-02115-20261006-203957.csv,6.888166666666667
2026-10-06 20:40:34.900,8.3416e-11,Torr,23.cross_gate_connectingPort1,23.cross_gate_connectingPort1/MassSpecData-02115-20261006-203957.csv,6.891633333333333
2026-10-06 20:40:35.109,7.0781e-11,Torr,23.cross_gate_connectingPort1,23.cross_gate_connectingPort1/MassSpecData-02115-20261006-203957.csv,6.895116666666667
2026-10-06 20:40:35.317,6.6707e-11,Torr,23.cross_gate_connectingPort1,23.cross_gate_connectingPort1/MassSpecData-02115-20261006-203957.csv,6.898583333333334
2026-10-06 20:40:35.526,7.623e-11,Torr,23.cross_gate_connectingPort1,23.cross_gate_connectingPort1/MassSpecData-02115-20261006-203957.csv,6.902066666666667
2026-10-06 20:40:35.734,7.6154e-11,Torr,23.cross_gate_connectingPort1,23.cross_gate_connectingPort1/MassSpecData-02115-20261006-203957.csv,6.9055333333333335
2026-10-06 20:40:35.942,7.1848e-11,Torr,23.cross_gate_connectingPort1,23.cross_gate_connectingPort1/MassSpecData-02115-20261006-203957.csv,6.909000000000001
2026-10-06 20:40:36.151,7.168e-11,Torr,23.cross_gate_connectingPort1,23.cross_gate_connectingPort1/MassSpecData-02115-20261006-203957.csv,6.912483333333333
2026-10-06 20:40:36.359,8.0058e-11,Torr,23.cross_gate_connectingPort1,23.cross_gate_connectingPort1/MassSpecData-02115-20261006-203957.csv,6.91595
2026-10-06 20:40:36.567,8.4604e-11,Torr,23.cross_gate_connectingPort1,23.cross_gate_connectingPort1/MassSpecData-02115-20261006-203957.csv,6.919416666666667
2026-10-06 20:40:36.776,8.4148e-11,Torr,23.cross_gate_connectingPort1,23.cross_gate_connectingPort1/MassSpecData-02115-20261006-203957.csv,6.9229
2026-10-06 20:40:36.984,9.0659e-11,Torr,23.cross_gate_connectingPort1,23.cross_gate_connectingPort1/MassSpecData-02115-20261006-203957.csv,6.926366666666667
2026-10-06 20:40:37.192,9.352e-11,Torr,23.cross_gate_connectingPort1,23.cross_gate_connectingPort1/MassSpecData-02115-20261006-203957.csv,6.929833333333334
2026-10-06 20:40:37.401,8.1688e-11,Torr,23.cross_gate_connectingPort1,23.cross_gate_connectingPort1/MassSpecData-02115-20261006-203957.csv,6.933316666666667
2026-10-06 20:40:37.609,7.6682e-11,Torr,23.cross_gate_connectingPort1,23.cross_gate_connectingPort1/MassSpecData-02115-20261006-203957.csv,6.9367833333333335
2026-10-06 20:40:37.817,9.1896e-11,Torr,23.cross_gate_connectingPort1,23.cross_gate_connectingPort1/MassSpecData-02115-20261006-203957.csv,6.940250000000001
2026-10-06 20:40:38.026,7.9179e-11,Torr,23.cross_gate_connectingPort1,23.cross_gate_connectingPort1/MassSpecData-02115-20261006-203957.csv,6.943733333333333
2026-10-06 20:40:38.234,9.1082e-11,Torr,23.cross_gate_connectingPort1,23.cross_gate_connectingPort1/MassSpecData-02115-20261006-203957.csv,6.9472
2026-10-06 20:40:38.442,7.8626e-11,Torr,23.cross_gate_connectingPort1,23.cross_gate_connectingPort1/MassSpecData-02115-20261006-203957.csv,6.950666666666667
2026-10-06 20:40:38.651,6.7264e-11,Torr,23.cross_gate_connectingPort1,23.cross_gate_connectingPort1/MassSpecData-02115-20261006-203957.csv,6.95415
2026-10-06 20:40:38.859,7.5162e-11,Torr,23.cross_gate_connectingPort1,23.cross_gate_connectingPort1/MassSpecData-02115-20261006-203957.csv,6.957616666666667
2026-10-06 20:40:39.067,8.5704e-11,Torr,23.cross_gate_connectingPort1,23.cross_gate_connectingPort1/MassSpecData-02115-20261006-203957.csv,6.961083333333334
2026-10-06 20:40:39.406,7.2037e-11,Torr,23.cross_gate_connectingPort1,23.cross_gate_connectingPort1/MassSpecData-02115-20261006-204039.csv,6.966733333333334
2026-10-06 20:40:39.614,7.2556e-11,Torr,23.cross_gate_connectingPort1,23.cross_gate_connectingPort1/MassSpecData-02115-20261006-204039.csv,6.9702
2026-10-06 20:40:39.823,8.2173e-11,Torr,23.cross_gate_connectingPort1,23.cross_gate_connectingPort1/MassSpecData-02115-20261006-204039.csv,6.973683333333333
2026-10-06 20:40:40.031,7.8275e-11,Torr,23.cross_gate_connectingPort1,23.cross_gate_connectingPort1/MassSpecData-02115-20261006-204039.csv,6.97715
2026-10-06 20:40:40.239,7.8403e-11,Torr,23.cross_gate_connectingPort1,23.cross_gate_connectingPort1/MassSpecData-02115-20261006-204039.csv,6.980616666666666
2026-10-06 20:40:40.448,8.9826e-11,Torr,23.cross_gate_connectingPort1,23.cross_gate_connectingPort1/MassSpecData-02115-20261006-204039.csv,6.9841
2026-10-06 20:40:40.656,7.0883e-11,Torr,23.cross_gate_connectingPort1,23.cross_gate_connectingPort1/MassSpecData-02115-20261006-204039.csv,6.987566666666667
2026-10-06 20:40:40.864,7.9354e-11,Torr,23.cross_gate_connectingPort1,23.cross_gate_connectingPort1/MassSpecData-02115-20261006-204039.csv,6.991033333333333
2026-10-06 20:40:41.072,7.2152e-11,Torr,23.cross_gate_connectingPort1,23.cross_gate_connectingPort1/MassSpecData-02115-20261006-204039.csv,6.9945
2026-10-06 20:40:41.281,8.9896e-11,Torr,23.cross_gate_connectingPort1,23.cross_gate_connectingPort1/MassSpecData-02115-20261006-204039.csv,6.997983333333334
2026-10-06 20:40:41.489,7.9021e-11,Torr,23.cross_gate_connectingPort1,23.cross_gate_connectingPort1/MassSpecData-02115-20261006-204039.csv,7.00145
2026-10-06 20:40:41.698,9.1521e-11,Torr,23.cross_gate_connectingPort1,23.cross_gate_connectingPort1/MassSpecData-02115-20261006-204039.csv,7.004933333333333
2026-10-06 20:40:41.906,9.5486e-11,Torr,23.cross_gate_connectingPort1,23.cross_gate_connectingPort1/MassSpecData-02115-20261006-204039.csv,7.0084
2026-10-06 20:40:42.114,8.9116e-11,Torr,23.cross_gate_connectingPort1,23.cross_gate_connectingPort1/MassSpecData-02115-20261006-204039.csv,7.011866666666666
2026-10-06 20:40:42.323,9.8702e-11,Torr,23.cross_gate_connectingPort1,23.cross_gate_connectingPort1/MassSpecData-02115-20261006-204039.csv,7.01535
2026-10-06 20:40:42.531,8.9519e-11,Torr,23.cross_gate_connectingPort1,23.cross_gate_connectingPort1/MassSpecData-02115-20261006-204039.csv,7.018816666666667
2026-10-06 20:40:42.739,7.5851e-11,Torr,23.cross_gate_connectingPort1,23.cross_gate_connectingPort1/MassSpecData-02115-20261006-204039.csv,7.022283333333333
2026-10-06 20:40:42.948,8.3483e-11,Torr,23.cross_gate_connectingPort1,23.cross_gate_connectingPort1/MassSpecData-02115-20261006-204039.csv,7.025766666666667
2026-10-06 20:40:43.156,8.9923e-11,Torr,23.cross_gate_connectingPort1,23.cross_gate_connectingPort1/MassSpecData-02115-20261006-204039.csv,7.029233333333334
2026-10-06 20:40:43.364,8.1188e-11,Torr,23.cross_gate_connectingPort1,23.cross_gate_connectingPort1/MassSpecData-02115-20261006-204039.csv,7.0327
2026-10-06 20:40:43.573,7.8283e-11,Torr,23.cross_gate_connectingPort1,23.cross_gate_connectingPort1/MassSpecData-02115-20261006-204039.csv,7.036183333333333
2026-10-06 20:40:43.781,7.7774e-11,Torr,23.cross_gate_connectingPort1,23.cross_gate_connectingPort1/MassSpecData-02115-20261006-204039.csv,7.03965
2026-10-06 20:40:43.989,8.8622e-11,Torr,23.cross_gate_connectingPort1,23.cross_gate_connectingPort1/MassSpecData-02115-20261006-204039.csv,7.043116666666666
2026-10-06 20:40:44.198,7.7673e-11,Torr,23.cross_gate_connectingPort1,23.cross_gate_connectingPort1/MassSpecData-02115-20261006-204039.csv,7.0466
2026-10-06 20:40:44.406,9.2083e-11,Torr,23.cross_gate_connectingPort1,23.cross_gate_connectingPort1/MassSpecData-02115-20261006-204039.csv,7.050066666666667
2026-10-06 20:40:44.614,8.0391e-11,Torr,23.cross_gate_connectingPort1,23.cross_gate_connectingPort1/MassSpecData-02115-20261006-204039.csv,7.053533333333333
2026-10-06 20:40:44.822,8.0855e-11,Torr,23.cross_gate_connectingPort1,23.cross_gate_connectingPort1/MassSpecData-02115-20261006-204039.csv,7.057
2026-10-06 20:40:45.031,7.4267e-11,Torr,23.cross_gate_connectingPort1,23.cross_gate_connectingPort1/MassSpecData-02115-20261006-204039.csv,7.060483333333334
2026-10-06 20:40:45.239,1.0428e-10,Torr,23.cross_gate_connectingPort1,23.cross_gate_connectingPort1/MassSpecData-02115-20261006-204039.csv,7.06395
2026-10-06 20:40:45.447,8.1442e-11,Torr,23.cross_gate_connectingPort1,23.cross_gate_connectingPort1/MassSpecData-02115-20261006-204039.csv,7.067416666666667
2026-10-06 20:40:45.656,7.0347e-11,Torr,23.cross_gate_connectingPort1,23.cross_gate_connectingPort1/MassSpecData-02115-20261006-204039.csv,7.0709
2026-10-06 20:40:45.864,6.5576e-11,Torr,23.cross_gate_connectingPort1,23.cross_gate_connectingPort1/MassSpecData-02115-20261006-204039.csv,7.074366666666666
2026-10-06 20:40:46.072,8.9206e-11,Torr,23.cross_gate_connectingPort1,23.cross_gate_connectingPort1/MassSpecData-02115-20261006-204039.csv,7.077833333333333
2026-10-06 20:40:46.281,8.7598e-11,Torr,23.cross_gate_connectingPort1,23.cross_gate_connectingPort1/MassSpecData-02115-20261006-204039.csv,7.081316666666667
2026-10-06 20:40:46.489,8.4998e-11,Torr,23.cross_gate_connectingPort1,23.cross_gate_connectingPort1/MassSpecData-02115-20261006-204039.csv,7.084783333333333
2026-10-06 20:40:46.697,7.3595e-11,Torr,23.cross_gate_connectingPort1,23.cross_gate_connectingPort1/MassSpecData-02115-20261006-204039.csv,7.08825
2026-10-06 20:40:46.906,8.0367e-11,Torr,23.cross_gate_connectingPort1,23.cross_gate_connectingPort1/MassSpecData-02115-20261006-204039.csv,7.091733333333334
2026-10-06 20:40:47.114,8.1073e-11,Torr,23.cross_gate_connectingPort1,23.cross_gate_connectingPort1/MassSpecData-02115-20261006-204039.csv,7.0952
2026-10-06 20:40:47.322,7.1489e-11,Torr,23.cross_gate_connectingPort1,23.cross_gate_connectingPort1/MassSpecData-02115-20261006-204039.csv,7.098666666666667
2026-10-06 20:40:47.531,9.5569e-11,Torr,23.cross_gate_connectingPort1,23.cross_gate_connectingPort1/MassSpecData-02115-20261006-204039.csv,7.10215
2026-10-06 20:40:47.739,9.5112e-11,Torr,23.cross_gate_connectingPort1,23.cross_gate_connectingPort1/MassSpecData-02115-20261006-204039.csv,7.105616666666666
2026-10-06 20:40:47.947,7.0575e-11,Torr,23.cross_gate_connectingPort1,23.cross_gate_connectingPort1/MassSpecData-02115-20261006-204039.csv,7.109083333333333
2026-10-06 20:40:48.156,6.9504e-11,Torr,23.cross_gate_connectingPort1,23.cross_gate_connectingPort1/MassSpecData-02115-20261006-204039.csv,7.112566666666667
2026-10-06 20:40:48.364,8.7368e-11,Torr,23.cross_gate_connectingPort1,23.cross_gate_connectingPort1/MassSpecData-02115-20261006-204039.csv,7.116033333333333
2026-10-06 20:40:48.573,9.0646e-11,Torr,23.cross_gate_connectingPort1,23.cross_gate_connectingPort1/MassSpecData-02115-20261006-204039.csv,7.119516666666667
2026-10-06 20:40:48.781,8.2299e-11,Torr,23.cross_gate_connectingPort1,23.cross_gate_connectingPort1/MassSpecData-02115-20261006-204039.csv,7.122983333333334
2026-10-06 20:40:48.989,7.4905e-11,Torr,23.cross_gate_connectingPort1,23.cross_gate_connectingPort1/MassSpecData-02115-20261006-204039.csv,7.12645
2026-10-06 20:40:49.198,7.0336e-11,Torr,23.cross_gate_connectingPort1,23.cross_gate_connectingPort1/MassSpecData-02115-20261006-204039.csv,7.129933333333333
2026-10-06 20:40:49.406,7.8741e-11,Torr,23.cross_gate_connectingPort1,23.cross_gate_connectingPort1/MassSpecData-02115-20261006-204039.csv,7.1334
2026-10-06 20:40:49.614,9.5524e-11,Torr,23.cross_gate_connectingPort1,23.cross_gate_connectingPort1/MassSpecData-02115-20261006-204039.csv,7.136866666666666
2026-10-06 20:40:49.823,8.2109e-11,Torr,23.cross_gate_connectingPort1,23.cross_gate_connectingPort1/MassSpecData-02115-20261006-204039.csv,7.14035
2026-10-06 20:40:50.031,8.2408e-11,Torr,23.cross_gate_connectingPort1,23.cross_gate_connectingPort1/MassSpecData-02115-20261006-204039.csv,7.143816666666667
2026-10-06 20:40:50.239,8.1348e-11,Torr,23.cross_gate_connectingPort1,23.cross_gate_connectingPort1/MassSpecData-02115-20261006-204039.csv,7.147283333333333
2026-10-06 20:40:50.448,7.7798e-11,Torr,23.cross_gate_connectingPort1,23.cross_gate_connectingPort1/MassSpecData-02115-20261006-204039.csv,7.150766666666667
2026-10-06 20:40:50.656,7.9326e-11,Torr,23.cross_gate_connectingPort1,23.cross_gate_connectingPort1/MassSpecData-02115-20261006-204039.csv,7.154233333333334
2026-10-06 20:40:50.864,7.7045e-11,Torr,23.cross_gate_connectingPort1,23.cross_gate_connectingPort1/MassSpecData-02115-20261006-204039.csv,7.1577
2026-10-06 20:40:51.073,8.07e-11,Torr,23.cross_gate_connectingPort1,23.cross_gate_connectingPort1/MassSpecData-02115-20261006-204039.csv,7.161183333333333
2026-10-06 20:40:51.281,6.9893e-11,Torr,23.cross_gate_connectingPort1,23.cross_gate_connectingPort1/MassSpecData-02115-20261006-204039.csv,7.16465
2026-10-06 20:40:51.489,7.8782e-11,Torr,23.cross_gate_connectingPort1,23.cross_gate_connectingPort1/MassSpecData-02115-20261006-204039.csv,7.168116666666666
2026-10-06 20:40:51.698,8.2087e-11,Torr,23.cross_gate_connectingPort1,23.cross_gate_connectingPort1/MassSpecData-02115-20261006-204039.csv,7.1716
2026-10-06 20:40:51.906,6.8277e-11,Torr,23.cross_gate_connectingPort1,23.cross_gate_connectingPort1/MassSpecData-02115-20261006-204039.csv,7.175066666666667
2026-10-06 20:40:52.114,8.3346e-11,Torr,23.cross_gate_connectingPort1,23.cross_gate_connectingPort1/MassSpecData-02115-20261006-204039.csv,7.178533333333333
2026-10-06 20:40:52.323,8.5901e-11,Torr,23.cross_gate_connectingPort1,23.cross_gate_connectingPort1/MassSpecData-02115-20261006-204039.csv,7.182016666666667
2026-10-06 20:40:52.531,7.6182e-11,Torr,23.cross_gate_connectingPort1,23.cross_gate_connectingPort1/MassSpecData-02115-20261006-204039.csv,7.185483333333334
2026-10-06 20:40:52.739,8.2763e-11,Torr,23.cross_gate_connectingPort1,23.cross_gate_connectingPort1/MassSpecData-02115-20261006-204039.csv,7.18895
2026-10-06 20:40:52.948,8.1773e-11,Torr,23.cross_gate_connectingPort1,23.cross_gate_connectingPort1/MassSpecData-02115-20261006-204039.csv,7.192433333333333
2026-10-06 20:40:53.156,7.5209e-11,Torr,23.cross_gate_connectingPort1,23.cross_gate_connectingPort1/MassSpecData-02115-20261006-204039.csv,7.1959
2026-10-06 20:40:53.364,8.2379e-11,Torr,23.cross_gate_connectingPort1,23.cross_gate_connectingPort1/MassSpecData-02115-20261006-204039.csv,7.199366666666666
2026-10-06 20:40:53.573,7.8721e-11,Torr,23.cross_gate_connectingPort1,23.cross_gate_connectingPort1/MassSpecData-02115-20261006-204039.csv,7.20285
2026-10-06 20:40:53.781,6.4426e-11,Torr,23.cross_gate_connectingPort1,23.cross_gate_connectingPort1/MassSpecData-02115-20261006-204039.csv,7.206316666666667
2026-10-06 20:40:53.989,7.8033e-11,Torr,23.cross_gate_connectingPort1,23.cross_gate_connectingPort1/MassSpecData-02115-20261006-204039.csv,7.209783333333333
2026-10-06 20:40:54.198,8.4201e-11,Torr,23.cross_gate_connectingPort1,23.cross_gate_connectingPort1/MassSpecData-02115-20261006-204039.csv,7.213266666666667
2026-10-06 20:40:54.406,7.4244e-11,Torr,23.cross_gate_connectingPort1,23.cross_gate_connectingPort1/MassSpecData-02115-20261006-204039.csv,7.216733333333334
2026-10-06 20:40:54.614,9.6519e-11,Torr,23.cross_gate_connectingPort1,23.cross_gate_connectingPort1/MassSpecData-02115-20261006-204039.csv,7.2202
2026-10-06 20:40:54.823,7.2848e-11,Torr,23.cross_gate_connectingPort1,23.cross_gate_connectingPort1/MassSpecData-02115-20261006-204039.csv,7.223683333333333
2026-10-06 20:40:55.031,6.829e-11,Torr,23.cross_gate_connectingPort1,23.cross_gate_connectingPort1/MassSpecData-02115-20261006-204039.csv,7.22715
2026-10-06 20:40:55.239,8.2159e-11,Torr,23.cross_gate_connectingPort1,23.cross_gate_connectingPort1/MassSpecData-02115-20261006-204039.csv,7.230616666666666
2026-10-06 20:40:55.448,7.7619e-11,Torr,23.cross_gate_connectingPort1,23.cross_gate_connectingPort1/MassSpecData-02115-20261006-204039.csv,7.2341
2026-10-06 20:40:55.656,7.5558e-11,Torr,23.cross_gate_connectingPort1,23.cross_gate_connectingPort1/MassSpecData-02115-20261006-204039.csv,7.237566666666667
2026-10-06 20:40:55.864,9.6618e-11,Torr,23.cross_gate_connectingPort1,23.cross_gate_connectingPort1/MassSpecData-02115-20261006-204039.csv,7.241033333333333
2026-10-06 20:40:56.073,9.9442e-11,Torr,23.cross_gate_connectingPort1,23.cross_gate_connectingPort1/MassSpecData-02115-20261006-204039.csv,7.244516666666667
2026-10-06 20:40:56.281,7.6383e-11,Torr,23.cross_gate_connectingPort1,23.cross_gate_connectingPort1/MassSpecData-02115-20261006-204039.csv,7.247983333333334
2026-10-06 20:40:56.489,9.0532e-11,Torr,23.cross_gate_connectingPort1,23.cross_gate_connectingPort1/MassSpecData-02115-20261006-204039.csv,7.25145
2026-10-06 20:40:56.698,9.4622e-11,Torr,23.cross_gate_connectingPort1,23.cross_gate_connectingPort1/MassSpecData-02115-20261006-204039.csv,7.254933333333333
2026-10-06 20:40:56.906,8.2571e-11,Torr,23.cross_gate_connectingPort1,23.cross_gate_connectingPort1/MassSpecData-02115-20261006-204039.csv,7.2584
2026-10-06 20:40:57.114,7.4515e-11,Torr,23.cross_gate_connectingPort1,23.cross_gate_connectingPort1/MassSpecData-02115-20261006-204039.csv,7.261866666666666
2026-10-06 20:40:57.323,8.1102e-11,Torr,23.cross_gate_connectingPort1,23.cross_gate_connectingPort1/MassSpecData-02115-20261006-204039.csv,7.26535
2026-10-06 20:40:57.531,1.0096e-10,Torr,23.cross_gate_connectingPort1,23.cross_gate_connectingPort1/MassSpecData-02115-20261006-204039.csv,7.268816666666667
2026-10-06 20:40:57.739,8.7631e-11,Torr,23.cross_gate_connectingPort1,23.cross_gate_connectingPort1/MassSpecData-02115-20261006-204039.csv,7.272283333333333
2026-10-06 20:40:57.948,6.8921e-11,Torr,23.cross_gate_connectingPort1,23.cross_gate_connectingPort1/MassSpecData-02115-20261006-204039.csv,7.275766666666667
2026-10-06 20:40:58.156,8.9993e-11,Torr,23.cross_gate_connectingPort1,23.cross_gate_connectingPort1/MassSpecData-02115-20261006-204039.csv,7.279233333333334
2026-10-06 20:40:58.364,8.0029e-11,Torr,23.cross_gate_connectingPort1,23.cross_gate_connectingPort1/MassSpecData-02115-20261006-204039.csv,7.2827
2026-10-06 20:40:58.573,7.5872e-11,Torr,23.cross_gate_connectingPort1,23.cross_gate_connectingPort1/MassSpecData-02115-20261006-204039.csv,7.286183333333333
2026-10-06 20:40:58.781,8.4804e-11,Torr,23.cross_gate_connectingPort1,23.cross_gate_connectingPort1/MassSpecData-02115-20261006-204039.csv,7.28965
2026-10-06 20:40:58.989,8.7995e-11,Torr,23.cross_gate_connectingPort1,23.cross_gate_connectingPort1/MassSpecData-02115-20261006-204039.csv,7.293116666666666
2026-10-06 20:40:59.197,8.6e-11,Torr,23.cross_gate_connectingPort1,23.cross_gate_connectingPort1/MassSpecData-02115-20261006-204039.csv,7.296583333333333
2026-10-06 20:40:59.406,1.0073e-10,Torr,23.cross_gate_connectingPort1,23.cross_gate_connectingPort1/MassSpecData-02115-20261006-204039.csv,7.300066666666667
2026-10-06 20:40:59.614,7.8101e-11,Torr,23.cross_gate_connectingPort1,23.cross_gate_connectingPort1/MassSpecData-02115-20261006-204039.csv,7.303533333333333
2026-10-06 20:40:59.822,8.7703e-11,Torr,23.cross_gate_connectingPort1,23.cross_gate_connectingPort1/MassSpecData-02115-20261006-204039.csv,7.307
2026-10-06 20:41:00.031,7.2389e-11,Torr,23.cross_gate_connectingPort1,23.cross_gate_connectingPort1/MassSpecData-02115-20261006-204039.csv,7.310483333333334
2026-10-06 20:41:00.239,7.0782e-11,Torr,23.cross_gate_connectingPort1,23.cross_gate_connectingPort1/MassSpecData-02115-20261006-204039.csv,7.31395
2026-10-06 20:41:00.447,7.7828e-11,Torr,23.cross_gate_connectingPort1,23.cross_gate_connectingPort1/MassSpecData-02115-20261006-204039.csv,7.317416666666667
2026-10-06 20:41:00.656,9.1146e-11,Torr,23.cross_gate_connectingPort1,23.cross_gate_connectingPort1/MassSpecData-02115-20261006-204039.csv,7.3209
2026-10-06 20:41:00.864,9.152e-11,Torr,23.cross_gate_connectingPort1,23.cross_gate_connectingPort1/MassSpecData-02115-20261006-204039.csv,7.324366666666666
2026-10-06 20:41:01.072,6.3662e-11,Torr,23.cross_gate_connectingPort1,23.cross_gate_connectingPort1/MassSpecData-02115-20261006-204039.csv,7.327833333333333
2026-10-06 20:41:01.281,7.9882e-11,Torr,23.cross_gate_connectingPort1,23.cross_gate_connectingPort1/MassSpecData-02115-20261006-204039.csv,7.331316666666667
2026-10-06 20:41:01.489,8.029e-11,Torr,23.cross_gate_connectingPort1,23.cross_gate_connectingPort1/MassSpecData-02115-20261006-204039.csv,7.334783333333333
2026-10-06 20:41:01.697,7.8073e-11,Torr,23.cross_gate_connectingPort1,23.cross_gate_connectingPort1/MassSpecData-02115-20261006-204039.csv,7.33825
2026-10-06 20:41:01.906,8.5436e-11,Torr,23.cross_gate_connectingPort1,23.cross_gate_connectingPort1/MassSpecData-02115-20261006-204039.csv,7.341733333333334
2026-10-06 20:41:02.114,7.1752e-11,Torr,23.cross_gate_connectingPort1,23.cross_gate_connectingPort1/MassSpecData-02115-20261006-204039.csv,7.3452
2026-10-06 20:41:02.322,9.0952e-11,Torr,23.cross_gate_connectingPort1,23.cross_gate_connectingPort1/MassSpecData-02115-20261006-204039.csv,7.348666666666667
2026-10-06 20:41:02.531,7.335e-11,Torr,23.cross_gate_connectingPort1,23.cross_gate_connectingPort1/MassSpecData-02115-20261006-204039.csv,7.35215
2026-10-06 20:41:02.739,8.4615e-11,Torr,23.cross_gate_connectingPort1,23.cross_gate_connectingPort1/MassSpecData-02115-20261006-204039.csv,7.355616666666666
2026-10-06 20:41:02.947,8.8065e-11,Torr,23.cross_gate_connectingPort1,23.cross_gate_connectingPort1/MassSpecData-02115-20261006-204039.csv,7.359083333333333
2026-10-06 20:41:03.156,9.8824e-11,Torr,23.cross_gate_connectingPort1,23.cross_gate_connectingPort1/MassSpecData-02115-20261006-204039.csv,7.362566666666667
2026-10-06 20:41:03.364,8.9213e-11,Torr,23.cross_gate_connectingPort1,23.cross_gate_connectingPort1/MassSpecData-02115-20261006-204039.csv,7.366033333333333
2026-10-06 20:41:03.572,9.6652e-11,Torr,23.cross_gate_connectingPort1,23.cross_gate_connectingPort1/MassSpecData-02115-20261006-204039.csv,7.3695
2026-10-06 20:41:03.781,8.2229e-11,Torr,23.cross_gate_connectingPort1,23.cross_gate_connectingPort1/MassSpecData-02115-20261006-204039.csv,7.372983333333334
2026-10-06 20:41:03.989,7.9494e-11,Torr,23.cross_gate_connectingPort1,23.cross_gate_connectingPort1/MassSpecData-02115-20261006-204039.csv,7.37645
2026-10-06 20:41:04.197,7.9446e-11,Torr,23.cross_gate_connectingPort1,23.cross_gate_connectingPort1/MassSpecData-02115-20261006-204039.csv,7.379916666666667
2026-10-06 20:41:04.406,7.6861e-11,Torr,23.cross_gate_connectingPort1,23.cross_gate_connectingPort1/MassSpecData-02115-20261006-204039.csv,7.3834
2026-10-06 20:41:04.614,8.9713e-11,Torr,23.cross_gate_connectingPort1,23.cross_gate_connectingPort1/MassSpecData-02115-20261006-204039.csv,7.386866666666666
2026-10-06 20:41:04.822,9.9327e-11,Torr,23.cross_gate_connectingPort1,23.cross_gate_connectingPort1/MassSpecData-02115-20261006-204039.csv,7.390333333333333
2026-10-06 20:41:05.031,7.0676e-11,Torr,23.cross_gate_connectingPort1,23.cross_gate_connectingPort1/MassSpecData-02115-20261006-204039.csv,7.393816666666667
2026-10-06 20:41:05.239,6.8848e-11,Torr,23.cross_gate_connectingPort1,23.cross_gate_connectingPort1/MassSpecData-02115-20261006-204039.csv,7.397283333333333
2026-10-06 20:41:05.447,7.2044e-11,Torr,23.cross_gate_connectingPort1,23.cross_gate_connectingPort1/MassSpecData-02115-20261006-204039.csv,7.40075
2026-10-06 20:41:05.656,8.1643e-11,Torr,23.cross_gate_connectingPort1,23.cross_gate_connectingPort1/MassSpecData-02115-20261006-204039.csv,7.404233333333334
2026-10-06 20:41:05.864,8.6858e-11,Torr,23.cross_gate_connectingPort1,23.cross_gate_connectingPort1/MassSpecData-02115-20261006-204039.csv,7.4077
2026-10-06 20:41:06.072,7.9854e-11,Torr,23.cross_gate_connectingPort1,23.cross_gate_connectingPort1/MassSpecData-02115-20261006-204039.csv,7.411166666666667
2026-10-06 20:41:06.281,8.3549e-11,Torr,23.cross_gate_connectingPort1,23.cross_gate_connectingPort1/MassSpecData-02115-20261006-204039.csv,7.41465
2026-10-06 20:41:06.489,8.2373e-11,Torr,23.cross_gate_connectingPort1,23.cross_gate_connectingPort1/MassSpecData-02115-20261006-204039.csv,7.418116666666666
2026-10-06 20:41:06.697,8.6752e-11,Torr,23.cross_gate_connectingPort1,23.cross_gate_connectingPort1/MassSpecData-02115-20261006-204039.csv,7.421583333333333
2026-10-06 20:41:06.906,7.5564e-11,Torr,23.cross_gate_connectingPort1,23.cross_gate_connectingPort1/MassSpecData-02115-20261006-204039.csv,7.425066666666667
2026-10-06 20:41:07.114,8.5026e-11,Torr,23.cross_gate_connectingPort1,23.cross_gate_connectingPort1/MassSpecData-02115-20261006-204039.csv,7.428533333333333
2026-10-06 20:41:07.322,8.1864e-11,Torr,23.cross_gate_connectingPort1,23.cross_gate_connectingPort1/MassSpecData-02115-20261006-204039.csv,7.432
2026-10-06 20:41:07.531,7.0986e-11,Torr,23.cross_gate_connectingPort1,23.cross_gate_connectingPort1/MassSpecData-02115-20261006-204039.csv,7.435483333333334
2026-10-06 20:41:07.739,1.0065e-10,Torr,23.cross_gate_connectingPort1,23.cross_gate_connectingPort1/MassSpecData-02115-20261006-204039.csv,7.43895
2026-10-06 20:41:07.947,9.2068e-11,Torr,23.cross_gate_connectingPort1,23.cross_gate_connectingPort1/MassSpecData-02115-20261006-204039.csv,7.442416666666667
2026-10-06 20:41:08.156,8.3162e-11,Torr,23.cross_gate_connectingPort1,23.cross_gate_connectingPort1/MassSpecData-02115-20261006-204039.csv,7.4459
2026-10-06 20:41:08.364,7.0229e-11,Torr,23.cross_gate_connectingPort1,23.cross_gate_connectingPort1/MassSpecData-02115-20261006-204039.csv,7.449366666666666
2026-10-06 20:41:08.572,9.0839e-11,Torr,23.cross_gate_connectingPort1,23.cross_gate_connectingPort1/MassSpecData-02115-20261006-204039.csv,7.452833333333333
2026-10-06 20:41:08.781,7.9387e-11,Torr,23.cross_gate_connectingPort1,23.cross_gate_connectingPort1/MassSpecData-02115-20261006-204039.csv,7.456316666666667
2026-10-06 20:41:08.989,8.7625e-11,Torr,23.cross_gate_connectingPort1,23.cross_gate_connectingPort1/MassSpecData-02115-20261006-204039.csv,7.459783333333333
2026-10-06 20:41:09.197,8.324e-11,Torr,23.cross_gate_connectingPort1,23.cross_gate_connectingPort1/MassSpecData-02115-20261006-204039.csv,7.46325
2026-10-06 20:41:09.406,7.9531e-11,Torr,23.cross_gate_connectingPort1,23.cross_gate_connectingPort1/MassSpecData-02115-20261006-204039.csv,7.466733333333334
2026-10-06 20:41:09.614,9.0046e-11,Torr,23.cross_gate_connectingPort1,23.cross_gate_connectingPort1/MassSpecData-02115-20261006-204039.csv,7.4702
2026-10-06 20:41:09.822,8.9043e-11,Torr,23.cross_gate_connectingPort1,23.cross_gate_connectingPort1/MassSpecData-02115-20261006-204039.csv,7.473666666666667
2026-10-06 20:41:10.031,8.0366e-11,Torr,23.cross_gate_connectingPort1,23.cross_gate_connectingPort1/MassSpecData-02115-20261006-204039.csv,7.47715
2026-10-06 20:41:10.239,8.0571e-11,Torr,23.cross_gate_connectingPort1,23.cross_gate_connectingPort1/MassSpecData-02115-20261006-204039.csv,7.480616666666666
2026-10-06 20:41:10.447,8.6714e-11,Torr,23.cross_gate_connectingPort1,23.cross_gate_connectingPort1/MassSpecData-02115-20261006-204039.csv,7.484083333333333
2026-10-06 20:41:10.656,8.3655e-11,Torr,23.cross_gate_connectingPort1,23.cross_gate_connectingPort1/MassSpecData-02115-20261006-204039.csv,7.487566666666667
2026-10-06 20:41:10.864,8.0031e-11,Torr,23.cross_gate_connectingPort1,23.cross_gate_connectingPort1/MassSpecData-02115-20261006-204039.csv,7.491033333333333
2026-10-06 20:41:11.072,6.9437e-11,Torr,23.cross_gate_connectingPort1,23.cross_gate_connectingPort1/MassSpecData-02115-20261006-204039.csv,7.4945
2026-10-06 20:41:11.281,7.3905e-11,Torr,23.cross_gate_connectingPort1,23.cross_gate_connectingPort1/MassSpecData-02115-20261006-204039.csv,7.497983333333334
2026-10-06 20:41:11.489,8.9924e-11,Torr,23.cross_gate_connectingPort1,23.cross_gate_connectingPort1/MassSpecData-02115-20261006-204039.csv,7.50145
2026-10-06 20:41:11.697,7.3827e-11,Torr,23.cross_gate_connectingPort1,23.cross_gate_connectingPort1/MassSpecData-02115-20261006-204039.csv,7.504916666666667
2026-10-06 20:41:11.906,6.6172e-11,Torr,23.cross_gate_connectingPort1,23.cross_gate_connectingPort1/MassSpecData-02115-20261006-204039.csv,7.5084
2026-10-06 20:41:12.114,1.0422e-10,Torr,23.cross_gate_connectingPort1,23.cross_gate_connectingPort1/MassSpecData-02115-20261006-204039.csv,7.511866666666666
2026-10-06 20:41:12.322,9.5028e-11,Torr,23.cross_gate_connectingPort1,23.cross_gate_connectingPort1/MassSpecData-02115-20261006-204039.csv,7.515333333333333
2026-10-06 20:41:12.531,8.7274e-11,Torr,23.cross_gate_connectingPort1,23.cross_gate_connectingPort1/MassSpecData-02115-20261006-204039.csv,7.518816666666667
2026-10-06 20:41:12.739,9.0875e-11,Torr,23.cross_gate_connectingPort1,23.cross_gate_connectingPort1/MassSpecData-02115-20261006-204039.csv,7.522283333333333
2026-10-06 20:41:12.947,8.2302e-11,Torr,23.cross_gate_connectingPort1,23.cross_gate_connectingPort1/MassSpecData-02115-20261006-204039.csv,7.52575
2026-10-06 20:41:13.156,7.5792e-11,Torr,23.cross_gate_connectingPort1,23.cross_gate_connectingPort1/MassSpecData-02115-20261006-204039.csv,7.529233333333334
2026-10-06 20:41:13.364,7.5942e-11,Torr,23.cross_gate_connectingPort1,23.cross_gate_connectingPort1/MassSpecData-02115-20261006-204039.csv,7.5327
2026-10-06 20:41:13.572,8.9204e-11,Torr,23.cross_gate_connectingPort1,23.cross_gate_connectingPort1/MassSpecData-02115-20261006-204039.csv,7.536166666666667
2026-10-06 20:41:13.781,9.0777e-11,Torr,23.cross_gate_connectingPort1,23.cross_gate_connectingPort1/MassSpecData-02115-20261006-204039.csv,7.53965
2026-10-06 20:41:13.989,7.7787e-11,Torr,23.cross_gate_connectingPort1,23.cross_gate_connectingPort1/MassSpecData-02115-20261006-204039.csv,7.543116666666666
2026-10-06 20:41:14.197,7.73e-11,Torr,23.cross_gate_connectingPort1,23.cross_gate_connectingPort1/MassSpecData-02115-20261006-204039.csv,7.546583333333333
2026-10-06 20:41:14.406,6.7802e-11,Torr,23.cross_gate_connectingPort1,23.cross_gate_connectingPort1/MassSpecData-02115-20261006-204039.csv,7.550066666666667
2026-10-06 20:41:14.614,7.5014e-11,Torr,23.cross_gate_connectingPort1,23.cross_gate_connectingPort1/MassSpecData-02115-20261006-204039.csv,7.553533333333333
2026-10-06 20:41:14.822,8.5703e-11,Torr,23.cross_gate_connectingPort1,23.cross_gate_connectingPort1/MassSpecData-02115-20261006-204039.csv,7.557
2026-10-06 20:41:15.031,7.5964e-11,Torr,23.cross_gate_connectingPort1,23.cross_gate_connectingPort1/MassSpecData-02115-20261006-204039.csv,7.560483333333334
2026-10-06 20:41:15.239,8.2857e-11,Torr,23.cross_gate_connectingPort1,23.cross_gate_connectingPort1/MassSpecData-02115-20261006-204039.csv,7.56395
2026-10-06 20:41:15.447,8.007e-11,Torr,23.cross_gate_connectingPort1,23.cross_gate_connectingPort1/MassSpecData-02115-20261006-204039.csv,7.567416666666667
2026-10-06 20:41:15.656,9.3304e-11,Torr,23.cross_gate_connectingPort1,23.cross_gate_connectingPort1/MassSpecData-02115-20261006-204039.csv,7.5709
2026-10-06 20:41:15.864,7.7926e-11,Torr,23.cross_gate_connectingPort1,23.cross_gate_connectingPort1/MassSpecData-02115-20261006-204039.csv,7.574366666666666
2026-10-06 20:41:16.072,9.4025e-11,Torr,23.cross_gate_connectingPort1,23.cross_gate_connectingPort1/MassSpecData-02115-20261006-204039.csv,7.577833333333333
2026-10-06 20:41:16.281,7.866e-11,Torr,23.cross_gate_connectingPort1,23.cross_gate_connectingPort1/MassSpecData-02115-20261006-204039.csv,7.581316666666667
2026-10-06 20:41:16.489,8.5879e-11,Torr,23.cross_gate_connectingPort1,23.cross_gate_connectingPort1/MassSpecData-02115-20261006-204039.csv,7.584783333333333
2026-10-06 20:41:16.697,7.8307e-11,Torr,23.cross_gate_connectingPort1,23.cross_gate_connectingPort1/MassSpecData-02115-20261006-204039.csv,7.58825
2026-10-06 20:41:16.906,7.9129e-11,Torr,23.cross_gate_connectingPort1,23.cross_gate_connectingPort1/MassSpecData-02115-20261006-204039.csv,7.591733333333334
2026-10-06 20:41:17.114,8.4704e-11,Torr,23.cross_gate_connectingPort1,23.cross_gate_connectingPort1/MassSpecData-02115-20261006-204039.csv,7.5952
2026-10-06 20:41:17.323,8.2836e-11,Torr,23.cross_gate_connectingPort1,23.cross_gate_connectingPort1/MassSpecData-02115-20261006-204039.csv,7.598683333333333
2026-10-06 20:41:17.531,9.2671e-11,Torr,23.cross_gate_connectingPort1,23.cross_gate_connectingPort1/MassSpecData-02115-20261006-204039.csv,7.60215
2026-10-06 20:41:17.739,7.5588e-11,Torr,23.cross_gate_connectingPort1,23.cross_gate_connectingPort1/MassSpecData-02115-20261006-204039.csv,7.605616666666666
2026-10-06 20:41:17.948,8.3904e-11,Torr,23.cross_gate_connectingPort1,23.cross_gate_connectingPort1/MassSpecData-02115-20261006-204039.csv,7.6091
2026-10-06 20:41:18.156,8.6671e-11,Torr,23.cross_gate_connectingPort1,23.cross_gate_connectingPort1/MassSpecData-02115-20261006-204039.csv,7.612566666666667
2026-10-06 20:41:18.364,9.2004e-11,Torr,23.cross_gate_connectingPort1,23.cross_gate_connectingPort1/MassSpecData-02115-20261006-204039.csv,7.616033333333333
2026-10-06 20:41:18.573,8.3993e-11,Torr,23.cross_gate_connectingPort1,23.cross_gate_connectingPort1/MassSpecData-02115-20261006-204039.csv,7.619516666666667
2026-10-06 20:41:18.781,7.0256e-11,Torr,23.cross_gate_connectingPort1,23.cross_gate_connectingPort1/MassSpecData-02115-20261006-204039.csv,7.622983333333334
2026-10-06 20:41:18.989,9.6271e-11,Torr,23.cross_gate_connectingPort1,23.cross_gate_connectingPort1/MassSpecData-02115-20261006-204039.csv,7.62645
2026-10-06 20:41:19.198,7.5519e-11,Torr,23.cross_gate_connectingPort1,23.cross_gate_connectingPort1/MassSpecData-02115-20261006-204039.csv,7.629933333333333
2026-10-06 20:41:19.406,7.4669e-11,Torr,23.cross_gate_connectingPort1,23.cross_gate_connectingPort1/MassSpecData-02115-20261006-204039.csv,7.6334
2026-10-06 20:41:19.614,7.4293e-11,Torr,23.cross_gate_connectingPort1,23.cross_gate_connectingPort1/MassSpecData-02115-20261006-204039.csv,7.636866666666666
2026-10-06 20:41:19.823,8.7266e-11,Torr,23.cross_gate_connectingPort1,23.cross_gate_connectingPort1/MassSpecData-02115-20261006-204039.csv,7.64035
2026-10-06 20:41:20.031,8.1394e-11,Torr,23.cross_gate_connectingPort1,23.cross_gate_connectingPort1/MassSpecData-02115-20261006-204039.csv,7.643816666666667
2026-10-06 20:41:20.239,8.5598e-11,Torr,23.cross_gate_connectingPort1,23.cross_gate_connectingPort1/MassSpecData-02115-20261006-204039.csv,7.647283333333333
2026-10-06 20:41:20.448,9.7338e-11,Torr,23.cross_gate_connectingPort1,23.cross_gate_connectingPort1/MassSpecData-02115-20261006-204039.csv,7.650766666666667
2026-10-06 20:41:20.656,7.9967e-11,Torr,23.cross_gate_connectingPort1,23.cross_gate_connectingPort1/MassSpecData-02115-20261006-204039.csv,7.654233333333334
2026-10-06 20:41:20.864,1.1174e-10,Torr,23.cross_gate_connectingPort1,23.cross_gate_connectingPort1/MassSpecData-02115-20261006-204039.csv,7.6577
2026-10-06 20:41:21.273,6.4118e-11,Torr,23.cross_gate_connectingPort1,23.cross_gate_connectingPort1/MassSpecData-02115-20261006-204121.csv,7.664516666666667
2026-10-06 20:41:21.481,7.8747e-11,Torr,23.cross_gate_connectingPort1,23.cross_gate_connectingPort1/MassSpecData-02115-20261006-204121.csv,7.667983333333334
2026-10-06 20:41:21.690,8.1587e-11,Torr,23.cross_gate_connectingPort1,23.cross_gate_connectingPort1/MassSpecData-02115-20261006-204121.csv,7.671466666666666
2026-10-06 20:41:21.898,7.3898e-11,Torr,23.cross_gate_connectingPort1,23.cross_gate_connectingPort1/MassSpecData-02115-20261006-204121.csv,7.674933333333333
2026-10-06 20:41:22.106,8.8086e-11,Torr,23.cross_gate_connectingPort1,23.cross_gate_connectingPort1/MassSpecData-02115-20261006-204121.csv,7.6784
2026-10-06 20:41:22.315,7.4227e-11,Torr,23.cross_gate_connectingPort1,23.cross_gate_connectingPort1/MassSpecData-02115-20261006-204121.csv,7.681883333333333
2026-10-06 20:41:22.523,8.9719e-11,Torr,23.cross_gate_connectingPort1,23.cross_gate_connectingPort1/MassSpecData-02115-20261006-204121.csv,7.68535
2026-10-06 20:41:22.731,8.3276e-11,Torr,23.cross_gate_connectingPort1,23.cross_gate_connectingPort1/MassSpecData-02115-20261006-204121.csv,7.688816666666667
2026-10-06 20:41:22.939,9.4311e-11,Torr,23.cross_gate_connectingPort1,23.cross_gate_connectingPort1/MassSpecData-02115-20261006-204121.csv,7.692283333333333
2026-10-06 20:41:23.148,8.4923e-11,Torr,23.cross_gate_connectingPort1,23.cross_gate_connectingPort1/MassSpecData-02115-20261006-204121.csv,7.695766666666667
2026-10-06 20:41:23.356,9.3256e-11,Torr,23.cross_gate_connectingPort1,23.cross_gate_connectingPort1/MassSpecData-02115-20261006-204121.csv,7.699233333333334
2026-10-06 20:41:23.565,8.8453e-11,Torr,23.cross_gate_connectingPort1,23.cross_gate_connectingPort1/MassSpecData-02115-20261006-204121.csv,7.702716666666666
2026-10-06 20:41:23.773,1.008e-10,Torr,23.cross_gate_connectingPort1,23.cross_gate_connectingPort1/MassSpecData-02115-20261006-204121.csv,7.706183333333333
2026-10-06 20:41:23.981,7.3255e-11,Torr,23.cross_gate_connectingPort1,23.cross_gate_connectingPort1/MassSpecData-02115-20261006-204121.csv,7.70965
2026-10-06 20:41:24.190,8.3822e-11,Torr,23.cross_gate_connectingPort1,23.cross_gate_connectingPort1/MassSpecData-02115-20261006-204121.csv,7.713133333333333
2026-10-06 20:41:24.398,8.2319e-11,Torr,23.cross_gate_connectingPort1,23.cross_gate_connectingPort1/MassSpecData-02115-20261006-204121.csv,7.7166
2026-10-06 20:41:24.606,7.7446e-11,Torr,23.cross_gate_connectingPort1,23.cross_gate_connectingPort1/MassSpecData-02115-20261006-204121.csv,7.720066666666667
2026-10-06 20:41:24.815,8.2274e-11,Torr,23.cross_gate_connectingPort1,23.cross_gate_connectingPort1/MassSpecData-02115-20261006-204121.csv,7.72355
2026-10-06 20:41:25.023,8.7132e-11,Torr,23.cross_gate_connectingPort1,23.cross_gate_connectingPort1/MassSpecData-02115-20261006-204121.csv,7.727016666666667
2026-10-06 20:41:25.231,7.3386e-11,Torr,23.cross_gate_connectingPort1,23.cross_gate_connectingPort1/MassSpecData-02115-20261006-204121.csv,7.730483333333334
2026-10-06 20:41:25.440,7.2183e-11,Torr,23.cross_gate_connectingPort1,23.cross_gate_connectingPort1/MassSpecData-02115-20261006-204121.csv,7.733966666666666
2026-10-06 20:41:25.648,8.4133e-11,Torr,23.cross_gate_connectingPort1,23.cross_gate_connectingPort1/MassSpecData-02115-20261006-204121.csv,7.737433333333333
2026-10-06 20:41:25.856,7.4115e-11,Torr,23.cross_gate_connectingPort1,23.cross_gate_connectingPort1/MassSpecData-02115-20261006-204121.csv,7.7409
2026-10-06 20:41:26.065,6.7677e-11,Torr,23.cross_gate_connectingPort1,23.cross_gate_connectingPort1/MassSpecData-02115-20261006-204121.csv,7.744383333333333
2026-10-06 20:41:26.273,1.0188e-10,Torr,23.cross_gate_connectingPort1,23.cross_gate_connectingPort1/MassSpecData-02115-20261006-204121.csv,7.74785
2026-10-06 20:41:26.481,9.4615e-11,Torr,23.cross_gate_connectingPort1,23.cross_gate_connectingPort1/MassSpecData-02115-20261006-204121.csv,7.751316666666667
2026-10-06 20:41:26.689,7.8639e-11,Torr,23.cross_gate_connectingPort1,23.cross_gate_connectingPort1/MassSpecData-02115-20261006-204121.csv,7.754783333333333
2026-10-06 20:41:26.898,8.3752e-11,Torr,23.cross_gate_connectingPort1,23.cross_gate_connectingPort1/MassSpecData-02115-20261006-204121.csv,7.758266666666667
2026-10-06 20:41:27.106,7.97e-11,Torr,23.cross_gate_connectingPort1,23.cross_gate_connectingPort1/MassSpecData-02115-20261006-204121.csv,7.761733333333334
2026-10-06 20:41:27.314,9.8305e-11,Torr,23.cross_gate_connectingPort1,23.cross_gate_connectingPort1/MassSpecData-02115-20261006-204121.csv,7.765199999999999
2026-10-06 20:41:27.523,8.1117e-11,Torr,23.cross_gate_connectingPort1,23.cross_gate_connectingPort1/MassSpecData-02115-20261006-204121.csv,7.768683333333333
2026-10-06 20:41:27.731,8.651e-11,Torr,23.cross_gate_connectingPort1,23.cross_gate_connectingPort1/MassSpecData-02115-20261006-204121.csv,7.77215
2026-10-06 20:41:27.939,8.9568e-11,Torr,23.cross_gate_connectingPort1,23.cross_gate_connectingPort1/MassSpecData-02115-20261006-204121.csv,7.775616666666666
2026-10-06 20:41:28.148,9.0764e-11,Torr,23.cross_gate_connectingPort1,23.cross_gate_connectingPort1/MassSpecData-02115-20261006-204121.csv,7.7791
2026-10-06 20:41:28.356,6.5755e-11,Torr,23.cross_gate_connectingPort1,23.cross_gate_connectingPort1/MassSpecData-02115-20261006-204121.csv,7.782566666666667
2026-10-06 20:41:28.564,6.9294e-11,Torr,23.cross_gate_connectingPort1,23.cross_gate_connectingPort1/MassSpecData-02115-20261006-204121.csv,7.786033333333333
2026-10-06 20:41:28.773,9.7494e-11,Torr,23.cross_gate_connectingPort1,23.cross_gate_connectingPort1/MassSpecData-02115-20261006-204121.csv,7.789516666666667
2026-10-06 20:41:28.981,7.7111e-11,Torr,23.cross_gate_connectingPort1,23.cross_gate_connectingPort1/MassSpecData-02115-20261006-204121.csv,7.792983333333334
2026-10-06 20:41:29.189,8.8999e-11,Torr,23.cross_gate_connectingPort1,23.cross_gate_connectingPort1/MassSpecData-02115-20261006-204121.csv,7.796449999999999
2026-10-06 20:41:29.398,7.487e-11,Torr,23.cross_gate_connectingPort1,23.cross_gate_connectingPort1/MassSpecData-02115-20261006-204121.csv,7.799933333333333
2026-10-06 20:41:29.606,7.8916e-11,Torr,23.cross_gate_connectingPort1,23.cross_gate_connectingPort1/MassSpecData-02115-20261006-204121.csv,7.8034
2026-10-06 20:41:29.814,8.909e-11,Torr,23.cross_gate_connectingPort1,23.cross_gate_connectingPort1/MassSpecData-02115-20261006-204121.csv,7.806866666666666
2026-10-06 20:41:30.023,7.4271e-11,Torr,23.cross_gate_connectingPort1,23.cross_gate_connectingPort1/MassSpecData-02115-20261006-204121.csv,7.81035
2026-10-06 20:41:30.231,7.1047e-11,Torr,23.cross_gate_connectingPort1,23.cross_gate_connectingPort1/MassSpecData-02115-20261006-204121.csv,7.813816666666667
2026-10-06 20:41:30.440,6.8174e-11,Torr,23.cross_gate_connectingPort1,23.cross_gate_connectingPort1/MassSpecData-02115-20261006-204121.csv,7.8173
2026-10-06 20:41:30.648,7.1189e-11,Torr,23.cross_gate_connectingPort1,23.cross_gate_connectingPort1/MassSpecData-02115-20261006-204121.csv,7.820766666666667
2026-10-06 20:41:30.856,7.8865e-11,Torr,23.cross_gate_connectingPort1,23.cross_gate_connectingPort1/MassSpecData-02115-20261006-204121.csv,7.824233333333334
2026-10-06 20:41:31.065,7.115e-11,Torr,23.cross_gate_connectingPort1,23.cross_gate_connectingPort1/MassSpecData-02115-20261006-204121.csv,7.827716666666666
2026-10-06 20:41:31.273,8.4226e-11,Torr,23.cross_gate_connectingPort1,23.cross_gate_connectingPort1/MassSpecData-02115-20261006-204121.csv,7.831183333333333
2026-10-06 20:41:31.481,8.0698e-11,Torr,23.cross_gate_connectingPort1,23.cross_gate_connectingPort1/MassSpecData-02115-20261006-204121.csv,7.83465
2026-10-06 20:41:31.690,7.9822e-11,Torr,23.cross_gate_connectingPort1,23.cross_gate_connectingPort1/MassSpecData-02115-20261006-204121.csv,7.838133333333333
2026-10-06 20:41:31.898,9.181e-11,Torr,23.cross_gate_connectingPort1,23.cross_gate_connectingPort1/MassSpecData-02115-20261006-204121.csv,7.8416
2026-10-06 20:41:32.106,9.47e-11,Torr,23.cross_gate_connectingPort1,23.cross_gate_connectingPort1/MassSpecData-02115-20261006-204121.csv,7.845066666666667
2026-10-06 20:41:32.315,7.9798e-11,Torr,23.cross_gate_connectingPort1,23.cross_gate_connectingPort1/MassSpecData-02115-20261006-204121.csv,7.84855
2026-10-06 20:41:32.523,8.9731e-11,Torr,23.cross_gate_connectingPort1,23.cross_gate_connectingPort1/MassSpecData-02115-20261006-204121.csv,7.852016666666667
2026-10-06 20:41:32.731,8.767e-11,Torr,23.cross_gate_connectingPort1,23.cross_gate_connectingPort1/MassSpecData-02115-20261006-204121.csv,7.855483333333334
2026-10-06 20:41:32.940,8.1789e-11,Torr,23.cross_gate_connectingPort1,23.cross_gate_connectingPort1/MassSpecData-02115-20261006-204121.csv,7.858966666666666
2026-10-06 20:41:33.148,8.2731e-11,Torr,23.cross_gate_connectingPort1,23.cross_gate_connectingPort1/MassSpecData-02115-20261006-204121.csv,7.862433333333333
2026-10-06 20:41:33.356,7.2165e-11,Torr,23.cross_gate_connectingPort1,23.cross_gate_connectingPort1/MassSpecData-02115-20261006-204121.csv,7.8659
2026-10-06 20:41:33.565,8.5493e-11,Torr,23.cross_gate_connectingPort1,23.cross_gate_connectingPort1/MassSpecData-02115-20261006-204121.csv,7.869383333333333
2026-10-06 20:41:33.773,8.0243e-11,Torr,23.cross_gate_connectingPort1,23.cross_gate_connectingPort1/MassSpecData-02115-20261006-204121.csv,7.87285
2026-10-06 20:41:33.981,8.2838e-11,Torr,23.cross_gate_connectingPort1,23.cross_gate_connectingPort1/MassSpecData-02115-20261006-204121.csv,7.876316666666667
2026-10-06 20:41:34.190,9.2902e-11,Torr,23.cross_gate_connectingPort1,23.cross_gate_connectingPort1/MassSpecData-02115-20261006-204121.csv,7.8798
2026-10-06 20:41:34.398,7.3686e-11,Torr,23.cross_gate_connectingPort1,23.cross_gate_connectingPort1/MassSpecData-02115-20261006-204121.csv,7.883266666666667
2026-10-06 20:41:34.606,8.4001e-11,Torr,23.cross_gate_connectingPort1,23.cross_gate_connectingPort1/MassSpecData-02115-20261006-204121.csv,7.886733333333334
2026-10-06 20:41:34.815,7.0952e-11,Torr,23.cross_gate_connectingPort1,23.cross_gate_connectingPort1/MassSpecData-02115-20261006-204121.csv,7.890216666666666
2026-10-06 20:41:35.023,8.4501e-11,Torr,23.cross_gate_connectingPort1,23.cross_gate_connectingPort1/MassSpecData-02115-20261006-204121.csv,7.893683333333333
2026-10-06 20:41:35.231,8.7245e-11,Torr,23.cross_gate_connectingPort1,23.cross_gate_connectingPort1/MassSpecData-02115-20261006-204121.csv,7.89715
2026-10-06 20:41:35.440,9.0141e-11,Torr,23.cross_gate_connectingPort1,23.cross_gate_connectingPort1/MassSpecData-02115-20261006-204121.csv,7.900633333333333
2026-10-06 20:41:35.648,8.5895e-11,Torr,23.cross_gate_connectingPort1,23.cross_gate_connectingPort1/MassSpecData-02115-20261006-204121.csv,7.9041
2026-10-06 20:41:35.856,8.2212e-11,Torr,23.cross_gate_connectingPort1,23.cross_gate_connectingPort1/MassSpecData-02115-20261006-204121.csv,7.907566666666667
2026-10-06 20:41:36.065,7.7727e-11,Torr,23.cross_gate_connectingPort1,23.cross_gate_connectingPort1/MassSpecData-02115-20261006-204121.csv,7.91105
2026-10-06 20:41:36.273,8.3453e-11,Torr,23.cross_gate_connectingPort1,23.cross_gate_connectingPort1/MassSpecData-02115-20261006-204121.csv,7.914516666666667
2026-10-06 20:41:36.481,7.8101e-11,Torr,23.cross_gate_connectingPort1,23.cross_gate_connectingPort1/MassSpecData-02115-20261006-204121.csv,7.917983333333334
2026-10-06 20:41:36.690,8.3692e-11,Torr,23.cross_gate_connectingPort1,23.cross_gate_connectingPort1/MassSpecData-02115-20261006-204121.csv,7.921466666666666
2026-10-06 20:41:36.898,9.3297e-11,Torr,23.cross_gate_connectingPort1,23.cross_gate_connectingPort1/MassSpecData-02115-20261006-204121.csv,7.924933333333333
2026-10-06 20:41:37.106,8.3925e-11,Torr,23.cross_gate_connectingPort1,23.cross_gate_connectingPort1/MassSpecData-02115-20261006-204121.csv,7.9284
2026-10-06 20:41:37.315,7.573e-11,Torr,23.cross_gate_connectingPort1,23.cross_gate_connectingPort1/MassSpecData-02115-20261006-204121.csv,7.931883333333333
2026-10-06 20:41:37.523,9.7543e-11,Torr,23.cross_gate_connectingPort1,23.cross_gate_connectingPort1/MassSpecData-02115-20261006-204121.csv,7.93535
2026-10-06 20:41:37.731,7.9389e-11,Torr,23.cross_gate_connectingPort1,23.cross_gate_connectingPort1/MassSpecData-02115-20261006-204121.csv,7.938816666666667
2026-10-06 20:41:37.940,7.6287e-11,Torr,23.cross_gate_connectingPort1,23.cross_gate_connectingPort1/MassSpecData-02115-20261006-204121.csv,7.9423
2026-10-06 20:41:38.148,7.4092e-11,Torr,23.cross_gate_connectingPort1,23.cross_gate_connectingPort1/MassSpecData-02115-20261006-204121.csv,7.945766666666667
2026-10-06 20:41:38.356,7.957e-11,Torr,23.cross_gate_connectingPort1,23.cross_gate_connectingPort1/MassSpecData-02115-20261006-204121.csv,7.949233333333334
2026-10-06 20:41:38.565,8.276e-11,Torr,23.cross_gate_connectingPort1,23.cross_gate_connectingPort1/MassSpecData-02115-20261006-204121.csv,7.952716666666666
2026-10-06 20:41:38.773,8.2478e-11,Torr,23.cross_gate_connectingPort1,23.cross_gate_connectingPort1/MassSpecData-02115-20261006-204121.csv,7.956183333333333
2026-10-06 20:41:38.981,8.2252e-11,Torr,23.cross_gate_connectingPort1,23.cross_gate_connectingPort1/MassSpecData-02115-20261006-204121.csv,7.95965
2026-10-06 20:41:39.190,9.1673e-11,Torr,23.cross_gate_connectingPort1,23.cross_gate_connectingPort1/MassSpecData-02115-20261006-204121.csv,7.963133333333333
2026-10-06 20:41:39.398,7.3922e-11,Torr,23.cross_gate_connectingPort1,23.cross_gate_connectingPort1/MassSpecData-02115-20261006-204121.csv,7.9666
2026-10-06 20:41:39.606,7.84e-11,Torr,23.cross_gate_connectingPort1,23.cross_gate_connectingPort1/MassSpecData-02115-20261006-204121.csv,7.970066666666667
2026-10-06 20:41:39.815,9.1584e-11,Torr,23.cross_gate_connectingPort1,23.cross_gate_connectingPort1/MassSpecData-02115-20261006-204121.csv,7.97355
2026-10-06 20:41:40.023,7.7774e-11,Torr,23.cross_gate_connectingPort1,23.cross_gate_connectingPort1/MassSpecData-02115-20261006-204121.csv,7.977016666666667
2026-10-06 20:41:40.231,7.1685e-11,Torr,23.cross_gate_connectingPort1,23.cross_gate_connectingPort1/MassSpecData-02115-20261006-204121.csv,7.980483333333334
2026-10-06 20:41:40.440,8.4449e-11,Torr,23.cross_gate_connectingPort1,23.cross_gate_connectingPort1/MassSpecData-02115-20261006-204121.csv,7.983966666666666
2026-10-06 20:41:40.648,7.1697e-11,Torr,23.cross_gate_connectingPort1,23.cross_gate_connectingPort1/MassSpecData-02115-20261006-204121.csv,7.987433333333333
2026-10-06 20:41:40.856,7.4688e-11,Torr,23.cross_gate_connectingPort1,23.cross_gate_connectingPort1/MassSpecData-02115-20261006-204121.csv,7.9909
2026-10-06 20:41:41.064,7.392e-11,Torr,23.cross_gate_connectingPort1,23.cross_gate_connectingPort1/MassSpecData-02115-20261006-204121.csv,7.994366666666666
2026-10-06 20:41:41.273,8.0013e-11,Torr,23.cross_gate_connectingPort1,23.cross_gate_connectingPort1/MassSpecData-02115-20261006-204121.csv,7.99785
2026-10-06 20:41:41.481,6.7688e-11,Torr,23.cross_gate_connectingPort1,23.cross_gate_connectingPort1/MassSpecData-02115-20261006-204121.csv,8.001316666666666
2026-10-06 20:41:41.689,9.6397e-11,Torr,23.cross_gate_connectingPort1,23.cross_gate_connectingPort1/MassSpecData-02115-20261006-204121.csv,8.004783333333332
2026-10-06 20:41:41.898,7.3042e-11,Torr,23.cross_gate_connectingPort1,23.cross_gate_connectingPort1/MassSpecData-02115-20261006-204121.csv,8.008266666666666
2026-10-06 20:41:42.106,7.5772e-11,Torr,23.cross_gate_connectingPort1,23.cross_gate_connectingPort1/MassSpecData-02115-20261006-204121.csv,8.011733333333334
2026-10-06 20:41:42.314,7.6897e-11,Torr,23.cross_gate_connectingPort1,23.cross_gate_connectingPort1/MassSpecData-02115-20261006-204121.csv,8.0152
2026-10-06 20:41:42.523,7.8583e-11,Torr,23.cross_gate_connectingPort1,23.cross_gate_connectingPort1/MassSpecData-02115-20261006-204121.csv,8.018683333333334
2026-10-06 20:41:42.731,7.44e-11,Torr,23.cross_gate_connectingPort1,23.cross_gate_connectingPort1/MassSpecData-02115-20261006-204121.csv,8.02215
2026-10-06 20:41:42.939,7.8448e-11,Torr,23.cross_gate_connectingPort1,23.cross_gate_connectingPort1/MassSpecData-02115-20261006-204121.csv,8.025616666666666
2026-10-06 20:41:43.148,7.5493e-11,Torr,23.cross_gate_connectingPort1,23.cross_gate_connectingPort1/MassSpecData-02115-20261006-204121.csv,8.0291
2026-10-06 20:41:43.356,7.2108e-11,Torr,23.cross_gate_connectingPort1,23.cross_gate_connectingPort1/MassSpecData-02115-20261006-204121.csv,8.032566666666666
2026-10-06 20:41:43.564,8.3186e-11,Torr,23.cross_gate_connectingPort1,23.cross_gate_connectingPort1/MassSpecData-02115-20261006-204121.csv,8.036033333333332
2026-10-06 20:41:43.773,8.0781e-11,Torr,23.cross_gate_connectingPort1,23.cross_gate_connectingPort1/MassSpecData-02115-20261006-204121.csv,8.039516666666666
2026-10-06 20:41:43.981,9.2461e-11,Torr,23.cross_gate_connectingPort1,23.cross_gate_connectingPort1/MassSpecData-02115-20261006-204121.csv,8.042983333333334
2026-10-06 20:41:44.189,7.1661e-11,Torr,23.cross_gate_connectingPort1,23.cross_gate_connectingPort1/MassSpecData-02115-20261006-204121.csv,8.04645
2026-10-06 20:41:44.398,7.8358e-11,Torr,23.cross_gate_connectingPort1,23.cross_gate_connectingPort1/MassSpecData-02115-20261006-204121.csv,8.049933333333334
2026-10-06 20:41:44.606,7.5767e-11,Torr,23.cross_gate_connectingPort1,23.cross_gate_connectingPort1/MassSpecData-02115-20261006-204121.csv,8.0534
2026-10-06 20:41:44.814,8.1285e-11,Torr,23.cross_gate_connectingPort1,23.cross_gate_connectingPort1/MassSpecData-02115-20261006-204121.csv,8.056866666666666
2026-10-06 20:41:45.023,7.5441e-11,Torr,23.cross_gate_connectingPort1,23.cross_gate_connectingPort1/MassSpecData-02115-20261006-204121.csv,8.06035
2026-10-06 20:41:45.231,8.3565e-11,Torr,23.cross_gate_connectingPort1,23.cross_gate_connectingPort1/MassSpecData-02115-20261006-204121.csv,8.063816666666666
2026-10-06 20:41:45.439,7.9913e-11,Torr,23.cross_gate_connectingPort1,23.cross_gate_connectingPort1/MassSpecData-02115-20261006-204121.csv,8.067283333333332
2026-10-06 20:41:45.648,7.0847e-11,Torr,23.cross_gate_connectingPort1,23.cross_gate_connectingPort1/MassSpecData-02115-20261006-204121.csv,8.070766666666666
2026-10-06 20:41:45.856,8.1287e-11,Torr,23.cross_gate_connectingPort1,23.cross_gate_connectingPort1/MassSpecData-02115-20261006-204121.csv,8.074233333333334
2026-10-06 20:41:46.064,9.7729e-11,Torr,23.cross_gate_connectingPort1,23.cross_gate_connectingPort1/MassSpecData-02115-20261006-204121.csv,8.0777
2026-10-06 20:41:46.273,7.8054e-11,Torr,23.cross_gate_connectingPort1,23.cross_gate_connectingPort1/MassSpecData-02115-20261006-204121.csv,8.081183333333334
2026-10-06 20:41:46.481,8.3033e-11,Torr,23.cross_gate_connectingPort1,23.cross_gate_connectingPort1/MassSpecData-02115-20261006-204121.csv,8.08465
2026-10-06 20:41:46.689,8.1124e-11,Torr,23.cross_gate_connectingPort1,23.cross_gate_connectingPort1/MassSpecData-02115-20261006-204121.csv,8.088116666666666
2026-10-06 20:41:46.898,7.0473e-11,Torr,23.cross_gate_connectingPort1,23.cross_gate_connectingPort1/MassSpecData-02115-20261006-204121.csv,8.0916
2026-10-06 20:41:47.106,8.5047e-11,Torr,23.cross_gate_connectingPort1,23.cross_gate_connectingPort1/MassSpecData-02115-20261006-204121.csv,8.095066666666666
2026-10-06 20:41:47.314,7.801e-11,Torr,23.cross_gate_connectingPort1,23.cross_gate_connectingPort1/MassSpecData-02115-20261006-204121.csv,8.098533333333332
2026-10-06 20:41:47.523,8.0346e-11,Torr,23.cross_gate_connectingPort1,23.cross_gate_connectingPort1/MassSpecData-02115-20261006-204121.csv,8.102016666666666
2026-10-06 20:41:47.731,9.3463e-11,Torr,23.cross_gate_connectingPort1,23.cross_gate_connectingPort1/MassSpecData-02115-20261006-204121.csv,8.105483333333334
2026-10-06 20:41:47.939,8.3424e-11,Torr,23.cross_gate_connectingPort1,23.cross_gate_connectingPort1/MassSpecData-02115-20261006-204121.csv,8.10895
2026-10-06 20:41:48.148,7.5105e-11,Torr,23.cross_gate_connectingPort1,23.cross_gate_connectingPort1/MassSpecData-02115-20261006-204121.csv,8.112433333333334
2026-10-06 20:41:48.356,7.271e-11,Torr,23.cross_gate_connectingPort1,23.cross_gate_connectingPort1/MassSpecData-02115-20261006-204121.csv,8.1159
2026-10-06 20:41:48.564,8.2686e-11,Torr,23.cross_gate_connectingPort1,23.cross_gate_connectingPort1/MassSpecData-02115-20261006-204121.csv,8.119366666666666
2026-10-06 20:41:48.773,7.645e-11,Torr,23.cross_gate_connectingPort1,23.cross_gate_connectingPort1/MassSpecData-02115-20261006-204121.csv,8.12285
2026-10-06 20:41:48.981,7.8832e-11,Torr,23.cross_gate_connectingPort1,23.cross_gate_connectingPort1/MassSpecData-02115-20261006-204121.csv,8.126316666666666
2026-10-06 20:41:49.189,8.36e-11,Torr,23.cross_gate_connectingPort1,23.cross_gate_connectingPort1/MassSpecData-02115-20261006-204121.csv,8.129783333333332
2026-10-06 20:41:49.398,7.1685e-11,Torr,23.cross_gate_connectingPort1,23.cross_gate_connectingPort1/MassSpecData-02115-20261006-204121.csv,8.133266666666666
2026-10-06 20:41:49.606,8.395e-11,Torr,23.cross_gate_connectingPort1,23.cross_gate_connectingPort1/MassSpecData-02115-20261006-204121.csv,8.136733333333334
2026-10-06 20:41:49.814,1.1462e-10,Torr,23.cross_gate_connectingPort1,23.cross_gate_connectingPort1/MassSpecData-02115-20261006-204121.csv,8.1402
2026-10-06 20:41:50.023,7.4263e-11,Torr,23.cross_gate_connectingPort1,23.cross_gate_connectingPort1/MassSpecData-02115-20261006-204121.csv,8.143683333333334
2026-10-06 20:41:50.231,7.8688e-11,Torr,23.cross_gate_connectingPort1,23.cross_gate_connectingPort1/MassSpecData-02115-20261006-204121.csv,8.14715
2026-10-06 20:41:50.439,8.0498e-11,Torr,23.cross_gate_connectingPort1,23.cross_gate_connectingPort1/MassSpecData-02115-20261006-204121.csv,8.150616666666666
2026-10-06 20:41:50.648,7.4006e-11,Torr,23.cross_gate_connectingPort1,23.cross_gate_connectingPort1/MassSpecData-02115-20261006-204121.csv,8.1541
2026-10-06 20:41:50.856,6.9445e-11,Torr,23.cross_gate_connectingPort1,23.cross_gate_connectingPort1/MassSpecData-02115-20261006-204121.csv,8.157566666666666
2026-10-06 20:41:51.064,7.9768e-11,Torr,23.cross_gate_connectingPort1,23.cross_gate_connectingPort1/MassSpecData-02115-20261006-204121.csv,8.161033333333332
2026-10-06 20:41:51.273,9.0634e-11,Torr,23.cross_gate_connectingPort1,23.cross_gate_connectingPort1/MassSpecData-02115-20261006-204121.csv,8.164516666666666
2026-10-06 20:41:51.481,9.1141e-11,Torr,23.cross_gate_connectingPort1,23.cross_gate_connectingPort1/MassSpecData-02115-20261006-204121.csv,8.167983333333334
2026-10-06 20:41:51.689,8.4764e-11,Torr,23.cross_gate_connectingPort1,23.cross_gate_connectingPort1/MassSpecData-02115-20261006-204121.csv,8.17145
2026-10-06 20:41:51.898,7.4023e-11,Torr,23.cross_gate_connectingPort1,23.cross_gate_connectingPort1/MassSpecData-02115-20261006-204121.csv,8.174933333333334
2026-10-06 20:41:52.106,7.7989e-11,Torr,23.cross_gate_connectingPort1,23.cross_gate_connectingPort1/MassSpecData-02115-20261006-204121.csv,8.1784
2026-10-06 20:41:52.314,7.6585e-11,Torr,23.cross_gate_connectingPort1,23.cross_gate_connectingPort1/MassSpecData-02115-20261006-204121.csv,8.181866666666666
2026-10-06 20:41:52.523,8.4178e-11,Torr,23.cross_gate_connectingPort1,23.cross_gate_connectingPort1/MassSpecData-02115-20261006-204121.csv,8.18535
2026-10-06 20:41:52.731,7.8989e-11,Torr,23.cross_gate_connectingPort1,23.cross_gate_connectingPort1/MassSpecData-02115-20261006-204121.csv,8.188816666666666
2026-10-06 20:41:52.939,8.5229e-11,Torr,23.cross_gate_connectingPort1,23.cross_gate_connectingPort1/MassSpecData-02115-20261006-204121.csv,8.192283333333332
2026-10-06 20:41:53.148,8.9096e-11,Torr,23.cross_gate_connectingPort1,23.cross_gate_connectingPort1/MassSpecData-02115-20261006-204121.csv,8.195766666666666
2026-10-06 20:41:53.356,9.1093e-11,Torr,23.cross_gate_connectingPort1,23.cross_gate_connectingPort1/MassSpecData-02115-20261006-204121.csv,8.199233333333334
2026-10-06 20:41:53.564,8.2029e-11,Torr,23.cross_gate_connectingPort1,23.cross_gate_connectingPort1/MassSpecData-02115-20261006-204121.csv,8.2027
2026-10-06 20:41:53.773,7.1698e-11,Torr,23.cross_gate_connectingPort1,23.cross_gate_connectingPort1/MassSpecData-02115-20261006-204121.csv,8.206183333333334
2026-10-06 20:41:53.981,6.702e-11,Torr,23.cross_gate_connectingPort1,23.cross_gate_connectingPort1/MassSpecData-02115-20261006-204121.csv,8.20965
2026-10-06 20:41:54.189,8.3811e-11,Torr,23.cross_gate_connectingPort1,23.cross_gate_connectingPort1/MassSpecData-02115-20261006-204121.csv,8.213116666666666
2026-10-06 20:41:54.398,8.4608e-11,Torr,23.cross_gate_connectingPort1,23.cross_gate_connectingPort1/MassSpecData-02115-20261006-204121.csv,8.2166
2026-10-06 20:41:54.606,7.2906e-11,Torr,23.cross_gate_connectingPort1,23.cross_gate_connectingPort1/MassSpecData-02115-20261006-204121.csv,8.220066666666666
2026-10-06 20:41:54.814,8.508e-11,Torr,23.cross_gate_connectingPort1,23.cross_gate_connectingPort1/MassSpecData-02115-20261006-204121.csv,8.223533333333332
2026-10-06 20:41:55.023,7.3801e-11,Torr,23.cross_gate_connectingPort1,23.cross_gate_connectingPort1/MassSpecData-02115-20261006-204121.csv,8.227016666666666
2026-10-06 20:41:55.231,9.2258e-11,Torr,23.cross_gate_connectingPort1,23.cross_gate_connectingPort1/MassSpecData-02115-20261006-204121.csv,8.230483333333334
2026-10-06 20:41:55.439,8.4232e-11,Torr,23.cross_gate_connectingPort1,23.cross_gate_connectingPort1/MassSpecData-02115-20261006-204121.csv,8.23395
2026-10-06 20:41:55.648,6.6876e-11,Torr,23.cross_gate_connectingPort1,23.cross_gate_connectingPort1/MassSpecData-02115-20261006-204121.csv,8.237433333333334
2026-10-06 20:41:55.856,8.9932e-11,Torr,23.cross_gate_connectingPort1,23.cross_gate_connectingPort1/MassSpecData-02115-20261006-204121.csv,8.2409
2026-10-06 20:41:56.064,8.1733e-11,Torr,23.cross_gate_connectingPort1,23.cross_gate_connectingPort1/MassSpecData-02115-20261006-204121.csv,8.244366666666666
2026-10-06 20:41:56.273,7.3443e-11,Torr,23.cross_gate_connectingPort1,23.cross_gate_connectingPort1/MassSpecData-02115-20261006-204121.csv,8.24785
2026-10-06 20:41:56.481,8.0516e-11,Torr,23.cross_gate_connectingPort1,23.cross_gate_connectingPort1/MassSpecData-02115-20261006-204121.csv,8.251316666666666
2026-10-06 20:41:56.689,7.6894e-11,Torr,23.cross_gate_connectingPort1,23.cross_gate_connectingPort1/MassSpecData-02115-20261006-204121.csv,8.254783333333332
2026-10-06 20:41:56.898,8.1623e-11,Torr,23.cross_gate_connectingPort1,23.cross_gate_connectingPort1/MassSpecData-02115-20261006-204121.csv,8.258266666666666
2026-10-06 20:41:57.106,8.2237e-11,Torr,23.cross_gate_connectingPort1,23.cross_gate_connectingPort1/MassSpecData-02115-20261006-204121.csv,8.261733333333334
2026-10-06 20:41:57.314,8.0338e-11,Torr,23.cross_gate_connectingPort1,23.cross_gate_connectingPort1/MassSpecData-02115-20261006-204121.csv,8.2652
2026-10-06 20:41:57.523,9.4501e-11,Torr,23.cross_gate_connectingPort1,23.cross_gate_connectingPort1/MassSpecData-02115-20261006-204121.csv,8.268683333333334
2026-10-06 20:41:57.731,8.6126e-11,Torr,23.cross_gate_connectingPort1,23.cross_gate_connectingPort1/MassSpecData-02115-20261006-204121.csv,8.27215
2026-10-06 20:41:57.939,9.0319e-11,Torr,23.cross_gate_connectingPort1,23.cross_gate_connectingPort1/MassSpecData-02115-20261006-204121.csv,8.275616666666666
2026-10-06 20:41:58.148,9.2412e-11,Torr,23.cross_gate_connectingPort1,23.cross_gate_connectingPort1/MassSpecData-02115-20261006-204121.csv,8.2791
2026-10-06 20:41:58.356,7.9583e-11,Torr,23.cross_gate_connectingPort1,23.cross_gate_connectingPort1/MassSpecData-02115-20261006-204121.csv,8.282566666666666
2026-10-06 20:41:58.564,7.555e-11,Torr,23.cross_gate_connectingPort1,23.cross_gate_connectingPort1/MassSpecData-02115-20261006-204121.csv,8.286033333333332
2026-10-06 20:41:58.773,7.6984e-11,Torr,23.cross_gate_connectingPort1,23.cross_gate_connectingPort1/MassSpecData-02115-20261006-204121.csv,8.289516666666666
2026-10-06 20:41:58.981,9.384e-11,Torr,23.cross_gate_connectingPort1,23.cross_gate_connectingPort1/MassSpecData-02115-20261006-204121.csv,8.292983333333334
2026-10-06 20:41:59.190,8.8285e-11,Torr,23.cross_gate_connectingPort1,23.cross_gate_connectingPort1/MassSpecData-02115-20261006-204121.csv,8.296466666666667
2026-10-06 20:41:59.398,8.6286e-11,Torr,23.cross_gate_connectingPort1,23.cross_gate_connectingPort1/MassSpecData-02115-20261006-204121.csv,8.299933333333334
2026-10-06 20:41:59.606,7.1194e-11,Torr,23.cross_gate_connectingPort1,23.cross_gate_connectingPort1/MassSpecData-02115-20261006-204121.csv,8.3034
2026-10-06 20:41:59.815,8.3489e-11,Torr,23.cross_gate_connectingPort1,23.cross_gate_connectingPort1/MassSpecData-02115-20261006-204121.csv,8.306883333333333
2026-10-06 20:42:00.023,6.9156e-11,Torr,23.cross_gate_connectingPort1,23.cross_gate_connectingPort1/MassSpecData-02115-20261006-204121.csv,8.31035
2026-10-06 20:42:00.231,7.8291e-11,Torr,23.cross_gate_connectingPort1,23.cross_gate_connectingPort1/MassSpecData-02115-20261006-204121.csv,8.313816666666666
2026-10-06 20:42:00.440,7.3878e-11,Torr,23.cross_gate_connectingPort1,23.cross_gate_connectingPort1/MassSpecData-02115-20261006-204121.csv,8.3173
2026-10-06 20:42:00.648,7.7469e-11,Torr,23.cross_gate_connectingPort1,23.cross_gate_connectingPort1/MassSpecData-02115-20261006-204121.csv,8.320766666666666
2026-10-06 20:42:00.856,8.8076e-11,Torr,23.cross_gate_connectingPort1,23.cross_gate_connectingPort1/MassSpecData-02115-20261006-204121.csv,8.324233333333334
2026-10-06 20:42:01.065,1.0036e-10,Torr,23.cross_gate_connectingPort1,23.cross_gate_connectingPort1/MassSpecData-02115-20261006-204121.csv,8.327716666666667
2026-10-06 20:42:01.273,7.9892e-11,Torr,23.cross_gate_connectingPort1,23.cross_gate_connectingPort1/MassSpecData-02115-20261006-204121.csv,8.331183333333334
2026-10-06 20:42:01.481,7.3148e-11,Torr,23.cross_gate_connectingPort1,23.cross_gate_connectingPort1/MassSpecData-02115-20261006-204121.csv,8.33465
2026-10-06 20:42:01.690,9.3643e-11,Torr,23.cross_gate_connectingPort1,23.cross_gate_connectingPort1/MassSpecData-02115-20261006-204121.csv,8.338133333333333
2026-10-06 20:42:01.898,7.867e-11,Torr,23.cross_gate_connectingPort1,23.cross_gate_connectingPort1/MassSpecData-02115-20261006-204121.csv,8.3416
2026-10-06 20:42:02.106,8.1762e-11,Torr,23.cross_gate_connectingPort1,23.cross_gate_connectingPort1/MassSpecData-02115-20261006-204121.csv,8.345066666666666
2026-10-06 20:42:02.315,7.9711e-11,Torr,23.cross_gate_connectingPort1,23.cross_gate_connectingPort1/MassSpecData-02115-20261006-204121.csv,8.34855
2026-10-06 20:42:02.523,8.7029e-11,Torr,23.cross_gate_connectingPort1,23.cross_gate_connectingPort1/MassSpecData-02115-20261006-204121.csv,8.352016666666666
2026-10-06 20:42:02.731,7.4407e-11,Torr,23.cross_gate_connectingPort1,23.cross_gate_connectingPort1/MassSpecData-02115-20261006-204121.csv,8.355483333333334
2026-10-06 20:42:03.011,7.9137e-11,Torr,23.cross_gate_connectingPort1,23.cross_gate_connectingPort1/MassSpecData-02115-20261006-204203.csv,8.360149999999999
2026-10-06 20:42:03.219,1.0114e-10,Torr,23.cross_gate_connectingPort1,23.cross_gate_connectingPort1/MassSpecData-02115-20261006-204203.csv,8.363616666666667
2026-10-06 20:42:03.428,8.0619e-11,Torr,23.cross_gate_connectingPort1,23.cross_gate_connectingPort1/MassSpecData-02115-20261006-204203.csv,8.3671
2026-10-06 20:42:03.636,8.5598e-11,Torr,23.cross_gate_connectingPort1,23.cross_gate_connectingPort1/MassSpecData-02115-20261006-204203.csv,8.370566666666667
2026-10-06 20:42:03.844,8.2335e-11,Torr,23.cross_gate_connectingPort1,23.cross_gate_connectingPort1/MassSpecData-02115-20261006-204203.csv,8.374033333333333
2026-10-06 20:42:04.053,7.6338e-11,Torr,23.cross_gate_connectingPort1,23.cross_gate_connectingPort1/MassSpecData-02115-20261006-204203.csv,8.377516666666667
2026-10-06 20:42:04.261,7.502e-11,Torr,23.cross_gate_connectingPort1,23.cross_gate_connectingPort1/MassSpecData-02115-20261006-204203.csv,8.380983333333333
2026-10-06 20:42:04.469,8.2136e-11,Torr,23.cross_gate_connectingPort1,23.cross_gate_connectingPort1/MassSpecData-02115-20261006-204203.csv,8.38445
2026-10-06 20:42:04.677,9.0264e-11,Torr,23.cross_gate_connectingPort1,23.cross_gate_connectingPort1/MassSpecData-02115-20261006-204203.csv,8.387916666666666
2026-10-06 20:42:04.886,8.658e-11,Torr,23.cross_gate_connectingPort1,23.cross_gate_connectingPort1/MassSpecData-02115-20261006-204203.csv,8.391399999999999
2026-10-06 20:42:05.094,6.7221e-11,Torr,23.cross_gate_connectingPort1,23.cross_gate_connectingPort1/MassSpecData-02115-20261006-204203.csv,8.394866666666667
2026-10-06 20:42:05.303,7.5337e-11,Torr,23.cross_gate_connectingPort1,23.cross_gate_connectingPort1/MassSpecData-02115-20261006-204203.csv,8.39835
2026-10-06 20:42:05.511,8.3075e-11,Torr,23.cross_gate_connectingPort1,23.cross_gate_connectingPort1/MassSpecData-02115-20261006-204203.csv,8.401816666666667
2026-10-06 20:42:05.719,7.6645e-11,Torr,23.cross_gate_connectingPort1,23.cross_gate_connectingPort1/MassSpecData-02115-20261006-204203.csv,8.405283333333333
2026-10-06 20:42:05.928,8.6985e-11,Torr,23.cross_gate_connectingPort1,23.cross_gate_connectingPort1/MassSpecData-02115-20261006-204203.csv,8.408766666666667
2026-10-06 20:42:06.136,7.2952e-11,Torr,23.cross_gate_connectingPort1,23.cross_gate_connectingPort1/MassSpecData-02115-20261006-204203.csv,8.412233333333333
2026-10-06 20:42:06.344,7.9953e-11,Torr,23.cross_gate_connectingPort1,23.cross_gate_connectingPort1/MassSpecData-02115-20261006-204203.csv,8.4157
2026-10-06 20:42:06.553,7.5696e-11,Torr,23.cross_gate_connectingPort1,23.cross_gate_connectingPort1/MassSpecData-02115-20261006-204203.csv,8.419183333333333
2026-10-06 20:42:06.761,7.5771e-11,Torr,23.cross_gate_connectingPort1,23.cross_gate_connectingPort1/MassSpecData-02115-20261006-204203.csv,8.422649999999999
2026-10-06 20:42:06.969,8.1989e-11,Torr,23.cross_gate_connectingPort1,23.cross_gate_connectingPort1/MassSpecData-02115-20261006-204203.csv,8.426116666666667
2026-10-06 20:42:07.178,8.3909e-11,Torr,23.cross_gate_connectingPort1,23.cross_gate_connectingPort1/MassSpecData-02115-20261006-204203.csv,8.4296
2026-10-06 20:42:07.386,7.3701e-11,Torr,23.cross_gate_connectingPort1,23.cross_gate_connectingPort1/MassSpecData-02115-20261006-204203.csv,8.433066666666667
2026-10-06 20:42:07.594,9.2204e-11,Torr,23.cross_gate_connectingPort1,23.cross_gate_connectingPort1/MassSpecData-02115-20261006-204203.csv,8.436533333333333
2026-10-06 20:42:07.803,8.28e-11,Torr,23.cross_gate_connectingPort1,23.cross_gate_connectingPort1/MassSpecData-02115-20261006-204203.csv,8.440016666666667
2026-10-06 20:42:08.011,9.154e-11,Torr,23.cross_gate_connectingPort1,23.cross_gate_connectingPort1/MassSpecData-02115-20261006-204203.csv,8.443483333333333
2026-10-06 20:42:08.219,7.3087e-11,Torr,23.cross_gate_connectingPort1,23.cross_gate_connectingPort1/MassSpecData-02115-20261006-204203.csv,8.44695
2026-10-06 20:42:08.427,8.4016e-11,Torr,23.cross_gate_connectingPort1,23.cross_gate_connectingPort1/MassSpecData-02115-20261006-204203.csv,8.450416666666666
2026-10-06 20:42:08.636,7.2291e-11,Torr,23.cross_gate_connectingPort1,23.cross_gate_connectingPort1/MassSpecData-02115-20261006-204203.csv,8.453899999999999
2026-10-06 20:42:08.844,8.0642e-11,Torr,23.cross_gate_connectingPort1,23.cross_gate_connectingPort1/MassSpecData-02115-20261006-204203.csv,8.457366666666667
2026-10-06 20:42:09.052,8.4676e-11,Torr,23.cross_gate_connectingPort1,23.cross_gate_connectingPort1/MassSpecData-02115-20261006-204203.csv,8.460833333333333
2026-10-06 20:42:09.261,8.0885e-11,Torr,23.cross_gate_connectingPort1,23.cross_gate_connectingPort1/MassSpecData-02115-20261006-204203.csv,8.464316666666667
2026-10-06 20:42:09.469,9.8344e-11,Torr,23.cross_gate_connectingPort1,23.cross_gate_connectingPort1/MassSpecData-02115-20261006-204203.csv,8.467783333333333
2026-10-06 20:42:09.677,8.6132e-11,Torr,23.cross_gate_connectingPort1,23.cross_gate_connectingPort1/MassSpecData-02115-20261006-204203.csv,8.47125
2026-10-06 20:42:09.886,8.164e-11,Torr,23.cross_gate_connectingPort1,23.cross_gate_connectingPort1/MassSpecData-02115-20261006-204203.csv,8.474733333333333
2026-10-06 20:42:10.094,7.866e-11,Torr,23.cross_gate_connectingPort1,23.cross_gate_connectingPort1/MassSpecData-02115-20261006-204203.csv,8.4782
2026-10-06 20:42:10.302,7.9334e-11,Torr,23.cross_gate_connectingPort1,23.cross_gate_connectingPort1/MassSpecData-02115-20261006-204203.csv,8.481666666666666
2026-10-06 20:42:10.511,8.4177e-11,Torr,23.cross_gate_connectingPort1,23.cross_gate_connectingPort1/MassSpecData-02115-20261006-204203.csv,8.485149999999999
2026-10-06 20:42:10.719,9.0718e-11,Torr,23.cross_gate_connectingPort1,23.cross_gate_connectingPort1/MassSpecData-02115-20261006-204203.csv,8.488616666666667
2026-10-06 20:42:10.927,8.3236e-11,Torr,23.cross_gate_connectingPort1,23.cross_gate_connectingPort1/MassSpecData-02115-20261006-204203.csv,8.492083333333333
2026-10-06 20:42:11.136,7.8588e-11,Torr,23.cross_gate_connectingPort1,23.cross_gate_connectingPort1/MassSpecData-02115-20261006-204203.csv,8.495566666666667
2026-10-06 20:42:11.344,6.6657e-11,Torr,23.cross_gate_connectingPort1,23.cross_gate_connectingPort1/MassSpecData-02115-20261006-204203.csv,8.499033333333333
2026-10-06 20:42:11.552,7.7316e-11,Torr,23.cross_gate_connectingPort1,23.cross_gate_connectingPort1/MassSpecData-02115-20261006-204203.csv,8.5025
2026-10-06 20:42:11.761,9.3961e-11,Torr,23.cross_gate_connectingPort1,23.cross_gate_connectingPort1/MassSpecData-02115-20261006-204203.csv,8.505983333333333
2026-10-06 20:42:11.969,9.1102e-11,Torr,23.cross_gate_connectingPort1,23.cross_gate_connectingPort1/MassSpecData-02115-20261006-204203.csv,8.50945
2026-10-06 20:42:12.178,8.3414e-11,Torr,23.cross_gate_connectingPort1,23.cross_gate_connectingPort1/MassSpecData-02115-20261006-204203.csv,8.512933333333333
2026-10-06 20:42:12.386,8.252e-11,Torr,23.cross_gate_connectingPort1,23.cross_gate_connectingPort1/MassSpecData-02115-20261006-204203.csv,8.516399999999999
2026-10-06 20:42:12.594,7.8424e-11,Torr,23.cross_gate_connectingPort1,23.cross_gate_connectingPort1/MassSpecData-02115-20261006-204203.csv,8.519866666666667
2026-10-06 20:42:12.803,7.1253e-11,Torr,23.cross_gate_connectingPort1,23.cross_gate_connectingPort1/MassSpecData-02115-20261006-204203.csv,8.52335
2026-10-06 20:42:13.011,7.7264e-11,Torr,23.cross_gate_connectingPort1,23.cross_gate_connectingPort1/MassSpecData-02115-20261006-204203.csv,8.526816666666667
2026-10-06 20:42:13.219,7.6681e-11,Torr,23.cross_gate_connectingPort1,23.cross_gate_connectingPort1/MassSpecData-02115-20261006-204203.csv,8.530283333333333
2026-10-06 20:42:13.428,6.8589e-11,Torr,23.cross_gate_connectingPort1,23.cross_gate_connectingPort1/MassSpecData-02115-20261006-204203.csv,8.533766666666667
2026-10-06 20:42:13.636,9.1332e-11,Torr,23.cross_gate_connectingPort1,23.cross_gate_connectingPort1/MassSpecData-02115-20261006-204203.csv,8.537233333333335
2026-10-06 20:42:13.844,8.1468e-11,Torr,23.cross_gate_connectingPort1,23.cross_gate_connectingPort1/MassSpecData-02115-20261006-204203.csv,8.5407
2026-10-06 20:42:14.053,7.2608e-11,Torr,23.cross_gate_connectingPort1,23.cross_gate_connectingPort1/MassSpecData-02115-20261006-204203.csv,8.544183333333333
2026-10-06 20:42:14.261,7.1317e-11,Torr,23.cross_gate_connectingPort1,23.cross_gate_connectingPort1/MassSpecData-02115-20261006-204203.csv,8.54765
2026-10-06 20:42:14.469,6.7874e-11,Torr,23.cross_gate_connectingPort1,23.cross_gate_connectingPort1/MassSpecData-02115-20261006-204203.csv,8.551116666666667
2026-10-06 20:42:14.678,7.9037e-11,Torr,23.cross_gate_connectingPort1,23.cross_gate_connectingPort1/MassSpecData-02115-20261006-204203.csv,8.554599999999999
2026-10-06 20:42:14.886,8.8255e-11,Torr,23.cross_gate_connectingPort1,23.cross_gate_connectingPort1/MassSpecData-02115-20261006-204203.csv,8.558066666666667
2026-10-06 20:42:15.094,8.6885e-11,Torr,23.cross_gate_connectingPort1,23.cross_gate_connectingPort1/MassSpecData-02115-20261006-204203.csv,8.561533333333333
2026-10-06 20:42:15.303,6.9946e-11,Torr,23.cross_gate_connectingPort1,23.cross_gate_connectingPort1/MassSpecData-02115-20261006-204203.csv,8.565016666666667
2026-10-06 20:42:15.511,8.8949e-11,Torr,23.cross_gate_connectingPort1,23.cross_gate_connectingPort1/MassSpecData-02115-20261006-204203.csv,8.568483333333335
2026-10-06 20:42:15.719,7.8695e-11,Torr,23.cross_gate_connectingPort1,23.cross_gate_connectingPort1/MassSpecData-02115-20261006-204203.csv,8.57195
2026-10-06 20:42:15.928,9.0096e-11,Torr,23.cross_gate_connectingPort1,23.cross_gate_connectingPort1/MassSpecData-02115-20261006-204203.csv,8.575433333333333
2026-10-06 20:42:16.136,8.4696e-11,Torr,23.cross_gate_connectingPort1,23.cross_gate_connectingPort1/MassSpecData-02115-20261006-204203.csv,8.5789
2026-10-06 20:42:16.344,8.8344e-11,Torr,23.cross_gate_connectingPort1,23.cross_gate_connectingPort1/MassSpecData-02115-20261006-204203.csv,8.582366666666667
2026-10-06 20:42:16.553,7.1184e-11,Torr,23.cross_gate_connectingPort1,23.cross_gate_connectingPort1/MassSpecData-02115-20261006-204203.csv,8.585849999999999
2026-10-06 20:42:16.761,7.1896e-11,Torr,23.cross_gate_connectingPort1,23.cross_gate_connectingPort1/MassSpecData-02115-20261006-204203.csv,8.589316666666667
2026-10-06 20:42:16.969,7.6731e-11,Torr,23.cross_gate_connectingPort1,23.cross_gate_connectingPort1/MassSpecData-02115-20261006-204203.csv,8.592783333333333
2026-10-06 20:42:17.178,8.0789e-11,Torr,23.cross_gate_connectingPort1,23.cross_gate_connectingPort1/MassSpecData-02115-20261006-204203.csv,8.596266666666667
2026-10-06 20:42:17.386,8.9668e-11,Torr,23.cross_gate_connectingPort1,23.cross_gate_connectingPort1/MassSpecData-02115-20261006-204203.csv,8.599733333333335
2026-10-06 20:42:17.594,7.9914e-11,Torr,23.cross_gate_connectingPort1,23.cross_gate_connectingPort1/MassSpecData-02115-20261006-204203.csv,8.6032
2026-10-06 20:42:17.803,7.7879e-11,Torr,23.cross_gate_connectingPort1,23.cross_gate_connectingPort1/MassSpecData-02115-20261006-204203.csv,8.606683333333333
2026-10-06 20:42:18.011,7.8425e-11,Torr,23.cross_gate_connectingPort1,23.cross_gate_connectingPort1/MassSpecData-02115-20261006-204203.csv,8.61015
2026-10-06 20:42:18.219,8.392e-11,Torr,23.cross_gate_connectingPort1,23.cross_gate_connectingPort1/MassSpecData-02115-20261006-204203.csv,8.613616666666667
2026-10-06 20:42:18.428,7.2474e-11,Torr,23.cross_gate_connectingPort1,23.cross_gate_connectingPort1/MassSpecData-02115-20261006-204203.csv,8.617099999999999
2026-10-06 20:42:18.636,1.0108e-10,Torr,23.cross_gate_connectingPort1,23.cross_gate_connectingPort1/MassSpecData-02115-20261006-204203.csv,8.620566666666667
2026-10-06 20:42:18.844,9.3607e-11,Torr,23.cross_gate_connectingPort1,23.cross_gate_connectingPort1/MassSpecData-02115-20261006-204203.csv,8.624033333333333
2026-10-06 20:42:19.053,8.8253e-11,Torr,23.cross_gate_connectingPort1,23.cross_gate_connectingPort1/MassSpecData-02115-20261006-204203.csv,8.627516666666667
2026-10-06 20:42:19.261,8.017e-11,Torr,23.cross_gate_connectingPort1,23.cross_gate_connectingPort1/MassSpecData-02115-20261006-204203.csv,8.630983333333335
2026-10-06 20:42:19.469,7.394e-11,Torr,23.cross_gate_connectingPort1,23.cross_gate_connectingPort1/MassSpecData-02115-20261006-204203.csv,8.63445
2026-10-06 20:42:19.678,8.6757e-11,Torr,23.cross_gate_connectingPort1,23.cross_gate_connectingPort1/MassSpecData-02115-20261006-204203.csv,8.637933333333333
2026-10-06 20:42:19.886,9.5887e-11,Torr,23.cross_gate_connectingPort1,23.cross_gate_connectingPort1/MassSpecData-02115-20261006-204203.csv,8.6414
2026-10-06 20:42:20.094,7.5076e-11,Torr,23.cross_gate_connectingPort1,23.cross_gate_connectingPort1/MassSpecData-02115-20261006-204203.csv,8.644866666666667
2026-10-06 20:42:20.303,7.7728e-11,Torr,23.cross_gate_connectingPort1,23.cross_gate_connectingPort1/MassSpecData-02115-20261006-204203.csv,8.648349999999999
2026-10-06 20:42:20.511,7.6436e-11,Torr,23.cross_gate_connectingPort1,23.cross_gate_connectingPort1/MassSpecData-02115-20261006-204203.csv,8.651816666666667
2026-10-06 20:42:20.719,8.1883e-11,Torr,23.cross_gate_connectingPort1,23.cross_gate_connectingPort1/MassSpecData-02115-20261006-204203.csv,8.655283333333333
2026-10-06 20:42:20.928,7.1194e-11,Torr,23.cross_gate_connectingPort1,23.cross_gate_connectingPort1/MassSpecData-02115-20261006-204203.csv,8.658766666666667
2026-10-06 20:42:21.136,9.5582e-11,Torr,23.cross_gate_connectingPort1,23.cross_gate_connectingPort1/MassSpecData-02115-20261006-204203.csv,8.662233333333335
2026-10-06 20:42:21.344,8.064e-11,Torr,23.cross_gate_connectingPort1,23.cross_gate_connectingPort1/MassSpecData-02115-20261006-204203.csv,8.6657
2026-10-06 20:42:21.553,8.5276e-11,Torr,23.cross_gate_connectingPort1,23.cross_gate_connectingPort1/MassSpecData-02115-20261006-204203.csv,8.669183333333333
2026-10-06 20:42:21.761,7.341e-11,Torr,23.cross_gate_connectingPort1,23.cross_gate_connectingPort1/MassSpecData-02115-20261006-204203.csv,8.67265
2026-10-06 20:42:21.969,8.1358e-11,Torr,23.cross_gate_connectingPort1,23.cross_gate_connectingPort1/MassSpecData-02115-20261006-204203.csv,8.676116666666667
2026-10-06 20:42:22.178,7.6845e-11,Torr,23.cross_gate_connectingPort1,23.cross_gate_connectingPort1/MassSpecData-02115-20261006-204203.csv,8.679599999999999
2026-10-06 20:42:22.386,8.1697e-11,Torr,23.cross_gate_connectingPort1,23.cross_gate_connectingPort1/MassSpecData-02115-20261006-204203.csv,8.683066666666667
2026-10-06 20:42:22.594,8.5528e-11,Torr,23.cross_gate_connectingPort1,23.cross_gate_connectingPort1/MassSpecData-02115-20261006-204203.csv,8.686533333333333
2026-10-06 20:42:22.802,7.761e-11,Torr,23.cross_gate_connectingPort1,23.cross_gate_connectingPort1/MassSpecData-02115-20261006-204203.csv,8.69
2026-10-06 20:42:23.011,8.9565e-11,Torr,23.cross_gate_connectingPort1,23.cross_gate_connectingPort1/MassSpecData-02115-20261006-204203.csv,8.693483333333335
2026-10-06 20:42:23.219,7.666e-11,Torr,23.cross_gate_connectingPort1,23.cross_gate_connectingPort1/MassSpecData-02115-20261006-204203.csv,8.69695
2026-10-06 20:42:23.427,7.6289e-11,Torr,23.cross_gate_connectingPort1,23.cross_gate_connectingPort1/MassSpecData-02115-20261006-204203.csv,8.700416666666666
2026-10-06 20:42:23.636,8.3018e-11,Torr,23.cross_gate_connectingPort1,23.cross_gate_connectingPort1/MassSpecData-02115-20261006-204203.csv,8.7039
2026-10-06 20:42:23.844,7.9312e-11,Torr,23.cross_gate_connectingPort1,23.cross_gate_connectingPort1/MassSpecData-02115-20261006-204203.csv,8.707366666666667
2026-10-06 20:42:24.052,7.212e-11,Torr,23.cross_gate_connectingPort1,23.cross_gate_connectingPort1/MassSpecData-02115-20261006-204203.csv,8.710833333333333
2026-10-06 20:42:24.261,8.3439e-11,Torr,23.cross_gate_connectingPort1,23.cross_gate_connectingPort1/MassSpecData-02115-20261006-204203.csv,8.714316666666667
2026-10-06 20:42:24.469,8.9933e-11,Torr,23.cross_gate_connectingPort1,23.cross_gate_connectingPort1/MassSpecData-02115-20261006-204203.csv,8.717783333333333
2026-10-06 20:42:24.677,8.9043e-11,Torr,23.cross_gate_connectingPort1,23.cross_gate_connectingPort1/MassSpecData-02115-20261006-204203.csv,8.72125
2026-10-06 20:42:24.886,7.7839e-11,Torr,23.cross_gate_connectingPort1,23.cross_gate_connectingPort1/MassSpecData-02115-20261006-204203.csv,8.724733333333335
2026-10-06 20:42:25.094,7.8244e-11,Torr,23.cross_gate_connectingPort1,23.cross_gate_connectingPort1/MassSpecData-02115-20261006-204203.csv,8.7282
2026-10-06 20:42:25.302,8.75e-11,Torr,23.cross_gate_connectingPort1,23.cross_gate_connectingPort1/MassSpecData-02115-20261006-204203.csv,8.731666666666666
2026-10-06 20:42:25.511,6.202e-11,Torr,23.cross_gate_connectingPort1,23.cross_gate_connectingPort1/MassSpecData-02115-20261006-204203.csv,8.73515
2026-10-06 20:42:25.719,8.0703e-11,Torr,23.cross_gate_connectingPort1,23.cross_gate_connectingPort1/MassSpecData-02115-20261006-204203.csv,8.738616666666667
2026-10-06 20:42:25.927,9.2452e-11,Torr,23.cross_gate_connectingPort1,23.cross_gate_connectingPort1/MassSpecData-02115-20261006-204203.csv,8.742083333333333
2026-10-06 20:42:26.136,7.7772e-11,Torr,23.cross_gate_connectingPort1,23.cross_gate_connectingPort1/MassSpecData-02115-20261006-204203.csv,8.745566666666667
2026-10-06 20:42:26.344,8.6422e-11,Torr,23.cross_gate_connectingPort1,23.cross_gate_connectingPort1/MassSpecData-02115-20261006-204203.csv,8.749033333333333
2026-10-06 20:42:26.552,8.4942e-11,Torr,23.cross_gate_connectingPort1,23.cross_gate_connectingPort1/MassSpecData-02115-20261006-204203.csv,8.7525
2026-10-06 20:42:26.761,7.6229e-11,Torr,23.cross_gate_connectingPort1,23.cross_gate_connectingPort1/MassSpecData-02115-20261006-204203.csv,8.755983333333335
2026-10-06 20:42:26.969,7.7373e-11,Torr,23.cross_gate_connectingPort1,23.cross_gate_connectingPort1/MassSpecData-02115-20261006-204203.csv,8.75945
2026-10-06 20:42:27.177,7.8e-11,Torr,23.cross_gate_connectingPort1,23.cross_gate_connectingPort1/MassSpecData-02115-20261006-204203.csv,8.762916666666666
2026-10-06 20:42:27.386,7.8911e-11,Torr,23.cross_gate_connectingPort1,23.cross_gate_connectingPort1/MassSpecData-02115-20261006-204203.csv,8.7664
2026-10-06 20:42:27.594,8.6367e-11,Torr,23.cross_gate_connectingPort1,23.cross_gate_connectingPort1/MassSpecData-02115-20261006-204203.csv,8.769866666666667
2026-10-06 20:42:27.802,7.6543e-11,Torr,23.cross_gate_connectingPort1,23.cross_gate_connectingPort1/MassSpecData-02115-20261006-204203.csv,8.773333333333333
2026-10-06 20:42:28.011,8.4359e-11,Torr,23.cross_gate_connectingPort1,23.cross_gate_connectingPort1/MassSpecData-02115-20261006-204203.csv,8.776816666666667
2026-10-06 20:42:28.219,7.1885e-11,Torr,23.cross_gate_connectingPort1,23.cross_gate_connectingPort1/MassSpecData-02115-20261006-204203.csv,8.780283333333333
2026-10-06 20:42:28.427,6.0204e-11,Torr,23.cross_gate_connectingPort1,23.cross_gate_connectingPort1/MassSpecData-02115-20261006-204203.csv,8.78375
2026-10-06 20:42:28.636,8.6292e-11,Torr,23.cross_gate_connectingPort1,23.cross_gate_connectingPort1/MassSpecData-02115-20261006-204203.csv,8.787233333333335
2026-10-06 20:42:28.844,7.1628e-11,Torr,23.cross_gate_connectingPort1,23.cross_gate_connectingPort1/MassSpecData-02115-20261006-204203.csv,8.7907
2026-10-06 20:42:29.052,7.6476e-11,Torr,23.cross_gate_connectingPort1,23.cross_gate_connectingPort1/MassSpecData-02115-20261006-204203.csv,8.794166666666666
2026-10-06 20:42:29.261,9.181e-11,Torr,23.cross_gate_connectingPort1,23.cross_gate_connectingPort1/MassSpecData-02115-20261006-204203.csv,8.79765
2026-10-06 20:42:29.469,7.6416e-11,Torr,23.cross_gate_connectingPort1,23.cross_gate_connectingPort1/MassSpecData-02115-20261006-204203.csv,8.801116666666667
2026-10-06 20:42:29.677,9.0287e-11,Torr,23.cross_gate_connectingPort1,23.cross_gate_connectingPort1/MassSpecData-02115-20261006-204203.csv,8.804583333333333
2026-10-06 20:42:29.886,8.7171e-11,Torr,23.cross_gate_connectingPort1,23.cross_gate_connectingPort1/MassSpecData-02115-20261006-204203.csv,8.808066666666667
2026-10-06 20:42:30.094,7.1003e-11,Torr,23.cross_gate_connectingPort1,23.cross_gate_connectingPort1/MassSpecData-02115-20261006-204203.csv,8.811533333333333
2026-10-06 20:42:30.302,8.0107e-11,Torr,23.cross_gate_connectingPort1,23.cross_gate_connectingPort1/MassSpecData-02115-20261006-204203.csv,8.815
2026-10-06 20:42:30.511,8.0666e-11,Torr,23.cross_gate_connectingPort1,23.cross_gate_connectingPort1/MassSpecData-02115-20261006-204203.csv,8.818483333333335
2026-10-06 20:42:30.719,8.9469e-11,Torr,23.cross_gate_connectingPort1,23.cross_gate_connectingPort1/MassSpecData-02115-20261006-204203.csv,8.82195
2026-10-06 20:42:30.927,8.1127e-11,Torr,23.cross_gate_connectingPort1,23.cross_gate_connectingPort1/MassSpecData-02115-20261006-204203.csv,8.825416666666666
2026-10-06 20:42:31.136,7.7149e-11,Torr,23.cross_gate_connectingPort1,23.cross_gate_connectingPort1/MassSpecData-02115-20261006-204203.csv,8.8289
2026-10-06 20:42:31.344,7.2977e-11,Torr,23.cross_gate_connectingPort1,23.cross_gate_connectingPort1/MassSpecData-02115-20261006-204203.csv,8.832366666666667
2026-10-06 20:42:31.552,6.9074e-11,Torr,23.cross_gate_connectingPort1,23.cross_gate_connectingPort1/MassSpecData-02115-20261006-204203.csv,8.835833333333333
2026-10-06 20:42:31.761,9.0707e-11,Torr,23.cross_gate_connectingPort1,23.cross_gate_connectingPort1/MassSpecData-02115-20261006-204203.csv,8.839316666666667
2026-10-06 20:42:31.969,9.3409e-11,Torr,23.cross_gate_connectingPort1,23.cross_gate_connectingPort1/MassSpecData-02115-20261006-204203.csv,8.842783333333333
2026-10-06 20:42:32.177,8.9449e-11,Torr,23.cross_gate_connectingPort1,23.cross_gate_connectingPort1/MassSpecData-02115-20261006-204203.csv,8.84625
2026-10-06 20:42:32.386,8.061e-11,Torr,23.cross_gate_connectingPort1,23.cross_gate_connectingPort1/MassSpecData-02115-20261006-204203.csv,8.849733333333335
2026-10-06 20:42:32.594,8.0967e-11,Torr,23.cross_gate_connectingPort1,23.cross_gate_connectingPort1/MassSpecData-02115-20261006-204203.csv,8.8532
2026-10-06 20:42:32.802,8.148e-11,Torr,23.cross_gate_connectingPort1,23.cross_gate_connectingPort1/MassSpecData-02115-20261006-204203.csv,8.856666666666666
2026-10-06 20:42:33.011,7.901e-11,Torr,23.cross_gate_connectingPort1,23.cross_gate_connectingPort1/MassSpecData-02115-20261006-204203.csv,8.86015
2026-10-06 20:42:33.219,7.143e-11,Torr,23.cross_gate_connectingPort1,23.cross_gate_connectingPort1/MassSpecData-02115-20261006-204203.csv,8.863616666666667
2026-10-06 20:42:33.427,8.254e-11,Torr,23.cross_gate_connectingPort1,23.cross_gate_connectingPort1/MassSpecData-02115-20261006-204203.csv,8.867083333333333
2026-10-06 20:42:33.636,7.7867e-11,Torr,23.cross_gate_connectingPort1,23.cross_gate_connectingPort1/MassSpecData-02115-20261006-204203.csv,8.870566666666667
2026-10-06 20:42:33.844,8.8207e-11,Torr,23.cross_gate_connectingPort1,23.cross_gate_connectingPort1/MassSpecData-02115-20261006-204203.csv,8.874033333333333
2026-10-06 20:42:34.052,9.1205e-11,Torr,23.cross_gate_connectingPort1,23.cross_gate_connectingPort1/MassSpecData-02115-20261006-204203.csv,8.8775
2026-10-06 20:42:34.261,8.3147e-11,Torr,23.cross_gate_connectingPort1,23.cross_gate_connectingPort1/MassSpecData-02115-20261006-204203.csv,8.880983333333335
2026-10-06 20:42:34.469,8.1919e-11,Torr,23.cross_gate_connectingPort1,23.cross_gate_connectingPort1/MassSpecData-02115-20261006-204203.csv,8.88445
2026-10-06 20:42:34.677,7.9039e-11,Torr,23.cross_gate_connectingPort1,23.cross_gate_connectingPort1/MassSpecData-02115-20261006-204203.csv,8.887916666666666
2026-10-06 20:42:34.886,1.0139e-10,Torr,23.cross_gate_connectingPort1,23.cross_gate_connectingPort1/MassSpecData-02115-20261006-204203.csv,8.8914
2026-10-06 20:42:35.094,8.4665e-11,Torr,23.cross_gate_connectingPort1,23.cross_gate_connectingPort1/MassSpecData-02115-20261006-204203.csv,8.894866666666667
2026-10-06 20:42:35.302,7.6347e-11,Torr,23.cross_gate_connectingPort1,23.cross_gate_connectingPort1/MassSpecData-02115-20261006-204203.csv,8.898333333333333
2026-10-06 20:42:35.511,8.4259e-11,Torr,23.cross_gate_connectingPort1,23.cross_gate_connectingPort1/MassSpecData-02115-20261006-204203.csv,8.901816666666667
2026-10-06 20:42:35.719,9.9486e-11,Torr,23.cross_gate_connectingPort1,23.cross_gate_connectingPort1/MassSpecData-02115-20261006-204203.csv,8.905283333333333
2026-10-06 20:42:35.927,9.4889e-11,Torr,23.cross_gate_connectingPort1,23.cross_gate_connectingPort1/MassSpecData-02115-20261006-204203.csv,8.90875
2026-10-06 20:42:36.136,9.3332e-11,Torr,23.cross_gate_connectingPort1,23.cross_gate_connectingPort1/MassSpecData-02115-20261006-204203.csv,8.912233333333335
2026-10-06 20:42:36.344,8.4431e-11,Torr,23.cross_gate_connectingPort1,23.cross_gate_connectingPort1/MassSpecData-02115-20261006-204203.csv,8.9157
2026-10-06 20:42:36.552,9.3628e-11,Torr,23.cross_gate_connectingPort1,23.cross_gate_connectingPort1/MassSpecData-02115-20261006-204203.csv,8.919166666666666
2026-10-06 20:42:36.761,7.817e-11,Torr,23.cross_gate_connectingPort1,23.cross_gate_connectingPort1/MassSpecData-02115-20261006-204203.csv,8.92265
2026-10-06 20:42:36.969,8.4726e-11,Torr,23.cross_gate_connectingPort1,23.cross_gate_connectingPort1/MassSpecData-02115-20261006-204203.csv,8.926116666666667
2026-10-06 20:42:37.177,8.8889e-11,Torr,23.cross_gate_connectingPort1,23.cross_gate_connectingPort1/MassSpecData-02115-20261006-204203.csv,8.929583333333333
2026-10-06 20:42:37.386,8.8349e-11,Torr,23.cross_gate_connectingPort1,23.cross_gate_connectingPort1/MassSpecData-02115-20261006-204203.csv,8.933066666666667
2026-10-06 20:42:37.594,9.6667e-11,Torr,23.cross_gate_connectingPort1,23.cross_gate_connectingPort1/MassSpecData-02115-20261006-204203.csv,8.936533333333333
2026-10-06 20:42:37.802,7.7508e-11,Torr,23.cross_gate_connectingPort1,23.cross_gate_connectingPort1/MassSpecData-02115-20261006-204203.csv,8.94
2026-10-06 20:42:38.011,9.2492e-11,Torr,23.cross_gate_connectingPort1,23.cross_gate_connectingPort1/MassSpecData-02115-20261006-204203.csv,8.943483333333335
2026-10-06 20:42:38.219,8.1207e-11,Torr,23.cross_gate_connectingPort1,23.cross_gate_connectingPort1/MassSpecData-02115-20261006-204203.csv,8.94695
2026-10-06 20:42:38.427,8.7038e-11,Torr,23.cross_gate_connectingPort1,23.cross_gate_connectingPort1/MassSpecData-02115-20261006-204203.csv,8.950416666666666
2026-10-06 20:42:38.636,8.0166e-11,Torr,23.cross_gate_connectingPort1,23.cross_gate_connectingPort1/MassSpecData-02115-20261006-204203.csv,8.9539
2026-10-06 20:42:38.844,8.0009e-11,Torr,23.cross_gate_connectingPort1,23.cross_gate_connectingPort1/MassSpecData-02115-20261006-204203.csv,8.957366666666667
2026-10-06 20:42:39.052,8.1921e-11,Torr,23.cross_gate_connectingPort1,23.cross_gate_connectingPort1/MassSpecData-02115-20261006-204203.csv,8.960833333333333
2026-10-06 20:42:39.261,1.0008e-10,Torr,23.cross_gate_connectingPort1,23.cross_gate_connectingPort1/MassSpecData-02115-20261006-204203.csv,8.964316666666667
2026-10-06 20:42:39.469,7.6684e-11,Torr,23.cross_gate_connectingPort1,23.cross_gate_connectingPort1/MassSpecData-02115-20261006-204203.csv,8.967783333333333
2026-10-06 20:42:39.677,9.1465e-11,Torr,23.cross_gate_connectingPort1,23.cross_gate_connectingPort1/MassSpecData-02115-20261006-204203.csv,8.97125
2026-10-06 20:42:39.886,7.8753e-11,Torr,23.cross_gate_connectingPort1,23.cross_gate_connectingPort1/MassSpecData-02115-20261006-204203.csv,8.974733333333335
2026-10-06 20:42:40.094,7.3246e-11,Torr,23.cross_gate_connectingPort1,23.cross_gate_connectingPort1/MassSpecData-02115-20261006-204203.csv,8.9782
2026-10-06 20:42:40.302,8.2926e-11,Torr,23.cross_gate_connectingPort1,23.cross_gate_connectingPort1/MassSpecData-02115-20261006-204203.csv,8.981666666666666
2026-10-06 20:42:40.511,9.8685e-11,Torr,23.cross_gate_connectingPort1,23.cross_gate_connectingPort1/MassSpecData-02115-20261006-204203.csv,8.98515
2026-10-06 20:42:40.719,8.8832e-11,Torr,23.cross_gate_connectingPort1,23.cross_gate_connectingPort1/MassSpecData-02115-20261006-204203.csv,8.988616666666667
2026-10-06 20:42:40.928,7.9236e-11,Torr,23.cross_gate_connectingPort1,23.cross_gate_connectingPort1/MassSpecData-02115-20261006-204203.csv,8.992099999999999
2026-10-06 20:42:41.136,7.6159e-11,Torr,23.cross_gate_connectingPort1,23.cross_gate_connectingPort1/MassSpecData-02115-20261006-204203.csv,8.995566666666667
2026-10-06 20:42:41.344,8.8491e-11,Torr,23.cross_gate_connectingPort1,23.cross_gate_connectingPort1/MassSpecData-02115-20261006-204203.csv,8.999033333333333
2026-10-06 20:42:41.553,7.5561e-11,Torr,23.cross_gate_connectingPort1,23.cross_gate_connectingPort1/MassSpecData-02115-20261006-204203.csv,9.002516666666667
2026-10-06 20:42:41.761,7.1425e-11,Torr,23.cross_gate_connectingPort1,23.cross_gate_connectingPort1/MassSpecData-02115-20261006-204203.csv,9.005983333333335
2026-10-06 20:42:41.969,8.96e-11,Torr,23.cross_gate_connectingPort1,23.cross_gate_connectingPort1/MassSpecData-02115-20261006-204203.csv,9.00945
2026-10-06 20:42:42.178,8.0173e-11,Torr,23.cross_gate_connectingPort1,23.cross_gate_connectingPort1/MassSpecData-02115-20261006-204203.csv,9.012933333333333
2026-10-06 20:42:42.386,7.1927e-11,Torr,23.cross_gate_connectingPort1,23.cross_gate_connectingPort1/MassSpecData-02115-20261006-204203.csv,9.0164
2026-10-06 20:42:42.594,7.443e-11,Torr,23.cross_gate_connectingPort1,23.cross_gate_connectingPort1/MassSpecData-02115-20261006-204203.csv,9.019866666666667
2026-10-06 20:42:42.803,7.119e-11,Torr,23.cross_gate_connectingPort1,23.cross_gate_connectingPort1/MassSpecData-02115-20261006-204203.csv,9.023349999999999
2026-10-06 20:42:43.011,6.9954e-11,Torr,23.cross_gate_connectingPort1,23.cross_gate_connectingPort1/MassSpecData-02115-20261006-204203.csv,9.026816666666667
2026-10-06 20:42:43.219,8.0188e-11,Torr,23.cross_gate_connectingPort1,23.cross_gate_connectingPort1/MassSpecData-02115-20261006-204203.csv,9.030283333333333
2026-10-06 20:42:43.428,8.0169e-11,Torr,23.cross_gate_connectingPort1,23.cross_gate_connectingPort1/MassSpecData-02115-20261006-204203.csv,9.033766666666667
2026-10-06 20:42:43.636,7.656e-11,Torr,23.cross_gate_connectingPort1,23.cross_gate_connectingPort1/MassSpecData-02115-20261006-204203.csv,9.037233333333335
2026-10-06 20:42:43.844,8.9769e-11,Torr,23.cross_gate_connectingPort1,23.cross_gate_connectingPort1/MassSpecData-02115-20261006-204203.csv,9.0407
2026-10-06 20:42:44.053,8.5378e-11,Torr,23.cross_gate_connectingPort1,23.cross_gate_connectingPort1/MassSpecData-02115-20261006-204203.csv,9.044183333333333
2026-10-06 20:42:44.261,8.6271e-11,Torr,23.cross_gate_connectingPort1,23.cross_gate_connectingPort1/MassSpecData-02115-20261006-204203.csv,9.04765
2026-10-06 20:42:44.469,9.4568e-11,Torr,23.cross_gate_connectingPort1,23.cross_gate_connectingPort1/MassSpecData-02115-20261006-204203.csv,9.051116666666667
2026-10-06 20:42:44.808,7.918e-11,Torr,23.cross_gate_connectingPort1,23.cross_gate_connectingPort1/MassSpecData-02115-20261006-204244.csv,9.056766666666666
2026-10-06 20:42:45.016,8.059e-11,Torr,23.cross_gate_connectingPort1,23.cross_gate_connectingPort1/MassSpecData-02115-20261006-204244.csv,9.060233333333334
2026-10-06 20:42:45.225,9.1582e-11,Torr,23.cross_gate_connectingPort1,23.cross_gate_connectingPort1/MassSpecData-02115-20261006-204244.csv,9.063716666666666
2026-10-06 20:42:45.433,9.0087e-11,Torr,23.cross_gate_connectingPort1,23.cross_gate_connectingPort1/MassSpecData-02115-20261006-204244.csv,9.067183333333332
2026-10-06 20:42:45.641,6.4149e-11,Torr,23.cross_gate_connectingPort1,23.cross_gate_connectingPort1/MassSpecData-02115-20261006-204244.csv,9.07065
2026-10-06 20:42:45.850,8.7849e-11,Torr,23.cross_gate_connectingPort1,23.cross_gate_connectingPort1/MassSpecData-02115-20261006-204244.csv,9.074133333333332
2026-10-06 20:42:46.058,7.2143e-11,Torr,23.cross_gate_connectingPort1,23.cross_gate_connectingPort1/MassSpecData-02115-20261006-204244.csv,9.077599999999999
2026-10-06 20:42:46.266,8.4999e-11,Torr,23.cross_gate_connectingPort1,23.cross_gate_connectingPort1/MassSpecData-02115-20261006-204244.csv,9.081066666666667
2026-10-06 20:42:46.474,7.9871e-11,Torr,23.cross_gate_connectingPort1,23.cross_gate_connectingPort1/MassSpecData-02115-20261006-204244.csv,9.084533333333333
2026-10-06 20:42:46.683,6.2131e-11,Torr,23.cross_gate_connectingPort1,23.cross_gate_connectingPort1/MassSpecData-02115-20261006-204244.csv,9.088016666666666
2026-10-06 20:42:46.891,8.2097e-11,Torr,23.cross_gate_connectingPort1,23.cross_gate_connectingPort1/MassSpecData-02115-20261006-204244.csv,9.091483333333334
2026-10-06 20:42:47.100,8.6493e-11,Torr,23.cross_gate_connectingPort1,23.cross_gate_connectingPort1/MassSpecData-02115-20261006-204244.csv,9.094966666666666
2026-10-06 20:42:47.308,7.3385e-11,Torr,23.cross_gate_connectingPort1,23.cross_gate_connectingPort1/MassSpecData-02115-20261006-204244.csv,9.098433333333332
2026-10-06 20:42:47.516,6.7098e-11,Torr,23.cross_gate_connectingPort1,23.cross_gate_connectingPort1/MassSpecData-02115-20261006-204244.csv,9.1019
2026-10-06 20:42:47.725,7.4269e-11,Torr,23.cross_gate_connectingPort1,23.cross_gate_connectingPort1/MassSpecData-02115-20261006-204244.csv,9.105383333333332
2026-10-06 20:42:47.933,8.0364e-11,Torr,23.cross_gate_connectingPort1,23.cross_gate_connectingPort1/MassSpecData-02115-20261006-204244.csv,9.108849999999999
2026-10-06 20:42:48.141,9.1532e-11,Torr,23.cross_gate_connectingPort1,23.cross_gate_connectingPort1/MassSpecData-02115-20261006-204244.csv,9.112316666666667
2026-10-06 20:42:48.350,7.1116e-11,Torr,23.cross_gate_connectingPort1,23.cross_gate_connectingPort1/MassSpecData-02115-20261006-204244.csv,9.1158
2026-10-06 20:42:48.558,8.7743e-11,Torr,23.cross_gate_connectingPort1,23.cross_gate_connectingPort1/MassSpecData-02115-20261006-204244.csv,9.119266666666666
2026-10-06 20:42:48.766,7.4154e-11,Torr,23.cross_gate_connectingPort1,23.cross_gate_connectingPort1/MassSpecData-02115-20261006-204244.csv,9.122733333333334
2026-10-06 20:42:48.975,7.6907e-11,Torr,23.cross_gate_connectingPort1,23.cross_gate_connectingPort1/MassSpecData-02115-20261006-204244.csv,9.126216666666666
2026-10-06 20:42:49.183,7.6491e-11,Torr,23.cross_gate_connectingPort1,23.cross_gate_connectingPort1/MassSpecData-02115-20261006-204244.csv,9.129683333333332
2026-10-06 20:42:49.391,8.2628e-11,Torr,23.cross_gate_connectingPort1,23.cross_gate_connectingPort1/MassSpecData-02115-20261006-204244.csv,9.13315
2026-10-06 20:42:49.600,9.2136e-11,Torr,23.cross_gate_connectingPort1,23.cross_gate_connectingPort1/MassSpecData-02115-20261006-204244.csv,9.136633333333332
2026-10-06 20:42:49.808,8.3503e-11,Torr,23.cross_gate_connectingPort1,23.cross_gate_connectingPort1/MassSpecData-02115-20261006-204244.csv,9.140099999999999
2026-10-06 20:42:50.016,9.2867e-11,Torr,23.cross_gate_connectingPort1,23.cross_gate_connectingPort1/MassSpecData-02115-20261006-204244.csv,9.143566666666667
2026-10-06 20:42:50.224,7.9529e-11,Torr,23.cross_gate_connectingPort1,23.cross_gate_connectingPort1/MassSpecData-02115-20261006-204244.csv,9.147033333333333
2026-10-06 20:42:50.433,8.5263e-11,Torr,23.cross_gate_connectingPort1,23.cross_gate_connectingPort1/MassSpecData-02115-20261006-204244.csv,9.150516666666666
2026-10-06 20:42:50.641,8.3094e-11,Torr,23.cross_gate_connectingPort1,23.cross_gate_connectingPort1/MassSpecData-02115-20261006-204244.csv,9.153983333333334
2026-10-06 20:42:50.849,8.1311e-11,Torr,23.cross_gate_connectingPort1,23.cross_gate_connectingPort1/MassSpecData-02115-20261006-204244.csv,9.15745
2026-10-06 20:42:51.058,9.6468e-11,Torr,23.cross_gate_connectingPort1,23.cross_gate_connectingPort1/MassSpecData-02115-20261006-204244.csv,9.160933333333332
2026-10-06 20:42:51.266,7.8139e-11,Torr,23.cross_gate_connectingPort1,23.cross_gate_connectingPort1/MassSpecData-02115-20261006-204244.csv,9.1644
2026-10-06 20:42:51.474,8.5082e-11,Torr,23.cross_gate_connectingPort1,23.cross_gate_connectingPort1/MassSpecData-02115-20261006-204244.csv,9.167866666666667
2026-10-06 20:42:51.683,7.5275e-11,Torr,23.cross_gate_connectingPort1,23.cross_gate_connectingPort1/MassSpecData-02115-20261006-204244.csv,9.171349999999999
2026-10-06 20:42:51.891,8.2618e-11,Torr,23.cross_gate_connectingPort1,23.cross_gate_connectingPort1/MassSpecData-02115-20261006-204244.csv,9.174816666666667
2026-10-06 20:42:52.099,8.7574e-11,Torr,23.cross_gate_connectingPort1,23.cross_gate_connectingPort1/MassSpecData-02115-20261006-204244.csv,9.178283333333333
2026-10-06 20:42:52.308,6.9362e-11,Torr,23.cross_gate_connectingPort1,23.cross_gate_connectingPort1/MassSpecData-02115-20261006-204244.csv,9.181766666666666
2026-10-06 20:42:52.516,7.0975e-11,Torr,23.cross_gate_connectingPort1,23.cross_gate_connectingPort1/MassSpecData-02115-20261006-204244.csv,9.185233333333334
2026-10-06 20:42:52.724,6.9352e-11,Torr,23.cross_gate_connectingPort1,23.cross_gate_connectingPort1/MassSpecData-02115-20261006-204244.csv,9.1887
2026-10-06 20:42:52.933,8.2893e-11,Torr,23.cross_gate_connectingPort1,23.cross_gate_connectingPort1/MassSpecData-02115-20261006-204244.csv,9.192183333333332
2026-10-06 20:42:53.141,7.9671e-11,Torr,23.cross_gate_connectingPort1,23.cross_gate_connectingPort1/MassSpecData-02115-20261006-204244.csv,9.19565
2026-10-06 20:42:53.349,7.8912e-11,Torr,23.cross_gate_connectingPort1,23.cross_gate_connectingPort1/MassSpecData-02115-20261006-204244.csv,9.199116666666667
2026-10-06 20:42:53.558,8.3637e-11,Torr,23.cross_gate_connectingPort1,23.cross_gate_connectingPort1/MassSpecData-02115-20261006-204244.csv,9.202599999999999
2026-10-06 20:42:53.766,9.0221e-11,Torr,23.cross_gate_connectingPort1,23.cross_gate_connectingPort1/MassSpecData-02115-20261006-204244.csv,9.206066666666667
2026-10-06 20:42:53.975,8.0484e-11,Torr,23.cross_gate_connectingPort1,23.cross_gate_connectingPort1/MassSpecData-02115-20261006-204244.csv,9.20955
2026-10-06 20:42:54.183,8.6787e-11,Torr,23.cross_gate_connectingPort1,23.cross_gate_connectingPort1/MassSpecData-02115-20261006-204244.csv,9.213016666666666
2026-10-06 20:42:54.391,8.2462e-11,Torr,23.cross_gate_connectingPort1,23.cross_gate_connectingPort1/MassSpecData-02115-20261006-204244.csv,9.216483333333334
2026-10-06 20:42:54.600,6.7109e-11,Torr,23.cross_gate_connectingPort1,23.cross_gate_connectingPort1/MassSpecData-02115-20261006-204244.csv,9.219966666666666
2026-10-06 20:42:54.808,7.8368e-11,Torr,23.cross_gate_connectingPort1,23.cross_gate_connectingPort1/MassSpecData-02115-20261006-204244.csv,9.223433333333332
2026-10-06 20:42:55.016,7.5145e-11,Torr,23.cross_gate_connectingPort1,23.cross_gate_connectingPort1/MassSpecData-02115-20261006-204244.csv,9.2269
2026-10-06 20:42:55.225,7.1283e-11,Torr,23.cross_gate_connectingPort1,23.cross_gate_connectingPort1/MassSpecData-02115-20261006-204244.csv,9.230383333333332
2026-10-06 20:42:55.433,8.3901e-11,Torr,23.cross_gate_connectingPort1,23.cross_gate_connectingPort1/MassSpecData-02115-20261006-204244.csv,9.233849999999999
2026-10-06 20:42:55.641,9.1642e-11,Torr,23.cross_gate_connectingPort1,23.cross_gate_connectingPort1/MassSpecData-02115-20261006-204244.csv,9.237316666666667
2026-10-06 20:42:55.850,7.5071e-11,Torr,23.cross_gate_connectingPort1,23.cross_gate_connectingPort1/MassSpecData-02115-20261006-204244.csv,9.2408
2026-10-06 20:42:56.058,7.1973e-11,Torr,23.cross_gate_connectingPort1,23.cross_gate_connectingPort1/MassSpecData-02115-20261006-204244.csv,9.244266666666666
2026-10-06 20:42:56.266,9.4124e-11,Torr,23.cross_gate_connectingPort1,23.cross_gate_connectingPort1/MassSpecData-02115-20261006-204244.csv,9.247733333333334
2026-10-06 20:42:56.475,8.344e-11,Torr,23.cross_gate_connectingPort1,23.cross_gate_connectingPort1/MassSpecData-02115-20261006-204244.csv,9.251216666666666
2026-10-06 20:42:56.683,8.3852e-11,Torr,23.cross_gate_connectingPort1,23.cross_gate_connectingPort1/MassSpecData-02115-20261006-204244.csv,9.254683333333332
2026-10-06 20:42:56.891,7.4716e-11,Torr,23.cross_gate_connectingPort1,23.cross_gate_connectingPort1/MassSpecData-02115-20261006-204244.csv,9.25815
2026-10-06 20:42:57.100,8.2593e-11,Torr,23.cross_gate_connectingPort1,23.cross_gate_connectingPort1/MassSpecData-02115-20261006-204244.csv,9.261633333333332
2026-10-06 20:42:57.308,7.2529e-11,Torr,23.cross_gate_connectingPort1,23.cross_gate_connectingPort1/MassSpecData-02115-20261006-204244.csv,9.265099999999999
2026-10-06 20:42:57.516,8.0715e-11,Torr,23.cross_gate_connectingPort1,23.cross_gate_connectingPort1/MassSpecData-02115-20261006-204244.csv,9.268566666666667
2026-10-06 20:42:57.725,7.8404e-11,Torr,23.cross_gate_connectingPort1,23.cross_gate_connectingPort1/MassSpecData-02115-20261006-204244.csv,9.27205
2026-10-06 20:42:57.933,8.618e-11,Torr,23.cross_gate_connectingPort1,23.cross_gate_connectingPort1/MassSpecData-02115-20261006-204244.csv,9.275516666666666
2026-10-06 20:42:58.141,8.4411e-11,Torr,23.cross_gate_connectingPort1,23.cross_gate_connectingPort1/MassSpecData-02115-20261006-204244.csv,9.278983333333334
2026-10-06 20:42:58.350,7.9761e-11,Torr,23.cross_gate_connectingPort1,23.cross_gate_connectingPort1/MassSpecData-02115-20261006-204244.csv,9.282466666666666
2026-10-06 20:42:58.558,8.8656e-11,Torr,23.cross_gate_connectingPort1,23.cross_gate_connectingPort1/MassSpecData-02115-20261006-204244.csv,9.285933333333332
2026-10-06 20:42:58.766,7.8484e-11,Torr,23.cross_gate_connectingPort1,23.cross_gate_connectingPort1/MassSpecData-02115-20261006-204244.csv,9.2894
2026-10-06 20:42:58.975,8.1774e-11,Torr,23.cross_gate_connectingPort1,23.cross_gate_connectingPort1/MassSpecData-02115-20261006-204244.csv,9.292883333333332
2026-10-06 20:42:59.183,8.124e-11,Torr,23.cross_gate_connectingPort1,23.cross_gate_connectingPort1/MassSpecData-02115-20261006-204244.csv,9.296349999999999
2026-10-06 20:42:59.391,6.7153e-11,Torr,23.cross_gate_connectingPort1,23.cross_gate_connectingPort1/MassSpecData-02115-20261006-204244.csv,9.299816666666667
2026-10-06 20:42:59.600,6.9772e-11,Torr,23.cross_gate_connectingPort1,23.cross_gate_connectingPort1/MassSpecData-02115-20261006-204244.csv,9.3033
2026-10-06 20:42:59.808,7.7881e-11,Torr,23.cross_gate_connectingPort1,23.cross_gate_connectingPort1/MassSpecData-02115-20261006-204244.csv,9.306766666666666
2026-10-06 20:43:00.016,7.9364e-11,Torr,23.cross_gate_connectingPort1,23.cross_gate_connectingPort1/MassSpecData-02115-20261006-204244.csv,9.310233333333334
2026-10-06 20:43:00.225,8.5165e-11,Torr,23.cross_gate_connectingPort1,23.cross_gate_connectingPort1/MassSpecData-02115-20261006-204244.csv,9.313716666666666
2026-10-06 20:43:00.433,7.7599e-11,Torr,23.cross_gate_connectingPort1,23.cross_gate_connectingPort1/MassSpecData-02115-20261006-204244.csv,9.317183333333332
2026-10-06 20:43:00.641,6.5332e-11,Torr,23.cross_gate_connectingPort1,23.cross_gate_connectingPort1/MassSpecData-02115-20261006-204244.csv,9.32065
2026-10-06 20:43:00.850,7.0781e-11,Torr,23.cross_gate_connectingPort1,23.cross_gate_connectingPort1/MassSpecData-02115-20261006-204244.csv,9.324133333333332
2026-10-06 20:43:01.058,9.096e-11,Torr,23.cross_gate_connectingPort1,23.cross_gate_connectingPort1/MassSpecData-02115-20261006-204244.csv,9.327599999999999
2026-10-06 20:43:01.266,8.1774e-11,Torr,23.cross_gate_connectingPort1,23.cross_gate_connectingPort1/MassSpecData-02115-20261006-204244.csv,9.331066666666667
2026-10-06 20:43:01.475,7.1696e-11,Torr,23.cross_gate_connectingPort1,23.cross_gate_connectingPort1/MassSpecData-02115-20261006-204244.csv,9.33455
2026-10-06 20:43:01.683,7.8712e-11,Torr,23.cross_gate_connectingPort1,23.cross_gate_connectingPort1/MassSpecData-02115-20261006-204244.csv,9.338016666666666
2026-10-06 20:43:01.891,8.9422e-11,Torr,23.cross_gate_connectingPort1,23.cross_gate_connectingPort1/MassSpecData-02115-20261006-204244.csv,9.341483333333334
2026-10-06 20:43:02.100,1.0031e-10,Torr,23.cross_gate_connectingPort1,23.cross_gate_connectingPort1/MassSpecData-02115-20261006-204244.csv,9.344966666666666
2026-10-06 20:43:02.308,8.2967e-11,Torr,23.cross_gate_connectingPort1,23.cross_gate_connectingPort1/MassSpecData-02115-20261006-204244.csv,9.348433333333332
2026-10-06 20:43:02.516,7.2147e-11,Torr,23.cross_gate_connectingPort1,23.cross_gate_connectingPort1/MassSpecData-02115-20261006-204244.csv,9.3519
2026-10-06 20:43:02.725,8.5904e-11,Torr,23.cross_gate_connectingPort1,23.cross_gate_connectingPort1/MassSpecData-02115-20261006-204244.csv,9.355383333333332
2026-10-06 20:43:02.933,7.7523e-11,Torr,23.cross_gate_connectingPort1,23.cross_gate_connectingPort1/MassSpecData-02115-20261006-204244.csv,9.358849999999999
2026-10-06 20:43:03.141,8.7179e-11,Torr,23.cross_gate_connectingPort1,23.cross_gate_connectingPort1/MassSpecData-02115-20261006-204244.csv,9.362316666666667
2026-10-06 20:43:03.350,8.5141e-11,Torr,23.cross_gate_connectingPort1,23.cross_gate_connectingPort1/MassSpecData-02115-20261006-204244.csv,9.3658
2026-10-06 20:43:03.558,7.6409e-11,Torr,23.cross_gate_connectingPort1,23.cross_gate_connectingPort1/MassSpecData-02115-20261006-204244.csv,9.369266666666666
2026-10-06 20:43:03.766,8.3996e-11,Torr,23.cross_gate_connectingPort1,23.cross_gate_connectingPort1/MassSpecData-02115-20261006-204244.csv,9.372733333333334
2026-10-06 20:43:03.975,8.0191e-11,Torr,23.cross_gate_connectingPort1,23.cross_gate_connectingPort1/MassSpecData-02115-20261006-204244.csv,9.376216666666666
2026-10-06 20:43:04.183,7.7145e-11,Torr,23.cross_gate_connectingPort1,23.cross_gate_connectingPort1/MassSpecData-02115-20261006-204244.csv,9.379683333333332
2026-10-06 20:43:04.391,7.4779e-11,Torr,23.cross_gate_connectingPort1,23.cross_gate_connectingPort1/MassSpecData-02115-20261006-204244.csv,9.38315
2026-10-06 20:43:04.599,7.8581e-11,Torr,23.cross_gate_connectingPort1,23.cross_gate_connectingPort1/MassSpecData-02115-20261006-204244.csv,9.386616666666667
2026-10-06 20:43:04.808,8.2063e-11,Torr,23.cross_gate_connectingPort1,23.cross_gate_connectingPort1/MassSpecData-02115-20261006-204244.csv,9.390099999999999
2026-10-06 20:43:05.016,8.0915e-11,Torr,23.cross_gate_connectingPort1,23.cross_gate_connectingPort1/MassSpecData-02115-20261006-204244.csv,9.393566666666667
2026-10-06 20:43:05.224,8.5116e-11,Torr,23.cross_gate_connectingPort1,23.cross_gate_connectingPort1/MassSpecData-02115-20261006-204244.csv,9.397033333333333
2026-10-06 20:43:05.433,8.3068e-11,Torr,23.cross_gate_connectingPort1,23.cross_gate_connectingPort1/MassSpecData-02115-20261006-204244.csv,9.400516666666666
2026-10-06 20:43:05.641,1.0019e-10,Torr,23.cross_gate_connectingPort1,23.cross_gate_connectingPort1/MassSpecData-02115-20261006-204244.csv,9.403983333333334
2026-10-06 20:43:05.849,8.0282e-11,Torr,23.cross_gate_connectingPort1,23.cross_gate_connectingPort1/MassSpecData-02115-20261006-204244.csv,9.40745
2026-10-06 20:43:06.058,8.6412e-11,Torr,23.cross_gate_connectingPort1,23.cross_gate_connectingPort1/MassSpecData-02115-20261006-204244.csv,9.410933333333332
2026-10-06 20:43:06.266,7.8455e-11,Torr,23.cross_gate_connectingPort1,23.cross_gate_connectingPort1/MassSpecData-02115-20261006-204244.csv,9.4144
2026-10-06 20:43:06.474,9.0182e-11,Torr,23.cross_gate_connectingPort1,23.cross_gate_connectingPort1/MassSpecData-02115-20261006-204244.csv,9.417866666666667
2026-10-06 20:43:06.683,9.8335e-11,Torr,23.cross_gate_connectingPort1,23.cross_gate_connectingPort1/MassSpecData-02115-20261006-204244.csv,9.421349999999999
2026-10-06 20:43:06.891,8.6853e-11,Torr,23.cross_gate_connectingPort1,23.cross_gate_connectingPort1/MassSpecData-02115-20261006-204244.csv,9.424816666666667
2026-10-06 20:43:07.099,8.5028e-11,Torr,23.cross_gate_connectingPort1,23.cross_gate_connectingPort1/MassSpecData-02115-20261006-204244.csv,9.428283333333333
2026-10-06 20:43:07.308,7.6716e-11,Torr,23.cross_gate_connectingPort1,23.cross_gate_connectingPort1/MassSpecData-02115-20261006-204244.csv,9.431766666666666
2026-10-06 20:43:07.516,5.6322e-11,Torr,23.cross_gate_connectingPort1,23.cross_gate_connectingPort1/MassSpecData-02115-20261006-204244.csv,9.435233333333334
2026-10-06 20:43:07.724,8.6184e-11,Torr,23.cross_gate_connectingPort1,23.cross_gate_connectingPort1/MassSpecData-02115-20261006-204244.csv,9.4387
2026-10-06 20:43:07.933,7.8558e-11,Torr,23.cross_gate_connectingPort1,23.cross_gate_connectingPort1/MassSpecData-02115-20261006-204244.csv,9.442183333333332
2026-10-06 20:43:08.141,7.8615e-11,Torr,23.cross_gate_connectingPort1,23.cross_gate_connectingPort1/MassSpecData-02115-20261006-204244.csv,9.44565
2026-10-06 20:43:08.349,8.0431e-11,Torr,23.cross_gate_connectingPort1,23.cross_gate_connectingPort1/MassSpecData-02115-20261006-204244.csv,9.449116666666667
2026-10-06 20:43:08.558,8.6802e-11,Torr,23.cross_gate_connectingPort1,23.cross_gate_connectingPort1/MassSpecData-02115-20261006-204244.csv,9.452599999999999
2026-10-06 20:43:08.766,7.7827e-11,Torr,23.cross_gate_connectingPort1,23.cross_gate_connectingPort1/MassSpecData-02115-20261006-204244.csv,9.456066666666667
2026-10-06 20:43:08.974,7.8849e-11,Torr,23.cross_gate_connectingPort1,23.cross_gate_connectingPort1/MassSpecData-02115-20261006-204244.csv,9.459533333333333
2026-10-06 20:43:09.183,9.3059e-11,Torr,23.cross_gate_connectingPort1,23.cross_gate_connectingPort1/MassSpecData-02115-20261006-204244.csv,9.463016666666666
2026-10-06 20:43:09.391,8.7548e-11,Torr,23.cross_gate_connectingPort1,23.cross_gate_connectingPort1/MassSpecData-02115-20261006-204244.csv,9.466483333333334
2026-10-06 20:43:09.599,8.5119e-11,Torr,23.cross_gate_connectingPort1,23.cross_gate_connectingPort1/MassSpecData-02115-20261006-204244.csv,9.46995
2026-10-06 20:43:09.808,8.747e-11,Torr,23.cross_gate_connectingPort1,23.cross_gate_connectingPort1/MassSpecData-02115-20261006-204244.csv,9.473433333333332
2026-10-06 20:43:10.016,8.3631e-11,Torr,23.cross_gate_connectingPort1,23.cross_gate_connectingPort1/MassSpecData-02115-20261006-204244.csv,9.4769
2026-10-06 20:43:10.224,7.7484e-11,Torr,23.cross_gate_connectingPort1,23.cross_gate_connectingPort1/MassSpecData-02115-20261006-204244.csv,9.480366666666667
2026-10-06 20:43:10.433,9.2749e-11,Torr,23.cross_gate_connectingPort1,23.cross_gate_connectingPort1/MassSpecData-02115-20261006-204244.csv,9.483849999999999
2026-10-06 20:43:10.641,8.3986e-11,Torr,23.cross_gate_connectingPort1,23.cross_gate_connectingPort1/MassSpecData-02115-20261006-204244.csv,9.487316666666667
2026-10-06 20:43:10.849,6.4383e-11,Torr,23.cross_gate_connectingPort1,23.cross_gate_connectingPort1/MassSpecData-02115-20261006-204244.csv,9.490783333333333
2026-10-06 20:43:11.058,8.423e-11,Torr,23.cross_gate_connectingPort1,23.cross_gate_connectingPort1/MassSpecData-02115-20261006-204244.csv,9.494266666666666
2026-10-06 20:43:11.266,8.4786e-11,Torr,23.cross_gate_connectingPort1,23.cross_gate_connectingPort1/MassSpecData-02115-20261006-204244.csv,9.497733333333334
2026-10-06 20:43:11.474,8.919e-11,Torr,23.cross_gate_connectingPort1,23.cross_gate_connectingPort1/MassSpecData-02115-20261006-204244.csv,9.5012
2026-10-06 20:43:11.683,7.9798e-11,Torr,23.cross_gate_connectingPort1,23.cross_gate_connectingPort1/MassSpecData-02115-20261006-204244.csv,9.504683333333332
2026-10-06 20:43:11.891,7.5254e-11,Torr,23.cross_gate_connectingPort1,23.cross_gate_connectingPort1/MassSpecData-02115-20261006-204244.csv,9.50815
2026-10-06 20:43:12.099,8.3945e-11,Torr,23.cross_gate_connectingPort1,23.cross_gate_connectingPort1/MassSpecData-02115-20261006-204244.csv,9.511616666666667
2026-10-06 20:43:12.308,8.6678e-11,Torr,23.cross_gate_connectingPort1,23.cross_gate_connectingPort1/MassSpecData-02115-20261006-204244.csv,9.515099999999999
2026-10-06 20:43:12.516,8.3257e-11,Torr,23.cross_gate_connectingPort1,23.cross_gate_connectingPort1/MassSpecData-02115-20261006-204244.csv,9.518566666666667
2026-10-06 20:43:12.724,7.1578e-11,Torr,23.cross_gate_connectingPort1,23.cross_gate_connectingPort1/MassSpecData-02115-20261006-204244.csv,9.522033333333333
2026-10-06 20:43:12.933,7.9418e-11,Torr,23.cross_gate_connectingPort1,23.cross_gate_connectingPort1/MassSpecData-02115-20261006-204244.csv,9.525516666666666
2026-10-06 20:43:13.141,9.651e-11,Torr,23.cross_gate_connectingPort1,23.cross_gate_connectingPort1/MassSpecData-02115-20261006-204244.csv,9.528983333333334
2026-10-06 20:43:13.349,7.7066e-11,Torr,23.cross_gate_connectingPort1,23.cross_gate_connectingPort1/MassSpecData-02115-20261006-204244.csv,9.53245
2026-10-06 20:43:13.558,6.8765e-11,Torr,23.cross_gate_connectingPort1,23.cross_gate_connectingPort1/MassSpecData-02115-20261006-204244.csv,9.535933333333332
2026-10-06 20:43:13.766,9.0144e-11,Torr,23.cross_gate_connectingPort1,23.cross_gate_connectingPort1/MassSpecData-02115-20261006-204244.csv,9.5394
2026-10-06 20:43:13.974,7.3634e-11,Torr,23.cross_gate_connectingPort1,23.cross_gate_connectingPort1/MassSpecData-02115-20261006-204244.csv,9.542866666666667
2026-10-06 20:43:14.183,7.2336e-11,Torr,23.cross_gate_connectingPort1,23.cross_gate_connectingPort1/MassSpecData-02115-20261006-204244.csv,9.546349999999999
2026-10-06 20:43:14.391,7.5141e-11,Torr,23.cross_gate_connectingPort1,23.cross_gate_connectingPort1/MassSpecData-02115-20261006-204244.csv,9.549816666666667
2026-10-06 20:43:14.599,8.8999e-11,Torr,23.cross_gate_connectingPort1,23.cross_gate_connectingPort1/MassSpecData-02115-20261006-204244.csv,9.553283333333333
2026-10-06 20:43:14.808,8.0488e-11,Torr,23.cross_gate_connectingPort1,23.cross_gate_connectingPort1/MassSpecData-02115-20261006-204244.csv,9.556766666666666
2026-10-06 20:43:15.016,9.4861e-11,Torr,23.cross_gate_connectingPort1,23.cross_gate_connectingPort1/MassSpecData-02115-20261006-204244.csv,9.560233333333334
2026-10-06 20:43:15.224,7.5755e-11,Torr,23.cross_gate_connectingPort1,23.cross_gate_connectingPort1/MassSpecData-02115-20261006-204244.csv,9.5637
2026-10-06 20:43:15.433,8.916e-11,Torr,23.cross_gate_connectingPort1,23.cross_gate_connectingPort1/MassSpecData-02115-20261006-204244.csv,9.567183333333332
2026-10-06 20:43:15.641,6.0095e-11,Torr,23.cross_gate_connectingPort1,23.cross_gate_connectingPort1/MassSpecData-02115-20261006-204244.csv,9.57065
2026-10-06 20:43:15.849,8.3271e-11,Torr,23.cross_gate_connectingPort1,23.cross_gate_connectingPort1/MassSpecData-02115-20261006-204244.csv,9.574116666666667
2026-10-06 20:43:16.058,7.8066e-11,Torr,23.cross_gate_connectingPort1,23.cross_gate_connectingPort1/MassSpecData-02115-20261006-204244.csv,9.577599999999999
2026-10-06 20:43:16.266,8.8316e-11,Torr,23.cross_gate_connectingPort1,23.cross_gate_connectingPort1/MassSpecData-02115-20261006-204244.csv,9.581066666666667
2026-10-06 20:43:16.474,8.9961e-11,Torr,23.cross_gate_connectingPort1,23.cross_gate_connectingPort1/MassSpecData-02115-20261006-204244.csv,9.584533333333333
2026-10-06 20:43:16.683,8.144e-11,Torr,23.cross_gate_connectingPort1,23.cross_gate_connectingPort1/MassSpecData-02115-20261006-204244.csv,9.588016666666666
2026-10-06 20:43:16.891,8.4829e-11,Torr,23.cross_gate_connectingPort1,23.cross_gate_connectingPort1/MassSpecData-02115-20261006-204244.csv,9.591483333333334
2026-10-06 20:43:17.099,8.6668e-11,Torr,23.cross_gate_connectingPort1,23.cross_gate_connectingPort1/MassSpecData-02115-20261006-204244.csv,9.59495
2026-10-06 20:43:17.308,8.7006e-11,Torr,23.cross_gate_connectingPort1,23.cross_gate_connectingPort1/MassSpecData-02115-20261006-204244.csv,9.598433333333332
2026-10-06 20:43:17.516,7.5867e-11,Torr,23.cross_gate_connectingPort1,23.cross_gate_connectingPort1/MassSpecData-02115-20261006-204244.csv,9.6019
2026-10-06 20:43:17.724,7.8742e-11,Torr,23.cross_gate_connectingPort1,23.cross_gate_connectingPort1/MassSpecData-02115-20261006-204244.csv,9.605366666666667
2026-10-06 20:43:17.933,1.0579e-10,Torr,23.cross_gate_connectingPort1,23.cross_gate_connectingPort1/MassSpecData-02115-20261006-204244.csv,9.608849999999999
2026-10-06 20:43:18.141,8.1575e-11,Torr,23.cross_gate_connectingPort1,23.cross_gate_connectingPort1/MassSpecData-02115-20261006-204244.csv,9.612316666666667
2026-10-06 20:43:18.349,6.5303e-11,Torr,23.cross_gate_connectingPort1,23.cross_gate_connectingPort1/MassSpecData-02115-20261006-204244.csv,9.615783333333333
2026-10-06 20:43:18.558,8.9367e-11,Torr,23.cross_gate_connectingPort1,23.cross_gate_connectingPort1/MassSpecData-02115-20261006-204244.csv,9.619266666666666
2026-10-06 20:43:18.766,7.4794e-11,Torr,23.cross_gate_connectingPort1,23.cross_gate_connectingPort1/MassSpecData-02115-20261006-204244.csv,9.622733333333334
2026-10-06 20:43:18.974,8.7173e-11,Torr,23.cross_gate_connectingPort1,23.cross_gate_connectingPort1/MassSpecData-02115-20261006-204244.csv,9.6262
2026-10-06 20:43:19.183,7.4644e-11,Torr,23.cross_gate_connectingPort1,23.cross_gate_connectingPort1/MassSpecData-02115-20261006-204244.csv,9.629683333333332
2026-10-06 20:43:19.391,8.0728e-11,Torr,23.cross_gate_connectingPort1,23.cross_gate_connectingPort1/MassSpecData-02115-20261006-204244.csv,9.63315
2026-10-06 20:43:19.599,8.0434e-11,Torr,23.cross_gate_connectingPort1,23.cross_gate_connectingPort1/MassSpecData-02115-20261006-204244.csv,9.636616666666667
2026-10-06 20:43:19.808,8.3093e-11,Torr,23.cross_gate_connectingPort1,23.cross_gate_connectingPort1/MassSpecData-02115-20261006-204244.csv,9.640099999999999
2026-10-06 20:43:20.016,7.8174e-11,Torr,23.cross_gate_connectingPort1,23.cross_gate_connectingPort1/MassSpecData-02115-20261006-204244.csv,9.643566666666667
2026-10-06 20:43:20.224,7.8786e-11,Torr,23.cross_gate_connectingPort1,23.cross_gate_connectingPort1/MassSpecData-02115-20261006-204244.csv,9.647033333333333
2026-10-06 20:43:20.433,1.0701e-10,Torr,23.cross_gate_connectingPort1,23.cross_gate_connectingPort1/MassSpecData-02115-20261006-204244.csv,9.650516666666666
2026-10-06 20:43:20.641,7.7644e-11,Torr,23.cross_gate_connectingPort1,23.cross_gate_connectingPort1/MassSpecData-02115-20261006-204244.csv,9.653983333333334
2026-10-06 20:43:20.849,8.0744e-11,Torr,23.cross_gate_connectingPort1,23.cross_gate_connectingPort1/MassSpecData-02115-20261006-204244.csv,9.65745
2026-10-06 20:43:21.058,6.5307e-11,Torr,23.cross_gate_connectingPort1,23.cross_gate_connectingPort1/MassSpecData-02115-20261006-204244.csv,9.660933333333332
2026-10-06 20:43:21.266,9.2333e-11,Torr,23.cross_gate_connectingPort1,23.cross_gate_connectingPort1/MassSpecData-02115-20261006-204244.csv,9.6644
2026-10-06 20:43:21.474,9.016e-11,Torr,23.cross_gate_connectingPort1,23.cross_gate_connectingPort1/MassSpecData-02115-20261006-204244.csv,9.667866666666667
2026-10-06 20:43:21.683,7.5694e-11,Torr,23.cross_gate_connectingPort1,23.cross_gate_connectingPort1/MassSpecData-02115-20261006-204244.csv,9.671349999999999
2026-10-06 20:43:21.891,7.5349e-11,Torr,23.cross_gate_connectingPort1,23.cross_gate_connectingPort1/MassSpecData-02115-20261006-204244.csv,9.674816666666667
2026-10-06 20:43:22.099,8.6452e-11,Torr,23.cross_gate_connectingPort1,23.cross_gate_connectingPort1/MassSpecData-02115-20261006-204244.csv,9.678283333333333
2026-10-06 20:43:22.308,9.0677e-11,Torr,23.cross_gate_connectingPort1,23.cross_gate_connectingPort1/MassSpecData-02115-20261006-204244.csv,9.681766666666666
2026-10-06 20:43:22.516,7.1912e-11,Torr,23.cross_gate_connectingPort1,23.cross_gate_connectingPort1/MassSpecData-02115-20261006-204244.csv,9.685233333333334
2026-10-06 20:43:22.725,6.7813e-11,Torr,23.cross_gate_connectingPort1,23.cross_gate_connectingPort1/MassSpecData-02115-20261006-204244.csv,9.688716666666666
2026-10-06 20:43:22.933,8.8285e-11,Torr,23.cross_gate_connectingPort1,23.cross_gate_connectingPort1/MassSpecData-02115-20261006-204244.csv,9.692183333333332
2026-10-06 20:43:23.141,7.2691e-11,Torr,23.cross_gate_connectingPort1,23.cross_gate_connectingPort1/MassSpecData-02115-20261006-204244.csv,9.69565
2026-10-06 20:43:23.350,8.1717e-11,Torr,23.cross_gate_connectingPort1,23.cross_gate_connectingPort1/MassSpecData-02115-20261006-204244.csv,9.699133333333332
2026-10-06 20:43:23.558,9.275e-11,Torr,23.cross_gate_connectingPort1,23.cross_gate_connectingPort1/MassSpecData-02115-20261006-204244.csv,9.702599999999999
2026-10-06 20:43:23.766,8.614e-11,Torr,23.cross_gate_connectingPort1,23.cross_gate_connectingPort1/MassSpecData-02115-20261006-204244.csv,9.706066666666667
2026-10-06 20:43:23.975,8.9094e-11,Torr,23.cross_gate_connectingPort1,23.cross_gate_connectingPort1/MassSpecData-02115-20261006-204244.csv,9.70955
2026-10-06 20:43:24.183,7.8125e-11,Torr,23.cross_gate_connectingPort1,23.cross_gate_connectingPort1/MassSpecData-02115-20261006-204244.csv,9.713016666666666
2026-10-06 20:43:24.391,7.0657e-11,Torr,23.cross_gate_connectingPort1,23.cross_gate_connectingPort1/MassSpecData-02115-20261006-204244.csv,9.716483333333334
2026-10-06 20:43:24.600,8.0484e-11,Torr,23.cross_gate_connectingPort1,23.cross_gate_connectingPort1/MassSpecData-02115-20261006-204244.csv,9.719966666666666
2026-10-06 20:43:24.808,8.6293e-11,Torr,23.cross_gate_connectingPort1,23.cross_gate_connectingPort1/MassSpecData-02115-20261006-204244.csv,9.723433333333332
2026-10-06 20:43:25.016,8.2924e-11,Torr,23.cross_gate_connectingPort1,23.cross_gate_connectingPort1/MassSpecData-02115-20261006-204244.csv,9.7269
2026-10-06 20:43:25.225,8.8831e-11,Torr,23.cross_gate_connectingPort1,23.cross_gate_connectingPort1/MassSpecData-02115-20261006-204244.csv,9.730383333333332
2026-10-06 20:43:25.433,8.6543e-11,Torr,23.cross_gate_connectingPort1,23.cross_gate_connectingPort1/MassSpecData-02115-20261006-204244.csv,9.733849999999999
2026-10-06 20:43:25.641,9.194e-11,Torr,23.cross_gate_connectingPort1,23.cross_gate_connectingPort1/MassSpecData-02115-20261006-204244.csv,9.737316666666667
2026-10-06 20:43:25.850,8.6065e-11,Torr,23.cross_gate_connectingPort1,23.cross_gate_connectingPort1/MassSpecData-02115-20261006-204244.csv,9.7408
2026-10-06 20:43:26.058,8.5041e-11,Torr,23.cross_gate_connectingPort1,23.cross_gate_connectingPort1/MassSpecData-02115-20261006-204244.csv,9.744266666666666
2026-10-06 20:43:26.266,7.6264e-11,Torr,23.cross_gate_connectingPort1,23.cross_gate_connectingPort1/MassSpecData-02115-20261006-204244.csv,9.747733333333334
2026-10-06 20:43:26.606,8.7438e-11,Torr,23.cross_gate_connectingPort1,23.cross_gate_connectingPort1/MassSpecData-02115-20261006-204326.csv,9.7534
2026-10-06 20:43:26.814,8.1646e-11,Torr,23.cross_gate_connectingPort1,23.cross_gate_connectingPort1/MassSpecData-02115-20261006-204326.csv,9.756866666666667
2026-10-06 20:43:27.023,8.7384e-11,Torr,23.cross_gate_connectingPort1,23.cross_gate_connectingPort1/MassSpecData-02115-20261006-204326.csv,9.760349999999999
2026-10-06 20:43:27.231,8.4287e-11,Torr,23.cross_gate_connectingPort1,23.cross_gate_connectingPort1/MassSpecData-02115-20261006-204326.csv,9.763816666666665
2026-10-06 20:43:27.439,7.5384e-11,Torr,23.cross_gate_connectingPort1,23.cross_gate_connectingPort1/MassSpecData-02115-20261006-204326.csv,9.767283333333333
2026-10-06 20:43:27.648,9.2378e-11,Torr,23.cross_gate_connectingPort1,23.cross_gate_connectingPort1/MassSpecData-02115-20261006-204326.csv,9.770766666666667
2026-10-06 20:43:27.856,7.7888e-11,Torr,23.cross_gate_connectingPort1,23.cross_gate_connectingPort1/MassSpecData-02115-20261006-204326.csv,9.774233333333333
2026-10-06 20:43:28.064,9.3071e-11,Torr,23.cross_gate_connectingPort1,23.cross_gate_connectingPort1/MassSpecData-02115-20261006-204326.csv,9.777700000000001
2026-10-06 20:43:28.272,7.2991e-11,Torr,23.cross_gate_connectingPort1,23.cross_gate_connectingPort1/MassSpecData-02115-20261006-204326.csv,9.781166666666667
2026-10-06 20:43:28.481,7.8507e-11,Torr,23.cross_gate_connectingPort1,23.cross_gate_connectingPort1/MassSpecData-02115-20261006-204326.csv,9.78465
2026-10-06 20:43:28.689,8.102e-11,Torr,23.cross_gate_connectingPort1,23.cross_gate_connectingPort1/MassSpecData-02115-20261006-204326.csv,9.788116666666667
2026-10-06 20:43:28.898,8.2743e-11,Torr,23.cross_gate_connectingPort1,23.cross_gate_connectingPort1/MassSpecData-02115-20261006-204326.csv,9.791599999999999
2026-10-06 20:43:29.106,6.8045e-11,Torr,23.cross_gate_connectingPort1,23.cross_gate_connectingPort1/MassSpecData-02115-20261006-204326.csv,9.795066666666665
2026-10-06 20:43:29.314,7.8722e-11,Torr,23.cross_gate_connectingPort1,23.cross_gate_connectingPort1/MassSpecData-02115-20261006-204326.csv,9.798533333333333
2026-10-06 20:43:29.523,7.5339e-11,Torr,23.cross_gate_connectingPort1,23.cross_gate_connectingPort1/MassSpecData-02115-20261006-204326.csv,9.802016666666667
2026-10-06 20:43:29.731,7.9814e-11,Torr,23.cross_gate_connectingPort1,23.cross_gate_connectingPort1/MassSpecData-02115-20261006-204326.csv,9.805483333333333
2026-10-06 20:43:29.939,7.746e-11,Torr,23.cross_gate_connectingPort1,23.cross_gate_connectingPort1/MassSpecData-02115-20261006-204326.csv,9.808950000000001
2026-10-06 20:43:30.148,7.1739e-11,Torr,23.cross_gate_connectingPort1,23.cross_gate_connectingPort1/MassSpecData-02115-20261006-204326.csv,9.812433333333333
2026-10-06 20:43:30.356,8.0923e-11,Torr,23.cross_gate_connectingPort1,23.cross_gate_connectingPort1/MassSpecData-02115-20261006-204326.csv,9.8159
2026-10-06 20:43:30.564,8.1705e-11,Torr,23.cross_gate_connectingPort1,23.cross_gate_connectingPort1/MassSpecData-02115-20261006-204326.csv,9.819366666666667
2026-10-06 20:43:30.773,8.355e-11,Torr,23.cross_gate_connectingPort1,23.cross_gate_connectingPort1/MassSpecData-02115-20261006-204326.csv,9.822849999999999
2026-10-06 20:43:30.981,7.1505e-11,Torr,23.cross_gate_connectingPort1,23.cross_gate_connectingPort1/MassSpecData-02115-20261006-204326.csv,9.826316666666665
2026-10-06 20:43:31.189,1.0622e-10,Torr,23.cross_gate_connectingPort1,23.cross_gate_connectingPort1/MassSpecData-02115-20261006-204326.csv,9.829783333333333
2026-10-06 20:43:31.398,6.5346e-11,Torr,23.cross_gate_connectingPort1,23.cross_gate_connectingPort1/MassSpecData-02115-20261006-204326.csv,9.833266666666667
2026-10-06 20:43:31.606,9.2794e-11,Torr,23.cross_gate_connectingPort1,23.cross_gate_connectingPort1/MassSpecData-02115-20261006-204326.csv,9.836733333333333
2026-10-06 20:43:31.814,9.1577e-11,Torr,23.cross_gate_connectingPort1,23.cross_gate_connectingPort1/MassSpecData-02115-20261006-204326.csv,9.840200000000001
2026-10-06 20:43:32.022,8.9952e-11,Torr,23.cross_gate_connectingPort1,23.cross_gate_connectingPort1/MassSpecData-02115-20261006-204326.csv,9.843666666666667
2026-10-06 20:43:32.231,8.8644e-11,Torr,23.cross_gate_connectingPort1,23.cross_gate_connectingPort1/MassSpecData-02115-20261006-204326.csv,9.84715
2026-10-06 20:43:32.439,8.7887e-11,Torr,23.cross_gate_connectingPort1,23.cross_gate_connectingPort1/MassSpecData-02115-20261006-204326.csv,9.850616666666667
2026-10-06 20:43:32.647,7.6717e-11,Torr,23.cross_gate_connectingPort1,23.cross_gate_connectingPort1/MassSpecData-02115-20261006-204326.csv,9.854083333333334
2026-10-06 20:43:32.856,7.2828e-11,Torr,23.cross_gate_connectingPort1,23.cross_gate_connectingPort1/MassSpecData-02115-20261006-204326.csv,9.857566666666665
2026-10-06 20:43:33.064,8.3295e-11,Torr,23.cross_gate_connectingPort1,23.cross_gate_connectingPort1/MassSpecData-02115-20261006-204326.csv,9.861033333333333
2026-10-06 20:43:33.272,7.65e-11,Torr,23.cross_gate_connectingPort1,23.cross_gate_connectingPort1/MassSpecData-02115-20261006-204326.csv,9.8645
2026-10-06 20:43:33.481,8.4477e-11,Torr,23.cross_gate_connectingPort1,23.cross_gate_connectingPort1/MassSpecData-02115-20261006-204326.csv,9.867983333333333
2026-10-06 20:43:33.689,7.951e-11,Torr,23.cross_gate_connectingPort1,23.cross_gate_connectingPort1/MassSpecData-02115-20261006-204326.csv,9.871450000000001
2026-10-06 20:43:33.897,8.7382e-11,Torr,23.cross_gate_connectingPort1,23.cross_gate_connectingPort1/MassSpecData-02115-20261006-204326.csv,9.874916666666667
2026-10-06 20:43:34.106,7.2314e-11,Torr,23.cross_gate_connectingPort1,23.cross_gate_connectingPort1/MassSpecData-02115-20261006-204326.csv,9.8784
2026-10-06 20:43:34.314,7.515e-11,Torr,23.cross_gate_connectingPort1,23.cross_gate_connectingPort1/MassSpecData-02115-20261006-204326.csv,9.881866666666667
2026-10-06 20:43:34.522,1.1124e-10,Torr,23.cross_gate_connectingPort1,23.cross_gate_connectingPort1/MassSpecData-02115-20261006-204326.csv,9.885333333333334
2026-10-06 20:43:34.731,8.269e-11,Torr,23.cross_gate_connectingPort1,23.cross_gate_connectingPort1/MassSpecData-02115-20261006-204326.csv,9.888816666666665
2026-10-06 20:43:34.939,7.0683e-11,Torr,23.cross_gate_connectingPort1,23.cross_gate_connectingPort1/MassSpecData-02115-20261006-204326.csv,9.892283333333333
2026-10-06 20:43:35.147,7.6046e-11,Torr,23.cross_gate_connectingPort1,23.cross_gate_connectingPort1/MassSpecData-02115-20261006-204326.csv,9.89575
2026-10-06 20:43:35.356,7.3114e-11,Torr,23.cross_gate_connectingPort1,23.cross_gate_connectingPort1/MassSpecData-02115-20261006-204326.csv,9.899233333333333
2026-10-06 20:43:35.564,7.7631e-11,Torr,23.cross_gate_connectingPort1,23.cross_gate_connectingPort1/MassSpecData-02115-20261006-204326.csv,9.902700000000001
2026-10-06 20:43:35.773,6.4209e-11,Torr,23.cross_gate_connectingPort1,23.cross_gate_connectingPort1/MassSpecData-02115-20261006-204326.csv,9.906183333333333
2026-10-06 20:43:35.981,9.5126e-11,Torr,23.cross_gate_connectingPort1,23.cross_gate_connectingPort1/MassSpecData-02115-20261006-204326.csv,9.90965
2026-10-06 20:43:36.189,7.1842e-11,Torr,23.cross_gate_connectingPort1,23.cross_gate_connectingPort1/MassSpecData-02115-20261006-204326.csv,9.913116666666667
2026-10-06 20:43:36.398,8.7204e-11,Torr,23.cross_gate_connectingPort1,23.cross_gate_connectingPort1/MassSpecData-02115-20261006-204326.csv,9.916599999999999
2026-10-06 20:43:36.606,9.3527e-11,Torr,23.cross_gate_connectingPort1,23.cross_gate_connectingPort1/MassSpecData-02115-20261006-204326.csv,9.920066666666665
2026-10-06 20:43:36.814,7.7873e-11,Torr,23.cross_gate_connectingPort1,23.cross_gate_connectingPort1/MassSpecData-02115-20261006-204326.csv,9.923533333333333
2026-10-06 20:43:37.023,8.3048e-11,Torr,23.cross_gate_connectingPort1,23.cross_gate_connectingPort1/MassSpecData-02115-20261006-204326.csv,9.927016666666667
2026-10-06 20:43:37.231,7.8961e-11,Torr,23.cross_gate_connectingPort1,23.cross_gate_connectingPort1/MassSpecData-02115-20261006-204326.csv,9.930483333333333
2026-10-06 20:43:37.439,7.8375e-11,Torr,23.cross_gate_connectingPort1,23.cross_gate_connectingPort1/MassSpecData-02115-20261006-204326.csv,9.933950000000001
2026-10-06 20:43:37.648,9.1201e-11,Torr,23.cross_gate_connectingPort1,23.cross_gate_connectingPort1/MassSpecData-02115-20261006-204326.csv,9.937433333333333
2026-10-06 20:43:37.856,7.2154e-11,Torr,23.cross_gate_connectingPort1,23.cross_gate_connectingPort1/MassSpecData-02115-20261006-204326.csv,9.9409
2026-10-06 20:43:38.064,6.9007e-11,Torr,23.cross_gate_connectingPort1,23.cross_gate_connectingPort1/MassSpecData-02115-20261006-204326.csv,9.944366666666667
2026-10-06 20:43:38.273,8.472e-11,Torr,23.cross_gate_connectingPort1,23.cross_gate_connectingPort1/MassSpecData-02115-20261006-204326.csv,9.947849999999999
2026-10-06 20:43:38.481,8.5972e-11,Torr,23.cross_gate_connectingPort1,23.cross_gate_connectingPort1/MassSpecData-02115-20261006-204326.csv,9.951316666666665
2026-10-06 20:43:38.689,8.654e-11,Torr,23.cross_gate_connectingPort1,23.cross_gate_connectingPort1/MassSpecData-02115-20261006-204326.csv,9.954783333333333
2026-10-06 20:43:38.898,8.9402e-11,Torr,23.cross_gate_connectingPort1,23.cross_gate_connectingPort1/MassSpecData-02115-20261006-204326.csv,9.958266666666667
2026-10-06 20:43:39.106,7.2166e-11,Torr,23.cross_gate_connectingPort1,23.cross_gate_connectingPort1/MassSpecData-02115-20261006-204326.csv,9.961733333333333
2026-10-06 20:43:39.314,8.2123e-11,Torr,23.cross_gate_connectingPort1,23.cross_gate_connectingPort1/MassSpecData-02115-20261006-204326.csv,9.965200000000001
2026-10-06 20:43:39.523,7.8928e-11,Torr,23.cross_gate_connectingPort1,23.cross_gate_connectingPort1/MassSpecData-02115-20261006-204326.csv,9.968683333333333
2026-10-06 20:43:39.731,8.3409e-11,Torr,23.cross_gate_connectingPort1,23.cross_gate_connectingPort1/MassSpecData-02115-20261006-204326.csv,9.97215
2026-10-06 20:43:39.939,7.6141e-11,Torr,23.cross_gate_connectingPort1,23.cross_gate_connectingPort1/MassSpecData-02115-20261006-204326.csv,9.975616666666667
2026-10-06 20:43:40.148,7.3878e-11,Torr,23.cross_gate_connectingPort1,23.cross_gate_connectingPort1/MassSpecData-02115-20261006-204326.csv,9.979099999999999
2026-10-06 20:43:40.356,9.1221e-11,Torr,23.cross_gate_connectingPort1,23.cross_gate_connectingPort1/MassSpecData-02115-20261006-204326.csv,9.982566666666665
2026-10-06 20:43:40.564,9.2866e-11,Torr,23.cross_gate_connectingPort1,23.cross_gate_connectingPort1/MassSpecData-02115-20261006-204326.csv,9.986033333333333
2026-10-06 20:43:40.773,7.1944e-11,Torr,23.cross_gate_connectingPort1,23.cross_gate_connectingPort1/MassSpecData-02115-20261006-204326.csv,9.989516666666667
2026-10-06 20:43:40.981,6.6568e-11,Torr,23.cross_gate_connectingPort1,23.cross_gate_connectingPort1/MassSpecData-02115-20261006-204326.csv,9.992983333333333
2026-10-06 20:43:41.189,7.5516e-11,Torr,23.cross_gate_connectingPort1,23.cross_gate_connectingPort1/MassSpecData-02115-20261006-204326.csv,9.996450000000001
2026-10-06 20:43:41.398,8.8354e-11,Torr,23.cross_gate_connectingPort1,23.cross_gate_connectingPort1/MassSpecData-02115-20261006-204326.csv,9.999933333333333
2026-10-06 20:43:41.606,8.9798e-11,Torr,23.cross_gate_connectingPort1,23.cross_gate_connectingPort1/MassSpecData-02115-20261006-204326.csv,10.0034
2026-10-06 20:43:41.814,8.7686e-11,Torr,23.cross_gate_connectingPort1,23.cross_gate_connectingPort1/MassSpecData-02115-20261006-204326.csv,10.006866666666667
2026-10-06 20:43:42.023,8.2898e-11,Torr,23.cross_gate_connectingPort1,23.cross_gate_connectingPort1/MassSpecData-02115-20261006-204326.csv,10.010349999999999
2026-10-06 20:43:42.231,7.3241e-11,Torr,23.cross_gate_connectingPort1,23.cross_gate_connectingPort1/MassSpecData-02115-20261006-204326.csv,10.013816666666665
2026-10-06 20:43:42.439,7.9641e-11,Torr,23.cross_gate_connectingPort1,23.cross_gate_connectingPort1/MassSpecData-02115-20261006-204326.csv,10.017283333333333
2026-10-06 20:43:42.648,8.412e-11,Torr,23.cross_gate_connectingPort1,23.cross_gate_connectingPort1/MassSpecData-02115-20261006-204326.csv,10.020766666666667
2026-10-06 20:43:42.856,9.5405e-11,Torr,23.cross_gate_connectingPort1,23.cross_gate_connectingPort1/MassSpecData-02115-20261006-204326.csv,10.024233333333333
2026-10-06 20:43:43.064,1.0656e-10,Torr,23.cross_gate_connectingPort1,23.cross_gate_connectingPort1/MassSpecData-02115-20261006-204326.csv,10.027700000000001
2026-10-06 20:43:43.273,7.0429e-11,Torr,23.cross_gate_connectingPort1,23.cross_gate_connectingPort1/MassSpecData-02115-20261006-204326.csv,10.031183333333333
2026-10-06 20:43:43.481,8.3223e-11,Torr,23.cross_gate_connectingPort1,23.cross_gate_connectingPort1/MassSpecData-02115-20261006-204326.csv,10.03465
2026-10-06 20:43:43.689,7.1118e-11,Torr,23.cross_gate_connectingPort1,23.cross_gate_connectingPort1/MassSpecData-02115-20261006-204326.csv,10.038116666666667
2026-10-06 20:43:43.898,8.9613e-11,Torr,23.cross_gate_connectingPort1,23.cross_gate_connectingPort1/MassSpecData-02115-20261006-204326.csv,10.041599999999999
2026-10-06 20:43:44.106,1.0266e-10,Torr,23.cross_gate_connectingPort1,23.cross_gate_connectingPort1/MassSpecData-02115-20261006-204326.csv,10.045066666666665
2026-10-06 20:43:44.314,8.097e-11,Torr,23.cross_gate_connectingPort1,23.cross_gate_connectingPort1/MassSpecData-02115-20261006-204326.csv,10.048533333333333
2026-10-06 20:43:44.523,8.4773e-11,Torr,23.cross_gate_connectingPort1,23.cross_gate_connectingPort1/MassSpecData-02115-20261006-204326.csv,10.052016666666667
2026-10-06 20:43:44.731,8.0462e-11,Torr,23.cross_gate_connectingPort1,23.cross_gate_connectingPort1/MassSpecData-02115-20261006-204326.csv,10.055483333333333
2026-10-06 20:43:44.939,9.3601e-11,Torr,23.cross_gate_connectingPort1,23.cross_gate_connectingPort1/MassSpecData-02115-20261006-204326.csv,10.058950000000001
2026-10-06 20:43:45.148,8.5489e-11,Torr,23.cross_gate_connectingPort1,23.cross_gate_connectingPort1/MassSpecData-02115-20261006-204326.csv,10.062433333333333
2026-10-06 20:43:45.356,8.9272e-11,Torr,23.cross_gate_connectingPort1,23.cross_gate_connectingPort1/MassSpecData-02115-20261006-204326.csv,10.0659
2026-10-06 20:43:45.564,7.2796e-11,Torr,23.cross_gate_connectingPort1,23.cross_gate_connectingPort1/MassSpecData-02115-20261006-204326.csv,10.069366666666667
2026-10-06 20:43:45.773,8.3821e-11,Torr,23.cross_gate_connectingPort1,23.cross_gate_connectingPort1/MassSpecData-02115-20261006-204326.csv,10.072849999999999
2026-10-06 20:43:45.981,8.123e-11,Torr,23.cross_gate_connectingPort1,23.cross_gate_connectingPort1/MassSpecData-02115-20261006-204326.csv,10.076316666666665
2026-10-06 20:43:46.189,7.5596e-11,Torr,23.cross_gate_connectingPort1,23.cross_gate_connectingPort1/MassSpecData-02115-20261006-204326.csv,10.079783333333333
2026-10-06 20:43:46.397,7.5284e-11,Torr,23.cross_gate_connectingPort1,23.cross_gate_connectingPort1/MassSpecData-02115-20261006-204326.csv,10.08325
2026-10-06 20:43:46.606,8.3256e-11,Torr,23.cross_gate_connectingPort1,23.cross_gate_connectingPort1/MassSpecData-02115-20261006-204326.csv,10.086733333333333
2026-10-06 20:43:46.814,7.3574e-11,Torr,23.cross_gate_connectingPort1,23.cross_gate_connectingPort1/MassSpecData-02115-20261006-204326.csv,10.090200000000001
2026-10-06 20:43:47.022,7.5674e-11,Torr,23.cross_gate_connectingPort1,23.cross_gate_connectingPort1/MassSpecData-02115-20261006-204326.csv,10.093666666666667
2026-10-06 20:43:47.231,7.9112e-11,Torr,23.cross_gate_connectingPort1,23.cross_gate_connectingPort1/MassSpecData-02115-20261006-204326.csv,10.09715
2026-10-06 20:43:47.439,1.0497e-10,Torr,23.cross_gate_connectingPort1,23.cross_gate_connectingPort1/MassSpecData-02115-20261006-204326.csv,10.100616666666667
2026-10-06 20:43:47.647,9.1104e-11,Torr,23.cross_gate_connectingPort1,23.cross_gate_connectingPort1/MassSpecData-02115-20261006-204326.csv,10.104083333333334
2026-10-06 20:43:47.856,6.8936e-11,Torr,23.cross_gate_connectingPort1,23.cross_gate_connectingPort1/MassSpecData-02115-20261006-204326.csv,10.107566666666665
2026-10-06 20:43:48.064,8.8752e-11,Torr,23.cross_gate_connectingPort1,23.cross_gate_connectingPort1/MassSpecData-02115-20261006-204326.csv,10.111033333333333
2026-10-06 20:43:48.272,7.1588e-11,Torr,23.cross_gate_connectingPort1,23.cross_gate_connectingPort1/MassSpecData-02115-20261006-204326.csv,10.1145
2026-10-06 20:43:48.481,9.7709e-11,Torr,23.cross_gate_connectingPort1,23.cross_gate_connectingPort1/MassSpecData-02115-20261006-204326.csv,10.117983333333333
2026-10-06 20:43:48.689,6.7923e-11,Torr,23.cross_gate_connectingPort1,23.cross_gate_connectingPort1/MassSpecData-02115-20261006-204326.csv,10.121450000000001
2026-10-06 20:43:48.897,8.257e-11,Torr,23.cross_gate_connectingPort1,23.cross_gate_connectingPort1/MassSpecData-02115-20261006-204326.csv,10.124916666666667
2026-10-06 20:43:49.106,8.3789e-11,Torr,23.cross_gate_connectingPort1,23.cross_gate_connectingPort1/MassSpecData-02115-20261006-204326.csv,10.1284
2026-10-06 20:43:49.314,7.4963e-11,Torr,23.cross_gate_connectingPort1,23.cross_gate_connectingPort1/MassSpecData-02115-20261006-204326.csv,10.131866666666667
2026-10-06 20:43:49.522,8.403e-11,Torr,23.cross_gate_connectingPort1,23.cross_gate_connectingPort1/MassSpecData-02115-20261006-204326.csv,10.135333333333334
2026-10-06 20:43:49.731,7.9485e-11,Torr,23.cross_gate_connectingPort1,23.cross_gate_connectingPort1/MassSpecData-02115-20261006-204326.csv,10.138816666666665
2026-10-06 20:43:49.939,7.3663e-11,Torr,23.cross_gate_connectingPort1,23.cross_gate_connectingPort1/MassSpecData-02115-20261006-204326.csv,10.142283333333333
2026-10-06 20:43:50.147,7.3806e-11,Torr,23.cross_gate_connectingPort1,23.cross_gate_connectingPort1/MassSpecData-02115-20261006-204326.csv,10.14575
2026-10-06 20:43:50.356,1.0038e-10,Torr,23.cross_gate_connectingPort1,23.cross_gate_connectingPort1/MassSpecData-02115-20261006-204326.csv,10.149233333333333
2026-10-06 20:43:50.564,7.7967e-11,Torr,23.cross_gate_connectingPort1,23.cross_gate_connectingPort1/MassSpecData-02115-20261006-204326.csv,10.152700000000001
2026-10-06 20:43:50.772,8.3027e-11,Torr,23.cross_gate_connectingPort1,23.cross_gate_connectingPort1/MassSpecData-02115-20261006-204326.csv,10.156166666666667
2026-10-06 20:43:50.981,7.8318e-11,Torr,23.cross_gate_connectingPort1,23.cross_gate_connectingPort1/MassSpecData-02115-20261006-204326.csv,10.15965
2026-10-06 20:43:51.189,8.3337e-11,Torr,23.cross_gate_connectingPort1,23.cross_gate_connectingPort1/MassSpecData-02115-20261006-204326.csv,10.163116666666667
2026-10-06 20:43:51.397,6.6737e-11,Torr,23.cross_gate_connectingPort1,23.cross_gate_connectingPort1/MassSpecData-02115-20261006-204326.csv,10.166583333333334
2026-10-06 20:43:51.606,7.526e-11,Torr,23.cross_gate_connectingPort1,23.cross_gate_connectingPort1/MassSpecData-02115-20261006-204326.csv,10.170066666666665
2026-10-06 20:43:51.814,8.0276e-11,Torr,23.cross_gate_connectingPort1,23.cross_gate_connectingPort1/MassSpecData-02115-20261006-204326.csv,10.173533333333333
2026-10-06 20:43:52.022,9.4254e-11,Torr,23.cross_gate_connectingPort1,23.cross_gate_connectingPort1/MassSpecData-02115-20261006-204326.csv,10.177
2026-10-06 20:43:52.231,8.0663e-11,Torr,23.cross_gate_connectingPort1,23.cross_gate_connectingPort1/MassSpecData-02115-20261006-204326.csv,10.180483333333333
2026-10-06 20:43:52.439,7.7193e-11,Torr,23.cross_gate_connectingPort1,23.cross_gate_connectingPort1/MassSpecData-02115-20261006-204326.csv,10.183950000000001
2026-10-06 20:43:52.647,8.1992e-11,Torr,23.cross_gate_connectingPort1,23.cross_gate_connectingPort1/MassSpecData-02115-20261006-204326.csv,10.187416666666667
2026-10-06 20:43:52.856,8.4105e-11,Torr,23.cross_gate_connectingPort1,23.cross_gate_connectingPort1/MassSpecData-02115-20261006-204326.csv,10.1909
2026-10-06 20:43:53.064,8.9512e-11,Torr,23.cross_gate_connectingPort1,23.cross_gate_connectingPort1/MassSpecData-02115-20261006-204326.csv,10.194366666666667
2026-10-06 20:43:53.272,7.9665e-11,Torr,23.cross_gate_connectingPort1,23.cross_gate_connectingPort1/MassSpecData-02115-20261006-204326.csv,10.197833333333334
2026-10-06 20:43:53.481,7.5619e-11,Torr,23.cross_gate_connectingPort1,23.cross_gate_connectingPort1/MassSpecData-02115-20261006-204326.csv,10.201316666666665
2026-10-06 20:43:53.689,7.3519e-11,Torr,23.cross_gate_connectingPort1,23.cross_gate_connectingPort1/MassSpecData-02115-20261006-204326.csv,10.204783333333333
2026-10-06 20:43:53.897,8.4997e-11,Torr,23.cross_gate_connectingPort1,23.cross_gate_connectingPort1/MassSpecData-02115-20261006-204326.csv,10.20825
2026-10-06 20:43:54.106,9.0854e-11,Torr,23.cross_gate_connectingPort1,23.cross_gate_connectingPort1/MassSpecData-02115-20261006-204326.csv,10.211733333333333
2026-10-06 20:43:54.314,7.2948e-11,Torr,23.cross_gate_connectingPort1,23.cross_gate_connectingPort1/MassSpecData-02115-20261006-204326.csv,10.215200000000001
2026-10-06 20:43:54.522,7.2063e-11,Torr,23.cross_gate_connectingPort1,23.cross_gate_connectingPort1/MassSpecData-02115-20261006-204326.csv,10.218666666666667
2026-10-06 20:43:54.731,7.1993e-11,Torr,23.cross_gate_connectingPort1,23.cross_gate_connectingPort1/MassSpecData-02115-20261006-204326.csv,10.22215
2026-10-06 20:43:54.939,7.254e-11,Torr,23.cross_gate_connectingPort1,23.cross_gate_connectingPort1/MassSpecData-02115-20261006-204326.csv,10.225616666666667
2026-10-06 20:43:55.147,7.8899e-11,Torr,23.cross_gate_connectingPort1,23.cross_gate_connectingPort1/MassSpecData-02115-20261006-204326.csv,10.229083333333334
2026-10-06 20:43:55.356,8.0513e-11,Torr,23.cross_gate_connectingPort1,23.cross_gate_connectingPort1/MassSpecData-02115-20261006-204326.csv,10.232566666666665
2026-10-06 20:43:55.564,7.7475e-11,Torr,23.cross_gate_connectingPort1,23.cross_gate_connectingPort1/MassSpecData-02115-20261006-204326.csv,10.236033333333333
2026-10-06 20:43:55.772,8.2585e-11,Torr,23.cross_gate_connectingPort1,23.cross_gate_connectingPort1/MassSpecData-02115-20261006-204326.csv,10.2395
2026-10-06 20:43:55.981,8.4761e-11,Torr,23.cross_gate_connectingPort1,23.cross_gate_connectingPort1/MassSpecData-02115-20261006-204326.csv,10.242983333333333
2026-10-06 20:43:56.189,8.6054e-11,Torr,23.cross_gate_connectingPort1,23.cross_gate_connectingPort1/MassSpecData-02115-20261006-204326.csv,10.246450000000001
2026-10-06 20:43:56.397,7.4763e-11,Torr,23.cross_gate_connectingPort1,23.cross_gate_connectingPort1/MassSpecData-02115-20261006-204326.csv,10.249916666666667
2026-10-06 20:43:56.606,6.6285e-11,Torr,23.cross_gate_connectingPort1,23.cross_gate_connectingPort1/MassSpecData-02115-20261006-204326.csv,10.2534
2026-10-06 20:43:56.814,8.123e-11,Torr,23.cross_gate_connectingPort1,23.cross_gate_connectingPort1/MassSpecData-02115-20261006-204326.csv,10.256866666666667
2026-10-06 20:43:57.022,8.5035e-11,Torr,23.cross_gate_connectingPort1,23.cross_gate_connectingPort1/MassSpecData-02115-20261006-204326.csv,10.260333333333334
2026-10-06 20:43:57.231,8.0259e-11,Torr,23.cross_gate_connectingPort1,23.cross_gate_connectingPort1/MassSpecData-02115-20261006-204326.csv,10.263816666666665
2026-10-06 20:43:57.439,8.1873e-11,Torr,23.cross_gate_connectingPort1,23.cross_gate_connectingPort1/MassSpecData-02115-20261006-204326.csv,10.267283333333333
2026-10-06 20:43:57.647,8.239e-11,Torr,23.cross_gate_connectingPort1,23.cross_gate_connectingPort1/MassSpecData-02115-20261006-204326.csv,10.27075
2026-10-06 20:43:57.856,8.0772e-11,Torr,23.cross_gate_connectingPort1,23.cross_gate_connectingPort1/MassSpecData-02115-20261006-204326.csv,10.274233333333333
2026-10-06 20:43:58.064,8.3722e-11,Torr,23.cross_gate_connectingPort1,23.cross_gate_connectingPort1/MassSpecData-02115-20261006-204326.csv,10.277700000000001
2026-10-06 20:43:58.272,7.9405e-11,Torr,23.cross_gate_connectingPort1,23.cross_gate_connectingPort1/MassSpecData-02115-20261006-204326.csv,10.281166666666667
2026-10-06 20:43:58.481,9.1027e-11,Torr,23.cross_gate_connectingPort1,23.cross_gate_connectingPort1/MassSpecData-02115-20261006-204326.csv,10.28465
2026-10-06 20:43:58.689,9.0989e-11,Torr,23.cross_gate_connectingPort1,23.cross_gate_connectingPort1/MassSpecData-02115-20261006-204326.csv,10.288116666666667
2026-10-06 20:43:58.897,7.3833e-11,Torr,23.cross_gate_connectingPort1,23.cross_gate_connectingPort1/MassSpecData-02115-20261006-204326.csv,10.291583333333334
2026-10-06 20:43:59.106,7.3515e-11,Torr,23.cross_gate_connectingPort1,23.cross_gate_connectingPort1/MassSpecData-02115-20261006-204326.csv,10.295066666666665
2026-10-06 20:43:59.314,8.2461e-11,Torr,23.cross_gate_connectingPort1,23.cross_gate_connectingPort1/MassSpecData-02115-20261006-204326.csv,10.298533333333333
2026-10-06 20:43:59.522,9.1584e-11,Torr,23.cross_gate_connectingPort1,23.cross_gate_connectingPort1/MassSpecData-02115-20261006-204326.csv,10.302
2026-10-06 20:43:59.731,6.9794e-11,Torr,23.cross_gate_connectingPort1,23.cross_gate_connectingPort1/MassSpecData-02115-20261006-204326.csv,10.305483333333333
2026-10-06 20:43:59.939,7.7283e-11,Torr,23.cross_gate_connectingPort1,23.cross_gate_connectingPort1/MassSpecData-02115-20261006-204326.csv,10.308950000000001
2026-10-06 20:44:00.147,8.6361e-11,Torr,23.cross_gate_connectingPort1,23.cross_gate_connectingPort1/MassSpecData-02115-20261006-204326.csv,10.312416666666667
2026-10-06 20:44:00.356,8.6104e-11,Torr,23.cross_gate_connectingPort1,23.cross_gate_connectingPort1/MassSpecData-02115-20261006-204326.csv,10.3159
2026-10-06 20:44:00.564,9.253e-11,Torr,23.cross_gate_connectingPort1,23.cross_gate_connectingPort1/MassSpecData-02115-20261006-204326.csv,10.319366666666667
2026-10-06 20:44:00.772,8.3662e-11,Torr,23.cross_gate_connectingPort1,23.cross_gate_connectingPort1/MassSpecData-02115-20261006-204326.csv,10.322833333333334
2026-10-06 20:44:00.981,7.6762e-11,Torr,23.cross_gate_connectingPort1,23.cross_gate_connectingPort1/MassSpecData-02115-20261006-204326.csv,10.326316666666665
2026-10-06 20:44:01.189,7.9617e-11,Torr,23.cross_gate_connectingPort1,23.cross_gate_connectingPort1/MassSpecData-02115-20261006-204326.csv,10.329783333333333
2026-10-06 20:44:01.397,9.6177e-11,Torr,23.cross_gate_connectingPort1,23.cross_gate_connectingPort1/MassSpecData-02115-20261006-204326.csv,10.33325
2026-10-06 20:44:01.606,7.394e-11,Torr,23.cross_gate_connectingPort1,23.cross_gate_connectingPort1/MassSpecData-02115-20261006-204326.csv,10.336733333333333
2026-10-06 20:44:01.814,7.7943e-11,Torr,23.cross_gate_connectingPort1,23.cross_gate_connectingPort1/MassSpecData-02115-20261006-204326.csv,10.340200000000001
2026-10-06 20:44:02.022,8.736e-11,Torr,23.cross_gate_connectingPort1,23.cross_gate_connectingPort1/MassSpecData-02115-20261006-204326.csv,10.343666666666667
2026-10-06 20:44:02.231,6.8257e-11,Torr,23.cross_gate_connectingPort1,23.cross_gate_connectingPort1/MassSpecData-02115-20261006-204326.csv,10.34715
2026-10-06 20:44:02.439,8.3171e-11,Torr,23.cross_gate_connectingPort1,23.cross_gate_connectingPort1/MassSpecData-02115-20261006-204326.csv,10.350616666666667
2026-10-06 20:44:02.647,7.1566e-11,Torr,23.cross_gate_connectingPort1,23.cross_gate_connectingPort1/MassSpecData-02115-20261006-204326.csv,10.354083333333334
2026-10-06 20:44:02.856,8.7777e-11,Torr,23.cross_gate_connectingPort1,23.cross_gate_connectingPort1/MassSpecData-02115-20261006-204326.csv,10.357566666666665
2026-10-06 20:44:03.064,6.7599e-11,Torr,23.cross_gate_connectingPort1,23.cross_gate_connectingPort1/MassSpecData-02115-20261006-204326.csv,10.361033333333333
2026-10-06 20:44:03.272,8.9857e-11,Torr,23.cross_gate_connectingPort1,23.cross_gate_connectingPort1/MassSpecData-02115-20261006-204326.csv,10.3645
2026-10-06 20:44:03.481,8.0843e-11,Torr,23.cross_gate_connectingPort1,23.cross_gate_connectingPort1/MassSpecData-02115-20261006-204326.csv,10.367983333333333
2026-10-06 20:44:03.689,7.1085e-11,Torr,23.cross_gate_connectingPort1,23.cross_gate_connectingPort1/MassSpecData-02115-20261006-204326.csv,10.371450000000001
2026-10-06 20:44:03.897,7.0097e-11,Torr,23.cross_gate_connectingPort1,23.cross_gate_connectingPort1/MassSpecData-02115-20261006-204326.csv,10.374916666666667
2026-10-06 20:44:04.106,8.4487e-11,Torr,23.cross_gate_connectingPort1,23.cross_gate_connectingPort1/MassSpecData-02115-20261006-204326.csv,10.3784
2026-10-06 20:44:04.314,9.4735e-11,Torr,23.cross_gate_connectingPort1,23.cross_gate_connectingPort1/MassSpecData-02115-20261006-204326.csv,10.381866666666667
2026-10-06 20:44:04.523,8.4312e-11,Torr,23.cross_gate_connectingPort1,23.cross_gate_connectingPort1/MassSpecData-02115-20261006-204326.csv,10.385349999999999
2026-10-06 20:44:04.731,9.2172e-11,Torr,23.cross_gate_connectingPort1,23.cross_gate_connectingPort1/MassSpecData-02115-20261006-204326.csv,10.388816666666665
2026-10-06 20:44:04.939,6.9219e-11,Torr,23.cross_gate_connectingPort1,23.cross_gate_connectingPort1/MassSpecData-02115-20261006-204326.csv,10.392283333333333
2026-10-06 20:44:05.148,8.47e-11,Torr,23.cross_gate_connectingPort1,23.cross_gate_connectingPort1/MassSpecData-02115-20261006-204326.csv,10.395766666666667
2026-10-06 20:44:05.356,8.8084e-11,Torr,23.cross_gate_connectingPort1,23.cross_gate_connectingPort1/MassSpecData-02115-20261006-204326.csv,10.399233333333333
2026-10-06 20:44:05.564,8.2378e-11,Torr,23.cross_gate_connectingPort1,23.cross_gate_connectingPort1/MassSpecData-02115-20261006-204326.csv,10.402700000000001
2026-10-06 20:44:05.773,8.2851e-11,Torr,23.cross_gate_connectingPort1,23.cross_gate_connectingPort1/MassSpecData-02115-20261006-204326.csv,10.406183333333333
2026-10-06 20:44:05.981,8.1094e-11,Torr,23.cross_gate_connectingPort1,23.cross_gate_connectingPort1/MassSpecData-02115-20261006-204326.csv,10.40965
2026-10-06 20:44:06.189,7.7264e-11,Torr,23.cross_gate_connectingPort1,23.cross_gate_connectingPort1/MassSpecData-02115-20261006-204326.csv,10.413116666666667
2026-10-06 20:44:06.398,8.2151e-11,Torr,23.cross_gate_connectingPort1,23.cross_gate_connectingPort1/MassSpecData-02115-20261006-204326.csv,10.416599999999999
2026-10-06 20:44:06.606,8.0209e-11,Torr,23.cross_gate_connectingPort1,23.cross_gate_connectingPort1/MassSpecData-02115-20261006-204326.csv,10.420066666666665
2026-10-06 20:44:06.814,8.8856e-11,Torr,23.cross_gate_connectingPort1,23.cross_gate_connectingPort1/MassSpecData-02115-20261006-204326.csv,10.423533333333333
2026-10-06 20:44:07.023,8.0082e-11,Torr,23.cross_gate_connectingPort1,23.cross_gate_connectingPort1/MassSpecData-02115-20261006-204326.csv,10.427016666666667
2026-10-06 20:44:07.231,6.4402e-11,Torr,23.cross_gate_connectingPort1,23.cross_gate_connectingPort1/MassSpecData-02115-20261006-204326.csv,10.430483333333333
2026-10-06 20:44:07.439,8.5479e-11,Torr,23.cross_gate_connectingPort1,23.cross_gate_connectingPort1/MassSpecData-02115-20261006-204326.csv,10.433950000000001
2026-10-06 20:44:07.648,7.9873e-11,Torr,23.cross_gate_connectingPort1,23.cross_gate_connectingPort1/MassSpecData-02115-20261006-204326.csv,10.437433333333333
2026-10-06 20:44:07.856,7.4088e-11,Torr,23.cross_gate_connectingPort1,23.cross_gate_connectingPort1/MassSpecData-02115-20261006-204326.csv,10.4409
2026-10-06 20:44:08.064,8.9938e-11,Torr,23.cross_gate_connectingPort1,23.cross_gate_connectingPort1/MassSpecData-02115-20261006-204326.csv,10.444366666666667
2026-10-06 20:44:08.413,7.1787e-11,Torr,23.cross_gate_connectingPort1,23.cross_gate_connectingPort1/MassSpecData-02115-20261006-204408.csv,10.450183333333333
2026-10-06 20:44:08.621,7.6702e-11,Torr,23.cross_gate_connectingPort1,23.cross_gate_connectingPort1/MassSpecData-02115-20261006-204408.csv,10.453650000000001
2026-10-06 20:44:08.830,6.8192e-11,Torr,23.cross_gate_connectingPort1,23.cross_gate_connectingPort1/MassSpecData-02115-20261006-204408.csv,10.457133333333333
2026-10-06 20:44:09.038,7.8828e-11,Torr,23.cross_gate_connectingPort1,23.cross_gate_connectingPort1/MassSpecData-02115-20261006-204408.csv,10.4606
2026-10-06 20:44:09.246,7.7621e-11,Torr,23.cross_gate_connectingPort1,23.cross_gate_connectingPort1/MassSpecData-02115-20261006-204408.csv,10.464066666666668
2026-10-06 20:44:09.455,8.8069e-11,Torr,23.cross_gate_connectingPort1,23.cross_gate_connectingPort1/MassSpecData-02115-20261006-204408.csv,10.46755
2026-10-06 20:44:09.663,7.757e-11,Torr,23.cross_gate_connectingPort1,23.cross_gate_connectingPort1/MassSpecData-02115-20261006-204408.csv,10.471016666666666
2026-10-06 20:44:09.871,8.4421e-11,Torr,23.cross_gate_connectingPort1,23.cross_gate_connectingPort1/MassSpecData-02115-20261006-204408.csv,10.474483333333334
2026-10-06 20:44:10.079,7.989e-11,Torr,23.cross_gate_connectingPort1,23.cross_gate_connectingPort1/MassSpecData-02115-20261006-204408.csv,10.47795
2026-10-06 20:44:10.288,7.9063e-11,Torr,23.cross_gate_connectingPort1,23.cross_gate_connectingPort1/MassSpecData-02115-20261006-204408.csv,10.481433333333333
2026-10-06 20:44:10.496,7.5198e-11,Torr,23.cross_gate_connectingPort1,23.cross_gate_connectingPort1/MassSpecData-02115-20261006-204408.csv,10.484900000000001
2026-10-06 20:44:10.705,7.7426e-11,Torr,23.cross_gate_connectingPort1,23.cross_gate_connectingPort1/MassSpecData-02115-20261006-204408.csv,10.488383333333333
2026-10-06 20:44:10.913,8.0216e-11,Torr,23.cross_gate_connectingPort1,23.cross_gate_connectingPort1/MassSpecData-02115-20261006-204408.csv,10.49185
2026-10-06 20:44:11.121,8.2448e-11,Torr,23.cross_gate_connectingPort1,23.cross_gate_connectingPort1/MassSpecData-02115-20261006-204408.csv,10.495316666666668
2026-10-06 20:44:11.330,7.3751e-11,Torr,23.cross_gate_connectingPort1,23.cross_gate_connectingPort1/MassSpecData-02115-20261006-204408.csv,10.4988
2026-10-06 20:44:11.538,8.5214e-11,Torr,23.cross_gate_connectingPort1,23.cross_gate_connectingPort1/MassSpecData-02115-20261006-204408.csv,10.502266666666666
2026-10-06 20:44:11.746,9.5677e-11,Torr,23.cross_gate_connectingPort1,23.cross_gate_connectingPort1/MassSpecData-02115-20261006-204408.csv,10.505733333333334
2026-10-06 20:44:11.955,8.522e-11,Torr,23.cross_gate_connectingPort1,23.cross_gate_connectingPort1/MassSpecData-02115-20261006-204408.csv,10.509216666666667
2026-10-06 20:44:12.163,7.4674e-11,Torr,23.cross_gate_connectingPort1,23.cross_gate_connectingPort1/MassSpecData-02115-20261006-204408.csv,10.512683333333333
2026-10-06 20:44:12.371,8.9258e-11,Torr,23.cross_gate_connectingPort1,23.cross_gate_connectingPort1/MassSpecData-02115-20261006-204408.csv,10.516150000000001
2026-10-06 20:44:12.580,8.4863e-11,Torr,23.cross_gate_connectingPort1,23.cross_gate_connectingPort1/MassSpecData-02115-20261006-204408.csv,10.519633333333333
2026-10-06 20:44:12.788,8.4014e-11,Torr,23.cross_gate_connectingPort1,23.cross_gate_connectingPort1/MassSpecData-02115-20261006-204408.csv,10.5231
2026-10-06 20:44:12.996,7.2088e-11,Torr,23.cross_gate_connectingPort1,23.cross_gate_connectingPort1/MassSpecData-02115-20261006-204408.csv,10.526566666666668
2026-10-06 20:44:13.205,8.2946e-11,Torr,23.cross_gate_connectingPort1,23.cross_gate_connectingPort1/MassSpecData-02115-20261006-204408.csv,10.53005
2026-10-06 20:44:13.413,7.1004e-11,Torr,23.cross_gate_connectingPort1,23.cross_gate_connectingPort1/MassSpecData-02115-20261006-204408.csv,10.533516666666666
2026-10-06 20:44:13.621,8.5673e-11,Torr,23.cross_gate_connectingPort1,23.cross_gate_connectingPort1/MassSpecData-02115-20261006-204408.csv,10.536983333333334
2026-10-06 20:44:13.829,8.8401e-11,Torr,23.cross_gate_connectingPort1,23.cross_gate_connectingPort1/MassSpecData-02115-20261006-204408.csv,10.54045
2026-10-06 20:44:14.038,8.1963e-11,Torr,23.cross_gate_connectingPort1,23.cross_gate_connectingPort1/MassSpecData-02115-20261006-204408.csv,10.543933333333333
2026-10-06 20:44:14.246,8.3743e-11,Torr,23.cross_gate_connectingPort1,23.cross_gate_connectingPort1/MassSpecData-02115-20261006-204408.csv,10.547400000000001
2026-10-06 20:44:14.454,7.9376e-11,Torr,23.cross_gate_connectingPort1,23.cross_gate_connectingPort1/MassSpecData-02115-20261006-204408.csv,10.550866666666668
2026-10-06 20:44:14.663,6.6202e-11,Torr,23.cross_gate_connectingPort1,23.cross_gate_connectingPort1/MassSpecData-02115-20261006-204408.csv,10.55435
2026-10-06 20:44:14.871,7.5042e-11,Torr,23.cross_gate_connectingPort1,23.cross_gate_connectingPort1/MassSpecData-02115-20261006-204408.csv,10.557816666666668
2026-10-06 20:44:15.079,7.6989e-11,Torr,23.cross_gate_connectingPort1,23.cross_gate_connectingPort1/MassSpecData-02115-20261006-204408.csv,10.561283333333334
2026-10-06 20:44:15.288,8.6561e-11,Torr,23.cross_gate_connectingPort1,23.cross_gate_connectingPort1/MassSpecData-02115-20261006-204408.csv,10.564766666666666
2026-10-06 20:44:15.496,7.5873e-11,Torr,23.cross_gate_connectingPort1,23.cross_gate_connectingPort1/MassSpecData-02115-20261006-204408.csv,10.568233333333334
2026-10-06 20:44:15.704,1.0941e-10,Torr,23.cross_gate_connectingPort1,23.cross_gate_connectingPort1/MassSpecData-02115-20261006-204408.csv,10.5717
2026-10-06 20:44:15.913,7.1065e-11,Torr,23.cross_gate_connectingPort1,23.cross_gate_connectingPort1/MassSpecData-02115-20261006-204408.csv,10.575183333333333
2026-10-06 20:44:16.121,7.8697e-11,Torr,23.cross_gate_connectingPort1,23.cross_gate_connectingPort1/MassSpecData-02115-20261006-204408.csv,10.578650000000001
2026-10-06 20:44:16.329,8.3516e-11,Torr,23.cross_gate_connectingPort1,23.cross_gate_connectingPort1/MassSpecData-02115-20261006-204408.csv,10.582116666666668
2026-10-06 20:44:16.538,8.3123e-11,Torr,23.cross_gate_connectingPort1,23.cross_gate_connectingPort1/MassSpecData-02115-20261006-204408.csv,10.5856
2026-10-06 20:44:16.746,7.6176e-11,Torr,23.cross_gate_connectingPort1,23.cross_gate_connectingPort1/MassSpecData-02115-20261006-204408.csv,10.589066666666668
2026-10-06 20:44:16.954,8.7697e-11,Torr,23.cross_gate_connectingPort1,23.cross_gate_connectingPort1/MassSpecData-02115-20261006-204408.csv,10.592533333333334
2026-10-06 20:44:17.163,6.6445e-11,Torr,23.cross_gate_connectingPort1,23.cross_gate_connectingPort1/MassSpecData-02115-20261006-204408.csv,10.596016666666666
2026-10-06 20:44:17.371,8.6479e-11,Torr,23.cross_gate_connectingPort1,23.cross_gate_connectingPort1/MassSpecData-02115-20261006-204408.csv,10.599483333333334
2026-10-06 20:44:17.580,7.3005e-11,Torr,23.cross_gate_connectingPort1,23.cross_gate_connectingPort1/MassSpecData-02115-20261006-204408.csv,10.602966666666667
2026-10-06 20:44:17.788,8.5138e-11,Torr,23.cross_gate_connectingPort1,23.cross_gate_connectingPort1/MassSpecData-02115-20261006-204408.csv,10.606433333333333
2026-10-06 20:44:17.996,8.6471e-11,Torr,23.cross_gate_connectingPort1,23.cross_gate_connectingPort1/MassSpecData-02115-20261006-204408.csv,10.609900000000001
2026-10-06 20:44:18.205,7.0989e-11,Torr,23.cross_gate_connectingPort1,23.cross_gate_connectingPort1/MassSpecData-02115-20261006-204408.csv,10.613383333333333
2026-10-06 20:44:18.413,7.7352e-11,Torr,23.cross_gate_connectingPort1,23.cross_gate_connectingPort1/MassSpecData-02115-20261006-204408.csv,10.61685
2026-10-06 20:44:18.621,8.1884e-11,Torr,23.cross_gate_connectingPort1,23.cross_gate_connectingPort1/MassSpecData-02115-20261006-204408.csv,10.620316666666668
2026-10-06 20:44:18.830,8.9897e-11,Torr,23.cross_gate_connectingPort1,23.cross_gate_connectingPort1/MassSpecData-02115-20261006-204408.csv,10.6238
2026-10-06 20:44:19.038,7.7308e-11,Torr,23.cross_gate_connectingPort1,23.cross_gate_connectingPort1/MassSpecData-02115-20261006-204408.csv,10.627266666666666
2026-10-06 20:44:19.246,8.8487e-11,Torr,23.cross_gate_connectingPort1,23.cross_gate_connectingPort1/MassSpecData-02115-20261006-204408.csv,10.630733333333334
2026-10-06 20:44:19.455,8.6045e-11,Torr,23.cross_gate_connectingPort1,23.cross_gate_connectingPort1/MassSpecData-02115-20261006-204408.csv,10.634216666666667
2026-10-06 20:44:19.663,8.4102e-11,Torr,23.cross_gate_connectingPort1,23.cross_gate_connectingPort1/MassSpecData-02115-20261006-204408.csv,10.637683333333333
2026-10-06 20:44:19.871,7.0021e-11,Torr,23.cross_gate_connectingPort1,23.cross_gate_connectingPort1/MassSpecData-02115-20261006-204408.csv,10.641150000000001
2026-10-06 20:44:20.080,7.4491e-11,Torr,23.cross_gate_connectingPort1,23.cross_gate_connectingPort1/MassSpecData-02115-20261006-204408.csv,10.644633333333333
2026-10-06 20:44:20.288,8.5144e-11,Torr,23.cross_gate_connectingPort1,23.cross_gate_connectingPort1/MassSpecData-02115-20261006-204408.csv,10.6481
2026-10-06 20:44:20.496,9.2594e-11,Torr,23.cross_gate_connectingPort1,23.cross_gate_connectingPort1/MassSpecData-02115-20261006-204408.csv,10.651566666666668
2026-10-06 20:44:20.705,8.832e-11,Torr,23.cross_gate_connectingPort1,23.cross_gate_connectingPort1/MassSpecData-02115-20261006-204408.csv,10.65505
2026-10-06 20:44:20.913,7.8146e-11,Torr,23.cross_gate_connectingPort1,23.cross_gate_connectingPort1/MassSpecData-02115-20261006-204408.csv,10.658516666666666
2026-10-06 20:44:21.121,7.8872e-11,Torr,23.cross_gate_connectingPort1,23.cross_gate_connectingPort1/MassSpecData-02115-20261006-204408.csv,10.661983333333334
2026-10-06 20:44:21.330,8.4791e-11,Torr,23.cross_gate_connectingPort1,23.cross_gate_connectingPort1/MassSpecData-02115-20261006-204408.csv,10.665466666666667
2026-10-06 20:44:21.538,8.5492e-11,Torr,23.cross_gate_connectingPort1,23.cross_gate_connectingPort1/MassSpecData-02115-20261006-204408.csv,10.668933333333333
2026-10-06 20:44:21.746,6.9317e-11,Torr,23.cross_gate_connectingPort1,23.cross_gate_connectingPort1/MassSpecData-02115-20261006-204408.csv,10.672400000000001
2026-10-06 20:44:21.955,8.973e-11,Torr,23.cross_gate_connectingPort1,23.cross_gate_connectingPort1/MassSpecData-02115-20261006-204408.csv,10.675883333333333
2026-10-06 20:44:22.163,7.6972e-11,Torr,23.cross_gate_connectingPort1,23.cross_gate_connectingPort1/MassSpecData-02115-20261006-204408.csv,10.67935
2026-10-06 20:44:22.371,8.9936e-11,Torr,23.cross_gate_connectingPort1,23.cross_gate_connectingPort1/MassSpecData-02115-20261006-204408.csv,10.682816666666668
2026-10-06 20:44:22.580,6.714e-11,Torr,23.cross_gate_connectingPort1,23.cross_gate_connectingPort1/MassSpecData-02115-20261006-204408.csv,10.6863
2026-10-06 20:44:22.788,7.7817e-11,Torr,23.cross_gate_connectingPort1,23.cross_gate_connectingPort1/MassSpecData-02115-20261006-204408.csv,10.689766666666666
2026-10-06 20:44:22.996,8.1768e-11,Torr,23.cross_gate_connectingPort1,23.cross_gate_connectingPort1/MassSpecData-02115-20261006-204408.csv,10.693233333333334
2026-10-06 20:44:23.205,9.6948e-11,Torr,23.cross_gate_connectingPort1,23.cross_gate_connectingPort1/MassSpecData-02115-20261006-204408.csv,10.696716666666667
2026-10-06 20:44:23.413,9.2324e-11,Torr,23.cross_gate_connectingPort1,23.cross_gate_connectingPort1/MassSpecData-02115-20261006-204408.csv,10.700183333333333
2026-10-06 20:44:23.621,7.9649e-11,Torr,23.cross_gate_connectingPort1,23.cross_gate_connectingPort1/MassSpecData-02115-20261006-204408.csv,10.703650000000001
2026-10-06 20:44:23.830,9.0495e-11,Torr,23.cross_gate_connectingPort1,23.cross_gate_connectingPort1/MassSpecData-02115-20261006-204408.csv,10.707133333333333
2026-10-06 20:44:24.038,8.4717e-11,Torr,23.cross_gate_connectingPort1,23.cross_gate_connectingPort1/MassSpecData-02115-20261006-204408.csv,10.7106
2026-10-06 20:44:24.246,7.432e-11,Torr,23.cross_gate_connectingPort1,23.cross_gate_connectingPort1/MassSpecData-02115-20261006-204408.csv,10.714066666666668
2026-10-06 20:44:24.455,8.0723e-11,Torr,23.cross_gate_connectingPort1,23.cross_gate_connectingPort1/MassSpecData-02115-20261006-204408.csv,10.71755
2026-10-06 20:44:24.663,8.663e-11,Torr,23.cross_gate_connectingPort1,23.cross_gate_connectingPort1/MassSpecData-02115-20261006-204408.csv,10.721016666666666
2026-10-06 20:44:24.871,8.3293e-11,Torr,23.cross_gate_connectingPort1,23.cross_gate_connectingPort1/MassSpecData-02115-20261006-204408.csv,10.724483333333334
2026-10-06 20:44:25.080,6.484e-11,Torr,23.cross_gate_connectingPort1,23.cross_gate_connectingPort1/MassSpecData-02115-20261006-204408.csv,10.727966666666667
2026-10-06 20:44:25.288,7.9583e-11,Torr,23.cross_gate_connectingPort1,23.cross_gate_connectingPort1/MassSpecData-02115-20261006-204408.csv,10.731433333333333
2026-10-06 20:44:25.496,7.2862e-11,Torr,23.cross_gate_connectingPort1,23.cross_gate_connectingPort1/MassSpecData-02115-20261006-204408.csv,10.734900000000001
2026-10-06 20:44:25.705,8.4678e-11,Torr,23.cross_gate_connectingPort1,23.cross_gate_connectingPort1/MassSpecData-02115-20261006-204408.csv,10.738383333333333
2026-10-06 20:44:25.913,8.0501e-11,Torr,23.cross_gate_connectingPort1,23.cross_gate_connectingPort1/MassSpecData-02115-20261006-204408.csv,10.74185
2026-10-06 20:44:26.121,7.8318e-11,Torr,23.cross_gate_connectingPort1,23.cross_gate_connectingPort1/MassSpecData-02115-20261006-204408.csv,10.745316666666668
2026-10-06 20:44:26.330,8.337e-11,Torr,23.cross_gate_connectingPort1,23.cross_gate_connectingPort1/MassSpecData-02115-20261006-204408.csv,10.7488
2026-10-06 20:44:26.538,7.4251e-11,Torr,23.cross_gate_connectingPort1,23.cross_gate_connectingPort1/MassSpecData-02115-20261006-204408.csv,10.752266666666666
2026-10-06 20:44:26.746,7.199e-11,Torr,23.cross_gate_connectingPort1,23.cross_gate_connectingPort1/MassSpecData-02115-20261006-204408.csv,10.755733333333334
2026-10-06 20:44:26.955,8.0324e-11,Torr,23.cross_gate_connectingPort1,23.cross_gate_connectingPort1/MassSpecData-02115-20261006-204408.csv,10.759216666666667
2026-10-06 20:44:27.163,8.0294e-11,Torr,23.cross_gate_connectingPort1,23.cross_gate_connectingPort1/MassSpecData-02115-20261006-204408.csv,10.762683333333333
2026-10-06 20:44:27.371,7.3964e-11,Torr,23.cross_gate_connectingPort1,23.cross_gate_connectingPort1/MassSpecData-02115-20261006-204408.csv,10.766150000000001
2026-10-06 20:44:27.580,7.3981e-11,Torr,23.cross_gate_connectingPort1,23.cross_gate_connectingPort1/MassSpecData-02115-20261006-204408.csv,10.769633333333333
2026-10-06 20:44:27.788,7.6733e-11,Torr,23.cross_gate_connectingPort1,23.cross_gate_connectingPort1/MassSpecData-02115-20261006-204408.csv,10.7731
2026-10-06 20:44:27.996,9.2448e-11,Torr,23.cross_gate_connectingPort1,23.cross_gate_connectingPort1/MassSpecData-02115-20261006-204408.csv,10.776566666666668
2026-10-06 20:44:28.204,8.5275e-11,Torr,23.cross_gate_connectingPort1,23.cross_gate_connectingPort1/MassSpecData-02115-20261006-204408.csv,10.780033333333334
2026-10-06 20:44:28.413,8.1884e-11,Torr,23.cross_gate_connectingPort1,23.cross_gate_connectingPort1/MassSpecData-02115-20261006-204408.csv,10.783516666666666
2026-10-06 20:44:28.621,8.4323e-11,Torr,23.cross_gate_connectingPort1,23.cross_gate_connectingPort1/MassSpecData-02115-20261006-204408.csv,10.786983333333334
2026-10-06 20:44:28.829,7.5074e-11,Torr,23.cross_gate_connectingPort1,23.cross_gate_connectingPort1/MassSpecData-02115-20261006-204408.csv,10.79045
2026-10-06 20:44:29.038,8.982e-11,Torr,23.cross_gate_connectingPort1,23.cross_gate_connectingPort1/MassSpecData-02115-20261006-204408.csv,10.793933333333333
2026-10-06 20:44:29.246,8.0793e-11,Torr,23.cross_gate_connectingPort1,23.cross_gate_connectingPort1/MassSpecData-02115-20261006-204408.csv,10.797400000000001
2026-10-06 20:44:29.454,7.3063e-11,Torr,23.cross_gate_connectingPort1,23.cross_gate_connectingPort1/MassSpecData-02115-20261006-204408.csv,10.800866666666668
2026-10-06 20:44:29.663,8.1005e-11,Torr,23.cross_gate_connectingPort1,23.cross_gate_connectingPort1/MassSpecData-02115-20261006-204408.csv,10.80435
2026-10-06 20:44:29.871,8.7709e-11,Torr,23.cross_gate_connectingPort1,23.cross_gate_connectingPort1/MassSpecData-02115-20261006-204408.csv,10.807816666666668
2026-10-06 20:44:30.079,8.0015e-11,Torr,23.cross_gate_connectingPort1,23.cross_gate_connectingPort1/MassSpecData-02115-20261006-204408.csv,10.811283333333334
2026-10-06 20:44:30.288,8.1171e-11,Torr,23.cross_gate_connectingPort1,23.cross_gate_connectingPort1/MassSpecData-02115-20261006-204408.csv,10.814766666666666
2026-10-06 20:44:30.496,7.661e-11,Torr,23.cross_gate_connectingPort1,23.cross_gate_connectingPort1/MassSpecData-02115-20261006-204408.csv,10.818233333333334
2026-10-06 20:44:30.704,7.7205e-11,Torr,23.cross_gate_connectingPort1,23.cross_gate_connectingPort1/MassSpecData-02115-20261006-204408.csv,10.8217
2026-10-06 20:44:30.913,7.2044e-11,Torr,23.cross_gate_connectingPort1,23.cross_gate_connectingPort1/MassSpecData-02115-20261006-204408.csv,10.825183333333333
2026-10-06 20:44:31.121,8.0179e-11,Torr,23.cross_gate_connectingPort1,23.cross_gate_connectingPort1/MassSpecData-02115-20261006-204408.csv,10.828650000000001
2026-10-06 20:44:31.329,8.2453e-11,Torr,23.cross_gate_connectingPort1,23.cross_gate_connectingPort1/MassSpecData-02115-20261006-204408.csv,10.832116666666668
2026-10-06 20:44:31.538,7.8219e-11,Torr,23.cross_gate_connectingPort1,23.cross_gate_connectingPort1/MassSpecData-02115-20261006-204408.csv,10.8356
2026-10-06 20:44:31.746,8.1451e-11,Torr,23.cross_gate_connectingPort1,23.cross_gate_connectingPort1/MassSpecData-02115-20261006-204408.csv,10.839066666666668
2026-10-06 20:44:31.954,8.2731e-11,Torr,23.cross_gate_connectingPort1,23.cross_gate_connectingPort1/MassSpecData-02115-20261006-204408.csv,10.842533333333334
2026-10-06 20:44:32.163,8.4597e-11,Torr,23.cross_gate_connectingPort1,23.cross_gate_connectingPort1/MassSpecData-02115-20261006-204408.csv,10.846016666666666
2026-10-06 20:44:32.371,8.5576e-11,Torr,23.cross_gate_connectingPort1,23.cross_gate_connectingPort1/MassSpecData-02115-20261006-204408.csv,10.849483333333334
2026-10-06 20:44:32.579,7.9537e-11,Torr,23.cross_gate_connectingPort1,23.cross_gate_connectingPort1/MassSpecData-02115-20261006-204408.csv,10.85295
2026-10-06 20:44:32.788,8.1717e-11,Torr,23.cross_gate_connectingPort1,23.cross_gate_connectingPort1/MassSpecData-02115-20261006-204408.csv,10.856433333333333
2026-10-06 20:44:32.996,9.0086e-11,Torr,23.cross_gate_connectingPort1,23.cross_gate_connectingPort1/MassSpecData-02115-20261006-204408.csv,10.859900000000001
2026-10-06 20:44:33.204,7.3679e-11,Torr,23.cross_gate_connectingPort1,23.cross_gate_connectingPort1/MassSpecData-02115-20261006-204408.csv,10.863366666666668
2026-10-06 20:44:33.413,8.2862e-11,Torr,23.cross_gate_connectingPort1,23.cross_gate_connectingPort1/MassSpecData-02115-20261006-204408.csv,10.86685
2026-10-06 20:44:33.621,7.7287e-11,Torr,23.cross_gate_connectingPort1,23.cross_gate_connectingPort1/MassSpecData-02115-20261006-204408.csv,10.870316666666668
2026-10-06 20:44:33.829,9.1759e-11,Torr,23.cross_gate_connectingPort1,23.cross_gate_connectingPort1/MassSpecData-02115-20261006-204408.csv,10.873783333333334
2026-10-06 20:44:34.038,7.2966e-11,Torr,23.cross_gate_connectingPort1,23.cross_gate_connectingPort1/MassSpecData-02115-20261006-204408.csv,10.877266666666666
2026-10-06 20:44:34.246,8.5454e-11,Torr,23.cross_gate_connectingPort1,23.cross_gate_connectingPort1/MassSpecData-02115-20261006-204408.csv,10.880733333333334
2026-10-06 20:44:34.454,8.8803e-11,Torr,23.cross_gate_connectingPort1,23.cross_gate_connectingPort1/MassSpecData-02115-20261006-204408.csv,10.8842
2026-10-06 20:44:34.663,8.5024e-11,Torr,23.cross_gate_connectingPort1,23.cross_gate_connectingPort1/MassSpecData-02115-20261006-204408.csv,10.887683333333333
2026-10-06 20:44:34.871,7.7722e-11,Torr,23.cross_gate_connectingPort1,23.cross_gate_connectingPort1/MassSpecData-02115-20261006-204408.csv,10.891150000000001
2026-10-06 20:44:35.079,8.9526e-11,Torr,23.cross_gate_connectingPort1,23.cross_gate_connectingPort1/MassSpecData-02115-20261006-204408.csv,10.894616666666668
2026-10-06 20:44:35.288,7.5175e-11,Torr,23.cross_gate_connectingPort1,23.cross_gate_connectingPort1/MassSpecData-02115-20261006-204408.csv,10.8981
2026-10-06 20:44:35.496,7.6954e-11,Torr,23.cross_gate_connectingPort1,23.cross_gate_connectingPort1/MassSpecData-02115-20261006-204408.csv,10.901566666666668
2026-10-06 20:44:35.704,7.2041e-11,Torr,23.cross_gate_connectingPort1,23.cross_gate_connectingPort1/MassSpecData-02115-20261006-204408.csv,10.905033333333334
2026-10-06 20:44:35.913,7.5883e-11,Torr,23.cross_gate_connectingPort1,23.cross_gate_connectingPort1/MassSpecData-02115-20261006-204408.csv,10.908516666666666
2026-10-06 20:44:36.121,8.5951e-11,Torr,23.cross_gate_connectingPort1,23.cross_gate_connectingPort1/MassSpecData-02115-20261006-204408.csv,10.911983333333334
2026-10-06 20:44:36.329,8.533e-11,Torr,23.cross_gate_connectingPort1,23.cross_gate_connectingPort1/MassSpecData-02115-20261006-204408.csv,10.91545
2026-10-06 20:44:36.538,7.9844e-11,Torr,23.cross_gate_connectingPort1,23.cross_gate_connectingPort1/MassSpecData-02115-20261006-204408.csv,10.918933333333333
2026-10-06 20:44:36.746,7.8759e-11,Torr,23.cross_gate_connectingPort1,23.cross_gate_connectingPort1/MassSpecData-02115-20261006-204408.csv,10.922400000000001
2026-10-06 20:44:36.954,7.5695e-11,Torr,23.cross_gate_connectingPort1,23.cross_gate_connectingPort1/MassSpecData-02115-20261006-204408.csv,10.925866666666668
2026-10-06 20:44:37.163,7.347e-11,Torr,23.cross_gate_connectingPort1,23.cross_gate_connectingPort1/MassSpecData-02115-20261006-204408.csv,10.92935
2026-10-06 20:44:37.371,8.3003e-11,Torr,23.cross_gate_connectingPort1,23.cross_gate_connectingPort1/MassSpecData-02115-20261006-204408.csv,10.932816666666668
2026-10-06 20:44:37.579,8.3493e-11,Torr,23.cross_gate_connectingPort1,23.cross_gate_connectingPort1/MassSpecData-02115-20261006-204408.csv,10.936283333333334
2026-10-06 20:44:37.788,7.2364e-11,Torr,23.cross_gate_connectingPort1,23.cross_gate_connectingPort1/MassSpecData-02115-20261006-204408.csv,10.939766666666666
2026-10-06 20:44:37.996,9.1358e-11,Torr,23.cross_gate_connectingPort1,23.cross_gate_connectingPort1/MassSpecData-02115-20261006-204408.csv,10.943233333333334
2026-10-06 20:44:38.204,9.045e-11,Torr,23.cross_gate_connectingPort1,23.cross_gate_connectingPort1/MassSpecData-02115-20261006-204408.csv,10.9467
2026-10-06 20:44:38.413,7.0993e-11,Torr,23.cross_gate_connectingPort1,23.cross_gate_connectingPort1/MassSpecData-02115-20261006-204408.csv,10.950183333333333
2026-10-06 20:44:38.621,8.8418e-11,Torr,23.cross_gate_connectingPort1,23.cross_gate_connectingPort1/MassSpecData-02115-20261006-204408.csv,10.953650000000001
2026-10-06 20:44:38.829,7.1556e-11,Torr,23.cross_gate_connectingPort1,23.cross_gate_connectingPort1/MassSpecData-02115-20261006-204408.csv,10.957116666666668
2026-10-06 20:44:39.038,8.9225e-11,Torr,23.cross_gate_connectingPort1,23.cross_gate_connectingPort1/MassSpecData-02115-20261006-204408.csv,10.9606
2026-10-06 20:44:39.246,8.813e-11,Torr,23.cross_gate_connectingPort1,23.cross_gate_connectingPort1/MassSpecData-02115-20261006-204408.csv,10.964066666666668
2026-10-06 20:44:39.454,8.9074e-11,Torr,23.cross_gate_connectingPort1,23.cross_gate_connectingPort1/MassSpecData-02115-20261006-204408.csv,10.967533333333334
2026-10-06 20:44:39.663,7.4703e-11,Torr,23.cross_gate_connectingPort1,23.cross_gate_connectingPort1/MassSpecData-02115-20261006-204408.csv,10.971016666666666
2026-10-06 20:44:39.871,7.9534e-11,Torr,23.cross_gate_connectingPort1,23.cross_gate_connectingPort1/MassSpecData-02115-20261006-204408.csv,10.974483333333334
2026-10-06 20:44:40.079,7.6735e-11,Torr,23.cross_gate_connectingPort1,23.cross_gate_connectingPort1/MassSpecData-02115-20261006-204408.csv,10.97795
2026-10-06 20:44:40.288,8.6446e-11,Torr,23.cross_gate_connectingPort1,23.cross_gate_connectingPort1/MassSpecData-02115-20261006-204408.csv,10.981433333333333
2026-10-06 20:44:40.496,8.8418e-11,Torr,23.cross_gate_connectingPort1,23.cross_gate_connectingPort1/MassSpecData-02115-20261006-204408.csv,10.984900000000001
2026-10-06 20:44:40.704,8.3768e-11,Torr,23.cross_gate_connectingPort1,23.cross_gate_connectingPort1/MassSpecData-02115-20261006-204408.csv,10.988366666666668
2026-10-06 20:44:40.913,8.318e-11,Torr,23.cross_gate_connectingPort1,23.cross_gate_connectingPort1/MassSpecData-02115-20261006-204408.csv,10.99185
2026-10-06 20:44:41.121,8.7179e-11,Torr,23.cross_gate_connectingPort1,23.cross_gate_connectingPort1/MassSpecData-02115-20261006-204408.csv,10.995316666666668
2026-10-06 20:44:41.329,8.2422e-11,Torr,23.cross_gate_connectingPort1,23.cross_gate_connectingPort1/MassSpecData-02115-20261006-204408.csv,10.998783333333334
2026-10-06 20:44:41.538,9.6158e-11,Torr,23.cross_gate_connectingPort1,23.cross_gate_connectingPort1/MassSpecData-02115-20261006-204408.csv,11.002266666666666
2026-10-06 20:44:41.746,7.847e-11,Torr,23.cross_gate_connectingPort1,23.cross_gate_connectingPort1/MassSpecData-02115-20261006-204408.csv,11.005733333333334
2026-10-06 20:44:41.954,7.503e-11,Torr,23.cross_gate_connectingPort1,23.cross_gate_connectingPort1/MassSpecData-02115-20261006-204408.csv,11.0092
2026-10-06 20:44:42.163,8.3119e-11,Torr,23.cross_gate_connectingPort1,23.cross_gate_connectingPort1/MassSpecData-02115-20261006-204408.csv,11.012683333333333
2026-10-06 20:44:42.371,8.4964e-11,Torr,23.cross_gate_connectingPort1,23.cross_gate_connectingPort1/MassSpecData-02115-20261006-204408.csv,11.016150000000001
2026-10-06 20:44:42.579,9.2505e-11,Torr,23.cross_gate_connectingPort1,23.cross_gate_connectingPort1/MassSpecData-02115-20261006-204408.csv,11.019616666666668
2026-10-06 20:44:42.788,7.7514e-11,Torr,23.cross_gate_connectingPort1,23.cross_gate_connectingPort1/MassSpecData-02115-20261006-204408.csv,11.0231
2026-10-06 20:44:42.996,7.4804e-11,Torr,23.cross_gate_connectingPort1,23.cross_gate_connectingPort1/MassSpecData-02115-20261006-204408.csv,11.026566666666668
2026-10-06 20:44:43.204,9.1312e-11,Torr,23.cross_gate_connectingPort1,23.cross_gate_connectingPort1/MassSpecData-02115-20261006-204408.csv,11.030033333333334
2026-10-06 20:44:43.413,9.157e-11,Torr,23.cross_gate_connectingPort1,23.cross_gate_connectingPort1/MassSpecData-02115-20261006-204408.csv,11.033516666666666
2026-10-06 20:44:43.621,8.427e-11,Torr,23.cross_gate_connectingPort1,23.cross_gate_connectingPort1/MassSpecData-02115-20261006-204408.csv,11.036983333333334
2026-10-06 20:44:43.829,7.4891e-11,Torr,23.cross_gate_connectingPort1,23.cross_gate_connectingPort1/MassSpecData-02115-20261006-204408.csv,11.04045
2026-10-06 20:44:44.038,7.6997e-11,Torr,23.cross_gate_connectingPort1,23.cross_gate_connectingPort1/MassSpecData-02115-20261006-204408.csv,11.043933333333333
2026-10-06 20:44:44.246,8.3055e-11,Torr,23.cross_gate_connectingPort1,23.cross_gate_connectingPort1/MassSpecData-02115-20261006-204408.csv,11.047400000000001
2026-10-06 20:44:44.454,6.7966e-11,Torr,23.cross_gate_connectingPort1,23.cross_gate_connectingPort1/MassSpecData-02115-20261006-204408.csv,11.050866666666668
2026-10-06 20:44:44.663,7.4045e-11,Torr,23.cross_gate_connectingPort1,23.cross_gate_connectingPort1/MassSpecData-02115-20261006-204408.csv,11.05435
2026-10-06 20:44:44.871,9.0704e-11,Torr,23.cross_gate_connectingPort1,23.cross_gate_connectingPort1/MassSpecData-02115-20261006-204408.csv,11.057816666666668
2026-10-06 20:44:45.079,8.2359e-11,Torr,23.cross_gate_connectingPort1,23.cross_gate_connectingPort1/MassSpecData-02115-20261006-204408.csv,11.061283333333334
2026-10-06 20:44:45.288,9.5396e-11,Torr,23.cross_gate_connectingPort1,23.cross_gate_connectingPort1/MassSpecData-02115-20261006-204408.csv,11.064766666666666
2026-10-06 20:44:45.496,7.1015e-11,Torr,23.cross_gate_connectingPort1,23.cross_gate_connectingPort1/MassSpecData-02115-20261006-204408.csv,11.068233333333334
2026-10-06 20:44:45.704,8.3358e-11,Torr,23.cross_gate_connectingPort1,23.cross_gate_connectingPort1/MassSpecData-02115-20261006-204408.csv,11.0717
2026-10-06 20:44:45.913,8.2354e-11,Torr,23.cross_gate_connectingPort1,23.cross_gate_connectingPort1/MassSpecData-02115-20261006-204408.csv,11.075183333333333
2026-10-06 20:44:46.121,8.3706e-11,Torr,23.cross_gate_connectingPort1,23.cross_gate_connectingPort1/MassSpecData-02115-20261006-204408.csv,11.078650000000001
2026-10-06 20:44:46.330,1.0834e-10,Torr,23.cross_gate_connectingPort1,23.cross_gate_connectingPort1/MassSpecData-02115-20261006-204408.csv,11.082133333333333
2026-10-06 20:44:46.538,7.1768e-11,Torr,23.cross_gate_connectingPort1,23.cross_gate_connectingPort1/MassSpecData-02115-20261006-204408.csv,11.0856
2026-10-06 20:44:46.746,8.0377e-11,Torr,23.cross_gate_connectingPort1,23.cross_gate_connectingPort1/MassSpecData-02115-20261006-204408.csv,11.089066666666668
2026-10-06 20:44:46.955,7.5627e-11,Torr,23.cross_gate_connectingPort1,23.cross_gate_connectingPort1/MassSpecData-02115-20261006-204408.csv,11.09255
2026-10-06 20:44:47.163,7.6605e-11,Torr,23.cross_gate_connectingPort1,23.cross_gate_connectingPort1/MassSpecData-02115-20261006-204408.csv,11.096016666666666
2026-10-06 20:44:47.371,8.422e-11,Torr,23.cross_gate_connectingPort1,23.cross_gate_connectingPort1/MassSpecData-02115-20261006-204408.csv,11.099483333333334
2026-10-06 20:44:47.580,8.0009e-11,Torr,23.cross_gate_connectingPort1,23.cross_gate_connectingPort1/MassSpecData-02115-20261006-204408.csv,11.102966666666667
2026-10-06 20:44:47.788,8.3641e-11,Torr,23.cross_gate_connectingPort1,23.cross_gate_connectingPort1/MassSpecData-02115-20261006-204408.csv,11.106433333333333
2026-10-06 20:44:47.996,8.7284e-11,Torr,23.cross_gate_connectingPort1,23.cross_gate_connectingPort1/MassSpecData-02115-20261006-204408.csv,11.109900000000001
2026-10-06 20:44:48.205,7.7823e-11,Torr,23.cross_gate_connectingPort1,23.cross_gate_connectingPort1/MassSpecData-02115-20261006-204408.csv,11.113383333333333
2026-10-06 20:44:48.413,9.6106e-11,Torr,23.cross_gate_connectingPort1,23.cross_gate_connectingPort1/MassSpecData-02115-20261006-204408.csv,11.11685
2026-10-06 20:44:48.621,8.789e-11,Torr,23.cross_gate_connectingPort1,23.cross_gate_connectingPort1/MassSpecData-02115-20261006-204408.csv,11.120316666666668
2026-10-06 20:44:48.830,8.0508e-11,Torr,23.cross_gate_connectingPort1,23.cross_gate_connectingPort1/MassSpecData-02115-20261006-204408.csv,11.1238
2026-10-06 20:44:49.038,7.923e-11,Torr,23.cross_gate_connectingPort1,23.cross_gate_connectingPort1/MassSpecData-02115-20261006-204408.csv,11.127266666666666
2026-10-06 20:44:49.246,7.6402e-11,Torr,23.cross_gate_connectingPort1,23.cross_gate_connectingPort1/MassSpecData-02115-20261006-204408.csv,11.130733333333334
2026-10-06 20:44:49.455,8.7847e-11,Torr,23.cross_gate_connectingPort1,23.cross_gate_connectingPort1/MassSpecData-02115-20261006-204408.csv,11.134216666666667
2026-10-06 20:44:49.663,9.4851e-11,Torr,23.cross_gate_connectingPort1,23.cross_gate_connectingPort1/MassSpecData-02115-20261006-204408.csv,11.137683333333333
2026-10-06 20:44:49.871,7.5609e-11,Torr,23.cross_gate_connectingPort1,23.cross_gate_connectingPort1/MassSpecData-02115-20261006-204408.csv,11.141150000000001
2026-10-06 20:44:50.270,6.7981e-11,Torr,23.cross_gate_connectingPort1,23.cross_gate_connectingPort1/MassSpecData-02115-20261006-204450.csv,11.1478
2026-10-06 20:44:50.478,7.1508e-11,Torr,23.cross_gate_connectingPort1,23.cross_gate_connectingPort1/MassSpecData-02115-20261006-204450.csv,11.151266666666666
2026-10-06 20:44:50.687,9.6109e-11,Torr,23.cross_gate_connectingPort1,23.cross_gate_connectingPort1/MassSpecData-02115-20261006-204450.csv,11.15475
2026-10-06 20:44:50.895,7.4025e-11,Torr,23.cross_gate_connectingPort1,23.cross_gate_connectingPort1/MassSpecData-02115-20261006-204450.csv,11.158216666666668
2026-10-06 20:44:51.103,7.5801e-11,Torr,23.cross_gate_connectingPort1,23.cross_gate_connectingPort1/MassSpecData-02115-20261006-204450.csv,11.161683333333334
2026-10-06 20:44:51.312,7.7475e-11,Torr,23.cross_gate_connectingPort1,23.cross_gate_connectingPort1/MassSpecData-02115-20261006-204450.csv,11.165166666666666
2026-10-06 20:44:51.520,8.2507e-11,Torr,23.cross_gate_connectingPort1,23.cross_gate_connectingPort1/MassSpecData-02115-20261006-204450.csv,11.168633333333334
2026-10-06 20:44:51.728,6.6249e-11,Torr,23.cross_gate_connectingPort1,23.cross_gate_connectingPort1/MassSpecData-02115-20261006-204450.csv,11.1721
2026-10-06 20:44:51.936,7.9651e-11,Torr,23.cross_gate_connectingPort1,23.cross_gate_connectingPort1/MassSpecData-02115-20261006-204450.csv,11.175566666666667
2026-10-06 20:44:52.145,7.7654e-11,Torr,23.cross_gate_connectingPort1,23.cross_gate_connectingPort1/MassSpecData-02115-20261006-204450.csv,11.17905
2026-10-06 20:44:52.353,7.0672e-11,Torr,23.cross_gate_connectingPort1,23.cross_gate_connectingPort1/MassSpecData-02115-20261006-204450.csv,11.182516666666666
2026-10-06 20:44:52.562,8.273e-11,Torr,23.cross_gate_connectingPort1,23.cross_gate_connectingPort1/MassSpecData-02115-20261006-204450.csv,11.186
2026-10-06 20:44:52.770,7.6405e-11,Torr,23.cross_gate_connectingPort1,23.cross_gate_connectingPort1/MassSpecData-02115-20261006-204450.csv,11.189466666666668
2026-10-06 20:44:52.978,8.4608e-11,Torr,23.cross_gate_connectingPort1,23.cross_gate_connectingPort1/MassSpecData-02115-20261006-204450.csv,11.192933333333334
2026-10-06 20:44:53.187,8.5672e-11,Torr,23.cross_gate_connectingPort1,23.cross_gate_connectingPort1/MassSpecData-02115-20261006-204450.csv,11.196416666666666
2026-10-06 20:44:53.395,8.322e-11,Torr,23.cross_gate_connectingPort1,23.cross_gate_connectingPort1/MassSpecData-02115-20261006-204450.csv,11.199883333333334
2026-10-06 20:44:53.603,7.7298e-11,Torr,23.cross_gate_connectingPort1,23.cross_gate_connectingPort1/MassSpecData-02115-20261006-204450.csv,11.20335
2026-10-06 20:44:53.812,9.4886e-11,Torr,23.cross_gate_connectingPort1,23.cross_gate_connectingPort1/MassSpecData-02115-20261006-204450.csv,11.206833333333332
2026-10-06 20:44:54.020,7.1991e-11,Torr,23.cross_gate_connectingPort1,23.cross_gate_connectingPort1/MassSpecData-02115-20261006-204450.csv,11.2103
2026-10-06 20:44:54.228,8.4506e-11,Torr,23.cross_gate_connectingPort1,23.cross_gate_connectingPort1/MassSpecData-02115-20261006-204450.csv,11.213766666666666
2026-10-06 20:44:54.437,7.5337e-11,Torr,23.cross_gate_connectingPort1,23.cross_gate_connectingPort1/MassSpecData-02115-20261006-204450.csv,11.21725
2026-10-06 20:44:54.645,6.2495e-11,Torr,23.cross_gate_connectingPort1,23.cross_gate_connectingPort1/MassSpecData-02115-20261006-204450.csv,11.220716666666668
2026-10-06 20:44:54.853,7.8633e-11,Torr,23.cross_gate_connectingPort1,23.cross_gate_connectingPort1/MassSpecData-02115-20261006-204450.csv,11.224183333333334
2026-10-06 20:44:55.062,7.8397e-11,Torr,23.cross_gate_connectingPort1,23.cross_gate_connectingPort1/MassSpecData-02115-20261006-204450.csv,11.227666666666666
2026-10-06 20:44:55.270,7.6356e-11,Torr,23.cross_gate_connectingPort1,23.cross_gate_connectingPort1/MassSpecData-02115-20261006-204450.csv,11.231133333333334
2026-10-06 20:44:55.478,6.5813e-11,Torr,23.cross_gate_connectingPort1,23.cross_gate_connectingPort1/MassSpecData-02115-20261006-204450.csv,11.2346
2026-10-06 20:44:55.686,8.0243e-11,Torr,23.cross_gate_connectingPort1,23.cross_gate_connectingPort1/MassSpecData-02115-20261006-204450.csv,11.238066666666667
2026-10-06 20:44:55.895,7.8871e-11,Torr,23.cross_gate_connectingPort1,23.cross_gate_connectingPort1/MassSpecData-02115-20261006-204450.csv,11.24155
2026-10-06 20:44:56.103,7.5468e-11,Torr,23.cross_gate_connectingPort1,23.cross_gate_connectingPort1/MassSpecData-02115-20261006-204450.csv,11.245016666666666
2026-10-06 20:44:56.311,7.6327e-11,Torr,23.cross_gate_connectingPort1,23.cross_gate_connectingPort1/MassSpecData-02115-20261006-204450.csv,11.248483333333333
2026-10-06 20:44:56.520,9.8676e-11,Torr,23.cross_gate_connectingPort1,23.cross_gate_connectingPort1/MassSpecData-02115-20261006-204450.csv,11.251966666666668
2026-10-06 20:44:56.728,8.2281e-11,Torr,23.cross_gate_connectingPort1,23.cross_gate_connectingPort1/MassSpecData-02115-20261006-204450.csv,11.255433333333334
2026-10-06 20:44:56.936,8.0787e-11,Torr,23.cross_gate_connectingPort1,23.cross_gate_connectingPort1/MassSpecData-02115-20261006-204450.csv,11.2589
2026-10-06 20:44:57.145,7.7979e-11,Torr,23.cross_gate_connectingPort1,23.cross_gate_connectingPort1/MassSpecData-02115-20261006-204450.csv,11.262383333333334
2026-10-06 20:44:57.353,8.14e-11,Torr,23.cross_gate_connectingPort1,23.cross_gate_connectingPort1/MassSpecData-02115-20261006-204450.csv,11.26585
2026-10-06 20:44:57.561,7.9846e-11,Torr,23.cross_gate_connectingPort1,23.cross_gate_connectingPort1/MassSpecData-02115-20261006-204450.csv,11.269316666666667
2026-10-06 20:44:57.770,8.7472e-11,Torr,23.cross_gate_connectingPort1,23.cross_gate_connectingPort1/MassSpecData-02115-20261006-204450.csv,11.2728
2026-10-06 20:44:57.978,7.4089e-11,Torr,23.cross_gate_connectingPort1,23.cross_gate_connectingPort1/MassSpecData-02115-20261006-204450.csv,11.276266666666666
2026-10-06 20:44:58.186,7.9736e-11,Torr,23.cross_gate_connectingPort1,23.cross_gate_connectingPort1/MassSpecData-02115-20261006-204450.csv,11.279733333333333
2026-10-06 20:44:58.395,7.9805e-11,Torr,23.cross_gate_connectingPort1,23.cross_gate_connectingPort1/MassSpecData-02115-20261006-204450.csv,11.283216666666668
2026-10-06 20:44:58.603,1.0057e-10,Torr,23.cross_gate_connectingPort1,23.cross_gate_connectingPort1/MassSpecData-02115-20261006-204450.csv,11.286683333333334
2026-10-06 20:44:58.811,7.5113e-11,Torr,23.cross_gate_connectingPort1,23.cross_gate_connectingPort1/MassSpecData-02115-20261006-204450.csv,11.29015
2026-10-06 20:44:59.020,8.287e-11,Torr,23.cross_gate_connectingPort1,23.cross_gate_connectingPort1/MassSpecData-02115-20261006-204450.csv,11.293633333333334
2026-10-06 20:44:59.228,8.963e-11,Torr,23.cross_gate_connectingPort1,23.cross_gate_connectingPort1/MassSpecData-02115-20261006-204450.csv,11.2971
2026-10-06 20:44:59.437,9.697e-11,Torr,23.cross_gate_connectingPort1,23.cross_gate_connectingPort1/MassSpecData-02115-20261006-204450.csv,11.300583333333332
2026-10-06 20:44:59.645,8.7988e-11,Torr,23.cross_gate_connectingPort1,23.cross_gate_connectingPort1/MassSpecData-02115-20261006-204450.csv,11.30405
2026-10-06 20:44:59.853,8.8725e-11,Torr,23.cross_gate_connectingPort1,23.cross_gate_connectingPort1/MassSpecData-02115-20261006-204450.csv,11.307516666666666
2026-10-06 20:45:00.062,8.2757e-11,Torr,23.cross_gate_connectingPort1,23.cross_gate_connectingPort1/MassSpecData-02115-20261006-204450.csv,11.311
2026-10-06 20:45:00.270,8.7944e-11,Torr,23.cross_gate_connectingPort1,23.cross_gate_connectingPort1/MassSpecData-02115-20261006-204450.csv,11.314466666666668
2026-10-06 20:45:00.478,8.1231e-11,Torr,23.cross_gate_connectingPort1,23.cross_gate_connectingPort1/MassSpecData-02115-20261006-204450.csv,11.317933333333334
2026-10-06 20:45:00.687,9.4079e-11,Torr,23.cross_gate_connectingPort1,23.cross_gate_connectingPort1/MassSpecData-02115-20261006-204450.csv,11.321416666666666
2026-10-06 20:45:00.895,7.6146e-11,Torr,23.cross_gate_connectingPort1,23.cross_gate_connectingPort1/MassSpecData-02115-20261006-204450.csv,11.324883333333334
2026-10-06 20:45:01.103,7.7798e-11,Torr,23.cross_gate_connectingPort1,23.cross_gate_connectingPort1/MassSpecData-02115-20261006-204450.csv,11.32835
2026-10-06 20:45:01.312,7.5183e-11,Torr,23.cross_gate_connectingPort1,23.cross_gate_connectingPort1/MassSpecData-02115-20261006-204450.csv,11.331833333333332
2026-10-06 20:45:01.520,8.6445e-11,Torr,23.cross_gate_connectingPort1,23.cross_gate_connectingPort1/MassSpecData-02115-20261006-204450.csv,11.3353
2026-10-06 20:45:01.728,7.7597e-11,Torr,23.cross_gate_connectingPort1,23.cross_gate_connectingPort1/MassSpecData-02115-20261006-204450.csv,11.338766666666666
2026-10-06 20:45:01.937,8.395e-11,Torr,23.cross_gate_connectingPort1,23.cross_gate_connectingPort1/MassSpecData-02115-20261006-204450.csv,11.34225
2026-10-06 20:45:02.145,7.0758e-11,Torr,23.cross_gate_connectingPort1,23.cross_gate_connectingPort1/MassSpecData-02115-20261006-204450.csv,11.345716666666668
2026-10-06 20:45:02.353,8.687e-11,Torr,23.cross_gate_connectingPort1,23.cross_gate_connectingPort1/MassSpecData-02115-20261006-204450.csv,11.349183333333334
2026-10-06 20:45:02.562,8.7152e-11,Torr,23.cross_gate_connectingPort1,23.cross_gate_connectingPort1/MassSpecData-02115-20261006-204450.csv,11.352666666666666
2026-10-06 20:45:02.770,6.861e-11,Torr,23.cross_gate_connectingPort1,23.cross_gate_connectingPort1/MassSpecData-02115-20261006-204450.csv,11.356133333333334
2026-10-06 20:45:02.978,6.9094e-11,Torr,23.cross_gate_connectingPort1,23.cross_gate_connectingPort1/MassSpecData-02115-20261006-204450.csv,11.3596
2026-10-06 20:45:03.187,8.9791e-11,Torr,23.cross_gate_connectingPort1,23.cross_gate_connectingPort1/MassSpecData-02115-20261006-204450.csv,11.363083333333332
2026-10-06 20:45:03.395,7.1078e-11,Torr,23.cross_gate_connectingPort1,23.cross_gate_connectingPort1/MassSpecData-02115-20261006-204450.csv,11.36655
2026-10-06 20:45:03.603,8.7906e-11,Torr,23.cross_gate_connectingPort1,23.cross_gate_connectingPort1/MassSpecData-02115-20261006-204450.csv,11.370016666666666
2026-10-06 20:45:03.812,7.8485e-11,Torr,23.cross_gate_connectingPort1,23.cross_gate_connectingPort1/MassSpecData-02115-20261006-204450.csv,11.3735
2026-10-06 20:45:04.020,8.3002e-11,Torr,23.cross_gate_connectingPort1,23.cross_gate_connectingPort1/MassSpecData-02115-20261006-204450.csv,11.376966666666668
2026-10-06 20:45:04.228,8.294e-11,Torr,23.cross_gate_connectingPort1,23.cross_gate_connectingPort1/MassSpecData-02115-20261006-204450.csv,11.380433333333334
2026-10-06 20:45:04.437,8.23e-11,Torr,23.cross_gate_connectingPort1,23.cross_gate_connectingPort1/MassSpecData-02115-20261006-204450.csv,11.383916666666666
2026-10-06 20:45:04.645,8.7013e-11,Torr,23.cross_gate_connectingPort1,23.cross_gate_connectingPort1/MassSpecData-02115-20261006-204450.csv,11.387383333333334
2026-10-06 20:45:04.853,7.1989e-11,Torr,23.cross_gate_connectingPort1,23.cross_gate_connectingPort1/MassSpecData-02115-20261006-204450.csv,11.39085
2026-10-06 20:45:05.062,8.3095e-11,Torr,23.cross_gate_connectingPort1,23.cross_gate_connectingPort1/MassSpecData-02115-20261006-204450.csv,11.394333333333332
2026-10-06 20:45:05.270,8.8028e-11,Torr,23.cross_gate_connectingPort1,23.cross_gate_connectingPort1/MassSpecData-02115-20261006-204450.csv,11.3978
2026-10-06 20:45:05.478,9.8317e-11,Torr,23.cross_gate_connectingPort1,23.cross_gate_connectingPort1/MassSpecData-02115-20261006-204450.csv,11.401266666666666
2026-10-06 20:45:05.687,8.6161e-11,Torr,23.cross_gate_connectingPort1,23.cross_gate_connectingPort1/MassSpecData-02115-20261006-204450.csv,11.40475
2026-10-06 20:45:05.895,7.3056e-11,Torr,23.cross_gate_connectingPort1,23.cross_gate_connectingPort1/MassSpecData-02115-20261006-204450.csv,11.408216666666668
2026-10-06 20:45:06.103,8.0249e-11,Torr,23.cross_gate_connectingPort1,23.cross_gate_connectingPort1/MassSpecData-02115-20261006-204450.csv,11.411683333333334
2026-10-06 20:45:06.312,7.9319e-11,Torr,23.cross_gate_connectingPort1,23.cross_gate_connectingPort1/MassSpecData-02115-20261006-204450.csv,11.415166666666666
2026-10-06 20:45:06.520,8.7587e-11,Torr,23.cross_gate_connectingPort1,23.cross_gate_connectingPort1/MassSpecData-02115-20261006-204450.csv,11.418633333333334
2026-10-06 20:45:06.728,7.9243e-11,Torr,23.cross_gate_connectingPort1,23.cross_gate_connectingPort1/MassSpecData-02115-20261006-204450.csv,11.4221
2026-10-06 20:45:06.937,7.4258e-11,Torr,23.cross_gate_connectingPort1,23.cross_gate_connectingPort1/MassSpecData-02115-20261006-204450.csv,11.425583333333332
2026-10-06 20:45:07.145,8.3029e-11,Torr,23.cross_gate_connectingPort1,23.cross_gate_connectingPort1/MassSpecData-02115-20261006-204450.csv,11.42905
2026-10-06 20:45:07.353,8.6022e-11,Torr,23.cross_gate_connectingPort1,23.cross_gate_connectingPort1/MassSpecData-02115-20261006-204450.csv,11.432516666666666
2026-10-06 20:45:07.562,7.623e-11,Torr,23.cross_gate_connectingPort1,23.cross_gate_connectingPort1/MassSpecData-02115-20261006-204450.csv,11.436
2026-10-06 20:45:07.770,9.5679e-11,Torr,23.cross_gate_connectingPort1,23.cross_gate_connectingPort1/MassSpecData-02115-20261006-204450.csv,11.439466666666668
2026-10-06 20:45:07.978,7.8599e-11,Torr,23.cross_gate_connectingPort1,23.cross_gate_connectingPort1/MassSpecData-02115-20261006-204450.csv,11.442933333333334
2026-10-06 20:45:08.187,6.7918e-11,Torr,23.cross_gate_connectingPort1,23.cross_gate_connectingPort1/MassSpecData-02115-20261006-204450.csv,11.446416666666666
2026-10-06 20:45:08.395,7.5618e-11,Torr,23.cross_gate_connectingPort1,23.cross_gate_connectingPort1/MassSpecData-02115-20261006-204450.csv,11.449883333333334
2026-10-06 20:45:08.603,8.3607e-11,Torr,23.cross_gate_connectingPort1,23.cross_gate_connectingPort1/MassSpecData-02115-20261006-204450.csv,11.45335
2026-10-06 20:45:08.812,7.7458e-11,Torr,23.cross_gate_connectingPort1,23.cross_gate_connectingPort1/MassSpecData-02115-20261006-204450.csv,11.456833333333332
2026-10-06 20:45:09.020,7.8704e-11,Torr,23.cross_gate_connectingPort1,23.cross_gate_connectingPort1/MassSpecData-02115-20261006-204450.csv,11.4603
2026-10-06 20:45:09.228,8.3557e-11,Torr,23.cross_gate_connectingPort1,23.cross_gate_connectingPort1/MassSpecData-02115-20261006-204450.csv,11.463766666666666
2026-10-06 20:45:09.437,7.833e-11,Torr,23.cross_gate_connectingPort1,23.cross_gate_connectingPort1/MassSpecData-02115-20261006-204450.csv,11.46725
2026-10-06 20:45:09.645,7.6512e-11,Torr,23.cross_gate_connectingPort1,23.cross_gate_connectingPort1/MassSpecData-02115-20261006-204450.csv,11.470716666666668
2026-10-06 20:45:09.853,9.159e-11,Torr,23.cross_gate_connectingPort1,23.cross_gate_connectingPort1/MassSpecData-02115-20261006-204450.csv,11.474183333333334
2026-10-06 20:45:10.061,7.2217e-11,Torr,23.cross_gate_connectingPort1,23.cross_gate_connectingPort1/MassSpecData-02115-20261006-204450.csv,11.47765
2026-10-06 20:45:10.270,8.8199e-11,Torr,23.cross_gate_connectingPort1,23.cross_gate_connectingPort1/MassSpecData-02115-20261006-204450.csv,11.481133333333334
2026-10-06 20:45:10.478,7.1209e-11,Torr,23.cross_gate_connectingPort1,23.cross_gate_connectingPort1/MassSpecData-02115-20261006-204450.csv,11.4846
2026-10-06 20:45:10.686,7.9146e-11,Torr,23.cross_gate_connectingPort1,23.cross_gate_connectingPort1/MassSpecData-02115-20261006-204450.csv,11.488066666666667
2026-10-06 20:45:10.895,8.0297e-11,Torr,23.cross_gate_connectingPort1,23.cross_gate_connectingPort1/MassSpecData-02115-20261006-204450.csv,11.49155
2026-10-06 20:45:11.103,9.4072e-11,Torr,23.cross_gate_connectingPort1,23.cross_gate_connectingPort1/MassSpecData-02115-20261006-204450.csv,11.495016666666666
2026-10-06 20:45:11.311,7.1483e-11,Torr,23.cross_gate_connectingPort1,23.cross_gate_connectingPort1/MassSpecData-02115-20261006-204450.csv,11.498483333333333
2026-10-06 20:45:11.520,7.4315e-11,Torr,23.cross_gate_connectingPort1,23.cross_gate_connectingPort1/MassSpecData-02115-20261006-204450.csv,11.501966666666668
2026-10-06 20:45:11.728,8.2311e-11,Torr,23.cross_gate_connectingPort1,23.cross_gate_connectingPort1/MassSpecData-02115-20261006-204450.csv,11.505433333333334
2026-10-06 20:45:11.936,7.3111e-11,Torr,23.cross_gate_connectingPort1,23.cross_gate_connectingPort1/MassSpecData-02115-20261006-204450.csv,11.5089
2026-10-06 20:45:12.145,9.3848e-11,Torr,23.cross_gate_connectingPort1,23.cross_gate_connectingPort1/MassSpecData-02115-20261006-204450.csv,11.512383333333334
2026-10-06 20:45:12.353,7.4793e-11,Torr,23.cross_gate_connectingPort1,23.cross_gate_connectingPort1/MassSpecData-02115-20261006-204450.csv,11.51585
2026-10-06 20:45:12.561,8.9009e-11,Torr,23.cross_gate_connectingPort1,23.cross_gate_connectingPort1/MassSpecData-02115-20261006-204450.csv,11.519316666666667
2026-10-06 20:45:12.770,9.6135e-11,Torr,23.cross_gate_connectingPort1,23.cross_gate_connectingPort1/MassSpecData-02115-20261006-204450.csv,11.5228
2026-10-06 20:45:12.978,7.2083e-11,Torr,23.cross_gate_connectingPort1,23.cross_gate_connectingPort1/MassSpecData-02115-20261006-204450.csv,11.526266666666666
2026-10-06 20:45:13.186,8.5069e-11,Torr,23.cross_gate_connectingPort1,23.cross_gate_connectingPort1/MassSpecData-02115-20261006-204450.csv,11.529733333333333
2026-10-06 20:45:13.395,8.1688e-11,Torr,23.cross_gate_connectingPort1,23.cross_gate_connectingPort1/MassSpecData-02115-20261006-204450.csv,11.533216666666668
2026-10-06 20:45:13.603,8.0068e-11,Torr,23.cross_gate_connectingPort1,23.cross_gate_connectingPort1/MassSpecData-02115-20261006-204450.csv,11.536683333333334
2026-10-06 20:45:13.811,8.218e-11,Torr,23.cross_gate_connectingPort1,23.cross_gate_connectingPort1/MassSpecData-02115-20261006-204450.csv,11.54015
2026-10-06 20:45:14.020,7.8581e-11,Torr,23.cross_gate_connectingPort1,23.cross_gate_connectingPort1/MassSpecData-02115-20261006-204450.csv,11.543633333333334
2026-10-06 20:45:14.228,8.1241e-11,Torr,23.cross_gate_connectingPort1,23.cross_gate_connectingPort1/MassSpecData-02115-20261006-204450.csv,11.5471
2026-10-06 20:45:14.436,7.0627e-11,Torr,23.cross_gate_connectingPort1,23.cross_gate_connectingPort1/MassSpecData-02115-20261006-204450.csv,11.550566666666667
2026-10-06 20:45:14.645,8.3527e-11,Torr,23.cross_gate_connectingPort1,23.cross_gate_connectingPort1/MassSpecData-02115-20261006-204450.csv,11.55405
2026-10-06 20:45:14.853,7.2167e-11,Torr,23.cross_gate_connectingPort1,23.cross_gate_connectingPort1/MassSpecData-02115-20261006-204450.csv,11.557516666666666
2026-10-06 20:45:15.061,8.1398e-11,Torr,23.cross_gate_connectingPort1,23.cross_gate_connectingPort1/MassSpecData-02115-20261006-204450.csv,11.560983333333333
2026-10-06 20:45:15.270,7.7991e-11,Torr,23.cross_gate_connectingPort1,23.cross_gate_connectingPort1/MassSpecData-02115-20261006-204450.csv,11.564466666666668
2026-10-06 20:45:15.478,9.5693e-11,Torr,23.cross_gate_connectingPort1,23.cross_gate_connectingPort1/MassSpecData-02115-20261006-204450.csv,11.567933333333334
2026-10-06 20:45:15.686,8.8971e-11,Torr,23.cross_gate_connectingPort1,23.cross_gate_connectingPort1/MassSpecData-02115-20261006-204450.csv,11.5714
2026-10-06 20:45:15.895,7.0858e-11,Torr,23.cross_gate_connectingPort1,23.cross_gate_connectingPort1/MassSpecData-02115-20261006-204450.csv,11.574883333333334
2026-10-06 20:45:16.103,8.2168e-11,Torr,23.cross_gate_connectingPort1,23.cross_gate_connectingPort1/MassSpecData-02115-20261006-204450.csv,11.57835
2026-10-06 20:45:16.311,8.7567e-11,Torr,23.cross_gate_connectingPort1,23.cross_gate_connectingPort1/MassSpecData-02115-20261006-204450.csv,11.581816666666667
2026-10-06 20:45:16.520,8.6228e-11,Torr,23.cross_gate_connectingPort1,23.cross_gate_connectingPort1/MassSpecData-02115-20261006-204450.csv,11.5853
2026-10-06 20:45:16.728,8.6313e-11,Torr,23.cross_gate_connectingPort1,23.cross_gate_connectingPort1/MassSpecData-02115-20261006-204450.csv,11.588766666666666
2026-10-06 20:45:16.936,7.3619e-11,Torr,23.cross_gate_connectingPort1,23.cross_gate_connectingPort1/MassSpecData-02115-20261006-204450.csv,11.592233333333333
2026-10-06 20:45:17.145,8.2666e-11,Torr,23.cross_gate_connectingPort1,23.cross_gate_connectingPort1/MassSpecData-02115-20261006-204450.csv,11.595716666666668
2026-10-06 20:45:17.353,8.09e-11,Torr,23.cross_gate_connectingPort1,23.cross_gate_connectingPort1/MassSpecData-02115-20261006-204450.csv,11.599183333333334
2026-10-06 20:45:17.561,7.8282e-11,Torr,23.cross_gate_connectingPort1,23.cross_gate_connectingPort1/MassSpecData-02115-20261006-204450.csv,11.60265
2026-10-06 20:45:17.770,8.2466e-11,Torr,23.cross_gate_connectingPort1,23.cross_gate_connectingPort1/MassSpecData-02115-20261006-204450.csv,11.606133333333334
2026-10-06 20:45:17.978,6.8553e-11,Torr,23.cross_gate_connectingPort1,23.cross_gate_connectingPort1/MassSpecData-02115-20261006-204450.csv,11.6096
2026-10-06 20:45:18.186,8.2029e-11,Torr,23.cross_gate_connectingPort1,23.cross_gate_connectingPort1/MassSpecData-02115-20261006-204450.csv,11.613066666666667
2026-10-06 20:45:18.395,8.2224e-11,Torr,23.cross_gate_connectingPort1,23.cross_gate_connectingPort1/MassSpecData-02115-20261006-204450.csv,11.61655
2026-10-06 20:45:18.603,9.4078e-11,Torr,23.cross_gate_connectingPort1,23.cross_gate_connectingPort1/MassSpecData-02115-20261006-204450.csv,11.620016666666666
2026-10-06 20:45:18.811,9.2672e-11,Torr,23.cross_gate_connectingPort1,23.cross_gate_connectingPort1/MassSpecData-02115-20261006-204450.csv,11.623483333333333
2026-10-06 20:45:19.020,7.7619e-11,Torr,23.cross_gate_connectingPort1,23.cross_gate_connectingPort1/MassSpecData-02115-20261006-204450.csv,11.626966666666668
2026-10-06 20:45:19.228,8.0321e-11,Torr,23.cross_gate_connectingPort1,23.cross_gate_connectingPort1/MassSpecData-02115-20261006-204450.csv,11.630433333333334
2026-10-06 20:45:19.436,6.7492e-11,Torr,23.cross_gate_connectingPort1,23.cross_gate_connectingPort1/MassSpecData-02115-20261006-204450.csv,11.6339
2026-10-06 20:45:19.645,1.0975e-10,Torr,23.cross_gate_connectingPort1,23.cross_gate_connectingPort1/MassSpecData-02115-20261006-204450.csv,11.637383333333334
2026-10-06 20:45:19.853,8.0918e-11,Torr,23.cross_gate_connectingPort1,23.cross_gate_connectingPort1/MassSpecData-02115-20261006-204450.csv,11.64085
2026-10-06 20:45:20.061,8.3068e-11,Torr,23.cross_gate_connectingPort1,23.cross_gate_connectingPort1/MassSpecData-02115-20261006-204450.csv,11.644316666666667
2026-10-06 20:45:20.270,8.4041e-11,Torr,23.cross_gate_connectingPort1,23.cross_gate_connectingPort1/MassSpecData-02115-20261006-204450.csv,11.6478
2026-10-06 20:45:20.478,6.9611e-11,Torr,23.cross_gate_connectingPort1,23.cross_gate_connectingPort1/MassSpecData-02115-20261006-204450.csv,11.651266666666666
2026-10-06 20:45:20.686,7.434e-11,Torr,23.cross_gate_connectingPort1,23.cross_gate_connectingPort1/MassSpecData-02115-20261006-204450.csv,11.654733333333333
2026-10-06 20:45:20.895,7.8005e-11,Torr,23.cross_gate_connectingPort1,23.cross_gate_connectingPort1/MassSpecData-02115-20261006-204450.csv,11.658216666666668
2026-10-06 20:45:21.103,7.8381e-11,Torr,23.cross_gate_connectingPort1,23.cross_gate_connectingPort1/MassSpecData-02115-20261006-204450.csv,11.661683333333334
2026-10-06 20:45:21.311,8.0871e-11,Torr,23.cross_gate_connectingPort1,23.cross_gate_connectingPort1/MassSpecData-02115-20261006-204450.csv,11.66515
2026-10-06 20:45:21.520,8.7328e-11,Torr,23.cross_gate_connectingPort1,23.cross_gate_connectingPort1/MassSpecData-02115-20261006-204450.csv,11.668633333333334
2026-10-06 20:45:21.728,9.0032e-11,Torr,23.cross_gate_connectingPort1,23.cross_gate_connectingPort1/MassSpecData-02115-20261006-204450.csv,11.6721
2026-10-06 20:45:21.936,7.4098e-11,Torr,23.cross_gate_connectingPort1,23.cross_gate_connectingPort1/MassSpecData-02115-20261006-204450.csv,11.675566666666667
2026-10-06 20:45:22.145,7.2084e-11,Torr,23.cross_gate_connectingPort1,23.cross_gate_connectingPort1/MassSpecData-02115-20261006-204450.csv,11.67905
2026-10-06 20:45:22.353,8.5419e-11,Torr,23.cross_gate_connectingPort1,23.cross_gate_connectingPort1/MassSpecData-02115-20261006-204450.csv,11.682516666666666
2026-10-06 20:45:22.561,1.0442e-10,Torr,23.cross_gate_connectingPort1,23.cross_gate_connectingPort1/MassSpecData-02115-20261006-204450.csv,11.685983333333333
2026-10-06 20:45:22.770,8.1068e-11,Torr,23.cross_gate_connectingPort1,23.cross_gate_connectingPort1/MassSpecData-02115-20261006-204450.csv,11.689466666666668
2026-10-06 20:45:22.978,9.4654e-11,Torr,23.cross_gate_connectingPort1,23.cross_gate_connectingPort1/MassSpecData-02115-20261006-204450.csv,11.692933333333334
2026-10-06 20:45:23.186,9.3419e-11,Torr,23.cross_gate_connectingPort1,23.cross_gate_connectingPort1/MassSpecData-02115-20261006-204450.csv,11.6964
2026-10-06 20:45:23.395,8.3182e-11,Torr,23.cross_gate_connectingPort1,23.cross_gate_connectingPort1/MassSpecData-02115-20261006-204450.csv,11.699883333333334
2026-10-06 20:45:23.603,8.5271e-11,Torr,23.cross_gate_connectingPort1,23.cross_gate_connectingPort1/MassSpecData-02115-20261006-204450.csv,11.70335
2026-10-06 20:45:23.811,8.8271e-11,Torr,23.cross_gate_connectingPort1,23.cross_gate_connectingPort1/MassSpecData-02115-20261006-204450.csv,11.706816666666667
2026-10-06 20:45:24.020,8.3026e-11,Torr,23.cross_gate_connectingPort1,23.cross_gate_connectingPort1/MassSpecData-02115-20261006-204450.csv,11.7103
2026-10-06 20:45:24.228,8.2894e-11,Torr,23.cross_gate_connectingPort1,23.cross_gate_connectingPort1/MassSpecData-02115-20261006-204450.csv,11.713766666666666
2026-10-06 20:45:24.436,8.0605e-11,Torr,23.cross_gate_connectingPort1,23.cross_gate_connectingPort1/MassSpecData-02115-20261006-204450.csv,11.717233333333333
2026-10-06 20:45:24.645,8.4246e-11,Torr,23.cross_gate_connectingPort1,23.cross_gate_connectingPort1/MassSpecData-02115-20261006-204450.csv,11.720716666666668
2026-10-06 20:45:24.853,1.0729e-10,Torr,23.cross_gate_connectingPort1,23.cross_gate_connectingPort1/MassSpecData-02115-20261006-204450.csv,11.724183333333334
2026-10-06 20:45:25.061,9.0235e-11,Torr,23.cross_gate_connectingPort1,23.cross_gate_connectingPort1/MassSpecData-02115-20261006-204450.csv,11.72765
2026-10-06 20:45:25.270,8.113e-11,Torr,23.cross_gate_connectingPort1,23.cross_gate_connectingPort1/MassSpecData-02115-20261006-204450.csv,11.731133333333334
2026-10-06 20:45:25.478,7.5097e-11,Torr,23.cross_gate_connectingPort1,23.cross_gate_connectingPort1/MassSpecData-02115-20261006-204450.csv,11.7346
2026-10-06 20:45:25.686,7.1727e-11,Torr,23.cross_gate_connectingPort1,23.cross_gate_connectingPort1/MassSpecData-02115-20261006-204450.csv,11.738066666666667
2026-10-06 20:45:25.895,7.3126e-11,Torr,23.cross_gate_connectingPort1,23.cross_gate_connectingPort1/MassSpecData-02115-20261006-204450.csv,11.74155
2026-10-06 20:45:26.103,7.6109e-11,Torr,23.cross_gate_connectingPort1,23.cross_gate_connectingPort1/MassSpecData-02115-20261006-204450.csv,11.745016666666666
2026-10-06 20:45:26.311,7.0634e-11,Torr,23.cross_gate_connectingPort1,23.cross_gate_connectingPort1/MassSpecData-02115-20261006-204450.csv,11.748483333333333
2026-10-06 20:45:26.520,7.9527e-11,Torr,23.cross_gate_connectingPort1,23.cross_gate_connectingPort1/MassSpecData-02115-20261006-204450.csv,11.751966666666668
2026-10-06 20:45:26.728,7.6667e-11,Torr,23.cross_gate_connectingPort1,23.cross_gate_connectingPort1/MassSpecData-02115-20261006-204450.csv,11.755433333333334
2026-10-06 20:45:26.936,8.2044e-11,Torr,23.cross_gate_connectingPort1,23.cross_gate_connectingPort1/MassSpecData-02115-20261006-204450.csv,11.7589
2026-10-06 20:45:27.145,8.9401e-11,Torr,23.cross_gate_connectingPort1,23.cross_gate_connectingPort1/MassSpecData-02115-20261006-204450.csv,11.762383333333334
2026-10-06 20:45:27.353,8.4817e-11,Torr,23.cross_gate_connectingPort1,23.cross_gate_connectingPort1/MassSpecData-02115-20261006-204450.csv,11.76585
2026-10-06 20:45:27.561,8.9308e-11,Torr,23.cross_gate_connectingPort1,23.cross_gate_connectingPort1/MassSpecData-02115-20261006-204450.csv,11.769316666666667
2026-10-06 20:45:27.770,8.5995e-11,Torr,23.cross_gate_connectingPort1,23.cross_gate_connectingPort1/MassSpecData-02115-20261006-204450.csv,11.7728
2026-10-06 20:45:27.978,8.2676e-11,Torr,23.cross_gate_connectingPort1,23.cross_gate_connectingPort1/MassSpecData-02115-20261006-204450.csv,11.776266666666666
2026-10-06 20:45:28.187,8.1919e-11,Torr,23.cross_gate_connectingPort1,23.cross_gate_connectingPort1/MassSpecData-02115-20261006-204450.csv,11.77975
2026-10-06 20:45:28.395,9.1545e-11,Torr,23.cross_gate_connectingPort1,23.cross_gate_connectingPort1/MassSpecData-02115-20261006-204450.csv,11.783216666666668
2026-10-06 20:45:28.603,8.5175e-11,Torr,23.cross_gate_connectingPort1,23.cross_gate_connectingPort1/MassSpecData-02115-20261006-204450.csv,11.786683333333334
2026-10-06 20:45:28.812,7.9359e-11,Torr,23.cross_gate_connectingPort1,23.cross_gate_connectingPort1/MassSpecData-02115-20261006-204450.csv,11.790166666666666
2026-10-06 20:45:29.020,9.6873e-11,Torr,23.cross_gate_connectingPort1,23.cross_gate_connectingPort1/MassSpecData-02115-20261006-204450.csv,11.793633333333334
2026-10-06 20:45:29.228,9.1379e-11,Torr,23.cross_gate_connectingPort1,23.cross_gate_connectingPort1/MassSpecData-02115-20261006-204450.csv,11.7971
2026-10-06 20:45:29.437,8.1021e-11,Torr,23.cross_gate_connectingPort1,23.cross_gate_connectingPort1/MassSpecData-02115-20261006-204450.csv,11.800583333333332
2026-10-06 20:45:29.645,8.3118e-11,Torr,23.cross_gate_connectingPort1,23.cross_gate_connectingPort1/MassSpecData-02115-20261006-204450.csv,11.80405
2026-10-06 20:45:29.853,8.0697e-11,Torr,23.cross_gate_connectingPort1,23.cross_gate_connectingPort1/MassSpecData-02115-20261006-204450.csv,11.807516666666666
2026-10-06 20:45:30.062,6.9155e-11,Torr,23.cross_gate_connectingPort1,23.cross_gate_connectingPort1/MassSpecData-02115-20261006-204450.csv,11.811
2026-10-06 20:45:30.270,7.9395e-11,Torr,23.cross_gate_connectingPort1,23.cross_gate_connectingPort1/MassSpecData-02115-20261006-204450.csv,11.814466666666668
2026-10-06 20:45:30.478,8.6097e-11,Torr,23.cross_gate_connectingPort1,23.cross_gate_connectingPort1/MassSpecData-02115-20261006-204450.csv,11.817933333333334
2026-10-06 20:45:30.687,7.7958e-11,Torr,23.cross_gate_connectingPort1,23.cross_gate_connectingPort1/MassSpecData-02115-20261006-204450.csv,11.821416666666666
2026-10-06 20:45:30.895,7.8642e-11,Torr,23.cross_gate_connectingPort1,23.cross_gate_connectingPort1/MassSpecData-02115-20261006-204450.csv,11.824883333333334
2026-10-06 20:45:31.103,8.3727e-11,Torr,23.cross_gate_connectingPort1,23.cross_gate_connectingPort1/MassSpecData-02115-20261006-204450.csv,11.82835
2026-10-06 20:45:31.312,7.9219e-11,Torr,23.cross_gate_connectingPort1,23.cross_gate_connectingPort1/MassSpecData-02115-20261006-204450.csv,11.831833333333332
2026-10-06 20:45:31.520,8.1066e-11,Torr,23.cross_gate_connectingPort1,23.cross_gate_connectingPort1/MassSpecData-02115-20261006-204450.csv,11.8353
2026-10-06 20:45:31.728,7.2217e-11,Torr,23.cross_gate_connectingPort1,23.cross_gate_connectingPort1/MassSpecData-02115-20261006-204450.csv,11.838766666666666
2026-10-06 20:45:32.008,5.7149e-11,Torr,23.cross_gate_connectingPort1,23.cross_gate_connectingPort1/MassSpecData-02115-20261006-204532.csv,11.843433333333333
2026-10-06 20:45:32.216,8.395e-11,Torr,23.cross_gate_connectingPort1,23.cross_gate_connectingPort1/MassSpecData-02115-20261006-204532.csv,11.8469
2026-10-06 20:45:32.425,8.8159e-11,Torr,23.cross_gate_connectingPort1,23.cross_gate_connectingPort1/MassSpecData-02115-20261006-204532.csv,11.850383333333333
2026-10-06 20:45:32.633,7.0094e-11,Torr,23.cross_gate_connectingPort1,23.cross_gate_connectingPort1/MassSpecData-02115-20261006-204532.csv,11.85385
2026-10-06 20:45:32.841,7.1433e-11,Torr,23.cross_gate_connectingPort1,23.cross_gate_connectingPort1/MassSpecData-02115-20261006-204532.csv,11.857316666666666
2026-10-06 20:45:33.050,8.5337e-11,Torr,23.cross_gate_connectingPort1,23.cross_gate_connectingPort1/MassSpecData-02115-20261006-204532.csv,11.860800000000001
2026-10-06 20:45:33.258,8.5616e-11,Torr,23.cross_gate_connectingPort1,23.cross_gate_connectingPort1/MassSpecData-02115-20261006-204532.csv,11.864266666666667
2026-10-06 20:45:33.466,7.195e-11,Torr,23.cross_gate_connectingPort1,23.cross_gate_connectingPort1/MassSpecData-02115-20261006-204532.csv,11.867733333333332
2026-10-06 20:45:33.674,7.5601e-11,Torr,23.cross_gate_connectingPort1,23.cross_gate_connectingPort1/MassSpecData-02115-20261006-204532.csv,11.8712
2026-10-06 20:45:33.883,8.8705e-11,Torr,23.cross_gate_connectingPort1,23.cross_gate_connectingPort1/MassSpecData-02115-20261006-204532.csv,11.874683333333333
2026-10-06 20:45:34.091,8.0357e-11,Torr,23.cross_gate_connectingPort1,23.cross_gate_connectingPort1/MassSpecData-02115-20261006-204532.csv,11.87815
2026-10-06 20:45:34.300,8.5333e-11,Torr,23.cross_gate_connectingPort1,23.cross_gate_connectingPort1/MassSpecData-02115-20261006-204532.csv,11.881633333333333
2026-10-06 20:45:34.508,8.5025e-11,Torr,23.cross_gate_connectingPort1,23.cross_gate_connectingPort1/MassSpecData-02115-20261006-204532.csv,11.8851
2026-10-06 20:45:34.716,7.3183e-11,Torr,23.cross_gate_connectingPort1,23.cross_gate_connectingPort1/MassSpecData-02115-20261006-204532.csv,11.888566666666666
2026-10-06 20:45:34.925,8.1749e-11,Torr,23.cross_gate_connectingPort1,23.cross_gate_connectingPort1/MassSpecData-02115-20261006-204532.csv,11.892050000000001
2026-10-06 20:45:35.133,1.0037e-10,Torr,23.cross_gate_connectingPort1,23.cross_gate_connectingPort1/MassSpecData-02115-20261006-204532.csv,11.895516666666667
2026-10-06 20:45:35.341,7.3164e-11,Torr,23.cross_gate_connectingPort1,23.cross_gate_connectingPort1/MassSpecData-02115-20261006-204532.csv,11.898983333333332
2026-10-06 20:45:35.550,8.2358e-11,Torr,23.cross_gate_connectingPort1,23.cross_gate_connectingPort1/MassSpecData-02115-20261006-204532.csv,11.902466666666667
2026-10-06 20:45:35.758,7.5079e-11,Torr,23.cross_gate_connectingPort1,23.cross_gate_connectingPort1/MassSpecData-02115-20261006-204532.csv,11.905933333333333
2026-10-06 20:45:35.966,8.5244e-11,Torr,23.cross_gate_connectingPort1,23.cross_gate_connectingPort1/MassSpecData-02115-20261006-204532.csv,11.9094
2026-10-06 20:45:36.175,6.8573e-11,Torr,23.cross_gate_connectingPort1,23.cross_gate_connectingPort1/MassSpecData-02115-20261006-204532.csv,11.912883333333333
2026-10-06 20:45:36.383,7.6539e-11,Torr,23.cross_gate_connectingPort1,23.cross_gate_connectingPort1/MassSpecData-02115-20261006-204532.csv,11.91635
2026-10-06 20:45:36.591,7.6105e-11,Torr,23.cross_gate_connectingPort1,23.cross_gate_connectingPort1/MassSpecData-02115-20261006-204532.csv,11.919816666666666
2026-10-06 20:45:36.800,6.8081e-11,Torr,23.cross_gate_connectingPort1,23.cross_gate_connectingPort1/MassSpecData-02115-20261006-204532.csv,11.923300000000001
2026-10-06 20:45:37.008,8.7381e-11,Torr,23.cross_gate_connectingPort1,23.cross_gate_connectingPort1/MassSpecData-02115-20261006-204532.csv,11.926766666666667
2026-10-06 20:45:37.216,9.722e-11,Torr,23.cross_gate_connectingPort1,23.cross_gate_connectingPort1/MassSpecData-02115-20261006-204532.csv,11.930233333333332
2026-10-06 20:45:37.424,7.3694e-11,Torr,23.cross_gate_connectingPort1,23.cross_gate_connectingPort1/MassSpecData-02115-20261006-204532.csv,11.9337
2026-10-06 20:45:37.633,8.2894e-11,Torr,23.cross_gate_connectingPort1,23.cross_gate_connectingPort1/MassSpecData-02115-20261006-204532.csv,11.937183333333333
2026-10-06 20:45:37.841,9.4183e-11,Torr,23.cross_gate_connectingPort1,23.cross_gate_connectingPort1/MassSpecData-02115-20261006-204532.csv,11.94065
2026-10-06 20:45:38.049,8.0449e-11,Torr,23.cross_gate_connectingPort1,23.cross_gate_connectingPort1/MassSpecData-02115-20261006-204532.csv,11.944116666666668
2026-10-06 20:45:38.258,8.07e-11,Torr,23.cross_gate_connectingPort1,23.cross_gate_connectingPort1/MassSpecData-02115-20261006-204532.csv,11.9476
2026-10-06 20:45:38.466,8.7511e-11,Torr,23.cross_gate_connectingPort1,23.cross_gate_connectingPort1/MassSpecData-02115-20261006-204532.csv,11.951066666666666
2026-10-06 20:45:38.674,8.7138e-11,Torr,23.cross_gate_connectingPort1,23.cross_gate_connectingPort1/MassSpecData-02115-20261006-204532.csv,11.954533333333334
2026-10-06 20:45:38.883,9.0206e-11,Torr,23.cross_gate_connectingPort1,23.cross_gate_connectingPort1/MassSpecData-02115-20261006-204532.csv,11.958016666666667
2026-10-06 20:45:39.091,6.8484e-11,Torr,23.cross_gate_connectingPort1,23.cross_gate_connectingPort1/MassSpecData-02115-20261006-204532.csv,11.961483333333332
2026-10-06 20:45:39.299,8.6164e-11,Torr,23.cross_gate_connectingPort1,23.cross_gate_connectingPort1/MassSpecData-02115-20261006-204532.csv,11.96495
2026-10-06 20:45:39.508,6.8224e-11,Torr,23.cross_gate_connectingPort1,23.cross_gate_connectingPort1/MassSpecData-02115-20261006-204532.csv,11.968433333333333
2026-10-06 20:45:39.716,9.1161e-11,Torr,23.cross_gate_connectingPort1,23.cross_gate_connectingPort1/MassSpecData-02115-20261006-204532.csv,11.9719
2026-10-06 20:45:39.924,9.1377e-11,Torr,23.cross_gate_connectingPort1,23.cross_gate_connectingPort1/MassSpecData-02115-20261006-204532.csv,11.975366666666668
2026-10-06 20:45:40.133,8.3159e-11,Torr,23.cross_gate_connectingPort1,23.cross_gate_connectingPort1/MassSpecData-02115-20261006-204532.csv,11.97885
2026-10-06 20:45:40.341,7.9534e-11,Torr,23.cross_gate_connectingPort1,23.cross_gate_connectingPort1/MassSpecData-02115-20261006-204532.csv,11.982316666666666
2026-10-06 20:45:40.549,1.0975e-10,Torr,23.cross_gate_connectingPort1,23.cross_gate_connectingPort1/MassSpecData-02115-20261006-204532.csv,11.985783333333334
2026-10-06 20:45:40.758,7.6689e-11,Torr,23.cross_gate_connectingPort1,23.cross_gate_connectingPort1/MassSpecData-02115-20261006-204532.csv,11.989266666666667
2026-10-06 20:45:40.966,9.017e-11,Torr,23.cross_gate_connectingPort1,23.cross_gate_connectingPort1/MassSpecData-02115-20261006-204532.csv,11.992733333333332
2026-10-06 20:45:41.175,8.5063e-11,Torr,23.cross_gate_connectingPort1,23.cross_gate_connectingPort1/MassSpecData-02115-20261006-204532.csv,11.996216666666667
2026-10-06 20:45:41.383,8.1787e-11,Torr,23.cross_gate_connectingPort1,23.cross_gate_connectingPort1/MassSpecData-02115-20261006-204532.csv,11.999683333333333
2026-10-06 20:45:41.591,7.8879e-11,Torr,23.cross_gate_connectingPort1,23.cross_gate_connectingPort1/MassSpecData-02115-20261006-204532.csv,12.00315
2026-10-06 20:45:41.800,9.2806e-11,Torr,23.cross_gate_connectingPort1,23.cross_gate_connectingPort1/MassSpecData-02115-20261006-204532.csv,12.006633333333333
2026-10-06 20:45:42.008,7.8135e-11,Torr,23.cross_gate_connectingPort1,23.cross_gate_connectingPort1/MassSpecData-02115-20261006-204532.csv,12.0101
2026-10-06 20:45:42.216,8.3063e-11,Torr,23.cross_gate_connectingPort1,23.cross_gate_connectingPort1/MassSpecData-02115-20261006-204532.csv,12.013566666666666
2026-10-06 20:45:42.425,9.0238e-11,Torr,23.cross_gate_connectingPort1,23.cross_gate_connectingPort1/MassSpecData-02115-20261006-204532.csv,12.017050000000001
2026-10-06 20:45:42.633,7.9354e-11,Torr,23.cross_gate_connectingPort1,23.cross_gate_connectingPort1/MassSpecData-02115-20261006-204532.csv,12.020516666666667
2026-10-06 20:45:42.841,6.9888e-11,Torr,23.cross_gate_connectingPort1,23.cross_gate_connectingPort1/MassSpecData-02115-20261006-204532.csv,12.023983333333332
2026-10-06 20:45:43.050,7.9632e-11,Torr,23.cross_gate_connectingPort1,23.cross_gate_connectingPort1/MassSpecData-02115-20261006-204532.csv,12.027466666666667
2026-10-06 20:45:43.258,9.2886e-11,Torr,23.cross_gate_connectingPort1,23.cross_gate_connectingPort1/MassSpecData-02115-20261006-204532.csv,12.030933333333333
2026-10-06 20:45:43.466,6.8674e-11,Torr,23.cross_gate_connectingPort1,23.cross_gate_connectingPort1/MassSpecData-02115-20261006-204532.csv,12.0344
2026-10-06 20:45:43.675,7.6771e-11,Torr,23.cross_gate_connectingPort1,23.cross_gate_connectingPort1/MassSpecData-02115-20261006-204532.csv,12.037883333333333
2026-10-06 20:45:43.883,7.6121e-11,Torr,23.cross_gate_connectingPort1,23.cross_gate_connectingPort1/MassSpecData-02115-20261006-204532.csv,12.04135
2026-10-06 20:45:44.091,8.1593e-11,Torr,23.cross_gate_connectingPort1,23.cross_gate_connectingPort1/MassSpecData-02115-20261006-204532.csv,12.044816666666666
2026-10-06 20:45:44.300,7.8689e-11,Torr,23.cross_gate_connectingPort1,23.cross_gate_connectingPort1/MassSpecData-02115-20261006-204532.csv,12.048300000000001
2026-10-06 20:45:44.508,7.9146e-11,Torr,23.cross_gate_connectingPort1,23.cross_gate_connectingPort1/MassSpecData-02115-20261006-204532.csv,12.051766666666667
2026-10-06 20:45:44.716,8.3685e-11,Torr,23.cross_gate_connectingPort1,23.cross_gate_connectingPort1/MassSpecData-02115-20261006-204532.csv,12.055233333333332
2026-10-06 20:45:44.925,8.0576e-11,Torr,23.cross_gate_connectingPort1,23.cross_gate_connectingPort1/MassSpecData-02115-20261006-204532.csv,12.058716666666667
2026-10-06 20:45:45.133,9.8496e-11,Torr,23.cross_gate_connectingPort1,23.cross_gate_connectingPort1/MassSpecData-02115-20261006-204532.csv,12.062183333333333
2026-10-06 20:45:45.341,8.0592e-11,Torr,23.cross_gate_connectingPort1,23.cross_gate_connectingPort1/MassSpecData-02115-20261006-204532.csv,12.06565
2026-10-06 20:45:45.550,7.8051e-11,Torr,23.cross_gate_connectingPort1,23.cross_gate_connectingPort1/MassSpecData-02115-20261006-204532.csv,12.069133333333333
2026-10-06 20:45:45.758,6.647e-11,Torr,23.cross_gate_connectingPort1,23.cross_gate_connectingPort1/MassSpecData-02115-20261006-204532.csv,12.0726
2026-10-06 20:45:45.966,9.6319e-11,Torr,23.cross_gate_connectingPort1,23.cross_gate_connectingPort1/MassSpecData-02115-20261006-204532.csv,12.076066666666666
2026-10-06 20:45:46.175,9.0528e-11,Torr,23.cross_gate_connectingPort1,23.cross_gate_connectingPort1/MassSpecData-02115-20261006-204532.csv,12.079550000000001
2026-10-06 20:45:46.383,6.7616e-11,Torr,23.cross_gate_connectingPort1,23.cross_gate_connectingPort1/MassSpecData-02115-20261006-204532.csv,12.083016666666667
2026-10-06 20:45:46.591,8.8687e-11,Torr,23.cross_gate_connectingPort1,23.cross_gate_connectingPort1/MassSpecData-02115-20261006-204532.csv,12.086483333333332
2026-10-06 20:45:46.800,8.1119e-11,Torr,23.cross_gate_connectingPort1,23.cross_gate_connectingPort1/MassSpecData-02115-20261006-204532.csv,12.089966666666667
2026-10-06 20:45:47.008,7.6534e-11,Torr,23.cross_gate_connectingPort1,23.cross_gate_connectingPort1/MassSpecData-02115-20261006-204532.csv,12.093433333333333
2026-10-06 20:45:47.216,7.9724e-11,Torr,23.cross_gate_connectingPort1,23.cross_gate_connectingPort1/MassSpecData-02115-20261006-204532.csv,12.0969
2026-10-06 20:45:47.425,9.3874e-11,Torr,23.cross_gate_connectingPort1,23.cross_gate_connectingPort1/MassSpecData-02115-20261006-204532.csv,12.100383333333333
2026-10-06 20:45:47.633,7.3024e-11,Torr,23.cross_gate_connectingPort1,23.cross_gate_connectingPort1/MassSpecData-02115-20261006-204532.csv,12.10385
2026-10-06 20:45:47.841,8.5223e-11,Torr,23.cross_gate_connectingPort1,23.cross_gate_connectingPort1/MassSpecData-02115-20261006-204532.csv,12.107316666666666
2026-10-06 20:45:48.050,9.2874e-11,Torr,23.cross_gate_connectingPort1,23.cross_gate_connectingPort1/MassSpecData-02115-20261006-204532.csv,12.110800000000001
2026-10-06 20:45:48.258,6.6806e-11,Torr,23.cross_gate_connectingPort1,23.cross_gate_connectingPort1/MassSpecData-02115-20261006-204532.csv,12.114266666666667
2026-10-06 20:45:48.466,8.1992e-11,Torr,23.cross_gate_connectingPort1,23.cross_gate_connectingPort1/MassSpecData-02115-20261006-204532.csv,12.117733333333332
2026-10-06 20:45:48.675,7.5942e-11,Torr,23.cross_gate_connectingPort1,23.cross_gate_connectingPort1/MassSpecData-02115-20261006-204532.csv,12.121216666666667
2026-10-06 20:45:48.883,7.3731e-11,Torr,23.cross_gate_connectingPort1,23.cross_gate_connectingPort1/MassSpecData-02115-20261006-204532.csv,12.124683333333333
2026-10-06 20:45:49.091,8.3695e-11,Torr,23.cross_gate_connectingPort1,23.cross_gate_connectingPort1/MassSpecData-02115-20261006-204532.csv,12.12815
2026-10-06 20:45:49.300,7.887e-11,Torr,23.cross_gate_connectingPort1,23.cross_gate_connectingPort1/MassSpecData-02115-20261006-204532.csv,12.131633333333333
2026-10-06 20:45:49.508,8.2177e-11,Torr,23.cross_gate_connectingPort1,23.cross_gate_connectingPort1/MassSpecData-02115-20261006-204532.csv,12.1351
2026-10-06 20:45:49.716,7.7088e-11,Torr,23.cross_gate_connectingPort1,23.cross_gate_connectingPort1/MassSpecData-02115-20261006-204532.csv,12.138566666666666
2026-10-06 20:45:49.925,7.6328e-11,Torr,23.cross_gate_connectingPort1,23.cross_gate_connectingPort1/MassSpecData-02115-20261006-204532.csv,12.142050000000001
2026-10-06 20:45:50.133,7.6372e-11,Torr,23.cross_gate_connectingPort1,23.cross_gate_connectingPort1/MassSpecData-02115-20261006-204532.csv,12.145516666666667
2026-10-06 20:45:50.341,7.6444e-11,Torr,23.cross_gate_connectingPort1,23.cross_gate_connectingPort1/MassSpecData-02115-20261006-204532.csv,12.148983333333332
2026-10-06 20:45:50.550,7.8605e-11,Torr,23.cross_gate_connectingPort1,23.cross_gate_connectingPort1/MassSpecData-02115-20261006-204532.csv,12.152466666666667
2026-10-06 20:45:50.758,8.0627e-11,Torr,23.cross_gate_connectingPort1,23.cross_gate_connectingPort1/MassSpecData-02115-20261006-204532.csv,12.155933333333333
2026-10-06 20:45:50.966,7.7426e-11,Torr,23.cross_gate_connectingPort1,23.cross_gate_connectingPort1/MassSpecData-02115-20261006-204532.csv,12.1594
2026-10-06 20:45:51.175,8.4812e-11,Torr,23.cross_gate_connectingPort1,23.cross_gate_connectingPort1/MassSpecData-02115-20261006-204532.csv,12.162883333333333
2026-10-06 20:45:51.383,7.318e-11,Torr,23.cross_gate_connectingPort1,23.cross_gate_connectingPort1/MassSpecData-02115-20261006-204532.csv,12.16635
2026-10-06 20:45:51.591,7.2972e-11,Torr,23.cross_gate_connectingPort1,23.cross_gate_connectingPort1/MassSpecData-02115-20261006-204532.csv,12.169816666666666
2026-10-06 20:45:51.799,7.3401e-11,Torr,23.cross_gate_connectingPort1,23.cross_gate_connectingPort1/MassSpecData-02115-20261006-204532.csv,12.173283333333334
2026-10-06 20:45:52.008,6.8193e-11,Torr,23.cross_gate_connectingPort1,23.cross_gate_connectingPort1/MassSpecData-02115-20261006-204532.csv,12.176766666666667
2026-10-06 20:45:52.216,7.7284e-11,Torr,23.cross_gate_connectingPort1,23.cross_gate_connectingPort1/MassSpecData-02115-20261006-204532.csv,12.180233333333332
2026-10-06 20:45:52.424,7.2034e-11,Torr,23.cross_gate_connectingPort1,23.cross_gate_connectingPort1/MassSpecData-02115-20261006-204532.csv,12.1837
2026-10-06 20:45:52.633,8.355e-11,Torr,23.cross_gate_connectingPort1,23.cross_gate_connectingPort1/MassSpecData-02115-20261006-204532.csv,12.187183333333333
2026-10-06 20:45:52.841,8.5196e-11,Torr,23.cross_gate_connectingPort1,23.cross_gate_connectingPort1/MassSpecData-02115-20261006-204532.csv,12.19065
2026-10-06 20:45:53.049,7.2984e-11,Torr,23.cross_gate_connectingPort1,23.cross_gate_connectingPort1/MassSpecData-02115-20261006-204532.csv,12.194116666666668
2026-10-06 20:45:53.258,9.6537e-11,Torr,23.cross_gate_connectingPort1,23.cross_gate_connectingPort1/MassSpecData-02115-20261006-204532.csv,12.1976
2026-10-06 20:45:53.466,7.7316e-11,Torr,23.cross_gate_connectingPort1,23.cross_gate_connectingPort1/MassSpecData-02115-20261006-204532.csv,12.201066666666666
2026-10-06 20:45:53.674,7.5929e-11,Torr,23.cross_gate_connectingPort1,23.cross_gate_connectingPort1/MassSpecData-02115-20261006-204532.csv,12.204533333333334
2026-10-06 20:45:53.883,7.1227e-11,Torr,23.cross_gate_connectingPort1,23.cross_gate_connectingPort1/MassSpecData-02115-20261006-204532.csv,12.208016666666667
2026-10-06 20:45:54.091,7.5068e-11,Torr,23.cross_gate_connectingPort1,23.cross_gate_connectingPort1/MassSpecData-02115-20261006-204532.csv,12.211483333333332
2026-10-06 20:45:54.299,8.0657e-11,Torr,23.cross_gate_connectingPort1,23.cross_gate_connectingPort1/MassSpecData-02115-20261006-204532.csv,12.21495
2026-10-06 20:45:54.508,8.7039e-11,Torr,23.cross_gate_connectingPort1,23.cross_gate_connectingPort1/MassSpecData-02115-20261006-204532.csv,12.218433333333333
2026-10-06 20:45:54.716,7.942e-11,Torr,23.cross_gate_connectingPort1,23.cross_gate_connectingPort1/MassSpecData-02115-20261006-204532.csv,12.2219
2026-10-06 20:45:54.924,6.8737e-11,Torr,23.cross_gate_connectingPort1,23.cross_gate_connectingPort1/MassSpecData-02115-20261006-204532.csv,12.225366666666668
2026-10-06 20:45:55.133,1.0893e-10,Torr,23.cross_gate_connectingPort1,23.cross_gate_connectingPort1/MassSpecData-02115-20261006-204532.csv,12.22885
2026-10-06 20:45:55.341,7.5996e-11,Torr,23.cross_gate_connectingPort1,23.cross_gate_connectingPort1/MassSpecData-02115-20261006-204532.csv,12.232316666666666
2026-10-06 20:45:55.549,8.1749e-11,Torr,23.cross_gate_connectingPort1,23.cross_gate_connectingPort1/MassSpecData-02115-20261006-204532.csv,12.235783333333334
2026-10-06 20:45:55.758,8.3185e-11,Torr,23.cross_gate_connectingPort1,23.cross_gate_connectingPort1/MassSpecData-02115-20261006-204532.csv,12.239266666666667
2026-10-06 20:45:55.966,9.9709e-11,Torr,23.cross_gate_connectingPort1,23.cross_gate_connectingPort1/MassSpecData-02115-20261006-204532.csv,12.242733333333332
2026-10-06 20:45:56.174,8.5778e-11,Torr,23.cross_gate_connectingPort1,23.cross_gate_connectingPort1/MassSpecData-02115-20261006-204532.csv,12.2462
2026-10-06 20:45:56.383,8.1426e-11,Torr,23.cross_gate_connectingPort1,23.cross_gate_connectingPort1/MassSpecData-02115-20261006-204532.csv,12.249683333333333
2026-10-06 20:45:56.591,8.3155e-11,Torr,23.cross_gate_connectingPort1,23.cross_gate_connectingPort1/MassSpecData-02115-20261006-204532.csv,12.25315
2026-10-06 20:45:56.799,7.8757e-11,Torr,23.cross_gate_connectingPort1,23.cross_gate_connectingPort1/MassSpecData-02115-20261006-204532.csv,12.256616666666668
2026-10-06 20:45:57.008,7.9354e-11,Torr,23.cross_gate_connectingPort1,23.cross_gate_connectingPort1/MassSpecData-02115-20261006-204532.csv,12.2601
2026-10-06 20:45:57.216,8.4287e-11,Torr,23.cross_gate_connectingPort1,23.cross_gate_connectingPort1/MassSpecData-02115-20261006-204532.csv,12.263566666666666
2026-10-06 20:45:57.424,7.1865e-11,Torr,23.cross_gate_connectingPort1,23.cross_gate_connectingPort1/MassSpecData-02115-20261006-204532.csv,12.267033333333334
2026-10-06 20:45:57.633,9.119e-11,Torr,23.cross_gate_connectingPort1,23.cross_gate_connectingPort1/MassSpecData-02115-20261006-204532.csv,12.270516666666667
2026-10-06 20:45:57.841,8.2805e-11,Torr,23.cross_gate_connectingPort1,23.cross_gate_connectingPort1/MassSpecData-02115-20261006-204532.csv,12.273983333333332
2026-10-06 20:45:58.049,8.942e-11,Torr,23.cross_gate_connectingPort1,23.cross_gate_connectingPort1/MassSpecData-02115-20261006-204532.csv,12.27745
2026-10-06 20:45:58.258,7.4691e-11,Torr,23.cross_gate_connectingPort1,23.cross_gate_connectingPort1/MassSpecData-02115-20261006-204532.csv,12.280933333333333
2026-10-06 20:45:58.466,8.4434e-11,Torr,23.cross_gate_connectingPort1,23.cross_gate_connectingPort1/MassSpecData-02115-20261006-204532.csv,12.2844
2026-10-06 20:45:58.674,8.703e-11,Torr,23.cross_gate_connectingPort1,23.cross_gate_connectingPort1/MassSpecData-02115-20261006-204532.csv,12.287866666666668
2026-10-06 20:45:58.883,8.5715e-11,Torr,23.cross_gate_connectingPort1,23.cross_gate_connectingPort1/MassSpecData-02115-20261006-204532.csv,12.29135
2026-10-06 20:45:59.091,9.4387e-11,Torr,23.cross_gate_connectingPort1,23.cross_gate_connectingPort1/MassSpecData-02115-20261006-204532.csv,12.294816666666666
2026-10-06 20:45:59.299,8.246e-11,Torr,23.cross_gate_connectingPort1,23.cross_gate_connectingPort1/MassSpecData-02115-20261006-204532.csv,12.298283333333334
2026-10-06 20:45:59.508,7.8569e-11,Torr,23.cross_gate_connectingPort1,23.cross_gate_connectingPort1/MassSpecData-02115-20261006-204532.csv,12.301766666666667
2026-10-06 20:45:59.716,6.8903e-11,Torr,23.cross_gate_connectingPort1,23.cross_gate_connectingPort1/MassSpecData-02115-20261006-204532.csv,12.305233333333332
2026-10-06 20:45:59.924,7.0055e-11,Torr,23.cross_gate_connectingPort1,23.cross_gate_connectingPort1/MassSpecData-02115-20261006-204532.csv,12.3087
2026-10-06 20:46:00.133,7.6085e-11,Torr,23.cross_gate_connectingPort1,23.cross_gate_connectingPort1/MassSpecData-02115-20261006-204532.csv,12.312183333333333
2026-10-06 20:46:00.341,7.5143e-11,Torr,23.cross_gate_connectingPort1,23.cross_gate_connectingPort1/MassSpecData-02115-20261006-204532.csv,12.31565
2026-10-06 20:46:00.549,7.3756e-11,Torr,23.cross_gate_connectingPort1,23.cross_gate_connectingPort1/MassSpecData-02115-20261006-204532.csv,12.319116666666668
2026-10-06 20:46:00.758,8.451e-11,Torr,23.cross_gate_connectingPort1,23.cross_gate_connectingPort1/MassSpecData-02115-20261006-204532.csv,12.3226
2026-10-06 20:46:00.966,8.5204e-11,Torr,23.cross_gate_connectingPort1,23.cross_gate_connectingPort1/MassSpecData-02115-20261006-204532.csv,12.326066666666666
2026-10-06 20:46:01.174,8.6835e-11,Torr,23.cross_gate_connectingPort1,23.cross_gate_connectingPort1/MassSpecData-02115-20261006-204532.csv,12.329533333333334
2026-10-06 20:46:01.383,9.0743e-11,Torr,23.cross_gate_connectingPort1,23.cross_gate_connectingPort1/MassSpecData-02115-20261006-204532.csv,12.333016666666667
2026-10-06 20:46:01.591,7.9174e-11,Torr,23.cross_gate_connectingPort1,23.cross_gate_connectingPort1/MassSpecData-02115-20261006-204532.csv,12.336483333333332
2026-10-06 20:46:01.799,8.3836e-11,Torr,23.cross_gate_connectingPort1,23.cross_gate_connectingPort1/MassSpecData-02115-20261006-204532.csv,12.33995
2026-10-06 20:46:02.008,8.5071e-11,Torr,23.cross_gate_connectingPort1,23.cross_gate_connectingPort1/MassSpecData-02115-20261006-204532.csv,12.343433333333333
2026-10-06 20:46:02.216,9.2101e-11,Torr,23.cross_gate_connectingPort1,23.cross_gate_connectingPort1/MassSpecData-02115-20261006-204532.csv,12.3469
2026-10-06 20:46:02.424,6.8596e-11,Torr,23.cross_gate_connectingPort1,23.cross_gate_connectingPort1/MassSpecData-02115-20261006-204532.csv,12.350366666666668
2026-10-06 20:46:02.633,9.5205e-11,Torr,23.cross_gate_connectingPort1,23.cross_gate_connectingPort1/MassSpecData-02115-20261006-204532.csv,12.35385
2026-10-06 20:46:02.841,7.634e-11,Torr,23.cross_gate_connectingPort1,23.cross_gate_connectingPort1/MassSpecData-02115-20261006-204532.csv,12.357316666666666
2026-10-06 20:46:03.049,8.4534e-11,Torr,23.cross_gate_connectingPort1,23.cross_gate_connectingPort1/MassSpecData-02115-20261006-204532.csv,12.360783333333334
2026-10-06 20:46:03.258,8.9311e-11,Torr,23.cross_gate_connectingPort1,23.cross_gate_connectingPort1/MassSpecData-02115-20261006-204532.csv,12.364266666666667
2026-10-06 20:46:03.466,8.985e-11,Torr,23.cross_gate_connectingPort1,23.cross_gate_connectingPort1/MassSpecData-02115-20261006-204532.csv,12.367733333333332
2026-10-06 20:46:03.674,7.6805e-11,Torr,23.cross_gate_connectingPort1,23.cross_gate_connectingPort1/MassSpecData-02115-20261006-204532.csv,12.3712
2026-10-06 20:46:03.883,9.0265e-11,Torr,23.cross_gate_connectingPort1,23.cross_gate_connectingPort1/MassSpecData-02115-20261006-204532.csv,12.374683333333333
2026-10-06 20:46:04.091,7.7047e-11,Torr,23.cross_gate_connectingPort1,23.cross_gate_connectingPort1/MassSpecData-02115-20261006-204532.csv,12.37815
2026-10-06 20:46:04.299,8.2471e-11,Torr,23.cross_gate_connectingPort1,23.cross_gate_connectingPort1/MassSpecData-02115-20261006-204532.csv,12.381616666666668
2026-10-06 20:46:04.508,9.6074e-11,Torr,23.cross_gate_connectingPort1,23.cross_gate_connectingPort1/MassSpecData-02115-20261006-204532.csv,12.3851
2026-10-06 20:46:04.716,8.6335e-11,Torr,23.cross_gate_connectingPort1,23.cross_gate_connectingPort1/MassSpecData-02115-20261006-204532.csv,12.388566666666666
2026-10-06 20:46:04.924,7.7759e-11,Torr,23.cross_gate_connectingPort1,23.cross_gate_connectingPort1/MassSpecData-02115-20261006-204532.csv,12.392033333333334
2026-10-06 20:46:05.133,7.2748e-11,Torr,23.cross_gate_connectingPort1,23.cross_gate_connectingPort1/MassSpecData-02115-20261006-204532.csv,12.395516666666667
2026-10-06 20:46:05.341,7.3953e-11,Torr,23.cross_gate_connectingPort1,23.cross_gate_connectingPort1/MassSpecData-02115-20261006-204532.csv,12.398983333333332
2026-10-06 20:46:05.549,8.7776e-11,Torr,23.cross_gate_connectingPort1,23.cross_gate_connectingPort1/MassSpecData-02115-20261006-204532.csv,12.40245
2026-10-06 20:46:05.758,8.6771e-11,Torr,23.cross_gate_connectingPort1,23.cross_gate_connectingPort1/MassSpecData-02115-20261006-204532.csv,12.405933333333333
2026-10-06 20:46:05.966,8.3813e-11,Torr,23.cross_gate_connectingPort1,23.cross_gate_connectingPort1/MassSpecData-02115-20261006-204532.csv,12.4094
2026-10-06 20:46:06.174,8.3075e-11,Torr,23.cross_gate_connectingPort1,23.cross_gate_connectingPort1/MassSpecData-02115-20261006-204532.csv,12.412866666666668
2026-10-06 20:46:06.383,8.2457e-11,Torr,23.cross_gate_connectingPort1,23.cross_gate_connectingPort1/MassSpecData-02115-20261006-204532.csv,12.41635
2026-10-06 20:46:06.591,8.2968e-11,Torr,23.cross_gate_connectingPort1,23.cross_gate_connectingPort1/MassSpecData-02115-20261006-204532.csv,12.419816666666666
2026-10-06 20:46:06.799,8.3624e-11,Torr,23.cross_gate_connectingPort1,23.cross_gate_connectingPort1/MassSpecData-02115-20261006-204532.csv,12.423283333333334
2026-10-06 20:46:07.008,7.409e-11,Torr,23.cross_gate_connectingPort1,23.cross_gate_connectingPort1/MassSpecData-02115-20261006-204532.csv,12.426766666666667
2026-10-06 20:46:07.216,8.1629e-11,Torr,23.cross_gate_connectingPort1,23.cross_gate_connectingPort1/MassSpecData-02115-20261006-204532.csv,12.430233333333332
2026-10-06 20:46:07.424,8.6176e-11,Torr,23.cross_gate_connectingPort1,23.cross_gate_connectingPort1/MassSpecData-02115-20261006-204532.csv,12.4337
2026-10-06 20:46:07.633,8.2574e-11,Torr,23.cross_gate_connectingPort1,23.cross_gate_connectingPort1/MassSpecData-02115-20261006-204532.csv,12.437183333333333
2026-10-06 20:46:07.841,7.6045e-11,Torr,23.cross_gate_connectingPort1,23.cross_gate_connectingPort1/MassSpecData-02115-20261006-204532.csv,12.44065
2026-10-06 20:46:08.049,9.1377e-11,Torr,23.cross_gate_connectingPort1,23.cross_gate_connectingPort1/MassSpecData-02115-20261006-204532.csv,12.444116666666668
2026-10-06 20:46:08.258,8.5936e-11,Torr,23.cross_gate_connectingPort1,23.cross_gate_connectingPort1/MassSpecData-02115-20261006-204532.csv,12.4476
2026-10-06 20:46:08.466,8.2682e-11,Torr,23.cross_gate_connectingPort1,23.cross_gate_connectingPort1/MassSpecData-02115-20261006-204532.csv,12.451066666666666
2026-10-06 20:46:08.674,7.673e-11,Torr,23.cross_gate_connectingPort1,23.cross_gate_connectingPort1/MassSpecData-02115-20261006-204532.csv,12.454533333333334
2026-10-06 20:46:08.883,6.9519e-11,Torr,23.cross_gate_connectingPort1,23.cross_gate_connectingPort1/MassSpecData-02115-20261006-204532.csv,12.458016666666667
2026-10-06 20:46:09.091,8.6499e-11,Torr,23.cross_gate_connectingPort1,23.cross_gate_connectingPort1/MassSpecData-02115-20261006-204532.csv,12.461483333333332
2026-10-06 20:46:09.299,6.9289e-11,Torr,23.cross_gate_connectingPort1,23.cross_gate_connectingPort1/MassSpecData-02115-20261006-204532.csv,12.46495
2026-10-06 20:46:09.508,9.292e-11,Torr,23.cross_gate_connectingPort1,23.cross_gate_connectingPort1/MassSpecData-02115-20261006-204532.csv,12.468433333333333
2026-10-06 20:46:09.716,6.3363e-11,Torr,23.cross_gate_connectingPort1,23.cross_gate_connectingPort1/MassSpecData-02115-20261006-204532.csv,12.4719
2026-10-06 20:46:09.925,6.534e-11,Torr,23.cross_gate_connectingPort1,23.cross_gate_connectingPort1/MassSpecData-02115-20261006-204532.csv,12.475383333333333
2026-10-06 20:46:10.133,8.7717e-11,Torr,23.cross_gate_connectingPort1,23.cross_gate_connectingPort1/MassSpecData-02115-20261006-204532.csv,12.47885
2026-10-06 20:46:10.341,8.7645e-11,Torr,23.cross_gate_connectingPort1,23.cross_gate_connectingPort1/MassSpecData-02115-20261006-204532.csv,12.482316666666666
2026-10-06 20:46:10.550,7.7629e-11,Torr,23.cross_gate_connectingPort1,23.cross_gate_connectingPort1/MassSpecData-02115-20261006-204532.csv,12.485800000000001
2026-10-06 20:46:10.758,7.9664e-11,Torr,23.cross_gate_connectingPort1,23.cross_gate_connectingPort1/MassSpecData-02115-20261006-204532.csv,12.489266666666667
2026-10-06 20:46:10.966,8.0282e-11,Torr,23.cross_gate_connectingPort1,23.cross_gate_connectingPort1/MassSpecData-02115-20261006-204532.csv,12.492733333333332
2026-10-06 20:46:11.175,7.2618e-11,Torr,23.cross_gate_connectingPort1,23.cross_gate_connectingPort1/MassSpecData-02115-20261006-204532.csv,12.496216666666667
2026-10-06 20:46:11.383,7.4786e-11,Torr,23.cross_gate_connectingPort1,23.cross_gate_connectingPort1/MassSpecData-02115-20261006-204532.csv,12.499683333333333
2026-10-06 20:46:11.591,8.4734e-11,Torr,23.cross_gate_connectingPort1,23.cross_gate_connectingPort1/MassSpecData-02115-20261006-204532.csv,12.50315
2026-10-06 20:46:11.800,8.854e-11,Torr,23.cross_gate_connectingPort1,23.cross_gate_connectingPort1/MassSpecData-02115-20261006-204532.csv,12.506633333333333
2026-10-06 20:46:12.008,7.9084e-11,Torr,23.cross_gate_connectingPort1,23.cross_gate_connectingPort1/MassSpecData-02115-20261006-204532.csv,12.5101
2026-10-06 20:46:12.216,7.7627e-11,Torr,23.cross_gate_connectingPort1,23.cross_gate_connectingPort1/MassSpecData-02115-20261006-204532.csv,12.513566666666666
2026-10-06 20:46:12.425,7.9085e-11,Torr,23.cross_gate_connectingPort1,23.cross_gate_connectingPort1/MassSpecData-02115-20261006-204532.csv,12.517050000000001
2026-10-06 20:46:12.633,8.547e-11,Torr,23.cross_gate_connectingPort1,23.cross_gate_connectingPort1/MassSpecData-02115-20261006-204532.csv,12.520516666666667
2026-10-06 20:46:12.841,9.4733e-11,Torr,23.cross_gate_connectingPort1,23.cross_gate_connectingPort1/MassSpecData-02115-20261006-204532.csv,12.523983333333332
2026-10-06 20:46:13.050,8.3999e-11,Torr,23.cross_gate_connectingPort1,23.cross_gate_connectingPort1/MassSpecData-02115-20261006-204532.csv,12.527466666666667
2026-10-06 20:46:13.258,9.2855e-11,Torr,23.cross_gate_connectingPort1,23.cross_gate_connectingPort1/MassSpecData-02115-20261006-204532.csv,12.530933333333333
2026-10-06 20:46:13.466,8.4269e-11,Torr,23.cross_gate_connectingPort1,23.cross_gate_connectingPort1/MassSpecData-02115-20261006-204532.csv,12.5344
2026-10-06 20:46:13.815,7.3939e-11,Torr,23.cross_gate_connectingPort1,23.cross_gate_connectingPort1/MassSpecData-02115-20261006-204613.csv,12.540216666666668
2026-10-06 20:46:14.023,7.8427e-11,Torr,23.cross_gate_connectingPort1,23.cross_gate_connectingPort1/MassSpecData-02115-20261006-204613.csv,12.543683333333332
2026-10-06 20:46:14.232,8.0834e-11,Torr,23.cross_gate_connectingPort1,23.cross_gate_connectingPort1/MassSpecData-02115-20261006-204613.csv,12.547166666666667
2026-10-06 20:46:14.440,7.5517e-11,Torr,23.cross_gate_connectingPort1,23.cross_gate_connectingPort1/MassSpecData-02115-20261006-204613.csv,12.550633333333334
2026-10-06 20:46:14.648,6.9047e-11,Torr,23.cross_gate_connectingPort1,23.cross_gate_connectingPort1/MassSpecData-02115-20261006-204613.csv,12.5541
2026-10-06 20:46:14.857,7.9752e-11,Torr,23.cross_gate_connectingPort1,23.cross_gate_connectingPort1/MassSpecData-02115-20261006-204613.csv,12.557583333333334
2026-10-06 20:46:15.065,6.9044e-11,Torr,23.cross_gate_connectingPort1,23.cross_gate_connectingPort1/MassSpecData-02115-20261006-204613.csv,12.56105
2026-10-06 20:46:15.273,8.8002e-11,Torr,23.cross_gate_connectingPort1,23.cross_gate_connectingPort1/MassSpecData-02115-20261006-204613.csv,12.564516666666666
2026-10-06 20:46:15.481,9.1171e-11,Torr,23.cross_gate_connectingPort1,23.cross_gate_connectingPort1/MassSpecData-02115-20261006-204613.csv,12.567983333333332
2026-10-06 20:46:15.690,7.4986e-11,Torr,23.cross_gate_connectingPort1,23.cross_gate_connectingPort1/MassSpecData-02115-20261006-204613.csv,12.571466666666668
2026-10-06 20:46:15.898,8.8889e-11,Torr,23.cross_gate_connectingPort1,23.cross_gate_connectingPort1/MassSpecData-02115-20261006-204613.csv,12.574933333333332
2026-10-06 20:46:16.107,8.8761e-11,Torr,23.cross_gate_connectingPort1,23.cross_gate_connectingPort1/MassSpecData-02115-20261006-204613.csv,12.578416666666667
2026-10-06 20:46:16.315,7.8862e-11,Torr,23.cross_gate_connectingPort1,23.cross_gate_connectingPort1/MassSpecData-02115-20261006-204613.csv,12.581883333333334
2026-10-06 20:46:16.523,7.584e-11,Torr,23.cross_gate_connectingPort1,23.cross_gate_connectingPort1/MassSpecData-02115-20261006-204613.csv,12.58535
2026-10-06 20:46:16.732,8.7452e-11,Torr,23.cross_gate_connectingPort1,23.cross_gate_connectingPort1/MassSpecData-02115-20261006-204613.csv,12.588833333333334
2026-10-06 20:46:16.940,7.6105e-11,Torr,23.cross_gate_connectingPort1,23.cross_gate_connectingPort1/MassSpecData-02115-20261006-204613.csv,12.5923
2026-10-06 20:46:17.148,1.0053e-10,Torr,23.cross_gate_connectingPort1,23.cross_gate_connectingPort1/MassSpecData-02115-20261006-204613.csv,12.595766666666666
2026-10-06 20:46:17.357,8.4646e-11,Torr,23.cross_gate_connectingPort1,23.cross_gate_connectingPort1/MassSpecData-02115-20261006-204613.csv,12.599250000000001
2026-10-06 20:46:17.565,8.1449e-11,Torr,23.cross_gate_connectingPort1,23.cross_gate_connectingPort1/MassSpecData-02115-20261006-204613.csv,12.602716666666668
2026-10-06 20:46:17.773,9.0209e-11,Torr,23.cross_gate_connectingPort1,23.cross_gate_connectingPort1/MassSpecData-02115-20261006-204613.csv,12.606183333333332
2026-10-06 20:46:17.982,7.9485e-11,Torr,23.cross_gate_connectingPort1,23.cross_gate_connectingPort1/MassSpecData-02115-20261006-204613.csv,12.609666666666667
2026-10-06 20:46:18.190,9.6346e-11,Torr,23.cross_gate_connectingPort1,23.cross_gate_connectingPort1/MassSpecData-02115-20261006-204613.csv,12.613133333333334
2026-10-06 20:46:18.398,7.9043e-11,Torr,23.cross_gate_connectingPort1,23.cross_gate_connectingPort1/MassSpecData-02115-20261006-204613.csv,12.6166
2026-10-06 20:46:18.607,7.9436e-11,Torr,23.cross_gate_connectingPort1,23.cross_gate_connectingPort1/MassSpecData-02115-20261006-204613.csv,12.620083333333334
2026-10-06 20:46:18.815,7.8771e-11,Torr,23.cross_gate_connectingPort1,23.cross_gate_connectingPort1/MassSpecData-02115-20261006-204613.csv,12.62355
2026-10-06 20:46:19.023,8.7344e-11,Torr,23.cross_gate_connectingPort1,23.cross_gate_connectingPort1/MassSpecData-02115-20261006-204613.csv,12.627016666666666
2026-10-06 20:46:19.231,7.5327e-11,Torr,23.cross_gate_connectingPort1,23.cross_gate_connectingPort1/MassSpecData-02115-20261006-204613.csv,12.630483333333332
2026-10-06 20:46:19.440,8.3153e-11,Torr,23.cross_gate_connectingPort1,23.cross_gate_connectingPort1/MassSpecData-02115-20261006-204613.csv,12.633966666666668
2026-10-06 20:46:19.648,7.7109e-11,Torr,23.cross_gate_connectingPort1,23.cross_gate_connectingPort1/MassSpecData-02115-20261006-204613.csv,12.637433333333332
2026-10-06 20:46:19.856,7.8868e-11,Torr,23.cross_gate_connectingPort1,23.cross_gate_connectingPort1/MassSpecData-02115-20261006-204613.csv,12.640899999999998
2026-10-06 20:46:20.065,7.2751e-11,Torr,23.cross_gate_connectingPort1,23.cross_gate_connectingPort1/MassSpecData-02115-20261006-204613.csv,12.644383333333334
2026-10-06 20:46:20.273,7.5324e-11,Torr,23.cross_gate_connectingPort1,23.cross_gate_connectingPort1/MassSpecData-02115-20261006-204613.csv,12.64785
2026-10-06 20:46:20.481,7.8978e-11,Torr,23.cross_gate_connectingPort1,23.cross_gate_connectingPort1/MassSpecData-02115-20261006-204613.csv,12.651316666666666
2026-10-06 20:46:20.690,7.6724e-11,Torr,23.cross_gate_connectingPort1,23.cross_gate_connectingPort1/MassSpecData-02115-20261006-204613.csv,12.6548
2026-10-06 20:46:20.898,7.5098e-11,Torr,23.cross_gate_connectingPort1,23.cross_gate_connectingPort1/MassSpecData-02115-20261006-204613.csv,12.658266666666666
2026-10-06 20:46:21.106,7.858e-11,Torr,23.cross_gate_connectingPort1,23.cross_gate_connectingPort1/MassSpecData-02115-20261006-204613.csv,12.661733333333332
2026-10-06 20:46:21.315,6.97e-11,Torr,23.cross_gate_connectingPort1,23.cross_gate_connectingPort1/MassSpecData-02115-20261006-204613.csv,12.665216666666668
2026-10-06 20:46:21.523,8.6619e-11,Torr,23.cross_gate_connectingPort1,23.cross_gate_connectingPort1/MassSpecData-02115-20261006-204613.csv,12.668683333333332
2026-10-06 20:46:21.731,7.9687e-11,Torr,23.cross_gate_connectingPort1,23.cross_gate_connectingPort1/MassSpecData-02115-20261006-204613.csv,12.672149999999998
2026-10-06 20:46:21.940,8.4837e-11,Torr,23.cross_gate_connectingPort1,23.cross_gate_connectingPort1/MassSpecData-02115-20261006-204613.csv,12.675633333333334
2026-10-06 20:46:22.148,7.8489e-11,Torr,23.cross_gate_connectingPort1,23.cross_gate_connectingPort1/MassSpecData-02115-20261006-204613.csv,12.6791
2026-10-06 20:46:22.356,7.4356e-11,Torr,23.cross_gate_connectingPort1,23.cross_gate_connectingPort1/MassSpecData-02115-20261006-204613.csv,12.682566666666666
2026-10-06 20:46:22.565,8.062e-11,Torr,23.cross_gate_connectingPort1,23.cross_gate_connectingPort1/MassSpecData-02115-20261006-204613.csv,12.68605
2026-10-06 20:46:22.773,7.2765e-11,Torr,23.cross_gate_connectingPort1,23.cross_gate_connectingPort1/MassSpecData-02115-20261006-204613.csv,12.689516666666666
2026-10-06 20:46:22.982,7.8839e-11,Torr,23.cross_gate_connectingPort1,23.cross_gate_connectingPort1/MassSpecData-02115-20261006-204613.csv,12.693000000000001
2026-10-06 20:46:23.190,7.5503e-11,Torr,23.cross_gate_connectingPort1,23.cross_gate_connectingPort1/MassSpecData-02115-20261006-204613.csv,12.696466666666668
2026-10-06 20:46:23.398,7.8851e-11,Torr,23.cross_gate_connectingPort1,23.cross_gate_connectingPort1/MassSpecData-02115-20261006-204613.csv,12.699933333333332
2026-10-06 20:46:23.607,9.5089e-11,Torr,23.cross_gate_connectingPort1,23.cross_gate_connectingPort1/MassSpecData-02115-20261006-204613.csv,12.703416666666667
2026-10-06 20:46:23.815,7.9858e-11,Torr,23.cross_gate_connectingPort1,23.cross_gate_connectingPort1/MassSpecData-02115-20261006-204613.csv,12.706883333333334
2026-10-06 20:46:24.023,7.8397e-11,Torr,23.cross_gate_connectingPort1,23.cross_gate_connectingPort1/MassSpecData-02115-20261006-204613.csv,12.71035
2026-10-06 20:46:24.232,8.7748e-11,Torr,23.cross_gate_connectingPort1,23.cross_gate_connectingPort1/MassSpecData-02115-20261006-204613.csv,12.713833333333334
2026-10-06 20:46:24.440,8.1818e-11,Torr,23.cross_gate_connectingPort1,23.cross_gate_connectingPort1/MassSpecData-02115-20261006-204613.csv,12.7173
2026-10-06 20:46:24.648,7.1587e-11,Torr,23.cross_gate_connectingPort1,23.cross_gate_connectingPort1/MassSpecData-02115-20261006-204613.csv,12.720766666666666
2026-10-06 20:46:24.857,7.4158e-11,Torr,23.cross_gate_connectingPort1,23.cross_gate_connectingPort1/MassSpecData-02115-20261006-204613.csv,12.724250000000001
2026-10-06 20:46:25.065,8.1837e-11,Torr,23.cross_gate_connectingPort1,23.cross_gate_connectingPort1/MassSpecData-02115-20261006-204613.csv,12.727716666666668
2026-10-06 20:46:25.273,8.4868e-11,Torr,23.cross_gate_connectingPort1,23.cross_gate_connectingPort1/MassSpecData-02115-20261006-204613.csv,12.731183333333332
2026-10-06 20:46:25.482,9.1469e-11,Torr,23.cross_gate_connectingPort1,23.cross_gate_connectingPort1/MassSpecData-02115-20261006-204613.csv,12.734666666666667
2026-10-06 20:46:25.690,8.1309e-11,Torr,23.cross_gate_connectingPort1,23.cross_gate_connectingPort1/MassSpecData-02115-20261006-204613.csv,12.738133333333334
2026-10-06 20:46:25.898,7.723e-11,Torr,23.cross_gate_connectingPort1,23.cross_gate_connectingPort1/MassSpecData-02115-20261006-204613.csv,12.7416
2026-10-06 20:46:26.107,6.6813e-11,Torr,23.cross_gate_connectingPort1,23.cross_gate_connectingPort1/MassSpecData-02115-20261006-204613.csv,12.745083333333334
2026-10-06 20:46:26.315,8.4142e-11,Torr,23.cross_gate_connectingPort1,23.cross_gate_connectingPort1/MassSpecData-02115-20261006-204613.csv,12.74855
2026-10-06 20:46:26.523,8.381e-11,Torr,23.cross_gate_connectingPort1,23.cross_gate_connectingPort1/MassSpecData-02115-20261006-204613.csv,12.752016666666666
2026-10-06 20:46:26.732,8.5836e-11,Torr,23.cross_gate_connectingPort1,23.cross_gate_connectingPort1/MassSpecData-02115-20261006-204613.csv,12.755500000000001
2026-10-06 20:46:26.940,7.938e-11,Torr,23.cross_gate_connectingPort1,23.cross_gate_connectingPort1/MassSpecData-02115-20261006-204613.csv,12.758966666666668
2026-10-06 20:46:27.148,8.2432e-11,Torr,23.cross_gate_connectingPort1,23.cross_gate_connectingPort1/MassSpecData-02115-20261006-204613.csv,12.762433333333332
2026-10-06 20:46:27.357,8.2919e-11,Torr,23.cross_gate_connectingPort1,23.cross_gate_connectingPort1/MassSpecData-02115-20261006-204613.csv,12.765916666666667
2026-10-06 20:46:27.565,7.9236e-11,Torr,23.cross_gate_connectingPort1,23.cross_gate_connectingPort1/MassSpecData-02115-20261006-204613.csv,12.769383333333334
2026-10-06 20:46:27.773,6.6129e-11,Torr,23.cross_gate_connectingPort1,23.cross_gate_connectingPort1/MassSpecData-02115-20261006-204613.csv,12.77285
2026-10-06 20:46:27.982,7.7541e-11,Torr,23.cross_gate_connectingPort1,23.cross_gate_connectingPort1/MassSpecData-02115-20261006-204613.csv,12.776333333333334
2026-10-06 20:46:28.190,7.7781e-11,Torr,23.cross_gate_connectingPort1,23.cross_gate_connectingPort1/MassSpecData-02115-20261006-204613.csv,12.7798
2026-10-06 20:46:28.398,8.715e-11,Torr,23.cross_gate_connectingPort1,23.cross_gate_connectingPort1/MassSpecData-02115-20261006-204613.csv,12.783266666666666
2026-10-06 20:46:28.607,8.895e-11,Torr,23.cross_gate_connectingPort1,23.cross_gate_connectingPort1/MassSpecData-02115-20261006-204613.csv,12.786750000000001
2026-10-06 20:46:28.815,8.7146e-11,Torr,23.cross_gate_connectingPort1,23.cross_gate_connectingPort1/MassSpecData-02115-20261006-204613.csv,12.790216666666668
2026-10-06 20:46:29.023,7.9868e-11,Torr,23.cross_gate_connectingPort1,23.cross_gate_connectingPort1/MassSpecData-02115-20261006-204613.csv,12.793683333333332
2026-10-06 20:46:29.232,7.8758e-11,Torr,23.cross_gate_connectingPort1,23.cross_gate_connectingPort1/MassSpecData-02115-20261006-204613.csv,12.797166666666667
2026-10-06 20:46:29.440,7.3508e-11,Torr,23.cross_gate_connectingPort1,23.cross_gate_connectingPort1/MassSpecData-02115-20261006-204613.csv,12.800633333333334
2026-10-06 20:46:29.648,8.4658e-11,Torr,23.cross_gate_connectingPort1,23.cross_gate_connectingPort1/MassSpecData-02115-20261006-204613.csv,12.8041
2026-10-06 20:46:29.857,7.9831e-11,Torr,23.cross_gate_connectingPort1,23.cross_gate_connectingPort1/MassSpecData-02115-20261006-204613.csv,12.807583333333334
2026-10-06 20:46:30.065,8.4529e-11,Torr,23.cross_gate_connectingPort1,23.cross_gate_connectingPort1/MassSpecData-02115-20261006-204613.csv,12.81105
2026-10-06 20:46:30.273,8.2211e-11,Torr,23.cross_gate_connectingPort1,23.cross_gate_connectingPort1/MassSpecData-02115-20261006-204613.csv,12.814516666666666
2026-10-06 20:46:30.482,8.8981e-11,Torr,23.cross_gate_connectingPort1,23.cross_gate_connectingPort1/MassSpecData-02115-20261006-204613.csv,12.818000000000001
2026-10-06 20:46:30.690,8.5627e-11,Torr,23.cross_gate_connectingPort1,23.cross_gate_connectingPort1/MassSpecData-02115-20261006-204613.csv,12.821466666666668
2026-10-06 20:46:30.898,8.167e-11,Torr,23.cross_gate_connectingPort1,23.cross_gate_connectingPort1/MassSpecData-02115-20261006-204613.csv,12.824933333333332
2026-10-06 20:46:31.107,8.0086e-11,Torr,23.cross_gate_connectingPort1,23.cross_gate_connectingPort1/MassSpecData-02115-20261006-204613.csv,12.828416666666667
2026-10-06 20:46:31.315,7.705e-11,Torr,23.cross_gate_connectingPort1,23.cross_gate_connectingPort1/MassSpecData-02115-20261006-204613.csv,12.831883333333334
2026-10-06 20:46:31.523,8.6774e-11,Torr,23.cross_gate_connectingPort1,23.cross_gate_connectingPort1/MassSpecData-02115-20261006-204613.csv,12.83535
2026-10-06 20:46:31.732,8.0021e-11,Torr,23.cross_gate_connectingPort1,23.cross_gate_connectingPort1/MassSpecData-02115-20261006-204613.csv,12.838833333333334
2026-10-06 20:46:31.940,7.3585e-11,Torr,23.cross_gate_connectingPort1,23.cross_gate_connectingPort1/MassSpecData-02115-20261006-204613.csv,12.8423
2026-10-06 20:46:32.148,7.5754e-11,Torr,23.cross_gate_connectingPort1,23.cross_gate_connectingPort1/MassSpecData-02115-20261006-204613.csv,12.845766666666666
2026-10-06 20:46:32.357,8.1061e-11,Torr,23.cross_gate_connectingPort1,23.cross_gate_connectingPort1/MassSpecData-02115-20261006-204613.csv,12.849250000000001
2026-10-06 20:46:32.565,8.6102e-11,Torr,23.cross_gate_connectingPort1,23.cross_gate_connectingPort1/MassSpecData-02115-20261006-204613.csv,12.852716666666668
2026-10-06 20:46:32.773,7.8716e-11,Torr,23.cross_gate_connectingPort1,23.cross_gate_connectingPort1/MassSpecData-02115-20261006-204613.csv,12.856183333333332
2026-10-06 20:46:32.982,7.8423e-11,Torr,23.cross_gate_connectingPort1,23.cross_gate_connectingPort1/MassSpecData-02115-20261006-204613.csv,12.859666666666667
2026-10-06 20:46:33.190,9.0449e-11,Torr,23.cross_gate_connectingPort1,23.cross_gate_connectingPort1/MassSpecData-02115-20261006-204613.csv,12.863133333333334
2026-10-06 20:46:33.398,8.6519e-11,Torr,23.cross_gate_connectingPort1,23.cross_gate_connectingPort1/MassSpecData-02115-20261006-204613.csv,12.8666
2026-10-06 20:46:33.606,9.5535e-11,Torr,23.cross_gate_connectingPort1,23.cross_gate_connectingPort1/MassSpecData-02115-20261006-204613.csv,12.870066666666666
2026-10-06 20:46:33.815,8.0026e-11,Torr,23.cross_gate_connectingPort1,23.cross_gate_connectingPort1/MassSpecData-02115-20261006-204613.csv,12.87355
2026-10-06 20:46:34.023,8.1329e-11,Torr,23.cross_gate_connectingPort1,23.cross_gate_connectingPort1/MassSpecData-02115-20261006-204613.csv,12.877016666666666
2026-10-06 20:46:34.231,8.2954e-11,Torr,23.cross_gate_connectingPort1,23.cross_gate_connectingPort1/MassSpecData-02115-20261006-204613.csv,12.880483333333332
2026-10-06 20:46:34.440,7.348e-11,Torr,23.cross_gate_connectingPort1,23.cross_gate_connectingPort1/MassSpecData-02115-20261006-204613.csv,12.883966666666668
2026-10-06 20:46:34.648,6.9616e-11,Torr,23.cross_gate_connectingPort1,23.cross_gate_connectingPort1/MassSpecData-02115-20261006-204613.csv,12.887433333333332
2026-10-06 20:46:34.856,7.4411e-11,Torr,23.cross_gate_connectingPort1,23.cross_gate_connectingPort1/MassSpecData-02115-20261006-204613.csv,12.890899999999998
2026-10-06 20:46:35.065,7.2279e-11,Torr,23.cross_gate_connectingPort1,23.cross_gate_connectingPort1/MassSpecData-02115-20261006-204613.csv,12.894383333333334
2026-10-06 20:46:35.273,9.1317e-11,Torr,23.cross_gate_connectingPort1,23.cross_gate_connectingPort1/MassSpecData-02115-20261006-204613.csv,12.89785
2026-10-06 20:46:35.481,1.0083e-10,Torr,23.cross_gate_connectingPort1,23.cross_gate_connectingPort1/MassSpecData-02115-20261006-204613.csv,12.901316666666666
2026-10-06 20:46:35.690,9.0934e-11,Torr,23.cross_gate_connectingPort1,23.cross_gate_connectingPort1/MassSpecData-02115-20261006-204613.csv,12.9048
2026-10-06 20:46:35.898,7.2868e-11,Torr,23.cross_gate_connectingPort1,23.cross_gate_connectingPort1/MassSpecData-02115-20261006-204613.csv,12.908266666666666
2026-10-06 20:46:36.106,8.1433e-11,Torr,23.cross_gate_connectingPort1,23.cross_gate_connectingPort1/MassSpecData-02115-20261006-204613.csv,12.911733333333332
2026-10-06 20:46:36.315,8.8276e-11,Torr,23.cross_gate_connectingPort1,23.cross_gate_connectingPort1/MassSpecData-02115-20261006-204613.csv,12.915216666666668
2026-10-06 20:46:36.523,7.9534e-11,Torr,23.cross_gate_connectingPort1,23.cross_gate_connectingPort1/MassSpecData-02115-20261006-204613.csv,12.918683333333332
2026-10-06 20:46:36.731,9.2391e-11,Torr,23.cross_gate_connectingPort1,23.cross_gate_connectingPort1/MassSpecData-02115-20261006-204613.csv,12.922149999999998
2026-10-06 20:46:36.940,8.2653e-11,Torr,23.cross_gate_connectingPort1,23.cross_gate_connectingPort1/MassSpecData-02115-20261006-204613.csv,12.925633333333334
2026-10-06 20:46:37.148,7.716e-11,Torr,23.cross_gate_connectingPort1,23.cross_gate_connectingPort1/MassSpecData-02115-20261006-204613.csv,12.9291
2026-10-06 20:46:37.356,7.6628e-11,Torr,23.cross_gate_connectingPort1,23.cross_gate_connectingPort1/MassSpecData-02115-20261006-204613.csv,12.932566666666666
2026-10-06 20:46:37.565,8.2703e-11,Torr,23.cross_gate_connectingPort1,23.cross_gate_connectingPort1/MassSpecData-02115-20261006-204613.csv,12.93605
2026-10-06 20:46:37.773,7.6181e-11,Torr,23.cross_gate_connectingPort1,23.cross_gate_connectingPort1/MassSpecData-02115-20261006-204613.csv,12.939516666666666
2026-10-06 20:46:37.981,8.1458e-11,Torr,23.cross_gate_connectingPort1,23.cross_gate_connectingPort1/MassSpecData-02115-20261006-204613.csv,12.942983333333332
2026-10-06 20:46:38.190,7.4541e-11,Torr,23.cross_gate_connectingPort1,23.cross_gate_connectingPort1/MassSpecData-02115-20261006-204613.csv,12.946466666666668
2026-10-06 20:46:38.398,6.7916e-11,Torr,23.cross_gate_connectingPort1,23.cross_gate_connectingPort1/MassSpecData-02115-20261006-204613.csv,12.949933333333332
2026-10-06 20:46:38.606,8.0908e-11,Torr,23.cross_gate_connectingPort1,23.cross_gate_connectingPort1/MassSpecData-02115-20261006-204613.csv,12.953399999999998
2026-10-06 20:46:38.815,9.1364e-11,Torr,23.cross_gate_connectingPort1,23.cross_gate_connectingPort1/MassSpecData-02115-20261006-204613.csv,12.956883333333334
2026-10-06 20:46:39.023,8.3967e-11,Torr,23.cross_gate_connectingPort1,23.cross_gate_connectingPort1/MassSpecData-02115-20261006-204613.csv,12.96035
2026-10-06 20:46:39.231,8.3776e-11,Torr,23.cross_gate_connectingPort1,23.cross_gate_connectingPort1/MassSpecData-02115-20261006-204613.csv,12.963816666666666
2026-10-06 20:46:39.440,7.5024e-11,Torr,23.cross_gate_connectingPort1,23.cross_gate_connectingPort1/MassSpecData-02115-20261006-204613.csv,12.9673
2026-10-06 20:46:39.648,8.7691e-11,Torr,23.cross_gate_connectingPort1,23.cross_gate_connectingPort1/MassSpecData-02115-20261006-204613.csv,12.970766666666666
2026-10-06 20:46:39.856,8.6837e-11,Torr,23.cross_gate_connectingPort1,23.cross_gate_connectingPort1/MassSpecData-02115-20261006-204613.csv,12.974233333333332
2026-10-06 20:46:40.065,9.6804e-11,Torr,23.cross_gate_connectingPort1,23.cross_gate_connectingPort1/MassSpecData-02115-20261006-204613.csv,12.977716666666668
2026-10-06 20:46:40.273,8.5165e-11,Torr,23.cross_gate_connectingPort1,23.cross_gate_connectingPort1/MassSpecData-02115-20261006-204613.csv,12.981183333333332
2026-10-06 20:46:40.481,7.8038e-11,Torr,23.cross_gate_connectingPort1,23.cross_gate_connectingPort1/MassSpecData-02115-20261006-204613.csv,12.984649999999998
2026-10-06 20:46:40.690,9.2296e-11,Torr,23.cross_gate_connectingPort1,23.cross_gate_connectingPort1/MassSpecData-02115-20261006-204613.csv,12.988133333333334
2026-10-06 20:46:40.898,9.0071e-11,Torr,23.cross_gate_connectingPort1,23.cross_gate_connectingPort1/MassSpecData-02115-20261006-204613.csv,12.9916
2026-10-06 20:46:41.106,7.6899e-11,Torr,23.cross_gate_connectingPort1,23.cross_gate_connectingPort1/MassSpecData-02115-20261006-204613.csv,12.995066666666666
2026-10-06 20:46:41.315,7.5028e-11,Torr,23.cross_gate_connectingPort1,23.cross_gate_connectingPort1/MassSpecData-02115-20261006-204613.csv,12.99855
2026-10-06 20:46:41.523,8.443e-11,Torr,23.cross_gate_connectingPort1,23.cross_gate_connectingPort1/MassSpecData-02115-20261006-204613.csv,13.002016666666666
2026-10-06 20:46:41.731,8.5301e-11,Torr,23.cross_gate_connectingPort1,23.cross_gate_connectingPort1/MassSpecData-02115-20261006-204613.csv,13.005483333333332
2026-10-06 20:46:41.940,6.7669e-11,Torr,23.cross_gate_connectingPort1,23.cross_gate_connectingPort1/MassSpecData-02115-20261006-204613.csv,13.008966666666668
2026-10-06 20:46:42.148,6.9378e-11,Torr,23.cross_gate_connectingPort1,23.cross_gate_connectingPort1/MassSpecData-02115-20261006-204613.csv,13.012433333333332
2026-10-06 20:46:42.356,8.8835e-11,Torr,23.cross_gate_connectingPort1,23.cross_gate_connectingPort1/MassSpecData-02115-20261006-204613.csv,13.015899999999998
2026-10-06 20:46:42.565,8.5399e-11,Torr,23.cross_gate_connectingPort1,23.cross_gate_connectingPort1/MassSpecData-02115-20261006-204613.csv,13.019383333333334
2026-10-06 20:46:42.773,7.4762e-11,Torr,23.cross_gate_connectingPort1,23.cross_gate_connectingPort1/MassSpecData-02115-20261006-204613.csv,13.02285
2026-10-06 20:46:42.981,7.0526e-11,Torr,23.cross_gate_connectingPort1,23.cross_gate_connectingPort1/MassSpecData-02115-20261006-204613.csv,13.026316666666666
2026-10-06 20:46:43.190,8.2219e-11,Torr,23.cross_gate_connectingPort1,23.cross_gate_connectingPort1/MassSpecData-02115-20261006-204613.csv,13.0298
2026-10-06 20:46:43.398,7.8885e-11,Torr,23.cross_gate_connectingPort1,23.cross_gate_connectingPort1/MassSpecData-02115-20261006-204613.csv,13.033266666666666
2026-10-06 20:46:43.606,8.6327e-11,Torr,23.cross_gate_connectingPort1,23.cross_gate_connectingPort1/MassSpecData-02115-20261006-204613.csv,13.036733333333332
2026-10-06 20:46:43.815,7.2579e-11,Torr,23.cross_gate_connectingPort1,23.cross_gate_connectingPort1/MassSpecData-02115-20261006-204613.csv,13.040216666666668
2026-10-06 20:46:44.023,1.1079e-10,Torr,23.cross_gate_connectingPort1,23.cross_gate_connectingPort1/MassSpecData-02115-20261006-204613.csv,13.043683333333332
2026-10-06 20:46:44.231,9.3447e-11,Torr,23.cross_gate_connectingPort1,23.cross_gate_connectingPort1/MassSpecData-02115-20261006-204613.csv,13.047149999999998
2026-10-06 20:46:44.440,6.6182e-11,Torr,23.cross_gate_connectingPort1,23.cross_gate_connectingPort1/MassSpecData-02115-20261006-204613.csv,13.050633333333334
2026-10-06 20:46:44.648,8.6046e-11,Torr,23.cross_gate_connectingPort1,23.cross_gate_connectingPort1/MassSpecData-02115-20261006-204613.csv,13.0541
2026-10-06 20:46:44.856,8.7395e-11,Torr,23.cross_gate_connectingPort1,23.cross_gate_connectingPort1/MassSpecData-02115-20261006-204613.csv,13.057566666666666
2026-10-06 20:46:45.065,7.139e-11,Torr,23.cross_gate_connectingPort1,23.cross_gate_connectingPort1/MassSpecData-02115-20261006-204613.csv,13.06105
2026-10-06 20:46:45.273,9.4488e-11,Torr,23.cross_gate_connectingPort1,23.cross_gate_connectingPort1/MassSpecData-02115-20261006-204613.csv,13.064516666666666
2026-10-06 20:46:45.481,8.8369e-11,Torr,23.cross_gate_connectingPort1,23.cross_gate_connectingPort1/MassSpecData-02115-20261006-204613.csv,13.067983333333332
2026-10-06 20:46:45.690,7.6197e-11,Torr,23.cross_gate_connectingPort1,23.cross_gate_connectingPort1/MassSpecData-02115-20261006-204613.csv,13.071466666666668
2026-10-06 20:46:45.898,7.861e-11,Torr,23.cross_gate_connectingPort1,23.cross_gate_connectingPort1/MassSpecData-02115-20261006-204613.csv,13.074933333333332
2026-10-06 20:46:46.106,8.5066e-11,Torr,23.cross_gate_connectingPort1,23.cross_gate_connectingPort1/MassSpecData-02115-20261006-204613.csv,13.078399999999998
2026-10-06 20:46:46.315,8.6301e-11,Torr,23.cross_gate_connectingPort1,23.cross_gate_connectingPort1/MassSpecData-02115-20261006-204613.csv,13.081883333333334
2026-10-06 20:46:46.523,8.014e-11,Torr,23.cross_gate_connectingPort1,23.cross_gate_connectingPort1/MassSpecData-02115-20261006-204613.csv,13.08535
2026-10-06 20:46:46.731,7.8998e-11,Torr,23.cross_gate_connectingPort1,23.cross_gate_connectingPort1/MassSpecData-02115-20261006-204613.csv,13.088816666666666
2026-10-06 20:46:46.940,8.4354e-11,Torr,23.cross_gate_connectingPort1,23.cross_gate_connectingPort1/MassSpecData-02115-20261006-204613.csv,13.0923
2026-10-06 20:46:47.148,8.63e-11,Torr,23.cross_gate_connectingPort1,23.cross_gate_connectingPort1/MassSpecData-02115-20261006-204613.csv,13.095766666666666
2026-10-06 20:46:47.356,7.2863e-11,Torr,23.cross_gate_connectingPort1,23.cross_gate_connectingPort1/MassSpecData-02115-20261006-204613.csv,13.099233333333332
2026-10-06 20:46:47.565,8.1066e-11,Torr,23.cross_gate_connectingPort1,23.cross_gate_connectingPort1/MassSpecData-02115-20261006-204613.csv,13.102716666666668
2026-10-06 20:46:47.773,8.3584e-11,Torr,23.cross_gate_connectingPort1,23.cross_gate_connectingPort1/MassSpecData-02115-20261006-204613.csv,13.106183333333332
2026-10-06 20:46:47.981,6.619e-11,Torr,23.cross_gate_connectingPort1,23.cross_gate_connectingPort1/MassSpecData-02115-20261006-204613.csv,13.109649999999998
2026-10-06 20:46:48.190,8.7931e-11,Torr,23.cross_gate_connectingPort1,23.cross_gate_connectingPort1/MassSpecData-02115-20261006-204613.csv,13.113133333333334
2026-10-06 20:46:48.398,8.3476e-11,Torr,23.cross_gate_connectingPort1,23.cross_gate_connectingPort1/MassSpecData-02115-20261006-204613.csv,13.1166
2026-10-06 20:46:48.606,8.278e-11,Torr,23.cross_gate_connectingPort1,23.cross_gate_connectingPort1/MassSpecData-02115-20261006-204613.csv,13.120066666666666
2026-10-06 20:46:48.815,8.0004e-11,Torr,23.cross_gate_connectingPort1,23.cross_gate_connectingPort1/MassSpecData-02115-20261006-204613.csv,13.12355
2026-10-06 20:46:49.023,8.3501e-11,Torr,23.cross_gate_connectingPort1,23.cross_gate_connectingPort1/MassSpecData-02115-20261006-204613.csv,13.127016666666666
2026-10-06 20:46:49.231,7.2458e-11,Torr,23.cross_gate_connectingPort1,23.cross_gate_connectingPort1/MassSpecData-02115-20261006-204613.csv,13.130483333333332
2026-10-06 20:46:49.440,1.0316e-10,Torr,23.cross_gate_connectingPort1,23.cross_gate_connectingPort1/MassSpecData-02115-20261006-204613.csv,13.133966666666668
2026-10-06 20:46:49.648,7.6733e-11,Torr,23.cross_gate_connectingPort1,23.cross_gate_connectingPort1/MassSpecData-02115-20261006-204613.csv,13.137433333333332
2026-10-06 20:46:49.856,7.7238e-11,Torr,23.cross_gate_connectingPort1,23.cross_gate_connectingPort1/MassSpecData-02115-20261006-204613.csv,13.140899999999998
2026-10-06 20:46:50.065,8.5984e-11,Torr,23.cross_gate_connectingPort1,23.cross_gate_connectingPort1/MassSpecData-02115-20261006-204613.csv,13.144383333333334
2026-10-06 20:46:50.273,8.2241e-11,Torr,23.cross_gate_connectingPort1,23.cross_gate_connectingPort1/MassSpecData-02115-20261006-204613.csv,13.14785
2026-10-06 20:46:50.481,6.5056e-11,Torr,23.cross_gate_connectingPort1,23.cross_gate_connectingPort1/MassSpecData-02115-20261006-204613.csv,13.151316666666666
2026-10-06 20:46:50.690,8.4605e-11,Torr,23.cross_gate_connectingPort1,23.cross_gate_connectingPort1/MassSpecData-02115-20261006-204613.csv,13.1548
2026-10-06 20:46:50.898,1.011e-10,Torr,23.cross_gate_connectingPort1,23.cross_gate_connectingPort1/MassSpecData-02115-20261006-204613.csv,13.158266666666666
2026-10-06 20:46:51.106,7.2802e-11,Torr,23.cross_gate_connectingPort1,23.cross_gate_connectingPort1/MassSpecData-02115-20261006-204613.csv,13.161733333333332
2026-10-06 20:46:51.315,7.6056e-11,Torr,23.cross_gate_connectingPort1,23.cross_gate_connectingPort1/MassSpecData-02115-20261006-204613.csv,13.165216666666668
2026-10-06 20:46:51.523,7.6017e-11,Torr,23.cross_gate_connectingPort1,23.cross_gate_connectingPort1/MassSpecData-02115-20261006-204613.csv,13.168683333333332
2026-10-06 20:46:51.732,8.1045e-11,Torr,23.cross_gate_connectingPort1,23.cross_gate_connectingPort1/MassSpecData-02115-20261006-204613.csv,13.172166666666667
2026-10-06 20:46:51.940,8.1923e-11,Torr,23.cross_gate_connectingPort1,23.cross_gate_connectingPort1/MassSpecData-02115-20261006-204613.csv,13.175633333333334
2026-10-06 20:46:52.148,6.9499e-11,Torr,23.cross_gate_connectingPort1,23.cross_gate_connectingPort1/MassSpecData-02115-20261006-204613.csv,13.1791
2026-10-06 20:46:52.357,7.574e-11,Torr,23.cross_gate_connectingPort1,23.cross_gate_connectingPort1/MassSpecData-02115-20261006-204613.csv,13.182583333333334
2026-10-06 20:46:52.565,7.6783e-11,Torr,23.cross_gate_connectingPort1,23.cross_gate_connectingPort1/MassSpecData-02115-20261006-204613.csv,13.18605
2026-10-06 20:46:52.773,8.0575e-11,Torr,23.cross_gate_connectingPort1,23.cross_gate_connectingPort1/MassSpecData-02115-20261006-204613.csv,13.189516666666666
2026-10-06 20:46:52.982,8.1276e-11,Torr,23.cross_gate_connectingPort1,23.cross_gate_connectingPort1/MassSpecData-02115-20261006-204613.csv,13.193000000000001
2026-10-06 20:46:53.190,7.491e-11,Torr,23.cross_gate_connectingPort1,23.cross_gate_connectingPort1/MassSpecData-02115-20261006-204613.csv,13.196466666666668
2026-10-06 20:46:53.398,7.5417e-11,Torr,23.cross_gate_connectingPort1,23.cross_gate_connectingPort1/MassSpecData-02115-20261006-204613.csv,13.199933333333332
2026-10-06 20:46:53.607,8.0111e-11,Torr,23.cross_gate_connectingPort1,23.cross_gate_connectingPort1/MassSpecData-02115-20261006-204613.csv,13.203416666666667
2026-10-06 20:46:53.815,6.7165e-11,Torr,23.cross_gate_connectingPort1,23.cross_gate_connectingPort1/MassSpecData-02115-20261006-204613.csv,13.206883333333334
2026-10-06 20:46:54.023,7.6489e-11,Torr,23.cross_gate_connectingPort1,23.cross_gate_connectingPort1/MassSpecData-02115-20261006-204613.csv,13.21035
2026-10-06 20:46:54.232,9.1677e-11,Torr,23.cross_gate_connectingPort1,23.cross_gate_connectingPort1/MassSpecData-02115-20261006-204613.csv,13.213833333333334
2026-10-06 20:46:54.440,7.6115e-11,Torr,23.cross_gate_connectingPort1,23.cross_gate_connectingPort1/MassSpecData-02115-20261006-204613.csv,13.2173
2026-10-06 20:46:54.648,7.5305e-11,Torr,23.cross_gate_connectingPort1,23.cross_gate_connectingPort1/MassSpecData-02115-20261006-204613.csv,13.220766666666666
2026-10-06 20:46:54.857,8.7355e-11,Torr,23.cross_gate_connectingPort1,23.cross_gate_connectingPort1/MassSpecData-02115-20261006-204613.csv,13.224250000000001
2026-10-06 20:46:55.065,9.2456e-11,Torr,23.cross_gate_connectingPort1,23.cross_gate_connectingPort1/MassSpecData-02115-20261006-204613.csv,13.227716666666668
2026-10-06 20:46:55.273,7.6331e-11,Torr,23.cross_gate_connectingPort1,23.cross_gate_connectingPort1/MassSpecData-02115-20261006-204613.csv,13.231183333333332
2026-10-06 20:46:55.613,7.5934e-11,Torr,23.cross_gate_connectingPort1,23.cross_gate_connectingPort1/MassSpecData-02115-20261006-204655.csv,13.23685
2026-10-06 20:46:55.821,8.8627e-11,Torr,23.cross_gate_connectingPort1,23.cross_gate_connectingPort1/MassSpecData-02115-20261006-204655.csv,13.240316666666667
2026-10-06 20:46:56.030,8.0016e-11,Torr,23.cross_gate_connectingPort1,23.cross_gate_connectingPort1/MassSpecData-02115-20261006-204655.csv,13.2438
2026-10-06 20:46:56.238,7.9979e-11,Torr,23.cross_gate_connectingPort1,23.cross_gate_connectingPort1/MassSpecData-02115-20261006-204655.csv,13.247266666666667
2026-10-06 20:46:56.446,7.8584e-11,Torr,23.cross_gate_connectingPort1,23.cross_gate_connectingPort1/MassSpecData-02115-20261006-204655.csv,13.250733333333333
2026-10-06 20:46:56.655,7.3828e-11,Torr,23.cross_gate_connectingPort1,23.cross_gate_connectingPort1/MassSpecData-02115-20261006-204655.csv,13.254216666666668
2026-10-06 20:46:56.863,9.2787e-11,Torr,23.cross_gate_connectingPort1,23.cross_gate_connectingPort1/MassSpecData-02115-20261006-204655.csv,13.257683333333334
2026-10-06 20:46:57.071,8.9464e-11,Torr,23.cross_gate_connectingPort1,23.cross_gate_connectingPort1/MassSpecData-02115-20261006-204655.csv,13.261149999999999
2026-10-06 20:46:57.279,8.6506e-11,Torr,23.cross_gate_connectingPort1,23.cross_gate_connectingPort1/MassSpecData-02115-20261006-204655.csv,13.264616666666665
2026-10-06 20:46:57.488,7.9293e-11,Torr,23.cross_gate_connectingPort1,23.cross_gate_connectingPort1/MassSpecData-02115-20261006-204655.csv,13.2681
2026-10-06 20:46:57.696,7.132e-11,Torr,23.cross_gate_connectingPort1,23.cross_gate_connectingPort1/MassSpecData-02115-20261006-204655.csv,13.271566666666667
2026-10-06 20:46:57.905,8.5679e-11,Torr,23.cross_gate_connectingPort1,23.cross_gate_connectingPort1/MassSpecData-02115-20261006-204655.csv,13.27505
2026-10-06 20:46:58.113,8.4554e-11,Torr,23.cross_gate_connectingPort1,23.cross_gate_connectingPort1/MassSpecData-02115-20261006-204655.csv,13.278516666666667
2026-10-06 20:46:58.321,8.0868e-11,Torr,23.cross_gate_connectingPort1,23.cross_gate_connectingPort1/MassSpecData-02115-20261006-204655.csv,13.281983333333333
2026-10-06 20:46:58.530,1.0181e-10,Torr,23.cross_gate_connectingPort1,23.cross_gate_connectingPort1/MassSpecData-02115-20261006-204655.csv,13.285466666666668
2026-10-06 20:46:58.738,8.4376e-11,Torr,23.cross_gate_connectingPort1,23.cross_gate_connectingPort1/MassSpecData-02115-20261006-204655.csv,13.288933333333334
2026-10-06 20:46:58.946,8.3334e-11,Torr,23.cross_gate_connectingPort1,23.cross_gate_connectingPort1/MassSpecData-02115-20261006-204655.csv,13.292399999999999
2026-10-06 20:46:59.155,7.5293e-11,Torr,23.cross_gate_connectingPort1,23.cross_gate_connectingPort1/MassSpecData-02115-20261006-204655.csv,13.295883333333334
2026-10-06 20:46:59.363,9.246e-11,Torr,23.cross_gate_connectingPort1,23.cross_gate_connectingPort1/MassSpecData-02115-20261006-204655.csv,13.29935
2026-10-06 20:46:59.571,8.829e-11,Torr,23.cross_gate_connectingPort1,23.cross_gate_connectingPort1/MassSpecData-02115-20261006-204655.csv,13.302816666666667
2026-10-06 20:46:59.780,7.9508e-11,Torr,23.cross_gate_connectingPort1,23.cross_gate_connectingPort1/MassSpecData-02115-20261006-204655.csv,13.3063
2026-10-06 20:46:59.988,8.0788e-11,Torr,23.cross_gate_connectingPort1,23.cross_gate_connectingPort1/MassSpecData-02115-20261006-204655.csv,13.309766666666667
2026-10-06 20:47:00.196,8.0081e-11,Torr,23.cross_gate_connectingPort1,23.cross_gate_connectingPort1/MassSpecData-02115-20261006-204655.csv,13.313233333333333
2026-10-06 20:47:00.405,7.9069e-11,Torr,23.cross_gate_connectingPort1,23.cross_gate_connectingPort1/MassSpecData-02115-20261006-204655.csv,13.316716666666668
2026-10-06 20:47:00.613,7.8384e-11,Torr,23.cross_gate_connectingPort1,23.cross_gate_connectingPort1/MassSpecData-02115-20261006-204655.csv,13.320183333333334
2026-10-06 20:47:00.821,7.3315e-11,Torr,23.cross_gate_connectingPort1,23.cross_gate_connectingPort1/MassSpecData-02115-20261006-204655.csv,13.323649999999999
2026-10-06 20:47:01.029,9.6085e-11,Torr,23.cross_gate_connectingPort1,23.cross_gate_connectingPort1/MassSpecData-02115-20261006-204655.csv,13.327116666666665
2026-10-06 20:47:01.238,8.3665e-11,Torr,23.cross_gate_connectingPort1,23.cross_gate_connectingPort1/MassSpecData-02115-20261006-204655.csv,13.3306
2026-10-06 20:47:01.446,1.022e-10,Torr,23.cross_gate_connectingPort1,23.cross_gate_connectingPort1/MassSpecData-02115-20261006-204655.csv,13.334066666666667
2026-10-06 20:47:01.654,7.6645e-11,Torr,23.cross_gate_connectingPort1,23.cross_gate_connectingPort1/MassSpecData-02115-20261006-204655.csv,13.337533333333333
2026-10-06 20:47:01.863,8.2462e-11,Torr,23.cross_gate_connectingPort1,23.cross_gate_connectingPort1/MassSpecData-02115-20261006-204655.csv,13.341016666666667
2026-10-06 20:47:02.071,7.807e-11,Torr,23.cross_gate_connectingPort1,23.cross_gate_connectingPort1/MassSpecData-02115-20261006-204655.csv,13.344483333333333
2026-10-06 20:47:02.279,6.6259e-11,Torr,23.cross_gate_connectingPort1,23.cross_gate_connectingPort1/MassSpecData-02115-20261006-204655.csv,13.347949999999999
2026-10-06 20:47:02.488,8.6366e-11,Torr,23.cross_gate_connectingPort1,23.cross_gate_connectingPort1/MassSpecData-02115-20261006-204655.csv,13.351433333333334
2026-10-06 20:47:02.696,9.1788e-11,Torr,23.cross_gate_connectingPort1,23.cross_gate_connectingPort1/MassSpecData-02115-20261006-204655.csv,13.354899999999999
2026-10-06 20:47:02.904,8.5624e-11,Torr,23.cross_gate_connectingPort1,23.cross_gate_connectingPort1/MassSpecData-02115-20261006-204655.csv,13.358366666666665
2026-10-06 20:47:03.113,8.2143e-11,Torr,23.cross_gate_connectingPort1,23.cross_gate_connectingPort1/MassSpecData-02115-20261006-204655.csv,13.36185
2026-10-06 20:47:03.321,8.1388e-11,Torr,23.cross_gate_connectingPort1,23.cross_gate_connectingPort1/MassSpecData-02115-20261006-204655.csv,13.365316666666667
2026-10-06 20:47:03.529,6.8351e-11,Torr,23.cross_gate_connectingPort1,23.cross_gate_connectingPort1/MassSpecData-02115-20261006-204655.csv,13.368783333333333
2026-10-06 20:47:03.738,7.7745e-11,Torr,23.cross_gate_connectingPort1,23.cross_gate_connectingPort1/MassSpecData-02115-20261006-204655.csv,13.372266666666667
2026-10-06 20:47:03.946,9.833e-11,Torr,23.cross_gate_connectingPort1,23.cross_gate_connectingPort1/MassSpecData-02115-20261006-204655.csv,13.375733333333333
2026-10-06 20:47:04.154,8.524e-11,Torr,23.cross_gate_connectingPort1,23.cross_gate_connectingPort1/MassSpecData-02115-20261006-204655.csv,13.379199999999999
2026-10-06 20:47:04.363,7.9175e-11,Torr,23.cross_gate_connectingPort1,23.cross_gate_connectingPort1/MassSpecData-02115-20261006-204655.csv,13.382683333333334
2026-10-06 20:47:04.571,7.6685e-11,Torr,23.cross_gate_connectingPort1,23.cross_gate_connectingPort1/MassSpecData-02115-20261006-204655.csv,13.386149999999999
2026-10-06 20:47:04.780,9.1689e-11,Torr,23.cross_gate_connectingPort1,23.cross_gate_connectingPort1/MassSpecData-02115-20261006-204655.csv,13.389633333333334
2026-10-06 20:47:04.988,8.8533e-11,Torr,23.cross_gate_connectingPort1,23.cross_gate_connectingPort1/MassSpecData-02115-20261006-204655.csv,13.3931
2026-10-06 20:47:05.196,7.2661e-11,Torr,23.cross_gate_connectingPort1,23.cross_gate_connectingPort1/MassSpecData-02115-20261006-204655.csv,13.396566666666667
2026-10-06 20:47:05.405,6.723e-11,Torr,23.cross_gate_connectingPort1,23.cross_gate_connectingPort1/MassSpecData-02115-20261006-204655.csv,13.40005
2026-10-06 20:47:05.613,8.1864e-11,Torr,23.cross_gate_connectingPort1,23.cross_gate_connectingPort1/MassSpecData-02115-20261006-204655.csv,13.403516666666667
2026-10-06 20:47:05.821,7.5254e-11,Torr,23.cross_gate_connectingPort1,23.cross_gate_connectingPort1/MassSpecData-02115-20261006-204655.csv,13.406983333333333
2026-10-06 20:47:06.030,8.2143e-11,Torr,23.cross_gate_connectingPort1,23.cross_gate_connectingPort1/MassSpecData-02115-20261006-204655.csv,13.410466666666668
2026-10-06 20:47:06.238,8.087e-11,Torr,23.cross_gate_connectingPort1,23.cross_gate_connectingPort1/MassSpecData-02115-20261006-204655.csv,13.413933333333334
2026-10-06 20:47:06.446,7.8703e-11,Torr,23.cross_gate_connectingPort1,23.cross_gate_connectingPort1/MassSpecData-02115-20261006-204655.csv,13.417399999999999
2026-10-06 20:47:06.655,8.8228e-11,Torr,23.cross_gate_connectingPort1,23.cross_gate_connectingPort1/MassSpecData-02115-20261006-204655.csv,13.420883333333334
2026-10-06 20:47:06.863,9.9346e-11,Torr,23.cross_gate_connectingPort1,23.cross_gate_connectingPort1/MassSpecData-02115-20261006-204655.csv,13.42435
2026-10-06 20:47:07.071,8.6999e-11,Torr,23.cross_gate_connectingPort1,23.cross_gate_connectingPort1/MassSpecData-02115-20261006-204655.csv,13.427816666666667
2026-10-06 20:47:07.280,8.3921e-11,Torr,23.cross_gate_connectingPort1,23.cross_gate_connectingPort1/MassSpecData-02115-20261006-204655.csv,13.4313
2026-10-06 20:47:07.488,7.4955e-11,Torr,23.cross_gate_connectingPort1,23.cross_gate_connectingPort1/MassSpecData-02115-20261006-204655.csv,13.434766666666667
2026-10-06 20:47:07.696,7.806e-11,Torr,23.cross_gate_connectingPort1,23.cross_gate_connectingPort1/MassSpecData-02115-20261006-204655.csv,13.438233333333333
2026-10-06 20:47:07.905,9.8421e-11,Torr,23.cross_gate_connectingPort1,23.cross_gate_connectingPort1/MassSpecData-02115-20261006-204655.csv,13.441716666666668
2026-10-06 20:47:08.113,8.9321e-11,Torr,23.cross_gate_connectingPort1,23.cross_gate_connectingPort1/MassSpecData-02115-20261006-204655.csv,13.445183333333334
2026-10-06 20:47:08.321,7.6532e-11,Torr,23.cross_gate_connectingPort1,23.cross_gate_connectingPort1/MassSpecData-02115-20261006-204655.csv,13.448649999999999
2026-10-06 20:47:08.530,7.2669e-11,Torr,23.cross_gate_connectingPort1,23.cross_gate_connectingPort1/MassSpecData-02115-20261006-204655.csv,13.452133333333334
2026-10-06 20:47:08.738,6.4634e-11,Torr,23.cross_gate_connectingPort1,23.cross_gate_connectingPort1/MassSpecData-02115-20261006-204655.csv,13.4556
2026-10-06 20:47:08.946,8.5262e-11,Torr,23.cross_gate_connectingPort1,23.cross_gate_connectingPort1/MassSpecData-02115-20261006-204655.csv,13.459066666666667
2026-10-06 20:47:09.155,7.6571e-11,Torr,23.cross_gate_connectingPort1,23.cross_gate_connectingPort1/MassSpecData-02115-20261006-204655.csv,13.46255
2026-10-06 20:47:09.363,6.781e-11,Torr,23.cross_gate_connectingPort1,23.cross_gate_connectingPort1/MassSpecData-02115-20261006-204655.csv,13.466016666666667
2026-10-06 20:47:09.571,7.1384e-11,Torr,23.cross_gate_connectingPort1,23.cross_gate_connectingPort1/MassSpecData-02115-20261006-204655.csv,13.469483333333333
2026-10-06 20:47:09.780,7.9214e-11,Torr,23.cross_gate_connectingPort1,23.cross_gate_connectingPort1/MassSpecData-02115-20261006-204655.csv,13.472966666666668
2026-10-06 20:47:09.988,8.447e-11,Torr,23.cross_gate_connectingPort1,23.cross_gate_connectingPort1/MassSpecData-02115-20261006-204655.csv,13.476433333333334
2026-10-06 20:47:10.196,8.0117e-11,Torr,23.cross_gate_connectingPort1,23.cross_gate_connectingPort1/MassSpecData-02115-20261006-204655.csv,13.479899999999999
2026-10-06 20:47:10.405,8.8755e-11,Torr,23.cross_gate_connectingPort1,23.cross_gate_connectingPort1/MassSpecData-02115-20261006-204655.csv,13.483383333333334
2026-10-06 20:47:10.613,8.3343e-11,Torr,23.cross_gate_connectingPort1,23.cross_gate_connectingPort1/MassSpecData-02115-20261006-204655.csv,13.48685
2026-10-06 20:47:10.821,8.6214e-11,Torr,23.cross_gate_connectingPort1,23.cross_gate_connectingPort1/MassSpecData-02115-20261006-204655.csv,13.490316666666667
2026-10-06 20:47:11.030,8.1446e-11,Torr,23.cross_gate_connectingPort1,23.cross_gate_connectingPort1/MassSpecData-02115-20261006-204655.csv,13.4938
2026-10-06 20:47:11.238,8.0747e-11,Torr,23.cross_gate_connectingPort1,23.cross_gate_connectingPort1/MassSpecData-02115-20261006-204655.csv,13.497266666666667
2026-10-06 20:47:11.446,8.8052e-11,Torr,23.cross_gate_connectingPort1,23.cross_gate_connectingPort1/MassSpecData-02115-20261006-204655.csv,13.500733333333333
2026-10-06 20:47:11.655,7.5107e-11,Torr,23.cross_gate_connectingPort1,23.cross_gate_connectingPort1/MassSpecData-02115-20261006-204655.csv,13.504216666666668
2026-10-06 20:47:11.863,7.9504e-11,Torr,23.cross_gate_connectingPort1,23.cross_gate_connectingPort1/MassSpecData-02115-20261006-204655.csv,13.507683333333334
2026-10-06 20:47:12.071,9.1161e-11,Torr,23.cross_gate_connectingPort1,23.cross_gate_connectingPort1/MassSpecData-02115-20261006-204655.csv,13.511149999999999
2026-10-06 20:47:12.280,8.2575e-11,Torr,23.cross_gate_connectingPort1,23.cross_gate_connectingPort1/MassSpecData-02115-20261006-204655.csv,13.514633333333334
2026-10-06 20:47:12.488,7.7016e-11,Torr,23.cross_gate_connectingPort1,23.cross_gate_connectingPort1/MassSpecData-02115-20261006-204655.csv,13.5181
2026-10-06 20:47:12.696,7.5182e-11,Torr,23.cross_gate_connectingPort1,23.cross_gate_connectingPort1/MassSpecData-02115-20261006-204655.csv,13.521566666666667
2026-10-06 20:47:12.905,7.0745e-11,Torr,23.cross_gate_connectingPort1,23.cross_gate_connectingPort1/MassSpecData-02115-20261006-204655.csv,13.52505
2026-10-06 20:47:13.113,7.4319e-11,Torr,23.cross_gate_connectingPort1,23.cross_gate_connectingPort1/MassSpecData-02115-20261006-204655.csv,13.528516666666667
2026-10-06 20:47:13.321,9.0424e-11,Torr,23.cross_gate_connectingPort1,23.cross_gate_connectingPort1/MassSpecData-02115-20261006-204655.csv,13.531983333333333
2026-10-06 20:47:13.530,8.2384e-11,Torr,23.cross_gate_connectingPort1,23.cross_gate_connectingPort1/MassSpecData-02115-20261006-204655.csv,13.535466666666668
2026-10-06 20:47:13.738,8.1761e-11,Torr,23.cross_gate_connectingPort1,23.cross_gate_connectingPort1/MassSpecData-02115-20261006-204655.csv,13.538933333333334
2026-10-06 20:47:13.946,6.9821e-11,Torr,23.cross_gate_connectingPort1,23.cross_gate_connectingPort1/MassSpecData-02115-20261006-204655.csv,13.542399999999999
2026-10-06 20:47:14.155,9.9575e-11,Torr,23.cross_gate_connectingPort1,23.cross_gate_connectingPort1/MassSpecData-02115-20261006-204655.csv,13.545883333333334
2026-10-06 20:47:14.363,8.5354e-11,Torr,23.cross_gate_connectingPort1,23.cross_gate_connectingPort1/MassSpecData-02115-20261006-204655.csv,13.54935
2026-10-06 20:47:14.571,8.4067e-11,Torr,23.cross_gate_connectingPort1,23.cross_gate_connectingPort1/MassSpecData-02115-20261006-204655.csv,13.552816666666667
2026-10-06 20:47:14.780,8.182e-11,Torr,23.cross_gate_connectingPort1,23.cross_gate_connectingPort1/MassSpecData-02115-20261006-204655.csv,13.5563
2026-10-06 20:47:14.988,8.4654e-11,Torr,23.cross_gate_connectingPort1,23.cross_gate_connectingPort1/MassSpecData-02115-20261006-204655.csv,13.559766666666667
2026-10-06 20:47:15.196,8.0158e-11,Torr,23.cross_gate_connectingPort1,23.cross_gate_connectingPort1/MassSpecData-02115-20261006-204655.csv,13.563233333333333
2026-10-06 20:47:15.404,8.7104e-11,Torr,23.cross_gate_connectingPort1,23.cross_gate_connectingPort1/MassSpecData-02115-20261006-204655.csv,13.566699999999999
2026-10-06 20:47:15.613,7.2708e-11,Torr,23.cross_gate_connectingPort1,23.cross_gate_connectingPort1/MassSpecData-02115-20261006-204655.csv,13.570183333333334
2026-10-06 20:47:15.821,8.4669e-11,Torr,23.cross_gate_connectingPort1,23.cross_gate_connectingPort1/MassSpecData-02115-20261006-204655.csv,13.573649999999999
2026-10-06 20:47:16.029,8.272e-11,Torr,23.cross_gate_connectingPort1,23.cross_gate_connectingPort1/MassSpecData-02115-20261006-204655.csv,13.577116666666665
2026-10-06 20:47:16.238,7.5445e-11,Torr,23.cross_gate_connectingPort1,23.cross_gate_connectingPort1/MassSpecData-02115-20261006-204655.csv,13.5806
2026-10-06 20:47:16.446,7.0985e-11,Torr,23.cross_gate_connectingPort1,23.cross_gate_connectingPort1/MassSpecData-02115-20261006-204655.csv,13.584066666666667
2026-10-06 20:47:16.654,7.4921e-11,Torr,23.cross_gate_connectingPort1,23.cross_gate_connectingPort1/MassSpecData-02115-20261006-204655.csv,13.587533333333333
2026-10-06 20:47:16.863,7.6866e-11,Torr,23.cross_gate_connectingPort1,23.cross_gate_connectingPort1/MassSpecData-02115-20261006-204655.csv,13.591016666666667
2026-10-06 20:47:17.071,7.2055e-11,Torr,23.cross_gate_connectingPort1,23.cross_gate_connectingPort1/MassSpecData-02115-20261006-204655.csv,13.594483333333333
2026-10-06 20:47:17.279,9.0279e-11,Torr,23.cross_gate_connectingPort1,23.cross_gate_connectingPort1/MassSpecData-02115-20261006-204655.csv,13.597949999999999
2026-10-06 20:47:17.488,7.54e-11,Torr,23.cross_gate_connectingPort1,23.cross_gate_connectingPort1/MassSpecData-02115-20261006-204655.csv,13.601433333333334
2026-10-06 20:47:17.696,8.8755e-11,Torr,23.cross_gate_connectingPort1,23.cross_gate_connectingPort1/MassSpecData-02115-20261006-204655.csv,13.604899999999999
2026-10-06 20:47:17.904,9.9842e-11,Torr,23.cross_gate_connectingPort1,23.cross_gate_connectingPort1/MassSpecData-02115-20261006-204655.csv,13.608366666666665
2026-10-06 20:47:18.113,9.1156e-11,Torr,23.cross_gate_connectingPort1,23.cross_gate_connectingPort1/MassSpecData-02115-20261006-204655.csv,13.61185
2026-10-06 20:47:18.321,7.8625e-11,Torr,23.cross_gate_connectingPort1,23.cross_gate_connectingPort1/MassSpecData-02115-20261006-204655.csv,13.615316666666667
2026-10-06 20:47:18.529,9.5018e-11,Torr,23.cross_gate_connectingPort1,23.cross_gate_connectingPort1/MassSpecData-02115-20261006-204655.csv,13.618783333333333
2026-10-06 20:47:18.738,8.2759e-11,Torr,23.cross_gate_connectingPort1,23.cross_gate_connectingPort1/MassSpecData-02115-20261006-204655.csv,13.622266666666667
2026-10-06 20:47:18.946,8.0951e-11,Torr,23.cross_gate_connectingPort1,23.cross_gate_connectingPort1/MassSpecData-02115-20261006-204655.csv,13.625733333333333
2026-10-06 20:47:19.154,8.6552e-11,Torr,23.cross_gate_connectingPort1,23.cross_gate_connectingPort1/MassSpecData-02115-20261006-204655.csv,13.629199999999999
2026-10-06 20:47:19.363,8.1486e-11,Torr,23.cross_gate_connectingPort1,23.cross_gate_connectingPort1/MassSpecData-02115-20261006-204655.csv,13.632683333333334
2026-10-06 20:47:19.571,8.6148e-11,Torr,23.cross_gate_connectingPort1,23.cross_gate_connectingPort1/MassSpecData-02115-20261006-204655.csv,13.636149999999999
2026-10-06 20:47:19.779,8.1264e-11,Torr,23.cross_gate_connectingPort1,23.cross_gate_connectingPort1/MassSpecData-02115-20261006-204655.csv,13.639616666666665
2026-10-06 20:47:19.988,6.9569e-11,Torr,23.cross_gate_connectingPort1,23.cross_gate_connectingPort1/MassSpecData-02115-20261006-204655.csv,13.6431
2026-10-06 20:47:20.196,8.2995e-11,Torr,23.cross_gate_connectingPort1,23.cross_gate_connectingPort1/MassSpecData-02115-20261006-204655.csv,13.646566666666667
2026-10-06 20:47:20.404,7.5259e-11,Torr,23.cross_gate_connectingPort1,23.cross_gate_connectingPort1/MassSpecData-02115-20261006-204655.csv,13.650033333333333
2026-10-06 20:47:20.613,8.144e-11,Torr,23.cross_gate_connectingPort1,23.cross_gate_connectingPort1/MassSpecData-02115-20261006-204655.csv,13.653516666666667
2026-10-06 20:47:20.821,6.2261e-11,Torr,23.cross_gate_connectingPort1,23.cross_gate_connectingPort1/MassSpecData-02115-20261006-204655.csv,13.656983333333333
2026-10-06 20:47:21.029,9.0218e-11,Torr,23.cross_gate_connectingPort1,23.cross_gate_connectingPort1/MassSpecData-02115-20261006-204655.csv,13.660449999999999
2026-10-06 20:47:21.238,7.6494e-11,Torr,23.cross_gate_connectingPort1,23.cross_gate_connectingPort1/MassSpecData-02115-20261006-204655.csv,13.663933333333334
2026-10-06 20:47:21.446,8.4721e-11,Torr,23.cross_gate_connectingPort1,23.cross_gate_connectingPort1/MassSpecData-02115-20261006-204655.csv,13.667399999999999
2026-10-06 20:47:21.654,7.1044e-11,Torr,23.cross_gate_connectingPort1,23.cross_gate_connectingPort1/MassSpecData-02115-20261006-204655.csv,13.670866666666665
2026-10-06 20:47:21.863,7.2518e-11,Torr,23.cross_gate_connectingPort1,23.cross_gate_connectingPort1/MassSpecData-02115-20261006-204655.csv,13.67435
2026-10-06 20:47:22.071,8.7318e-11,Torr,23.cross_gate_connectingPort1,23.cross_gate_connectingPort1/MassSpecData-02115-20261006-204655.csv,13.677816666666667
2026-10-06 20:47:22.279,8.1789e-11,Torr,23.cross_gate_connectingPort1,23.cross_gate_connectingPort1/MassSpecData-02115-20261006-204655.csv,13.681283333333333
2026-10-06 20:47:22.488,7.6634e-11,Torr,23.cross_gate_connectingPort1,23.cross_gate_connectingPort1/MassSpecData-02115-20261006-204655.csv,13.684766666666667
2026-10-06 20:47:22.696,6.4453e-11,Torr,23.cross_gate_connectingPort1,23.cross_gate_connectingPort1/MassSpecData-02115-20261006-204655.csv,13.688233333333333
2026-10-06 20:47:22.904,7.5441e-11,Torr,23.cross_gate_connectingPort1,23.cross_gate_connectingPort1/MassSpecData-02115-20261006-204655.csv,13.691699999999999
2026-10-06 20:47:23.113,7.852e-11,Torr,23.cross_gate_connectingPort1,23.cross_gate_connectingPort1/MassSpecData-02115-20261006-204655.csv,13.695183333333334
2026-10-06 20:47:23.321,6.7603e-11,Torr,23.cross_gate_connectingPort1,23.cross_gate_connectingPort1/MassSpecData-02115-20261006-204655.csv,13.698649999999999
2026-10-06 20:47:23.529,8.7766e-11,Torr,23.cross_gate_connectingPort1,23.cross_gate_connectingPort1/MassSpecData-02115-20261006-204655.csv,13.702116666666665
2026-10-06 20:47:23.738,7.81e-11,Torr,23.cross_gate_connectingPort1,23.cross_gate_connectingPort1/MassSpecData-02115-20261006-204655.csv,13.7056
2026-10-06 20:47:23.946,8.498e-11,Torr,23.cross_gate_connectingPort1,23.cross_gate_connectingPort1/MassSpecData-02115-20261006-204655.csv,13.709066666666667
2026-10-06 20:47:24.154,7.8547e-11,Torr,23.cross_gate_connectingPort1,23.cross_gate_connectingPort1/MassSpecData-02115-20261006-204655.csv,13.712533333333333
2026-10-06 20:47:24.363,9.1448e-11,Torr,23.cross_gate_connectingPort1,23.cross_gate_connectingPort1/MassSpecData-02115-20261006-204655.csv,13.716016666666667
2026-10-06 20:47:24.571,8.5295e-11,Torr,23.cross_gate_connectingPort1,23.cross_gate_connectingPort1/MassSpecData-02115-20261006-204655.csv,13.719483333333333
2026-10-06 20:47:24.779,8.1445e-11,Torr,23.cross_gate_connectingPort1,23.cross_gate_connectingPort1/MassSpecData-02115-20261006-204655.csv,13.722949999999999
2026-10-06 20:47:24.988,9.1495e-11,Torr,23.cross_gate_connectingPort1,23.cross_gate_connectingPort1/MassSpecData-02115-20261006-204655.csv,13.726433333333334
2026-10-06 20:47:25.196,8.1974e-11,Torr,23.cross_gate_connectingPort1,23.cross_gate_connectingPort1/MassSpecData-02115-20261006-204655.csv,13.729899999999999
2026-10-06 20:47:25.404,6.9593e-11,Torr,23.cross_gate_connectingPort1,23.cross_gate_connectingPort1/MassSpecData-02115-20261006-204655.csv,13.733366666666665
2026-10-06 20:47:25.613,7.1206e-11,Torr,23.cross_gate_connectingPort1,23.cross_gate_connectingPort1/MassSpecData-02115-20261006-204655.csv,13.73685
2026-10-06 20:47:25.821,7.9605e-11,Torr,23.cross_gate_connectingPort1,23.cross_gate_connectingPort1/MassSpecData-02115-20261006-204655.csv,13.740316666666667
2026-10-06 20:47:26.029,7.7643e-11,Torr,23.cross_gate_connectingPort1,23.cross_gate_connectingPort1/MassSpecData-02115-20261006-204655.csv,13.743783333333333
2026-10-06 20:47:26.238,8.6246e-11,Torr,23.cross_gate_connectingPort1,23.cross_gate_connectingPort1/MassSpecData-02115-20261006-204655.csv,13.747266666666667
2026-10-06 20:47:26.446,7.1911e-11,Torr,23.cross_gate_connectingPort1,23.cross_gate_connectingPort1/MassSpecData-02115-20261006-204655.csv,13.750733333333333
2026-10-06 20:47:26.654,8.5038e-11,Torr,23.cross_gate_connectingPort1,23.cross_gate_connectingPort1/MassSpecData-02115-20261006-204655.csv,13.754199999999999
2026-10-06 20:47:26.863,7.3533e-11,Torr,23.cross_gate_connectingPort1,23.cross_gate_connectingPort1/MassSpecData-02115-20261006-204655.csv,13.757683333333334
2026-10-06 20:47:27.071,7.4231e-11,Torr,23.cross_gate_connectingPort1,23.cross_gate_connectingPort1/MassSpecData-02115-20261006-204655.csv,13.761149999999999
2026-10-06 20:47:27.279,8.2714e-11,Torr,23.cross_gate_connectingPort1,23.cross_gate_connectingPort1/MassSpecData-02115-20261006-204655.csv,13.764616666666665
2026-10-06 20:47:27.488,8.1009e-11,Torr,23.cross_gate_connectingPort1,23.cross_gate_connectingPort1/MassSpecData-02115-20261006-204655.csv,13.7681
2026-10-06 20:47:27.696,8.6631e-11,Torr,23.cross_gate_connectingPort1,23.cross_gate_connectingPort1/MassSpecData-02115-20261006-204655.csv,13.771566666666667
2026-10-06 20:47:27.904,8.6931e-11,Torr,23.cross_gate_connectingPort1,23.cross_gate_connectingPort1/MassSpecData-02115-20261006-204655.csv,13.775033333333333
2026-10-06 20:47:28.113,8.4933e-11,Torr,23.cross_gate_connectingPort1,23.cross_gate_connectingPort1/MassSpecData-02115-20261006-204655.csv,13.778516666666667
2026-10-06 20:47:28.321,6.9064e-11,Torr,23.cross_gate_connectingPort1,23.cross_gate_connectingPort1/MassSpecData-02115-20261006-204655.csv,13.781983333333333
2026-10-06 20:47:28.529,7.59e-11,Torr,23.cross_gate_connectingPort1,23.cross_gate_connectingPort1/MassSpecData-02115-20261006-204655.csv,13.785449999999999
2026-10-06 20:47:28.738,8.3886e-11,Torr,23.cross_gate_connectingPort1,23.cross_gate_connectingPort1/MassSpecData-02115-20261006-204655.csv,13.788933333333334
2026-10-06 20:47:28.946,7.8029e-11,Torr,23.cross_gate_connectingPort1,23.cross_gate_connectingPort1/MassSpecData-02115-20261006-204655.csv,13.792399999999999
2026-10-06 20:47:29.154,9.1202e-11,Torr,23.cross_gate_connectingPort1,23.cross_gate_connectingPort1/MassSpecData-02115-20261006-204655.csv,13.795866666666665
2026-10-06 20:47:29.363,7.1447e-11,Torr,23.cross_gate_connectingPort1,23.cross_gate_connectingPort1/MassSpecData-02115-20261006-204655.csv,13.79935
2026-10-06 20:47:29.571,7.881e-11,Torr,23.cross_gate_connectingPort1,23.cross_gate_connectingPort1/MassSpecData-02115-20261006-204655.csv,13.802816666666667
2026-10-06 20:47:29.779,7.3017e-11,Torr,23.cross_gate_connectingPort1,23.cross_gate_connectingPort1/MassSpecData-02115-20261006-204655.csv,13.806283333333333
2026-10-06 20:47:29.988,7.7173e-11,Torr,23.cross_gate_connectingPort1,23.cross_gate_connectingPort1/MassSpecData-02115-20261006-204655.csv,13.809766666666667
2026-10-06 20:47:30.196,7.9225e-11,Torr,23.cross_gate_connectingPort1,23.cross_gate_connectingPort1/MassSpecData-02115-20261006-204655.csv,13.813233333333333
2026-10-06 20:47:30.404,7.8665e-11,Torr,23.cross_gate_connectingPort1,23.cross_gate_connectingPort1/MassSpecData-02115-20261006-204655.csv,13.816699999999999
2026-10-06 20:47:30.613,1.0614e-10,Torr,23.cross_gate_connectingPort1,23.cross_gate_connectingPort1/MassSpecData-02115-20261006-204655.csv,13.820183333333334
2026-10-06 20:47:30.821,8.9815e-11,Torr,23.cross_gate_connectingPort1,23.cross_gate_connectingPort1/MassSpecData-02115-20261006-204655.csv,13.823649999999999
2026-10-06 20:47:31.029,8.0821e-11,Torr,23.cross_gate_connectingPort1,23.cross_gate_connectingPort1/MassSpecData-02115-20261006-204655.csv,13.827116666666665
2026-10-06 20:47:31.238,7.8299e-11,Torr,23.cross_gate_connectingPort1,23.cross_gate_connectingPort1/MassSpecData-02115-20261006-204655.csv,13.8306
2026-10-06 20:47:31.446,8.1473e-11,Torr,23.cross_gate_connectingPort1,23.cross_gate_connectingPort1/MassSpecData-02115-20261006-204655.csv,13.834066666666667
2026-10-06 20:47:31.654,8.9997e-11,Torr,23.cross_gate_connectingPort1,23.cross_gate_connectingPort1/MassSpecData-02115-20261006-204655.csv,13.837533333333333
2026-10-06 20:47:31.863,7.4662e-11,Torr,23.cross_gate_connectingPort1,23.cross_gate_connectingPort1/MassSpecData-02115-20261006-204655.csv,13.841016666666667
2026-10-06 20:47:32.071,8.1925e-11,Torr,23.cross_gate_connectingPort1,23.cross_gate_connectingPort1/MassSpecData-02115-20261006-204655.csv,13.844483333333333
2026-10-06 20:47:32.279,8.0878e-11,Torr,23.cross_gate_connectingPort1,23.cross_gate_connectingPort1/MassSpecData-02115-20261006-204655.csv,13.847949999999999
2026-10-06 20:47:32.488,8.8534e-11,Torr,23.cross_gate_connectingPort1,23.cross_gate_connectingPort1/MassSpecData-02115-20261006-204655.csv,13.851433333333334
2026-10-06 20:47:32.696,7.2165e-11,Torr,23.cross_gate_connectingPort1,23.cross_gate_connectingPort1/MassSpecData-02115-20261006-204655.csv,13.854899999999999
2026-10-06 20:47:32.904,7.5211e-11,Torr,23.cross_gate_connectingPort1,23.cross_gate_connectingPort1/MassSpecData-02115-20261006-204655.csv,13.858366666666665
2026-10-06 20:47:33.113,7.1051e-11,Torr,23.cross_gate_connectingPort1,23.cross_gate_connectingPort1/MassSpecData-02115-20261006-204655.csv,13.86185
2026-10-06 20:47:33.321,8.0275e-11,Torr,23.cross_gate_connectingPort1,23.cross_gate_connectingPort1/MassSpecData-02115-20261006-204655.csv,13.865316666666667
2026-10-06 20:47:33.530,8.2932e-11,Torr,23.cross_gate_connectingPort1,23.cross_gate_connectingPort1/MassSpecData-02115-20261006-204655.csv,13.8688
2026-10-06 20:47:33.738,8.7892e-11,Torr,23.cross_gate_connectingPort1,23.cross_gate_connectingPort1/MassSpecData-02115-20261006-204655.csv,13.872266666666667
2026-10-06 20:47:33.946,7.9719e-11,Torr,23.cross_gate_connectingPort1,23.cross_gate_connectingPort1/MassSpecData-02115-20261006-204655.csv,13.875733333333333
2026-10-06 20:47:34.155,8.2468e-11,Torr,23.cross_gate_connectingPort1,23.cross_gate_connectingPort1/MassSpecData-02115-20261006-204655.csv,13.879216666666668
2026-10-06 20:47:34.363,7.1591e-11,Torr,23.cross_gate_connectingPort1,23.cross_gate_connectingPort1/MassSpecData-02115-20261006-204655.csv,13.882683333333334
2026-10-06 20:47:34.571,7.0849e-11,Torr,23.cross_gate_connectingPort1,23.cross_gate_connectingPort1/MassSpecData-02115-20261006-204655.csv,13.886149999999999
2026-10-06 20:47:34.780,8.5123e-11,Torr,23.cross_gate_connectingPort1,23.cross_gate_connectingPort1/MassSpecData-02115-20261006-204655.csv,13.889633333333334
2026-10-06 20:47:34.988,7.1558e-11,Torr,23.cross_gate_connectingPort1,23.cross_gate_connectingPort1/MassSpecData-02115-20261006-204655.csv,13.8931
2026-10-06 20:47:35.196,7.7721e-11,Torr,23.cross_gate_connectingPort1,23.cross_gate_connectingPort1/MassSpecData-02115-20261006-204655.csv,13.896566666666667
2026-10-06 20:47:35.405,8.411e-11,Torr,23.cross_gate_connectingPort1,23.cross_gate_connectingPort1/MassSpecData-02115-20261006-204655.csv,13.90005
2026-10-06 20:47:35.613,7.8732e-11,Torr,23.cross_gate_connectingPort1,23.cross_gate_connectingPort1/MassSpecData-02115-20261006-204655.csv,13.903516666666667
2026-10-06 20:47:35.821,8.4413e-11,Torr,23.cross_gate_connectingPort1,23.cross_gate_connectingPort1/MassSpecData-02115-20261006-204655.csv,13.906983333333333
2026-10-06 20:47:36.030,7.8613e-11,Torr,23.cross_gate_connectingPort1,23.cross_gate_connectingPort1/MassSpecData-02115-20261006-204655.csv,13.910466666666668
2026-10-06 20:47:36.238,9.8472e-11,Torr,23.cross_gate_connectingPort1,23.cross_gate_connectingPort1/MassSpecData-02115-20261006-204655.csv,13.913933333333334
2026-10-06 20:47:36.446,9.4875e-11,Torr,23.cross_gate_connectingPort1,23.cross_gate_connectingPort1/MassSpecData-02115-20261006-204655.csv,13.917399999999999
2026-10-06 20:47:36.655,8.8426e-11,Torr,23.cross_gate_connectingPort1,23.cross_gate_connectingPort1/MassSpecData-02115-20261006-204655.csv,13.920883333333334
2026-10-06 20:47:36.863,7.0775e-11,Torr,23.cross_gate_connectingPort1,23.cross_gate_connectingPort1/MassSpecData-02115-20261006-204655.csv,13.92435
2026-10-06 20:47:37.071,7.7875e-11,Torr,23.cross_gate_connectingPort1,23.cross_gate_connectingPort1/MassSpecData-02115-20261006-204655.csv,13.927816666666667
2026-10-06 20:47:37.410,7.7974e-11,Torr,23.cross_gate_connectingPort1,23.cross_gate_connectingPort1/MassSpecData-02115-20261006-204737.csv,13.933466666666668
2026-10-06 20:47:37.618,7.4434e-11,Torr,23.cross_gate_connectingPort1,23.cross_gate_connectingPort1/MassSpecData-02115-20261006-204737.csv,13.936933333333334
2026-10-06 20:47:37.827,7.9413e-11,Torr,23.cross_gate_connectingPort1,23.cross_gate_connectingPort1/MassSpecData-02115-20261006-204737.csv,13.940416666666666
2026-10-06 20:47:38.035,9.6793e-11,Torr,23.cross_gate_connectingPort1,23.cross_gate_connectingPort1/MassSpecData-02115-20261006-204737.csv,13.943883333333334
2026-10-06 20:47:38.243,8.7173e-11,Torr,23.cross_gate_connectingPort1,23.cross_gate_connectingPort1/MassSpecData-02115-20261006-204737.csv,13.94735
2026-10-06 20:47:38.452,8.1349e-11,Torr,23.cross_gate_connectingPort1,23.cross_gate_connectingPort1/MassSpecData-02115-20261006-204737.csv,13.950833333333332
2026-10-06 20:47:38.660,8.0708e-11,Torr,23.cross_gate_connectingPort1,23.cross_gate_connectingPort1/MassSpecData-02115-20261006-204737.csv,13.9543
2026-10-06 20:47:38.868,7.6638e-11,Torr,23.cross_gate_connectingPort1,23.cross_gate_connectingPort1/MassSpecData-02115-20261006-204737.csv,13.957766666666666
2026-10-06 20:47:39.076,7.8928e-11,Torr,23.cross_gate_connectingPort1,23.cross_gate_connectingPort1/MassSpecData-02115-20261006-204737.csv,13.961233333333332
2026-10-06 20:47:39.285,8.0095e-11,Torr,23.cross_gate_connectingPort1,23.cross_gate_connectingPort1/MassSpecData-02115-20261006-204737.csv,13.964716666666668
2026-10-06 20:47:39.493,9.3063e-11,Torr,23.cross_gate_connectingPort1,23.cross_gate_connectingPort1/MassSpecData-02115-20261006-204737.csv,13.968183333333334
2026-10-06 20:47:39.702,7.4408e-11,Torr,23.cross_gate_connectingPort1,23.cross_gate_connectingPort1/MassSpecData-02115-20261006-204737.csv,13.971666666666666
2026-10-06 20:47:39.910,7.5985e-11,Torr,23.cross_gate_connectingPort1,23.cross_gate_connectingPort1/MassSpecData-02115-20261006-204737.csv,13.975133333333334
2026-10-06 20:47:40.118,7.7293e-11,Torr,23.cross_gate_connectingPort1,23.cross_gate_connectingPort1/MassSpecData-02115-20261006-204737.csv,13.9786
2026-10-06 20:47:40.327,8.9893e-11,Torr,23.cross_gate_connectingPort1,23.cross_gate_connectingPort1/MassSpecData-02115-20261006-204737.csv,13.982083333333332
2026-10-06 20:47:40.535,9.1019e-11,Torr,23.cross_gate_connectingPort1,23.cross_gate_connectingPort1/MassSpecData-02115-20261006-204737.csv,13.98555
2026-10-06 20:47:40.743,7.5198e-11,Torr,23.cross_gate_connectingPort1,23.cross_gate_connectingPort1/MassSpecData-02115-20261006-204737.csv,13.989016666666666
2026-10-06 20:47:40.952,7.8716e-11,Torr,23.cross_gate_connectingPort1,23.cross_gate_connectingPort1/MassSpecData-02115-20261006-204737.csv,13.9925
2026-10-06 20:47:41.160,7.3946e-11,Torr,23.cross_gate_connectingPort1,23.cross_gate_connectingPort1/MassSpecData-02115-20261006-204737.csv,13.995966666666668
2026-10-06 20:47:41.368,8.1239e-11,Torr,23.cross_gate_connectingPort1,23.cross_gate_connectingPort1/MassSpecData-02115-20261006-204737.csv,13.999433333333334
2026-10-06 20:47:41.577,8.6477e-11,Torr,23.cross_gate_connectingPort1,23.cross_gate_connectingPort1/MassSpecData-02115-20261006-204737.csv,14.002916666666666
2026-10-06 20:47:41.785,9.8794e-11,Torr,23.cross_gate_connectingPort1,23.cross_gate_connectingPort1/MassSpecData-02115-20261006-204737.csv,14.006383333333334
2026-10-06 20:47:41.993,7.6033e-11,Torr,23.cross_gate_connectingPort1,23.cross_gate_connectingPort1/MassSpecData-02115-20261006-204737.csv,14.00985
2026-10-06 20:47:42.202,8.0751e-11,Torr,23.cross_gate_connectingPort1,23.cross_gate_connectingPort1/MassSpecData-02115-20261006-204737.csv,14.013333333333332
2026-10-06 20:47:42.410,8.7257e-11,Torr,23.cross_gate_connectingPort1,23.cross_gate_connectingPort1/MassSpecData-02115-20261006-204737.csv,14.0168
2026-10-06 20:47:42.618,7.4854e-11,Torr,23.cross_gate_connectingPort1,23.cross_gate_connectingPort1/MassSpecData-02115-20261006-204737.csv,14.020266666666666
2026-10-06 20:47:42.826,8.7671e-11,Torr,23.cross_gate_connectingPort1,23.cross_gate_connectingPort1/MassSpecData-02115-20261006-204737.csv,14.023733333333332
2026-10-06 20:47:43.035,7.564e-11,Torr,23.cross_gate_connectingPort1,23.cross_gate_connectingPort1/MassSpecData-02115-20261006-204737.csv,14.027216666666668
2026-10-06 20:47:43.243,7.1589e-11,Torr,23.cross_gate_connectingPort1,23.cross_gate_connectingPort1/MassSpecData-02115-20261006-204737.csv,14.030683333333334
2026-10-06 20:47:43.451,8.1046e-11,Torr,23.cross_gate_connectingPort1,23.cross_gate_connectingPort1/MassSpecData-02115-20261006-204737.csv,14.03415
2026-10-06 20:47:43.660,8.7957e-11,Torr,23.cross_gate_connectingPort1,23.cross_gate_connectingPort1/MassSpecData-02115-20261006-204737.csv,14.037633333333334
2026-10-06 20:47:43.868,9.0686e-11,Torr,23.cross_gate_connectingPort1,23.cross_gate_connectingPort1/MassSpecData-02115-20261006-204737.csv,14.0411
2026-10-06 20:47:44.076,9.6543e-11,Torr,23.cross_gate_connectingPort1,23.cross_gate_connectingPort1/MassSpecData-02115-20261006-204737.csv,14.044566666666666
2026-10-06 20:47:44.285,8.1689e-11,Torr,23.cross_gate_connectingPort1,23.cross_gate_connectingPort1/MassSpecData-02115-20261006-204737.csv,14.04805
2026-10-06 20:47:44.493,8.005e-11,Torr,23.cross_gate_connectingPort1,23.cross_gate_connectingPort1/MassSpecData-02115-20261006-204737.csv,14.051516666666666
2026-10-06 20:47:44.701,6.576e-11,Torr,23.cross_gate_connectingPort1,23.cross_gate_connectingPort1/MassSpecData-02115-20261006-204737.csv,14.054983333333332
2026-10-06 20:47:44.910,9.1586e-11,Torr,23.cross_gate_connectingPort1,23.cross_gate_connectingPort1/MassSpecData-02115-20261006-204737.csv,14.058466666666668
2026-10-06 20:47:45.118,7.8477e-11,Torr,23.cross_gate_connectingPort1,23.cross_gate_connectingPort1/MassSpecData-02115-20261006-204737.csv,14.061933333333334
2026-10-06 20:47:45.326,7.7145e-11,Torr,23.cross_gate_connectingPort1,23.cross_gate_connectingPort1/MassSpecData-02115-20261006-204737.csv,14.0654
2026-10-06 20:47:45.535,8.0917e-11,Torr,23.cross_gate_connectingPort1,23.cross_gate_connectingPort1/MassSpecData-02115-20261006-204737.csv,14.068883333333334
2026-10-06 20:47:45.743,9.8768e-11,Torr,23.cross_gate_connectingPort1,23.cross_gate_connectingPort1/MassSpecData-02115-20261006-204737.csv,14.07235
2026-10-06 20:47:45.951,7.1226e-11,Torr,23.cross_gate_connectingPort1,23.cross_gate_connectingPort1/MassSpecData-02115-20261006-204737.csv,14.075816666666666
2026-10-06 20:47:46.160,7.7652e-11,Torr,23.cross_gate_connectingPort1,23.cross_gate_connectingPort1/MassSpecData-02115-20261006-204737.csv,14.0793
2026-10-06 20:47:46.368,7.2601e-11,Torr,23.cross_gate_connectingPort1,23.cross_gate_connectingPort1/MassSpecData-02115-20261006-204737.csv,14.082766666666666
2026-10-06 20:47:46.577,7.741e-11,Torr,23.cross_gate_connectingPort1,23.cross_gate_connectingPort1/MassSpecData-02115-20261006-204737.csv,14.08625
2026-10-06 20:47:46.785,7.9592e-11,Torr,23.cross_gate_connectingPort1,23.cross_gate_connectingPort1/MassSpecData-02115-20261006-204737.csv,14.089716666666668
2026-10-06 20:47:46.993,8.6368e-11,Torr,23.cross_gate_connectingPort1,23.cross_gate_connectingPort1/MassSpecData-02115-20261006-204737.csv,14.093183333333334
2026-10-06 20:47:47.202,7.5692e-11,Torr,23.cross_gate_connectingPort1,23.cross_gate_connectingPort1/MassSpecData-02115-20261006-204737.csv,14.096666666666666
2026-10-06 20:47:47.410,7.3103e-11,Torr,23.cross_gate_connectingPort1,23.cross_gate_connectingPort1/MassSpecData-02115-20261006-204737.csv,14.100133333333334
2026-10-06 20:47:47.618,7.4727e-11,Torr,23.cross_gate_connectingPort1,23.cross_gate_connectingPort1/MassSpecData-02115-20261006-204737.csv,14.1036
2026-10-06 20:47:47.827,9.5515e-11,Torr,23.cross_gate_connectingPort1,23.cross_gate_connectingPort1/MassSpecData-02115-20261006-204737.csv,14.107083333333332
2026-10-06 20:47:48.035,6.9752e-11,Torr,23.cross_gate_connectingPort1,23.cross_gate_connectingPort1/MassSpecData-02115-20261006-204737.csv,14.11055
2026-10-06 20:47:48.243,7.692e-11,Torr,23.cross_gate_connectingPort1,23.cross_gate_connectingPort1/MassSpecData-02115-20261006-204737.csv,14.114016666666666
2026-10-06 20:47:48.452,9.0068e-11,Torr,23.cross_gate_connectingPort1,23.cross_gate_connectingPort1/MassSpecData-02115-20261006-204737.csv,14.1175
2026-10-06 20:47:48.660,7.2616e-11,Torr,23.cross_gate_connectingPort1,23.cross_gate_connectingPort1/MassSpecData-02115-20261006-204737.csv,14.120966666666668
2026-10-06 20:47:48.868,7.7271e-11,Torr,23.cross_gate_connectingPort1,23.cross_gate_connectingPort1/MassSpecData-02115-20261006-204737.csv,14.124433333333334
2026-10-06 20:47:49.077,9.0531e-11,Torr,23.cross_gate_connectingPort1,23.cross_gate_connectingPort1/MassSpecData-02115-20261006-204737.csv,14.127916666666666
2026-10-06 20:47:49.285,9.5299e-11,Torr,23.cross_gate_connectingPort1,23.cross_gate_connectingPort1/MassSpecData-02115-20261006-204737.csv,14.131383333333334
2026-10-06 20:47:49.493,9.2885e-11,Torr,23.cross_gate_connectingPort1,23.cross_gate_connectingPort1/MassSpecData-02115-20261006-204737.csv,14.13485
2026-10-06 20:47:49.702,6.7093e-11,Torr,23.cross_gate_connectingPort1,23.cross_gate_connectingPort1/MassSpecData-02115-20261006-204737.csv,14.138333333333332
2026-10-06 20:47:49.910,6.1581e-11,Torr,23.cross_gate_connectingPort1,23.cross_gate_connectingPort1/MassSpecData-02115-20261006-204737.csv,14.1418
2026-10-06 20:47:50.118,8.074e-11,Torr,23.cross_gate_connectingPort1,23.cross_gate_connectingPort1/MassSpecData-02115-20261006-204737.csv,14.145266666666666
2026-10-06 20:47:50.327,8.7164e-11,Torr,23.cross_gate_connectingPort1,23.cross_gate_connectingPort1/MassSpecData-02115-20261006-204737.csv,14.14875
2026-10-06 20:47:50.535,1.0009e-10,Torr,23.cross_gate_connectingPort1,23.cross_gate_connectingPort1/MassSpecData-02115-20261006-204737.csv,14.152216666666668
2026-10-06 20:47:50.743,6.9414e-11,Torr,23.cross_gate_connectingPort1,23.cross_gate_connectingPort1/MassSpecData-02115-20261006-204737.csv,14.155683333333334
2026-10-06 20:47:50.952,7.7892e-11,Torr,23.cross_gate_connectingPort1,23.cross_gate_connectingPort1/MassSpecData-02115-20261006-204737.csv,14.159166666666666
2026-10-06 20:47:51.160,8.1694e-11,Torr,23.cross_gate_connectingPort1,23.cross_gate_connectingPort1/MassSpecData-02115-20261006-204737.csv,14.162633333333334
2026-10-06 20:47:51.368,7.3659e-11,Torr,23.cross_gate_connectingPort1,23.cross_gate_connectingPort1/MassSpecData-02115-20261006-204737.csv,14.1661
2026-10-06 20:47:51.577,7.6049e-11,Torr,23.cross_gate_connectingPort1,23.cross_gate_connectingPort1/MassSpecData-02115-20261006-204737.csv,14.169583333333332
2026-10-06 20:47:51.785,7.4084e-11,Torr,23.cross_gate_connectingPort1,23.cross_gate_connectingPort1/MassSpecData-02115-20261006-204737.csv,14.17305
2026-10-06 20:47:51.993,8.9032e-11,Torr,23.cross_gate_connectingPort1,23.cross_gate_connectingPort1/MassSpecData-02115-20261006-204737.csv,14.176516666666666
2026-10-06 20:47:52.202,6.724e-11,Torr,23.cross_gate_connectingPort1,23.cross_gate_connectingPort1/MassSpecData-02115-20261006-204737.csv,14.18
2026-10-06 20:47:52.410,7.9126e-11,Torr,23.cross_gate_connectingPort1,23.cross_gate_connectingPort1/MassSpecData-02115-20261006-204737.csv,14.183466666666668
2026-10-06 20:47:52.618,7.2265e-11,Torr,23.cross_gate_connectingPort1,23.cross_gate_connectingPort1/MassSpecData-02115-20261006-204737.csv,14.186933333333334
2026-10-06 20:47:52.827,8.8701e-11,Torr,23.cross_gate_connectingPort1,23.cross_gate_connectingPort1/MassSpecData-02115-20261006-204737.csv,14.190416666666666
2026-10-06 20:47:53.035,8.9752e-11,Torr,23.cross_gate_connectingPort1,23.cross_gate_connectingPort1/MassSpecData-02115-20261006-204737.csv,14.193883333333334
2026-10-06 20:47:53.243,7.395e-11,Torr,23.cross_gate_connectingPort1,23.cross_gate_connectingPort1/MassSpecData-02115-20261006-204737.csv,14.19735
2026-10-06 20:47:53.452,7.4408e-11,Torr,23.cross_gate_connectingPort1,23.cross_gate_connectingPort1/MassSpecData-02115-20261006-204737.csv,14.200833333333332
2026-10-06 20:47:53.660,7.7043e-11,Torr,23.cross_gate_connectingPort1,23.cross_gate_connectingPort1/MassSpecData-02115-20261006-204737.csv,14.2043
2026-10-06 20:47:53.868,7.4089e-11,Torr,23.cross_gate_connectingPort1,23.cross_gate_connectingPort1/MassSpecData-02115-20261006-204737.csv,14.207766666666666
2026-10-06 20:47:54.077,9.0864e-11,Torr,23.cross_gate_connectingPort1,23.cross_gate_connectingPort1/MassSpecData-02115-20261006-204737.csv,14.21125
2026-10-06 20:47:54.285,7.9727e-11,Torr,23.cross_gate_connectingPort1,23.cross_gate_connectingPort1/MassSpecData-02115-20261006-204737.csv,14.214716666666668
2026-10-06 20:47:54.493,7.8257e-11,Torr,23.cross_gate_connectingPort1,23.cross_gate_connectingPort1/MassSpecData-02115-20261006-204737.csv,14.218183333333334
2026-10-06 20:47:54.702,7.8067e-11,Torr,23.cross_gate_connectingPort1,23.cross_gate_connectingPort1/MassSpecData-02115-20261006-204737.csv,14.221666666666666
2026-10-06 20:47:54.910,8.187e-11,Torr,23.cross_gate_connectingPort1,23.cross_gate_connectingPort1/MassSpecData-02115-20261006-204737.csv,14.225133333333334
2026-10-06 20:47:55.118,8.9305e-11,Torr,23.cross_gate_connectingPort1,23.cross_gate_connectingPort1/MassSpecData-02115-20261006-204737.csv,14.2286
2026-10-06 20:47:55.327,7.6974e-11,Torr,23.cross_gate_connectingPort1,23.cross_gate_connectingPort1/MassSpecData-02115-20261006-204737.csv,14.232083333333332
2026-10-06 20:47:55.535,7.5987e-11,Torr,23.cross_gate_connectingPort1,23.cross_gate_connectingPort1/MassSpecData-02115-20261006-204737.csv,14.23555
2026-10-06 20:47:55.743,8.8457e-11,Torr,23.cross_gate_connectingPort1,23.cross_gate_connectingPort1/MassSpecData-02115-20261006-204737.csv,14.239016666666666
2026-10-06 20:47:55.952,8.5168e-11,Torr,23.cross_gate_connectingPort1,23.cross_gate_connectingPort1/MassSpecData-02115-20261006-204737.csv,14.2425
2026-10-06 20:47:56.160,8.1695e-11,Torr,23.cross_gate_connectingPort1,23.cross_gate_connectingPort1/MassSpecData-02115-20261006-204737.csv,14.245966666666668
2026-10-06 20:47:56.368,8.1714e-11,Torr,23.cross_gate_connectingPort1,23.cross_gate_connectingPort1/MassSpecData-02115-20261006-204737.csv,14.249433333333334
2026-10-06 20:47:56.577,7.6978e-11,Torr,23.cross_gate_connectingPort1,23.cross_gate_connectingPort1/MassSpecData-02115-20261006-204737.csv,14.252916666666666
2026-10-06 20:47:56.785,7.5982e-11,Torr,23.cross_gate_connectingPort1,23.cross_gate_connectingPort1/MassSpecData-02115-20261006-204737.csv,14.256383333333334
2026-10-06 20:47:56.993,9.8828e-11,Torr,23.cross_gate_connectingPort1,23.cross_gate_connectingPort1/MassSpecData-02115-20261006-204737.csv,14.25985
2026-10-06 20:47:57.201,7.0692e-11,Torr,23.cross_gate_connectingPort1,23.cross_gate_connectingPort1/MassSpecData-02115-20261006-204737.csv,14.263316666666666
2026-10-06 20:47:57.410,8.7097e-11,Torr,23.cross_gate_connectingPort1,23.cross_gate_connectingPort1/MassSpecData-02115-20261006-204737.csv,14.2668
2026-10-06 20:47:57.618,1.0151e-10,Torr,23.cross_gate_connectingPort1,23.cross_gate_connectingPort1/MassSpecData-02115-20261006-204737.csv,14.270266666666666
2026-10-06 20:47:57.826,8.9287e-11,Torr,23.cross_gate_connectingPort1,23.cross_gate_connectingPort1/MassSpecData-02115-20261006-204737.csv,14.273733333333332
2026-10-06 20:47:58.035,8.1921e-11,Torr,23.cross_gate_connectingPort1,23.cross_gate_connectingPort1/MassSpecData-02115-20261006-204737.csv,14.277216666666668
2026-10-06 20:47:58.243,7.0891e-11,Torr,23.cross_gate_connectingPort1,23.cross_gate_connectingPort1/MassSpecData-02115-20261006-204737.csv,14.280683333333334
2026-10-06 20:47:58.451,7.4315e-11,Torr,23.cross_gate_connectingPort1,23.cross_gate_connectingPort1/MassSpecData-02115-20261006-204737.csv,14.28415
2026-10-06 20:47:58.660,7.9672e-11,Torr,23.cross_gate_connectingPort1,23.cross_gate_connectingPort1/MassSpecData-02115-20261006-204737.csv,14.287633333333334
2026-10-06 20:47:58.868,7.5018e-11,Torr,23.cross_gate_connectingPort1,23.cross_gate_connectingPort1/MassSpecData-02115-20261006-204737.csv,14.2911
2026-10-06 20:47:59.076,7.3539e-11,Torr,23.cross_gate_connectingPort1,23.cross_gate_connectingPort1/MassSpecData-02115-20261006-204737.csv,14.294566666666666
2026-10-06 20:47:59.285,8.7736e-11,Torr,23.cross_gate_connectingPort1,23.cross_gate_connectingPort1/MassSpecData-02115-20261006-204737.csv,14.29805
2026-10-06 20:47:59.493,8.3305e-11,Torr,23.cross_gate_connectingPort1,23.cross_gate_connectingPort1/MassSpecData-02115-20261006-204737.csv,14.301516666666666
2026-10-06 20:47:59.701,8.0813e-11,Torr,23.cross_gate_connectingPort1,23.cross_gate_connectingPort1/MassSpecData-02115-20261006-204737.csv,14.304983333333332
2026-10-06 20:47:59.910,6.7369e-11,Torr,23.cross_gate_connectingPort1,23.cross_gate_connectingPort1/MassSpecData-02115-20261006-204737.csv,14.308466666666668
2026-10-06 20:48:00.118,8.1508e-11,Torr,23.cross_gate_connectingPort1,23.cross_gate_connectingPort1/MassSpecData-02115-20261006-204737.csv,14.311933333333334
2026-10-06 20:48:00.326,7.7266e-11,Torr,23.cross_gate_connectingPort1,23.cross_gate_connectingPort1/MassSpecData-02115-20261006-204737.csv,14.3154
2026-10-06 20:48:00.535,8.0907e-11,Torr,23.cross_gate_connectingPort1,23.cross_gate_connectingPort1/MassSpecData-02115-20261006-204737.csv,14.318883333333334
2026-10-06 20:48:00.743,9.0032e-11,Torr,23.cross_gate_connectingPort1,23.cross_gate_connectingPort1/MassSpecData-02115-20261006-204737.csv,14.32235
2026-10-06 20:48:00.951,7.8201e-11,Torr,23.cross_gate_connectingPort1,23.cross_gate_connectingPort1/MassSpecData-02115-20261006-204737.csv,14.325816666666666
2026-10-06 20:48:01.160,7.2248e-11,Torr,23.cross_gate_connectingPort1,23.cross_gate_connectingPort1/MassSpecData-02115-20261006-204737.csv,14.3293
2026-10-06 20:48:01.368,8.315e-11,Torr,23.cross_gate_connectingPort1,23.cross_gate_connectingPort1/MassSpecData-02115-20261006-204737.csv,14.332766666666666
2026-10-06 20:48:01.576,8.0788e-11,Torr,23.cross_gate_connectingPort1,23.cross_gate_connectingPort1/MassSpecData-02115-20261006-204737.csv,14.336233333333332
2026-10-06 20:48:01.785,8.2406e-11,Torr,23.cross_gate_connectingPort1,23.cross_gate_connectingPort1/MassSpecData-02115-20261006-204737.csv,14.339716666666668
2026-10-06 20:48:01.993,7.8115e-11,Torr,23.cross_gate_connectingPort1,23.cross_gate_connectingPort1/MassSpecData-02115-20261006-204737.csv,14.343183333333334
2026-10-06 20:48:02.201,8.1707e-11,Torr,23.cross_gate_connectingPort1,23.cross_gate_connectingPort1/MassSpecData-02115-20261006-204737.csv,14.34665
2026-10-06 20:48:02.410,9.3637e-11,Torr,23.cross_gate_connectingPort1,23.cross_gate_connectingPort1/MassSpecData-02115-20261006-204737.csv,14.350133333333334
2026-10-06 20:48:02.618,7.9658e-11,Torr,23.cross_gate_connectingPort1,23.cross_gate_connectingPort1/MassSpecData-02115-20261006-204737.csv,14.3536
2026-10-06 20:48:02.826,7.684e-11,Torr,23.cross_gate_connectingPort1,23.cross_gate_connectingPort1/MassSpecData-02115-20261006-204737.csv,14.357066666666666
2026-10-06 20:48:03.035,7.9408e-11,Torr,23.cross_gate_connectingPort1,23.cross_gate_connectingPort1/MassSpecData-02115-20261006-204737.csv,14.36055
2026-10-06 20:48:03.243,7.5642e-11,Torr,23.cross_gate_connectingPort1,23.cross_gate_connectingPort1/MassSpecData-02115-20261006-204737.csv,14.364016666666666
2026-10-06 20:48:03.451,6.7827e-11,Torr,23.cross_gate_connectingPort1,23.cross_gate_connectingPort1/MassSpecData-02115-20261006-204737.csv,14.367483333333332
2026-10-06 20:48:03.660,8.525e-11,Torr,23.cross_gate_connectingPort1,23.cross_gate_connectingPort1/MassSpecData-02115-20261006-204737.csv,14.370966666666668
2026-10-06 20:48:03.868,7.9614e-11,Torr,23.cross_gate_connectingPort1,23.cross_gate_connectingPort1/MassSpecData-02115-20261006-204737.csv,14.374433333333334
2026-10-06 20:48:04.076,7.8086e-11,Torr,23.cross_gate_connectingPort1,23.cross_gate_connectingPort1/MassSpecData-02115-20261006-204737.csv,14.3779
2026-10-06 20:48:04.285,7.4838e-11,Torr,23.cross_gate_connectingPort1,23.cross_gate_connectingPort1/MassSpecData-02115-20261006-204737.csv,14.381383333333334
2026-10-06 20:48:04.493,7.7022e-11,Torr,23.cross_gate_connectingPort1,23.cross_gate_connectingPort1/MassSpecData-02115-20261006-204737.csv,14.38485
2026-10-06 20:48:04.701,8.1915e-11,Torr,23.cross_gate_connectingPort1,23.cross_gate_connectingPort1/MassSpecData-02115-20261006-204737.csv,14.388316666666666
2026-10-06 20:48:04.910,7.8579e-11,Torr,23.cross_gate_connectingPort1,23.cross_gate_connectingPort1/MassSpecData-02115-20261006-204737.csv,14.3918
2026-10-06 20:48:05.118,8.0079e-11,Torr,23.cross_gate_connectingPort1,23.cross_gate_connectingPort1/MassSpecData-02115-20261006-204737.csv,14.395266666666666
2026-10-06 20:48:05.326,8.1624e-11,Torr,23.cross_gate_connectingPort1,23.cross_gate_connectingPort1/MassSpecData-02115-20261006-204737.csv,14.398733333333332
2026-10-06 20:48:05.535,9.0046e-11,Torr,23.cross_gate_connectingPort1,23.cross_gate_connectingPort1/MassSpecData-02115-20261006-204737.csv,14.402216666666668
2026-10-06 20:48:05.743,8.0238e-11,Torr,23.cross_gate_connectingPort1,23.cross_gate_connectingPort1/MassSpecData-02115-20261006-204737.csv,14.405683333333334
2026-10-06 20:48:05.951,8.0829e-11,Torr,23.cross_gate_connectingPort1,23.cross_gate_connectingPort1/MassSpecData-02115-20261006-204737.csv,14.40915
2026-10-06 20:48:06.160,8.3176e-11,Torr,23.cross_gate_connectingPort1,23.cross_gate_connectingPort1/MassSpecData-02115-20261006-204737.csv,14.412633333333334
2026-10-06 20:48:06.368,8.7441e-11,Torr,23.cross_gate_connectingPort1,23.cross_gate_connectingPort1/MassSpecData-02115-20261006-204737.csv,14.4161
2026-10-06 20:48:06.576,8.4095e-11,Torr,23.cross_gate_connectingPort1,23.cross_gate_connectingPort1/MassSpecData-02115-20261006-204737.csv,14.419566666666666
2026-10-06 20:48:06.785,9.4117e-11,Torr,23.cross_gate_connectingPort1,23.cross_gate_connectingPort1/MassSpecData-02115-20261006-204737.csv,14.42305
2026-10-06 20:48:06.993,7.5322e-11,Torr,23.cross_gate_connectingPort1,23.cross_gate_connectingPort1/MassSpecData-02115-20261006-204737.csv,14.426516666666666
2026-10-06 20:48:07.201,8.5111e-11,Torr,23.cross_gate_connectingPort1,23.cross_gate_connectingPort1/MassSpecData-02115-20261006-204737.csv,14.429983333333332
2026-10-06 20:48:07.410,7.8767e-11,Torr,23.cross_gate_connectingPort1,23.cross_gate_connectingPort1/MassSpecData-02115-20261006-204737.csv,14.433466666666668
2026-10-06 20:48:07.618,1.0092e-10,Torr,23.cross_gate_connectingPort1,23.cross_gate_connectingPort1/MassSpecData-02115-20261006-204737.csv,14.436933333333334
2026-10-06 20:48:07.826,9.9878e-11,Torr,23.cross_gate_connectingPort1,23.cross_gate_connectingPort1/MassSpecData-02115-20261006-204737.csv,14.4404
2026-10-06 20:48:08.035,9.7542e-11,Torr,23.cross_gate_connectingPort1,23.cross_gate_connectingPort1/MassSpecData-02115-20261006-204737.csv,14.443883333333334
2026-10-06 20:48:08.243,9.0663e-11,Torr,23.cross_gate_connectingPort1,23.cross_gate_connectingPort1/MassSpecData-02115-20261006-204737.csv,14.44735
2026-10-06 20:48:08.451,7.5371e-11,Torr,23.cross_gate_connectingPort1,23.cross_gate_connectingPort1/MassSpecData-02115-20261006-204737.csv,14.450816666666666
2026-10-06 20:48:08.660,7.7813e-11,Torr,23.cross_gate_connectingPort1,23.cross_gate_connectingPort1/MassSpecData-02115-20261006-204737.csv,14.4543
2026-10-06 20:48:08.868,7.5132e-11,Torr,23.cross_gate_connectingPort1,23.cross_gate_connectingPort1/MassSpecData-02115-20261006-204737.csv,14.457766666666666
2026-10-06 20:48:09.076,7.5667e-11,Torr,23.cross_gate_connectingPort1,23.cross_gate_connectingPort1/MassSpecData-02115-20261006-204737.csv,14.461233333333332
2026-10-06 20:48:09.285,8.7714e-11,Torr,23.cross_gate_connectingPort1,23.cross_gate_connectingPort1/MassSpecData-02115-20261006-204737.csv,14.464716666666668
2026-10-06 20:48:09.493,8.168e-11,Torr,23.cross_gate_connectingPort1,23.cross_gate_connectingPort1/MassSpecData-02115-20261006-204737.csv,14.468183333333334
2026-10-06 20:48:09.701,7.3952e-11,Torr,23.cross_gate_connectingPort1,23.cross_gate_connectingPort1/MassSpecData-02115-20261006-204737.csv,14.47165
2026-10-06 20:48:09.910,7.3077e-11,Torr,23.cross_gate_connectingPort1,23.cross_gate_connectingPort1/MassSpecData-02115-20261006-204737.csv,14.475133333333334
2026-10-06 20:48:10.118,7.2829e-11,Torr,23.cross_gate_connectingPort1,23.cross_gate_connectingPort1/MassSpecData-02115-20261006-204737.csv,14.4786
2026-10-06 20:48:10.326,7.0084e-11,Torr,23.cross_gate_connectingPort1,23.cross_gate_connectingPort1/MassSpecData-02115-20261006-204737.csv,14.482066666666666
2026-10-06 20:48:10.535,7.5842e-11,Torr,23.cross_gate_connectingPort1,23.cross_gate_connectingPort1/MassSpecData-02115-20261006-204737.csv,14.48555
2026-10-06 20:48:10.743,8.7067e-11,Torr,23.cross_gate_connectingPort1,23.cross_gate_connectingPort1/MassSpecData-02115-20261006-204737.csv,14.489016666666666
2026-10-06 20:48:10.951,7.7122e-11,Torr,23.cross_gate_connectingPort1,23.cross_gate_connectingPort1/MassSpecData-02115-20261006-204737.csv,14.492483333333332
2026-10-06 20:48:11.160,8.9632e-11,Torr,23.cross_gate_connectingPort1,23.cross_gate_connectingPort1/MassSpecData-02115-20261006-204737.csv,14.495966666666668
2026-10-06 20:48:11.368,7.4163e-11,Torr,23.cross_gate_connectingPort1,23.cross_gate_connectingPort1/MassSpecData-02115-20261006-204737.csv,14.499433333333334
2026-10-06 20:48:11.576,7.0579e-11,Torr,23.cross_gate_connectingPort1,23.cross_gate_connectingPort1/MassSpecData-02115-20261006-204737.csv,14.5029
2026-10-06 20:48:11.785,8.0654e-11,Torr,23.cross_gate_connectingPort1,23.cross_gate_connectingPort1/MassSpecData-02115-20261006-204737.csv,14.506383333333334
2026-10-06 20:48:11.993,7.7149e-11,Torr,23.cross_gate_connectingPort1,23.cross_gate_connectingPort1/MassSpecData-02115-20261006-204737.csv,14.50985
2026-10-06 20:48:12.201,8.7328e-11,Torr,23.cross_gate_connectingPort1,23.cross_gate_connectingPort1/MassSpecData-02115-20261006-204737.csv,14.513316666666666
2026-10-06 20:48:12.410,8.2067e-11,Torr,23.cross_gate_connectingPort1,23.cross_gate_connectingPort1/MassSpecData-02115-20261006-204737.csv,14.5168
2026-10-06 20:48:12.618,8.353e-11,Torr,23.cross_gate_connectingPort1,23.cross_gate_connectingPort1/MassSpecData-02115-20261006-204737.csv,14.520266666666666
2026-10-06 20:48:12.826,6.9811e-11,Torr,23.cross_gate_connectingPort1,23.cross_gate_connectingPort1/MassSpecData-02115-20261006-204737.csv,14.523733333333332
2026-10-06 20:48:13.035,8.3066e-11,Torr,23.cross_gate_connectingPort1,23.cross_gate_connectingPort1/MassSpecData-02115-20261006-204737.csv,14.527216666666668
2026-10-06 20:48:13.243,9.4138e-11,Torr,23.cross_gate_connectingPort1,23.cross_gate_connectingPort1/MassSpecData-02115-20261006-204737.csv,14.530683333333334
2026-10-06 20:48:13.451,9.436e-11,Torr,23.cross_gate_connectingPort1,23.cross_gate_connectingPort1/MassSpecData-02115-20261006-204737.csv,14.53415
2026-10-06 20:48:13.660,8.7046e-11,Torr,23.cross_gate_connectingPort1,23.cross_gate_connectingPort1/MassSpecData-02115-20261006-204737.csv,14.537633333333334
2026-10-06 20:48:13.868,7.8673e-11,Torr,23.cross_gate_connectingPort1,23.cross_gate_connectingPort1/MassSpecData-02115-20261006-204737.csv,14.5411
2026-10-06 20:48:14.076,7.2531e-11,Torr,23.cross_gate_connectingPort1,23.cross_gate_connectingPort1/MassSpecData-02115-20261006-204737.csv,14.544566666666666
2026-10-06 20:48:14.285,8.8508e-11,Torr,23.cross_gate_connectingPort1,23.cross_gate_connectingPort1/MassSpecData-02115-20261006-204737.csv,14.54805
2026-10-06 20:48:14.493,7.293e-11,Torr,23.cross_gate_connectingPort1,23.cross_gate_connectingPort1/MassSpecData-02115-20261006-204737.csv,14.551516666666666
2026-10-06 20:48:14.701,7.6854e-11,Torr,23.cross_gate_connectingPort1,23.cross_gate_connectingPort1/MassSpecData-02115-20261006-204737.csv,14.554983333333332
2026-10-06 20:48:14.910,9.0159e-11,Torr,23.cross_gate_connectingPort1,23.cross_gate_connectingPort1/MassSpecData-02115-20261006-204737.csv,14.558466666666668
2026-10-06 20:48:15.118,8.1255e-11,Torr,23.cross_gate_connectingPort1,23.cross_gate_connectingPort1/MassSpecData-02115-20261006-204737.csv,14.561933333333334
2026-10-06 20:48:15.327,8.944e-11,Torr,23.cross_gate_connectingPort1,23.cross_gate_connectingPort1/MassSpecData-02115-20261006-204737.csv,14.565416666666666
2026-10-06 20:48:15.535,6.3114e-11,Torr,23.cross_gate_connectingPort1,23.cross_gate_connectingPort1/MassSpecData-02115-20261006-204737.csv,14.568883333333334
2026-10-06 20:48:15.743,9.6056e-11,Torr,23.cross_gate_connectingPort1,23.cross_gate_connectingPort1/MassSpecData-02115-20261006-204737.csv,14.57235
2026-10-06 20:48:15.952,8.815e-11,Torr,23.cross_gate_connectingPort1,23.cross_gate_connectingPort1/MassSpecData-02115-20261006-204737.csv,14.575833333333332
2026-10-06 20:48:16.160,9.2354e-11,Torr,23.cross_gate_connectingPort1,23.cross_gate_connectingPort1/MassSpecData-02115-20261006-204737.csv,14.5793
2026-10-06 20:48:16.368,7.6213e-11,Torr,23.cross_gate_connectingPort1,23.cross_gate_connectingPort1/MassSpecData-02115-20261006-204737.csv,14.582766666666666
2026-10-06 20:48:16.577,8.3597e-11,Torr,23.cross_gate_connectingPort1,23.cross_gate_connectingPort1/MassSpecData-02115-20261006-204737.csv,14.58625
2026-10-06 20:48:16.785,7.7348e-11,Torr,23.cross_gate_connectingPort1,23.cross_gate_connectingPort1/MassSpecData-02115-20261006-204737.csv,14.589716666666668
2026-10-06 20:48:16.993,7.3829e-11,Torr,23.cross_gate_connectingPort1,23.cross_gate_connectingPort1/MassSpecData-02115-20261006-204737.csv,14.593183333333334
2026-10-06 20:48:17.202,6.9485e-11,Torr,23.cross_gate_connectingPort1,23.cross_gate_connectingPort1/MassSpecData-02115-20261006-204737.csv,14.596666666666666
2026-10-06 20:48:17.410,8.325e-11,Torr,23.cross_gate_connectingPort1,23.cross_gate_connectingPort1/MassSpecData-02115-20261006-204737.csv,14.600133333333334
2026-10-06 20:48:17.618,8.3656e-11,Torr,23.cross_gate_connectingPort1,23.cross_gate_connectingPort1/MassSpecData-02115-20261006-204737.csv,14.6036
2026-10-06 20:48:17.827,7.9243e-11,Torr,23.cross_gate_connectingPort1,23.cross_gate_connectingPort1/MassSpecData-02115-20261006-204737.csv,14.607083333333332
2026-10-06 20:48:18.035,7.8724e-11,Torr,23.cross_gate_connectingPort1,23.cross_gate_connectingPort1/MassSpecData-02115-20261006-204737.csv,14.61055
2026-10-06 20:48:18.243,8.9238e-11,Torr,23.cross_gate_connectingPort1,23.cross_gate_connectingPort1/MassSpecData-02115-20261006-204737.csv,14.614016666666666
2026-10-06 20:48:18.452,7.8301e-11,Torr,23.cross_gate_connectingPort1,23.cross_gate_connectingPort1/MassSpecData-02115-20261006-204737.csv,14.6175
2026-10-06 20:48:18.660,8.2273e-11,Torr,23.cross_gate_connectingPort1,23.cross_gate_connectingPort1/MassSpecData-02115-20261006-204737.csv,14.620966666666668
2026-10-06 20:48:18.868,7.5341e-11,Torr,23.cross_gate_connectingPort1,23.cross_gate_connectingPort1/MassSpecData-02115-20261006-204737.csv,14.624433333333334
2026-10-06 20:48:19.267,6.9538e-11,Torr,23.cross_gate_connectingPort1,23.cross_gate_connectingPort1/MassSpecData-02115-20261006-204819.csv,14.631083333333333
2026-10-06 20:48:19.475,8.4421e-11,Torr,23.cross_gate_connectingPort1,23.cross_gate_connectingPort1/MassSpecData-02115-20261006-204819.csv,14.634549999999999
2026-10-06 20:48:19.684,7.6074e-11,Torr,23.cross_gate_connectingPort1,23.cross_gate_connectingPort1/MassSpecData-02115-20261006-204819.csv,14.638033333333334
2026-10-06 20:48:19.892,9.8265e-11,Torr,23.cross_gate_connectingPort1,23.cross_gate_connectingPort1/MassSpecData-02115-20261006-204819.csv,14.6415
2026-10-06 20:48:20.100,8.2911e-11,Torr,23.cross_gate_connectingPort1,23.cross_gate_connectingPort1/MassSpecData-02115-20261006-204819.csv,14.644966666666667
2026-10-06 20:48:20.309,8.4691e-11,Torr,23.cross_gate_connectingPort1,23.cross_gate_connectingPort1/MassSpecData-02115-20261006-204819.csv,14.64845
2026-10-06 20:48:20.517,8.0492e-11,Torr,23.cross_gate_connectingPort1,23.cross_gate_connectingPort1/MassSpecData-02115-20261006-204819.csv,14.651916666666667
2026-10-06 20:48:20.725,7.594e-11,Torr,23.cross_gate_connectingPort1,23.cross_gate_connectingPort1/MassSpecData-02115-20261006-204819.csv,14.655383333333333
2026-10-06 20:48:20.933,8.4739e-11,Torr,23.cross_gate_connectingPort1,23.cross_gate_connectingPort1/MassSpecData-02115-20261006-204819.csv,14.65885
2026-10-06 20:48:21.142,7.4459e-11,Torr,23.cross_gate_connectingPort1,23.cross_gate_connectingPort1/MassSpecData-02115-20261006-204819.csv,14.662333333333333
2026-10-06 20:48:21.350,9.4251e-11,Torr,23.cross_gate_connectingPort1,23.cross_gate_connectingPort1/MassSpecData-02115-20261006-204819.csv,14.665799999999999
2026-10-06 20:48:21.559,8.3889e-11,Torr,23.cross_gate_connectingPort1,23.cross_gate_connectingPort1/MassSpecData-02115-20261006-204819.csv,14.669283333333334
2026-10-06 20:48:21.767,7.03e-11,Torr,23.cross_gate_connectingPort1,23.cross_gate_connectingPort1/MassSpecData-02115-20261006-204819.csv,14.67275
2026-10-06 20:48:21.975,8.9991e-11,Torr,23.cross_gate_connectingPort1,23.cross_gate_connectingPort1/MassSpecData-02115-20261006-204819.csv,14.676216666666667
2026-10-06 20:48:22.184,8.1769e-11,Torr,23.cross_gate_connectingPort1,23.cross_gate_connectingPort1/MassSpecData-02115-20261006-204819.csv,14.6797
2026-10-06 20:48:22.392,7.9484e-11,Torr,23.cross_gate_connectingPort1,23.cross_gate_connectingPort1/MassSpecData-02115-20261006-204819.csv,14.683166666666667
2026-10-06 20:48:22.600,8.0704e-11,Torr,23.cross_gate_connectingPort1,23.cross_gate_connectingPort1/MassSpecData-02115-20261006-204819.csv,14.686633333333333
2026-10-06 20:48:22.809,6.8168e-11,Torr,23.cross_gate_connectingPort1,23.cross_gate_connectingPort1/MassSpecData-02115-20261006-204819.csv,14.690116666666666
2026-10-06 20:48:23.017,9.8428e-11,Torr,23.cross_gate_connectingPort1,23.cross_gate_connectingPort1/MassSpecData-02115-20261006-204819.csv,14.693583333333333
2026-10-06 20:48:23.225,7.1228e-11,Torr,23.cross_gate_connectingPort1,23.cross_gate_connectingPort1/MassSpecData-02115-20261006-204819.csv,14.697049999999999
2026-10-06 20:48:23.434,8.2802e-11,Torr,23.cross_gate_connectingPort1,23.cross_gate_connectingPort1/MassSpecData-02115-20261006-204819.csv,14.700533333333334
2026-10-06 20:48:23.642,8.5506e-11,Torr,23.cross_gate_connectingPort1,23.cross_gate_connectingPort1/MassSpecData-02115-20261006-204819.csv,14.704
2026-10-06 20:48:23.850,9.4579e-11,Torr,23.cross_gate_connectingPort1,23.cross_gate_connectingPort1/MassSpecData-02115-20261006-204819.csv,14.707466666666667
2026-10-06 20:48:24.059,7.831e-11,Torr,23.cross_gate_connectingPort1,23.cross_gate_connectingPort1/MassSpecData-02115-20261006-204819.csv,14.71095
2026-10-06 20:48:24.267,7.5121e-11,Torr,23.cross_gate_connectingPort1,23.cross_gate_connectingPort1/MassSpecData-02115-20261006-204819.csv,14.714416666666667
2026-10-06 20:48:24.475,7.3645e-11,Torr,23.cross_gate_connectingPort1,23.cross_gate_connectingPort1/MassSpecData-02115-20261006-204819.csv,14.717883333333333
2026-10-06 20:48:24.683,7.7724e-11,Torr,23.cross_gate_connectingPort1,23.cross_gate_connectingPort1/MassSpecData-02115-20261006-204819.csv,14.72135
2026-10-06 20:48:24.892,7.5542e-11,Torr,23.cross_gate_connectingPort1,23.cross_gate_connectingPort1/MassSpecData-02115-20261006-204819.csv,14.724833333333333
2026-10-06 20:48:25.100,8.2721e-11,Torr,23.cross_gate_connectingPort1,23.cross_gate_connectingPort1/MassSpecData-02115-20261006-204819.csv,14.728299999999999
2026-10-06 20:48:25.308,7.9953e-11,Torr,23.cross_gate_connectingPort1,23.cross_gate_connectingPort1/MassSpecData-02115-20261006-204819.csv,14.731766666666665
2026-10-06 20:48:25.517,7.6729e-11,Torr,23.cross_gate_connectingPort1,23.cross_gate_connectingPort1/MassSpecData-02115-20261006-204819.csv,14.73525
2026-10-06 20:48:25.725,9.1467e-11,Torr,23.cross_gate_connectingPort1,23.cross_gate_connectingPort1/MassSpecData-02115-20261006-204819.csv,14.738716666666667
2026-10-06 20:48:25.933,8.7542e-11,Torr,23.cross_gate_connectingPort1,23.cross_gate_connectingPort1/MassSpecData-02115-20261006-204819.csv,14.742183333333333
2026-10-06 20:48:26.142,8.1791e-11,Torr,23.cross_gate_connectingPort1,23.cross_gate_connectingPort1/MassSpecData-02115-20261006-204819.csv,14.745666666666667
2026-10-06 20:48:26.350,9.4437e-11,Torr,23.cross_gate_connectingPort1,23.cross_gate_connectingPort1/MassSpecData-02115-20261006-204819.csv,14.749133333333333
2026-10-06 20:48:26.558,7.1991e-11,Torr,23.cross_gate_connectingPort1,23.cross_gate_connectingPort1/MassSpecData-02115-20261006-204819.csv,14.7526
2026-10-06 20:48:26.767,7.6392e-11,Torr,23.cross_gate_connectingPort1,23.cross_gate_connectingPort1/MassSpecData-02115-20261006-204819.csv,14.756083333333333
2026-10-06 20:48:26.975,9.5574e-11,Torr,23.cross_gate_connectingPort1,23.cross_gate_connectingPort1/MassSpecData-02115-20261006-204819.csv,14.759549999999999
2026-10-06 20:48:27.183,8.3309e-11,Torr,23.cross_gate_connectingPort1,23.cross_gate_connectingPort1/MassSpecData-02115-20261006-204819.csv,14.763016666666665
2026-10-06 20:48:27.392,7.9277e-11,Torr,23.cross_gate_connectingPort1,23.cross_gate_connectingPort1/MassSpecData-02115-20261006-204819.csv,14.7665
2026-10-06 20:48:27.600,8.5724e-11,Torr,23.cross_gate_connectingPort1,23.cross_gate_connectingPort1/MassSpecData-02115-20261006-204819.csv,14.769966666666667
2026-10-06 20:48:27.808,8.061e-11,Torr,23.cross_gate_connectingPort1,23.cross_gate_connectingPort1/MassSpecData-02115-20261006-204819.csv,14.773433333333333
2026-10-06 20:48:28.017,8.8471e-11,Torr,23.cross_gate_connectingPort1,23.cross_gate_connectingPort1/MassSpecData-02115-20261006-204819.csv,14.776916666666667
2026-10-06 20:48:28.225,8.8528e-11,Torr,23.cross_gate_connectingPort1,23.cross_gate_connectingPort1/MassSpecData-02115-20261006-204819.csv,14.780383333333333
2026-10-06 20:48:28.434,7.8172e-11,Torr,23.cross_gate_connectingPort1,23.cross_gate_connectingPort1/MassSpecData-02115-20261006-204819.csv,14.783866666666666
2026-10-06 20:48:28.642,9.0176e-11,Torr,23.cross_gate_connectingPort1,23.cross_gate_connectingPort1/MassSpecData-02115-20261006-204819.csv,14.787333333333333
2026-10-06 20:48:28.850,7.4727e-11,Torr,23.cross_gate_connectingPort1,23.cross_gate_connectingPort1/MassSpecData-02115-20261006-204819.csv,14.790799999999999
2026-10-06 20:48:29.059,7.4892e-11,Torr,23.cross_gate_connectingPort1,23.cross_gate_connectingPort1/MassSpecData-02115-20261006-204819.csv,14.794283333333334
2026-10-06 20:48:29.267,7.908e-11,Torr,23.cross_gate_connectingPort1,23.cross_gate_connectingPort1/MassSpecData-02115-20261006-204819.csv,14.79775
2026-10-06 20:48:29.475,8.1779e-11,Torr,23.cross_gate_connectingPort1,23.cross_gate_connectingPort1/MassSpecData-02115-20261006-204819.csv,14.801216666666667
2026-10-06 20:48:29.684,7.8717e-11,Torr,23.cross_gate_connectingPort1,23.cross_gate_connectingPort1/MassSpecData-02115-20261006-204819.csv,14.8047
2026-10-06 20:48:29.892,8.6553e-11,Torr,23.cross_gate_connectingPort1,23.cross_gate_connectingPort1/MassSpecData-02115-20261006-204819.csv,14.808166666666667
2026-10-06 20:48:30.100,8.1485e-11,Torr,23.cross_gate_connectingPort1,23.cross_gate_connectingPort1/MassSpecData-02115-20261006-204819.csv,14.811633333333333
2026-10-06 20:48:30.309,7.8893e-11,Torr,23.cross_gate_connectingPort1,23.cross_gate_connectingPort1/MassSpecData-02115-20261006-204819.csv,14.815116666666666
2026-10-06 20:48:30.517,8.7426e-11,Torr,23.cross_gate_connectingPort1,23.cross_gate_connectingPort1/MassSpecData-02115-20261006-204819.csv,14.818583333333333
2026-10-06 20:48:30.725,7.7968e-11,Torr,23.cross_gate_connectingPort1,23.cross_gate_connectingPort1/MassSpecData-02115-20261006-204819.csv,14.822049999999999
2026-10-06 20:48:30.934,9.2621e-11,Torr,23.cross_gate_connectingPort1,23.cross_gate_connectingPort1/MassSpecData-02115-20261006-204819.csv,14.825533333333334
2026-10-06 20:48:31.142,7.2525e-11,Torr,23.cross_gate_connectingPort1,23.cross_gate_connectingPort1/MassSpecData-02115-20261006-204819.csv,14.829
2026-10-06 20:48:31.350,7.5136e-11,Torr,23.cross_gate_connectingPort1,23.cross_gate_connectingPort1/MassSpecData-02115-20261006-204819.csv,14.832466666666667
2026-10-06 20:48:31.559,9.277e-11,Torr,23.cross_gate_connectingPort1,23.cross_gate_connectingPort1/MassSpecData-02115-20261006-204819.csv,14.83595
2026-10-06 20:48:31.767,7.7903e-11,Torr,23.cross_gate_connectingPort1,23.cross_gate_connectingPort1/MassSpecData-02115-20261006-204819.csv,14.839416666666667
2026-10-06 20:48:31.975,7.5672e-11,Torr,23.cross_gate_connectingPort1,23.cross_gate_connectingPort1/MassSpecData-02115-20261006-204819.csv,14.842883333333333
2026-10-06 20:48:32.184,6.7994e-11,Torr,23.cross_gate_connectingPort1,23.cross_gate_connectingPort1/MassSpecData-02115-20261006-204819.csv,14.846366666666666
2026-10-06 20:48:32.392,7.4371e-11,Torr,23.cross_gate_connectingPort1,23.cross_gate_connectingPort1/MassSpecData-02115-20261006-204819.csv,14.849833333333333
2026-10-06 20:48:32.600,8.9507e-11,Torr,23.cross_gate_connectingPort1,23.cross_gate_connectingPort1/MassSpecData-02115-20261006-204819.csv,14.853299999999999
2026-10-06 20:48:32.809,8.0951e-11,Torr,23.cross_gate_connectingPort1,23.cross_gate_connectingPort1/MassSpecData-02115-20261006-204819.csv,14.856783333333334
2026-10-06 20:48:33.017,1.0563e-10,Torr,23.cross_gate_connectingPort1,23.cross_gate_connectingPort1/MassSpecData-02115-20261006-204819.csv,14.86025
2026-10-06 20:48:33.225,6.8268e-11,Torr,23.cross_gate_connectingPort1,23.cross_gate_connectingPort1/MassSpecData-02115-20261006-204819.csv,14.863716666666667
2026-10-06 20:48:33.434,6.6114e-11,Torr,23.cross_gate_connectingPort1,23.cross_gate_connectingPort1/MassSpecData-02115-20261006-204819.csv,14.8672
2026-10-06 20:48:33.642,8.2478e-11,Torr,23.cross_gate_connectingPort1,23.cross_gate_connectingPort1/MassSpecData-02115-20261006-204819.csv,14.870666666666667
2026-10-06 20:48:33.850,6.664e-11,Torr,23.cross_gate_connectingPort1,23.cross_gate_connectingPort1/MassSpecData-02115-20261006-204819.csv,14.874133333333333
2026-10-06 20:48:34.059,7.9423e-11,Torr,23.cross_gate_connectingPort1,23.cross_gate_connectingPort1/MassSpecData-02115-20261006-204819.csv,14.877616666666666
2026-10-06 20:48:34.267,7.5584e-11,Torr,23.cross_gate_connectingPort1,23.cross_gate_connectingPort1/MassSpecData-02115-20261006-204819.csv,14.881083333333333
2026-10-06 20:48:34.475,8.077e-11,Torr,23.cross_gate_connectingPort1,23.cross_gate_connectingPort1/MassSpecData-02115-20261006-204819.csv,14.884549999999999
2026-10-06 20:48:34.684,8.4075e-11,Torr,23.cross_gate_connectingPort1,23.cross_gate_connectingPort1/MassSpecData-02115-20261006-204819.csv,14.888033333333334
2026-10-06 20:48:34.892,9.537e-11,Torr,23.cross_gate_connectingPort1,23.cross_gate_connectingPort1/MassSpecData-02115-20261006-204819.csv,14.8915
2026-10-06 20:48:35.100,7.2205e-11,Torr,23.cross_gate_connectingPort1,23.cross_gate_connectingPort1/MassSpecData-02115-20261006-204819.csv,14.894966666666667
2026-10-06 20:48:35.309,8.2051e-11,Torr,23.cross_gate_connectingPort1,23.cross_gate_connectingPort1/MassSpecData-02115-20261006-204819.csv,14.89845
2026-10-06 20:48:35.517,9.137e-11,Torr,23.cross_gate_connectingPort1,23.cross_gate_connectingPort1/MassSpecData-02115-20261006-204819.csv,14.901916666666667
2026-10-06 20:48:35.725,6.9859e-11,Torr,23.cross_gate_connectingPort1,23.cross_gate_connectingPort1/MassSpecData-02115-20261006-204819.csv,14.905383333333333
2026-10-06 20:48:35.934,8.0858e-11,Torr,23.cross_gate_connectingPort1,23.cross_gate_connectingPort1/MassSpecData-02115-20261006-204819.csv,14.908866666666666
2026-10-06 20:48:36.142,7.2793e-11,Torr,23.cross_gate_connectingPort1,23.cross_gate_connectingPort1/MassSpecData-02115-20261006-204819.csv,14.912333333333333
2026-10-06 20:48:36.350,7.4073e-11,Torr,23.cross_gate_connectingPort1,23.cross_gate_connectingPort1/MassSpecData-02115-20261006-204819.csv,14.915799999999999
2026-10-06 20:48:36.559,8.4079e-11,Torr,23.cross_gate_connectingPort1,23.cross_gate_connectingPort1/MassSpecData-02115-20261006-204819.csv,14.919283333333334
2026-10-06 20:48:36.767,8.2782e-11,Torr,23.cross_gate_connectingPort1,23.cross_gate_connectingPort1/MassSpecData-02115-20261006-204819.csv,14.92275
2026-10-06 20:48:36.975,8.6961e-11,Torr,23.cross_gate_connectingPort1,23.cross_gate_connectingPort1/MassSpecData-02115-20261006-204819.csv,14.926216666666667
2026-10-06 20:48:37.184,8.634e-11,Torr,23.cross_gate_connectingPort1,23.cross_gate_connectingPort1/MassSpecData-02115-20261006-204819.csv,14.9297
2026-10-06 20:48:37.392,9.0798e-11,Torr,23.cross_gate_connectingPort1,23.cross_gate_connectingPort1/MassSpecData-02115-20261006-204819.csv,14.933166666666667
2026-10-06 20:48:37.600,8.277e-11,Torr,23.cross_gate_connectingPort1,23.cross_gate_connectingPort1/MassSpecData-02115-20261006-204819.csv,14.936633333333333
2026-10-06 20:48:37.809,7.6643e-11,Torr,23.cross_gate_connectingPort1,23.cross_gate_connectingPort1/MassSpecData-02115-20261006-204819.csv,14.940116666666666
2026-10-06 20:48:38.017,7.7425e-11,Torr,23.cross_gate_connectingPort1,23.cross_gate_connectingPort1/MassSpecData-02115-20261006-204819.csv,14.943583333333333
2026-10-06 20:48:38.225,7.2391e-11,Torr,23.cross_gate_connectingPort1,23.cross_gate_connectingPort1/MassSpecData-02115-20261006-204819.csv,14.947049999999999
2026-10-06 20:48:38.434,7.5666e-11,Torr,23.cross_gate_connectingPort1,23.cross_gate_connectingPort1/MassSpecData-02115-20261006-204819.csv,14.950533333333334
2026-10-06 20:48:38.642,8.5652e-11,Torr,23.cross_gate_connectingPort1,23.cross_gate_connectingPort1/MassSpecData-02115-20261006-204819.csv,14.954
2026-10-06 20:48:38.850,7.917e-11,Torr,23.cross_gate_connectingPort1,23.cross_gate_connectingPort1/MassSpecData-02115-20261006-204819.csv,14.957466666666667
2026-10-06 20:48:39.058,8.3559e-11,Torr,23.cross_gate_connectingPort1,23.cross_gate_connectingPort1/MassSpecData-02115-20261006-204819.csv,14.960933333333333
2026-10-06 20:48:39.267,7.9805e-11,Torr,23.cross_gate_connectingPort1,23.cross_gate_connectingPort1/MassSpecData-02115-20261006-204819.csv,14.964416666666667
2026-10-06 20:48:39.475,7.1079e-11,Torr,23.cross_gate_connectingPort1,23.cross_gate_connectingPort1/MassSpecData-02115-20261006-204819.csv,14.967883333333333
2026-10-06 20:48:39.683,7.8713e-11,Torr,23.cross_gate_connectingPort1,23.cross_gate_connectingPort1/MassSpecData-02115-20261006-204819.csv,14.97135
2026-10-06 20:48:39.892,6.78e-11,Torr,23.cross_gate_connectingPort1,23.cross_gate_connectingPort1/MassSpecData-02115-20261006-204819.csv,14.974833333333333
2026-10-06 20:48:40.100,8.3706e-11,Torr,23.cross_gate_connectingPort1,23.cross_gate_connectingPort1/MassSpecData-02115-20261006-204819.csv,14.978299999999999
2026-10-06 20:48:40.308,8.9221e-11,Torr,23.cross_gate_connectingPort1,23.cross_gate_connectingPort1/MassSpecData-02115-20261006-204819.csv,14.981766666666665
2026-10-06 20:48:40.517,8.0229e-11,Torr,23.cross_gate_connectingPort1,23.cross_gate_connectingPort1/MassSpecData-02115-20261006-204819.csv,14.98525
2026-10-06 20:48:40.725,8.7803e-11,Torr,23.cross_gate_connectingPort1,23.cross_gate_connectingPort1/MassSpecData-02115-20261006-204819.csv,14.988716666666667
2026-10-06 20:48:40.933,6.9245e-11,Torr,23.cross_gate_connectingPort1,23.cross_gate_connectingPort1/MassSpecData-02115-20261006-204819.csv,14.992183333333333
2026-10-06 20:48:41.142,7.5483e-11,Torr,23.cross_gate_connectingPort1,23.cross_gate_connectingPort1/MassSpecData-02115-20261006-204819.csv,14.995666666666667
2026-10-06 20:48:41.350,8.1985e-11,Torr,23.cross_gate_connectingPort1,23.cross_gate_connectingPort1/MassSpecData-02115-20261006-204819.csv,14.999133333333333
2026-10-06 20:48:41.558,8.3944e-11,Torr,23.cross_gate_connectingPort1,23.cross_gate_connectingPort1/MassSpecData-02115-20261006-204819.csv,15.0026
2026-10-06 20:48:41.767,8.3742e-11,Torr,23.cross_gate_connectingPort1,23.cross_gate_connectingPort1/MassSpecData-02115-20261006-204819.csv,15.006083333333333
2026-10-06 20:48:41.975,7.8679e-11,Torr,23.cross_gate_connectingPort1,23.cross_gate_connectingPort1/MassSpecData-02115-20261006-204819.csv,15.009549999999999
2026-10-06 20:48:42.183,8.7664e-11,Torr,23.cross_gate_connectingPort1,23.cross_gate_connectingPort1/MassSpecData-02115-20261006-204819.csv,15.013016666666665
2026-10-06 20:48:42.392,7.2456e-11,Torr,23.cross_gate_connectingPort1,23.cross_gate_connectingPort1/MassSpecData-02115-20261006-204819.csv,15.0165
2026-10-06 20:48:42.600,8.6581e-11,Torr,23.cross_gate_connectingPort1,23.cross_gate_connectingPort1/MassSpecData-02115-20261006-204819.csv,15.019966666666667
2026-10-06 20:48:42.808,7.4612e-11,Torr,23.cross_gate_connectingPort1,23.cross_gate_connectingPort1/MassSpecData-02115-20261006-204819.csv,15.023433333333333
2026-10-06 20:48:43.017,7.2684e-11,Torr,23.cross_gate_connectingPort1,23.cross_gate_connectingPort1/MassSpecData-02115-20261006-204819.csv,15.026916666666667
2026-10-06 20:48:43.225,8.1888e-11,Torr,23.cross_gate_connectingPort1,23.cross_gate_connectingPort1/MassSpecData-02115-20261006-204819.csv,15.030383333333333
2026-10-06 20:48:43.433,8.3383e-11,Torr,23.cross_gate_connectingPort1,23.cross_gate_connectingPort1/MassSpecData-02115-20261006-204819.csv,15.03385
2026-10-06 20:48:43.642,8.1503e-11,Torr,23.cross_gate_connectingPort1,23.cross_gate_connectingPort1/MassSpecData-02115-20261006-204819.csv,15.037333333333333
2026-10-06 20:48:43.850,6.5309e-11,Torr,23.cross_gate_connectingPort1,23.cross_gate_connectingPort1/MassSpecData-02115-20261006-204819.csv,15.040799999999999
2026-10-06 20:48:44.058,6.4188e-11,Torr,23.cross_gate_connectingPort1,23.cross_gate_connectingPort1/MassSpecData-02115-20261006-204819.csv,15.044266666666665
2026-10-06 20:48:44.267,6.7936e-11,Torr,23.cross_gate_connectingPort1,23.cross_gate_connectingPort1/MassSpecData-02115-20261006-204819.csv,15.04775
2026-10-06 20:48:44.475,8.1929e-11,Torr,23.cross_gate_connectingPort1,23.cross_gate_connectingPort1/MassSpecData-02115-20261006-204819.csv,15.051216666666667
2026-10-06 20:48:44.683,9.3638e-11,Torr,23.cross_gate_connectingPort1,23.cross_gate_connectingPort1/MassSpecData-02115-20261006-204819.csv,15.054683333333333
2026-10-06 20:48:44.892,7.7539e-11,Torr,23.cross_gate_connectingPort1,23.cross_gate_connectingPort1/MassSpecData-02115-20261006-204819.csv,15.058166666666667
2026-10-06 20:48:45.100,8.2885e-11,Torr,23.cross_gate_connectingPort1,23.cross_gate_connectingPort1/MassSpecData-02115-20261006-204819.csv,15.061633333333333
2026-10-06 20:48:45.308,8.4316e-11,Torr,23.cross_gate_connectingPort1,23.cross_gate_connectingPort1/MassSpecData-02115-20261006-204819.csv,15.0651
2026-10-06 20:48:45.517,8.8979e-11,Torr,23.cross_gate_connectingPort1,23.cross_gate_connectingPort1/MassSpecData-02115-20261006-204819.csv,15.068583333333333
2026-10-06 20:48:45.725,7.4321e-11,Torr,23.cross_gate_connectingPort1,23.cross_gate_connectingPort1/MassSpecData-02115-20261006-204819.csv,15.072049999999999
2026-10-06 20:48:45.933,8.9622e-11,Torr,23.cross_gate_connectingPort1,23.cross_gate_connectingPort1/MassSpecData-02115-20261006-204819.csv,15.075516666666665
2026-10-06 20:48:46.142,9.1439e-11,Torr,23.cross_gate_connectingPort1,23.cross_gate_connectingPort1/MassSpecData-02115-20261006-204819.csv,15.079
2026-10-06 20:48:46.350,8.595e-11,Torr,23.cross_gate_connectingPort1,23.cross_gate_connectingPort1/MassSpecData-02115-20261006-204819.csv,15.082466666666667
2026-10-06 20:48:46.558,7.9552e-11,Torr,23.cross_gate_connectingPort1,23.cross_gate_connectingPort1/MassSpecData-02115-20261006-204819.csv,15.085933333333333
2026-10-06 20:48:46.767,8.0687e-11,Torr,23.cross_gate_connectingPort1,23.cross_gate_connectingPort1/MassSpecData-02115-20261006-204819.csv,15.089416666666667
2026-10-06 20:48:46.975,8.2852e-11,Torr,23.cross_gate_connectingPort1,23.cross_gate_connectingPort1/MassSpecData-02115-20261006-204819.csv,15.092883333333333
2026-10-06 20:48:47.183,9.031e-11,Torr,23.cross_gate_connectingPort1,23.cross_gate_connectingPort1/MassSpecData-02115-20261006-204819.csv,15.09635
2026-10-06 20:48:47.392,8.5635e-11,Torr,23.cross_gate_connectingPort1,23.cross_gate_connectingPort1/MassSpecData-02115-20261006-204819.csv,15.099833333333333
2026-10-06 20:48:47.600,7.8545e-11,Torr,23.cross_gate_connectingPort1,23.cross_gate_connectingPort1/MassSpecData-02115-20261006-204819.csv,15.103299999999999
2026-10-06 20:48:47.808,9.608e-11,Torr,23.cross_gate_connectingPort1,23.cross_gate_connectingPort1/MassSpecData-02115-20261006-204819.csv,15.106766666666665
2026-10-06 20:48:48.017,9.2746e-11,Torr,23.cross_gate_connectingPort1,23.cross_gate_connectingPort1/MassSpecData-02115-20261006-204819.csv,15.11025
2026-10-06 20:48:48.225,8.524e-11,Torr,23.cross_gate_connectingPort1,23.cross_gate_connectingPort1/MassSpecData-02115-20261006-204819.csv,15.113716666666667
2026-10-06 20:48:48.433,8.2965e-11,Torr,23.cross_gate_connectingPort1,23.cross_gate_connectingPort1/MassSpecData-02115-20261006-204819.csv,15.117183333333333
2026-10-06 20:48:48.642,8.5119e-11,Torr,23.cross_gate_connectingPort1,23.cross_gate_connectingPort1/MassSpecData-02115-20261006-204819.csv,15.120666666666667
2026-10-06 20:48:48.850,9.234e-11,Torr,23.cross_gate_connectingPort1,23.cross_gate_connectingPort1/MassSpecData-02115-20261006-204819.csv,15.124133333333333
2026-10-06 20:48:49.058,6.5577e-11,Torr,23.cross_gate_connectingPort1,23.cross_gate_connectingPort1/MassSpecData-02115-20261006-204819.csv,15.1276
2026-10-06 20:48:49.267,6.7484e-11,Torr,23.cross_gate_connectingPort1,23.cross_gate_connectingPort1/MassSpecData-02115-20261006-204819.csv,15.131083333333333
2026-10-06 20:48:49.475,7.277e-11,Torr,23.cross_gate_connectingPort1,23.cross_gate_connectingPort1/MassSpecData-02115-20261006-204819.csv,15.134549999999999
2026-10-06 20:48:49.683,6.7025e-11,Torr,23.cross_gate_connectingPort1,23.cross_gate_connectingPort1/MassSpecData-02115-20261006-204819.csv,15.138016666666665
2026-10-06 20:48:49.892,7.8413e-11,Torr,23.cross_gate_connectingPort1,23.cross_gate_connectingPort1/MassSpecData-02115-20261006-204819.csv,15.1415
2026-10-06 20:48:50.100,7.4121e-11,Torr,23.cross_gate_connectingPort1,23.cross_gate_connectingPort1/MassSpecData-02115-20261006-204819.csv,15.144966666666667
2026-10-06 20:48:50.308,8.2292e-11,Torr,23.cross_gate_connectingPort1,23.cross_gate_connectingPort1/MassSpecData-02115-20261006-204819.csv,15.148433333333333
2026-10-06 20:48:50.517,7.2517e-11,Torr,23.cross_gate_connectingPort1,23.cross_gate_connectingPort1/MassSpecData-02115-20261006-204819.csv,15.151916666666667
2026-10-06 20:48:50.725,7.413e-11,Torr,23.cross_gate_connectingPort1,23.cross_gate_connectingPort1/MassSpecData-02115-20261006-204819.csv,15.155383333333333
2026-10-06 20:48:50.933,8.3471e-11,Torr,23.cross_gate_connectingPort1,23.cross_gate_connectingPort1/MassSpecData-02115-20261006-204819.csv,15.15885
2026-10-06 20:48:51.142,7.1203e-11,Torr,23.cross_gate_connectingPort1,23.cross_gate_connectingPort1/MassSpecData-02115-20261006-204819.csv,15.162333333333333
2026-10-06 20:48:51.350,7.7061e-11,Torr,23.cross_gate_connectingPort1,23.cross_gate_connectingPort1/MassSpecData-02115-20261006-204819.csv,15.165799999999999
2026-10-06 20:48:51.558,7.3564e-11,Torr,23.cross_gate_connectingPort1,23.cross_gate_connectingPort1/MassSpecData-02115-20261006-204819.csv,15.169266666666665
2026-10-06 20:48:51.767,8.6115e-11,Torr,23.cross_gate_connectingPort1,23.cross_gate_connectingPort1/MassSpecData-02115-20261006-204819.csv,15.17275
2026-10-06 20:48:51.975,8.5313e-11,Torr,23.cross_gate_connectingPort1,23.cross_gate_connectingPort1/MassSpecData-02115-20261006-204819.csv,15.176216666666667
2026-10-06 20:48:52.183,8.5841e-11,Torr,23.cross_gate_connectingPort1,23.cross_gate_connectingPort1/MassSpecData-02115-20261006-204819.csv,15.179683333333333
2026-10-06 20:48:52.392,7.8947e-11,Torr,23.cross_gate_connectingPort1,23.cross_gate_connectingPort1/MassSpecData-02115-20261006-204819.csv,15.183166666666667
2026-10-06 20:48:52.600,8.0172e-11,Torr,23.cross_gate_connectingPort1,23.cross_gate_connectingPort1/MassSpecData-02115-20261006-204819.csv,15.186633333333333
2026-10-06 20:48:52.808,9.9656e-11,Torr,23.cross_gate_connectingPort1,23.cross_gate_connectingPort1/MassSpecData-02115-20261006-204819.csv,15.1901
2026-10-06 20:48:53.017,6.8155e-11,Torr,23.cross_gate_connectingPort1,23.cross_gate_connectingPort1/MassSpecData-02115-20261006-204819.csv,15.193583333333333
2026-10-06 20:48:53.225,7.6443e-11,Torr,23.cross_gate_connectingPort1,23.cross_gate_connectingPort1/MassSpecData-02115-20261006-204819.csv,15.197049999999999
2026-10-06 20:48:53.433,7.6402e-11,Torr,23.cross_gate_connectingPort1,23.cross_gate_connectingPort1/MassSpecData-02115-20261006-204819.csv,15.200516666666665
2026-10-06 20:48:53.642,6.6284e-11,Torr,23.cross_gate_connectingPort1,23.cross_gate_connectingPort1/MassSpecData-02115-20261006-204819.csv,15.204
2026-10-06 20:48:53.850,9.303e-11,Torr,23.cross_gate_connectingPort1,23.cross_gate_connectingPort1/MassSpecData-02115-20261006-204819.csv,15.207466666666667
2026-10-06 20:48:54.058,7.9616e-11,Torr,23.cross_gate_connectingPort1,23.cross_gate_connectingPort1/MassSpecData-02115-20261006-204819.csv,15.210933333333333
2026-10-06 20:48:54.267,7.5357e-11,Torr,23.cross_gate_connectingPort1,23.cross_gate_connectingPort1/MassSpecData-02115-20261006-204819.csv,15.214416666666667
2026-10-06 20:48:54.475,7.1486e-11,Torr,23.cross_gate_connectingPort1,23.cross_gate_connectingPort1/MassSpecData-02115-20261006-204819.csv,15.217883333333333
2026-10-06 20:48:54.683,7.0392e-11,Torr,23.cross_gate_connectingPort1,23.cross_gate_connectingPort1/MassSpecData-02115-20261006-204819.csv,15.22135
2026-10-06 20:48:54.892,9.0009e-11,Torr,23.cross_gate_connectingPort1,23.cross_gate_connectingPort1/MassSpecData-02115-20261006-204819.csv,15.224833333333333
2026-10-06 20:48:55.100,8.3598e-11,Torr,23.cross_gate_connectingPort1,23.cross_gate_connectingPort1/MassSpecData-02115-20261006-204819.csv,15.228299999999999
2026-10-06 20:48:55.308,8.5728e-11,Torr,23.cross_gate_connectingPort1,23.cross_gate_connectingPort1/MassSpecData-02115-20261006-204819.csv,15.231766666666665
2026-10-06 20:48:55.517,7.9066e-11,Torr,23.cross_gate_connectingPort1,23.cross_gate_connectingPort1/MassSpecData-02115-20261006-204819.csv,15.23525
2026-10-06 20:48:55.725,8.5397e-11,Torr,23.cross_gate_connectingPort1,23.cross_gate_connectingPort1/MassSpecData-02115-20261006-204819.csv,15.238716666666667
2026-10-06 20:48:55.933,7.4643e-11,Torr,23.cross_gate_connectingPort1,23.cross_gate_connectingPort1/MassSpecData-02115-20261006-204819.csv,15.242183333333333
2026-10-06 20:48:56.142,7.2732e-11,Torr,23.cross_gate_connectingPort1,23.cross_gate_connectingPort1/MassSpecData-02115-20261006-204819.csv,15.245666666666667
2026-10-06 20:48:56.350,8.0672e-11,Torr,23.cross_gate_connectingPort1,23.cross_gate_connectingPort1/MassSpecData-02115-20261006-204819.csv,15.249133333333333
2026-10-06 20:48:56.558,1.0691e-10,Torr,23.cross_gate_connectingPort1,23.cross_gate_connectingPort1/MassSpecData-02115-20261006-204819.csv,15.2526
2026-10-06 20:48:56.767,8.4094e-11,Torr,23.cross_gate_connectingPort1,23.cross_gate_connectingPort1/MassSpecData-02115-20261006-204819.csv,15.256083333333333
2026-10-06 20:48:56.975,9.4985e-11,Torr,23.cross_gate_connectingPort1,23.cross_gate_connectingPort1/MassSpecData-02115-20261006-204819.csv,15.259549999999999
2026-10-06 20:48:57.184,1.1477e-10,Torr,23.cross_gate_connectingPort1,23.cross_gate_connectingPort1/MassSpecData-02115-20261006-204819.csv,15.263033333333334
2026-10-06 20:48:57.392,8.1423e-11,Torr,23.cross_gate_connectingPort1,23.cross_gate_connectingPort1/MassSpecData-02115-20261006-204819.csv,15.2665
2026-10-06 20:48:57.600,1.04e-10,Torr,23.cross_gate_connectingPort1,23.cross_gate_connectingPort1/MassSpecData-02115-20261006-204819.csv,15.269966666666667
2026-10-06 20:48:57.809,6.7604e-11,Torr,23.cross_gate_connectingPort1,23.cross_gate_connectingPort1/MassSpecData-02115-20261006-204819.csv,15.27345
2026-10-06 20:48:58.017,8.7843e-11,Torr,23.cross_gate_connectingPort1,23.cross_gate_connectingPort1/MassSpecData-02115-20261006-204819.csv,15.276916666666667
2026-10-06 20:48:58.225,8.9996e-11,Torr,23.cross_gate_connectingPort1,23.cross_gate_connectingPort1/MassSpecData-02115-20261006-204819.csv,15.280383333333333
2026-10-06 20:48:58.434,6.6588e-11,Torr,23.cross_gate_connectingPort1,23.cross_gate_connectingPort1/MassSpecData-02115-20261006-204819.csv,15.283866666666666
2026-10-06 20:48:58.642,7.5834e-11,Torr,23.cross_gate_connectingPort1,23.cross_gate_connectingPort1/MassSpecData-02115-20261006-204819.csv,15.287333333333333
2026-10-06 20:48:58.850,8.6654e-11,Torr,23.cross_gate_connectingPort1,23.cross_gate_connectingPort1/MassSpecData-02115-20261006-204819.csv,15.290799999999999
2026-10-06 20:48:59.059,7.1332e-11,Torr,23.cross_gate_connectingPort1,23.cross_gate_connectingPort1/MassSpecData-02115-20261006-204819.csv,15.294283333333334
2026-10-06 20:48:59.267,8.6236e-11,Torr,23.cross_gate_connectingPort1,23.cross_gate_connectingPort1/MassSpecData-02115-20261006-204819.csv,15.29775
2026-10-06 20:48:59.475,8.1584e-11,Torr,23.cross_gate_connectingPort1,23.cross_gate_connectingPort1/MassSpecData-02115-20261006-204819.csv,15.301216666666667
2026-10-06 20:48:59.684,7.6432e-11,Torr,23.cross_gate_connectingPort1,23.cross_gate_connectingPort1/MassSpecData-02115-20261006-204819.csv,15.3047
2026-10-06 20:48:59.892,8.0127e-11,Torr,23.cross_gate_connectingPort1,23.cross_gate_connectingPort1/MassSpecData-02115-20261006-204819.csv,15.308166666666667
2026-10-06 20:49:00.100,9.3498e-11,Torr,23.cross_gate_connectingPort1,23.cross_gate_connectingPort1/MassSpecData-02115-20261006-204819.csv,15.311633333333333
2026-10-06 20:49:00.309,7.1926e-11,Torr,23.cross_gate_connectingPort1,23.cross_gate_connectingPort1/MassSpecData-02115-20261006-204819.csv,15.315116666666666
2026-10-06 20:49:00.517,9.0735e-11,Torr,23.cross_gate_connectingPort1,23.cross_gate_connectingPort1/MassSpecData-02115-20261006-204819.csv,15.318583333333333
2026-10-06 20:49:00.725,8.529e-11,Torr,23.cross_gate_connectingPort1,23.cross_gate_connectingPort1/MassSpecData-02115-20261006-204819.csv,15.322049999999999
2026-10-06 20:49:01.015,7.1747e-11,Torr,23.cross_gate_connectingPort1,23.cross_gate_connectingPort1/MassSpecData-02115-20261006-204901.csv,15.326883333333335
2026-10-06 20:49:01.223,7.3543e-11,Torr,23.cross_gate_connectingPort1,23.cross_gate_connectingPort1/MassSpecData-02115-20261006-204901.csv,15.330350000000001
2026-10-06 20:49:01.432,7.8096e-11,Torr,23.cross_gate_connectingPort1,23.cross_gate_connectingPort1/MassSpecData-02115-20261006-204901.csv,15.333833333333333
2026-10-06 20:49:01.640,6.8147e-11,Torr,23.cross_gate_connectingPort1,23.cross_gate_connectingPort1/MassSpecData-02115-20261006-204901.csv,15.3373
2026-10-06 20:49:01.848,7.5579e-11,Torr,23.cross_gate_connectingPort1,23.cross_gate_connectingPort1/MassSpecData-02115-20261006-204901.csv,15.340766666666667
2026-10-06 20:49:02.057,7.791e-11,Torr,23.cross_gate_connectingPort1,23.cross_gate_connectingPort1/MassSpecData-02115-20261006-204901.csv,15.344249999999999
2026-10-06 20:49:02.265,8.1906e-11,Torr,23.cross_gate_connectingPort1,23.cross_gate_connectingPort1/MassSpecData-02115-20261006-204901.csv,15.347716666666667
2026-10-06 20:49:02.473,8.5692e-11,Torr,23.cross_gate_connectingPort1,23.cross_gate_connectingPort1/MassSpecData-02115-20261006-204901.csv,15.351183333333333
2026-10-06 20:49:02.681,8.1192e-11,Torr,23.cross_gate_connectingPort1,23.cross_gate_connectingPort1/MassSpecData-02115-20261006-204901.csv,15.35465
2026-10-06 20:49:02.890,7.654e-11,Torr,23.cross_gate_connectingPort1,23.cross_gate_connectingPort1/MassSpecData-02115-20261006-204901.csv,15.358133333333335
2026-10-06 20:49:03.098,8.1514e-11,Torr,23.cross_gate_connectingPort1,23.cross_gate_connectingPort1/MassSpecData-02115-20261006-204901.csv,15.361600000000001
2026-10-06 20:49:03.307,8.4974e-11,Torr,23.cross_gate_connectingPort1,23.cross_gate_connectingPort1/MassSpecData-02115-20261006-204901.csv,15.365083333333333
2026-10-06 20:49:03.515,8.6487e-11,Torr,23.cross_gate_connectingPort1,23.cross_gate_connectingPort1/MassSpecData-02115-20261006-204901.csv,15.36855
2026-10-06 20:49:03.723,8.2087e-11,Torr,23.cross_gate_connectingPort1,23.cross_gate_connectingPort1/MassSpecData-02115-20261006-204901.csv,15.372016666666667
2026-10-06 20:49:03.932,8.0742e-11,Torr,23.cross_gate_connectingPort1,23.cross_gate_connectingPort1/MassSpecData-02115-20261006-204901.csv,15.375499999999999
2026-10-06 20:49:04.140,7.9442e-11,Torr,23.cross_gate_connectingPort1,23.cross_gate_connectingPort1/MassSpecData-02115-20261006-204901.csv,15.378966666666667
2026-10-06 20:49:04.348,8.5133e-11,Torr,23.cross_gate_connectingPort1,23.cross_gate_connectingPort1/MassSpecData-02115-20261006-204901.csv,15.382433333333333
2026-10-06 20:49:04.557,8.4896e-11,Torr,23.cross_gate_connectingPort1,23.cross_gate_connectingPort1/MassSpecData-02115-20261006-204901.csv,15.385916666666667
2026-10-06 20:49:04.765,8.07e-11,Torr,23.cross_gate_connectingPort1,23.cross_gate_connectingPort1/MassSpecData-02115-20261006-204901.csv,15.389383333333335
2026-10-06 20:49:04.973,7.4056e-11,Torr,23.cross_gate_connectingPort1,23.cross_gate_connectingPort1/MassSpecData-02115-20261006-204901.csv,15.392850000000001
2026-10-06 20:49:05.182,7.8699e-11,Torr,23.cross_gate_connectingPort1,23.cross_gate_connectingPort1/MassSpecData-02115-20261006-204901.csv,15.396333333333333
2026-10-06 20:49:05.390,8.7018e-11,Torr,23.cross_gate_connectingPort1,23.cross_gate_connectingPort1/MassSpecData-02115-20261006-204901.csv,15.3998
2026-10-06 20:49:05.598,6.9251e-11,Torr,23.cross_gate_connectingPort1,23.cross_gate_connectingPort1/MassSpecData-02115-20261006-204901.csv,15.403266666666667
2026-10-06 20:49:05.807,8.1703e-11,Torr,23.cross_gate_connectingPort1,23.cross_gate_connectingPort1/MassSpecData-02115-20261006-204901.csv,15.406749999999999
2026-10-06 20:49:06.015,7.4747e-11,Torr,23.cross_gate_connectingPort1,23.cross_gate_connectingPort1/MassSpecData-02115-20261006-204901.csv,15.410216666666667
2026-10-06 20:49:06.223,9.6885e-11,Torr,23.cross_gate_connectingPort1,23.cross_gate_connectingPort1/MassSpecData-02115-20261006-204901.csv,15.413683333333333
2026-10-06 20:49:06.431,7.0633e-11,Torr,23.cross_gate_connectingPort1,23.cross_gate_connectingPort1/MassSpecData-02115-20261006-204901.csv,15.41715
2026-10-06 20:49:06.640,9.2559e-11,Torr,23.cross_gate_connectingPort1,23.cross_gate_connectingPort1/MassSpecData-02115-20261006-204901.csv,15.420633333333335
2026-10-06 20:49:06.848,7.4038e-11,Torr,23.cross_gate_connectingPort1,23.cross_gate_connectingPort1/MassSpecData-02115-20261006-204901.csv,15.424100000000001
2026-10-06 20:49:07.056,8.2619e-11,Torr,23.cross_gate_connectingPort1,23.cross_gate_connectingPort1/MassSpecData-02115-20261006-204901.csv,15.427566666666667
2026-10-06 20:49:07.265,8.2612e-11,Torr,23.cross_gate_connectingPort1,23.cross_gate_connectingPort1/MassSpecData-02115-20261006-204901.csv,15.43105
2026-10-06 20:49:07.473,7.6858e-11,Torr,23.cross_gate_connectingPort1,23.cross_gate_connectingPort1/MassSpecData-02115-20261006-204901.csv,15.434516666666667
2026-10-06 20:49:07.681,6.6281e-11,Torr,23.cross_gate_connectingPort1,23.cross_gate_connectingPort1/MassSpecData-02115-20261006-204901.csv,15.437983333333333
2026-10-06 20:49:07.890,8.1829e-11,Torr,23.cross_gate_connectingPort1,23.cross_gate_connectingPort1/MassSpecData-02115-20261006-204901.csv,15.441466666666667
2026-10-06 20:49:08.098,7.7402e-11,Torr,23.cross_gate_connectingPort1,23.cross_gate_connectingPort1/MassSpecData-02115-20261006-204901.csv,15.444933333333333
2026-10-06 20:49:08.306,7.8652e-11,Torr,23.cross_gate_connectingPort1,23.cross_gate_connectingPort1/MassSpecData-02115-20261006-204901.csv,15.4484
2026-10-06 20:49:08.515,7.066e-11,Torr,23.cross_gate_connectingPort1,23.cross_gate_connectingPort1/MassSpecData-02115-20261006-204901.csv,15.451883333333335
2026-10-06 20:49:08.723,7.5724e-11,Torr,23.cross_gate_connectingPort1,23.cross_gate_connectingPort1/MassSpecData-02115-20261006-204901.csv,15.455350000000001
2026-10-06 20:49:08.931,7.9492e-11,Torr,23.cross_gate_connectingPort1,23.cross_gate_connectingPort1/MassSpecData-02115-20261006-204901.csv,15.458816666666667
2026-10-06 20:49:09.140,8.8149e-11,Torr,23.cross_gate_connectingPort1,23.cross_gate_connectingPort1/MassSpecData-02115-20261006-204901.csv,15.4623
2026-10-06 20:49:09.348,8.7275e-11,Torr,23.cross_gate_connectingPort1,23.cross_gate_connectingPort1/MassSpecData-02115-20261006-204901.csv,15.465766666666667
2026-10-06 20:49:09.556,9.6243e-11,Torr,23.cross_gate_connectingPort1,23.cross_gate_connectingPort1/MassSpecData-02115-20261006-204901.csv,15.469233333333333
2026-10-06 20:49:09.765,8.6987e-11,Torr,23.cross_gate_connectingPort1,23.cross_gate_connectingPort1/MassSpecData-02115-20261006-204901.csv,15.472716666666667
2026-10-06 20:49:09.973,7.6184e-11,Torr,23.cross_gate_connectingPort1,23.cross_gate_connectingPort1/MassSpecData-02115-20261006-204901.csv,15.476183333333333
2026-10-06 20:49:10.182,8.232e-11,Torr,23.cross_gate_connectingPort1,23.cross_gate_connectingPort1/MassSpecData-02115-20261006-204901.csv,15.479666666666667
2026-10-06 20:49:10.390,7.3584e-11,Torr,23.cross_gate_connectingPort1,23.cross_gate_connectingPort1/MassSpecData-02115-20261006-204901.csv,15.483133333333335
2026-10-06 20:49:10.598,7.1004e-11,Torr,23.cross_gate_connectingPort1,23.cross_gate_connectingPort1/MassSpecData-02115-20261006-204901.csv,15.486600000000001
2026-10-06 20:49:10.807,8.0694e-11,Torr,23.cross_gate_connectingPort1,23.cross_gate_connectingPort1/MassSpecData-02115-20261006-204901.csv,15.490083333333333
2026-10-06 20:49:11.015,6.5613e-11,Torr,23.cross_gate_connectingPort1,23.cross_gate_connectingPort1/MassSpecData-02115-20261006-204901.csv,15.49355
2026-10-06 20:49:11.223,9.0862e-11,Torr,23.cross_gate_connectingPort1,23.cross_gate_connectingPort1/MassSpecData-02115-20261006-204901.csv,15.497016666666667
2026-10-06 20:49:11.432,7.7491e-11,Torr,23.cross_gate_connectingPort1,23.cross_gate_connectingPort1/MassSpecData-02115-20261006-204901.csv,15.500499999999999
2026-10-06 20:49:11.640,7.526e-11,Torr,23.cross_gate_connectingPort1,23.cross_gate_connectingPort1/MassSpecData-02115-20261006-204901.csv,15.503966666666667
2026-10-06 20:49:11.848,8.5475e-11,Torr,23.cross_gate_connectingPort1,23.cross_gate_connectingPort1/MassSpecData-02115-20261006-204901.csv,15.507433333333333
2026-10-06 20:49:12.057,8.0296e-11,Torr,23.cross_gate_connectingPort1,23.cross_gate_connectingPort1/MassSpecData-02115-20261006-204901.csv,15.510916666666667
2026-10-06 20:49:12.265,8.8021e-11,Torr,23.cross_gate_connectingPort1,23.cross_gate_connectingPort1/MassSpecData-02115-20261006-204901.csv,15.514383333333335
2026-10-06 20:49:12.473,8.114e-11,Torr,23.cross_gate_connectingPort1,23.cross_gate_connectingPort1/MassSpecData-02115-20261006-204901.csv,15.517850000000001
2026-10-06 20:49:12.682,8.2941e-11,Torr,23.cross_gate_connectingPort1,23.cross_gate_connectingPort1/MassSpecData-02115-20261006-204901.csv,15.521333333333333
2026-10-06 20:49:12.890,7.5238e-11,Torr,23.cross_gate_connectingPort1,23.cross_gate_connectingPort1/MassSpecData-02115-20261006-204901.csv,15.5248
2026-10-06 20:49:13.098,9.1418e-11,Torr,23.cross_gate_connectingPort1,23.cross_gate_connectingPort1/MassSpecData-02115-20261006-204901.csv,15.528266666666667
2026-10-06 20:49:13.307,8.4194e-11,Torr,23.cross_gate_connectingPort1,23.cross_gate_connectingPort1/MassSpecData-02115-20261006-204901.csv,15.531749999999999
2026-10-06 20:49:13.515,6.8819e-11,Torr,23.cross_gate_connectingPort1,23.cross_gate_connectingPort1/MassSpecData-02115-20261006-204901.csv,15.535216666666667
2026-10-06 20:49:13.723,8.3473e-11,Torr,23.cross_gate_connectingPort1,23.cross_gate_connectingPort1/MassSpecData-02115-20261006-204901.csv,15.538683333333333
2026-10-06 20:49:13.932,9.1254e-11,Torr,23.cross_gate_connectingPort1,23.cross_gate_connectingPort1/MassSpecData-02115-20261006-204901.csv,15.542166666666667
2026-10-06 20:49:14.140,7.4442e-11,Torr,23.cross_gate_connectingPort1,23.cross_gate_connectingPort1/MassSpecData-02115-20261006-204901.csv,15.545633333333335
2026-10-06 20:49:14.348,8.4263e-11,Torr,23.cross_gate_connectingPort1,23.cross_gate_connectingPort1/MassSpecData-02115-20261006-204901.csv,15.549100000000001
2026-10-06 20:49:14.557,7.9903e-11,Torr,23.cross_gate_connectingPort1,23.cross_gate_connectingPort1/MassSpecData-02115-20261006-204901.csv,15.552583333333333
2026-10-06 20:49:14.765,7.415e-11,Torr,23.cross_gate_connectingPort1,23.cross_gate_connectingPort1/MassSpecData-02115-20261006-204901.csv,15.55605
2026-10-06 20:49:14.973,9.6261e-11,Torr,23.cross_gate_connectingPort1,23.cross_gate_connectingPort1/MassSpecData-02115-20261006-204901.csv,15.559516666666667
2026-10-06 20:49:15.182,7.3009e-11,Torr,23.cross_gate_connectingPort1,23.cross_gate_connectingPort1/MassSpecData-02115-20261006-204901.csv,15.562999999999999
2026-10-06 20:49:15.390,9.1503e-11,Torr,23.cross_gate_connectingPort1,23.cross_gate_connectingPort1/MassSpecData-02115-20261006-204901.csv,15.566466666666667
2026-10-06 20:49:15.598,7.8801e-11,Torr,23.cross_gate_connectingPort1,23.cross_gate_connectingPort1/MassSpecData-02115-20261006-204901.csv,15.569933333333333
2026-10-06 20:49:15.807,8.1238e-11,Torr,23.cross_gate_connectingPort1,23.cross_gate_connectingPort1/MassSpecData-02115-20261006-204901.csv,15.573416666666667
2026-10-06 20:49:16.015,8.9779e-11,Torr,23.cross_gate_connectingPort1,23.cross_gate_connectingPort1/MassSpecData-02115-20261006-204901.csv,15.576883333333335
2026-10-06 20:49:16.223,7.3758e-11,Torr,23.cross_gate_connectingPort1,23.cross_gate_connectingPort1/MassSpecData-02115-20261006-204901.csv,15.580350000000001
2026-10-06 20:49:16.432,7.4403e-11,Torr,23.cross_gate_connectingPort1,23.cross_gate_connectingPort1/MassSpecData-02115-20261006-204901.csv,15.583833333333333
2026-10-06 20:49:16.640,7.7143e-11,Torr,23.cross_gate_connectingPort1,23.cross_gate_connectingPort1/MassSpecData-02115-20261006-204901.csv,15.5873
2026-10-06 20:49:16.848,8.8297e-11,Torr,23.cross_gate_connectingPort1,23.cross_gate_connectingPort1/MassSpecData-02115-20261006-204901.csv,15.590766666666667
2026-10-06 20:49:17.057,8.9416e-11,Torr,23.cross_gate_connectingPort1,23.cross_gate_connectingPort1/MassSpecData-02115-20261006-204901.csv,15.594249999999999
2026-10-06 20:49:17.265,7.4436e-11,Torr,23.cross_gate_connectingPort1,23.cross_gate_connectingPort1/MassSpecData-02115-20261006-204901.csv,15.597716666666667
2026-10-06 20:49:17.473,8.1625e-11,Torr,23.cross_gate_connectingPort1,23.cross_gate_connectingPort1/MassSpecData-02115-20261006-204901.csv,15.601183333333333
2026-10-06 20:49:17.682,7.2221e-11,Torr,23.cross_gate_connectingPort1,23.cross_gate_connectingPort1/MassSpecData-02115-20261006-204901.csv,15.604666666666667
2026-10-06 20:49:17.890,7.9756e-11,Torr,23.cross_gate_connectingPort1,23.cross_gate_connectingPort1/MassSpecData-02115-20261006-204901.csv,15.608133333333335
2026-10-06 20:49:18.098,7.6154e-11,Torr,23.cross_gate_connectingPort1,23.cross_gate_connectingPort1/MassSpecData-02115-20261006-204901.csv,15.611600000000001
2026-10-06 20:49:18.307,8.0265e-11,Torr,23.cross_gate_connectingPort1,23.cross_gate_connectingPort1/MassSpecData-02115-20261006-204901.csv,15.615083333333333
2026-10-06 20:49:18.515,8.1953e-11,Torr,23.cross_gate_connectingPort1,23.cross_gate_connectingPort1/MassSpecData-02115-20261006-204901.csv,15.61855
2026-10-06 20:49:18.723,7.5796e-11,Torr,23.cross_gate_connectingPort1,23.cross_gate_connectingPort1/MassSpecData-02115-20261006-204901.csv,15.622016666666667
2026-10-06 20:49:18.932,7.3826e-11,Torr,23.cross_gate_connectingPort1,23.cross_gate_connectingPort1/MassSpecData-02115-20261006-204901.csv,15.625499999999999
2026-10-06 20:49:19.140,6.5449e-11,Torr,23.cross_gate_connectingPort1,23.cross_gate_connectingPort1/MassSpecData-02115-20261006-204901.csv,15.628966666666667
2026-10-06 20:49:19.348,9.364e-11,Torr,23.cross_gate_connectingPort1,23.cross_gate_connectingPort1/MassSpecData-02115-20261006-204901.csv,15.632433333333333
2026-10-06 20:49:19.557,7.406e-11,Torr,23.cross_gate_connectingPort1,23.cross_gate_connectingPort1/MassSpecData-02115-20261006-204901.csv,15.635916666666667
2026-10-06 20:49:19.765,7.3394e-11,Torr,23.cross_gate_connectingPort1,23.cross_gate_connectingPort1/MassSpecData-02115-20261006-204901.csv,15.639383333333335
2026-10-06 20:49:19.973,7.56e-11,Torr,23.cross_gate_connectingPort1,23.cross_gate_connectingPort1/MassSpecData-02115-20261006-204901.csv,15.642850000000001
2026-10-06 20:49:20.182,7.8282e-11,Torr,23.cross_gate_connectingPort1,23.cross_gate_connectingPort1/MassSpecData-02115-20261006-204901.csv,15.646333333333333
2026-10-06 20:49:20.390,6.8429e-11,Torr,23.cross_gate_connectingPort1,23.cross_gate_connectingPort1/MassSpecData-02115-20261006-204901.csv,15.6498
2026-10-06 20:49:20.598,7.0056e-11,Torr,23.cross_gate_connectingPort1,23.cross_gate_connectingPort1/MassSpecData-02115-20261006-204901.csv,15.653266666666667
2026-10-06 20:49:20.806,8.1191e-11,Torr,23.cross_gate_connectingPort1,23.cross_gate_connectingPort1/MassSpecData-02115-20261006-204901.csv,15.656733333333333
2026-10-06 20:49:21.015,8.3469e-11,Torr,23.cross_gate_connectingPort1,23.cross_gate_connectingPort1/MassSpecData-02115-20261006-204901.csv,15.660216666666667
2026-10-06 20:49:21.223,8.5933e-11,Torr,23.cross_gate_connectingPort1,23.cross_gate_connectingPort1/MassSpecData-02115-20261006-204901.csv,15.663683333333333
2026-10-06 20:49:21.431,7.2223e-11,Torr,23.cross_gate_connectingPort1,23.cross_gate_connectingPort1/MassSpecData-02115-20261006-204901.csv,15.66715
2026-10-06 20:49:21.640,8.0738e-11,Torr,23.cross_gate_connectingPort1,23.cross_gate_connectingPort1/MassSpecData-02115-20261006-204901.csv,15.670633333333335
2026-10-06 20:49:21.848,7.1756e-11,Torr,23.cross_gate_connectingPort1,23.cross_gate_connectingPort1/MassSpecData-02115-20261006-204901.csv,15.674100000000001
2026-10-06 20:49:22.056,9.6626e-11,Torr,23.cross_gate_connectingPort1,23.cross_gate_connectingPort1/MassSpecData-02115-20261006-204901.csv,15.677566666666667
2026-10-06 20:49:22.265,7.7579e-11,Torr,23.cross_gate_connectingPort1,23.cross_gate_connectingPort1/MassSpecData-02115-20261006-204901.csv,15.68105
2026-10-06 20:49:22.473,8.2207e-11,Torr,23.cross_gate_connectingPort1,23.cross_gate_connectingPort1/MassSpecData-02115-20261006-204901.csv,15.684516666666667
2026-10-06 20:49:22.681,8.2189e-11,Torr,23.cross_gate_connectingPort1,23.cross_gate_connectingPort1/MassSpecData-02115-20261006-204901.csv,15.687983333333333
2026-10-06 20:49:22.890,8.4687e-11,Torr,23.cross_gate_connectingPort1,23.cross_gate_connectingPort1/MassSpecData-02115-20261006-204901.csv,15.691466666666667
2026-10-06 20:49:23.098,8.748e-11,Torr,23.cross_gate_connectingPort1,23.cross_gate_connectingPort1/MassSpecData-02115-20261006-204901.csv,15.694933333333333
2026-10-06 20:49:23.306,7.3832e-11,Torr,23.cross_gate_connectingPort1,23.cross_gate_connectingPort1/MassSpecData-02115-20261006-204901.csv,15.6984
2026-10-06 20:49:23.515,7.6591e-11,Torr,23.cross_gate_connectingPort1,23.cross_gate_connectingPort1/MassSpecData-02115-20261006-204901.csv,15.701883333333335
2026-10-06 20:49:23.723,8.7402e-11,Torr,23.cross_gate_connectingPort1,23.cross_gate_connectingPort1/MassSpecData-02115-20261006-204901.csv,15.705350000000001
2026-10-06 20:49:23.931,8.5363e-11,Torr,23.cross_gate_connectingPort1,23.cross_gate_connectingPort1/MassSpecData-02115-20261006-204901.csv,15.708816666666667
2026-10-06 20:49:24.140,7.4137e-11,Torr,23.cross_gate_connectingPort1,23.cross_gate_connectingPort1/MassSpecData-02115-20261006-204901.csv,15.7123
2026-10-06 20:49:24.348,1.0351e-10,Torr,23.cross_gate_connectingPort1,23.cross_gate_connectingPort1/MassSpecData-02115-20261006-204901.csv,15.715766666666667
2026-10-06 20:49:24.556,7.3493e-11,Torr,23.cross_gate_connectingPort1,23.cross_gate_connectingPort1/MassSpecData-02115-20261006-204901.csv,15.719233333333333
2026-10-06 20:49:24.765,8.2739e-11,Torr,23.cross_gate_connectingPort1,23.cross_gate_connectingPort1/MassSpecData-02115-20261006-204901.csv,15.722716666666667
2026-10-06 20:49:24.973,8.6901e-11,Torr,23.cross_gate_connectingPort1,23.cross_gate_connectingPort1/MassSpecData-02115-20261006-204901.csv,15.726183333333333
2026-10-06 20:49:25.181,6.5439e-11,Torr,23.cross_gate_connectingPort1,23.cross_gate_connectingPort1/MassSpecData-02115-20261006-204901.csv,15.72965
2026-10-06 20:49:25.390,8.1163e-11,Torr,23.cross_gate_connectingPort1,23.cross_gate_connectingPort1/MassSpecData-02115-20261006-204901.csv,15.733133333333335
2026-10-06 20:49:25.598,7.9861e-11,Torr,23.cross_gate_connectingPort1,23.cross_gate_connectingPort1/MassSpecData-02115-20261006-204901.csv,15.736600000000001
2026-10-06 20:49:25.806,6.6138e-11,Torr,23.cross_gate_connectingPort1,23.cross_gate_connectingPort1/MassSpecData-02115-20261006-204901.csv,15.740066666666667
2026-10-06 20:49:26.015,6.8976e-11,Torr,23.cross_gate_connectingPort1,23.cross_gate_connectingPort1/MassSpecData-02115-20261006-204901.csv,15.74355
2026-10-06 20:49:26.223,8.3076e-11,Torr,23.cross_gate_connectingPort1,23.cross_gate_connectingPort1/MassSpecData-02115-20261006-204901.csv,15.747016666666667
2026-10-06 20:49:26.431,6.4558e-11,Torr,23.cross_gate_connectingPort1,23.cross_gate_connectingPort1/MassSpecData-02115-20261006-204901.csv,15.750483333333333
2026-10-06 20:49:26.640,8.1577e-11,Torr,23.cross_gate_connectingPort1,23.cross_gate_connectingPort1/MassSpecData-02115-20261006-204901.csv,15.753966666666667
2026-10-06 20:49:26.848,8.2153e-11,Torr,23.cross_gate_connectingPort1,23.cross_gate_connectingPort1/MassSpecData-02115-20261006-204901.csv,15.757433333333333
2026-10-06 20:49:27.056,8.7285e-11,Torr,23.cross_gate_connectingPort1,23.cross_gate_connectingPort1/MassSpecData-02115-20261006-204901.csv,15.7609
2026-10-06 20:49:27.265,7.4695e-11,Torr,23.cross_gate_connectingPort1,23.cross_gate_connectingPort1/MassSpecData-02115-20261006-204901.csv,15.764383333333335
2026-10-06 20:49:27.473,8.9718e-11,Torr,23.cross_gate_connectingPort1,23.cross_gate_connectingPort1/MassSpecData-02115-20261006-204901.csv,15.767850000000001
2026-10-06 20:49:27.681,7.639e-11,Torr,23.cross_gate_connectingPort1,23.cross_gate_connectingPort1/MassSpecData-02115-20261006-204901.csv,15.771316666666667
2026-10-06 20:49:27.890,9.3954e-11,Torr,23.cross_gate_connectingPort1,23.cross_gate_connectingPort1/MassSpecData-02115-20261006-204901.csv,15.7748
2026-10-06 20:49:28.098,7.5995e-11,Torr,23.cross_gate_connectingPort1,23.cross_gate_connectingPort1/MassSpecData-02115-20261006-204901.csv,15.778266666666667
2026-10-06 20:49:28.306,8.1684e-11,Torr,23.cross_gate_connectingPort1,23.cross_gate_connectingPort1/MassSpecData-02115-20261006-204901.csv,15.781733333333333
2026-10-06 20:49:28.515,8.3918e-11,Torr,23.cross_gate_connectingPort1,23.cross_gate_connectingPort1/MassSpecData-02115-20261006-204901.csv,15.785216666666667
2026-10-06 20:49:28.723,7.8067e-11,Torr,23.cross_gate_connectingPort1,23.cross_gate_connectingPort1/MassSpecData-02115-20261006-204901.csv,15.788683333333333
2026-10-06 20:49:28.931,8.8999e-11,Torr,23.cross_gate_connectingPort1,23.cross_gate_connectingPort1/MassSpecData-02115-20261006-204901.csv,15.79215
2026-10-06 20:49:29.140,8.273e-11,Torr,23.cross_gate_connectingPort1,23.cross_gate_connectingPort1/MassSpecData-02115-20261006-204901.csv,15.795633333333335
2026-10-06 20:49:29.348,7.3687e-11,Torr,23.cross_gate_connectingPort1,23.cross_gate_connectingPort1/MassSpecData-02115-20261006-204901.csv,15.799100000000001
2026-10-06 20:49:29.556,7.8131e-11,Torr,23.cross_gate_connectingPort1,23.cross_gate_connectingPort1/MassSpecData-02115-20261006-204901.csv,15.802566666666667
2026-10-06 20:49:29.765,8.149e-11,Torr,23.cross_gate_connectingPort1,23.cross_gate_connectingPort1/MassSpecData-02115-20261006-204901.csv,15.80605
2026-10-06 20:49:29.973,9.7571e-11,Torr,23.cross_gate_connectingPort1,23.cross_gate_connectingPort1/MassSpecData-02115-20261006-204901.csv,15.809516666666667
2026-10-06 20:49:30.181,7.427e-11,Torr,23.cross_gate_connectingPort1,23.cross_gate_connectingPort1/MassSpecData-02115-20261006-204901.csv,15.812983333333333
2026-10-06 20:49:30.390,7.3767e-11,Torr,23.cross_gate_connectingPort1,23.cross_gate_connectingPort1/MassSpecData-02115-20261006-204901.csv,15.816466666666667
2026-10-06 20:49:30.598,7.6667e-11,Torr,23.cross_gate_connectingPort1,23.cross_gate_connectingPort1/MassSpecData-02115-20261006-204901.csv,15.819933333333333
2026-10-06 20:49:30.806,7.6028e-11,Torr,23.cross_gate_connectingPort1,23.cross_gate_connectingPort1/MassSpecData-02115-20261006-204901.csv,15.8234
2026-10-06 20:49:31.015,8.5664e-11,Torr,23.cross_gate_connectingPort1,23.cross_gate_connectingPort1/MassSpecData-02115-20261006-204901.csv,15.826883333333335
2026-10-06 20:49:31.223,8.6975e-11,Torr,23.cross_gate_connectingPort1,23.cross_gate_connectingPort1/MassSpecData-02115-20261006-204901.csv,15.830350000000001
2026-10-06 20:49:31.431,8.0957e-11,Torr,23.cross_gate_connectingPort1,23.cross_gate_connectingPort1/MassSpecData-02115-20261006-204901.csv,15.833816666666667
2026-10-06 20:49:31.640,7.2883e-11,Torr,23.cross_gate_connectingPort1,23.cross_gate_connectingPort1/MassSpecData-02115-20261006-204901.csv,15.8373
2026-10-06 20:49:31.848,8.6341e-11,Torr,23.cross_gate_connectingPort1,23.cross_gate_connectingPort1/MassSpecData-02115-20261006-204901.csv,15.840766666666667
2026-10-06 20:49:32.056,8.1898e-11,Torr,23.cross_gate_connectingPort1,23.cross_gate_connectingPort1/MassSpecData-02115-20261006-204901.csv,15.844233333333333
2026-10-06 20:49:32.265,7.4944e-11,Torr,23.cross_gate_connectingPort1,23.cross_gate_connectingPort1/MassSpecData-02115-20261006-204901.csv,15.847716666666667
2026-10-06 20:49:32.473,6.7682e-11,Torr,23.cross_gate_connectingPort1,23.cross_gate_connectingPort1/MassSpecData-02115-20261006-204901.csv,15.851183333333333
2026-10-06 20:49:32.681,7.8744e-11,Torr,23.cross_gate_connectingPort1,23.cross_gate_connectingPort1/MassSpecData-02115-20261006-204901.csv,15.85465
2026-10-06 20:49:32.890,7.7271e-11,Torr,23.cross_gate_connectingPort1,23.cross_gate_connectingPort1/MassSpecData-02115-20261006-204901.csv,15.858133333333335
2026-10-06 20:49:33.098,7.9389e-11,Torr,23.cross_gate_connectingPort1,23.cross_gate_connectingPort1/MassSpecData-02115-20261006-204901.csv,15.861600000000001
2026-10-06 20:49:33.306,7.8432e-11,Torr,23.cross_gate_connectingPort1,23.cross_gate_connectingPort1/MassSpecData-02115-20261006-204901.csv,15.865066666666667
2026-10-06 20:49:33.515,7.6678e-11,Torr,23.cross_gate_connectingPort1,23.cross_gate_connectingPort1/MassSpecData-02115-20261006-204901.csv,15.86855
2026-10-06 20:49:33.723,8.5838e-11,Torr,23.cross_gate_connectingPort1,23.cross_gate_connectingPort1/MassSpecData-02115-20261006-204901.csv,15.872016666666667
2026-10-06 20:49:33.931,8.0335e-11,Torr,23.cross_gate_connectingPort1,23.cross_gate_connectingPort1/MassSpecData-02115-20261006-204901.csv,15.875483333333333
2026-10-06 20:49:34.140,8.3417e-11,Torr,23.cross_gate_connectingPort1,23.cross_gate_connectingPort1/MassSpecData-02115-20261006-204901.csv,15.878966666666667
2026-10-06 20:49:34.348,7.8696e-11,Torr,23.cross_gate_connectingPort1,23.cross_gate_connectingPort1/MassSpecData-02115-20261006-204901.csv,15.882433333333333
2026-10-06 20:49:34.556,7.1106e-11,Torr,23.cross_gate_connectingPort1,23.cross_gate_connectingPort1/MassSpecData-02115-20261006-204901.csv,15.8859
2026-10-06 20:49:34.765,7.1785e-11,Torr,23.cross_gate_connectingPort1,23.cross_gate_connectingPort1/MassSpecData-02115-20261006-204901.csv,15.889383333333335
2026-10-06 20:49:34.973,7.8325e-11,Torr,23.cross_gate_connectingPort1,23.cross_gate_connectingPort1/MassSpecData-02115-20261006-204901.csv,15.892850000000001
2026-10-06 20:49:35.181,7.6607e-11,Torr,23.cross_gate_connectingPort1,23.cross_gate_connectingPort1/MassSpecData-02115-20261006-204901.csv,15.896316666666667
2026-10-06 20:49:35.390,7.1346e-11,Torr,23.cross_gate_connectingPort1,23.cross_gate_connectingPort1/MassSpecData-02115-20261006-204901.csv,15.8998
2026-10-06 20:49:35.598,8.4086e-11,Torr,23.cross_gate_connectingPort1,23.cross_gate_connectingPort1/MassSpecData-02115-20261006-204901.csv,15.903266666666667
2026-10-06 20:49:35.806,9.57e-11,Torr,23.cross_gate_connectingPort1,23.cross_gate_connectingPort1/MassSpecData-02115-20261006-204901.csv,15.906733333333333
2026-10-06 20:49:36.015,7.6332e-11,Torr,23.cross_gate_connectingPort1,23.cross_gate_connectingPort1/MassSpecData-02115-20261006-204901.csv,15.910216666666667
2026-10-06 20:49:36.223,8.3265e-11,Torr,23.cross_gate_connectingPort1,23.cross_gate_connectingPort1/MassSpecData-02115-20261006-204901.csv,15.913683333333333
2026-10-06 20:49:36.431,8.2425e-11,Torr,23.cross_gate_connectingPort1,23.cross_gate_connectingPort1/MassSpecData-02115-20261006-204901.csv,15.91715
2026-10-06 20:49:36.640,8.9961e-11,Torr,23.cross_gate_connectingPort1,23.cross_gate_connectingPort1/MassSpecData-02115-20261006-204901.csv,15.920633333333335
2026-10-06 20:49:36.848,8.7025e-11,Torr,23.cross_gate_connectingPort1,23.cross_gate_connectingPort1/MassSpecData-02115-20261006-204901.csv,15.924100000000001
2026-10-06 20:49:37.056,7.8645e-11,Torr,23.cross_gate_connectingPort1,23.cross_gate_connectingPort1/MassSpecData-02115-20261006-204901.csv,15.927566666666667
2026-10-06 20:49:37.265,7.688e-11,Torr,23.cross_gate_connectingPort1,23.cross_gate_connectingPort1/MassSpecData-02115-20261006-204901.csv,15.93105
2026-10-06 20:49:37.473,7.9731e-11,Torr,23.cross_gate_connectingPort1,23.cross_gate_connectingPort1/MassSpecData-02115-20261006-204901.csv,15.934516666666667
2026-10-06 20:49:37.681,8.324e-11,Torr,23.cross_gate_connectingPort1,23.cross_gate_connectingPort1/MassSpecData-02115-20261006-204901.csv,15.937983333333333
2026-10-06 20:49:37.890,8.4921e-11,Torr,23.cross_gate_connectingPort1,23.cross_gate_connectingPort1/MassSpecData-02115-20261006-204901.csv,15.941466666666667
2026-10-06 20:49:38.098,8.9545e-11,Torr,23.cross_gate_connectingPort1,23.cross_gate_connectingPort1/MassSpecData-02115-20261006-204901.csv,15.944933333333333
2026-10-06 20:49:38.306,8.3042e-11,Torr,23.cross_gate_connectingPort1,23.cross_gate_connectingPort1/MassSpecData-02115-20261006-204901.csv,15.9484
2026-10-06 20:49:38.515,8.0833e-11,Torr,23.cross_gate_connectingPort1,23.cross_gate_connectingPort1/MassSpecData-02115-20261006-204901.csv,15.951883333333335
2026-10-06 20:49:38.723,7.2858e-11,Torr,23.cross_gate_connectingPort1,23.cross_gate_connectingPort1/MassSpecData-02115-20261006-204901.csv,15.955350000000001
2026-10-06 20:49:38.932,8.3107e-11,Torr,23.cross_gate_connectingPort1,23.cross_gate_connectingPort1/MassSpecData-02115-20261006-204901.csv,15.958833333333333
2026-10-06 20:49:39.140,7.3994e-11,Torr,23.cross_gate_connectingPort1,23.cross_gate_connectingPort1/MassSpecData-02115-20261006-204901.csv,15.9623
2026-10-06 20:49:39.348,7.814e-11,Torr,23.cross_gate_connectingPort1,23.cross_gate_connectingPort1/MassSpecData-02115-20261006-204901.csv,15.965766666666667
2026-10-06 20:49:39.557,7.8655e-11,Torr,23.cross_gate_connectingPort1,23.cross_gate_connectingPort1/MassSpecData-02115-20261006-204901.csv,15.969249999999999
2026-10-06 20:49:39.765,7.6937e-11,Torr,23.cross_gate_connectingPort1,23.cross_gate_connectingPort1/MassSpecData-02115-20261006-204901.csv,15.972716666666667
2026-10-06 20:49:39.973,9.0456e-11,Torr,23.cross_gate_connectingPort1,23.cross_gate_connectingPort1/MassSpecData-02115-20261006-204901.csv,15.976183333333333
2026-10-06 20:49:40.182,8.7305e-11,Torr,23.cross_gate_connectingPort1,23.cross_gate_connectingPort1/MassSpecData-02115-20261006-204901.csv,15.979666666666667
2026-10-06 20:49:40.390,7.6904e-11,Torr,23.cross_gate_connectingPort1,23.cross_gate_connectingPort1/MassSpecData-02115-20261006-204901.csv,15.983133333333335
2026-10-06 20:49:40.598,8.4681e-11,Torr,23.cross_gate_connectingPort1,23.cross_gate_connectingPort1/MassSpecData-02115-20261006-204901.csv,15.986600000000001
2026-10-06 20:49:40.807,8.3026e-11,Torr,23.cross_gate_connectingPort1,23.cross_gate_connectingPort1/MassSpecData-02115-20261006-204901.csv,15.990083333333333
2026-10-06 20:49:41.015,7.5237e-11,Torr,23.cross_gate_connectingPort1,23.cross_gate_connectingPort1/MassSpecData-02115-20261006-204901.csv,15.99355
2026-10-06 20:49:41.223,7.7346e-11,Torr,23.cross_gate_connectingPort1,23.cross_gate_connectingPort1/MassSpecData-02115-20261006-204901.csv,15.997016666666667
2026-10-06 20:49:41.432,8.6212e-11,Torr,23.cross_gate_connectingPort1,23.cross_gate_connectingPort1/MassSpecData-02115-20261006-204901.csv,16.0005
2026-10-06 20:49:41.640,7.6099e-11,Torr,23.cross_gate_connectingPort1,23.cross_gate_connectingPort1/MassSpecData-02115-20261006-204901.csv,16.003966666666667
2026-10-06 20:49:41.848,9.9065e-11,Torr,23.cross_gate_connectingPort1,23.cross_gate_connectingPort1/MassSpecData-02115-20261006-204901.csv,16.007433333333335
2026-10-06 20:49:42.057,7.9647e-11,Torr,23.cross_gate_connectingPort1,23.cross_gate_connectingPort1/MassSpecData-02115-20261006-204901.csv,16.010916666666667
2026-10-06 20:49:42.265,7.2076e-11,Torr,23.cross_gate_connectingPort1,23.cross_gate_connectingPort1/MassSpecData-02115-20261006-204901.csv,16.014383333333335
2026-10-06 20:49:42.473,7.6822e-11,Torr,23.cross_gate_connectingPort1,23.cross_gate_connectingPort1/MassSpecData-02115-20261006-204901.csv,16.01785
2026-10-06 20:49:42.812,8.6669e-11,Torr,23.cross_gate_connectingPort1,23.cross_gate_connectingPort1/MassSpecData-02115-20261006-204942.csv,16.0235
2026-10-06 20:49:43.020,1.0015e-10,Torr,23.cross_gate_connectingPort1,23.cross_gate_connectingPort1/MassSpecData-02115-20261006-204942.csv,16.026966666666667
2026-10-06 20:49:43.229,7.423e-11,Torr,23.cross_gate_connectingPort1,23.cross_gate_connectingPort1/MassSpecData-02115-20261006-204942.csv,16.03045
2026-10-06 20:49:43.437,8.5213e-11,Torr,23.cross_gate_connectingPort1,23.cross_gate_connectingPort1/MassSpecData-02115-20261006-204942.csv,16.033916666666666
2026-10-06 20:49:43.645,7.7285e-11,Torr,23.cross_gate_connectingPort1,23.cross_gate_connectingPort1/MassSpecData-02115-20261006-204942.csv,16.037383333333334
2026-10-06 20:49:43.854,7.8675e-11,Torr,23.cross_gate_connectingPort1,23.cross_gate_connectingPort1/MassSpecData-02115-20261006-204942.csv,16.040866666666666
2026-10-06 20:49:44.062,7.6336e-11,Torr,23.cross_gate_connectingPort1,23.cross_gate_connectingPort1/MassSpecData-02115-20261006-204942.csv,16.044333333333334
2026-10-06 20:49:44.270,8.922e-11,Torr,23.cross_gate_connectingPort1,23.cross_gate_connectingPort1/MassSpecData-02115-20261006-204942.csv,16.047800000000002
2026-10-06 20:49:44.478,8.276e-11,Torr,23.cross_gate_connectingPort1,23.cross_gate_connectingPort1/MassSpecData-02115-20261006-204942.csv,16.051266666666667
2026-10-06 20:49:44.687,6.8063e-11,Torr,23.cross_gate_connectingPort1,23.cross_gate_connectingPort1/MassSpecData-02115-20261006-204942.csv,16.05475
2026-10-06 20:49:44.895,7.6377e-11,Torr,23.cross_gate_connectingPort1,23.cross_gate_connectingPort1/MassSpecData-02115-20261006-204942.csv,16.058216666666667
2026-10-06 20:49:45.104,8.0914e-11,Torr,23.cross_gate_connectingPort1,23.cross_gate_connectingPort1/MassSpecData-02115-20261006-204942.csv,16.0617
2026-10-06 20:49:45.312,7.882e-11,Torr,23.cross_gate_connectingPort1,23.cross_gate_connectingPort1/MassSpecData-02115-20261006-204942.csv,16.065166666666666
2026-10-06 20:49:45.520,1.0086e-10,Torr,23.cross_gate_connectingPort1,23.cross_gate_connectingPort1/MassSpecData-02115-20261006-204942.csv,16.068633333333334
2026-10-06 20:49:45.729,7.9932e-11,Torr,23.cross_gate_connectingPort1,23.cross_gate_connectingPort1/MassSpecData-02115-20261006-204942.csv,16.072116666666666
2026-10-06 20:49:45.937,7.4614e-11,Torr,23.cross_gate_connectingPort1,23.cross_gate_connectingPort1/MassSpecData-02115-20261006-204942.csv,16.075583333333334
2026-10-06 20:49:46.145,8.6469e-11,Torr,23.cross_gate_connectingPort1,23.cross_gate_connectingPort1/MassSpecData-02115-20261006-204942.csv,16.079050000000002
2026-10-06 20:49:46.354,8.8767e-11,Torr,23.cross_gate_connectingPort1,23.cross_gate_connectingPort1/MassSpecData-02115-20261006-204942.csv,16.082533333333334
2026-10-06 20:49:46.562,8.7418e-11,Torr,23.cross_gate_connectingPort1,23.cross_gate_connectingPort1/MassSpecData-02115-20261006-204942.csv,16.086
2026-10-06 20:49:46.770,8.8225e-11,Torr,23.cross_gate_connectingPort1,23.cross_gate_connectingPort1/MassSpecData-02115-20261006-204942.csv,16.089466666666667
2026-10-06 20:49:46.979,8.3868e-11,Torr,23.cross_gate_connectingPort1,23.cross_gate_connectingPort1/MassSpecData-02115-20261006-204942.csv,16.09295
2026-10-06 20:49:47.187,8.3008e-11,Torr,23.cross_gate_connectingPort1,23.cross_gate_connectingPort1/MassSpecData-02115-20261006-204942.csv,16.096416666666666
2026-10-06 20:49:47.395,7.3099e-11,Torr,23.cross_gate_connectingPort1,23.cross_gate_connectingPort1/MassSpecData-02115-20261006-204942.csv,16.099883333333334
2026-10-06 20:49:47.604,7.0059e-11,Torr,23.cross_gate_connectingPort1,23.cross_gate_connectingPort1/MassSpecData-02115-20261006-204942.csv,16.103366666666666
2026-10-06 20:49:47.812,7.98e-11,Torr,23.cross_gate_connectingPort1,23.cross_gate_connectingPort1/MassSpecData-02115-20261006-204942.csv,16.106833333333334
2026-10-06 20:49:48.020,8.4586e-11,Torr,23.cross_gate_connectingPort1,23.cross_gate_connectingPort1/MassSpecData-02115-20261006-204942.csv,16.110300000000002
2026-10-06 20:49:48.228,8.2312e-11,Torr,23.cross_gate_connectingPort1,23.cross_gate_connectingPort1/MassSpecData-02115-20261006-204942.csv,16.113766666666667
2026-10-06 20:49:48.437,8.2519e-11,Torr,23.cross_gate_connectingPort1,23.cross_gate_connectingPort1/MassSpecData-02115-20261006-204942.csv,16.11725
2026-10-06 20:49:48.645,8.7021e-11,Torr,23.cross_gate_connectingPort1,23.cross_gate_connectingPort1/MassSpecData-02115-20261006-204942.csv,16.120716666666667
2026-10-06 20:49:48.853,8.4307e-11,Torr,23.cross_gate_connectingPort1,23.cross_gate_connectingPort1/MassSpecData-02115-20261006-204942.csv,16.124183333333335
2026-10-06 20:49:49.062,8.0339e-11,Torr,23.cross_gate_connectingPort1,23.cross_gate_connectingPort1/MassSpecData-02115-20261006-204942.csv,16.127666666666666
2026-10-06 20:49:49.270,9.5741e-11,Torr,23.cross_gate_connectingPort1,23.cross_gate_connectingPort1/MassSpecData-02115-20261006-204942.csv,16.131133333333334
2026-10-06 20:49:49.478,6.6152e-11,Torr,23.cross_gate_connectingPort1,23.cross_gate_connectingPort1/MassSpecData-02115-20261006-204942.csv,16.1346
2026-10-06 20:49:49.687,8.4505e-11,Torr,23.cross_gate_connectingPort1,23.cross_gate_connectingPort1/MassSpecData-02115-20261006-204942.csv,16.138083333333334
2026-10-06 20:49:49.895,7.9721e-11,Torr,23.cross_gate_connectingPort1,23.cross_gate_connectingPort1/MassSpecData-02115-20261006-204942.csv,16.141550000000002
2026-10-06 20:49:50.103,8.4871e-11,Torr,23.cross_gate_connectingPort1,23.cross_gate_connectingPort1/MassSpecData-02115-20261006-204942.csv,16.145016666666667
2026-10-06 20:49:50.312,6.984e-11,Torr,23.cross_gate_connectingPort1,23.cross_gate_connectingPort1/MassSpecData-02115-20261006-204942.csv,16.1485
2026-10-06 20:49:50.520,7.0715e-11,Torr,23.cross_gate_connectingPort1,23.cross_gate_connectingPort1/MassSpecData-02115-20261006-204942.csv,16.151966666666667
2026-10-06 20:49:50.728,8.9866e-11,Torr,23.cross_gate_connectingPort1,23.cross_gate_connectingPort1/MassSpecData-02115-20261006-204942.csv,16.155433333333335
2026-10-06 20:49:50.937,7.5429e-11,Torr,23.cross_gate_connectingPort1,23.cross_gate_connectingPort1/MassSpecData-02115-20261006-204942.csv,16.158916666666666
2026-10-06 20:49:51.145,7.7268e-11,Torr,23.cross_gate_connectingPort1,23.cross_gate_connectingPort1/MassSpecData-02115-20261006-204942.csv,16.162383333333334
2026-10-06 20:49:51.353,1.0825e-10,Torr,23.cross_gate_connectingPort1,23.cross_gate_connectingPort1/MassSpecData-02115-20261006-204942.csv,16.16585
2026-10-06 20:49:51.562,8.4652e-11,Torr,23.cross_gate_connectingPort1,23.cross_gate_connectingPort1/MassSpecData-02115-20261006-204942.csv,16.169333333333334
2026-10-06 20:49:51.770,8.2522e-11,Torr,23.cross_gate_connectingPort1,23.cross_gate_connectingPort1/MassSpecData-02115-20261006-204942.csv,16.172800000000002
2026-10-06 20:49:51.979,8.7729e-11,Torr,23.cross_gate_connectingPort1,23.cross_gate_connectingPort1/MassSpecData-02115-20261006-204942.csv,16.176283333333334
2026-10-06 20:49:52.187,7.4265e-11,Torr,23.cross_gate_connectingPort1,23.cross_gate_connectingPort1/MassSpecData-02115-20261006-204942.csv,16.17975
2026-10-06 20:49:52.395,1.0945e-10,Torr,23.cross_gate_connectingPort1,23.cross_gate_connectingPort1/MassSpecData-02115-20261006-204942.csv,16.183216666666667
2026-10-06 20:49:52.604,7.135e-11,Torr,23.cross_gate_connectingPort1,23.cross_gate_connectingPort1/MassSpecData-02115-20261006-204942.csv,16.1867
2026-10-06 20:49:52.812,7.2157e-11,Torr,23.cross_gate_connectingPort1,23.cross_gate_connectingPort1/MassSpecData-02115-20261006-204942.csv,16.190166666666666
2026-10-06 20:49:53.020,9.421e-11,Torr,23.cross_gate_connectingPort1,23.cross_gate_connectingPort1/MassSpecData-02115-20261006-204942.csv,16.193633333333334
2026-10-06 20:49:53.229,7.2252e-11,Torr,23.cross_gate_connectingPort1,23.cross_gate_connectingPort1/MassSpecData-02115-20261006-204942.csv,16.197116666666666
2026-10-06 20:49:53.437,8.0438e-11,Torr,23.cross_gate_connectingPort1,23.cross_gate_connectingPort1/MassSpecData-02115-20261006-204942.csv,16.200583333333334
2026-10-06 20:49:53.645,7.6696e-11,Torr,23.cross_gate_connectingPort1,23.cross_gate_connectingPort1/MassSpecData-02115-20261006-204942.csv,16.204050000000002
2026-10-06 20:49:53.854,7.6297e-11,Torr,23.cross_gate_connectingPort1,23.cross_gate_connectingPort1/MassSpecData-02115-20261006-204942.csv,16.207533333333334
2026-10-06 20:49:54.062,9.9065e-11,Torr,23.cross_gate_connectingPort1,23.cross_gate_connectingPort1/MassSpecData-02115-20261006-204942.csv,16.211
2026-10-06 20:49:54.270,6.9814e-11,Torr,23.cross_gate_connectingPort1,23.cross_gate_connectingPort1/MassSpecData-02115-20261006-204942.csv,16.214466666666667
2026-10-06 20:49:54.479,7.9778e-11,Torr,23.cross_gate_connectingPort1,23.cross_gate_connectingPort1/MassSpecData-02115-20261006-204942.csv,16.21795
2026-10-06 20:49:54.687,6.8203e-11,Torr,23.cross_gate_connectingPort1,23.cross_gate_connectingPort1/MassSpecData-02115-20261006-204942.csv,16.221416666666666
2026-10-06 20:49:54.895,7.4304e-11,Torr,23.cross_gate_connectingPort1,23.cross_gate_connectingPort1/MassSpecData-02115-20261006-204942.csv,16.224883333333334
2026-10-06 20:49:55.104,9.2278e-11,Torr,23.cross_gate_connectingPort1,23.cross_gate_connectingPort1/MassSpecData-02115-20261006-204942.csv,16.228366666666666
2026-10-06 20:49:55.312,7.7607e-11,Torr,23.cross_gate_connectingPort1,23.cross_gate_connectingPort1/MassSpecData-02115-20261006-204942.csv,16.231833333333334
2026-10-06 20:49:55.520,7.9144e-11,Torr,23.cross_gate_connectingPort1,23.cross_gate_connectingPort1/MassSpecData-02115-20261006-204942.csv,16.235300000000002
2026-10-06 20:49:55.729,8.8542e-11,Torr,23.cross_gate_connectingPort1,23.cross_gate_connectingPort1/MassSpecData-02115-20261006-204942.csv,16.238783333333334
2026-10-06 20:49:55.937,9.0809e-11,Torr,23.cross_gate_connectingPort1,23.cross_gate_connectingPort1/MassSpecData-02115-20261006-204942.csv,16.24225
2026-10-06 20:49:56.145,7.6011e-11,Torr,23.cross_gate_connectingPort1,23.cross_gate_connectingPort1/MassSpecData-02115-20261006-204942.csv,16.245716666666667
2026-10-06 20:49:56.354,9.5606e-11,Torr,23.cross_gate_connectingPort1,23.cross_gate_connectingPort1/MassSpecData-02115-20261006-204942.csv,16.2492
2026-10-06 20:49:56.562,9.2096e-11,Torr,23.cross_gate_connectingPort1,23.cross_gate_connectingPort1/MassSpecData-02115-20261006-204942.csv,16.252666666666666
2026-10-06 20:49:56.770,7.7334e-11,Torr,23.cross_gate_connectingPort1,23.cross_gate_connectingPort1/MassSpecData-02115-20261006-204942.csv,16.256133333333334
2026-10-06 20:49:56.979,8.1363e-11,Torr,23.cross_gate_connectingPort1,23.cross_gate_connectingPort1/MassSpecData-02115-20261006-204942.csv,16.259616666666666
2026-10-06 20:49:57.187,5.8604e-11,Torr,23.cross_gate_connectingPort1,23.cross_gate_connectingPort1/MassSpecData-02115-20261006-204942.csv,16.263083333333334
2026-10-06 20:49:57.395,9.9222e-11,Torr,23.cross_gate_connectingPort1,23.cross_gate_connectingPort1/MassSpecData-02115-20261006-204942.csv,16.266550000000002
2026-10-06 20:49:57.604,7.6135e-11,Torr,23.cross_gate_connectingPort1,23.cross_gate_connectingPort1/MassSpecData-02115-20261006-204942.csv,16.270033333333334
2026-10-06 20:49:57.812,8.9261e-11,Torr,23.cross_gate_connectingPort1,23.cross_gate_connectingPort1/MassSpecData-02115-20261006-204942.csv,16.2735
2026-10-06 20:49:58.020,7.5354e-11,Torr,23.cross_gate_connectingPort1,23.cross_gate_connectingPort1/MassSpecData-02115-20261006-204942.csv,16.276966666666667
2026-10-06 20:49:58.229,8.6553e-11,Torr,23.cross_gate_connectingPort1,23.cross_gate_connectingPort1/MassSpecData-02115-20261006-204942.csv,16.28045
2026-10-06 20:49:58.437,7.7721e-11,Torr,23.cross_gate_connectingPort1,23.cross_gate_connectingPort1/MassSpecData-02115-20261006-204942.csv,16.283916666666666
2026-10-06 20:49:58.645,9.3996e-11,Torr,23.cross_gate_connectingPort1,23.cross_gate_connectingPort1/MassSpecData-02115-20261006-204942.csv,16.287383333333334
2026-10-06 20:49:58.854,7.7236e-11,Torr,23.cross_gate_connectingPort1,23.cross_gate_connectingPort1/MassSpecData-02115-20261006-204942.csv,16.290866666666666
2026-10-06 20:49:59.062,6.5352e-11,Torr,23.cross_gate_connectingPort1,23.cross_gate_connectingPort1/MassSpecData-02115-20261006-204942.csv,16.294333333333334
2026-10-06 20:49:59.270,8.0635e-11,Torr,23.cross_gate_connectingPort1,23.cross_gate_connectingPort1/MassSpecData-02115-20261006-204942.csv,16.297800000000002
2026-10-06 20:49:59.479,9.1861e-11,Torr,23.cross_gate_connectingPort1,23.cross_gate_connectingPort1/MassSpecData-02115-20261006-204942.csv,16.301283333333334
2026-10-06 20:49:59.687,7.8494e-11,Torr,23.cross_gate_connectingPort1,23.cross_gate_connectingPort1/MassSpecData-02115-20261006-204942.csv,16.30475
2026-10-06 20:49:59.895,7.6217e-11,Torr,23.cross_gate_connectingPort1,23.cross_gate_connectingPort1/MassSpecData-02115-20261006-204942.csv,16.308216666666667
2026-10-06 20:50:00.104,8.3039e-11,Torr,23.cross_gate_connectingPort1,23.cross_gate_connectingPort1/MassSpecData-02115-20261006-204942.csv,16.3117
2026-10-06 20:50:00.312,9.8863e-11,Torr,23.cross_gate_connectingPort1,23.cross_gate_connectingPort1/MassSpecData-02115-20261006-204942.csv,16.315166666666666
2026-10-06 20:50:00.520,7.7945e-11,Torr,23.cross_gate_connectingPort1,23.cross_gate_connectingPort1/MassSpecData-02115-20261006-204942.csv,16.318633333333334
2026-10-06 20:50:00.729,7.8059e-11,Torr,23.cross_gate_connectingPort1,23.cross_gate_connectingPort1/MassSpecData-02115-20261006-204942.csv,16.322116666666666
2026-10-06 20:50:00.937,6.3902e-11,Torr,23.cross_gate_connectingPort1,23.cross_gate_connectingPort1/MassSpecData-02115-20261006-204942.csv,16.325583333333334
2026-10-06 20:50:01.145,7.8408e-11,Torr,23.cross_gate_connectingPort1,23.cross_gate_connectingPort1/MassSpecData-02115-20261006-204942.csv,16.329050000000002
2026-10-06 20:50:01.354,7.7878e-11,Torr,23.cross_gate_connectingPort1,23.cross_gate_connectingPort1/MassSpecData-02115-20261006-204942.csv,16.332533333333334
2026-10-06 20:50:01.562,8.0516e-11,Torr,23.cross_gate_connectingPort1,23.cross_gate_connectingPort1/MassSpecData-02115-20261006-204942.csv,16.336
2026-10-06 20:50:01.770,8.1856e-11,Torr,23.cross_gate_connectingPort1,23.cross_gate_connectingPort1/MassSpecData-02115-20261006-204942.csv,16.339466666666667
2026-10-06 20:50:01.979,7.8325e-11,Torr,23.cross_gate_connectingPort1,23.cross_gate_connectingPort1/MassSpecData-02115-20261006-204942.csv,16.34295
2026-10-06 20:50:02.187,8.4797e-11,Torr,23.cross_gate_connectingPort1,23.cross_gate_connectingPort1/MassSpecData-02115-20261006-204942.csv,16.346416666666666
2026-10-06 20:50:02.395,7.2344e-11,Torr,23.cross_gate_connectingPort1,23.cross_gate_connectingPort1/MassSpecData-02115-20261006-204942.csv,16.349883333333334
2026-10-06 20:50:02.603,7.8788e-11,Torr,23.cross_gate_connectingPort1,23.cross_gate_connectingPort1/MassSpecData-02115-20261006-204942.csv,16.35335
2026-10-06 20:50:02.812,8.3904e-11,Torr,23.cross_gate_connectingPort1,23.cross_gate_connectingPort1/MassSpecData-02115-20261006-204942.csv,16.356833333333334
2026-10-06 20:50:03.020,7.5882e-11,Torr,23.cross_gate_connectingPort1,23.cross_gate_connectingPort1/MassSpecData-02115-20261006-204942.csv,16.360300000000002
2026-10-06 20:50:03.228,7.4335e-11,Torr,23.cross_gate_connectingPort1,23.cross_gate_connectingPort1/MassSpecData-02115-20261006-204942.csv,16.363766666666667
2026-10-06 20:50:03.437,8.8679e-11,Torr,23.cross_gate_connectingPort1,23.cross_gate_connectingPort1/MassSpecData-02115-20261006-204942.csv,16.36725
2026-10-06 20:50:03.645,8.2793e-11,Torr,23.cross_gate_connectingPort1,23.cross_gate_connectingPort1/MassSpecData-02115-20261006-204942.csv,16.370716666666667
2026-10-06 20:50:03.853,8.5745e-11,Torr,23.cross_gate_connectingPort1,23.cross_gate_connectingPort1/MassSpecData-02115-20261006-204942.csv,16.374183333333335
2026-10-06 20:50:04.062,7.93e-11,Torr,23.cross_gate_connectingPort1,23.cross_gate_connectingPort1/MassSpecData-02115-20261006-204942.csv,16.377666666666666
2026-10-06 20:50:04.270,9.3696e-11,Torr,23.cross_gate_connectingPort1,23.cross_gate_connectingPort1/MassSpecData-02115-20261006-204942.csv,16.381133333333334
2026-10-06 20:50:04.478,9.198e-11,Torr,23.cross_gate_connectingPort1,23.cross_gate_connectingPort1/MassSpecData-02115-20261006-204942.csv,16.3846
2026-10-06 20:50:04.687,7.8175e-11,Torr,23.cross_gate_connectingPort1,23.cross_gate_connectingPort1/MassSpecData-02115-20261006-204942.csv,16.388083333333334
2026-10-06 20:50:04.895,8.066e-11,Torr,23.cross_gate_connectingPort1,23.cross_gate_connectingPort1/MassSpecData-02115-20261006-204942.csv,16.391550000000002
2026-10-06 20:50:05.103,7.4209e-11,Torr,23.cross_gate_connectingPort1,23.cross_gate_connectingPort1/MassSpecData-02115-20261006-204942.csv,16.395016666666667
2026-10-06 20:50:05.312,7.9327e-11,Torr,23.cross_gate_connectingPort1,23.cross_gate_connectingPort1/MassSpecData-02115-20261006-204942.csv,16.3985
2026-10-06 20:50:05.520,8.5795e-11,Torr,23.cross_gate_connectingPort1,23.cross_gate_connectingPort1/MassSpecData-02115-20261006-204942.csv,16.401966666666667
2026-10-06 20:50:05.728,7.7962e-11,Torr,23.cross_gate_connectingPort1,23.cross_gate_connectingPort1/MassSpecData-02115-20261006-204942.csv,16.405433333333335
2026-10-06 20:50:05.937,9.1163e-11,Torr,23.cross_gate_connectingPort1,23.cross_gate_connectingPort1/MassSpecData-02115-20261006-204942.csv,16.408916666666666
2026-10-06 20:50:06.145,9.7758e-11,Torr,23.cross_gate_connectingPort1,23.cross_gate_connectingPort1/MassSpecData-02115-20261006-204942.csv,16.412383333333334
2026-10-06 20:50:06.353,9.4874e-11,Torr,23.cross_gate_connectingPort1,23.cross_gate_connectingPort1/MassSpecData-02115-20261006-204942.csv,16.41585
2026-10-06 20:50:06.562,8.1593e-11,Torr,23.cross_gate_connectingPort1,23.cross_gate_connectingPort1/MassSpecData-02115-20261006-204942.csv,16.419333333333334
2026-10-06 20:50:06.770,6.9651e-11,Torr,23.cross_gate_connectingPort1,23.cross_gate_connectingPort1/MassSpecData-02115-20261006-204942.csv,16.422800000000002
2026-10-06 20:50:06.978,8.9202e-11,Torr,23.cross_gate_connectingPort1,23.cross_gate_connectingPort1/MassSpecData-02115-20261006-204942.csv,16.426266666666667
2026-10-06 20:50:07.187,9.0246e-11,Torr,23.cross_gate_connectingPort1,23.cross_gate_connectingPort1/MassSpecData-02115-20261006-204942.csv,16.42975
2026-10-06 20:50:07.395,8.3261e-11,Torr,23.cross_gate_connectingPort1,23.cross_gate_connectingPort1/MassSpecData-02115-20261006-204942.csv,16.433216666666667
2026-10-06 20:50:07.603,9.4141e-11,Torr,23.cross_gate_connectingPort1,23.cross_gate_connectingPort1/MassSpecData-02115-20261006-204942.csv,16.436683333333335
2026-10-06 20:50:07.812,9.7748e-11,Torr,23.cross_gate_connectingPort1,23.cross_gate_connectingPort1/MassSpecData-02115-20261006-204942.csv,16.440166666666666
2026-10-06 20:50:08.020,8.7067e-11,Torr,23.cross_gate_connectingPort1,23.cross_gate_connectingPort1/MassSpecData-02115-20261006-204942.csv,16.443633333333334
2026-10-06 20:50:08.228,8.5877e-11,Torr,23.cross_gate_connectingPort1,23.cross_gate_connectingPort1/MassSpecData-02115-20261006-204942.csv,16.4471
2026-10-06 20:50:08.437,8.1122e-11,Torr,23.cross_gate_connectingPort1,23.cross_gate_connectingPort1/MassSpecData-02115-20261006-204942.csv,16.450583333333334
2026-10-06 20:50:08.645,7.6627e-11,Torr,23.cross_gate_connectingPort1,23.cross_gate_connectingPort1/MassSpecData-02115-20261006-204942.csv,16.454050000000002
2026-10-06 20:50:08.853,8.0258e-11,Torr,23.cross_gate_connectingPort1,23.cross_gate_connectingPort1/MassSpecData-02115-20261006-204942.csv,16.457516666666667
2026-10-06 20:50:09.062,8.0467e-11,Torr,23.cross_gate_connectingPort1,23.cross_gate_connectingPort1/MassSpecData-02115-20261006-204942.csv,16.461
2026-10-06 20:50:09.270,7.9681e-11,Torr,23.cross_gate_connectingPort1,23.cross_gate_connectingPort1/MassSpecData-02115-20261006-204942.csv,16.464466666666667
2026-10-06 20:50:09.478,9.2134e-11,Torr,23.cross_gate_connectingPort1,23.cross_gate_connectingPort1/MassSpecData-02115-20261006-204942.csv,16.467933333333335
2026-10-06 20:50:09.687,6.4016e-11,Torr,23.cross_gate_connectingPort1,23.cross_gate_connectingPort1/MassSpecData-02115-20261006-204942.csv,16.471416666666666
2026-10-06 20:50:09.895,8.5588e-11,Torr,23.cross_gate_connectingPort1,23.cross_gate_connectingPort1/MassSpecData-02115-20261006-204942.csv,16.474883333333334
2026-10-06 20:50:10.103,8.0544e-11,Torr,23.cross_gate_connectingPort1,23.cross_gate_connectingPort1/MassSpecData-02115-20261006-204942.csv,16.47835
2026-10-06 20:50:10.312,8.2667e-11,Torr,23.cross_gate_connectingPort1,23.cross_gate_connectingPort1/MassSpecData-02115-20261006-204942.csv,16.481833333333334
2026-10-06 20:50:10.520,8.0856e-11,Torr,23.cross_gate_connectingPort1,23.cross_gate_connectingPort1/MassSpecData-02115-20261006-204942.csv,16.485300000000002
2026-10-06 20:50:10.728,7.411e-11,Torr,23.cross_gate_connectingPort1,23.cross_gate_connectingPort1/MassSpecData-02115-20261006-204942.csv,16.488766666666667
2026-10-06 20:50:10.937,6.9952e-11,Torr,23.cross_gate_connectingPort1,23.cross_gate_connectingPort1/MassSpecData-02115-20261006-204942.csv,16.49225
2026-10-06 20:50:11.145,7.6886e-11,Torr,23.cross_gate_connectingPort1,23.cross_gate_connectingPort1/MassSpecData-02115-20261006-204942.csv,16.495716666666667
2026-10-06 20:50:11.353,7.4286e-11,Torr,23.cross_gate_connectingPort1,23.cross_gate_connectingPort1/MassSpecData-02115-20261006-204942.csv,16.499183333333335
2026-10-06 20:50:11.562,8.5316e-11,Torr,23.cross_gate_connectingPort1,23.cross_gate_connectingPort1/MassSpecData-02115-20261006-204942.csv,16.502666666666666
2026-10-06 20:50:11.770,7.33e-11,Torr,23.cross_gate_connectingPort1,23.cross_gate_connectingPort1/MassSpecData-02115-20261006-204942.csv,16.506133333333334
2026-10-06 20:50:11.978,9.0128e-11,Torr,23.cross_gate_connectingPort1,23.cross_gate_connectingPort1/MassSpecData-02115-20261006-204942.csv,16.5096
2026-10-06 20:50:12.187,9.0206e-11,Torr,23.cross_gate_connectingPort1,23.cross_gate_connectingPort1/MassSpecData-02115-20261006-204942.csv,16.513083333333334
2026-10-06 20:50:12.395,7.8774e-11,Torr,23.cross_gate_connectingPort1,23.cross_gate_connectingPort1/MassSpecData-02115-20261006-204942.csv,16.516550000000002
2026-10-06 20:50:12.603,7.8018e-11,Torr,23.cross_gate_connectingPort1,23.cross_gate_connectingPort1/MassSpecData-02115-20261006-204942.csv,16.520016666666667
2026-10-06 20:50:12.812,8.083e-11,Torr,23.cross_gate_connectingPort1,23.cross_gate_connectingPort1/MassSpecData-02115-20261006-204942.csv,16.5235
2026-10-06 20:50:13.020,8.4204e-11,Torr,23.cross_gate_connectingPort1,23.cross_gate_connectingPort1/MassSpecData-02115-20261006-204942.csv,16.526966666666667
2026-10-06 20:50:13.228,8.3218e-11,Torr,23.cross_gate_connectingPort1,23.cross_gate_connectingPort1/MassSpecData-02115-20261006-204942.csv,16.530433333333335
2026-10-06 20:50:13.437,8.8328e-11,Torr,23.cross_gate_connectingPort1,23.cross_gate_connectingPort1/MassSpecData-02115-20261006-204942.csv,16.533916666666666
2026-10-06 20:50:13.645,8.6229e-11,Torr,23.cross_gate_connectingPort1,23.cross_gate_connectingPort1/MassSpecData-02115-20261006-204942.csv,16.537383333333334
2026-10-06 20:50:13.853,8.4191e-11,Torr,23.cross_gate_connectingPort1,23.cross_gate_connectingPort1/MassSpecData-02115-20261006-204942.csv,16.54085
2026-10-06 20:50:14.062,7.2772e-11,Torr,23.cross_gate_connectingPort1,23.cross_gate_connectingPort1/MassSpecData-02115-20261006-204942.csv,16.544333333333334
2026-10-06 20:50:14.270,7.8814e-11,Torr,23.cross_gate_connectingPort1,23.cross_gate_connectingPort1/MassSpecData-02115-20261006-204942.csv,16.547800000000002
2026-10-06 20:50:14.478,9.1202e-11,Torr,23.cross_gate_connectingPort1,23.cross_gate_connectingPort1/MassSpecData-02115-20261006-204942.csv,16.551266666666667
2026-10-06 20:50:14.687,7.4232e-11,Torr,23.cross_gate_connectingPort1,23.cross_gate_connectingPort1/MassSpecData-02115-20261006-204942.csv,16.55475
2026-10-06 20:50:14.895,9.3587e-11,Torr,23.cross_gate_connectingPort1,23.cross_gate_connectingPort1/MassSpecData-02115-20261006-204942.csv,16.558216666666667
2026-10-06 20:50:15.103,8.8778e-11,Torr,23.cross_gate_connectingPort1,23.cross_gate_connectingPort1/MassSpecData-02115-20261006-204942.csv,16.561683333333335
2026-10-06 20:50:15.312,8.7071e-11,Torr,23.cross_gate_connectingPort1,23.cross_gate_connectingPort1/MassSpecData-02115-20261006-204942.csv,16.565166666666666
2026-10-06 20:50:15.520,7.5142e-11,Torr,23.cross_gate_connectingPort1,23.cross_gate_connectingPort1/MassSpecData-02115-20261006-204942.csv,16.568633333333334
2026-10-06 20:50:15.728,7.2046e-11,Torr,23.cross_gate_connectingPort1,23.cross_gate_connectingPort1/MassSpecData-02115-20261006-204942.csv,16.5721
2026-10-06 20:50:15.937,7.6553e-11,Torr,23.cross_gate_connectingPort1,23.cross_gate_connectingPort1/MassSpecData-02115-20261006-204942.csv,16.575583333333334
2026-10-06 20:50:16.145,7.4717e-11,Torr,23.cross_gate_connectingPort1,23.cross_gate_connectingPort1/MassSpecData-02115-20261006-204942.csv,16.579050000000002
2026-10-06 20:50:16.353,8.9906e-11,Torr,23.cross_gate_connectingPort1,23.cross_gate_connectingPort1/MassSpecData-02115-20261006-204942.csv,16.582516666666667
2026-10-06 20:50:16.562,7.4433e-11,Torr,23.cross_gate_connectingPort1,23.cross_gate_connectingPort1/MassSpecData-02115-20261006-204942.csv,16.586
2026-10-06 20:50:16.770,8.8914e-11,Torr,23.cross_gate_connectingPort1,23.cross_gate_connectingPort1/MassSpecData-02115-20261006-204942.csv,16.589466666666667
2026-10-06 20:50:16.978,8.0493e-11,Torr,23.cross_gate_connectingPort1,23.cross_gate_connectingPort1/MassSpecData-02115-20261006-204942.csv,16.592933333333335
2026-10-06 20:50:17.187,7.8245e-11,Torr,23.cross_gate_connectingPort1,23.cross_gate_connectingPort1/MassSpecData-02115-20261006-204942.csv,16.596416666666666
2026-10-06 20:50:17.395,7.2633e-11,Torr,23.cross_gate_connectingPort1,23.cross_gate_connectingPort1/MassSpecData-02115-20261006-204942.csv,16.599883333333334
2026-10-06 20:50:17.603,9.058e-11,Torr,23.cross_gate_connectingPort1,23.cross_gate_connectingPort1/MassSpecData-02115-20261006-204942.csv,16.60335
2026-10-06 20:50:17.812,7.7945e-11,Torr,23.cross_gate_connectingPort1,23.cross_gate_connectingPort1/MassSpecData-02115-20261006-204942.csv,16.606833333333334
2026-10-06 20:50:18.020,1.0036e-10,Torr,23.cross_gate_connectingPort1,23.cross_gate_connectingPort1/MassSpecData-02115-20261006-204942.csv,16.610300000000002
2026-10-06 20:50:18.228,7.8949e-11,Torr,23.cross_gate_connectingPort1,23.cross_gate_connectingPort1/MassSpecData-02115-20261006-204942.csv,16.613766666666667
2026-10-06 20:50:18.437,9.1842e-11,Torr,23.cross_gate_connectingPort1,23.cross_gate_connectingPort1/MassSpecData-02115-20261006-204942.csv,16.61725
2026-10-06 20:50:18.645,8.679e-11,Torr,23.cross_gate_connectingPort1,23.cross_gate_connectingPort1/MassSpecData-02115-20261006-204942.csv,16.620716666666667
2026-10-06 20:50:18.853,8.1915e-11,Torr,23.cross_gate_connectingPort1,23.cross_gate_connectingPort1/MassSpecData-02115-20261006-204942.csv,16.624183333333335
2026-10-06 20:50:19.062,7.5304e-11,Torr,23.cross_gate_connectingPort1,23.cross_gate_connectingPort1/MassSpecData-02115-20261006-204942.csv,16.627666666666666
2026-10-06 20:50:19.270,6.8538e-11,Torr,23.cross_gate_connectingPort1,23.cross_gate_connectingPort1/MassSpecData-02115-20261006-204942.csv,16.631133333333334
2026-10-06 20:50:19.478,8.2536e-11,Torr,23.cross_gate_connectingPort1,23.cross_gate_connectingPort1/MassSpecData-02115-20261006-204942.csv,16.6346
2026-10-06 20:50:19.687,1.0164e-10,Torr,23.cross_gate_connectingPort1,23.cross_gate_connectingPort1/MassSpecData-02115-20261006-204942.csv,16.638083333333334
2026-10-06 20:50:19.895,6.6399e-11,Torr,23.cross_gate_connectingPort1,23.cross_gate_connectingPort1/MassSpecData-02115-20261006-204942.csv,16.641550000000002
2026-10-06 20:50:20.103,8.9722e-11,Torr,23.cross_gate_connectingPort1,23.cross_gate_connectingPort1/MassSpecData-02115-20261006-204942.csv,16.645016666666667
2026-10-06 20:50:20.312,8.2904e-11,Torr,23.cross_gate_connectingPort1,23.cross_gate_connectingPort1/MassSpecData-02115-20261006-204942.csv,16.6485
2026-10-06 20:50:20.520,7.2368e-11,Torr,23.cross_gate_connectingPort1,23.cross_gate_connectingPort1/MassSpecData-02115-20261006-204942.csv,16.651966666666667
2026-10-06 20:50:20.729,7.2694e-11,Torr,23.cross_gate_connectingPort1,23.cross_gate_connectingPort1/MassSpecData-02115-20261006-204942.csv,16.65545
2026-10-06 20:50:20.937,9.1896e-11,Torr,23.cross_gate_connectingPort1,23.cross_gate_connectingPort1/MassSpecData-02115-20261006-204942.csv,16.658916666666666
2026-10-06 20:50:21.145,7.1433e-11,Torr,23.cross_gate_connectingPort1,23.cross_gate_connectingPort1/MassSpecData-02115-20261006-204942.csv,16.662383333333334
2026-10-06 20:50:21.354,8.1515e-11,Torr,23.cross_gate_connectingPort1,23.cross_gate_connectingPort1/MassSpecData-02115-20261006-204942.csv,16.665866666666666
2026-10-06 20:50:21.562,8.4025e-11,Torr,23.cross_gate_connectingPort1,23.cross_gate_connectingPort1/MassSpecData-02115-20261006-204942.csv,16.669333333333334
2026-10-06 20:50:21.770,8.1667e-11,Torr,23.cross_gate_connectingPort1,23.cross_gate_connectingPort1/MassSpecData-02115-20261006-204942.csv,16.672800000000002
2026-10-06 20:50:21.979,7.9948e-11,Torr,23.cross_gate_connectingPort1,23.cross_gate_connectingPort1/MassSpecData-02115-20261006-204942.csv,16.676283333333334
2026-10-06 20:50:22.187,7.5364e-11,Torr,23.cross_gate_connectingPort1,23.cross_gate_connectingPort1/MassSpecData-02115-20261006-204942.csv,16.67975
2026-10-06 20:50:22.395,7.0864e-11,Torr,23.cross_gate_connectingPort1,23.cross_gate_connectingPort1/MassSpecData-02115-20261006-204942.csv,16.683216666666667
2026-10-06 20:50:22.604,9.1516e-11,Torr,23.cross_gate_connectingPort1,23.cross_gate_connectingPort1/MassSpecData-02115-20261006-204942.csv,16.6867
2026-10-06 20:50:22.812,8.4008e-11,Torr,23.cross_gate_connectingPort1,23.cross_gate_connectingPort1/MassSpecData-02115-20261006-204942.csv,16.690166666666666
2026-10-06 20:50:23.020,9.1061e-11,Torr,23.cross_gate_connectingPort1,23.cross_gate_connectingPort1/MassSpecData-02115-20261006-204942.csv,16.693633333333334
2026-10-06 20:50:23.229,7.9448e-11,Torr,23.cross_gate_connectingPort1,23.cross_gate_connectingPort1/MassSpecData-02115-20261006-204942.csv,16.697116666666666
2026-10-06 20:50:23.437,7.718e-11,Torr,23.cross_gate_connectingPort1,23.cross_gate_connectingPort1/MassSpecData-02115-20261006-204942.csv,16.700583333333334
2026-10-06 20:50:23.645,7.5592e-11,Torr,23.cross_gate_connectingPort1,23.cross_gate_connectingPort1/MassSpecData-02115-20261006-204942.csv,16.704050000000002
2026-10-06 20:50:23.854,7.8245e-11,Torr,23.cross_gate_connectingPort1,23.cross_gate_connectingPort1/MassSpecData-02115-20261006-204942.csv,16.707533333333334
2026-10-06 20:50:24.062,7.933e-11,Torr,23.cross_gate_connectingPort1,23.cross_gate_connectingPort1/MassSpecData-02115-20261006-204942.csv,16.711
2026-10-06 20:50:24.270,6.3363e-11,Torr,23.cross_gate_connectingPort1,23.cross_gate_connectingPort1/MassSpecData-02115-20261006-204942.csv,16.714466666666667
2026-10-06 20:50:24.620,7.0413e-11,Torr,23.cross_gate_connectingPort1,23.cross_gate_connectingPort1/MassSpecData-02115-20261006-205024.csv,16.720299999999998
2026-10-06 20:50:24.828,7.0339e-11,Torr,23.cross_gate_connectingPort1,23.cross_gate_connectingPort1/MassSpecData-02115-20261006-205024.csv,16.723766666666666
2026-10-06 20:50:25.037,8.1638e-11,Torr,23.cross_gate_connectingPort1,23.cross_gate_connectingPort1/MassSpecData-02115-20261006-205024.csv,16.72725
2026-10-06 20:50:25.245,7.6599e-11,Torr,23.cross_gate_connectingPort1,23.cross_gate_connectingPort1/MassSpecData-02115-20261006-205024.csv,16.730716666666666
2026-10-06 20:50:25.453,6.7043e-11,Torr,23.cross_gate_connectingPort1,23.cross_gate_connectingPort1/MassSpecData-02115-20261006-205024.csv,16.734183333333334
2026-10-06 20:50:25.662,7.4117e-11,Torr,23.cross_gate_connectingPort1,23.cross_gate_connectingPort1/MassSpecData-02115-20261006-205024.csv,16.737666666666666
2026-10-06 20:50:25.870,8.9299e-11,Torr,23.cross_gate_connectingPort1,23.cross_gate_connectingPort1/MassSpecData-02115-20261006-205024.csv,16.741133333333334
2026-10-06 20:50:26.078,7.4784e-11,Torr,23.cross_gate_connectingPort1,23.cross_gate_connectingPort1/MassSpecData-02115-20261006-205024.csv,16.744600000000002
2026-10-06 20:50:26.286,8.1302e-11,Torr,23.cross_gate_connectingPort1,23.cross_gate_connectingPort1/MassSpecData-02115-20261006-205024.csv,16.748066666666666
2026-10-06 20:50:26.495,7.731e-11,Torr,23.cross_gate_connectingPort1,23.cross_gate_connectingPort1/MassSpecData-02115-20261006-205024.csv,16.751549999999998
2026-10-06 20:50:26.703,8.8382e-11,Torr,23.cross_gate_connectingPort1,23.cross_gate_connectingPort1/MassSpecData-02115-20261006-205024.csv,16.755016666666666
2026-10-06 20:50:26.912,8.5168e-11,Torr,23.cross_gate_connectingPort1,23.cross_gate_connectingPort1/MassSpecData-02115-20261006-205024.csv,16.7585
2026-10-06 20:50:27.120,8.0007e-11,Torr,23.cross_gate_connectingPort1,23.cross_gate_connectingPort1/MassSpecData-02115-20261006-205024.csv,16.761966666666666
2026-10-06 20:50:27.328,6.9761e-11,Torr,23.cross_gate_connectingPort1,23.cross_gate_connectingPort1/MassSpecData-02115-20261006-205024.csv,16.765433333333334
2026-10-06 20:50:27.537,1.0216e-10,Torr,23.cross_gate_connectingPort1,23.cross_gate_connectingPort1/MassSpecData-02115-20261006-205024.csv,16.768916666666666
2026-10-06 20:50:27.745,7.7341e-11,Torr,23.cross_gate_connectingPort1,23.cross_gate_connectingPort1/MassSpecData-02115-20261006-205024.csv,16.772383333333334
2026-10-06 20:50:27.953,8.2346e-11,Torr,23.cross_gate_connectingPort1,23.cross_gate_connectingPort1/MassSpecData-02115-20261006-205024.csv,16.775850000000002
2026-10-06 20:50:28.162,8.1524e-11,Torr,23.cross_gate_connectingPort1,23.cross_gate_connectingPort1/MassSpecData-02115-20261006-205024.csv,16.779333333333334
2026-10-06 20:50:28.370,6.8274e-11,Torr,23.cross_gate_connectingPort1,23.cross_gate_connectingPort1/MassSpecData-02115-20261006-205024.csv,16.782799999999998
