timestamp,pressure,pressure_unit,location,phase,source_file,spray_start,elapsed_minutes
2026-10-06 16:05:29.144,7.6989e-11,Torr,11.small_stm_window_1,spray,11.small_stm_window_1/MassSpecData-02115-20261006-160529.csv,2026-10-06 16:05:29.144,0.0
2026-10-06 16:05:29.352,9.0402e-11,Torr,11.small_stm_window_1,spray,11.small_stm_window_1/MassSpecData-02115-20261006-160529.csv,2026-10-06 16:05:29.144,0.0034666666666666665
2026-10-06 16:05:29.561,8.7222e-11,Torr,11.small_stm_window_1,spray,11.small_stm_window_1/MassSpecData-02115-20261006-160529.csv,2026-10-06 16:05:29.144,0.00695
2026-10-06 16:05:29.769,8.1981e-11,Torr,11.small_stm_window_1,spray,11.small_stm_window_1/MassSpecData-02115-20261006-160529.csv,2026-10-06 16:05:29.144,0.010416666666666666
2026-10-06 16:05:29.977,7.5518e-11,Torr,11.small_stm_window_1,spray,11.small_stm_window_1/MassSpecData-02115-20261006-160529.csv,2026-10-06 16:05:29.144,0.013883333333333333
2026-10-06 16:05:30.186,7.9299e-11,Torr,11.small_stm_window_1,spray,11.small_stm_window_1/MassSpecData-02115-20261006-160529.csv,2026-10-06 16:05:29.144,0.017366666666666666
2026-10-06 16:05:30.394,9.9829e-11,Torr,11.small_stm_window_1,spray,11.small_stm_window_1/MassSpecData-02115-20261006-160529.csv,2026-10-06 16:05:29.144,0.020833333333333332
2026-10-06 16:05:30.602,8.8526e-11,Torr,11.small_stm_window_1,spray,11.small_stm_window_1/MassSpecData-02115-20261006-160529.csv,2026-10-06 16:05:29.144,0.0243
2026-10-06 16:05:30.810,8.9489e-11,Torr,11.small_stm_window_1,spray,11.small_stm_window_1/MassSpecData-02115-20261006-160529.csv,2026-10-06 16:05:29.144,0.027766666666666665
2026-10-06 16:05:31.019,8.7628e-11,Torr,11.small_stm_window_1,spray,11.small_stm_window_1/MassSpecData-02115-20261006-160529.csv,2026-10-06 16:05:29.144,0.03125
2026-10-06 16:05:31.227,8.7865e-11,Torr,11.small_stm_window_1,spray,11.small_stm_window_1/MassSpecData-02115-20261006-160529.csv,2026-10-06 16:05:29.144,0.034716666666666667
2026-10-06 16:05:31.436,7.7449e-11,Torr,11.small_stm_window_1,spray,11.small_stm_window_1/MassSpecData-02115-20261006-160529.csv,2026-10-06 16:05:29.144,0.0382
2026-10-06 16:05:31.644,8.0217e-11,Torr,11.small_stm_window_1,spray,11.small_stm_window_1/MassSpecData-02115-20261006-160529.csv,2026-10-06 16:05:29.144,0.041666666666666664
2026-10-06 16:05:31.852,8.9712e-11,Torr,11.small_stm_window_1,spray,11.small_stm_window_1/MassSpecData-02115-20261006-160529.csv,2026-10-06 16:05:29.144,0.04513333333333334
2026-10-06 16:05:32.061,7.9768e-11,Torr,11.small_stm_window_1,spray,11.small_stm_window_1/MassSpecData-02115-20261006-160529.csv,2026-10-06 16:05:29.144,0.04861666666666666
2026-10-06 16:05:32.269,8.8718e-11,Torr,11.small_stm_window_1,spray,11.small_stm_window_1/MassSpecData-02115-20261006-160529.csv,2026-10-06 16:05:29.144,0.052083333333333336
2026-10-06 16:05:32.477,9.328e-11,Torr,11.small_stm_window_1,spray,11.small_stm_window_1/MassSpecData-02115-20261006-160529.csv,2026-10-06 16:05:29.144,0.05555
2026-10-06 16:05:32.686,9.1707e-11,Torr,11.small_stm_window_1,spray,11.small_stm_window_1/MassSpecData-02115-20261006-160529.csv,2026-10-06 16:05:29.144,0.059033333333333333
2026-10-06 16:05:32.894,9.3031e-11,Torr,11.small_stm_window_1,spray,11.small_stm_window_1/MassSpecData-02115-20261006-160529.csv,2026-10-06 16:05:29.144,0.0625
2026-10-06 16:05:33.102,7.7915e-11,Torr,11.small_stm_window_1,spray,11.small_stm_window_1/MassSpecData-02115-20261006-160529.csv,2026-10-06 16:05:29.144,0.06596666666666667
2026-10-06 16:05:33.311,8.3329e-11,Torr,11.small_stm_window_1,spray,11.small_stm_window_1/MassSpecData-02115-20261006-160529.csv,2026-10-06 16:05:29.144,0.06945
2026-10-06 16:05:33.519,8.2406e-11,Torr,11.small_stm_window_1,spray,11.small_stm_window_1/MassSpecData-02115-20261006-160529.csv,2026-10-06 16:05:29.144,0.07291666666666667
2026-10-06 16:05:33.727,8.0485e-11,Torr,11.small_stm_window_1,spray,11.small_stm_window_1/MassSpecData-02115-20261006-160529.csv,2026-10-06 16:05:29.144,0.07638333333333333
2026-10-06 16:05:33.936,8.3333e-11,Torr,11.small_stm_window_1,spray,11.small_stm_window_1/MassSpecData-02115-20261006-160529.csv,2026-10-06 16:05:29.144,0.07986666666666667
2026-10-06 16:05:34.144,7.7062e-11,Torr,11.small_stm_window_1,spray,11.small_stm_window_1/MassSpecData-02115-20261006-160529.csv,2026-10-06 16:05:29.144,0.08333333333333333
2026-10-06 16:05:34.352,9.1021e-11,Torr,11.small_stm_window_1,spray,11.small_stm_window_1/MassSpecData-02115-20261006-160529.csv,2026-10-06 16:05:29.144,0.0868
2026-10-06 16:05:34.560,8.6284e-11,Torr,11.small_stm_window_1,spray,11.small_stm_window_1/MassSpecData-02115-20261006-160529.csv,2026-10-06 16:05:29.144,0.09026666666666668
2026-10-06 16:05:34.769,9.2334e-11,Torr,11.small_stm_window_1,spray,11.small_stm_window_1/MassSpecData-02115-20261006-160529.csv,2026-10-06 16:05:29.144,0.09375
2026-10-06 16:05:34.977,7.1994e-11,Torr,11.small_stm_window_1,spray,11.small_stm_window_1/MassSpecData-02115-20261006-160529.csv,2026-10-06 16:05:29.144,0.09721666666666667
2026-10-06 16:05:35.185,8.6297e-11,Torr,11.small_stm_window_1,spray,11.small_stm_window_1/MassSpecData-02115-20261006-160529.csv,2026-10-06 16:05:29.144,0.10068333333333333
2026-10-06 16:05:35.394,8.3353e-11,Torr,11.small_stm_window_1,spray,11.small_stm_window_1/MassSpecData-02115-20261006-160529.csv,2026-10-06 16:05:29.144,0.10416666666666667
2026-10-06 16:05:35.602,7.9885e-11,Torr,11.small_stm_window_1,spray,11.small_stm_window_1/MassSpecData-02115-20261006-160529.csv,2026-10-06 16:05:29.144,0.10763333333333333
2026-10-06 16:05:35.810,8.3772e-11,Torr,11.small_stm_window_1,spray,11.small_stm_window_1/MassSpecData-02115-20261006-160529.csv,2026-10-06 16:05:29.144,0.1111
2026-10-06 16:05:36.019,8.1311e-11,Torr,11.small_stm_window_1,spray,11.small_stm_window_1/MassSpecData-02115-20261006-160529.csv,2026-10-06 16:05:29.144,0.11458333333333333
2026-10-06 16:05:36.227,8.4504e-11,Torr,11.small_stm_window_1,spray,11.small_stm_window_1/MassSpecData-02115-20261006-160529.csv,2026-10-06 16:05:29.144,0.11805
2026-10-06 16:05:36.435,8.8459e-11,Torr,11.small_stm_window_1,spray,11.small_stm_window_1/MassSpecData-02115-20261006-160529.csv,2026-10-06 16:05:29.144,0.12151666666666668
2026-10-06 16:05:36.644,8.5123e-11,Torr,11.small_stm_window_1,spray,11.small_stm_window_1/MassSpecData-02115-20261006-160529.csv,2026-10-06 16:05:29.144,0.125
2026-10-06 16:05:36.852,8.3527e-11,Torr,11.small_stm_window_1,spray,11.small_stm_window_1/MassSpecData-02115-20261006-160529.csv,2026-10-06 16:05:29.144,0.12846666666666667
2026-10-06 16:05:37.060,8.3636e-11,Torr,11.small_stm_window_1,spray,11.small_stm_window_1/MassSpecData-02115-20261006-160529.csv,2026-10-06 16:05:29.144,0.13193333333333335
2026-10-06 16:05:37.269,9.5893e-11,Torr,11.small_stm_window_1,spray,11.small_stm_window_1/MassSpecData-02115-20261006-160529.csv,2026-10-06 16:05:29.144,0.13541666666666666
2026-10-06 16:05:37.477,9.6054e-11,Torr,11.small_stm_window_1,spray,11.small_stm_window_1/MassSpecData-02115-20261006-160529.csv,2026-10-06 16:05:29.144,0.13888333333333333
2026-10-06 16:05:37.685,8.8611e-11,Torr,11.small_stm_window_1,spray,11.small_stm_window_1/MassSpecData-02115-20261006-160529.csv,2026-10-06 16:05:29.144,0.14235
2026-10-06 16:05:37.894,9.3443e-11,Torr,11.small_stm_window_1,spray,11.small_stm_window_1/MassSpecData-02115-20261006-160529.csv,2026-10-06 16:05:29.144,0.14583333333333334
2026-10-06 16:05:38.102,9.1073e-11,Torr,11.small_stm_window_1,spray,11.small_stm_window_1/MassSpecData-02115-20261006-160529.csv,2026-10-06 16:05:29.144,0.14930000000000002
2026-10-06 16:05:38.311,8.7314e-11,Torr,11.small_stm_window_1,spray,11.small_stm_window_1/MassSpecData-02115-20261006-160529.csv,2026-10-06 16:05:29.144,0.15278333333333333
2026-10-06 16:05:38.519,8.1265e-11,Torr,11.small_stm_window_1,spray,11.small_stm_window_1/MassSpecData-02115-20261006-160529.csv,2026-10-06 16:05:29.144,0.15625
2026-10-06 16:05:38.727,9.2502e-11,Torr,11.small_stm_window_1,spray,11.small_stm_window_1/MassSpecData-02115-20261006-160529.csv,2026-10-06 16:05:29.144,0.15971666666666667
2026-10-06 16:05:38.936,8.2196e-11,Torr,11.small_stm_window_1,spray,11.small_stm_window_1/MassSpecData-02115-20261006-160529.csv,2026-10-06 16:05:29.144,0.16319999999999998
2026-10-06 16:05:39.144,8.2963e-11,Torr,11.small_stm_window_1,spray,11.small_stm_window_1/MassSpecData-02115-20261006-160529.csv,2026-10-06 16:05:29.144,0.16666666666666666
2026-10-06 16:05:39.352,1.011e-10,Torr,11.small_stm_window_1,spray,11.small_stm_window_1/MassSpecData-02115-20261006-160529.csv,2026-10-06 16:05:29.144,0.17013333333333333
2026-10-06 16:05:39.561,7.3963e-11,Torr,11.small_stm_window_1,spray,11.small_stm_window_1/MassSpecData-02115-20261006-160529.csv,2026-10-06 16:05:29.144,0.17361666666666667
2026-10-06 16:05:39.769,7.6918e-11,Torr,11.small_stm_window_1,spray,11.small_stm_window_1/MassSpecData-02115-20261006-160529.csv,2026-10-06 16:05:29.144,0.17708333333333334
2026-10-06 16:05:39.977,9.0603e-11,Torr,11.small_stm_window_1,spray,11.small_stm_window_1/MassSpecData-02115-20261006-160529.csv,2026-10-06 16:05:29.144,0.18055000000000002
2026-10-06 16:05:40.186,8.35e-11,Torr,11.small_stm_window_1,spray,11.small_stm_window_1/MassSpecData-02115-20261006-160529.csv,2026-10-06 16:05:29.144,0.18403333333333333
2026-10-06 16:05:40.394,7.7009e-11,Torr,11.small_stm_window_1,spray,11.small_stm_window_1/MassSpecData-02115-20261006-160529.csv,2026-10-06 16:05:29.144,0.1875
2026-10-06 16:05:40.602,7.5289e-11,Torr,11.small_stm_window_1,spray,11.small_stm_window_1/MassSpecData-02115-20261006-160529.csv,2026-10-06 16:05:29.144,0.19096666666666667
2026-10-06 16:05:40.811,8.5418e-11,Torr,11.small_stm_window_1,spray,11.small_stm_window_1/MassSpecData-02115-20261006-160529.csv,2026-10-06 16:05:29.144,0.19444999999999998
2026-10-06 16:05:41.019,8.378e-11,Torr,11.small_stm_window_1,spray,11.small_stm_window_1/MassSpecData-02115-20261006-160529.csv,2026-10-06 16:05:29.144,0.19791666666666666
2026-10-06 16:05:41.227,8.8831e-11,Torr,11.small_stm_window_1,spray,11.small_stm_window_1/MassSpecData-02115-20261006-160529.csv,2026-10-06 16:05:29.144,0.20138333333333333
2026-10-06 16:05:41.436,7.507e-11,Torr,11.small_stm_window_1,spray,11.small_stm_window_1/MassSpecData-02115-20261006-160529.csv,2026-10-06 16:05:29.144,0.20486666666666667
2026-10-06 16:05:41.644,9.7327e-11,Torr,11.small_stm_window_1,spray,11.small_stm_window_1/MassSpecData-02115-20261006-160529.csv,2026-10-06 16:05:29.144,0.20833333333333334
2026-10-06 16:05:41.852,7.5738e-11,Torr,11.small_stm_window_1,spray,11.small_stm_window_1/MassSpecData-02115-20261006-160529.csv,2026-10-06 16:05:29.144,0.21180000000000002
2026-10-06 16:05:42.061,7.209e-11,Torr,11.small_stm_window_1,spray,11.small_stm_window_1/MassSpecData-02115-20261006-160529.csv,2026-10-06 16:05:29.144,0.21528333333333333
2026-10-06 16:05:42.269,7.8147e-11,Torr,11.small_stm_window_1,spray,11.small_stm_window_1/MassSpecData-02115-20261006-160529.csv,2026-10-06 16:05:29.144,0.21875
2026-10-06 16:05:42.477,8.7414e-11,Torr,11.small_stm_window_1,spray,11.small_stm_window_1/MassSpecData-02115-20261006-160529.csv,2026-10-06 16:05:29.144,0.22221666666666667
2026-10-06 16:05:42.686,8.6452e-11,Torr,11.small_stm_window_1,spray,11.small_stm_window_1/MassSpecData-02115-20261006-160529.csv,2026-10-06 16:05:29.144,0.22569999999999998
2026-10-06 16:05:42.894,9.0537e-11,Torr,11.small_stm_window_1,spray,11.small_stm_window_1/MassSpecData-02115-20261006-160529.csv,2026-10-06 16:05:29.144,0.22916666666666666
2026-10-06 16:05:43.102,7.8157e-11,Torr,11.small_stm_window_1,spray,11.small_stm_window_1/MassSpecData-02115-20261006-160529.csv,2026-10-06 16:05:29.144,0.23263333333333333
2026-10-06 16:05:43.311,8.4757e-11,Torr,11.small_stm_window_1,spray,11.small_stm_window_1/MassSpecData-02115-20261006-160529.csv,2026-10-06 16:05:29.144,0.23611666666666667
2026-10-06 16:05:43.519,7.4021e-11,Torr,11.small_stm_window_1,spray,11.small_stm_window_1/MassSpecData-02115-20261006-160529.csv,2026-10-06 16:05:29.144,0.23958333333333334
2026-10-06 16:05:43.727,8.8021e-11,Torr,11.small_stm_window_1,spray,11.small_stm_window_1/MassSpecData-02115-20261006-160529.csv,2026-10-06 16:05:29.144,0.24305000000000002
2026-10-06 16:05:43.936,8.2955e-11,Torr,11.small_stm_window_1,spray,11.small_stm_window_1/MassSpecData-02115-20261006-160529.csv,2026-10-06 16:05:29.144,0.24653333333333333
2026-10-06 16:05:44.144,9.0893e-11,Torr,11.small_stm_window_1,spray,11.small_stm_window_1/MassSpecData-02115-20261006-160529.csv,2026-10-06 16:05:29.144,0.25
2026-10-06 16:05:44.352,8.5528e-11,Torr,11.small_stm_window_1,spray,11.small_stm_window_1/MassSpecData-02115-20261006-160529.csv,2026-10-06 16:05:29.144,0.2534666666666667
2026-10-06 16:05:44.561,8.9211e-11,Torr,11.small_stm_window_1,spray,11.small_stm_window_1/MassSpecData-02115-20261006-160529.csv,2026-10-06 16:05:29.144,0.25695
2026-10-06 16:05:44.769,9.0377e-11,Torr,11.small_stm_window_1,spray,11.small_stm_window_1/MassSpecData-02115-20261006-160529.csv,2026-10-06 16:05:29.144,0.2604166666666667
2026-10-06 16:05:44.977,8.005e-11,Torr,11.small_stm_window_1,spray,11.small_stm_window_1/MassSpecData-02115-20261006-160529.csv,2026-10-06 16:05:29.144,0.26388333333333336
2026-10-06 16:05:45.186,8.0395e-11,Torr,11.small_stm_window_1,spray,11.small_stm_window_1/MassSpecData-02115-20261006-160529.csv,2026-10-06 16:05:29.144,0.2673666666666667
2026-10-06 16:05:45.394,7.7268e-11,Torr,11.small_stm_window_1,spray,11.small_stm_window_1/MassSpecData-02115-20261006-160529.csv,2026-10-06 16:05:29.144,0.2708333333333333
2026-10-06 16:05:45.602,9.1364e-11,Torr,11.small_stm_window_1,spray,11.small_stm_window_1/MassSpecData-02115-20261006-160529.csv,2026-10-06 16:05:29.144,0.2743
2026-10-06 16:05:45.811,7.9031e-11,Torr,11.small_stm_window_1,spray,11.small_stm_window_1/MassSpecData-02115-20261006-160529.csv,2026-10-06 16:05:29.144,0.2777833333333334
2026-10-06 16:05:46.019,8.1713e-11,Torr,11.small_stm_window_1,spray,11.small_stm_window_1/MassSpecData-02115-20261006-160529.csv,2026-10-06 16:05:29.144,0.28125
2026-10-06 16:05:46.227,7.7207e-11,Torr,11.small_stm_window_1,spray,11.small_stm_window_1/MassSpecData-02115-20261006-160529.csv,2026-10-06 16:05:29.144,0.2847166666666666
2026-10-06 16:05:46.436,8.6793e-11,Torr,11.small_stm_window_1,spray,11.small_stm_window_1/MassSpecData-02115-20261006-160529.csv,2026-10-06 16:05:29.144,0.2882
2026-10-06 16:05:46.644,8.291e-11,Torr,11.small_stm_window_1,spray,11.small_stm_window_1/MassSpecData-02115-20261006-160529.csv,2026-10-06 16:05:29.144,0.2916666666666667
2026-10-06 16:05:46.852,7.6593e-11,Torr,11.small_stm_window_1,spray,11.small_stm_window_1/MassSpecData-02115-20261006-160529.csv,2026-10-06 16:05:29.144,0.2951333333333333
2026-10-06 16:05:47.061,8.3494e-11,Torr,11.small_stm_window_1,spray,11.small_stm_window_1/MassSpecData-02115-20261006-160529.csv,2026-10-06 16:05:29.144,0.2986166666666667
2026-10-06 16:05:47.269,9.5652e-11,Torr,11.small_stm_window_1,spray,11.small_stm_window_1/MassSpecData-02115-20261006-160529.csv,2026-10-06 16:05:29.144,0.3020833333333333
2026-10-06 16:05:47.477,7.2317e-11,Torr,11.small_stm_window_1,spray,11.small_stm_window_1/MassSpecData-02115-20261006-160529.csv,2026-10-06 16:05:29.144,0.30555
2026-10-06 16:05:47.686,7.3652e-11,Torr,11.small_stm_window_1,spray,11.small_stm_window_1/MassSpecData-02115-20261006-160529.csv,2026-10-06 16:05:29.144,0.3090333333333334
2026-10-06 16:05:47.894,9.2458e-11,Torr,11.small_stm_window_1,spray,11.small_stm_window_1/MassSpecData-02115-20261006-160529.csv,2026-10-06 16:05:29.144,0.3125
2026-10-06 16:05:48.102,8.0353e-11,Torr,11.small_stm_window_1,spray,11.small_stm_window_1/MassSpecData-02115-20261006-160529.csv,2026-10-06 16:05:29.144,0.3159666666666666
2026-10-06 16:05:48.311,7.821e-11,Torr,11.small_stm_window_1,spray,11.small_stm_window_1/MassSpecData-02115-20261006-160529.csv,2026-10-06 16:05:29.144,0.31945
2026-10-06 16:05:48.519,8.3842e-11,Torr,11.small_stm_window_1,spray,11.small_stm_window_1/MassSpecData-02115-20261006-160529.csv,2026-10-06 16:05:29.144,0.3229166666666667
2026-10-06 16:05:48.727,9.3705e-11,Torr,11.small_stm_window_1,spray,11.small_stm_window_1/MassSpecData-02115-20261006-160529.csv,2026-10-06 16:05:29.144,0.3263833333333333
2026-10-06 16:05:48.935,8.0981e-11,Torr,11.small_stm_window_1,spray,11.small_stm_window_1/MassSpecData-02115-20261006-160529.csv,2026-10-06 16:05:29.144,0.32985000000000003
2026-10-06 16:05:49.144,9.3612e-11,Torr,11.small_stm_window_1,spray,11.small_stm_window_1/MassSpecData-02115-20261006-160529.csv,2026-10-06 16:05:29.144,0.3333333333333333
2026-10-06 16:05:49.352,9.1564e-11,Torr,11.small_stm_window_1,spray,11.small_stm_window_1/MassSpecData-02115-20261006-160529.csv,2026-10-06 16:05:29.144,0.3368
2026-10-06 16:05:49.560,7.4763e-11,Torr,11.small_stm_window_1,spray,11.small_stm_window_1/MassSpecData-02115-20261006-160529.csv,2026-10-06 16:05:29.144,0.34026666666666666
2026-10-06 16:05:49.769,9.1018e-11,Torr,11.small_stm_window_1,spray,11.small_stm_window_1/MassSpecData-02115-20261006-160529.csv,2026-10-06 16:05:29.144,0.34375
2026-10-06 16:05:49.977,7.2328e-11,Torr,11.small_stm_window_1,spray,11.small_stm_window_1/MassSpecData-02115-20261006-160529.csv,2026-10-06 16:05:29.144,0.3472166666666666
2026-10-06 16:05:50.185,9.6538e-11,Torr,11.small_stm_window_1,spray,11.small_stm_window_1/MassSpecData-02115-20261006-160529.csv,2026-10-06 16:05:29.144,0.35068333333333335
2026-10-06 16:05:50.394,7.947e-11,Torr,11.small_stm_window_1,spray,11.small_stm_window_1/MassSpecData-02115-20261006-160529.csv,2026-10-06 16:05:29.144,0.3541666666666667
2026-10-06 16:05:50.602,8.1883e-11,Torr,11.small_stm_window_1,spray,11.small_stm_window_1/MassSpecData-02115-20261006-160529.csv,2026-10-06 16:05:29.144,0.3576333333333333
2026-10-06 16:05:50.810,8.8067e-11,Torr,11.small_stm_window_1,spray,11.small_stm_window_1/MassSpecData-02115-20261006-160529.csv,2026-10-06 16:05:29.144,0.36110000000000003
2026-10-06 16:05:51.019,8.7514e-11,Torr,11.small_stm_window_1,spray,11.small_stm_window_1/MassSpecData-02115-20261006-160529.csv,2026-10-06 16:05:29.144,0.3645833333333333
2026-10-06 16:05:51.227,8.8282e-11,Torr,11.small_stm_window_1,spray,11.small_stm_window_1/MassSpecData-02115-20261006-160529.csv,2026-10-06 16:05:29.144,0.36805
2026-10-06 16:05:51.435,9.5878e-11,Torr,11.small_stm_window_1,spray,11.small_stm_window_1/MassSpecData-02115-20261006-160529.csv,2026-10-06 16:05:29.144,0.37151666666666666
2026-10-06 16:05:51.644,9.0965e-11,Torr,11.small_stm_window_1,spray,11.small_stm_window_1/MassSpecData-02115-20261006-160529.csv,2026-10-06 16:05:29.144,0.375
2026-10-06 16:05:51.852,9.1097e-11,Torr,11.small_stm_window_1,spray,11.small_stm_window_1/MassSpecData-02115-20261006-160529.csv,2026-10-06 16:05:29.144,0.3784666666666666
2026-10-06 16:05:52.060,8.8292e-11,Torr,11.small_stm_window_1,spray,11.small_stm_window_1/MassSpecData-02115-20261006-160529.csv,2026-10-06 16:05:29.144,0.38193333333333335
2026-10-06 16:05:52.269,7.1277e-11,Torr,11.small_stm_window_1,spray,11.small_stm_window_1/MassSpecData-02115-20261006-160529.csv,2026-10-06 16:05:29.144,0.3854166666666667
2026-10-06 16:05:52.477,8.0379e-11,Torr,11.small_stm_window_1,spray,11.small_stm_window_1/MassSpecData-02115-20261006-160529.csv,2026-10-06 16:05:29.144,0.3888833333333333
2026-10-06 16:05:52.685,7.821e-11,Torr,11.small_stm_window_1,spray,11.small_stm_window_1/MassSpecData-02115-20261006-160529.csv,2026-10-06 16:05:29.144,0.39235000000000003
2026-10-06 16:05:52.894,9.3641e-11,Torr,11.small_stm_window_1,spray,11.small_stm_window_1/MassSpecData-02115-20261006-160529.csv,2026-10-06 16:05:29.144,0.3958333333333333
2026-10-06 16:05:53.102,1.1512e-10,Torr,11.small_stm_window_1,spray,11.small_stm_window_1/MassSpecData-02115-20261006-160529.csv,2026-10-06 16:05:29.144,0.3993
2026-10-06 16:05:53.310,8.4297e-11,Torr,11.small_stm_window_1,spray,11.small_stm_window_1/MassSpecData-02115-20261006-160529.csv,2026-10-06 16:05:29.144,0.40276666666666666
2026-10-06 16:05:53.519,8.6358e-11,Torr,11.small_stm_window_1,spray,11.small_stm_window_1/MassSpecData-02115-20261006-160529.csv,2026-10-06 16:05:29.144,0.40625
2026-10-06 16:05:53.727,8.3125e-11,Torr,11.small_stm_window_1,spray,11.small_stm_window_1/MassSpecData-02115-20261006-160529.csv,2026-10-06 16:05:29.144,0.4097166666666666
2026-10-06 16:05:53.935,8.6804e-11,Torr,11.small_stm_window_1,spray,11.small_stm_window_1/MassSpecData-02115-20261006-160529.csv,2026-10-06 16:05:29.144,0.41318333333333335
2026-10-06 16:05:54.144,7.7524e-11,Torr,11.small_stm_window_1,spray,11.small_stm_window_1/MassSpecData-02115-20261006-160529.csv,2026-10-06 16:05:29.144,0.4166666666666667
2026-10-06 16:05:54.352,7.3623e-11,Torr,11.small_stm_window_1,spray,11.small_stm_window_1/MassSpecData-02115-20261006-160529.csv,2026-10-06 16:05:29.144,0.4201333333333333
2026-10-06 16:05:54.560,7.8008e-11,Torr,11.small_stm_window_1,spray,11.small_stm_window_1/MassSpecData-02115-20261006-160529.csv,2026-10-06 16:05:29.144,0.42360000000000003
2026-10-06 16:05:54.769,8.5922e-11,Torr,11.small_stm_window_1,spray,11.small_stm_window_1/MassSpecData-02115-20261006-160529.csv,2026-10-06 16:05:29.144,0.4270833333333333
2026-10-06 16:05:54.977,8.2755e-11,Torr,11.small_stm_window_1,spray,11.small_stm_window_1/MassSpecData-02115-20261006-160529.csv,2026-10-06 16:05:29.144,0.43055
2026-10-06 16:05:55.185,9.3385e-11,Torr,11.small_stm_window_1,spray,11.small_stm_window_1/MassSpecData-02115-20261006-160529.csv,2026-10-06 16:05:29.144,0.43401666666666666
2026-10-06 16:05:55.394,8.3857e-11,Torr,11.small_stm_window_1,spray,11.small_stm_window_1/MassSpecData-02115-20261006-160529.csv,2026-10-06 16:05:29.144,0.4375
2026-10-06 16:05:55.602,8.789e-11,Torr,11.small_stm_window_1,spray,11.small_stm_window_1/MassSpecData-02115-20261006-160529.csv,2026-10-06 16:05:29.144,0.4409666666666666
2026-10-06 16:05:55.810,9.2808e-11,Torr,11.small_stm_window_1,spray,11.small_stm_window_1/MassSpecData-02115-20261006-160529.csv,2026-10-06 16:05:29.144,0.44443333333333335
2026-10-06 16:05:56.019,8.2906e-11,Torr,11.small_stm_window_1,spray,11.small_stm_window_1/MassSpecData-02115-20261006-160529.csv,2026-10-06 16:05:29.144,0.4479166666666667
2026-10-06 16:05:56.227,7.4258e-11,Torr,11.small_stm_window_1,spray,11.small_stm_window_1/MassSpecData-02115-20261006-160529.csv,2026-10-06 16:05:29.144,0.4513833333333333
2026-10-06 16:05:56.435,7.3385e-11,Torr,11.small_stm_window_1,spray,11.small_stm_window_1/MassSpecData-02115-20261006-160529.csv,2026-10-06 16:05:29.144,0.45485000000000003
2026-10-06 16:05:56.644,7.4141e-11,Torr,11.small_stm_window_1,spray,11.small_stm_window_1/MassSpecData-02115-20261006-160529.csv,2026-10-06 16:05:29.144,0.4583333333333333
2026-10-06 16:05:56.852,9.2978e-11,Torr,11.small_stm_window_1,spray,11.small_stm_window_1/MassSpecData-02115-20261006-160529.csv,2026-10-06 16:05:29.144,0.4618
2026-10-06 16:05:57.060,9.55e-11,Torr,11.small_stm_window_1,spray,11.small_stm_window_1/MassSpecData-02115-20261006-160529.csv,2026-10-06 16:05:29.144,0.46526666666666666
2026-10-06 16:05:57.269,8.9395e-11,Torr,11.small_stm_window_1,spray,11.small_stm_window_1/MassSpecData-02115-20261006-160529.csv,2026-10-06 16:05:29.144,0.46875
2026-10-06 16:05:57.477,8.052e-11,Torr,11.small_stm_window_1,spray,11.small_stm_window_1/MassSpecData-02115-20261006-160529.csv,2026-10-06 16:05:29.144,0.4722166666666666
2026-10-06 16:05:57.685,7.4519e-11,Torr,11.small_stm_window_1,spray,11.small_stm_window_1/MassSpecData-02115-20261006-160529.csv,2026-10-06 16:05:29.144,0.47568333333333335
2026-10-06 16:05:57.894,8.0621e-11,Torr,11.small_stm_window_1,spray,11.small_stm_window_1/MassSpecData-02115-20261006-160529.csv,2026-10-06 16:05:29.144,0.4791666666666667
2026-10-06 16:05:58.102,6.5803e-11,Torr,11.small_stm_window_1,spray,11.small_stm_window_1/MassSpecData-02115-20261006-160529.csv,2026-10-06 16:05:29.144,0.4826333333333333
2026-10-06 16:05:58.310,8.1688e-11,Torr,11.small_stm_window_1,spray,11.small_stm_window_1/MassSpecData-02115-20261006-160529.csv,2026-10-06 16:05:29.144,0.48610000000000003
2026-10-06 16:05:58.519,7.5053e-11,Torr,11.small_stm_window_1,spray,11.small_stm_window_1/MassSpecData-02115-20261006-160529.csv,2026-10-06 16:05:29.144,0.4895833333333333
2026-10-06 16:05:58.727,8.5163e-11,Torr,11.small_stm_window_1,spray,11.small_stm_window_1/MassSpecData-02115-20261006-160529.csv,2026-10-06 16:05:29.144,0.49305
2026-10-06 16:05:58.935,8.1439e-11,Torr,11.small_stm_window_1,spray,11.small_stm_window_1/MassSpecData-02115-20261006-160529.csv,2026-10-06 16:05:29.144,0.49651666666666666
2026-10-06 16:05:59.144,9.736e-11,Torr,11.small_stm_window_1,spray,11.small_stm_window_1/MassSpecData-02115-20261006-160529.csv,2026-10-06 16:05:29.144,0.5
2026-10-06 16:05:59.352,8.5474e-11,Torr,11.small_stm_window_1,spray,11.small_stm_window_1/MassSpecData-02115-20261006-160529.csv,2026-10-06 16:05:29.144,0.5034666666666666
2026-10-06 16:05:59.560,8.8947e-11,Torr,11.small_stm_window_1,spray,11.small_stm_window_1/MassSpecData-02115-20261006-160529.csv,2026-10-06 16:05:29.144,0.5069333333333333
2026-10-06 16:05:59.769,8.3456e-11,Torr,11.small_stm_window_1,spray,11.small_stm_window_1/MassSpecData-02115-20261006-160529.csv,2026-10-06 16:05:29.144,0.5104166666666666
2026-10-06 16:05:59.977,6.8471e-11,Torr,11.small_stm_window_1,spray,11.small_stm_window_1/MassSpecData-02115-20261006-160529.csv,2026-10-06 16:05:29.144,0.5138833333333334
2026-10-06 16:06:00.185,9.5506e-11,Torr,11.small_stm_window_1,spray,11.small_stm_window_1/MassSpecData-02115-20261006-160529.csv,2026-10-06 16:05:29.144,0.51735
2026-10-06 16:06:00.394,9.8572e-11,Torr,11.small_stm_window_1,spray,11.small_stm_window_1/MassSpecData-02115-20261006-160529.csv,2026-10-06 16:05:29.144,0.5208333333333334
2026-10-06 16:06:00.602,1.0023e-10,Torr,11.small_stm_window_1,spray,11.small_stm_window_1/MassSpecData-02115-20261006-160529.csv,2026-10-06 16:05:29.144,0.5243
2026-10-06 16:06:00.810,8.4188e-11,Torr,11.small_stm_window_1,spray,11.small_stm_window_1/MassSpecData-02115-20261006-160529.csv,2026-10-06 16:05:29.144,0.5277666666666667
2026-10-06 16:06:01.019,7.9454e-11,Torr,11.small_stm_window_1,spray,11.small_stm_window_1/MassSpecData-02115-20261006-160529.csv,2026-10-06 16:05:29.144,0.53125
2026-10-06 16:06:01.227,8.0438e-11,Torr,11.small_stm_window_1,spray,11.small_stm_window_1/MassSpecData-02115-20261006-160529.csv,2026-10-06 16:05:29.144,0.5347166666666666
2026-10-06 16:06:01.435,7.7112e-11,Torr,11.small_stm_window_1,spray,11.small_stm_window_1/MassSpecData-02115-20261006-160529.csv,2026-10-06 16:05:29.144,0.5381833333333332
2026-10-06 16:06:01.644,8.8548e-11,Torr,11.small_stm_window_1,spray,11.small_stm_window_1/MassSpecData-02115-20261006-160529.csv,2026-10-06 16:05:29.144,0.5416666666666666
2026-10-06 16:06:01.852,8.3539e-11,Torr,11.small_stm_window_1,spray,11.small_stm_window_1/MassSpecData-02115-20261006-160529.csv,2026-10-06 16:05:29.144,0.5451333333333334
2026-10-06 16:06:02.060,8.4738e-11,Torr,11.small_stm_window_1,spray,11.small_stm_window_1/MassSpecData-02115-20261006-160529.csv,2026-10-06 16:05:29.144,0.5486
2026-10-06 16:06:02.269,8.6147e-11,Torr,11.small_stm_window_1,spray,11.small_stm_window_1/MassSpecData-02115-20261006-160529.csv,2026-10-06 16:05:29.144,0.5520833333333334
2026-10-06 16:06:02.477,8.4724e-11,Torr,11.small_stm_window_1,spray,11.small_stm_window_1/MassSpecData-02115-20261006-160529.csv,2026-10-06 16:05:29.144,0.55555
2026-10-06 16:06:02.685,7.4436e-11,Torr,11.small_stm_window_1,spray,11.small_stm_window_1/MassSpecData-02115-20261006-160529.csv,2026-10-06 16:05:29.144,0.5590166666666666
2026-10-06 16:06:02.894,8.4644e-11,Torr,11.small_stm_window_1,spray,11.small_stm_window_1/MassSpecData-02115-20261006-160529.csv,2026-10-06 16:05:29.144,0.5625
2026-10-06 16:06:03.102,7.6765e-11,Torr,11.small_stm_window_1,spray,11.small_stm_window_1/MassSpecData-02115-20261006-160529.csv,2026-10-06 16:05:29.144,0.5659666666666666
2026-10-06 16:06:03.310,8.8725e-11,Torr,11.small_stm_window_1,spray,11.small_stm_window_1/MassSpecData-02115-20261006-160529.csv,2026-10-06 16:05:29.144,0.5694333333333332
2026-10-06 16:06:03.519,7.6389e-11,Torr,11.small_stm_window_1,spray,11.small_stm_window_1/MassSpecData-02115-20261006-160529.csv,2026-10-06 16:05:29.144,0.5729166666666666
2026-10-06 16:06:03.727,8.7822e-11,Torr,11.small_stm_window_1,spray,11.small_stm_window_1/MassSpecData-02115-20261006-160529.csv,2026-10-06 16:05:29.144,0.5763833333333334
2026-10-06 16:06:03.935,9.349e-11,Torr,11.small_stm_window_1,spray,11.small_stm_window_1/MassSpecData-02115-20261006-160529.csv,2026-10-06 16:05:29.144,0.57985
2026-10-06 16:06:04.144,7.3411e-11,Torr,11.small_stm_window_1,spray,11.small_stm_window_1/MassSpecData-02115-20261006-160529.csv,2026-10-06 16:05:29.144,0.5833333333333334
2026-10-06 16:06:04.352,9.6657e-11,Torr,11.small_stm_window_1,spray,11.small_stm_window_1/MassSpecData-02115-20261006-160529.csv,2026-10-06 16:05:29.144,0.5868
2026-10-06 16:06:04.560,8.8878e-11,Torr,11.small_stm_window_1,spray,11.small_stm_window_1/MassSpecData-02115-20261006-160529.csv,2026-10-06 16:05:29.144,0.5902666666666666
2026-10-06 16:06:04.769,1.0009e-10,Torr,11.small_stm_window_1,spray,11.small_stm_window_1/MassSpecData-02115-20261006-160529.csv,2026-10-06 16:05:29.144,0.59375
2026-10-06 16:06:04.977,9.36e-11,Torr,11.small_stm_window_1,spray,11.small_stm_window_1/MassSpecData-02115-20261006-160529.csv,2026-10-06 16:05:29.144,0.5972166666666666
2026-10-06 16:06:05.185,8.953e-11,Torr,11.small_stm_window_1,spray,11.small_stm_window_1/MassSpecData-02115-20261006-160529.csv,2026-10-06 16:05:29.144,0.6006833333333332
2026-10-06 16:06:05.394,8.7778e-11,Torr,11.small_stm_window_1,spray,11.small_stm_window_1/MassSpecData-02115-20261006-160529.csv,2026-10-06 16:05:29.144,0.6041666666666666
2026-10-06 16:06:05.602,7.7795e-11,Torr,11.small_stm_window_1,spray,11.small_stm_window_1/MassSpecData-02115-20261006-160529.csv,2026-10-06 16:05:29.144,0.6076333333333334
2026-10-06 16:06:05.810,7.2716e-11,Torr,11.small_stm_window_1,spray,11.small_stm_window_1/MassSpecData-02115-20261006-160529.csv,2026-10-06 16:05:29.144,0.6111
2026-10-06 16:06:06.019,7.9675e-11,Torr,11.small_stm_window_1,spray,11.small_stm_window_1/MassSpecData-02115-20261006-160529.csv,2026-10-06 16:05:29.144,0.6145833333333334
2026-10-06 16:06:06.227,7.6184e-11,Torr,11.small_stm_window_1,spray,11.small_stm_window_1/MassSpecData-02115-20261006-160529.csv,2026-10-06 16:05:29.144,0.61805
2026-10-06 16:06:06.435,7.561e-11,Torr,11.small_stm_window_1,spray,11.small_stm_window_1/MassSpecData-02115-20261006-160529.csv,2026-10-06 16:05:29.144,0.6215166666666666
2026-10-06 16:06:06.644,7.7966e-11,Torr,11.small_stm_window_1,spray,11.small_stm_window_1/MassSpecData-02115-20261006-160529.csv,2026-10-06 16:05:29.144,0.625
2026-10-06 16:06:06.852,9.0987e-11,Torr,11.small_stm_window_1,spray,11.small_stm_window_1/MassSpecData-02115-20261006-160529.csv,2026-10-06 16:05:29.144,0.6284666666666666
2026-10-06 16:06:07.061,1.01e-10,Torr,11.small_stm_window_1,spray,11.small_stm_window_1/MassSpecData-02115-20261006-160529.csv,2026-10-06 16:05:29.144,0.63195
2026-10-06 16:06:07.269,8.0016e-11,Torr,11.small_stm_window_1,spray,11.small_stm_window_1/MassSpecData-02115-20261006-160529.csv,2026-10-06 16:05:29.144,0.6354166666666666
2026-10-06 16:06:07.477,8.7493e-11,Torr,11.small_stm_window_1,spray,11.small_stm_window_1/MassSpecData-02115-20261006-160529.csv,2026-10-06 16:05:29.144,0.6388833333333334
2026-10-06 16:06:07.686,9.371e-11,Torr,11.small_stm_window_1,spray,11.small_stm_window_1/MassSpecData-02115-20261006-160529.csv,2026-10-06 16:05:29.144,0.6423666666666666
2026-10-06 16:06:07.894,8.3044e-11,Torr,11.small_stm_window_1,spray,11.small_stm_window_1/MassSpecData-02115-20261006-160529.csv,2026-10-06 16:05:29.144,0.6458333333333334
2026-10-06 16:06:08.102,9.4536e-11,Torr,11.small_stm_window_1,spray,11.small_stm_window_1/MassSpecData-02115-20261006-160529.csv,2026-10-06 16:05:29.144,0.6493
2026-10-06 16:06:08.311,8.6717e-11,Torr,11.small_stm_window_1,spray,11.small_stm_window_1/MassSpecData-02115-20261006-160529.csv,2026-10-06 16:05:29.144,0.6527833333333334
2026-10-06 16:06:08.519,9.8771e-11,Torr,11.small_stm_window_1,spray,11.small_stm_window_1/MassSpecData-02115-20261006-160529.csv,2026-10-06 16:05:29.144,0.65625
2026-10-06 16:06:08.727,7.6922e-11,Torr,11.small_stm_window_1,spray,11.small_stm_window_1/MassSpecData-02115-20261006-160529.csv,2026-10-06 16:05:29.144,0.6597166666666666
2026-10-06 16:06:08.936,9.2938e-11,Torr,11.small_stm_window_1,spray,11.small_stm_window_1/MassSpecData-02115-20261006-160529.csv,2026-10-06 16:05:29.144,0.6632
2026-10-06 16:06:09.144,9.0349e-11,Torr,11.small_stm_window_1,spray,11.small_stm_window_1/MassSpecData-02115-20261006-160529.csv,2026-10-06 16:05:29.144,0.6666666666666666
2026-10-06 16:06:09.352,8.3159e-11,Torr,11.small_stm_window_1,spray,11.small_stm_window_1/MassSpecData-02115-20261006-160529.csv,2026-10-06 16:05:29.144,0.6701333333333334
2026-10-06 16:06:09.561,8.3242e-11,Torr,11.small_stm_window_1,spray,11.small_stm_window_1/MassSpecData-02115-20261006-160529.csv,2026-10-06 16:05:29.144,0.6736166666666666
2026-10-06 16:06:09.769,8.901e-11,Torr,11.small_stm_window_1,spray,11.small_stm_window_1/MassSpecData-02115-20261006-160529.csv,2026-10-06 16:05:29.144,0.6770833333333334
2026-10-06 16:06:09.977,8.4812e-11,Torr,11.small_stm_window_1,spray,11.small_stm_window_1/MassSpecData-02115-20261006-160529.csv,2026-10-06 16:05:29.144,0.68055
2026-10-06 16:06:10.186,9.6255e-11,Torr,11.small_stm_window_1,spray,11.small_stm_window_1/MassSpecData-02115-20261006-160529.csv,2026-10-06 16:05:29.144,0.6840333333333334
2026-10-06 16:06:10.394,9.7905e-11,Torr,11.small_stm_window_1,spray,11.small_stm_window_1/MassSpecData-02115-20261006-160529.csv,2026-10-06 16:05:29.144,0.6875
2026-10-06 16:06:10.602,7.977e-11,Torr,11.small_stm_window_1,spray,11.small_stm_window_1/MassSpecData-02115-20261006-160529.csv,2026-10-06 16:05:29.144,0.6909666666666666
2026-10-06 16:06:10.832,7.3271e-11,Torr,11.small_stm_window_1,spray,11.small_stm_window_1/MassSpecData-02115-20261006-160610.csv,2026-10-06 16:05:29.144,0.6948000000000001
2026-10-06 16:06:11.040,9.7649e-11,Torr,11.small_stm_window_1,spray,11.small_stm_window_1/MassSpecData-02115-20261006-160610.csv,2026-10-06 16:05:29.144,0.6982666666666667
2026-10-06 16:06:11.249,9.9271e-11,Torr,11.small_stm_window_1,spray,11.small_stm_window_1/MassSpecData-02115-20261006-160610.csv,2026-10-06 16:05:29.144,0.70175
2026-10-06 16:06:11.457,8.2773e-11,Torr,11.small_stm_window_1,spray,11.small_stm_window_1/MassSpecData-02115-20261006-160610.csv,2026-10-06 16:05:29.144,0.7052166666666667
2026-10-06 16:06:11.665,8.3479e-11,Torr,11.small_stm_window_1,spray,11.small_stm_window_1/MassSpecData-02115-20261006-160610.csv,2026-10-06 16:05:29.144,0.7086833333333333
2026-10-06 16:06:11.874,7.6354e-11,Torr,11.small_stm_window_1,spray,11.small_stm_window_1/MassSpecData-02115-20261006-160610.csv,2026-10-06 16:05:29.144,0.7121666666666666
2026-10-06 16:06:12.082,9.5464e-11,Torr,11.small_stm_window_1,spray,11.small_stm_window_1/MassSpecData-02115-20261006-160610.csv,2026-10-06 16:05:29.144,0.7156333333333333
2026-10-06 16:06:12.290,1.0199e-10,Torr,11.small_stm_window_1,spray,11.small_stm_window_1/MassSpecData-02115-20261006-160610.csv,2026-10-06 16:05:29.144,0.7191
2026-10-06 16:06:12.498,9.3419e-11,Torr,11.small_stm_window_1,spray,11.small_stm_window_1/MassSpecData-02115-20261006-160610.csv,2026-10-06 16:05:29.144,0.7225666666666667
2026-10-06 16:06:12.707,7.1796e-11,Torr,11.small_stm_window_1,spray,11.small_stm_window_1/MassSpecData-02115-20261006-160610.csv,2026-10-06 16:05:29.144,0.7260500000000001
2026-10-06 16:06:12.915,8.0862e-11,Torr,11.small_stm_window_1,spray,11.small_stm_window_1/MassSpecData-02115-20261006-160610.csv,2026-10-06 16:05:29.144,0.7295166666666667
2026-10-06 16:06:13.124,8.1068e-11,Torr,11.small_stm_window_1,spray,11.small_stm_window_1/MassSpecData-02115-20261006-160610.csv,2026-10-06 16:05:29.144,0.733
2026-10-06 16:06:13.332,9.0992e-11,Torr,11.small_stm_window_1,spray,11.small_stm_window_1/MassSpecData-02115-20261006-160610.csv,2026-10-06 16:05:29.144,0.7364666666666667
2026-10-06 16:06:13.540,8.413e-11,Torr,11.small_stm_window_1,spray,11.small_stm_window_1/MassSpecData-02115-20261006-160610.csv,2026-10-06 16:05:29.144,0.7399333333333333
2026-10-06 16:06:13.749,7.5446e-11,Torr,11.small_stm_window_1,spray,11.small_stm_window_1/MassSpecData-02115-20261006-160610.csv,2026-10-06 16:05:29.144,0.7434166666666666
2026-10-06 16:06:13.957,9.0952e-11,Torr,11.small_stm_window_1,spray,11.small_stm_window_1/MassSpecData-02115-20261006-160610.csv,2026-10-06 16:05:29.144,0.7468833333333333
2026-10-06 16:06:14.165,7.3059e-11,Torr,11.small_stm_window_1,spray,11.small_stm_window_1/MassSpecData-02115-20261006-160610.csv,2026-10-06 16:05:29.144,0.75035
2026-10-06 16:06:14.374,8.6166e-11,Torr,11.small_stm_window_1,spray,11.small_stm_window_1/MassSpecData-02115-20261006-160610.csv,2026-10-06 16:05:29.144,0.7538333333333332
2026-10-06 16:06:14.582,8.3181e-11,Torr,11.small_stm_window_1,spray,11.small_stm_window_1/MassSpecData-02115-20261006-160610.csv,2026-10-06 16:05:29.144,0.7573000000000001
2026-10-06 16:06:14.790,8.3316e-11,Torr,11.small_stm_window_1,spray,11.small_stm_window_1/MassSpecData-02115-20261006-160610.csv,2026-10-06 16:05:29.144,0.7607666666666667
2026-10-06 16:06:14.999,8.8893e-11,Torr,11.small_stm_window_1,spray,11.small_stm_window_1/MassSpecData-02115-20261006-160610.csv,2026-10-06 16:05:29.144,0.76425
2026-10-06 16:06:15.207,7.5872e-11,Torr,11.small_stm_window_1,spray,11.small_stm_window_1/MassSpecData-02115-20261006-160610.csv,2026-10-06 16:05:29.144,0.7677166666666667
2026-10-06 16:06:15.415,7.8288e-11,Torr,11.small_stm_window_1,spray,11.small_stm_window_1/MassSpecData-02115-20261006-160610.csv,2026-10-06 16:05:29.144,0.7711833333333333
2026-10-06 16:06:15.624,9.6242e-11,Torr,11.small_stm_window_1,spray,11.small_stm_window_1/MassSpecData-02115-20261006-160610.csv,2026-10-06 16:05:29.144,0.7746666666666666
2026-10-06 16:06:15.832,9.3276e-11,Torr,11.small_stm_window_1,spray,11.small_stm_window_1/MassSpecData-02115-20261006-160610.csv,2026-10-06 16:05:29.144,0.7781333333333333
2026-10-06 16:06:16.040,7.6022e-11,Torr,11.small_stm_window_1,spray,11.small_stm_window_1/MassSpecData-02115-20261006-160610.csv,2026-10-06 16:05:29.144,0.7816
2026-10-06 16:06:16.248,8.3859e-11,Torr,11.small_stm_window_1,spray,11.small_stm_window_1/MassSpecData-02115-20261006-160610.csv,2026-10-06 16:05:29.144,0.7850666666666667
2026-10-06 16:06:16.457,6.9701e-11,Torr,11.small_stm_window_1,spray,11.small_stm_window_1/MassSpecData-02115-20261006-160610.csv,2026-10-06 16:05:29.144,0.7885500000000001
2026-10-06 16:06:16.665,8.9506e-11,Torr,11.small_stm_window_1,spray,11.small_stm_window_1/MassSpecData-02115-20261006-160610.csv,2026-10-06 16:05:29.144,0.7920166666666667
2026-10-06 16:06:16.873,8.3892e-11,Torr,11.small_stm_window_1,spray,11.small_stm_window_1/MassSpecData-02115-20261006-160610.csv,2026-10-06 16:05:29.144,0.7954833333333333
2026-10-06 16:06:17.082,7.5664e-11,Torr,11.small_stm_window_1,spray,11.small_stm_window_1/MassSpecData-02115-20261006-160610.csv,2026-10-06 16:05:29.144,0.7989666666666667
2026-10-06 16:06:17.290,7.5145e-11,Torr,11.small_stm_window_1,spray,11.small_stm_window_1/MassSpecData-02115-20261006-160610.csv,2026-10-06 16:05:29.144,0.8024333333333333
2026-10-06 16:06:17.498,7.8784e-11,Torr,11.small_stm_window_1,spray,11.small_stm_window_1/MassSpecData-02115-20261006-160610.csv,2026-10-06 16:05:29.144,0.8059
2026-10-06 16:06:17.707,8.5421e-11,Torr,11.small_stm_window_1,spray,11.small_stm_window_1/MassSpecData-02115-20261006-160610.csv,2026-10-06 16:05:29.144,0.8093833333333333
2026-10-06 16:06:17.915,8.771e-11,Torr,11.small_stm_window_1,spray,11.small_stm_window_1/MassSpecData-02115-20261006-160610.csv,2026-10-06 16:05:29.144,0.81285
2026-10-06 16:06:18.123,1.0174e-10,Torr,11.small_stm_window_1,spray,11.small_stm_window_1/MassSpecData-02115-20261006-160610.csv,2026-10-06 16:05:29.144,0.8163166666666667
2026-10-06 16:06:18.332,8.3726e-11,Torr,11.small_stm_window_1,spray,11.small_stm_window_1/MassSpecData-02115-20261006-160610.csv,2026-10-06 16:05:29.144,0.8198000000000001
2026-10-06 16:06:18.540,9.3161e-11,Torr,11.small_stm_window_1,spray,11.small_stm_window_1/MassSpecData-02115-20261006-160610.csv,2026-10-06 16:05:29.144,0.8232666666666667
2026-10-06 16:06:18.748,7.2705e-11,Torr,11.small_stm_window_1,spray,11.small_stm_window_1/MassSpecData-02115-20261006-160610.csv,2026-10-06 16:05:29.144,0.8267333333333333
2026-10-06 16:06:18.957,8.0864e-11,Torr,11.small_stm_window_1,spray,11.small_stm_window_1/MassSpecData-02115-20261006-160610.csv,2026-10-06 16:05:29.144,0.8302166666666667
2026-10-06 16:06:19.165,8.2491e-11,Torr,11.small_stm_window_1,spray,11.small_stm_window_1/MassSpecData-02115-20261006-160610.csv,2026-10-06 16:05:29.144,0.8336833333333333
2026-10-06 16:06:19.373,7.1918e-11,Torr,11.small_stm_window_1,spray,11.small_stm_window_1/MassSpecData-02115-20261006-160610.csv,2026-10-06 16:05:29.144,0.83715
2026-10-06 16:06:19.582,9.4136e-11,Torr,11.small_stm_window_1,spray,11.small_stm_window_1/MassSpecData-02115-20261006-160610.csv,2026-10-06 16:05:29.144,0.8406333333333333
2026-10-06 16:06:19.790,8.3977e-11,Torr,11.small_stm_window_1,spray,11.small_stm_window_1/MassSpecData-02115-20261006-160610.csv,2026-10-06 16:05:29.144,0.8441
2026-10-06 16:06:19.999,7.9137e-11,Torr,11.small_stm_window_1,spray,11.small_stm_window_1/MassSpecData-02115-20261006-160610.csv,2026-10-06 16:05:29.144,0.8475833333333332
2026-10-06 16:06:20.207,8.72e-11,Torr,11.small_stm_window_1,spray,11.small_stm_window_1/MassSpecData-02115-20261006-160610.csv,2026-10-06 16:05:29.144,0.8510500000000001
2026-10-06 16:06:20.415,8.6049e-11,Torr,11.small_stm_window_1,spray,11.small_stm_window_1/MassSpecData-02115-20261006-160610.csv,2026-10-06 16:05:29.144,0.8545166666666667
2026-10-06 16:06:20.624,8.9554e-11,Torr,11.small_stm_window_1,spray,11.small_stm_window_1/MassSpecData-02115-20261006-160610.csv,2026-10-06 16:05:29.144,0.858
2026-10-06 16:06:20.832,9.0647e-11,Torr,11.small_stm_window_1,spray,11.small_stm_window_1/MassSpecData-02115-20261006-160610.csv,2026-10-06 16:05:29.144,0.8614666666666667
2026-10-06 16:06:21.040,7.812e-11,Torr,11.small_stm_window_1,spray,11.small_stm_window_1/MassSpecData-02115-20261006-160610.csv,2026-10-06 16:05:29.144,0.8649333333333333
2026-10-06 16:06:21.249,8.3243e-11,Torr,11.small_stm_window_1,spray,11.small_stm_window_1/MassSpecData-02115-20261006-160610.csv,2026-10-06 16:05:29.144,0.8684166666666666
2026-10-06 16:06:21.457,7.089e-11,Torr,11.small_stm_window_1,spray,11.small_stm_window_1/MassSpecData-02115-20261006-160610.csv,2026-10-06 16:05:29.144,0.8718833333333333
2026-10-06 16:06:21.665,7.8981e-11,Torr,11.small_stm_window_1,spray,11.small_stm_window_1/MassSpecData-02115-20261006-160610.csv,2026-10-06 16:05:29.144,0.87535
2026-10-06 16:06:21.874,8.5917e-11,Torr,11.small_stm_window_1,spray,11.small_stm_window_1/MassSpecData-02115-20261006-160610.csv,2026-10-06 16:05:29.144,0.8788333333333332
2026-10-06 16:06:22.082,7.8618e-11,Torr,11.small_stm_window_1,spray,11.small_stm_window_1/MassSpecData-02115-20261006-160610.csv,2026-10-06 16:05:29.144,0.8823000000000001
2026-10-06 16:06:22.290,7.7681e-11,Torr,11.small_stm_window_1,spray,11.small_stm_window_1/MassSpecData-02115-20261006-160610.csv,2026-10-06 16:05:29.144,0.8857666666666667
2026-10-06 16:06:22.499,6.9855e-11,Torr,11.small_stm_window_1,spray,11.small_stm_window_1/MassSpecData-02115-20261006-160610.csv,2026-10-06 16:05:29.144,0.88925
2026-10-06 16:06:22.707,8.4769e-11,Torr,11.small_stm_window_1,spray,11.small_stm_window_1/MassSpecData-02115-20261006-160610.csv,2026-10-06 16:05:29.144,0.8927166666666667
2026-10-06 16:06:22.915,8.9947e-11,Torr,11.small_stm_window_1,spray,11.small_stm_window_1/MassSpecData-02115-20261006-160610.csv,2026-10-06 16:05:29.144,0.8961833333333333
2026-10-06 16:06:23.124,8.4332e-11,Torr,11.small_stm_window_1,spray,11.small_stm_window_1/MassSpecData-02115-20261006-160610.csv,2026-10-06 16:05:29.144,0.8996666666666666
2026-10-06 16:06:23.332,8.5129e-11,Torr,11.small_stm_window_1,spray,11.small_stm_window_1/MassSpecData-02115-20261006-160610.csv,2026-10-06 16:05:29.144,0.9031333333333333
2026-10-06 16:06:23.540,8.5022e-11,Torr,11.small_stm_window_1,spray,11.small_stm_window_1/MassSpecData-02115-20261006-160610.csv,2026-10-06 16:05:29.144,0.9066
2026-10-06 16:06:23.749,7.2971e-11,Torr,11.small_stm_window_1,spray,11.small_stm_window_1/MassSpecData-02115-20261006-160610.csv,2026-10-06 16:05:29.144,0.9100833333333332
2026-10-06 16:06:23.957,9.1182e-11,Torr,11.small_stm_window_1,spray,11.small_stm_window_1/MassSpecData-02115-20261006-160610.csv,2026-10-06 16:05:29.144,0.9135500000000001
2026-10-06 16:06:24.165,1.0529e-10,Torr,11.small_stm_window_1,spray,11.small_stm_window_1/MassSpecData-02115-20261006-160610.csv,2026-10-06 16:05:29.144,0.9170166666666667
2026-10-06 16:06:24.374,8.3411e-11,Torr,11.small_stm_window_1,spray,11.small_stm_window_1/MassSpecData-02115-20261006-160610.csv,2026-10-06 16:05:29.144,0.9205
2026-10-06 16:06:24.582,9.6006e-11,Torr,11.small_stm_window_1,spray,11.small_stm_window_1/MassSpecData-02115-20261006-160610.csv,2026-10-06 16:05:29.144,0.9239666666666667
2026-10-06 16:06:24.790,7.4852e-11,Torr,11.small_stm_window_1,spray,11.small_stm_window_1/MassSpecData-02115-20261006-160610.csv,2026-10-06 16:05:29.144,0.9274333333333333
2026-10-06 16:06:24.999,9.2862e-11,Torr,11.small_stm_window_1,spray,11.small_stm_window_1/MassSpecData-02115-20261006-160610.csv,2026-10-06 16:05:29.144,0.9309166666666666
2026-10-06 16:06:25.207,8.476e-11,Torr,11.small_stm_window_1,spray,11.small_stm_window_1/MassSpecData-02115-20261006-160610.csv,2026-10-06 16:05:29.144,0.9343833333333333
2026-10-06 16:06:25.415,7.8473e-11,Torr,11.small_stm_window_1,spray,11.small_stm_window_1/MassSpecData-02115-20261006-160610.csv,2026-10-06 16:05:29.144,0.93785
2026-10-06 16:06:25.624,8.3642e-11,Torr,11.small_stm_window_1,spray,11.small_stm_window_1/MassSpecData-02115-20261006-160610.csv,2026-10-06 16:05:29.144,0.9413333333333332
2026-10-06 16:06:25.832,7.0844e-11,Torr,11.small_stm_window_1,spray,11.small_stm_window_1/MassSpecData-02115-20261006-160610.csv,2026-10-06 16:05:29.144,0.9448000000000001
2026-10-06 16:06:26.040,8.288e-11,Torr,11.small_stm_window_1,spray,11.small_stm_window_1/MassSpecData-02115-20261006-160610.csv,2026-10-06 16:05:29.144,0.9482666666666667
2026-10-06 16:06:26.249,7.7296e-11,Torr,11.small_stm_window_1,spray,11.small_stm_window_1/MassSpecData-02115-20261006-160610.csv,2026-10-06 16:05:29.144,0.95175
2026-10-06 16:06:26.457,7.3031e-11,Torr,11.small_stm_window_1,spray,11.small_stm_window_1/MassSpecData-02115-20261006-160610.csv,2026-10-06 16:05:29.144,0.9552166666666667
2026-10-06 16:06:26.665,8.4346e-11,Torr,11.small_stm_window_1,spray,11.small_stm_window_1/MassSpecData-02115-20261006-160610.csv,2026-10-06 16:05:29.144,0.9586833333333333
2026-10-06 16:06:26.874,8.6179e-11,Torr,11.small_stm_window_1,spray,11.small_stm_window_1/MassSpecData-02115-20261006-160610.csv,2026-10-06 16:05:29.144,0.9621666666666666
2026-10-06 16:06:27.082,7.71e-11,Torr,11.small_stm_window_1,spray,11.small_stm_window_1/MassSpecData-02115-20261006-160610.csv,2026-10-06 16:05:29.144,0.9656333333333333
2026-10-06 16:06:27.290,1.0354e-10,Torr,11.small_stm_window_1,spray,11.small_stm_window_1/MassSpecData-02115-20261006-160610.csv,2026-10-06 16:05:29.144,0.9691
2026-10-06 16:06:27.499,8.959e-11,Torr,11.small_stm_window_1,spray,11.small_stm_window_1/MassSpecData-02115-20261006-160610.csv,2026-10-06 16:05:29.144,0.9725833333333332
2026-10-06 16:06:27.707,8.8936e-11,Torr,11.small_stm_window_1,spray,11.small_stm_window_1/MassSpecData-02115-20261006-160610.csv,2026-10-06 16:05:29.144,0.9760500000000001
2026-10-06 16:06:27.915,9.3836e-11,Torr,11.small_stm_window_1,spray,11.small_stm_window_1/MassSpecData-02115-20261006-160610.csv,2026-10-06 16:05:29.144,0.9795166666666667
2026-10-06 16:06:28.124,8.1096e-11,Torr,11.small_stm_window_1,spray,11.small_stm_window_1/MassSpecData-02115-20261006-160610.csv,2026-10-06 16:05:29.144,0.983
2026-10-06 16:06:28.332,7.5273e-11,Torr,11.small_stm_window_1,spray,11.small_stm_window_1/MassSpecData-02115-20261006-160610.csv,2026-10-06 16:05:29.144,0.9864666666666667
2026-10-06 16:06:28.540,8.056e-11,Torr,11.small_stm_window_1,spray,11.small_stm_window_1/MassSpecData-02115-20261006-160610.csv,2026-10-06 16:05:29.144,0.9899333333333333
2026-10-06 16:06:28.749,6.8177e-11,Torr,11.small_stm_window_1,spray,11.small_stm_window_1/MassSpecData-02115-20261006-160610.csv,2026-10-06 16:05:29.144,0.9934166666666666
2026-10-06 16:06:28.957,7.888e-11,Torr,11.small_stm_window_1,spray,11.small_stm_window_1/MassSpecData-02115-20261006-160610.csv,2026-10-06 16:05:29.144,0.9968833333333333
2026-10-06 16:06:29.165,7.6086e-11,Torr,11.small_stm_window_1,spray,11.small_stm_window_1/MassSpecData-02115-20261006-160610.csv,2026-10-06 16:05:29.144,1.00035
2026-10-06 16:06:29.374,8.5483e-11,Torr,11.small_stm_window_1,spray,11.small_stm_window_1/MassSpecData-02115-20261006-160610.csv,2026-10-06 16:05:29.144,1.0038333333333334
2026-10-06 16:06:29.582,9.3198e-11,Torr,11.small_stm_window_1,spray,11.small_stm_window_1/MassSpecData-02115-20261006-160610.csv,2026-10-06 16:05:29.144,1.0073
2026-10-06 16:06:29.790,8.9821e-11,Torr,11.small_stm_window_1,spray,11.small_stm_window_1/MassSpecData-02115-20261006-160610.csv,2026-10-06 16:05:29.144,1.0107666666666666
2026-10-06 16:06:29.999,9.5035e-11,Torr,11.small_stm_window_1,spray,11.small_stm_window_1/MassSpecData-02115-20261006-160610.csv,2026-10-06 16:05:29.144,1.0142499999999999
2026-10-06 16:06:30.207,1.055e-10,Torr,11.small_stm_window_1,spray,11.small_stm_window_1/MassSpecData-02115-20261006-160610.csv,2026-10-06 16:05:29.144,1.0177166666666666
2026-10-06 16:06:30.415,8.9133e-11,Torr,11.small_stm_window_1,spray,11.small_stm_window_1/MassSpecData-02115-20261006-160610.csv,2026-10-06 16:05:29.144,1.0211833333333333
2026-10-06 16:06:30.623,8.2131e-11,Torr,11.small_stm_window_1,spray,11.small_stm_window_1/MassSpecData-02115-20261006-160610.csv,2026-10-06 16:05:29.144,1.02465
2026-10-06 16:06:30.832,9.0409e-11,Torr,11.small_stm_window_1,spray,11.small_stm_window_1/MassSpecData-02115-20261006-160610.csv,2026-10-06 16:05:29.144,1.0281333333333333
2026-10-06 16:06:31.040,1.0545e-10,Torr,11.small_stm_window_1,spray,11.small_stm_window_1/MassSpecData-02115-20261006-160610.csv,2026-10-06 16:05:29.144,1.0316
2026-10-06 16:06:31.248,8.8831e-11,Torr,11.small_stm_window_1,spray,11.small_stm_window_1/MassSpecData-02115-20261006-160610.csv,2026-10-06 16:05:29.144,1.0350666666666666
2026-10-06 16:06:31.457,9.0532e-11,Torr,11.small_stm_window_1,spray,11.small_stm_window_1/MassSpecData-02115-20261006-160610.csv,2026-10-06 16:05:29.144,1.03855
2026-10-06 16:06:31.665,8.0249e-11,Torr,11.small_stm_window_1,spray,11.small_stm_window_1/MassSpecData-02115-20261006-160610.csv,2026-10-06 16:05:29.144,1.0420166666666666
2026-10-06 16:06:31.873,7.8677e-11,Torr,11.small_stm_window_1,spray,11.small_stm_window_1/MassSpecData-02115-20261006-160610.csv,2026-10-06 16:05:29.144,1.0454833333333333
2026-10-06 16:06:32.082,9.3203e-11,Torr,11.small_stm_window_1,spray,11.small_stm_window_1/MassSpecData-02115-20261006-160610.csv,2026-10-06 16:05:29.144,1.0489666666666666
2026-10-06 16:06:32.290,8.7752e-11,Torr,11.small_stm_window_1,spray,11.small_stm_window_1/MassSpecData-02115-20261006-160610.csv,2026-10-06 16:05:29.144,1.0524333333333333
2026-10-06 16:06:32.498,8.3096e-11,Torr,11.small_stm_window_1,spray,11.small_stm_window_1/MassSpecData-02115-20261006-160610.csv,2026-10-06 16:05:29.144,1.0559
2026-10-06 16:06:32.707,1.0035e-10,Torr,11.small_stm_window_1,spray,11.small_stm_window_1/MassSpecData-02115-20261006-160610.csv,2026-10-06 16:05:29.144,1.0593833333333333
2026-10-06 16:06:32.915,8.074e-11,Torr,11.small_stm_window_1,spray,11.small_stm_window_1/MassSpecData-02115-20261006-160610.csv,2026-10-06 16:05:29.144,1.06285
2026-10-06 16:06:33.123,8.87e-11,Torr,11.small_stm_window_1,spray,11.small_stm_window_1/MassSpecData-02115-20261006-160610.csv,2026-10-06 16:05:29.144,1.0663166666666666
2026-10-06 16:06:33.332,8.2792e-11,Torr,11.small_stm_window_1,spray,11.small_stm_window_1/MassSpecData-02115-20261006-160610.csv,2026-10-06 16:05:29.144,1.0698
2026-10-06 16:06:33.540,9.1129e-11,Torr,11.small_stm_window_1,spray,11.small_stm_window_1/MassSpecData-02115-20261006-160610.csv,2026-10-06 16:05:29.144,1.0732666666666666
2026-10-06 16:06:33.748,9.2388e-11,Torr,11.small_stm_window_1,spray,11.small_stm_window_1/MassSpecData-02115-20261006-160610.csv,2026-10-06 16:05:29.144,1.0767333333333333
2026-10-06 16:06:33.957,9.5492e-11,Torr,11.small_stm_window_1,spray,11.small_stm_window_1/MassSpecData-02115-20261006-160610.csv,2026-10-06 16:05:29.144,1.0802166666666666
2026-10-06 16:06:34.165,8.3776e-11,Torr,11.small_stm_window_1,spray,11.small_stm_window_1/MassSpecData-02115-20261006-160610.csv,2026-10-06 16:05:29.144,1.0836833333333333
2026-10-06 16:06:34.373,9.0993e-11,Torr,11.small_stm_window_1,spray,11.small_stm_window_1/MassSpecData-02115-20261006-160610.csv,2026-10-06 16:05:29.144,1.08715
2026-10-06 16:06:34.582,8.7687e-11,Torr,11.small_stm_window_1,spray,11.small_stm_window_1/MassSpecData-02115-20261006-160610.csv,2026-10-06 16:05:29.144,1.0906333333333333
2026-10-06 16:06:34.790,7.9441e-11,Torr,11.small_stm_window_1,spray,11.small_stm_window_1/MassSpecData-02115-20261006-160610.csv,2026-10-06 16:05:29.144,1.0941
2026-10-06 16:06:34.998,7.6887e-11,Torr,11.small_stm_window_1,spray,11.small_stm_window_1/MassSpecData-02115-20261006-160610.csv,2026-10-06 16:05:29.144,1.0975666666666666
2026-10-06 16:06:35.207,9.7315e-11,Torr,11.small_stm_window_1,spray,11.small_stm_window_1/MassSpecData-02115-20261006-160610.csv,2026-10-06 16:05:29.144,1.10105
2026-10-06 16:06:35.415,7.76e-11,Torr,11.small_stm_window_1,spray,11.small_stm_window_1/MassSpecData-02115-20261006-160610.csv,2026-10-06 16:05:29.144,1.1045166666666666
2026-10-06 16:06:35.623,9.1609e-11,Torr,11.small_stm_window_1,spray,11.small_stm_window_1/MassSpecData-02115-20261006-160610.csv,2026-10-06 16:05:29.144,1.1079833333333333
2026-10-06 16:06:35.832,8.4957e-11,Torr,11.small_stm_window_1,spray,11.small_stm_window_1/MassSpecData-02115-20261006-160610.csv,2026-10-06 16:05:29.144,1.1114666666666666
2026-10-06 16:06:36.040,7.9471e-11,Torr,11.small_stm_window_1,spray,11.small_stm_window_1/MassSpecData-02115-20261006-160610.csv,2026-10-06 16:05:29.144,1.1149333333333333
2026-10-06 16:06:36.248,8.2243e-11,Torr,11.small_stm_window_1,spray,11.small_stm_window_1/MassSpecData-02115-20261006-160610.csv,2026-10-06 16:05:29.144,1.1184
2026-10-06 16:06:36.457,8.0397e-11,Torr,11.small_stm_window_1,spray,11.small_stm_window_1/MassSpecData-02115-20261006-160610.csv,2026-10-06 16:05:29.144,1.1218833333333333
2026-10-06 16:06:36.665,7.8677e-11,Torr,11.small_stm_window_1,spray,11.small_stm_window_1/MassSpecData-02115-20261006-160610.csv,2026-10-06 16:05:29.144,1.12535
2026-10-06 16:06:36.873,8.55e-11,Torr,11.small_stm_window_1,spray,11.small_stm_window_1/MassSpecData-02115-20261006-160610.csv,2026-10-06 16:05:29.144,1.1288166666666666
2026-10-06 16:06:37.082,7.3814e-11,Torr,11.small_stm_window_1,spray,11.small_stm_window_1/MassSpecData-02115-20261006-160610.csv,2026-10-06 16:05:29.144,1.1323
2026-10-06 16:06:37.290,8.0693e-11,Torr,11.small_stm_window_1,spray,11.small_stm_window_1/MassSpecData-02115-20261006-160610.csv,2026-10-06 16:05:29.144,1.1357666666666666
2026-10-06 16:06:37.498,1.004e-10,Torr,11.small_stm_window_1,spray,11.small_stm_window_1/MassSpecData-02115-20261006-160610.csv,2026-10-06 16:05:29.144,1.1392333333333333
2026-10-06 16:06:37.707,1.021e-10,Torr,11.small_stm_window_1,spray,11.small_stm_window_1/MassSpecData-02115-20261006-160610.csv,2026-10-06 16:05:29.144,1.1427166666666666
2026-10-06 16:06:37.915,8.1042e-11,Torr,11.small_stm_window_1,spray,11.small_stm_window_1/MassSpecData-02115-20261006-160610.csv,2026-10-06 16:05:29.144,1.1461833333333333
2026-10-06 16:06:38.123,8.1585e-11,Torr,11.small_stm_window_1,spray,11.small_stm_window_1/MassSpecData-02115-20261006-160610.csv,2026-10-06 16:05:29.144,1.14965
2026-10-06 16:06:38.332,6.769e-11,Torr,11.small_stm_window_1,spray,11.small_stm_window_1/MassSpecData-02115-20261006-160610.csv,2026-10-06 16:05:29.144,1.1531333333333333
2026-10-06 16:06:38.540,7.9714e-11,Torr,11.small_stm_window_1,spray,11.small_stm_window_1/MassSpecData-02115-20261006-160610.csv,2026-10-06 16:05:29.144,1.1566
2026-10-06 16:06:38.748,8.3377e-11,Torr,11.small_stm_window_1,spray,11.small_stm_window_1/MassSpecData-02115-20261006-160610.csv,2026-10-06 16:05:29.144,1.1600666666666666
2026-10-06 16:06:38.957,8.4478e-11,Torr,11.small_stm_window_1,spray,11.small_stm_window_1/MassSpecData-02115-20261006-160610.csv,2026-10-06 16:05:29.144,1.16355
2026-10-06 16:06:39.165,8.3875e-11,Torr,11.small_stm_window_1,spray,11.small_stm_window_1/MassSpecData-02115-20261006-160610.csv,2026-10-06 16:05:29.144,1.1670166666666666
2026-10-06 16:06:39.373,8.005e-11,Torr,11.small_stm_window_1,spray,11.small_stm_window_1/MassSpecData-02115-20261006-160610.csv,2026-10-06 16:05:29.144,1.1704833333333333
2026-10-06 16:06:39.582,7.332e-11,Torr,11.small_stm_window_1,spray,11.small_stm_window_1/MassSpecData-02115-20261006-160610.csv,2026-10-06 16:05:29.144,1.1739666666666666
2026-10-06 16:06:39.790,8.4574e-11,Torr,11.small_stm_window_1,spray,11.small_stm_window_1/MassSpecData-02115-20261006-160610.csv,2026-10-06 16:05:29.144,1.1774333333333333
2026-10-06 16:06:39.998,8.0106e-11,Torr,11.small_stm_window_1,spray,11.small_stm_window_1/MassSpecData-02115-20261006-160610.csv,2026-10-06 16:05:29.144,1.1809
2026-10-06 16:06:40.207,7.9896e-11,Torr,11.small_stm_window_1,spray,11.small_stm_window_1/MassSpecData-02115-20261006-160610.csv,2026-10-06 16:05:29.144,1.1843833333333333
2026-10-06 16:06:40.415,7.8302e-11,Torr,11.small_stm_window_1,spray,11.small_stm_window_1/MassSpecData-02115-20261006-160610.csv,2026-10-06 16:05:29.144,1.18785
2026-10-06 16:06:40.623,8.503e-11,Torr,11.small_stm_window_1,spray,11.small_stm_window_1/MassSpecData-02115-20261006-160610.csv,2026-10-06 16:05:29.144,1.1913166666666666
2026-10-06 16:06:40.832,9.1501e-11,Torr,11.small_stm_window_1,spray,11.small_stm_window_1/MassSpecData-02115-20261006-160610.csv,2026-10-06 16:05:29.144,1.1948
2026-10-06 16:06:41.040,8.9501e-11,Torr,11.small_stm_window_1,spray,11.small_stm_window_1/MassSpecData-02115-20261006-160610.csv,2026-10-06 16:05:29.144,1.1982666666666666
2026-10-06 16:06:41.248,7.9076e-11,Torr,11.small_stm_window_1,spray,11.small_stm_window_1/MassSpecData-02115-20261006-160610.csv,2026-10-06 16:05:29.144,1.2017333333333333
2026-10-06 16:06:41.457,1.1745e-10,Torr,11.small_stm_window_1,spray,11.small_stm_window_1/MassSpecData-02115-20261006-160610.csv,2026-10-06 16:05:29.144,1.2052166666666666
2026-10-06 16:06:41.665,8.8976e-11,Torr,11.small_stm_window_1,spray,11.small_stm_window_1/MassSpecData-02115-20261006-160610.csv,2026-10-06 16:05:29.144,1.2086833333333333
2026-10-06 16:06:41.873,9.438e-11,Torr,11.small_stm_window_1,spray,11.small_stm_window_1/MassSpecData-02115-20261006-160610.csv,2026-10-06 16:05:29.144,1.21215
2026-10-06 16:06:42.082,8.079e-11,Torr,11.small_stm_window_1,spray,11.small_stm_window_1/MassSpecData-02115-20261006-160610.csv,2026-10-06 16:05:29.144,1.2156333333333333
2026-10-06 16:06:42.290,8.2706e-11,Torr,11.small_stm_window_1,spray,11.small_stm_window_1/MassSpecData-02115-20261006-160610.csv,2026-10-06 16:05:29.144,1.2191
2026-10-06 16:06:42.498,9.0088e-11,Torr,11.small_stm_window_1,spray,11.small_stm_window_1/MassSpecData-02115-20261006-160610.csv,2026-10-06 16:05:29.144,1.2225666666666666
2026-10-06 16:06:42.707,9.818e-11,Torr,11.small_stm_window_1,spray,11.small_stm_window_1/MassSpecData-02115-20261006-160610.csv,2026-10-06 16:05:29.144,1.22605
2026-10-06 16:06:42.915,7.6319e-11,Torr,11.small_stm_window_1,spray,11.small_stm_window_1/MassSpecData-02115-20261006-160610.csv,2026-10-06 16:05:29.144,1.2295166666666666
2026-10-06 16:06:43.123,8.5328e-11,Torr,11.small_stm_window_1,spray,11.small_stm_window_1/MassSpecData-02115-20261006-160610.csv,2026-10-06 16:05:29.144,1.2329833333333333
2026-10-06 16:06:43.332,8.0877e-11,Torr,11.small_stm_window_1,spray,11.small_stm_window_1/MassSpecData-02115-20261006-160610.csv,2026-10-06 16:05:29.144,1.2364666666666666
2026-10-06 16:06:43.540,9.787e-11,Torr,11.small_stm_window_1,spray,11.small_stm_window_1/MassSpecData-02115-20261006-160610.csv,2026-10-06 16:05:29.144,1.2399333333333333
2026-10-06 16:06:43.748,9.016e-11,Torr,11.small_stm_window_1,spray,11.small_stm_window_1/MassSpecData-02115-20261006-160610.csv,2026-10-06 16:05:29.144,1.2434
2026-10-06 16:06:43.957,9.5395e-11,Torr,11.small_stm_window_1,spray,11.small_stm_window_1/MassSpecData-02115-20261006-160610.csv,2026-10-06 16:05:29.144,1.2468833333333333
2026-10-06 16:06:44.165,9.984e-11,Torr,11.small_stm_window_1,spray,11.small_stm_window_1/MassSpecData-02115-20261006-160610.csv,2026-10-06 16:05:29.144,1.25035
2026-10-06 16:06:44.373,7.7792e-11,Torr,11.small_stm_window_1,spray,11.small_stm_window_1/MassSpecData-02115-20261006-160610.csv,2026-10-06 16:05:29.144,1.2538166666666666
2026-10-06 16:06:44.582,9.5605e-11,Torr,11.small_stm_window_1,spray,11.small_stm_window_1/MassSpecData-02115-20261006-160610.csv,2026-10-06 16:05:29.144,1.2573
2026-10-06 16:06:44.790,7.9928e-11,Torr,11.small_stm_window_1,spray,11.small_stm_window_1/MassSpecData-02115-20261006-160610.csv,2026-10-06 16:05:29.144,1.2607666666666666
2026-10-06 16:06:44.998,8.8957e-11,Torr,11.small_stm_window_1,spray,11.small_stm_window_1/MassSpecData-02115-20261006-160610.csv,2026-10-06 16:05:29.144,1.2642333333333333
2026-10-06 16:06:45.207,8.0285e-11,Torr,11.small_stm_window_1,spray,11.small_stm_window_1/MassSpecData-02115-20261006-160610.csv,2026-10-06 16:05:29.144,1.2677166666666666
2026-10-06 16:06:45.415,8.2659e-11,Torr,11.small_stm_window_1,spray,11.small_stm_window_1/MassSpecData-02115-20261006-160610.csv,2026-10-06 16:05:29.144,1.2711833333333333
2026-10-06 16:06:45.623,8.6626e-11,Torr,11.small_stm_window_1,spray,11.small_stm_window_1/MassSpecData-02115-20261006-160610.csv,2026-10-06 16:05:29.144,1.27465
2026-10-06 16:06:45.832,8.1954e-11,Torr,11.small_stm_window_1,spray,11.small_stm_window_1/MassSpecData-02115-20261006-160610.csv,2026-10-06 16:05:29.144,1.2781333333333333
2026-10-06 16:06:46.040,1.0087e-10,Torr,11.small_stm_window_1,spray,11.small_stm_window_1/MassSpecData-02115-20261006-160610.csv,2026-10-06 16:05:29.144,1.2816
2026-10-06 16:06:46.248,8.7154e-11,Torr,11.small_stm_window_1,spray,11.small_stm_window_1/MassSpecData-02115-20261006-160610.csv,2026-10-06 16:05:29.144,1.2850666666666666
2026-10-06 16:06:46.457,8.6903e-11,Torr,11.small_stm_window_1,spray,11.small_stm_window_1/MassSpecData-02115-20261006-160610.csv,2026-10-06 16:05:29.144,1.28855
2026-10-06 16:06:46.665,8.0493e-11,Torr,11.small_stm_window_1,spray,11.small_stm_window_1/MassSpecData-02115-20261006-160610.csv,2026-10-06 16:05:29.144,1.2920166666666666
2026-10-06 16:06:46.873,8.2209e-11,Torr,11.small_stm_window_1,spray,11.small_stm_window_1/MassSpecData-02115-20261006-160610.csv,2026-10-06 16:05:29.144,1.2954833333333333
2026-10-06 16:06:47.082,7.0986e-11,Torr,11.small_stm_window_1,spray,11.small_stm_window_1/MassSpecData-02115-20261006-160610.csv,2026-10-06 16:05:29.144,1.2989666666666666
2026-10-06 16:06:47.290,9.5199e-11,Torr,11.small_stm_window_1,spray,11.small_stm_window_1/MassSpecData-02115-20261006-160610.csv,2026-10-06 16:05:29.144,1.3024333333333333
2026-10-06 16:06:47.498,7.6067e-11,Torr,11.small_stm_window_1,spray,11.small_stm_window_1/MassSpecData-02115-20261006-160610.csv,2026-10-06 16:05:29.144,1.3059
2026-10-06 16:06:47.707,7.8841e-11,Torr,11.small_stm_window_1,spray,11.small_stm_window_1/MassSpecData-02115-20261006-160610.csv,2026-10-06 16:05:29.144,1.3093833333333333
2026-10-06 16:06:47.915,1.0372e-10,Torr,11.small_stm_window_1,spray,11.small_stm_window_1/MassSpecData-02115-20261006-160610.csv,2026-10-06 16:05:29.144,1.31285
2026-10-06 16:06:48.123,9.5765e-11,Torr,11.small_stm_window_1,spray,11.small_stm_window_1/MassSpecData-02115-20261006-160610.csv,2026-10-06 16:05:29.144,1.3163166666666666
2026-10-06 16:06:48.332,7.9405e-11,Torr,11.small_stm_window_1,spray,11.small_stm_window_1/MassSpecData-02115-20261006-160610.csv,2026-10-06 16:05:29.144,1.3198
2026-10-06 16:06:48.540,8.7041e-11,Torr,11.small_stm_window_1,spray,11.small_stm_window_1/MassSpecData-02115-20261006-160610.csv,2026-10-06 16:05:29.144,1.3232666666666666
2026-10-06 16:06:48.749,8.7716e-11,Torr,11.small_stm_window_1,spray,11.small_stm_window_1/MassSpecData-02115-20261006-160610.csv,2026-10-06 16:05:29.144,1.32675
2026-10-06 16:06:48.957,1.0101e-10,Torr,11.small_stm_window_1,spray,11.small_stm_window_1/MassSpecData-02115-20261006-160610.csv,2026-10-06 16:05:29.144,1.3302166666666666
2026-10-06 16:06:49.165,6.9833e-11,Torr,11.small_stm_window_1,spray,11.small_stm_window_1/MassSpecData-02115-20261006-160610.csv,2026-10-06 16:05:29.144,1.3336833333333333
2026-10-06 16:06:49.374,6.818e-11,Torr,11.small_stm_window_1,spray,11.small_stm_window_1/MassSpecData-02115-20261006-160610.csv,2026-10-06 16:05:29.144,1.3371666666666668
2026-10-06 16:06:49.582,9.1293e-11,Torr,11.small_stm_window_1,spray,11.small_stm_window_1/MassSpecData-02115-20261006-160610.csv,2026-10-06 16:05:29.144,1.3406333333333333
2026-10-06 16:06:49.790,8.1977e-11,Torr,11.small_stm_window_1,spray,11.small_stm_window_1/MassSpecData-02115-20261006-160610.csv,2026-10-06 16:05:29.144,1.3441
2026-10-06 16:06:49.999,7.7211e-11,Torr,11.small_stm_window_1,spray,11.small_stm_window_1/MassSpecData-02115-20261006-160610.csv,2026-10-06 16:05:29.144,1.3475833333333334
2026-10-06 16:06:50.207,7.3746e-11,Torr,11.small_stm_window_1,spray,11.small_stm_window_1/MassSpecData-02115-20261006-160610.csv,2026-10-06 16:05:29.144,1.35105
2026-10-06 16:06:50.415,8.7961e-11,Torr,11.small_stm_window_1,spray,11.small_stm_window_1/MassSpecData-02115-20261006-160610.csv,2026-10-06 16:05:29.144,1.3545166666666666
2026-10-06 16:06:50.624,7.2112e-11,Torr,11.small_stm_window_1,spray,11.small_stm_window_1/MassSpecData-02115-20261006-160610.csv,2026-10-06 16:05:29.144,1.358
2026-10-06 16:06:50.832,7.6042e-11,Torr,11.small_stm_window_1,spray,11.small_stm_window_1/MassSpecData-02115-20261006-160610.csv,2026-10-06 16:05:29.144,1.3614666666666666
2026-10-06 16:06:51.040,1.0021e-10,Torr,11.small_stm_window_1,spray,11.small_stm_window_1/MassSpecData-02115-20261006-160610.csv,2026-10-06 16:05:29.144,1.3649333333333333
2026-10-06 16:06:51.249,8.4026e-11,Torr,11.small_stm_window_1,spray,11.small_stm_window_1/MassSpecData-02115-20261006-160610.csv,2026-10-06 16:05:29.144,1.3684166666666668
2026-10-06 16:06:51.457,8.2594e-11,Torr,11.small_stm_window_1,spray,11.small_stm_window_1/MassSpecData-02115-20261006-160610.csv,2026-10-06 16:05:29.144,1.3718833333333333
2026-10-06 16:06:51.665,7.4144e-11,Torr,11.small_stm_window_1,spray,11.small_stm_window_1/MassSpecData-02115-20261006-160610.csv,2026-10-06 16:05:29.144,1.37535
2026-10-06 16:06:51.874,9.1976e-11,Torr,11.small_stm_window_1,spray,11.small_stm_window_1/MassSpecData-02115-20261006-160610.csv,2026-10-06 16:05:29.144,1.3788333333333334
2026-10-06 16:06:52.082,7.0559e-11,Torr,11.small_stm_window_1,spray,11.small_stm_window_1/MassSpecData-02115-20261006-160610.csv,2026-10-06 16:05:29.144,1.3823
2026-10-06 16:06:52.290,8.0292e-11,Torr,11.small_stm_window_1,spray,11.small_stm_window_1/MassSpecData-02115-20261006-160610.csv,2026-10-06 16:05:29.144,1.3857666666666666
2026-10-06 16:06:52.629,6.9873e-11,Torr,11.small_stm_window_1,spray,11.small_stm_window_1/MassSpecData-02115-20261006-160652.csv,2026-10-06 16:05:29.144,1.3914166666666667
2026-10-06 16:06:52.837,7.6655e-11,Torr,11.small_stm_window_1,spray,11.small_stm_window_1/MassSpecData-02115-20261006-160652.csv,2026-10-06 16:05:29.144,1.3948833333333333
2026-10-06 16:06:53.046,8.2632e-11,Torr,11.small_stm_window_1,spray,11.small_stm_window_1/MassSpecData-02115-20261006-160652.csv,2026-10-06 16:05:29.144,1.3983666666666668
2026-10-06 16:06:53.254,8.4066e-11,Torr,11.small_stm_window_1,spray,11.small_stm_window_1/MassSpecData-02115-20261006-160652.csv,2026-10-06 16:05:29.144,1.4018333333333333
2026-10-06 16:06:53.462,9.4312e-11,Torr,11.small_stm_window_1,spray,11.small_stm_window_1/MassSpecData-02115-20261006-160652.csv,2026-10-06 16:05:29.144,1.4053
2026-10-06 16:06:53.671,9.7146e-11,Torr,11.small_stm_window_1,spray,11.small_stm_window_1/MassSpecData-02115-20261006-160652.csv,2026-10-06 16:05:29.144,1.4087833333333333
2026-10-06 16:06:53.879,8.8694e-11,Torr,11.small_stm_window_1,spray,11.small_stm_window_1/MassSpecData-02115-20261006-160652.csv,2026-10-06 16:05:29.144,1.41225
2026-10-06 16:06:54.087,6.9798e-11,Torr,11.small_stm_window_1,spray,11.small_stm_window_1/MassSpecData-02115-20261006-160652.csv,2026-10-06 16:05:29.144,1.4157166666666667
2026-10-06 16:06:54.295,9.466e-11,Torr,11.small_stm_window_1,spray,11.small_stm_window_1/MassSpecData-02115-20261006-160652.csv,2026-10-06 16:05:29.144,1.4191833333333332
2026-10-06 16:06:54.504,8.5e-11,Torr,11.small_stm_window_1,spray,11.small_stm_window_1/MassSpecData-02115-20261006-160652.csv,2026-10-06 16:05:29.144,1.4226666666666667
2026-10-06 16:06:54.712,7.4113e-11,Torr,11.small_stm_window_1,spray,11.small_stm_window_1/MassSpecData-02115-20261006-160652.csv,2026-10-06 16:05:29.144,1.4261333333333333
2026-10-06 16:06:54.921,9.4239e-11,Torr,11.small_stm_window_1,spray,11.small_stm_window_1/MassSpecData-02115-20261006-160652.csv,2026-10-06 16:05:29.144,1.4296166666666668
2026-10-06 16:06:55.129,7.9488e-11,Torr,11.small_stm_window_1,spray,11.small_stm_window_1/MassSpecData-02115-20261006-160652.csv,2026-10-06 16:05:29.144,1.4330833333333333
2026-10-06 16:06:55.337,7.4835e-11,Torr,11.small_stm_window_1,spray,11.small_stm_window_1/MassSpecData-02115-20261006-160652.csv,2026-10-06 16:05:29.144,1.43655
2026-10-06 16:06:55.546,7.8632e-11,Torr,11.small_stm_window_1,spray,11.small_stm_window_1/MassSpecData-02115-20261006-160652.csv,2026-10-06 16:05:29.144,1.4400333333333333
2026-10-06 16:06:55.754,8.7585e-11,Torr,11.small_stm_window_1,spray,11.small_stm_window_1/MassSpecData-02115-20261006-160652.csv,2026-10-06 16:05:29.144,1.4435
2026-10-06 16:06:55.962,8.0332e-11,Torr,11.small_stm_window_1,spray,11.small_stm_window_1/MassSpecData-02115-20261006-160652.csv,2026-10-06 16:05:29.144,1.4469666666666667
2026-10-06 16:06:56.171,7.7197e-11,Torr,11.small_stm_window_1,spray,11.small_stm_window_1/MassSpecData-02115-20261006-160652.csv,2026-10-06 16:05:29.144,1.45045
2026-10-06 16:06:56.379,7.8157e-11,Torr,11.small_stm_window_1,spray,11.small_stm_window_1/MassSpecData-02115-20261006-160652.csv,2026-10-06 16:05:29.144,1.4539166666666667
2026-10-06 16:06:56.587,8.2427e-11,Torr,11.small_stm_window_1,spray,11.small_stm_window_1/MassSpecData-02115-20261006-160652.csv,2026-10-06 16:05:29.144,1.4573833333333333
2026-10-06 16:06:56.796,8.6439e-11,Torr,11.small_stm_window_1,spray,11.small_stm_window_1/MassSpecData-02115-20261006-160652.csv,2026-10-06 16:05:29.144,1.4608666666666668
2026-10-06 16:06:57.004,8.3533e-11,Torr,11.small_stm_window_1,spray,11.small_stm_window_1/MassSpecData-02115-20261006-160652.csv,2026-10-06 16:05:29.144,1.4643333333333333
2026-10-06 16:06:57.212,7.7844e-11,Torr,11.small_stm_window_1,spray,11.small_stm_window_1/MassSpecData-02115-20261006-160652.csv,2026-10-06 16:05:29.144,1.4678
2026-10-06 16:06:57.421,8.1426e-11,Torr,11.small_stm_window_1,spray,11.small_stm_window_1/MassSpecData-02115-20261006-160652.csv,2026-10-06 16:05:29.144,1.4712833333333333
2026-10-06 16:06:57.629,8.7137e-11,Torr,11.small_stm_window_1,spray,11.small_stm_window_1/MassSpecData-02115-20261006-160652.csv,2026-10-06 16:05:29.144,1.47475
2026-10-06 16:06:57.837,7.594e-11,Torr,11.small_stm_window_1,spray,11.small_stm_window_1/MassSpecData-02115-20261006-160652.csv,2026-10-06 16:05:29.144,1.4782166666666667
2026-10-06 16:06:58.045,8.619e-11,Torr,11.small_stm_window_1,spray,11.small_stm_window_1/MassSpecData-02115-20261006-160652.csv,2026-10-06 16:05:29.144,1.4816833333333332
2026-10-06 16:06:58.254,9.5662e-11,Torr,11.small_stm_window_1,spray,11.small_stm_window_1/MassSpecData-02115-20261006-160652.csv,2026-10-06 16:05:29.144,1.4851666666666667
2026-10-06 16:06:58.462,8.441e-11,Torr,11.small_stm_window_1,spray,11.small_stm_window_1/MassSpecData-02115-20261006-160652.csv,2026-10-06 16:05:29.144,1.4886333333333333
2026-10-06 16:06:58.670,8.1388e-11,Torr,11.small_stm_window_1,spray,11.small_stm_window_1/MassSpecData-02115-20261006-160652.csv,2026-10-06 16:05:29.144,1.4921
2026-10-06 16:06:58.879,1.0357e-10,Torr,11.small_stm_window_1,spray,11.small_stm_window_1/MassSpecData-02115-20261006-160652.csv,2026-10-06 16:05:29.144,1.4955833333333333
2026-10-06 16:06:59.087,9.0952e-11,Torr,11.small_stm_window_1,spray,11.small_stm_window_1/MassSpecData-02115-20261006-160652.csv,2026-10-06 16:05:29.144,1.49905
2026-10-06 16:06:59.295,7.6933e-11,Torr,11.small_stm_window_1,spray,11.small_stm_window_1/MassSpecData-02115-20261006-160652.csv,2026-10-06 16:05:29.144,1.5025166666666665
2026-10-06 16:06:59.504,8.7821e-11,Torr,11.small_stm_window_1,spray,11.small_stm_window_1/MassSpecData-02115-20261006-160652.csv,2026-10-06 16:05:29.144,1.506
2026-10-06 16:06:59.712,8.8135e-11,Torr,11.small_stm_window_1,spray,11.small_stm_window_1/MassSpecData-02115-20261006-160652.csv,2026-10-06 16:05:29.144,1.5094666666666667
2026-10-06 16:06:59.920,8.2695e-11,Torr,11.small_stm_window_1,spray,11.small_stm_window_1/MassSpecData-02115-20261006-160652.csv,2026-10-06 16:05:29.144,1.5129333333333332
2026-10-06 16:07:00.129,7.9331e-11,Torr,11.small_stm_window_1,spray,11.small_stm_window_1/MassSpecData-02115-20261006-160652.csv,2026-10-06 16:05:29.144,1.5164166666666667
2026-10-06 16:07:00.337,9.2728e-11,Torr,11.small_stm_window_1,spray,11.small_stm_window_1/MassSpecData-02115-20261006-160652.csv,2026-10-06 16:05:29.144,1.5198833333333333
2026-10-06 16:07:00.545,8.945e-11,Torr,11.small_stm_window_1,spray,11.small_stm_window_1/MassSpecData-02115-20261006-160652.csv,2026-10-06 16:05:29.144,1.52335
2026-10-06 16:07:00.754,9.5596e-11,Torr,11.small_stm_window_1,spray,11.small_stm_window_1/MassSpecData-02115-20261006-160652.csv,2026-10-06 16:05:29.144,1.5268333333333333
2026-10-06 16:07:00.962,8.9166e-11,Torr,11.small_stm_window_1,spray,11.small_stm_window_1/MassSpecData-02115-20261006-160652.csv,2026-10-06 16:05:29.144,1.5303
2026-10-06 16:07:01.170,9.0656e-11,Torr,11.small_stm_window_1,spray,11.small_stm_window_1/MassSpecData-02115-20261006-160652.csv,2026-10-06 16:05:29.144,1.5337666666666665
2026-10-06 16:07:01.379,9.0551e-11,Torr,11.small_stm_window_1,spray,11.small_stm_window_1/MassSpecData-02115-20261006-160652.csv,2026-10-06 16:05:29.144,1.53725
2026-10-06 16:07:01.587,7.6448e-11,Torr,11.small_stm_window_1,spray,11.small_stm_window_1/MassSpecData-02115-20261006-160652.csv,2026-10-06 16:05:29.144,1.5407166666666667
2026-10-06 16:07:01.796,7.2422e-11,Torr,11.small_stm_window_1,spray,11.small_stm_window_1/MassSpecData-02115-20261006-160652.csv,2026-10-06 16:05:29.144,1.5442
2026-10-06 16:07:02.004,7.7191e-11,Torr,11.small_stm_window_1,spray,11.small_stm_window_1/MassSpecData-02115-20261006-160652.csv,2026-10-06 16:05:29.144,1.5476666666666667
2026-10-06 16:07:02.212,8.2549e-11,Torr,11.small_stm_window_1,spray,11.small_stm_window_1/MassSpecData-02115-20261006-160652.csv,2026-10-06 16:05:29.144,1.5511333333333333
2026-10-06 16:07:02.421,7.8477e-11,Torr,11.small_stm_window_1,spray,11.small_stm_window_1/MassSpecData-02115-20261006-160652.csv,2026-10-06 16:05:29.144,1.5546166666666668
2026-10-06 16:07:02.629,7.2328e-11,Torr,11.small_stm_window_1,spray,11.small_stm_window_1/MassSpecData-02115-20261006-160652.csv,2026-10-06 16:05:29.144,1.5580833333333333
2026-10-06 16:07:02.837,9.1207e-11,Torr,11.small_stm_window_1,spray,11.small_stm_window_1/MassSpecData-02115-20261006-160652.csv,2026-10-06 16:05:29.144,1.56155
2026-10-06 16:07:03.046,8.5989e-11,Torr,11.small_stm_window_1,spray,11.small_stm_window_1/MassSpecData-02115-20261006-160652.csv,2026-10-06 16:05:29.144,1.5650333333333333
2026-10-06 16:07:03.254,8.1861e-11,Torr,11.small_stm_window_1,spray,11.small_stm_window_1/MassSpecData-02115-20261006-160652.csv,2026-10-06 16:05:29.144,1.5685
2026-10-06 16:07:03.462,8.815e-11,Torr,11.small_stm_window_1,spray,11.small_stm_window_1/MassSpecData-02115-20261006-160652.csv,2026-10-06 16:05:29.144,1.5719666666666667
2026-10-06 16:07:03.671,7.9683e-11,Torr,11.small_stm_window_1,spray,11.small_stm_window_1/MassSpecData-02115-20261006-160652.csv,2026-10-06 16:05:29.144,1.57545
2026-10-06 16:07:03.879,8.4879e-11,Torr,11.small_stm_window_1,spray,11.small_stm_window_1/MassSpecData-02115-20261006-160652.csv,2026-10-06 16:05:29.144,1.5789166666666667
2026-10-06 16:07:04.087,8.547e-11,Torr,11.small_stm_window_1,spray,11.small_stm_window_1/MassSpecData-02115-20261006-160652.csv,2026-10-06 16:05:29.144,1.5823833333333333
2026-10-06 16:07:04.296,7.934e-11,Torr,11.small_stm_window_1,spray,11.small_stm_window_1/MassSpecData-02115-20261006-160652.csv,2026-10-06 16:05:29.144,1.5858666666666668
2026-10-06 16:07:04.504,8.4027e-11,Torr,11.small_stm_window_1,spray,11.small_stm_window_1/MassSpecData-02115-20261006-160652.csv,2026-10-06 16:05:29.144,1.5893333333333333
2026-10-06 16:07:04.712,8.2255e-11,Torr,11.small_stm_window_1,spray,11.small_stm_window_1/MassSpecData-02115-20261006-160652.csv,2026-10-06 16:05:29.144,1.5928
2026-10-06 16:07:04.921,7.6676e-11,Torr,11.small_stm_window_1,spray,11.small_stm_window_1/MassSpecData-02115-20261006-160652.csv,2026-10-06 16:05:29.144,1.5962833333333333
2026-10-06 16:07:05.129,7.4636e-11,Torr,11.small_stm_window_1,spray,11.small_stm_window_1/MassSpecData-02115-20261006-160652.csv,2026-10-06 16:05:29.144,1.59975
2026-10-06 16:07:05.337,8.2988e-11,Torr,11.small_stm_window_1,spray,11.small_stm_window_1/MassSpecData-02115-20261006-160652.csv,2026-10-06 16:05:29.144,1.6032166666666667
2026-10-06 16:07:05.546,8.9923e-11,Torr,11.small_stm_window_1,spray,11.small_stm_window_1/MassSpecData-02115-20261006-160652.csv,2026-10-06 16:05:29.144,1.6067
2026-10-06 16:07:05.754,6.8276e-11,Torr,11.small_stm_window_1,spray,11.small_stm_window_1/MassSpecData-02115-20261006-160652.csv,2026-10-06 16:05:29.144,1.6101666666666667
2026-10-06 16:07:05.962,8.2261e-11,Torr,11.small_stm_window_1,spray,11.small_stm_window_1/MassSpecData-02115-20261006-160652.csv,2026-10-06 16:05:29.144,1.6136333333333333
2026-10-06 16:07:06.171,8.5002e-11,Torr,11.small_stm_window_1,spray,11.small_stm_window_1/MassSpecData-02115-20261006-160652.csv,2026-10-06 16:05:29.144,1.6171166666666668
2026-10-06 16:07:06.379,9.637e-11,Torr,11.small_stm_window_1,spray,11.small_stm_window_1/MassSpecData-02115-20261006-160652.csv,2026-10-06 16:05:29.144,1.6205833333333333
2026-10-06 16:07:06.587,1.0349e-10,Torr,11.small_stm_window_1,spray,11.small_stm_window_1/MassSpecData-02115-20261006-160652.csv,2026-10-06 16:05:29.144,1.62405
2026-10-06 16:07:06.796,8.778e-11,Torr,11.small_stm_window_1,spray,11.small_stm_window_1/MassSpecData-02115-20261006-160652.csv,2026-10-06 16:05:29.144,1.6275333333333333
2026-10-06 16:07:07.004,8.3769e-11,Torr,11.small_stm_window_1,spray,11.small_stm_window_1/MassSpecData-02115-20261006-160652.csv,2026-10-06 16:05:29.144,1.631
2026-10-06 16:07:07.212,7.9464e-11,Torr,11.small_stm_window_1,spray,11.small_stm_window_1/MassSpecData-02115-20261006-160652.csv,2026-10-06 16:05:29.144,1.6344666666666667
2026-10-06 16:07:07.421,7.1046e-11,Torr,11.small_stm_window_1,spray,11.small_stm_window_1/MassSpecData-02115-20261006-160652.csv,2026-10-06 16:05:29.144,1.63795
2026-10-06 16:07:07.629,7.3639e-11,Torr,11.small_stm_window_1,spray,11.small_stm_window_1/MassSpecData-02115-20261006-160652.csv,2026-10-06 16:05:29.144,1.6414166666666667
2026-10-06 16:07:07.837,8.5354e-11,Torr,11.small_stm_window_1,spray,11.small_stm_window_1/MassSpecData-02115-20261006-160652.csv,2026-10-06 16:05:29.144,1.6448833333333333
2026-10-06 16:07:08.046,8.716e-11,Torr,11.small_stm_window_1,spray,11.small_stm_window_1/MassSpecData-02115-20261006-160652.csv,2026-10-06 16:05:29.144,1.6483666666666668
2026-10-06 16:07:08.254,8.0736e-11,Torr,11.small_stm_window_1,spray,11.small_stm_window_1/MassSpecData-02115-20261006-160652.csv,2026-10-06 16:05:29.144,1.6518333333333333
2026-10-06 16:07:08.462,8.274e-11,Torr,11.small_stm_window_1,spray,11.small_stm_window_1/MassSpecData-02115-20261006-160652.csv,2026-10-06 16:05:29.144,1.6553
2026-10-06 16:07:08.671,8.3805e-11,Torr,11.small_stm_window_1,spray,11.small_stm_window_1/MassSpecData-02115-20261006-160652.csv,2026-10-06 16:05:29.144,1.6587833333333333
2026-10-06 16:07:08.879,7.6285e-11,Torr,11.small_stm_window_1,spray,11.small_stm_window_1/MassSpecData-02115-20261006-160652.csv,2026-10-06 16:05:29.144,1.66225
2026-10-06 16:07:09.087,8.0253e-11,Torr,11.small_stm_window_1,spray,11.small_stm_window_1/MassSpecData-02115-20261006-160652.csv,2026-10-06 16:05:29.144,1.6657166666666667
2026-10-06 16:07:09.296,9.2921e-11,Torr,11.small_stm_window_1,spray,11.small_stm_window_1/MassSpecData-02115-20261006-160652.csv,2026-10-06 16:05:29.144,1.6692
2026-10-06 16:07:09.504,8.4434e-11,Torr,11.small_stm_window_1,spray,11.small_stm_window_1/MassSpecData-02115-20261006-160652.csv,2026-10-06 16:05:29.144,1.6726666666666667
2026-10-06 16:07:09.712,8.4083e-11,Torr,11.small_stm_window_1,spray,11.small_stm_window_1/MassSpecData-02115-20261006-160652.csv,2026-10-06 16:05:29.144,1.6761333333333333
2026-10-06 16:07:09.921,8.5332e-11,Torr,11.small_stm_window_1,spray,11.small_stm_window_1/MassSpecData-02115-20261006-160652.csv,2026-10-06 16:05:29.144,1.6796166666666668
2026-10-06 16:07:10.129,8.9029e-11,Torr,11.small_stm_window_1,spray,11.small_stm_window_1/MassSpecData-02115-20261006-160652.csv,2026-10-06 16:05:29.144,1.6830833333333333
2026-10-06 16:07:10.337,7.4742e-11,Torr,11.small_stm_window_1,spray,11.small_stm_window_1/MassSpecData-02115-20261006-160652.csv,2026-10-06 16:05:29.144,1.68655
2026-10-06 16:07:10.546,8.2206e-11,Torr,11.small_stm_window_1,spray,11.small_stm_window_1/MassSpecData-02115-20261006-160652.csv,2026-10-06 16:05:29.144,1.6900333333333333
2026-10-06 16:07:10.754,8.5596e-11,Torr,11.small_stm_window_1,spray,11.small_stm_window_1/MassSpecData-02115-20261006-160652.csv,2026-10-06 16:05:29.144,1.6935
2026-10-06 16:07:10.962,8.7411e-11,Torr,11.small_stm_window_1,spray,11.small_stm_window_1/MassSpecData-02115-20261006-160652.csv,2026-10-06 16:05:29.144,1.6969666666666667
2026-10-06 16:07:11.171,8.8181e-11,Torr,11.small_stm_window_1,spray,11.small_stm_window_1/MassSpecData-02115-20261006-160652.csv,2026-10-06 16:05:29.144,1.70045
2026-10-06 16:07:11.379,8.5323e-11,Torr,11.small_stm_window_1,spray,11.small_stm_window_1/MassSpecData-02115-20261006-160652.csv,2026-10-06 16:05:29.144,1.7039166666666667
2026-10-06 16:07:11.587,9.6044e-11,Torr,11.small_stm_window_1,spray,11.small_stm_window_1/MassSpecData-02115-20261006-160652.csv,2026-10-06 16:05:29.144,1.7073833333333333
2026-10-06 16:07:11.796,8.0862e-11,Torr,11.small_stm_window_1,spray,11.small_stm_window_1/MassSpecData-02115-20261006-160652.csv,2026-10-06 16:05:29.144,1.7108666666666668
2026-10-06 16:07:12.004,9.3103e-11,Torr,11.small_stm_window_1,spray,11.small_stm_window_1/MassSpecData-02115-20261006-160652.csv,2026-10-06 16:05:29.144,1.7143333333333333
2026-10-06 16:07:12.212,9.1829e-11,Torr,11.small_stm_window_1,spray,11.small_stm_window_1/MassSpecData-02115-20261006-160652.csv,2026-10-06 16:05:29.144,1.7178
2026-10-06 16:07:12.420,9.0714e-11,Torr,11.small_stm_window_1,spray,11.small_stm_window_1/MassSpecData-02115-20261006-160652.csv,2026-10-06 16:05:29.144,1.7212666666666665
2026-10-06 16:07:12.629,7.8389e-11,Torr,11.small_stm_window_1,spray,11.small_stm_window_1/MassSpecData-02115-20261006-160652.csv,2026-10-06 16:05:29.144,1.72475
2026-10-06 16:07:12.837,8.1622e-11,Torr,11.small_stm_window_1,spray,11.small_stm_window_1/MassSpecData-02115-20261006-160652.csv,2026-10-06 16:05:29.144,1.7282166666666667
2026-10-06 16:07:13.045,8.9234e-11,Torr,11.small_stm_window_1,spray,11.small_stm_window_1/MassSpecData-02115-20261006-160652.csv,2026-10-06 16:05:29.144,1.7316833333333332
2026-10-06 16:07:13.254,8.1e-11,Torr,11.small_stm_window_1,spray,11.small_stm_window_1/MassSpecData-02115-20261006-160652.csv,2026-10-06 16:05:29.144,1.7351666666666667
2026-10-06 16:07:13.462,8.095e-11,Torr,11.small_stm_window_1,spray,11.small_stm_window_1/MassSpecData-02115-20261006-160652.csv,2026-10-06 16:05:29.144,1.7386333333333333
2026-10-06 16:07:13.670,9.2186e-11,Torr,11.small_stm_window_1,spray,11.small_stm_window_1/MassSpecData-02115-20261006-160652.csv,2026-10-06 16:05:29.144,1.7421
2026-10-06 16:07:13.879,8.2383e-11,Torr,11.small_stm_window_1,spray,11.small_stm_window_1/MassSpecData-02115-20261006-160652.csv,2026-10-06 16:05:29.144,1.7455833333333333
2026-10-06 16:07:14.087,9.0085e-11,Torr,11.small_stm_window_1,spray,11.small_stm_window_1/MassSpecData-02115-20261006-160652.csv,2026-10-06 16:05:29.144,1.74905
2026-10-06 16:07:14.295,8.3792e-11,Torr,11.small_stm_window_1,spray,11.small_stm_window_1/MassSpecData-02115-20261006-160652.csv,2026-10-06 16:05:29.144,1.7525166666666665
2026-10-06 16:07:14.504,8.2284e-11,Torr,11.small_stm_window_1,spray,11.small_stm_window_1/MassSpecData-02115-20261006-160652.csv,2026-10-06 16:05:29.144,1.756
2026-10-06 16:07:14.712,9.2711e-11,Torr,11.small_stm_window_1,spray,11.small_stm_window_1/MassSpecData-02115-20261006-160652.csv,2026-10-06 16:05:29.144,1.7594666666666667
2026-10-06 16:07:14.920,9.2819e-11,Torr,11.small_stm_window_1,spray,11.small_stm_window_1/MassSpecData-02115-20261006-160652.csv,2026-10-06 16:05:29.144,1.7629333333333332
2026-10-06 16:07:15.129,8.2529e-11,Torr,11.small_stm_window_1,spray,11.small_stm_window_1/MassSpecData-02115-20261006-160652.csv,2026-10-06 16:05:29.144,1.7664166666666667
2026-10-06 16:07:15.337,9.4981e-11,Torr,11.small_stm_window_1,spray,11.small_stm_window_1/MassSpecData-02115-20261006-160652.csv,2026-10-06 16:05:29.144,1.7698833333333333
2026-10-06 16:07:15.545,8.3491e-11,Torr,11.small_stm_window_1,spray,11.small_stm_window_1/MassSpecData-02115-20261006-160652.csv,2026-10-06 16:05:29.144,1.77335
2026-10-06 16:07:15.754,7.9227e-11,Torr,11.small_stm_window_1,spray,11.small_stm_window_1/MassSpecData-02115-20261006-160652.csv,2026-10-06 16:05:29.144,1.7768333333333333
2026-10-06 16:07:15.962,7.5459e-11,Torr,11.small_stm_window_1,spray,11.small_stm_window_1/MassSpecData-02115-20261006-160652.csv,2026-10-06 16:05:29.144,1.7803
2026-10-06 16:07:16.170,9.1753e-11,Torr,11.small_stm_window_1,spray,11.small_stm_window_1/MassSpecData-02115-20261006-160652.csv,2026-10-06 16:05:29.144,1.7837666666666665
2026-10-06 16:07:16.379,9.4822e-11,Torr,11.small_stm_window_1,spray,11.small_stm_window_1/MassSpecData-02115-20261006-160652.csv,2026-10-06 16:05:29.144,1.78725
2026-10-06 16:07:16.587,9.9558e-11,Torr,11.small_stm_window_1,spray,11.small_stm_window_1/MassSpecData-02115-20261006-160652.csv,2026-10-06 16:05:29.144,1.7907166666666667
2026-10-06 16:07:16.795,9.6639e-11,Torr,11.small_stm_window_1,spray,11.small_stm_window_1/MassSpecData-02115-20261006-160652.csv,2026-10-06 16:05:29.144,1.7941833333333332
2026-10-06 16:07:17.004,7.1326e-11,Torr,11.small_stm_window_1,spray,11.small_stm_window_1/MassSpecData-02115-20261006-160652.csv,2026-10-06 16:05:29.144,1.7976666666666667
2026-10-06 16:07:17.212,7.5477e-11,Torr,11.small_stm_window_1,spray,11.small_stm_window_1/MassSpecData-02115-20261006-160652.csv,2026-10-06 16:05:29.144,1.8011333333333333
2026-10-06 16:07:17.420,1.0836e-10,Torr,11.small_stm_window_1,spray,11.small_stm_window_1/MassSpecData-02115-20261006-160652.csv,2026-10-06 16:05:29.144,1.8046
2026-10-06 16:07:17.629,7.4359e-11,Torr,11.small_stm_window_1,spray,11.small_stm_window_1/MassSpecData-02115-20261006-160652.csv,2026-10-06 16:05:29.144,1.8080833333333333
2026-10-06 16:07:17.837,8.0631e-11,Torr,11.small_stm_window_1,spray,11.small_stm_window_1/MassSpecData-02115-20261006-160652.csv,2026-10-06 16:05:29.144,1.81155
2026-10-06 16:07:18.045,8.9829e-11,Torr,11.small_stm_window_1,spray,11.small_stm_window_1/MassSpecData-02115-20261006-160652.csv,2026-10-06 16:05:29.144,1.8150166666666665
2026-10-06 16:07:18.254,8.4443e-11,Torr,11.small_stm_window_1,spray,11.small_stm_window_1/MassSpecData-02115-20261006-160652.csv,2026-10-06 16:05:29.144,1.8185
2026-10-06 16:07:18.462,8.2125e-11,Torr,11.small_stm_window_1,spray,11.small_stm_window_1/MassSpecData-02115-20261006-160652.csv,2026-10-06 16:05:29.144,1.8219666666666667
2026-10-06 16:07:18.670,8.4923e-11,Torr,11.small_stm_window_1,spray,11.small_stm_window_1/MassSpecData-02115-20261006-160652.csv,2026-10-06 16:05:29.144,1.8254333333333332
2026-10-06 16:07:18.879,8.9629e-11,Torr,11.small_stm_window_1,spray,11.small_stm_window_1/MassSpecData-02115-20261006-160652.csv,2026-10-06 16:05:29.144,1.8289166666666667
2026-10-06 16:07:19.087,6.8062e-11,Torr,11.small_stm_window_1,spray,11.small_stm_window_1/MassSpecData-02115-20261006-160652.csv,2026-10-06 16:05:29.144,1.8323833333333333
2026-10-06 16:07:19.295,9.0387e-11,Torr,11.small_stm_window_1,spray,11.small_stm_window_1/MassSpecData-02115-20261006-160652.csv,2026-10-06 16:05:29.144,1.83585
2026-10-06 16:07:19.504,8.0894e-11,Torr,11.small_stm_window_1,spray,11.small_stm_window_1/MassSpecData-02115-20261006-160652.csv,2026-10-06 16:05:29.144,1.8393333333333333
2026-10-06 16:07:19.712,1.0051e-10,Torr,11.small_stm_window_1,spray,11.small_stm_window_1/MassSpecData-02115-20261006-160652.csv,2026-10-06 16:05:29.144,1.8428
2026-10-06 16:07:19.920,7.9668e-11,Torr,11.small_stm_window_1,spray,11.small_stm_window_1/MassSpecData-02115-20261006-160652.csv,2026-10-06 16:05:29.144,1.8462666666666665
2026-10-06 16:07:20.129,8.7701e-11,Torr,11.small_stm_window_1,spray,11.small_stm_window_1/MassSpecData-02115-20261006-160652.csv,2026-10-06 16:05:29.144,1.84975
2026-10-06 16:07:20.337,8.4681e-11,Torr,11.small_stm_window_1,spray,11.small_stm_window_1/MassSpecData-02115-20261006-160652.csv,2026-10-06 16:05:29.144,1.8532166666666667
2026-10-06 16:07:20.545,9.1374e-11,Torr,11.small_stm_window_1,spray,11.small_stm_window_1/MassSpecData-02115-20261006-160652.csv,2026-10-06 16:05:29.144,1.8566833333333332
2026-10-06 16:07:20.754,1.0093e-10,Torr,11.small_stm_window_1,spray,11.small_stm_window_1/MassSpecData-02115-20261006-160652.csv,2026-10-06 16:05:29.144,1.8601666666666667
2026-10-06 16:07:20.962,8.4172e-11,Torr,11.small_stm_window_1,spray,11.small_stm_window_1/MassSpecData-02115-20261006-160652.csv,2026-10-06 16:05:29.144,1.8636333333333333
2026-10-06 16:07:21.170,1.0107e-10,Torr,11.small_stm_window_1,spray,11.small_stm_window_1/MassSpecData-02115-20261006-160652.csv,2026-10-06 16:05:29.144,1.8671
2026-10-06 16:07:21.379,7.7231e-11,Torr,11.small_stm_window_1,spray,11.small_stm_window_1/MassSpecData-02115-20261006-160652.csv,2026-10-06 16:05:29.144,1.8705833333333333
2026-10-06 16:07:21.587,9.0087e-11,Torr,11.small_stm_window_1,spray,11.small_stm_window_1/MassSpecData-02115-20261006-160652.csv,2026-10-06 16:05:29.144,1.87405
2026-10-06 16:07:21.795,8.5532e-11,Torr,11.small_stm_window_1,spray,11.small_stm_window_1/MassSpecData-02115-20261006-160652.csv,2026-10-06 16:05:29.144,1.8775166666666665
2026-10-06 16:07:22.004,7.5861e-11,Torr,11.small_stm_window_1,spray,11.small_stm_window_1/MassSpecData-02115-20261006-160652.csv,2026-10-06 16:05:29.144,1.881
2026-10-06 16:07:22.212,8.9749e-11,Torr,11.small_stm_window_1,spray,11.small_stm_window_1/MassSpecData-02115-20261006-160652.csv,2026-10-06 16:05:29.144,1.8844666666666667
2026-10-06 16:07:22.420,9.5604e-11,Torr,11.small_stm_window_1,spray,11.small_stm_window_1/MassSpecData-02115-20261006-160652.csv,2026-10-06 16:05:29.144,1.8879333333333332
2026-10-06 16:07:22.629,8.9645e-11,Torr,11.small_stm_window_1,spray,11.small_stm_window_1/MassSpecData-02115-20261006-160652.csv,2026-10-06 16:05:29.144,1.8914166666666667
2026-10-06 16:07:22.837,7.7514e-11,Torr,11.small_stm_window_1,spray,11.small_stm_window_1/MassSpecData-02115-20261006-160652.csv,2026-10-06 16:05:29.144,1.8948833333333333
2026-10-06 16:07:23.045,8.3124e-11,Torr,11.small_stm_window_1,spray,11.small_stm_window_1/MassSpecData-02115-20261006-160652.csv,2026-10-06 16:05:29.144,1.89835
2026-10-06 16:07:23.254,8.6872e-11,Torr,11.small_stm_window_1,spray,11.small_stm_window_1/MassSpecData-02115-20261006-160652.csv,2026-10-06 16:05:29.144,1.9018333333333333
2026-10-06 16:07:23.462,8.7633e-11,Torr,11.small_stm_window_1,spray,11.small_stm_window_1/MassSpecData-02115-20261006-160652.csv,2026-10-06 16:05:29.144,1.9053
2026-10-06 16:07:23.670,8.5688e-11,Torr,11.small_stm_window_1,spray,11.small_stm_window_1/MassSpecData-02115-20261006-160652.csv,2026-10-06 16:05:29.144,1.9087666666666665
2026-10-06 16:07:23.879,8.6361e-11,Torr,11.small_stm_window_1,spray,11.small_stm_window_1/MassSpecData-02115-20261006-160652.csv,2026-10-06 16:05:29.144,1.91225
2026-10-06 16:07:24.087,8.0714e-11,Torr,11.small_stm_window_1,spray,11.small_stm_window_1/MassSpecData-02115-20261006-160652.csv,2026-10-06 16:05:29.144,1.9157166666666667
2026-10-06 16:07:24.295,8.4993e-11,Torr,11.small_stm_window_1,spray,11.small_stm_window_1/MassSpecData-02115-20261006-160652.csv,2026-10-06 16:05:29.144,1.9191833333333332
2026-10-06 16:07:24.504,9.8597e-11,Torr,11.small_stm_window_1,spray,11.small_stm_window_1/MassSpecData-02115-20261006-160652.csv,2026-10-06 16:05:29.144,1.9226666666666667
2026-10-06 16:07:24.712,8.6734e-11,Torr,11.small_stm_window_1,spray,11.small_stm_window_1/MassSpecData-02115-20261006-160652.csv,2026-10-06 16:05:29.144,1.9261333333333333
2026-10-06 16:07:24.920,1.0933e-10,Torr,11.small_stm_window_1,spray,11.small_stm_window_1/MassSpecData-02115-20261006-160652.csv,2026-10-06 16:05:29.144,1.9296
2026-10-06 16:07:25.129,8.1185e-11,Torr,11.small_stm_window_1,spray,11.small_stm_window_1/MassSpecData-02115-20261006-160652.csv,2026-10-06 16:05:29.144,1.9330833333333333
2026-10-06 16:07:25.337,8.1465e-11,Torr,11.small_stm_window_1,spray,11.small_stm_window_1/MassSpecData-02115-20261006-160652.csv,2026-10-06 16:05:29.144,1.93655
2026-10-06 16:07:25.545,1.0104e-10,Torr,11.small_stm_window_1,spray,11.small_stm_window_1/MassSpecData-02115-20261006-160652.csv,2026-10-06 16:05:29.144,1.9400166666666665
2026-10-06 16:07:25.754,8.4984e-11,Torr,11.small_stm_window_1,spray,11.small_stm_window_1/MassSpecData-02115-20261006-160652.csv,2026-10-06 16:05:29.144,1.9435
2026-10-06 16:07:25.962,8.89e-11,Torr,11.small_stm_window_1,spray,11.small_stm_window_1/MassSpecData-02115-20261006-160652.csv,2026-10-06 16:05:29.144,1.9469666666666667
2026-10-06 16:07:26.170,8.3661e-11,Torr,11.small_stm_window_1,spray,11.small_stm_window_1/MassSpecData-02115-20261006-160652.csv,2026-10-06 16:05:29.144,1.9504333333333332
2026-10-06 16:07:26.379,8.4421e-11,Torr,11.small_stm_window_1,spray,11.small_stm_window_1/MassSpecData-02115-20261006-160652.csv,2026-10-06 16:05:29.144,1.9539166666666667
2026-10-06 16:07:26.587,8.762e-11,Torr,11.small_stm_window_1,spray,11.small_stm_window_1/MassSpecData-02115-20261006-160652.csv,2026-10-06 16:05:29.144,1.9573833333333333
2026-10-06 16:07:26.795,7.7052e-11,Torr,11.small_stm_window_1,spray,11.small_stm_window_1/MassSpecData-02115-20261006-160652.csv,2026-10-06 16:05:29.144,1.96085
2026-10-06 16:07:27.004,8.9043e-11,Torr,11.small_stm_window_1,spray,11.small_stm_window_1/MassSpecData-02115-20261006-160652.csv,2026-10-06 16:05:29.144,1.9643333333333333
2026-10-06 16:07:27.212,1.0707e-10,Torr,11.small_stm_window_1,spray,11.small_stm_window_1/MassSpecData-02115-20261006-160652.csv,2026-10-06 16:05:29.144,1.9678
2026-10-06 16:07:27.420,7.6327e-11,Torr,11.small_stm_window_1,spray,11.small_stm_window_1/MassSpecData-02115-20261006-160652.csv,2026-10-06 16:05:29.144,1.9712666666666665
2026-10-06 16:07:27.629,9.9888e-11,Torr,11.small_stm_window_1,spray,11.small_stm_window_1/MassSpecData-02115-20261006-160652.csv,2026-10-06 16:05:29.144,1.97475
2026-10-06 16:07:27.837,8.5949e-11,Torr,11.small_stm_window_1,spray,11.small_stm_window_1/MassSpecData-02115-20261006-160652.csv,2026-10-06 16:05:29.144,1.9782166666666667
2026-10-06 16:07:28.045,6.9931e-11,Torr,11.small_stm_window_1,spray,11.small_stm_window_1/MassSpecData-02115-20261006-160652.csv,2026-10-06 16:05:29.144,1.9816833333333332
2026-10-06 16:07:28.254,8.5169e-11,Torr,11.small_stm_window_1,spray,11.small_stm_window_1/MassSpecData-02115-20261006-160652.csv,2026-10-06 16:05:29.144,1.9851666666666667
2026-10-06 16:07:28.462,8.5222e-11,Torr,11.small_stm_window_1,spray,11.small_stm_window_1/MassSpecData-02115-20261006-160652.csv,2026-10-06 16:05:29.144,1.9886333333333333
2026-10-06 16:07:28.670,8.7093e-11,Torr,11.small_stm_window_1,spray,11.small_stm_window_1/MassSpecData-02115-20261006-160652.csv,2026-10-06 16:05:29.144,1.9921
2026-10-06 16:07:28.879,8.3848e-11,Torr,11.small_stm_window_1,spray,11.small_stm_window_1/MassSpecData-02115-20261006-160652.csv,2026-10-06 16:05:29.144,1.9955833333333333
2026-10-06 16:07:29.087,1.0863e-10,Torr,11.small_stm_window_1,spray,11.small_stm_window_1/MassSpecData-02115-20261006-160652.csv,2026-10-06 16:05:29.144,1.99905
2026-10-06 16:07:29.295,9.1158e-11,Torr,11.small_stm_window_1,spray,11.small_stm_window_1/MassSpecData-02115-20261006-160652.csv,2026-10-06 16:05:29.144,2.0025166666666667
2026-10-06 16:07:29.504,7.917e-11,Torr,11.small_stm_window_1,spray,11.small_stm_window_1/MassSpecData-02115-20261006-160652.csv,2026-10-06 16:05:29.144,2.006
2026-10-06 16:07:29.712,8.3142e-11,Torr,11.small_stm_window_1,spray,11.small_stm_window_1/MassSpecData-02115-20261006-160652.csv,2026-10-06 16:05:29.144,2.0094666666666665
2026-10-06 16:07:29.920,9.658e-11,Torr,11.small_stm_window_1,spray,11.small_stm_window_1/MassSpecData-02115-20261006-160652.csv,2026-10-06 16:05:29.144,2.0129333333333332
2026-10-06 16:07:30.129,9.2357e-11,Torr,11.small_stm_window_1,spray,11.small_stm_window_1/MassSpecData-02115-20261006-160652.csv,2026-10-06 16:05:29.144,2.0164166666666667
2026-10-06 16:07:30.337,8.0903e-11,Torr,11.small_stm_window_1,spray,11.small_stm_window_1/MassSpecData-02115-20261006-160652.csv,2026-10-06 16:05:29.144,2.0198833333333335
2026-10-06 16:07:30.546,7.8685e-11,Torr,11.small_stm_window_1,spray,11.small_stm_window_1/MassSpecData-02115-20261006-160652.csv,2026-10-06 16:05:29.144,2.0233666666666665
2026-10-06 16:07:30.754,8.1027e-11,Torr,11.small_stm_window_1,spray,11.small_stm_window_1/MassSpecData-02115-20261006-160652.csv,2026-10-06 16:05:29.144,2.0268333333333333
2026-10-06 16:07:30.962,8.1921e-11,Torr,11.small_stm_window_1,spray,11.small_stm_window_1/MassSpecData-02115-20261006-160652.csv,2026-10-06 16:05:29.144,2.0303
2026-10-06 16:07:31.171,8.2164e-11,Torr,11.small_stm_window_1,spray,11.small_stm_window_1/MassSpecData-02115-20261006-160652.csv,2026-10-06 16:05:29.144,2.0337833333333335
2026-10-06 16:07:31.379,9.8799e-11,Torr,11.small_stm_window_1,spray,11.small_stm_window_1/MassSpecData-02115-20261006-160652.csv,2026-10-06 16:05:29.144,2.03725
2026-10-06 16:07:31.587,8.551e-11,Torr,11.small_stm_window_1,spray,11.small_stm_window_1/MassSpecData-02115-20261006-160652.csv,2026-10-06 16:05:29.144,2.0407166666666665
2026-10-06 16:07:31.796,9.1859e-11,Torr,11.small_stm_window_1,spray,11.small_stm_window_1/MassSpecData-02115-20261006-160652.csv,2026-10-06 16:05:29.144,2.0442
2026-10-06 16:07:32.004,9.976e-11,Torr,11.small_stm_window_1,spray,11.small_stm_window_1/MassSpecData-02115-20261006-160652.csv,2026-10-06 16:05:29.144,2.0476666666666667
2026-10-06 16:07:32.212,9.7198e-11,Torr,11.small_stm_window_1,spray,11.small_stm_window_1/MassSpecData-02115-20261006-160652.csv,2026-10-06 16:05:29.144,2.0511333333333335
2026-10-06 16:07:32.421,9.1033e-11,Torr,11.small_stm_window_1,spray,11.small_stm_window_1/MassSpecData-02115-20261006-160652.csv,2026-10-06 16:05:29.144,2.0546166666666665
2026-10-06 16:07:32.629,8.287e-11,Torr,11.small_stm_window_1,spray,11.small_stm_window_1/MassSpecData-02115-20261006-160652.csv,2026-10-06 16:05:29.144,2.0580833333333333
2026-10-06 16:07:32.837,8.0446e-11,Torr,11.small_stm_window_1,spray,11.small_stm_window_1/MassSpecData-02115-20261006-160652.csv,2026-10-06 16:05:29.144,2.06155
2026-10-06 16:07:33.046,8.6568e-11,Torr,11.small_stm_window_1,spray,11.small_stm_window_1/MassSpecData-02115-20261006-160652.csv,2026-10-06 16:05:29.144,2.0650333333333335
2026-10-06 16:07:33.254,8.8026e-11,Torr,11.small_stm_window_1,spray,11.small_stm_window_1/MassSpecData-02115-20261006-160652.csv,2026-10-06 16:05:29.144,2.0685
2026-10-06 16:07:33.462,7.526e-11,Torr,11.small_stm_window_1,spray,11.small_stm_window_1/MassSpecData-02115-20261006-160652.csv,2026-10-06 16:05:29.144,2.0719666666666665
2026-10-06 16:07:33.671,9.6579e-11,Torr,11.small_stm_window_1,spray,11.small_stm_window_1/MassSpecData-02115-20261006-160652.csv,2026-10-06 16:05:29.144,2.07545
2026-10-06 16:07:33.879,7.7829e-11,Torr,11.small_stm_window_1,spray,11.small_stm_window_1/MassSpecData-02115-20261006-160652.csv,2026-10-06 16:05:29.144,2.0789166666666667
2026-10-06 16:07:34.087,9.1008e-11,Torr,11.small_stm_window_1,spray,11.small_stm_window_1/MassSpecData-02115-20261006-160652.csv,2026-10-06 16:05:29.144,2.0823833333333335
2026-10-06 16:07:34.427,9.5424e-11,Torr,11.small_stm_window_1,spray,11.small_stm_window_1/MassSpecData-02115-20261006-160734.csv,2026-10-06 16:05:29.144,2.08805
2026-10-06 16:07:34.635,9.7308e-11,Torr,11.small_stm_window_1,spray,11.small_stm_window_1/MassSpecData-02115-20261006-160734.csv,2026-10-06 16:05:29.144,2.0915166666666667
2026-10-06 16:07:34.844,8.986e-11,Torr,11.small_stm_window_1,spray,11.small_stm_window_1/MassSpecData-02115-20261006-160734.csv,2026-10-06 16:05:29.144,2.095
2026-10-06 16:07:35.052,8.3294e-11,Torr,11.small_stm_window_1,spray,11.small_stm_window_1/MassSpecData-02115-20261006-160734.csv,2026-10-06 16:05:29.144,2.0984666666666665
2026-10-06 16:07:35.260,8.1128e-11,Torr,11.small_stm_window_1,spray,11.small_stm_window_1/MassSpecData-02115-20261006-160734.csv,2026-10-06 16:05:29.144,2.101933333333333
2026-10-06 16:07:35.469,7.5884e-11,Torr,11.small_stm_window_1,spray,11.small_stm_window_1/MassSpecData-02115-20261006-160734.csv,2026-10-06 16:05:29.144,2.1054166666666667
2026-10-06 16:07:35.677,8.6282e-11,Torr,11.small_stm_window_1,spray,11.small_stm_window_1/MassSpecData-02115-20261006-160734.csv,2026-10-06 16:05:29.144,2.1088833333333334
2026-10-06 16:07:35.885,8.4023e-11,Torr,11.small_stm_window_1,spray,11.small_stm_window_1/MassSpecData-02115-20261006-160734.csv,2026-10-06 16:05:29.144,2.11235
2026-10-06 16:07:36.093,9.3153e-11,Torr,11.small_stm_window_1,spray,11.small_stm_window_1/MassSpecData-02115-20261006-160734.csv,2026-10-06 16:05:29.144,2.1158166666666665
2026-10-06 16:07:36.302,8.5965e-11,Torr,11.small_stm_window_1,spray,11.small_stm_window_1/MassSpecData-02115-20261006-160734.csv,2026-10-06 16:05:29.144,2.1193
2026-10-06 16:07:36.510,7.4391e-11,Torr,11.small_stm_window_1,spray,11.small_stm_window_1/MassSpecData-02115-20261006-160734.csv,2026-10-06 16:05:29.144,2.1227666666666667
2026-10-06 16:07:36.719,8.6197e-11,Torr,11.small_stm_window_1,spray,11.small_stm_window_1/MassSpecData-02115-20261006-160734.csv,2026-10-06 16:05:29.144,2.12625
2026-10-06 16:07:36.927,9.6857e-11,Torr,11.small_stm_window_1,spray,11.small_stm_window_1/MassSpecData-02115-20261006-160734.csv,2026-10-06 16:05:29.144,2.1297166666666665
2026-10-06 16:07:37.135,8.5603e-11,Torr,11.small_stm_window_1,spray,11.small_stm_window_1/MassSpecData-02115-20261006-160734.csv,2026-10-06 16:05:29.144,2.133183333333333
2026-10-06 16:07:37.344,9.6974e-11,Torr,11.small_stm_window_1,spray,11.small_stm_window_1/MassSpecData-02115-20261006-160734.csv,2026-10-06 16:05:29.144,2.1366666666666663
2026-10-06 16:07:37.552,8.8619e-11,Torr,11.small_stm_window_1,spray,11.small_stm_window_1/MassSpecData-02115-20261006-160734.csv,2026-10-06 16:05:29.144,2.140133333333333
2026-10-06 16:07:37.760,7.9423e-11,Torr,11.small_stm_window_1,spray,11.small_stm_window_1/MassSpecData-02115-20261006-160734.csv,2026-10-06 16:05:29.144,2.1436
2026-10-06 16:07:37.969,8.3357e-11,Torr,11.small_stm_window_1,spray,11.small_stm_window_1/MassSpecData-02115-20261006-160734.csv,2026-10-06 16:05:29.144,2.1470833333333332
2026-10-06 16:07:38.177,8.0483e-11,Torr,11.small_stm_window_1,spray,11.small_stm_window_1/MassSpecData-02115-20261006-160734.csv,2026-10-06 16:05:29.144,2.15055
2026-10-06 16:07:38.385,7.5576e-11,Torr,11.small_stm_window_1,spray,11.small_stm_window_1/MassSpecData-02115-20261006-160734.csv,2026-10-06 16:05:29.144,2.1540166666666667
2026-10-06 16:07:38.594,9.409e-11,Torr,11.small_stm_window_1,spray,11.small_stm_window_1/MassSpecData-02115-20261006-160734.csv,2026-10-06 16:05:29.144,2.1574999999999998
2026-10-06 16:07:38.802,9.5124e-11,Torr,11.small_stm_window_1,spray,11.small_stm_window_1/MassSpecData-02115-20261006-160734.csv,2026-10-06 16:05:29.144,2.1609666666666665
2026-10-06 16:07:39.010,9.0906e-11,Torr,11.small_stm_window_1,spray,11.small_stm_window_1/MassSpecData-02115-20261006-160734.csv,2026-10-06 16:05:29.144,2.1644333333333337
2026-10-06 16:07:39.219,9.0409e-11,Torr,11.small_stm_window_1,spray,11.small_stm_window_1/MassSpecData-02115-20261006-160734.csv,2026-10-06 16:05:29.144,2.1679166666666663
2026-10-06 16:07:39.427,8.3757e-11,Torr,11.small_stm_window_1,spray,11.small_stm_window_1/MassSpecData-02115-20261006-160734.csv,2026-10-06 16:05:29.144,2.171383333333333
2026-10-06 16:07:39.635,8.2205e-11,Torr,11.small_stm_window_1,spray,11.small_stm_window_1/MassSpecData-02115-20261006-160734.csv,2026-10-06 16:05:29.144,2.17485
2026-10-06 16:07:39.843,7.9483e-11,Torr,11.small_stm_window_1,spray,11.small_stm_window_1/MassSpecData-02115-20261006-160734.csv,2026-10-06 16:05:29.144,2.178316666666667
2026-10-06 16:07:40.052,1.0252e-10,Torr,11.small_stm_window_1,spray,11.small_stm_window_1/MassSpecData-02115-20261006-160734.csv,2026-10-06 16:05:29.144,2.1818
2026-10-06 16:07:40.260,8.43e-11,Torr,11.small_stm_window_1,spray,11.small_stm_window_1/MassSpecData-02115-20261006-160734.csv,2026-10-06 16:05:29.144,2.1852666666666667
2026-10-06 16:07:40.468,8.7135e-11,Torr,11.small_stm_window_1,spray,11.small_stm_window_1/MassSpecData-02115-20261006-160734.csv,2026-10-06 16:05:29.144,2.1887333333333334
2026-10-06 16:07:40.677,8.7988e-11,Torr,11.small_stm_window_1,spray,11.small_stm_window_1/MassSpecData-02115-20261006-160734.csv,2026-10-06 16:05:29.144,2.1922166666666665
2026-10-06 16:07:40.885,9.1087e-11,Torr,11.small_stm_window_1,spray,11.small_stm_window_1/MassSpecData-02115-20261006-160734.csv,2026-10-06 16:05:29.144,2.1956833333333337
2026-10-06 16:07:41.093,8.2035e-11,Torr,11.small_stm_window_1,spray,11.small_stm_window_1/MassSpecData-02115-20261006-160734.csv,2026-10-06 16:05:29.144,2.1991500000000004
2026-10-06 16:07:41.302,7.7975e-11,Torr,11.small_stm_window_1,spray,11.small_stm_window_1/MassSpecData-02115-20261006-160734.csv,2026-10-06 16:05:29.144,2.202633333333333
2026-10-06 16:07:41.510,8.1947e-11,Torr,11.small_stm_window_1,spray,11.small_stm_window_1/MassSpecData-02115-20261006-160734.csv,2026-10-06 16:05:29.144,2.2061
2026-10-06 16:07:41.718,8.4333e-11,Torr,11.small_stm_window_1,spray,11.small_stm_window_1/MassSpecData-02115-20261006-160734.csv,2026-10-06 16:05:29.144,2.209566666666667
2026-10-06 16:07:41.927,7.2241e-11,Torr,11.small_stm_window_1,spray,11.small_stm_window_1/MassSpecData-02115-20261006-160734.csv,2026-10-06 16:05:29.144,2.21305
2026-10-06 16:07:42.135,8.7024e-11,Torr,11.small_stm_window_1,spray,11.small_stm_window_1/MassSpecData-02115-20261006-160734.csv,2026-10-06 16:05:29.144,2.2165166666666667
2026-10-06 16:07:42.343,8.2828e-11,Torr,11.small_stm_window_1,spray,11.small_stm_window_1/MassSpecData-02115-20261006-160734.csv,2026-10-06 16:05:29.144,2.2199833333333334
2026-10-06 16:07:42.552,7.5573e-11,Torr,11.small_stm_window_1,spray,11.small_stm_window_1/MassSpecData-02115-20261006-160734.csv,2026-10-06 16:05:29.144,2.2234666666666665
2026-10-06 16:07:42.760,8.0294e-11,Torr,11.small_stm_window_1,spray,11.small_stm_window_1/MassSpecData-02115-20261006-160734.csv,2026-10-06 16:05:29.144,2.2269333333333337
2026-10-06 16:07:42.968,8.1147e-11,Torr,11.small_stm_window_1,spray,11.small_stm_window_1/MassSpecData-02115-20261006-160734.csv,2026-10-06 16:05:29.144,2.2304000000000004
2026-10-06 16:07:43.177,8.0184e-11,Torr,11.small_stm_window_1,spray,11.small_stm_window_1/MassSpecData-02115-20261006-160734.csv,2026-10-06 16:05:29.144,2.233883333333333
2026-10-06 16:07:43.385,8.0848e-11,Torr,11.small_stm_window_1,spray,11.small_stm_window_1/MassSpecData-02115-20261006-160734.csv,2026-10-06 16:05:29.144,2.23735
2026-10-06 16:07:43.594,9.5266e-11,Torr,11.small_stm_window_1,spray,11.small_stm_window_1/MassSpecData-02115-20261006-160734.csv,2026-10-06 16:05:29.144,2.2408333333333332
2026-10-06 16:07:43.802,9.154e-11,Torr,11.small_stm_window_1,spray,11.small_stm_window_1/MassSpecData-02115-20261006-160734.csv,2026-10-06 16:05:29.144,2.2443
2026-10-06 16:07:44.010,8.8752e-11,Torr,11.small_stm_window_1,spray,11.small_stm_window_1/MassSpecData-02115-20261006-160734.csv,2026-10-06 16:05:29.144,2.2477666666666667
2026-10-06 16:07:44.219,8.9654e-11,Torr,11.small_stm_window_1,spray,11.small_stm_window_1/MassSpecData-02115-20261006-160734.csv,2026-10-06 16:05:29.144,2.2512499999999998
2026-10-06 16:07:44.427,7.7686e-11,Torr,11.small_stm_window_1,spray,11.small_stm_window_1/MassSpecData-02115-20261006-160734.csv,2026-10-06 16:05:29.144,2.2547166666666665
2026-10-06 16:07:44.635,7.1939e-11,Torr,11.small_stm_window_1,spray,11.small_stm_window_1/MassSpecData-02115-20261006-160734.csv,2026-10-06 16:05:29.144,2.2581833333333337
2026-10-06 16:07:44.844,8.8439e-11,Torr,11.small_stm_window_1,spray,11.small_stm_window_1/MassSpecData-02115-20261006-160734.csv,2026-10-06 16:05:29.144,2.2616666666666663
2026-10-06 16:07:45.052,8.5792e-11,Torr,11.small_stm_window_1,spray,11.small_stm_window_1/MassSpecData-02115-20261006-160734.csv,2026-10-06 16:05:29.144,2.265133333333333
2026-10-06 16:07:45.260,9.02e-11,Torr,11.small_stm_window_1,spray,11.small_stm_window_1/MassSpecData-02115-20261006-160734.csv,2026-10-06 16:05:29.144,2.2686
2026-10-06 16:07:45.469,1.008e-10,Torr,11.small_stm_window_1,spray,11.small_stm_window_1/MassSpecData-02115-20261006-160734.csv,2026-10-06 16:05:29.144,2.2720833333333332
2026-10-06 16:07:45.677,8.4025e-11,Torr,11.small_stm_window_1,spray,11.small_stm_window_1/MassSpecData-02115-20261006-160734.csv,2026-10-06 16:05:29.144,2.27555
2026-10-06 16:07:45.885,8.7514e-11,Torr,11.small_stm_window_1,spray,11.small_stm_window_1/MassSpecData-02115-20261006-160734.csv,2026-10-06 16:05:29.144,2.2790166666666667
2026-10-06 16:07:46.094,8.5753e-11,Torr,11.small_stm_window_1,spray,11.small_stm_window_1/MassSpecData-02115-20261006-160734.csv,2026-10-06 16:05:29.144,2.2824999999999998
2026-10-06 16:07:46.302,9.9032e-11,Torr,11.small_stm_window_1,spray,11.small_stm_window_1/MassSpecData-02115-20261006-160734.csv,2026-10-06 16:05:29.144,2.2859666666666665
2026-10-06 16:07:46.510,7.8247e-11,Torr,11.small_stm_window_1,spray,11.small_stm_window_1/MassSpecData-02115-20261006-160734.csv,2026-10-06 16:05:29.144,2.2894333333333337
2026-10-06 16:07:46.719,7.825e-11,Torr,11.small_stm_window_1,spray,11.small_stm_window_1/MassSpecData-02115-20261006-160734.csv,2026-10-06 16:05:29.144,2.2929166666666663
2026-10-06 16:07:46.927,8.5553e-11,Torr,11.small_stm_window_1,spray,11.small_stm_window_1/MassSpecData-02115-20261006-160734.csv,2026-10-06 16:05:29.144,2.296383333333333
2026-10-06 16:07:47.135,7.8435e-11,Torr,11.small_stm_window_1,spray,11.small_stm_window_1/MassSpecData-02115-20261006-160734.csv,2026-10-06 16:05:29.144,2.29985
2026-10-06 16:07:47.344,9.3339e-11,Torr,11.small_stm_window_1,spray,11.small_stm_window_1/MassSpecData-02115-20261006-160734.csv,2026-10-06 16:05:29.144,2.3033333333333332
2026-10-06 16:07:47.552,8.5162e-11,Torr,11.small_stm_window_1,spray,11.small_stm_window_1/MassSpecData-02115-20261006-160734.csv,2026-10-06 16:05:29.144,2.3068
2026-10-06 16:07:47.760,8.1129e-11,Torr,11.small_stm_window_1,spray,11.small_stm_window_1/MassSpecData-02115-20261006-160734.csv,2026-10-06 16:05:29.144,2.3102666666666667
2026-10-06 16:07:47.969,8.3321e-11,Torr,11.small_stm_window_1,spray,11.small_stm_window_1/MassSpecData-02115-20261006-160734.csv,2026-10-06 16:05:29.144,2.3137499999999998
2026-10-06 16:07:48.177,8.8868e-11,Torr,11.small_stm_window_1,spray,11.small_stm_window_1/MassSpecData-02115-20261006-160734.csv,2026-10-06 16:05:29.144,2.3172166666666665
2026-10-06 16:07:48.385,8.9485e-11,Torr,11.small_stm_window_1,spray,11.small_stm_window_1/MassSpecData-02115-20261006-160734.csv,2026-10-06 16:05:29.144,2.3206833333333337
2026-10-06 16:07:48.594,7.5527e-11,Torr,11.small_stm_window_1,spray,11.small_stm_window_1/MassSpecData-02115-20261006-160734.csv,2026-10-06 16:05:29.144,2.3241666666666663
2026-10-06 16:07:48.802,8.8576e-11,Torr,11.small_stm_window_1,spray,11.small_stm_window_1/MassSpecData-02115-20261006-160734.csv,2026-10-06 16:05:29.144,2.327633333333333
2026-10-06 16:07:49.010,9.2358e-11,Torr,11.small_stm_window_1,spray,11.small_stm_window_1/MassSpecData-02115-20261006-160734.csv,2026-10-06 16:05:29.144,2.3311
2026-10-06 16:07:49.219,7.5014e-11,Torr,11.small_stm_window_1,spray,11.small_stm_window_1/MassSpecData-02115-20261006-160734.csv,2026-10-06 16:05:29.144,2.3345833333333332
2026-10-06 16:07:49.427,8.4109e-11,Torr,11.small_stm_window_1,spray,11.small_stm_window_1/MassSpecData-02115-20261006-160734.csv,2026-10-06 16:05:29.144,2.33805
2026-10-06 16:07:49.635,9.8362e-11,Torr,11.small_stm_window_1,spray,11.small_stm_window_1/MassSpecData-02115-20261006-160734.csv,2026-10-06 16:05:29.144,2.3415166666666667
2026-10-06 16:07:49.844,8.2169e-11,Torr,11.small_stm_window_1,spray,11.small_stm_window_1/MassSpecData-02115-20261006-160734.csv,2026-10-06 16:05:29.144,2.3449999999999998
2026-10-06 16:07:50.052,8.0963e-11,Torr,11.small_stm_window_1,spray,11.small_stm_window_1/MassSpecData-02115-20261006-160734.csv,2026-10-06 16:05:29.144,2.3484666666666665
2026-10-06 16:07:50.260,7.5657e-11,Torr,11.small_stm_window_1,spray,11.small_stm_window_1/MassSpecData-02115-20261006-160734.csv,2026-10-06 16:05:29.144,2.3519333333333337
2026-10-06 16:07:50.469,9.9026e-11,Torr,11.small_stm_window_1,spray,11.small_stm_window_1/MassSpecData-02115-20261006-160734.csv,2026-10-06 16:05:29.144,2.3554166666666663
2026-10-06 16:07:50.677,8.3464e-11,Torr,11.small_stm_window_1,spray,11.small_stm_window_1/MassSpecData-02115-20261006-160734.csv,2026-10-06 16:05:29.144,2.358883333333333
2026-10-06 16:07:50.885,9.6536e-11,Torr,11.small_stm_window_1,spray,11.small_stm_window_1/MassSpecData-02115-20261006-160734.csv,2026-10-06 16:05:29.144,2.36235
2026-10-06 16:07:51.094,7.7657e-11,Torr,11.small_stm_window_1,spray,11.small_stm_window_1/MassSpecData-02115-20261006-160734.csv,2026-10-06 16:05:29.144,2.3658333333333332
2026-10-06 16:07:51.302,8.7754e-11,Torr,11.small_stm_window_1,spray,11.small_stm_window_1/MassSpecData-02115-20261006-160734.csv,2026-10-06 16:05:29.144,2.3693
2026-10-06 16:07:51.510,8.1082e-11,Torr,11.small_stm_window_1,spray,11.small_stm_window_1/MassSpecData-02115-20261006-160734.csv,2026-10-06 16:05:29.144,2.3727666666666667
2026-10-06 16:07:51.719,8.1973e-11,Torr,11.small_stm_window_1,spray,11.small_stm_window_1/MassSpecData-02115-20261006-160734.csv,2026-10-06 16:05:29.144,2.3762499999999998
2026-10-06 16:07:51.927,7.8378e-11,Torr,11.small_stm_window_1,spray,11.small_stm_window_1/MassSpecData-02115-20261006-160734.csv,2026-10-06 16:05:29.144,2.3797166666666665
2026-10-06 16:07:52.135,7.7863e-11,Torr,11.small_stm_window_1,spray,11.small_stm_window_1/MassSpecData-02115-20261006-160734.csv,2026-10-06 16:05:29.144,2.3831833333333337
2026-10-06 16:07:52.344,9.4398e-11,Torr,11.small_stm_window_1,spray,11.small_stm_window_1/MassSpecData-02115-20261006-160734.csv,2026-10-06 16:05:29.144,2.3866666666666663
2026-10-06 16:07:52.552,8.646e-11,Torr,11.small_stm_window_1,spray,11.small_stm_window_1/MassSpecData-02115-20261006-160734.csv,2026-10-06 16:05:29.144,2.390133333333333
2026-10-06 16:07:52.760,7.4005e-11,Torr,11.small_stm_window_1,spray,11.small_stm_window_1/MassSpecData-02115-20261006-160734.csv,2026-10-06 16:05:29.144,2.3936
2026-10-06 16:07:52.969,9.0756e-11,Torr,11.small_stm_window_1,spray,11.small_stm_window_1/MassSpecData-02115-20261006-160734.csv,2026-10-06 16:05:29.144,2.3970833333333332
2026-10-06 16:07:53.177,7.8394e-11,Torr,11.small_stm_window_1,spray,11.small_stm_window_1/MassSpecData-02115-20261006-160734.csv,2026-10-06 16:05:29.144,2.40055
2026-10-06 16:07:53.385,9.0983e-11,Torr,11.small_stm_window_1,spray,11.small_stm_window_1/MassSpecData-02115-20261006-160734.csv,2026-10-06 16:05:29.144,2.4040166666666667
2026-10-06 16:07:53.594,9.8274e-11,Torr,11.small_stm_window_1,spray,11.small_stm_window_1/MassSpecData-02115-20261006-160734.csv,2026-10-06 16:05:29.144,2.4074999999999998
2026-10-06 16:07:53.802,8.2678e-11,Torr,11.small_stm_window_1,spray,11.small_stm_window_1/MassSpecData-02115-20261006-160734.csv,2026-10-06 16:05:29.144,2.4109666666666665
2026-10-06 16:07:54.010,8.8004e-11,Torr,11.small_stm_window_1,spray,11.small_stm_window_1/MassSpecData-02115-20261006-160734.csv,2026-10-06 16:05:29.144,2.4144333333333337
2026-10-06 16:07:54.218,8.6257e-11,Torr,11.small_stm_window_1,spray,11.small_stm_window_1/MassSpecData-02115-20261006-160734.csv,2026-10-06 16:05:29.144,2.4179000000000004
2026-10-06 16:07:54.427,1.0507e-10,Torr,11.small_stm_window_1,spray,11.small_stm_window_1/MassSpecData-02115-20261006-160734.csv,2026-10-06 16:05:29.144,2.421383333333333
2026-10-06 16:07:54.635,8.1229e-11,Torr,11.small_stm_window_1,spray,11.small_stm_window_1/MassSpecData-02115-20261006-160734.csv,2026-10-06 16:05:29.144,2.42485
2026-10-06 16:07:54.843,9.0092e-11,Torr,11.small_stm_window_1,spray,11.small_stm_window_1/MassSpecData-02115-20261006-160734.csv,2026-10-06 16:05:29.144,2.428316666666667
2026-10-06 16:07:55.052,9.198e-11,Torr,11.small_stm_window_1,spray,11.small_stm_window_1/MassSpecData-02115-20261006-160734.csv,2026-10-06 16:05:29.144,2.4318
2026-10-06 16:07:55.260,8.2764e-11,Torr,11.small_stm_window_1,spray,11.small_stm_window_1/MassSpecData-02115-20261006-160734.csv,2026-10-06 16:05:29.144,2.4352666666666667
2026-10-06 16:07:55.468,8.5298e-11,Torr,11.small_stm_window_1,spray,11.small_stm_window_1/MassSpecData-02115-20261006-160734.csv,2026-10-06 16:05:29.144,2.4387333333333334
2026-10-06 16:07:55.677,8.6503e-11,Torr,11.small_stm_window_1,spray,11.small_stm_window_1/MassSpecData-02115-20261006-160734.csv,2026-10-06 16:05:29.144,2.4422166666666665
2026-10-06 16:07:55.885,8.4933e-11,Torr,11.small_stm_window_1,spray,11.small_stm_window_1/MassSpecData-02115-20261006-160734.csv,2026-10-06 16:05:29.144,2.4456833333333337
2026-10-06 16:07:56.093,9.015e-11,Torr,11.small_stm_window_1,spray,11.small_stm_window_1/MassSpecData-02115-20261006-160734.csv,2026-10-06 16:05:29.144,2.4491500000000004
2026-10-06 16:07:56.302,7.6751e-11,Torr,11.small_stm_window_1,spray,11.small_stm_window_1/MassSpecData-02115-20261006-160734.csv,2026-10-06 16:05:29.144,2.452633333333333
2026-10-06 16:07:56.510,8.3032e-11,Torr,11.small_stm_window_1,spray,11.small_stm_window_1/MassSpecData-02115-20261006-160734.csv,2026-10-06 16:05:29.144,2.4561
2026-10-06 16:07:56.718,9.2132e-11,Torr,11.small_stm_window_1,spray,11.small_stm_window_1/MassSpecData-02115-20261006-160734.csv,2026-10-06 16:05:29.144,2.459566666666667
2026-10-06 16:07:56.927,7.8536e-11,Torr,11.small_stm_window_1,spray,11.small_stm_window_1/MassSpecData-02115-20261006-160734.csv,2026-10-06 16:05:29.144,2.46305
2026-10-06 16:07:57.135,7.9863e-11,Torr,11.small_stm_window_1,spray,11.small_stm_window_1/MassSpecData-02115-20261006-160734.csv,2026-10-06 16:05:29.144,2.4665166666666667
2026-10-06 16:07:57.343,7.067e-11,Torr,11.small_stm_window_1,spray,11.small_stm_window_1/MassSpecData-02115-20261006-160734.csv,2026-10-06 16:05:29.144,2.4699833333333334
2026-10-06 16:07:57.552,8.79e-11,Torr,11.small_stm_window_1,spray,11.small_stm_window_1/MassSpecData-02115-20261006-160734.csv,2026-10-06 16:05:29.144,2.4734666666666665
2026-10-06 16:07:57.760,8.8714e-11,Torr,11.small_stm_window_1,spray,11.small_stm_window_1/MassSpecData-02115-20261006-160734.csv,2026-10-06 16:05:29.144,2.4769333333333337
2026-10-06 16:07:57.968,9.3004e-11,Torr,11.small_stm_window_1,spray,11.small_stm_window_1/MassSpecData-02115-20261006-160734.csv,2026-10-06 16:05:29.144,2.4804000000000004
2026-10-06 16:07:58.177,7.9337e-11,Torr,11.small_stm_window_1,spray,11.small_stm_window_1/MassSpecData-02115-20261006-160734.csv,2026-10-06 16:05:29.144,2.483883333333333
2026-10-06 16:07:58.385,7.6946e-11,Torr,11.small_stm_window_1,spray,11.small_stm_window_1/MassSpecData-02115-20261006-160734.csv,2026-10-06 16:05:29.144,2.48735
2026-10-06 16:07:58.593,1.0843e-10,Torr,11.small_stm_window_1,spray,11.small_stm_window_1/MassSpecData-02115-20261006-160734.csv,2026-10-06 16:05:29.144,2.490816666666667
2026-10-06 16:07:58.802,6.5917e-11,Torr,11.small_stm_window_1,spray,11.small_stm_window_1/MassSpecData-02115-20261006-160734.csv,2026-10-06 16:05:29.144,2.4943
2026-10-06 16:07:59.010,9.1833e-11,Torr,11.small_stm_window_1,spray,11.small_stm_window_1/MassSpecData-02115-20261006-160734.csv,2026-10-06 16:05:29.144,2.4977666666666667
2026-10-06 16:07:59.218,8.9504e-11,Torr,11.small_stm_window_1,spray,11.small_stm_window_1/MassSpecData-02115-20261006-160734.csv,2026-10-06 16:05:29.144,2.5012333333333334
2026-10-06 16:07:59.427,8.385e-11,Torr,11.small_stm_window_1,spray,11.small_stm_window_1/MassSpecData-02115-20261006-160734.csv,2026-10-06 16:05:29.144,2.5047166666666665
2026-10-06 16:07:59.635,8.3783e-11,Torr,11.small_stm_window_1,spray,11.small_stm_window_1/MassSpecData-02115-20261006-160734.csv,2026-10-06 16:05:29.144,2.5081833333333337
2026-10-06 16:07:59.843,1.0391e-10,Torr,11.small_stm_window_1,spray,11.small_stm_window_1/MassSpecData-02115-20261006-160734.csv,2026-10-06 16:05:29.144,2.5116500000000004
2026-10-06 16:08:00.052,8.4173e-11,Torr,11.small_stm_window_1,spray,11.small_stm_window_1/MassSpecData-02115-20261006-160734.csv,2026-10-06 16:05:29.144,2.515133333333333
2026-10-06 16:08:00.260,8.5544e-11,Torr,11.small_stm_window_1,spray,11.small_stm_window_1/MassSpecData-02115-20261006-160734.csv,2026-10-06 16:05:29.144,2.5186
2026-10-06 16:08:00.468,8.4545e-11,Torr,11.small_stm_window_1,spray,11.small_stm_window_1/MassSpecData-02115-20261006-160734.csv,2026-10-06 16:05:29.144,2.522066666666667
2026-10-06 16:08:00.677,8.2954e-11,Torr,11.small_stm_window_1,spray,11.small_stm_window_1/MassSpecData-02115-20261006-160734.csv,2026-10-06 16:05:29.144,2.52555
2026-10-06 16:08:00.885,8.2446e-11,Torr,11.small_stm_window_1,spray,11.small_stm_window_1/MassSpecData-02115-20261006-160734.csv,2026-10-06 16:05:29.144,2.5290166666666667
2026-10-06 16:08:01.093,7.9581e-11,Torr,11.small_stm_window_1,spray,11.small_stm_window_1/MassSpecData-02115-20261006-160734.csv,2026-10-06 16:05:29.144,2.5324833333333334
2026-10-06 16:08:01.302,9.8872e-11,Torr,11.small_stm_window_1,spray,11.small_stm_window_1/MassSpecData-02115-20261006-160734.csv,2026-10-06 16:05:29.144,2.5359666666666665
2026-10-06 16:08:01.510,8.4148e-11,Torr,11.small_stm_window_1,spray,11.small_stm_window_1/MassSpecData-02115-20261006-160734.csv,2026-10-06 16:05:29.144,2.5394333333333337
2026-10-06 16:08:01.718,9.2871e-11,Torr,11.small_stm_window_1,spray,11.small_stm_window_1/MassSpecData-02115-20261006-160734.csv,2026-10-06 16:05:29.144,2.5429000000000004
2026-10-06 16:08:01.927,8.0675e-11,Torr,11.small_stm_window_1,spray,11.small_stm_window_1/MassSpecData-02115-20261006-160734.csv,2026-10-06 16:05:29.144,2.546383333333333
2026-10-06 16:08:02.135,8.3306e-11,Torr,11.small_stm_window_1,spray,11.small_stm_window_1/MassSpecData-02115-20261006-160734.csv,2026-10-06 16:05:29.144,2.54985
2026-10-06 16:08:02.343,8.5599e-11,Torr,11.small_stm_window_1,spray,11.small_stm_window_1/MassSpecData-02115-20261006-160734.csv,2026-10-06 16:05:29.144,2.553316666666667
2026-10-06 16:08:02.552,9.1602e-11,Torr,11.small_stm_window_1,spray,11.small_stm_window_1/MassSpecData-02115-20261006-160734.csv,2026-10-06 16:05:29.144,2.5568
2026-10-06 16:08:02.760,8.9435e-11,Torr,11.small_stm_window_1,spray,11.small_stm_window_1/MassSpecData-02115-20261006-160734.csv,2026-10-06 16:05:29.144,2.5602666666666667
2026-10-06 16:08:02.968,1.0408e-10,Torr,11.small_stm_window_1,spray,11.small_stm_window_1/MassSpecData-02115-20261006-160734.csv,2026-10-06 16:05:29.144,2.5637333333333334
2026-10-06 16:08:03.177,8.4988e-11,Torr,11.small_stm_window_1,spray,11.small_stm_window_1/MassSpecData-02115-20261006-160734.csv,2026-10-06 16:05:29.144,2.5672166666666665
2026-10-06 16:08:03.385,7.7994e-11,Torr,11.small_stm_window_1,spray,11.small_stm_window_1/MassSpecData-02115-20261006-160734.csv,2026-10-06 16:05:29.144,2.5706833333333337
2026-10-06 16:08:03.593,9.5665e-11,Torr,11.small_stm_window_1,spray,11.small_stm_window_1/MassSpecData-02115-20261006-160734.csv,2026-10-06 16:05:29.144,2.5741500000000004
2026-10-06 16:08:03.802,9.0451e-11,Torr,11.small_stm_window_1,spray,11.small_stm_window_1/MassSpecData-02115-20261006-160734.csv,2026-10-06 16:05:29.144,2.577633333333333
2026-10-06 16:08:04.010,7.9736e-11,Torr,11.small_stm_window_1,spray,11.small_stm_window_1/MassSpecData-02115-20261006-160734.csv,2026-10-06 16:05:29.144,2.5811
2026-10-06 16:08:04.218,7.9245e-11,Torr,11.small_stm_window_1,spray,11.small_stm_window_1/MassSpecData-02115-20261006-160734.csv,2026-10-06 16:05:29.144,2.584566666666667
2026-10-06 16:08:04.427,8.4251e-11,Torr,11.small_stm_window_1,spray,11.small_stm_window_1/MassSpecData-02115-20261006-160734.csv,2026-10-06 16:05:29.144,2.58805
2026-10-06 16:08:04.635,8.8087e-11,Torr,11.small_stm_window_1,spray,11.small_stm_window_1/MassSpecData-02115-20261006-160734.csv,2026-10-06 16:05:29.144,2.5915166666666667
2026-10-06 16:08:04.843,7.6951e-11,Torr,11.small_stm_window_1,spray,11.small_stm_window_1/MassSpecData-02115-20261006-160734.csv,2026-10-06 16:05:29.144,2.5949833333333334
2026-10-06 16:08:05.052,9.8634e-11,Torr,11.small_stm_window_1,spray,11.small_stm_window_1/MassSpecData-02115-20261006-160734.csv,2026-10-06 16:05:29.144,2.5984666666666665
2026-10-06 16:08:05.260,8.6982e-11,Torr,11.small_stm_window_1,spray,11.small_stm_window_1/MassSpecData-02115-20261006-160734.csv,2026-10-06 16:05:29.144,2.6019333333333337
2026-10-06 16:08:05.468,9.7807e-11,Torr,11.small_stm_window_1,spray,11.small_stm_window_1/MassSpecData-02115-20261006-160734.csv,2026-10-06 16:05:29.144,2.6054000000000004
2026-10-06 16:08:05.677,9.7571e-11,Torr,11.small_stm_window_1,spray,11.small_stm_window_1/MassSpecData-02115-20261006-160734.csv,2026-10-06 16:05:29.144,2.608883333333333
2026-10-06 16:08:05.885,8.5944e-11,Torr,11.small_stm_window_1,spray,11.small_stm_window_1/MassSpecData-02115-20261006-160734.csv,2026-10-06 16:05:29.144,2.61235
2026-10-06 16:08:06.093,8.2954e-11,Torr,11.small_stm_window_1,spray,11.small_stm_window_1/MassSpecData-02115-20261006-160734.csv,2026-10-06 16:05:29.144,2.615816666666667
2026-10-06 16:08:06.302,1.0585e-10,Torr,11.small_stm_window_1,spray,11.small_stm_window_1/MassSpecData-02115-20261006-160734.csv,2026-10-06 16:05:29.144,2.6193
2026-10-06 16:08:06.510,8.1892e-11,Torr,11.small_stm_window_1,spray,11.small_stm_window_1/MassSpecData-02115-20261006-160734.csv,2026-10-06 16:05:29.144,2.6227666666666667
2026-10-06 16:08:06.718,9.2027e-11,Torr,11.small_stm_window_1,spray,11.small_stm_window_1/MassSpecData-02115-20261006-160734.csv,2026-10-06 16:05:29.144,2.6262333333333334
2026-10-06 16:08:06.927,8.0234e-11,Torr,11.small_stm_window_1,spray,11.small_stm_window_1/MassSpecData-02115-20261006-160734.csv,2026-10-06 16:05:29.144,2.6297166666666665
2026-10-06 16:08:07.135,8.8654e-11,Torr,11.small_stm_window_1,spray,11.small_stm_window_1/MassSpecData-02115-20261006-160734.csv,2026-10-06 16:05:29.144,2.6331833333333337
2026-10-06 16:08:07.343,9.1589e-11,Torr,11.small_stm_window_1,spray,11.small_stm_window_1/MassSpecData-02115-20261006-160734.csv,2026-10-06 16:05:29.144,2.6366500000000004
2026-10-06 16:08:07.552,8.3488e-11,Torr,11.small_stm_window_1,spray,11.small_stm_window_1/MassSpecData-02115-20261006-160734.csv,2026-10-06 16:05:29.144,2.640133333333333
2026-10-06 16:08:07.760,8.4735e-11,Torr,11.small_stm_window_1,spray,11.small_stm_window_1/MassSpecData-02115-20261006-160734.csv,2026-10-06 16:05:29.144,2.6436
2026-10-06 16:08:07.968,7.8638e-11,Torr,11.small_stm_window_1,spray,11.small_stm_window_1/MassSpecData-02115-20261006-160734.csv,2026-10-06 16:05:29.144,2.647066666666667
2026-10-06 16:08:08.177,9.3274e-11,Torr,11.small_stm_window_1,spray,11.small_stm_window_1/MassSpecData-02115-20261006-160734.csv,2026-10-06 16:05:29.144,2.65055
2026-10-06 16:08:08.385,8.504e-11,Torr,11.small_stm_window_1,spray,11.small_stm_window_1/MassSpecData-02115-20261006-160734.csv,2026-10-06 16:05:29.144,2.6540166666666667
2026-10-06 16:08:08.593,9.2471e-11,Torr,11.small_stm_window_1,spray,11.small_stm_window_1/MassSpecData-02115-20261006-160734.csv,2026-10-06 16:05:29.144,2.6574833333333334
2026-10-06 16:08:08.802,8.5279e-11,Torr,11.small_stm_window_1,spray,11.small_stm_window_1/MassSpecData-02115-20261006-160734.csv,2026-10-06 16:05:29.144,2.6609666666666665
2026-10-06 16:08:09.010,8.9548e-11,Torr,11.small_stm_window_1,spray,11.small_stm_window_1/MassSpecData-02115-20261006-160734.csv,2026-10-06 16:05:29.144,2.6644333333333337
2026-10-06 16:08:09.218,8.6156e-11,Torr,11.small_stm_window_1,spray,11.small_stm_window_1/MassSpecData-02115-20261006-160734.csv,2026-10-06 16:05:29.144,2.6679000000000004
2026-10-06 16:08:09.427,9.0706e-11,Torr,11.small_stm_window_1,spray,11.small_stm_window_1/MassSpecData-02115-20261006-160734.csv,2026-10-06 16:05:29.144,2.671383333333333
2026-10-06 16:08:09.635,8.7188e-11,Torr,11.small_stm_window_1,spray,11.small_stm_window_1/MassSpecData-02115-20261006-160734.csv,2026-10-06 16:05:29.144,2.67485
2026-10-06 16:08:09.843,8.7682e-11,Torr,11.small_stm_window_1,spray,11.small_stm_window_1/MassSpecData-02115-20261006-160734.csv,2026-10-06 16:05:29.144,2.678316666666667
2026-10-06 16:08:10.052,8.0953e-11,Torr,11.small_stm_window_1,spray,11.small_stm_window_1/MassSpecData-02115-20261006-160734.csv,2026-10-06 16:05:29.144,2.6818
2026-10-06 16:08:10.260,1.0554e-10,Torr,11.small_stm_window_1,spray,11.small_stm_window_1/MassSpecData-02115-20261006-160734.csv,2026-10-06 16:05:29.144,2.6852666666666667
2026-10-06 16:08:10.468,8.8358e-11,Torr,11.small_stm_window_1,spray,11.small_stm_window_1/MassSpecData-02115-20261006-160734.csv,2026-10-06 16:05:29.144,2.6887333333333334
2026-10-06 16:08:10.677,8.7876e-11,Torr,11.small_stm_window_1,spray,11.small_stm_window_1/MassSpecData-02115-20261006-160734.csv,2026-10-06 16:05:29.144,2.6922166666666665
2026-10-06 16:08:10.885,1.1117e-10,Torr,11.small_stm_window_1,spray,11.small_stm_window_1/MassSpecData-02115-20261006-160734.csv,2026-10-06 16:05:29.144,2.6956833333333337
2026-10-06 16:08:11.093,8.5064e-11,Torr,11.small_stm_window_1,spray,11.small_stm_window_1/MassSpecData-02115-20261006-160734.csv,2026-10-06 16:05:29.144,2.6991500000000004
2026-10-06 16:08:11.302,7.341e-11,Torr,11.small_stm_window_1,spray,11.small_stm_window_1/MassSpecData-02115-20261006-160734.csv,2026-10-06 16:05:29.144,2.702633333333333
2026-10-06 16:08:11.510,8.9278e-11,Torr,11.small_stm_window_1,spray,11.small_stm_window_1/MassSpecData-02115-20261006-160734.csv,2026-10-06 16:05:29.144,2.7061
2026-10-06 16:08:11.718,9.2969e-11,Torr,11.small_stm_window_1,spray,11.small_stm_window_1/MassSpecData-02115-20261006-160734.csv,2026-10-06 16:05:29.144,2.709566666666667
2026-10-06 16:08:11.927,7.7993e-11,Torr,11.small_stm_window_1,spray,11.small_stm_window_1/MassSpecData-02115-20261006-160734.csv,2026-10-06 16:05:29.144,2.71305
2026-10-06 16:08:12.135,7.3475e-11,Torr,11.small_stm_window_1,spray,11.small_stm_window_1/MassSpecData-02115-20261006-160734.csv,2026-10-06 16:05:29.144,2.7165166666666667
2026-10-06 16:08:12.344,9.3772e-11,Torr,11.small_stm_window_1,spray,11.small_stm_window_1/MassSpecData-02115-20261006-160734.csv,2026-10-06 16:05:29.144,2.7199999999999998
2026-10-06 16:08:12.552,8.5906e-11,Torr,11.small_stm_window_1,spray,11.small_stm_window_1/MassSpecData-02115-20261006-160734.csv,2026-10-06 16:05:29.144,2.7234666666666665
2026-10-06 16:08:12.760,8.3641e-11,Torr,11.small_stm_window_1,spray,11.small_stm_window_1/MassSpecData-02115-20261006-160734.csv,2026-10-06 16:05:29.144,2.7269333333333337
2026-10-06 16:08:12.969,8.1999e-11,Torr,11.small_stm_window_1,spray,11.small_stm_window_1/MassSpecData-02115-20261006-160734.csv,2026-10-06 16:05:29.144,2.7304166666666663
2026-10-06 16:08:13.177,8.0751e-11,Torr,11.small_stm_window_1,spray,11.small_stm_window_1/MassSpecData-02115-20261006-160734.csv,2026-10-06 16:05:29.144,2.733883333333333
2026-10-06 16:08:13.385,7.7905e-11,Torr,11.small_stm_window_1,spray,11.small_stm_window_1/MassSpecData-02115-20261006-160734.csv,2026-10-06 16:05:29.144,2.73735
2026-10-06 16:08:13.594,8.0921e-11,Torr,11.small_stm_window_1,spray,11.small_stm_window_1/MassSpecData-02115-20261006-160734.csv,2026-10-06 16:05:29.144,2.7408333333333332
2026-10-06 16:08:13.802,8.3122e-11,Torr,11.small_stm_window_1,spray,11.small_stm_window_1/MassSpecData-02115-20261006-160734.csv,2026-10-06 16:05:29.144,2.7443
2026-10-06 16:08:14.010,8.8722e-11,Torr,11.small_stm_window_1,spray,11.small_stm_window_1/MassSpecData-02115-20261006-160734.csv,2026-10-06 16:05:29.144,2.7477666666666667
2026-10-06 16:08:14.219,7.8236e-11,Torr,11.small_stm_window_1,spray,11.small_stm_window_1/MassSpecData-02115-20261006-160734.csv,2026-10-06 16:05:29.144,2.7512499999999998
2026-10-06 16:08:14.427,9.5508e-11,Torr,11.small_stm_window_1,spray,11.small_stm_window_1/MassSpecData-02115-20261006-160734.csv,2026-10-06 16:05:29.144,2.7547166666666665
2026-10-06 16:08:14.635,8.6856e-11,Torr,11.small_stm_window_1,spray,11.small_stm_window_1/MassSpecData-02115-20261006-160734.csv,2026-10-06 16:05:29.144,2.7581833333333337
2026-10-06 16:08:14.844,8.9491e-11,Torr,11.small_stm_window_1,spray,11.small_stm_window_1/MassSpecData-02115-20261006-160734.csv,2026-10-06 16:05:29.144,2.7616666666666663
2026-10-06 16:08:15.052,9.1327e-11,Torr,11.small_stm_window_1,spray,11.small_stm_window_1/MassSpecData-02115-20261006-160734.csv,2026-10-06 16:05:29.144,2.765133333333333
2026-10-06 16:08:15.260,7.922e-11,Torr,11.small_stm_window_1,spray,11.small_stm_window_1/MassSpecData-02115-20261006-160734.csv,2026-10-06 16:05:29.144,2.7686
2026-10-06 16:08:15.469,8.48e-11,Torr,11.small_stm_window_1,spray,11.small_stm_window_1/MassSpecData-02115-20261006-160734.csv,2026-10-06 16:05:29.144,2.7720833333333332
2026-10-06 16:08:15.677,8.9975e-11,Torr,11.small_stm_window_1,spray,11.small_stm_window_1/MassSpecData-02115-20261006-160734.csv,2026-10-06 16:05:29.144,2.77555
2026-10-06 16:08:15.885,9.8388e-11,Torr,11.small_stm_window_1,spray,11.small_stm_window_1/MassSpecData-02115-20261006-160734.csv,2026-10-06 16:05:29.144,2.7790166666666667
2026-10-06 16:08:16.274,7.8841e-11,Torr,11.small_stm_window_1,spray,11.small_stm_window_1/MassSpecData-02115-20261006-160816.csv,2026-10-06 16:05:29.144,2.7855
2026-10-06 16:08:16.482,9.5928e-11,Torr,11.small_stm_window_1,spray,11.small_stm_window_1/MassSpecData-02115-20261006-160816.csv,2026-10-06 16:05:29.144,2.7889666666666666
2026-10-06 16:08:16.691,8.9655e-11,Torr,11.small_stm_window_1,spray,11.small_stm_window_1/MassSpecData-02115-20261006-160816.csv,2026-10-06 16:05:29.144,2.79245
2026-10-06 16:08:16.899,8.8081e-11,Torr,11.small_stm_window_1,spray,11.small_stm_window_1/MassSpecData-02115-20261006-160816.csv,2026-10-06 16:05:29.144,2.7959166666666664
2026-10-06 16:08:17.107,7.4254e-11,Torr,11.small_stm_window_1,spray,11.small_stm_window_1/MassSpecData-02115-20261006-160816.csv,2026-10-06 16:05:29.144,2.799383333333333
2026-10-06 16:08:17.316,8.4057e-11,Torr,11.small_stm_window_1,spray,11.small_stm_window_1/MassSpecData-02115-20261006-160816.csv,2026-10-06 16:05:29.144,2.8028666666666666
2026-10-06 16:08:17.524,9.9521e-11,Torr,11.small_stm_window_1,spray,11.small_stm_window_1/MassSpecData-02115-20261006-160816.csv,2026-10-06 16:05:29.144,2.8063333333333333
2026-10-06 16:08:17.732,8.7029e-11,Torr,11.small_stm_window_1,spray,11.small_stm_window_1/MassSpecData-02115-20261006-160816.csv,2026-10-06 16:05:29.144,2.8098
2026-10-06 16:08:17.940,9.408e-11,Torr,11.small_stm_window_1,spray,11.small_stm_window_1/MassSpecData-02115-20261006-160816.csv,2026-10-06 16:05:29.144,2.8132666666666664
2026-10-06 16:08:18.149,7.7249e-11,Torr,11.small_stm_window_1,spray,11.small_stm_window_1/MassSpecData-02115-20261006-160816.csv,2026-10-06 16:05:29.144,2.81675
2026-10-06 16:08:18.357,7.9953e-11,Torr,11.small_stm_window_1,spray,11.small_stm_window_1/MassSpecData-02115-20261006-160816.csv,2026-10-06 16:05:29.144,2.8202166666666666
2026-10-06 16:08:18.566,8.4851e-11,Torr,11.small_stm_window_1,spray,11.small_stm_window_1/MassSpecData-02115-20261006-160816.csv,2026-10-06 16:05:29.144,2.8237
2026-10-06 16:08:18.774,8.9148e-11,Torr,11.small_stm_window_1,spray,11.small_stm_window_1/MassSpecData-02115-20261006-160816.csv,2026-10-06 16:05:29.144,2.8271666666666664
2026-10-06 16:08:18.982,9.1339e-11,Torr,11.small_stm_window_1,spray,11.small_stm_window_1/MassSpecData-02115-20261006-160816.csv,2026-10-06 16:05:29.144,2.830633333333333
2026-10-06 16:08:19.191,8.5772e-11,Torr,11.small_stm_window_1,spray,11.small_stm_window_1/MassSpecData-02115-20261006-160816.csv,2026-10-06 16:05:29.144,2.8341166666666666
2026-10-06 16:08:19.399,8.3476e-11,Torr,11.small_stm_window_1,spray,11.small_stm_window_1/MassSpecData-02115-20261006-160816.csv,2026-10-06 16:05:29.144,2.8375833333333333
2026-10-06 16:08:19.607,8.9055e-11,Torr,11.small_stm_window_1,spray,11.small_stm_window_1/MassSpecData-02115-20261006-160816.csv,2026-10-06 16:05:29.144,2.84105
2026-10-06 16:08:19.816,8.614e-11,Torr,11.small_stm_window_1,spray,11.small_stm_window_1/MassSpecData-02115-20261006-160816.csv,2026-10-06 16:05:29.144,2.844533333333333
2026-10-06 16:08:20.024,9.9287e-11,Torr,11.small_stm_window_1,spray,11.small_stm_window_1/MassSpecData-02115-20261006-160816.csv,2026-10-06 16:05:29.144,2.848
2026-10-06 16:08:20.232,7.8708e-11,Torr,11.small_stm_window_1,spray,11.small_stm_window_1/MassSpecData-02115-20261006-160816.csv,2026-10-06 16:05:29.144,2.8514666666666666
2026-10-06 16:08:20.441,7.9699e-11,Torr,11.small_stm_window_1,spray,11.small_stm_window_1/MassSpecData-02115-20261006-160816.csv,2026-10-06 16:05:29.144,2.85495
2026-10-06 16:08:20.649,9.1685e-11,Torr,11.small_stm_window_1,spray,11.small_stm_window_1/MassSpecData-02115-20261006-160816.csv,2026-10-06 16:05:29.144,2.8584166666666664
2026-10-06 16:08:20.857,8.2872e-11,Torr,11.small_stm_window_1,spray,11.small_stm_window_1/MassSpecData-02115-20261006-160816.csv,2026-10-06 16:05:29.144,2.861883333333333
2026-10-06 16:08:21.066,8.8674e-11,Torr,11.small_stm_window_1,spray,11.small_stm_window_1/MassSpecData-02115-20261006-160816.csv,2026-10-06 16:05:29.144,2.8653666666666666
2026-10-06 16:08:21.274,9.662e-11,Torr,11.small_stm_window_1,spray,11.small_stm_window_1/MassSpecData-02115-20261006-160816.csv,2026-10-06 16:05:29.144,2.8688333333333333
2026-10-06 16:08:21.482,7.3891e-11,Torr,11.small_stm_window_1,spray,11.small_stm_window_1/MassSpecData-02115-20261006-160816.csv,2026-10-06 16:05:29.144,2.8723
2026-10-06 16:08:21.690,8.1216e-11,Torr,11.small_stm_window_1,spray,11.small_stm_window_1/MassSpecData-02115-20261006-160816.csv,2026-10-06 16:05:29.144,2.8757666666666664
2026-10-06 16:08:21.899,8.655e-11,Torr,11.small_stm_window_1,spray,11.small_stm_window_1/MassSpecData-02115-20261006-160816.csv,2026-10-06 16:05:29.144,2.87925
2026-10-06 16:08:22.107,8.5608e-11,Torr,11.small_stm_window_1,spray,11.small_stm_window_1/MassSpecData-02115-20261006-160816.csv,2026-10-06 16:05:29.144,2.8827166666666666
2026-10-06 16:08:22.315,8.5904e-11,Torr,11.small_stm_window_1,spray,11.small_stm_window_1/MassSpecData-02115-20261006-160816.csv,2026-10-06 16:05:29.144,2.8861833333333333
2026-10-06 16:08:22.524,7.1441e-11,Torr,11.small_stm_window_1,spray,11.small_stm_window_1/MassSpecData-02115-20261006-160816.csv,2026-10-06 16:05:29.144,2.8896666666666664
2026-10-06 16:08:22.732,9.4197e-11,Torr,11.small_stm_window_1,spray,11.small_stm_window_1/MassSpecData-02115-20261006-160816.csv,2026-10-06 16:05:29.144,2.893133333333333
2026-10-06 16:08:22.940,7.8663e-11,Torr,11.small_stm_window_1,spray,11.small_stm_window_1/MassSpecData-02115-20261006-160816.csv,2026-10-06 16:05:29.144,2.8966
2026-10-06 16:08:23.149,8.4038e-11,Torr,11.small_stm_window_1,spray,11.small_stm_window_1/MassSpecData-02115-20261006-160816.csv,2026-10-06 16:05:29.144,2.9000833333333333
2026-10-06 16:08:23.357,8.8138e-11,Torr,11.small_stm_window_1,spray,11.small_stm_window_1/MassSpecData-02115-20261006-160816.csv,2026-10-06 16:05:29.144,2.90355
2026-10-06 16:08:23.565,8.0156e-11,Torr,11.small_stm_window_1,spray,11.small_stm_window_1/MassSpecData-02115-20261006-160816.csv,2026-10-06 16:05:29.144,2.9070166666666664
2026-10-06 16:08:23.774,8.1186e-11,Torr,11.small_stm_window_1,spray,11.small_stm_window_1/MassSpecData-02115-20261006-160816.csv,2026-10-06 16:05:29.144,2.9105
2026-10-06 16:08:23.982,9.2271e-11,Torr,11.small_stm_window_1,spray,11.small_stm_window_1/MassSpecData-02115-20261006-160816.csv,2026-10-06 16:05:29.144,2.9139666666666666
2026-10-06 16:08:24.190,7.5983e-11,Torr,11.small_stm_window_1,spray,11.small_stm_window_1/MassSpecData-02115-20261006-160816.csv,2026-10-06 16:05:29.144,2.9174333333333333
2026-10-06 16:08:24.399,7.7827e-11,Torr,11.small_stm_window_1,spray,11.small_stm_window_1/MassSpecData-02115-20261006-160816.csv,2026-10-06 16:05:29.144,2.9209166666666664
2026-10-06 16:08:24.607,8.8232e-11,Torr,11.small_stm_window_1,spray,11.small_stm_window_1/MassSpecData-02115-20261006-160816.csv,2026-10-06 16:05:29.144,2.924383333333333
2026-10-06 16:08:24.815,8.9695e-11,Torr,11.small_stm_window_1,spray,11.small_stm_window_1/MassSpecData-02115-20261006-160816.csv,2026-10-06 16:05:29.144,2.92785
2026-10-06 16:08:25.024,7.972e-11,Torr,11.small_stm_window_1,spray,11.small_stm_window_1/MassSpecData-02115-20261006-160816.csv,2026-10-06 16:05:29.144,2.9313333333333333
2026-10-06 16:08:25.232,8.4664e-11,Torr,11.small_stm_window_1,spray,11.small_stm_window_1/MassSpecData-02115-20261006-160816.csv,2026-10-06 16:05:29.144,2.9348
2026-10-06 16:08:25.441,9.0712e-11,Torr,11.small_stm_window_1,spray,11.small_stm_window_1/MassSpecData-02115-20261006-160816.csv,2026-10-06 16:05:29.144,2.938283333333333
2026-10-06 16:08:25.649,9.3478e-11,Torr,11.small_stm_window_1,spray,11.small_stm_window_1/MassSpecData-02115-20261006-160816.csv,2026-10-06 16:05:29.144,2.94175
2026-10-06 16:08:25.857,9.685e-11,Torr,11.small_stm_window_1,spray,11.small_stm_window_1/MassSpecData-02115-20261006-160816.csv,2026-10-06 16:05:29.144,2.9452166666666666
2026-10-06 16:08:26.066,8.3693e-11,Torr,11.small_stm_window_1,spray,11.small_stm_window_1/MassSpecData-02115-20261006-160816.csv,2026-10-06 16:05:29.144,2.9487
2026-10-06 16:08:26.274,7.2324e-11,Torr,11.small_stm_window_1,spray,11.small_stm_window_1/MassSpecData-02115-20261006-160816.csv,2026-10-06 16:05:29.144,2.9521666666666664
2026-10-06 16:08:26.482,7.6787e-11,Torr,11.small_stm_window_1,spray,11.small_stm_window_1/MassSpecData-02115-20261006-160816.csv,2026-10-06 16:05:29.144,2.955633333333333
2026-10-06 16:08:26.691,8.8339e-11,Torr,11.small_stm_window_1,spray,11.small_stm_window_1/MassSpecData-02115-20261006-160816.csv,2026-10-06 16:05:29.144,2.9591166666666666
2026-10-06 16:08:26.899,8.3671e-11,Torr,11.small_stm_window_1,spray,11.small_stm_window_1/MassSpecData-02115-20261006-160816.csv,2026-10-06 16:05:29.144,2.9625833333333333
2026-10-06 16:08:27.107,8.5477e-11,Torr,11.small_stm_window_1,spray,11.small_stm_window_1/MassSpecData-02115-20261006-160816.csv,2026-10-06 16:05:29.144,2.96605
2026-10-06 16:08:27.316,9.2264e-11,Torr,11.small_stm_window_1,spray,11.small_stm_window_1/MassSpecData-02115-20261006-160816.csv,2026-10-06 16:05:29.144,2.969533333333333
2026-10-06 16:08:27.524,7.3724e-11,Torr,11.small_stm_window_1,spray,11.small_stm_window_1/MassSpecData-02115-20261006-160816.csv,2026-10-06 16:05:29.144,2.973
2026-10-06 16:08:27.732,8.2829e-11,Torr,11.small_stm_window_1,spray,11.small_stm_window_1/MassSpecData-02115-20261006-160816.csv,2026-10-06 16:05:29.144,2.9764666666666666
2026-10-06 16:08:27.941,8.0647e-11,Torr,11.small_stm_window_1,spray,11.small_stm_window_1/MassSpecData-02115-20261006-160816.csv,2026-10-06 16:05:29.144,2.97995
2026-10-06 16:08:28.149,7.6064e-11,Torr,11.small_stm_window_1,spray,11.small_stm_window_1/MassSpecData-02115-20261006-160816.csv,2026-10-06 16:05:29.144,2.9834166666666664
2026-10-06 16:08:28.357,8.5212e-11,Torr,11.small_stm_window_1,spray,11.small_stm_window_1/MassSpecData-02115-20261006-160816.csv,2026-10-06 16:05:29.144,2.986883333333333
2026-10-06 16:08:28.566,9.017e-11,Torr,11.small_stm_window_1,spray,11.small_stm_window_1/MassSpecData-02115-20261006-160816.csv,2026-10-06 16:05:29.144,2.9903666666666666
2026-10-06 16:08:28.774,7.9711e-11,Torr,11.small_stm_window_1,spray,11.small_stm_window_1/MassSpecData-02115-20261006-160816.csv,2026-10-06 16:05:29.144,2.9938333333333333
2026-10-06 16:08:28.982,9.7384e-11,Torr,11.small_stm_window_1,spray,11.small_stm_window_1/MassSpecData-02115-20261006-160816.csv,2026-10-06 16:05:29.144,2.9973
2026-10-06 16:08:29.191,8.0457e-11,Torr,11.small_stm_window_1,spray,11.small_stm_window_1/MassSpecData-02115-20261006-160816.csv,2026-10-06 16:05:29.144,3.000783333333333
2026-10-06 16:08:29.399,9.0975e-11,Torr,11.small_stm_window_1,spray,11.small_stm_window_1/MassSpecData-02115-20261006-160816.csv,2026-10-06 16:05:29.144,3.00425
2026-10-06 16:08:29.607,7.8794e-11,Torr,11.small_stm_window_1,spray,11.small_stm_window_1/MassSpecData-02115-20261006-160816.csv,2026-10-06 16:05:29.144,3.0077166666666666
2026-10-06 16:08:29.816,8.558e-11,Torr,11.small_stm_window_1,spray,11.small_stm_window_1/MassSpecData-02115-20261006-160816.csv,2026-10-06 16:05:29.144,3.0112
2026-10-06 16:08:30.024,1.0157e-10,Torr,11.small_stm_window_1,spray,11.small_stm_window_1/MassSpecData-02115-20261006-160816.csv,2026-10-06 16:05:29.144,3.0146666666666664
2026-10-06 16:08:30.232,9.9332e-11,Torr,11.small_stm_window_1,spray,11.small_stm_window_1/MassSpecData-02115-20261006-160816.csv,2026-10-06 16:05:29.144,3.018133333333333
2026-10-06 16:08:30.441,8.7406e-11,Torr,11.small_stm_window_1,spray,11.small_stm_window_1/MassSpecData-02115-20261006-160816.csv,2026-10-06 16:05:29.144,3.0216166666666666
2026-10-06 16:08:30.649,8.252e-11,Torr,11.small_stm_window_1,spray,11.small_stm_window_1/MassSpecData-02115-20261006-160816.csv,2026-10-06 16:05:29.144,3.0250833333333333
2026-10-06 16:08:30.857,8.8157e-11,Torr,11.small_stm_window_1,spray,11.small_stm_window_1/MassSpecData-02115-20261006-160816.csv,2026-10-06 16:05:29.144,3.02855
2026-10-06 16:08:31.066,7.552e-11,Torr,11.small_stm_window_1,spray,11.small_stm_window_1/MassSpecData-02115-20261006-160816.csv,2026-10-06 16:05:29.144,3.032033333333333
2026-10-06 16:08:31.274,1.016e-10,Torr,11.small_stm_window_1,spray,11.small_stm_window_1/MassSpecData-02115-20261006-160816.csv,2026-10-06 16:05:29.144,3.0355
2026-10-06 16:08:31.482,8.6669e-11,Torr,11.small_stm_window_1,spray,11.small_stm_window_1/MassSpecData-02115-20261006-160816.csv,2026-10-06 16:05:29.144,3.0389666666666666
2026-10-06 16:08:31.691,9.2495e-11,Torr,11.small_stm_window_1,spray,11.small_stm_window_1/MassSpecData-02115-20261006-160816.csv,2026-10-06 16:05:29.144,3.04245
2026-10-06 16:08:31.899,7.4469e-11,Torr,11.small_stm_window_1,spray,11.small_stm_window_1/MassSpecData-02115-20261006-160816.csv,2026-10-06 16:05:29.144,3.0459166666666664
2026-10-06 16:08:32.107,8.9189e-11,Torr,11.small_stm_window_1,spray,11.small_stm_window_1/MassSpecData-02115-20261006-160816.csv,2026-10-06 16:05:29.144,3.049383333333333
2026-10-06 16:08:32.316,1.0037e-10,Torr,11.small_stm_window_1,spray,11.small_stm_window_1/MassSpecData-02115-20261006-160816.csv,2026-10-06 16:05:29.144,3.0528666666666666
2026-10-06 16:08:32.524,8.0574e-11,Torr,11.small_stm_window_1,spray,11.small_stm_window_1/MassSpecData-02115-20261006-160816.csv,2026-10-06 16:05:29.144,3.0563333333333333
2026-10-06 16:08:32.732,9.2965e-11,Torr,11.small_stm_window_1,spray,11.small_stm_window_1/MassSpecData-02115-20261006-160816.csv,2026-10-06 16:05:29.144,3.0598
2026-10-06 16:08:32.941,7.6536e-11,Torr,11.small_stm_window_1,spray,11.small_stm_window_1/MassSpecData-02115-20261006-160816.csv,2026-10-06 16:05:29.144,3.063283333333333
2026-10-06 16:08:33.149,8.9229e-11,Torr,11.small_stm_window_1,spray,11.small_stm_window_1/MassSpecData-02115-20261006-160816.csv,2026-10-06 16:05:29.144,3.06675
2026-10-06 16:08:33.357,8.4652e-11,Torr,11.small_stm_window_1,spray,11.small_stm_window_1/MassSpecData-02115-20261006-160816.csv,2026-10-06 16:05:29.144,3.0702166666666666
2026-10-06 16:08:33.566,9.4203e-11,Torr,11.small_stm_window_1,spray,11.small_stm_window_1/MassSpecData-02115-20261006-160816.csv,2026-10-06 16:05:29.144,3.0737
2026-10-06 16:08:33.774,8.6111e-11,Torr,11.small_stm_window_1,spray,11.small_stm_window_1/MassSpecData-02115-20261006-160816.csv,2026-10-06 16:05:29.144,3.0771666666666664
2026-10-06 16:08:33.982,8.5196e-11,Torr,11.small_stm_window_1,spray,11.small_stm_window_1/MassSpecData-02115-20261006-160816.csv,2026-10-06 16:05:29.144,3.080633333333333
2026-10-06 16:08:34.191,8.5306e-11,Torr,11.small_stm_window_1,spray,11.small_stm_window_1/MassSpecData-02115-20261006-160816.csv,2026-10-06 16:05:29.144,3.0841166666666666
2026-10-06 16:08:34.399,8.9766e-11,Torr,11.small_stm_window_1,spray,11.small_stm_window_1/MassSpecData-02115-20261006-160816.csv,2026-10-06 16:05:29.144,3.0875833333333333
2026-10-06 16:08:34.607,8.342e-11,Torr,11.small_stm_window_1,spray,11.small_stm_window_1/MassSpecData-02115-20261006-160816.csv,2026-10-06 16:05:29.144,3.09105
2026-10-06 16:08:34.816,9.0264e-11,Torr,11.small_stm_window_1,spray,11.small_stm_window_1/MassSpecData-02115-20261006-160816.csv,2026-10-06 16:05:29.144,3.094533333333333
2026-10-06 16:08:35.024,9.6011e-11,Torr,11.small_stm_window_1,spray,11.small_stm_window_1/MassSpecData-02115-20261006-160816.csv,2026-10-06 16:05:29.144,3.098
2026-10-06 16:08:35.232,8.2433e-11,Torr,11.small_stm_window_1,spray,11.small_stm_window_1/MassSpecData-02115-20261006-160816.csv,2026-10-06 16:05:29.144,3.1014666666666666
2026-10-06 16:08:35.441,8.4087e-11,Torr,11.small_stm_window_1,spray,11.small_stm_window_1/MassSpecData-02115-20261006-160816.csv,2026-10-06 16:05:29.144,3.10495
2026-10-06 16:08:35.649,6.7332e-11,Torr,11.small_stm_window_1,spray,11.small_stm_window_1/MassSpecData-02115-20261006-160816.csv,2026-10-06 16:05:29.144,3.1084166666666664
2026-10-06 16:08:35.857,9.7304e-11,Torr,11.small_stm_window_1,spray,11.small_stm_window_1/MassSpecData-02115-20261006-160816.csv,2026-10-06 16:05:29.144,3.111883333333333
2026-10-06 16:08:36.065,8.0825e-11,Torr,11.small_stm_window_1,spray,11.small_stm_window_1/MassSpecData-02115-20261006-160816.csv,2026-10-06 16:05:29.144,3.11535
2026-10-06 16:08:36.274,8.8146e-11,Torr,11.small_stm_window_1,spray,11.small_stm_window_1/MassSpecData-02115-20261006-160816.csv,2026-10-06 16:05:29.144,3.1188333333333333
2026-10-06 16:08:36.482,9.4241e-11,Torr,11.small_stm_window_1,spray,11.small_stm_window_1/MassSpecData-02115-20261006-160816.csv,2026-10-06 16:05:29.144,3.1223
2026-10-06 16:08:36.690,8.0955e-11,Torr,11.small_stm_window_1,spray,11.small_stm_window_1/MassSpecData-02115-20261006-160816.csv,2026-10-06 16:05:29.144,3.1257666666666664
2026-10-06 16:08:36.899,7.5143e-11,Torr,11.small_stm_window_1,spray,11.small_stm_window_1/MassSpecData-02115-20261006-160816.csv,2026-10-06 16:05:29.144,3.12925
2026-10-06 16:08:37.107,7.8892e-11,Torr,11.small_stm_window_1,spray,11.small_stm_window_1/MassSpecData-02115-20261006-160816.csv,2026-10-06 16:05:29.144,3.1327166666666666
2026-10-06 16:08:37.315,6.6406e-11,Torr,11.small_stm_window_1,spray,11.small_stm_window_1/MassSpecData-02115-20261006-160816.csv,2026-10-06 16:05:29.144,3.1361833333333333
2026-10-06 16:08:37.524,9.8493e-11,Torr,11.small_stm_window_1,spray,11.small_stm_window_1/MassSpecData-02115-20261006-160816.csv,2026-10-06 16:05:29.144,3.1396666666666664
2026-10-06 16:08:37.732,1.0313e-10,Torr,11.small_stm_window_1,spray,11.small_stm_window_1/MassSpecData-02115-20261006-160816.csv,2026-10-06 16:05:29.144,3.143133333333333
2026-10-06 16:08:37.940,8.7683e-11,Torr,11.small_stm_window_1,spray,11.small_stm_window_1/MassSpecData-02115-20261006-160816.csv,2026-10-06 16:05:29.144,3.1466
2026-10-06 16:08:38.149,8.4277e-11,Torr,11.small_stm_window_1,spray,11.small_stm_window_1/MassSpecData-02115-20261006-160816.csv,2026-10-06 16:05:29.144,3.1500833333333333
2026-10-06 16:08:38.357,8.8794e-11,Torr,11.small_stm_window_1,spray,11.small_stm_window_1/MassSpecData-02115-20261006-160816.csv,2026-10-06 16:05:29.144,3.15355
2026-10-06 16:08:38.565,1.0061e-10,Torr,11.small_stm_window_1,spray,11.small_stm_window_1/MassSpecData-02115-20261006-160816.csv,2026-10-06 16:05:29.144,3.1570166666666664
2026-10-06 16:08:38.774,9.1169e-11,Torr,11.small_stm_window_1,spray,11.small_stm_window_1/MassSpecData-02115-20261006-160816.csv,2026-10-06 16:05:29.144,3.1605
2026-10-06 16:08:38.982,8.4669e-11,Torr,11.small_stm_window_1,spray,11.small_stm_window_1/MassSpecData-02115-20261006-160816.csv,2026-10-06 16:05:29.144,3.1639666666666666
2026-10-06 16:08:39.190,8.4141e-11,Torr,11.small_stm_window_1,spray,11.small_stm_window_1/MassSpecData-02115-20261006-160816.csv,2026-10-06 16:05:29.144,3.1674333333333333
2026-10-06 16:08:39.399,8.6078e-11,Torr,11.small_stm_window_1,spray,11.small_stm_window_1/MassSpecData-02115-20261006-160816.csv,2026-10-06 16:05:29.144,3.1709166666666664
2026-10-06 16:08:39.607,7.6498e-11,Torr,11.small_stm_window_1,spray,11.small_stm_window_1/MassSpecData-02115-20261006-160816.csv,2026-10-06 16:05:29.144,3.174383333333333
2026-10-06 16:08:39.815,9.2258e-11,Torr,11.small_stm_window_1,spray,11.small_stm_window_1/MassSpecData-02115-20261006-160816.csv,2026-10-06 16:05:29.144,3.17785
2026-10-06 16:08:40.024,9.4533e-11,Torr,11.small_stm_window_1,spray,11.small_stm_window_1/MassSpecData-02115-20261006-160816.csv,2026-10-06 16:05:29.144,3.1813333333333333
2026-10-06 16:08:40.232,7.6455e-11,Torr,11.small_stm_window_1,spray,11.small_stm_window_1/MassSpecData-02115-20261006-160816.csv,2026-10-06 16:05:29.144,3.1848
2026-10-06 16:08:40.440,8.5036e-11,Torr,11.small_stm_window_1,spray,11.small_stm_window_1/MassSpecData-02115-20261006-160816.csv,2026-10-06 16:05:29.144,3.1882666666666664
2026-10-06 16:08:40.649,8.6711e-11,Torr,11.small_stm_window_1,spray,11.small_stm_window_1/MassSpecData-02115-20261006-160816.csv,2026-10-06 16:05:29.144,3.19175
2026-10-06 16:08:40.857,9.7609e-11,Torr,11.small_stm_window_1,spray,11.small_stm_window_1/MassSpecData-02115-20261006-160816.csv,2026-10-06 16:05:29.144,3.1952166666666666
2026-10-06 16:08:41.065,9.2323e-11,Torr,11.small_stm_window_1,spray,11.small_stm_window_1/MassSpecData-02115-20261006-160816.csv,2026-10-06 16:05:29.144,3.1986833333333333
2026-10-06 16:08:41.274,8.1871e-11,Torr,11.small_stm_window_1,spray,11.small_stm_window_1/MassSpecData-02115-20261006-160816.csv,2026-10-06 16:05:29.144,3.2021666666666664
2026-10-06 16:08:41.482,9.7218e-11,Torr,11.small_stm_window_1,spray,11.small_stm_window_1/MassSpecData-02115-20261006-160816.csv,2026-10-06 16:05:29.144,3.205633333333333
2026-10-06 16:08:41.690,8.8896e-11,Torr,11.small_stm_window_1,spray,11.small_stm_window_1/MassSpecData-02115-20261006-160816.csv,2026-10-06 16:05:29.144,3.2091
2026-10-06 16:08:41.899,8.1152e-11,Torr,11.small_stm_window_1,spray,11.small_stm_window_1/MassSpecData-02115-20261006-160816.csv,2026-10-06 16:05:29.144,3.2125833333333333
2026-10-06 16:08:42.107,7.6651e-11,Torr,11.small_stm_window_1,spray,11.small_stm_window_1/MassSpecData-02115-20261006-160816.csv,2026-10-06 16:05:29.144,3.21605
2026-10-06 16:08:42.315,8.8902e-11,Torr,11.small_stm_window_1,spray,11.small_stm_window_1/MassSpecData-02115-20261006-160816.csv,2026-10-06 16:05:29.144,3.2195166666666664
2026-10-06 16:08:42.524,7.4359e-11,Torr,11.small_stm_window_1,spray,11.small_stm_window_1/MassSpecData-02115-20261006-160816.csv,2026-10-06 16:05:29.144,3.223
2026-10-06 16:08:42.732,8.6717e-11,Torr,11.small_stm_window_1,spray,11.small_stm_window_1/MassSpecData-02115-20261006-160816.csv,2026-10-06 16:05:29.144,3.2264666666666666
2026-10-06 16:08:42.940,8.589e-11,Torr,11.small_stm_window_1,spray,11.small_stm_window_1/MassSpecData-02115-20261006-160816.csv,2026-10-06 16:05:29.144,3.2299333333333333
2026-10-06 16:08:43.149,7.8025e-11,Torr,11.small_stm_window_1,spray,11.small_stm_window_1/MassSpecData-02115-20261006-160816.csv,2026-10-06 16:05:29.144,3.2334166666666664
2026-10-06 16:08:43.357,8.6112e-11,Torr,11.small_stm_window_1,spray,11.small_stm_window_1/MassSpecData-02115-20261006-160816.csv,2026-10-06 16:05:29.144,3.236883333333333
2026-10-06 16:08:43.565,8.2908e-11,Torr,11.small_stm_window_1,spray,11.small_stm_window_1/MassSpecData-02115-20261006-160816.csv,2026-10-06 16:05:29.144,3.24035
2026-10-06 16:08:43.774,7.8444e-11,Torr,11.small_stm_window_1,spray,11.small_stm_window_1/MassSpecData-02115-20261006-160816.csv,2026-10-06 16:05:29.144,3.2438333333333333
2026-10-06 16:08:43.982,7.3348e-11,Torr,11.small_stm_window_1,spray,11.small_stm_window_1/MassSpecData-02115-20261006-160816.csv,2026-10-06 16:05:29.144,3.2473
2026-10-06 16:08:44.190,9.1745e-11,Torr,11.small_stm_window_1,spray,11.small_stm_window_1/MassSpecData-02115-20261006-160816.csv,2026-10-06 16:05:29.144,3.2507666666666664
2026-10-06 16:08:44.399,9.558e-11,Torr,11.small_stm_window_1,spray,11.small_stm_window_1/MassSpecData-02115-20261006-160816.csv,2026-10-06 16:05:29.144,3.25425
2026-10-06 16:08:44.607,8.9967e-11,Torr,11.small_stm_window_1,spray,11.small_stm_window_1/MassSpecData-02115-20261006-160816.csv,2026-10-06 16:05:29.144,3.2577166666666666
2026-10-06 16:08:44.815,9.4569e-11,Torr,11.small_stm_window_1,spray,11.small_stm_window_1/MassSpecData-02115-20261006-160816.csv,2026-10-06 16:05:29.144,3.2611833333333333
2026-10-06 16:08:45.024,8.1493e-11,Torr,11.small_stm_window_1,spray,11.small_stm_window_1/MassSpecData-02115-20261006-160816.csv,2026-10-06 16:05:29.144,3.2646666666666664
2026-10-06 16:08:45.232,8.9705e-11,Torr,11.small_stm_window_1,spray,11.small_stm_window_1/MassSpecData-02115-20261006-160816.csv,2026-10-06 16:05:29.144,3.268133333333333
2026-10-06 16:08:45.440,8.8401e-11,Torr,11.small_stm_window_1,spray,11.small_stm_window_1/MassSpecData-02115-20261006-160816.csv,2026-10-06 16:05:29.144,3.2716
2026-10-06 16:08:45.649,7.7078e-11,Torr,11.small_stm_window_1,spray,11.small_stm_window_1/MassSpecData-02115-20261006-160816.csv,2026-10-06 16:05:29.144,3.2750833333333333
2026-10-06 16:08:45.857,8.1043e-11,Torr,11.small_stm_window_1,spray,11.small_stm_window_1/MassSpecData-02115-20261006-160816.csv,2026-10-06 16:05:29.144,3.27855
2026-10-06 16:08:46.065,8.9829e-11,Torr,11.small_stm_window_1,spray,11.small_stm_window_1/MassSpecData-02115-20261006-160816.csv,2026-10-06 16:05:29.144,3.2820166666666664
2026-10-06 16:08:46.274,9.7211e-11,Torr,11.small_stm_window_1,spray,11.small_stm_window_1/MassSpecData-02115-20261006-160816.csv,2026-10-06 16:05:29.144,3.2855
2026-10-06 16:08:46.482,8.3493e-11,Torr,11.small_stm_window_1,spray,11.small_stm_window_1/MassSpecData-02115-20261006-160816.csv,2026-10-06 16:05:29.144,3.2889666666666666
2026-10-06 16:08:46.690,9.6066e-11,Torr,11.small_stm_window_1,spray,11.small_stm_window_1/MassSpecData-02115-20261006-160816.csv,2026-10-06 16:05:29.144,3.2924333333333333
2026-10-06 16:08:46.899,9.1454e-11,Torr,11.small_stm_window_1,spray,11.small_stm_window_1/MassSpecData-02115-20261006-160816.csv,2026-10-06 16:05:29.144,3.2959166666666664
2026-10-06 16:08:47.107,8.3023e-11,Torr,11.small_stm_window_1,spray,11.small_stm_window_1/MassSpecData-02115-20261006-160816.csv,2026-10-06 16:05:29.144,3.299383333333333
2026-10-06 16:08:47.315,1.0308e-10,Torr,11.small_stm_window_1,spray,11.small_stm_window_1/MassSpecData-02115-20261006-160816.csv,2026-10-06 16:05:29.144,3.30285
2026-10-06 16:08:47.524,8.5599e-11,Torr,11.small_stm_window_1,spray,11.small_stm_window_1/MassSpecData-02115-20261006-160816.csv,2026-10-06 16:05:29.144,3.3063333333333333
2026-10-06 16:08:47.732,8.6933e-11,Torr,11.small_stm_window_1,spray,11.small_stm_window_1/MassSpecData-02115-20261006-160816.csv,2026-10-06 16:05:29.144,3.3098
2026-10-06 16:08:47.940,8.5857e-11,Torr,11.small_stm_window_1,spray,11.small_stm_window_1/MassSpecData-02115-20261006-160816.csv,2026-10-06 16:05:29.144,3.3132666666666664
2026-10-06 16:08:48.149,7.7394e-11,Torr,11.small_stm_window_1,spray,11.small_stm_window_1/MassSpecData-02115-20261006-160816.csv,2026-10-06 16:05:29.144,3.31675
2026-10-06 16:08:48.357,9.1465e-11,Torr,11.small_stm_window_1,spray,11.small_stm_window_1/MassSpecData-02115-20261006-160816.csv,2026-10-06 16:05:29.144,3.3202166666666666
2026-10-06 16:08:48.565,7.2405e-11,Torr,11.small_stm_window_1,spray,11.small_stm_window_1/MassSpecData-02115-20261006-160816.csv,2026-10-06 16:05:29.144,3.3236833333333333
2026-10-06 16:08:48.774,8.2117e-11,Torr,11.small_stm_window_1,spray,11.small_stm_window_1/MassSpecData-02115-20261006-160816.csv,2026-10-06 16:05:29.144,3.3271666666666664
2026-10-06 16:08:48.982,7.0799e-11,Torr,11.small_stm_window_1,spray,11.small_stm_window_1/MassSpecData-02115-20261006-160816.csv,2026-10-06 16:05:29.144,3.330633333333333
2026-10-06 16:08:49.190,7.6125e-11,Torr,11.small_stm_window_1,spray,11.small_stm_window_1/MassSpecData-02115-20261006-160816.csv,2026-10-06 16:05:29.144,3.3341
2026-10-06 16:08:49.399,7.6611e-11,Torr,11.small_stm_window_1,spray,11.small_stm_window_1/MassSpecData-02115-20261006-160816.csv,2026-10-06 16:05:29.144,3.3375833333333333
2026-10-06 16:08:49.607,8.3754e-11,Torr,11.small_stm_window_1,spray,11.small_stm_window_1/MassSpecData-02115-20261006-160816.csv,2026-10-06 16:05:29.144,3.34105
2026-10-06 16:08:49.815,8.3833e-11,Torr,11.small_stm_window_1,spray,11.small_stm_window_1/MassSpecData-02115-20261006-160816.csv,2026-10-06 16:05:29.144,3.3445166666666664
2026-10-06 16:08:50.024,7.6117e-11,Torr,11.small_stm_window_1,spray,11.small_stm_window_1/MassSpecData-02115-20261006-160816.csv,2026-10-06 16:05:29.144,3.348
2026-10-06 16:08:50.232,9.579e-11,Torr,11.small_stm_window_1,spray,11.small_stm_window_1/MassSpecData-02115-20261006-160816.csv,2026-10-06 16:05:29.144,3.3514666666666666
2026-10-06 16:08:50.440,8.8052e-11,Torr,11.small_stm_window_1,spray,11.small_stm_window_1/MassSpecData-02115-20261006-160816.csv,2026-10-06 16:05:29.144,3.3549333333333333
2026-10-06 16:08:50.649,8.1763e-11,Torr,11.small_stm_window_1,spray,11.small_stm_window_1/MassSpecData-02115-20261006-160816.csv,2026-10-06 16:05:29.144,3.3584166666666664
2026-10-06 16:08:50.857,8.5762e-11,Torr,11.small_stm_window_1,spray,11.small_stm_window_1/MassSpecData-02115-20261006-160816.csv,2026-10-06 16:05:29.144,3.361883333333333
2026-10-06 16:08:51.065,8.6095e-11,Torr,11.small_stm_window_1,spray,11.small_stm_window_1/MassSpecData-02115-20261006-160816.csv,2026-10-06 16:05:29.144,3.36535
2026-10-06 16:08:51.274,8.9736e-11,Torr,11.small_stm_window_1,spray,11.small_stm_window_1/MassSpecData-02115-20261006-160816.csv,2026-10-06 16:05:29.144,3.3688333333333333
2026-10-06 16:08:51.482,7.4432e-11,Torr,11.small_stm_window_1,spray,11.small_stm_window_1/MassSpecData-02115-20261006-160816.csv,2026-10-06 16:05:29.144,3.3723
2026-10-06 16:08:51.690,8.1647e-11,Torr,11.small_stm_window_1,spray,11.small_stm_window_1/MassSpecData-02115-20261006-160816.csv,2026-10-06 16:05:29.144,3.3757666666666664
2026-10-06 16:08:51.899,9.089e-11,Torr,11.small_stm_window_1,spray,11.small_stm_window_1/MassSpecData-02115-20261006-160816.csv,2026-10-06 16:05:29.144,3.37925
2026-10-06 16:08:52.107,9.6485e-11,Torr,11.small_stm_window_1,spray,11.small_stm_window_1/MassSpecData-02115-20261006-160816.csv,2026-10-06 16:05:29.144,3.3827166666666666
2026-10-06 16:08:52.315,9.0979e-11,Torr,11.small_stm_window_1,spray,11.small_stm_window_1/MassSpecData-02115-20261006-160816.csv,2026-10-06 16:05:29.144,3.3861833333333333
2026-10-06 16:08:52.524,8.1637e-11,Torr,11.small_stm_window_1,spray,11.small_stm_window_1/MassSpecData-02115-20261006-160816.csv,2026-10-06 16:05:29.144,3.3896666666666664
2026-10-06 16:08:52.732,9.0459e-11,Torr,11.small_stm_window_1,spray,11.small_stm_window_1/MassSpecData-02115-20261006-160816.csv,2026-10-06 16:05:29.144,3.393133333333333
2026-10-06 16:08:52.940,8.3475e-11,Torr,11.small_stm_window_1,spray,11.small_stm_window_1/MassSpecData-02115-20261006-160816.csv,2026-10-06 16:05:29.144,3.3966
2026-10-06 16:08:53.149,8.8523e-11,Torr,11.small_stm_window_1,spray,11.small_stm_window_1/MassSpecData-02115-20261006-160816.csv,2026-10-06 16:05:29.144,3.4000833333333333
2026-10-06 16:08:53.357,8.3225e-11,Torr,11.small_stm_window_1,spray,11.small_stm_window_1/MassSpecData-02115-20261006-160816.csv,2026-10-06 16:05:29.144,3.40355
2026-10-06 16:08:53.565,8.5818e-11,Torr,11.small_stm_window_1,spray,11.small_stm_window_1/MassSpecData-02115-20261006-160816.csv,2026-10-06 16:05:29.144,3.4070166666666664
2026-10-06 16:08:53.774,8.5694e-11,Torr,11.small_stm_window_1,spray,11.small_stm_window_1/MassSpecData-02115-20261006-160816.csv,2026-10-06 16:05:29.144,3.4105
2026-10-06 16:08:53.982,9.4374e-11,Torr,11.small_stm_window_1,spray,11.small_stm_window_1/MassSpecData-02115-20261006-160816.csv,2026-10-06 16:05:29.144,3.4139666666666666
2026-10-06 16:08:54.191,8.2205e-11,Torr,11.small_stm_window_1,spray,11.small_stm_window_1/MassSpecData-02115-20261006-160816.csv,2026-10-06 16:05:29.144,3.41745
2026-10-06 16:08:54.399,9.8445e-11,Torr,11.small_stm_window_1,spray,11.small_stm_window_1/MassSpecData-02115-20261006-160816.csv,2026-10-06 16:05:29.144,3.4209166666666664
2026-10-06 16:08:54.607,9.4766e-11,Torr,11.small_stm_window_1,spray,11.small_stm_window_1/MassSpecData-02115-20261006-160816.csv,2026-10-06 16:05:29.144,3.424383333333333
2026-10-06 16:08:54.816,8.6721e-11,Torr,11.small_stm_window_1,spray,11.small_stm_window_1/MassSpecData-02115-20261006-160816.csv,2026-10-06 16:05:29.144,3.4278666666666666
2026-10-06 16:08:55.024,9.5824e-11,Torr,11.small_stm_window_1,spray,11.small_stm_window_1/MassSpecData-02115-20261006-160816.csv,2026-10-06 16:05:29.144,3.4313333333333333
2026-10-06 16:08:55.232,8.3807e-11,Torr,11.small_stm_window_1,spray,11.small_stm_window_1/MassSpecData-02115-20261006-160816.csv,2026-10-06 16:05:29.144,3.4348
2026-10-06 16:08:55.441,8.6901e-11,Torr,11.small_stm_window_1,spray,11.small_stm_window_1/MassSpecData-02115-20261006-160816.csv,2026-10-06 16:05:29.144,3.438283333333333
2026-10-06 16:08:55.649,9.011e-11,Torr,11.small_stm_window_1,spray,11.small_stm_window_1/MassSpecData-02115-20261006-160816.csv,2026-10-06 16:05:29.144,3.44175
2026-10-06 16:08:55.857,8.8252e-11,Torr,11.small_stm_window_1,spray,11.small_stm_window_1/MassSpecData-02115-20261006-160816.csv,2026-10-06 16:05:29.144,3.4452166666666666
2026-10-06 16:08:56.066,7.699e-11,Torr,11.small_stm_window_1,spray,11.small_stm_window_1/MassSpecData-02115-20261006-160816.csv,2026-10-06 16:05:29.144,3.4487
2026-10-06 16:08:56.274,9.4001e-11,Torr,11.small_stm_window_1,spray,11.small_stm_window_1/MassSpecData-02115-20261006-160816.csv,2026-10-06 16:05:29.144,3.4521666666666664
2026-10-06 16:08:56.482,8.5608e-11,Torr,11.small_stm_window_1,spray,11.small_stm_window_1/MassSpecData-02115-20261006-160816.csv,2026-10-06 16:05:29.144,3.455633333333333
2026-10-06 16:08:56.691,7.182e-11,Torr,11.small_stm_window_1,spray,11.small_stm_window_1/MassSpecData-02115-20261006-160816.csv,2026-10-06 16:05:29.144,3.4591166666666666
2026-10-06 16:08:56.899,9.1688e-11,Torr,11.small_stm_window_1,spray,11.small_stm_window_1/MassSpecData-02115-20261006-160816.csv,2026-10-06 16:05:29.144,3.4625833333333333
2026-10-06 16:08:57.107,9.402e-11,Torr,11.small_stm_window_1,spray,11.small_stm_window_1/MassSpecData-02115-20261006-160816.csv,2026-10-06 16:05:29.144,3.46605
2026-10-06 16:08:57.316,7.2963e-11,Torr,11.small_stm_window_1,spray,11.small_stm_window_1/MassSpecData-02115-20261006-160816.csv,2026-10-06 16:05:29.144,3.469533333333333
2026-10-06 16:08:57.524,7.7406e-11,Torr,11.small_stm_window_1,spray,11.small_stm_window_1/MassSpecData-02115-20261006-160816.csv,2026-10-06 16:05:29.144,3.473
2026-10-06 16:08:57.732,7.8651e-11,Torr,11.small_stm_window_1,spray,11.small_stm_window_1/MassSpecData-02115-20261006-160816.csv,2026-10-06 16:05:29.144,3.4764666666666666
2026-10-06 16:08:58.141,1.0692e-10,Torr,11.small_stm_window_1,spray,11.small_stm_window_1/MassSpecData-02115-20261006-160858.csv,2026-10-06 16:05:29.144,3.4832833333333335
2026-10-06 16:08:58.349,7.5954e-11,Torr,11.small_stm_window_1,spray,11.small_stm_window_1/MassSpecData-02115-20261006-160858.csv,2026-10-06 16:05:29.144,3.4867500000000002
2026-10-06 16:08:58.558,7.9901e-11,Torr,11.small_stm_window_1,spray,11.small_stm_window_1/MassSpecData-02115-20261006-160858.csv,2026-10-06 16:05:29.144,3.4902333333333333
2026-10-06 16:08:58.766,9.7452e-11,Torr,11.small_stm_window_1,spray,11.small_stm_window_1/MassSpecData-02115-20261006-160858.csv,2026-10-06 16:05:29.144,3.4937
2026-10-06 16:08:58.974,9.1482e-11,Torr,11.small_stm_window_1,spray,11.small_stm_window_1/MassSpecData-02115-20261006-160858.csv,2026-10-06 16:05:29.144,3.4971666666666668
2026-10-06 16:08:59.183,7.3969e-11,Torr,11.small_stm_window_1,spray,11.small_stm_window_1/MassSpecData-02115-20261006-160858.csv,2026-10-06 16:05:29.144,3.50065
2026-10-06 16:08:59.391,8.0864e-11,Torr,11.small_stm_window_1,spray,11.small_stm_window_1/MassSpecData-02115-20261006-160858.csv,2026-10-06 16:05:29.144,3.504116666666667
2026-10-06 16:08:59.599,8.763e-11,Torr,11.small_stm_window_1,spray,11.small_stm_window_1/MassSpecData-02115-20261006-160858.csv,2026-10-06 16:05:29.144,3.5075833333333337
2026-10-06 16:08:59.807,8.4591e-11,Torr,11.small_stm_window_1,spray,11.small_stm_window_1/MassSpecData-02115-20261006-160858.csv,2026-10-06 16:05:29.144,3.51105
2026-10-06 16:09:00.016,9.1265e-11,Torr,11.small_stm_window_1,spray,11.small_stm_window_1/MassSpecData-02115-20261006-160858.csv,2026-10-06 16:05:29.144,3.5145333333333335
2026-10-06 16:09:00.224,8.7246e-11,Torr,11.small_stm_window_1,spray,11.small_stm_window_1/MassSpecData-02115-20261006-160858.csv,2026-10-06 16:05:29.144,3.5180000000000002
2026-10-06 16:09:00.433,7.731e-11,Torr,11.small_stm_window_1,spray,11.small_stm_window_1/MassSpecData-02115-20261006-160858.csv,2026-10-06 16:05:29.144,3.5214833333333333
2026-10-06 16:09:00.641,6.8688e-11,Torr,11.small_stm_window_1,spray,11.small_stm_window_1/MassSpecData-02115-20261006-160858.csv,2026-10-06 16:05:29.144,3.52495
2026-10-06 16:09:00.849,9.3014e-11,Torr,11.small_stm_window_1,spray,11.small_stm_window_1/MassSpecData-02115-20261006-160858.csv,2026-10-06 16:05:29.144,3.5284166666666668
2026-10-06 16:09:01.058,8.7977e-11,Torr,11.small_stm_window_1,spray,11.small_stm_window_1/MassSpecData-02115-20261006-160858.csv,2026-10-06 16:05:29.144,3.5319
2026-10-06 16:09:01.266,7.7585e-11,Torr,11.small_stm_window_1,spray,11.small_stm_window_1/MassSpecData-02115-20261006-160858.csv,2026-10-06 16:05:29.144,3.535366666666667
2026-10-06 16:09:01.474,9.0763e-11,Torr,11.small_stm_window_1,spray,11.small_stm_window_1/MassSpecData-02115-20261006-160858.csv,2026-10-06 16:05:29.144,3.5388333333333337
2026-10-06 16:09:01.683,8.6886e-11,Torr,11.small_stm_window_1,spray,11.small_stm_window_1/MassSpecData-02115-20261006-160858.csv,2026-10-06 16:05:29.144,3.5423166666666663
2026-10-06 16:09:01.891,9.2587e-11,Torr,11.small_stm_window_1,spray,11.small_stm_window_1/MassSpecData-02115-20261006-160858.csv,2026-10-06 16:05:29.144,3.5457833333333335
2026-10-06 16:09:02.099,8.646e-11,Torr,11.small_stm_window_1,spray,11.small_stm_window_1/MassSpecData-02115-20261006-160858.csv,2026-10-06 16:05:29.144,3.5492500000000002
2026-10-06 16:09:02.308,8.0559e-11,Torr,11.small_stm_window_1,spray,11.small_stm_window_1/MassSpecData-02115-20261006-160858.csv,2026-10-06 16:05:29.144,3.5527333333333333
2026-10-06 16:09:02.516,9.0785e-11,Torr,11.small_stm_window_1,spray,11.small_stm_window_1/MassSpecData-02115-20261006-160858.csv,2026-10-06 16:05:29.144,3.5562
2026-10-06 16:09:02.724,9.4752e-11,Torr,11.small_stm_window_1,spray,11.small_stm_window_1/MassSpecData-02115-20261006-160858.csv,2026-10-06 16:05:29.144,3.5596666666666668
2026-10-06 16:09:02.933,8.3253e-11,Torr,11.small_stm_window_1,spray,11.small_stm_window_1/MassSpecData-02115-20261006-160858.csv,2026-10-06 16:05:29.144,3.56315
2026-10-06 16:09:03.141,7.5891e-11,Torr,11.small_stm_window_1,spray,11.small_stm_window_1/MassSpecData-02115-20261006-160858.csv,2026-10-06 16:05:29.144,3.566616666666667
2026-10-06 16:09:03.349,8.3996e-11,Torr,11.small_stm_window_1,spray,11.small_stm_window_1/MassSpecData-02115-20261006-160858.csv,2026-10-06 16:05:29.144,3.5700833333333337
2026-10-06 16:09:03.557,1.007e-10,Torr,11.small_stm_window_1,spray,11.small_stm_window_1/MassSpecData-02115-20261006-160858.csv,2026-10-06 16:05:29.144,3.57355
2026-10-06 16:09:03.766,7.3292e-11,Torr,11.small_stm_window_1,spray,11.small_stm_window_1/MassSpecData-02115-20261006-160858.csv,2026-10-06 16:05:29.144,3.5770333333333335
2026-10-06 16:09:03.974,9.3469e-11,Torr,11.small_stm_window_1,spray,11.small_stm_window_1/MassSpecData-02115-20261006-160858.csv,2026-10-06 16:05:29.144,3.5805000000000002
2026-10-06 16:09:04.182,7.6205e-11,Torr,11.small_stm_window_1,spray,11.small_stm_window_1/MassSpecData-02115-20261006-160858.csv,2026-10-06 16:05:29.144,3.583966666666667
2026-10-06 16:09:04.391,9.1326e-11,Torr,11.small_stm_window_1,spray,11.small_stm_window_1/MassSpecData-02115-20261006-160858.csv,2026-10-06 16:05:29.144,3.58745
2026-10-06 16:09:04.599,7.2225e-11,Torr,11.small_stm_window_1,spray,11.small_stm_window_1/MassSpecData-02115-20261006-160858.csv,2026-10-06 16:05:29.144,3.5909166666666668
2026-10-06 16:09:04.807,9.0608e-11,Torr,11.small_stm_window_1,spray,11.small_stm_window_1/MassSpecData-02115-20261006-160858.csv,2026-10-06 16:05:29.144,3.5943833333333335
2026-10-06 16:09:05.016,8.5152e-11,Torr,11.small_stm_window_1,spray,11.small_stm_window_1/MassSpecData-02115-20261006-160858.csv,2026-10-06 16:05:29.144,3.597866666666667
2026-10-06 16:09:05.224,8.7082e-11,Torr,11.small_stm_window_1,spray,11.small_stm_window_1/MassSpecData-02115-20261006-160858.csv,2026-10-06 16:05:29.144,3.6013333333333337
2026-10-06 16:09:05.432,9.5292e-11,Torr,11.small_stm_window_1,spray,11.small_stm_window_1/MassSpecData-02115-20261006-160858.csv,2026-10-06 16:05:29.144,3.6048
2026-10-06 16:09:05.641,8.7526e-11,Torr,11.small_stm_window_1,spray,11.small_stm_window_1/MassSpecData-02115-20261006-160858.csv,2026-10-06 16:05:29.144,3.6082833333333335
2026-10-06 16:09:05.849,9.0703e-11,Torr,11.small_stm_window_1,spray,11.small_stm_window_1/MassSpecData-02115-20261006-160858.csv,2026-10-06 16:05:29.144,3.6117500000000002
2026-10-06 16:09:06.057,7.0348e-11,Torr,11.small_stm_window_1,spray,11.small_stm_window_1/MassSpecData-02115-20261006-160858.csv,2026-10-06 16:05:29.144,3.615216666666667
2026-10-06 16:09:06.266,8.5674e-11,Torr,11.small_stm_window_1,spray,11.small_stm_window_1/MassSpecData-02115-20261006-160858.csv,2026-10-06 16:05:29.144,3.6187
2026-10-06 16:09:06.474,8.4109e-11,Torr,11.small_stm_window_1,spray,11.small_stm_window_1/MassSpecData-02115-20261006-160858.csv,2026-10-06 16:05:29.144,3.6221666666666668
2026-10-06 16:09:06.682,7.6096e-11,Torr,11.small_stm_window_1,spray,11.small_stm_window_1/MassSpecData-02115-20261006-160858.csv,2026-10-06 16:05:29.144,3.6256333333333335
2026-10-06 16:09:06.891,6.6924e-11,Torr,11.small_stm_window_1,spray,11.small_stm_window_1/MassSpecData-02115-20261006-160858.csv,2026-10-06 16:05:29.144,3.629116666666667
2026-10-06 16:09:07.099,1.0048e-10,Torr,11.small_stm_window_1,spray,11.small_stm_window_1/MassSpecData-02115-20261006-160858.csv,2026-10-06 16:05:29.144,3.6325833333333337
2026-10-06 16:09:07.308,8.4993e-11,Torr,11.small_stm_window_1,spray,11.small_stm_window_1/MassSpecData-02115-20261006-160858.csv,2026-10-06 16:05:29.144,3.6360666666666663
2026-10-06 16:09:07.516,9.2004e-11,Torr,11.small_stm_window_1,spray,11.small_stm_window_1/MassSpecData-02115-20261006-160858.csv,2026-10-06 16:05:29.144,3.6395333333333335
2026-10-06 16:09:07.724,9.2596e-11,Torr,11.small_stm_window_1,spray,11.small_stm_window_1/MassSpecData-02115-20261006-160858.csv,2026-10-06 16:05:29.144,3.6430000000000002
2026-10-06 16:09:07.933,7.3508e-11,Torr,11.small_stm_window_1,spray,11.small_stm_window_1/MassSpecData-02115-20261006-160858.csv,2026-10-06 16:05:29.144,3.6464833333333333
2026-10-06 16:09:08.141,9.7193e-11,Torr,11.small_stm_window_1,spray,11.small_stm_window_1/MassSpecData-02115-20261006-160858.csv,2026-10-06 16:05:29.144,3.64995
2026-10-06 16:09:08.349,8.162e-11,Torr,11.small_stm_window_1,spray,11.small_stm_window_1/MassSpecData-02115-20261006-160858.csv,2026-10-06 16:05:29.144,3.6534166666666668
2026-10-06 16:09:08.558,7.697e-11,Torr,11.small_stm_window_1,spray,11.small_stm_window_1/MassSpecData-02115-20261006-160858.csv,2026-10-06 16:05:29.144,3.6569
2026-10-06 16:09:08.766,7.4576e-11,Torr,11.small_stm_window_1,spray,11.small_stm_window_1/MassSpecData-02115-20261006-160858.csv,2026-10-06 16:05:29.144,3.660366666666667
2026-10-06 16:09:08.974,9.0153e-11,Torr,11.small_stm_window_1,spray,11.small_stm_window_1/MassSpecData-02115-20261006-160858.csv,2026-10-06 16:05:29.144,3.6638333333333337
2026-10-06 16:09:09.183,8.5666e-11,Torr,11.small_stm_window_1,spray,11.small_stm_window_1/MassSpecData-02115-20261006-160858.csv,2026-10-06 16:05:29.144,3.6673166666666663
2026-10-06 16:09:09.391,8.0318e-11,Torr,11.small_stm_window_1,spray,11.small_stm_window_1/MassSpecData-02115-20261006-160858.csv,2026-10-06 16:05:29.144,3.6707833333333335
2026-10-06 16:09:09.599,8.15e-11,Torr,11.small_stm_window_1,spray,11.small_stm_window_1/MassSpecData-02115-20261006-160858.csv,2026-10-06 16:05:29.144,3.6742500000000002
2026-10-06 16:09:09.808,8.2418e-11,Torr,11.small_stm_window_1,spray,11.small_stm_window_1/MassSpecData-02115-20261006-160858.csv,2026-10-06 16:05:29.144,3.6777333333333333
2026-10-06 16:09:10.016,8.2716e-11,Torr,11.small_stm_window_1,spray,11.small_stm_window_1/MassSpecData-02115-20261006-160858.csv,2026-10-06 16:05:29.144,3.6812
2026-10-06 16:09:10.224,8.4836e-11,Torr,11.small_stm_window_1,spray,11.small_stm_window_1/MassSpecData-02115-20261006-160858.csv,2026-10-06 16:05:29.144,3.6846666666666668
2026-10-06 16:09:10.433,8.705e-11,Torr,11.small_stm_window_1,spray,11.small_stm_window_1/MassSpecData-02115-20261006-160858.csv,2026-10-06 16:05:29.144,3.68815
2026-10-06 16:09:10.641,8.0648e-11,Torr,11.small_stm_window_1,spray,11.small_stm_window_1/MassSpecData-02115-20261006-160858.csv,2026-10-06 16:05:29.144,3.691616666666667
2026-10-06 16:09:10.849,7.3561e-11,Torr,11.small_stm_window_1,spray,11.small_stm_window_1/MassSpecData-02115-20261006-160858.csv,2026-10-06 16:05:29.144,3.6950833333333337
2026-10-06 16:09:11.058,8.3936e-11,Torr,11.small_stm_window_1,spray,11.small_stm_window_1/MassSpecData-02115-20261006-160858.csv,2026-10-06 16:05:29.144,3.6985666666666663
2026-10-06 16:09:11.266,8.8698e-11,Torr,11.small_stm_window_1,spray,11.small_stm_window_1/MassSpecData-02115-20261006-160858.csv,2026-10-06 16:05:29.144,3.7020333333333335
2026-10-06 16:09:11.474,8.2392e-11,Torr,11.small_stm_window_1,spray,11.small_stm_window_1/MassSpecData-02115-20261006-160858.csv,2026-10-06 16:05:29.144,3.7055000000000002
2026-10-06 16:09:11.683,7.8894e-11,Torr,11.small_stm_window_1,spray,11.small_stm_window_1/MassSpecData-02115-20261006-160858.csv,2026-10-06 16:05:29.144,3.7089833333333333
2026-10-06 16:09:11.891,8.7694e-11,Torr,11.small_stm_window_1,spray,11.small_stm_window_1/MassSpecData-02115-20261006-160858.csv,2026-10-06 16:05:29.144,3.71245
2026-10-06 16:09:12.099,9.0572e-11,Torr,11.small_stm_window_1,spray,11.small_stm_window_1/MassSpecData-02115-20261006-160858.csv,2026-10-06 16:05:29.144,3.7159166666666668
2026-10-06 16:09:12.308,7.9479e-11,Torr,11.small_stm_window_1,spray,11.small_stm_window_1/MassSpecData-02115-20261006-160858.csv,2026-10-06 16:05:29.144,3.7194
2026-10-06 16:09:12.516,7.9555e-11,Torr,11.small_stm_window_1,spray,11.small_stm_window_1/MassSpecData-02115-20261006-160858.csv,2026-10-06 16:05:29.144,3.722866666666667
2026-10-06 16:09:12.724,7.766e-11,Torr,11.small_stm_window_1,spray,11.small_stm_window_1/MassSpecData-02115-20261006-160858.csv,2026-10-06 16:05:29.144,3.7263333333333337
2026-10-06 16:09:12.933,7.6117e-11,Torr,11.small_stm_window_1,spray,11.small_stm_window_1/MassSpecData-02115-20261006-160858.csv,2026-10-06 16:05:29.144,3.7298166666666663
2026-10-06 16:09:13.141,8.5872e-11,Torr,11.small_stm_window_1,spray,11.small_stm_window_1/MassSpecData-02115-20261006-160858.csv,2026-10-06 16:05:29.144,3.7332833333333335
2026-10-06 16:09:13.349,8.1376e-11,Torr,11.small_stm_window_1,spray,11.small_stm_window_1/MassSpecData-02115-20261006-160858.csv,2026-10-06 16:05:29.144,3.7367500000000002
2026-10-06 16:09:13.558,7.759e-11,Torr,11.small_stm_window_1,spray,11.small_stm_window_1/MassSpecData-02115-20261006-160858.csv,2026-10-06 16:05:29.144,3.7402333333333333
2026-10-06 16:09:13.766,9.0812e-11,Torr,11.small_stm_window_1,spray,11.small_stm_window_1/MassSpecData-02115-20261006-160858.csv,2026-10-06 16:05:29.144,3.7437
2026-10-06 16:09:13.974,1.0026e-10,Torr,11.small_stm_window_1,spray,11.small_stm_window_1/MassSpecData-02115-20261006-160858.csv,2026-10-06 16:05:29.144,3.7471666666666668
2026-10-06 16:09:14.183,1.053e-10,Torr,11.small_stm_window_1,spray,11.small_stm_window_1/MassSpecData-02115-20261006-160858.csv,2026-10-06 16:05:29.144,3.75065
2026-10-06 16:09:14.391,7.9354e-11,Torr,11.small_stm_window_1,spray,11.small_stm_window_1/MassSpecData-02115-20261006-160858.csv,2026-10-06 16:05:29.144,3.754116666666667
2026-10-06 16:09:14.599,1.0011e-10,Torr,11.small_stm_window_1,spray,11.small_stm_window_1/MassSpecData-02115-20261006-160858.csv,2026-10-06 16:05:29.144,3.7575833333333337
2026-10-06 16:09:14.808,8.6867e-11,Torr,11.small_stm_window_1,spray,11.small_stm_window_1/MassSpecData-02115-20261006-160858.csv,2026-10-06 16:05:29.144,3.7610666666666663
2026-10-06 16:09:15.016,8.0272e-11,Torr,11.small_stm_window_1,spray,11.small_stm_window_1/MassSpecData-02115-20261006-160858.csv,2026-10-06 16:05:29.144,3.7645333333333335
2026-10-06 16:09:15.224,6.5355e-11,Torr,11.small_stm_window_1,spray,11.small_stm_window_1/MassSpecData-02115-20261006-160858.csv,2026-10-06 16:05:29.144,3.7680000000000002
2026-10-06 16:09:15.433,7.5505e-11,Torr,11.small_stm_window_1,spray,11.small_stm_window_1/MassSpecData-02115-20261006-160858.csv,2026-10-06 16:05:29.144,3.7714833333333333
2026-10-06 16:09:15.641,8.8572e-11,Torr,11.small_stm_window_1,spray,11.small_stm_window_1/MassSpecData-02115-20261006-160858.csv,2026-10-06 16:05:29.144,3.77495
2026-10-06 16:09:15.849,9.1709e-11,Torr,11.small_stm_window_1,spray,11.small_stm_window_1/MassSpecData-02115-20261006-160858.csv,2026-10-06 16:05:29.144,3.7784166666666668
2026-10-06 16:09:16.058,7.4183e-11,Torr,11.small_stm_window_1,spray,11.small_stm_window_1/MassSpecData-02115-20261006-160858.csv,2026-10-06 16:05:29.144,3.7819
2026-10-06 16:09:16.266,8.316e-11,Torr,11.small_stm_window_1,spray,11.small_stm_window_1/MassSpecData-02115-20261006-160858.csv,2026-10-06 16:05:29.144,3.785366666666667
2026-10-06 16:09:16.474,1.044e-10,Torr,11.small_stm_window_1,spray,11.small_stm_window_1/MassSpecData-02115-20261006-160858.csv,2026-10-06 16:05:29.144,3.7888333333333337
2026-10-06 16:09:16.683,1.0042e-10,Torr,11.small_stm_window_1,spray,11.small_stm_window_1/MassSpecData-02115-20261006-160858.csv,2026-10-06 16:05:29.144,3.7923166666666663
2026-10-06 16:09:16.891,7.7688e-11,Torr,11.small_stm_window_1,spray,11.small_stm_window_1/MassSpecData-02115-20261006-160858.csv,2026-10-06 16:05:29.144,3.7957833333333335
2026-10-06 16:09:17.099,8.6978e-11,Torr,11.small_stm_window_1,spray,11.small_stm_window_1/MassSpecData-02115-20261006-160858.csv,2026-10-06 16:05:29.144,3.7992500000000002
2026-10-06 16:09:17.308,9.0913e-11,Torr,11.small_stm_window_1,spray,11.small_stm_window_1/MassSpecData-02115-20261006-160858.csv,2026-10-06 16:05:29.144,3.8027333333333333
2026-10-06 16:09:17.516,7.9893e-11,Torr,11.small_stm_window_1,spray,11.small_stm_window_1/MassSpecData-02115-20261006-160858.csv,2026-10-06 16:05:29.144,3.8062
2026-10-06 16:09:17.724,6.6627e-11,Torr,11.small_stm_window_1,spray,11.small_stm_window_1/MassSpecData-02115-20261006-160858.csv,2026-10-06 16:05:29.144,3.8096666666666668
2026-10-06 16:09:17.932,8.8081e-11,Torr,11.small_stm_window_1,spray,11.small_stm_window_1/MassSpecData-02115-20261006-160858.csv,2026-10-06 16:05:29.144,3.8131333333333335
2026-10-06 16:09:18.141,9.8463e-11,Torr,11.small_stm_window_1,spray,11.small_stm_window_1/MassSpecData-02115-20261006-160858.csv,2026-10-06 16:05:29.144,3.816616666666667
2026-10-06 16:09:18.349,7.1202e-11,Torr,11.small_stm_window_1,spray,11.small_stm_window_1/MassSpecData-02115-20261006-160858.csv,2026-10-06 16:05:29.144,3.8200833333333337
2026-10-06 16:09:18.557,7.3016e-11,Torr,11.small_stm_window_1,spray,11.small_stm_window_1/MassSpecData-02115-20261006-160858.csv,2026-10-06 16:05:29.144,3.82355
2026-10-06 16:09:18.766,6.9975e-11,Torr,11.small_stm_window_1,spray,11.small_stm_window_1/MassSpecData-02115-20261006-160858.csv,2026-10-06 16:05:29.144,3.8270333333333335
2026-10-06 16:09:18.974,8.8416e-11,Torr,11.small_stm_window_1,spray,11.small_stm_window_1/MassSpecData-02115-20261006-160858.csv,2026-10-06 16:05:29.144,3.8305000000000002
2026-10-06 16:09:19.182,7.9574e-11,Torr,11.small_stm_window_1,spray,11.small_stm_window_1/MassSpecData-02115-20261006-160858.csv,2026-10-06 16:05:29.144,3.833966666666667
2026-10-06 16:09:19.391,8.5453e-11,Torr,11.small_stm_window_1,spray,11.small_stm_window_1/MassSpecData-02115-20261006-160858.csv,2026-10-06 16:05:29.144,3.83745
2026-10-06 16:09:19.599,7.525e-11,Torr,11.small_stm_window_1,spray,11.small_stm_window_1/MassSpecData-02115-20261006-160858.csv,2026-10-06 16:05:29.144,3.8409166666666668
2026-10-06 16:09:19.807,7.1712e-11,Torr,11.small_stm_window_1,spray,11.small_stm_window_1/MassSpecData-02115-20261006-160858.csv,2026-10-06 16:05:29.144,3.8443833333333335
2026-10-06 16:09:20.016,8.25e-11,Torr,11.small_stm_window_1,spray,11.small_stm_window_1/MassSpecData-02115-20261006-160858.csv,2026-10-06 16:05:29.144,3.847866666666667
2026-10-06 16:09:20.224,8.438e-11,Torr,11.small_stm_window_1,spray,11.small_stm_window_1/MassSpecData-02115-20261006-160858.csv,2026-10-06 16:05:29.144,3.8513333333333337
2026-10-06 16:09:20.432,9.3972e-11,Torr,11.small_stm_window_1,spray,11.small_stm_window_1/MassSpecData-02115-20261006-160858.csv,2026-10-06 16:05:29.144,3.8548
2026-10-06 16:09:20.641,8.2125e-11,Torr,11.small_stm_window_1,spray,11.small_stm_window_1/MassSpecData-02115-20261006-160858.csv,2026-10-06 16:05:29.144,3.8582833333333335
2026-10-06 16:09:20.849,8.7092e-11,Torr,11.small_stm_window_1,spray,11.small_stm_window_1/MassSpecData-02115-20261006-160858.csv,2026-10-06 16:05:29.144,3.8617500000000002
2026-10-06 16:09:21.057,9.9287e-11,Torr,11.small_stm_window_1,spray,11.small_stm_window_1/MassSpecData-02115-20261006-160858.csv,2026-10-06 16:05:29.144,3.865216666666667
2026-10-06 16:09:21.266,1.0205e-10,Torr,11.small_stm_window_1,spray,11.small_stm_window_1/MassSpecData-02115-20261006-160858.csv,2026-10-06 16:05:29.144,3.8687
2026-10-06 16:09:21.474,7.044e-11,Torr,11.small_stm_window_1,spray,11.small_stm_window_1/MassSpecData-02115-20261006-160858.csv,2026-10-06 16:05:29.144,3.8721666666666668
2026-10-06 16:09:21.682,9.8462e-11,Torr,11.small_stm_window_1,spray,11.small_stm_window_1/MassSpecData-02115-20261006-160858.csv,2026-10-06 16:05:29.144,3.8756333333333335
2026-10-06 16:09:21.891,7.3549e-11,Torr,11.small_stm_window_1,spray,11.small_stm_window_1/MassSpecData-02115-20261006-160858.csv,2026-10-06 16:05:29.144,3.879116666666667
2026-10-06 16:09:22.099,7.0238e-11,Torr,11.small_stm_window_1,spray,11.small_stm_window_1/MassSpecData-02115-20261006-160858.csv,2026-10-06 16:05:29.144,3.8825833333333337
2026-10-06 16:09:22.307,8.6127e-11,Torr,11.small_stm_window_1,spray,11.small_stm_window_1/MassSpecData-02115-20261006-160858.csv,2026-10-06 16:05:29.144,3.88605
2026-10-06 16:09:22.516,7.223e-11,Torr,11.small_stm_window_1,spray,11.small_stm_window_1/MassSpecData-02115-20261006-160858.csv,2026-10-06 16:05:29.144,3.8895333333333335
2026-10-06 16:09:22.724,8.2142e-11,Torr,11.small_stm_window_1,spray,11.small_stm_window_1/MassSpecData-02115-20261006-160858.csv,2026-10-06 16:05:29.144,3.8930000000000002
2026-10-06 16:09:22.932,8.5267e-11,Torr,11.small_stm_window_1,spray,11.small_stm_window_1/MassSpecData-02115-20261006-160858.csv,2026-10-06 16:05:29.144,3.896466666666667
2026-10-06 16:09:23.141,9.023e-11,Torr,11.small_stm_window_1,spray,11.small_stm_window_1/MassSpecData-02115-20261006-160858.csv,2026-10-06 16:05:29.144,3.89995
2026-10-06 16:09:23.349,7.9996e-11,Torr,11.small_stm_window_1,spray,11.small_stm_window_1/MassSpecData-02115-20261006-160858.csv,2026-10-06 16:05:29.144,3.9034166666666668
2026-10-06 16:09:23.557,9.6324e-11,Torr,11.small_stm_window_1,spray,11.small_stm_window_1/MassSpecData-02115-20261006-160858.csv,2026-10-06 16:05:29.144,3.9068833333333335
2026-10-06 16:09:23.766,8.2784e-11,Torr,11.small_stm_window_1,spray,11.small_stm_window_1/MassSpecData-02115-20261006-160858.csv,2026-10-06 16:05:29.144,3.910366666666667
2026-10-06 16:09:23.974,9.2887e-11,Torr,11.small_stm_window_1,spray,11.small_stm_window_1/MassSpecData-02115-20261006-160858.csv,2026-10-06 16:05:29.144,3.9138333333333337
2026-10-06 16:09:24.182,8.392e-11,Torr,11.small_stm_window_1,spray,11.small_stm_window_1/MassSpecData-02115-20261006-160858.csv,2026-10-06 16:05:29.144,3.9173
2026-10-06 16:09:24.391,8.9626e-11,Torr,11.small_stm_window_1,spray,11.small_stm_window_1/MassSpecData-02115-20261006-160858.csv,2026-10-06 16:05:29.144,3.9207833333333335
2026-10-06 16:09:24.599,8.0581e-11,Torr,11.small_stm_window_1,spray,11.small_stm_window_1/MassSpecData-02115-20261006-160858.csv,2026-10-06 16:05:29.144,3.9242500000000002
2026-10-06 16:09:24.807,8.1864e-11,Torr,11.small_stm_window_1,spray,11.small_stm_window_1/MassSpecData-02115-20261006-160858.csv,2026-10-06 16:05:29.144,3.927716666666667
2026-10-06 16:09:25.016,8.9283e-11,Torr,11.small_stm_window_1,spray,11.small_stm_window_1/MassSpecData-02115-20261006-160858.csv,2026-10-06 16:05:29.144,3.9312
2026-10-06 16:09:25.224,7.4095e-11,Torr,11.small_stm_window_1,spray,11.small_stm_window_1/MassSpecData-02115-20261006-160858.csv,2026-10-06 16:05:29.144,3.9346666666666668
2026-10-06 16:09:25.432,7.9527e-11,Torr,11.small_stm_window_1,spray,11.small_stm_window_1/MassSpecData-02115-20261006-160858.csv,2026-10-06 16:05:29.144,3.9381333333333335
2026-10-06 16:09:25.641,8.8205e-11,Torr,11.small_stm_window_1,spray,11.small_stm_window_1/MassSpecData-02115-20261006-160858.csv,2026-10-06 16:05:29.144,3.941616666666667
2026-10-06 16:09:25.849,7.6839e-11,Torr,11.small_stm_window_1,spray,11.small_stm_window_1/MassSpecData-02115-20261006-160858.csv,2026-10-06 16:05:29.144,3.9450833333333337
2026-10-06 16:09:26.057,7.6947e-11,Torr,11.small_stm_window_1,spray,11.small_stm_window_1/MassSpecData-02115-20261006-160858.csv,2026-10-06 16:05:29.144,3.94855
2026-10-06 16:09:26.266,7.9428e-11,Torr,11.small_stm_window_1,spray,11.small_stm_window_1/MassSpecData-02115-20261006-160858.csv,2026-10-06 16:05:29.144,3.9520333333333335
2026-10-06 16:09:26.474,8.4242e-11,Torr,11.small_stm_window_1,spray,11.small_stm_window_1/MassSpecData-02115-20261006-160858.csv,2026-10-06 16:05:29.144,3.9555000000000002
2026-10-06 16:09:26.682,8.5795e-11,Torr,11.small_stm_window_1,spray,11.small_stm_window_1/MassSpecData-02115-20261006-160858.csv,2026-10-06 16:05:29.144,3.958966666666667
2026-10-06 16:09:26.891,7.9838e-11,Torr,11.small_stm_window_1,spray,11.small_stm_window_1/MassSpecData-02115-20261006-160858.csv,2026-10-06 16:05:29.144,3.96245
2026-10-06 16:09:27.099,9.88e-11,Torr,11.small_stm_window_1,spray,11.small_stm_window_1/MassSpecData-02115-20261006-160858.csv,2026-10-06 16:05:29.144,3.9659166666666668
2026-10-06 16:09:27.307,8.4339e-11,Torr,11.small_stm_window_1,spray,11.small_stm_window_1/MassSpecData-02115-20261006-160858.csv,2026-10-06 16:05:29.144,3.9693833333333335
2026-10-06 16:09:27.516,7.3686e-11,Torr,11.small_stm_window_1,spray,11.small_stm_window_1/MassSpecData-02115-20261006-160858.csv,2026-10-06 16:05:29.144,3.972866666666667
2026-10-06 16:09:27.724,8.7512e-11,Torr,11.small_stm_window_1,spray,11.small_stm_window_1/MassSpecData-02115-20261006-160858.csv,2026-10-06 16:05:29.144,3.9763333333333337
2026-10-06 16:09:27.932,7.5348e-11,Torr,11.small_stm_window_1,spray,11.small_stm_window_1/MassSpecData-02115-20261006-160858.csv,2026-10-06 16:05:29.144,3.9798
2026-10-06 16:09:28.141,7.3563e-11,Torr,11.small_stm_window_1,spray,11.small_stm_window_1/MassSpecData-02115-20261006-160858.csv,2026-10-06 16:05:29.144,3.9832833333333335
2026-10-06 16:09:28.349,8.0249e-11,Torr,11.small_stm_window_1,spray,11.small_stm_window_1/MassSpecData-02115-20261006-160858.csv,2026-10-06 16:05:29.144,3.9867500000000002
2026-10-06 16:09:28.557,1.1256e-10,Torr,11.small_stm_window_1,spray,11.small_stm_window_1/MassSpecData-02115-20261006-160858.csv,2026-10-06 16:05:29.144,3.990216666666667
2026-10-06 16:09:28.766,8.157e-11,Torr,11.small_stm_window_1,spray,11.small_stm_window_1/MassSpecData-02115-20261006-160858.csv,2026-10-06 16:05:29.144,3.9937
2026-10-06 16:09:28.974,8.1912e-11,Torr,11.small_stm_window_1,spray,11.small_stm_window_1/MassSpecData-02115-20261006-160858.csv,2026-10-06 16:05:29.144,3.9971666666666668
2026-10-06 16:09:29.182,8.1309e-11,Torr,11.small_stm_window_1,spray,11.small_stm_window_1/MassSpecData-02115-20261006-160858.csv,2026-10-06 16:05:29.144,4.000633333333334
2026-10-06 16:09:29.391,7.9489e-11,Torr,11.small_stm_window_1,spray,11.small_stm_window_1/MassSpecData-02115-20261006-160858.csv,2026-10-06 16:05:29.144,4.0041166666666665
2026-10-06 16:09:29.599,9.2412e-11,Torr,11.small_stm_window_1,spray,11.small_stm_window_1/MassSpecData-02115-20261006-160858.csv,2026-10-06 16:05:29.144,4.007583333333334
2026-10-06 16:09:29.807,8.9984e-11,Torr,11.small_stm_window_1,spray,11.small_stm_window_1/MassSpecData-02115-20261006-160858.csv,2026-10-06 16:05:29.144,4.01105
2026-10-06 16:09:30.016,8.8588e-11,Torr,11.small_stm_window_1,spray,11.small_stm_window_1/MassSpecData-02115-20261006-160858.csv,2026-10-06 16:05:29.144,4.0145333333333335
2026-10-06 16:09:30.224,8.5751e-11,Torr,11.small_stm_window_1,spray,11.small_stm_window_1/MassSpecData-02115-20261006-160858.csv,2026-10-06 16:05:29.144,4.018
2026-10-06 16:09:30.432,8.1732e-11,Torr,11.small_stm_window_1,spray,11.small_stm_window_1/MassSpecData-02115-20261006-160858.csv,2026-10-06 16:05:29.144,4.021466666666667
2026-10-06 16:09:30.641,7.718e-11,Torr,11.small_stm_window_1,spray,11.small_stm_window_1/MassSpecData-02115-20261006-160858.csv,2026-10-06 16:05:29.144,4.0249500000000005
2026-10-06 16:09:30.849,1.0015e-10,Torr,11.small_stm_window_1,spray,11.small_stm_window_1/MassSpecData-02115-20261006-160858.csv,2026-10-06 16:05:29.144,4.028416666666667
2026-10-06 16:09:31.057,8.3048e-11,Torr,11.small_stm_window_1,spray,11.small_stm_window_1/MassSpecData-02115-20261006-160858.csv,2026-10-06 16:05:29.144,4.031883333333334
2026-10-06 16:09:31.266,9.0984e-11,Torr,11.small_stm_window_1,spray,11.small_stm_window_1/MassSpecData-02115-20261006-160858.csv,2026-10-06 16:05:29.144,4.0353666666666665
2026-10-06 16:09:31.474,9.2604e-11,Torr,11.small_stm_window_1,spray,11.small_stm_window_1/MassSpecData-02115-20261006-160858.csv,2026-10-06 16:05:29.144,4.038833333333334
2026-10-06 16:09:31.682,8.7608e-11,Torr,11.small_stm_window_1,spray,11.small_stm_window_1/MassSpecData-02115-20261006-160858.csv,2026-10-06 16:05:29.144,4.0423
2026-10-06 16:09:31.891,9.1972e-11,Torr,11.small_stm_window_1,spray,11.small_stm_window_1/MassSpecData-02115-20261006-160858.csv,2026-10-06 16:05:29.144,4.0457833333333335
2026-10-06 16:09:32.099,8.6124e-11,Torr,11.small_stm_window_1,spray,11.small_stm_window_1/MassSpecData-02115-20261006-160858.csv,2026-10-06 16:05:29.144,4.04925
2026-10-06 16:09:32.307,7.8638e-11,Torr,11.small_stm_window_1,spray,11.small_stm_window_1/MassSpecData-02115-20261006-160858.csv,2026-10-06 16:05:29.144,4.052716666666667
2026-10-06 16:09:32.516,9.5656e-11,Torr,11.small_stm_window_1,spray,11.small_stm_window_1/MassSpecData-02115-20261006-160858.csv,2026-10-06 16:05:29.144,4.0562000000000005
2026-10-06 16:09:32.724,8.0569e-11,Torr,11.small_stm_window_1,spray,11.small_stm_window_1/MassSpecData-02115-20261006-160858.csv,2026-10-06 16:05:29.144,4.059666666666667
2026-10-06 16:09:32.932,7.7896e-11,Torr,11.small_stm_window_1,spray,11.small_stm_window_1/MassSpecData-02115-20261006-160858.csv,2026-10-06 16:05:29.144,4.063133333333334
2026-10-06 16:09:33.141,7.0722e-11,Torr,11.small_stm_window_1,spray,11.small_stm_window_1/MassSpecData-02115-20261006-160858.csv,2026-10-06 16:05:29.144,4.0666166666666665
2026-10-06 16:09:33.349,8.3821e-11,Torr,11.small_stm_window_1,spray,11.small_stm_window_1/MassSpecData-02115-20261006-160858.csv,2026-10-06 16:05:29.144,4.070083333333334
2026-10-06 16:09:33.557,8.3283e-11,Torr,11.small_stm_window_1,spray,11.small_stm_window_1/MassSpecData-02115-20261006-160858.csv,2026-10-06 16:05:29.144,4.07355
2026-10-06 16:09:33.766,9.2507e-11,Torr,11.small_stm_window_1,spray,11.small_stm_window_1/MassSpecData-02115-20261006-160858.csv,2026-10-06 16:05:29.144,4.0770333333333335
2026-10-06 16:09:33.974,9.7294e-11,Torr,11.small_stm_window_1,spray,11.small_stm_window_1/MassSpecData-02115-20261006-160858.csv,2026-10-06 16:05:29.144,4.0805
2026-10-06 16:09:34.182,7.1187e-11,Torr,11.small_stm_window_1,spray,11.small_stm_window_1/MassSpecData-02115-20261006-160858.csv,2026-10-06 16:05:29.144,4.083966666666667
2026-10-06 16:09:34.391,8.3651e-11,Torr,11.small_stm_window_1,spray,11.small_stm_window_1/MassSpecData-02115-20261006-160858.csv,2026-10-06 16:05:29.144,4.0874500000000005
2026-10-06 16:09:34.599,9.019e-11,Torr,11.small_stm_window_1,spray,11.small_stm_window_1/MassSpecData-02115-20261006-160858.csv,2026-10-06 16:05:29.144,4.090916666666667
2026-10-06 16:09:34.807,8.7264e-11,Torr,11.small_stm_window_1,spray,11.small_stm_window_1/MassSpecData-02115-20261006-160858.csv,2026-10-06 16:05:29.144,4.094383333333334
2026-10-06 16:09:35.016,7.6601e-11,Torr,11.small_stm_window_1,spray,11.small_stm_window_1/MassSpecData-02115-20261006-160858.csv,2026-10-06 16:05:29.144,4.0978666666666665
2026-10-06 16:09:35.224,8.6528e-11,Torr,11.small_stm_window_1,spray,11.small_stm_window_1/MassSpecData-02115-20261006-160858.csv,2026-10-06 16:05:29.144,4.101333333333334
2026-10-06 16:09:35.432,8.7889e-11,Torr,11.small_stm_window_1,spray,11.small_stm_window_1/MassSpecData-02115-20261006-160858.csv,2026-10-06 16:05:29.144,4.1048
2026-10-06 16:09:35.641,8.7244e-11,Torr,11.small_stm_window_1,spray,11.small_stm_window_1/MassSpecData-02115-20261006-160858.csv,2026-10-06 16:05:29.144,4.1082833333333335
2026-10-06 16:09:35.849,8.7593e-11,Torr,11.small_stm_window_1,spray,11.small_stm_window_1/MassSpecData-02115-20261006-160858.csv,2026-10-06 16:05:29.144,4.11175
2026-10-06 16:09:36.058,7.7373e-11,Torr,11.small_stm_window_1,spray,11.small_stm_window_1/MassSpecData-02115-20261006-160858.csv,2026-10-06 16:05:29.144,4.115233333333333
2026-10-06 16:09:36.266,7.4478e-11,Torr,11.small_stm_window_1,spray,11.small_stm_window_1/MassSpecData-02115-20261006-160858.csv,2026-10-06 16:05:29.144,4.1187000000000005
2026-10-06 16:09:36.474,8.2882e-11,Torr,11.small_stm_window_1,spray,11.small_stm_window_1/MassSpecData-02115-20261006-160858.csv,2026-10-06 16:05:29.144,4.122166666666667
2026-10-06 16:09:36.683,7.1119e-11,Torr,11.small_stm_window_1,spray,11.small_stm_window_1/MassSpecData-02115-20261006-160858.csv,2026-10-06 16:05:29.144,4.125649999999999
2026-10-06 16:09:36.891,7.6867e-11,Torr,11.small_stm_window_1,spray,11.small_stm_window_1/MassSpecData-02115-20261006-160858.csv,2026-10-06 16:05:29.144,4.1291166666666665
2026-10-06 16:09:37.099,6.813e-11,Torr,11.small_stm_window_1,spray,11.small_stm_window_1/MassSpecData-02115-20261006-160858.csv,2026-10-06 16:05:29.144,4.132583333333334
2026-10-06 16:09:37.308,8.906e-11,Torr,11.small_stm_window_1,spray,11.small_stm_window_1/MassSpecData-02115-20261006-160858.csv,2026-10-06 16:05:29.144,4.136066666666666
2026-10-06 16:09:37.516,7.3651e-11,Torr,11.small_stm_window_1,spray,11.small_stm_window_1/MassSpecData-02115-20261006-160858.csv,2026-10-06 16:05:29.144,4.1395333333333335
2026-10-06 16:09:37.724,7.4818e-11,Torr,11.small_stm_window_1,spray,11.small_stm_window_1/MassSpecData-02115-20261006-160858.csv,2026-10-06 16:05:29.144,4.143
2026-10-06 16:09:37.933,7.0589e-11,Torr,11.small_stm_window_1,spray,11.small_stm_window_1/MassSpecData-02115-20261006-160858.csv,2026-10-06 16:05:29.144,4.146483333333333
2026-10-06 16:09:38.141,9.98e-11,Torr,11.small_stm_window_1,spray,11.small_stm_window_1/MassSpecData-02115-20261006-160858.csv,2026-10-06 16:05:29.144,4.1499500000000005
2026-10-06 16:09:38.349,8.5917e-11,Torr,11.small_stm_window_1,spray,11.small_stm_window_1/MassSpecData-02115-20261006-160858.csv,2026-10-06 16:05:29.144,4.153416666666667
2026-10-06 16:09:38.558,7.0135e-11,Torr,11.small_stm_window_1,spray,11.small_stm_window_1/MassSpecData-02115-20261006-160858.csv,2026-10-06 16:05:29.144,4.156899999999999
2026-10-06 16:09:38.766,8.8374e-11,Torr,11.small_stm_window_1,spray,11.small_stm_window_1/MassSpecData-02115-20261006-160858.csv,2026-10-06 16:05:29.144,4.1603666666666665
2026-10-06 16:09:38.974,8.8027e-11,Torr,11.small_stm_window_1,spray,11.small_stm_window_1/MassSpecData-02115-20261006-160858.csv,2026-10-06 16:05:29.144,4.163833333333334
2026-10-06 16:09:39.183,8.0545e-11,Torr,11.small_stm_window_1,spray,11.small_stm_window_1/MassSpecData-02115-20261006-160858.csv,2026-10-06 16:05:29.144,4.167316666666666
2026-10-06 16:09:39.391,7.8202e-11,Torr,11.small_stm_window_1,spray,11.small_stm_window_1/MassSpecData-02115-20261006-160858.csv,2026-10-06 16:05:29.144,4.1707833333333335
2026-10-06 16:09:39.599,6.9525e-11,Torr,11.small_stm_window_1,spray,11.small_stm_window_1/MassSpecData-02115-20261006-160858.csv,2026-10-06 16:05:29.144,4.17425
2026-10-06 16:09:39.879,7.8002e-11,Torr,11.small_stm_window_1,spray,11.small_stm_window_1/MassSpecData-02115-20261006-160939.csv,2026-10-06 16:05:29.144,4.178916666666667
2026-10-06 16:09:40.087,7.5012e-11,Torr,11.small_stm_window_1,spray,11.small_stm_window_1/MassSpecData-02115-20261006-160939.csv,2026-10-06 16:05:29.144,4.182383333333333
2026-10-06 16:09:40.296,9.1247e-11,Torr,11.small_stm_window_1,spray,11.small_stm_window_1/MassSpecData-02115-20261006-160939.csv,2026-10-06 16:05:29.144,4.185866666666667
2026-10-06 16:09:40.504,8.849e-11,Torr,11.small_stm_window_1,spray,11.small_stm_window_1/MassSpecData-02115-20261006-160939.csv,2026-10-06 16:05:29.144,4.189333333333334
2026-10-06 16:09:40.712,8.3971e-11,Torr,11.small_stm_window_1,spray,11.small_stm_window_1/MassSpecData-02115-20261006-160939.csv,2026-10-06 16:05:29.144,4.1928
2026-10-06 16:09:40.921,8.4661e-11,Torr,11.small_stm_window_1,spray,11.small_stm_window_1/MassSpecData-02115-20261006-160939.csv,2026-10-06 16:05:29.144,4.196283333333333
2026-10-06 16:09:41.129,7.8497e-11,Torr,11.small_stm_window_1,spray,11.small_stm_window_1/MassSpecData-02115-20261006-160939.csv,2026-10-06 16:05:29.144,4.19975
2026-10-06 16:09:41.337,8.1695e-11,Torr,11.small_stm_window_1,spray,11.small_stm_window_1/MassSpecData-02115-20261006-160939.csv,2026-10-06 16:05:29.144,4.203216666666667
2026-10-06 16:09:41.545,9.6979e-11,Torr,11.small_stm_window_1,spray,11.small_stm_window_1/MassSpecData-02115-20261006-160939.csv,2026-10-06 16:05:29.144,4.206683333333333
2026-10-06 16:09:41.754,8.9322e-11,Torr,11.small_stm_window_1,spray,11.small_stm_window_1/MassSpecData-02115-20261006-160939.csv,2026-10-06 16:05:29.144,4.210166666666667
2026-10-06 16:09:41.962,7.1396e-11,Torr,11.small_stm_window_1,spray,11.small_stm_window_1/MassSpecData-02115-20261006-160939.csv,2026-10-06 16:05:29.144,4.213633333333333
2026-10-06 16:09:42.171,8.3947e-11,Torr,11.small_stm_window_1,spray,11.small_stm_window_1/MassSpecData-02115-20261006-160939.csv,2026-10-06 16:05:29.144,4.217116666666667
2026-10-06 16:09:42.379,7.0023e-11,Torr,11.small_stm_window_1,spray,11.small_stm_window_1/MassSpecData-02115-20261006-160939.csv,2026-10-06 16:05:29.144,4.220583333333334
2026-10-06 16:09:42.587,8.6782e-11,Torr,11.small_stm_window_1,spray,11.small_stm_window_1/MassSpecData-02115-20261006-160939.csv,2026-10-06 16:05:29.144,4.22405
2026-10-06 16:09:42.796,7.5995e-11,Torr,11.small_stm_window_1,spray,11.small_stm_window_1/MassSpecData-02115-20261006-160939.csv,2026-10-06 16:05:29.144,4.227533333333333
2026-10-06 16:09:43.004,7.8545e-11,Torr,11.small_stm_window_1,spray,11.small_stm_window_1/MassSpecData-02115-20261006-160939.csv,2026-10-06 16:05:29.144,4.231
2026-10-06 16:09:43.212,9.0652e-11,Torr,11.small_stm_window_1,spray,11.small_stm_window_1/MassSpecData-02115-20261006-160939.csv,2026-10-06 16:05:29.144,4.234466666666667
2026-10-06 16:09:43.421,6.9923e-11,Torr,11.small_stm_window_1,spray,11.small_stm_window_1/MassSpecData-02115-20261006-160939.csv,2026-10-06 16:05:29.144,4.23795
2026-10-06 16:09:43.629,8.2639e-11,Torr,11.small_stm_window_1,spray,11.small_stm_window_1/MassSpecData-02115-20261006-160939.csv,2026-10-06 16:05:29.144,4.241416666666667
2026-10-06 16:09:43.837,7.5813e-11,Torr,11.small_stm_window_1,spray,11.small_stm_window_1/MassSpecData-02115-20261006-160939.csv,2026-10-06 16:05:29.144,4.244883333333333
2026-10-06 16:09:44.046,7.528e-11,Torr,11.small_stm_window_1,spray,11.small_stm_window_1/MassSpecData-02115-20261006-160939.csv,2026-10-06 16:05:29.144,4.248366666666667
2026-10-06 16:09:44.254,8.3452e-11,Torr,11.small_stm_window_1,spray,11.small_stm_window_1/MassSpecData-02115-20261006-160939.csv,2026-10-06 16:05:29.144,4.251833333333334
2026-10-06 16:09:44.462,9.9057e-11,Torr,11.small_stm_window_1,spray,11.small_stm_window_1/MassSpecData-02115-20261006-160939.csv,2026-10-06 16:05:29.144,4.2553
2026-10-06 16:09:44.671,8.4501e-11,Torr,11.small_stm_window_1,spray,11.small_stm_window_1/MassSpecData-02115-20261006-160939.csv,2026-10-06 16:05:29.144,4.258783333333333
2026-10-06 16:09:44.879,9.606e-11,Torr,11.small_stm_window_1,spray,11.small_stm_window_1/MassSpecData-02115-20261006-160939.csv,2026-10-06 16:05:29.144,4.26225
2026-10-06 16:09:45.087,9.1407e-11,Torr,11.small_stm_window_1,spray,11.small_stm_window_1/MassSpecData-02115-20261006-160939.csv,2026-10-06 16:05:29.144,4.265716666666667
2026-10-06 16:09:45.295,7.6789e-11,Torr,11.small_stm_window_1,spray,11.small_stm_window_1/MassSpecData-02115-20261006-160939.csv,2026-10-06 16:05:29.144,4.269183333333333
2026-10-06 16:09:45.504,8.6821e-11,Torr,11.small_stm_window_1,spray,11.small_stm_window_1/MassSpecData-02115-20261006-160939.csv,2026-10-06 16:05:29.144,4.272666666666667
2026-10-06 16:09:45.712,8.5609e-11,Torr,11.small_stm_window_1,spray,11.small_stm_window_1/MassSpecData-02115-20261006-160939.csv,2026-10-06 16:05:29.144,4.276133333333333
2026-10-06 16:09:45.920,9.1242e-11,Torr,11.small_stm_window_1,spray,11.small_stm_window_1/MassSpecData-02115-20261006-160939.csv,2026-10-06 16:05:29.144,4.2796
2026-10-06 16:09:46.129,8.0618e-11,Torr,11.small_stm_window_1,spray,11.small_stm_window_1/MassSpecData-02115-20261006-160939.csv,2026-10-06 16:05:29.144,4.283083333333334
2026-10-06 16:09:46.337,8.8708e-11,Torr,11.small_stm_window_1,spray,11.small_stm_window_1/MassSpecData-02115-20261006-160939.csv,2026-10-06 16:05:29.144,4.28655
2026-10-06 16:09:46.545,8.654e-11,Torr,11.small_stm_window_1,spray,11.small_stm_window_1/MassSpecData-02115-20261006-160939.csv,2026-10-06 16:05:29.144,4.290016666666667
2026-10-06 16:09:46.754,7.6586e-11,Torr,11.small_stm_window_1,spray,11.small_stm_window_1/MassSpecData-02115-20261006-160939.csv,2026-10-06 16:05:29.144,4.2935
2026-10-06 16:09:46.962,8.5238e-11,Torr,11.small_stm_window_1,spray,11.small_stm_window_1/MassSpecData-02115-20261006-160939.csv,2026-10-06 16:05:29.144,4.296966666666666
2026-10-06 16:09:47.170,8.1371e-11,Torr,11.small_stm_window_1,spray,11.small_stm_window_1/MassSpecData-02115-20261006-160939.csv,2026-10-06 16:05:29.144,4.300433333333333
2026-10-06 16:09:47.379,8.1133e-11,Torr,11.small_stm_window_1,spray,11.small_stm_window_1/MassSpecData-02115-20261006-160939.csv,2026-10-06 16:05:29.144,4.303916666666667
2026-10-06 16:09:47.587,8.215e-11,Torr,11.small_stm_window_1,spray,11.small_stm_window_1/MassSpecData-02115-20261006-160939.csv,2026-10-06 16:05:29.144,4.307383333333333
2026-10-06 16:09:47.795,7.2652e-11,Torr,11.small_stm_window_1,spray,11.small_stm_window_1/MassSpecData-02115-20261006-160939.csv,2026-10-06 16:05:29.144,4.31085
2026-10-06 16:09:48.004,9.5753e-11,Torr,11.small_stm_window_1,spray,11.small_stm_window_1/MassSpecData-02115-20261006-160939.csv,2026-10-06 16:05:29.144,4.314333333333334
2026-10-06 16:09:48.212,6.9902e-11,Torr,11.small_stm_window_1,spray,11.small_stm_window_1/MassSpecData-02115-20261006-160939.csv,2026-10-06 16:05:29.144,4.3178
2026-10-06 16:09:48.420,8.3054e-11,Torr,11.small_stm_window_1,spray,11.small_stm_window_1/MassSpecData-02115-20261006-160939.csv,2026-10-06 16:05:29.144,4.321266666666667
2026-10-06 16:09:48.629,8.4891e-11,Torr,11.small_stm_window_1,spray,11.small_stm_window_1/MassSpecData-02115-20261006-160939.csv,2026-10-06 16:05:29.144,4.32475
2026-10-06 16:09:48.837,8.223e-11,Torr,11.small_stm_window_1,spray,11.small_stm_window_1/MassSpecData-02115-20261006-160939.csv,2026-10-06 16:05:29.144,4.328216666666666
2026-10-06 16:09:49.046,8.6278e-11,Torr,11.small_stm_window_1,spray,11.small_stm_window_1/MassSpecData-02115-20261006-160939.csv,2026-10-06 16:05:29.144,4.3317
2026-10-06 16:09:49.254,8.0528e-11,Torr,11.small_stm_window_1,spray,11.small_stm_window_1/MassSpecData-02115-20261006-160939.csv,2026-10-06 16:05:29.144,4.335166666666667
2026-10-06 16:09:49.462,8.4463e-11,Torr,11.small_stm_window_1,spray,11.small_stm_window_1/MassSpecData-02115-20261006-160939.csv,2026-10-06 16:05:29.144,4.338633333333333
2026-10-06 16:09:49.671,1.0086e-10,Torr,11.small_stm_window_1,spray,11.small_stm_window_1/MassSpecData-02115-20261006-160939.csv,2026-10-06 16:05:29.144,4.342116666666667
2026-10-06 16:09:49.879,8.0867e-11,Torr,11.small_stm_window_1,spray,11.small_stm_window_1/MassSpecData-02115-20261006-160939.csv,2026-10-06 16:05:29.144,4.345583333333334
2026-10-06 16:09:50.087,8.4068e-11,Torr,11.small_stm_window_1,spray,11.small_stm_window_1/MassSpecData-02115-20261006-160939.csv,2026-10-06 16:05:29.144,4.34905
2026-10-06 16:09:50.296,8.9277e-11,Torr,11.small_stm_window_1,spray,11.small_stm_window_1/MassSpecData-02115-20261006-160939.csv,2026-10-06 16:05:29.144,4.352533333333333
2026-10-06 16:09:50.504,7.8921e-11,Torr,11.small_stm_window_1,spray,11.small_stm_window_1/MassSpecData-02115-20261006-160939.csv,2026-10-06 16:05:29.144,4.356
2026-10-06 16:09:50.712,9.2343e-11,Torr,11.small_stm_window_1,spray,11.small_stm_window_1/MassSpecData-02115-20261006-160939.csv,2026-10-06 16:05:29.144,4.359466666666666
2026-10-06 16:09:50.921,9.1568e-11,Torr,11.small_stm_window_1,spray,11.small_stm_window_1/MassSpecData-02115-20261006-160939.csv,2026-10-06 16:05:29.144,4.36295
2026-10-06 16:09:51.129,7.8692e-11,Torr,11.small_stm_window_1,spray,11.small_stm_window_1/MassSpecData-02115-20261006-160939.csv,2026-10-06 16:05:29.144,4.366416666666667
2026-10-06 16:09:51.337,8.9043e-11,Torr,11.small_stm_window_1,spray,11.small_stm_window_1/MassSpecData-02115-20261006-160939.csv,2026-10-06 16:05:29.144,4.369883333333333
2026-10-06 16:09:51.546,8.896e-11,Torr,11.small_stm_window_1,spray,11.small_stm_window_1/MassSpecData-02115-20261006-160939.csv,2026-10-06 16:05:29.144,4.373366666666667
2026-10-06 16:09:51.754,7.6701e-11,Torr,11.small_stm_window_1,spray,11.small_stm_window_1/MassSpecData-02115-20261006-160939.csv,2026-10-06 16:05:29.144,4.376833333333334
2026-10-06 16:09:51.962,8.482e-11,Torr,11.small_stm_window_1,spray,11.small_stm_window_1/MassSpecData-02115-20261006-160939.csv,2026-10-06 16:05:29.144,4.3803
2026-10-06 16:09:52.171,7.6998e-11,Torr,11.small_stm_window_1,spray,11.small_stm_window_1/MassSpecData-02115-20261006-160939.csv,2026-10-06 16:05:29.144,4.383783333333333
2026-10-06 16:09:52.379,8.9746e-11,Torr,11.small_stm_window_1,spray,11.small_stm_window_1/MassSpecData-02115-20261006-160939.csv,2026-10-06 16:05:29.144,4.38725
2026-10-06 16:09:52.587,8.7095e-11,Torr,11.small_stm_window_1,spray,11.small_stm_window_1/MassSpecData-02115-20261006-160939.csv,2026-10-06 16:05:29.144,4.390716666666666
2026-10-06 16:09:52.796,8.0618e-11,Torr,11.small_stm_window_1,spray,11.small_stm_window_1/MassSpecData-02115-20261006-160939.csv,2026-10-06 16:05:29.144,4.3942
2026-10-06 16:09:53.004,8.4694e-11,Torr,11.small_stm_window_1,spray,11.small_stm_window_1/MassSpecData-02115-20261006-160939.csv,2026-10-06 16:05:29.144,4.397666666666667
2026-10-06 16:09:53.212,7.7639e-11,Torr,11.small_stm_window_1,spray,11.small_stm_window_1/MassSpecData-02115-20261006-160939.csv,2026-10-06 16:05:29.144,4.401133333333333
2026-10-06 16:09:53.421,9.1883e-11,Torr,11.small_stm_window_1,spray,11.small_stm_window_1/MassSpecData-02115-20261006-160939.csv,2026-10-06 16:05:29.144,4.404616666666667
2026-10-06 16:09:53.629,8.4066e-11,Torr,11.small_stm_window_1,spray,11.small_stm_window_1/MassSpecData-02115-20261006-160939.csv,2026-10-06 16:05:29.144,4.408083333333334
2026-10-06 16:09:53.837,9.1571e-11,Torr,11.small_stm_window_1,spray,11.small_stm_window_1/MassSpecData-02115-20261006-160939.csv,2026-10-06 16:05:29.144,4.41155
2026-10-06 16:09:54.046,9.0973e-11,Torr,11.small_stm_window_1,spray,11.small_stm_window_1/MassSpecData-02115-20261006-160939.csv,2026-10-06 16:05:29.144,4.415033333333333
2026-10-06 16:09:54.254,8.982e-11,Torr,11.small_stm_window_1,spray,11.small_stm_window_1/MassSpecData-02115-20261006-160939.csv,2026-10-06 16:05:29.144,4.4185
2026-10-06 16:09:54.462,7.0353e-11,Torr,11.small_stm_window_1,spray,11.small_stm_window_1/MassSpecData-02115-20261006-160939.csv,2026-10-06 16:05:29.144,4.421966666666666
2026-10-06 16:09:54.671,9.2069e-11,Torr,11.small_stm_window_1,spray,11.small_stm_window_1/MassSpecData-02115-20261006-160939.csv,2026-10-06 16:05:29.144,4.42545
2026-10-06 16:09:54.879,8.0557e-11,Torr,11.small_stm_window_1,spray,11.small_stm_window_1/MassSpecData-02115-20261006-160939.csv,2026-10-06 16:05:29.144,4.428916666666667
2026-10-06 16:09:55.087,9.4381e-11,Torr,11.small_stm_window_1,spray,11.small_stm_window_1/MassSpecData-02115-20261006-160939.csv,2026-10-06 16:05:29.144,4.432383333333333
2026-10-06 16:09:55.296,9.5978e-11,Torr,11.small_stm_window_1,spray,11.small_stm_window_1/MassSpecData-02115-20261006-160939.csv,2026-10-06 16:05:29.144,4.435866666666667
2026-10-06 16:09:55.504,7.9947e-11,Torr,11.small_stm_window_1,spray,11.small_stm_window_1/MassSpecData-02115-20261006-160939.csv,2026-10-06 16:05:29.144,4.439333333333334
2026-10-06 16:09:55.712,9.0312e-11,Torr,11.small_stm_window_1,spray,11.small_stm_window_1/MassSpecData-02115-20261006-160939.csv,2026-10-06 16:05:29.144,4.4428
2026-10-06 16:09:55.921,7.1623e-11,Torr,11.small_stm_window_1,spray,11.small_stm_window_1/MassSpecData-02115-20261006-160939.csv,2026-10-06 16:05:29.144,4.446283333333333
2026-10-06 16:09:56.129,7.2316e-11,Torr,11.small_stm_window_1,spray,11.small_stm_window_1/MassSpecData-02115-20261006-160939.csv,2026-10-06 16:05:29.144,4.44975
2026-10-06 16:09:56.337,9.5317e-11,Torr,11.small_stm_window_1,spray,11.small_stm_window_1/MassSpecData-02115-20261006-160939.csv,2026-10-06 16:05:29.144,4.453216666666666
2026-10-06 16:09:56.546,8.4879e-11,Torr,11.small_stm_window_1,spray,11.small_stm_window_1/MassSpecData-02115-20261006-160939.csv,2026-10-06 16:05:29.144,4.4567
2026-10-06 16:09:56.754,7.5593e-11,Torr,11.small_stm_window_1,spray,11.small_stm_window_1/MassSpecData-02115-20261006-160939.csv,2026-10-06 16:05:29.144,4.460166666666667
2026-10-06 16:09:56.962,8.7389e-11,Torr,11.small_stm_window_1,spray,11.small_stm_window_1/MassSpecData-02115-20261006-160939.csv,2026-10-06 16:05:29.144,4.463633333333333
2026-10-06 16:09:57.171,8.4732e-11,Torr,11.small_stm_window_1,spray,11.small_stm_window_1/MassSpecData-02115-20261006-160939.csv,2026-10-06 16:05:29.144,4.467116666666667
2026-10-06 16:09:57.379,9.2606e-11,Torr,11.small_stm_window_1,spray,11.small_stm_window_1/MassSpecData-02115-20261006-160939.csv,2026-10-06 16:05:29.144,4.470583333333334
2026-10-06 16:09:57.587,1.021e-10,Torr,11.small_stm_window_1,spray,11.small_stm_window_1/MassSpecData-02115-20261006-160939.csv,2026-10-06 16:05:29.144,4.47405
2026-10-06 16:09:57.796,7.8749e-11,Torr,11.small_stm_window_1,spray,11.small_stm_window_1/MassSpecData-02115-20261006-160939.csv,2026-10-06 16:05:29.144,4.477533333333333
2026-10-06 16:09:58.004,7.3088e-11,Torr,11.small_stm_window_1,spray,11.small_stm_window_1/MassSpecData-02115-20261006-160939.csv,2026-10-06 16:05:29.144,4.481
2026-10-06 16:09:58.212,8.2166e-11,Torr,11.small_stm_window_1,spray,11.small_stm_window_1/MassSpecData-02115-20261006-160939.csv,2026-10-06 16:05:29.144,4.484466666666666
2026-10-06 16:09:58.421,7.8382e-11,Torr,11.small_stm_window_1,spray,11.small_stm_window_1/MassSpecData-02115-20261006-160939.csv,2026-10-06 16:05:29.144,4.48795
2026-10-06 16:09:58.629,7.7987e-11,Torr,11.small_stm_window_1,spray,11.small_stm_window_1/MassSpecData-02115-20261006-160939.csv,2026-10-06 16:05:29.144,4.491416666666667
2026-10-06 16:09:58.837,7.8672e-11,Torr,11.small_stm_window_1,spray,11.small_stm_window_1/MassSpecData-02115-20261006-160939.csv,2026-10-06 16:05:29.144,4.494883333333333
2026-10-06 16:09:59.046,9.5457e-11,Torr,11.small_stm_window_1,spray,11.small_stm_window_1/MassSpecData-02115-20261006-160939.csv,2026-10-06 16:05:29.144,4.498366666666667
2026-10-06 16:09:59.254,7.3623e-11,Torr,11.small_stm_window_1,spray,11.small_stm_window_1/MassSpecData-02115-20261006-160939.csv,2026-10-06 16:05:29.144,4.501833333333334
2026-10-06 16:09:59.462,6.5526e-11,Torr,11.small_stm_window_1,spray,11.small_stm_window_1/MassSpecData-02115-20261006-160939.csv,2026-10-06 16:05:29.144,4.5053
2026-10-06 16:09:59.670,8.6265e-11,Torr,11.small_stm_window_1,spray,11.small_stm_window_1/MassSpecData-02115-20261006-160939.csv,2026-10-06 16:05:29.144,4.508766666666667
2026-10-06 16:09:59.879,7.6943e-11,Torr,11.small_stm_window_1,spray,11.small_stm_window_1/MassSpecData-02115-20261006-160939.csv,2026-10-06 16:05:29.144,4.51225
2026-10-06 16:10:00.087,9.4937e-11,Torr,11.small_stm_window_1,spray,11.small_stm_window_1/MassSpecData-02115-20261006-160939.csv,2026-10-06 16:05:29.144,4.515716666666666
2026-10-06 16:10:00.295,7.8721e-11,Torr,11.small_stm_window_1,spray,11.small_stm_window_1/MassSpecData-02115-20261006-160939.csv,2026-10-06 16:05:29.144,4.519183333333333
2026-10-06 16:10:00.504,7.8819e-11,Torr,11.small_stm_window_1,spray,11.small_stm_window_1/MassSpecData-02115-20261006-160939.csv,2026-10-06 16:05:29.144,4.522666666666667
2026-10-06 16:10:00.712,1.0461e-10,Torr,11.small_stm_window_1,spray,11.small_stm_window_1/MassSpecData-02115-20261006-160939.csv,2026-10-06 16:05:29.144,4.526133333333333
2026-10-06 16:10:00.920,8.7589e-11,Torr,11.small_stm_window_1,spray,11.small_stm_window_1/MassSpecData-02115-20261006-160939.csv,2026-10-06 16:05:29.144,4.5296
2026-10-06 16:10:01.129,7.6999e-11,Torr,11.small_stm_window_1,spray,11.small_stm_window_1/MassSpecData-02115-20261006-160939.csv,2026-10-06 16:05:29.144,4.533083333333334
2026-10-06 16:10:01.337,8.8115e-11,Torr,11.small_stm_window_1,spray,11.small_stm_window_1/MassSpecData-02115-20261006-160939.csv,2026-10-06 16:05:29.144,4.53655
2026-10-06 16:10:01.545,8.0521e-11,Torr,11.small_stm_window_1,spray,11.small_stm_window_1/MassSpecData-02115-20261006-160939.csv,2026-10-06 16:05:29.144,4.540016666666667
2026-10-06 16:10:01.754,7.9218e-11,Torr,11.small_stm_window_1,spray,11.small_stm_window_1/MassSpecData-02115-20261006-160939.csv,2026-10-06 16:05:29.144,4.5435
2026-10-06 16:10:01.962,9.1187e-11,Torr,11.small_stm_window_1,spray,11.small_stm_window_1/MassSpecData-02115-20261006-160939.csv,2026-10-06 16:05:29.144,4.546966666666666
2026-10-06 16:10:02.170,1.029e-10,Torr,11.small_stm_window_1,spray,11.small_stm_window_1/MassSpecData-02115-20261006-160939.csv,2026-10-06 16:05:29.144,4.550433333333333
2026-10-06 16:10:02.379,7.9108e-11,Torr,11.small_stm_window_1,spray,11.small_stm_window_1/MassSpecData-02115-20261006-160939.csv,2026-10-06 16:05:29.144,4.553916666666667
2026-10-06 16:10:02.587,8.3394e-11,Torr,11.small_stm_window_1,spray,11.small_stm_window_1/MassSpecData-02115-20261006-160939.csv,2026-10-06 16:05:29.144,4.557383333333333
2026-10-06 16:10:02.795,8.5323e-11,Torr,11.small_stm_window_1,spray,11.small_stm_window_1/MassSpecData-02115-20261006-160939.csv,2026-10-06 16:05:29.144,4.56085
2026-10-06 16:10:03.004,6.768e-11,Torr,11.small_stm_window_1,spray,11.small_stm_window_1/MassSpecData-02115-20261006-160939.csv,2026-10-06 16:05:29.144,4.564333333333334
2026-10-06 16:10:03.212,9.1679e-11,Torr,11.small_stm_window_1,spray,11.small_stm_window_1/MassSpecData-02115-20261006-160939.csv,2026-10-06 16:05:29.144,4.5678
2026-10-06 16:10:03.420,8.1419e-11,Torr,11.small_stm_window_1,spray,11.small_stm_window_1/MassSpecData-02115-20261006-160939.csv,2026-10-06 16:05:29.144,4.571266666666667
2026-10-06 16:10:03.629,8.6495e-11,Torr,11.small_stm_window_1,spray,11.small_stm_window_1/MassSpecData-02115-20261006-160939.csv,2026-10-06 16:05:29.144,4.57475
2026-10-06 16:10:03.837,9.1144e-11,Torr,11.small_stm_window_1,spray,11.small_stm_window_1/MassSpecData-02115-20261006-160939.csv,2026-10-06 16:05:29.144,4.578216666666666
2026-10-06 16:10:04.045,8.5781e-11,Torr,11.small_stm_window_1,spray,11.small_stm_window_1/MassSpecData-02115-20261006-160939.csv,2026-10-06 16:05:29.144,4.581683333333333
2026-10-06 16:10:04.254,8.367e-11,Torr,11.small_stm_window_1,spray,11.small_stm_window_1/MassSpecData-02115-20261006-160939.csv,2026-10-06 16:05:29.144,4.585166666666667
2026-10-06 16:10:04.462,7.7036e-11,Torr,11.small_stm_window_1,spray,11.small_stm_window_1/MassSpecData-02115-20261006-160939.csv,2026-10-06 16:05:29.144,4.588633333333333
2026-10-06 16:10:04.670,8.4826e-11,Torr,11.small_stm_window_1,spray,11.small_stm_window_1/MassSpecData-02115-20261006-160939.csv,2026-10-06 16:05:29.144,4.5921
2026-10-06 16:10:04.879,8.4548e-11,Torr,11.small_stm_window_1,spray,11.small_stm_window_1/MassSpecData-02115-20261006-160939.csv,2026-10-06 16:05:29.144,4.595583333333334
2026-10-06 16:10:05.087,8.4424e-11,Torr,11.small_stm_window_1,spray,11.small_stm_window_1/MassSpecData-02115-20261006-160939.csv,2026-10-06 16:05:29.144,4.59905
2026-10-06 16:10:05.295,7.0556e-11,Torr,11.small_stm_window_1,spray,11.small_stm_window_1/MassSpecData-02115-20261006-160939.csv,2026-10-06 16:05:29.144,4.602516666666667
2026-10-06 16:10:05.504,6.7206e-11,Torr,11.small_stm_window_1,spray,11.small_stm_window_1/MassSpecData-02115-20261006-160939.csv,2026-10-06 16:05:29.144,4.606
2026-10-06 16:10:05.712,9.2888e-11,Torr,11.small_stm_window_1,spray,11.small_stm_window_1/MassSpecData-02115-20261006-160939.csv,2026-10-06 16:05:29.144,4.609466666666666
2026-10-06 16:10:05.920,7.9109e-11,Torr,11.small_stm_window_1,spray,11.small_stm_window_1/MassSpecData-02115-20261006-160939.csv,2026-10-06 16:05:29.144,4.612933333333333
2026-10-06 16:10:06.129,7.5804e-11,Torr,11.small_stm_window_1,spray,11.small_stm_window_1/MassSpecData-02115-20261006-160939.csv,2026-10-06 16:05:29.144,4.616416666666667
2026-10-06 16:10:06.337,7.4452e-11,Torr,11.small_stm_window_1,spray,11.small_stm_window_1/MassSpecData-02115-20261006-160939.csv,2026-10-06 16:05:29.144,4.619883333333333
2026-10-06 16:10:06.545,9.0534e-11,Torr,11.small_stm_window_1,spray,11.small_stm_window_1/MassSpecData-02115-20261006-160939.csv,2026-10-06 16:05:29.144,4.62335
2026-10-06 16:10:06.754,7.1074e-11,Torr,11.small_stm_window_1,spray,11.small_stm_window_1/MassSpecData-02115-20261006-160939.csv,2026-10-06 16:05:29.144,4.626833333333334
2026-10-06 16:10:06.962,9.1673e-11,Torr,11.small_stm_window_1,spray,11.small_stm_window_1/MassSpecData-02115-20261006-160939.csv,2026-10-06 16:05:29.144,4.6303
2026-10-06 16:10:07.170,9.1312e-11,Torr,11.small_stm_window_1,spray,11.small_stm_window_1/MassSpecData-02115-20261006-160939.csv,2026-10-06 16:05:29.144,4.633766666666667
2026-10-06 16:10:07.379,8.7067e-11,Torr,11.small_stm_window_1,spray,11.small_stm_window_1/MassSpecData-02115-20261006-160939.csv,2026-10-06 16:05:29.144,4.63725
2026-10-06 16:10:07.587,8.5566e-11,Torr,11.small_stm_window_1,spray,11.small_stm_window_1/MassSpecData-02115-20261006-160939.csv,2026-10-06 16:05:29.144,4.640716666666666
2026-10-06 16:10:07.795,1.0363e-10,Torr,11.small_stm_window_1,spray,11.small_stm_window_1/MassSpecData-02115-20261006-160939.csv,2026-10-06 16:05:29.144,4.644183333333333
2026-10-06 16:10:08.004,9.5516e-11,Torr,11.small_stm_window_1,spray,11.small_stm_window_1/MassSpecData-02115-20261006-160939.csv,2026-10-06 16:05:29.144,4.647666666666667
2026-10-06 16:10:08.212,8.6536e-11,Torr,11.small_stm_window_1,spray,11.small_stm_window_1/MassSpecData-02115-20261006-160939.csv,2026-10-06 16:05:29.144,4.651133333333333
2026-10-06 16:10:08.420,7.7225e-11,Torr,11.small_stm_window_1,spray,11.small_stm_window_1/MassSpecData-02115-20261006-160939.csv,2026-10-06 16:05:29.144,4.6546
2026-10-06 16:10:08.629,8.1367e-11,Torr,11.small_stm_window_1,spray,11.small_stm_window_1/MassSpecData-02115-20261006-160939.csv,2026-10-06 16:05:29.144,4.658083333333334
2026-10-06 16:10:08.837,1.1362e-10,Torr,11.small_stm_window_1,spray,11.small_stm_window_1/MassSpecData-02115-20261006-160939.csv,2026-10-06 16:05:29.144,4.66155
2026-10-06 16:10:09.045,8.6285e-11,Torr,11.small_stm_window_1,spray,11.small_stm_window_1/MassSpecData-02115-20261006-160939.csv,2026-10-06 16:05:29.144,4.665016666666667
2026-10-06 16:10:09.254,8.797e-11,Torr,11.small_stm_window_1,spray,11.small_stm_window_1/MassSpecData-02115-20261006-160939.csv,2026-10-06 16:05:29.144,4.6685
2026-10-06 16:10:09.462,7.4157e-11,Torr,11.small_stm_window_1,spray,11.small_stm_window_1/MassSpecData-02115-20261006-160939.csv,2026-10-06 16:05:29.144,4.671966666666666
2026-10-06 16:10:09.670,8.7009e-11,Torr,11.small_stm_window_1,spray,11.small_stm_window_1/MassSpecData-02115-20261006-160939.csv,2026-10-06 16:05:29.144,4.675433333333333
2026-10-06 16:10:09.879,7.6748e-11,Torr,11.small_stm_window_1,spray,11.small_stm_window_1/MassSpecData-02115-20261006-160939.csv,2026-10-06 16:05:29.144,4.678916666666667
2026-10-06 16:10:10.087,9.2015e-11,Torr,11.small_stm_window_1,spray,11.small_stm_window_1/MassSpecData-02115-20261006-160939.csv,2026-10-06 16:05:29.144,4.682383333333333
2026-10-06 16:10:10.295,8.5694e-11,Torr,11.small_stm_window_1,spray,11.small_stm_window_1/MassSpecData-02115-20261006-160939.csv,2026-10-06 16:05:29.144,4.68585
2026-10-06 16:10:10.504,9.0163e-11,Torr,11.small_stm_window_1,spray,11.small_stm_window_1/MassSpecData-02115-20261006-160939.csv,2026-10-06 16:05:29.144,4.689333333333334
2026-10-06 16:10:10.712,7.8859e-11,Torr,11.small_stm_window_1,spray,11.small_stm_window_1/MassSpecData-02115-20261006-160939.csv,2026-10-06 16:05:29.144,4.6928
2026-10-06 16:10:10.920,8.9175e-11,Torr,11.small_stm_window_1,spray,11.small_stm_window_1/MassSpecData-02115-20261006-160939.csv,2026-10-06 16:05:29.144,4.696266666666667
2026-10-06 16:10:11.129,8.8121e-11,Torr,11.small_stm_window_1,spray,11.small_stm_window_1/MassSpecData-02115-20261006-160939.csv,2026-10-06 16:05:29.144,4.69975
2026-10-06 16:10:11.337,8.8359e-11,Torr,11.small_stm_window_1,spray,11.small_stm_window_1/MassSpecData-02115-20261006-160939.csv,2026-10-06 16:05:29.144,4.703216666666666
2026-10-06 16:10:11.545,7.0275e-11,Torr,11.small_stm_window_1,spray,11.small_stm_window_1/MassSpecData-02115-20261006-160939.csv,2026-10-06 16:05:29.144,4.706683333333333
2026-10-06 16:10:11.754,7.0759e-11,Torr,11.small_stm_window_1,spray,11.small_stm_window_1/MassSpecData-02115-20261006-160939.csv,2026-10-06 16:05:29.144,4.710166666666667
2026-10-06 16:10:11.962,7.9251e-11,Torr,11.small_stm_window_1,spray,11.small_stm_window_1/MassSpecData-02115-20261006-160939.csv,2026-10-06 16:05:29.144,4.713633333333333
2026-10-06 16:10:12.170,8.0373e-11,Torr,11.small_stm_window_1,spray,11.small_stm_window_1/MassSpecData-02115-20261006-160939.csv,2026-10-06 16:05:29.144,4.7171
2026-10-06 16:10:12.379,7.6771e-11,Torr,11.small_stm_window_1,spray,11.small_stm_window_1/MassSpecData-02115-20261006-160939.csv,2026-10-06 16:05:29.144,4.720583333333334
2026-10-06 16:10:12.587,8.9397e-11,Torr,11.small_stm_window_1,spray,11.small_stm_window_1/MassSpecData-02115-20261006-160939.csv,2026-10-06 16:05:29.144,4.72405
2026-10-06 16:10:12.795,8.3842e-11,Torr,11.small_stm_window_1,spray,11.small_stm_window_1/MassSpecData-02115-20261006-160939.csv,2026-10-06 16:05:29.144,4.727516666666667
2026-10-06 16:10:13.004,8.6137e-11,Torr,11.small_stm_window_1,spray,11.small_stm_window_1/MassSpecData-02115-20261006-160939.csv,2026-10-06 16:05:29.144,4.731
2026-10-06 16:10:13.212,9.7891e-11,Torr,11.small_stm_window_1,spray,11.small_stm_window_1/MassSpecData-02115-20261006-160939.csv,2026-10-06 16:05:29.144,4.734466666666666
2026-10-06 16:10:13.420,7.5771e-11,Torr,11.small_stm_window_1,spray,11.small_stm_window_1/MassSpecData-02115-20261006-160939.csv,2026-10-06 16:05:29.144,4.737933333333333
2026-10-06 16:10:13.629,8.7237e-11,Torr,11.small_stm_window_1,spray,11.small_stm_window_1/MassSpecData-02115-20261006-160939.csv,2026-10-06 16:05:29.144,4.741416666666667
2026-10-06 16:10:13.837,7.8322e-11,Torr,11.small_stm_window_1,spray,11.small_stm_window_1/MassSpecData-02115-20261006-160939.csv,2026-10-06 16:05:29.144,4.744883333333333
2026-10-06 16:10:14.045,7.1122e-11,Torr,11.small_stm_window_1,spray,11.small_stm_window_1/MassSpecData-02115-20261006-160939.csv,2026-10-06 16:05:29.144,4.74835
2026-10-06 16:10:14.254,8.8776e-11,Torr,11.small_stm_window_1,spray,11.small_stm_window_1/MassSpecData-02115-20261006-160939.csv,2026-10-06 16:05:29.144,4.751833333333334
2026-10-06 16:10:14.462,7.6381e-11,Torr,11.small_stm_window_1,spray,11.small_stm_window_1/MassSpecData-02115-20261006-160939.csv,2026-10-06 16:05:29.144,4.7553
2026-10-06 16:10:14.670,9.1399e-11,Torr,11.small_stm_window_1,spray,11.small_stm_window_1/MassSpecData-02115-20261006-160939.csv,2026-10-06 16:05:29.144,4.758766666666667
2026-10-06 16:10:14.879,7.0462e-11,Torr,11.small_stm_window_1,spray,11.small_stm_window_1/MassSpecData-02115-20261006-160939.csv,2026-10-06 16:05:29.144,4.76225
2026-10-06 16:10:15.087,8.9387e-11,Torr,11.small_stm_window_1,spray,11.small_stm_window_1/MassSpecData-02115-20261006-160939.csv,2026-10-06 16:05:29.144,4.765716666666666
2026-10-06 16:10:15.295,9.0597e-11,Torr,11.small_stm_window_1,spray,11.small_stm_window_1/MassSpecData-02115-20261006-160939.csv,2026-10-06 16:05:29.144,4.769183333333333
2026-10-06 16:10:15.504,8.9906e-11,Torr,11.small_stm_window_1,spray,11.small_stm_window_1/MassSpecData-02115-20261006-160939.csv,2026-10-06 16:05:29.144,4.772666666666667
2026-10-06 16:10:15.712,7.4899e-11,Torr,11.small_stm_window_1,spray,11.small_stm_window_1/MassSpecData-02115-20261006-160939.csv,2026-10-06 16:05:29.144,4.776133333333333
2026-10-06 16:10:15.920,9.0037e-11,Torr,11.small_stm_window_1,spray,11.small_stm_window_1/MassSpecData-02115-20261006-160939.csv,2026-10-06 16:05:29.144,4.7796
2026-10-06 16:10:16.129,9.3326e-11,Torr,11.small_stm_window_1,spray,11.small_stm_window_1/MassSpecData-02115-20261006-160939.csv,2026-10-06 16:05:29.144,4.783083333333334
2026-10-06 16:10:16.337,7.3953e-11,Torr,11.small_stm_window_1,spray,11.small_stm_window_1/MassSpecData-02115-20261006-160939.csv,2026-10-06 16:05:29.144,4.78655
2026-10-06 16:10:16.545,8.9211e-11,Torr,11.small_stm_window_1,spray,11.small_stm_window_1/MassSpecData-02115-20261006-160939.csv,2026-10-06 16:05:29.144,4.790016666666667
2026-10-06 16:10:16.754,7.6204e-11,Torr,11.small_stm_window_1,spray,11.small_stm_window_1/MassSpecData-02115-20261006-160939.csv,2026-10-06 16:05:29.144,4.7935
2026-10-06 16:10:16.962,8.5961e-11,Torr,11.small_stm_window_1,spray,11.small_stm_window_1/MassSpecData-02115-20261006-160939.csv,2026-10-06 16:05:29.144,4.796966666666666
2026-10-06 16:10:17.170,8.8083e-11,Torr,11.small_stm_window_1,spray,11.small_stm_window_1/MassSpecData-02115-20261006-160939.csv,2026-10-06 16:05:29.144,4.800433333333333
2026-10-06 16:10:17.379,8.2405e-11,Torr,11.small_stm_window_1,spray,11.small_stm_window_1/MassSpecData-02115-20261006-160939.csv,2026-10-06 16:05:29.144,4.803916666666667
2026-10-06 16:10:17.587,8.7175e-11,Torr,11.small_stm_window_1,spray,11.small_stm_window_1/MassSpecData-02115-20261006-160939.csv,2026-10-06 16:05:29.144,4.807383333333333
2026-10-06 16:10:17.796,9.7479e-11,Torr,11.small_stm_window_1,spray,11.small_stm_window_1/MassSpecData-02115-20261006-160939.csv,2026-10-06 16:05:29.144,4.810866666666667
2026-10-06 16:10:18.004,7.9959e-11,Torr,11.small_stm_window_1,spray,11.small_stm_window_1/MassSpecData-02115-20261006-160939.csv,2026-10-06 16:05:29.144,4.814333333333334
2026-10-06 16:10:18.212,9.6717e-11,Torr,11.small_stm_window_1,spray,11.small_stm_window_1/MassSpecData-02115-20261006-160939.csv,2026-10-06 16:05:29.144,4.8178
2026-10-06 16:10:18.421,8.6402e-11,Torr,11.small_stm_window_1,spray,11.small_stm_window_1/MassSpecData-02115-20261006-160939.csv,2026-10-06 16:05:29.144,4.821283333333333
2026-10-06 16:10:18.629,9.6764e-11,Torr,11.small_stm_window_1,spray,11.small_stm_window_1/MassSpecData-02115-20261006-160939.csv,2026-10-06 16:05:29.144,4.82475
2026-10-06 16:10:18.837,8.7571e-11,Torr,11.small_stm_window_1,spray,11.small_stm_window_1/MassSpecData-02115-20261006-160939.csv,2026-10-06 16:05:29.144,4.828216666666666
2026-10-06 16:10:19.046,8.6367e-11,Torr,11.small_stm_window_1,spray,11.small_stm_window_1/MassSpecData-02115-20261006-160939.csv,2026-10-06 16:05:29.144,4.8317
2026-10-06 16:10:19.254,8.0771e-11,Torr,11.small_stm_window_1,spray,11.small_stm_window_1/MassSpecData-02115-20261006-160939.csv,2026-10-06 16:05:29.144,4.835166666666667
2026-10-06 16:10:19.462,1.0101e-10,Torr,11.small_stm_window_1,spray,11.small_stm_window_1/MassSpecData-02115-20261006-160939.csv,2026-10-06 16:05:29.144,4.838633333333333
2026-10-06 16:10:19.671,9.3728e-11,Torr,11.small_stm_window_1,spray,11.small_stm_window_1/MassSpecData-02115-20261006-160939.csv,2026-10-06 16:05:29.144,4.842116666666667
2026-10-06 16:10:19.879,1.0212e-10,Torr,11.small_stm_window_1,spray,11.small_stm_window_1/MassSpecData-02115-20261006-160939.csv,2026-10-06 16:05:29.144,4.845583333333334
2026-10-06 16:10:20.087,1.0541e-10,Torr,11.small_stm_window_1,spray,11.small_stm_window_1/MassSpecData-02115-20261006-160939.csv,2026-10-06 16:05:29.144,4.84905
2026-10-06 16:10:20.296,8.0696e-11,Torr,11.small_stm_window_1,spray,11.small_stm_window_1/MassSpecData-02115-20261006-160939.csv,2026-10-06 16:05:29.144,4.852533333333333
2026-10-06 16:10:20.504,8.7284e-11,Torr,11.small_stm_window_1,spray,11.small_stm_window_1/MassSpecData-02115-20261006-160939.csv,2026-10-06 16:05:29.144,4.856
2026-10-06 16:10:20.712,8.9858e-11,Torr,11.small_stm_window_1,spray,11.small_stm_window_1/MassSpecData-02115-20261006-160939.csv,2026-10-06 16:05:29.144,4.859466666666666
2026-10-06 16:10:20.921,7.6204e-11,Torr,11.small_stm_window_1,spray,11.small_stm_window_1/MassSpecData-02115-20261006-160939.csv,2026-10-06 16:05:29.144,4.86295
2026-10-06 16:10:21.129,7.3849e-11,Torr,11.small_stm_window_1,spray,11.small_stm_window_1/MassSpecData-02115-20261006-160939.csv,2026-10-06 16:05:29.144,4.866416666666667
2026-10-06 16:10:21.337,8.7143e-11,Torr,11.small_stm_window_1,spray,11.small_stm_window_1/MassSpecData-02115-20261006-160939.csv,2026-10-06 16:05:29.144,4.869883333333333
2026-10-06 16:10:21.682,6.7617e-11,Torr,11.small_stm_window_1,spray,11.small_stm_window_1/MassSpecData-02115-20261006-161021.csv,2026-10-06 16:05:29.144,4.875633333333334
2026-10-06 16:10:21.890,8.263e-11,Torr,11.small_stm_window_1,spray,11.small_stm_window_1/MassSpecData-02115-20261006-161021.csv,2026-10-06 16:05:29.144,4.879099999999999
2026-10-06 16:10:22.099,9.189e-11,Torr,11.small_stm_window_1,spray,11.small_stm_window_1/MassSpecData-02115-20261006-161021.csv,2026-10-06 16:05:29.144,4.882583333333333
2026-10-06 16:10:22.307,7.1366e-11,Torr,11.small_stm_window_1,spray,11.small_stm_window_1/MassSpecData-02115-20261006-161021.csv,2026-10-06 16:05:29.144,4.88605
2026-10-06 16:10:22.515,9.7603e-11,Torr,11.small_stm_window_1,spray,11.small_stm_window_1/MassSpecData-02115-20261006-161021.csv,2026-10-06 16:05:29.144,4.889516666666666
2026-10-06 16:10:22.724,9.0201e-11,Torr,11.small_stm_window_1,spray,11.small_stm_window_1/MassSpecData-02115-20261006-161021.csv,2026-10-06 16:05:29.144,4.893
2026-10-06 16:10:22.932,8.5826e-11,Torr,11.small_stm_window_1,spray,11.small_stm_window_1/MassSpecData-02115-20261006-161021.csv,2026-10-06 16:05:29.144,4.896466666666667
2026-10-06 16:10:23.140,7.6266e-11,Torr,11.small_stm_window_1,spray,11.small_stm_window_1/MassSpecData-02115-20261006-161021.csv,2026-10-06 16:05:29.144,4.899933333333333
2026-10-06 16:10:23.348,8.4042e-11,Torr,11.small_stm_window_1,spray,11.small_stm_window_1/MassSpecData-02115-20261006-161021.csv,2026-10-06 16:05:29.144,4.9034
2026-10-06 16:10:23.557,8.4425e-11,Torr,11.small_stm_window_1,spray,11.small_stm_window_1/MassSpecData-02115-20261006-161021.csv,2026-10-06 16:05:29.144,4.906883333333334
2026-10-06 16:10:23.765,8.9731e-11,Torr,11.small_stm_window_1,spray,11.small_stm_window_1/MassSpecData-02115-20261006-161021.csv,2026-10-06 16:05:29.144,4.910349999999999
2026-10-06 16:10:23.974,8.7719e-11,Torr,11.small_stm_window_1,spray,11.small_stm_window_1/MassSpecData-02115-20261006-161021.csv,2026-10-06 16:05:29.144,4.913833333333333
2026-10-06 16:10:24.182,8.6682e-11,Torr,11.small_stm_window_1,spray,11.small_stm_window_1/MassSpecData-02115-20261006-161021.csv,2026-10-06 16:05:29.144,4.9173
2026-10-06 16:10:24.390,7.2616e-11,Torr,11.small_stm_window_1,spray,11.small_stm_window_1/MassSpecData-02115-20261006-161021.csv,2026-10-06 16:05:29.144,4.920766666666666
2026-10-06 16:10:24.599,8.4518e-11,Torr,11.small_stm_window_1,spray,11.small_stm_window_1/MassSpecData-02115-20261006-161021.csv,2026-10-06 16:05:29.144,4.92425
2026-10-06 16:10:24.807,8.2795e-11,Torr,11.small_stm_window_1,spray,11.small_stm_window_1/MassSpecData-02115-20261006-161021.csv,2026-10-06 16:05:29.144,4.927716666666667
2026-10-06 16:10:25.015,9.3829e-11,Torr,11.small_stm_window_1,spray,11.small_stm_window_1/MassSpecData-02115-20261006-161021.csv,2026-10-06 16:05:29.144,4.931183333333333
2026-10-06 16:10:25.224,7.7786e-11,Torr,11.small_stm_window_1,spray,11.small_stm_window_1/MassSpecData-02115-20261006-161021.csv,2026-10-06 16:05:29.144,4.934666666666667
2026-10-06 16:10:25.432,8.9205e-11,Torr,11.small_stm_window_1,spray,11.small_stm_window_1/MassSpecData-02115-20261006-161021.csv,2026-10-06 16:05:29.144,4.938133333333334
2026-10-06 16:10:25.640,1.0196e-10,Torr,11.small_stm_window_1,spray,11.small_stm_window_1/MassSpecData-02115-20261006-161021.csv,2026-10-06 16:05:29.144,4.941599999999999
2026-10-06 16:10:25.849,8.3874e-11,Torr,11.small_stm_window_1,spray,11.small_stm_window_1/MassSpecData-02115-20261006-161021.csv,2026-10-06 16:05:29.144,4.945083333333333
2026-10-06 16:10:26.057,8.0437e-11,Torr,11.small_stm_window_1,spray,11.small_stm_window_1/MassSpecData-02115-20261006-161021.csv,2026-10-06 16:05:29.144,4.94855
2026-10-06 16:10:26.265,1.0072e-10,Torr,11.small_stm_window_1,spray,11.small_stm_window_1/MassSpecData-02115-20261006-161021.csv,2026-10-06 16:05:29.144,4.952016666666666
2026-10-06 16:10:26.474,9.1775e-11,Torr,11.small_stm_window_1,spray,11.small_stm_window_1/MassSpecData-02115-20261006-161021.csv,2026-10-06 16:05:29.144,4.9555
2026-10-06 16:10:26.682,9.664e-11,Torr,11.small_stm_window_1,spray,11.small_stm_window_1/MassSpecData-02115-20261006-161021.csv,2026-10-06 16:05:29.144,4.958966666666667
2026-10-06 16:10:26.890,8.9026e-11,Torr,11.small_stm_window_1,spray,11.small_stm_window_1/MassSpecData-02115-20261006-161021.csv,2026-10-06 16:05:29.144,4.962433333333333
2026-10-06 16:10:27.098,8.1279e-11,Torr,11.small_stm_window_1,spray,11.small_stm_window_1/MassSpecData-02115-20261006-161021.csv,2026-10-06 16:05:29.144,4.9659
2026-10-06 16:10:27.307,9.4785e-11,Torr,11.small_stm_window_1,spray,11.small_stm_window_1/MassSpecData-02115-20261006-161021.csv,2026-10-06 16:05:29.144,4.969383333333334
2026-10-06 16:10:27.515,8.4747e-11,Torr,11.small_stm_window_1,spray,11.small_stm_window_1/MassSpecData-02115-20261006-161021.csv,2026-10-06 16:05:29.144,4.972849999999999
2026-10-06 16:10:27.723,9.1577e-11,Torr,11.small_stm_window_1,spray,11.small_stm_window_1/MassSpecData-02115-20261006-161021.csv,2026-10-06 16:05:29.144,4.9763166666666665
2026-10-06 16:10:27.932,9.5291e-11,Torr,11.small_stm_window_1,spray,11.small_stm_window_1/MassSpecData-02115-20261006-161021.csv,2026-10-06 16:05:29.144,4.9798
2026-10-06 16:10:28.140,7.4149e-11,Torr,11.small_stm_window_1,spray,11.small_stm_window_1/MassSpecData-02115-20261006-161021.csv,2026-10-06 16:05:29.144,4.983266666666666
2026-10-06 16:10:28.348,7.6718e-11,Torr,11.small_stm_window_1,spray,11.small_stm_window_1/MassSpecData-02115-20261006-161021.csv,2026-10-06 16:05:29.144,4.9867333333333335
2026-10-06 16:10:28.557,9.5286e-11,Torr,11.small_stm_window_1,spray,11.small_stm_window_1/MassSpecData-02115-20261006-161021.csv,2026-10-06 16:05:29.144,4.990216666666667
2026-10-06 16:10:28.765,8.6022e-11,Torr,11.small_stm_window_1,spray,11.small_stm_window_1/MassSpecData-02115-20261006-161021.csv,2026-10-06 16:05:29.144,4.993683333333333
2026-10-06 16:10:28.973,7.9683e-11,Torr,11.small_stm_window_1,spray,11.small_stm_window_1/MassSpecData-02115-20261006-161021.csv,2026-10-06 16:05:29.144,4.99715
2026-10-06 16:10:29.182,7.9855e-11,Torr,11.small_stm_window_1,spray,11.small_stm_window_1/MassSpecData-02115-20261006-161021.csv,2026-10-06 16:05:29.144,5.000633333333334
2026-10-06 16:10:29.390,8.6038e-11,Torr,11.small_stm_window_1,spray,11.small_stm_window_1/MassSpecData-02115-20261006-161021.csv,2026-10-06 16:05:29.144,5.004099999999999
2026-10-06 16:10:29.598,8.4305e-11,Torr,11.small_stm_window_1,spray,11.small_stm_window_1/MassSpecData-02115-20261006-161021.csv,2026-10-06 16:05:29.144,5.0075666666666665
2026-10-06 16:10:29.807,9.5139e-11,Torr,11.small_stm_window_1,spray,11.small_stm_window_1/MassSpecData-02115-20261006-161021.csv,2026-10-06 16:05:29.144,5.01105
2026-10-06 16:10:30.015,8.5179e-11,Torr,11.small_stm_window_1,spray,11.small_stm_window_1/MassSpecData-02115-20261006-161021.csv,2026-10-06 16:05:29.144,5.014516666666666
2026-10-06 16:10:30.223,7.8412e-11,Torr,11.small_stm_window_1,spray,11.small_stm_window_1/MassSpecData-02115-20261006-161021.csv,2026-10-06 16:05:29.144,5.0179833333333335
2026-10-06 16:10:30.432,8.0085e-11,Torr,11.small_stm_window_1,spray,11.small_stm_window_1/MassSpecData-02115-20261006-161021.csv,2026-10-06 16:05:29.144,5.021466666666667
2026-10-06 16:10:30.640,8.9412e-11,Torr,11.small_stm_window_1,spray,11.small_stm_window_1/MassSpecData-02115-20261006-161021.csv,2026-10-06 16:05:29.144,5.024933333333333
2026-10-06 16:10:30.849,1.0112e-10,Torr,11.small_stm_window_1,spray,11.small_stm_window_1/MassSpecData-02115-20261006-161021.csv,2026-10-06 16:05:29.144,5.028416666666667
2026-10-06 16:10:31.057,7.8831e-11,Torr,11.small_stm_window_1,spray,11.small_stm_window_1/MassSpecData-02115-20261006-161021.csv,2026-10-06 16:05:29.144,5.031883333333334
2026-10-06 16:10:31.265,7.9088e-11,Torr,11.small_stm_window_1,spray,11.small_stm_window_1/MassSpecData-02115-20261006-161021.csv,2026-10-06 16:05:29.144,5.035349999999999
2026-10-06 16:10:31.474,8.9547e-11,Torr,11.small_stm_window_1,spray,11.small_stm_window_1/MassSpecData-02115-20261006-161021.csv,2026-10-06 16:05:29.144,5.038833333333333
2026-10-06 16:10:31.682,8.4652e-11,Torr,11.small_stm_window_1,spray,11.small_stm_window_1/MassSpecData-02115-20261006-161021.csv,2026-10-06 16:05:29.144,5.0423
2026-10-06 16:10:31.890,9.4184e-11,Torr,11.small_stm_window_1,spray,11.small_stm_window_1/MassSpecData-02115-20261006-161021.csv,2026-10-06 16:05:29.144,5.045766666666666
2026-10-06 16:10:32.099,8.31e-11,Torr,11.small_stm_window_1,spray,11.small_stm_window_1/MassSpecData-02115-20261006-161021.csv,2026-10-06 16:05:29.144,5.04925
2026-10-06 16:10:32.307,8.3245e-11,Torr,11.small_stm_window_1,spray,11.small_stm_window_1/MassSpecData-02115-20261006-161021.csv,2026-10-06 16:05:29.144,5.052716666666667
2026-10-06 16:10:32.515,8.9131e-11,Torr,11.small_stm_window_1,spray,11.small_stm_window_1/MassSpecData-02115-20261006-161021.csv,2026-10-06 16:05:29.144,5.056183333333333
2026-10-06 16:10:32.724,7.6354e-11,Torr,11.small_stm_window_1,spray,11.small_stm_window_1/MassSpecData-02115-20261006-161021.csv,2026-10-06 16:05:29.144,5.059666666666667
2026-10-06 16:10:32.932,1.053e-10,Torr,11.small_stm_window_1,spray,11.small_stm_window_1/MassSpecData-02115-20261006-161021.csv,2026-10-06 16:05:29.144,5.063133333333334
2026-10-06 16:10:33.140,8.7716e-11,Torr,11.small_stm_window_1,spray,11.small_stm_window_1/MassSpecData-02115-20261006-161021.csv,2026-10-06 16:05:29.144,5.066599999999999
2026-10-06 16:10:33.349,8.4027e-11,Torr,11.small_stm_window_1,spray,11.small_stm_window_1/MassSpecData-02115-20261006-161021.csv,2026-10-06 16:05:29.144,5.070083333333333
2026-10-06 16:10:33.557,8.0398e-11,Torr,11.small_stm_window_1,spray,11.small_stm_window_1/MassSpecData-02115-20261006-161021.csv,2026-10-06 16:05:29.144,5.07355
2026-10-06 16:10:33.765,8.6571e-11,Torr,11.small_stm_window_1,spray,11.small_stm_window_1/MassSpecData-02115-20261006-161021.csv,2026-10-06 16:05:29.144,5.077016666666666
2026-10-06 16:10:33.974,8.5174e-11,Torr,11.small_stm_window_1,spray,11.small_stm_window_1/MassSpecData-02115-20261006-161021.csv,2026-10-06 16:05:29.144,5.0805
2026-10-06 16:10:34.182,7.6052e-11,Torr,11.small_stm_window_1,spray,11.small_stm_window_1/MassSpecData-02115-20261006-161021.csv,2026-10-06 16:05:29.144,5.083966666666667
2026-10-06 16:10:34.390,7.3291e-11,Torr,11.small_stm_window_1,spray,11.small_stm_window_1/MassSpecData-02115-20261006-161021.csv,2026-10-06 16:05:29.144,5.087433333333333
2026-10-06 16:10:34.599,9.7388e-11,Torr,11.small_stm_window_1,spray,11.small_stm_window_1/MassSpecData-02115-20261006-161021.csv,2026-10-06 16:05:29.144,5.090916666666667
2026-10-06 16:10:34.807,8.5598e-11,Torr,11.small_stm_window_1,spray,11.small_stm_window_1/MassSpecData-02115-20261006-161021.csv,2026-10-06 16:05:29.144,5.094383333333334
2026-10-06 16:10:35.015,8.6854e-11,Torr,11.small_stm_window_1,spray,11.small_stm_window_1/MassSpecData-02115-20261006-161021.csv,2026-10-06 16:05:29.144,5.097849999999999
2026-10-06 16:10:35.224,9.4957e-11,Torr,11.small_stm_window_1,spray,11.small_stm_window_1/MassSpecData-02115-20261006-161021.csv,2026-10-06 16:05:29.144,5.101333333333333
2026-10-06 16:10:35.432,9.8061e-11,Torr,11.small_stm_window_1,spray,11.small_stm_window_1/MassSpecData-02115-20261006-161021.csv,2026-10-06 16:05:29.144,5.1048
2026-10-06 16:10:35.640,7.6971e-11,Torr,11.small_stm_window_1,spray,11.small_stm_window_1/MassSpecData-02115-20261006-161021.csv,2026-10-06 16:05:29.144,5.108266666666666
2026-10-06 16:10:35.849,8.8932e-11,Torr,11.small_stm_window_1,spray,11.small_stm_window_1/MassSpecData-02115-20261006-161021.csv,2026-10-06 16:05:29.144,5.11175
2026-10-06 16:10:36.057,8.9695e-11,Torr,11.small_stm_window_1,spray,11.small_stm_window_1/MassSpecData-02115-20261006-161021.csv,2026-10-06 16:05:29.144,5.115216666666667
2026-10-06 16:10:36.265,8.2344e-11,Torr,11.small_stm_window_1,spray,11.small_stm_window_1/MassSpecData-02115-20261006-161021.csv,2026-10-06 16:05:29.144,5.118683333333333
2026-10-06 16:10:36.474,7.5356e-11,Torr,11.small_stm_window_1,spray,11.small_stm_window_1/MassSpecData-02115-20261006-161021.csv,2026-10-06 16:05:29.144,5.122166666666667
2026-10-06 16:10:36.682,8.9414e-11,Torr,11.small_stm_window_1,spray,11.small_stm_window_1/MassSpecData-02115-20261006-161021.csv,2026-10-06 16:05:29.144,5.125633333333334
2026-10-06 16:10:36.890,8.0074e-11,Torr,11.small_stm_window_1,spray,11.small_stm_window_1/MassSpecData-02115-20261006-161021.csv,2026-10-06 16:05:29.144,5.129099999999999
2026-10-06 16:10:37.099,8.4997e-11,Torr,11.small_stm_window_1,spray,11.small_stm_window_1/MassSpecData-02115-20261006-161021.csv,2026-10-06 16:05:29.144,5.132583333333333
2026-10-06 16:10:37.307,9.5317e-11,Torr,11.small_stm_window_1,spray,11.small_stm_window_1/MassSpecData-02115-20261006-161021.csv,2026-10-06 16:05:29.144,5.13605
2026-10-06 16:10:37.515,8.2524e-11,Torr,11.small_stm_window_1,spray,11.small_stm_window_1/MassSpecData-02115-20261006-161021.csv,2026-10-06 16:05:29.144,5.139516666666666
2026-10-06 16:10:37.724,8.1624e-11,Torr,11.small_stm_window_1,spray,11.small_stm_window_1/MassSpecData-02115-20261006-161021.csv,2026-10-06 16:05:29.144,5.143
2026-10-06 16:10:37.932,8.9937e-11,Torr,11.small_stm_window_1,spray,11.small_stm_window_1/MassSpecData-02115-20261006-161021.csv,2026-10-06 16:05:29.144,5.146466666666667
2026-10-06 16:10:38.140,8.2299e-11,Torr,11.small_stm_window_1,spray,11.small_stm_window_1/MassSpecData-02115-20261006-161021.csv,2026-10-06 16:05:29.144,5.149933333333333
2026-10-06 16:10:38.349,9.577e-11,Torr,11.small_stm_window_1,spray,11.small_stm_window_1/MassSpecData-02115-20261006-161021.csv,2026-10-06 16:05:29.144,5.153416666666667
2026-10-06 16:10:38.557,8.4946e-11,Torr,11.small_stm_window_1,spray,11.small_stm_window_1/MassSpecData-02115-20261006-161021.csv,2026-10-06 16:05:29.144,5.156883333333334
2026-10-06 16:10:38.765,7.8488e-11,Torr,11.small_stm_window_1,spray,11.small_stm_window_1/MassSpecData-02115-20261006-161021.csv,2026-10-06 16:05:29.144,5.160349999999999
2026-10-06 16:10:38.974,7.7637e-11,Torr,11.small_stm_window_1,spray,11.small_stm_window_1/MassSpecData-02115-20261006-161021.csv,2026-10-06 16:05:29.144,5.163833333333333
2026-10-06 16:10:39.182,8.8995e-11,Torr,11.small_stm_window_1,spray,11.small_stm_window_1/MassSpecData-02115-20261006-161021.csv,2026-10-06 16:05:29.144,5.1673
2026-10-06 16:10:39.390,8.9172e-11,Torr,11.small_stm_window_1,spray,11.small_stm_window_1/MassSpecData-02115-20261006-161021.csv,2026-10-06 16:05:29.144,5.170766666666666
2026-10-06 16:10:39.599,9.3191e-11,Torr,11.small_stm_window_1,spray,11.small_stm_window_1/MassSpecData-02115-20261006-161021.csv,2026-10-06 16:05:29.144,5.17425
2026-10-06 16:10:39.807,9.1705e-11,Torr,11.small_stm_window_1,spray,11.small_stm_window_1/MassSpecData-02115-20261006-161021.csv,2026-10-06 16:05:29.144,5.177716666666667
2026-10-06 16:10:40.015,9.6949e-11,Torr,11.small_stm_window_1,spray,11.small_stm_window_1/MassSpecData-02115-20261006-161021.csv,2026-10-06 16:05:29.144,5.181183333333333
2026-10-06 16:10:40.224,8.2514e-11,Torr,11.small_stm_window_1,spray,11.small_stm_window_1/MassSpecData-02115-20261006-161021.csv,2026-10-06 16:05:29.144,5.184666666666667
2026-10-06 16:10:40.432,7.3138e-11,Torr,11.small_stm_window_1,spray,11.small_stm_window_1/MassSpecData-02115-20261006-161021.csv,2026-10-06 16:05:29.144,5.188133333333334
2026-10-06 16:10:40.640,8.5296e-11,Torr,11.small_stm_window_1,spray,11.small_stm_window_1/MassSpecData-02115-20261006-161021.csv,2026-10-06 16:05:29.144,5.191599999999999
2026-10-06 16:10:40.849,9.2912e-11,Torr,11.small_stm_window_1,spray,11.small_stm_window_1/MassSpecData-02115-20261006-161021.csv,2026-10-06 16:05:29.144,5.195083333333333
2026-10-06 16:10:41.057,8.1869e-11,Torr,11.small_stm_window_1,spray,11.small_stm_window_1/MassSpecData-02115-20261006-161021.csv,2026-10-06 16:05:29.144,5.19855
2026-10-06 16:10:41.265,6.8066e-11,Torr,11.small_stm_window_1,spray,11.small_stm_window_1/MassSpecData-02115-20261006-161021.csv,2026-10-06 16:05:29.144,5.202016666666666
2026-10-06 16:10:41.473,9.2514e-11,Torr,11.small_stm_window_1,spray,11.small_stm_window_1/MassSpecData-02115-20261006-161021.csv,2026-10-06 16:05:29.144,5.2054833333333335
2026-10-06 16:10:41.682,8.3221e-11,Torr,11.small_stm_window_1,spray,11.small_stm_window_1/MassSpecData-02115-20261006-161021.csv,2026-10-06 16:05:29.144,5.208966666666667
2026-10-06 16:10:41.890,1.0506e-10,Torr,11.small_stm_window_1,spray,11.small_stm_window_1/MassSpecData-02115-20261006-161021.csv,2026-10-06 16:05:29.144,5.212433333333333
2026-10-06 16:10:42.098,1.0262e-10,Torr,11.small_stm_window_1,spray,11.small_stm_window_1/MassSpecData-02115-20261006-161021.csv,2026-10-06 16:05:29.144,5.2159
2026-10-06 16:10:42.307,9.4571e-11,Torr,11.small_stm_window_1,spray,11.small_stm_window_1/MassSpecData-02115-20261006-161021.csv,2026-10-06 16:05:29.144,5.219383333333334
2026-10-06 16:10:42.515,9.3164e-11,Torr,11.small_stm_window_1,spray,11.small_stm_window_1/MassSpecData-02115-20261006-161021.csv,2026-10-06 16:05:29.144,5.222849999999999
2026-10-06 16:10:42.723,9.176e-11,Torr,11.small_stm_window_1,spray,11.small_stm_window_1/MassSpecData-02115-20261006-161021.csv,2026-10-06 16:05:29.144,5.2263166666666665
2026-10-06 16:10:42.932,7.8237e-11,Torr,11.small_stm_window_1,spray,11.small_stm_window_1/MassSpecData-02115-20261006-161021.csv,2026-10-06 16:05:29.144,5.2298
2026-10-06 16:10:43.140,8.4975e-11,Torr,11.small_stm_window_1,spray,11.small_stm_window_1/MassSpecData-02115-20261006-161021.csv,2026-10-06 16:05:29.144,5.233266666666666
2026-10-06 16:10:43.348,7.656e-11,Torr,11.small_stm_window_1,spray,11.small_stm_window_1/MassSpecData-02115-20261006-161021.csv,2026-10-06 16:05:29.144,5.2367333333333335
2026-10-06 16:10:43.557,7.594e-11,Torr,11.small_stm_window_1,spray,11.small_stm_window_1/MassSpecData-02115-20261006-161021.csv,2026-10-06 16:05:29.144,5.240216666666667
2026-10-06 16:10:43.765,9.8218e-11,Torr,11.small_stm_window_1,spray,11.small_stm_window_1/MassSpecData-02115-20261006-161021.csv,2026-10-06 16:05:29.144,5.243683333333333
2026-10-06 16:10:43.973,9.4197e-11,Torr,11.small_stm_window_1,spray,11.small_stm_window_1/MassSpecData-02115-20261006-161021.csv,2026-10-06 16:05:29.144,5.24715
2026-10-06 16:10:44.182,9.6134e-11,Torr,11.small_stm_window_1,spray,11.small_stm_window_1/MassSpecData-02115-20261006-161021.csv,2026-10-06 16:05:29.144,5.250633333333334
2026-10-06 16:10:44.390,7.4251e-11,Torr,11.small_stm_window_1,spray,11.small_stm_window_1/MassSpecData-02115-20261006-161021.csv,2026-10-06 16:05:29.144,5.254099999999999
2026-10-06 16:10:44.598,8.4408e-11,Torr,11.small_stm_window_1,spray,11.small_stm_window_1/MassSpecData-02115-20261006-161021.csv,2026-10-06 16:05:29.144,5.2575666666666665
2026-10-06 16:10:44.807,7.8528e-11,Torr,11.small_stm_window_1,spray,11.small_stm_window_1/MassSpecData-02115-20261006-161021.csv,2026-10-06 16:05:29.144,5.26105
2026-10-06 16:10:45.015,8.8281e-11,Torr,11.small_stm_window_1,spray,11.small_stm_window_1/MassSpecData-02115-20261006-161021.csv,2026-10-06 16:05:29.144,5.264516666666666
2026-10-06 16:10:45.223,8.9778e-11,Torr,11.small_stm_window_1,spray,11.small_stm_window_1/MassSpecData-02115-20261006-161021.csv,2026-10-06 16:05:29.144,5.2679833333333335
2026-10-06 16:10:45.432,7.3628e-11,Torr,11.small_stm_window_1,spray,11.small_stm_window_1/MassSpecData-02115-20261006-161021.csv,2026-10-06 16:05:29.144,5.271466666666667
2026-10-06 16:10:45.640,1.0793e-10,Torr,11.small_stm_window_1,spray,11.small_stm_window_1/MassSpecData-02115-20261006-161021.csv,2026-10-06 16:05:29.144,5.274933333333333
2026-10-06 16:10:45.848,9.8201e-11,Torr,11.small_stm_window_1,spray,11.small_stm_window_1/MassSpecData-02115-20261006-161021.csv,2026-10-06 16:05:29.144,5.2784
2026-10-06 16:10:46.057,7.4469e-11,Torr,11.small_stm_window_1,spray,11.small_stm_window_1/MassSpecData-02115-20261006-161021.csv,2026-10-06 16:05:29.144,5.281883333333334
2026-10-06 16:10:46.265,9.2586e-11,Torr,11.small_stm_window_1,spray,11.small_stm_window_1/MassSpecData-02115-20261006-161021.csv,2026-10-06 16:05:29.144,5.285349999999999
2026-10-06 16:10:46.473,9.0078e-11,Torr,11.small_stm_window_1,spray,11.small_stm_window_1/MassSpecData-02115-20261006-161021.csv,2026-10-06 16:05:29.144,5.2888166666666665
2026-10-06 16:10:46.682,8.7872e-11,Torr,11.small_stm_window_1,spray,11.small_stm_window_1/MassSpecData-02115-20261006-161021.csv,2026-10-06 16:05:29.144,5.2923
2026-10-06 16:10:46.890,8.0934e-11,Torr,11.small_stm_window_1,spray,11.small_stm_window_1/MassSpecData-02115-20261006-161021.csv,2026-10-06 16:05:29.144,5.295766666666666
2026-10-06 16:10:47.098,8.1772e-11,Torr,11.small_stm_window_1,spray,11.small_stm_window_1/MassSpecData-02115-20261006-161021.csv,2026-10-06 16:05:29.144,5.2992333333333335
2026-10-06 16:10:47.307,7.4927e-11,Torr,11.small_stm_window_1,spray,11.small_stm_window_1/MassSpecData-02115-20261006-161021.csv,2026-10-06 16:05:29.144,5.302716666666667
2026-10-06 16:10:47.515,9.378e-11,Torr,11.small_stm_window_1,spray,11.small_stm_window_1/MassSpecData-02115-20261006-161021.csv,2026-10-06 16:05:29.144,5.306183333333333
2026-10-06 16:10:47.723,9.7721e-11,Torr,11.small_stm_window_1,spray,11.small_stm_window_1/MassSpecData-02115-20261006-161021.csv,2026-10-06 16:05:29.144,5.30965
2026-10-06 16:10:47.932,9.4205e-11,Torr,11.small_stm_window_1,spray,11.small_stm_window_1/MassSpecData-02115-20261006-161021.csv,2026-10-06 16:05:29.144,5.313133333333334
2026-10-06 16:10:48.140,8.2962e-11,Torr,11.small_stm_window_1,spray,11.small_stm_window_1/MassSpecData-02115-20261006-161021.csv,2026-10-06 16:05:29.144,5.316599999999999
2026-10-06 16:10:48.348,7.7795e-11,Torr,11.small_stm_window_1,spray,11.small_stm_window_1/MassSpecData-02115-20261006-161021.csv,2026-10-06 16:05:29.144,5.3200666666666665
2026-10-06 16:10:48.557,9.6704e-11,Torr,11.small_stm_window_1,spray,11.small_stm_window_1/MassSpecData-02115-20261006-161021.csv,2026-10-06 16:05:29.144,5.32355
2026-10-06 16:10:48.765,8.1782e-11,Torr,11.small_stm_window_1,spray,11.small_stm_window_1/MassSpecData-02115-20261006-161021.csv,2026-10-06 16:05:29.144,5.327016666666666
2026-10-06 16:10:48.973,7.6341e-11,Torr,11.small_stm_window_1,spray,11.small_stm_window_1/MassSpecData-02115-20261006-161021.csv,2026-10-06 16:05:29.144,5.3304833333333335
2026-10-06 16:10:49.182,9.1525e-11,Torr,11.small_stm_window_1,spray,11.small_stm_window_1/MassSpecData-02115-20261006-161021.csv,2026-10-06 16:05:29.144,5.333966666666667
2026-10-06 16:10:49.390,9.3252e-11,Torr,11.small_stm_window_1,spray,11.small_stm_window_1/MassSpecData-02115-20261006-161021.csv,2026-10-06 16:05:29.144,5.337433333333333
2026-10-06 16:10:49.598,8.8386e-11,Torr,11.small_stm_window_1,spray,11.small_stm_window_1/MassSpecData-02115-20261006-161021.csv,2026-10-06 16:05:29.144,5.3409
2026-10-06 16:10:49.807,1.0287e-10,Torr,11.small_stm_window_1,spray,11.small_stm_window_1/MassSpecData-02115-20261006-161021.csv,2026-10-06 16:05:29.144,5.344383333333334
2026-10-06 16:10:50.015,7.096e-11,Torr,11.small_stm_window_1,spray,11.small_stm_window_1/MassSpecData-02115-20261006-161021.csv,2026-10-06 16:05:29.144,5.347849999999999
2026-10-06 16:10:50.223,8.4586e-11,Torr,11.small_stm_window_1,spray,11.small_stm_window_1/MassSpecData-02115-20261006-161021.csv,2026-10-06 16:05:29.144,5.3513166666666665
2026-10-06 16:10:50.432,9.9424e-11,Torr,11.small_stm_window_1,spray,11.small_stm_window_1/MassSpecData-02115-20261006-161021.csv,2026-10-06 16:05:29.144,5.3548
2026-10-06 16:10:50.640,8.5958e-11,Torr,11.small_stm_window_1,spray,11.small_stm_window_1/MassSpecData-02115-20261006-161021.csv,2026-10-06 16:05:29.144,5.358266666666666
2026-10-06 16:10:50.848,8.986e-11,Torr,11.small_stm_window_1,spray,11.small_stm_window_1/MassSpecData-02115-20261006-161021.csv,2026-10-06 16:05:29.144,5.3617333333333335
2026-10-06 16:10:51.057,7.4897e-11,Torr,11.small_stm_window_1,spray,11.small_stm_window_1/MassSpecData-02115-20261006-161021.csv,2026-10-06 16:05:29.144,5.365216666666667
2026-10-06 16:10:51.265,8.9181e-11,Torr,11.small_stm_window_1,spray,11.small_stm_window_1/MassSpecData-02115-20261006-161021.csv,2026-10-06 16:05:29.144,5.368683333333333
2026-10-06 16:10:51.473,8.3864e-11,Torr,11.small_stm_window_1,spray,11.small_stm_window_1/MassSpecData-02115-20261006-161021.csv,2026-10-06 16:05:29.144,5.37215
2026-10-06 16:10:51.682,8.6049e-11,Torr,11.small_stm_window_1,spray,11.small_stm_window_1/MassSpecData-02115-20261006-161021.csv,2026-10-06 16:05:29.144,5.375633333333334
2026-10-06 16:10:51.890,9.3285e-11,Torr,11.small_stm_window_1,spray,11.small_stm_window_1/MassSpecData-02115-20261006-161021.csv,2026-10-06 16:05:29.144,5.379099999999999
2026-10-06 16:10:52.098,8.2523e-11,Torr,11.small_stm_window_1,spray,11.small_stm_window_1/MassSpecData-02115-20261006-161021.csv,2026-10-06 16:05:29.144,5.3825666666666665
2026-10-06 16:10:52.307,9.2207e-11,Torr,11.small_stm_window_1,spray,11.small_stm_window_1/MassSpecData-02115-20261006-161021.csv,2026-10-06 16:05:29.144,5.38605
2026-10-06 16:10:52.515,7.8478e-11,Torr,11.small_stm_window_1,spray,11.small_stm_window_1/MassSpecData-02115-20261006-161021.csv,2026-10-06 16:05:29.144,5.389516666666666
2026-10-06 16:10:52.723,8.0917e-11,Torr,11.small_stm_window_1,spray,11.small_stm_window_1/MassSpecData-02115-20261006-161021.csv,2026-10-06 16:05:29.144,5.3929833333333335
2026-10-06 16:10:52.932,8.5908e-11,Torr,11.small_stm_window_1,spray,11.small_stm_window_1/MassSpecData-02115-20261006-161021.csv,2026-10-06 16:05:29.144,5.396466666666667
2026-10-06 16:10:53.140,1.0369e-10,Torr,11.small_stm_window_1,spray,11.small_stm_window_1/MassSpecData-02115-20261006-161021.csv,2026-10-06 16:05:29.144,5.399933333333333
2026-10-06 16:10:53.348,1.0589e-10,Torr,11.small_stm_window_1,spray,11.small_stm_window_1/MassSpecData-02115-20261006-161021.csv,2026-10-06 16:05:29.144,5.4034
2026-10-06 16:10:53.557,8.3685e-11,Torr,11.small_stm_window_1,spray,11.small_stm_window_1/MassSpecData-02115-20261006-161021.csv,2026-10-06 16:05:29.144,5.406883333333334
2026-10-06 16:10:53.765,9.0571e-11,Torr,11.small_stm_window_1,spray,11.small_stm_window_1/MassSpecData-02115-20261006-161021.csv,2026-10-06 16:05:29.144,5.410349999999999
2026-10-06 16:10:53.973,9.1298e-11,Torr,11.small_stm_window_1,spray,11.small_stm_window_1/MassSpecData-02115-20261006-161021.csv,2026-10-06 16:05:29.144,5.4138166666666665
2026-10-06 16:10:54.182,7.1896e-11,Torr,11.small_stm_window_1,spray,11.small_stm_window_1/MassSpecData-02115-20261006-161021.csv,2026-10-06 16:05:29.144,5.4173
2026-10-06 16:10:54.390,8.3212e-11,Torr,11.small_stm_window_1,spray,11.small_stm_window_1/MassSpecData-02115-20261006-161021.csv,2026-10-06 16:05:29.144,5.420766666666666
2026-10-06 16:10:54.598,8.9269e-11,Torr,11.small_stm_window_1,spray,11.small_stm_window_1/MassSpecData-02115-20261006-161021.csv,2026-10-06 16:05:29.144,5.4242333333333335
2026-10-06 16:10:54.807,7.3241e-11,Torr,11.small_stm_window_1,spray,11.small_stm_window_1/MassSpecData-02115-20261006-161021.csv,2026-10-06 16:05:29.144,5.427716666666667
2026-10-06 16:10:55.015,8.7444e-11,Torr,11.small_stm_window_1,spray,11.small_stm_window_1/MassSpecData-02115-20261006-161021.csv,2026-10-06 16:05:29.144,5.431183333333333
2026-10-06 16:10:55.223,7.942e-11,Torr,11.small_stm_window_1,spray,11.small_stm_window_1/MassSpecData-02115-20261006-161021.csv,2026-10-06 16:05:29.144,5.43465
2026-10-06 16:10:55.432,7.8053e-11,Torr,11.small_stm_window_1,spray,11.small_stm_window_1/MassSpecData-02115-20261006-161021.csv,2026-10-06 16:05:29.144,5.438133333333334
2026-10-06 16:10:55.640,8.6566e-11,Torr,11.small_stm_window_1,spray,11.small_stm_window_1/MassSpecData-02115-20261006-161021.csv,2026-10-06 16:05:29.144,5.441599999999999
2026-10-06 16:10:55.848,9.1644e-11,Torr,11.small_stm_window_1,spray,11.small_stm_window_1/MassSpecData-02115-20261006-161021.csv,2026-10-06 16:05:29.144,5.4450666666666665
2026-10-06 16:10:56.057,7.8988e-11,Torr,11.small_stm_window_1,spray,11.small_stm_window_1/MassSpecData-02115-20261006-161021.csv,2026-10-06 16:05:29.144,5.44855
2026-10-06 16:10:56.265,8.0545e-11,Torr,11.small_stm_window_1,spray,11.small_stm_window_1/MassSpecData-02115-20261006-161021.csv,2026-10-06 16:05:29.144,5.452016666666666
2026-10-06 16:10:56.473,8.6416e-11,Torr,11.small_stm_window_1,spray,11.small_stm_window_1/MassSpecData-02115-20261006-161021.csv,2026-10-06 16:05:29.144,5.4554833333333335
2026-10-06 16:10:56.682,7.7331e-11,Torr,11.small_stm_window_1,spray,11.small_stm_window_1/MassSpecData-02115-20261006-161021.csv,2026-10-06 16:05:29.144,5.458966666666667
2026-10-06 16:10:56.890,9.2607e-11,Torr,11.small_stm_window_1,spray,11.small_stm_window_1/MassSpecData-02115-20261006-161021.csv,2026-10-06 16:05:29.144,5.462433333333333
2026-10-06 16:10:57.098,9.6249e-11,Torr,11.small_stm_window_1,spray,11.small_stm_window_1/MassSpecData-02115-20261006-161021.csv,2026-10-06 16:05:29.144,5.4659
2026-10-06 16:10:57.307,9.6125e-11,Torr,11.small_stm_window_1,spray,11.small_stm_window_1/MassSpecData-02115-20261006-161021.csv,2026-10-06 16:05:29.144,5.469383333333334
2026-10-06 16:10:57.515,8.4231e-11,Torr,11.small_stm_window_1,spray,11.small_stm_window_1/MassSpecData-02115-20261006-161021.csv,2026-10-06 16:05:29.144,5.472849999999999
2026-10-06 16:10:57.723,7.927e-11,Torr,11.small_stm_window_1,spray,11.small_stm_window_1/MassSpecData-02115-20261006-161021.csv,2026-10-06 16:05:29.144,5.4763166666666665
2026-10-06 16:10:57.932,9.4154e-11,Torr,11.small_stm_window_1,spray,11.small_stm_window_1/MassSpecData-02115-20261006-161021.csv,2026-10-06 16:05:29.144,5.4798
2026-10-06 16:10:58.140,9.1889e-11,Torr,11.small_stm_window_1,spray,11.small_stm_window_1/MassSpecData-02115-20261006-161021.csv,2026-10-06 16:05:29.144,5.483266666666666
2026-10-06 16:10:58.348,9.7755e-11,Torr,11.small_stm_window_1,spray,11.small_stm_window_1/MassSpecData-02115-20261006-161021.csv,2026-10-06 16:05:29.144,5.4867333333333335
2026-10-06 16:10:58.557,8.6497e-11,Torr,11.small_stm_window_1,spray,11.small_stm_window_1/MassSpecData-02115-20261006-161021.csv,2026-10-06 16:05:29.144,5.490216666666667
2026-10-06 16:10:58.765,8.3236e-11,Torr,11.small_stm_window_1,spray,11.small_stm_window_1/MassSpecData-02115-20261006-161021.csv,2026-10-06 16:05:29.144,5.493683333333333
2026-10-06 16:10:58.973,7.5847e-11,Torr,11.small_stm_window_1,spray,11.small_stm_window_1/MassSpecData-02115-20261006-161021.csv,2026-10-06 16:05:29.144,5.49715
2026-10-06 16:10:59.182,8.8328e-11,Torr,11.small_stm_window_1,spray,11.small_stm_window_1/MassSpecData-02115-20261006-161021.csv,2026-10-06 16:05:29.144,5.500633333333334
2026-10-06 16:10:59.390,7.59e-11,Torr,11.small_stm_window_1,spray,11.small_stm_window_1/MassSpecData-02115-20261006-161021.csv,2026-10-06 16:05:29.144,5.504099999999999
2026-10-06 16:10:59.599,9.9485e-11,Torr,11.small_stm_window_1,spray,11.small_stm_window_1/MassSpecData-02115-20261006-161021.csv,2026-10-06 16:05:29.144,5.507583333333333
2026-10-06 16:10:59.807,7.03e-11,Torr,11.small_stm_window_1,spray,11.small_stm_window_1/MassSpecData-02115-20261006-161021.csv,2026-10-06 16:05:29.144,5.51105
2026-10-06 16:11:00.015,8.4535e-11,Torr,11.small_stm_window_1,spray,11.small_stm_window_1/MassSpecData-02115-20261006-161021.csv,2026-10-06 16:05:29.144,5.514516666666666
2026-10-06 16:11:00.224,9.0185e-11,Torr,11.small_stm_window_1,spray,11.small_stm_window_1/MassSpecData-02115-20261006-161021.csv,2026-10-06 16:05:29.144,5.518
2026-10-06 16:11:00.432,9.1593e-11,Torr,11.small_stm_window_1,spray,11.small_stm_window_1/MassSpecData-02115-20261006-161021.csv,2026-10-06 16:05:29.144,5.521466666666667
2026-10-06 16:11:00.640,8.9831e-11,Torr,11.small_stm_window_1,spray,11.small_stm_window_1/MassSpecData-02115-20261006-161021.csv,2026-10-06 16:05:29.144,5.524933333333333
2026-10-06 16:11:00.849,7.5608e-11,Torr,11.small_stm_window_1,spray,11.small_stm_window_1/MassSpecData-02115-20261006-161021.csv,2026-10-06 16:05:29.144,5.528416666666667
2026-10-06 16:11:01.057,7.3063e-11,Torr,11.small_stm_window_1,spray,11.small_stm_window_1/MassSpecData-02115-20261006-161021.csv,2026-10-06 16:05:29.144,5.531883333333334
2026-10-06 16:11:01.265,8.5189e-11,Torr,11.small_stm_window_1,spray,11.small_stm_window_1/MassSpecData-02115-20261006-161021.csv,2026-10-06 16:05:29.144,5.535349999999999
2026-10-06 16:11:01.474,8.0587e-11,Torr,11.small_stm_window_1,spray,11.small_stm_window_1/MassSpecData-02115-20261006-161021.csv,2026-10-06 16:05:29.144,5.538833333333333
2026-10-06 16:11:01.682,8.5194e-11,Torr,11.small_stm_window_1,spray,11.small_stm_window_1/MassSpecData-02115-20261006-161021.csv,2026-10-06 16:05:29.144,5.5423
2026-10-06 16:11:01.890,8.0514e-11,Torr,11.small_stm_window_1,spray,11.small_stm_window_1/MassSpecData-02115-20261006-161021.csv,2026-10-06 16:05:29.144,5.545766666666666
2026-10-06 16:11:02.099,8.3722e-11,Torr,11.small_stm_window_1,spray,11.small_stm_window_1/MassSpecData-02115-20261006-161021.csv,2026-10-06 16:05:29.144,5.54925
2026-10-06 16:11:02.307,7.0453e-11,Torr,11.small_stm_window_1,spray,11.small_stm_window_1/MassSpecData-02115-20261006-161021.csv,2026-10-06 16:05:29.144,5.552716666666667
2026-10-06 16:11:02.515,8.5405e-11,Torr,11.small_stm_window_1,spray,11.small_stm_window_1/MassSpecData-02115-20261006-161021.csv,2026-10-06 16:05:29.144,5.556183333333333
2026-10-06 16:11:02.724,8.9031e-11,Torr,11.small_stm_window_1,spray,11.small_stm_window_1/MassSpecData-02115-20261006-161021.csv,2026-10-06 16:05:29.144,5.559666666666667
2026-10-06 16:11:02.932,8.4354e-11,Torr,11.small_stm_window_1,spray,11.small_stm_window_1/MassSpecData-02115-20261006-161021.csv,2026-10-06 16:05:29.144,5.563133333333334
2026-10-06 16:11:03.140,7.3427e-11,Torr,11.small_stm_window_1,spray,11.small_stm_window_1/MassSpecData-02115-20261006-161021.csv,2026-10-06 16:05:29.144,5.566599999999999
2026-10-06 16:11:03.480,8.4062e-11,Torr,11.small_stm_window_1,spray,11.small_stm_window_1/MassSpecData-02115-20261006-161103.csv,2026-10-06 16:05:29.144,5.572266666666667
2026-10-06 16:11:03.688,8.1227e-11,Torr,11.small_stm_window_1,spray,11.small_stm_window_1/MassSpecData-02115-20261006-161103.csv,2026-10-06 16:05:29.144,5.575733333333333
2026-10-06 16:11:03.897,8.3363e-11,Torr,11.small_stm_window_1,spray,11.small_stm_window_1/MassSpecData-02115-20261006-161103.csv,2026-10-06 16:05:29.144,5.5792166666666665
2026-10-06 16:11:04.105,8.3935e-11,Torr,11.small_stm_window_1,spray,11.small_stm_window_1/MassSpecData-02115-20261006-161103.csv,2026-10-06 16:05:29.144,5.582683333333334
2026-10-06 16:11:04.313,8.9982e-11,Torr,11.small_stm_window_1,spray,11.small_stm_window_1/MassSpecData-02115-20261006-161103.csv,2026-10-06 16:05:29.144,5.58615
2026-10-06 16:11:04.522,7.4146e-11,Torr,11.small_stm_window_1,spray,11.small_stm_window_1/MassSpecData-02115-20261006-161103.csv,2026-10-06 16:05:29.144,5.5896333333333335
2026-10-06 16:11:04.730,7.4622e-11,Torr,11.small_stm_window_1,spray,11.small_stm_window_1/MassSpecData-02115-20261006-161103.csv,2026-10-06 16:05:29.144,5.593100000000001
2026-10-06 16:11:04.938,9.2244e-11,Torr,11.small_stm_window_1,spray,11.small_stm_window_1/MassSpecData-02115-20261006-161103.csv,2026-10-06 16:05:29.144,5.596566666666666
2026-10-06 16:11:05.146,9.7246e-11,Torr,11.small_stm_window_1,spray,11.small_stm_window_1/MassSpecData-02115-20261006-161103.csv,2026-10-06 16:05:29.144,5.600033333333333
2026-10-06 16:11:05.355,8.4174e-11,Torr,11.small_stm_window_1,spray,11.small_stm_window_1/MassSpecData-02115-20261006-161103.csv,2026-10-06 16:05:29.144,5.603516666666667
2026-10-06 16:11:05.563,7.7747e-11,Torr,11.small_stm_window_1,spray,11.small_stm_window_1/MassSpecData-02115-20261006-161103.csv,2026-10-06 16:05:29.144,5.606983333333333
2026-10-06 16:11:05.772,6.7443e-11,Torr,11.small_stm_window_1,spray,11.small_stm_window_1/MassSpecData-02115-20261006-161103.csv,2026-10-06 16:05:29.144,5.6104666666666665
2026-10-06 16:11:05.980,9.7028e-11,Torr,11.small_stm_window_1,spray,11.small_stm_window_1/MassSpecData-02115-20261006-161103.csv,2026-10-06 16:05:29.144,5.613933333333334
2026-10-06 16:11:06.188,9.3061e-11,Torr,11.small_stm_window_1,spray,11.small_stm_window_1/MassSpecData-02115-20261006-161103.csv,2026-10-06 16:05:29.144,5.6174
2026-10-06 16:11:06.397,9.7758e-11,Torr,11.small_stm_window_1,spray,11.small_stm_window_1/MassSpecData-02115-20261006-161103.csv,2026-10-06 16:05:29.144,5.6208833333333335
2026-10-06 16:11:06.605,8.519e-11,Torr,11.small_stm_window_1,spray,11.small_stm_window_1/MassSpecData-02115-20261006-161103.csv,2026-10-06 16:05:29.144,5.624350000000001
2026-10-06 16:11:06.813,9.7688e-11,Torr,11.small_stm_window_1,spray,11.small_stm_window_1/MassSpecData-02115-20261006-161103.csv,2026-10-06 16:05:29.144,5.627816666666666
2026-10-06 16:11:07.022,8.517e-11,Torr,11.small_stm_window_1,spray,11.small_stm_window_1/MassSpecData-02115-20261006-161103.csv,2026-10-06 16:05:29.144,5.6312999999999995
2026-10-06 16:11:07.230,8.6635e-11,Torr,11.small_stm_window_1,spray,11.small_stm_window_1/MassSpecData-02115-20261006-161103.csv,2026-10-06 16:05:29.144,5.634766666666667
2026-10-06 16:11:07.438,7.9881e-11,Torr,11.small_stm_window_1,spray,11.small_stm_window_1/MassSpecData-02115-20261006-161103.csv,2026-10-06 16:05:29.144,5.638233333333333
2026-10-06 16:11:07.647,7.9475e-11,Torr,11.small_stm_window_1,spray,11.small_stm_window_1/MassSpecData-02115-20261006-161103.csv,2026-10-06 16:05:29.144,5.6417166666666665
2026-10-06 16:11:07.855,7.8808e-11,Torr,11.small_stm_window_1,spray,11.small_stm_window_1/MassSpecData-02115-20261006-161103.csv,2026-10-06 16:05:29.144,5.645183333333334
2026-10-06 16:11:08.063,8.3547e-11,Torr,11.small_stm_window_1,spray,11.small_stm_window_1/MassSpecData-02115-20261006-161103.csv,2026-10-06 16:05:29.144,5.64865
2026-10-06 16:11:08.272,8.6027e-11,Torr,11.small_stm_window_1,spray,11.small_stm_window_1/MassSpecData-02115-20261006-161103.csv,2026-10-06 16:05:29.144,5.6521333333333335
2026-10-06 16:11:08.480,9.8699e-11,Torr,11.small_stm_window_1,spray,11.small_stm_window_1/MassSpecData-02115-20261006-161103.csv,2026-10-06 16:05:29.144,5.655600000000001
2026-10-06 16:11:08.688,8.6741e-11,Torr,11.small_stm_window_1,spray,11.small_stm_window_1/MassSpecData-02115-20261006-161103.csv,2026-10-06 16:05:29.144,5.659066666666666
2026-10-06 16:11:08.896,8.5359e-11,Torr,11.small_stm_window_1,spray,11.small_stm_window_1/MassSpecData-02115-20261006-161103.csv,2026-10-06 16:05:29.144,5.662533333333333
2026-10-06 16:11:09.105,7.6236e-11,Torr,11.small_stm_window_1,spray,11.small_stm_window_1/MassSpecData-02115-20261006-161103.csv,2026-10-06 16:05:29.144,5.666016666666667
2026-10-06 16:11:09.313,8.005e-11,Torr,11.small_stm_window_1,spray,11.small_stm_window_1/MassSpecData-02115-20261006-161103.csv,2026-10-06 16:05:29.144,5.669483333333333
2026-10-06 16:11:09.521,8.4672e-11,Torr,11.small_stm_window_1,spray,11.small_stm_window_1/MassSpecData-02115-20261006-161103.csv,2026-10-06 16:05:29.144,5.67295
2026-10-06 16:11:09.730,9.958e-11,Torr,11.small_stm_window_1,spray,11.small_stm_window_1/MassSpecData-02115-20261006-161103.csv,2026-10-06 16:05:29.144,5.676433333333334
2026-10-06 16:11:09.938,8.5121e-11,Torr,11.small_stm_window_1,spray,11.small_stm_window_1/MassSpecData-02115-20261006-161103.csv,2026-10-06 16:05:29.144,5.6799
2026-10-06 16:11:10.146,8.9134e-11,Torr,11.small_stm_window_1,spray,11.small_stm_window_1/MassSpecData-02115-20261006-161103.csv,2026-10-06 16:05:29.144,5.683366666666667
2026-10-06 16:11:10.355,1.014e-10,Torr,11.small_stm_window_1,spray,11.small_stm_window_1/MassSpecData-02115-20261006-161103.csv,2026-10-06 16:05:29.144,5.686850000000001
2026-10-06 16:11:10.563,1.1346e-10,Torr,11.small_stm_window_1,spray,11.small_stm_window_1/MassSpecData-02115-20261006-161103.csv,2026-10-06 16:05:29.144,5.690316666666666
2026-10-06 16:11:10.771,8.6793e-11,Torr,11.small_stm_window_1,spray,11.small_stm_window_1/MassSpecData-02115-20261006-161103.csv,2026-10-06 16:05:29.144,5.693783333333333
2026-10-06 16:11:10.980,8.344e-11,Torr,11.small_stm_window_1,spray,11.small_stm_window_1/MassSpecData-02115-20261006-161103.csv,2026-10-06 16:05:29.144,5.697266666666667
2026-10-06 16:11:11.188,8.7955e-11,Torr,11.small_stm_window_1,spray,11.small_stm_window_1/MassSpecData-02115-20261006-161103.csv,2026-10-06 16:05:29.144,5.700733333333333
2026-10-06 16:11:11.396,7.7926e-11,Torr,11.small_stm_window_1,spray,11.small_stm_window_1/MassSpecData-02115-20261006-161103.csv,2026-10-06 16:05:29.144,5.7042
2026-10-06 16:11:11.605,8.2931e-11,Torr,11.small_stm_window_1,spray,11.small_stm_window_1/MassSpecData-02115-20261006-161103.csv,2026-10-06 16:05:29.144,5.707683333333334
2026-10-06 16:11:11.813,8.8606e-11,Torr,11.small_stm_window_1,spray,11.small_stm_window_1/MassSpecData-02115-20261006-161103.csv,2026-10-06 16:05:29.144,5.71115
2026-10-06 16:11:12.021,8.9166e-11,Torr,11.small_stm_window_1,spray,11.small_stm_window_1/MassSpecData-02115-20261006-161103.csv,2026-10-06 16:05:29.144,5.714616666666667
2026-10-06 16:11:12.230,8.885e-11,Torr,11.small_stm_window_1,spray,11.small_stm_window_1/MassSpecData-02115-20261006-161103.csv,2026-10-06 16:05:29.144,5.718100000000001
2026-10-06 16:11:12.438,7.4268e-11,Torr,11.small_stm_window_1,spray,11.small_stm_window_1/MassSpecData-02115-20261006-161103.csv,2026-10-06 16:05:29.144,5.721566666666666
2026-10-06 16:11:12.647,7.7968e-11,Torr,11.small_stm_window_1,spray,11.small_stm_window_1/MassSpecData-02115-20261006-161103.csv,2026-10-06 16:05:29.144,5.7250499999999995
2026-10-06 16:11:12.855,8.9829e-11,Torr,11.small_stm_window_1,spray,11.small_stm_window_1/MassSpecData-02115-20261006-161103.csv,2026-10-06 16:05:29.144,5.728516666666667
2026-10-06 16:11:13.063,8.9091e-11,Torr,11.small_stm_window_1,spray,11.small_stm_window_1/MassSpecData-02115-20261006-161103.csv,2026-10-06 16:05:29.144,5.731983333333333
2026-10-06 16:11:13.272,8.3856e-11,Torr,11.small_stm_window_1,spray,11.small_stm_window_1/MassSpecData-02115-20261006-161103.csv,2026-10-06 16:05:29.144,5.7354666666666665
2026-10-06 16:11:13.480,8.197e-11,Torr,11.small_stm_window_1,spray,11.small_stm_window_1/MassSpecData-02115-20261006-161103.csv,2026-10-06 16:05:29.144,5.738933333333334
2026-10-06 16:11:13.688,7.5599e-11,Torr,11.small_stm_window_1,spray,11.small_stm_window_1/MassSpecData-02115-20261006-161103.csv,2026-10-06 16:05:29.144,5.7424
2026-10-06 16:11:13.897,8.8556e-11,Torr,11.small_stm_window_1,spray,11.small_stm_window_1/MassSpecData-02115-20261006-161103.csv,2026-10-06 16:05:29.144,5.7458833333333335
2026-10-06 16:11:14.105,8.7013e-11,Torr,11.small_stm_window_1,spray,11.small_stm_window_1/MassSpecData-02115-20261006-161103.csv,2026-10-06 16:05:29.144,5.749350000000001
2026-10-06 16:11:14.313,7.7791e-11,Torr,11.small_stm_window_1,spray,11.small_stm_window_1/MassSpecData-02115-20261006-161103.csv,2026-10-06 16:05:29.144,5.752816666666666
2026-10-06 16:11:14.522,8.4791e-11,Torr,11.small_stm_window_1,spray,11.small_stm_window_1/MassSpecData-02115-20261006-161103.csv,2026-10-06 16:05:29.144,5.7562999999999995
2026-10-06 16:11:14.730,9.3271e-11,Torr,11.small_stm_window_1,spray,11.small_stm_window_1/MassSpecData-02115-20261006-161103.csv,2026-10-06 16:05:29.144,5.759766666666667
2026-10-06 16:11:14.938,8.6216e-11,Torr,11.small_stm_window_1,spray,11.small_stm_window_1/MassSpecData-02115-20261006-161103.csv,2026-10-06 16:05:29.144,5.763233333333333
2026-10-06 16:11:15.147,7.5414e-11,Torr,11.small_stm_window_1,spray,11.small_stm_window_1/MassSpecData-02115-20261006-161103.csv,2026-10-06 16:05:29.144,5.7667166666666665
2026-10-06 16:11:15.355,8.3628e-11,Torr,11.small_stm_window_1,spray,11.small_stm_window_1/MassSpecData-02115-20261006-161103.csv,2026-10-06 16:05:29.144,5.770183333333334
2026-10-06 16:11:15.563,8.5544e-11,Torr,11.small_stm_window_1,spray,11.small_stm_window_1/MassSpecData-02115-20261006-161103.csv,2026-10-06 16:05:29.144,5.77365
2026-10-06 16:11:15.772,7.7153e-11,Torr,11.small_stm_window_1,spray,11.small_stm_window_1/MassSpecData-02115-20261006-161103.csv,2026-10-06 16:05:29.144,5.7771333333333335
2026-10-06 16:11:15.980,8.4367e-11,Torr,11.small_stm_window_1,spray,11.small_stm_window_1/MassSpecData-02115-20261006-161103.csv,2026-10-06 16:05:29.144,5.780600000000001
2026-10-06 16:11:16.188,8.6357e-11,Torr,11.small_stm_window_1,spray,11.small_stm_window_1/MassSpecData-02115-20261006-161103.csv,2026-10-06 16:05:29.144,5.784066666666666
2026-10-06 16:11:16.397,8.4418e-11,Torr,11.small_stm_window_1,spray,11.small_stm_window_1/MassSpecData-02115-20261006-161103.csv,2026-10-06 16:05:29.144,5.7875499999999995
2026-10-06 16:11:16.605,8.2308e-11,Torr,11.small_stm_window_1,spray,11.small_stm_window_1/MassSpecData-02115-20261006-161103.csv,2026-10-06 16:05:29.144,5.791016666666667
2026-10-06 16:11:16.813,8.4733e-11,Torr,11.small_stm_window_1,spray,11.small_stm_window_1/MassSpecData-02115-20261006-161103.csv,2026-10-06 16:05:29.144,5.794483333333333
2026-10-06 16:11:17.022,9.2198e-11,Torr,11.small_stm_window_1,spray,11.small_stm_window_1/MassSpecData-02115-20261006-161103.csv,2026-10-06 16:05:29.144,5.7979666666666665
2026-10-06 16:11:17.230,8.0327e-11,Torr,11.small_stm_window_1,spray,11.small_stm_window_1/MassSpecData-02115-20261006-161103.csv,2026-10-06 16:05:29.144,5.801433333333334
2026-10-06 16:11:17.438,8.4832e-11,Torr,11.small_stm_window_1,spray,11.small_stm_window_1/MassSpecData-02115-20261006-161103.csv,2026-10-06 16:05:29.144,5.8049
2026-10-06 16:11:17.647,9.3425e-11,Torr,11.small_stm_window_1,spray,11.small_stm_window_1/MassSpecData-02115-20261006-161103.csv,2026-10-06 16:05:29.144,5.8083833333333335
2026-10-06 16:11:17.855,1.0442e-10,Torr,11.small_stm_window_1,spray,11.small_stm_window_1/MassSpecData-02115-20261006-161103.csv,2026-10-06 16:05:29.144,5.811850000000001
2026-10-06 16:11:18.063,7.6544e-11,Torr,11.small_stm_window_1,spray,11.small_stm_window_1/MassSpecData-02115-20261006-161103.csv,2026-10-06 16:05:29.144,5.815316666666666
2026-10-06 16:11:18.272,8.8707e-11,Torr,11.small_stm_window_1,spray,11.small_stm_window_1/MassSpecData-02115-20261006-161103.csv,2026-10-06 16:05:29.144,5.8187999999999995
2026-10-06 16:11:18.480,8.0088e-11,Torr,11.small_stm_window_1,spray,11.small_stm_window_1/MassSpecData-02115-20261006-161103.csv,2026-10-06 16:05:29.144,5.822266666666667
2026-10-06 16:11:18.688,7.8969e-11,Torr,11.small_stm_window_1,spray,11.small_stm_window_1/MassSpecData-02115-20261006-161103.csv,2026-10-06 16:05:29.144,5.825733333333333
2026-10-06 16:11:18.897,8.3293e-11,Torr,11.small_stm_window_1,spray,11.small_stm_window_1/MassSpecData-02115-20261006-161103.csv,2026-10-06 16:05:29.144,5.8292166666666665
2026-10-06 16:11:19.105,8.5946e-11,Torr,11.small_stm_window_1,spray,11.small_stm_window_1/MassSpecData-02115-20261006-161103.csv,2026-10-06 16:05:29.144,5.832683333333334
2026-10-06 16:11:19.313,9.6257e-11,Torr,11.small_stm_window_1,spray,11.small_stm_window_1/MassSpecData-02115-20261006-161103.csv,2026-10-06 16:05:29.144,5.83615
2026-10-06 16:11:19.522,8.0634e-11,Torr,11.small_stm_window_1,spray,11.small_stm_window_1/MassSpecData-02115-20261006-161103.csv,2026-10-06 16:05:29.144,5.8396333333333335
2026-10-06 16:11:19.730,8.5224e-11,Torr,11.small_stm_window_1,spray,11.small_stm_window_1/MassSpecData-02115-20261006-161103.csv,2026-10-06 16:05:29.144,5.843100000000001
2026-10-06 16:11:19.938,8.0452e-11,Torr,11.small_stm_window_1,spray,11.small_stm_window_1/MassSpecData-02115-20261006-161103.csv,2026-10-06 16:05:29.144,5.846566666666666
2026-10-06 16:11:20.147,7.2079e-11,Torr,11.small_stm_window_1,spray,11.small_stm_window_1/MassSpecData-02115-20261006-161103.csv,2026-10-06 16:05:29.144,5.8500499999999995
2026-10-06 16:11:20.355,8.0789e-11,Torr,11.small_stm_window_1,spray,11.small_stm_window_1/MassSpecData-02115-20261006-161103.csv,2026-10-06 16:05:29.144,5.853516666666667
2026-10-06 16:11:20.563,8.2925e-11,Torr,11.small_stm_window_1,spray,11.small_stm_window_1/MassSpecData-02115-20261006-161103.csv,2026-10-06 16:05:29.144,5.856983333333333
2026-10-06 16:11:20.772,8.2345e-11,Torr,11.small_stm_window_1,spray,11.small_stm_window_1/MassSpecData-02115-20261006-161103.csv,2026-10-06 16:05:29.144,5.8604666666666665
2026-10-06 16:11:20.980,7.732e-11,Torr,11.small_stm_window_1,spray,11.small_stm_window_1/MassSpecData-02115-20261006-161103.csv,2026-10-06 16:05:29.144,5.863933333333334
2026-10-06 16:11:21.188,7.2183e-11,Torr,11.small_stm_window_1,spray,11.small_stm_window_1/MassSpecData-02115-20261006-161103.csv,2026-10-06 16:05:29.144,5.8674
2026-10-06 16:11:21.397,7.6148e-11,Torr,11.small_stm_window_1,spray,11.small_stm_window_1/MassSpecData-02115-20261006-161103.csv,2026-10-06 16:05:29.144,5.8708833333333335
2026-10-06 16:11:21.605,8.0272e-11,Torr,11.small_stm_window_1,spray,11.small_stm_window_1/MassSpecData-02115-20261006-161103.csv,2026-10-06 16:05:29.144,5.874350000000001
2026-10-06 16:11:21.813,1.0374e-10,Torr,11.small_stm_window_1,spray,11.small_stm_window_1/MassSpecData-02115-20261006-161103.csv,2026-10-06 16:05:29.144,5.877816666666666
2026-10-06 16:11:22.022,9.5278e-11,Torr,11.small_stm_window_1,spray,11.small_stm_window_1/MassSpecData-02115-20261006-161103.csv,2026-10-06 16:05:29.144,5.8812999999999995
2026-10-06 16:11:22.230,7.6588e-11,Torr,11.small_stm_window_1,spray,11.small_stm_window_1/MassSpecData-02115-20261006-161103.csv,2026-10-06 16:05:29.144,5.884766666666667
2026-10-06 16:11:22.438,7.9887e-11,Torr,11.small_stm_window_1,spray,11.small_stm_window_1/MassSpecData-02115-20261006-161103.csv,2026-10-06 16:05:29.144,5.888233333333333
2026-10-06 16:11:22.647,8.1022e-11,Torr,11.small_stm_window_1,spray,11.small_stm_window_1/MassSpecData-02115-20261006-161103.csv,2026-10-06 16:05:29.144,5.8917166666666665
2026-10-06 16:11:22.855,7.9494e-11,Torr,11.small_stm_window_1,spray,11.small_stm_window_1/MassSpecData-02115-20261006-161103.csv,2026-10-06 16:05:29.144,5.895183333333334
2026-10-06 16:11:23.063,8.5588e-11,Torr,11.small_stm_window_1,spray,11.small_stm_window_1/MassSpecData-02115-20261006-161103.csv,2026-10-06 16:05:29.144,5.89865
2026-10-06 16:11:23.271,9.1534e-11,Torr,11.small_stm_window_1,spray,11.small_stm_window_1/MassSpecData-02115-20261006-161103.csv,2026-10-06 16:05:29.144,5.902116666666667
2026-10-06 16:11:23.480,8.2313e-11,Torr,11.small_stm_window_1,spray,11.small_stm_window_1/MassSpecData-02115-20261006-161103.csv,2026-10-06 16:05:29.144,5.905600000000001
2026-10-06 16:11:23.688,8.9278e-11,Torr,11.small_stm_window_1,spray,11.small_stm_window_1/MassSpecData-02115-20261006-161103.csv,2026-10-06 16:05:29.144,5.909066666666666
2026-10-06 16:11:23.896,8.0967e-11,Torr,11.small_stm_window_1,spray,11.small_stm_window_1/MassSpecData-02115-20261006-161103.csv,2026-10-06 16:05:29.144,5.912533333333333
2026-10-06 16:11:24.105,8.9787e-11,Torr,11.small_stm_window_1,spray,11.small_stm_window_1/MassSpecData-02115-20261006-161103.csv,2026-10-06 16:05:29.144,5.916016666666667
2026-10-06 16:11:24.313,8.231e-11,Torr,11.small_stm_window_1,spray,11.small_stm_window_1/MassSpecData-02115-20261006-161103.csv,2026-10-06 16:05:29.144,5.919483333333333
2026-10-06 16:11:24.521,8.6205e-11,Torr,11.small_stm_window_1,spray,11.small_stm_window_1/MassSpecData-02115-20261006-161103.csv,2026-10-06 16:05:29.144,5.92295
2026-10-06 16:11:24.730,8.9772e-11,Torr,11.small_stm_window_1,spray,11.small_stm_window_1/MassSpecData-02115-20261006-161103.csv,2026-10-06 16:05:29.144,5.926433333333334
2026-10-06 16:11:24.938,9.9001e-11,Torr,11.small_stm_window_1,spray,11.small_stm_window_1/MassSpecData-02115-20261006-161103.csv,2026-10-06 16:05:29.144,5.9299
2026-10-06 16:11:25.146,7.4609e-11,Torr,11.small_stm_window_1,spray,11.small_stm_window_1/MassSpecData-02115-20261006-161103.csv,2026-10-06 16:05:29.144,5.933366666666667
2026-10-06 16:11:25.355,7.689e-11,Torr,11.small_stm_window_1,spray,11.small_stm_window_1/MassSpecData-02115-20261006-161103.csv,2026-10-06 16:05:29.144,5.936850000000001
2026-10-06 16:11:25.563,8.2332e-11,Torr,11.small_stm_window_1,spray,11.small_stm_window_1/MassSpecData-02115-20261006-161103.csv,2026-10-06 16:05:29.144,5.940316666666666
2026-10-06 16:11:25.771,8.4567e-11,Torr,11.small_stm_window_1,spray,11.small_stm_window_1/MassSpecData-02115-20261006-161103.csv,2026-10-06 16:05:29.144,5.943783333333333
2026-10-06 16:11:25.980,9.1341e-11,Torr,11.small_stm_window_1,spray,11.small_stm_window_1/MassSpecData-02115-20261006-161103.csv,2026-10-06 16:05:29.144,5.947266666666667
2026-10-06 16:11:26.188,8.2727e-11,Torr,11.small_stm_window_1,spray,11.small_stm_window_1/MassSpecData-02115-20261006-161103.csv,2026-10-06 16:05:29.144,5.950733333333333
2026-10-06 16:11:26.396,1.004e-10,Torr,11.small_stm_window_1,spray,11.small_stm_window_1/MassSpecData-02115-20261006-161103.csv,2026-10-06 16:05:29.144,5.9542
2026-10-06 16:11:26.605,8.4453e-11,Torr,11.small_stm_window_1,spray,11.small_stm_window_1/MassSpecData-02115-20261006-161103.csv,2026-10-06 16:05:29.144,5.957683333333334
2026-10-06 16:11:26.813,8.114e-11,Torr,11.small_stm_window_1,spray,11.small_stm_window_1/MassSpecData-02115-20261006-161103.csv,2026-10-06 16:05:29.144,5.96115
2026-10-06 16:11:27.021,8.0924e-11,Torr,11.small_stm_window_1,spray,11.small_stm_window_1/MassSpecData-02115-20261006-161103.csv,2026-10-06 16:05:29.144,5.964616666666667
2026-10-06 16:11:27.230,9.5548e-11,Torr,11.small_stm_window_1,spray,11.small_stm_window_1/MassSpecData-02115-20261006-161103.csv,2026-10-06 16:05:29.144,5.968100000000001
2026-10-06 16:11:27.438,8.0621e-11,Torr,11.small_stm_window_1,spray,11.small_stm_window_1/MassSpecData-02115-20261006-161103.csv,2026-10-06 16:05:29.144,5.971566666666666
2026-10-06 16:11:27.646,8.8974e-11,Torr,11.small_stm_window_1,spray,11.small_stm_window_1/MassSpecData-02115-20261006-161103.csv,2026-10-06 16:05:29.144,5.975033333333333
2026-10-06 16:11:27.855,7.7446e-11,Torr,11.small_stm_window_1,spray,11.small_stm_window_1/MassSpecData-02115-20261006-161103.csv,2026-10-06 16:05:29.144,5.978516666666667
2026-10-06 16:11:28.063,8.5426e-11,Torr,11.small_stm_window_1,spray,11.small_stm_window_1/MassSpecData-02115-20261006-161103.csv,2026-10-06 16:05:29.144,5.981983333333333
2026-10-06 16:11:28.271,7.4509e-11,Torr,11.small_stm_window_1,spray,11.small_stm_window_1/MassSpecData-02115-20261006-161103.csv,2026-10-06 16:05:29.144,5.98545
2026-10-06 16:11:28.480,8.9746e-11,Torr,11.small_stm_window_1,spray,11.small_stm_window_1/MassSpecData-02115-20261006-161103.csv,2026-10-06 16:05:29.144,5.988933333333334
2026-10-06 16:11:28.688,8.4598e-11,Torr,11.small_stm_window_1,spray,11.small_stm_window_1/MassSpecData-02115-20261006-161103.csv,2026-10-06 16:05:29.144,5.9924
2026-10-06 16:11:28.896,9.2895e-11,Torr,11.small_stm_window_1,spray,11.small_stm_window_1/MassSpecData-02115-20261006-161103.csv,2026-10-06 16:05:29.144,5.995866666666667
2026-10-06 16:11:29.105,8.2959e-11,Torr,11.small_stm_window_1,spray,11.small_stm_window_1/MassSpecData-02115-20261006-161103.csv,2026-10-06 16:05:29.144,5.999350000000001
2026-10-06 16:11:29.313,9.1295e-11,Torr,11.small_stm_window_1,spray,11.small_stm_window_1/MassSpecData-02115-20261006-161103.csv,2026-10-06 16:05:29.144,6.002816666666666
2026-10-06 16:11:29.521,8.1767e-11,Torr,11.small_stm_window_1,spray,11.small_stm_window_1/MassSpecData-02115-20261006-161103.csv,2026-10-06 16:05:29.144,6.006283333333333
2026-10-06 16:11:29.730,7.5192e-11,Torr,11.small_stm_window_1,spray,11.small_stm_window_1/MassSpecData-02115-20261006-161103.csv,2026-10-06 16:05:29.144,6.009766666666667
2026-10-06 16:11:29.938,8.5538e-11,Torr,11.small_stm_window_1,spray,11.small_stm_window_1/MassSpecData-02115-20261006-161103.csv,2026-10-06 16:05:29.144,6.013233333333333
2026-10-06 16:11:30.146,9.7969e-11,Torr,11.small_stm_window_1,spray,11.small_stm_window_1/MassSpecData-02115-20261006-161103.csv,2026-10-06 16:05:29.144,6.0167
2026-10-06 16:11:30.355,8.3191e-11,Torr,11.small_stm_window_1,spray,11.small_stm_window_1/MassSpecData-02115-20261006-161103.csv,2026-10-06 16:05:29.144,6.020183333333334
2026-10-06 16:11:30.563,8.7819e-11,Torr,11.small_stm_window_1,spray,11.small_stm_window_1/MassSpecData-02115-20261006-161103.csv,2026-10-06 16:05:29.144,6.02365
2026-10-06 16:11:30.771,8.9565e-11,Torr,11.small_stm_window_1,spray,11.small_stm_window_1/MassSpecData-02115-20261006-161103.csv,2026-10-06 16:05:29.144,6.027116666666667
2026-10-06 16:11:30.980,7.4109e-11,Torr,11.small_stm_window_1,spray,11.small_stm_window_1/MassSpecData-02115-20261006-161103.csv,2026-10-06 16:05:29.144,6.030600000000001
2026-10-06 16:11:31.188,8.5726e-11,Torr,11.small_stm_window_1,spray,11.small_stm_window_1/MassSpecData-02115-20261006-161103.csv,2026-10-06 16:05:29.144,6.034066666666666
2026-10-06 16:11:31.396,8.5785e-11,Torr,11.small_stm_window_1,spray,11.small_stm_window_1/MassSpecData-02115-20261006-161103.csv,2026-10-06 16:05:29.144,6.037533333333333
2026-10-06 16:11:31.605,9.13e-11,Torr,11.small_stm_window_1,spray,11.small_stm_window_1/MassSpecData-02115-20261006-161103.csv,2026-10-06 16:05:29.144,6.041016666666667
2026-10-06 16:11:31.813,7.5637e-11,Torr,11.small_stm_window_1,spray,11.small_stm_window_1/MassSpecData-02115-20261006-161103.csv,2026-10-06 16:05:29.144,6.044483333333333
2026-10-06 16:11:32.021,7.1344e-11,Torr,11.small_stm_window_1,spray,11.small_stm_window_1/MassSpecData-02115-20261006-161103.csv,2026-10-06 16:05:29.144,6.04795
2026-10-06 16:11:32.230,8.1587e-11,Torr,11.small_stm_window_1,spray,11.small_stm_window_1/MassSpecData-02115-20261006-161103.csv,2026-10-06 16:05:29.144,6.051433333333334
2026-10-06 16:11:32.438,9.1787e-11,Torr,11.small_stm_window_1,spray,11.small_stm_window_1/MassSpecData-02115-20261006-161103.csv,2026-10-06 16:05:29.144,6.0549
2026-10-06 16:11:32.646,8.6415e-11,Torr,11.small_stm_window_1,spray,11.small_stm_window_1/MassSpecData-02115-20261006-161103.csv,2026-10-06 16:05:29.144,6.058366666666667
2026-10-06 16:11:32.855,8.1257e-11,Torr,11.small_stm_window_1,spray,11.small_stm_window_1/MassSpecData-02115-20261006-161103.csv,2026-10-06 16:05:29.144,6.061850000000001
2026-10-06 16:11:33.063,9.0519e-11,Torr,11.small_stm_window_1,spray,11.small_stm_window_1/MassSpecData-02115-20261006-161103.csv,2026-10-06 16:05:29.144,6.065316666666666
2026-10-06 16:11:33.271,8.8455e-11,Torr,11.small_stm_window_1,spray,11.small_stm_window_1/MassSpecData-02115-20261006-161103.csv,2026-10-06 16:05:29.144,6.068783333333333
2026-10-06 16:11:33.480,7.796e-11,Torr,11.small_stm_window_1,spray,11.small_stm_window_1/MassSpecData-02115-20261006-161103.csv,2026-10-06 16:05:29.144,6.072266666666667
2026-10-06 16:11:33.688,9.9079e-11,Torr,11.small_stm_window_1,spray,11.small_stm_window_1/MassSpecData-02115-20261006-161103.csv,2026-10-06 16:05:29.144,6.075733333333333
2026-10-06 16:11:33.896,6.6373e-11,Torr,11.small_stm_window_1,spray,11.small_stm_window_1/MassSpecData-02115-20261006-161103.csv,2026-10-06 16:05:29.144,6.0792
2026-10-06 16:11:34.105,8.2533e-11,Torr,11.small_stm_window_1,spray,11.small_stm_window_1/MassSpecData-02115-20261006-161103.csv,2026-10-06 16:05:29.144,6.082683333333334
2026-10-06 16:11:34.313,1.0149e-10,Torr,11.small_stm_window_1,spray,11.small_stm_window_1/MassSpecData-02115-20261006-161103.csv,2026-10-06 16:05:29.144,6.08615
2026-10-06 16:11:34.521,9.4513e-11,Torr,11.small_stm_window_1,spray,11.small_stm_window_1/MassSpecData-02115-20261006-161103.csv,2026-10-06 16:05:29.144,6.089616666666667
2026-10-06 16:11:34.730,7.7214e-11,Torr,11.small_stm_window_1,spray,11.small_stm_window_1/MassSpecData-02115-20261006-161103.csv,2026-10-06 16:05:29.144,6.093100000000001
2026-10-06 16:11:34.938,7.8483e-11,Torr,11.small_stm_window_1,spray,11.small_stm_window_1/MassSpecData-02115-20261006-161103.csv,2026-10-06 16:05:29.144,6.096566666666666
2026-10-06 16:11:35.146,9.8737e-11,Torr,11.small_stm_window_1,spray,11.small_stm_window_1/MassSpecData-02115-20261006-161103.csv,2026-10-06 16:05:29.144,6.100033333333333
2026-10-06 16:11:35.355,7.6404e-11,Torr,11.small_stm_window_1,spray,11.small_stm_window_1/MassSpecData-02115-20261006-161103.csv,2026-10-06 16:05:29.144,6.103516666666667
2026-10-06 16:11:35.563,9.1323e-11,Torr,11.small_stm_window_1,spray,11.small_stm_window_1/MassSpecData-02115-20261006-161103.csv,2026-10-06 16:05:29.144,6.106983333333333
2026-10-06 16:11:35.771,9.0352e-11,Torr,11.small_stm_window_1,spray,11.small_stm_window_1/MassSpecData-02115-20261006-161103.csv,2026-10-06 16:05:29.144,6.11045
2026-10-06 16:11:35.980,9.29e-11,Torr,11.small_stm_window_1,spray,11.small_stm_window_1/MassSpecData-02115-20261006-161103.csv,2026-10-06 16:05:29.144,6.113933333333334
2026-10-06 16:11:36.188,8.4545e-11,Torr,11.small_stm_window_1,spray,11.small_stm_window_1/MassSpecData-02115-20261006-161103.csv,2026-10-06 16:05:29.144,6.1174
2026-10-06 16:11:36.396,7.2856e-11,Torr,11.small_stm_window_1,spray,11.small_stm_window_1/MassSpecData-02115-20261006-161103.csv,2026-10-06 16:05:29.144,6.120866666666667
2026-10-06 16:11:36.605,9.2524e-11,Torr,11.small_stm_window_1,spray,11.small_stm_window_1/MassSpecData-02115-20261006-161103.csv,2026-10-06 16:05:29.144,6.124350000000001
2026-10-06 16:11:36.813,8.3068e-11,Torr,11.small_stm_window_1,spray,11.small_stm_window_1/MassSpecData-02115-20261006-161103.csv,2026-10-06 16:05:29.144,6.127816666666666
2026-10-06 16:11:37.021,8.7167e-11,Torr,11.small_stm_window_1,spray,11.small_stm_window_1/MassSpecData-02115-20261006-161103.csv,2026-10-06 16:05:29.144,6.131283333333333
2026-10-06 16:11:37.230,8.5629e-11,Torr,11.small_stm_window_1,spray,11.small_stm_window_1/MassSpecData-02115-20261006-161103.csv,2026-10-06 16:05:29.144,6.134766666666667
2026-10-06 16:11:37.438,8.9171e-11,Torr,11.small_stm_window_1,spray,11.small_stm_window_1/MassSpecData-02115-20261006-161103.csv,2026-10-06 16:05:29.144,6.138233333333333
2026-10-06 16:11:37.646,8.8077e-11,Torr,11.small_stm_window_1,spray,11.small_stm_window_1/MassSpecData-02115-20261006-161103.csv,2026-10-06 16:05:29.144,6.1417
2026-10-06 16:11:37.855,9.0522e-11,Torr,11.small_stm_window_1,spray,11.small_stm_window_1/MassSpecData-02115-20261006-161103.csv,2026-10-06 16:05:29.144,6.145183333333334
2026-10-06 16:11:38.063,9.0161e-11,Torr,11.small_stm_window_1,spray,11.small_stm_window_1/MassSpecData-02115-20261006-161103.csv,2026-10-06 16:05:29.144,6.14865
2026-10-06 16:11:38.271,9.3631e-11,Torr,11.small_stm_window_1,spray,11.small_stm_window_1/MassSpecData-02115-20261006-161103.csv,2026-10-06 16:05:29.144,6.152116666666667
2026-10-06 16:11:38.480,7.931e-11,Torr,11.small_stm_window_1,spray,11.small_stm_window_1/MassSpecData-02115-20261006-161103.csv,2026-10-06 16:05:29.144,6.155600000000001
2026-10-06 16:11:38.688,9.6393e-11,Torr,11.small_stm_window_1,spray,11.small_stm_window_1/MassSpecData-02115-20261006-161103.csv,2026-10-06 16:05:29.144,6.159066666666666
2026-10-06 16:11:38.896,7.6388e-11,Torr,11.small_stm_window_1,spray,11.small_stm_window_1/MassSpecData-02115-20261006-161103.csv,2026-10-06 16:05:29.144,6.162533333333333
2026-10-06 16:11:39.105,8.2836e-11,Torr,11.small_stm_window_1,spray,11.small_stm_window_1/MassSpecData-02115-20261006-161103.csv,2026-10-06 16:05:29.144,6.166016666666667
2026-10-06 16:11:39.313,7.6623e-11,Torr,11.small_stm_window_1,spray,11.small_stm_window_1/MassSpecData-02115-20261006-161103.csv,2026-10-06 16:05:29.144,6.169483333333333
2026-10-06 16:11:39.521,7.7414e-11,Torr,11.small_stm_window_1,spray,11.small_stm_window_1/MassSpecData-02115-20261006-161103.csv,2026-10-06 16:05:29.144,6.17295
2026-10-06 16:11:39.730,1.1181e-10,Torr,11.small_stm_window_1,spray,11.small_stm_window_1/MassSpecData-02115-20261006-161103.csv,2026-10-06 16:05:29.144,6.176433333333334
2026-10-06 16:11:39.938,9.8164e-11,Torr,11.small_stm_window_1,spray,11.small_stm_window_1/MassSpecData-02115-20261006-161103.csv,2026-10-06 16:05:29.144,6.1799
2026-10-06 16:11:40.146,9.0445e-11,Torr,11.small_stm_window_1,spray,11.small_stm_window_1/MassSpecData-02115-20261006-161103.csv,2026-10-06 16:05:29.144,6.183366666666667
2026-10-06 16:11:40.355,8.8403e-11,Torr,11.small_stm_window_1,spray,11.small_stm_window_1/MassSpecData-02115-20261006-161103.csv,2026-10-06 16:05:29.144,6.186850000000001
2026-10-06 16:11:40.563,9.8065e-11,Torr,11.small_stm_window_1,spray,11.small_stm_window_1/MassSpecData-02115-20261006-161103.csv,2026-10-06 16:05:29.144,6.190316666666666
2026-10-06 16:11:40.771,7.7377e-11,Torr,11.small_stm_window_1,spray,11.small_stm_window_1/MassSpecData-02115-20261006-161103.csv,2026-10-06 16:05:29.144,6.193783333333333
2026-10-06 16:11:40.980,7.8357e-11,Torr,11.small_stm_window_1,spray,11.small_stm_window_1/MassSpecData-02115-20261006-161103.csv,2026-10-06 16:05:29.144,6.197266666666667
2026-10-06 16:11:41.188,8.1281e-11,Torr,11.small_stm_window_1,spray,11.small_stm_window_1/MassSpecData-02115-20261006-161103.csv,2026-10-06 16:05:29.144,6.200733333333333
2026-10-06 16:11:41.397,8.5991e-11,Torr,11.small_stm_window_1,spray,11.small_stm_window_1/MassSpecData-02115-20261006-161103.csv,2026-10-06 16:05:29.144,6.2042166666666665
2026-10-06 16:11:41.605,8.3146e-11,Torr,11.small_stm_window_1,spray,11.small_stm_window_1/MassSpecData-02115-20261006-161103.csv,2026-10-06 16:05:29.144,6.207683333333334
2026-10-06 16:11:41.813,7.5532e-11,Torr,11.small_stm_window_1,spray,11.small_stm_window_1/MassSpecData-02115-20261006-161103.csv,2026-10-06 16:05:29.144,6.21115
2026-10-06 16:11:42.022,8.0488e-11,Torr,11.small_stm_window_1,spray,11.small_stm_window_1/MassSpecData-02115-20261006-161103.csv,2026-10-06 16:05:29.144,6.2146333333333335
2026-10-06 16:11:42.230,6.7288e-11,Torr,11.small_stm_window_1,spray,11.small_stm_window_1/MassSpecData-02115-20261006-161103.csv,2026-10-06 16:05:29.144,6.218100000000001
2026-10-06 16:11:42.438,8.4182e-11,Torr,11.small_stm_window_1,spray,11.small_stm_window_1/MassSpecData-02115-20261006-161103.csv,2026-10-06 16:05:29.144,6.221566666666666
2026-10-06 16:11:42.647,8.9478e-11,Torr,11.small_stm_window_1,spray,11.small_stm_window_1/MassSpecData-02115-20261006-161103.csv,2026-10-06 16:05:29.144,6.2250499999999995
2026-10-06 16:11:42.855,8.9433e-11,Torr,11.small_stm_window_1,spray,11.small_stm_window_1/MassSpecData-02115-20261006-161103.csv,2026-10-06 16:05:29.144,6.228516666666667
2026-10-06 16:11:43.063,1.008e-10,Torr,11.small_stm_window_1,spray,11.small_stm_window_1/MassSpecData-02115-20261006-161103.csv,2026-10-06 16:05:29.144,6.231983333333333
2026-10-06 16:11:43.272,7.7233e-11,Torr,11.small_stm_window_1,spray,11.small_stm_window_1/MassSpecData-02115-20261006-161103.csv,2026-10-06 16:05:29.144,6.2354666666666665
2026-10-06 16:11:43.480,8.8673e-11,Torr,11.small_stm_window_1,spray,11.small_stm_window_1/MassSpecData-02115-20261006-161103.csv,2026-10-06 16:05:29.144,6.238933333333334
2026-10-06 16:11:43.688,8.2137e-11,Torr,11.small_stm_window_1,spray,11.small_stm_window_1/MassSpecData-02115-20261006-161103.csv,2026-10-06 16:05:29.144,6.2424
2026-10-06 16:11:43.897,8.7567e-11,Torr,11.small_stm_window_1,spray,11.small_stm_window_1/MassSpecData-02115-20261006-161103.csv,2026-10-06 16:05:29.144,6.2458833333333335
2026-10-06 16:11:44.105,9.6772e-11,Torr,11.small_stm_window_1,spray,11.small_stm_window_1/MassSpecData-02115-20261006-161103.csv,2026-10-06 16:05:29.144,6.249350000000001
2026-10-06 16:11:44.313,7.962e-11,Torr,11.small_stm_window_1,spray,11.small_stm_window_1/MassSpecData-02115-20261006-161103.csv,2026-10-06 16:05:29.144,6.252816666666666
2026-10-06 16:11:44.522,6.9605e-11,Torr,11.small_stm_window_1,spray,11.small_stm_window_1/MassSpecData-02115-20261006-161103.csv,2026-10-06 16:05:29.144,6.2562999999999995
2026-10-06 16:11:44.730,8.4303e-11,Torr,11.small_stm_window_1,spray,11.small_stm_window_1/MassSpecData-02115-20261006-161103.csv,2026-10-06 16:05:29.144,6.259766666666667
2026-10-06 16:11:44.938,8.1313e-11,Torr,11.small_stm_window_1,spray,11.small_stm_window_1/MassSpecData-02115-20261006-161103.csv,2026-10-06 16:05:29.144,6.263233333333333
2026-10-06 16:11:45.277,8.0101e-11,Torr,11.small_stm_window_1,spray,11.small_stm_window_1/MassSpecData-02115-20261006-161145.csv,2026-10-06 16:05:29.144,6.268883333333333
2026-10-06 16:11:45.485,8.8718e-11,Torr,11.small_stm_window_1,spray,11.small_stm_window_1/MassSpecData-02115-20261006-161145.csv,2026-10-06 16:05:29.144,6.27235
2026-10-06 16:11:45.694,9.9273e-11,Torr,11.small_stm_window_1,spray,11.small_stm_window_1/MassSpecData-02115-20261006-161145.csv,2026-10-06 16:05:29.144,6.275833333333334
2026-10-06 16:11:45.902,7.2701e-11,Torr,11.small_stm_window_1,spray,11.small_stm_window_1/MassSpecData-02115-20261006-161145.csv,2026-10-06 16:05:29.144,6.2793
2026-10-06 16:11:46.110,7.9206e-11,Torr,11.small_stm_window_1,spray,11.small_stm_window_1/MassSpecData-02115-20261006-161145.csv,2026-10-06 16:05:29.144,6.282766666666666
2026-10-06 16:11:46.319,9.741e-11,Torr,11.small_stm_window_1,spray,11.small_stm_window_1/MassSpecData-02115-20261006-161145.csv,2026-10-06 16:05:29.144,6.28625
2026-10-06 16:11:46.527,9.482e-11,Torr,11.small_stm_window_1,spray,11.small_stm_window_1/MassSpecData-02115-20261006-161145.csv,2026-10-06 16:05:29.144,6.289716666666666
2026-10-06 16:11:46.735,7.4791e-11,Torr,11.small_stm_window_1,spray,11.small_stm_window_1/MassSpecData-02115-20261006-161145.csv,2026-10-06 16:05:29.144,6.293183333333333
2026-10-06 16:11:46.943,9.4904e-11,Torr,11.small_stm_window_1,spray,11.small_stm_window_1/MassSpecData-02115-20261006-161145.csv,2026-10-06 16:05:29.144,6.29665
2026-10-06 16:11:47.152,9.1124e-11,Torr,11.small_stm_window_1,spray,11.small_stm_window_1/MassSpecData-02115-20261006-161145.csv,2026-10-06 16:05:29.144,6.300133333333333
2026-10-06 16:11:47.360,8.2675e-11,Torr,11.small_stm_window_1,spray,11.small_stm_window_1/MassSpecData-02115-20261006-161145.csv,2026-10-06 16:05:29.144,6.3036
2026-10-06 16:11:47.569,8.0263e-11,Torr,11.small_stm_window_1,spray,11.small_stm_window_1/MassSpecData-02115-20261006-161145.csv,2026-10-06 16:05:29.144,6.307083333333334
2026-10-06 16:11:47.777,7.753e-11,Torr,11.small_stm_window_1,spray,11.small_stm_window_1/MassSpecData-02115-20261006-161145.csv,2026-10-06 16:05:29.144,6.31055
2026-10-06 16:11:47.985,1.0244e-10,Torr,11.small_stm_window_1,spray,11.small_stm_window_1/MassSpecData-02115-20261006-161145.csv,2026-10-06 16:05:29.144,6.314016666666666
2026-10-06 16:11:48.194,8.8148e-11,Torr,11.small_stm_window_1,spray,11.small_stm_window_1/MassSpecData-02115-20261006-161145.csv,2026-10-06 16:05:29.144,6.3175
2026-10-06 16:11:48.402,8.8742e-11,Torr,11.small_stm_window_1,spray,11.small_stm_window_1/MassSpecData-02115-20261006-161145.csv,2026-10-06 16:05:29.144,6.320966666666666
2026-10-06 16:11:48.610,8.6084e-11,Torr,11.small_stm_window_1,spray,11.small_stm_window_1/MassSpecData-02115-20261006-161145.csv,2026-10-06 16:05:29.144,6.324433333333333
2026-10-06 16:11:48.819,8.5996e-11,Torr,11.small_stm_window_1,spray,11.small_stm_window_1/MassSpecData-02115-20261006-161145.csv,2026-10-06 16:05:29.144,6.327916666666667
2026-10-06 16:11:49.027,8.2271e-11,Torr,11.small_stm_window_1,spray,11.small_stm_window_1/MassSpecData-02115-20261006-161145.csv,2026-10-06 16:05:29.144,6.331383333333333
2026-10-06 16:11:49.235,9.2885e-11,Torr,11.small_stm_window_1,spray,11.small_stm_window_1/MassSpecData-02115-20261006-161145.csv,2026-10-06 16:05:29.144,6.33485
2026-10-06 16:11:49.444,7.4106e-11,Torr,11.small_stm_window_1,spray,11.small_stm_window_1/MassSpecData-02115-20261006-161145.csv,2026-10-06 16:05:29.144,6.338333333333334
2026-10-06 16:11:49.652,7.3487e-11,Torr,11.small_stm_window_1,spray,11.small_stm_window_1/MassSpecData-02115-20261006-161145.csv,2026-10-06 16:05:29.144,6.3418
2026-10-06 16:11:49.860,8.2489e-11,Torr,11.small_stm_window_1,spray,11.small_stm_window_1/MassSpecData-02115-20261006-161145.csv,2026-10-06 16:05:29.144,6.345266666666666
2026-10-06 16:11:50.069,8.2377e-11,Torr,11.small_stm_window_1,spray,11.small_stm_window_1/MassSpecData-02115-20261006-161145.csv,2026-10-06 16:05:29.144,6.34875
2026-10-06 16:11:50.277,7.7562e-11,Torr,11.small_stm_window_1,spray,11.small_stm_window_1/MassSpecData-02115-20261006-161145.csv,2026-10-06 16:05:29.144,6.352216666666666
2026-10-06 16:11:50.485,8.2973e-11,Torr,11.small_stm_window_1,spray,11.small_stm_window_1/MassSpecData-02115-20261006-161145.csv,2026-10-06 16:05:29.144,6.355683333333333
2026-10-06 16:11:50.693,8.9814e-11,Torr,11.small_stm_window_1,spray,11.small_stm_window_1/MassSpecData-02115-20261006-161145.csv,2026-10-06 16:05:29.144,6.35915
2026-10-06 16:11:50.902,1.0085e-10,Torr,11.small_stm_window_1,spray,11.small_stm_window_1/MassSpecData-02115-20261006-161145.csv,2026-10-06 16:05:29.144,6.362633333333333
2026-10-06 16:11:51.110,9.2017e-11,Torr,11.small_stm_window_1,spray,11.small_stm_window_1/MassSpecData-02115-20261006-161145.csv,2026-10-06 16:05:29.144,6.3661
2026-10-06 16:11:51.318,8.8991e-11,Torr,11.small_stm_window_1,spray,11.small_stm_window_1/MassSpecData-02115-20261006-161145.csv,2026-10-06 16:05:29.144,6.369566666666667
2026-10-06 16:11:51.527,8.133e-11,Torr,11.small_stm_window_1,spray,11.small_stm_window_1/MassSpecData-02115-20261006-161145.csv,2026-10-06 16:05:29.144,6.37305
2026-10-06 16:11:51.735,9.8842e-11,Torr,11.small_stm_window_1,spray,11.small_stm_window_1/MassSpecData-02115-20261006-161145.csv,2026-10-06 16:05:29.144,6.376516666666666
2026-10-06 16:11:51.943,8.2626e-11,Torr,11.small_stm_window_1,spray,11.small_stm_window_1/MassSpecData-02115-20261006-161145.csv,2026-10-06 16:05:29.144,6.379983333333333
2026-10-06 16:11:52.152,8.4038e-11,Torr,11.small_stm_window_1,spray,11.small_stm_window_1/MassSpecData-02115-20261006-161145.csv,2026-10-06 16:05:29.144,6.383466666666666
2026-10-06 16:11:52.360,7.9404e-11,Torr,11.small_stm_window_1,spray,11.small_stm_window_1/MassSpecData-02115-20261006-161145.csv,2026-10-06 16:05:29.144,6.386933333333333
2026-10-06 16:11:52.568,8.7024e-11,Torr,11.small_stm_window_1,spray,11.small_stm_window_1/MassSpecData-02115-20261006-161145.csv,2026-10-06 16:05:29.144,6.3904
2026-10-06 16:11:52.777,8.5496e-11,Torr,11.small_stm_window_1,spray,11.small_stm_window_1/MassSpecData-02115-20261006-161145.csv,2026-10-06 16:05:29.144,6.393883333333333
2026-10-06 16:11:52.985,8.1964e-11,Torr,11.small_stm_window_1,spray,11.small_stm_window_1/MassSpecData-02115-20261006-161145.csv,2026-10-06 16:05:29.144,6.39735
2026-10-06 16:11:53.193,7.3817e-11,Torr,11.small_stm_window_1,spray,11.small_stm_window_1/MassSpecData-02115-20261006-161145.csv,2026-10-06 16:05:29.144,6.400816666666667
2026-10-06 16:11:53.402,8.3934e-11,Torr,11.small_stm_window_1,spray,11.small_stm_window_1/MassSpecData-02115-20261006-161145.csv,2026-10-06 16:05:29.144,6.4043
2026-10-06 16:11:53.610,9.1759e-11,Torr,11.small_stm_window_1,spray,11.small_stm_window_1/MassSpecData-02115-20261006-161145.csv,2026-10-06 16:05:29.144,6.407766666666666
2026-10-06 16:11:53.818,9.2541e-11,Torr,11.small_stm_window_1,spray,11.small_stm_window_1/MassSpecData-02115-20261006-161145.csv,2026-10-06 16:05:29.144,6.411233333333333
2026-10-06 16:11:54.027,9.9225e-11,Torr,11.small_stm_window_1,spray,11.small_stm_window_1/MassSpecData-02115-20261006-161145.csv,2026-10-06 16:05:29.144,6.414716666666666
2026-10-06 16:11:54.235,7.4613e-11,Torr,11.small_stm_window_1,spray,11.small_stm_window_1/MassSpecData-02115-20261006-161145.csv,2026-10-06 16:05:29.144,6.418183333333333
2026-10-06 16:11:54.444,9.6804e-11,Torr,11.small_stm_window_1,spray,11.small_stm_window_1/MassSpecData-02115-20261006-161145.csv,2026-10-06 16:05:29.144,6.421666666666667
2026-10-06 16:11:54.652,8.6109e-11,Torr,11.small_stm_window_1,spray,11.small_stm_window_1/MassSpecData-02115-20261006-161145.csv,2026-10-06 16:05:29.144,6.425133333333333
2026-10-06 16:11:54.860,8.5151e-11,Torr,11.small_stm_window_1,spray,11.small_stm_window_1/MassSpecData-02115-20261006-161145.csv,2026-10-06 16:05:29.144,6.4286
2026-10-06 16:11:55.069,9.5188e-11,Torr,11.small_stm_window_1,spray,11.small_stm_window_1/MassSpecData-02115-20261006-161145.csv,2026-10-06 16:05:29.144,6.432083333333334
2026-10-06 16:11:55.277,8.2482e-11,Torr,11.small_stm_window_1,spray,11.small_stm_window_1/MassSpecData-02115-20261006-161145.csv,2026-10-06 16:05:29.144,6.43555
2026-10-06 16:11:55.485,8.6229e-11,Torr,11.small_stm_window_1,spray,11.small_stm_window_1/MassSpecData-02115-20261006-161145.csv,2026-10-06 16:05:29.144,6.439016666666666
2026-10-06 16:11:55.694,8.4729e-11,Torr,11.small_stm_window_1,spray,11.small_stm_window_1/MassSpecData-02115-20261006-161145.csv,2026-10-06 16:05:29.144,6.4425
2026-10-06 16:11:55.902,7.9642e-11,Torr,11.small_stm_window_1,spray,11.small_stm_window_1/MassSpecData-02115-20261006-161145.csv,2026-10-06 16:05:29.144,6.445966666666666
2026-10-06 16:11:56.110,1.0778e-10,Torr,11.small_stm_window_1,spray,11.small_stm_window_1/MassSpecData-02115-20261006-161145.csv,2026-10-06 16:05:29.144,6.449433333333333
2026-10-06 16:11:56.319,8.2977e-11,Torr,11.small_stm_window_1,spray,11.small_stm_window_1/MassSpecData-02115-20261006-161145.csv,2026-10-06 16:05:29.144,6.452916666666667
2026-10-06 16:11:56.527,9.255e-11,Torr,11.small_stm_window_1,spray,11.small_stm_window_1/MassSpecData-02115-20261006-161145.csv,2026-10-06 16:05:29.144,6.456383333333333
2026-10-06 16:11:56.735,7.5371e-11,Torr,11.small_stm_window_1,spray,11.small_stm_window_1/MassSpecData-02115-20261006-161145.csv,2026-10-06 16:05:29.144,6.45985
2026-10-06 16:11:56.944,7.5947e-11,Torr,11.small_stm_window_1,spray,11.small_stm_window_1/MassSpecData-02115-20261006-161145.csv,2026-10-06 16:05:29.144,6.463333333333334
2026-10-06 16:11:57.152,8.0283e-11,Torr,11.small_stm_window_1,spray,11.small_stm_window_1/MassSpecData-02115-20261006-161145.csv,2026-10-06 16:05:29.144,6.4668
2026-10-06 16:11:57.360,7.8281e-11,Torr,11.small_stm_window_1,spray,11.small_stm_window_1/MassSpecData-02115-20261006-161145.csv,2026-10-06 16:05:29.144,6.470266666666666
2026-10-06 16:11:57.569,7.3501e-11,Torr,11.small_stm_window_1,spray,11.small_stm_window_1/MassSpecData-02115-20261006-161145.csv,2026-10-06 16:05:29.144,6.47375
2026-10-06 16:11:57.777,7.7286e-11,Torr,11.small_stm_window_1,spray,11.small_stm_window_1/MassSpecData-02115-20261006-161145.csv,2026-10-06 16:05:29.144,6.477216666666666
2026-10-06 16:11:57.985,8.0475e-11,Torr,11.small_stm_window_1,spray,11.small_stm_window_1/MassSpecData-02115-20261006-161145.csv,2026-10-06 16:05:29.144,6.480683333333333
2026-10-06 16:11:58.194,8.9917e-11,Torr,11.small_stm_window_1,spray,11.small_stm_window_1/MassSpecData-02115-20261006-161145.csv,2026-10-06 16:05:29.144,6.484166666666667
2026-10-06 16:11:58.402,8.4073e-11,Torr,11.small_stm_window_1,spray,11.small_stm_window_1/MassSpecData-02115-20261006-161145.csv,2026-10-06 16:05:29.144,6.487633333333333
2026-10-06 16:11:58.610,8.5448e-11,Torr,11.small_stm_window_1,spray,11.small_stm_window_1/MassSpecData-02115-20261006-161145.csv,2026-10-06 16:05:29.144,6.4911
2026-10-06 16:11:58.819,7.8639e-11,Torr,11.small_stm_window_1,spray,11.small_stm_window_1/MassSpecData-02115-20261006-161145.csv,2026-10-06 16:05:29.144,6.494583333333334
2026-10-06 16:11:59.027,8.2778e-11,Torr,11.small_stm_window_1,spray,11.small_stm_window_1/MassSpecData-02115-20261006-161145.csv,2026-10-06 16:05:29.144,6.49805
2026-10-06 16:11:59.235,8.6017e-11,Torr,11.small_stm_window_1,spray,11.small_stm_window_1/MassSpecData-02115-20261006-161145.csv,2026-10-06 16:05:29.144,6.501516666666666
2026-10-06 16:11:59.444,7.137e-11,Torr,11.small_stm_window_1,spray,11.small_stm_window_1/MassSpecData-02115-20261006-161145.csv,2026-10-06 16:05:29.144,6.505
2026-10-06 16:11:59.652,9.3879e-11,Torr,11.small_stm_window_1,spray,11.small_stm_window_1/MassSpecData-02115-20261006-161145.csv,2026-10-06 16:05:29.144,6.508466666666666
2026-10-06 16:11:59.860,8.5892e-11,Torr,11.small_stm_window_1,spray,11.small_stm_window_1/MassSpecData-02115-20261006-161145.csv,2026-10-06 16:05:29.144,6.511933333333333
2026-10-06 16:12:00.069,8.2901e-11,Torr,11.small_stm_window_1,spray,11.small_stm_window_1/MassSpecData-02115-20261006-161145.csv,2026-10-06 16:05:29.144,6.515416666666667
2026-10-06 16:12:00.277,9.153e-11,Torr,11.small_stm_window_1,spray,11.small_stm_window_1/MassSpecData-02115-20261006-161145.csv,2026-10-06 16:05:29.144,6.518883333333333
2026-10-06 16:12:00.485,8.0664e-11,Torr,11.small_stm_window_1,spray,11.small_stm_window_1/MassSpecData-02115-20261006-161145.csv,2026-10-06 16:05:29.144,6.52235
2026-10-06 16:12:00.694,8.7011e-11,Torr,11.small_stm_window_1,spray,11.small_stm_window_1/MassSpecData-02115-20261006-161145.csv,2026-10-06 16:05:29.144,6.525833333333334
2026-10-06 16:12:00.902,8.4342e-11,Torr,11.small_stm_window_1,spray,11.small_stm_window_1/MassSpecData-02115-20261006-161145.csv,2026-10-06 16:05:29.144,6.5293
2026-10-06 16:12:01.110,9.4794e-11,Torr,11.small_stm_window_1,spray,11.small_stm_window_1/MassSpecData-02115-20261006-161145.csv,2026-10-06 16:05:29.144,6.532766666666666
2026-10-06 16:12:01.319,7.0803e-11,Torr,11.small_stm_window_1,spray,11.small_stm_window_1/MassSpecData-02115-20261006-161145.csv,2026-10-06 16:05:29.144,6.53625
2026-10-06 16:12:01.527,8.0947e-11,Torr,11.small_stm_window_1,spray,11.small_stm_window_1/MassSpecData-02115-20261006-161145.csv,2026-10-06 16:05:29.144,6.539716666666666
2026-10-06 16:12:01.735,8.855e-11,Torr,11.small_stm_window_1,spray,11.small_stm_window_1/MassSpecData-02115-20261006-161145.csv,2026-10-06 16:05:29.144,6.543183333333333
2026-10-06 16:12:01.944,9.5923e-11,Torr,11.small_stm_window_1,spray,11.small_stm_window_1/MassSpecData-02115-20261006-161145.csv,2026-10-06 16:05:29.144,6.546666666666667
2026-10-06 16:12:02.152,9.2057e-11,Torr,11.small_stm_window_1,spray,11.small_stm_window_1/MassSpecData-02115-20261006-161145.csv,2026-10-06 16:05:29.144,6.550133333333333
2026-10-06 16:12:02.360,8.3677e-11,Torr,11.small_stm_window_1,spray,11.small_stm_window_1/MassSpecData-02115-20261006-161145.csv,2026-10-06 16:05:29.144,6.5536
2026-10-06 16:12:02.569,8.8045e-11,Torr,11.small_stm_window_1,spray,11.small_stm_window_1/MassSpecData-02115-20261006-161145.csv,2026-10-06 16:05:29.144,6.557083333333334
2026-10-06 16:12:02.777,9.3952e-11,Torr,11.small_stm_window_1,spray,11.small_stm_window_1/MassSpecData-02115-20261006-161145.csv,2026-10-06 16:05:29.144,6.56055
2026-10-06 16:12:02.985,8.6716e-11,Torr,11.small_stm_window_1,spray,11.small_stm_window_1/MassSpecData-02115-20261006-161145.csv,2026-10-06 16:05:29.144,6.564016666666666
2026-10-06 16:12:03.194,8.1454e-11,Torr,11.small_stm_window_1,spray,11.small_stm_window_1/MassSpecData-02115-20261006-161145.csv,2026-10-06 16:05:29.144,6.5675
2026-10-06 16:12:03.402,9.6667e-11,Torr,11.small_stm_window_1,spray,11.small_stm_window_1/MassSpecData-02115-20261006-161145.csv,2026-10-06 16:05:29.144,6.570966666666666
2026-10-06 16:12:03.610,7.6844e-11,Torr,11.small_stm_window_1,spray,11.small_stm_window_1/MassSpecData-02115-20261006-161145.csv,2026-10-06 16:05:29.144,6.574433333333333
2026-10-06 16:12:03.819,8.8091e-11,Torr,11.small_stm_window_1,spray,11.small_stm_window_1/MassSpecData-02115-20261006-161145.csv,2026-10-06 16:05:29.144,6.577916666666667
2026-10-06 16:12:04.027,8.5701e-11,Torr,11.small_stm_window_1,spray,11.small_stm_window_1/MassSpecData-02115-20261006-161145.csv,2026-10-06 16:05:29.144,6.581383333333333
2026-10-06 16:12:04.235,9.2004e-11,Torr,11.small_stm_window_1,spray,11.small_stm_window_1/MassSpecData-02115-20261006-161145.csv,2026-10-06 16:05:29.144,6.58485
2026-10-06 16:12:04.444,9.6896e-11,Torr,11.small_stm_window_1,spray,11.small_stm_window_1/MassSpecData-02115-20261006-161145.csv,2026-10-06 16:05:29.144,6.588333333333334
2026-10-06 16:12:04.652,7.703e-11,Torr,11.small_stm_window_1,spray,11.small_stm_window_1/MassSpecData-02115-20261006-161145.csv,2026-10-06 16:05:29.144,6.5918
2026-10-06 16:12:04.860,9.1083e-11,Torr,11.small_stm_window_1,spray,11.small_stm_window_1/MassSpecData-02115-20261006-161145.csv,2026-10-06 16:05:29.144,6.595266666666666
2026-10-06 16:12:05.068,8.3718e-11,Torr,11.small_stm_window_1,spray,11.small_stm_window_1/MassSpecData-02115-20261006-161145.csv,2026-10-06 16:05:29.144,6.598733333333333
2026-10-06 16:12:05.277,8.3196e-11,Torr,11.small_stm_window_1,spray,11.small_stm_window_1/MassSpecData-02115-20261006-161145.csv,2026-10-06 16:05:29.144,6.602216666666666
2026-10-06 16:12:05.485,9.8526e-11,Torr,11.small_stm_window_1,spray,11.small_stm_window_1/MassSpecData-02115-20261006-161145.csv,2026-10-06 16:05:29.144,6.605683333333333
2026-10-06 16:12:05.693,7.3461e-11,Torr,11.small_stm_window_1,spray,11.small_stm_window_1/MassSpecData-02115-20261006-161145.csv,2026-10-06 16:05:29.144,6.60915
2026-10-06 16:12:05.902,1.0155e-10,Torr,11.small_stm_window_1,spray,11.small_stm_window_1/MassSpecData-02115-20261006-161145.csv,2026-10-06 16:05:29.144,6.612633333333333
2026-10-06 16:12:06.110,6.8079e-11,Torr,11.small_stm_window_1,spray,11.small_stm_window_1/MassSpecData-02115-20261006-161145.csv,2026-10-06 16:05:29.144,6.6161
2026-10-06 16:12:06.318,9.8192e-11,Torr,11.small_stm_window_1,spray,11.small_stm_window_1/MassSpecData-02115-20261006-161145.csv,2026-10-06 16:05:29.144,6.619566666666667
2026-10-06 16:12:06.527,8.3402e-11,Torr,11.small_stm_window_1,spray,11.small_stm_window_1/MassSpecData-02115-20261006-161145.csv,2026-10-06 16:05:29.144,6.62305
2026-10-06 16:12:06.735,9.5695e-11,Torr,11.small_stm_window_1,spray,11.small_stm_window_1/MassSpecData-02115-20261006-161145.csv,2026-10-06 16:05:29.144,6.626516666666666
2026-10-06 16:12:06.943,7.5459e-11,Torr,11.small_stm_window_1,spray,11.small_stm_window_1/MassSpecData-02115-20261006-161145.csv,2026-10-06 16:05:29.144,6.629983333333333
2026-10-06 16:12:07.152,8.5244e-11,Torr,11.small_stm_window_1,spray,11.small_stm_window_1/MassSpecData-02115-20261006-161145.csv,2026-10-06 16:05:29.144,6.633466666666666
2026-10-06 16:12:07.360,9.6428e-11,Torr,11.small_stm_window_1,spray,11.small_stm_window_1/MassSpecData-02115-20261006-161145.csv,2026-10-06 16:05:29.144,6.636933333333333
2026-10-06 16:12:07.568,8.4981e-11,Torr,11.small_stm_window_1,spray,11.small_stm_window_1/MassSpecData-02115-20261006-161145.csv,2026-10-06 16:05:29.144,6.6404
2026-10-06 16:12:07.777,1.0121e-10,Torr,11.small_stm_window_1,spray,11.small_stm_window_1/MassSpecData-02115-20261006-161145.csv,2026-10-06 16:05:29.144,6.643883333333333
2026-10-06 16:12:07.985,8.9325e-11,Torr,11.small_stm_window_1,spray,11.small_stm_window_1/MassSpecData-02115-20261006-161145.csv,2026-10-06 16:05:29.144,6.64735
2026-10-06 16:12:08.193,9.0546e-11,Torr,11.small_stm_window_1,spray,11.small_stm_window_1/MassSpecData-02115-20261006-161145.csv,2026-10-06 16:05:29.144,6.650816666666667
2026-10-06 16:12:08.402,1.0101e-10,Torr,11.small_stm_window_1,spray,11.small_stm_window_1/MassSpecData-02115-20261006-161145.csv,2026-10-06 16:05:29.144,6.6543
2026-10-06 16:12:08.610,9.6018e-11,Torr,11.small_stm_window_1,spray,11.small_stm_window_1/MassSpecData-02115-20261006-161145.csv,2026-10-06 16:05:29.144,6.657766666666666
2026-10-06 16:12:08.818,9.2669e-11,Torr,11.small_stm_window_1,spray,11.small_stm_window_1/MassSpecData-02115-20261006-161145.csv,2026-10-06 16:05:29.144,6.661233333333333
2026-10-06 16:12:09.027,8.6919e-11,Torr,11.small_stm_window_1,spray,11.small_stm_window_1/MassSpecData-02115-20261006-161145.csv,2026-10-06 16:05:29.144,6.664716666666666
2026-10-06 16:12:09.235,8.4806e-11,Torr,11.small_stm_window_1,spray,11.small_stm_window_1/MassSpecData-02115-20261006-161145.csv,2026-10-06 16:05:29.144,6.668183333333333
2026-10-06 16:12:09.443,1.0157e-10,Torr,11.small_stm_window_1,spray,11.small_stm_window_1/MassSpecData-02115-20261006-161145.csv,2026-10-06 16:05:29.144,6.67165
2026-10-06 16:12:09.652,8.2238e-11,Torr,11.small_stm_window_1,spray,11.small_stm_window_1/MassSpecData-02115-20261006-161145.csv,2026-10-06 16:05:29.144,6.675133333333333
2026-10-06 16:12:09.860,8.3598e-11,Torr,11.small_stm_window_1,spray,11.small_stm_window_1/MassSpecData-02115-20261006-161145.csv,2026-10-06 16:05:29.144,6.6786
2026-10-06 16:12:10.068,1.0127e-10,Torr,11.small_stm_window_1,spray,11.small_stm_window_1/MassSpecData-02115-20261006-161145.csv,2026-10-06 16:05:29.144,6.682066666666667
2026-10-06 16:12:10.277,7.6972e-11,Torr,11.small_stm_window_1,spray,11.small_stm_window_1/MassSpecData-02115-20261006-161145.csv,2026-10-06 16:05:29.144,6.68555
2026-10-06 16:12:10.485,9.6566e-11,Torr,11.small_stm_window_1,spray,11.small_stm_window_1/MassSpecData-02115-20261006-161145.csv,2026-10-06 16:05:29.144,6.689016666666666
2026-10-06 16:12:10.693,8.7336e-11,Torr,11.small_stm_window_1,spray,11.small_stm_window_1/MassSpecData-02115-20261006-161145.csv,2026-10-06 16:05:29.144,6.692483333333333
2026-10-06 16:12:10.902,7.815e-11,Torr,11.small_stm_window_1,spray,11.small_stm_window_1/MassSpecData-02115-20261006-161145.csv,2026-10-06 16:05:29.144,6.695966666666666
2026-10-06 16:12:11.110,7.6033e-11,Torr,11.small_stm_window_1,spray,11.small_stm_window_1/MassSpecData-02115-20261006-161145.csv,2026-10-06 16:05:29.144,6.699433333333333
2026-10-06 16:12:11.318,8.4823e-11,Torr,11.small_stm_window_1,spray,11.small_stm_window_1/MassSpecData-02115-20261006-161145.csv,2026-10-06 16:05:29.144,6.7029
2026-10-06 16:12:11.527,7.4715e-11,Torr,11.small_stm_window_1,spray,11.small_stm_window_1/MassSpecData-02115-20261006-161145.csv,2026-10-06 16:05:29.144,6.706383333333333
2026-10-06 16:12:11.735,8.7638e-11,Torr,11.small_stm_window_1,spray,11.small_stm_window_1/MassSpecData-02115-20261006-161145.csv,2026-10-06 16:05:29.144,6.70985
2026-10-06 16:12:11.943,7.7231e-11,Torr,11.small_stm_window_1,spray,11.small_stm_window_1/MassSpecData-02115-20261006-161145.csv,2026-10-06 16:05:29.144,6.713316666666667
2026-10-06 16:12:12.152,8.8151e-11,Torr,11.small_stm_window_1,spray,11.small_stm_window_1/MassSpecData-02115-20261006-161145.csv,2026-10-06 16:05:29.144,6.7168
2026-10-06 16:12:12.360,8.6609e-11,Torr,11.small_stm_window_1,spray,11.small_stm_window_1/MassSpecData-02115-20261006-161145.csv,2026-10-06 16:05:29.144,6.720266666666666
2026-10-06 16:12:12.568,9.093e-11,Torr,11.small_stm_window_1,spray,11.small_stm_window_1/MassSpecData-02115-20261006-161145.csv,2026-10-06 16:05:29.144,6.723733333333333
2026-10-06 16:12:12.777,7.9118e-11,Torr,11.small_stm_window_1,spray,11.small_stm_window_1/MassSpecData-02115-20261006-161145.csv,2026-10-06 16:05:29.144,6.727216666666666
2026-10-06 16:12:12.985,7.3502e-11,Torr,11.small_stm_window_1,spray,11.small_stm_window_1/MassSpecData-02115-20261006-161145.csv,2026-10-06 16:05:29.144,6.730683333333333
2026-10-06 16:12:13.193,8.8105e-11,Torr,11.small_stm_window_1,spray,11.small_stm_window_1/MassSpecData-02115-20261006-161145.csv,2026-10-06 16:05:29.144,6.73415
2026-10-06 16:12:13.402,8.7835e-11,Torr,11.small_stm_window_1,spray,11.small_stm_window_1/MassSpecData-02115-20261006-161145.csv,2026-10-06 16:05:29.144,6.737633333333333
2026-10-06 16:12:13.610,8.4167e-11,Torr,11.small_stm_window_1,spray,11.small_stm_window_1/MassSpecData-02115-20261006-161145.csv,2026-10-06 16:05:29.144,6.7411
2026-10-06 16:12:13.818,9.4371e-11,Torr,11.small_stm_window_1,spray,11.small_stm_window_1/MassSpecData-02115-20261006-161145.csv,2026-10-06 16:05:29.144,6.744566666666667
2026-10-06 16:12:14.027,8.0561e-11,Torr,11.small_stm_window_1,spray,11.small_stm_window_1/MassSpecData-02115-20261006-161145.csv,2026-10-06 16:05:29.144,6.74805
2026-10-06 16:12:14.235,8.2257e-11,Torr,11.small_stm_window_1,spray,11.small_stm_window_1/MassSpecData-02115-20261006-161145.csv,2026-10-06 16:05:29.144,6.751516666666666
2026-10-06 16:12:14.443,8.3869e-11,Torr,11.small_stm_window_1,spray,11.small_stm_window_1/MassSpecData-02115-20261006-161145.csv,2026-10-06 16:05:29.144,6.754983333333333
2026-10-06 16:12:14.652,8.3393e-11,Torr,11.small_stm_window_1,spray,11.small_stm_window_1/MassSpecData-02115-20261006-161145.csv,2026-10-06 16:05:29.144,6.758466666666666
2026-10-06 16:12:14.860,7.6536e-11,Torr,11.small_stm_window_1,spray,11.small_stm_window_1/MassSpecData-02115-20261006-161145.csv,2026-10-06 16:05:29.144,6.761933333333333
2026-10-06 16:12:15.068,8.3149e-11,Torr,11.small_stm_window_1,spray,11.small_stm_window_1/MassSpecData-02115-20261006-161145.csv,2026-10-06 16:05:29.144,6.7654
2026-10-06 16:12:15.277,7.765e-11,Torr,11.small_stm_window_1,spray,11.small_stm_window_1/MassSpecData-02115-20261006-161145.csv,2026-10-06 16:05:29.144,6.768883333333333
2026-10-06 16:12:15.485,9.1956e-11,Torr,11.small_stm_window_1,spray,11.small_stm_window_1/MassSpecData-02115-20261006-161145.csv,2026-10-06 16:05:29.144,6.77235
2026-10-06 16:12:15.693,7.7832e-11,Torr,11.small_stm_window_1,spray,11.small_stm_window_1/MassSpecData-02115-20261006-161145.csv,2026-10-06 16:05:29.144,6.775816666666667
2026-10-06 16:12:15.902,9.2127e-11,Torr,11.small_stm_window_1,spray,11.small_stm_window_1/MassSpecData-02115-20261006-161145.csv,2026-10-06 16:05:29.144,6.7793
2026-10-06 16:12:16.110,8.1549e-11,Torr,11.small_stm_window_1,spray,11.small_stm_window_1/MassSpecData-02115-20261006-161145.csv,2026-10-06 16:05:29.144,6.782766666666666
2026-10-06 16:12:16.318,6.9274e-11,Torr,11.small_stm_window_1,spray,11.small_stm_window_1/MassSpecData-02115-20261006-161145.csv,2026-10-06 16:05:29.144,6.786233333333333
2026-10-06 16:12:16.527,9.7111e-11,Torr,11.small_stm_window_1,spray,11.small_stm_window_1/MassSpecData-02115-20261006-161145.csv,2026-10-06 16:05:29.144,6.789716666666666
2026-10-06 16:12:16.735,8.0325e-11,Torr,11.small_stm_window_1,spray,11.small_stm_window_1/MassSpecData-02115-20261006-161145.csv,2026-10-06 16:05:29.144,6.793183333333333
2026-10-06 16:12:16.943,8.9413e-11,Torr,11.small_stm_window_1,spray,11.small_stm_window_1/MassSpecData-02115-20261006-161145.csv,2026-10-06 16:05:29.144,6.79665
2026-10-06 16:12:17.152,8.134e-11,Torr,11.small_stm_window_1,spray,11.small_stm_window_1/MassSpecData-02115-20261006-161145.csv,2026-10-06 16:05:29.144,6.800133333333333
2026-10-06 16:12:17.360,8.0957e-11,Torr,11.small_stm_window_1,spray,11.small_stm_window_1/MassSpecData-02115-20261006-161145.csv,2026-10-06 16:05:29.144,6.8036
2026-10-06 16:12:17.568,7.9152e-11,Torr,11.small_stm_window_1,spray,11.small_stm_window_1/MassSpecData-02115-20261006-161145.csv,2026-10-06 16:05:29.144,6.807066666666667
2026-10-06 16:12:17.777,9.4641e-11,Torr,11.small_stm_window_1,spray,11.small_stm_window_1/MassSpecData-02115-20261006-161145.csv,2026-10-06 16:05:29.144,6.81055
2026-10-06 16:12:17.985,7.6029e-11,Torr,11.small_stm_window_1,spray,11.small_stm_window_1/MassSpecData-02115-20261006-161145.csv,2026-10-06 16:05:29.144,6.814016666666666
2026-10-06 16:12:18.193,8.2261e-11,Torr,11.small_stm_window_1,spray,11.small_stm_window_1/MassSpecData-02115-20261006-161145.csv,2026-10-06 16:05:29.144,6.817483333333333
2026-10-06 16:12:18.402,8.8258e-11,Torr,11.small_stm_window_1,spray,11.small_stm_window_1/MassSpecData-02115-20261006-161145.csv,2026-10-06 16:05:29.144,6.820966666666666
2026-10-06 16:12:18.610,8.8858e-11,Torr,11.small_stm_window_1,spray,11.small_stm_window_1/MassSpecData-02115-20261006-161145.csv,2026-10-06 16:05:29.144,6.824433333333333
2026-10-06 16:12:18.818,7.4723e-11,Torr,11.small_stm_window_1,spray,11.small_stm_window_1/MassSpecData-02115-20261006-161145.csv,2026-10-06 16:05:29.144,6.8279
2026-10-06 16:12:19.027,8.3329e-11,Torr,11.small_stm_window_1,spray,11.small_stm_window_1/MassSpecData-02115-20261006-161145.csv,2026-10-06 16:05:29.144,6.831383333333333
2026-10-06 16:12:19.235,7.7786e-11,Torr,11.small_stm_window_1,spray,11.small_stm_window_1/MassSpecData-02115-20261006-161145.csv,2026-10-06 16:05:29.144,6.83485
2026-10-06 16:12:19.443,1.0737e-10,Torr,11.small_stm_window_1,spray,11.small_stm_window_1/MassSpecData-02115-20261006-161145.csv,2026-10-06 16:05:29.144,6.838316666666667
2026-10-06 16:12:19.652,9.7944e-11,Torr,11.small_stm_window_1,spray,11.small_stm_window_1/MassSpecData-02115-20261006-161145.csv,2026-10-06 16:05:29.144,6.8418
2026-10-06 16:12:19.860,8.0459e-11,Torr,11.small_stm_window_1,spray,11.small_stm_window_1/MassSpecData-02115-20261006-161145.csv,2026-10-06 16:05:29.144,6.845266666666666
2026-10-06 16:12:20.068,8.1399e-11,Torr,11.small_stm_window_1,spray,11.small_stm_window_1/MassSpecData-02115-20261006-161145.csv,2026-10-06 16:05:29.144,6.848733333333333
2026-10-06 16:12:20.277,8.154e-11,Torr,11.small_stm_window_1,spray,11.small_stm_window_1/MassSpecData-02115-20261006-161145.csv,2026-10-06 16:05:29.144,6.852216666666666
2026-10-06 16:12:20.485,8.2949e-11,Torr,11.small_stm_window_1,spray,11.small_stm_window_1/MassSpecData-02115-20261006-161145.csv,2026-10-06 16:05:29.144,6.855683333333333
2026-10-06 16:12:20.693,1.0352e-10,Torr,11.small_stm_window_1,spray,11.small_stm_window_1/MassSpecData-02115-20261006-161145.csv,2026-10-06 16:05:29.144,6.85915
2026-10-06 16:12:20.902,8.3834e-11,Torr,11.small_stm_window_1,spray,11.small_stm_window_1/MassSpecData-02115-20261006-161145.csv,2026-10-06 16:05:29.144,6.862633333333333
2026-10-06 16:12:21.110,9.1099e-11,Torr,11.small_stm_window_1,spray,11.small_stm_window_1/MassSpecData-02115-20261006-161145.csv,2026-10-06 16:05:29.144,6.8661
2026-10-06 16:12:21.318,8.0044e-11,Torr,11.small_stm_window_1,spray,11.small_stm_window_1/MassSpecData-02115-20261006-161145.csv,2026-10-06 16:05:29.144,6.869566666666667
2026-10-06 16:12:21.527,8.6278e-11,Torr,11.small_stm_window_1,spray,11.small_stm_window_1/MassSpecData-02115-20261006-161145.csv,2026-10-06 16:05:29.144,6.87305
2026-10-06 16:12:21.735,7.8048e-11,Torr,11.small_stm_window_1,spray,11.small_stm_window_1/MassSpecData-02115-20261006-161145.csv,2026-10-06 16:05:29.144,6.876516666666666
2026-10-06 16:12:21.943,8.829e-11,Torr,11.small_stm_window_1,spray,11.small_stm_window_1/MassSpecData-02115-20261006-161145.csv,2026-10-06 16:05:29.144,6.879983333333333
2026-10-06 16:12:22.152,8.2685e-11,Torr,11.small_stm_window_1,spray,11.small_stm_window_1/MassSpecData-02115-20261006-161145.csv,2026-10-06 16:05:29.144,6.883466666666666
2026-10-06 16:12:22.360,7.6258e-11,Torr,11.small_stm_window_1,spray,11.small_stm_window_1/MassSpecData-02115-20261006-161145.csv,2026-10-06 16:05:29.144,6.886933333333333
2026-10-06 16:12:22.568,8.4569e-11,Torr,11.small_stm_window_1,spray,11.small_stm_window_1/MassSpecData-02115-20261006-161145.csv,2026-10-06 16:05:29.144,6.8904
2026-10-06 16:12:22.777,7.5621e-11,Torr,11.small_stm_window_1,spray,11.small_stm_window_1/MassSpecData-02115-20261006-161145.csv,2026-10-06 16:05:29.144,6.893883333333333
2026-10-06 16:12:22.985,8.6383e-11,Torr,11.small_stm_window_1,spray,11.small_stm_window_1/MassSpecData-02115-20261006-161145.csv,2026-10-06 16:05:29.144,6.89735
2026-10-06 16:12:23.194,9.7938e-11,Torr,11.small_stm_window_1,spray,11.small_stm_window_1/MassSpecData-02115-20261006-161145.csv,2026-10-06 16:05:29.144,6.900833333333334
2026-10-06 16:12:23.402,8.9112e-11,Torr,11.small_stm_window_1,spray,11.small_stm_window_1/MassSpecData-02115-20261006-161145.csv,2026-10-06 16:05:29.144,6.9043
2026-10-06 16:12:23.610,7.5745e-11,Torr,11.small_stm_window_1,spray,11.small_stm_window_1/MassSpecData-02115-20261006-161145.csv,2026-10-06 16:05:29.144,6.907766666666666
2026-10-06 16:12:23.819,9.2436e-11,Torr,11.small_stm_window_1,spray,11.small_stm_window_1/MassSpecData-02115-20261006-161145.csv,2026-10-06 16:05:29.144,6.91125
2026-10-06 16:12:24.027,9.1558e-11,Torr,11.small_stm_window_1,spray,11.small_stm_window_1/MassSpecData-02115-20261006-161145.csv,2026-10-06 16:05:29.144,6.914716666666666
2026-10-06 16:12:24.235,8.8674e-11,Torr,11.small_stm_window_1,spray,11.small_stm_window_1/MassSpecData-02115-20261006-161145.csv,2026-10-06 16:05:29.144,6.918183333333333
2026-10-06 16:12:24.444,8.7593e-11,Torr,11.small_stm_window_1,spray,11.small_stm_window_1/MassSpecData-02115-20261006-161145.csv,2026-10-06 16:05:29.144,6.921666666666667
2026-10-06 16:12:24.652,8.3474e-11,Torr,11.small_stm_window_1,spray,11.small_stm_window_1/MassSpecData-02115-20261006-161145.csv,2026-10-06 16:05:29.144,6.925133333333333
2026-10-06 16:12:24.860,1.0788e-10,Torr,11.small_stm_window_1,spray,11.small_stm_window_1/MassSpecData-02115-20261006-161145.csv,2026-10-06 16:05:29.144,6.9286
2026-10-06 16:12:25.069,8.5562e-11,Torr,11.small_stm_window_1,spray,11.small_stm_window_1/MassSpecData-02115-20261006-161145.csv,2026-10-06 16:05:29.144,6.932083333333334
2026-10-06 16:12:25.277,7.6458e-11,Torr,11.small_stm_window_1,spray,11.small_stm_window_1/MassSpecData-02115-20261006-161145.csv,2026-10-06 16:05:29.144,6.93555
2026-10-06 16:12:25.485,8.8103e-11,Torr,11.small_stm_window_1,spray,11.small_stm_window_1/MassSpecData-02115-20261006-161145.csv,2026-10-06 16:05:29.144,6.939016666666666
2026-10-06 16:12:25.694,7.9745e-11,Torr,11.small_stm_window_1,spray,11.small_stm_window_1/MassSpecData-02115-20261006-161145.csv,2026-10-06 16:05:29.144,6.9425
2026-10-06 16:12:25.902,7.6617e-11,Torr,11.small_stm_window_1,spray,11.small_stm_window_1/MassSpecData-02115-20261006-161145.csv,2026-10-06 16:05:29.144,6.945966666666666
2026-10-06 16:12:26.110,7.3317e-11,Torr,11.small_stm_window_1,spray,11.small_stm_window_1/MassSpecData-02115-20261006-161145.csv,2026-10-06 16:05:29.144,6.949433333333333
2026-10-06 16:12:26.319,8.4433e-11,Torr,11.small_stm_window_1,spray,11.small_stm_window_1/MassSpecData-02115-20261006-161145.csv,2026-10-06 16:05:29.144,6.952916666666667
2026-10-06 16:12:26.527,7.661e-11,Torr,11.small_stm_window_1,spray,11.small_stm_window_1/MassSpecData-02115-20261006-161145.csv,2026-10-06 16:05:29.144,6.956383333333333
2026-10-06 16:12:26.735,8.6207e-11,Torr,11.small_stm_window_1,spray,11.small_stm_window_1/MassSpecData-02115-20261006-161145.csv,2026-10-06 16:05:29.144,6.95985
2026-10-06 16:12:27.145,8.0142e-11,Torr,11.small_stm_window_1,spray,11.small_stm_window_1/MassSpecData-02115-20261006-161227.csv,2026-10-06 16:05:29.144,6.966683333333333
2026-10-06 16:12:27.353,7.4127e-11,Torr,11.small_stm_window_1,spray,11.small_stm_window_1/MassSpecData-02115-20261006-161227.csv,2026-10-06 16:05:29.144,6.97015
2026-10-06 16:12:27.562,6.5569e-11,Torr,11.small_stm_window_1,spray,11.small_stm_window_1/MassSpecData-02115-20261006-161227.csv,2026-10-06 16:05:29.144,6.973633333333334
2026-10-06 16:12:27.770,7.9295e-11,Torr,11.small_stm_window_1,spray,11.small_stm_window_1/MassSpecData-02115-20261006-161227.csv,2026-10-06 16:05:29.144,6.977099999999999
2026-10-06 16:12:27.978,7.4635e-11,Torr,11.small_stm_window_1,spray,11.small_stm_window_1/MassSpecData-02115-20261006-161227.csv,2026-10-06 16:05:29.144,6.980566666666666
2026-10-06 16:12:28.187,8.2941e-11,Torr,11.small_stm_window_1,spray,11.small_stm_window_1/MassSpecData-02115-20261006-161227.csv,2026-10-06 16:05:29.144,6.98405
2026-10-06 16:12:28.395,7.2545e-11,Torr,11.small_stm_window_1,spray,11.small_stm_window_1/MassSpecData-02115-20261006-161227.csv,2026-10-06 16:05:29.144,6.987516666666666
2026-10-06 16:12:28.603,7.8513e-11,Torr,11.small_stm_window_1,spray,11.small_stm_window_1/MassSpecData-02115-20261006-161227.csv,2026-10-06 16:05:29.144,6.990983333333333
2026-10-06 16:12:28.811,8.703e-11,Torr,11.small_stm_window_1,spray,11.small_stm_window_1/MassSpecData-02115-20261006-161227.csv,2026-10-06 16:05:29.144,6.99445
2026-10-06 16:12:29.020,8.621e-11,Torr,11.small_stm_window_1,spray,11.small_stm_window_1/MassSpecData-02115-20261006-161227.csv,2026-10-06 16:05:29.144,6.997933333333333
2026-10-06 16:12:29.228,8.6188e-11,Torr,11.small_stm_window_1,spray,11.small_stm_window_1/MassSpecData-02115-20261006-161227.csv,2026-10-06 16:05:29.144,7.0014
2026-10-06 16:12:29.437,9.5913e-11,Torr,11.small_stm_window_1,spray,11.small_stm_window_1/MassSpecData-02115-20261006-161227.csv,2026-10-06 16:05:29.144,7.004883333333334
2026-10-06 16:12:29.645,6.64e-11,Torr,11.small_stm_window_1,spray,11.small_stm_window_1/MassSpecData-02115-20261006-161227.csv,2026-10-06 16:05:29.144,7.008349999999999
2026-10-06 16:12:29.853,9.3168e-11,Torr,11.small_stm_window_1,spray,11.small_stm_window_1/MassSpecData-02115-20261006-161227.csv,2026-10-06 16:05:29.144,7.011816666666666
2026-10-06 16:12:30.062,7.7673e-11,Torr,11.small_stm_window_1,spray,11.small_stm_window_1/MassSpecData-02115-20261006-161227.csv,2026-10-06 16:05:29.144,7.0153
2026-10-06 16:12:30.270,8.0289e-11,Torr,11.small_stm_window_1,spray,11.small_stm_window_1/MassSpecData-02115-20261006-161227.csv,2026-10-06 16:05:29.144,7.018766666666666
2026-10-06 16:12:30.478,8.51e-11,Torr,11.small_stm_window_1,spray,11.small_stm_window_1/MassSpecData-02115-20261006-161227.csv,2026-10-06 16:05:29.144,7.022233333333333
2026-10-06 16:12:30.687,8.3319e-11,Torr,11.small_stm_window_1,spray,11.small_stm_window_1/MassSpecData-02115-20261006-161227.csv,2026-10-06 16:05:29.144,7.025716666666667
2026-10-06 16:12:30.895,8.2201e-11,Torr,11.small_stm_window_1,spray,11.small_stm_window_1/MassSpecData-02115-20261006-161227.csv,2026-10-06 16:05:29.144,7.029183333333333
2026-10-06 16:12:31.103,9.4043e-11,Torr,11.small_stm_window_1,spray,11.small_stm_window_1/MassSpecData-02115-20261006-161227.csv,2026-10-06 16:05:29.144,7.03265
2026-10-06 16:12:31.312,8.2288e-11,Torr,11.small_stm_window_1,spray,11.small_stm_window_1/MassSpecData-02115-20261006-161227.csv,2026-10-06 16:05:29.144,7.036133333333334
2026-10-06 16:12:31.520,6.7461e-11,Torr,11.small_stm_window_1,spray,11.small_stm_window_1/MassSpecData-02115-20261006-161227.csv,2026-10-06 16:05:29.144,7.039599999999999
2026-10-06 16:12:31.728,9.0667e-11,Torr,11.small_stm_window_1,spray,11.small_stm_window_1/MassSpecData-02115-20261006-161227.csv,2026-10-06 16:05:29.144,7.043066666666666
2026-10-06 16:12:31.937,8.6794e-11,Torr,11.small_stm_window_1,spray,11.small_stm_window_1/MassSpecData-02115-20261006-161227.csv,2026-10-06 16:05:29.144,7.04655
2026-10-06 16:12:32.145,8.4007e-11,Torr,11.small_stm_window_1,spray,11.small_stm_window_1/MassSpecData-02115-20261006-161227.csv,2026-10-06 16:05:29.144,7.050016666666666
2026-10-06 16:12:32.353,7.5969e-11,Torr,11.small_stm_window_1,spray,11.small_stm_window_1/MassSpecData-02115-20261006-161227.csv,2026-10-06 16:05:29.144,7.053483333333333
2026-10-06 16:12:32.561,7.812e-11,Torr,11.small_stm_window_1,spray,11.small_stm_window_1/MassSpecData-02115-20261006-161227.csv,2026-10-06 16:05:29.144,7.05695
2026-10-06 16:12:32.770,8.4017e-11,Torr,11.small_stm_window_1,spray,11.small_stm_window_1/MassSpecData-02115-20261006-161227.csv,2026-10-06 16:05:29.144,7.060433333333333
2026-10-06 16:12:32.978,7.6589e-11,Torr,11.small_stm_window_1,spray,11.small_stm_window_1/MassSpecData-02115-20261006-161227.csv,2026-10-06 16:05:29.144,7.0639
2026-10-06 16:12:33.186,8.8607e-11,Torr,11.small_stm_window_1,spray,11.small_stm_window_1/MassSpecData-02115-20261006-161227.csv,2026-10-06 16:05:29.144,7.067366666666667
2026-10-06 16:12:33.395,8.0243e-11,Torr,11.small_stm_window_1,spray,11.small_stm_window_1/MassSpecData-02115-20261006-161227.csv,2026-10-06 16:05:29.144,7.070849999999999
2026-10-06 16:12:33.603,8.8773e-11,Torr,11.small_stm_window_1,spray,11.small_stm_window_1/MassSpecData-02115-20261006-161227.csv,2026-10-06 16:05:29.144,7.074316666666666
2026-10-06 16:12:33.811,8.7524e-11,Torr,11.small_stm_window_1,spray,11.small_stm_window_1/MassSpecData-02115-20261006-161227.csv,2026-10-06 16:05:29.144,7.077783333333333
2026-10-06 16:12:34.020,8.3132e-11,Torr,11.small_stm_window_1,spray,11.small_stm_window_1/MassSpecData-02115-20261006-161227.csv,2026-10-06 16:05:29.144,7.081266666666666
2026-10-06 16:12:34.228,7.515e-11,Torr,11.small_stm_window_1,spray,11.small_stm_window_1/MassSpecData-02115-20261006-161227.csv,2026-10-06 16:05:29.144,7.084733333333333
2026-10-06 16:12:34.436,9.295e-11,Torr,11.small_stm_window_1,spray,11.small_stm_window_1/MassSpecData-02115-20261006-161227.csv,2026-10-06 16:05:29.144,7.0882
2026-10-06 16:12:34.645,9.4141e-11,Torr,11.small_stm_window_1,spray,11.small_stm_window_1/MassSpecData-02115-20261006-161227.csv,2026-10-06 16:05:29.144,7.091683333333333
2026-10-06 16:12:34.853,9.6599e-11,Torr,11.small_stm_window_1,spray,11.small_stm_window_1/MassSpecData-02115-20261006-161227.csv,2026-10-06 16:05:29.144,7.09515
2026-10-06 16:12:35.061,9.9934e-11,Torr,11.small_stm_window_1,spray,11.small_stm_window_1/MassSpecData-02115-20261006-161227.csv,2026-10-06 16:05:29.144,7.098616666666667
2026-10-06 16:12:35.270,6.6421e-11,Torr,11.small_stm_window_1,spray,11.small_stm_window_1/MassSpecData-02115-20261006-161227.csv,2026-10-06 16:05:29.144,7.102099999999999
2026-10-06 16:12:35.478,8.6005e-11,Torr,11.small_stm_window_1,spray,11.small_stm_window_1/MassSpecData-02115-20261006-161227.csv,2026-10-06 16:05:29.144,7.105566666666666
2026-10-06 16:12:35.686,8.1766e-11,Torr,11.small_stm_window_1,spray,11.small_stm_window_1/MassSpecData-02115-20261006-161227.csv,2026-10-06 16:05:29.144,7.109033333333333
2026-10-06 16:12:35.895,8.3041e-11,Torr,11.small_stm_window_1,spray,11.small_stm_window_1/MassSpecData-02115-20261006-161227.csv,2026-10-06 16:05:29.144,7.112516666666666
2026-10-06 16:12:36.103,9.0242e-11,Torr,11.small_stm_window_1,spray,11.small_stm_window_1/MassSpecData-02115-20261006-161227.csv,2026-10-06 16:05:29.144,7.115983333333333
2026-10-06 16:12:36.312,7.8637e-11,Torr,11.small_stm_window_1,spray,11.small_stm_window_1/MassSpecData-02115-20261006-161227.csv,2026-10-06 16:05:29.144,7.119466666666667
2026-10-06 16:12:36.520,8.9528e-11,Torr,11.small_stm_window_1,spray,11.small_stm_window_1/MassSpecData-02115-20261006-161227.csv,2026-10-06 16:05:29.144,7.122933333333333
2026-10-06 16:12:36.728,7.792e-11,Torr,11.small_stm_window_1,spray,11.small_stm_window_1/MassSpecData-02115-20261006-161227.csv,2026-10-06 16:05:29.144,7.1264
2026-10-06 16:12:36.937,8.8656e-11,Torr,11.small_stm_window_1,spray,11.small_stm_window_1/MassSpecData-02115-20261006-161227.csv,2026-10-06 16:05:29.144,7.129883333333334
2026-10-06 16:12:37.145,8.2301e-11,Torr,11.small_stm_window_1,spray,11.small_stm_window_1/MassSpecData-02115-20261006-161227.csv,2026-10-06 16:05:29.144,7.133349999999999
2026-10-06 16:12:37.353,7.884e-11,Torr,11.small_stm_window_1,spray,11.small_stm_window_1/MassSpecData-02115-20261006-161227.csv,2026-10-06 16:05:29.144,7.136816666666666
2026-10-06 16:12:37.562,9.062e-11,Torr,11.small_stm_window_1,spray,11.small_stm_window_1/MassSpecData-02115-20261006-161227.csv,2026-10-06 16:05:29.144,7.1403
2026-10-06 16:12:37.770,7.6972e-11,Torr,11.small_stm_window_1,spray,11.small_stm_window_1/MassSpecData-02115-20261006-161227.csv,2026-10-06 16:05:29.144,7.143766666666666
2026-10-06 16:12:37.978,7.8231e-11,Torr,11.small_stm_window_1,spray,11.small_stm_window_1/MassSpecData-02115-20261006-161227.csv,2026-10-06 16:05:29.144,7.147233333333333
2026-10-06 16:12:38.187,8.3195e-11,Torr,11.small_stm_window_1,spray,11.small_stm_window_1/MassSpecData-02115-20261006-161227.csv,2026-10-06 16:05:29.144,7.150716666666667
2026-10-06 16:12:38.395,1.1136e-10,Torr,11.small_stm_window_1,spray,11.small_stm_window_1/MassSpecData-02115-20261006-161227.csv,2026-10-06 16:05:29.144,7.154183333333333
2026-10-06 16:12:38.603,7.7936e-11,Torr,11.small_stm_window_1,spray,11.small_stm_window_1/MassSpecData-02115-20261006-161227.csv,2026-10-06 16:05:29.144,7.15765
2026-10-06 16:12:38.812,8.7781e-11,Torr,11.small_stm_window_1,spray,11.small_stm_window_1/MassSpecData-02115-20261006-161227.csv,2026-10-06 16:05:29.144,7.161133333333334
2026-10-06 16:12:39.020,9.2573e-11,Torr,11.small_stm_window_1,spray,11.small_stm_window_1/MassSpecData-02115-20261006-161227.csv,2026-10-06 16:05:29.144,7.164599999999999
2026-10-06 16:12:39.228,8.6812e-11,Torr,11.small_stm_window_1,spray,11.small_stm_window_1/MassSpecData-02115-20261006-161227.csv,2026-10-06 16:05:29.144,7.168066666666666
2026-10-06 16:12:39.437,8.2588e-11,Torr,11.small_stm_window_1,spray,11.small_stm_window_1/MassSpecData-02115-20261006-161227.csv,2026-10-06 16:05:29.144,7.17155
2026-10-06 16:12:39.645,9.5215e-11,Torr,11.small_stm_window_1,spray,11.small_stm_window_1/MassSpecData-02115-20261006-161227.csv,2026-10-06 16:05:29.144,7.175016666666666
2026-10-06 16:12:39.853,8.4608e-11,Torr,11.small_stm_window_1,spray,11.small_stm_window_1/MassSpecData-02115-20261006-161227.csv,2026-10-06 16:05:29.144,7.178483333333333
2026-10-06 16:12:40.062,8.0126e-11,Torr,11.small_stm_window_1,spray,11.small_stm_window_1/MassSpecData-02115-20261006-161227.csv,2026-10-06 16:05:29.144,7.181966666666667
2026-10-06 16:12:40.270,1.0714e-10,Torr,11.small_stm_window_1,spray,11.small_stm_window_1/MassSpecData-02115-20261006-161227.csv,2026-10-06 16:05:29.144,7.185433333333333
2026-10-06 16:12:40.478,8.5519e-11,Torr,11.small_stm_window_1,spray,11.small_stm_window_1/MassSpecData-02115-20261006-161227.csv,2026-10-06 16:05:29.144,7.1889
2026-10-06 16:12:40.687,7.8701e-11,Torr,11.small_stm_window_1,spray,11.small_stm_window_1/MassSpecData-02115-20261006-161227.csv,2026-10-06 16:05:29.144,7.192383333333334
2026-10-06 16:12:40.895,7.9618e-11,Torr,11.small_stm_window_1,spray,11.small_stm_window_1/MassSpecData-02115-20261006-161227.csv,2026-10-06 16:05:29.144,7.195849999999999
2026-10-06 16:12:41.103,8.1684e-11,Torr,11.small_stm_window_1,spray,11.small_stm_window_1/MassSpecData-02115-20261006-161227.csv,2026-10-06 16:05:29.144,7.199316666666666
2026-10-06 16:12:41.312,6.9788e-11,Torr,11.small_stm_window_1,spray,11.small_stm_window_1/MassSpecData-02115-20261006-161227.csv,2026-10-06 16:05:29.144,7.2028
2026-10-06 16:12:41.520,9.5041e-11,Torr,11.small_stm_window_1,spray,11.small_stm_window_1/MassSpecData-02115-20261006-161227.csv,2026-10-06 16:05:29.144,7.206266666666666
2026-10-06 16:12:41.728,8.5484e-11,Torr,11.small_stm_window_1,spray,11.small_stm_window_1/MassSpecData-02115-20261006-161227.csv,2026-10-06 16:05:29.144,7.209733333333333
2026-10-06 16:12:41.937,8.7303e-11,Torr,11.small_stm_window_1,spray,11.small_stm_window_1/MassSpecData-02115-20261006-161227.csv,2026-10-06 16:05:29.144,7.213216666666667
2026-10-06 16:12:42.145,9.119e-11,Torr,11.small_stm_window_1,spray,11.small_stm_window_1/MassSpecData-02115-20261006-161227.csv,2026-10-06 16:05:29.144,7.216683333333333
2026-10-06 16:12:42.353,7.7385e-11,Torr,11.small_stm_window_1,spray,11.small_stm_window_1/MassSpecData-02115-20261006-161227.csv,2026-10-06 16:05:29.144,7.22015
2026-10-06 16:12:42.562,7.6901e-11,Torr,11.small_stm_window_1,spray,11.small_stm_window_1/MassSpecData-02115-20261006-161227.csv,2026-10-06 16:05:29.144,7.223633333333334
2026-10-06 16:12:42.770,7.8436e-11,Torr,11.small_stm_window_1,spray,11.small_stm_window_1/MassSpecData-02115-20261006-161227.csv,2026-10-06 16:05:29.144,7.227099999999999
2026-10-06 16:12:42.978,7.7487e-11,Torr,11.small_stm_window_1,spray,11.small_stm_window_1/MassSpecData-02115-20261006-161227.csv,2026-10-06 16:05:29.144,7.230566666666666
2026-10-06 16:12:43.187,7.8023e-11,Torr,11.small_stm_window_1,spray,11.small_stm_window_1/MassSpecData-02115-20261006-161227.csv,2026-10-06 16:05:29.144,7.23405
2026-10-06 16:12:43.395,6.9155e-11,Torr,11.small_stm_window_1,spray,11.small_stm_window_1/MassSpecData-02115-20261006-161227.csv,2026-10-06 16:05:29.144,7.237516666666666
2026-10-06 16:12:43.603,6.685e-11,Torr,11.small_stm_window_1,spray,11.small_stm_window_1/MassSpecData-02115-20261006-161227.csv,2026-10-06 16:05:29.144,7.240983333333333
2026-10-06 16:12:43.812,8.5562e-11,Torr,11.small_stm_window_1,spray,11.small_stm_window_1/MassSpecData-02115-20261006-161227.csv,2026-10-06 16:05:29.144,7.244466666666667
2026-10-06 16:12:44.020,8.9058e-11,Torr,11.small_stm_window_1,spray,11.small_stm_window_1/MassSpecData-02115-20261006-161227.csv,2026-10-06 16:05:29.144,7.247933333333333
2026-10-06 16:12:44.228,8.7059e-11,Torr,11.small_stm_window_1,spray,11.small_stm_window_1/MassSpecData-02115-20261006-161227.csv,2026-10-06 16:05:29.144,7.2514
2026-10-06 16:12:44.437,9.5524e-11,Torr,11.small_stm_window_1,spray,11.small_stm_window_1/MassSpecData-02115-20261006-161227.csv,2026-10-06 16:05:29.144,7.254883333333334
2026-10-06 16:12:44.645,9.86e-11,Torr,11.small_stm_window_1,spray,11.small_stm_window_1/MassSpecData-02115-20261006-161227.csv,2026-10-06 16:05:29.144,7.258349999999999
2026-10-06 16:12:44.853,8.7978e-11,Torr,11.small_stm_window_1,spray,11.small_stm_window_1/MassSpecData-02115-20261006-161227.csv,2026-10-06 16:05:29.144,7.261816666666666
2026-10-06 16:12:45.062,7.9452e-11,Torr,11.small_stm_window_1,spray,11.small_stm_window_1/MassSpecData-02115-20261006-161227.csv,2026-10-06 16:05:29.144,7.2653
2026-10-06 16:12:45.270,8.3266e-11,Torr,11.small_stm_window_1,spray,11.small_stm_window_1/MassSpecData-02115-20261006-161227.csv,2026-10-06 16:05:29.144,7.268766666666666
2026-10-06 16:12:45.478,1.0573e-10,Torr,11.small_stm_window_1,spray,11.small_stm_window_1/MassSpecData-02115-20261006-161227.csv,2026-10-06 16:05:29.144,7.272233333333333
2026-10-06 16:12:45.687,8.0227e-11,Torr,11.small_stm_window_1,spray,11.small_stm_window_1/MassSpecData-02115-20261006-161227.csv,2026-10-06 16:05:29.144,7.275716666666667
2026-10-06 16:12:45.895,7.4655e-11,Torr,11.small_stm_window_1,spray,11.small_stm_window_1/MassSpecData-02115-20261006-161227.csv,2026-10-06 16:05:29.144,7.279183333333333
2026-10-06 16:12:46.103,9.3235e-11,Torr,11.small_stm_window_1,spray,11.small_stm_window_1/MassSpecData-02115-20261006-161227.csv,2026-10-06 16:05:29.144,7.28265
2026-10-06 16:12:46.312,9.9124e-11,Torr,11.small_stm_window_1,spray,11.small_stm_window_1/MassSpecData-02115-20261006-161227.csv,2026-10-06 16:05:29.144,7.286133333333334
2026-10-06 16:12:46.520,9.0771e-11,Torr,11.small_stm_window_1,spray,11.small_stm_window_1/MassSpecData-02115-20261006-161227.csv,2026-10-06 16:05:29.144,7.289599999999999
2026-10-06 16:12:46.728,8.1994e-11,Torr,11.small_stm_window_1,spray,11.small_stm_window_1/MassSpecData-02115-20261006-161227.csv,2026-10-06 16:05:29.144,7.293066666666666
2026-10-06 16:12:46.936,7.522e-11,Torr,11.small_stm_window_1,spray,11.small_stm_window_1/MassSpecData-02115-20261006-161227.csv,2026-10-06 16:05:29.144,7.296533333333333
2026-10-06 16:12:47.145,8.7774e-11,Torr,11.small_stm_window_1,spray,11.small_stm_window_1/MassSpecData-02115-20261006-161227.csv,2026-10-06 16:05:29.144,7.300016666666666
2026-10-06 16:12:47.353,8.1153e-11,Torr,11.small_stm_window_1,spray,11.small_stm_window_1/MassSpecData-02115-20261006-161227.csv,2026-10-06 16:05:29.144,7.303483333333333
2026-10-06 16:12:47.561,9.0189e-11,Torr,11.small_stm_window_1,spray,11.small_stm_window_1/MassSpecData-02115-20261006-161227.csv,2026-10-06 16:05:29.144,7.30695
2026-10-06 16:12:47.770,7.9192e-11,Torr,11.small_stm_window_1,spray,11.small_stm_window_1/MassSpecData-02115-20261006-161227.csv,2026-10-06 16:05:29.144,7.310433333333333
2026-10-06 16:12:47.978,9.1845e-11,Torr,11.small_stm_window_1,spray,11.small_stm_window_1/MassSpecData-02115-20261006-161227.csv,2026-10-06 16:05:29.144,7.3139
2026-10-06 16:12:48.186,8.5071e-11,Torr,11.small_stm_window_1,spray,11.small_stm_window_1/MassSpecData-02115-20261006-161227.csv,2026-10-06 16:05:29.144,7.317366666666667
2026-10-06 16:12:48.395,7.6985e-11,Torr,11.small_stm_window_1,spray,11.small_stm_window_1/MassSpecData-02115-20261006-161227.csv,2026-10-06 16:05:29.144,7.320849999999999
2026-10-06 16:12:48.603,8.3589e-11,Torr,11.small_stm_window_1,spray,11.small_stm_window_1/MassSpecData-02115-20261006-161227.csv,2026-10-06 16:05:29.144,7.324316666666666
2026-10-06 16:12:48.811,8.926e-11,Torr,11.small_stm_window_1,spray,11.small_stm_window_1/MassSpecData-02115-20261006-161227.csv,2026-10-06 16:05:29.144,7.327783333333333
2026-10-06 16:12:49.020,9.4464e-11,Torr,11.small_stm_window_1,spray,11.small_stm_window_1/MassSpecData-02115-20261006-161227.csv,2026-10-06 16:05:29.144,7.331266666666666
2026-10-06 16:12:49.228,8.9544e-11,Torr,11.small_stm_window_1,spray,11.small_stm_window_1/MassSpecData-02115-20261006-161227.csv,2026-10-06 16:05:29.144,7.334733333333333
2026-10-06 16:12:49.436,8.6342e-11,Torr,11.small_stm_window_1,spray,11.small_stm_window_1/MassSpecData-02115-20261006-161227.csv,2026-10-06 16:05:29.144,7.3382
2026-10-06 16:12:49.645,8.7459e-11,Torr,11.small_stm_window_1,spray,11.small_stm_window_1/MassSpecData-02115-20261006-161227.csv,2026-10-06 16:05:29.144,7.341683333333333
2026-10-06 16:12:49.853,7.6115e-11,Torr,11.small_stm_window_1,spray,11.small_stm_window_1/MassSpecData-02115-20261006-161227.csv,2026-10-06 16:05:29.144,7.34515
2026-10-06 16:12:50.061,8.3405e-11,Torr,11.small_stm_window_1,spray,11.small_stm_window_1/MassSpecData-02115-20261006-161227.csv,2026-10-06 16:05:29.144,7.348616666666667
2026-10-06 16:12:50.270,7.3605e-11,Torr,11.small_stm_window_1,spray,11.small_stm_window_1/MassSpecData-02115-20261006-161227.csv,2026-10-06 16:05:29.144,7.352099999999999
2026-10-06 16:12:50.478,7.4173e-11,Torr,11.small_stm_window_1,spray,11.small_stm_window_1/MassSpecData-02115-20261006-161227.csv,2026-10-06 16:05:29.144,7.355566666666666
2026-10-06 16:12:50.686,8.1865e-11,Torr,11.small_stm_window_1,spray,11.small_stm_window_1/MassSpecData-02115-20261006-161227.csv,2026-10-06 16:05:29.144,7.359033333333333
2026-10-06 16:12:50.895,9.3065e-11,Torr,11.small_stm_window_1,spray,11.small_stm_window_1/MassSpecData-02115-20261006-161227.csv,2026-10-06 16:05:29.144,7.362516666666666
2026-10-06 16:12:51.103,9.3637e-11,Torr,11.small_stm_window_1,spray,11.small_stm_window_1/MassSpecData-02115-20261006-161227.csv,2026-10-06 16:05:29.144,7.365983333333333
2026-10-06 16:12:51.311,8.6268e-11,Torr,11.small_stm_window_1,spray,11.small_stm_window_1/MassSpecData-02115-20261006-161227.csv,2026-10-06 16:05:29.144,7.36945
2026-10-06 16:12:51.520,8.9022e-11,Torr,11.small_stm_window_1,spray,11.small_stm_window_1/MassSpecData-02115-20261006-161227.csv,2026-10-06 16:05:29.144,7.372933333333333
2026-10-06 16:12:51.728,8.0188e-11,Torr,11.small_stm_window_1,spray,11.small_stm_window_1/MassSpecData-02115-20261006-161227.csv,2026-10-06 16:05:29.144,7.3764
2026-10-06 16:12:51.936,8.6325e-11,Torr,11.small_stm_window_1,spray,11.small_stm_window_1/MassSpecData-02115-20261006-161227.csv,2026-10-06 16:05:29.144,7.379866666666667
2026-10-06 16:12:52.145,7.9973e-11,Torr,11.small_stm_window_1,spray,11.small_stm_window_1/MassSpecData-02115-20261006-161227.csv,2026-10-06 16:05:29.144,7.383349999999999
2026-10-06 16:12:52.353,8.4552e-11,Torr,11.small_stm_window_1,spray,11.small_stm_window_1/MassSpecData-02115-20261006-161227.csv,2026-10-06 16:05:29.144,7.386816666666666
2026-10-06 16:12:52.561,9.1745e-11,Torr,11.small_stm_window_1,spray,11.small_stm_window_1/MassSpecData-02115-20261006-161227.csv,2026-10-06 16:05:29.144,7.390283333333333
2026-10-06 16:12:52.770,8.0306e-11,Torr,11.small_stm_window_1,spray,11.small_stm_window_1/MassSpecData-02115-20261006-161227.csv,2026-10-06 16:05:29.144,7.393766666666666
2026-10-06 16:12:52.978,8.1549e-11,Torr,11.small_stm_window_1,spray,11.small_stm_window_1/MassSpecData-02115-20261006-161227.csv,2026-10-06 16:05:29.144,7.397233333333333
2026-10-06 16:12:53.186,7.8346e-11,Torr,11.small_stm_window_1,spray,11.small_stm_window_1/MassSpecData-02115-20261006-161227.csv,2026-10-06 16:05:29.144,7.4007
2026-10-06 16:12:53.395,8.8793e-11,Torr,11.small_stm_window_1,spray,11.small_stm_window_1/MassSpecData-02115-20261006-161227.csv,2026-10-06 16:05:29.144,7.404183333333333
2026-10-06 16:12:53.603,8.1645e-11,Torr,11.small_stm_window_1,spray,11.small_stm_window_1/MassSpecData-02115-20261006-161227.csv,2026-10-06 16:05:29.144,7.40765
2026-10-06 16:12:53.811,9.2964e-11,Torr,11.small_stm_window_1,spray,11.small_stm_window_1/MassSpecData-02115-20261006-161227.csv,2026-10-06 16:05:29.144,7.411116666666667
2026-10-06 16:12:54.020,9.4149e-11,Torr,11.small_stm_window_1,spray,11.small_stm_window_1/MassSpecData-02115-20261006-161227.csv,2026-10-06 16:05:29.144,7.414599999999999
2026-10-06 16:12:54.228,9.6961e-11,Torr,11.small_stm_window_1,spray,11.small_stm_window_1/MassSpecData-02115-20261006-161227.csv,2026-10-06 16:05:29.144,7.418066666666666
2026-10-06 16:12:54.436,9.375e-11,Torr,11.small_stm_window_1,spray,11.small_stm_window_1/MassSpecData-02115-20261006-161227.csv,2026-10-06 16:05:29.144,7.421533333333333
2026-10-06 16:12:54.645,7.5447e-11,Torr,11.small_stm_window_1,spray,11.small_stm_window_1/MassSpecData-02115-20261006-161227.csv,2026-10-06 16:05:29.144,7.425016666666666
2026-10-06 16:12:54.853,8.2674e-11,Torr,11.small_stm_window_1,spray,11.small_stm_window_1/MassSpecData-02115-20261006-161227.csv,2026-10-06 16:05:29.144,7.428483333333333
2026-10-06 16:12:55.061,8.7787e-11,Torr,11.small_stm_window_1,spray,11.small_stm_window_1/MassSpecData-02115-20261006-161227.csv,2026-10-06 16:05:29.144,7.43195
2026-10-06 16:12:55.270,9.0621e-11,Torr,11.small_stm_window_1,spray,11.small_stm_window_1/MassSpecData-02115-20261006-161227.csv,2026-10-06 16:05:29.144,7.435433333333333
2026-10-06 16:12:55.478,7.3972e-11,Torr,11.small_stm_window_1,spray,11.small_stm_window_1/MassSpecData-02115-20261006-161227.csv,2026-10-06 16:05:29.144,7.4389
2026-10-06 16:12:55.686,9.7366e-11,Torr,11.small_stm_window_1,spray,11.small_stm_window_1/MassSpecData-02115-20261006-161227.csv,2026-10-06 16:05:29.144,7.442366666666667
2026-10-06 16:12:55.895,8.1489e-11,Torr,11.small_stm_window_1,spray,11.small_stm_window_1/MassSpecData-02115-20261006-161227.csv,2026-10-06 16:05:29.144,7.445849999999999
2026-10-06 16:12:56.103,9.8534e-11,Torr,11.small_stm_window_1,spray,11.small_stm_window_1/MassSpecData-02115-20261006-161227.csv,2026-10-06 16:05:29.144,7.449316666666666
2026-10-06 16:12:56.311,8.3793e-11,Torr,11.small_stm_window_1,spray,11.small_stm_window_1/MassSpecData-02115-20261006-161227.csv,2026-10-06 16:05:29.144,7.452783333333333
2026-10-06 16:12:56.520,7.4946e-11,Torr,11.small_stm_window_1,spray,11.small_stm_window_1/MassSpecData-02115-20261006-161227.csv,2026-10-06 16:05:29.144,7.456266666666666
2026-10-06 16:12:56.728,7.8158e-11,Torr,11.small_stm_window_1,spray,11.small_stm_window_1/MassSpecData-02115-20261006-161227.csv,2026-10-06 16:05:29.144,7.459733333333333
2026-10-06 16:12:56.936,8.345e-11,Torr,11.small_stm_window_1,spray,11.small_stm_window_1/MassSpecData-02115-20261006-161227.csv,2026-10-06 16:05:29.144,7.4632
2026-10-06 16:12:57.145,9.1243e-11,Torr,11.small_stm_window_1,spray,11.small_stm_window_1/MassSpecData-02115-20261006-161227.csv,2026-10-06 16:05:29.144,7.466683333333333
2026-10-06 16:12:57.353,6.7514e-11,Torr,11.small_stm_window_1,spray,11.small_stm_window_1/MassSpecData-02115-20261006-161227.csv,2026-10-06 16:05:29.144,7.47015
2026-10-06 16:12:57.561,7.8933e-11,Torr,11.small_stm_window_1,spray,11.small_stm_window_1/MassSpecData-02115-20261006-161227.csv,2026-10-06 16:05:29.144,7.473616666666667
2026-10-06 16:12:57.770,9.5379e-11,Torr,11.small_stm_window_1,spray,11.small_stm_window_1/MassSpecData-02115-20261006-161227.csv,2026-10-06 16:05:29.144,7.477099999999999
2026-10-06 16:12:57.978,9.0973e-11,Torr,11.small_stm_window_1,spray,11.small_stm_window_1/MassSpecData-02115-20261006-161227.csv,2026-10-06 16:05:29.144,7.480566666666666
2026-10-06 16:12:58.186,7.248e-11,Torr,11.small_stm_window_1,spray,11.small_stm_window_1/MassSpecData-02115-20261006-161227.csv,2026-10-06 16:05:29.144,7.484033333333333
2026-10-06 16:12:58.395,1.0812e-10,Torr,11.small_stm_window_1,spray,11.small_stm_window_1/MassSpecData-02115-20261006-161227.csv,2026-10-06 16:05:29.144,7.487516666666666
2026-10-06 16:12:58.603,9.8351e-11,Torr,11.small_stm_window_1,spray,11.small_stm_window_1/MassSpecData-02115-20261006-161227.csv,2026-10-06 16:05:29.144,7.490983333333333
2026-10-06 16:12:58.811,8.6297e-11,Torr,11.small_stm_window_1,spray,11.small_stm_window_1/MassSpecData-02115-20261006-161227.csv,2026-10-06 16:05:29.144,7.49445
2026-10-06 16:12:59.020,8.473e-11,Torr,11.small_stm_window_1,spray,11.small_stm_window_1/MassSpecData-02115-20261006-161227.csv,2026-10-06 16:05:29.144,7.497933333333333
2026-10-06 16:12:59.228,7.9532e-11,Torr,11.small_stm_window_1,spray,11.small_stm_window_1/MassSpecData-02115-20261006-161227.csv,2026-10-06 16:05:29.144,7.5014
2026-10-06 16:12:59.436,7.6807e-11,Torr,11.small_stm_window_1,spray,11.small_stm_window_1/MassSpecData-02115-20261006-161227.csv,2026-10-06 16:05:29.144,7.504866666666667
2026-10-06 16:12:59.645,6.7044e-11,Torr,11.small_stm_window_1,spray,11.small_stm_window_1/MassSpecData-02115-20261006-161227.csv,2026-10-06 16:05:29.144,7.508349999999999
2026-10-06 16:12:59.853,7.7194e-11,Torr,11.small_stm_window_1,spray,11.small_stm_window_1/MassSpecData-02115-20261006-161227.csv,2026-10-06 16:05:29.144,7.511816666666666
2026-10-06 16:13:00.061,6.9793e-11,Torr,11.small_stm_window_1,spray,11.small_stm_window_1/MassSpecData-02115-20261006-161227.csv,2026-10-06 16:05:29.144,7.515283333333333
2026-10-06 16:13:00.270,8.5305e-11,Torr,11.small_stm_window_1,spray,11.small_stm_window_1/MassSpecData-02115-20261006-161227.csv,2026-10-06 16:05:29.144,7.518766666666666
2026-10-06 16:13:00.478,7.6751e-11,Torr,11.small_stm_window_1,spray,11.small_stm_window_1/MassSpecData-02115-20261006-161227.csv,2026-10-06 16:05:29.144,7.522233333333333
2026-10-06 16:13:00.686,8.2274e-11,Torr,11.small_stm_window_1,spray,11.small_stm_window_1/MassSpecData-02115-20261006-161227.csv,2026-10-06 16:05:29.144,7.5257
2026-10-06 16:13:00.895,7.7361e-11,Torr,11.small_stm_window_1,spray,11.small_stm_window_1/MassSpecData-02115-20261006-161227.csv,2026-10-06 16:05:29.144,7.529183333333333
2026-10-06 16:13:01.103,9.5307e-11,Torr,11.small_stm_window_1,spray,11.small_stm_window_1/MassSpecData-02115-20261006-161227.csv,2026-10-06 16:05:29.144,7.53265
2026-10-06 16:13:01.311,1.1103e-10,Torr,11.small_stm_window_1,spray,11.small_stm_window_1/MassSpecData-02115-20261006-161227.csv,2026-10-06 16:05:29.144,7.536116666666667
2026-10-06 16:13:01.520,8.442e-11,Torr,11.small_stm_window_1,spray,11.small_stm_window_1/MassSpecData-02115-20261006-161227.csv,2026-10-06 16:05:29.144,7.539599999999999
2026-10-06 16:13:01.728,1.0393e-10,Torr,11.small_stm_window_1,spray,11.small_stm_window_1/MassSpecData-02115-20261006-161227.csv,2026-10-06 16:05:29.144,7.543066666666666
2026-10-06 16:13:01.936,8.4912e-11,Torr,11.small_stm_window_1,spray,11.small_stm_window_1/MassSpecData-02115-20261006-161227.csv,2026-10-06 16:05:29.144,7.546533333333333
2026-10-06 16:13:02.145,8.8038e-11,Torr,11.small_stm_window_1,spray,11.small_stm_window_1/MassSpecData-02115-20261006-161227.csv,2026-10-06 16:05:29.144,7.550016666666666
2026-10-06 16:13:02.353,8.3202e-11,Torr,11.small_stm_window_1,spray,11.small_stm_window_1/MassSpecData-02115-20261006-161227.csv,2026-10-06 16:05:29.144,7.553483333333333
2026-10-06 16:13:02.561,1.0122e-10,Torr,11.small_stm_window_1,spray,11.small_stm_window_1/MassSpecData-02115-20261006-161227.csv,2026-10-06 16:05:29.144,7.55695
2026-10-06 16:13:02.770,9.0099e-11,Torr,11.small_stm_window_1,spray,11.small_stm_window_1/MassSpecData-02115-20261006-161227.csv,2026-10-06 16:05:29.144,7.560433333333333
2026-10-06 16:13:02.978,1.0189e-10,Torr,11.small_stm_window_1,spray,11.small_stm_window_1/MassSpecData-02115-20261006-161227.csv,2026-10-06 16:05:29.144,7.5639
2026-10-06 16:13:03.186,7.97e-11,Torr,11.small_stm_window_1,spray,11.small_stm_window_1/MassSpecData-02115-20261006-161227.csv,2026-10-06 16:05:29.144,7.567366666666667
2026-10-06 16:13:03.395,8.9458e-11,Torr,11.small_stm_window_1,spray,11.small_stm_window_1/MassSpecData-02115-20261006-161227.csv,2026-10-06 16:05:29.144,7.570849999999999
2026-10-06 16:13:03.603,9.5468e-11,Torr,11.small_stm_window_1,spray,11.small_stm_window_1/MassSpecData-02115-20261006-161227.csv,2026-10-06 16:05:29.144,7.574316666666666
2026-10-06 16:13:03.811,8.0872e-11,Torr,11.small_stm_window_1,spray,11.small_stm_window_1/MassSpecData-02115-20261006-161227.csv,2026-10-06 16:05:29.144,7.577783333333333
2026-10-06 16:13:04.020,9.7568e-11,Torr,11.small_stm_window_1,spray,11.small_stm_window_1/MassSpecData-02115-20261006-161227.csv,2026-10-06 16:05:29.144,7.581266666666666
2026-10-06 16:13:04.228,9.4888e-11,Torr,11.small_stm_window_1,spray,11.small_stm_window_1/MassSpecData-02115-20261006-161227.csv,2026-10-06 16:05:29.144,7.584733333333333
2026-10-06 16:13:04.436,8.4771e-11,Torr,11.small_stm_window_1,spray,11.small_stm_window_1/MassSpecData-02115-20261006-161227.csv,2026-10-06 16:05:29.144,7.5882
2026-10-06 16:13:04.645,7.6411e-11,Torr,11.small_stm_window_1,spray,11.small_stm_window_1/MassSpecData-02115-20261006-161227.csv,2026-10-06 16:05:29.144,7.591683333333333
2026-10-06 16:13:04.853,8.9334e-11,Torr,11.small_stm_window_1,spray,11.small_stm_window_1/MassSpecData-02115-20261006-161227.csv,2026-10-06 16:05:29.144,7.59515
2026-10-06 16:13:05.062,7.1461e-11,Torr,11.small_stm_window_1,spray,11.small_stm_window_1/MassSpecData-02115-20261006-161227.csv,2026-10-06 16:05:29.144,7.598633333333334
2026-10-06 16:13:05.270,8.8945e-11,Torr,11.small_stm_window_1,spray,11.small_stm_window_1/MassSpecData-02115-20261006-161227.csv,2026-10-06 16:05:29.144,7.602099999999999
2026-10-06 16:13:05.478,8.331e-11,Torr,11.small_stm_window_1,spray,11.small_stm_window_1/MassSpecData-02115-20261006-161227.csv,2026-10-06 16:05:29.144,7.605566666666666
2026-10-06 16:13:05.687,9.2868e-11,Torr,11.small_stm_window_1,spray,11.small_stm_window_1/MassSpecData-02115-20261006-161227.csv,2026-10-06 16:05:29.144,7.60905
2026-10-06 16:13:05.895,8.5406e-11,Torr,11.small_stm_window_1,spray,11.small_stm_window_1/MassSpecData-02115-20261006-161227.csv,2026-10-06 16:05:29.144,7.612516666666666
2026-10-06 16:13:06.103,8.0702e-11,Torr,11.small_stm_window_1,spray,11.small_stm_window_1/MassSpecData-02115-20261006-161227.csv,2026-10-06 16:05:29.144,7.615983333333333
2026-10-06 16:13:06.312,8.3503e-11,Torr,11.small_stm_window_1,spray,11.small_stm_window_1/MassSpecData-02115-20261006-161227.csv,2026-10-06 16:05:29.144,7.619466666666667
2026-10-06 16:13:06.520,7.1948e-11,Torr,11.small_stm_window_1,spray,11.small_stm_window_1/MassSpecData-02115-20261006-161227.csv,2026-10-06 16:05:29.144,7.622933333333333
2026-10-06 16:13:06.728,7.605e-11,Torr,11.small_stm_window_1,spray,11.small_stm_window_1/MassSpecData-02115-20261006-161227.csv,2026-10-06 16:05:29.144,7.6264
2026-10-06 16:13:06.937,7.8894e-11,Torr,11.small_stm_window_1,spray,11.small_stm_window_1/MassSpecData-02115-20261006-161227.csv,2026-10-06 16:05:29.144,7.629883333333334
2026-10-06 16:13:07.145,9.3352e-11,Torr,11.small_stm_window_1,spray,11.small_stm_window_1/MassSpecData-02115-20261006-161227.csv,2026-10-06 16:05:29.144,7.633349999999999
2026-10-06 16:13:07.353,8.8029e-11,Torr,11.small_stm_window_1,spray,11.small_stm_window_1/MassSpecData-02115-20261006-161227.csv,2026-10-06 16:05:29.144,7.636816666666666
2026-10-06 16:13:07.562,8.3374e-11,Torr,11.small_stm_window_1,spray,11.small_stm_window_1/MassSpecData-02115-20261006-161227.csv,2026-10-06 16:05:29.144,7.6403
2026-10-06 16:13:07.770,8.0103e-11,Torr,11.small_stm_window_1,spray,11.small_stm_window_1/MassSpecData-02115-20261006-161227.csv,2026-10-06 16:05:29.144,7.643766666666666
2026-10-06 16:13:07.978,9.1502e-11,Torr,11.small_stm_window_1,spray,11.small_stm_window_1/MassSpecData-02115-20261006-161227.csv,2026-10-06 16:05:29.144,7.647233333333333
2026-10-06 16:13:08.187,7.5081e-11,Torr,11.small_stm_window_1,spray,11.small_stm_window_1/MassSpecData-02115-20261006-161227.csv,2026-10-06 16:05:29.144,7.650716666666667
2026-10-06 16:13:08.395,8.4232e-11,Torr,11.small_stm_window_1,spray,11.small_stm_window_1/MassSpecData-02115-20261006-161227.csv,2026-10-06 16:05:29.144,7.654183333333333
2026-10-06 16:13:08.603,8.5261e-11,Torr,11.small_stm_window_1,spray,11.small_stm_window_1/MassSpecData-02115-20261006-161227.csv,2026-10-06 16:05:29.144,7.65765
2026-10-06 16:13:08.880,6.8069e-11,Torr,11.small_stm_window_1,spray,11.small_stm_window_1/MassSpecData-02115-20261006-161308.csv,2026-10-06 16:05:29.144,7.662266666666667
2026-10-06 16:13:09.088,7.8466e-11,Torr,11.small_stm_window_1,spray,11.small_stm_window_1/MassSpecData-02115-20261006-161308.csv,2026-10-06 16:05:29.144,7.665733333333334
2026-10-06 16:13:09.297,7.7619e-11,Torr,11.small_stm_window_1,spray,11.small_stm_window_1/MassSpecData-02115-20261006-161308.csv,2026-10-06 16:05:29.144,7.669216666666667
2026-10-06 16:13:09.505,8.5567e-11,Torr,11.small_stm_window_1,spray,11.small_stm_window_1/MassSpecData-02115-20261006-161308.csv,2026-10-06 16:05:29.144,7.6726833333333335
2026-10-06 16:13:09.713,7.8558e-11,Torr,11.small_stm_window_1,spray,11.small_stm_window_1/MassSpecData-02115-20261006-161308.csv,2026-10-06 16:05:29.144,7.676150000000001
2026-10-06 16:13:09.922,6.8711e-11,Torr,11.small_stm_window_1,spray,11.small_stm_window_1/MassSpecData-02115-20261006-161308.csv,2026-10-06 16:05:29.144,7.679633333333333
2026-10-06 16:13:10.130,7.8406e-11,Torr,11.small_stm_window_1,spray,11.small_stm_window_1/MassSpecData-02115-20261006-161308.csv,2026-10-06 16:05:29.144,7.6831
2026-10-06 16:13:10.338,8.558e-11,Torr,11.small_stm_window_1,spray,11.small_stm_window_1/MassSpecData-02115-20261006-161308.csv,2026-10-06 16:05:29.144,7.686566666666667
2026-10-06 16:13:10.546,1.0443e-10,Torr,11.small_stm_window_1,spray,11.small_stm_window_1/MassSpecData-02115-20261006-161308.csv,2026-10-06 16:05:29.144,7.690033333333333
2026-10-06 16:13:10.755,9.4927e-11,Torr,11.small_stm_window_1,spray,11.small_stm_window_1/MassSpecData-02115-20261006-161308.csv,2026-10-06 16:05:29.144,7.693516666666667
2026-10-06 16:13:10.963,8.7869e-11,Torr,11.small_stm_window_1,spray,11.small_stm_window_1/MassSpecData-02115-20261006-161308.csv,2026-10-06 16:05:29.144,7.696983333333334
2026-10-06 16:13:11.172,7.6039e-11,Torr,11.small_stm_window_1,spray,11.small_stm_window_1/MassSpecData-02115-20261006-161308.csv,2026-10-06 16:05:29.144,7.700466666666667
2026-10-06 16:13:11.380,8.9572e-11,Torr,11.small_stm_window_1,spray,11.small_stm_window_1/MassSpecData-02115-20261006-161308.csv,2026-10-06 16:05:29.144,7.7039333333333335
2026-10-06 16:13:11.588,8.1882e-11,Torr,11.small_stm_window_1,spray,11.small_stm_window_1/MassSpecData-02115-20261006-161308.csv,2026-10-06 16:05:29.144,7.707400000000001
2026-10-06 16:13:11.797,9.1019e-11,Torr,11.small_stm_window_1,spray,11.small_stm_window_1/MassSpecData-02115-20261006-161308.csv,2026-10-06 16:05:29.144,7.710883333333333
2026-10-06 16:13:12.005,7.5259e-11,Torr,11.small_stm_window_1,spray,11.small_stm_window_1/MassSpecData-02115-20261006-161308.csv,2026-10-06 16:05:29.144,7.71435
2026-10-06 16:13:12.213,9.6692e-11,Torr,11.small_stm_window_1,spray,11.small_stm_window_1/MassSpecData-02115-20261006-161308.csv,2026-10-06 16:05:29.144,7.717816666666667
2026-10-06 16:13:12.422,6.9724e-11,Torr,11.small_stm_window_1,spray,11.small_stm_window_1/MassSpecData-02115-20261006-161308.csv,2026-10-06 16:05:29.144,7.7213
2026-10-06 16:13:12.630,8.2688e-11,Torr,11.small_stm_window_1,spray,11.small_stm_window_1/MassSpecData-02115-20261006-161308.csv,2026-10-06 16:05:29.144,7.724766666666667
2026-10-06 16:13:12.838,8.061e-11,Torr,11.small_stm_window_1,spray,11.small_stm_window_1/MassSpecData-02115-20261006-161308.csv,2026-10-06 16:05:29.144,7.728233333333334
2026-10-06 16:13:13.047,7.8004e-11,Torr,11.small_stm_window_1,spray,11.small_stm_window_1/MassSpecData-02115-20261006-161308.csv,2026-10-06 16:05:29.144,7.731716666666667
2026-10-06 16:13:13.255,9.7391e-11,Torr,11.small_stm_window_1,spray,11.small_stm_window_1/MassSpecData-02115-20261006-161308.csv,2026-10-06 16:05:29.144,7.7351833333333335
2026-10-06 16:13:13.463,8.2839e-11,Torr,11.small_stm_window_1,spray,11.small_stm_window_1/MassSpecData-02115-20261006-161308.csv,2026-10-06 16:05:29.144,7.738650000000001
2026-10-06 16:13:13.672,8.1811e-11,Torr,11.small_stm_window_1,spray,11.small_stm_window_1/MassSpecData-02115-20261006-161308.csv,2026-10-06 16:05:29.144,7.742133333333333
2026-10-06 16:13:13.880,8.1703e-11,Torr,11.small_stm_window_1,spray,11.small_stm_window_1/MassSpecData-02115-20261006-161308.csv,2026-10-06 16:05:29.144,7.7456
2026-10-06 16:13:14.088,7.6647e-11,Torr,11.small_stm_window_1,spray,11.small_stm_window_1/MassSpecData-02115-20261006-161308.csv,2026-10-06 16:05:29.144,7.749066666666667
2026-10-06 16:13:14.296,6.6488e-11,Torr,11.small_stm_window_1,spray,11.small_stm_window_1/MassSpecData-02115-20261006-161308.csv,2026-10-06 16:05:29.144,7.752533333333333
2026-10-06 16:13:14.505,8.285e-11,Torr,11.small_stm_window_1,spray,11.small_stm_window_1/MassSpecData-02115-20261006-161308.csv,2026-10-06 16:05:29.144,7.756016666666667
2026-10-06 16:13:14.713,8.5499e-11,Torr,11.small_stm_window_1,spray,11.small_stm_window_1/MassSpecData-02115-20261006-161308.csv,2026-10-06 16:05:29.144,7.759483333333334
2026-10-06 16:13:14.921,8.0337e-11,Torr,11.small_stm_window_1,spray,11.small_stm_window_1/MassSpecData-02115-20261006-161308.csv,2026-10-06 16:05:29.144,7.76295
2026-10-06 16:13:15.130,8.3571e-11,Torr,11.small_stm_window_1,spray,11.small_stm_window_1/MassSpecData-02115-20261006-161308.csv,2026-10-06 16:05:29.144,7.7664333333333335
2026-10-06 16:13:15.338,8.357e-11,Torr,11.small_stm_window_1,spray,11.small_stm_window_1/MassSpecData-02115-20261006-161308.csv,2026-10-06 16:05:29.144,7.769900000000001
2026-10-06 16:13:15.546,8.3876e-11,Torr,11.small_stm_window_1,spray,11.small_stm_window_1/MassSpecData-02115-20261006-161308.csv,2026-10-06 16:05:29.144,7.773366666666666
2026-10-06 16:13:15.755,9.3429e-11,Torr,11.small_stm_window_1,spray,11.small_stm_window_1/MassSpecData-02115-20261006-161308.csv,2026-10-06 16:05:29.144,7.77685
2026-10-06 16:13:15.963,9.5073e-11,Torr,11.small_stm_window_1,spray,11.small_stm_window_1/MassSpecData-02115-20261006-161308.csv,2026-10-06 16:05:29.144,7.780316666666667
2026-10-06 16:13:16.171,8.6955e-11,Torr,11.small_stm_window_1,spray,11.small_stm_window_1/MassSpecData-02115-20261006-161308.csv,2026-10-06 16:05:29.144,7.783783333333333
2026-10-06 16:13:16.380,8.5006e-11,Torr,11.small_stm_window_1,spray,11.small_stm_window_1/MassSpecData-02115-20261006-161308.csv,2026-10-06 16:05:29.144,7.787266666666667
2026-10-06 16:13:16.588,8.2718e-11,Torr,11.small_stm_window_1,spray,11.small_stm_window_1/MassSpecData-02115-20261006-161308.csv,2026-10-06 16:05:29.144,7.790733333333334
2026-10-06 16:13:16.796,9.3948e-11,Torr,11.small_stm_window_1,spray,11.small_stm_window_1/MassSpecData-02115-20261006-161308.csv,2026-10-06 16:05:29.144,7.7942
2026-10-06 16:13:17.005,8.6433e-11,Torr,11.small_stm_window_1,spray,11.small_stm_window_1/MassSpecData-02115-20261006-161308.csv,2026-10-06 16:05:29.144,7.7976833333333335
2026-10-06 16:13:17.213,7.7966e-11,Torr,11.small_stm_window_1,spray,11.small_stm_window_1/MassSpecData-02115-20261006-161308.csv,2026-10-06 16:05:29.144,7.801150000000001
2026-10-06 16:13:17.421,6.7252e-11,Torr,11.small_stm_window_1,spray,11.small_stm_window_1/MassSpecData-02115-20261006-161308.csv,2026-10-06 16:05:29.144,7.804616666666666
2026-10-06 16:13:17.630,9.7674e-11,Torr,11.small_stm_window_1,spray,11.small_stm_window_1/MassSpecData-02115-20261006-161308.csv,2026-10-06 16:05:29.144,7.8081
2026-10-06 16:13:17.838,7.9989e-11,Torr,11.small_stm_window_1,spray,11.small_stm_window_1/MassSpecData-02115-20261006-161308.csv,2026-10-06 16:05:29.144,7.811566666666667
2026-10-06 16:13:18.047,8.7057e-11,Torr,11.small_stm_window_1,spray,11.small_stm_window_1/MassSpecData-02115-20261006-161308.csv,2026-10-06 16:05:29.144,7.81505
2026-10-06 16:13:18.255,7.543e-11,Torr,11.small_stm_window_1,spray,11.small_stm_window_1/MassSpecData-02115-20261006-161308.csv,2026-10-06 16:05:29.144,7.818516666666667
2026-10-06 16:13:18.463,8.6054e-11,Torr,11.small_stm_window_1,spray,11.small_stm_window_1/MassSpecData-02115-20261006-161308.csv,2026-10-06 16:05:29.144,7.821983333333334
2026-10-06 16:13:18.672,8.5942e-11,Torr,11.small_stm_window_1,spray,11.small_stm_window_1/MassSpecData-02115-20261006-161308.csv,2026-10-06 16:05:29.144,7.825466666666667
2026-10-06 16:13:18.880,8.3903e-11,Torr,11.small_stm_window_1,spray,11.small_stm_window_1/MassSpecData-02115-20261006-161308.csv,2026-10-06 16:05:29.144,7.8289333333333335
2026-10-06 16:13:19.088,7.5084e-11,Torr,11.small_stm_window_1,spray,11.small_stm_window_1/MassSpecData-02115-20261006-161308.csv,2026-10-06 16:05:29.144,7.832400000000001
2026-10-06 16:13:19.297,8.8465e-11,Torr,11.small_stm_window_1,spray,11.small_stm_window_1/MassSpecData-02115-20261006-161308.csv,2026-10-06 16:05:29.144,7.835883333333333
2026-10-06 16:13:19.505,8.2204e-11,Torr,11.small_stm_window_1,spray,11.small_stm_window_1/MassSpecData-02115-20261006-161308.csv,2026-10-06 16:05:29.144,7.83935
2026-10-06 16:13:19.713,7.0019e-11,Torr,11.small_stm_window_1,spray,11.small_stm_window_1/MassSpecData-02115-20261006-161308.csv,2026-10-06 16:05:29.144,7.842816666666667
2026-10-06 16:13:19.922,8.0251e-11,Torr,11.small_stm_window_1,spray,11.small_stm_window_1/MassSpecData-02115-20261006-161308.csv,2026-10-06 16:05:29.144,7.8463
2026-10-06 16:13:20.130,8.345e-11,Torr,11.small_stm_window_1,spray,11.small_stm_window_1/MassSpecData-02115-20261006-161308.csv,2026-10-06 16:05:29.144,7.849766666666667
2026-10-06 16:13:20.338,8.7955e-11,Torr,11.small_stm_window_1,spray,11.small_stm_window_1/MassSpecData-02115-20261006-161308.csv,2026-10-06 16:05:29.144,7.853233333333334
2026-10-06 16:13:20.547,9.0123e-11,Torr,11.small_stm_window_1,spray,11.small_stm_window_1/MassSpecData-02115-20261006-161308.csv,2026-10-06 16:05:29.144,7.856716666666667
2026-10-06 16:13:20.755,7.7717e-11,Torr,11.small_stm_window_1,spray,11.small_stm_window_1/MassSpecData-02115-20261006-161308.csv,2026-10-06 16:05:29.144,7.8601833333333335
2026-10-06 16:13:20.963,9.2683e-11,Torr,11.small_stm_window_1,spray,11.small_stm_window_1/MassSpecData-02115-20261006-161308.csv,2026-10-06 16:05:29.144,7.863650000000001
2026-10-06 16:13:21.172,7.5941e-11,Torr,11.small_stm_window_1,spray,11.small_stm_window_1/MassSpecData-02115-20261006-161308.csv,2026-10-06 16:05:29.144,7.867133333333333
2026-10-06 16:13:21.380,7.6857e-11,Torr,11.small_stm_window_1,spray,11.small_stm_window_1/MassSpecData-02115-20261006-161308.csv,2026-10-06 16:05:29.144,7.8706
2026-10-06 16:13:21.588,7.9813e-11,Torr,11.small_stm_window_1,spray,11.small_stm_window_1/MassSpecData-02115-20261006-161308.csv,2026-10-06 16:05:29.144,7.874066666666667
2026-10-06 16:13:21.797,7.4014e-11,Torr,11.small_stm_window_1,spray,11.small_stm_window_1/MassSpecData-02115-20261006-161308.csv,2026-10-06 16:05:29.144,7.87755
2026-10-06 16:13:22.005,7.1859e-11,Torr,11.small_stm_window_1,spray,11.small_stm_window_1/MassSpecData-02115-20261006-161308.csv,2026-10-06 16:05:29.144,7.881016666666667
2026-10-06 16:13:22.213,7.9967e-11,Torr,11.small_stm_window_1,spray,11.small_stm_window_1/MassSpecData-02115-20261006-161308.csv,2026-10-06 16:05:29.144,7.884483333333334
2026-10-06 16:13:22.422,8.7495e-11,Torr,11.small_stm_window_1,spray,11.small_stm_window_1/MassSpecData-02115-20261006-161308.csv,2026-10-06 16:05:29.144,7.887966666666667
2026-10-06 16:13:22.630,9.296e-11,Torr,11.small_stm_window_1,spray,11.small_stm_window_1/MassSpecData-02115-20261006-161308.csv,2026-10-06 16:05:29.144,7.8914333333333335
2026-10-06 16:13:22.838,8.8486e-11,Torr,11.small_stm_window_1,spray,11.small_stm_window_1/MassSpecData-02115-20261006-161308.csv,2026-10-06 16:05:29.144,7.894900000000001
2026-10-06 16:13:23.047,7.6517e-11,Torr,11.small_stm_window_1,spray,11.small_stm_window_1/MassSpecData-02115-20261006-161308.csv,2026-10-06 16:05:29.144,7.898383333333333
2026-10-06 16:13:23.255,8.5367e-11,Torr,11.small_stm_window_1,spray,11.small_stm_window_1/MassSpecData-02115-20261006-161308.csv,2026-10-06 16:05:29.144,7.90185
2026-10-06 16:13:23.463,7.8059e-11,Torr,11.small_stm_window_1,spray,11.small_stm_window_1/MassSpecData-02115-20261006-161308.csv,2026-10-06 16:05:29.144,7.905316666666667
2026-10-06 16:13:23.672,9.0665e-11,Torr,11.small_stm_window_1,spray,11.small_stm_window_1/MassSpecData-02115-20261006-161308.csv,2026-10-06 16:05:29.144,7.9088
2026-10-06 16:13:23.880,7.8713e-11,Torr,11.small_stm_window_1,spray,11.small_stm_window_1/MassSpecData-02115-20261006-161308.csv,2026-10-06 16:05:29.144,7.912266666666667
2026-10-06 16:13:24.088,8.0012e-11,Torr,11.small_stm_window_1,spray,11.small_stm_window_1/MassSpecData-02115-20261006-161308.csv,2026-10-06 16:05:29.144,7.915733333333334
2026-10-06 16:13:24.297,9.6256e-11,Torr,11.small_stm_window_1,spray,11.small_stm_window_1/MassSpecData-02115-20261006-161308.csv,2026-10-06 16:05:29.144,7.919216666666667
2026-10-06 16:13:24.505,7.4494e-11,Torr,11.small_stm_window_1,spray,11.small_stm_window_1/MassSpecData-02115-20261006-161308.csv,2026-10-06 16:05:29.144,7.9226833333333335
2026-10-06 16:13:24.713,8.2696e-11,Torr,11.small_stm_window_1,spray,11.small_stm_window_1/MassSpecData-02115-20261006-161308.csv,2026-10-06 16:05:29.144,7.926150000000001
2026-10-06 16:13:24.922,9.2175e-11,Torr,11.small_stm_window_1,spray,11.small_stm_window_1/MassSpecData-02115-20261006-161308.csv,2026-10-06 16:05:29.144,7.929633333333333
2026-10-06 16:13:25.130,7.9356e-11,Torr,11.small_stm_window_1,spray,11.small_stm_window_1/MassSpecData-02115-20261006-161308.csv,2026-10-06 16:05:29.144,7.9331
2026-10-06 16:13:25.338,7.5015e-11,Torr,11.small_stm_window_1,spray,11.small_stm_window_1/MassSpecData-02115-20261006-161308.csv,2026-10-06 16:05:29.144,7.936566666666667
2026-10-06 16:13:25.547,9.2618e-11,Torr,11.small_stm_window_1,spray,11.small_stm_window_1/MassSpecData-02115-20261006-161308.csv,2026-10-06 16:05:29.144,7.94005
2026-10-06 16:13:25.755,1.0337e-10,Torr,11.small_stm_window_1,spray,11.small_stm_window_1/MassSpecData-02115-20261006-161308.csv,2026-10-06 16:05:29.144,7.943516666666667
2026-10-06 16:13:25.963,7.0521e-11,Torr,11.small_stm_window_1,spray,11.small_stm_window_1/MassSpecData-02115-20261006-161308.csv,2026-10-06 16:05:29.144,7.946983333333334
2026-10-06 16:13:26.172,8.1428e-11,Torr,11.small_stm_window_1,spray,11.small_stm_window_1/MassSpecData-02115-20261006-161308.csv,2026-10-06 16:05:29.144,7.950466666666667
2026-10-06 16:13:26.380,9.1022e-11,Torr,11.small_stm_window_1,spray,11.small_stm_window_1/MassSpecData-02115-20261006-161308.csv,2026-10-06 16:05:29.144,7.9539333333333335
2026-10-06 16:13:26.588,8.9905e-11,Torr,11.small_stm_window_1,spray,11.small_stm_window_1/MassSpecData-02115-20261006-161308.csv,2026-10-06 16:05:29.144,7.957400000000001
2026-10-06 16:13:26.797,8.3581e-11,Torr,11.small_stm_window_1,spray,11.small_stm_window_1/MassSpecData-02115-20261006-161308.csv,2026-10-06 16:05:29.144,7.960883333333333
2026-10-06 16:13:27.005,8.7302e-11,Torr,11.small_stm_window_1,spray,11.small_stm_window_1/MassSpecData-02115-20261006-161308.csv,2026-10-06 16:05:29.144,7.96435
2026-10-06 16:13:27.213,8.9142e-11,Torr,11.small_stm_window_1,spray,11.small_stm_window_1/MassSpecData-02115-20261006-161308.csv,2026-10-06 16:05:29.144,7.967816666666667
2026-10-06 16:13:27.422,9.0522e-11,Torr,11.small_stm_window_1,spray,11.small_stm_window_1/MassSpecData-02115-20261006-161308.csv,2026-10-06 16:05:29.144,7.9713
2026-10-06 16:13:27.630,7.5893e-11,Torr,11.small_stm_window_1,spray,11.small_stm_window_1/MassSpecData-02115-20261006-161308.csv,2026-10-06 16:05:29.144,7.974766666666667
2026-10-06 16:13:27.838,8.5777e-11,Torr,11.small_stm_window_1,spray,11.small_stm_window_1/MassSpecData-02115-20261006-161308.csv,2026-10-06 16:05:29.144,7.978233333333334
2026-10-06 16:13:28.047,8.4738e-11,Torr,11.small_stm_window_1,spray,11.small_stm_window_1/MassSpecData-02115-20261006-161308.csv,2026-10-06 16:05:29.144,7.981716666666667
2026-10-06 16:13:28.255,9.2883e-11,Torr,11.small_stm_window_1,spray,11.small_stm_window_1/MassSpecData-02115-20261006-161308.csv,2026-10-06 16:05:29.144,7.9851833333333335
2026-10-06 16:13:28.463,7.2126e-11,Torr,11.small_stm_window_1,spray,11.small_stm_window_1/MassSpecData-02115-20261006-161308.csv,2026-10-06 16:05:29.144,7.988650000000001
2026-10-06 16:13:28.671,8.5138e-11,Torr,11.small_stm_window_1,spray,11.small_stm_window_1/MassSpecData-02115-20261006-161308.csv,2026-10-06 16:05:29.144,7.992116666666666
2026-10-06 16:13:28.880,9.6606e-11,Torr,11.small_stm_window_1,spray,11.small_stm_window_1/MassSpecData-02115-20261006-161308.csv,2026-10-06 16:05:29.144,7.9956
2026-10-06 16:13:29.088,8.6143e-11,Torr,11.small_stm_window_1,spray,11.small_stm_window_1/MassSpecData-02115-20261006-161308.csv,2026-10-06 16:05:29.144,7.999066666666667
2026-10-06 16:13:29.296,7.549e-11,Torr,11.small_stm_window_1,spray,11.small_stm_window_1/MassSpecData-02115-20261006-161308.csv,2026-10-06 16:05:29.144,8.002533333333334
2026-10-06 16:13:29.505,9.1637e-11,Torr,11.small_stm_window_1,spray,11.small_stm_window_1/MassSpecData-02115-20261006-161308.csv,2026-10-06 16:05:29.144,8.006016666666666
2026-10-06 16:13:29.713,8.5067e-11,Torr,11.small_stm_window_1,spray,11.small_stm_window_1/MassSpecData-02115-20261006-161308.csv,2026-10-06 16:05:29.144,8.009483333333334
2026-10-06 16:13:29.921,7.2821e-11,Torr,11.small_stm_window_1,spray,11.small_stm_window_1/MassSpecData-02115-20261006-161308.csv,2026-10-06 16:05:29.144,8.01295
2026-10-06 16:13:30.130,7.0637e-11,Torr,11.small_stm_window_1,spray,11.small_stm_window_1/MassSpecData-02115-20261006-161308.csv,2026-10-06 16:05:29.144,8.016433333333334
2026-10-06 16:13:30.338,8.8468e-11,Torr,11.small_stm_window_1,spray,11.small_stm_window_1/MassSpecData-02115-20261006-161308.csv,2026-10-06 16:05:29.144,8.0199
2026-10-06 16:13:30.546,9.2742e-11,Torr,11.small_stm_window_1,spray,11.small_stm_window_1/MassSpecData-02115-20261006-161308.csv,2026-10-06 16:05:29.144,8.023366666666666
2026-10-06 16:13:30.755,9.2779e-11,Torr,11.small_stm_window_1,spray,11.small_stm_window_1/MassSpecData-02115-20261006-161308.csv,2026-10-06 16:05:29.144,8.02685
2026-10-06 16:13:30.963,8.4676e-11,Torr,11.small_stm_window_1,spray,11.small_stm_window_1/MassSpecData-02115-20261006-161308.csv,2026-10-06 16:05:29.144,8.030316666666668
2026-10-06 16:13:31.171,9.245e-11,Torr,11.small_stm_window_1,spray,11.small_stm_window_1/MassSpecData-02115-20261006-161308.csv,2026-10-06 16:05:29.144,8.033783333333334
2026-10-06 16:13:31.380,7.7735e-11,Torr,11.small_stm_window_1,spray,11.small_stm_window_1/MassSpecData-02115-20261006-161308.csv,2026-10-06 16:05:29.144,8.037266666666666
2026-10-06 16:13:31.588,9.3188e-11,Torr,11.small_stm_window_1,spray,11.small_stm_window_1/MassSpecData-02115-20261006-161308.csv,2026-10-06 16:05:29.144,8.040733333333334
2026-10-06 16:13:31.796,8.3586e-11,Torr,11.small_stm_window_1,spray,11.small_stm_window_1/MassSpecData-02115-20261006-161308.csv,2026-10-06 16:05:29.144,8.0442
2026-10-06 16:13:32.005,7.5224e-11,Torr,11.small_stm_window_1,spray,11.small_stm_window_1/MassSpecData-02115-20261006-161308.csv,2026-10-06 16:05:29.144,8.047683333333334
2026-10-06 16:13:32.213,8.7299e-11,Torr,11.small_stm_window_1,spray,11.small_stm_window_1/MassSpecData-02115-20261006-161308.csv,2026-10-06 16:05:29.144,8.05115
2026-10-06 16:13:32.421,8.234e-11,Torr,11.small_stm_window_1,spray,11.small_stm_window_1/MassSpecData-02115-20261006-161308.csv,2026-10-06 16:05:29.144,8.054616666666666
2026-10-06 16:13:32.630,8.7295e-11,Torr,11.small_stm_window_1,spray,11.small_stm_window_1/MassSpecData-02115-20261006-161308.csv,2026-10-06 16:05:29.144,8.0581
2026-10-06 16:13:32.838,7.6351e-11,Torr,11.small_stm_window_1,spray,11.small_stm_window_1/MassSpecData-02115-20261006-161308.csv,2026-10-06 16:05:29.144,8.061566666666668
2026-10-06 16:13:33.046,8.8827e-11,Torr,11.small_stm_window_1,spray,11.small_stm_window_1/MassSpecData-02115-20261006-161308.csv,2026-10-06 16:05:29.144,8.065033333333334
2026-10-06 16:13:33.255,7.9235e-11,Torr,11.small_stm_window_1,spray,11.small_stm_window_1/MassSpecData-02115-20261006-161308.csv,2026-10-06 16:05:29.144,8.068516666666666
2026-10-06 16:13:33.463,8.1714e-11,Torr,11.small_stm_window_1,spray,11.small_stm_window_1/MassSpecData-02115-20261006-161308.csv,2026-10-06 16:05:29.144,8.071983333333334
2026-10-06 16:13:33.671,7.9656e-11,Torr,11.small_stm_window_1,spray,11.small_stm_window_1/MassSpecData-02115-20261006-161308.csv,2026-10-06 16:05:29.144,8.07545
2026-10-06 16:13:33.880,8.0014e-11,Torr,11.small_stm_window_1,spray,11.small_stm_window_1/MassSpecData-02115-20261006-161308.csv,2026-10-06 16:05:29.144,8.078933333333334
2026-10-06 16:13:34.088,7.2937e-11,Torr,11.small_stm_window_1,spray,11.small_stm_window_1/MassSpecData-02115-20261006-161308.csv,2026-10-06 16:05:29.144,8.0824
2026-10-06 16:13:34.296,7.9498e-11,Torr,11.small_stm_window_1,spray,11.small_stm_window_1/MassSpecData-02115-20261006-161308.csv,2026-10-06 16:05:29.144,8.085866666666666
2026-10-06 16:13:34.505,9.8176e-11,Torr,11.small_stm_window_1,spray,11.small_stm_window_1/MassSpecData-02115-20261006-161308.csv,2026-10-06 16:05:29.144,8.08935
2026-10-06 16:13:34.713,7.7934e-11,Torr,11.small_stm_window_1,spray,11.small_stm_window_1/MassSpecData-02115-20261006-161308.csv,2026-10-06 16:05:29.144,8.092816666666668
2026-10-06 16:13:34.921,8.1582e-11,Torr,11.small_stm_window_1,spray,11.small_stm_window_1/MassSpecData-02115-20261006-161308.csv,2026-10-06 16:05:29.144,8.096283333333334
2026-10-06 16:13:35.130,1.0051e-10,Torr,11.small_stm_window_1,spray,11.small_stm_window_1/MassSpecData-02115-20261006-161308.csv,2026-10-06 16:05:29.144,8.099766666666666
2026-10-06 16:13:35.338,7.7246e-11,Torr,11.small_stm_window_1,spray,11.small_stm_window_1/MassSpecData-02115-20261006-161308.csv,2026-10-06 16:05:29.144,8.103233333333334
2026-10-06 16:13:35.546,9.7698e-11,Torr,11.small_stm_window_1,spray,11.small_stm_window_1/MassSpecData-02115-20261006-161308.csv,2026-10-06 16:05:29.144,8.1067
2026-10-06 16:13:35.755,8.5127e-11,Torr,11.small_stm_window_1,spray,11.small_stm_window_1/MassSpecData-02115-20261006-161308.csv,2026-10-06 16:05:29.144,8.110183333333334
2026-10-06 16:13:35.963,9.3106e-11,Torr,11.small_stm_window_1,spray,11.small_stm_window_1/MassSpecData-02115-20261006-161308.csv,2026-10-06 16:05:29.144,8.11365
2026-10-06 16:13:36.171,7.9212e-11,Torr,11.small_stm_window_1,spray,11.small_stm_window_1/MassSpecData-02115-20261006-161308.csv,2026-10-06 16:05:29.144,8.117116666666666
2026-10-06 16:13:36.380,7.7747e-11,Torr,11.small_stm_window_1,spray,11.small_stm_window_1/MassSpecData-02115-20261006-161308.csv,2026-10-06 16:05:29.144,8.1206
2026-10-06 16:13:36.588,8.141e-11,Torr,11.small_stm_window_1,spray,11.small_stm_window_1/MassSpecData-02115-20261006-161308.csv,2026-10-06 16:05:29.144,8.124066666666668
2026-10-06 16:13:36.796,7.9866e-11,Torr,11.small_stm_window_1,spray,11.small_stm_window_1/MassSpecData-02115-20261006-161308.csv,2026-10-06 16:05:29.144,8.127533333333334
2026-10-06 16:13:37.005,9.174e-11,Torr,11.small_stm_window_1,spray,11.small_stm_window_1/MassSpecData-02115-20261006-161308.csv,2026-10-06 16:05:29.144,8.131016666666666
2026-10-06 16:13:37.213,8.9137e-11,Torr,11.small_stm_window_1,spray,11.small_stm_window_1/MassSpecData-02115-20261006-161308.csv,2026-10-06 16:05:29.144,8.134483333333334
2026-10-06 16:13:37.421,8.7131e-11,Torr,11.small_stm_window_1,spray,11.small_stm_window_1/MassSpecData-02115-20261006-161308.csv,2026-10-06 16:05:29.144,8.13795
2026-10-06 16:13:37.630,8.8486e-11,Torr,11.small_stm_window_1,spray,11.small_stm_window_1/MassSpecData-02115-20261006-161308.csv,2026-10-06 16:05:29.144,8.141433333333334
2026-10-06 16:13:37.838,7.9229e-11,Torr,11.small_stm_window_1,spray,11.small_stm_window_1/MassSpecData-02115-20261006-161308.csv,2026-10-06 16:05:29.144,8.1449
2026-10-06 16:13:38.046,9.2344e-11,Torr,11.small_stm_window_1,spray,11.small_stm_window_1/MassSpecData-02115-20261006-161308.csv,2026-10-06 16:05:29.144,8.148366666666666
2026-10-06 16:13:38.255,1.0732e-10,Torr,11.small_stm_window_1,spray,11.small_stm_window_1/MassSpecData-02115-20261006-161308.csv,2026-10-06 16:05:29.144,8.15185
2026-10-06 16:13:38.463,8.3453e-11,Torr,11.small_stm_window_1,spray,11.small_stm_window_1/MassSpecData-02115-20261006-161308.csv,2026-10-06 16:05:29.144,8.155316666666668
2026-10-06 16:13:38.671,9.6773e-11,Torr,11.small_stm_window_1,spray,11.small_stm_window_1/MassSpecData-02115-20261006-161308.csv,2026-10-06 16:05:29.144,8.158783333333334
2026-10-06 16:13:38.880,8.2305e-11,Torr,11.small_stm_window_1,spray,11.small_stm_window_1/MassSpecData-02115-20261006-161308.csv,2026-10-06 16:05:29.144,8.162266666666666
2026-10-06 16:13:39.088,8.5637e-11,Torr,11.small_stm_window_1,spray,11.small_stm_window_1/MassSpecData-02115-20261006-161308.csv,2026-10-06 16:05:29.144,8.165733333333334
2026-10-06 16:13:39.296,8.1422e-11,Torr,11.small_stm_window_1,spray,11.small_stm_window_1/MassSpecData-02115-20261006-161308.csv,2026-10-06 16:05:29.144,8.1692
2026-10-06 16:13:39.505,8.7568e-11,Torr,11.small_stm_window_1,spray,11.small_stm_window_1/MassSpecData-02115-20261006-161308.csv,2026-10-06 16:05:29.144,8.172683333333334
2026-10-06 16:13:39.713,8.3644e-11,Torr,11.small_stm_window_1,spray,11.small_stm_window_1/MassSpecData-02115-20261006-161308.csv,2026-10-06 16:05:29.144,8.17615
2026-10-06 16:13:39.921,7.5165e-11,Torr,11.small_stm_window_1,spray,11.small_stm_window_1/MassSpecData-02115-20261006-161308.csv,2026-10-06 16:05:29.144,8.179616666666666
2026-10-06 16:13:40.130,7.3908e-11,Torr,11.small_stm_window_1,spray,11.small_stm_window_1/MassSpecData-02115-20261006-161308.csv,2026-10-06 16:05:29.144,8.1831
2026-10-06 16:13:40.338,8.9965e-11,Torr,11.small_stm_window_1,spray,11.small_stm_window_1/MassSpecData-02115-20261006-161308.csv,2026-10-06 16:05:29.144,8.186566666666668
2026-10-06 16:13:40.546,8.2765e-11,Torr,11.small_stm_window_1,spray,11.small_stm_window_1/MassSpecData-02115-20261006-161308.csv,2026-10-06 16:05:29.144,8.190033333333334
2026-10-06 16:13:40.755,9.36e-11,Torr,11.small_stm_window_1,spray,11.small_stm_window_1/MassSpecData-02115-20261006-161308.csv,2026-10-06 16:05:29.144,8.193516666666666
2026-10-06 16:13:40.963,8.4824e-11,Torr,11.small_stm_window_1,spray,11.small_stm_window_1/MassSpecData-02115-20261006-161308.csv,2026-10-06 16:05:29.144,8.196983333333334
2026-10-06 16:13:41.171,7.857e-11,Torr,11.small_stm_window_1,spray,11.small_stm_window_1/MassSpecData-02115-20261006-161308.csv,2026-10-06 16:05:29.144,8.20045
2026-10-06 16:13:41.380,8.9306e-11,Torr,11.small_stm_window_1,spray,11.small_stm_window_1/MassSpecData-02115-20261006-161308.csv,2026-10-06 16:05:29.144,8.203933333333334
2026-10-06 16:13:41.588,9.4566e-11,Torr,11.small_stm_window_1,spray,11.small_stm_window_1/MassSpecData-02115-20261006-161308.csv,2026-10-06 16:05:29.144,8.2074
2026-10-06 16:13:41.796,7.2783e-11,Torr,11.small_stm_window_1,spray,11.small_stm_window_1/MassSpecData-02115-20261006-161308.csv,2026-10-06 16:05:29.144,8.210866666666666
2026-10-06 16:13:42.005,8.3983e-11,Torr,11.small_stm_window_1,spray,11.small_stm_window_1/MassSpecData-02115-20261006-161308.csv,2026-10-06 16:05:29.144,8.21435
2026-10-06 16:13:42.213,8.4994e-11,Torr,11.small_stm_window_1,spray,11.small_stm_window_1/MassSpecData-02115-20261006-161308.csv,2026-10-06 16:05:29.144,8.217816666666668
2026-10-06 16:13:42.421,9.2565e-11,Torr,11.small_stm_window_1,spray,11.small_stm_window_1/MassSpecData-02115-20261006-161308.csv,2026-10-06 16:05:29.144,8.221283333333334
2026-10-06 16:13:42.630,9.0395e-11,Torr,11.small_stm_window_1,spray,11.small_stm_window_1/MassSpecData-02115-20261006-161308.csv,2026-10-06 16:05:29.144,8.224766666666666
2026-10-06 16:13:42.838,9.2865e-11,Torr,11.small_stm_window_1,spray,11.small_stm_window_1/MassSpecData-02115-20261006-161308.csv,2026-10-06 16:05:29.144,8.228233333333334
2026-10-06 16:13:43.046,9.3469e-11,Torr,11.small_stm_window_1,spray,11.small_stm_window_1/MassSpecData-02115-20261006-161308.csv,2026-10-06 16:05:29.144,8.2317
2026-10-06 16:13:43.255,8.492e-11,Torr,11.small_stm_window_1,spray,11.small_stm_window_1/MassSpecData-02115-20261006-161308.csv,2026-10-06 16:05:29.144,8.235183333333334
2026-10-06 16:13:43.463,8.083e-11,Torr,11.small_stm_window_1,spray,11.small_stm_window_1/MassSpecData-02115-20261006-161308.csv,2026-10-06 16:05:29.144,8.23865
2026-10-06 16:13:43.671,9.9507e-11,Torr,11.small_stm_window_1,spray,11.small_stm_window_1/MassSpecData-02115-20261006-161308.csv,2026-10-06 16:05:29.144,8.242116666666666
2026-10-06 16:13:43.880,8.373e-11,Torr,11.small_stm_window_1,spray,11.small_stm_window_1/MassSpecData-02115-20261006-161308.csv,2026-10-06 16:05:29.144,8.2456
2026-10-06 16:13:44.088,9.0411e-11,Torr,11.small_stm_window_1,spray,11.small_stm_window_1/MassSpecData-02115-20261006-161308.csv,2026-10-06 16:05:29.144,8.249066666666668
2026-10-06 16:13:44.296,8.1821e-11,Torr,11.small_stm_window_1,spray,11.small_stm_window_1/MassSpecData-02115-20261006-161308.csv,2026-10-06 16:05:29.144,8.252533333333334
2026-10-06 16:13:44.505,8.8894e-11,Torr,11.small_stm_window_1,spray,11.small_stm_window_1/MassSpecData-02115-20261006-161308.csv,2026-10-06 16:05:29.144,8.256016666666666
2026-10-06 16:13:44.713,1.0945e-10,Torr,11.small_stm_window_1,spray,11.small_stm_window_1/MassSpecData-02115-20261006-161308.csv,2026-10-06 16:05:29.144,8.259483333333334
2026-10-06 16:13:44.921,8.7633e-11,Torr,11.small_stm_window_1,spray,11.small_stm_window_1/MassSpecData-02115-20261006-161308.csv,2026-10-06 16:05:29.144,8.26295
2026-10-06 16:13:45.130,8.7172e-11,Torr,11.small_stm_window_1,spray,11.small_stm_window_1/MassSpecData-02115-20261006-161308.csv,2026-10-06 16:05:29.144,8.266433333333334
2026-10-06 16:13:45.338,8.9469e-11,Torr,11.small_stm_window_1,spray,11.small_stm_window_1/MassSpecData-02115-20261006-161308.csv,2026-10-06 16:05:29.144,8.2699
2026-10-06 16:13:45.546,9.0814e-11,Torr,11.small_stm_window_1,spray,11.small_stm_window_1/MassSpecData-02115-20261006-161308.csv,2026-10-06 16:05:29.144,8.273366666666666
2026-10-06 16:13:45.755,7.597e-11,Torr,11.small_stm_window_1,spray,11.small_stm_window_1/MassSpecData-02115-20261006-161308.csv,2026-10-06 16:05:29.144,8.27685
2026-10-06 16:13:45.963,9.0236e-11,Torr,11.small_stm_window_1,spray,11.small_stm_window_1/MassSpecData-02115-20261006-161308.csv,2026-10-06 16:05:29.144,8.280316666666668
2026-10-06 16:13:46.171,9.3412e-11,Torr,11.small_stm_window_1,spray,11.small_stm_window_1/MassSpecData-02115-20261006-161308.csv,2026-10-06 16:05:29.144,8.283783333333334
2026-10-06 16:13:46.380,8.2355e-11,Torr,11.small_stm_window_1,spray,11.small_stm_window_1/MassSpecData-02115-20261006-161308.csv,2026-10-06 16:05:29.144,8.287266666666666
2026-10-06 16:13:46.588,8.6912e-11,Torr,11.small_stm_window_1,spray,11.small_stm_window_1/MassSpecData-02115-20261006-161308.csv,2026-10-06 16:05:29.144,8.290733333333334
2026-10-06 16:13:46.797,8.5128e-11,Torr,11.small_stm_window_1,spray,11.small_stm_window_1/MassSpecData-02115-20261006-161308.csv,2026-10-06 16:05:29.144,8.294216666666667
2026-10-06 16:13:47.005,9.3509e-11,Torr,11.small_stm_window_1,spray,11.small_stm_window_1/MassSpecData-02115-20261006-161308.csv,2026-10-06 16:05:29.144,8.297683333333334
2026-10-06 16:13:47.213,9.0188e-11,Torr,11.small_stm_window_1,spray,11.small_stm_window_1/MassSpecData-02115-20261006-161308.csv,2026-10-06 16:05:29.144,8.30115
2026-10-06 16:13:47.422,8.6029e-11,Torr,11.small_stm_window_1,spray,11.small_stm_window_1/MassSpecData-02115-20261006-161308.csv,2026-10-06 16:05:29.144,8.304633333333333
2026-10-06 16:13:47.630,9.7112e-11,Torr,11.small_stm_window_1,spray,11.small_stm_window_1/MassSpecData-02115-20261006-161308.csv,2026-10-06 16:05:29.144,8.3081
2026-10-06 16:13:47.838,9.3593e-11,Torr,11.small_stm_window_1,spray,11.small_stm_window_1/MassSpecData-02115-20261006-161308.csv,2026-10-06 16:05:29.144,8.311566666666668
2026-10-06 16:13:48.047,8.5011e-11,Torr,11.small_stm_window_1,spray,11.small_stm_window_1/MassSpecData-02115-20261006-161308.csv,2026-10-06 16:05:29.144,8.315050000000001
2026-10-06 16:13:48.255,7.3546e-11,Torr,11.small_stm_window_1,spray,11.small_stm_window_1/MassSpecData-02115-20261006-161308.csv,2026-10-06 16:05:29.144,8.318516666666666
2026-10-06 16:13:48.463,7.8829e-11,Torr,11.small_stm_window_1,spray,11.small_stm_window_1/MassSpecData-02115-20261006-161308.csv,2026-10-06 16:05:29.144,8.321983333333334
2026-10-06 16:13:48.672,7.4524e-11,Torr,11.small_stm_window_1,spray,11.small_stm_window_1/MassSpecData-02115-20261006-161308.csv,2026-10-06 16:05:29.144,8.325466666666667
2026-10-06 16:13:48.880,9.2408e-11,Torr,11.small_stm_window_1,spray,11.small_stm_window_1/MassSpecData-02115-20261006-161308.csv,2026-10-06 16:05:29.144,8.328933333333334
2026-10-06 16:13:49.088,8.8092e-11,Torr,11.small_stm_window_1,spray,11.small_stm_window_1/MassSpecData-02115-20261006-161308.csv,2026-10-06 16:05:29.144,8.3324
2026-10-06 16:13:49.297,8.689e-11,Torr,11.small_stm_window_1,spray,11.small_stm_window_1/MassSpecData-02115-20261006-161308.csv,2026-10-06 16:05:29.144,8.335883333333333
2026-10-06 16:13:49.505,8.3013e-11,Torr,11.small_stm_window_1,spray,11.small_stm_window_1/MassSpecData-02115-20261006-161308.csv,2026-10-06 16:05:29.144,8.33935
2026-10-06 16:13:49.713,7.2603e-11,Torr,11.small_stm_window_1,spray,11.small_stm_window_1/MassSpecData-02115-20261006-161308.csv,2026-10-06 16:05:29.144,8.342816666666668
2026-10-06 16:13:49.922,8.9927e-11,Torr,11.small_stm_window_1,spray,11.small_stm_window_1/MassSpecData-02115-20261006-161308.csv,2026-10-06 16:05:29.144,8.346300000000001
2026-10-06 16:13:50.130,8.1632e-11,Torr,11.small_stm_window_1,spray,11.small_stm_window_1/MassSpecData-02115-20261006-161308.csv,2026-10-06 16:05:29.144,8.349766666666666
2026-10-06 16:13:50.338,8.8628e-11,Torr,11.small_stm_window_1,spray,11.small_stm_window_1/MassSpecData-02115-20261006-161308.csv,2026-10-06 16:05:29.144,8.353233333333334
2026-10-06 16:13:50.688,7.4182e-11,Torr,11.small_stm_window_1,spray,11.small_stm_window_1/MassSpecData-02115-20261006-161350.csv,2026-10-06 16:05:29.144,8.359066666666667
2026-10-06 16:13:50.896,8.285e-11,Torr,11.small_stm_window_1,spray,11.small_stm_window_1/MassSpecData-02115-20261006-161350.csv,2026-10-06 16:05:29.144,8.362533333333333
2026-10-06 16:13:51.105,9.235e-11,Torr,11.small_stm_window_1,spray,11.small_stm_window_1/MassSpecData-02115-20261006-161350.csv,2026-10-06 16:05:29.144,8.366016666666667
2026-10-06 16:13:51.313,7.2025e-11,Torr,11.small_stm_window_1,spray,11.small_stm_window_1/MassSpecData-02115-20261006-161350.csv,2026-10-06 16:05:29.144,8.369483333333333
2026-10-06 16:13:51.521,8.6051e-11,Torr,11.small_stm_window_1,spray,11.small_stm_window_1/MassSpecData-02115-20261006-161350.csv,2026-10-06 16:05:29.144,8.37295
2026-10-06 16:13:51.730,8.3334e-11,Torr,11.small_stm_window_1,spray,11.small_stm_window_1/MassSpecData-02115-20261006-161350.csv,2026-10-06 16:05:29.144,8.376433333333333
2026-10-06 16:13:51.938,7.793e-11,Torr,11.small_stm_window_1,spray,11.small_stm_window_1/MassSpecData-02115-20261006-161350.csv,2026-10-06 16:05:29.144,8.3799
2026-10-06 16:13:52.146,9.4404e-11,Torr,11.small_stm_window_1,spray,11.small_stm_window_1/MassSpecData-02115-20261006-161350.csv,2026-10-06 16:05:29.144,8.383366666666667
2026-10-06 16:13:52.354,8.9705e-11,Torr,11.small_stm_window_1,spray,11.small_stm_window_1/MassSpecData-02115-20261006-161350.csv,2026-10-06 16:05:29.144,8.386833333333334
2026-10-06 16:13:52.563,8.4147e-11,Torr,11.small_stm_window_1,spray,11.small_stm_window_1/MassSpecData-02115-20261006-161350.csv,2026-10-06 16:05:29.144,8.390316666666667
2026-10-06 16:13:52.771,9.2242e-11,Torr,11.small_stm_window_1,spray,11.small_stm_window_1/MassSpecData-02115-20261006-161350.csv,2026-10-06 16:05:29.144,8.393783333333333
2026-10-06 16:13:52.980,7.1019e-11,Torr,11.small_stm_window_1,spray,11.small_stm_window_1/MassSpecData-02115-20261006-161350.csv,2026-10-06 16:05:29.144,8.397266666666667
2026-10-06 16:13:53.188,7.0872e-11,Torr,11.small_stm_window_1,spray,11.small_stm_window_1/MassSpecData-02115-20261006-161350.csv,2026-10-06 16:05:29.144,8.400733333333333
2026-10-06 16:13:53.396,8.8966e-11,Torr,11.small_stm_window_1,spray,11.small_stm_window_1/MassSpecData-02115-20261006-161350.csv,2026-10-06 16:05:29.144,8.4042
2026-10-06 16:13:53.605,6.9234e-11,Torr,11.small_stm_window_1,spray,11.small_stm_window_1/MassSpecData-02115-20261006-161350.csv,2026-10-06 16:05:29.144,8.407683333333333
2026-10-06 16:13:53.813,8.7423e-11,Torr,11.small_stm_window_1,spray,11.small_stm_window_1/MassSpecData-02115-20261006-161350.csv,2026-10-06 16:05:29.144,8.41115
2026-10-06 16:13:54.021,8.4795e-11,Torr,11.small_stm_window_1,spray,11.small_stm_window_1/MassSpecData-02115-20261006-161350.csv,2026-10-06 16:05:29.144,8.414616666666667
2026-10-06 16:13:54.230,9.6661e-11,Torr,11.small_stm_window_1,spray,11.small_stm_window_1/MassSpecData-02115-20261006-161350.csv,2026-10-06 16:05:29.144,8.4181
2026-10-06 16:13:54.438,9.3897e-11,Torr,11.small_stm_window_1,spray,11.small_stm_window_1/MassSpecData-02115-20261006-161350.csv,2026-10-06 16:05:29.144,8.421566666666667
2026-10-06 16:13:54.646,8.8078e-11,Torr,11.small_stm_window_1,spray,11.small_stm_window_1/MassSpecData-02115-20261006-161350.csv,2026-10-06 16:05:29.144,8.425033333333333
2026-10-06 16:13:54.855,9.0041e-11,Torr,11.small_stm_window_1,spray,11.small_stm_window_1/MassSpecData-02115-20261006-161350.csv,2026-10-06 16:05:29.144,8.428516666666667
2026-10-06 16:13:55.063,7.8333e-11,Torr,11.small_stm_window_1,spray,11.small_stm_window_1/MassSpecData-02115-20261006-161350.csv,2026-10-06 16:05:29.144,8.431983333333333
2026-10-06 16:13:55.271,9.9479e-11,Torr,11.small_stm_window_1,spray,11.small_stm_window_1/MassSpecData-02115-20261006-161350.csv,2026-10-06 16:05:29.144,8.43545
2026-10-06 16:13:55.480,8.5754e-11,Torr,11.small_stm_window_1,spray,11.small_stm_window_1/MassSpecData-02115-20261006-161350.csv,2026-10-06 16:05:29.144,8.438933333333333
2026-10-06 16:13:55.688,8.5859e-11,Torr,11.small_stm_window_1,spray,11.small_stm_window_1/MassSpecData-02115-20261006-161350.csv,2026-10-06 16:05:29.144,8.4424
2026-10-06 16:13:55.896,9.5688e-11,Torr,11.small_stm_window_1,spray,11.small_stm_window_1/MassSpecData-02115-20261006-161350.csv,2026-10-06 16:05:29.144,8.445866666666667
2026-10-06 16:13:56.104,8.0916e-11,Torr,11.small_stm_window_1,spray,11.small_stm_window_1/MassSpecData-02115-20261006-161350.csv,2026-10-06 16:05:29.144,8.449333333333334
2026-10-06 16:13:56.313,7.5629e-11,Torr,11.small_stm_window_1,spray,11.small_stm_window_1/MassSpecData-02115-20261006-161350.csv,2026-10-06 16:05:29.144,8.452816666666667
2026-10-06 16:13:56.521,8.2183e-11,Torr,11.small_stm_window_1,spray,11.small_stm_window_1/MassSpecData-02115-20261006-161350.csv,2026-10-06 16:05:29.144,8.456283333333333
2026-10-06 16:13:56.729,8.392e-11,Torr,11.small_stm_window_1,spray,11.small_stm_window_1/MassSpecData-02115-20261006-161350.csv,2026-10-06 16:05:29.144,8.45975
2026-10-06 16:13:56.938,7.7702e-11,Torr,11.small_stm_window_1,spray,11.small_stm_window_1/MassSpecData-02115-20261006-161350.csv,2026-10-06 16:05:29.144,8.463233333333333
2026-10-06 16:13:57.146,8.9536e-11,Torr,11.small_stm_window_1,spray,11.small_stm_window_1/MassSpecData-02115-20261006-161350.csv,2026-10-06 16:05:29.144,8.4667
2026-10-06 16:13:57.354,8.2954e-11,Torr,11.small_stm_window_1,spray,11.small_stm_window_1/MassSpecData-02115-20261006-161350.csv,2026-10-06 16:05:29.144,8.470166666666666
2026-10-06 16:13:57.563,7.2382e-11,Torr,11.small_stm_window_1,spray,11.small_stm_window_1/MassSpecData-02115-20261006-161350.csv,2026-10-06 16:05:29.144,8.47365
2026-10-06 16:13:57.771,8.5336e-11,Torr,11.small_stm_window_1,spray,11.small_stm_window_1/MassSpecData-02115-20261006-161350.csv,2026-10-06 16:05:29.144,8.477116666666667
2026-10-06 16:13:57.979,9.8454e-11,Torr,11.small_stm_window_1,spray,11.small_stm_window_1/MassSpecData-02115-20261006-161350.csv,2026-10-06 16:05:29.144,8.480583333333334
2026-10-06 16:13:58.188,8.8516e-11,Torr,11.small_stm_window_1,spray,11.small_stm_window_1/MassSpecData-02115-20261006-161350.csv,2026-10-06 16:05:29.144,8.484066666666667
2026-10-06 16:13:58.396,7.3294e-11,Torr,11.small_stm_window_1,spray,11.small_stm_window_1/MassSpecData-02115-20261006-161350.csv,2026-10-06 16:05:29.144,8.487533333333333
2026-10-06 16:13:58.604,8.419e-11,Torr,11.small_stm_window_1,spray,11.small_stm_window_1/MassSpecData-02115-20261006-161350.csv,2026-10-06 16:05:29.144,8.491
2026-10-06 16:13:58.813,8.7056e-11,Torr,11.small_stm_window_1,spray,11.small_stm_window_1/MassSpecData-02115-20261006-161350.csv,2026-10-06 16:05:29.144,8.494483333333333
2026-10-06 16:13:59.021,8.3154e-11,Torr,11.small_stm_window_1,spray,11.small_stm_window_1/MassSpecData-02115-20261006-161350.csv,2026-10-06 16:05:29.144,8.49795
2026-10-06 16:13:59.229,9.1477e-11,Torr,11.small_stm_window_1,spray,11.small_stm_window_1/MassSpecData-02115-20261006-161350.csv,2026-10-06 16:05:29.144,8.501416666666666
2026-10-06 16:13:59.438,9.2594e-11,Torr,11.small_stm_window_1,spray,11.small_stm_window_1/MassSpecData-02115-20261006-161350.csv,2026-10-06 16:05:29.144,8.5049
2026-10-06 16:13:59.646,7.5266e-11,Torr,11.small_stm_window_1,spray,11.small_stm_window_1/MassSpecData-02115-20261006-161350.csv,2026-10-06 16:05:29.144,8.508366666666667
2026-10-06 16:13:59.855,8.6412e-11,Torr,11.small_stm_window_1,spray,11.small_stm_window_1/MassSpecData-02115-20261006-161350.csv,2026-10-06 16:05:29.144,8.51185
2026-10-06 16:14:00.063,8.7994e-11,Torr,11.small_stm_window_1,spray,11.small_stm_window_1/MassSpecData-02115-20261006-161350.csv,2026-10-06 16:05:29.144,8.515316666666667
2026-10-06 16:14:00.271,8.5429e-11,Torr,11.small_stm_window_1,spray,11.small_stm_window_1/MassSpecData-02115-20261006-161350.csv,2026-10-06 16:05:29.144,8.518783333333333
2026-10-06 16:14:00.480,8.0831e-11,Torr,11.small_stm_window_1,spray,11.small_stm_window_1/MassSpecData-02115-20261006-161350.csv,2026-10-06 16:05:29.144,8.522266666666667
2026-10-06 16:14:00.688,7.8619e-11,Torr,11.small_stm_window_1,spray,11.small_stm_window_1/MassSpecData-02115-20261006-161350.csv,2026-10-06 16:05:29.144,8.525733333333333
2026-10-06 16:14:00.896,9.0119e-11,Torr,11.small_stm_window_1,spray,11.small_stm_window_1/MassSpecData-02115-20261006-161350.csv,2026-10-06 16:05:29.144,8.5292
2026-10-06 16:14:01.105,7.5336e-11,Torr,11.small_stm_window_1,spray,11.small_stm_window_1/MassSpecData-02115-20261006-161350.csv,2026-10-06 16:05:29.144,8.532683333333333
2026-10-06 16:14:01.313,7.3152e-11,Torr,11.small_stm_window_1,spray,11.small_stm_window_1/MassSpecData-02115-20261006-161350.csv,2026-10-06 16:05:29.144,8.53615
2026-10-06 16:14:01.521,8.3833e-11,Torr,11.small_stm_window_1,spray,11.small_stm_window_1/MassSpecData-02115-20261006-161350.csv,2026-10-06 16:05:29.144,8.539616666666666
2026-10-06 16:14:01.730,7.2273e-11,Torr,11.small_stm_window_1,spray,11.small_stm_window_1/MassSpecData-02115-20261006-161350.csv,2026-10-06 16:05:29.144,8.5431
2026-10-06 16:14:01.938,9.1172e-11,Torr,11.small_stm_window_1,spray,11.small_stm_window_1/MassSpecData-02115-20261006-161350.csv,2026-10-06 16:05:29.144,8.546566666666667
2026-10-06 16:14:02.146,9.9894e-11,Torr,11.small_stm_window_1,spray,11.small_stm_window_1/MassSpecData-02115-20261006-161350.csv,2026-10-06 16:05:29.144,8.550033333333333
2026-10-06 16:14:02.355,7.8222e-11,Torr,11.small_stm_window_1,spray,11.small_stm_window_1/MassSpecData-02115-20261006-161350.csv,2026-10-06 16:05:29.144,8.553516666666667
2026-10-06 16:14:02.563,9.29e-11,Torr,11.small_stm_window_1,spray,11.small_stm_window_1/MassSpecData-02115-20261006-161350.csv,2026-10-06 16:05:29.144,8.556983333333333
2026-10-06 16:14:02.771,6.6551e-11,Torr,11.small_stm_window_1,spray,11.small_stm_window_1/MassSpecData-02115-20261006-161350.csv,2026-10-06 16:05:29.144,8.56045
2026-10-06 16:14:02.980,7.8191e-11,Torr,11.small_stm_window_1,spray,11.small_stm_window_1/MassSpecData-02115-20261006-161350.csv,2026-10-06 16:05:29.144,8.563933333333333
2026-10-06 16:14:03.188,9.0486e-11,Torr,11.small_stm_window_1,spray,11.small_stm_window_1/MassSpecData-02115-20261006-161350.csv,2026-10-06 16:05:29.144,8.5674
2026-10-06 16:14:03.396,8.1967e-11,Torr,11.small_stm_window_1,spray,11.small_stm_window_1/MassSpecData-02115-20261006-161350.csv,2026-10-06 16:05:29.144,8.570866666666666
2026-10-06 16:14:03.605,9.0299e-11,Torr,11.small_stm_window_1,spray,11.small_stm_window_1/MassSpecData-02115-20261006-161350.csv,2026-10-06 16:05:29.144,8.57435
2026-10-06 16:14:03.813,7.8049e-11,Torr,11.small_stm_window_1,spray,11.small_stm_window_1/MassSpecData-02115-20261006-161350.csv,2026-10-06 16:05:29.144,8.577816666666667
2026-10-06 16:14:04.021,9.5826e-11,Torr,11.small_stm_window_1,spray,11.small_stm_window_1/MassSpecData-02115-20261006-161350.csv,2026-10-06 16:05:29.144,8.581283333333333
2026-10-06 16:14:04.230,7.4218e-11,Torr,11.small_stm_window_1,spray,11.small_stm_window_1/MassSpecData-02115-20261006-161350.csv,2026-10-06 16:05:29.144,8.584766666666667
2026-10-06 16:14:04.438,9.217e-11,Torr,11.small_stm_window_1,spray,11.small_stm_window_1/MassSpecData-02115-20261006-161350.csv,2026-10-06 16:05:29.144,8.588233333333333
2026-10-06 16:14:04.646,8.8358e-11,Torr,11.small_stm_window_1,spray,11.small_stm_window_1/MassSpecData-02115-20261006-161350.csv,2026-10-06 16:05:29.144,8.5917
2026-10-06 16:14:04.855,7.828e-11,Torr,11.small_stm_window_1,spray,11.small_stm_window_1/MassSpecData-02115-20261006-161350.csv,2026-10-06 16:05:29.144,8.595183333333333
2026-10-06 16:14:05.063,8.5375e-11,Torr,11.small_stm_window_1,spray,11.small_stm_window_1/MassSpecData-02115-20261006-161350.csv,2026-10-06 16:05:29.144,8.59865
2026-10-06 16:14:05.271,7.3995e-11,Torr,11.small_stm_window_1,spray,11.small_stm_window_1/MassSpecData-02115-20261006-161350.csv,2026-10-06 16:05:29.144,8.602116666666666
2026-10-06 16:14:05.480,1.072e-10,Torr,11.small_stm_window_1,spray,11.small_stm_window_1/MassSpecData-02115-20261006-161350.csv,2026-10-06 16:05:29.144,8.6056
2026-10-06 16:14:05.688,8.5903e-11,Torr,11.small_stm_window_1,spray,11.small_stm_window_1/MassSpecData-02115-20261006-161350.csv,2026-10-06 16:05:29.144,8.609066666666667
2026-10-06 16:14:05.896,7.6878e-11,Torr,11.small_stm_window_1,spray,11.small_stm_window_1/MassSpecData-02115-20261006-161350.csv,2026-10-06 16:05:29.144,8.612533333333333
2026-10-06 16:14:06.105,8.0682e-11,Torr,11.small_stm_window_1,spray,11.small_stm_window_1/MassSpecData-02115-20261006-161350.csv,2026-10-06 16:05:29.144,8.616016666666667
2026-10-06 16:14:06.313,8.7094e-11,Torr,11.small_stm_window_1,spray,11.small_stm_window_1/MassSpecData-02115-20261006-161350.csv,2026-10-06 16:05:29.144,8.619483333333333
2026-10-06 16:14:06.521,9.4865e-11,Torr,11.small_stm_window_1,spray,11.small_stm_window_1/MassSpecData-02115-20261006-161350.csv,2026-10-06 16:05:29.144,8.62295
2026-10-06 16:14:06.730,9.766e-11,Torr,11.small_stm_window_1,spray,11.small_stm_window_1/MassSpecData-02115-20261006-161350.csv,2026-10-06 16:05:29.144,8.626433333333333
2026-10-06 16:14:06.938,8.6523e-11,Torr,11.small_stm_window_1,spray,11.small_stm_window_1/MassSpecData-02115-20261006-161350.csv,2026-10-06 16:05:29.144,8.6299
2026-10-06 16:14:07.146,9.3744e-11,Torr,11.small_stm_window_1,spray,11.small_stm_window_1/MassSpecData-02115-20261006-161350.csv,2026-10-06 16:05:29.144,8.633366666666666
2026-10-06 16:14:07.355,8.246e-11,Torr,11.small_stm_window_1,spray,11.small_stm_window_1/MassSpecData-02115-20261006-161350.csv,2026-10-06 16:05:29.144,8.63685
2026-10-06 16:14:07.563,7.7826e-11,Torr,11.small_stm_window_1,spray,11.small_stm_window_1/MassSpecData-02115-20261006-161350.csv,2026-10-06 16:05:29.144,8.640316666666667
2026-10-06 16:14:07.771,7.4313e-11,Torr,11.small_stm_window_1,spray,11.small_stm_window_1/MassSpecData-02115-20261006-161350.csv,2026-10-06 16:05:29.144,8.643783333333333
2026-10-06 16:14:07.980,8.3368e-11,Torr,11.small_stm_window_1,spray,11.small_stm_window_1/MassSpecData-02115-20261006-161350.csv,2026-10-06 16:05:29.144,8.647266666666667
2026-10-06 16:14:08.188,8.3107e-11,Torr,11.small_stm_window_1,spray,11.small_stm_window_1/MassSpecData-02115-20261006-161350.csv,2026-10-06 16:05:29.144,8.650733333333333
2026-10-06 16:14:08.396,7.9085e-11,Torr,11.small_stm_window_1,spray,11.small_stm_window_1/MassSpecData-02115-20261006-161350.csv,2026-10-06 16:05:29.144,8.6542
2026-10-06 16:14:08.605,7.9167e-11,Torr,11.small_stm_window_1,spray,11.small_stm_window_1/MassSpecData-02115-20261006-161350.csv,2026-10-06 16:05:29.144,8.657683333333333
2026-10-06 16:14:08.813,7.7346e-11,Torr,11.small_stm_window_1,spray,11.small_stm_window_1/MassSpecData-02115-20261006-161350.csv,2026-10-06 16:05:29.144,8.66115
2026-10-06 16:14:09.021,7.8354e-11,Torr,11.small_stm_window_1,spray,11.small_stm_window_1/MassSpecData-02115-20261006-161350.csv,2026-10-06 16:05:29.144,8.664616666666666
2026-10-06 16:14:09.230,8.1658e-11,Torr,11.small_stm_window_1,spray,11.small_stm_window_1/MassSpecData-02115-20261006-161350.csv,2026-10-06 16:05:29.144,8.6681
2026-10-06 16:14:09.438,7.3707e-11,Torr,11.small_stm_window_1,spray,11.small_stm_window_1/MassSpecData-02115-20261006-161350.csv,2026-10-06 16:05:29.144,8.671566666666667
2026-10-06 16:14:09.646,6.8307e-11,Torr,11.small_stm_window_1,spray,11.small_stm_window_1/MassSpecData-02115-20261006-161350.csv,2026-10-06 16:05:29.144,8.675033333333333
2026-10-06 16:14:09.855,7.4164e-11,Torr,11.small_stm_window_1,spray,11.small_stm_window_1/MassSpecData-02115-20261006-161350.csv,2026-10-06 16:05:29.144,8.678516666666667
2026-10-06 16:14:10.063,8.2425e-11,Torr,11.small_stm_window_1,spray,11.small_stm_window_1/MassSpecData-02115-20261006-161350.csv,2026-10-06 16:05:29.144,8.681983333333333
2026-10-06 16:14:10.271,8.946e-11,Torr,11.small_stm_window_1,spray,11.small_stm_window_1/MassSpecData-02115-20261006-161350.csv,2026-10-06 16:05:29.144,8.68545
2026-10-06 16:14:10.479,6.1317e-11,Torr,11.small_stm_window_1,spray,11.small_stm_window_1/MassSpecData-02115-20261006-161350.csv,2026-10-06 16:05:29.144,8.688916666666668
2026-10-06 16:14:10.688,1.0219e-10,Torr,11.small_stm_window_1,spray,11.small_stm_window_1/MassSpecData-02115-20261006-161350.csv,2026-10-06 16:05:29.144,8.6924
2026-10-06 16:14:10.896,9.6333e-11,Torr,11.small_stm_window_1,spray,11.small_stm_window_1/MassSpecData-02115-20261006-161350.csv,2026-10-06 16:05:29.144,8.695866666666666
2026-10-06 16:14:11.104,8.4927e-11,Torr,11.small_stm_window_1,spray,11.small_stm_window_1/MassSpecData-02115-20261006-161350.csv,2026-10-06 16:05:29.144,8.699333333333334
2026-10-06 16:14:11.313,8.3634e-11,Torr,11.small_stm_window_1,spray,11.small_stm_window_1/MassSpecData-02115-20261006-161350.csv,2026-10-06 16:05:29.144,8.702816666666667
2026-10-06 16:14:11.521,9.4157e-11,Torr,11.small_stm_window_1,spray,11.small_stm_window_1/MassSpecData-02115-20261006-161350.csv,2026-10-06 16:05:29.144,8.706283333333333
2026-10-06 16:14:11.729,8.4014e-11,Torr,11.small_stm_window_1,spray,11.small_stm_window_1/MassSpecData-02115-20261006-161350.csv,2026-10-06 16:05:29.144,8.709750000000001
2026-10-06 16:14:11.938,8.2073e-11,Torr,11.small_stm_window_1,spray,11.small_stm_window_1/MassSpecData-02115-20261006-161350.csv,2026-10-06 16:05:29.144,8.713233333333333
2026-10-06 16:14:12.146,9.3187e-11,Torr,11.small_stm_window_1,spray,11.small_stm_window_1/MassSpecData-02115-20261006-161350.csv,2026-10-06 16:05:29.144,8.7167
2026-10-06 16:14:12.354,6.841e-11,Torr,11.small_stm_window_1,spray,11.small_stm_window_1/MassSpecData-02115-20261006-161350.csv,2026-10-06 16:05:29.144,8.720166666666668
2026-10-06 16:14:12.563,8.3835e-11,Torr,11.small_stm_window_1,spray,11.small_stm_window_1/MassSpecData-02115-20261006-161350.csv,2026-10-06 16:05:29.144,8.72365
2026-10-06 16:14:12.771,8.7194e-11,Torr,11.small_stm_window_1,spray,11.small_stm_window_1/MassSpecData-02115-20261006-161350.csv,2026-10-06 16:05:29.144,8.727116666666666
2026-10-06 16:14:12.979,8.1887e-11,Torr,11.small_stm_window_1,spray,11.small_stm_window_1/MassSpecData-02115-20261006-161350.csv,2026-10-06 16:05:29.144,8.730583333333334
2026-10-06 16:14:13.188,8.2367e-11,Torr,11.small_stm_window_1,spray,11.small_stm_window_1/MassSpecData-02115-20261006-161350.csv,2026-10-06 16:05:29.144,8.734066666666667
2026-10-06 16:14:13.396,8.5353e-11,Torr,11.small_stm_window_1,spray,11.small_stm_window_1/MassSpecData-02115-20261006-161350.csv,2026-10-06 16:05:29.144,8.737533333333333
2026-10-06 16:14:13.604,9.2237e-11,Torr,11.small_stm_window_1,spray,11.small_stm_window_1/MassSpecData-02115-20261006-161350.csv,2026-10-06 16:05:29.144,8.741000000000001
2026-10-06 16:14:13.813,8.3403e-11,Torr,11.small_stm_window_1,spray,11.small_stm_window_1/MassSpecData-02115-20261006-161350.csv,2026-10-06 16:05:29.144,8.744483333333333
2026-10-06 16:14:14.021,8.2991e-11,Torr,11.small_stm_window_1,spray,11.small_stm_window_1/MassSpecData-02115-20261006-161350.csv,2026-10-06 16:05:29.144,8.74795
2026-10-06 16:14:14.229,9.22e-11,Torr,11.small_stm_window_1,spray,11.small_stm_window_1/MassSpecData-02115-20261006-161350.csv,2026-10-06 16:05:29.144,8.751416666666668
2026-10-06 16:14:14.438,9.2704e-11,Torr,11.small_stm_window_1,spray,11.small_stm_window_1/MassSpecData-02115-20261006-161350.csv,2026-10-06 16:05:29.144,8.7549
2026-10-06 16:14:14.646,9.7214e-11,Torr,11.small_stm_window_1,spray,11.small_stm_window_1/MassSpecData-02115-20261006-161350.csv,2026-10-06 16:05:29.144,8.758366666666666
2026-10-06 16:14:14.854,9.025e-11,Torr,11.small_stm_window_1,spray,11.small_stm_window_1/MassSpecData-02115-20261006-161350.csv,2026-10-06 16:05:29.144,8.761833333333334
2026-10-06 16:14:15.063,8.3492e-11,Torr,11.small_stm_window_1,spray,11.small_stm_window_1/MassSpecData-02115-20261006-161350.csv,2026-10-06 16:05:29.144,8.765316666666667
2026-10-06 16:14:15.271,9.1537e-11,Torr,11.small_stm_window_1,spray,11.small_stm_window_1/MassSpecData-02115-20261006-161350.csv,2026-10-06 16:05:29.144,8.768783333333333
2026-10-06 16:14:15.479,7.515e-11,Torr,11.small_stm_window_1,spray,11.small_stm_window_1/MassSpecData-02115-20261006-161350.csv,2026-10-06 16:05:29.144,8.772250000000001
2026-10-06 16:14:15.688,8.4679e-11,Torr,11.small_stm_window_1,spray,11.small_stm_window_1/MassSpecData-02115-20261006-161350.csv,2026-10-06 16:05:29.144,8.775733333333333
2026-10-06 16:14:15.896,8.0615e-11,Torr,11.small_stm_window_1,spray,11.small_stm_window_1/MassSpecData-02115-20261006-161350.csv,2026-10-06 16:05:29.144,8.7792
2026-10-06 16:14:16.104,9.4062e-11,Torr,11.small_stm_window_1,spray,11.small_stm_window_1/MassSpecData-02115-20261006-161350.csv,2026-10-06 16:05:29.144,8.782666666666668
2026-10-06 16:14:16.313,8.4123e-11,Torr,11.small_stm_window_1,spray,11.small_stm_window_1/MassSpecData-02115-20261006-161350.csv,2026-10-06 16:05:29.144,8.78615
2026-10-06 16:14:16.521,8.3548e-11,Torr,11.small_stm_window_1,spray,11.small_stm_window_1/MassSpecData-02115-20261006-161350.csv,2026-10-06 16:05:29.144,8.789616666666666
2026-10-06 16:14:16.729,7.556e-11,Torr,11.small_stm_window_1,spray,11.small_stm_window_1/MassSpecData-02115-20261006-161350.csv,2026-10-06 16:05:29.144,8.793083333333334
2026-10-06 16:14:16.938,8.745e-11,Torr,11.small_stm_window_1,spray,11.small_stm_window_1/MassSpecData-02115-20261006-161350.csv,2026-10-06 16:05:29.144,8.796566666666667
2026-10-06 16:14:17.146,7.7137e-11,Torr,11.small_stm_window_1,spray,11.small_stm_window_1/MassSpecData-02115-20261006-161350.csv,2026-10-06 16:05:29.144,8.800033333333333
2026-10-06 16:14:17.354,7.9603e-11,Torr,11.small_stm_window_1,spray,11.small_stm_window_1/MassSpecData-02115-20261006-161350.csv,2026-10-06 16:05:29.144,8.803500000000001
2026-10-06 16:14:17.563,9.9898e-11,Torr,11.small_stm_window_1,spray,11.small_stm_window_1/MassSpecData-02115-20261006-161350.csv,2026-10-06 16:05:29.144,8.806983333333333
2026-10-06 16:14:17.771,8.9657e-11,Torr,11.small_stm_window_1,spray,11.small_stm_window_1/MassSpecData-02115-20261006-161350.csv,2026-10-06 16:05:29.144,8.81045
2026-10-06 16:14:17.979,6.9802e-11,Torr,11.small_stm_window_1,spray,11.small_stm_window_1/MassSpecData-02115-20261006-161350.csv,2026-10-06 16:05:29.144,8.813916666666668
2026-10-06 16:14:18.188,8.1218e-11,Torr,11.small_stm_window_1,spray,11.small_stm_window_1/MassSpecData-02115-20261006-161350.csv,2026-10-06 16:05:29.144,8.8174
2026-10-06 16:14:18.396,7.6099e-11,Torr,11.small_stm_window_1,spray,11.small_stm_window_1/MassSpecData-02115-20261006-161350.csv,2026-10-06 16:05:29.144,8.820866666666666
2026-10-06 16:14:18.604,8.6822e-11,Torr,11.small_stm_window_1,spray,11.small_stm_window_1/MassSpecData-02115-20261006-161350.csv,2026-10-06 16:05:29.144,8.824333333333334
2026-10-06 16:14:18.813,6.9255e-11,Torr,11.small_stm_window_1,spray,11.small_stm_window_1/MassSpecData-02115-20261006-161350.csv,2026-10-06 16:05:29.144,8.827816666666667
2026-10-06 16:14:19.021,9.6948e-11,Torr,11.small_stm_window_1,spray,11.small_stm_window_1/MassSpecData-02115-20261006-161350.csv,2026-10-06 16:05:29.144,8.831283333333333
2026-10-06 16:14:19.229,8.0307e-11,Torr,11.small_stm_window_1,spray,11.small_stm_window_1/MassSpecData-02115-20261006-161350.csv,2026-10-06 16:05:29.144,8.834750000000001
2026-10-06 16:14:19.438,7.5207e-11,Torr,11.small_stm_window_1,spray,11.small_stm_window_1/MassSpecData-02115-20261006-161350.csv,2026-10-06 16:05:29.144,8.838233333333333
2026-10-06 16:14:19.646,8.2796e-11,Torr,11.small_stm_window_1,spray,11.small_stm_window_1/MassSpecData-02115-20261006-161350.csv,2026-10-06 16:05:29.144,8.8417
2026-10-06 16:14:19.854,8.4922e-11,Torr,11.small_stm_window_1,spray,11.small_stm_window_1/MassSpecData-02115-20261006-161350.csv,2026-10-06 16:05:29.144,8.845166666666668
2026-10-06 16:14:20.063,7.8145e-11,Torr,11.small_stm_window_1,spray,11.small_stm_window_1/MassSpecData-02115-20261006-161350.csv,2026-10-06 16:05:29.144,8.84865
2026-10-06 16:14:20.271,9.1044e-11,Torr,11.small_stm_window_1,spray,11.small_stm_window_1/MassSpecData-02115-20261006-161350.csv,2026-10-06 16:05:29.144,8.852116666666666
2026-10-06 16:14:20.479,7.3325e-11,Torr,11.small_stm_window_1,spray,11.small_stm_window_1/MassSpecData-02115-20261006-161350.csv,2026-10-06 16:05:29.144,8.855583333333334
2026-10-06 16:14:20.688,8.4533e-11,Torr,11.small_stm_window_1,spray,11.small_stm_window_1/MassSpecData-02115-20261006-161350.csv,2026-10-06 16:05:29.144,8.859066666666667
2026-10-06 16:14:20.896,7.0036e-11,Torr,11.small_stm_window_1,spray,11.small_stm_window_1/MassSpecData-02115-20261006-161350.csv,2026-10-06 16:05:29.144,8.862533333333333
2026-10-06 16:14:21.104,8.653e-11,Torr,11.small_stm_window_1,spray,11.small_stm_window_1/MassSpecData-02115-20261006-161350.csv,2026-10-06 16:05:29.144,8.866000000000001
2026-10-06 16:14:21.313,9.2155e-11,Torr,11.small_stm_window_1,spray,11.small_stm_window_1/MassSpecData-02115-20261006-161350.csv,2026-10-06 16:05:29.144,8.869483333333333
2026-10-06 16:14:21.521,8.9908e-11,Torr,11.small_stm_window_1,spray,11.small_stm_window_1/MassSpecData-02115-20261006-161350.csv,2026-10-06 16:05:29.144,8.87295
2026-10-06 16:14:21.729,8.0036e-11,Torr,11.small_stm_window_1,spray,11.small_stm_window_1/MassSpecData-02115-20261006-161350.csv,2026-10-06 16:05:29.144,8.876416666666668
2026-10-06 16:14:21.938,8.5034e-11,Torr,11.small_stm_window_1,spray,11.small_stm_window_1/MassSpecData-02115-20261006-161350.csv,2026-10-06 16:05:29.144,8.8799
2026-10-06 16:14:22.146,8.1764e-11,Torr,11.small_stm_window_1,spray,11.small_stm_window_1/MassSpecData-02115-20261006-161350.csv,2026-10-06 16:05:29.144,8.883366666666666
2026-10-06 16:14:22.354,8.8144e-11,Torr,11.small_stm_window_1,spray,11.small_stm_window_1/MassSpecData-02115-20261006-161350.csv,2026-10-06 16:05:29.144,8.886833333333334
2026-10-06 16:14:22.563,7.7258e-11,Torr,11.small_stm_window_1,spray,11.small_stm_window_1/MassSpecData-02115-20261006-161350.csv,2026-10-06 16:05:29.144,8.890316666666667
2026-10-06 16:14:22.771,9.8003e-11,Torr,11.small_stm_window_1,spray,11.small_stm_window_1/MassSpecData-02115-20261006-161350.csv,2026-10-06 16:05:29.144,8.893783333333333
2026-10-06 16:14:22.979,7.9159e-11,Torr,11.small_stm_window_1,spray,11.small_stm_window_1/MassSpecData-02115-20261006-161350.csv,2026-10-06 16:05:29.144,8.897250000000001
2026-10-06 16:14:23.188,7.5987e-11,Torr,11.small_stm_window_1,spray,11.small_stm_window_1/MassSpecData-02115-20261006-161350.csv,2026-10-06 16:05:29.144,8.900733333333333
2026-10-06 16:14:23.396,8.4939e-11,Torr,11.small_stm_window_1,spray,11.small_stm_window_1/MassSpecData-02115-20261006-161350.csv,2026-10-06 16:05:29.144,8.9042
2026-10-06 16:14:23.604,9.9329e-11,Torr,11.small_stm_window_1,spray,11.small_stm_window_1/MassSpecData-02115-20261006-161350.csv,2026-10-06 16:05:29.144,8.907666666666668
2026-10-06 16:14:23.813,8.2627e-11,Torr,11.small_stm_window_1,spray,11.small_stm_window_1/MassSpecData-02115-20261006-161350.csv,2026-10-06 16:05:29.144,8.91115
2026-10-06 16:14:24.021,7.7811e-11,Torr,11.small_stm_window_1,spray,11.small_stm_window_1/MassSpecData-02115-20261006-161350.csv,2026-10-06 16:05:29.144,8.914616666666666
2026-10-06 16:14:24.229,8.3041e-11,Torr,11.small_stm_window_1,spray,11.small_stm_window_1/MassSpecData-02115-20261006-161350.csv,2026-10-06 16:05:29.144,8.918083333333334
2026-10-06 16:14:24.438,1.0444e-10,Torr,11.small_stm_window_1,spray,11.small_stm_window_1/MassSpecData-02115-20261006-161350.csv,2026-10-06 16:05:29.144,8.921566666666667
2026-10-06 16:14:24.646,7.2982e-11,Torr,11.small_stm_window_1,spray,11.small_stm_window_1/MassSpecData-02115-20261006-161350.csv,2026-10-06 16:05:29.144,8.925033333333333
2026-10-06 16:14:24.854,1.0028e-10,Torr,11.small_stm_window_1,spray,11.small_stm_window_1/MassSpecData-02115-20261006-161350.csv,2026-10-06 16:05:29.144,8.928500000000001
2026-10-06 16:14:25.063,7.739e-11,Torr,11.small_stm_window_1,spray,11.small_stm_window_1/MassSpecData-02115-20261006-161350.csv,2026-10-06 16:05:29.144,8.931983333333333
2026-10-06 16:14:25.271,9.2034e-11,Torr,11.small_stm_window_1,spray,11.small_stm_window_1/MassSpecData-02115-20261006-161350.csv,2026-10-06 16:05:29.144,8.93545
2026-10-06 16:14:25.479,7.7248e-11,Torr,11.small_stm_window_1,spray,11.small_stm_window_1/MassSpecData-02115-20261006-161350.csv,2026-10-06 16:05:29.144,8.938916666666668
2026-10-06 16:14:25.688,9.3e-11,Torr,11.small_stm_window_1,spray,11.small_stm_window_1/MassSpecData-02115-20261006-161350.csv,2026-10-06 16:05:29.144,8.9424
2026-10-06 16:14:25.896,9.1931e-11,Torr,11.small_stm_window_1,spray,11.small_stm_window_1/MassSpecData-02115-20261006-161350.csv,2026-10-06 16:05:29.144,8.945866666666666
2026-10-06 16:14:26.104,8.8137e-11,Torr,11.small_stm_window_1,spray,11.small_stm_window_1/MassSpecData-02115-20261006-161350.csv,2026-10-06 16:05:29.144,8.949333333333334
2026-10-06 16:14:26.313,8.9297e-11,Torr,11.small_stm_window_1,spray,11.small_stm_window_1/MassSpecData-02115-20261006-161350.csv,2026-10-06 16:05:29.144,8.952816666666667
2026-10-06 16:14:26.521,7.9199e-11,Torr,11.small_stm_window_1,spray,11.small_stm_window_1/MassSpecData-02115-20261006-161350.csv,2026-10-06 16:05:29.144,8.956283333333333
2026-10-06 16:14:26.729,9.0449e-11,Torr,11.small_stm_window_1,spray,11.small_stm_window_1/MassSpecData-02115-20261006-161350.csv,2026-10-06 16:05:29.144,8.959750000000001
2026-10-06 16:14:26.938,8.6333e-11,Torr,11.small_stm_window_1,spray,11.small_stm_window_1/MassSpecData-02115-20261006-161350.csv,2026-10-06 16:05:29.144,8.963233333333333
2026-10-06 16:14:27.146,8.5243e-11,Torr,11.small_stm_window_1,spray,11.small_stm_window_1/MassSpecData-02115-20261006-161350.csv,2026-10-06 16:05:29.144,8.9667
2026-10-06 16:14:27.354,9.8411e-11,Torr,11.small_stm_window_1,spray,11.small_stm_window_1/MassSpecData-02115-20261006-161350.csv,2026-10-06 16:05:29.144,8.970166666666668
2026-10-06 16:14:27.563,9.6557e-11,Torr,11.small_stm_window_1,spray,11.small_stm_window_1/MassSpecData-02115-20261006-161350.csv,2026-10-06 16:05:29.144,8.97365
2026-10-06 16:14:27.771,8.9336e-11,Torr,11.small_stm_window_1,spray,11.small_stm_window_1/MassSpecData-02115-20261006-161350.csv,2026-10-06 16:05:29.144,8.977116666666666
2026-10-06 16:14:27.979,8.1988e-11,Torr,11.small_stm_window_1,spray,11.small_stm_window_1/MassSpecData-02115-20261006-161350.csv,2026-10-06 16:05:29.144,8.980583333333334
2026-10-06 16:14:28.188,8.165e-11,Torr,11.small_stm_window_1,spray,11.small_stm_window_1/MassSpecData-02115-20261006-161350.csv,2026-10-06 16:05:29.144,8.984066666666667
2026-10-06 16:14:28.396,8.2e-11,Torr,11.small_stm_window_1,spray,11.small_stm_window_1/MassSpecData-02115-20261006-161350.csv,2026-10-06 16:05:29.144,8.987533333333333
2026-10-06 16:14:28.605,7.9075e-11,Torr,11.small_stm_window_1,spray,11.small_stm_window_1/MassSpecData-02115-20261006-161350.csv,2026-10-06 16:05:29.144,8.991016666666667
2026-10-06 16:14:28.813,8.6089e-11,Torr,11.small_stm_window_1,spray,11.small_stm_window_1/MassSpecData-02115-20261006-161350.csv,2026-10-06 16:05:29.144,8.994483333333333
2026-10-06 16:14:29.021,8.6627e-11,Torr,11.small_stm_window_1,spray,11.small_stm_window_1/MassSpecData-02115-20261006-161350.csv,2026-10-06 16:05:29.144,8.99795
2026-10-06 16:14:29.230,8.0555e-11,Torr,11.small_stm_window_1,spray,11.small_stm_window_1/MassSpecData-02115-20261006-161350.csv,2026-10-06 16:05:29.144,9.001433333333333
2026-10-06 16:14:29.438,8.3681e-11,Torr,11.small_stm_window_1,spray,11.small_stm_window_1/MassSpecData-02115-20261006-161350.csv,2026-10-06 16:05:29.144,9.0049
2026-10-06 16:14:29.646,8.0334e-11,Torr,11.small_stm_window_1,spray,11.small_stm_window_1/MassSpecData-02115-20261006-161350.csv,2026-10-06 16:05:29.144,9.008366666666666
2026-10-06 16:14:29.855,9.8381e-11,Torr,11.small_stm_window_1,spray,11.small_stm_window_1/MassSpecData-02115-20261006-161350.csv,2026-10-06 16:05:29.144,9.01185
2026-10-06 16:14:30.063,8.2956e-11,Torr,11.small_stm_window_1,spray,11.small_stm_window_1/MassSpecData-02115-20261006-161350.csv,2026-10-06 16:05:29.144,9.015316666666667
2026-10-06 16:14:30.271,8.2585e-11,Torr,11.small_stm_window_1,spray,11.small_stm_window_1/MassSpecData-02115-20261006-161350.csv,2026-10-06 16:05:29.144,9.018783333333333
2026-10-06 16:14:30.480,8.1728e-11,Torr,11.small_stm_window_1,spray,11.small_stm_window_1/MassSpecData-02115-20261006-161350.csv,2026-10-06 16:05:29.144,9.022266666666667
2026-10-06 16:14:30.688,8.7149e-11,Torr,11.small_stm_window_1,spray,11.small_stm_window_1/MassSpecData-02115-20261006-161350.csv,2026-10-06 16:05:29.144,9.025733333333333
2026-10-06 16:14:30.896,8.2498e-11,Torr,11.small_stm_window_1,spray,11.small_stm_window_1/MassSpecData-02115-20261006-161350.csv,2026-10-06 16:05:29.144,9.0292
2026-10-06 16:14:31.105,7.7374e-11,Torr,11.small_stm_window_1,spray,11.small_stm_window_1/MassSpecData-02115-20261006-161350.csv,2026-10-06 16:05:29.144,9.032683333333333
2026-10-06 16:14:31.313,7.9071e-11,Torr,11.small_stm_window_1,spray,11.small_stm_window_1/MassSpecData-02115-20261006-161350.csv,2026-10-06 16:05:29.144,9.03615
2026-10-06 16:14:31.521,8.8249e-11,Torr,11.small_stm_window_1,spray,11.small_stm_window_1/MassSpecData-02115-20261006-161350.csv,2026-10-06 16:05:29.144,9.039616666666666
2026-10-06 16:14:31.730,8.6907e-11,Torr,11.small_stm_window_1,spray,11.small_stm_window_1/MassSpecData-02115-20261006-161350.csv,2026-10-06 16:05:29.144,9.0431
2026-10-06 16:14:31.938,7.9792e-11,Torr,11.small_stm_window_1,spray,11.small_stm_window_1/MassSpecData-02115-20261006-161350.csv,2026-10-06 16:05:29.144,9.046566666666667
2026-10-06 16:14:32.146,9.311e-11,Torr,11.small_stm_window_1,spray,11.small_stm_window_1/MassSpecData-02115-20261006-161350.csv,2026-10-06 16:05:29.144,9.050033333333333
2026-10-06 16:14:32.485,8.2721e-11,Torr,11.small_stm_window_1,spray,11.small_stm_window_1/MassSpecData-02115-20261006-161432.csv,2026-10-06 16:05:29.144,9.055683333333333
2026-10-06 16:14:32.693,8.038e-11,Torr,11.small_stm_window_1,spray,11.small_stm_window_1/MassSpecData-02115-20261006-161432.csv,2026-10-06 16:05:29.144,9.059149999999999
2026-10-06 16:14:32.902,7.9891e-11,Torr,11.small_stm_window_1,spray,11.small_stm_window_1/MassSpecData-02115-20261006-161432.csv,2026-10-06 16:05:29.144,9.062633333333334
2026-10-06 16:14:33.110,8.893e-11,Torr,11.small_stm_window_1,spray,11.small_stm_window_1/MassSpecData-02115-20261006-161432.csv,2026-10-06 16:05:29.144,9.0661
2026-10-06 16:14:33.318,7.5688e-11,Torr,11.small_stm_window_1,spray,11.small_stm_window_1/MassSpecData-02115-20261006-161432.csv,2026-10-06 16:05:29.144,9.069566666666667
2026-10-06 16:14:33.527,7.6744e-11,Torr,11.small_stm_window_1,spray,11.small_stm_window_1/MassSpecData-02115-20261006-161432.csv,2026-10-06 16:05:29.144,9.07305
2026-10-06 16:14:33.735,8.1222e-11,Torr,11.small_stm_window_1,spray,11.small_stm_window_1/MassSpecData-02115-20261006-161432.csv,2026-10-06 16:05:29.144,9.076516666666667
2026-10-06 16:14:33.943,8.2565e-11,Torr,11.small_stm_window_1,spray,11.small_stm_window_1/MassSpecData-02115-20261006-161432.csv,2026-10-06 16:05:29.144,9.079983333333333
2026-10-06 16:14:34.151,7.6612e-11,Torr,11.small_stm_window_1,spray,11.small_stm_window_1/MassSpecData-02115-20261006-161432.csv,2026-10-06 16:05:29.144,9.08345
2026-10-06 16:14:34.360,8.8184e-11,Torr,11.small_stm_window_1,spray,11.small_stm_window_1/MassSpecData-02115-20261006-161432.csv,2026-10-06 16:05:29.144,9.086933333333333
2026-10-06 16:14:34.568,8.7203e-11,Torr,11.small_stm_window_1,spray,11.small_stm_window_1/MassSpecData-02115-20261006-161432.csv,2026-10-06 16:05:29.144,9.090399999999999
2026-10-06 16:14:34.777,9.4604e-11,Torr,11.small_stm_window_1,spray,11.small_stm_window_1/MassSpecData-02115-20261006-161432.csv,2026-10-06 16:05:29.144,9.093883333333334
2026-10-06 16:14:34.985,9.8586e-11,Torr,11.small_stm_window_1,spray,11.small_stm_window_1/MassSpecData-02115-20261006-161432.csv,2026-10-06 16:05:29.144,9.09735
2026-10-06 16:14:35.193,7.7184e-11,Torr,11.small_stm_window_1,spray,11.small_stm_window_1/MassSpecData-02115-20261006-161432.csv,2026-10-06 16:05:29.144,9.100816666666667
2026-10-06 16:14:35.402,9.3295e-11,Torr,11.small_stm_window_1,spray,11.small_stm_window_1/MassSpecData-02115-20261006-161432.csv,2026-10-06 16:05:29.144,9.1043
2026-10-06 16:14:35.610,9.0898e-11,Torr,11.small_stm_window_1,spray,11.small_stm_window_1/MassSpecData-02115-20261006-161432.csv,2026-10-06 16:05:29.144,9.107766666666667
2026-10-06 16:14:35.818,8.5386e-11,Torr,11.small_stm_window_1,spray,11.small_stm_window_1/MassSpecData-02115-20261006-161432.csv,2026-10-06 16:05:29.144,9.111233333333333
2026-10-06 16:14:36.027,9.3621e-11,Torr,11.small_stm_window_1,spray,11.small_stm_window_1/MassSpecData-02115-20261006-161432.csv,2026-10-06 16:05:29.144,9.114716666666668
2026-10-06 16:14:36.235,9.3162e-11,Torr,11.small_stm_window_1,spray,11.small_stm_window_1/MassSpecData-02115-20261006-161432.csv,2026-10-06 16:05:29.144,9.118183333333333
2026-10-06 16:14:36.443,9.6105e-11,Torr,11.small_stm_window_1,spray,11.small_stm_window_1/MassSpecData-02115-20261006-161432.csv,2026-10-06 16:05:29.144,9.121649999999999
2026-10-06 16:14:36.652,7.7393e-11,Torr,11.small_stm_window_1,spray,11.small_stm_window_1/MassSpecData-02115-20261006-161432.csv,2026-10-06 16:05:29.144,9.125133333333334
2026-10-06 16:14:36.860,9.006e-11,Torr,11.small_stm_window_1,spray,11.small_stm_window_1/MassSpecData-02115-20261006-161432.csv,2026-10-06 16:05:29.144,9.1286
2026-10-06 16:14:37.068,7.822e-11,Torr,11.small_stm_window_1,spray,11.small_stm_window_1/MassSpecData-02115-20261006-161432.csv,2026-10-06 16:05:29.144,9.132066666666667
2026-10-06 16:14:37.277,8.4536e-11,Torr,11.small_stm_window_1,spray,11.small_stm_window_1/MassSpecData-02115-20261006-161432.csv,2026-10-06 16:05:29.144,9.13555
2026-10-06 16:14:37.485,9.1865e-11,Torr,11.small_stm_window_1,spray,11.small_stm_window_1/MassSpecData-02115-20261006-161432.csv,2026-10-06 16:05:29.144,9.139016666666667
2026-10-06 16:14:37.693,8.2189e-11,Torr,11.small_stm_window_1,spray,11.small_stm_window_1/MassSpecData-02115-20261006-161432.csv,2026-10-06 16:05:29.144,9.142483333333333
2026-10-06 16:14:37.901,8.4461e-11,Torr,11.small_stm_window_1,spray,11.small_stm_window_1/MassSpecData-02115-20261006-161432.csv,2026-10-06 16:05:29.144,9.14595
2026-10-06 16:14:38.110,9.1586e-11,Torr,11.small_stm_window_1,spray,11.small_stm_window_1/MassSpecData-02115-20261006-161432.csv,2026-10-06 16:05:29.144,9.149433333333333
2026-10-06 16:14:38.318,9.8487e-11,Torr,11.small_stm_window_1,spray,11.small_stm_window_1/MassSpecData-02115-20261006-161432.csv,2026-10-06 16:05:29.144,9.152899999999999
2026-10-06 16:14:38.526,8.6604e-11,Torr,11.small_stm_window_1,spray,11.small_stm_window_1/MassSpecData-02115-20261006-161432.csv,2026-10-06 16:05:29.144,9.156366666666665
2026-10-06 16:14:38.735,7.8243e-11,Torr,11.small_stm_window_1,spray,11.small_stm_window_1/MassSpecData-02115-20261006-161432.csv,2026-10-06 16:05:29.144,9.15985
2026-10-06 16:14:38.943,9.9045e-11,Torr,11.small_stm_window_1,spray,11.small_stm_window_1/MassSpecData-02115-20261006-161432.csv,2026-10-06 16:05:29.144,9.163316666666667
2026-10-06 16:14:39.151,8.1191e-11,Torr,11.small_stm_window_1,spray,11.small_stm_window_1/MassSpecData-02115-20261006-161432.csv,2026-10-06 16:05:29.144,9.166783333333333
2026-10-06 16:14:39.360,9.2429e-11,Torr,11.small_stm_window_1,spray,11.small_stm_window_1/MassSpecData-02115-20261006-161432.csv,2026-10-06 16:05:29.144,9.170266666666667
2026-10-06 16:14:39.568,8.0615e-11,Torr,11.small_stm_window_1,spray,11.small_stm_window_1/MassSpecData-02115-20261006-161432.csv,2026-10-06 16:05:29.144,9.173733333333333
2026-10-06 16:14:39.776,8.0671e-11,Torr,11.small_stm_window_1,spray,11.small_stm_window_1/MassSpecData-02115-20261006-161432.csv,2026-10-06 16:05:29.144,9.1772
2026-10-06 16:14:39.985,9.495e-11,Torr,11.small_stm_window_1,spray,11.small_stm_window_1/MassSpecData-02115-20261006-161432.csv,2026-10-06 16:05:29.144,9.180683333333333
2026-10-06 16:14:40.193,8.2069e-11,Torr,11.small_stm_window_1,spray,11.small_stm_window_1/MassSpecData-02115-20261006-161432.csv,2026-10-06 16:05:29.144,9.184149999999999
2026-10-06 16:14:40.401,7.8076e-11,Torr,11.small_stm_window_1,spray,11.small_stm_window_1/MassSpecData-02115-20261006-161432.csv,2026-10-06 16:05:29.144,9.187616666666665
2026-10-06 16:14:40.610,9.922e-11,Torr,11.small_stm_window_1,spray,11.small_stm_window_1/MassSpecData-02115-20261006-161432.csv,2026-10-06 16:05:29.144,9.1911
2026-10-06 16:14:40.818,8.0523e-11,Torr,11.small_stm_window_1,spray,11.small_stm_window_1/MassSpecData-02115-20261006-161432.csv,2026-10-06 16:05:29.144,9.194566666666667
2026-10-06 16:14:41.026,1.0425e-10,Torr,11.small_stm_window_1,spray,11.small_stm_window_1/MassSpecData-02115-20261006-161432.csv,2026-10-06 16:05:29.144,9.198033333333333
2026-10-06 16:14:41.235,8.5432e-11,Torr,11.small_stm_window_1,spray,11.small_stm_window_1/MassSpecData-02115-20261006-161432.csv,2026-10-06 16:05:29.144,9.201516666666667
2026-10-06 16:14:41.443,9.1798e-11,Torr,11.small_stm_window_1,spray,11.small_stm_window_1/MassSpecData-02115-20261006-161432.csv,2026-10-06 16:05:29.144,9.204983333333333
2026-10-06 16:14:41.652,9.1047e-11,Torr,11.small_stm_window_1,spray,11.small_stm_window_1/MassSpecData-02115-20261006-161432.csv,2026-10-06 16:05:29.144,9.208466666666668
2026-10-06 16:14:41.860,8.5849e-11,Torr,11.small_stm_window_1,spray,11.small_stm_window_1/MassSpecData-02115-20261006-161432.csv,2026-10-06 16:05:29.144,9.211933333333333
2026-10-06 16:14:42.068,8.6141e-11,Torr,11.small_stm_window_1,spray,11.small_stm_window_1/MassSpecData-02115-20261006-161432.csv,2026-10-06 16:05:29.144,9.215399999999999
2026-10-06 16:14:42.277,8.2346e-11,Torr,11.small_stm_window_1,spray,11.small_stm_window_1/MassSpecData-02115-20261006-161432.csv,2026-10-06 16:05:29.144,9.218883333333334
2026-10-06 16:14:42.485,8.1976e-11,Torr,11.small_stm_window_1,spray,11.small_stm_window_1/MassSpecData-02115-20261006-161432.csv,2026-10-06 16:05:29.144,9.22235
2026-10-06 16:14:42.693,7.724e-11,Torr,11.small_stm_window_1,spray,11.small_stm_window_1/MassSpecData-02115-20261006-161432.csv,2026-10-06 16:05:29.144,9.225816666666667
2026-10-06 16:14:42.902,8.6182e-11,Torr,11.small_stm_window_1,spray,11.small_stm_window_1/MassSpecData-02115-20261006-161432.csv,2026-10-06 16:05:29.144,9.2293
2026-10-06 16:14:43.110,7.6471e-11,Torr,11.small_stm_window_1,spray,11.small_stm_window_1/MassSpecData-02115-20261006-161432.csv,2026-10-06 16:05:29.144,9.232766666666667
2026-10-06 16:14:43.318,9.6261e-11,Torr,11.small_stm_window_1,spray,11.small_stm_window_1/MassSpecData-02115-20261006-161432.csv,2026-10-06 16:05:29.144,9.236233333333333
2026-10-06 16:14:43.527,8.2026e-11,Torr,11.small_stm_window_1,spray,11.small_stm_window_1/MassSpecData-02115-20261006-161432.csv,2026-10-06 16:05:29.144,9.239716666666668
2026-10-06 16:14:43.735,9.6323e-11,Torr,11.small_stm_window_1,spray,11.small_stm_window_1/MassSpecData-02115-20261006-161432.csv,2026-10-06 16:05:29.144,9.243183333333333
2026-10-06 16:14:43.943,8.4445e-11,Torr,11.small_stm_window_1,spray,11.small_stm_window_1/MassSpecData-02115-20261006-161432.csv,2026-10-06 16:05:29.144,9.246649999999999
2026-10-06 16:14:44.152,9.16e-11,Torr,11.small_stm_window_1,spray,11.small_stm_window_1/MassSpecData-02115-20261006-161432.csv,2026-10-06 16:05:29.144,9.250133333333334
2026-10-06 16:14:44.360,8.7145e-11,Torr,11.small_stm_window_1,spray,11.small_stm_window_1/MassSpecData-02115-20261006-161432.csv,2026-10-06 16:05:29.144,9.2536
2026-10-06 16:14:44.568,8.7902e-11,Torr,11.small_stm_window_1,spray,11.small_stm_window_1/MassSpecData-02115-20261006-161432.csv,2026-10-06 16:05:29.144,9.257066666666667
2026-10-06 16:14:44.777,8.0794e-11,Torr,11.small_stm_window_1,spray,11.small_stm_window_1/MassSpecData-02115-20261006-161432.csv,2026-10-06 16:05:29.144,9.26055
2026-10-06 16:14:44.985,7.7072e-11,Torr,11.small_stm_window_1,spray,11.small_stm_window_1/MassSpecData-02115-20261006-161432.csv,2026-10-06 16:05:29.144,9.264016666666667
2026-10-06 16:14:45.193,9.7597e-11,Torr,11.small_stm_window_1,spray,11.small_stm_window_1/MassSpecData-02115-20261006-161432.csv,2026-10-06 16:05:29.144,9.267483333333333
2026-10-06 16:14:45.402,7.2864e-11,Torr,11.small_stm_window_1,spray,11.small_stm_window_1/MassSpecData-02115-20261006-161432.csv,2026-10-06 16:05:29.144,9.270966666666668
2026-10-06 16:14:45.610,7.9331e-11,Torr,11.small_stm_window_1,spray,11.small_stm_window_1/MassSpecData-02115-20261006-161432.csv,2026-10-06 16:05:29.144,9.274433333333333
2026-10-06 16:14:45.818,8.3439e-11,Torr,11.small_stm_window_1,spray,11.small_stm_window_1/MassSpecData-02115-20261006-161432.csv,2026-10-06 16:05:29.144,9.277899999999999
2026-10-06 16:14:46.027,8.9309e-11,Torr,11.small_stm_window_1,spray,11.small_stm_window_1/MassSpecData-02115-20261006-161432.csv,2026-10-06 16:05:29.144,9.281383333333334
2026-10-06 16:14:46.235,1.0012e-10,Torr,11.small_stm_window_1,spray,11.small_stm_window_1/MassSpecData-02115-20261006-161432.csv,2026-10-06 16:05:29.144,9.28485
2026-10-06 16:14:46.443,8.3786e-11,Torr,11.small_stm_window_1,spray,11.small_stm_window_1/MassSpecData-02115-20261006-161432.csv,2026-10-06 16:05:29.144,9.288316666666667
2026-10-06 16:14:46.652,8.1425e-11,Torr,11.small_stm_window_1,spray,11.small_stm_window_1/MassSpecData-02115-20261006-161432.csv,2026-10-06 16:05:29.144,9.2918
2026-10-06 16:14:46.860,8.2375e-11,Torr,11.small_stm_window_1,spray,11.small_stm_window_1/MassSpecData-02115-20261006-161432.csv,2026-10-06 16:05:29.144,9.295266666666667
2026-10-06 16:14:47.068,1.0603e-10,Torr,11.small_stm_window_1,spray,11.small_stm_window_1/MassSpecData-02115-20261006-161432.csv,2026-10-06 16:05:29.144,9.298733333333333
2026-10-06 16:14:47.277,6.5401e-11,Torr,11.small_stm_window_1,spray,11.small_stm_window_1/MassSpecData-02115-20261006-161432.csv,2026-10-06 16:05:29.144,9.302216666666668
2026-10-06 16:14:47.485,8.7152e-11,Torr,11.small_stm_window_1,spray,11.small_stm_window_1/MassSpecData-02115-20261006-161432.csv,2026-10-06 16:05:29.144,9.305683333333333
2026-10-06 16:14:47.693,8.0038e-11,Torr,11.small_stm_window_1,spray,11.small_stm_window_1/MassSpecData-02115-20261006-161432.csv,2026-10-06 16:05:29.144,9.309149999999999
2026-10-06 16:14:47.902,1.0797e-10,Torr,11.small_stm_window_1,spray,11.small_stm_window_1/MassSpecData-02115-20261006-161432.csv,2026-10-06 16:05:29.144,9.312633333333334
2026-10-06 16:14:48.110,7.8822e-11,Torr,11.small_stm_window_1,spray,11.small_stm_window_1/MassSpecData-02115-20261006-161432.csv,2026-10-06 16:05:29.144,9.3161
2026-10-06 16:14:48.318,8.6373e-11,Torr,11.small_stm_window_1,spray,11.small_stm_window_1/MassSpecData-02115-20261006-161432.csv,2026-10-06 16:05:29.144,9.319566666666667
2026-10-06 16:14:48.527,9.6406e-11,Torr,11.small_stm_window_1,spray,11.small_stm_window_1/MassSpecData-02115-20261006-161432.csv,2026-10-06 16:05:29.144,9.32305
2026-10-06 16:14:48.735,7.4527e-11,Torr,11.small_stm_window_1,spray,11.small_stm_window_1/MassSpecData-02115-20261006-161432.csv,2026-10-06 16:05:29.144,9.326516666666667
2026-10-06 16:14:48.943,1.0832e-10,Torr,11.small_stm_window_1,spray,11.small_stm_window_1/MassSpecData-02115-20261006-161432.csv,2026-10-06 16:05:29.144,9.329983333333333
2026-10-06 16:14:49.152,1.1965e-10,Torr,11.small_stm_window_1,spray,11.small_stm_window_1/MassSpecData-02115-20261006-161432.csv,2026-10-06 16:05:29.144,9.333466666666668
2026-10-06 16:14:49.360,7.8611e-11,Torr,11.small_stm_window_1,spray,11.small_stm_window_1/MassSpecData-02115-20261006-161432.csv,2026-10-06 16:05:29.144,9.336933333333333
2026-10-06 16:14:49.568,8.9174e-11,Torr,11.small_stm_window_1,spray,11.small_stm_window_1/MassSpecData-02115-20261006-161432.csv,2026-10-06 16:05:29.144,9.340399999999999
2026-10-06 16:14:49.777,9.0154e-11,Torr,11.small_stm_window_1,spray,11.small_stm_window_1/MassSpecData-02115-20261006-161432.csv,2026-10-06 16:05:29.144,9.343883333333334
2026-10-06 16:14:49.985,7.9652e-11,Torr,11.small_stm_window_1,spray,11.small_stm_window_1/MassSpecData-02115-20261006-161432.csv,2026-10-06 16:05:29.144,9.34735
2026-10-06 16:14:50.193,8.2493e-11,Torr,11.small_stm_window_1,spray,11.small_stm_window_1/MassSpecData-02115-20261006-161432.csv,2026-10-06 16:05:29.144,9.350816666666667
2026-10-06 16:14:50.402,1.0392e-10,Torr,11.small_stm_window_1,spray,11.small_stm_window_1/MassSpecData-02115-20261006-161432.csv,2026-10-06 16:05:29.144,9.3543
2026-10-06 16:14:50.610,8.3505e-11,Torr,11.small_stm_window_1,spray,11.small_stm_window_1/MassSpecData-02115-20261006-161432.csv,2026-10-06 16:05:29.144,9.357766666666667
2026-10-06 16:14:50.818,8.4868e-11,Torr,11.small_stm_window_1,spray,11.small_stm_window_1/MassSpecData-02115-20261006-161432.csv,2026-10-06 16:05:29.144,9.361233333333333
2026-10-06 16:14:51.027,9.1093e-11,Torr,11.small_stm_window_1,spray,11.small_stm_window_1/MassSpecData-02115-20261006-161432.csv,2026-10-06 16:05:29.144,9.364716666666668
2026-10-06 16:14:51.235,8.3311e-11,Torr,11.small_stm_window_1,spray,11.small_stm_window_1/MassSpecData-02115-20261006-161432.csv,2026-10-06 16:05:29.144,9.368183333333333
2026-10-06 16:14:51.443,1.0264e-10,Torr,11.small_stm_window_1,spray,11.small_stm_window_1/MassSpecData-02115-20261006-161432.csv,2026-10-06 16:05:29.144,9.371649999999999
2026-10-06 16:14:51.652,8.2599e-11,Torr,11.small_stm_window_1,spray,11.small_stm_window_1/MassSpecData-02115-20261006-161432.csv,2026-10-06 16:05:29.144,9.375133333333334
2026-10-06 16:14:51.860,8.1208e-11,Torr,11.small_stm_window_1,spray,11.small_stm_window_1/MassSpecData-02115-20261006-161432.csv,2026-10-06 16:05:29.144,9.3786
2026-10-06 16:14:52.068,7.6848e-11,Torr,11.small_stm_window_1,spray,11.small_stm_window_1/MassSpecData-02115-20261006-161432.csv,2026-10-06 16:05:29.144,9.382066666666667
2026-10-06 16:14:52.276,8.2629e-11,Torr,11.small_stm_window_1,spray,11.small_stm_window_1/MassSpecData-02115-20261006-161432.csv,2026-10-06 16:05:29.144,9.385533333333333
2026-10-06 16:14:52.485,9.3782e-11,Torr,11.small_stm_window_1,spray,11.small_stm_window_1/MassSpecData-02115-20261006-161432.csv,2026-10-06 16:05:29.144,9.389016666666667
2026-10-06 16:14:52.693,8.6131e-11,Torr,11.small_stm_window_1,spray,11.small_stm_window_1/MassSpecData-02115-20261006-161432.csv,2026-10-06 16:05:29.144,9.392483333333333
2026-10-06 16:14:52.901,8.8201e-11,Torr,11.small_stm_window_1,spray,11.small_stm_window_1/MassSpecData-02115-20261006-161432.csv,2026-10-06 16:05:29.144,9.39595
2026-10-06 16:14:53.110,8.4493e-11,Torr,11.small_stm_window_1,spray,11.small_stm_window_1/MassSpecData-02115-20261006-161432.csv,2026-10-06 16:05:29.144,9.399433333333333
2026-10-06 16:14:53.318,9.5727e-11,Torr,11.small_stm_window_1,spray,11.small_stm_window_1/MassSpecData-02115-20261006-161432.csv,2026-10-06 16:05:29.144,9.402899999999999
2026-10-06 16:14:53.526,7.4874e-11,Torr,11.small_stm_window_1,spray,11.small_stm_window_1/MassSpecData-02115-20261006-161432.csv,2026-10-06 16:05:29.144,9.406366666666665
2026-10-06 16:14:53.735,6.9746e-11,Torr,11.small_stm_window_1,spray,11.small_stm_window_1/MassSpecData-02115-20261006-161432.csv,2026-10-06 16:05:29.144,9.40985
2026-10-06 16:14:53.943,8.1698e-11,Torr,11.small_stm_window_1,spray,11.small_stm_window_1/MassSpecData-02115-20261006-161432.csv,2026-10-06 16:05:29.144,9.413316666666667
2026-10-06 16:14:54.151,8.9328e-11,Torr,11.small_stm_window_1,spray,11.small_stm_window_1/MassSpecData-02115-20261006-161432.csv,2026-10-06 16:05:29.144,9.416783333333333
2026-10-06 16:14:54.360,7.8704e-11,Torr,11.small_stm_window_1,spray,11.small_stm_window_1/MassSpecData-02115-20261006-161432.csv,2026-10-06 16:05:29.144,9.420266666666667
2026-10-06 16:14:54.568,8.1505e-11,Torr,11.small_stm_window_1,spray,11.small_stm_window_1/MassSpecData-02115-20261006-161432.csv,2026-10-06 16:05:29.144,9.423733333333333
2026-10-06 16:14:54.776,7.9024e-11,Torr,11.small_stm_window_1,spray,11.small_stm_window_1/MassSpecData-02115-20261006-161432.csv,2026-10-06 16:05:29.144,9.4272
2026-10-06 16:14:54.985,8.7378e-11,Torr,11.small_stm_window_1,spray,11.small_stm_window_1/MassSpecData-02115-20261006-161432.csv,2026-10-06 16:05:29.144,9.430683333333333
2026-10-06 16:14:55.193,8.3988e-11,Torr,11.small_stm_window_1,spray,11.small_stm_window_1/MassSpecData-02115-20261006-161432.csv,2026-10-06 16:05:29.144,9.434149999999999
2026-10-06 16:14:55.401,9.0258e-11,Torr,11.small_stm_window_1,spray,11.small_stm_window_1/MassSpecData-02115-20261006-161432.csv,2026-10-06 16:05:29.144,9.437616666666665
2026-10-06 16:14:55.610,7.7301e-11,Torr,11.small_stm_window_1,spray,11.small_stm_window_1/MassSpecData-02115-20261006-161432.csv,2026-10-06 16:05:29.144,9.4411
2026-10-06 16:14:55.818,9.1072e-11,Torr,11.small_stm_window_1,spray,11.small_stm_window_1/MassSpecData-02115-20261006-161432.csv,2026-10-06 16:05:29.144,9.444566666666667
2026-10-06 16:14:56.026,8.0597e-11,Torr,11.small_stm_window_1,spray,11.small_stm_window_1/MassSpecData-02115-20261006-161432.csv,2026-10-06 16:05:29.144,9.448033333333333
2026-10-06 16:14:56.235,8.5183e-11,Torr,11.small_stm_window_1,spray,11.small_stm_window_1/MassSpecData-02115-20261006-161432.csv,2026-10-06 16:05:29.144,9.451516666666667
2026-10-06 16:14:56.443,9.5258e-11,Torr,11.small_stm_window_1,spray,11.small_stm_window_1/MassSpecData-02115-20261006-161432.csv,2026-10-06 16:05:29.144,9.454983333333333
2026-10-06 16:14:56.651,9.6561e-11,Torr,11.small_stm_window_1,spray,11.small_stm_window_1/MassSpecData-02115-20261006-161432.csv,2026-10-06 16:05:29.144,9.45845
2026-10-06 16:14:56.860,9.0917e-11,Torr,11.small_stm_window_1,spray,11.small_stm_window_1/MassSpecData-02115-20261006-161432.csv,2026-10-06 16:05:29.144,9.461933333333333
2026-10-06 16:14:57.068,8.0201e-11,Torr,11.small_stm_window_1,spray,11.small_stm_window_1/MassSpecData-02115-20261006-161432.csv,2026-10-06 16:05:29.144,9.465399999999999
2026-10-06 16:14:57.276,9.6768e-11,Torr,11.small_stm_window_1,spray,11.small_stm_window_1/MassSpecData-02115-20261006-161432.csv,2026-10-06 16:05:29.144,9.468866666666665
2026-10-06 16:14:57.485,9.6085e-11,Torr,11.small_stm_window_1,spray,11.small_stm_window_1/MassSpecData-02115-20261006-161432.csv,2026-10-06 16:05:29.144,9.47235
2026-10-06 16:14:57.693,8.005e-11,Torr,11.small_stm_window_1,spray,11.small_stm_window_1/MassSpecData-02115-20261006-161432.csv,2026-10-06 16:05:29.144,9.475816666666667
2026-10-06 16:14:57.901,9.7758e-11,Torr,11.small_stm_window_1,spray,11.small_stm_window_1/MassSpecData-02115-20261006-161432.csv,2026-10-06 16:05:29.144,9.479283333333333
2026-10-06 16:14:58.110,8.9903e-11,Torr,11.small_stm_window_1,spray,11.small_stm_window_1/MassSpecData-02115-20261006-161432.csv,2026-10-06 16:05:29.144,9.482766666666667
2026-10-06 16:14:58.318,9.5917e-11,Torr,11.small_stm_window_1,spray,11.small_stm_window_1/MassSpecData-02115-20261006-161432.csv,2026-10-06 16:05:29.144,9.486233333333333
2026-10-06 16:14:58.526,8.4907e-11,Torr,11.small_stm_window_1,spray,11.small_stm_window_1/MassSpecData-02115-20261006-161432.csv,2026-10-06 16:05:29.144,9.4897
2026-10-06 16:14:58.735,9.2129e-11,Torr,11.small_stm_window_1,spray,11.small_stm_window_1/MassSpecData-02115-20261006-161432.csv,2026-10-06 16:05:29.144,9.493183333333333
2026-10-06 16:14:58.943,7.964e-11,Torr,11.small_stm_window_1,spray,11.small_stm_window_1/MassSpecData-02115-20261006-161432.csv,2026-10-06 16:05:29.144,9.496649999999999
2026-10-06 16:14:59.151,7.269e-11,Torr,11.small_stm_window_1,spray,11.small_stm_window_1/MassSpecData-02115-20261006-161432.csv,2026-10-06 16:05:29.144,9.500116666666665
2026-10-06 16:14:59.360,7.9849e-11,Torr,11.small_stm_window_1,spray,11.small_stm_window_1/MassSpecData-02115-20261006-161432.csv,2026-10-06 16:05:29.144,9.5036
2026-10-06 16:14:59.568,8.3231e-11,Torr,11.small_stm_window_1,spray,11.small_stm_window_1/MassSpecData-02115-20261006-161432.csv,2026-10-06 16:05:29.144,9.507066666666667
2026-10-06 16:14:59.776,7.8542e-11,Torr,11.small_stm_window_1,spray,11.small_stm_window_1/MassSpecData-02115-20261006-161432.csv,2026-10-06 16:05:29.144,9.510533333333333
2026-10-06 16:14:59.985,6.997e-11,Torr,11.small_stm_window_1,spray,11.small_stm_window_1/MassSpecData-02115-20261006-161432.csv,2026-10-06 16:05:29.144,9.514016666666667
2026-10-06 16:15:00.193,9.1983e-11,Torr,11.small_stm_window_1,spray,11.small_stm_window_1/MassSpecData-02115-20261006-161432.csv,2026-10-06 16:05:29.144,9.517483333333333
2026-10-06 16:15:00.401,9.3931e-11,Torr,11.small_stm_window_1,spray,11.small_stm_window_1/MassSpecData-02115-20261006-161432.csv,2026-10-06 16:05:29.144,9.52095
2026-10-06 16:15:00.610,7.6951e-11,Torr,11.small_stm_window_1,spray,11.small_stm_window_1/MassSpecData-02115-20261006-161432.csv,2026-10-06 16:05:29.144,9.524433333333333
2026-10-06 16:15:00.818,9.8537e-11,Torr,11.small_stm_window_1,spray,11.small_stm_window_1/MassSpecData-02115-20261006-161432.csv,2026-10-06 16:05:29.144,9.527899999999999
2026-10-06 16:15:01.026,9.2581e-11,Torr,11.small_stm_window_1,spray,11.small_stm_window_1/MassSpecData-02115-20261006-161432.csv,2026-10-06 16:05:29.144,9.531366666666665
2026-10-06 16:15:01.235,8.362e-11,Torr,11.small_stm_window_1,spray,11.small_stm_window_1/MassSpecData-02115-20261006-161432.csv,2026-10-06 16:05:29.144,9.53485
2026-10-06 16:15:01.443,8.5948e-11,Torr,11.small_stm_window_1,spray,11.small_stm_window_1/MassSpecData-02115-20261006-161432.csv,2026-10-06 16:05:29.144,9.538316666666667
2026-10-06 16:15:01.651,8.2654e-11,Torr,11.small_stm_window_1,spray,11.small_stm_window_1/MassSpecData-02115-20261006-161432.csv,2026-10-06 16:05:29.144,9.541783333333333
2026-10-06 16:15:01.860,1.0109e-10,Torr,11.small_stm_window_1,spray,11.small_stm_window_1/MassSpecData-02115-20261006-161432.csv,2026-10-06 16:05:29.144,9.545266666666667
2026-10-06 16:15:02.068,7.9906e-11,Torr,11.small_stm_window_1,spray,11.small_stm_window_1/MassSpecData-02115-20261006-161432.csv,2026-10-06 16:05:29.144,9.548733333333333
2026-10-06 16:15:02.276,9.7968e-11,Torr,11.small_stm_window_1,spray,11.small_stm_window_1/MassSpecData-02115-20261006-161432.csv,2026-10-06 16:05:29.144,9.5522
2026-10-06 16:15:02.485,8.1869e-11,Torr,11.small_stm_window_1,spray,11.small_stm_window_1/MassSpecData-02115-20261006-161432.csv,2026-10-06 16:05:29.144,9.555683333333333
2026-10-06 16:15:02.693,9.5932e-11,Torr,11.small_stm_window_1,spray,11.small_stm_window_1/MassSpecData-02115-20261006-161432.csv,2026-10-06 16:05:29.144,9.559149999999999
2026-10-06 16:15:02.901,8.9172e-11,Torr,11.small_stm_window_1,spray,11.small_stm_window_1/MassSpecData-02115-20261006-161432.csv,2026-10-06 16:05:29.144,9.562616666666665
2026-10-06 16:15:03.110,8.8644e-11,Torr,11.small_stm_window_1,spray,11.small_stm_window_1/MassSpecData-02115-20261006-161432.csv,2026-10-06 16:05:29.144,9.5661
2026-10-06 16:15:03.318,9.6656e-11,Torr,11.small_stm_window_1,spray,11.small_stm_window_1/MassSpecData-02115-20261006-161432.csv,2026-10-06 16:05:29.144,9.569566666666667
2026-10-06 16:15:03.526,8.0708e-11,Torr,11.small_stm_window_1,spray,11.small_stm_window_1/MassSpecData-02115-20261006-161432.csv,2026-10-06 16:05:29.144,9.573033333333333
2026-10-06 16:15:03.735,8.6516e-11,Torr,11.small_stm_window_1,spray,11.small_stm_window_1/MassSpecData-02115-20261006-161432.csv,2026-10-06 16:05:29.144,9.576516666666667
2026-10-06 16:15:03.943,8.2289e-11,Torr,11.small_stm_window_1,spray,11.small_stm_window_1/MassSpecData-02115-20261006-161432.csv,2026-10-06 16:05:29.144,9.579983333333333
2026-10-06 16:15:04.151,7.675e-11,Torr,11.small_stm_window_1,spray,11.small_stm_window_1/MassSpecData-02115-20261006-161432.csv,2026-10-06 16:05:29.144,9.58345
2026-10-06 16:15:04.360,1.0214e-10,Torr,11.small_stm_window_1,spray,11.small_stm_window_1/MassSpecData-02115-20261006-161432.csv,2026-10-06 16:05:29.144,9.586933333333333
2026-10-06 16:15:04.568,8.2499e-11,Torr,11.small_stm_window_1,spray,11.small_stm_window_1/MassSpecData-02115-20261006-161432.csv,2026-10-06 16:05:29.144,9.590399999999999
2026-10-06 16:15:04.776,8.1874e-11,Torr,11.small_stm_window_1,spray,11.small_stm_window_1/MassSpecData-02115-20261006-161432.csv,2026-10-06 16:05:29.144,9.593866666666665
2026-10-06 16:15:04.985,7.8158e-11,Torr,11.small_stm_window_1,spray,11.small_stm_window_1/MassSpecData-02115-20261006-161432.csv,2026-10-06 16:05:29.144,9.59735
2026-10-06 16:15:05.193,9.2668e-11,Torr,11.small_stm_window_1,spray,11.small_stm_window_1/MassSpecData-02115-20261006-161432.csv,2026-10-06 16:05:29.144,9.600816666666667
2026-10-06 16:15:05.401,9.6261e-11,Torr,11.small_stm_window_1,spray,11.small_stm_window_1/MassSpecData-02115-20261006-161432.csv,2026-10-06 16:05:29.144,9.604283333333333
2026-10-06 16:15:05.610,9.2388e-11,Torr,11.small_stm_window_1,spray,11.small_stm_window_1/MassSpecData-02115-20261006-161432.csv,2026-10-06 16:05:29.144,9.607766666666667
2026-10-06 16:15:05.818,8.3727e-11,Torr,11.small_stm_window_1,spray,11.small_stm_window_1/MassSpecData-02115-20261006-161432.csv,2026-10-06 16:05:29.144,9.611233333333333
2026-10-06 16:15:06.026,8.5349e-11,Torr,11.small_stm_window_1,spray,11.small_stm_window_1/MassSpecData-02115-20261006-161432.csv,2026-10-06 16:05:29.144,9.6147
2026-10-06 16:15:06.235,7.2857e-11,Torr,11.small_stm_window_1,spray,11.small_stm_window_1/MassSpecData-02115-20261006-161432.csv,2026-10-06 16:05:29.144,9.618183333333333
2026-10-06 16:15:06.443,8.4764e-11,Torr,11.small_stm_window_1,spray,11.small_stm_window_1/MassSpecData-02115-20261006-161432.csv,2026-10-06 16:05:29.144,9.621649999999999
2026-10-06 16:15:06.651,8.2027e-11,Torr,11.small_stm_window_1,spray,11.small_stm_window_1/MassSpecData-02115-20261006-161432.csv,2026-10-06 16:05:29.144,9.625116666666665
2026-10-06 16:15:06.860,7.7205e-11,Torr,11.small_stm_window_1,spray,11.small_stm_window_1/MassSpecData-02115-20261006-161432.csv,2026-10-06 16:05:29.144,9.6286
2026-10-06 16:15:07.068,7.5259e-11,Torr,11.small_stm_window_1,spray,11.small_stm_window_1/MassSpecData-02115-20261006-161432.csv,2026-10-06 16:05:29.144,9.632066666666667
2026-10-06 16:15:07.276,8.4189e-11,Torr,11.small_stm_window_1,spray,11.small_stm_window_1/MassSpecData-02115-20261006-161432.csv,2026-10-06 16:05:29.144,9.635533333333333
2026-10-06 16:15:07.485,7.7007e-11,Torr,11.small_stm_window_1,spray,11.small_stm_window_1/MassSpecData-02115-20261006-161432.csv,2026-10-06 16:05:29.144,9.639016666666667
2026-10-06 16:15:07.693,7.7186e-11,Torr,11.small_stm_window_1,spray,11.small_stm_window_1/MassSpecData-02115-20261006-161432.csv,2026-10-06 16:05:29.144,9.642483333333333
2026-10-06 16:15:07.901,7.8731e-11,Torr,11.small_stm_window_1,spray,11.small_stm_window_1/MassSpecData-02115-20261006-161432.csv,2026-10-06 16:05:29.144,9.64595
2026-10-06 16:15:08.110,8.3336e-11,Torr,11.small_stm_window_1,spray,11.small_stm_window_1/MassSpecData-02115-20261006-161432.csv,2026-10-06 16:05:29.144,9.649433333333333
2026-10-06 16:15:08.318,7.2504e-11,Torr,11.small_stm_window_1,spray,11.small_stm_window_1/MassSpecData-02115-20261006-161432.csv,2026-10-06 16:05:29.144,9.652899999999999
2026-10-06 16:15:08.526,1.1949e-10,Torr,11.small_stm_window_1,spray,11.small_stm_window_1/MassSpecData-02115-20261006-161432.csv,2026-10-06 16:05:29.144,9.656366666666665
2026-10-06 16:15:08.735,8.3251e-11,Torr,11.small_stm_window_1,spray,11.small_stm_window_1/MassSpecData-02115-20261006-161432.csv,2026-10-06 16:05:29.144,9.65985
2026-10-06 16:15:08.943,9.6842e-11,Torr,11.small_stm_window_1,spray,11.small_stm_window_1/MassSpecData-02115-20261006-161432.csv,2026-10-06 16:05:29.144,9.663316666666667
2026-10-06 16:15:09.151,9.1029e-11,Torr,11.small_stm_window_1,spray,11.small_stm_window_1/MassSpecData-02115-20261006-161432.csv,2026-10-06 16:05:29.144,9.666783333333333
2026-10-06 16:15:09.360,9.0998e-11,Torr,11.small_stm_window_1,spray,11.small_stm_window_1/MassSpecData-02115-20261006-161432.csv,2026-10-06 16:05:29.144,9.670266666666667
2026-10-06 16:15:09.568,7.4101e-11,Torr,11.small_stm_window_1,spray,11.small_stm_window_1/MassSpecData-02115-20261006-161432.csv,2026-10-06 16:05:29.144,9.673733333333333
2026-10-06 16:15:09.776,9.5532e-11,Torr,11.small_stm_window_1,spray,11.small_stm_window_1/MassSpecData-02115-20261006-161432.csv,2026-10-06 16:05:29.144,9.6772
2026-10-06 16:15:09.985,8.4607e-11,Torr,11.small_stm_window_1,spray,11.small_stm_window_1/MassSpecData-02115-20261006-161432.csv,2026-10-06 16:05:29.144,9.680683333333333
2026-10-06 16:15:10.193,8.0431e-11,Torr,11.small_stm_window_1,spray,11.small_stm_window_1/MassSpecData-02115-20261006-161432.csv,2026-10-06 16:05:29.144,9.684149999999999
2026-10-06 16:15:10.402,9.4274e-11,Torr,11.small_stm_window_1,spray,11.small_stm_window_1/MassSpecData-02115-20261006-161432.csv,2026-10-06 16:05:29.144,9.687633333333334
2026-10-06 16:15:10.610,9.9204e-11,Torr,11.small_stm_window_1,spray,11.small_stm_window_1/MassSpecData-02115-20261006-161432.csv,2026-10-06 16:05:29.144,9.6911
2026-10-06 16:15:10.818,8.8469e-11,Torr,11.small_stm_window_1,spray,11.small_stm_window_1/MassSpecData-02115-20261006-161432.csv,2026-10-06 16:05:29.144,9.694566666666667
2026-10-06 16:15:11.027,8.1987e-11,Torr,11.small_stm_window_1,spray,11.small_stm_window_1/MassSpecData-02115-20261006-161432.csv,2026-10-06 16:05:29.144,9.69805
2026-10-06 16:15:11.235,8.4119e-11,Torr,11.small_stm_window_1,spray,11.small_stm_window_1/MassSpecData-02115-20261006-161432.csv,2026-10-06 16:05:29.144,9.701516666666667
2026-10-06 16:15:11.443,7.7969e-11,Torr,11.small_stm_window_1,spray,11.small_stm_window_1/MassSpecData-02115-20261006-161432.csv,2026-10-06 16:05:29.144,9.704983333333333
2026-10-06 16:15:11.652,9.3689e-11,Torr,11.small_stm_window_1,spray,11.small_stm_window_1/MassSpecData-02115-20261006-161432.csv,2026-10-06 16:05:29.144,9.708466666666668
2026-10-06 16:15:11.860,9.4208e-11,Torr,11.small_stm_window_1,spray,11.small_stm_window_1/MassSpecData-02115-20261006-161432.csv,2026-10-06 16:05:29.144,9.711933333333333
2026-10-06 16:15:12.068,8.7393e-11,Torr,11.small_stm_window_1,spray,11.small_stm_window_1/MassSpecData-02115-20261006-161432.csv,2026-10-06 16:05:29.144,9.715399999999999
2026-10-06 16:15:12.277,8.6424e-11,Torr,11.small_stm_window_1,spray,11.small_stm_window_1/MassSpecData-02115-20261006-161432.csv,2026-10-06 16:05:29.144,9.718883333333334
2026-10-06 16:15:12.485,8.1175e-11,Torr,11.small_stm_window_1,spray,11.small_stm_window_1/MassSpecData-02115-20261006-161432.csv,2026-10-06 16:05:29.144,9.72235
2026-10-06 16:15:12.693,9.5565e-11,Torr,11.small_stm_window_1,spray,11.small_stm_window_1/MassSpecData-02115-20261006-161432.csv,2026-10-06 16:05:29.144,9.725816666666667
2026-10-06 16:15:12.902,8.1633e-11,Torr,11.small_stm_window_1,spray,11.small_stm_window_1/MassSpecData-02115-20261006-161432.csv,2026-10-06 16:05:29.144,9.7293
2026-10-06 16:15:13.110,8.9422e-11,Torr,11.small_stm_window_1,spray,11.small_stm_window_1/MassSpecData-02115-20261006-161432.csv,2026-10-06 16:05:29.144,9.732766666666667
2026-10-06 16:15:13.318,7.6847e-11,Torr,11.small_stm_window_1,spray,11.small_stm_window_1/MassSpecData-02115-20261006-161432.csv,2026-10-06 16:05:29.144,9.736233333333333
2026-10-06 16:15:13.527,8.1122e-11,Torr,11.small_stm_window_1,spray,11.small_stm_window_1/MassSpecData-02115-20261006-161432.csv,2026-10-06 16:05:29.144,9.739716666666668
2026-10-06 16:15:13.735,9.2976e-11,Torr,11.small_stm_window_1,spray,11.small_stm_window_1/MassSpecData-02115-20261006-161432.csv,2026-10-06 16:05:29.144,9.743183333333333
2026-10-06 16:15:13.943,7.1528e-11,Torr,11.small_stm_window_1,spray,11.small_stm_window_1/MassSpecData-02115-20261006-161432.csv,2026-10-06 16:05:29.144,9.746649999999999
2026-10-06 16:15:14.283,7.2412e-11,Torr,11.small_stm_window_1,spray,11.small_stm_window_1/MassSpecData-02115-20261006-161514.csv,2026-10-06 16:05:29.144,9.752316666666667
2026-10-06 16:15:14.491,7.7046e-11,Torr,11.small_stm_window_1,spray,11.small_stm_window_1/MassSpecData-02115-20261006-161514.csv,2026-10-06 16:05:29.144,9.755783333333333
2026-10-06 16:15:14.700,7.9589e-11,Torr,11.small_stm_window_1,spray,11.small_stm_window_1/MassSpecData-02115-20261006-161514.csv,2026-10-06 16:05:29.144,9.759266666666667
2026-10-06 16:15:14.908,9.7771e-11,Torr,11.small_stm_window_1,spray,11.small_stm_window_1/MassSpecData-02115-20261006-161514.csv,2026-10-06 16:05:29.144,9.762733333333333
2026-10-06 16:15:15.116,8.1753e-11,Torr,11.small_stm_window_1,spray,11.small_stm_window_1/MassSpecData-02115-20261006-161514.csv,2026-10-06 16:05:29.144,9.7662
2026-10-06 16:15:15.325,8.4419e-11,Torr,11.small_stm_window_1,spray,11.small_stm_window_1/MassSpecData-02115-20261006-161514.csv,2026-10-06 16:05:29.144,9.769683333333335
2026-10-06 16:15:15.533,7.4577e-11,Torr,11.small_stm_window_1,spray,11.small_stm_window_1/MassSpecData-02115-20261006-161514.csv,2026-10-06 16:05:29.144,9.77315
2026-10-06 16:15:15.741,8.3169e-11,Torr,11.small_stm_window_1,spray,11.small_stm_window_1/MassSpecData-02115-20261006-161514.csv,2026-10-06 16:05:29.144,9.776616666666666
2026-10-06 16:15:15.949,8.6272e-11,Torr,11.small_stm_window_1,spray,11.small_stm_window_1/MassSpecData-02115-20261006-161514.csv,2026-10-06 16:05:29.144,9.780083333333332
2026-10-06 16:15:16.158,8.6335e-11,Torr,11.small_stm_window_1,spray,11.small_stm_window_1/MassSpecData-02115-20261006-161514.csv,2026-10-06 16:05:29.144,9.783566666666667
2026-10-06 16:15:16.366,8.4078e-11,Torr,11.small_stm_window_1,spray,11.small_stm_window_1/MassSpecData-02115-20261006-161514.csv,2026-10-06 16:05:29.144,9.787033333333333
2026-10-06 16:15:16.575,9.41e-11,Torr,11.small_stm_window_1,spray,11.small_stm_window_1/MassSpecData-02115-20261006-161514.csv,2026-10-06 16:05:29.144,9.790516666666667
2026-10-06 16:15:16.783,9.5971e-11,Torr,11.small_stm_window_1,spray,11.small_stm_window_1/MassSpecData-02115-20261006-161514.csv,2026-10-06 16:05:29.144,9.793983333333333
2026-10-06 16:15:16.991,8.5538e-11,Torr,11.small_stm_window_1,spray,11.small_stm_window_1/MassSpecData-02115-20261006-161514.csv,2026-10-06 16:05:29.144,9.79745
2026-10-06 16:15:17.200,7.3832e-11,Torr,11.small_stm_window_1,spray,11.small_stm_window_1/MassSpecData-02115-20261006-161514.csv,2026-10-06 16:05:29.144,9.800933333333335
2026-10-06 16:15:17.408,8.3391e-11,Torr,11.small_stm_window_1,spray,11.small_stm_window_1/MassSpecData-02115-20261006-161514.csv,2026-10-06 16:05:29.144,9.8044
2026-10-06 16:15:17.616,8.0087e-11,Torr,11.small_stm_window_1,spray,11.small_stm_window_1/MassSpecData-02115-20261006-161514.csv,2026-10-06 16:05:29.144,9.807866666666666
2026-10-06 16:15:17.825,9.8238e-11,Torr,11.small_stm_window_1,spray,11.small_stm_window_1/MassSpecData-02115-20261006-161514.csv,2026-10-06 16:05:29.144,9.811350000000001
2026-10-06 16:15:18.033,7.8621e-11,Torr,11.small_stm_window_1,spray,11.small_stm_window_1/MassSpecData-02115-20261006-161514.csv,2026-10-06 16:05:29.144,9.814816666666667
2026-10-06 16:15:18.241,8.6819e-11,Torr,11.small_stm_window_1,spray,11.small_stm_window_1/MassSpecData-02115-20261006-161514.csv,2026-10-06 16:05:29.144,9.818283333333333
2026-10-06 16:15:18.450,7.998e-11,Torr,11.small_stm_window_1,spray,11.small_stm_window_1/MassSpecData-02115-20261006-161514.csv,2026-10-06 16:05:29.144,9.821766666666667
2026-10-06 16:15:18.658,7.471e-11,Torr,11.small_stm_window_1,spray,11.small_stm_window_1/MassSpecData-02115-20261006-161514.csv,2026-10-06 16:05:29.144,9.825233333333333
2026-10-06 16:15:18.866,8.074e-11,Torr,11.small_stm_window_1,spray,11.small_stm_window_1/MassSpecData-02115-20261006-161514.csv,2026-10-06 16:05:29.144,9.8287
2026-10-06 16:15:19.075,8.1511e-11,Torr,11.small_stm_window_1,spray,11.small_stm_window_1/MassSpecData-02115-20261006-161514.csv,2026-10-06 16:05:29.144,9.832183333333335
2026-10-06 16:15:19.283,1.0329e-10,Torr,11.small_stm_window_1,spray,11.small_stm_window_1/MassSpecData-02115-20261006-161514.csv,2026-10-06 16:05:29.144,9.83565
2026-10-06 16:15:19.491,9.0759e-11,Torr,11.small_stm_window_1,spray,11.small_stm_window_1/MassSpecData-02115-20261006-161514.csv,2026-10-06 16:05:29.144,9.839116666666666
2026-10-06 16:15:19.699,8.3639e-11,Torr,11.small_stm_window_1,spray,11.small_stm_window_1/MassSpecData-02115-20261006-161514.csv,2026-10-06 16:05:29.144,9.842583333333332
2026-10-06 16:15:19.908,8.3426e-11,Torr,11.small_stm_window_1,spray,11.small_stm_window_1/MassSpecData-02115-20261006-161514.csv,2026-10-06 16:05:29.144,9.846066666666667
2026-10-06 16:15:20.116,8.9291e-11,Torr,11.small_stm_window_1,spray,11.small_stm_window_1/MassSpecData-02115-20261006-161514.csv,2026-10-06 16:05:29.144,9.849533333333333
2026-10-06 16:15:20.324,1.0912e-10,Torr,11.small_stm_window_1,spray,11.small_stm_window_1/MassSpecData-02115-20261006-161514.csv,2026-10-06 16:05:29.144,9.853
2026-10-06 16:15:20.533,9.5813e-11,Torr,11.small_stm_window_1,spray,11.small_stm_window_1/MassSpecData-02115-20261006-161514.csv,2026-10-06 16:05:29.144,9.856483333333333
2026-10-06 16:15:20.741,7.8399e-11,Torr,11.small_stm_window_1,spray,11.small_stm_window_1/MassSpecData-02115-20261006-161514.csv,2026-10-06 16:05:29.144,9.85995
2026-10-06 16:15:20.949,8.2814e-11,Torr,11.small_stm_window_1,spray,11.small_stm_window_1/MassSpecData-02115-20261006-161514.csv,2026-10-06 16:05:29.144,9.863416666666666
2026-10-06 16:15:21.158,8.0447e-11,Torr,11.small_stm_window_1,spray,11.small_stm_window_1/MassSpecData-02115-20261006-161514.csv,2026-10-06 16:05:29.144,9.8669
2026-10-06 16:15:21.366,7.4816e-11,Torr,11.small_stm_window_1,spray,11.small_stm_window_1/MassSpecData-02115-20261006-161514.csv,2026-10-06 16:05:29.144,9.870366666666666
2026-10-06 16:15:21.574,7.451e-11,Torr,11.small_stm_window_1,spray,11.small_stm_window_1/MassSpecData-02115-20261006-161514.csv,2026-10-06 16:05:29.144,9.873833333333332
2026-10-06 16:15:21.783,8.3715e-11,Torr,11.small_stm_window_1,spray,11.small_stm_window_1/MassSpecData-02115-20261006-161514.csv,2026-10-06 16:05:29.144,9.877316666666667
2026-10-06 16:15:21.991,8.4475e-11,Torr,11.small_stm_window_1,spray,11.small_stm_window_1/MassSpecData-02115-20261006-161514.csv,2026-10-06 16:05:29.144,9.880783333333333
2026-10-06 16:15:22.199,8.6304e-11,Torr,11.small_stm_window_1,spray,11.small_stm_window_1/MassSpecData-02115-20261006-161514.csv,2026-10-06 16:05:29.144,9.88425
2026-10-06 16:15:22.408,9.5313e-11,Torr,11.small_stm_window_1,spray,11.small_stm_window_1/MassSpecData-02115-20261006-161514.csv,2026-10-06 16:05:29.144,9.887733333333333
2026-10-06 16:15:22.616,8.7537e-11,Torr,11.small_stm_window_1,spray,11.small_stm_window_1/MassSpecData-02115-20261006-161514.csv,2026-10-06 16:05:29.144,9.8912
2026-10-06 16:15:22.824,7.61e-11,Torr,11.small_stm_window_1,spray,11.small_stm_window_1/MassSpecData-02115-20261006-161514.csv,2026-10-06 16:05:29.144,9.894666666666666
2026-10-06 16:15:23.033,8.02e-11,Torr,11.small_stm_window_1,spray,11.small_stm_window_1/MassSpecData-02115-20261006-161514.csv,2026-10-06 16:05:29.144,9.89815
2026-10-06 16:15:23.241,8.961e-11,Torr,11.small_stm_window_1,spray,11.small_stm_window_1/MassSpecData-02115-20261006-161514.csv,2026-10-06 16:05:29.144,9.901616666666666
2026-10-06 16:15:23.450,9.1711e-11,Torr,11.small_stm_window_1,spray,11.small_stm_window_1/MassSpecData-02115-20261006-161514.csv,2026-10-06 16:05:29.144,9.905100000000001
2026-10-06 16:15:23.658,8.882e-11,Torr,11.small_stm_window_1,spray,11.small_stm_window_1/MassSpecData-02115-20261006-161514.csv,2026-10-06 16:05:29.144,9.908566666666667
2026-10-06 16:15:23.866,9.3538e-11,Torr,11.small_stm_window_1,spray,11.small_stm_window_1/MassSpecData-02115-20261006-161514.csv,2026-10-06 16:05:29.144,9.912033333333333
2026-10-06 16:15:24.075,8.0634e-11,Torr,11.small_stm_window_1,spray,11.small_stm_window_1/MassSpecData-02115-20261006-161514.csv,2026-10-06 16:05:29.144,9.915516666666667
2026-10-06 16:15:24.283,7.9331e-11,Torr,11.small_stm_window_1,spray,11.small_stm_window_1/MassSpecData-02115-20261006-161514.csv,2026-10-06 16:05:29.144,9.918983333333333
2026-10-06 16:15:24.491,8.5802e-11,Torr,11.small_stm_window_1,spray,11.small_stm_window_1/MassSpecData-02115-20261006-161514.csv,2026-10-06 16:05:29.144,9.92245
2026-10-06 16:15:24.700,8.3882e-11,Torr,11.small_stm_window_1,spray,11.small_stm_window_1/MassSpecData-02115-20261006-161514.csv,2026-10-06 16:05:29.144,9.925933333333335
2026-10-06 16:15:24.908,9.4364e-11,Torr,11.small_stm_window_1,spray,11.small_stm_window_1/MassSpecData-02115-20261006-161514.csv,2026-10-06 16:05:29.144,9.9294
2026-10-06 16:15:25.116,7.462e-11,Torr,11.small_stm_window_1,spray,11.small_stm_window_1/MassSpecData-02115-20261006-161514.csv,2026-10-06 16:05:29.144,9.932866666666666
2026-10-06 16:15:25.325,9.2906e-11,Torr,11.small_stm_window_1,spray,11.small_stm_window_1/MassSpecData-02115-20261006-161514.csv,2026-10-06 16:05:29.144,9.936350000000001
2026-10-06 16:15:25.533,8.208e-11,Torr,11.small_stm_window_1,spray,11.small_stm_window_1/MassSpecData-02115-20261006-161514.csv,2026-10-06 16:05:29.144,9.939816666666667
2026-10-06 16:15:25.741,9.3651e-11,Torr,11.small_stm_window_1,spray,11.small_stm_window_1/MassSpecData-02115-20261006-161514.csv,2026-10-06 16:05:29.144,9.943283333333333
2026-10-06 16:15:25.950,8.6202e-11,Torr,11.small_stm_window_1,spray,11.small_stm_window_1/MassSpecData-02115-20261006-161514.csv,2026-10-06 16:05:29.144,9.946766666666667
2026-10-06 16:15:26.158,8.3127e-11,Torr,11.small_stm_window_1,spray,11.small_stm_window_1/MassSpecData-02115-20261006-161514.csv,2026-10-06 16:05:29.144,9.950233333333333
2026-10-06 16:15:26.366,7.6221e-11,Torr,11.small_stm_window_1,spray,11.small_stm_window_1/MassSpecData-02115-20261006-161514.csv,2026-10-06 16:05:29.144,9.9537
2026-10-06 16:15:26.575,8.3117e-11,Torr,11.small_stm_window_1,spray,11.small_stm_window_1/MassSpecData-02115-20261006-161514.csv,2026-10-06 16:05:29.144,9.957183333333335
2026-10-06 16:15:26.783,8.9236e-11,Torr,11.small_stm_window_1,spray,11.small_stm_window_1/MassSpecData-02115-20261006-161514.csv,2026-10-06 16:05:29.144,9.96065
2026-10-06 16:15:26.991,7.6754e-11,Torr,11.small_stm_window_1,spray,11.small_stm_window_1/MassSpecData-02115-20261006-161514.csv,2026-10-06 16:05:29.144,9.964116666666666
2026-10-06 16:15:27.200,7.0859e-11,Torr,11.small_stm_window_1,spray,11.small_stm_window_1/MassSpecData-02115-20261006-161514.csv,2026-10-06 16:05:29.144,9.967600000000001
2026-10-06 16:15:27.408,8.3688e-11,Torr,11.small_stm_window_1,spray,11.small_stm_window_1/MassSpecData-02115-20261006-161514.csv,2026-10-06 16:05:29.144,9.971066666666667
2026-10-06 16:15:27.616,8.3635e-11,Torr,11.small_stm_window_1,spray,11.small_stm_window_1/MassSpecData-02115-20261006-161514.csv,2026-10-06 16:05:29.144,9.974533333333333
2026-10-06 16:15:27.825,7.1586e-11,Torr,11.small_stm_window_1,spray,11.small_stm_window_1/MassSpecData-02115-20261006-161514.csv,2026-10-06 16:05:29.144,9.978016666666667
2026-10-06 16:15:28.033,8.2116e-11,Torr,11.small_stm_window_1,spray,11.small_stm_window_1/MassSpecData-02115-20261006-161514.csv,2026-10-06 16:05:29.144,9.981483333333333
2026-10-06 16:15:28.241,8.9102e-11,Torr,11.small_stm_window_1,spray,11.small_stm_window_1/MassSpecData-02115-20261006-161514.csv,2026-10-06 16:05:29.144,9.98495
2026-10-06 16:15:28.450,8.0961e-11,Torr,11.small_stm_window_1,spray,11.small_stm_window_1/MassSpecData-02115-20261006-161514.csv,2026-10-06 16:05:29.144,9.988433333333335
2026-10-06 16:15:28.658,9.3361e-11,Torr,11.small_stm_window_1,spray,11.small_stm_window_1/MassSpecData-02115-20261006-161514.csv,2026-10-06 16:05:29.144,9.9919
2026-10-06 16:15:28.866,9.2062e-11,Torr,11.small_stm_window_1,spray,11.small_stm_window_1/MassSpecData-02115-20261006-161514.csv,2026-10-06 16:05:29.144,9.995366666666666
2026-10-06 16:15:29.075,8.7003e-11,Torr,11.small_stm_window_1,spray,11.small_stm_window_1/MassSpecData-02115-20261006-161514.csv,2026-10-06 16:05:29.144,9.998850000000001
2026-10-06 16:15:29.283,8.3235e-11,Torr,11.small_stm_window_1,spray,11.small_stm_window_1/MassSpecData-02115-20261006-161514.csv,2026-10-06 16:05:29.144,10.002316666666667
2026-10-06 16:15:29.491,8.9361e-11,Torr,11.small_stm_window_1,spray,11.small_stm_window_1/MassSpecData-02115-20261006-161514.csv,2026-10-06 16:05:29.144,10.005783333333333
2026-10-06 16:15:29.700,9.1009e-11,Torr,11.small_stm_window_1,spray,11.small_stm_window_1/MassSpecData-02115-20261006-161514.csv,2026-10-06 16:05:29.144,10.009266666666667
2026-10-06 16:15:29.908,9.7979e-11,Torr,11.small_stm_window_1,spray,11.small_stm_window_1/MassSpecData-02115-20261006-161514.csv,2026-10-06 16:05:29.144,10.012733333333333
2026-10-06 16:15:30.116,9.0022e-11,Torr,11.small_stm_window_1,spray,11.small_stm_window_1/MassSpecData-02115-20261006-161514.csv,2026-10-06 16:05:29.144,10.0162
2026-10-06 16:15:30.325,9.0253e-11,Torr,11.small_stm_window_1,spray,11.small_stm_window_1/MassSpecData-02115-20261006-161514.csv,2026-10-06 16:05:29.144,10.019683333333335
2026-10-06 16:15:30.533,9.7155e-11,Torr,11.small_stm_window_1,spray,11.small_stm_window_1/MassSpecData-02115-20261006-161514.csv,2026-10-06 16:05:29.144,10.02315
2026-10-06 16:15:30.741,9.2863e-11,Torr,11.small_stm_window_1,spray,11.small_stm_window_1/MassSpecData-02115-20261006-161514.csv,2026-10-06 16:05:29.144,10.026616666666666
2026-10-06 16:15:30.950,7.7527e-11,Torr,11.small_stm_window_1,spray,11.small_stm_window_1/MassSpecData-02115-20261006-161514.csv,2026-10-06 16:05:29.144,10.030100000000001
2026-10-06 16:15:31.158,8.3245e-11,Torr,11.small_stm_window_1,spray,11.small_stm_window_1/MassSpecData-02115-20261006-161514.csv,2026-10-06 16:05:29.144,10.033566666666667
2026-10-06 16:15:31.366,8.4895e-11,Torr,11.small_stm_window_1,spray,11.small_stm_window_1/MassSpecData-02115-20261006-161514.csv,2026-10-06 16:05:29.144,10.037033333333333
2026-10-06 16:15:31.575,9.4801e-11,Torr,11.small_stm_window_1,spray,11.small_stm_window_1/MassSpecData-02115-20261006-161514.csv,2026-10-06 16:05:29.144,10.040516666666667
2026-10-06 16:15:31.783,8.6566e-11,Torr,11.small_stm_window_1,spray,11.small_stm_window_1/MassSpecData-02115-20261006-161514.csv,2026-10-06 16:05:29.144,10.043983333333333
2026-10-06 16:15:31.991,8.7437e-11,Torr,11.small_stm_window_1,spray,11.small_stm_window_1/MassSpecData-02115-20261006-161514.csv,2026-10-06 16:05:29.144,10.04745
2026-10-06 16:15:32.200,8.0566e-11,Torr,11.small_stm_window_1,spray,11.small_stm_window_1/MassSpecData-02115-20261006-161514.csv,2026-10-06 16:05:29.144,10.050933333333335
2026-10-06 16:15:32.408,8.7265e-11,Torr,11.small_stm_window_1,spray,11.small_stm_window_1/MassSpecData-02115-20261006-161514.csv,2026-10-06 16:05:29.144,10.0544
2026-10-06 16:15:32.616,8.8076e-11,Torr,11.small_stm_window_1,spray,11.small_stm_window_1/MassSpecData-02115-20261006-161514.csv,2026-10-06 16:05:29.144,10.057866666666666
2026-10-06 16:15:32.825,8.5091e-11,Torr,11.small_stm_window_1,spray,11.small_stm_window_1/MassSpecData-02115-20261006-161514.csv,2026-10-06 16:05:29.144,10.061350000000001
2026-10-06 16:15:33.033,8.8608e-11,Torr,11.small_stm_window_1,spray,11.small_stm_window_1/MassSpecData-02115-20261006-161514.csv,2026-10-06 16:05:29.144,10.064816666666667
2026-10-06 16:15:33.241,7.8345e-11,Torr,11.small_stm_window_1,spray,11.small_stm_window_1/MassSpecData-02115-20261006-161514.csv,2026-10-06 16:05:29.144,10.068283333333333
2026-10-06 16:15:33.450,9.3963e-11,Torr,11.small_stm_window_1,spray,11.small_stm_window_1/MassSpecData-02115-20261006-161514.csv,2026-10-06 16:05:29.144,10.071766666666667
2026-10-06 16:15:33.658,8.2071e-11,Torr,11.small_stm_window_1,spray,11.small_stm_window_1/MassSpecData-02115-20261006-161514.csv,2026-10-06 16:05:29.144,10.075233333333333
2026-10-06 16:15:33.866,8.0302e-11,Torr,11.small_stm_window_1,spray,11.small_stm_window_1/MassSpecData-02115-20261006-161514.csv,2026-10-06 16:05:29.144,10.0787
2026-10-06 16:15:34.074,8.7448e-11,Torr,11.small_stm_window_1,spray,11.small_stm_window_1/MassSpecData-02115-20261006-161514.csv,2026-10-06 16:05:29.144,10.082166666666666
2026-10-06 16:15:34.283,8.9703e-11,Torr,11.small_stm_window_1,spray,11.small_stm_window_1/MassSpecData-02115-20261006-161514.csv,2026-10-06 16:05:29.144,10.08565
2026-10-06 16:15:34.491,1.0419e-10,Torr,11.small_stm_window_1,spray,11.small_stm_window_1/MassSpecData-02115-20261006-161514.csv,2026-10-06 16:05:29.144,10.089116666666666
2026-10-06 16:15:34.699,8.6293e-11,Torr,11.small_stm_window_1,spray,11.small_stm_window_1/MassSpecData-02115-20261006-161514.csv,2026-10-06 16:05:29.144,10.092583333333332
2026-10-06 16:15:34.908,8.3658e-11,Torr,11.small_stm_window_1,spray,11.small_stm_window_1/MassSpecData-02115-20261006-161514.csv,2026-10-06 16:05:29.144,10.096066666666667
2026-10-06 16:15:35.116,8.5053e-11,Torr,11.small_stm_window_1,spray,11.small_stm_window_1/MassSpecData-02115-20261006-161514.csv,2026-10-06 16:05:29.144,10.099533333333333
2026-10-06 16:15:35.324,8.7733e-11,Torr,11.small_stm_window_1,spray,11.small_stm_window_1/MassSpecData-02115-20261006-161514.csv,2026-10-06 16:05:29.144,10.103
2026-10-06 16:15:35.533,9.3549e-11,Torr,11.small_stm_window_1,spray,11.small_stm_window_1/MassSpecData-02115-20261006-161514.csv,2026-10-06 16:05:29.144,10.106483333333333
2026-10-06 16:15:35.741,8.0143e-11,Torr,11.small_stm_window_1,spray,11.small_stm_window_1/MassSpecData-02115-20261006-161514.csv,2026-10-06 16:05:29.144,10.10995
2026-10-06 16:15:35.949,8.399e-11,Torr,11.small_stm_window_1,spray,11.small_stm_window_1/MassSpecData-02115-20261006-161514.csv,2026-10-06 16:05:29.144,10.113416666666666
2026-10-06 16:15:36.158,8.8429e-11,Torr,11.small_stm_window_1,spray,11.small_stm_window_1/MassSpecData-02115-20261006-161514.csv,2026-10-06 16:05:29.144,10.1169
2026-10-06 16:15:36.366,6.9571e-11,Torr,11.small_stm_window_1,spray,11.small_stm_window_1/MassSpecData-02115-20261006-161514.csv,2026-10-06 16:05:29.144,10.120366666666666
2026-10-06 16:15:36.574,8.4219e-11,Torr,11.small_stm_window_1,spray,11.small_stm_window_1/MassSpecData-02115-20261006-161514.csv,2026-10-06 16:05:29.144,10.123833333333332
2026-10-06 16:15:36.783,8.0527e-11,Torr,11.small_stm_window_1,spray,11.small_stm_window_1/MassSpecData-02115-20261006-161514.csv,2026-10-06 16:05:29.144,10.127316666666667
2026-10-06 16:15:36.991,8.1559e-11,Torr,11.small_stm_window_1,spray,11.small_stm_window_1/MassSpecData-02115-20261006-161514.csv,2026-10-06 16:05:29.144,10.130783333333333
2026-10-06 16:15:37.199,1.0228e-10,Torr,11.small_stm_window_1,spray,11.small_stm_window_1/MassSpecData-02115-20261006-161514.csv,2026-10-06 16:05:29.144,10.13425
2026-10-06 16:15:37.408,8.6527e-11,Torr,11.small_stm_window_1,spray,11.small_stm_window_1/MassSpecData-02115-20261006-161514.csv,2026-10-06 16:05:29.144,10.137733333333333
2026-10-06 16:15:37.616,8.0867e-11,Torr,11.small_stm_window_1,spray,11.small_stm_window_1/MassSpecData-02115-20261006-161514.csv,2026-10-06 16:05:29.144,10.1412
2026-10-06 16:15:37.824,8.0942e-11,Torr,11.small_stm_window_1,spray,11.small_stm_window_1/MassSpecData-02115-20261006-161514.csv,2026-10-06 16:05:29.144,10.144666666666666
2026-10-06 16:15:38.033,9.7161e-11,Torr,11.small_stm_window_1,spray,11.small_stm_window_1/MassSpecData-02115-20261006-161514.csv,2026-10-06 16:05:29.144,10.14815
2026-10-06 16:15:38.241,8.5952e-11,Torr,11.small_stm_window_1,spray,11.small_stm_window_1/MassSpecData-02115-20261006-161514.csv,2026-10-06 16:05:29.144,10.151616666666666
2026-10-06 16:15:38.449,9.5157e-11,Torr,11.small_stm_window_1,spray,11.small_stm_window_1/MassSpecData-02115-20261006-161514.csv,2026-10-06 16:05:29.144,10.155083333333332
2026-10-06 16:15:38.658,8.4311e-11,Torr,11.small_stm_window_1,spray,11.small_stm_window_1/MassSpecData-02115-20261006-161514.csv,2026-10-06 16:05:29.144,10.158566666666667
2026-10-06 16:15:38.866,9.2832e-11,Torr,11.small_stm_window_1,spray,11.small_stm_window_1/MassSpecData-02115-20261006-161514.csv,2026-10-06 16:05:29.144,10.162033333333333
2026-10-06 16:15:39.074,7.1686e-11,Torr,11.small_stm_window_1,spray,11.small_stm_window_1/MassSpecData-02115-20261006-161514.csv,2026-10-06 16:05:29.144,10.1655
2026-10-06 16:15:39.283,8.7997e-11,Torr,11.small_stm_window_1,spray,11.small_stm_window_1/MassSpecData-02115-20261006-161514.csv,2026-10-06 16:05:29.144,10.168983333333333
2026-10-06 16:15:39.491,8.2657e-11,Torr,11.small_stm_window_1,spray,11.small_stm_window_1/MassSpecData-02115-20261006-161514.csv,2026-10-06 16:05:29.144,10.17245
2026-10-06 16:15:39.699,9.1507e-11,Torr,11.small_stm_window_1,spray,11.small_stm_window_1/MassSpecData-02115-20261006-161514.csv,2026-10-06 16:05:29.144,10.175916666666666
2026-10-06 16:15:39.908,7.4983e-11,Torr,11.small_stm_window_1,spray,11.small_stm_window_1/MassSpecData-02115-20261006-161514.csv,2026-10-06 16:05:29.144,10.1794
2026-10-06 16:15:40.116,9.3303e-11,Torr,11.small_stm_window_1,spray,11.small_stm_window_1/MassSpecData-02115-20261006-161514.csv,2026-10-06 16:05:29.144,10.182866666666666
2026-10-06 16:15:40.324,7.4188e-11,Torr,11.small_stm_window_1,spray,11.small_stm_window_1/MassSpecData-02115-20261006-161514.csv,2026-10-06 16:05:29.144,10.186333333333332
2026-10-06 16:15:40.533,9.2284e-11,Torr,11.small_stm_window_1,spray,11.small_stm_window_1/MassSpecData-02115-20261006-161514.csv,2026-10-06 16:05:29.144,10.189816666666667
2026-10-06 16:15:40.741,8.4913e-11,Torr,11.small_stm_window_1,spray,11.small_stm_window_1/MassSpecData-02115-20261006-161514.csv,2026-10-06 16:05:29.144,10.193283333333333
2026-10-06 16:15:40.949,8.3913e-11,Torr,11.small_stm_window_1,spray,11.small_stm_window_1/MassSpecData-02115-20261006-161514.csv,2026-10-06 16:05:29.144,10.19675
2026-10-06 16:15:41.158,8.3438e-11,Torr,11.small_stm_window_1,spray,11.small_stm_window_1/MassSpecData-02115-20261006-161514.csv,2026-10-06 16:05:29.144,10.200233333333333
2026-10-06 16:15:41.366,9.4671e-11,Torr,11.small_stm_window_1,spray,11.small_stm_window_1/MassSpecData-02115-20261006-161514.csv,2026-10-06 16:05:29.144,10.2037
2026-10-06 16:15:41.574,8.6155e-11,Torr,11.small_stm_window_1,spray,11.small_stm_window_1/MassSpecData-02115-20261006-161514.csv,2026-10-06 16:05:29.144,10.207166666666666
2026-10-06 16:15:41.783,9.4828e-11,Torr,11.small_stm_window_1,spray,11.small_stm_window_1/MassSpecData-02115-20261006-161514.csv,2026-10-06 16:05:29.144,10.21065
2026-10-06 16:15:41.991,8.1224e-11,Torr,11.small_stm_window_1,spray,11.small_stm_window_1/MassSpecData-02115-20261006-161514.csv,2026-10-06 16:05:29.144,10.214116666666666
2026-10-06 16:15:42.199,9.2322e-11,Torr,11.small_stm_window_1,spray,11.small_stm_window_1/MassSpecData-02115-20261006-161514.csv,2026-10-06 16:05:29.144,10.217583333333332
2026-10-06 16:15:42.408,8.7791e-11,Torr,11.small_stm_window_1,spray,11.small_stm_window_1/MassSpecData-02115-20261006-161514.csv,2026-10-06 16:05:29.144,10.221066666666667
2026-10-06 16:15:42.616,8.1467e-11,Torr,11.small_stm_window_1,spray,11.small_stm_window_1/MassSpecData-02115-20261006-161514.csv,2026-10-06 16:05:29.144,10.224533333333333
2026-10-06 16:15:42.824,8.7311e-11,Torr,11.small_stm_window_1,spray,11.small_stm_window_1/MassSpecData-02115-20261006-161514.csv,2026-10-06 16:05:29.144,10.228
2026-10-06 16:15:43.033,9.0287e-11,Torr,11.small_stm_window_1,spray,11.small_stm_window_1/MassSpecData-02115-20261006-161514.csv,2026-10-06 16:05:29.144,10.231483333333333
2026-10-06 16:15:43.241,7.1422e-11,Torr,11.small_stm_window_1,spray,11.small_stm_window_1/MassSpecData-02115-20261006-161514.csv,2026-10-06 16:05:29.144,10.23495
2026-10-06 16:15:43.449,7.9621e-11,Torr,11.small_stm_window_1,spray,11.small_stm_window_1/MassSpecData-02115-20261006-161514.csv,2026-10-06 16:05:29.144,10.238416666666666
2026-10-06 16:15:43.658,8.2206e-11,Torr,11.small_stm_window_1,spray,11.small_stm_window_1/MassSpecData-02115-20261006-161514.csv,2026-10-06 16:05:29.144,10.2419
2026-10-06 16:15:43.866,8.2286e-11,Torr,11.small_stm_window_1,spray,11.small_stm_window_1/MassSpecData-02115-20261006-161514.csv,2026-10-06 16:05:29.144,10.245366666666666
2026-10-06 16:15:44.074,6.5342e-11,Torr,11.small_stm_window_1,spray,11.small_stm_window_1/MassSpecData-02115-20261006-161514.csv,2026-10-06 16:05:29.144,10.248833333333332
2026-10-06 16:15:44.283,9.0686e-11,Torr,11.small_stm_window_1,spray,11.small_stm_window_1/MassSpecData-02115-20261006-161514.csv,2026-10-06 16:05:29.144,10.252316666666667
2026-10-06 16:15:44.491,8.3016e-11,Torr,11.small_stm_window_1,spray,11.small_stm_window_1/MassSpecData-02115-20261006-161514.csv,2026-10-06 16:05:29.144,10.255783333333333
2026-10-06 16:15:44.699,8.5026e-11,Torr,11.small_stm_window_1,spray,11.small_stm_window_1/MassSpecData-02115-20261006-161514.csv,2026-10-06 16:05:29.144,10.25925
2026-10-06 16:15:44.908,9.532e-11,Torr,11.small_stm_window_1,spray,11.small_stm_window_1/MassSpecData-02115-20261006-161514.csv,2026-10-06 16:05:29.144,10.262733333333333
2026-10-06 16:15:45.116,7.567e-11,Torr,11.small_stm_window_1,spray,11.small_stm_window_1/MassSpecData-02115-20261006-161514.csv,2026-10-06 16:05:29.144,10.2662
2026-10-06 16:15:45.324,9.3782e-11,Torr,11.small_stm_window_1,spray,11.small_stm_window_1/MassSpecData-02115-20261006-161514.csv,2026-10-06 16:05:29.144,10.269666666666666
2026-10-06 16:15:45.533,8.1963e-11,Torr,11.small_stm_window_1,spray,11.small_stm_window_1/MassSpecData-02115-20261006-161514.csv,2026-10-06 16:05:29.144,10.27315
2026-10-06 16:15:45.741,7.0055e-11,Torr,11.small_stm_window_1,spray,11.small_stm_window_1/MassSpecData-02115-20261006-161514.csv,2026-10-06 16:05:29.144,10.276616666666666
2026-10-06 16:15:45.949,8.9403e-11,Torr,11.small_stm_window_1,spray,11.small_stm_window_1/MassSpecData-02115-20261006-161514.csv,2026-10-06 16:05:29.144,10.280083333333332
2026-10-06 16:15:46.158,8.2477e-11,Torr,11.small_stm_window_1,spray,11.small_stm_window_1/MassSpecData-02115-20261006-161514.csv,2026-10-06 16:05:29.144,10.283566666666667
2026-10-06 16:15:46.366,8.6646e-11,Torr,11.small_stm_window_1,spray,11.small_stm_window_1/MassSpecData-02115-20261006-161514.csv,2026-10-06 16:05:29.144,10.287033333333333
2026-10-06 16:15:46.574,9.3202e-11,Torr,11.small_stm_window_1,spray,11.small_stm_window_1/MassSpecData-02115-20261006-161514.csv,2026-10-06 16:05:29.144,10.2905
2026-10-06 16:15:46.783,9.414e-11,Torr,11.small_stm_window_1,spray,11.small_stm_window_1/MassSpecData-02115-20261006-161514.csv,2026-10-06 16:05:29.144,10.293983333333333
2026-10-06 16:15:46.991,6.4982e-11,Torr,11.small_stm_window_1,spray,11.small_stm_window_1/MassSpecData-02115-20261006-161514.csv,2026-10-06 16:05:29.144,10.29745
2026-10-06 16:15:47.199,8.6778e-11,Torr,11.small_stm_window_1,spray,11.small_stm_window_1/MassSpecData-02115-20261006-161514.csv,2026-10-06 16:05:29.144,10.300916666666666
2026-10-06 16:15:47.408,9.034e-11,Torr,11.small_stm_window_1,spray,11.small_stm_window_1/MassSpecData-02115-20261006-161514.csv,2026-10-06 16:05:29.144,10.3044
2026-10-06 16:15:47.616,9.0887e-11,Torr,11.small_stm_window_1,spray,11.small_stm_window_1/MassSpecData-02115-20261006-161514.csv,2026-10-06 16:05:29.144,10.307866666666666
2026-10-06 16:15:47.824,7.4154e-11,Torr,11.small_stm_window_1,spray,11.small_stm_window_1/MassSpecData-02115-20261006-161514.csv,2026-10-06 16:05:29.144,10.311333333333332
2026-10-06 16:15:48.033,8.2657e-11,Torr,11.small_stm_window_1,spray,11.small_stm_window_1/MassSpecData-02115-20261006-161514.csv,2026-10-06 16:05:29.144,10.314816666666667
2026-10-06 16:15:48.241,8.9813e-11,Torr,11.small_stm_window_1,spray,11.small_stm_window_1/MassSpecData-02115-20261006-161514.csv,2026-10-06 16:05:29.144,10.318283333333333
2026-10-06 16:15:48.449,8.7969e-11,Torr,11.small_stm_window_1,spray,11.small_stm_window_1/MassSpecData-02115-20261006-161514.csv,2026-10-06 16:05:29.144,10.32175
2026-10-06 16:15:48.658,7.7709e-11,Torr,11.small_stm_window_1,spray,11.small_stm_window_1/MassSpecData-02115-20261006-161514.csv,2026-10-06 16:05:29.144,10.325233333333333
2026-10-06 16:15:48.866,8.5271e-11,Torr,11.small_stm_window_1,spray,11.small_stm_window_1/MassSpecData-02115-20261006-161514.csv,2026-10-06 16:05:29.144,10.3287
2026-10-06 16:15:49.074,8.0159e-11,Torr,11.small_stm_window_1,spray,11.small_stm_window_1/MassSpecData-02115-20261006-161514.csv,2026-10-06 16:05:29.144,10.332166666666666
2026-10-06 16:15:49.283,9.9564e-11,Torr,11.small_stm_window_1,spray,11.small_stm_window_1/MassSpecData-02115-20261006-161514.csv,2026-10-06 16:05:29.144,10.33565
2026-10-06 16:15:49.491,8.8405e-11,Torr,11.small_stm_window_1,spray,11.small_stm_window_1/MassSpecData-02115-20261006-161514.csv,2026-10-06 16:05:29.144,10.339116666666666
2026-10-06 16:15:49.699,8.3013e-11,Torr,11.small_stm_window_1,spray,11.small_stm_window_1/MassSpecData-02115-20261006-161514.csv,2026-10-06 16:05:29.144,10.342583333333332
2026-10-06 16:15:49.908,7.9991e-11,Torr,11.small_stm_window_1,spray,11.small_stm_window_1/MassSpecData-02115-20261006-161514.csv,2026-10-06 16:05:29.144,10.346066666666667
2026-10-06 16:15:50.116,9.1023e-11,Torr,11.small_stm_window_1,spray,11.small_stm_window_1/MassSpecData-02115-20261006-161514.csv,2026-10-06 16:05:29.144,10.349533333333333
2026-10-06 16:15:50.324,1.0042e-10,Torr,11.small_stm_window_1,spray,11.small_stm_window_1/MassSpecData-02115-20261006-161514.csv,2026-10-06 16:05:29.144,10.353
2026-10-06 16:15:50.533,8.4829e-11,Torr,11.small_stm_window_1,spray,11.small_stm_window_1/MassSpecData-02115-20261006-161514.csv,2026-10-06 16:05:29.144,10.356483333333333
2026-10-06 16:15:50.741,8.6236e-11,Torr,11.small_stm_window_1,spray,11.small_stm_window_1/MassSpecData-02115-20261006-161514.csv,2026-10-06 16:05:29.144,10.35995
2026-10-06 16:15:50.949,9.6895e-11,Torr,11.small_stm_window_1,spray,11.small_stm_window_1/MassSpecData-02115-20261006-161514.csv,2026-10-06 16:05:29.144,10.363416666666666
2026-10-06 16:15:51.158,8.3641e-11,Torr,11.small_stm_window_1,spray,11.small_stm_window_1/MassSpecData-02115-20261006-161514.csv,2026-10-06 16:05:29.144,10.3669
2026-10-06 16:15:51.366,7.9054e-11,Torr,11.small_stm_window_1,spray,11.small_stm_window_1/MassSpecData-02115-20261006-161514.csv,2026-10-06 16:05:29.144,10.370366666666666
2026-10-06 16:15:51.574,8.5267e-11,Torr,11.small_stm_window_1,spray,11.small_stm_window_1/MassSpecData-02115-20261006-161514.csv,2026-10-06 16:05:29.144,10.373833333333332
2026-10-06 16:15:51.783,9.168e-11,Torr,11.small_stm_window_1,spray,11.small_stm_window_1/MassSpecData-02115-20261006-161514.csv,2026-10-06 16:05:29.144,10.377316666666667
2026-10-06 16:15:51.991,6.3603e-11,Torr,11.small_stm_window_1,spray,11.small_stm_window_1/MassSpecData-02115-20261006-161514.csv,2026-10-06 16:05:29.144,10.380783333333333
2026-10-06 16:15:52.200,9.1501e-11,Torr,11.small_stm_window_1,spray,11.small_stm_window_1/MassSpecData-02115-20261006-161514.csv,2026-10-06 16:05:29.144,10.384266666666667
2026-10-06 16:15:52.408,7.696e-11,Torr,11.small_stm_window_1,spray,11.small_stm_window_1/MassSpecData-02115-20261006-161514.csv,2026-10-06 16:05:29.144,10.387733333333333
2026-10-06 16:15:52.616,1.0538e-10,Torr,11.small_stm_window_1,spray,11.small_stm_window_1/MassSpecData-02115-20261006-161514.csv,2026-10-06 16:05:29.144,10.3912
2026-10-06 16:15:52.825,8.2665e-11,Torr,11.small_stm_window_1,spray,11.small_stm_window_1/MassSpecData-02115-20261006-161514.csv,2026-10-06 16:05:29.144,10.394683333333335
2026-10-06 16:15:53.033,8.7435e-11,Torr,11.small_stm_window_1,spray,11.small_stm_window_1/MassSpecData-02115-20261006-161514.csv,2026-10-06 16:05:29.144,10.39815
2026-10-06 16:15:53.241,9.3242e-11,Torr,11.small_stm_window_1,spray,11.small_stm_window_1/MassSpecData-02115-20261006-161514.csv,2026-10-06 16:05:29.144,10.401616666666666
2026-10-06 16:15:53.450,7.9833e-11,Torr,11.small_stm_window_1,spray,11.small_stm_window_1/MassSpecData-02115-20261006-161514.csv,2026-10-06 16:05:29.144,10.405100000000001
2026-10-06 16:15:53.658,8.2736e-11,Torr,11.small_stm_window_1,spray,11.small_stm_window_1/MassSpecData-02115-20261006-161514.csv,2026-10-06 16:05:29.144,10.408566666666667
2026-10-06 16:15:53.866,8.9874e-11,Torr,11.small_stm_window_1,spray,11.small_stm_window_1/MassSpecData-02115-20261006-161514.csv,2026-10-06 16:05:29.144,10.412033333333333
2026-10-06 16:15:54.075,9.4433e-11,Torr,11.small_stm_window_1,spray,11.small_stm_window_1/MassSpecData-02115-20261006-161514.csv,2026-10-06 16:05:29.144,10.415516666666667
2026-10-06 16:15:54.283,8.5829e-11,Torr,11.small_stm_window_1,spray,11.small_stm_window_1/MassSpecData-02115-20261006-161514.csv,2026-10-06 16:05:29.144,10.418983333333333
2026-10-06 16:15:54.491,9.0022e-11,Torr,11.small_stm_window_1,spray,11.small_stm_window_1/MassSpecData-02115-20261006-161514.csv,2026-10-06 16:05:29.144,10.42245
2026-10-06 16:15:54.700,9.286e-11,Torr,11.small_stm_window_1,spray,11.small_stm_window_1/MassSpecData-02115-20261006-161514.csv,2026-10-06 16:05:29.144,10.425933333333335
2026-10-06 16:15:54.908,8.9847e-11,Torr,11.small_stm_window_1,spray,11.small_stm_window_1/MassSpecData-02115-20261006-161514.csv,2026-10-06 16:05:29.144,10.4294
2026-10-06 16:15:55.116,8.2078e-11,Torr,11.small_stm_window_1,spray,11.small_stm_window_1/MassSpecData-02115-20261006-161514.csv,2026-10-06 16:05:29.144,10.432866666666666
2026-10-06 16:15:55.325,7.6709e-11,Torr,11.small_stm_window_1,spray,11.small_stm_window_1/MassSpecData-02115-20261006-161514.csv,2026-10-06 16:05:29.144,10.436350000000001
2026-10-06 16:15:55.533,7.2798e-11,Torr,11.small_stm_window_1,spray,11.small_stm_window_1/MassSpecData-02115-20261006-161514.csv,2026-10-06 16:05:29.144,10.439816666666667
2026-10-06 16:15:55.741,9.2809e-11,Torr,11.small_stm_window_1,spray,11.small_stm_window_1/MassSpecData-02115-20261006-161514.csv,2026-10-06 16:05:29.144,10.443283333333333
2026-10-06 16:15:56.140,9.414e-11,Torr,11.small_stm_window_1,spray,11.small_stm_window_1/MassSpecData-02115-20261006-161556.csv,2026-10-06 16:05:29.144,10.449933333333332
2026-10-06 16:15:56.348,9.0107e-11,Torr,11.small_stm_window_1,spray,11.small_stm_window_1/MassSpecData-02115-20261006-161556.csv,2026-10-06 16:05:29.144,10.453399999999998
2026-10-06 16:15:56.557,8.9275e-11,Torr,11.small_stm_window_1,spray,11.small_stm_window_1/MassSpecData-02115-20261006-161556.csv,2026-10-06 16:05:29.144,10.456883333333334
2026-10-06 16:15:56.765,8.1518e-11,Torr,11.small_stm_window_1,spray,11.small_stm_window_1/MassSpecData-02115-20261006-161556.csv,2026-10-06 16:05:29.144,10.46035
2026-10-06 16:15:56.973,8.8354e-11,Torr,11.small_stm_window_1,spray,11.small_stm_window_1/MassSpecData-02115-20261006-161556.csv,2026-10-06 16:05:29.144,10.463816666666666
2026-10-06 16:15:57.182,8.3022e-11,Torr,11.small_stm_window_1,spray,11.small_stm_window_1/MassSpecData-02115-20261006-161556.csv,2026-10-06 16:05:29.144,10.4673
2026-10-06 16:15:57.390,7.876e-11,Torr,11.small_stm_window_1,spray,11.small_stm_window_1/MassSpecData-02115-20261006-161556.csv,2026-10-06 16:05:29.144,10.470766666666666
2026-10-06 16:15:57.598,8.4544e-11,Torr,11.small_stm_window_1,spray,11.small_stm_window_1/MassSpecData-02115-20261006-161556.csv,2026-10-06 16:05:29.144,10.474233333333332
2026-10-06 16:15:57.806,7.3973e-11,Torr,11.small_stm_window_1,spray,11.small_stm_window_1/MassSpecData-02115-20261006-161556.csv,2026-10-06 16:05:29.144,10.4777
2026-10-06 16:15:58.015,8.1273e-11,Torr,11.small_stm_window_1,spray,11.small_stm_window_1/MassSpecData-02115-20261006-161556.csv,2026-10-06 16:05:29.144,10.481183333333332
2026-10-06 16:15:58.223,8.3575e-11,Torr,11.small_stm_window_1,spray,11.small_stm_window_1/MassSpecData-02115-20261006-161556.csv,2026-10-06 16:05:29.144,10.484649999999998
2026-10-06 16:15:58.432,9.4168e-11,Torr,11.small_stm_window_1,spray,11.small_stm_window_1/MassSpecData-02115-20261006-161556.csv,2026-10-06 16:05:29.144,10.488133333333334
2026-10-06 16:15:58.640,8.3757e-11,Torr,11.small_stm_window_1,spray,11.small_stm_window_1/MassSpecData-02115-20261006-161556.csv,2026-10-06 16:05:29.144,10.4916
2026-10-06 16:15:58.848,9.4109e-11,Torr,11.small_stm_window_1,spray,11.small_stm_window_1/MassSpecData-02115-20261006-161556.csv,2026-10-06 16:05:29.144,10.495066666666666
2026-10-06 16:15:59.057,8.3101e-11,Torr,11.small_stm_window_1,spray,11.small_stm_window_1/MassSpecData-02115-20261006-161556.csv,2026-10-06 16:05:29.144,10.49855
2026-10-06 16:15:59.265,8.4286e-11,Torr,11.small_stm_window_1,spray,11.small_stm_window_1/MassSpecData-02115-20261006-161556.csv,2026-10-06 16:05:29.144,10.502016666666666
2026-10-06 16:15:59.473,1.0136e-10,Torr,11.small_stm_window_1,spray,11.small_stm_window_1/MassSpecData-02115-20261006-161556.csv,2026-10-06 16:05:29.144,10.505483333333332
2026-10-06 16:15:59.682,8.7406e-11,Torr,11.small_stm_window_1,spray,11.small_stm_window_1/MassSpecData-02115-20261006-161556.csv,2026-10-06 16:05:29.144,10.508966666666668
2026-10-06 16:15:59.890,9.8958e-11,Torr,11.small_stm_window_1,spray,11.small_stm_window_1/MassSpecData-02115-20261006-161556.csv,2026-10-06 16:05:29.144,10.512433333333332
2026-10-06 16:16:00.098,8.4053e-11,Torr,11.small_stm_window_1,spray,11.small_stm_window_1/MassSpecData-02115-20261006-161556.csv,2026-10-06 16:05:29.144,10.515899999999998
2026-10-06 16:16:00.307,8.6026e-11,Torr,11.small_stm_window_1,spray,11.small_stm_window_1/MassSpecData-02115-20261006-161556.csv,2026-10-06 16:05:29.144,10.519383333333334
2026-10-06 16:16:00.515,8.3856e-11,Torr,11.small_stm_window_1,spray,11.small_stm_window_1/MassSpecData-02115-20261006-161556.csv,2026-10-06 16:05:29.144,10.52285
2026-10-06 16:16:00.723,8.6354e-11,Torr,11.small_stm_window_1,spray,11.small_stm_window_1/MassSpecData-02115-20261006-161556.csv,2026-10-06 16:05:29.144,10.526316666666666
2026-10-06 16:16:00.932,8.1886e-11,Torr,11.small_stm_window_1,spray,11.small_stm_window_1/MassSpecData-02115-20261006-161556.csv,2026-10-06 16:05:29.144,10.5298
2026-10-06 16:16:01.140,8.3488e-11,Torr,11.small_stm_window_1,spray,11.small_stm_window_1/MassSpecData-02115-20261006-161556.csv,2026-10-06 16:05:29.144,10.533266666666666
2026-10-06 16:16:01.348,8.0986e-11,Torr,11.small_stm_window_1,spray,11.small_stm_window_1/MassSpecData-02115-20261006-161556.csv,2026-10-06 16:05:29.144,10.536733333333332
2026-10-06 16:16:01.556,8.7997e-11,Torr,11.small_stm_window_1,spray,11.small_stm_window_1/MassSpecData-02115-20261006-161556.csv,2026-10-06 16:05:29.144,10.5402
2026-10-06 16:16:01.765,8.1595e-11,Torr,11.small_stm_window_1,spray,11.small_stm_window_1/MassSpecData-02115-20261006-161556.csv,2026-10-06 16:05:29.144,10.543683333333332
2026-10-06 16:16:01.973,8.8632e-11,Torr,11.small_stm_window_1,spray,11.small_stm_window_1/MassSpecData-02115-20261006-161556.csv,2026-10-06 16:05:29.144,10.547149999999998
2026-10-06 16:16:02.181,9.0618e-11,Torr,11.small_stm_window_1,spray,11.small_stm_window_1/MassSpecData-02115-20261006-161556.csv,2026-10-06 16:05:29.144,10.550616666666667
2026-10-06 16:16:02.390,8.0507e-11,Torr,11.small_stm_window_1,spray,11.small_stm_window_1/MassSpecData-02115-20261006-161556.csv,2026-10-06 16:05:29.144,10.5541
2026-10-06 16:16:02.598,8.0984e-11,Torr,11.small_stm_window_1,spray,11.small_stm_window_1/MassSpecData-02115-20261006-161556.csv,2026-10-06 16:05:29.144,10.557566666666666
2026-10-06 16:16:02.806,8.1549e-11,Torr,11.small_stm_window_1,spray,11.small_stm_window_1/MassSpecData-02115-20261006-161556.csv,2026-10-06 16:05:29.144,10.561033333333334
2026-10-06 16:16:03.015,8.4806e-11,Torr,11.small_stm_window_1,spray,11.small_stm_window_1/MassSpecData-02115-20261006-161556.csv,2026-10-06 16:05:29.144,10.564516666666666
2026-10-06 16:16:03.223,7.5397e-11,Torr,11.small_stm_window_1,spray,11.small_stm_window_1/MassSpecData-02115-20261006-161556.csv,2026-10-06 16:05:29.144,10.567983333333332
2026-10-06 16:16:03.431,7.7561e-11,Torr,11.small_stm_window_1,spray,11.small_stm_window_1/MassSpecData-02115-20261006-161556.csv,2026-10-06 16:05:29.144,10.57145
2026-10-06 16:16:03.640,8.7335e-11,Torr,11.small_stm_window_1,spray,11.small_stm_window_1/MassSpecData-02115-20261006-161556.csv,2026-10-06 16:05:29.144,10.574933333333332
2026-10-06 16:16:03.848,8.1534e-11,Torr,11.small_stm_window_1,spray,11.small_stm_window_1/MassSpecData-02115-20261006-161556.csv,2026-10-06 16:05:29.144,10.578399999999998
2026-10-06 16:16:04.056,8.3588e-11,Torr,11.small_stm_window_1,spray,11.small_stm_window_1/MassSpecData-02115-20261006-161556.csv,2026-10-06 16:05:29.144,10.581866666666667
2026-10-06 16:16:04.265,8.1649e-11,Torr,11.small_stm_window_1,spray,11.small_stm_window_1/MassSpecData-02115-20261006-161556.csv,2026-10-06 16:05:29.144,10.58535
2026-10-06 16:16:04.473,7.5045e-11,Torr,11.small_stm_window_1,spray,11.small_stm_window_1/MassSpecData-02115-20261006-161556.csv,2026-10-06 16:05:29.144,10.588816666666666
2026-10-06 16:16:04.681,9.4003e-11,Torr,11.small_stm_window_1,spray,11.small_stm_window_1/MassSpecData-02115-20261006-161556.csv,2026-10-06 16:05:29.144,10.592283333333334
2026-10-06 16:16:04.890,9.0214e-11,Torr,11.small_stm_window_1,spray,11.small_stm_window_1/MassSpecData-02115-20261006-161556.csv,2026-10-06 16:05:29.144,10.595766666666666
2026-10-06 16:16:05.098,7.5241e-11,Torr,11.small_stm_window_1,spray,11.small_stm_window_1/MassSpecData-02115-20261006-161556.csv,2026-10-06 16:05:29.144,10.599233333333332
2026-10-06 16:16:05.307,9.8206e-11,Torr,11.small_stm_window_1,spray,11.small_stm_window_1/MassSpecData-02115-20261006-161556.csv,2026-10-06 16:05:29.144,10.602716666666668
2026-10-06 16:16:05.515,7.2588e-11,Torr,11.small_stm_window_1,spray,11.small_stm_window_1/MassSpecData-02115-20261006-161556.csv,2026-10-06 16:05:29.144,10.606183333333332
2026-10-06 16:16:05.723,7.9727e-11,Torr,11.small_stm_window_1,spray,11.small_stm_window_1/MassSpecData-02115-20261006-161556.csv,2026-10-06 16:05:29.144,10.609649999999998
2026-10-06 16:16:05.932,7.83e-11,Torr,11.small_stm_window_1,spray,11.small_stm_window_1/MassSpecData-02115-20261006-161556.csv,2026-10-06 16:05:29.144,10.613133333333334
2026-10-06 16:16:06.140,8.8968e-11,Torr,11.small_stm_window_1,spray,11.small_stm_window_1/MassSpecData-02115-20261006-161556.csv,2026-10-06 16:05:29.144,10.6166
2026-10-06 16:16:06.348,8.7216e-11,Torr,11.small_stm_window_1,spray,11.small_stm_window_1/MassSpecData-02115-20261006-161556.csv,2026-10-06 16:05:29.144,10.620066666666666
2026-10-06 16:16:06.557,9.1368e-11,Torr,11.small_stm_window_1,spray,11.small_stm_window_1/MassSpecData-02115-20261006-161556.csv,2026-10-06 16:05:29.144,10.62355
2026-10-06 16:16:06.765,1.0169e-10,Torr,11.small_stm_window_1,spray,11.small_stm_window_1/MassSpecData-02115-20261006-161556.csv,2026-10-06 16:05:29.144,10.627016666666666
2026-10-06 16:16:06.973,8.1866e-11,Torr,11.small_stm_window_1,spray,11.small_stm_window_1/MassSpecData-02115-20261006-161556.csv,2026-10-06 16:05:29.144,10.630483333333332
2026-10-06 16:16:07.182,8.2392e-11,Torr,11.small_stm_window_1,spray,11.small_stm_window_1/MassSpecData-02115-20261006-161556.csv,2026-10-06 16:05:29.144,10.633966666666668
2026-10-06 16:16:07.390,9.2548e-11,Torr,11.small_stm_window_1,spray,11.small_stm_window_1/MassSpecData-02115-20261006-161556.csv,2026-10-06 16:05:29.144,10.637433333333332
2026-10-06 16:16:07.598,8.3268e-11,Torr,11.small_stm_window_1,spray,11.small_stm_window_1/MassSpecData-02115-20261006-161556.csv,2026-10-06 16:05:29.144,10.640899999999998
2026-10-06 16:16:07.807,7.0026e-11,Torr,11.small_stm_window_1,spray,11.small_stm_window_1/MassSpecData-02115-20261006-161556.csv,2026-10-06 16:05:29.144,10.644383333333334
2026-10-06 16:16:08.015,9.8544e-11,Torr,11.small_stm_window_1,spray,11.small_stm_window_1/MassSpecData-02115-20261006-161556.csv,2026-10-06 16:05:29.144,10.64785
2026-10-06 16:16:08.223,9.5733e-11,Torr,11.small_stm_window_1,spray,11.small_stm_window_1/MassSpecData-02115-20261006-161556.csv,2026-10-06 16:05:29.144,10.651316666666666
2026-10-06 16:16:08.432,8.6118e-11,Torr,11.small_stm_window_1,spray,11.small_stm_window_1/MassSpecData-02115-20261006-161556.csv,2026-10-06 16:05:29.144,10.6548
2026-10-06 16:16:08.640,1.0017e-10,Torr,11.small_stm_window_1,spray,11.small_stm_window_1/MassSpecData-02115-20261006-161556.csv,2026-10-06 16:05:29.144,10.658266666666666
2026-10-06 16:16:08.848,8.0257e-11,Torr,11.small_stm_window_1,spray,11.small_stm_window_1/MassSpecData-02115-20261006-161556.csv,2026-10-06 16:05:29.144,10.661733333333332
2026-10-06 16:16:09.057,6.5624e-11,Torr,11.small_stm_window_1,spray,11.small_stm_window_1/MassSpecData-02115-20261006-161556.csv,2026-10-06 16:05:29.144,10.665216666666668
2026-10-06 16:16:09.265,8.7597e-11,Torr,11.small_stm_window_1,spray,11.small_stm_window_1/MassSpecData-02115-20261006-161556.csv,2026-10-06 16:05:29.144,10.668683333333332
2026-10-06 16:16:09.473,8.1294e-11,Torr,11.small_stm_window_1,spray,11.small_stm_window_1/MassSpecData-02115-20261006-161556.csv,2026-10-06 16:05:29.144,10.672149999999998
2026-10-06 16:16:09.682,7.7033e-11,Torr,11.small_stm_window_1,spray,11.small_stm_window_1/MassSpecData-02115-20261006-161556.csv,2026-10-06 16:05:29.144,10.675633333333334
2026-10-06 16:16:09.890,9.0414e-11,Torr,11.small_stm_window_1,spray,11.small_stm_window_1/MassSpecData-02115-20261006-161556.csv,2026-10-06 16:05:29.144,10.6791
2026-10-06 16:16:10.098,8.9542e-11,Torr,11.small_stm_window_1,spray,11.small_stm_window_1/MassSpecData-02115-20261006-161556.csv,2026-10-06 16:05:29.144,10.682566666666666
2026-10-06 16:16:10.307,7.6465e-11,Torr,11.small_stm_window_1,spray,11.small_stm_window_1/MassSpecData-02115-20261006-161556.csv,2026-10-06 16:05:29.144,10.68605
2026-10-06 16:16:10.515,8.843e-11,Torr,11.small_stm_window_1,spray,11.small_stm_window_1/MassSpecData-02115-20261006-161556.csv,2026-10-06 16:05:29.144,10.689516666666666
2026-10-06 16:16:10.723,8.3849e-11,Torr,11.small_stm_window_1,spray,11.small_stm_window_1/MassSpecData-02115-20261006-161556.csv,2026-10-06 16:05:29.144,10.692983333333332
2026-10-06 16:16:10.932,8.6708e-11,Torr,11.small_stm_window_1,spray,11.small_stm_window_1/MassSpecData-02115-20261006-161556.csv,2026-10-06 16:05:29.144,10.696466666666668
2026-10-06 16:16:11.140,8.0734e-11,Torr,11.small_stm_window_1,spray,11.small_stm_window_1/MassSpecData-02115-20261006-161556.csv,2026-10-06 16:05:29.144,10.699933333333332
2026-10-06 16:16:11.348,8.8659e-11,Torr,11.small_stm_window_1,spray,11.small_stm_window_1/MassSpecData-02115-20261006-161556.csv,2026-10-06 16:05:29.144,10.703399999999998
2026-10-06 16:16:11.557,8.454e-11,Torr,11.small_stm_window_1,spray,11.small_stm_window_1/MassSpecData-02115-20261006-161556.csv,2026-10-06 16:05:29.144,10.706883333333334
2026-10-06 16:16:11.765,7.7513e-11,Torr,11.small_stm_window_1,spray,11.small_stm_window_1/MassSpecData-02115-20261006-161556.csv,2026-10-06 16:05:29.144,10.71035
2026-10-06 16:16:11.973,8.5734e-11,Torr,11.small_stm_window_1,spray,11.small_stm_window_1/MassSpecData-02115-20261006-161556.csv,2026-10-06 16:05:29.144,10.713816666666666
2026-10-06 16:16:12.182,6.4997e-11,Torr,11.small_stm_window_1,spray,11.small_stm_window_1/MassSpecData-02115-20261006-161556.csv,2026-10-06 16:05:29.144,10.7173
2026-10-06 16:16:12.390,9.1741e-11,Torr,11.small_stm_window_1,spray,11.small_stm_window_1/MassSpecData-02115-20261006-161556.csv,2026-10-06 16:05:29.144,10.720766666666666
2026-10-06 16:16:12.598,7.4147e-11,Torr,11.small_stm_window_1,spray,11.small_stm_window_1/MassSpecData-02115-20261006-161556.csv,2026-10-06 16:05:29.144,10.724233333333332
2026-10-06 16:16:12.807,8.4838e-11,Torr,11.small_stm_window_1,spray,11.small_stm_window_1/MassSpecData-02115-20261006-161556.csv,2026-10-06 16:05:29.144,10.727716666666668
2026-10-06 16:16:13.015,6.7737e-11,Torr,11.small_stm_window_1,spray,11.small_stm_window_1/MassSpecData-02115-20261006-161556.csv,2026-10-06 16:05:29.144,10.731183333333332
2026-10-06 16:16:13.223,7.8026e-11,Torr,11.small_stm_window_1,spray,11.small_stm_window_1/MassSpecData-02115-20261006-161556.csv,2026-10-06 16:05:29.144,10.734649999999998
2026-10-06 16:16:13.432,9.8053e-11,Torr,11.small_stm_window_1,spray,11.small_stm_window_1/MassSpecData-02115-20261006-161556.csv,2026-10-06 16:05:29.144,10.738133333333334
2026-10-06 16:16:13.640,7.9081e-11,Torr,11.small_stm_window_1,spray,11.small_stm_window_1/MassSpecData-02115-20261006-161556.csv,2026-10-06 16:05:29.144,10.7416
2026-10-06 16:16:13.848,1.0357e-10,Torr,11.small_stm_window_1,spray,11.small_stm_window_1/MassSpecData-02115-20261006-161556.csv,2026-10-06 16:05:29.144,10.745066666666666
2026-10-06 16:16:14.057,8.3395e-11,Torr,11.small_stm_window_1,spray,11.small_stm_window_1/MassSpecData-02115-20261006-161556.csv,2026-10-06 16:05:29.144,10.74855
2026-10-06 16:16:14.265,8.2986e-11,Torr,11.small_stm_window_1,spray,11.small_stm_window_1/MassSpecData-02115-20261006-161556.csv,2026-10-06 16:05:29.144,10.752016666666666
2026-10-06 16:16:14.473,9.8838e-11,Torr,11.small_stm_window_1,spray,11.small_stm_window_1/MassSpecData-02115-20261006-161556.csv,2026-10-06 16:05:29.144,10.755483333333332
2026-10-06 16:16:14.682,8.7086e-11,Torr,11.small_stm_window_1,spray,11.small_stm_window_1/MassSpecData-02115-20261006-161556.csv,2026-10-06 16:05:29.144,10.758966666666668
2026-10-06 16:16:14.890,8.1705e-11,Torr,11.small_stm_window_1,spray,11.small_stm_window_1/MassSpecData-02115-20261006-161556.csv,2026-10-06 16:05:29.144,10.762433333333332
2026-10-06 16:16:15.098,7.2328e-11,Torr,11.small_stm_window_1,spray,11.small_stm_window_1/MassSpecData-02115-20261006-161556.csv,2026-10-06 16:05:29.144,10.765899999999998
2026-10-06 16:16:15.307,7.0445e-11,Torr,11.small_stm_window_1,spray,11.small_stm_window_1/MassSpecData-02115-20261006-161556.csv,2026-10-06 16:05:29.144,10.769383333333334
2026-10-06 16:16:15.515,8.0939e-11,Torr,11.small_stm_window_1,spray,11.small_stm_window_1/MassSpecData-02115-20261006-161556.csv,2026-10-06 16:05:29.144,10.77285
2026-10-06 16:16:15.723,7.1963e-11,Torr,11.small_stm_window_1,spray,11.small_stm_window_1/MassSpecData-02115-20261006-161556.csv,2026-10-06 16:05:29.144,10.776316666666666
2026-10-06 16:16:15.931,7.5912e-11,Torr,11.small_stm_window_1,spray,11.small_stm_window_1/MassSpecData-02115-20261006-161556.csv,2026-10-06 16:05:29.144,10.779783333333334
2026-10-06 16:16:16.140,9.3554e-11,Torr,11.small_stm_window_1,spray,11.small_stm_window_1/MassSpecData-02115-20261006-161556.csv,2026-10-06 16:05:29.144,10.783266666666666
2026-10-06 16:16:16.348,8.8633e-11,Torr,11.small_stm_window_1,spray,11.small_stm_window_1/MassSpecData-02115-20261006-161556.csv,2026-10-06 16:05:29.144,10.786733333333332
2026-10-06 16:16:16.556,8.0649e-11,Torr,11.small_stm_window_1,spray,11.small_stm_window_1/MassSpecData-02115-20261006-161556.csv,2026-10-06 16:05:29.144,10.7902
2026-10-06 16:16:16.765,1.0281e-10,Torr,11.small_stm_window_1,spray,11.small_stm_window_1/MassSpecData-02115-20261006-161556.csv,2026-10-06 16:05:29.144,10.793683333333332
2026-10-06 16:16:16.973,9.8587e-11,Torr,11.small_stm_window_1,spray,11.small_stm_window_1/MassSpecData-02115-20261006-161556.csv,2026-10-06 16:05:29.144,10.797149999999998
2026-10-06 16:16:17.181,8.9516e-11,Torr,11.small_stm_window_1,spray,11.small_stm_window_1/MassSpecData-02115-20261006-161556.csv,2026-10-06 16:05:29.144,10.800616666666667
2026-10-06 16:16:17.390,7.946e-11,Torr,11.small_stm_window_1,spray,11.small_stm_window_1/MassSpecData-02115-20261006-161556.csv,2026-10-06 16:05:29.144,10.8041
2026-10-06 16:16:17.598,7.5205e-11,Torr,11.small_stm_window_1,spray,11.small_stm_window_1/MassSpecData-02115-20261006-161556.csv,2026-10-06 16:05:29.144,10.807566666666666
2026-10-06 16:16:17.806,8.2978e-11,Torr,11.small_stm_window_1,spray,11.small_stm_window_1/MassSpecData-02115-20261006-161556.csv,2026-10-06 16:05:29.144,10.811033333333334
2026-10-06 16:16:18.015,9.3717e-11,Torr,11.small_stm_window_1,spray,11.small_stm_window_1/MassSpecData-02115-20261006-161556.csv,2026-10-06 16:05:29.144,10.814516666666666
2026-10-06 16:16:18.223,8.3654e-11,Torr,11.small_stm_window_1,spray,11.small_stm_window_1/MassSpecData-02115-20261006-161556.csv,2026-10-06 16:05:29.144,10.817983333333332
2026-10-06 16:16:18.431,8.7303e-11,Torr,11.small_stm_window_1,spray,11.small_stm_window_1/MassSpecData-02115-20261006-161556.csv,2026-10-06 16:05:29.144,10.82145
2026-10-06 16:16:18.640,8.4643e-11,Torr,11.small_stm_window_1,spray,11.small_stm_window_1/MassSpecData-02115-20261006-161556.csv,2026-10-06 16:05:29.144,10.824933333333332
2026-10-06 16:16:18.848,8.3381e-11,Torr,11.small_stm_window_1,spray,11.small_stm_window_1/MassSpecData-02115-20261006-161556.csv,2026-10-06 16:05:29.144,10.828399999999998
2026-10-06 16:16:19.056,8.2492e-11,Torr,11.small_stm_window_1,spray,11.small_stm_window_1/MassSpecData-02115-20261006-161556.csv,2026-10-06 16:05:29.144,10.831866666666667
2026-10-06 16:16:19.265,8.4631e-11,Torr,11.small_stm_window_1,spray,11.small_stm_window_1/MassSpecData-02115-20261006-161556.csv,2026-10-06 16:05:29.144,10.83535
2026-10-06 16:16:19.473,9.9918e-11,Torr,11.small_stm_window_1,spray,11.small_stm_window_1/MassSpecData-02115-20261006-161556.csv,2026-10-06 16:05:29.144,10.838816666666666
2026-10-06 16:16:19.681,9.3166e-11,Torr,11.small_stm_window_1,spray,11.small_stm_window_1/MassSpecData-02115-20261006-161556.csv,2026-10-06 16:05:29.144,10.842283333333334
2026-10-06 16:16:19.890,9.273e-11,Torr,11.small_stm_window_1,spray,11.small_stm_window_1/MassSpecData-02115-20261006-161556.csv,2026-10-06 16:05:29.144,10.845766666666666
2026-10-06 16:16:20.098,8.4457e-11,Torr,11.small_stm_window_1,spray,11.small_stm_window_1/MassSpecData-02115-20261006-161556.csv,2026-10-06 16:05:29.144,10.849233333333332
2026-10-06 16:16:20.306,7.8599e-11,Torr,11.small_stm_window_1,spray,11.small_stm_window_1/MassSpecData-02115-20261006-161556.csv,2026-10-06 16:05:29.144,10.8527
2026-10-06 16:16:20.515,9.9517e-11,Torr,11.small_stm_window_1,spray,11.small_stm_window_1/MassSpecData-02115-20261006-161556.csv,2026-10-06 16:05:29.144,10.856183333333332
2026-10-06 16:16:20.723,8.9898e-11,Torr,11.small_stm_window_1,spray,11.small_stm_window_1/MassSpecData-02115-20261006-161556.csv,2026-10-06 16:05:29.144,10.859649999999998
2026-10-06 16:16:20.931,7.9235e-11,Torr,11.small_stm_window_1,spray,11.small_stm_window_1/MassSpecData-02115-20261006-161556.csv,2026-10-06 16:05:29.144,10.863116666666667
2026-10-06 16:16:21.140,8.2703e-11,Torr,11.small_stm_window_1,spray,11.small_stm_window_1/MassSpecData-02115-20261006-161556.csv,2026-10-06 16:05:29.144,10.8666
2026-10-06 16:16:21.348,9.2369e-11,Torr,11.small_stm_window_1,spray,11.small_stm_window_1/MassSpecData-02115-20261006-161556.csv,2026-10-06 16:05:29.144,10.870066666666666
2026-10-06 16:16:21.556,9.826e-11,Torr,11.small_stm_window_1,spray,11.small_stm_window_1/MassSpecData-02115-20261006-161556.csv,2026-10-06 16:05:29.144,10.873533333333334
2026-10-06 16:16:21.765,8.7993e-11,Torr,11.small_stm_window_1,spray,11.small_stm_window_1/MassSpecData-02115-20261006-161556.csv,2026-10-06 16:05:29.144,10.877016666666666
2026-10-06 16:16:21.973,8.9714e-11,Torr,11.small_stm_window_1,spray,11.small_stm_window_1/MassSpecData-02115-20261006-161556.csv,2026-10-06 16:05:29.144,10.880483333333332
2026-10-06 16:16:22.181,9.2461e-11,Torr,11.small_stm_window_1,spray,11.small_stm_window_1/MassSpecData-02115-20261006-161556.csv,2026-10-06 16:05:29.144,10.88395
2026-10-06 16:16:22.390,9.6297e-11,Torr,11.small_stm_window_1,spray,11.small_stm_window_1/MassSpecData-02115-20261006-161556.csv,2026-10-06 16:05:29.144,10.887433333333332
2026-10-06 16:16:22.598,9.3412e-11,Torr,11.small_stm_window_1,spray,11.small_stm_window_1/MassSpecData-02115-20261006-161556.csv,2026-10-06 16:05:29.144,10.890899999999998
2026-10-06 16:16:22.806,8.9034e-11,Torr,11.small_stm_window_1,spray,11.small_stm_window_1/MassSpecData-02115-20261006-161556.csv,2026-10-06 16:05:29.144,10.894366666666667
2026-10-06 16:16:23.015,8.0566e-11,Torr,11.small_stm_window_1,spray,11.small_stm_window_1/MassSpecData-02115-20261006-161556.csv,2026-10-06 16:05:29.144,10.89785
2026-10-06 16:16:23.223,8.3238e-11,Torr,11.small_stm_window_1,spray,11.small_stm_window_1/MassSpecData-02115-20261006-161556.csv,2026-10-06 16:05:29.144,10.901316666666666
2026-10-06 16:16:23.431,9.1547e-11,Torr,11.small_stm_window_1,spray,11.small_stm_window_1/MassSpecData-02115-20261006-161556.csv,2026-10-06 16:05:29.144,10.904783333333334
2026-10-06 16:16:23.640,9.326e-11,Torr,11.small_stm_window_1,spray,11.small_stm_window_1/MassSpecData-02115-20261006-161556.csv,2026-10-06 16:05:29.144,10.908266666666666
2026-10-06 16:16:23.848,9.3997e-11,Torr,11.small_stm_window_1,spray,11.small_stm_window_1/MassSpecData-02115-20261006-161556.csv,2026-10-06 16:05:29.144,10.911733333333332
2026-10-06 16:16:24.056,8.377e-11,Torr,11.small_stm_window_1,spray,11.small_stm_window_1/MassSpecData-02115-20261006-161556.csv,2026-10-06 16:05:29.144,10.9152
2026-10-06 16:16:24.265,8.2261e-11,Torr,11.small_stm_window_1,spray,11.small_stm_window_1/MassSpecData-02115-20261006-161556.csv,2026-10-06 16:05:29.144,10.918683333333332
2026-10-06 16:16:24.473,8.8126e-11,Torr,11.small_stm_window_1,spray,11.small_stm_window_1/MassSpecData-02115-20261006-161556.csv,2026-10-06 16:05:29.144,10.922149999999998
2026-10-06 16:16:24.681,7.8777e-11,Torr,11.small_stm_window_1,spray,11.small_stm_window_1/MassSpecData-02115-20261006-161556.csv,2026-10-06 16:05:29.144,10.925616666666667
2026-10-06 16:16:24.890,8.3198e-11,Torr,11.small_stm_window_1,spray,11.small_stm_window_1/MassSpecData-02115-20261006-161556.csv,2026-10-06 16:05:29.144,10.9291
2026-10-06 16:16:25.098,9.3327e-11,Torr,11.small_stm_window_1,spray,11.small_stm_window_1/MassSpecData-02115-20261006-161556.csv,2026-10-06 16:05:29.144,10.932566666666666
2026-10-06 16:16:25.306,7.1238e-11,Torr,11.small_stm_window_1,spray,11.small_stm_window_1/MassSpecData-02115-20261006-161556.csv,2026-10-06 16:05:29.144,10.936033333333334
2026-10-06 16:16:25.515,6.7677e-11,Torr,11.small_stm_window_1,spray,11.small_stm_window_1/MassSpecData-02115-20261006-161556.csv,2026-10-06 16:05:29.144,10.939516666666666
2026-10-06 16:16:25.723,1.1718e-10,Torr,11.small_stm_window_1,spray,11.small_stm_window_1/MassSpecData-02115-20261006-161556.csv,2026-10-06 16:05:29.144,10.942983333333332
2026-10-06 16:16:25.931,9.2528e-11,Torr,11.small_stm_window_1,spray,11.small_stm_window_1/MassSpecData-02115-20261006-161556.csv,2026-10-06 16:05:29.144,10.94645
2026-10-06 16:16:26.140,8.5368e-11,Torr,11.small_stm_window_1,spray,11.small_stm_window_1/MassSpecData-02115-20261006-161556.csv,2026-10-06 16:05:29.144,10.949933333333332
2026-10-06 16:16:26.348,9.0437e-11,Torr,11.small_stm_window_1,spray,11.small_stm_window_1/MassSpecData-02115-20261006-161556.csv,2026-10-06 16:05:29.144,10.953399999999998
2026-10-06 16:16:26.556,7.8203e-11,Torr,11.small_stm_window_1,spray,11.small_stm_window_1/MassSpecData-02115-20261006-161556.csv,2026-10-06 16:05:29.144,10.956866666666667
2026-10-06 16:16:26.765,8.6151e-11,Torr,11.small_stm_window_1,spray,11.small_stm_window_1/MassSpecData-02115-20261006-161556.csv,2026-10-06 16:05:29.144,10.96035
2026-10-06 16:16:26.973,8.5265e-11,Torr,11.small_stm_window_1,spray,11.small_stm_window_1/MassSpecData-02115-20261006-161556.csv,2026-10-06 16:05:29.144,10.963816666666666
2026-10-06 16:16:27.181,9.2119e-11,Torr,11.small_stm_window_1,spray,11.small_stm_window_1/MassSpecData-02115-20261006-161556.csv,2026-10-06 16:05:29.144,10.967283333333334
2026-10-06 16:16:27.390,9.7636e-11,Torr,11.small_stm_window_1,spray,11.small_stm_window_1/MassSpecData-02115-20261006-161556.csv,2026-10-06 16:05:29.144,10.970766666666666
2026-10-06 16:16:27.598,9.8252e-11,Torr,11.small_stm_window_1,spray,11.small_stm_window_1/MassSpecData-02115-20261006-161556.csv,2026-10-06 16:05:29.144,10.974233333333332
2026-10-06 16:16:27.806,8.7383e-11,Torr,11.small_stm_window_1,spray,11.small_stm_window_1/MassSpecData-02115-20261006-161556.csv,2026-10-06 16:05:29.144,10.9777
2026-10-06 16:16:28.015,1.0387e-10,Torr,11.small_stm_window_1,spray,11.small_stm_window_1/MassSpecData-02115-20261006-161556.csv,2026-10-06 16:05:29.144,10.981183333333332
2026-10-06 16:16:28.223,8.8526e-11,Torr,11.small_stm_window_1,spray,11.small_stm_window_1/MassSpecData-02115-20261006-161556.csv,2026-10-06 16:05:29.144,10.984649999999998
2026-10-06 16:16:28.431,9.3153e-11,Torr,11.small_stm_window_1,spray,11.small_stm_window_1/MassSpecData-02115-20261006-161556.csv,2026-10-06 16:05:29.144,10.988116666666667
2026-10-06 16:16:28.640,8.716e-11,Torr,11.small_stm_window_1,spray,11.small_stm_window_1/MassSpecData-02115-20261006-161556.csv,2026-10-06 16:05:29.144,10.9916
2026-10-06 16:16:28.848,8.7375e-11,Torr,11.small_stm_window_1,spray,11.small_stm_window_1/MassSpecData-02115-20261006-161556.csv,2026-10-06 16:05:29.144,10.995066666666666
2026-10-06 16:16:29.056,7.7565e-11,Torr,11.small_stm_window_1,spray,11.small_stm_window_1/MassSpecData-02115-20261006-161556.csv,2026-10-06 16:05:29.144,10.998533333333334
2026-10-06 16:16:29.265,9.4181e-11,Torr,11.small_stm_window_1,spray,11.small_stm_window_1/MassSpecData-02115-20261006-161556.csv,2026-10-06 16:05:29.144,11.002016666666666
2026-10-06 16:16:29.473,8.653e-11,Torr,11.small_stm_window_1,spray,11.small_stm_window_1/MassSpecData-02115-20261006-161556.csv,2026-10-06 16:05:29.144,11.005483333333332
2026-10-06 16:16:29.681,8.2307e-11,Torr,11.small_stm_window_1,spray,11.small_stm_window_1/MassSpecData-02115-20261006-161556.csv,2026-10-06 16:05:29.144,11.00895
2026-10-06 16:16:29.890,8.8677e-11,Torr,11.small_stm_window_1,spray,11.small_stm_window_1/MassSpecData-02115-20261006-161556.csv,2026-10-06 16:05:29.144,11.012433333333332
2026-10-06 16:16:30.098,1.0844e-10,Torr,11.small_stm_window_1,spray,11.small_stm_window_1/MassSpecData-02115-20261006-161556.csv,2026-10-06 16:05:29.144,11.015899999999998
2026-10-06 16:16:30.306,8.0365e-11,Torr,11.small_stm_window_1,spray,11.small_stm_window_1/MassSpecData-02115-20261006-161556.csv,2026-10-06 16:05:29.144,11.019366666666667
2026-10-06 16:16:30.515,9.045e-11,Torr,11.small_stm_window_1,spray,11.small_stm_window_1/MassSpecData-02115-20261006-161556.csv,2026-10-06 16:05:29.144,11.02285
2026-10-06 16:16:30.723,8.4598e-11,Torr,11.small_stm_window_1,spray,11.small_stm_window_1/MassSpecData-02115-20261006-161556.csv,2026-10-06 16:05:29.144,11.026316666666666
2026-10-06 16:16:30.931,8.5276e-11,Torr,11.small_stm_window_1,spray,11.small_stm_window_1/MassSpecData-02115-20261006-161556.csv,2026-10-06 16:05:29.144,11.029783333333334
2026-10-06 16:16:31.140,7.7682e-11,Torr,11.small_stm_window_1,spray,11.small_stm_window_1/MassSpecData-02115-20261006-161556.csv,2026-10-06 16:05:29.144,11.033266666666666
2026-10-06 16:16:31.348,8.8531e-11,Torr,11.small_stm_window_1,spray,11.small_stm_window_1/MassSpecData-02115-20261006-161556.csv,2026-10-06 16:05:29.144,11.036733333333332
2026-10-06 16:16:31.556,7.8694e-11,Torr,11.small_stm_window_1,spray,11.small_stm_window_1/MassSpecData-02115-20261006-161556.csv,2026-10-06 16:05:29.144,11.0402
2026-10-06 16:16:31.765,9.2722e-11,Torr,11.small_stm_window_1,spray,11.small_stm_window_1/MassSpecData-02115-20261006-161556.csv,2026-10-06 16:05:29.144,11.043683333333332
2026-10-06 16:16:31.973,6.7547e-11,Torr,11.small_stm_window_1,spray,11.small_stm_window_1/MassSpecData-02115-20261006-161556.csv,2026-10-06 16:05:29.144,11.047149999999998
2026-10-06 16:16:32.181,8.8267e-11,Torr,11.small_stm_window_1,spray,11.small_stm_window_1/MassSpecData-02115-20261006-161556.csv,2026-10-06 16:05:29.144,11.050616666666667
2026-10-06 16:16:32.390,1.0036e-10,Torr,11.small_stm_window_1,spray,11.small_stm_window_1/MassSpecData-02115-20261006-161556.csv,2026-10-06 16:05:29.144,11.0541
2026-10-06 16:16:32.598,7.949e-11,Torr,11.small_stm_window_1,spray,11.small_stm_window_1/MassSpecData-02115-20261006-161556.csv,2026-10-06 16:05:29.144,11.057566666666666
2026-10-06 16:16:32.806,8.6933e-11,Torr,11.small_stm_window_1,spray,11.small_stm_window_1/MassSpecData-02115-20261006-161556.csv,2026-10-06 16:05:29.144,11.061033333333334
2026-10-06 16:16:33.015,8.1714e-11,Torr,11.small_stm_window_1,spray,11.small_stm_window_1/MassSpecData-02115-20261006-161556.csv,2026-10-06 16:05:29.144,11.064516666666666
2026-10-06 16:16:33.223,9.5847e-11,Torr,11.small_stm_window_1,spray,11.small_stm_window_1/MassSpecData-02115-20261006-161556.csv,2026-10-06 16:05:29.144,11.067983333333332
2026-10-06 16:16:33.431,8.3816e-11,Torr,11.small_stm_window_1,spray,11.small_stm_window_1/MassSpecData-02115-20261006-161556.csv,2026-10-06 16:05:29.144,11.07145
2026-10-06 16:16:33.640,8.892e-11,Torr,11.small_stm_window_1,spray,11.small_stm_window_1/MassSpecData-02115-20261006-161556.csv,2026-10-06 16:05:29.144,11.074933333333332
2026-10-06 16:16:33.848,8.9812e-11,Torr,11.small_stm_window_1,spray,11.small_stm_window_1/MassSpecData-02115-20261006-161556.csv,2026-10-06 16:05:29.144,11.078399999999998
2026-10-06 16:16:34.057,7.4333e-11,Torr,11.small_stm_window_1,spray,11.small_stm_window_1/MassSpecData-02115-20261006-161556.csv,2026-10-06 16:05:29.144,11.081883333333334
2026-10-06 16:16:34.265,8.0259e-11,Torr,11.small_stm_window_1,spray,11.small_stm_window_1/MassSpecData-02115-20261006-161556.csv,2026-10-06 16:05:29.144,11.08535
2026-10-06 16:16:34.473,1.0276e-10,Torr,11.small_stm_window_1,spray,11.small_stm_window_1/MassSpecData-02115-20261006-161556.csv,2026-10-06 16:05:29.144,11.088816666666666
2026-10-06 16:16:34.682,8.3082e-11,Torr,11.small_stm_window_1,spray,11.small_stm_window_1/MassSpecData-02115-20261006-161556.csv,2026-10-06 16:05:29.144,11.0923
2026-10-06 16:16:34.890,7.9841e-11,Torr,11.small_stm_window_1,spray,11.small_stm_window_1/MassSpecData-02115-20261006-161556.csv,2026-10-06 16:05:29.144,11.095766666666666
2026-10-06 16:16:35.098,8.3319e-11,Torr,11.small_stm_window_1,spray,11.small_stm_window_1/MassSpecData-02115-20261006-161556.csv,2026-10-06 16:05:29.144,11.099233333333332
2026-10-06 16:16:35.307,8.2525e-11,Torr,11.small_stm_window_1,spray,11.small_stm_window_1/MassSpecData-02115-20261006-161556.csv,2026-10-06 16:05:29.144,11.102716666666668
2026-10-06 16:16:35.515,8.824e-11,Torr,11.small_stm_window_1,spray,11.small_stm_window_1/MassSpecData-02115-20261006-161556.csv,2026-10-06 16:05:29.144,11.106183333333332
2026-10-06 16:16:35.723,9.1865e-11,Torr,11.small_stm_window_1,spray,11.small_stm_window_1/MassSpecData-02115-20261006-161556.csv,2026-10-06 16:05:29.144,11.109649999999998
2026-10-06 16:16:35.932,9.072e-11,Torr,11.small_stm_window_1,spray,11.small_stm_window_1/MassSpecData-02115-20261006-161556.csv,2026-10-06 16:05:29.144,11.113133333333334
2026-10-06 16:16:36.140,7.2261e-11,Torr,11.small_stm_window_1,spray,11.small_stm_window_1/MassSpecData-02115-20261006-161556.csv,2026-10-06 16:05:29.144,11.1166
2026-10-06 16:16:36.348,8.1404e-11,Torr,11.small_stm_window_1,spray,11.small_stm_window_1/MassSpecData-02115-20261006-161556.csv,2026-10-06 16:05:29.144,11.120066666666666
2026-10-06 16:16:36.557,8.3357e-11,Torr,11.small_stm_window_1,spray,11.small_stm_window_1/MassSpecData-02115-20261006-161556.csv,2026-10-06 16:05:29.144,11.12355
2026-10-06 16:16:36.765,9.222e-11,Torr,11.small_stm_window_1,spray,11.small_stm_window_1/MassSpecData-02115-20261006-161556.csv,2026-10-06 16:05:29.144,11.127016666666666
2026-10-06 16:16:36.973,8.7287e-11,Torr,11.small_stm_window_1,spray,11.small_stm_window_1/MassSpecData-02115-20261006-161556.csv,2026-10-06 16:05:29.144,11.130483333333332
2026-10-06 16:16:37.182,9.685e-11,Torr,11.small_stm_window_1,spray,11.small_stm_window_1/MassSpecData-02115-20261006-161556.csv,2026-10-06 16:05:29.144,11.133966666666668
2026-10-06 16:16:37.390,8.4094e-11,Torr,11.small_stm_window_1,spray,11.small_stm_window_1/MassSpecData-02115-20261006-161556.csv,2026-10-06 16:05:29.144,11.137433333333332
2026-10-06 16:16:37.598,8.5974e-11,Torr,11.small_stm_window_1,spray,11.small_stm_window_1/MassSpecData-02115-20261006-161556.csv,2026-10-06 16:05:29.144,11.140899999999998
2026-10-06 16:16:37.887,6.7004e-11,Torr,11.small_stm_window_1,spray,11.small_stm_window_1/MassSpecData-02115-20261006-161637.csv,2026-10-06 16:05:29.144,11.145716666666667
2026-10-06 16:16:38.095,8.4952e-11,Torr,11.small_stm_window_1,spray,11.small_stm_window_1/MassSpecData-02115-20261006-161637.csv,2026-10-06 16:05:29.144,11.149183333333333
2026-10-06 16:16:38.304,8.5107e-11,Torr,11.small_stm_window_1,spray,11.small_stm_window_1/MassSpecData-02115-20261006-161637.csv,2026-10-06 16:05:29.144,11.152666666666667
2026-10-06 16:16:38.512,8.2444e-11,Torr,11.small_stm_window_1,spray,11.small_stm_window_1/MassSpecData-02115-20261006-161637.csv,2026-10-06 16:05:29.144,11.156133333333335
2026-10-06 16:16:38.720,8.2374e-11,Torr,11.small_stm_window_1,spray,11.small_stm_window_1/MassSpecData-02115-20261006-161637.csv,2026-10-06 16:05:29.144,11.159600000000001
2026-10-06 16:16:38.929,8.2575e-11,Torr,11.small_stm_window_1,spray,11.small_stm_window_1/MassSpecData-02115-20261006-161637.csv,2026-10-06 16:05:29.144,11.163083333333333
2026-10-06 16:16:39.137,8.3492e-11,Torr,11.small_stm_window_1,spray,11.small_stm_window_1/MassSpecData-02115-20261006-161637.csv,2026-10-06 16:05:29.144,11.16655
2026-10-06 16:16:39.345,8.1735e-11,Torr,11.small_stm_window_1,spray,11.small_stm_window_1/MassSpecData-02115-20261006-161637.csv,2026-10-06 16:05:29.144,11.170016666666667
2026-10-06 16:16:39.553,8.8841e-11,Torr,11.small_stm_window_1,spray,11.small_stm_window_1/MassSpecData-02115-20261006-161637.csv,2026-10-06 16:05:29.144,11.173483333333333
2026-10-06 16:16:39.762,7.748e-11,Torr,11.small_stm_window_1,spray,11.small_stm_window_1/MassSpecData-02115-20261006-161637.csv,2026-10-06 16:05:29.144,11.176966666666667
2026-10-06 16:16:39.970,9.8983e-11,Torr,11.small_stm_window_1,spray,11.small_stm_window_1/MassSpecData-02115-20261006-161637.csv,2026-10-06 16:05:29.144,11.180433333333333
2026-10-06 16:16:40.179,7.958e-11,Torr,11.small_stm_window_1,spray,11.small_stm_window_1/MassSpecData-02115-20261006-161637.csv,2026-10-06 16:05:29.144,11.183916666666667
2026-10-06 16:16:40.387,7.7234e-11,Torr,11.small_stm_window_1,spray,11.small_stm_window_1/MassSpecData-02115-20261006-161637.csv,2026-10-06 16:05:29.144,11.187383333333335
2026-10-06 16:16:40.595,8.7597e-11,Torr,11.small_stm_window_1,spray,11.small_stm_window_1/MassSpecData-02115-20261006-161637.csv,2026-10-06 16:05:29.144,11.190850000000001
2026-10-06 16:16:40.804,8.4437e-11,Torr,11.small_stm_window_1,spray,11.small_stm_window_1/MassSpecData-02115-20261006-161637.csv,2026-10-06 16:05:29.144,11.194333333333333
2026-10-06 16:16:41.012,8.4099e-11,Torr,11.small_stm_window_1,spray,11.small_stm_window_1/MassSpecData-02115-20261006-161637.csv,2026-10-06 16:05:29.144,11.1978
2026-10-06 16:16:41.220,7.3875e-11,Torr,11.small_stm_window_1,spray,11.small_stm_window_1/MassSpecData-02115-20261006-161637.csv,2026-10-06 16:05:29.144,11.201266666666667
2026-10-06 16:16:41.429,8.1768e-11,Torr,11.small_stm_window_1,spray,11.small_stm_window_1/MassSpecData-02115-20261006-161637.csv,2026-10-06 16:05:29.144,11.204749999999999
2026-10-06 16:16:41.637,8.5783e-11,Torr,11.small_stm_window_1,spray,11.small_stm_window_1/MassSpecData-02115-20261006-161637.csv,2026-10-06 16:05:29.144,11.208216666666667
2026-10-06 16:16:41.845,8.5013e-11,Torr,11.small_stm_window_1,spray,11.small_stm_window_1/MassSpecData-02115-20261006-161637.csv,2026-10-06 16:05:29.144,11.211683333333333
2026-10-06 16:16:42.054,7.9646e-11,Torr,11.small_stm_window_1,spray,11.small_stm_window_1/MassSpecData-02115-20261006-161637.csv,2026-10-06 16:05:29.144,11.215166666666667
2026-10-06 16:16:42.262,8.3051e-11,Torr,11.small_stm_window_1,spray,11.small_stm_window_1/MassSpecData-02115-20261006-161637.csv,2026-10-06 16:05:29.144,11.218633333333335
2026-10-06 16:16:42.470,7.3039e-11,Torr,11.small_stm_window_1,spray,11.small_stm_window_1/MassSpecData-02115-20261006-161637.csv,2026-10-06 16:05:29.144,11.222100000000001
2026-10-06 16:16:42.679,8.4016e-11,Torr,11.small_stm_window_1,spray,11.small_stm_window_1/MassSpecData-02115-20261006-161637.csv,2026-10-06 16:05:29.144,11.225583333333333
2026-10-06 16:16:42.887,8.806e-11,Torr,11.small_stm_window_1,spray,11.small_stm_window_1/MassSpecData-02115-20261006-161637.csv,2026-10-06 16:05:29.144,11.22905
2026-10-06 16:16:43.095,9.466e-11,Torr,11.small_stm_window_1,spray,11.small_stm_window_1/MassSpecData-02115-20261006-161637.csv,2026-10-06 16:05:29.144,11.232516666666667
2026-10-06 16:16:43.303,8.2825e-11,Torr,11.small_stm_window_1,spray,11.small_stm_window_1/MassSpecData-02115-20261006-161637.csv,2026-10-06 16:05:29.144,11.235983333333333
2026-10-06 16:16:43.512,8.5901e-11,Torr,11.small_stm_window_1,spray,11.small_stm_window_1/MassSpecData-02115-20261006-161637.csv,2026-10-06 16:05:29.144,11.239466666666667
2026-10-06 16:16:43.720,7.6861e-11,Torr,11.small_stm_window_1,spray,11.small_stm_window_1/MassSpecData-02115-20261006-161637.csv,2026-10-06 16:05:29.144,11.242933333333333
2026-10-06 16:16:43.928,1.0619e-10,Torr,11.small_stm_window_1,spray,11.small_stm_window_1/MassSpecData-02115-20261006-161637.csv,2026-10-06 16:05:29.144,11.2464
2026-10-06 16:16:44.137,7.9842e-11,Torr,11.small_stm_window_1,spray,11.small_stm_window_1/MassSpecData-02115-20261006-161637.csv,2026-10-06 16:05:29.144,11.249883333333335
2026-10-06 16:16:44.345,7.7992e-11,Torr,11.small_stm_window_1,spray,11.small_stm_window_1/MassSpecData-02115-20261006-161637.csv,2026-10-06 16:05:29.144,11.253350000000001
2026-10-06 16:16:44.553,7.7536e-11,Torr,11.small_stm_window_1,spray,11.small_stm_window_1/MassSpecData-02115-20261006-161637.csv,2026-10-06 16:05:29.144,11.256816666666667
2026-10-06 16:16:44.762,7.7667e-11,Torr,11.small_stm_window_1,spray,11.small_stm_window_1/MassSpecData-02115-20261006-161637.csv,2026-10-06 16:05:29.144,11.2603
2026-10-06 16:16:44.970,9.3065e-11,Torr,11.small_stm_window_1,spray,11.small_stm_window_1/MassSpecData-02115-20261006-161637.csv,2026-10-06 16:05:29.144,11.263766666666667
2026-10-06 16:16:45.178,9.213e-11,Torr,11.small_stm_window_1,spray,11.small_stm_window_1/MassSpecData-02115-20261006-161637.csv,2026-10-06 16:05:29.144,11.267233333333333
2026-10-06 16:16:45.387,7.9456e-11,Torr,11.small_stm_window_1,spray,11.small_stm_window_1/MassSpecData-02115-20261006-161637.csv,2026-10-06 16:05:29.144,11.270716666666667
2026-10-06 16:16:45.595,8.053e-11,Torr,11.small_stm_window_1,spray,11.small_stm_window_1/MassSpecData-02115-20261006-161637.csv,2026-10-06 16:05:29.144,11.274183333333333
2026-10-06 16:16:45.803,9.6288e-11,Torr,11.small_stm_window_1,spray,11.small_stm_window_1/MassSpecData-02115-20261006-161637.csv,2026-10-06 16:05:29.144,11.27765
2026-10-06 16:16:46.012,8.921e-11,Torr,11.small_stm_window_1,spray,11.small_stm_window_1/MassSpecData-02115-20261006-161637.csv,2026-10-06 16:05:29.144,11.281133333333335
2026-10-06 16:16:46.220,8.4376e-11,Torr,11.small_stm_window_1,spray,11.small_stm_window_1/MassSpecData-02115-20261006-161637.csv,2026-10-06 16:05:29.144,11.284600000000001
2026-10-06 16:16:46.428,9.1093e-11,Torr,11.small_stm_window_1,spray,11.small_stm_window_1/MassSpecData-02115-20261006-161637.csv,2026-10-06 16:05:29.144,11.288066666666667
2026-10-06 16:16:46.637,8.5511e-11,Torr,11.small_stm_window_1,spray,11.small_stm_window_1/MassSpecData-02115-20261006-161637.csv,2026-10-06 16:05:29.144,11.29155
2026-10-06 16:16:46.845,9.4289e-11,Torr,11.small_stm_window_1,spray,11.small_stm_window_1/MassSpecData-02115-20261006-161637.csv,2026-10-06 16:05:29.144,11.295016666666667
2026-10-06 16:16:47.054,8.5092e-11,Torr,11.small_stm_window_1,spray,11.small_stm_window_1/MassSpecData-02115-20261006-161637.csv,2026-10-06 16:05:29.144,11.298499999999999
2026-10-06 16:16:47.262,8.6843e-11,Torr,11.small_stm_window_1,spray,11.small_stm_window_1/MassSpecData-02115-20261006-161637.csv,2026-10-06 16:05:29.144,11.301966666666667
2026-10-06 16:16:47.470,9.0624e-11,Torr,11.small_stm_window_1,spray,11.small_stm_window_1/MassSpecData-02115-20261006-161637.csv,2026-10-06 16:05:29.144,11.305433333333333
2026-10-06 16:16:47.679,7.994e-11,Torr,11.small_stm_window_1,spray,11.small_stm_window_1/MassSpecData-02115-20261006-161637.csv,2026-10-06 16:05:29.144,11.308916666666667
2026-10-06 16:16:47.887,6.803e-11,Torr,11.small_stm_window_1,spray,11.small_stm_window_1/MassSpecData-02115-20261006-161637.csv,2026-10-06 16:05:29.144,11.312383333333335
2026-10-06 16:16:48.095,9.7568e-11,Torr,11.small_stm_window_1,spray,11.small_stm_window_1/MassSpecData-02115-20261006-161637.csv,2026-10-06 16:05:29.144,11.315850000000001
2026-10-06 16:16:48.304,1.0196e-10,Torr,11.small_stm_window_1,spray,11.small_stm_window_1/MassSpecData-02115-20261006-161637.csv,2026-10-06 16:05:29.144,11.319333333333333
2026-10-06 16:16:48.512,9.5168e-11,Torr,11.small_stm_window_1,spray,11.small_stm_window_1/MassSpecData-02115-20261006-161637.csv,2026-10-06 16:05:29.144,11.3228
2026-10-06 16:16:48.720,8.0587e-11,Torr,11.small_stm_window_1,spray,11.small_stm_window_1/MassSpecData-02115-20261006-161637.csv,2026-10-06 16:05:29.144,11.326266666666667
2026-10-06 16:16:48.929,7.9513e-11,Torr,11.small_stm_window_1,spray,11.small_stm_window_1/MassSpecData-02115-20261006-161637.csv,2026-10-06 16:05:29.144,11.329749999999999
2026-10-06 16:16:49.137,7.6761e-11,Torr,11.small_stm_window_1,spray,11.small_stm_window_1/MassSpecData-02115-20261006-161637.csv,2026-10-06 16:05:29.144,11.333216666666667
2026-10-06 16:16:49.345,9.2196e-11,Torr,11.small_stm_window_1,spray,11.small_stm_window_1/MassSpecData-02115-20261006-161637.csv,2026-10-06 16:05:29.144,11.336683333333333
2026-10-06 16:16:49.554,9.4446e-11,Torr,11.small_stm_window_1,spray,11.small_stm_window_1/MassSpecData-02115-20261006-161637.csv,2026-10-06 16:05:29.144,11.340166666666667
2026-10-06 16:16:49.762,7.7663e-11,Torr,11.small_stm_window_1,spray,11.small_stm_window_1/MassSpecData-02115-20261006-161637.csv,2026-10-06 16:05:29.144,11.343633333333335
2026-10-06 16:16:49.970,9.0536e-11,Torr,11.small_stm_window_1,spray,11.small_stm_window_1/MassSpecData-02115-20261006-161637.csv,2026-10-06 16:05:29.144,11.347100000000001
2026-10-06 16:16:50.179,8.0249e-11,Torr,11.small_stm_window_1,spray,11.small_stm_window_1/MassSpecData-02115-20261006-161637.csv,2026-10-06 16:05:29.144,11.350583333333333
2026-10-06 16:16:50.387,8.1076e-11,Torr,11.small_stm_window_1,spray,11.small_stm_window_1/MassSpecData-02115-20261006-161637.csv,2026-10-06 16:05:29.144,11.35405
2026-10-06 16:16:50.595,9.0632e-11,Torr,11.small_stm_window_1,spray,11.small_stm_window_1/MassSpecData-02115-20261006-161637.csv,2026-10-06 16:05:29.144,11.357516666666667
2026-10-06 16:16:50.804,7.6004e-11,Torr,11.small_stm_window_1,spray,11.small_stm_window_1/MassSpecData-02115-20261006-161637.csv,2026-10-06 16:05:29.144,11.360999999999999
2026-10-06 16:16:51.012,9.0446e-11,Torr,11.small_stm_window_1,spray,11.small_stm_window_1/MassSpecData-02115-20261006-161637.csv,2026-10-06 16:05:29.144,11.364466666666667
2026-10-06 16:16:51.220,8.9301e-11,Torr,11.small_stm_window_1,spray,11.small_stm_window_1/MassSpecData-02115-20261006-161637.csv,2026-10-06 16:05:29.144,11.367933333333333
2026-10-06 16:16:51.429,7.9647e-11,Torr,11.small_stm_window_1,spray,11.small_stm_window_1/MassSpecData-02115-20261006-161637.csv,2026-10-06 16:05:29.144,11.371416666666667
2026-10-06 16:16:51.637,8.7298e-11,Torr,11.small_stm_window_1,spray,11.small_stm_window_1/MassSpecData-02115-20261006-161637.csv,2026-10-06 16:05:29.144,11.374883333333335
2026-10-06 16:16:51.845,8.574e-11,Torr,11.small_stm_window_1,spray,11.small_stm_window_1/MassSpecData-02115-20261006-161637.csv,2026-10-06 16:05:29.144,11.378350000000001
2026-10-06 16:16:52.054,8.9679e-11,Torr,11.small_stm_window_1,spray,11.small_stm_window_1/MassSpecData-02115-20261006-161637.csv,2026-10-06 16:05:29.144,11.381833333333333
2026-10-06 16:16:52.262,9.4887e-11,Torr,11.small_stm_window_1,spray,11.small_stm_window_1/MassSpecData-02115-20261006-161637.csv,2026-10-06 16:05:29.144,11.3853
2026-10-06 16:16:52.470,8.258e-11,Torr,11.small_stm_window_1,spray,11.small_stm_window_1/MassSpecData-02115-20261006-161637.csv,2026-10-06 16:05:29.144,11.388766666666667
2026-10-06 16:16:52.679,9.7855e-11,Torr,11.small_stm_window_1,spray,11.small_stm_window_1/MassSpecData-02115-20261006-161637.csv,2026-10-06 16:05:29.144,11.392249999999999
2026-10-06 16:16:52.887,9.4063e-11,Torr,11.small_stm_window_1,spray,11.small_stm_window_1/MassSpecData-02115-20261006-161637.csv,2026-10-06 16:05:29.144,11.395716666666667
2026-10-06 16:16:53.095,7.3785e-11,Torr,11.small_stm_window_1,spray,11.small_stm_window_1/MassSpecData-02115-20261006-161637.csv,2026-10-06 16:05:29.144,11.399183333333333
2026-10-06 16:16:53.304,8.3389e-11,Torr,11.small_stm_window_1,spray,11.small_stm_window_1/MassSpecData-02115-20261006-161637.csv,2026-10-06 16:05:29.144,11.402666666666667
2026-10-06 16:16:53.512,8.1825e-11,Torr,11.small_stm_window_1,spray,11.small_stm_window_1/MassSpecData-02115-20261006-161637.csv,2026-10-06 16:05:29.144,11.406133333333335
2026-10-06 16:16:53.720,8.8215e-11,Torr,11.small_stm_window_1,spray,11.small_stm_window_1/MassSpecData-02115-20261006-161637.csv,2026-10-06 16:05:29.144,11.409600000000001
2026-10-06 16:16:53.929,9.2524e-11,Torr,11.small_stm_window_1,spray,11.small_stm_window_1/MassSpecData-02115-20261006-161637.csv,2026-10-06 16:05:29.144,11.413083333333333
2026-10-06 16:16:54.137,8.1805e-11,Torr,11.small_stm_window_1,spray,11.small_stm_window_1/MassSpecData-02115-20261006-161637.csv,2026-10-06 16:05:29.144,11.41655
2026-10-06 16:16:54.345,8.9677e-11,Torr,11.small_stm_window_1,spray,11.small_stm_window_1/MassSpecData-02115-20261006-161637.csv,2026-10-06 16:05:29.144,11.420016666666667
2026-10-06 16:16:54.554,8.3413e-11,Torr,11.small_stm_window_1,spray,11.small_stm_window_1/MassSpecData-02115-20261006-161637.csv,2026-10-06 16:05:29.144,11.423499999999999
2026-10-06 16:16:54.762,8.3628e-11,Torr,11.small_stm_window_1,spray,11.small_stm_window_1/MassSpecData-02115-20261006-161637.csv,2026-10-06 16:05:29.144,11.426966666666667
2026-10-06 16:16:54.970,8.3881e-11,Torr,11.small_stm_window_1,spray,11.small_stm_window_1/MassSpecData-02115-20261006-161637.csv,2026-10-06 16:05:29.144,11.430433333333333
2026-10-06 16:16:55.179,8.3711e-11,Torr,11.small_stm_window_1,spray,11.small_stm_window_1/MassSpecData-02115-20261006-161637.csv,2026-10-06 16:05:29.144,11.433916666666667
2026-10-06 16:16:55.387,9.2961e-11,Torr,11.small_stm_window_1,spray,11.small_stm_window_1/MassSpecData-02115-20261006-161637.csv,2026-10-06 16:05:29.144,11.437383333333335
2026-10-06 16:16:55.595,9.3365e-11,Torr,11.small_stm_window_1,spray,11.small_stm_window_1/MassSpecData-02115-20261006-161637.csv,2026-10-06 16:05:29.144,11.440850000000001
2026-10-06 16:16:55.804,8.2791e-11,Torr,11.small_stm_window_1,spray,11.small_stm_window_1/MassSpecData-02115-20261006-161637.csv,2026-10-06 16:05:29.144,11.444333333333333
2026-10-06 16:16:56.012,9.0017e-11,Torr,11.small_stm_window_1,spray,11.small_stm_window_1/MassSpecData-02115-20261006-161637.csv,2026-10-06 16:05:29.144,11.4478
2026-10-06 16:16:56.220,9.7692e-11,Torr,11.small_stm_window_1,spray,11.small_stm_window_1/MassSpecData-02115-20261006-161637.csv,2026-10-06 16:05:29.144,11.451266666666667
2026-10-06 16:16:56.429,8.7138e-11,Torr,11.small_stm_window_1,spray,11.small_stm_window_1/MassSpecData-02115-20261006-161637.csv,2026-10-06 16:05:29.144,11.454749999999999
2026-10-06 16:16:56.637,8.7078e-11,Torr,11.small_stm_window_1,spray,11.small_stm_window_1/MassSpecData-02115-20261006-161637.csv,2026-10-06 16:05:29.144,11.458216666666667
2026-10-06 16:16:56.845,8.2032e-11,Torr,11.small_stm_window_1,spray,11.small_stm_window_1/MassSpecData-02115-20261006-161637.csv,2026-10-06 16:05:29.144,11.461683333333333
2026-10-06 16:16:57.054,8.0876e-11,Torr,11.small_stm_window_1,spray,11.small_stm_window_1/MassSpecData-02115-20261006-161637.csv,2026-10-06 16:05:29.144,11.465166666666667
2026-10-06 16:16:57.262,7.7212e-11,Torr,11.small_stm_window_1,spray,11.small_stm_window_1/MassSpecData-02115-20261006-161637.csv,2026-10-06 16:05:29.144,11.468633333333335
2026-10-06 16:16:57.470,8.2397e-11,Torr,11.small_stm_window_1,spray,11.small_stm_window_1/MassSpecData-02115-20261006-161637.csv,2026-10-06 16:05:29.144,11.472100000000001
2026-10-06 16:16:57.678,8.9359e-11,Torr,11.small_stm_window_1,spray,11.small_stm_window_1/MassSpecData-02115-20261006-161637.csv,2026-10-06 16:05:29.144,11.475566666666667
2026-10-06 16:16:57.887,8.1639e-11,Torr,11.small_stm_window_1,spray,11.small_stm_window_1/MassSpecData-02115-20261006-161637.csv,2026-10-06 16:05:29.144,11.47905
2026-10-06 16:16:58.095,8.3245e-11,Torr,11.small_stm_window_1,spray,11.small_stm_window_1/MassSpecData-02115-20261006-161637.csv,2026-10-06 16:05:29.144,11.482516666666667
2026-10-06 16:16:58.303,8.3736e-11,Torr,11.small_stm_window_1,spray,11.small_stm_window_1/MassSpecData-02115-20261006-161637.csv,2026-10-06 16:05:29.144,11.485983333333333
2026-10-06 16:16:58.512,8.9373e-11,Torr,11.small_stm_window_1,spray,11.small_stm_window_1/MassSpecData-02115-20261006-161637.csv,2026-10-06 16:05:29.144,11.489466666666667
2026-10-06 16:16:58.720,9.0283e-11,Torr,11.small_stm_window_1,spray,11.small_stm_window_1/MassSpecData-02115-20261006-161637.csv,2026-10-06 16:05:29.144,11.492933333333333
2026-10-06 16:16:58.928,8.208e-11,Torr,11.small_stm_window_1,spray,11.small_stm_window_1/MassSpecData-02115-20261006-161637.csv,2026-10-06 16:05:29.144,11.4964
2026-10-06 16:16:59.137,8.1925e-11,Torr,11.small_stm_window_1,spray,11.small_stm_window_1/MassSpecData-02115-20261006-161637.csv,2026-10-06 16:05:29.144,11.499883333333335
2026-10-06 16:16:59.345,8.5365e-11,Torr,11.small_stm_window_1,spray,11.small_stm_window_1/MassSpecData-02115-20261006-161637.csv,2026-10-06 16:05:29.144,11.503350000000001
2026-10-06 16:16:59.553,8.2134e-11,Torr,11.small_stm_window_1,spray,11.small_stm_window_1/MassSpecData-02115-20261006-161637.csv,2026-10-06 16:05:29.144,11.506816666666667
2026-10-06 16:16:59.762,9.4196e-11,Torr,11.small_stm_window_1,spray,11.small_stm_window_1/MassSpecData-02115-20261006-161637.csv,2026-10-06 16:05:29.144,11.5103
2026-10-06 16:16:59.970,8.2343e-11,Torr,11.small_stm_window_1,spray,11.small_stm_window_1/MassSpecData-02115-20261006-161637.csv,2026-10-06 16:05:29.144,11.513766666666667
2026-10-06 16:17:00.178,9.031e-11,Torr,11.small_stm_window_1,spray,11.small_stm_window_1/MassSpecData-02115-20261006-161637.csv,2026-10-06 16:05:29.144,11.517233333333333
2026-10-06 16:17:00.387,9.3505e-11,Torr,11.small_stm_window_1,spray,11.small_stm_window_1/MassSpecData-02115-20261006-161637.csv,2026-10-06 16:05:29.144,11.520716666666667
2026-10-06 16:17:00.595,8.9489e-11,Torr,11.small_stm_window_1,spray,11.small_stm_window_1/MassSpecData-02115-20261006-161637.csv,2026-10-06 16:05:29.144,11.524183333333333
2026-10-06 16:17:00.803,8.1762e-11,Torr,11.small_stm_window_1,spray,11.small_stm_window_1/MassSpecData-02115-20261006-161637.csv,2026-10-06 16:05:29.144,11.52765
2026-10-06 16:17:01.012,8.5085e-11,Torr,11.small_stm_window_1,spray,11.small_stm_window_1/MassSpecData-02115-20261006-161637.csv,2026-10-06 16:05:29.144,11.531133333333335
2026-10-06 16:17:01.220,8.0438e-11,Torr,11.small_stm_window_1,spray,11.small_stm_window_1/MassSpecData-02115-20261006-161637.csv,2026-10-06 16:05:29.144,11.534600000000001
2026-10-06 16:17:01.428,9.0008e-11,Torr,11.small_stm_window_1,spray,11.small_stm_window_1/MassSpecData-02115-20261006-161637.csv,2026-10-06 16:05:29.144,11.538066666666667
2026-10-06 16:17:01.637,8.2846e-11,Torr,11.small_stm_window_1,spray,11.small_stm_window_1/MassSpecData-02115-20261006-161637.csv,2026-10-06 16:05:29.144,11.54155
2026-10-06 16:17:01.845,8.4173e-11,Torr,11.small_stm_window_1,spray,11.small_stm_window_1/MassSpecData-02115-20261006-161637.csv,2026-10-06 16:05:29.144,11.545016666666667
2026-10-06 16:17:02.053,8.4768e-11,Torr,11.small_stm_window_1,spray,11.small_stm_window_1/MassSpecData-02115-20261006-161637.csv,2026-10-06 16:05:29.144,11.548483333333333
2026-10-06 16:17:02.262,8.6752e-11,Torr,11.small_stm_window_1,spray,11.small_stm_window_1/MassSpecData-02115-20261006-161637.csv,2026-10-06 16:05:29.144,11.551966666666667
2026-10-06 16:17:02.470,1.0407e-10,Torr,11.small_stm_window_1,spray,11.small_stm_window_1/MassSpecData-02115-20261006-161637.csv,2026-10-06 16:05:29.144,11.555433333333333
2026-10-06 16:17:02.678,8.7752e-11,Torr,11.small_stm_window_1,spray,11.small_stm_window_1/MassSpecData-02115-20261006-161637.csv,2026-10-06 16:05:29.144,11.5589
2026-10-06 16:17:02.887,8.8342e-11,Torr,11.small_stm_window_1,spray,11.small_stm_window_1/MassSpecData-02115-20261006-161637.csv,2026-10-06 16:05:29.144,11.562383333333335
2026-10-06 16:17:03.095,8.53e-11,Torr,11.small_stm_window_1,spray,11.small_stm_window_1/MassSpecData-02115-20261006-161637.csv,2026-10-06 16:05:29.144,11.565850000000001
2026-10-06 16:17:03.303,9.0857e-11,Torr,11.small_stm_window_1,spray,11.small_stm_window_1/MassSpecData-02115-20261006-161637.csv,2026-10-06 16:05:29.144,11.569316666666667
2026-10-06 16:17:03.512,7.6712e-11,Torr,11.small_stm_window_1,spray,11.small_stm_window_1/MassSpecData-02115-20261006-161637.csv,2026-10-06 16:05:29.144,11.5728
2026-10-06 16:17:03.720,1.0551e-10,Torr,11.small_stm_window_1,spray,11.small_stm_window_1/MassSpecData-02115-20261006-161637.csv,2026-10-06 16:05:29.144,11.576266666666667
2026-10-06 16:17:03.928,8.0904e-11,Torr,11.small_stm_window_1,spray,11.small_stm_window_1/MassSpecData-02115-20261006-161637.csv,2026-10-06 16:05:29.144,11.579733333333333
2026-10-06 16:17:04.137,8.0541e-11,Torr,11.small_stm_window_1,spray,11.small_stm_window_1/MassSpecData-02115-20261006-161637.csv,2026-10-06 16:05:29.144,11.583216666666667
2026-10-06 16:17:04.345,7.2654e-11,Torr,11.small_stm_window_1,spray,11.small_stm_window_1/MassSpecData-02115-20261006-161637.csv,2026-10-06 16:05:29.144,11.586683333333333
2026-10-06 16:17:04.553,8.083e-11,Torr,11.small_stm_window_1,spray,11.small_stm_window_1/MassSpecData-02115-20261006-161637.csv,2026-10-06 16:05:29.144,11.59015
2026-10-06 16:17:04.762,9.1414e-11,Torr,11.small_stm_window_1,spray,11.small_stm_window_1/MassSpecData-02115-20261006-161637.csv,2026-10-06 16:05:29.144,11.593633333333335
2026-10-06 16:17:04.970,7.1723e-11,Torr,11.small_stm_window_1,spray,11.small_stm_window_1/MassSpecData-02115-20261006-161637.csv,2026-10-06 16:05:29.144,11.597100000000001
2026-10-06 16:17:05.178,7.4383e-11,Torr,11.small_stm_window_1,spray,11.small_stm_window_1/MassSpecData-02115-20261006-161637.csv,2026-10-06 16:05:29.144,11.600566666666667
2026-10-06 16:17:05.387,8.5693e-11,Torr,11.small_stm_window_1,spray,11.small_stm_window_1/MassSpecData-02115-20261006-161637.csv,2026-10-06 16:05:29.144,11.60405
2026-10-06 16:17:05.595,1.061e-10,Torr,11.small_stm_window_1,spray,11.small_stm_window_1/MassSpecData-02115-20261006-161637.csv,2026-10-06 16:05:29.144,11.607516666666667
2026-10-06 16:17:05.803,7.7225e-11,Torr,11.small_stm_window_1,spray,11.small_stm_window_1/MassSpecData-02115-20261006-161637.csv,2026-10-06 16:05:29.144,11.610983333333333
2026-10-06 16:17:06.012,8.2926e-11,Torr,11.small_stm_window_1,spray,11.small_stm_window_1/MassSpecData-02115-20261006-161637.csv,2026-10-06 16:05:29.144,11.614466666666667
2026-10-06 16:17:06.220,7.3389e-11,Torr,11.small_stm_window_1,spray,11.small_stm_window_1/MassSpecData-02115-20261006-161637.csv,2026-10-06 16:05:29.144,11.617933333333333
2026-10-06 16:17:06.428,1.0006e-10,Torr,11.small_stm_window_1,spray,11.small_stm_window_1/MassSpecData-02115-20261006-161637.csv,2026-10-06 16:05:29.144,11.6214
2026-10-06 16:17:06.637,7.9257e-11,Torr,11.small_stm_window_1,spray,11.small_stm_window_1/MassSpecData-02115-20261006-161637.csv,2026-10-06 16:05:29.144,11.624883333333335
2026-10-06 16:17:06.845,8.7153e-11,Torr,11.small_stm_window_1,spray,11.small_stm_window_1/MassSpecData-02115-20261006-161637.csv,2026-10-06 16:05:29.144,11.628350000000001
2026-10-06 16:17:07.053,8.4775e-11,Torr,11.small_stm_window_1,spray,11.small_stm_window_1/MassSpecData-02115-20261006-161637.csv,2026-10-06 16:05:29.144,11.631816666666667
2026-10-06 16:17:07.262,7.479e-11,Torr,11.small_stm_window_1,spray,11.small_stm_window_1/MassSpecData-02115-20261006-161637.csv,2026-10-06 16:05:29.144,11.6353
2026-10-06 16:17:07.470,8.4778e-11,Torr,11.small_stm_window_1,spray,11.small_stm_window_1/MassSpecData-02115-20261006-161637.csv,2026-10-06 16:05:29.144,11.638766666666667
2026-10-06 16:17:07.678,9.7885e-11,Torr,11.small_stm_window_1,spray,11.small_stm_window_1/MassSpecData-02115-20261006-161637.csv,2026-10-06 16:05:29.144,11.642233333333333
2026-10-06 16:17:07.887,1.0571e-10,Torr,11.small_stm_window_1,spray,11.small_stm_window_1/MassSpecData-02115-20261006-161637.csv,2026-10-06 16:05:29.144,11.645716666666667
2026-10-06 16:17:08.095,8.7252e-11,Torr,11.small_stm_window_1,spray,11.small_stm_window_1/MassSpecData-02115-20261006-161637.csv,2026-10-06 16:05:29.144,11.649183333333333
2026-10-06 16:17:08.303,7.6758e-11,Torr,11.small_stm_window_1,spray,11.small_stm_window_1/MassSpecData-02115-20261006-161637.csv,2026-10-06 16:05:29.144,11.65265
2026-10-06 16:17:08.512,9.0656e-11,Torr,11.small_stm_window_1,spray,11.small_stm_window_1/MassSpecData-02115-20261006-161637.csv,2026-10-06 16:05:29.144,11.656133333333335
2026-10-06 16:17:08.720,8.9497e-11,Torr,11.small_stm_window_1,spray,11.small_stm_window_1/MassSpecData-02115-20261006-161637.csv,2026-10-06 16:05:29.144,11.659600000000001
2026-10-06 16:17:08.928,8.3816e-11,Torr,11.small_stm_window_1,spray,11.small_stm_window_1/MassSpecData-02115-20261006-161637.csv,2026-10-06 16:05:29.144,11.663066666666667
2026-10-06 16:17:09.137,8.3812e-11,Torr,11.small_stm_window_1,spray,11.small_stm_window_1/MassSpecData-02115-20261006-161637.csv,2026-10-06 16:05:29.144,11.66655
2026-10-06 16:17:09.345,8.7599e-11,Torr,11.small_stm_window_1,spray,11.small_stm_window_1/MassSpecData-02115-20261006-161637.csv,2026-10-06 16:05:29.144,11.670016666666667
2026-10-06 16:17:09.553,8.2754e-11,Torr,11.small_stm_window_1,spray,11.small_stm_window_1/MassSpecData-02115-20261006-161637.csv,2026-10-06 16:05:29.144,11.673483333333333
2026-10-06 16:17:09.762,8.5526e-11,Torr,11.small_stm_window_1,spray,11.small_stm_window_1/MassSpecData-02115-20261006-161637.csv,2026-10-06 16:05:29.144,11.676966666666667
2026-10-06 16:17:09.970,8.2578e-11,Torr,11.small_stm_window_1,spray,11.small_stm_window_1/MassSpecData-02115-20261006-161637.csv,2026-10-06 16:05:29.144,11.680433333333333
2026-10-06 16:17:10.178,7.5707e-11,Torr,11.small_stm_window_1,spray,11.small_stm_window_1/MassSpecData-02115-20261006-161637.csv,2026-10-06 16:05:29.144,11.6839
2026-10-06 16:17:10.387,8.8906e-11,Torr,11.small_stm_window_1,spray,11.small_stm_window_1/MassSpecData-02115-20261006-161637.csv,2026-10-06 16:05:29.144,11.687383333333335
2026-10-06 16:17:10.595,9.838e-11,Torr,11.small_stm_window_1,spray,11.small_stm_window_1/MassSpecData-02115-20261006-161637.csv,2026-10-06 16:05:29.144,11.690850000000001
2026-10-06 16:17:10.803,9.9827e-11,Torr,11.small_stm_window_1,spray,11.small_stm_window_1/MassSpecData-02115-20261006-161637.csv,2026-10-06 16:05:29.144,11.694316666666667
2026-10-06 16:17:11.012,8.0186e-11,Torr,11.small_stm_window_1,spray,11.small_stm_window_1/MassSpecData-02115-20261006-161637.csv,2026-10-06 16:05:29.144,11.6978
2026-10-06 16:17:11.220,7.8892e-11,Torr,11.small_stm_window_1,spray,11.small_stm_window_1/MassSpecData-02115-20261006-161637.csv,2026-10-06 16:05:29.144,11.701266666666667
2026-10-06 16:17:11.428,8.6312e-11,Torr,11.small_stm_window_1,spray,11.small_stm_window_1/MassSpecData-02115-20261006-161637.csv,2026-10-06 16:05:29.144,11.704733333333333
2026-10-06 16:17:11.637,8.5138e-11,Torr,11.small_stm_window_1,spray,11.small_stm_window_1/MassSpecData-02115-20261006-161637.csv,2026-10-06 16:05:29.144,11.708216666666667
2026-10-06 16:17:11.845,8.9222e-11,Torr,11.small_stm_window_1,spray,11.small_stm_window_1/MassSpecData-02115-20261006-161637.csv,2026-10-06 16:05:29.144,11.711683333333333
2026-10-06 16:17:12.053,7.5139e-11,Torr,11.small_stm_window_1,spray,11.small_stm_window_1/MassSpecData-02115-20261006-161637.csv,2026-10-06 16:05:29.144,11.71515
2026-10-06 16:17:12.262,8.3856e-11,Torr,11.small_stm_window_1,spray,11.small_stm_window_1/MassSpecData-02115-20261006-161637.csv,2026-10-06 16:05:29.144,11.718633333333335
2026-10-06 16:17:12.470,8.6787e-11,Torr,11.small_stm_window_1,spray,11.small_stm_window_1/MassSpecData-02115-20261006-161637.csv,2026-10-06 16:05:29.144,11.722100000000001
2026-10-06 16:17:12.678,8.2302e-11,Torr,11.small_stm_window_1,spray,11.small_stm_window_1/MassSpecData-02115-20261006-161637.csv,2026-10-06 16:05:29.144,11.725566666666667
2026-10-06 16:17:12.887,8.495e-11,Torr,11.small_stm_window_1,spray,11.small_stm_window_1/MassSpecData-02115-20261006-161637.csv,2026-10-06 16:05:29.144,11.72905
2026-10-06 16:17:13.095,8.6631e-11,Torr,11.small_stm_window_1,spray,11.small_stm_window_1/MassSpecData-02115-20261006-161637.csv,2026-10-06 16:05:29.144,11.732516666666667
2026-10-06 16:17:13.303,8.9156e-11,Torr,11.small_stm_window_1,spray,11.small_stm_window_1/MassSpecData-02115-20261006-161637.csv,2026-10-06 16:05:29.144,11.735983333333333
2026-10-06 16:17:13.512,9.2252e-11,Torr,11.small_stm_window_1,spray,11.small_stm_window_1/MassSpecData-02115-20261006-161637.csv,2026-10-06 16:05:29.144,11.739466666666667
2026-10-06 16:17:13.720,8.494e-11,Torr,11.small_stm_window_1,spray,11.small_stm_window_1/MassSpecData-02115-20261006-161637.csv,2026-10-06 16:05:29.144,11.742933333333333
2026-10-06 16:17:13.928,7.8395e-11,Torr,11.small_stm_window_1,spray,11.small_stm_window_1/MassSpecData-02115-20261006-161637.csv,2026-10-06 16:05:29.144,11.7464
2026-10-06 16:17:14.137,8.0456e-11,Torr,11.small_stm_window_1,spray,11.small_stm_window_1/MassSpecData-02115-20261006-161637.csv,2026-10-06 16:05:29.144,11.749883333333335
2026-10-06 16:17:14.345,9.8847e-11,Torr,11.small_stm_window_1,spray,11.small_stm_window_1/MassSpecData-02115-20261006-161637.csv,2026-10-06 16:05:29.144,11.753350000000001
2026-10-06 16:17:14.553,8.0142e-11,Torr,11.small_stm_window_1,spray,11.small_stm_window_1/MassSpecData-02115-20261006-161637.csv,2026-10-06 16:05:29.144,11.756816666666667
2026-10-06 16:17:14.762,8.1279e-11,Torr,11.small_stm_window_1,spray,11.small_stm_window_1/MassSpecData-02115-20261006-161637.csv,2026-10-06 16:05:29.144,11.7603
2026-10-06 16:17:14.970,9.3561e-11,Torr,11.small_stm_window_1,spray,11.small_stm_window_1/MassSpecData-02115-20261006-161637.csv,2026-10-06 16:05:29.144,11.763766666666667
2026-10-06 16:17:15.178,9.3433e-11,Torr,11.small_stm_window_1,spray,11.small_stm_window_1/MassSpecData-02115-20261006-161637.csv,2026-10-06 16:05:29.144,11.767233333333333
2026-10-06 16:17:15.387,8.9644e-11,Torr,11.small_stm_window_1,spray,11.small_stm_window_1/MassSpecData-02115-20261006-161637.csv,2026-10-06 16:05:29.144,11.770716666666667
2026-10-06 16:17:15.595,8.8877e-11,Torr,11.small_stm_window_1,spray,11.small_stm_window_1/MassSpecData-02115-20261006-161637.csv,2026-10-06 16:05:29.144,11.774183333333333
2026-10-06 16:17:15.804,7.5051e-11,Torr,11.small_stm_window_1,spray,11.small_stm_window_1/MassSpecData-02115-20261006-161637.csv,2026-10-06 16:05:29.144,11.777666666666667
2026-10-06 16:17:16.012,8.5813e-11,Torr,11.small_stm_window_1,spray,11.small_stm_window_1/MassSpecData-02115-20261006-161637.csv,2026-10-06 16:05:29.144,11.781133333333335
2026-10-06 16:17:16.220,9.2198e-11,Torr,11.small_stm_window_1,spray,11.small_stm_window_1/MassSpecData-02115-20261006-161637.csv,2026-10-06 16:05:29.144,11.784600000000001
2026-10-06 16:17:16.429,8.203e-11,Torr,11.small_stm_window_1,spray,11.small_stm_window_1/MassSpecData-02115-20261006-161637.csv,2026-10-06 16:05:29.144,11.788083333333333
2026-10-06 16:17:16.637,8.1826e-11,Torr,11.small_stm_window_1,spray,11.small_stm_window_1/MassSpecData-02115-20261006-161637.csv,2026-10-06 16:05:29.144,11.79155
2026-10-06 16:17:16.845,9.0623e-11,Torr,11.small_stm_window_1,spray,11.small_stm_window_1/MassSpecData-02115-20261006-161637.csv,2026-10-06 16:05:29.144,11.795016666666667
2026-10-06 16:17:17.054,8.6051e-11,Torr,11.small_stm_window_1,spray,11.small_stm_window_1/MassSpecData-02115-20261006-161637.csv,2026-10-06 16:05:29.144,11.798499999999999
2026-10-06 16:17:17.262,9.0124e-11,Torr,11.small_stm_window_1,spray,11.small_stm_window_1/MassSpecData-02115-20261006-161637.csv,2026-10-06 16:05:29.144,11.801966666666667
2026-10-06 16:17:17.470,8.736e-11,Torr,11.small_stm_window_1,spray,11.small_stm_window_1/MassSpecData-02115-20261006-161637.csv,2026-10-06 16:05:29.144,11.805433333333333
2026-10-06 16:17:17.679,9.1232e-11,Torr,11.small_stm_window_1,spray,11.small_stm_window_1/MassSpecData-02115-20261006-161637.csv,2026-10-06 16:05:29.144,11.808916666666667
2026-10-06 16:17:17.887,7.5185e-11,Torr,11.small_stm_window_1,spray,11.small_stm_window_1/MassSpecData-02115-20261006-161637.csv,2026-10-06 16:05:29.144,11.812383333333335
2026-10-06 16:17:18.095,7.0762e-11,Torr,11.small_stm_window_1,spray,11.small_stm_window_1/MassSpecData-02115-20261006-161637.csv,2026-10-06 16:05:29.144,11.815850000000001
2026-10-06 16:17:18.304,8.23e-11,Torr,11.small_stm_window_1,spray,11.small_stm_window_1/MassSpecData-02115-20261006-161637.csv,2026-10-06 16:05:29.144,11.819333333333333
2026-10-06 16:17:18.512,6.4033e-11,Torr,11.small_stm_window_1,spray,11.small_stm_window_1/MassSpecData-02115-20261006-161637.csv,2026-10-06 16:05:29.144,11.8228
2026-10-06 16:17:18.720,9.3436e-11,Torr,11.small_stm_window_1,spray,11.small_stm_window_1/MassSpecData-02115-20261006-161637.csv,2026-10-06 16:05:29.144,11.826266666666667
2026-10-06 16:17:18.929,8.4228e-11,Torr,11.small_stm_window_1,spray,11.small_stm_window_1/MassSpecData-02115-20261006-161637.csv,2026-10-06 16:05:29.144,11.829749999999999
2026-10-06 16:17:19.137,8.6869e-11,Torr,11.small_stm_window_1,spray,11.small_stm_window_1/MassSpecData-02115-20261006-161637.csv,2026-10-06 16:05:29.144,11.833216666666667
2026-10-06 16:17:19.345,8.6599e-11,Torr,11.small_stm_window_1,spray,11.small_stm_window_1/MassSpecData-02115-20261006-161637.csv,2026-10-06 16:05:29.144,11.836683333333333
2026-10-06 16:17:19.685,8.6346e-11,Torr,11.small_stm_window_1,spray,11.small_stm_window_1/MassSpecData-02115-20261006-161719.csv,2026-10-06 16:05:29.144,11.842350000000001
2026-10-06 16:17:19.893,8.3911e-11,Torr,11.small_stm_window_1,spray,11.small_stm_window_1/MassSpecData-02115-20261006-161719.csv,2026-10-06 16:05:29.144,11.845816666666668
2026-10-06 16:17:20.102,9.6459e-11,Torr,11.small_stm_window_1,spray,11.small_stm_window_1/MassSpecData-02115-20261006-161719.csv,2026-10-06 16:05:29.144,11.8493
2026-10-06 16:17:20.310,8.2959e-11,Torr,11.small_stm_window_1,spray,11.small_stm_window_1/MassSpecData-02115-20261006-161719.csv,2026-10-06 16:05:29.144,11.852766666666668
2026-10-06 16:17:20.518,9.551e-11,Torr,11.small_stm_window_1,spray,11.small_stm_window_1/MassSpecData-02115-20261006-161719.csv,2026-10-06 16:05:29.144,11.856233333333334
2026-10-06 16:17:20.727,7.2352e-11,Torr,11.small_stm_window_1,spray,11.small_stm_window_1/MassSpecData-02115-20261006-161719.csv,2026-10-06 16:05:29.144,11.859716666666666
2026-10-06 16:17:20.935,8.1776e-11,Torr,11.small_stm_window_1,spray,11.small_stm_window_1/MassSpecData-02115-20261006-161719.csv,2026-10-06 16:05:29.144,11.863183333333334
2026-10-06 16:17:21.143,9.4781e-11,Torr,11.small_stm_window_1,spray,11.small_stm_window_1/MassSpecData-02115-20261006-161719.csv,2026-10-06 16:05:29.144,11.86665
2026-10-06 16:17:21.351,7.3406e-11,Torr,11.small_stm_window_1,spray,11.small_stm_window_1/MassSpecData-02115-20261006-161719.csv,2026-10-06 16:05:29.144,11.870116666666666
2026-10-06 16:17:21.560,7.9002e-11,Torr,11.small_stm_window_1,spray,11.small_stm_window_1/MassSpecData-02115-20261006-161719.csv,2026-10-06 16:05:29.144,11.873600000000001
2026-10-06 16:17:21.768,9.4811e-11,Torr,11.small_stm_window_1,spray,11.small_stm_window_1/MassSpecData-02115-20261006-161719.csv,2026-10-06 16:05:29.144,11.877066666666668
2026-10-06 16:17:21.977,7.5418e-11,Torr,11.small_stm_window_1,spray,11.small_stm_window_1/MassSpecData-02115-20261006-161719.csv,2026-10-06 16:05:29.144,11.88055
2026-10-06 16:17:22.185,9.0537e-11,Torr,11.small_stm_window_1,spray,11.small_stm_window_1/MassSpecData-02115-20261006-161719.csv,2026-10-06 16:05:29.144,11.884016666666668
2026-10-06 16:17:22.393,7.7655e-11,Torr,11.small_stm_window_1,spray,11.small_stm_window_1/MassSpecData-02115-20261006-161719.csv,2026-10-06 16:05:29.144,11.887483333333334
2026-10-06 16:17:22.602,8.408e-11,Torr,11.small_stm_window_1,spray,11.small_stm_window_1/MassSpecData-02115-20261006-161719.csv,2026-10-06 16:05:29.144,11.890966666666666
2026-10-06 16:17:22.810,7.8833e-11,Torr,11.small_stm_window_1,spray,11.small_stm_window_1/MassSpecData-02115-20261006-161719.csv,2026-10-06 16:05:29.144,11.894433333333334
2026-10-06 16:17:23.018,9.228e-11,Torr,11.small_stm_window_1,spray,11.small_stm_window_1/MassSpecData-02115-20261006-161719.csv,2026-10-06 16:05:29.144,11.8979
2026-10-06 16:17:23.227,7.7711e-11,Torr,11.small_stm_window_1,spray,11.small_stm_window_1/MassSpecData-02115-20261006-161719.csv,2026-10-06 16:05:29.144,11.901383333333333
2026-10-06 16:17:23.435,7.548e-11,Torr,11.small_stm_window_1,spray,11.small_stm_window_1/MassSpecData-02115-20261006-161719.csv,2026-10-06 16:05:29.144,11.904850000000001
2026-10-06 16:17:23.643,6.84e-11,Torr,11.small_stm_window_1,spray,11.small_stm_window_1/MassSpecData-02115-20261006-161719.csv,2026-10-06 16:05:29.144,11.908316666666668
2026-10-06 16:17:23.852,9.1207e-11,Torr,11.small_stm_window_1,spray,11.small_stm_window_1/MassSpecData-02115-20261006-161719.csv,2026-10-06 16:05:29.144,11.9118
2026-10-06 16:17:24.060,9.051e-11,Torr,11.small_stm_window_1,spray,11.small_stm_window_1/MassSpecData-02115-20261006-161719.csv,2026-10-06 16:05:29.144,11.915266666666668
2026-10-06 16:17:24.268,7.6901e-11,Torr,11.small_stm_window_1,spray,11.small_stm_window_1/MassSpecData-02115-20261006-161719.csv,2026-10-06 16:05:29.144,11.918733333333334
2026-10-06 16:17:24.477,7.8182e-11,Torr,11.small_stm_window_1,spray,11.small_stm_window_1/MassSpecData-02115-20261006-161719.csv,2026-10-06 16:05:29.144,11.922216666666666
2026-10-06 16:17:24.685,7.8526e-11,Torr,11.small_stm_window_1,spray,11.small_stm_window_1/MassSpecData-02115-20261006-161719.csv,2026-10-06 16:05:29.144,11.925683333333334
2026-10-06 16:17:24.893,8.7098e-11,Torr,11.small_stm_window_1,spray,11.small_stm_window_1/MassSpecData-02115-20261006-161719.csv,2026-10-06 16:05:29.144,11.92915
2026-10-06 16:17:25.101,7.9098e-11,Torr,11.small_stm_window_1,spray,11.small_stm_window_1/MassSpecData-02115-20261006-161719.csv,2026-10-06 16:05:29.144,11.932616666666666
2026-10-06 16:17:25.310,7.8912e-11,Torr,11.small_stm_window_1,spray,11.small_stm_window_1/MassSpecData-02115-20261006-161719.csv,2026-10-06 16:05:29.144,11.936100000000001
2026-10-06 16:17:25.518,7.4021e-11,Torr,11.small_stm_window_1,spray,11.small_stm_window_1/MassSpecData-02115-20261006-161719.csv,2026-10-06 16:05:29.144,11.939566666666668
2026-10-06 16:17:25.726,8.9032e-11,Torr,11.small_stm_window_1,spray,11.small_stm_window_1/MassSpecData-02115-20261006-161719.csv,2026-10-06 16:05:29.144,11.943033333333334
2026-10-06 16:17:25.935,7.6591e-11,Torr,11.small_stm_window_1,spray,11.small_stm_window_1/MassSpecData-02115-20261006-161719.csv,2026-10-06 16:05:29.144,11.946516666666668
2026-10-06 16:17:26.143,7.1318e-11,Torr,11.small_stm_window_1,spray,11.small_stm_window_1/MassSpecData-02115-20261006-161719.csv,2026-10-06 16:05:29.144,11.949983333333334
2026-10-06 16:17:26.351,7.7632e-11,Torr,11.small_stm_window_1,spray,11.small_stm_window_1/MassSpecData-02115-20261006-161719.csv,2026-10-06 16:05:29.144,11.95345
2026-10-06 16:17:26.560,8.263e-11,Torr,11.small_stm_window_1,spray,11.small_stm_window_1/MassSpecData-02115-20261006-161719.csv,2026-10-06 16:05:29.144,11.956933333333334
2026-10-06 16:17:26.768,8.2635e-11,Torr,11.small_stm_window_1,spray,11.small_stm_window_1/MassSpecData-02115-20261006-161719.csv,2026-10-06 16:05:29.144,11.9604
2026-10-06 16:17:26.976,9.657e-11,Torr,11.small_stm_window_1,spray,11.small_stm_window_1/MassSpecData-02115-20261006-161719.csv,2026-10-06 16:05:29.144,11.963866666666666
2026-10-06 16:17:27.185,9.0311e-11,Torr,11.small_stm_window_1,spray,11.small_stm_window_1/MassSpecData-02115-20261006-161719.csv,2026-10-06 16:05:29.144,11.967350000000001
2026-10-06 16:17:27.393,8.5568e-11,Torr,11.small_stm_window_1,spray,11.small_stm_window_1/MassSpecData-02115-20261006-161719.csv,2026-10-06 16:05:29.144,11.970816666666668
2026-10-06 16:17:27.601,8.213e-11,Torr,11.small_stm_window_1,spray,11.small_stm_window_1/MassSpecData-02115-20261006-161719.csv,2026-10-06 16:05:29.144,11.974283333333334
2026-10-06 16:17:27.810,9.1741e-11,Torr,11.small_stm_window_1,spray,11.small_stm_window_1/MassSpecData-02115-20261006-161719.csv,2026-10-06 16:05:29.144,11.977766666666668
2026-10-06 16:17:28.018,9.3632e-11,Torr,11.small_stm_window_1,spray,11.small_stm_window_1/MassSpecData-02115-20261006-161719.csv,2026-10-06 16:05:29.144,11.981233333333334
2026-10-06 16:17:28.226,9.4529e-11,Torr,11.small_stm_window_1,spray,11.small_stm_window_1/MassSpecData-02115-20261006-161719.csv,2026-10-06 16:05:29.144,11.9847
2026-10-06 16:17:28.435,8.9815e-11,Torr,11.small_stm_window_1,spray,11.small_stm_window_1/MassSpecData-02115-20261006-161719.csv,2026-10-06 16:05:29.144,11.988183333333334
2026-10-06 16:17:28.643,7.878e-11,Torr,11.small_stm_window_1,spray,11.small_stm_window_1/MassSpecData-02115-20261006-161719.csv,2026-10-06 16:05:29.144,11.99165
2026-10-06 16:17:28.852,8.4872e-11,Torr,11.small_stm_window_1,spray,11.small_stm_window_1/MassSpecData-02115-20261006-161719.csv,2026-10-06 16:05:29.144,11.995133333333333
2026-10-06 16:17:29.060,8.5858e-11,Torr,11.small_stm_window_1,spray,11.small_stm_window_1/MassSpecData-02115-20261006-161719.csv,2026-10-06 16:05:29.144,11.998600000000001
2026-10-06 16:17:29.268,7.9873e-11,Torr,11.small_stm_window_1,spray,11.small_stm_window_1/MassSpecData-02115-20261006-161719.csv,2026-10-06 16:05:29.144,12.002066666666668
2026-10-06 16:17:29.477,8.3624e-11,Torr,11.small_stm_window_1,spray,11.small_stm_window_1/MassSpecData-02115-20261006-161719.csv,2026-10-06 16:05:29.144,12.00555
2026-10-06 16:17:29.685,8.6987e-11,Torr,11.small_stm_window_1,spray,11.small_stm_window_1/MassSpecData-02115-20261006-161719.csv,2026-10-06 16:05:29.144,12.009016666666668
2026-10-06 16:17:29.893,8.4881e-11,Torr,11.small_stm_window_1,spray,11.small_stm_window_1/MassSpecData-02115-20261006-161719.csv,2026-10-06 16:05:29.144,12.012483333333334
2026-10-06 16:17:30.102,8.6818e-11,Torr,11.small_stm_window_1,spray,11.small_stm_window_1/MassSpecData-02115-20261006-161719.csv,2026-10-06 16:05:29.144,12.015966666666666
2026-10-06 16:17:30.310,8.6458e-11,Torr,11.small_stm_window_1,spray,11.small_stm_window_1/MassSpecData-02115-20261006-161719.csv,2026-10-06 16:05:29.144,12.019433333333334
2026-10-06 16:17:30.518,9.5145e-11,Torr,11.small_stm_window_1,spray,11.small_stm_window_1/MassSpecData-02115-20261006-161719.csv,2026-10-06 16:05:29.144,12.0229
2026-10-06 16:17:30.727,8.4077e-11,Torr,11.small_stm_window_1,spray,11.small_stm_window_1/MassSpecData-02115-20261006-161719.csv,2026-10-06 16:05:29.144,12.026383333333333
2026-10-06 16:17:30.935,8.4146e-11,Torr,11.small_stm_window_1,spray,11.small_stm_window_1/MassSpecData-02115-20261006-161719.csv,2026-10-06 16:05:29.144,12.029850000000001
2026-10-06 16:17:31.143,9.4979e-11,Torr,11.small_stm_window_1,spray,11.small_stm_window_1/MassSpecData-02115-20261006-161719.csv,2026-10-06 16:05:29.144,12.033316666666668
2026-10-06 16:17:31.352,8.1926e-11,Torr,11.small_stm_window_1,spray,11.small_stm_window_1/MassSpecData-02115-20261006-161719.csv,2026-10-06 16:05:29.144,12.0368
2026-10-06 16:17:31.560,8.0582e-11,Torr,11.small_stm_window_1,spray,11.small_stm_window_1/MassSpecData-02115-20261006-161719.csv,2026-10-06 16:05:29.144,12.040266666666668
2026-10-06 16:17:31.768,9.02e-11,Torr,11.small_stm_window_1,spray,11.small_stm_window_1/MassSpecData-02115-20261006-161719.csv,2026-10-06 16:05:29.144,12.043733333333334
2026-10-06 16:17:31.977,7.401e-11,Torr,11.small_stm_window_1,spray,11.small_stm_window_1/MassSpecData-02115-20261006-161719.csv,2026-10-06 16:05:29.144,12.047216666666666
2026-10-06 16:17:32.185,7.4967e-11,Torr,11.small_stm_window_1,spray,11.small_stm_window_1/MassSpecData-02115-20261006-161719.csv,2026-10-06 16:05:29.144,12.050683333333334
2026-10-06 16:17:32.393,9.561e-11,Torr,11.small_stm_window_1,spray,11.small_stm_window_1/MassSpecData-02115-20261006-161719.csv,2026-10-06 16:05:29.144,12.05415
2026-10-06 16:17:32.602,8.5943e-11,Torr,11.small_stm_window_1,spray,11.small_stm_window_1/MassSpecData-02115-20261006-161719.csv,2026-10-06 16:05:29.144,12.057633333333333
2026-10-06 16:17:32.810,8.1554e-11,Torr,11.small_stm_window_1,spray,11.small_stm_window_1/MassSpecData-02115-20261006-161719.csv,2026-10-06 16:05:29.144,12.061100000000001
2026-10-06 16:17:33.018,9.1624e-11,Torr,11.small_stm_window_1,spray,11.small_stm_window_1/MassSpecData-02115-20261006-161719.csv,2026-10-06 16:05:29.144,12.064566666666668
2026-10-06 16:17:33.227,9.0416e-11,Torr,11.small_stm_window_1,spray,11.small_stm_window_1/MassSpecData-02115-20261006-161719.csv,2026-10-06 16:05:29.144,12.06805
2026-10-06 16:17:33.435,8.2147e-11,Torr,11.small_stm_window_1,spray,11.small_stm_window_1/MassSpecData-02115-20261006-161719.csv,2026-10-06 16:05:29.144,12.071516666666668
2026-10-06 16:17:33.643,7.9657e-11,Torr,11.small_stm_window_1,spray,11.small_stm_window_1/MassSpecData-02115-20261006-161719.csv,2026-10-06 16:05:29.144,12.074983333333334
2026-10-06 16:17:33.852,8.081e-11,Torr,11.small_stm_window_1,spray,11.small_stm_window_1/MassSpecData-02115-20261006-161719.csv,2026-10-06 16:05:29.144,12.078466666666666
2026-10-06 16:17:34.060,9.7725e-11,Torr,11.small_stm_window_1,spray,11.small_stm_window_1/MassSpecData-02115-20261006-161719.csv,2026-10-06 16:05:29.144,12.081933333333334
2026-10-06 16:17:34.268,7.1941e-11,Torr,11.small_stm_window_1,spray,11.small_stm_window_1/MassSpecData-02115-20261006-161719.csv,2026-10-06 16:05:29.144,12.0854
2026-10-06 16:17:34.477,9.1894e-11,Torr,11.small_stm_window_1,spray,11.small_stm_window_1/MassSpecData-02115-20261006-161719.csv,2026-10-06 16:05:29.144,12.088883333333333
2026-10-06 16:17:34.685,8.6411e-11,Torr,11.small_stm_window_1,spray,11.small_stm_window_1/MassSpecData-02115-20261006-161719.csv,2026-10-06 16:05:29.144,12.092350000000001
2026-10-06 16:17:34.893,7.9724e-11,Torr,11.small_stm_window_1,spray,11.small_stm_window_1/MassSpecData-02115-20261006-161719.csv,2026-10-06 16:05:29.144,12.095816666666668
2026-10-06 16:17:35.102,7.9026e-11,Torr,11.small_stm_window_1,spray,11.small_stm_window_1/MassSpecData-02115-20261006-161719.csv,2026-10-06 16:05:29.144,12.0993
2026-10-06 16:17:35.310,7.4434e-11,Torr,11.small_stm_window_1,spray,11.small_stm_window_1/MassSpecData-02115-20261006-161719.csv,2026-10-06 16:05:29.144,12.102766666666668
2026-10-06 16:17:35.518,9.8484e-11,Torr,11.small_stm_window_1,spray,11.small_stm_window_1/MassSpecData-02115-20261006-161719.csv,2026-10-06 16:05:29.144,12.106233333333334
2026-10-06 16:17:35.727,1.0091e-10,Torr,11.small_stm_window_1,spray,11.small_stm_window_1/MassSpecData-02115-20261006-161719.csv,2026-10-06 16:05:29.144,12.109716666666666
2026-10-06 16:17:35.935,9.2248e-11,Torr,11.small_stm_window_1,spray,11.small_stm_window_1/MassSpecData-02115-20261006-161719.csv,2026-10-06 16:05:29.144,12.113183333333334
2026-10-06 16:17:36.143,8.6041e-11,Torr,11.small_stm_window_1,spray,11.small_stm_window_1/MassSpecData-02115-20261006-161719.csv,2026-10-06 16:05:29.144,12.11665
2026-10-06 16:17:36.352,8.9724e-11,Torr,11.small_stm_window_1,spray,11.small_stm_window_1/MassSpecData-02115-20261006-161719.csv,2026-10-06 16:05:29.144,12.120133333333333
2026-10-06 16:17:36.560,9.6335e-11,Torr,11.small_stm_window_1,spray,11.small_stm_window_1/MassSpecData-02115-20261006-161719.csv,2026-10-06 16:05:29.144,12.123600000000001
2026-10-06 16:17:36.768,8.4052e-11,Torr,11.small_stm_window_1,spray,11.small_stm_window_1/MassSpecData-02115-20261006-161719.csv,2026-10-06 16:05:29.144,12.127066666666668
2026-10-06 16:17:36.977,8.2442e-11,Torr,11.small_stm_window_1,spray,11.small_stm_window_1/MassSpecData-02115-20261006-161719.csv,2026-10-06 16:05:29.144,12.13055
2026-10-06 16:17:37.185,8.8008e-11,Torr,11.small_stm_window_1,spray,11.small_stm_window_1/MassSpecData-02115-20261006-161719.csv,2026-10-06 16:05:29.144,12.134016666666668
2026-10-06 16:17:37.393,7.267e-11,Torr,11.small_stm_window_1,spray,11.small_stm_window_1/MassSpecData-02115-20261006-161719.csv,2026-10-06 16:05:29.144,12.137483333333334
2026-10-06 16:17:37.602,7.7647e-11,Torr,11.small_stm_window_1,spray,11.small_stm_window_1/MassSpecData-02115-20261006-161719.csv,2026-10-06 16:05:29.144,12.140966666666666
2026-10-06 16:17:37.810,8.0654e-11,Torr,11.small_stm_window_1,spray,11.small_stm_window_1/MassSpecData-02115-20261006-161719.csv,2026-10-06 16:05:29.144,12.144433333333334
2026-10-06 16:17:38.018,8.1796e-11,Torr,11.small_stm_window_1,spray,11.small_stm_window_1/MassSpecData-02115-20261006-161719.csv,2026-10-06 16:05:29.144,12.1479
2026-10-06 16:17:38.227,8.6356e-11,Torr,11.small_stm_window_1,spray,11.small_stm_window_1/MassSpecData-02115-20261006-161719.csv,2026-10-06 16:05:29.144,12.151383333333333
2026-10-06 16:17:38.435,8.4795e-11,Torr,11.small_stm_window_1,spray,11.small_stm_window_1/MassSpecData-02115-20261006-161719.csv,2026-10-06 16:05:29.144,12.154850000000001
2026-10-06 16:17:38.643,8.1621e-11,Torr,11.small_stm_window_1,spray,11.small_stm_window_1/MassSpecData-02115-20261006-161719.csv,2026-10-06 16:05:29.144,12.158316666666668
2026-10-06 16:17:38.852,9.1232e-11,Torr,11.small_stm_window_1,spray,11.small_stm_window_1/MassSpecData-02115-20261006-161719.csv,2026-10-06 16:05:29.144,12.1618
2026-10-06 16:17:39.060,7.8038e-11,Torr,11.small_stm_window_1,spray,11.small_stm_window_1/MassSpecData-02115-20261006-161719.csv,2026-10-06 16:05:29.144,12.165266666666668
2026-10-06 16:17:39.268,8.9352e-11,Torr,11.small_stm_window_1,spray,11.small_stm_window_1/MassSpecData-02115-20261006-161719.csv,2026-10-06 16:05:29.144,12.168733333333334
2026-10-06 16:17:39.476,9.4932e-11,Torr,11.small_stm_window_1,spray,11.small_stm_window_1/MassSpecData-02115-20261006-161719.csv,2026-10-06 16:05:29.144,12.1722
2026-10-06 16:17:39.685,8.8473e-11,Torr,11.small_stm_window_1,spray,11.small_stm_window_1/MassSpecData-02115-20261006-161719.csv,2026-10-06 16:05:29.144,12.175683333333334
2026-10-06 16:17:39.893,8.6899e-11,Torr,11.small_stm_window_1,spray,11.small_stm_window_1/MassSpecData-02115-20261006-161719.csv,2026-10-06 16:05:29.144,12.17915
2026-10-06 16:17:40.101,1.0175e-10,Torr,11.small_stm_window_1,spray,11.small_stm_window_1/MassSpecData-02115-20261006-161719.csv,2026-10-06 16:05:29.144,12.182616666666666
2026-10-06 16:17:40.310,7.8315e-11,Torr,11.small_stm_window_1,spray,11.small_stm_window_1/MassSpecData-02115-20261006-161719.csv,2026-10-06 16:05:29.144,12.186100000000001
2026-10-06 16:17:40.518,7.6462e-11,Torr,11.small_stm_window_1,spray,11.small_stm_window_1/MassSpecData-02115-20261006-161719.csv,2026-10-06 16:05:29.144,12.189566666666668
2026-10-06 16:17:40.726,9.3321e-11,Torr,11.small_stm_window_1,spray,11.small_stm_window_1/MassSpecData-02115-20261006-161719.csv,2026-10-06 16:05:29.144,12.193033333333334
2026-10-06 16:17:40.935,8.7218e-11,Torr,11.small_stm_window_1,spray,11.small_stm_window_1/MassSpecData-02115-20261006-161719.csv,2026-10-06 16:05:29.144,12.196516666666668
2026-10-06 16:17:41.143,8.1971e-11,Torr,11.small_stm_window_1,spray,11.small_stm_window_1/MassSpecData-02115-20261006-161719.csv,2026-10-06 16:05:29.144,12.199983333333334
2026-10-06 16:17:41.351,7.9683e-11,Torr,11.small_stm_window_1,spray,11.small_stm_window_1/MassSpecData-02115-20261006-161719.csv,2026-10-06 16:05:29.144,12.20345
2026-10-06 16:17:41.560,7.8931e-11,Torr,11.small_stm_window_1,spray,11.small_stm_window_1/MassSpecData-02115-20261006-161719.csv,2026-10-06 16:05:29.144,12.206933333333334
2026-10-06 16:17:41.768,9.0598e-11,Torr,11.small_stm_window_1,spray,11.small_stm_window_1/MassSpecData-02115-20261006-161719.csv,2026-10-06 16:05:29.144,12.2104
2026-10-06 16:17:41.976,8.5332e-11,Torr,11.small_stm_window_1,spray,11.small_stm_window_1/MassSpecData-02115-20261006-161719.csv,2026-10-06 16:05:29.144,12.213866666666666
2026-10-06 16:17:42.185,8.714e-11,Torr,11.small_stm_window_1,spray,11.small_stm_window_1/MassSpecData-02115-20261006-161719.csv,2026-10-06 16:05:29.144,12.217350000000001
2026-10-06 16:17:42.393,8.5163e-11,Torr,11.small_stm_window_1,spray,11.small_stm_window_1/MassSpecData-02115-20261006-161719.csv,2026-10-06 16:05:29.144,12.220816666666668
2026-10-06 16:17:42.601,8.2794e-11,Torr,11.small_stm_window_1,spray,11.small_stm_window_1/MassSpecData-02115-20261006-161719.csv,2026-10-06 16:05:29.144,12.224283333333334
2026-10-06 16:17:42.810,8.2061e-11,Torr,11.small_stm_window_1,spray,11.small_stm_window_1/MassSpecData-02115-20261006-161719.csv,2026-10-06 16:05:29.144,12.227766666666668
2026-10-06 16:17:43.018,8.1563e-11,Torr,11.small_stm_window_1,spray,11.small_stm_window_1/MassSpecData-02115-20261006-161719.csv,2026-10-06 16:05:29.144,12.231233333333334
2026-10-06 16:17:43.226,7.7001e-11,Torr,11.small_stm_window_1,spray,11.small_stm_window_1/MassSpecData-02115-20261006-161719.csv,2026-10-06 16:05:29.144,12.2347
2026-10-06 16:17:43.435,8.2907e-11,Torr,11.small_stm_window_1,spray,11.small_stm_window_1/MassSpecData-02115-20261006-161719.csv,2026-10-06 16:05:29.144,12.238183333333334
2026-10-06 16:17:43.643,8.4446e-11,Torr,11.small_stm_window_1,spray,11.small_stm_window_1/MassSpecData-02115-20261006-161719.csv,2026-10-06 16:05:29.144,12.24165
2026-10-06 16:17:43.851,9.5076e-11,Torr,11.small_stm_window_1,spray,11.small_stm_window_1/MassSpecData-02115-20261006-161719.csv,2026-10-06 16:05:29.144,12.245116666666666
2026-10-06 16:17:44.060,8.6294e-11,Torr,11.small_stm_window_1,spray,11.small_stm_window_1/MassSpecData-02115-20261006-161719.csv,2026-10-06 16:05:29.144,12.248600000000001
2026-10-06 16:17:44.268,8.2283e-11,Torr,11.small_stm_window_1,spray,11.small_stm_window_1/MassSpecData-02115-20261006-161719.csv,2026-10-06 16:05:29.144,12.252066666666668
2026-10-06 16:17:44.476,8.8433e-11,Torr,11.small_stm_window_1,spray,11.small_stm_window_1/MassSpecData-02115-20261006-161719.csv,2026-10-06 16:05:29.144,12.255533333333334
2026-10-06 16:17:44.685,8.3016e-11,Torr,11.small_stm_window_1,spray,11.small_stm_window_1/MassSpecData-02115-20261006-161719.csv,2026-10-06 16:05:29.144,12.259016666666668
2026-10-06 16:17:44.893,9.3205e-11,Torr,11.small_stm_window_1,spray,11.small_stm_window_1/MassSpecData-02115-20261006-161719.csv,2026-10-06 16:05:29.144,12.262483333333334
2026-10-06 16:17:45.101,8.3198e-11,Torr,11.small_stm_window_1,spray,11.small_stm_window_1/MassSpecData-02115-20261006-161719.csv,2026-10-06 16:05:29.144,12.26595
2026-10-06 16:17:45.310,8.159e-11,Torr,11.small_stm_window_1,spray,11.small_stm_window_1/MassSpecData-02115-20261006-161719.csv,2026-10-06 16:05:29.144,12.269433333333334
2026-10-06 16:17:45.518,8.9141e-11,Torr,11.small_stm_window_1,spray,11.small_stm_window_1/MassSpecData-02115-20261006-161719.csv,2026-10-06 16:05:29.144,12.2729
2026-10-06 16:17:45.726,8.6117e-11,Torr,11.small_stm_window_1,spray,11.small_stm_window_1/MassSpecData-02115-20261006-161719.csv,2026-10-06 16:05:29.144,12.276366666666666
2026-10-06 16:17:45.935,8.2681e-11,Torr,11.small_stm_window_1,spray,11.small_stm_window_1/MassSpecData-02115-20261006-161719.csv,2026-10-06 16:05:29.144,12.279850000000001
2026-10-06 16:17:46.143,7.6156e-11,Torr,11.small_stm_window_1,spray,11.small_stm_window_1/MassSpecData-02115-20261006-161719.csv,2026-10-06 16:05:29.144,12.283316666666668
2026-10-06 16:17:46.351,8.9528e-11,Torr,11.small_stm_window_1,spray,11.small_stm_window_1/MassSpecData-02115-20261006-161719.csv,2026-10-06 16:05:29.144,12.286783333333334
2026-10-06 16:17:46.560,8.9001e-11,Torr,11.small_stm_window_1,spray,11.small_stm_window_1/MassSpecData-02115-20261006-161719.csv,2026-10-06 16:05:29.144,12.290266666666668
2026-10-06 16:17:46.768,9.217e-11,Torr,11.small_stm_window_1,spray,11.small_stm_window_1/MassSpecData-02115-20261006-161719.csv,2026-10-06 16:05:29.144,12.293733333333334
2026-10-06 16:17:46.976,9.2159e-11,Torr,11.small_stm_window_1,spray,11.small_stm_window_1/MassSpecData-02115-20261006-161719.csv,2026-10-06 16:05:29.144,12.2972
2026-10-06 16:17:47.185,8.3575e-11,Torr,11.small_stm_window_1,spray,11.small_stm_window_1/MassSpecData-02115-20261006-161719.csv,2026-10-06 16:05:29.144,12.300683333333334
2026-10-06 16:17:47.393,9.4128e-11,Torr,11.small_stm_window_1,spray,11.small_stm_window_1/MassSpecData-02115-20261006-161719.csv,2026-10-06 16:05:29.144,12.30415
2026-10-06 16:17:47.601,9.7822e-11,Torr,11.small_stm_window_1,spray,11.small_stm_window_1/MassSpecData-02115-20261006-161719.csv,2026-10-06 16:05:29.144,12.307616666666666
2026-10-06 16:17:47.810,7.6899e-11,Torr,11.small_stm_window_1,spray,11.small_stm_window_1/MassSpecData-02115-20261006-161719.csv,2026-10-06 16:05:29.144,12.311100000000001
2026-10-06 16:17:48.018,8.5389e-11,Torr,11.small_stm_window_1,spray,11.small_stm_window_1/MassSpecData-02115-20261006-161719.csv,2026-10-06 16:05:29.144,12.314566666666668
2026-10-06 16:17:48.226,9.2162e-11,Torr,11.small_stm_window_1,spray,11.small_stm_window_1/MassSpecData-02115-20261006-161719.csv,2026-10-06 16:05:29.144,12.318033333333334
2026-10-06 16:17:48.435,9.6421e-11,Torr,11.small_stm_window_1,spray,11.small_stm_window_1/MassSpecData-02115-20261006-161719.csv,2026-10-06 16:05:29.144,12.321516666666668
2026-10-06 16:17:48.643,8.2091e-11,Torr,11.small_stm_window_1,spray,11.small_stm_window_1/MassSpecData-02115-20261006-161719.csv,2026-10-06 16:05:29.144,12.324983333333334
2026-10-06 16:17:48.851,9.4375e-11,Torr,11.small_stm_window_1,spray,11.small_stm_window_1/MassSpecData-02115-20261006-161719.csv,2026-10-06 16:05:29.144,12.32845
2026-10-06 16:17:49.060,8.7723e-11,Torr,11.small_stm_window_1,spray,11.small_stm_window_1/MassSpecData-02115-20261006-161719.csv,2026-10-06 16:05:29.144,12.331933333333334
2026-10-06 16:17:49.268,7.1093e-11,Torr,11.small_stm_window_1,spray,11.small_stm_window_1/MassSpecData-02115-20261006-161719.csv,2026-10-06 16:05:29.144,12.3354
2026-10-06 16:17:49.476,7.0847e-11,Torr,11.small_stm_window_1,spray,11.small_stm_window_1/MassSpecData-02115-20261006-161719.csv,2026-10-06 16:05:29.144,12.338866666666666
2026-10-06 16:17:49.685,8.8286e-11,Torr,11.small_stm_window_1,spray,11.small_stm_window_1/MassSpecData-02115-20261006-161719.csv,2026-10-06 16:05:29.144,12.342350000000001
2026-10-06 16:17:49.893,8.072e-11,Torr,11.small_stm_window_1,spray,11.small_stm_window_1/MassSpecData-02115-20261006-161719.csv,2026-10-06 16:05:29.144,12.345816666666668
2026-10-06 16:17:50.101,8.2989e-11,Torr,11.small_stm_window_1,spray,11.small_stm_window_1/MassSpecData-02115-20261006-161719.csv,2026-10-06 16:05:29.144,12.349283333333334
2026-10-06 16:17:50.310,9.9974e-11,Torr,11.small_stm_window_1,spray,11.small_stm_window_1/MassSpecData-02115-20261006-161719.csv,2026-10-06 16:05:29.144,12.352766666666668
2026-10-06 16:17:50.518,8.5619e-11,Torr,11.small_stm_window_1,spray,11.small_stm_window_1/MassSpecData-02115-20261006-161719.csv,2026-10-06 16:05:29.144,12.356233333333334
2026-10-06 16:17:50.726,8.1519e-11,Torr,11.small_stm_window_1,spray,11.small_stm_window_1/MassSpecData-02115-20261006-161719.csv,2026-10-06 16:05:29.144,12.3597
2026-10-06 16:17:50.935,8.1373e-11,Torr,11.small_stm_window_1,spray,11.small_stm_window_1/MassSpecData-02115-20261006-161719.csv,2026-10-06 16:05:29.144,12.363183333333334
2026-10-06 16:17:51.143,9.4564e-11,Torr,11.small_stm_window_1,spray,11.small_stm_window_1/MassSpecData-02115-20261006-161719.csv,2026-10-06 16:05:29.144,12.36665
2026-10-06 16:17:51.351,8.3917e-11,Torr,11.small_stm_window_1,spray,11.small_stm_window_1/MassSpecData-02115-20261006-161719.csv,2026-10-06 16:05:29.144,12.370116666666666
2026-10-06 16:17:51.560,9.257e-11,Torr,11.small_stm_window_1,spray,11.small_stm_window_1/MassSpecData-02115-20261006-161719.csv,2026-10-06 16:05:29.144,12.373600000000001
2026-10-06 16:17:51.768,8.981e-11,Torr,11.small_stm_window_1,spray,11.small_stm_window_1/MassSpecData-02115-20261006-161719.csv,2026-10-06 16:05:29.144,12.377066666666668
2026-10-06 16:17:51.976,8.8388e-11,Torr,11.small_stm_window_1,spray,11.small_stm_window_1/MassSpecData-02115-20261006-161719.csv,2026-10-06 16:05:29.144,12.380533333333334
2026-10-06 16:17:52.185,8.7547e-11,Torr,11.small_stm_window_1,spray,11.small_stm_window_1/MassSpecData-02115-20261006-161719.csv,2026-10-06 16:05:29.144,12.384016666666668
2026-10-06 16:17:52.393,8.2081e-11,Torr,11.small_stm_window_1,spray,11.small_stm_window_1/MassSpecData-02115-20261006-161719.csv,2026-10-06 16:05:29.144,12.387483333333334
2026-10-06 16:17:52.601,7.6775e-11,Torr,11.small_stm_window_1,spray,11.small_stm_window_1/MassSpecData-02115-20261006-161719.csv,2026-10-06 16:05:29.144,12.39095
2026-10-06 16:17:52.810,7.4549e-11,Torr,11.small_stm_window_1,spray,11.small_stm_window_1/MassSpecData-02115-20261006-161719.csv,2026-10-06 16:05:29.144,12.394433333333334
2026-10-06 16:17:53.018,8.2962e-11,Torr,11.small_stm_window_1,spray,11.small_stm_window_1/MassSpecData-02115-20261006-161719.csv,2026-10-06 16:05:29.144,12.3979
2026-10-06 16:17:53.226,8.5645e-11,Torr,11.small_stm_window_1,spray,11.small_stm_window_1/MassSpecData-02115-20261006-161719.csv,2026-10-06 16:05:29.144,12.401366666666666
2026-10-06 16:17:53.435,7.8028e-11,Torr,11.small_stm_window_1,spray,11.small_stm_window_1/MassSpecData-02115-20261006-161719.csv,2026-10-06 16:05:29.144,12.404850000000001
2026-10-06 16:17:53.643,7.5823e-11,Torr,11.small_stm_window_1,spray,11.small_stm_window_1/MassSpecData-02115-20261006-161719.csv,2026-10-06 16:05:29.144,12.408316666666668
2026-10-06 16:17:53.851,8.4049e-11,Torr,11.small_stm_window_1,spray,11.small_stm_window_1/MassSpecData-02115-20261006-161719.csv,2026-10-06 16:05:29.144,12.411783333333334
2026-10-06 16:17:54.060,9.4512e-11,Torr,11.small_stm_window_1,spray,11.small_stm_window_1/MassSpecData-02115-20261006-161719.csv,2026-10-06 16:05:29.144,12.415266666666668
2026-10-06 16:17:54.268,6.6953e-11,Torr,11.small_stm_window_1,spray,11.small_stm_window_1/MassSpecData-02115-20261006-161719.csv,2026-10-06 16:05:29.144,12.418733333333334
2026-10-06 16:17:54.476,8.0192e-11,Torr,11.small_stm_window_1,spray,11.small_stm_window_1/MassSpecData-02115-20261006-161719.csv,2026-10-06 16:05:29.144,12.4222
2026-10-06 16:17:54.685,9.2866e-11,Torr,11.small_stm_window_1,spray,11.small_stm_window_1/MassSpecData-02115-20261006-161719.csv,2026-10-06 16:05:29.144,12.425683333333334
2026-10-06 16:17:54.893,7.2595e-11,Torr,11.small_stm_window_1,spray,11.small_stm_window_1/MassSpecData-02115-20261006-161719.csv,2026-10-06 16:05:29.144,12.42915
2026-10-06 16:17:55.101,9.0415e-11,Torr,11.small_stm_window_1,spray,11.small_stm_window_1/MassSpecData-02115-20261006-161719.csv,2026-10-06 16:05:29.144,12.432616666666666
2026-10-06 16:17:55.310,7.6589e-11,Torr,11.small_stm_window_1,spray,11.small_stm_window_1/MassSpecData-02115-20261006-161719.csv,2026-10-06 16:05:29.144,12.436100000000001
2026-10-06 16:17:55.518,8.3238e-11,Torr,11.small_stm_window_1,spray,11.small_stm_window_1/MassSpecData-02115-20261006-161719.csv,2026-10-06 16:05:29.144,12.439566666666668
2026-10-06 16:17:55.726,8.2498e-11,Torr,11.small_stm_window_1,spray,11.small_stm_window_1/MassSpecData-02115-20261006-161719.csv,2026-10-06 16:05:29.144,12.443033333333334
2026-10-06 16:17:55.935,8.5779e-11,Torr,11.small_stm_window_1,spray,11.small_stm_window_1/MassSpecData-02115-20261006-161719.csv,2026-10-06 16:05:29.144,12.446516666666668
2026-10-06 16:17:56.143,8.2732e-11,Torr,11.small_stm_window_1,spray,11.small_stm_window_1/MassSpecData-02115-20261006-161719.csv,2026-10-06 16:05:29.144,12.449983333333334
2026-10-06 16:17:56.351,9.6164e-11,Torr,11.small_stm_window_1,spray,11.small_stm_window_1/MassSpecData-02115-20261006-161719.csv,2026-10-06 16:05:29.144,12.45345
2026-10-06 16:17:56.560,8.0964e-11,Torr,11.small_stm_window_1,spray,11.small_stm_window_1/MassSpecData-02115-20261006-161719.csv,2026-10-06 16:05:29.144,12.456933333333334
2026-10-06 16:17:56.768,8.5519e-11,Torr,11.small_stm_window_1,spray,11.small_stm_window_1/MassSpecData-02115-20261006-161719.csv,2026-10-06 16:05:29.144,12.4604
2026-10-06 16:17:56.976,8.8858e-11,Torr,11.small_stm_window_1,spray,11.small_stm_window_1/MassSpecData-02115-20261006-161719.csv,2026-10-06 16:05:29.144,12.463866666666666
2026-10-06 16:17:57.185,8.2131e-11,Torr,11.small_stm_window_1,spray,11.small_stm_window_1/MassSpecData-02115-20261006-161719.csv,2026-10-06 16:05:29.144,12.467350000000001
2026-10-06 16:17:57.393,8.8327e-11,Torr,11.small_stm_window_1,spray,11.small_stm_window_1/MassSpecData-02115-20261006-161719.csv,2026-10-06 16:05:29.144,12.470816666666668
2026-10-06 16:17:57.602,9.2615e-11,Torr,11.small_stm_window_1,spray,11.small_stm_window_1/MassSpecData-02115-20261006-161719.csv,2026-10-06 16:05:29.144,12.4743
2026-10-06 16:17:57.810,8.9982e-11,Torr,11.small_stm_window_1,spray,11.small_stm_window_1/MassSpecData-02115-20261006-161719.csv,2026-10-06 16:05:29.144,12.477766666666668
2026-10-06 16:17:58.018,8.1817e-11,Torr,11.small_stm_window_1,spray,11.small_stm_window_1/MassSpecData-02115-20261006-161719.csv,2026-10-06 16:05:29.144,12.481233333333334
2026-10-06 16:17:58.227,8.6256e-11,Torr,11.small_stm_window_1,spray,11.small_stm_window_1/MassSpecData-02115-20261006-161719.csv,2026-10-06 16:05:29.144,12.484716666666666
2026-10-06 16:17:58.435,7.868e-11,Torr,11.small_stm_window_1,spray,11.small_stm_window_1/MassSpecData-02115-20261006-161719.csv,2026-10-06 16:05:29.144,12.488183333333334
2026-10-06 16:17:58.643,7.4752e-11,Torr,11.small_stm_window_1,spray,11.small_stm_window_1/MassSpecData-02115-20261006-161719.csv,2026-10-06 16:05:29.144,12.49165
2026-10-06 16:17:58.852,8.3255e-11,Torr,11.small_stm_window_1,spray,11.small_stm_window_1/MassSpecData-02115-20261006-161719.csv,2026-10-06 16:05:29.144,12.495133333333333
2026-10-06 16:17:59.060,7.5916e-11,Torr,11.small_stm_window_1,spray,11.small_stm_window_1/MassSpecData-02115-20261006-161719.csv,2026-10-06 16:05:29.144,12.498600000000001
2026-10-06 16:17:59.268,9.1347e-11,Torr,11.small_stm_window_1,spray,11.small_stm_window_1/MassSpecData-02115-20261006-161719.csv,2026-10-06 16:05:29.144,12.502066666666668
2026-10-06 16:17:59.477,9.6726e-11,Torr,11.small_stm_window_1,spray,11.small_stm_window_1/MassSpecData-02115-20261006-161719.csv,2026-10-06 16:05:29.144,12.50555
2026-10-06 16:17:59.685,7.9701e-11,Torr,11.small_stm_window_1,spray,11.small_stm_window_1/MassSpecData-02115-20261006-161719.csv,2026-10-06 16:05:29.144,12.509016666666668
2026-10-06 16:17:59.893,8.9104e-11,Torr,11.small_stm_window_1,spray,11.small_stm_window_1/MassSpecData-02115-20261006-161719.csv,2026-10-06 16:05:29.144,12.512483333333334
2026-10-06 16:18:00.102,9.4107e-11,Torr,11.small_stm_window_1,spray,11.small_stm_window_1/MassSpecData-02115-20261006-161719.csv,2026-10-06 16:05:29.144,12.515966666666666
2026-10-06 16:18:00.310,9.9378e-11,Torr,11.small_stm_window_1,spray,11.small_stm_window_1/MassSpecData-02115-20261006-161719.csv,2026-10-06 16:05:29.144,12.519433333333334
2026-10-06 16:18:00.518,9.8279e-11,Torr,11.small_stm_window_1,spray,11.small_stm_window_1/MassSpecData-02115-20261006-161719.csv,2026-10-06 16:05:29.144,12.5229
2026-10-06 16:18:00.727,7.9473e-11,Torr,11.small_stm_window_1,spray,11.small_stm_window_1/MassSpecData-02115-20261006-161719.csv,2026-10-06 16:05:29.144,12.526383333333333
2026-10-06 16:18:00.935,8.8271e-11,Torr,11.small_stm_window_1,spray,11.small_stm_window_1/MassSpecData-02115-20261006-161719.csv,2026-10-06 16:05:29.144,12.529850000000001
2026-10-06 16:18:01.143,8.1939e-11,Torr,11.small_stm_window_1,spray,11.small_stm_window_1/MassSpecData-02115-20261006-161719.csv,2026-10-06 16:05:29.144,12.533316666666668
2026-10-06 16:18:01.492,9.2275e-11,Torr,11.small_stm_window_1,spray,11.small_stm_window_1/MassSpecData-02115-20261006-161801.csv,2026-10-06 16:05:29.144,12.539133333333332
2026-10-06 16:18:01.700,8.3759e-11,Torr,11.small_stm_window_1,spray,11.small_stm_window_1/MassSpecData-02115-20261006-161801.csv,2026-10-06 16:05:29.144,12.5426
2026-10-06 16:18:01.909,8.8957e-11,Torr,11.small_stm_window_1,spray,11.small_stm_window_1/MassSpecData-02115-20261006-161801.csv,2026-10-06 16:05:29.144,12.546083333333334
2026-10-06 16:18:02.117,8.0548e-11,Torr,11.small_stm_window_1,spray,11.small_stm_window_1/MassSpecData-02115-20261006-161801.csv,2026-10-06 16:05:29.144,12.54955
2026-10-06 16:18:02.325,8.4106e-11,Torr,11.small_stm_window_1,spray,11.small_stm_window_1/MassSpecData-02115-20261006-161801.csv,2026-10-06 16:05:29.144,12.553016666666668
2026-10-06 16:18:02.534,7.8687e-11,Torr,11.small_stm_window_1,spray,11.small_stm_window_1/MassSpecData-02115-20261006-161801.csv,2026-10-06 16:05:29.144,12.5565
2026-10-06 16:18:02.742,8.4217e-11,Torr,11.small_stm_window_1,spray,11.small_stm_window_1/MassSpecData-02115-20261006-161801.csv,2026-10-06 16:05:29.144,12.559966666666666
2026-10-06 16:18:02.950,8.901e-11,Torr,11.small_stm_window_1,spray,11.small_stm_window_1/MassSpecData-02115-20261006-161801.csv,2026-10-06 16:05:29.144,12.563433333333334
2026-10-06 16:18:03.158,7.3439e-11,Torr,11.small_stm_window_1,spray,11.small_stm_window_1/MassSpecData-02115-20261006-161801.csv,2026-10-06 16:05:29.144,12.5669
2026-10-06 16:18:03.367,9.269e-11,Torr,11.small_stm_window_1,spray,11.small_stm_window_1/MassSpecData-02115-20261006-161801.csv,2026-10-06 16:05:29.144,12.570383333333332
2026-10-06 16:18:03.575,8.1886e-11,Torr,11.small_stm_window_1,spray,11.small_stm_window_1/MassSpecData-02115-20261006-161801.csv,2026-10-06 16:05:29.144,12.57385
2026-10-06 16:18:03.784,1.0025e-10,Torr,11.small_stm_window_1,spray,11.small_stm_window_1/MassSpecData-02115-20261006-161801.csv,2026-10-06 16:05:29.144,12.577333333333334
2026-10-06 16:18:03.992,8.0574e-11,Torr,11.small_stm_window_1,spray,11.small_stm_window_1/MassSpecData-02115-20261006-161801.csv,2026-10-06 16:05:29.144,12.5808
2026-10-06 16:18:04.200,7.808e-11,Torr,11.small_stm_window_1,spray,11.small_stm_window_1/MassSpecData-02115-20261006-161801.csv,2026-10-06 16:05:29.144,12.584266666666668
2026-10-06 16:18:04.409,8.9343e-11,Torr,11.small_stm_window_1,spray,11.small_stm_window_1/MassSpecData-02115-20261006-161801.csv,2026-10-06 16:05:29.144,12.58775
2026-10-06 16:18:04.617,9.6076e-11,Torr,11.small_stm_window_1,spray,11.small_stm_window_1/MassSpecData-02115-20261006-161801.csv,2026-10-06 16:05:29.144,12.591216666666666
2026-10-06 16:18:04.825,9.0124e-11,Torr,11.small_stm_window_1,spray,11.small_stm_window_1/MassSpecData-02115-20261006-161801.csv,2026-10-06 16:05:29.144,12.594683333333334
2026-10-06 16:18:05.034,8.653e-11,Torr,11.small_stm_window_1,spray,11.small_stm_window_1/MassSpecData-02115-20261006-161801.csv,2026-10-06 16:05:29.144,12.598166666666666
2026-10-06 16:18:05.242,8.3772e-11,Torr,11.small_stm_window_1,spray,11.small_stm_window_1/MassSpecData-02115-20261006-161801.csv,2026-10-06 16:05:29.144,12.601633333333332
2026-10-06 16:18:05.450,7.6882e-11,Torr,11.small_stm_window_1,spray,11.small_stm_window_1/MassSpecData-02115-20261006-161801.csv,2026-10-06 16:05:29.144,12.6051
2026-10-06 16:18:05.659,7.3337e-11,Torr,11.small_stm_window_1,spray,11.small_stm_window_1/MassSpecData-02115-20261006-161801.csv,2026-10-06 16:05:29.144,12.608583333333334
2026-10-06 16:18:05.867,7.7493e-11,Torr,11.small_stm_window_1,spray,11.small_stm_window_1/MassSpecData-02115-20261006-161801.csv,2026-10-06 16:05:29.144,12.61205
2026-10-06 16:18:06.075,9.4218e-11,Torr,11.small_stm_window_1,spray,11.small_stm_window_1/MassSpecData-02115-20261006-161801.csv,2026-10-06 16:05:29.144,12.615516666666668
2026-10-06 16:18:06.284,9.4455e-11,Torr,11.small_stm_window_1,spray,11.small_stm_window_1/MassSpecData-02115-20261006-161801.csv,2026-10-06 16:05:29.144,12.619
2026-10-06 16:18:06.492,9.8339e-11,Torr,11.small_stm_window_1,spray,11.small_stm_window_1/MassSpecData-02115-20261006-161801.csv,2026-10-06 16:05:29.144,12.622466666666666
2026-10-06 16:18:06.700,9.1933e-11,Torr,11.small_stm_window_1,spray,11.small_stm_window_1/MassSpecData-02115-20261006-161801.csv,2026-10-06 16:05:29.144,12.625933333333334
2026-10-06 16:18:06.908,8.9942e-11,Torr,11.small_stm_window_1,spray,11.small_stm_window_1/MassSpecData-02115-20261006-161801.csv,2026-10-06 16:05:29.144,12.6294
2026-10-06 16:18:07.117,7.2088e-11,Torr,11.small_stm_window_1,spray,11.small_stm_window_1/MassSpecData-02115-20261006-161801.csv,2026-10-06 16:05:29.144,12.632883333333332
2026-10-06 16:18:07.325,9.6266e-11,Torr,11.small_stm_window_1,spray,11.small_stm_window_1/MassSpecData-02115-20261006-161801.csv,2026-10-06 16:05:29.144,12.63635
2026-10-06 16:18:07.533,9.1248e-11,Torr,11.small_stm_window_1,spray,11.small_stm_window_1/MassSpecData-02115-20261006-161801.csv,2026-10-06 16:05:29.144,12.639816666666666
2026-10-06 16:18:07.742,7.4965e-11,Torr,11.small_stm_window_1,spray,11.small_stm_window_1/MassSpecData-02115-20261006-161801.csv,2026-10-06 16:05:29.144,12.6433
2026-10-06 16:18:07.950,7.8992e-11,Torr,11.small_stm_window_1,spray,11.small_stm_window_1/MassSpecData-02115-20261006-161801.csv,2026-10-06 16:05:29.144,12.646766666666668
2026-10-06 16:18:08.158,7.7494e-11,Torr,11.small_stm_window_1,spray,11.small_stm_window_1/MassSpecData-02115-20261006-161801.csv,2026-10-06 16:05:29.144,12.650233333333334
2026-10-06 16:18:08.367,9.244e-11,Torr,11.small_stm_window_1,spray,11.small_stm_window_1/MassSpecData-02115-20261006-161801.csv,2026-10-06 16:05:29.144,12.653716666666666
2026-10-06 16:18:08.575,6.6922e-11,Torr,11.small_stm_window_1,spray,11.small_stm_window_1/MassSpecData-02115-20261006-161801.csv,2026-10-06 16:05:29.144,12.657183333333334
2026-10-06 16:18:08.783,7.3945e-11,Torr,11.small_stm_window_1,spray,11.small_stm_window_1/MassSpecData-02115-20261006-161801.csv,2026-10-06 16:05:29.144,12.66065
2026-10-06 16:18:08.992,8.8886e-11,Torr,11.small_stm_window_1,spray,11.small_stm_window_1/MassSpecData-02115-20261006-161801.csv,2026-10-06 16:05:29.144,12.664133333333332
2026-10-06 16:18:09.200,9.6024e-11,Torr,11.small_stm_window_1,spray,11.small_stm_window_1/MassSpecData-02115-20261006-161801.csv,2026-10-06 16:05:29.144,12.6676
2026-10-06 16:18:09.408,7.405e-11,Torr,11.small_stm_window_1,spray,11.small_stm_window_1/MassSpecData-02115-20261006-161801.csv,2026-10-06 16:05:29.144,12.671066666666666
2026-10-06 16:18:09.617,7.4397e-11,Torr,11.small_stm_window_1,spray,11.small_stm_window_1/MassSpecData-02115-20261006-161801.csv,2026-10-06 16:05:29.144,12.67455
2026-10-06 16:18:09.825,8.1301e-11,Torr,11.small_stm_window_1,spray,11.small_stm_window_1/MassSpecData-02115-20261006-161801.csv,2026-10-06 16:05:29.144,12.678016666666668
2026-10-06 16:18:10.033,7.2749e-11,Torr,11.small_stm_window_1,spray,11.small_stm_window_1/MassSpecData-02115-20261006-161801.csv,2026-10-06 16:05:29.144,12.681483333333334
2026-10-06 16:18:10.242,9.7944e-11,Torr,11.small_stm_window_1,spray,11.small_stm_window_1/MassSpecData-02115-20261006-161801.csv,2026-10-06 16:05:29.144,12.684966666666666
2026-10-06 16:18:10.450,8.2929e-11,Torr,11.small_stm_window_1,spray,11.small_stm_window_1/MassSpecData-02115-20261006-161801.csv,2026-10-06 16:05:29.144,12.688433333333334
2026-10-06 16:18:10.659,8.7825e-11,Torr,11.small_stm_window_1,spray,11.small_stm_window_1/MassSpecData-02115-20261006-161801.csv,2026-10-06 16:05:29.144,12.691916666666666
2026-10-06 16:18:10.867,9.1611e-11,Torr,11.small_stm_window_1,spray,11.small_stm_window_1/MassSpecData-02115-20261006-161801.csv,2026-10-06 16:05:29.144,12.695383333333332
2026-10-06 16:18:11.075,8.5825e-11,Torr,11.small_stm_window_1,spray,11.small_stm_window_1/MassSpecData-02115-20261006-161801.csv,2026-10-06 16:05:29.144,12.69885
2026-10-06 16:18:11.284,9.4187e-11,Torr,11.small_stm_window_1,spray,11.small_stm_window_1/MassSpecData-02115-20261006-161801.csv,2026-10-06 16:05:29.144,12.702333333333334
2026-10-06 16:18:11.492,8.9958e-11,Torr,11.small_stm_window_1,spray,11.small_stm_window_1/MassSpecData-02115-20261006-161801.csv,2026-10-06 16:05:29.144,12.7058
2026-10-06 16:18:11.700,9.7921e-11,Torr,11.small_stm_window_1,spray,11.small_stm_window_1/MassSpecData-02115-20261006-161801.csv,2026-10-06 16:05:29.144,12.709266666666668
2026-10-06 16:18:11.909,8.634e-11,Torr,11.small_stm_window_1,spray,11.small_stm_window_1/MassSpecData-02115-20261006-161801.csv,2026-10-06 16:05:29.144,12.71275
2026-10-06 16:18:12.117,1.041e-10,Torr,11.small_stm_window_1,spray,11.small_stm_window_1/MassSpecData-02115-20261006-161801.csv,2026-10-06 16:05:29.144,12.716216666666666
2026-10-06 16:18:12.325,7.1675e-11,Torr,11.small_stm_window_1,spray,11.small_stm_window_1/MassSpecData-02115-20261006-161801.csv,2026-10-06 16:05:29.144,12.719683333333334
2026-10-06 16:18:12.534,8.8789e-11,Torr,11.small_stm_window_1,spray,11.small_stm_window_1/MassSpecData-02115-20261006-161801.csv,2026-10-06 16:05:29.144,12.723166666666666
2026-10-06 16:18:12.742,9.1232e-11,Torr,11.small_stm_window_1,spray,11.small_stm_window_1/MassSpecData-02115-20261006-161801.csv,2026-10-06 16:05:29.144,12.726633333333332
2026-10-06 16:18:12.950,8.2572e-11,Torr,11.small_stm_window_1,spray,11.small_stm_window_1/MassSpecData-02115-20261006-161801.csv,2026-10-06 16:05:29.144,12.7301
2026-10-06 16:18:13.159,9.2667e-11,Torr,11.small_stm_window_1,spray,11.small_stm_window_1/MassSpecData-02115-20261006-161801.csv,2026-10-06 16:05:29.144,12.733583333333334
2026-10-06 16:18:13.367,8.5132e-11,Torr,11.small_stm_window_1,spray,11.small_stm_window_1/MassSpecData-02115-20261006-161801.csv,2026-10-06 16:05:29.144,12.73705
2026-10-06 16:18:13.575,8.0713e-11,Torr,11.small_stm_window_1,spray,11.small_stm_window_1/MassSpecData-02115-20261006-161801.csv,2026-10-06 16:05:29.144,12.740516666666668
2026-10-06 16:18:13.784,9.5e-11,Torr,11.small_stm_window_1,spray,11.small_stm_window_1/MassSpecData-02115-20261006-161801.csv,2026-10-06 16:05:29.144,12.744
2026-10-06 16:18:13.992,9.5109e-11,Torr,11.small_stm_window_1,spray,11.small_stm_window_1/MassSpecData-02115-20261006-161801.csv,2026-10-06 16:05:29.144,12.747466666666666
2026-10-06 16:18:14.200,9.8734e-11,Torr,11.small_stm_window_1,spray,11.small_stm_window_1/MassSpecData-02115-20261006-161801.csv,2026-10-06 16:05:29.144,12.750933333333334
2026-10-06 16:18:14.409,7.855e-11,Torr,11.small_stm_window_1,spray,11.small_stm_window_1/MassSpecData-02115-20261006-161801.csv,2026-10-06 16:05:29.144,12.754416666666666
2026-10-06 16:18:14.617,9.4539e-11,Torr,11.small_stm_window_1,spray,11.small_stm_window_1/MassSpecData-02115-20261006-161801.csv,2026-10-06 16:05:29.144,12.757883333333332
2026-10-06 16:18:14.825,7.9133e-11,Torr,11.small_stm_window_1,spray,11.small_stm_window_1/MassSpecData-02115-20261006-161801.csv,2026-10-06 16:05:29.144,12.76135
2026-10-06 16:18:15.034,8.4768e-11,Torr,11.small_stm_window_1,spray,11.small_stm_window_1/MassSpecData-02115-20261006-161801.csv,2026-10-06 16:05:29.144,12.764833333333334
2026-10-06 16:18:15.242,8.9234e-11,Torr,11.small_stm_window_1,spray,11.small_stm_window_1/MassSpecData-02115-20261006-161801.csv,2026-10-06 16:05:29.144,12.7683
2026-10-06 16:18:15.450,8.6541e-11,Torr,11.small_stm_window_1,spray,11.small_stm_window_1/MassSpecData-02115-20261006-161801.csv,2026-10-06 16:05:29.144,12.771766666666668
2026-10-06 16:18:15.659,8.5483e-11,Torr,11.small_stm_window_1,spray,11.small_stm_window_1/MassSpecData-02115-20261006-161801.csv,2026-10-06 16:05:29.144,12.77525
2026-10-06 16:18:15.867,9.2905e-11,Torr,11.small_stm_window_1,spray,11.small_stm_window_1/MassSpecData-02115-20261006-161801.csv,2026-10-06 16:05:29.144,12.778716666666666
2026-10-06 16:18:16.075,8.3386e-11,Torr,11.small_stm_window_1,spray,11.small_stm_window_1/MassSpecData-02115-20261006-161801.csv,2026-10-06 16:05:29.144,12.782183333333334
2026-10-06 16:18:16.284,8.2806e-11,Torr,11.small_stm_window_1,spray,11.small_stm_window_1/MassSpecData-02115-20261006-161801.csv,2026-10-06 16:05:29.144,12.785666666666666
2026-10-06 16:18:16.492,7.2705e-11,Torr,11.small_stm_window_1,spray,11.small_stm_window_1/MassSpecData-02115-20261006-161801.csv,2026-10-06 16:05:29.144,12.789133333333332
2026-10-06 16:18:16.700,8.7871e-11,Torr,11.small_stm_window_1,spray,11.small_stm_window_1/MassSpecData-02115-20261006-161801.csv,2026-10-06 16:05:29.144,12.7926
2026-10-06 16:18:16.909,9.1511e-11,Torr,11.small_stm_window_1,spray,11.small_stm_window_1/MassSpecData-02115-20261006-161801.csv,2026-10-06 16:05:29.144,12.796083333333334
2026-10-06 16:18:17.117,9.4714e-11,Torr,11.small_stm_window_1,spray,11.small_stm_window_1/MassSpecData-02115-20261006-161801.csv,2026-10-06 16:05:29.144,12.79955
2026-10-06 16:18:17.325,8.8832e-11,Torr,11.small_stm_window_1,spray,11.small_stm_window_1/MassSpecData-02115-20261006-161801.csv,2026-10-06 16:05:29.144,12.803016666666668
2026-10-06 16:18:17.534,9.0103e-11,Torr,11.small_stm_window_1,spray,11.small_stm_window_1/MassSpecData-02115-20261006-161801.csv,2026-10-06 16:05:29.144,12.8065
2026-10-06 16:18:17.742,7.8509e-11,Torr,11.small_stm_window_1,spray,11.small_stm_window_1/MassSpecData-02115-20261006-161801.csv,2026-10-06 16:05:29.144,12.809966666666666
2026-10-06 16:18:17.950,9.2285e-11,Torr,11.small_stm_window_1,spray,11.small_stm_window_1/MassSpecData-02115-20261006-161801.csv,2026-10-06 16:05:29.144,12.813433333333334
2026-10-06 16:18:18.159,8.3902e-11,Torr,11.small_stm_window_1,spray,11.small_stm_window_1/MassSpecData-02115-20261006-161801.csv,2026-10-06 16:05:29.144,12.816916666666666
2026-10-06 16:18:18.367,8.7792e-11,Torr,11.small_stm_window_1,spray,11.small_stm_window_1/MassSpecData-02115-20261006-161801.csv,2026-10-06 16:05:29.144,12.820383333333332
2026-10-06 16:18:18.575,8.857e-11,Torr,11.small_stm_window_1,spray,11.small_stm_window_1/MassSpecData-02115-20261006-161801.csv,2026-10-06 16:05:29.144,12.82385
2026-10-06 16:18:18.784,8.6071e-11,Torr,11.small_stm_window_1,spray,11.small_stm_window_1/MassSpecData-02115-20261006-161801.csv,2026-10-06 16:05:29.144,12.827333333333334
2026-10-06 16:18:18.992,9.2294e-11,Torr,11.small_stm_window_1,spray,11.small_stm_window_1/MassSpecData-02115-20261006-161801.csv,2026-10-06 16:05:29.144,12.8308
2026-10-06 16:18:19.200,9.7509e-11,Torr,11.small_stm_window_1,spray,11.small_stm_window_1/MassSpecData-02115-20261006-161801.csv,2026-10-06 16:05:29.144,12.834266666666668
2026-10-06 16:18:19.409,8.9413e-11,Torr,11.small_stm_window_1,spray,11.small_stm_window_1/MassSpecData-02115-20261006-161801.csv,2026-10-06 16:05:29.144,12.83775
2026-10-06 16:18:19.617,8.5846e-11,Torr,11.small_stm_window_1,spray,11.small_stm_window_1/MassSpecData-02115-20261006-161801.csv,2026-10-06 16:05:29.144,12.841216666666666
2026-10-06 16:18:19.825,8.705e-11,Torr,11.small_stm_window_1,spray,11.small_stm_window_1/MassSpecData-02115-20261006-161801.csv,2026-10-06 16:05:29.144,12.844683333333334
2026-10-06 16:18:20.034,9.063e-11,Torr,11.small_stm_window_1,spray,11.small_stm_window_1/MassSpecData-02115-20261006-161801.csv,2026-10-06 16:05:29.144,12.848166666666666
2026-10-06 16:18:20.242,8.2307e-11,Torr,11.small_stm_window_1,spray,11.small_stm_window_1/MassSpecData-02115-20261006-161801.csv,2026-10-06 16:05:29.144,12.851633333333332
2026-10-06 16:18:20.450,9.1783e-11,Torr,11.small_stm_window_1,spray,11.small_stm_window_1/MassSpecData-02115-20261006-161801.csv,2026-10-06 16:05:29.144,12.8551
2026-10-06 16:18:20.659,8.1407e-11,Torr,11.small_stm_window_1,spray,11.small_stm_window_1/MassSpecData-02115-20261006-161801.csv,2026-10-06 16:05:29.144,12.858583333333334
2026-10-06 16:18:20.867,7.4873e-11,Torr,11.small_stm_window_1,spray,11.small_stm_window_1/MassSpecData-02115-20261006-161801.csv,2026-10-06 16:05:29.144,12.86205
2026-10-06 16:18:21.075,9.252e-11,Torr,11.small_stm_window_1,spray,11.small_stm_window_1/MassSpecData-02115-20261006-161801.csv,2026-10-06 16:05:29.144,12.865516666666668
2026-10-06 16:18:21.283,9.2712e-11,Torr,11.small_stm_window_1,spray,11.small_stm_window_1/MassSpecData-02115-20261006-161801.csv,2026-10-06 16:05:29.144,12.868983333333334
2026-10-06 16:18:21.492,8.1037e-11,Torr,11.small_stm_window_1,spray,11.small_stm_window_1/MassSpecData-02115-20261006-161801.csv,2026-10-06 16:05:29.144,12.872466666666666
2026-10-06 16:18:21.700,8.4322e-11,Torr,11.small_stm_window_1,spray,11.small_stm_window_1/MassSpecData-02115-20261006-161801.csv,2026-10-06 16:05:29.144,12.875933333333334
2026-10-06 16:18:21.908,7.8684e-11,Torr,11.small_stm_window_1,spray,11.small_stm_window_1/MassSpecData-02115-20261006-161801.csv,2026-10-06 16:05:29.144,12.8794
2026-10-06 16:18:22.117,8.8536e-11,Torr,11.small_stm_window_1,spray,11.small_stm_window_1/MassSpecData-02115-20261006-161801.csv,2026-10-06 16:05:29.144,12.882883333333332
2026-10-06 16:18:22.325,1.0012e-10,Torr,11.small_stm_window_1,spray,11.small_stm_window_1/MassSpecData-02115-20261006-161801.csv,2026-10-06 16:05:29.144,12.88635
2026-10-06 16:18:22.533,8.9603e-11,Torr,11.small_stm_window_1,spray,11.small_stm_window_1/MassSpecData-02115-20261006-161801.csv,2026-10-06 16:05:29.144,12.889816666666666
2026-10-06 16:18:22.742,8.1537e-11,Torr,11.small_stm_window_1,spray,11.small_stm_window_1/MassSpecData-02115-20261006-161801.csv,2026-10-06 16:05:29.144,12.8933
2026-10-06 16:18:22.950,7.6231e-11,Torr,11.small_stm_window_1,spray,11.small_stm_window_1/MassSpecData-02115-20261006-161801.csv,2026-10-06 16:05:29.144,12.896766666666668
2026-10-06 16:18:23.158,9.7173e-11,Torr,11.small_stm_window_1,spray,11.small_stm_window_1/MassSpecData-02115-20261006-161801.csv,2026-10-06 16:05:29.144,12.900233333333334
2026-10-06 16:18:23.367,8.551e-11,Torr,11.small_stm_window_1,spray,11.small_stm_window_1/MassSpecData-02115-20261006-161801.csv,2026-10-06 16:05:29.144,12.903716666666666
2026-10-06 16:18:23.575,8.6514e-11,Torr,11.small_stm_window_1,spray,11.small_stm_window_1/MassSpecData-02115-20261006-161801.csv,2026-10-06 16:05:29.144,12.907183333333334
2026-10-06 16:18:23.783,9.8893e-11,Torr,11.small_stm_window_1,spray,11.small_stm_window_1/MassSpecData-02115-20261006-161801.csv,2026-10-06 16:05:29.144,12.91065
2026-10-06 16:18:23.992,7.744e-11,Torr,11.small_stm_window_1,spray,11.small_stm_window_1/MassSpecData-02115-20261006-161801.csv,2026-10-06 16:05:29.144,12.914133333333332
2026-10-06 16:18:24.200,8.1302e-11,Torr,11.small_stm_window_1,spray,11.small_stm_window_1/MassSpecData-02115-20261006-161801.csv,2026-10-06 16:05:29.144,12.9176
2026-10-06 16:18:24.408,8.6841e-11,Torr,11.small_stm_window_1,spray,11.small_stm_window_1/MassSpecData-02115-20261006-161801.csv,2026-10-06 16:05:29.144,12.921066666666666
2026-10-06 16:18:24.617,7.5251e-11,Torr,11.small_stm_window_1,spray,11.small_stm_window_1/MassSpecData-02115-20261006-161801.csv,2026-10-06 16:05:29.144,12.92455
2026-10-06 16:18:24.825,8.7662e-11,Torr,11.small_stm_window_1,spray,11.small_stm_window_1/MassSpecData-02115-20261006-161801.csv,2026-10-06 16:05:29.144,12.928016666666668
2026-10-06 16:18:25.033,9.0235e-11,Torr,11.small_stm_window_1,spray,11.small_stm_window_1/MassSpecData-02115-20261006-161801.csv,2026-10-06 16:05:29.144,12.931483333333334
2026-10-06 16:18:25.242,8.9705e-11,Torr,11.small_stm_window_1,spray,11.small_stm_window_1/MassSpecData-02115-20261006-161801.csv,2026-10-06 16:05:29.144,12.934966666666666
2026-10-06 16:18:25.450,8.344e-11,Torr,11.small_stm_window_1,spray,11.small_stm_window_1/MassSpecData-02115-20261006-161801.csv,2026-10-06 16:05:29.144,12.938433333333334
2026-10-06 16:18:25.658,7.5233e-11,Torr,11.small_stm_window_1,spray,11.small_stm_window_1/MassSpecData-02115-20261006-161801.csv,2026-10-06 16:05:29.144,12.9419
2026-10-06 16:18:25.867,7.5049e-11,Torr,11.small_stm_window_1,spray,11.small_stm_window_1/MassSpecData-02115-20261006-161801.csv,2026-10-06 16:05:29.144,12.945383333333332
2026-10-06 16:18:26.075,8.8247e-11,Torr,11.small_stm_window_1,spray,11.small_stm_window_1/MassSpecData-02115-20261006-161801.csv,2026-10-06 16:05:29.144,12.94885
2026-10-06 16:18:26.283,9.3814e-11,Torr,11.small_stm_window_1,spray,11.small_stm_window_1/MassSpecData-02115-20261006-161801.csv,2026-10-06 16:05:29.144,12.952316666666666
2026-10-06 16:18:26.492,8.473e-11,Torr,11.small_stm_window_1,spray,11.small_stm_window_1/MassSpecData-02115-20261006-161801.csv,2026-10-06 16:05:29.144,12.9558
2026-10-06 16:18:26.700,9.3533e-11,Torr,11.small_stm_window_1,spray,11.small_stm_window_1/MassSpecData-02115-20261006-161801.csv,2026-10-06 16:05:29.144,12.959266666666668
2026-10-06 16:18:26.908,8.6046e-11,Torr,11.small_stm_window_1,spray,11.small_stm_window_1/MassSpecData-02115-20261006-161801.csv,2026-10-06 16:05:29.144,12.962733333333334
2026-10-06 16:18:27.117,7.6419e-11,Torr,11.small_stm_window_1,spray,11.small_stm_window_1/MassSpecData-02115-20261006-161801.csv,2026-10-06 16:05:29.144,12.966216666666666
2026-10-06 16:18:27.325,8.1425e-11,Torr,11.small_stm_window_1,spray,11.small_stm_window_1/MassSpecData-02115-20261006-161801.csv,2026-10-06 16:05:29.144,12.969683333333334
2026-10-06 16:18:27.533,8.2945e-11,Torr,11.small_stm_window_1,spray,11.small_stm_window_1/MassSpecData-02115-20261006-161801.csv,2026-10-06 16:05:29.144,12.97315
2026-10-06 16:18:27.742,8.1931e-11,Torr,11.small_stm_window_1,spray,11.small_stm_window_1/MassSpecData-02115-20261006-161801.csv,2026-10-06 16:05:29.144,12.976633333333332
2026-10-06 16:18:27.950,9.7397e-11,Torr,11.small_stm_window_1,spray,11.small_stm_window_1/MassSpecData-02115-20261006-161801.csv,2026-10-06 16:05:29.144,12.9801
2026-10-06 16:18:28.158,9.1411e-11,Torr,11.small_stm_window_1,spray,11.small_stm_window_1/MassSpecData-02115-20261006-161801.csv,2026-10-06 16:05:29.144,12.983566666666666
2026-10-06 16:18:28.367,7.9982e-11,Torr,11.small_stm_window_1,spray,11.small_stm_window_1/MassSpecData-02115-20261006-161801.csv,2026-10-06 16:05:29.144,12.98705
2026-10-06 16:18:28.575,7.2491e-11,Torr,11.small_stm_window_1,spray,11.small_stm_window_1/MassSpecData-02115-20261006-161801.csv,2026-10-06 16:05:29.144,12.990516666666668
2026-10-06 16:18:28.783,8.6716e-11,Torr,11.small_stm_window_1,spray,11.small_stm_window_1/MassSpecData-02115-20261006-161801.csv,2026-10-06 16:05:29.144,12.993983333333334
2026-10-06 16:18:28.992,1.006e-10,Torr,11.small_stm_window_1,spray,11.small_stm_window_1/MassSpecData-02115-20261006-161801.csv,2026-10-06 16:05:29.144,12.997466666666666
2026-10-06 16:18:29.200,8.5405e-11,Torr,11.small_stm_window_1,spray,11.small_stm_window_1/MassSpecData-02115-20261006-161801.csv,2026-10-06 16:05:29.144,13.000933333333334
2026-10-06 16:18:29.408,8.6974e-11,Torr,11.small_stm_window_1,spray,11.small_stm_window_1/MassSpecData-02115-20261006-161801.csv,2026-10-06 16:05:29.144,13.0044
2026-10-06 16:18:29.617,8.5625e-11,Torr,11.small_stm_window_1,spray,11.small_stm_window_1/MassSpecData-02115-20261006-161801.csv,2026-10-06 16:05:29.144,13.007883333333332
2026-10-06 16:18:29.825,7.376e-11,Torr,11.small_stm_window_1,spray,11.small_stm_window_1/MassSpecData-02115-20261006-161801.csv,2026-10-06 16:05:29.144,13.01135
2026-10-06 16:18:30.033,7.5858e-11,Torr,11.small_stm_window_1,spray,11.small_stm_window_1/MassSpecData-02115-20261006-161801.csv,2026-10-06 16:05:29.144,13.014816666666666
2026-10-06 16:18:30.242,8.5506e-11,Torr,11.small_stm_window_1,spray,11.small_stm_window_1/MassSpecData-02115-20261006-161801.csv,2026-10-06 16:05:29.144,13.0183
2026-10-06 16:18:30.450,8.7062e-11,Torr,11.small_stm_window_1,spray,11.small_stm_window_1/MassSpecData-02115-20261006-161801.csv,2026-10-06 16:05:29.144,13.021766666666668
2026-10-06 16:18:30.658,8.4687e-11,Torr,11.small_stm_window_1,spray,11.small_stm_window_1/MassSpecData-02115-20261006-161801.csv,2026-10-06 16:05:29.144,13.025233333333334
2026-10-06 16:18:30.867,8.5098e-11,Torr,11.small_stm_window_1,spray,11.small_stm_window_1/MassSpecData-02115-20261006-161801.csv,2026-10-06 16:05:29.144,13.028716666666666
2026-10-06 16:18:31.075,7.6035e-11,Torr,11.small_stm_window_1,spray,11.small_stm_window_1/MassSpecData-02115-20261006-161801.csv,2026-10-06 16:05:29.144,13.032183333333334
2026-10-06 16:18:31.283,8.4747e-11,Torr,11.small_stm_window_1,spray,11.small_stm_window_1/MassSpecData-02115-20261006-161801.csv,2026-10-06 16:05:29.144,13.03565
2026-10-06 16:18:31.492,9.0882e-11,Torr,11.small_stm_window_1,spray,11.small_stm_window_1/MassSpecData-02115-20261006-161801.csv,2026-10-06 16:05:29.144,13.039133333333332
2026-10-06 16:18:31.700,8.1995e-11,Torr,11.small_stm_window_1,spray,11.small_stm_window_1/MassSpecData-02115-20261006-161801.csv,2026-10-06 16:05:29.144,13.0426
2026-10-06 16:18:31.908,8.6933e-11,Torr,11.small_stm_window_1,spray,11.small_stm_window_1/MassSpecData-02115-20261006-161801.csv,2026-10-06 16:05:29.144,13.046066666666666
2026-10-06 16:18:32.117,8.229e-11,Torr,11.small_stm_window_1,spray,11.small_stm_window_1/MassSpecData-02115-20261006-161801.csv,2026-10-06 16:05:29.144,13.04955
2026-10-06 16:18:32.325,8.6787e-11,Torr,11.small_stm_window_1,spray,11.small_stm_window_1/MassSpecData-02115-20261006-161801.csv,2026-10-06 16:05:29.144,13.053016666666668
2026-10-06 16:18:32.533,7.4519e-11,Torr,11.small_stm_window_1,spray,11.small_stm_window_1/MassSpecData-02115-20261006-161801.csv,2026-10-06 16:05:29.144,13.056483333333334
2026-10-06 16:18:32.742,7.7682e-11,Torr,11.small_stm_window_1,spray,11.small_stm_window_1/MassSpecData-02115-20261006-161801.csv,2026-10-06 16:05:29.144,13.059966666666666
2026-10-06 16:18:32.950,8.0487e-11,Torr,11.small_stm_window_1,spray,11.small_stm_window_1/MassSpecData-02115-20261006-161801.csv,2026-10-06 16:05:29.144,13.063433333333334
2026-10-06 16:18:33.158,7.4196e-11,Torr,11.small_stm_window_1,spray,11.small_stm_window_1/MassSpecData-02115-20261006-161801.csv,2026-10-06 16:05:29.144,13.0669
2026-10-06 16:18:33.367,9.021e-11,Torr,11.small_stm_window_1,spray,11.small_stm_window_1/MassSpecData-02115-20261006-161801.csv,2026-10-06 16:05:29.144,13.070383333333332
2026-10-06 16:18:33.575,8.1269e-11,Torr,11.small_stm_window_1,spray,11.small_stm_window_1/MassSpecData-02115-20261006-161801.csv,2026-10-06 16:05:29.144,13.07385
2026-10-06 16:18:33.783,9.0323e-11,Torr,11.small_stm_window_1,spray,11.small_stm_window_1/MassSpecData-02115-20261006-161801.csv,2026-10-06 16:05:29.144,13.077316666666666
2026-10-06 16:18:33.992,7.8412e-11,Torr,11.small_stm_window_1,spray,11.small_stm_window_1/MassSpecData-02115-20261006-161801.csv,2026-10-06 16:05:29.144,13.0808
2026-10-06 16:18:34.200,7.8113e-11,Torr,11.small_stm_window_1,spray,11.small_stm_window_1/MassSpecData-02115-20261006-161801.csv,2026-10-06 16:05:29.144,13.084266666666668
2026-10-06 16:18:34.408,8.1587e-11,Torr,11.small_stm_window_1,spray,11.small_stm_window_1/MassSpecData-02115-20261006-161801.csv,2026-10-06 16:05:29.144,13.087733333333334
2026-10-06 16:18:34.617,7.727e-11,Torr,11.small_stm_window_1,spray,11.small_stm_window_1/MassSpecData-02115-20261006-161801.csv,2026-10-06 16:05:29.144,13.091216666666666
2026-10-06 16:18:34.825,9.2032e-11,Torr,11.small_stm_window_1,spray,11.small_stm_window_1/MassSpecData-02115-20261006-161801.csv,2026-10-06 16:05:29.144,13.094683333333334
2026-10-06 16:18:35.033,9.4673e-11,Torr,11.small_stm_window_1,spray,11.small_stm_window_1/MassSpecData-02115-20261006-161801.csv,2026-10-06 16:05:29.144,13.09815
2026-10-06 16:18:35.242,8.0072e-11,Torr,11.small_stm_window_1,spray,11.small_stm_window_1/MassSpecData-02115-20261006-161801.csv,2026-10-06 16:05:29.144,13.101633333333332
2026-10-06 16:18:35.450,8.9755e-11,Torr,11.small_stm_window_1,spray,11.small_stm_window_1/MassSpecData-02115-20261006-161801.csv,2026-10-06 16:05:29.144,13.1051
2026-10-06 16:18:35.658,9.0441e-11,Torr,11.small_stm_window_1,spray,11.small_stm_window_1/MassSpecData-02115-20261006-161801.csv,2026-10-06 16:05:29.144,13.108566666666666
2026-10-06 16:18:35.867,8.7e-11,Torr,11.small_stm_window_1,spray,11.small_stm_window_1/MassSpecData-02115-20261006-161801.csv,2026-10-06 16:05:29.144,13.11205
2026-10-06 16:18:36.075,1.0338e-10,Torr,11.small_stm_window_1,spray,11.small_stm_window_1/MassSpecData-02115-20261006-161801.csv,2026-10-06 16:05:29.144,13.115516666666668
2026-10-06 16:18:36.283,9.9233e-11,Torr,11.small_stm_window_1,spray,11.small_stm_window_1/MassSpecData-02115-20261006-161801.csv,2026-10-06 16:05:29.144,13.118983333333334
2026-10-06 16:18:36.492,9.1281e-11,Torr,11.small_stm_window_1,spray,11.small_stm_window_1/MassSpecData-02115-20261006-161801.csv,2026-10-06 16:05:29.144,13.122466666666666
2026-10-06 16:18:36.700,7.7843e-11,Torr,11.small_stm_window_1,spray,11.small_stm_window_1/MassSpecData-02115-20261006-161801.csv,2026-10-06 16:05:29.144,13.125933333333334
2026-10-06 16:18:36.908,7.962e-11,Torr,11.small_stm_window_1,spray,11.small_stm_window_1/MassSpecData-02115-20261006-161801.csv,2026-10-06 16:05:29.144,13.1294
2026-10-06 16:18:37.117,9.2349e-11,Torr,11.small_stm_window_1,spray,11.small_stm_window_1/MassSpecData-02115-20261006-161801.csv,2026-10-06 16:05:29.144,13.132883333333332
2026-10-06 16:18:37.325,8.4653e-11,Torr,11.small_stm_window_1,spray,11.small_stm_window_1/MassSpecData-02115-20261006-161801.csv,2026-10-06 16:05:29.144,13.13635
2026-10-06 16:18:37.533,8.9722e-11,Torr,11.small_stm_window_1,spray,11.small_stm_window_1/MassSpecData-02115-20261006-161801.csv,2026-10-06 16:05:29.144,13.139816666666666
2026-10-06 16:18:37.742,7.4663e-11,Torr,11.small_stm_window_1,spray,11.small_stm_window_1/MassSpecData-02115-20261006-161801.csv,2026-10-06 16:05:29.144,13.1433
2026-10-06 16:18:37.950,8.0743e-11,Torr,11.small_stm_window_1,spray,11.small_stm_window_1/MassSpecData-02115-20261006-161801.csv,2026-10-06 16:05:29.144,13.146766666666668
2026-10-06 16:18:38.158,9.854e-11,Torr,11.small_stm_window_1,spray,11.small_stm_window_1/MassSpecData-02115-20261006-161801.csv,2026-10-06 16:05:29.144,13.150233333333334
2026-10-06 16:18:38.367,8.222e-11,Torr,11.small_stm_window_1,spray,11.small_stm_window_1/MassSpecData-02115-20261006-161801.csv,2026-10-06 16:05:29.144,13.153716666666666
2026-10-06 16:18:38.575,7.3495e-11,Torr,11.small_stm_window_1,spray,11.small_stm_window_1/MassSpecData-02115-20261006-161801.csv,2026-10-06 16:05:29.144,13.157183333333334
2026-10-06 16:18:38.783,1.0377e-10,Torr,11.small_stm_window_1,spray,11.small_stm_window_1/MassSpecData-02115-20261006-161801.csv,2026-10-06 16:05:29.144,13.16065
2026-10-06 16:18:38.992,9.8935e-11,Torr,11.small_stm_window_1,spray,11.small_stm_window_1/MassSpecData-02115-20261006-161801.csv,2026-10-06 16:05:29.144,13.164133333333332
2026-10-06 16:18:39.200,8.2555e-11,Torr,11.small_stm_window_1,spray,11.small_stm_window_1/MassSpecData-02115-20261006-161801.csv,2026-10-06 16:05:29.144,13.1676
2026-10-06 16:18:39.409,8.7658e-11,Torr,11.small_stm_window_1,spray,11.small_stm_window_1/MassSpecData-02115-20261006-161801.csv,2026-10-06 16:05:29.144,13.171083333333334
2026-10-06 16:18:39.617,7.3526e-11,Torr,11.small_stm_window_1,spray,11.small_stm_window_1/MassSpecData-02115-20261006-161801.csv,2026-10-06 16:05:29.144,13.17455
2026-10-06 16:18:39.825,9.0822e-11,Torr,11.small_stm_window_1,spray,11.small_stm_window_1/MassSpecData-02115-20261006-161801.csv,2026-10-06 16:05:29.144,13.178016666666668
2026-10-06 16:18:40.034,7.822e-11,Torr,11.small_stm_window_1,spray,11.small_stm_window_1/MassSpecData-02115-20261006-161801.csv,2026-10-06 16:05:29.144,13.1815
2026-10-06 16:18:40.242,7.5494e-11,Torr,11.small_stm_window_1,spray,11.small_stm_window_1/MassSpecData-02115-20261006-161801.csv,2026-10-06 16:05:29.144,13.184966666666666
2026-10-06 16:18:40.450,7.7325e-11,Torr,11.small_stm_window_1,spray,11.small_stm_window_1/MassSpecData-02115-20261006-161801.csv,2026-10-06 16:05:29.144,13.188433333333334
2026-10-06 16:18:40.659,8.845e-11,Torr,11.small_stm_window_1,spray,11.small_stm_window_1/MassSpecData-02115-20261006-161801.csv,2026-10-06 16:05:29.144,13.191916666666666
2026-10-06 16:18:40.867,8.2282e-11,Torr,11.small_stm_window_1,spray,11.small_stm_window_1/MassSpecData-02115-20261006-161801.csv,2026-10-06 16:05:29.144,13.195383333333332
2026-10-06 16:18:41.075,6.7318e-11,Torr,11.small_stm_window_1,spray,11.small_stm_window_1/MassSpecData-02115-20261006-161801.csv,2026-10-06 16:05:29.144,13.19885
2026-10-06 16:18:41.284,7.8723e-11,Torr,11.small_stm_window_1,spray,11.small_stm_window_1/MassSpecData-02115-20261006-161801.csv,2026-10-06 16:05:29.144,13.202333333333334
2026-10-06 16:18:41.492,8.4025e-11,Torr,11.small_stm_window_1,spray,11.small_stm_window_1/MassSpecData-02115-20261006-161801.csv,2026-10-06 16:05:29.144,13.2058
2026-10-06 16:18:41.700,7.9911e-11,Torr,11.small_stm_window_1,spray,11.small_stm_window_1/MassSpecData-02115-20261006-161801.csv,2026-10-06 16:05:29.144,13.209266666666668
2026-10-06 16:18:41.909,8.4056e-11,Torr,11.small_stm_window_1,spray,11.small_stm_window_1/MassSpecData-02115-20261006-161801.csv,2026-10-06 16:05:29.144,13.21275
2026-10-06 16:18:42.117,7.713e-11,Torr,11.small_stm_window_1,spray,11.small_stm_window_1/MassSpecData-02115-20261006-161801.csv,2026-10-06 16:05:29.144,13.216216666666666
2026-10-06 16:18:42.325,7.6607e-11,Torr,11.small_stm_window_1,spray,11.small_stm_window_1/MassSpecData-02115-20261006-161801.csv,2026-10-06 16:05:29.144,13.219683333333334
2026-10-06 16:18:42.534,8.3743e-11,Torr,11.small_stm_window_1,spray,11.small_stm_window_1/MassSpecData-02115-20261006-161801.csv,2026-10-06 16:05:29.144,13.223166666666666
2026-10-06 16:18:42.742,8.9951e-11,Torr,11.small_stm_window_1,spray,11.small_stm_window_1/MassSpecData-02115-20261006-161801.csv,2026-10-06 16:05:29.144,13.226633333333332
2026-10-06 16:18:42.950,7.6155e-11,Torr,11.small_stm_window_1,spray,11.small_stm_window_1/MassSpecData-02115-20261006-161801.csv,2026-10-06 16:05:29.144,13.2301
2026-10-06 16:18:43.290,8.5398e-11,Torr,11.small_stm_window_1,spray,11.small_stm_window_1/MassSpecData-02115-20261006-161843.csv,2026-10-06 16:05:29.144,13.235766666666667
2026-10-06 16:18:43.498,7.4061e-11,Torr,11.small_stm_window_1,spray,11.small_stm_window_1/MassSpecData-02115-20261006-161843.csv,2026-10-06 16:05:29.144,13.239233333333335
2026-10-06 16:18:43.707,8.8998e-11,Torr,11.small_stm_window_1,spray,11.small_stm_window_1/MassSpecData-02115-20261006-161843.csv,2026-10-06 16:05:29.144,13.242716666666666
2026-10-06 16:18:43.915,8.9948e-11,Torr,11.small_stm_window_1,spray,11.small_stm_window_1/MassSpecData-02115-20261006-161843.csv,2026-10-06 16:05:29.144,13.246183333333333
2026-10-06 16:18:44.123,8.7106e-11,Torr,11.small_stm_window_1,spray,11.small_stm_window_1/MassSpecData-02115-20261006-161843.csv,2026-10-06 16:05:29.144,13.24965
2026-10-06 16:18:44.332,7.514e-11,Torr,11.small_stm_window_1,spray,11.small_stm_window_1/MassSpecData-02115-20261006-161843.csv,2026-10-06 16:05:29.144,13.253133333333333
2026-10-06 16:18:44.540,8.8738e-11,Torr,11.small_stm_window_1,spray,11.small_stm_window_1/MassSpecData-02115-20261006-161843.csv,2026-10-06 16:05:29.144,13.256599999999999
2026-10-06 16:18:44.748,8.6136e-11,Torr,11.small_stm_window_1,spray,11.small_stm_window_1/MassSpecData-02115-20261006-161843.csv,2026-10-06 16:05:29.144,13.260066666666667
2026-10-06 16:18:44.956,1.04e-10,Torr,11.small_stm_window_1,spray,11.small_stm_window_1/MassSpecData-02115-20261006-161843.csv,2026-10-06 16:05:29.144,13.263533333333333
2026-10-06 16:18:45.165,8.1676e-11,Torr,11.small_stm_window_1,spray,11.small_stm_window_1/MassSpecData-02115-20261006-161843.csv,2026-10-06 16:05:29.144,13.267016666666667
2026-10-06 16:18:45.373,8.4646e-11,Torr,11.small_stm_window_1,spray,11.small_stm_window_1/MassSpecData-02115-20261006-161843.csv,2026-10-06 16:05:29.144,13.270483333333335
2026-10-06 16:18:45.582,1.0568e-10,Torr,11.small_stm_window_1,spray,11.small_stm_window_1/MassSpecData-02115-20261006-161843.csv,2026-10-06 16:05:29.144,13.273966666666666
2026-10-06 16:18:45.790,9.7572e-11,Torr,11.small_stm_window_1,spray,11.small_stm_window_1/MassSpecData-02115-20261006-161843.csv,2026-10-06 16:05:29.144,13.277433333333333
2026-10-06 16:18:45.998,8.3077e-11,Torr,11.small_stm_window_1,spray,11.small_stm_window_1/MassSpecData-02115-20261006-161843.csv,2026-10-06 16:05:29.144,13.2809
2026-10-06 16:18:46.207,9.7279e-11,Torr,11.small_stm_window_1,spray,11.small_stm_window_1/MassSpecData-02115-20261006-161843.csv,2026-10-06 16:05:29.144,13.284383333333333
2026-10-06 16:18:46.415,1.0033e-10,Torr,11.small_stm_window_1,spray,11.small_stm_window_1/MassSpecData-02115-20261006-161843.csv,2026-10-06 16:05:29.144,13.287849999999999
2026-10-06 16:18:46.623,8.2414e-11,Torr,11.small_stm_window_1,spray,11.small_stm_window_1/MassSpecData-02115-20261006-161843.csv,2026-10-06 16:05:29.144,13.291316666666667
2026-10-06 16:18:46.832,8.1837e-11,Torr,11.small_stm_window_1,spray,11.small_stm_window_1/MassSpecData-02115-20261006-161843.csv,2026-10-06 16:05:29.144,13.2948
2026-10-06 16:18:47.040,8.1726e-11,Torr,11.small_stm_window_1,spray,11.small_stm_window_1/MassSpecData-02115-20261006-161843.csv,2026-10-06 16:05:29.144,13.298266666666667
2026-10-06 16:18:47.248,8.0237e-11,Torr,11.small_stm_window_1,spray,11.small_stm_window_1/MassSpecData-02115-20261006-161843.csv,2026-10-06 16:05:29.144,13.301733333333335
2026-10-06 16:18:47.457,7.5597e-11,Torr,11.small_stm_window_1,spray,11.small_stm_window_1/MassSpecData-02115-20261006-161843.csv,2026-10-06 16:05:29.144,13.305216666666666
2026-10-06 16:18:47.665,8.2279e-11,Torr,11.small_stm_window_1,spray,11.small_stm_window_1/MassSpecData-02115-20261006-161843.csv,2026-10-06 16:05:29.144,13.308683333333333
2026-10-06 16:18:47.873,8.9177e-11,Torr,11.small_stm_window_1,spray,11.small_stm_window_1/MassSpecData-02115-20261006-161843.csv,2026-10-06 16:05:29.144,13.31215
2026-10-06 16:18:48.082,7.7083e-11,Torr,11.small_stm_window_1,spray,11.small_stm_window_1/MassSpecData-02115-20261006-161843.csv,2026-10-06 16:05:29.144,13.315633333333333
2026-10-06 16:18:48.290,8.8637e-11,Torr,11.small_stm_window_1,spray,11.small_stm_window_1/MassSpecData-02115-20261006-161843.csv,2026-10-06 16:05:29.144,13.319099999999999
2026-10-06 16:18:48.498,1.0052e-10,Torr,11.small_stm_window_1,spray,11.small_stm_window_1/MassSpecData-02115-20261006-161843.csv,2026-10-06 16:05:29.144,13.322566666666667
2026-10-06 16:18:48.706,9.2699e-11,Torr,11.small_stm_window_1,spray,11.small_stm_window_1/MassSpecData-02115-20261006-161843.csv,2026-10-06 16:05:29.144,13.326033333333333
2026-10-06 16:18:48.915,7.5481e-11,Torr,11.small_stm_window_1,spray,11.small_stm_window_1/MassSpecData-02115-20261006-161843.csv,2026-10-06 16:05:29.144,13.329516666666667
2026-10-06 16:18:49.123,8.0964e-11,Torr,11.small_stm_window_1,spray,11.small_stm_window_1/MassSpecData-02115-20261006-161843.csv,2026-10-06 16:05:29.144,13.332983333333335
2026-10-06 16:18:49.331,8.2681e-11,Torr,11.small_stm_window_1,spray,11.small_stm_window_1/MassSpecData-02115-20261006-161843.csv,2026-10-06 16:05:29.144,13.336450000000001
2026-10-06 16:18:49.540,8.8763e-11,Torr,11.small_stm_window_1,spray,11.small_stm_window_1/MassSpecData-02115-20261006-161843.csv,2026-10-06 16:05:29.144,13.339933333333333
2026-10-06 16:18:49.748,7.1035e-11,Torr,11.small_stm_window_1,spray,11.small_stm_window_1/MassSpecData-02115-20261006-161843.csv,2026-10-06 16:05:29.144,13.3434
2026-10-06 16:18:49.956,8.2029e-11,Torr,11.small_stm_window_1,spray,11.small_stm_window_1/MassSpecData-02115-20261006-161843.csv,2026-10-06 16:05:29.144,13.346866666666667
2026-10-06 16:18:50.165,8.7085e-11,Torr,11.small_stm_window_1,spray,11.small_stm_window_1/MassSpecData-02115-20261006-161843.csv,2026-10-06 16:05:29.144,13.350349999999999
2026-10-06 16:18:50.373,8.7498e-11,Torr,11.small_stm_window_1,spray,11.small_stm_window_1/MassSpecData-02115-20261006-161843.csv,2026-10-06 16:05:29.144,13.353816666666667
2026-10-06 16:18:50.581,7.2547e-11,Torr,11.small_stm_window_1,spray,11.small_stm_window_1/MassSpecData-02115-20261006-161843.csv,2026-10-06 16:05:29.144,13.357283333333333
2026-10-06 16:18:50.790,8.2997e-11,Torr,11.small_stm_window_1,spray,11.small_stm_window_1/MassSpecData-02115-20261006-161843.csv,2026-10-06 16:05:29.144,13.360766666666667
2026-10-06 16:18:50.998,9.298e-11,Torr,11.small_stm_window_1,spray,11.small_stm_window_1/MassSpecData-02115-20261006-161843.csv,2026-10-06 16:05:29.144,13.364233333333335
2026-10-06 16:18:51.206,8.8896e-11,Torr,11.small_stm_window_1,spray,11.small_stm_window_1/MassSpecData-02115-20261006-161843.csv,2026-10-06 16:05:29.144,13.367700000000001
2026-10-06 16:18:51.415,7.9174e-11,Torr,11.small_stm_window_1,spray,11.small_stm_window_1/MassSpecData-02115-20261006-161843.csv,2026-10-06 16:05:29.144,13.371183333333333
2026-10-06 16:18:51.623,8.9033e-11,Torr,11.small_stm_window_1,spray,11.small_stm_window_1/MassSpecData-02115-20261006-161843.csv,2026-10-06 16:05:29.144,13.37465
2026-10-06 16:18:51.831,8.0866e-11,Torr,11.small_stm_window_1,spray,11.small_stm_window_1/MassSpecData-02115-20261006-161843.csv,2026-10-06 16:05:29.144,13.378116666666667
2026-10-06 16:18:52.040,1.0504e-10,Torr,11.small_stm_window_1,spray,11.small_stm_window_1/MassSpecData-02115-20261006-161843.csv,2026-10-06 16:05:29.144,13.381599999999999
2026-10-06 16:18:52.248,8.3172e-11,Torr,11.small_stm_window_1,spray,11.small_stm_window_1/MassSpecData-02115-20261006-161843.csv,2026-10-06 16:05:29.144,13.385066666666667
2026-10-06 16:18:52.457,8.9856e-11,Torr,11.small_stm_window_1,spray,11.small_stm_window_1/MassSpecData-02115-20261006-161843.csv,2026-10-06 16:05:29.144,13.38855
2026-10-06 16:18:52.665,8.3316e-11,Torr,11.small_stm_window_1,spray,11.small_stm_window_1/MassSpecData-02115-20261006-161843.csv,2026-10-06 16:05:29.144,13.392016666666667
2026-10-06 16:18:52.873,8.4695e-11,Torr,11.small_stm_window_1,spray,11.small_stm_window_1/MassSpecData-02115-20261006-161843.csv,2026-10-06 16:05:29.144,13.395483333333335
2026-10-06 16:18:53.082,9.2621e-11,Torr,11.small_stm_window_1,spray,11.small_stm_window_1/MassSpecData-02115-20261006-161843.csv,2026-10-06 16:05:29.144,13.398966666666666
2026-10-06 16:18:53.290,7.411e-11,Torr,11.small_stm_window_1,spray,11.small_stm_window_1/MassSpecData-02115-20261006-161843.csv,2026-10-06 16:05:29.144,13.402433333333333
2026-10-06 16:18:53.498,9.2117e-11,Torr,11.small_stm_window_1,spray,11.small_stm_window_1/MassSpecData-02115-20261006-161843.csv,2026-10-06 16:05:29.144,13.4059
2026-10-06 16:18:53.707,8.1234e-11,Torr,11.small_stm_window_1,spray,11.small_stm_window_1/MassSpecData-02115-20261006-161843.csv,2026-10-06 16:05:29.144,13.409383333333333
2026-10-06 16:18:53.915,8.8135e-11,Torr,11.small_stm_window_1,spray,11.small_stm_window_1/MassSpecData-02115-20261006-161843.csv,2026-10-06 16:05:29.144,13.412849999999999
2026-10-06 16:18:54.123,9.231e-11,Torr,11.small_stm_window_1,spray,11.small_stm_window_1/MassSpecData-02115-20261006-161843.csv,2026-10-06 16:05:29.144,13.416316666666667
2026-10-06 16:18:54.332,9.0586e-11,Torr,11.small_stm_window_1,spray,11.small_stm_window_1/MassSpecData-02115-20261006-161843.csv,2026-10-06 16:05:29.144,13.4198
2026-10-06 16:18:54.540,8.3087e-11,Torr,11.small_stm_window_1,spray,11.small_stm_window_1/MassSpecData-02115-20261006-161843.csv,2026-10-06 16:05:29.144,13.423266666666667
2026-10-06 16:18:54.748,7.0681e-11,Torr,11.small_stm_window_1,spray,11.small_stm_window_1/MassSpecData-02115-20261006-161843.csv,2026-10-06 16:05:29.144,13.426733333333335
2026-10-06 16:18:54.957,8.7506e-11,Torr,11.small_stm_window_1,spray,11.small_stm_window_1/MassSpecData-02115-20261006-161843.csv,2026-10-06 16:05:29.144,13.430216666666666
2026-10-06 16:18:55.165,7.4192e-11,Torr,11.small_stm_window_1,spray,11.small_stm_window_1/MassSpecData-02115-20261006-161843.csv,2026-10-06 16:05:29.144,13.433683333333333
2026-10-06 16:18:55.373,8.2616e-11,Torr,11.small_stm_window_1,spray,11.small_stm_window_1/MassSpecData-02115-20261006-161843.csv,2026-10-06 16:05:29.144,13.43715
2026-10-06 16:18:55.582,9.1525e-11,Torr,11.small_stm_window_1,spray,11.small_stm_window_1/MassSpecData-02115-20261006-161843.csv,2026-10-06 16:05:29.144,13.440633333333333
2026-10-06 16:18:55.790,9.8316e-11,Torr,11.small_stm_window_1,spray,11.small_stm_window_1/MassSpecData-02115-20261006-161843.csv,2026-10-06 16:05:29.144,13.444099999999999
2026-10-06 16:18:55.998,8.2659e-11,Torr,11.small_stm_window_1,spray,11.small_stm_window_1/MassSpecData-02115-20261006-161843.csv,2026-10-06 16:05:29.144,13.447566666666667
2026-10-06 16:18:56.207,8.269e-11,Torr,11.small_stm_window_1,spray,11.small_stm_window_1/MassSpecData-02115-20261006-161843.csv,2026-10-06 16:05:29.144,13.45105
2026-10-06 16:18:56.415,9.152e-11,Torr,11.small_stm_window_1,spray,11.small_stm_window_1/MassSpecData-02115-20261006-161843.csv,2026-10-06 16:05:29.144,13.454516666666667
2026-10-06 16:18:56.623,8.5904e-11,Torr,11.small_stm_window_1,spray,11.small_stm_window_1/MassSpecData-02115-20261006-161843.csv,2026-10-06 16:05:29.144,13.457983333333335
2026-10-06 16:18:56.832,8.7883e-11,Torr,11.small_stm_window_1,spray,11.small_stm_window_1/MassSpecData-02115-20261006-161843.csv,2026-10-06 16:05:29.144,13.461466666666666
2026-10-06 16:18:57.040,9.2944e-11,Torr,11.small_stm_window_1,spray,11.small_stm_window_1/MassSpecData-02115-20261006-161843.csv,2026-10-06 16:05:29.144,13.464933333333333
2026-10-06 16:18:57.248,8.6701e-11,Torr,11.small_stm_window_1,spray,11.small_stm_window_1/MassSpecData-02115-20261006-161843.csv,2026-10-06 16:05:29.144,13.4684
2026-10-06 16:18:57.457,9.6149e-11,Torr,11.small_stm_window_1,spray,11.small_stm_window_1/MassSpecData-02115-20261006-161843.csv,2026-10-06 16:05:29.144,13.471883333333333
2026-10-06 16:18:57.665,8.4724e-11,Torr,11.small_stm_window_1,spray,11.small_stm_window_1/MassSpecData-02115-20261006-161843.csv,2026-10-06 16:05:29.144,13.475349999999999
2026-10-06 16:18:57.873,1.0408e-10,Torr,11.small_stm_window_1,spray,11.small_stm_window_1/MassSpecData-02115-20261006-161843.csv,2026-10-06 16:05:29.144,13.478816666666667
2026-10-06 16:18:58.082,7.2232e-11,Torr,11.small_stm_window_1,spray,11.small_stm_window_1/MassSpecData-02115-20261006-161843.csv,2026-10-06 16:05:29.144,13.4823
2026-10-06 16:18:58.290,9.0608e-11,Torr,11.small_stm_window_1,spray,11.small_stm_window_1/MassSpecData-02115-20261006-161843.csv,2026-10-06 16:05:29.144,13.485766666666667
2026-10-06 16:18:58.498,8.022e-11,Torr,11.small_stm_window_1,spray,11.small_stm_window_1/MassSpecData-02115-20261006-161843.csv,2026-10-06 16:05:29.144,13.489233333333335
2026-10-06 16:18:58.707,9.5272e-11,Torr,11.small_stm_window_1,spray,11.small_stm_window_1/MassSpecData-02115-20261006-161843.csv,2026-10-06 16:05:29.144,13.492716666666666
2026-10-06 16:18:58.915,9.7436e-11,Torr,11.small_stm_window_1,spray,11.small_stm_window_1/MassSpecData-02115-20261006-161843.csv,2026-10-06 16:05:29.144,13.496183333333333
2026-10-06 16:18:59.123,1.0327e-10,Torr,11.small_stm_window_1,spray,11.small_stm_window_1/MassSpecData-02115-20261006-161843.csv,2026-10-06 16:05:29.144,13.49965
2026-10-06 16:18:59.332,8.1361e-11,Torr,11.small_stm_window_1,spray,11.small_stm_window_1/MassSpecData-02115-20261006-161843.csv,2026-10-06 16:05:29.144,13.503133333333333
2026-10-06 16:18:59.540,9.0449e-11,Torr,11.small_stm_window_1,spray,11.small_stm_window_1/MassSpecData-02115-20261006-161843.csv,2026-10-06 16:05:29.144,13.506599999999999
2026-10-06 16:18:59.748,8.4288e-11,Torr,11.small_stm_window_1,spray,11.small_stm_window_1/MassSpecData-02115-20261006-161843.csv,2026-10-06 16:05:29.144,13.510066666666667
2026-10-06 16:18:59.957,7.8669e-11,Torr,11.small_stm_window_1,spray,11.small_stm_window_1/MassSpecData-02115-20261006-161843.csv,2026-10-06 16:05:29.144,13.51355
2026-10-06 16:19:00.165,7.9443e-11,Torr,11.small_stm_window_1,spray,11.small_stm_window_1/MassSpecData-02115-20261006-161843.csv,2026-10-06 16:05:29.144,13.517016666666667
2026-10-06 16:19:00.373,8.4448e-11,Torr,11.small_stm_window_1,spray,11.small_stm_window_1/MassSpecData-02115-20261006-161843.csv,2026-10-06 16:05:29.144,13.520483333333335
2026-10-06 16:19:00.582,7.9548e-11,Torr,11.small_stm_window_1,spray,11.small_stm_window_1/MassSpecData-02115-20261006-161843.csv,2026-10-06 16:05:29.144,13.523966666666666
2026-10-06 16:19:00.790,9.076e-11,Torr,11.small_stm_window_1,spray,11.small_stm_window_1/MassSpecData-02115-20261006-161843.csv,2026-10-06 16:05:29.144,13.527433333333333
2026-10-06 16:19:00.998,8.9924e-11,Torr,11.small_stm_window_1,spray,11.small_stm_window_1/MassSpecData-02115-20261006-161843.csv,2026-10-06 16:05:29.144,13.5309
2026-10-06 16:19:01.207,8.0388e-11,Torr,11.small_stm_window_1,spray,11.small_stm_window_1/MassSpecData-02115-20261006-161843.csv,2026-10-06 16:05:29.144,13.534383333333333
2026-10-06 16:19:01.415,8.928e-11,Torr,11.small_stm_window_1,spray,11.small_stm_window_1/MassSpecData-02115-20261006-161843.csv,2026-10-06 16:05:29.144,13.537849999999999
2026-10-06 16:19:01.623,7.8528e-11,Torr,11.small_stm_window_1,spray,11.small_stm_window_1/MassSpecData-02115-20261006-161843.csv,2026-10-06 16:05:29.144,13.541316666666667
2026-10-06 16:19:01.832,7.7162e-11,Torr,11.small_stm_window_1,spray,11.small_stm_window_1/MassSpecData-02115-20261006-161843.csv,2026-10-06 16:05:29.144,13.5448
2026-10-06 16:19:02.040,7.5039e-11,Torr,11.small_stm_window_1,spray,11.small_stm_window_1/MassSpecData-02115-20261006-161843.csv,2026-10-06 16:05:29.144,13.548266666666667
2026-10-06 16:19:02.248,8.8087e-11,Torr,11.small_stm_window_1,spray,11.small_stm_window_1/MassSpecData-02115-20261006-161843.csv,2026-10-06 16:05:29.144,13.551733333333335
2026-10-06 16:19:02.457,6.4814e-11,Torr,11.small_stm_window_1,spray,11.small_stm_window_1/MassSpecData-02115-20261006-161843.csv,2026-10-06 16:05:29.144,13.555216666666666
2026-10-06 16:19:02.665,8.8455e-11,Torr,11.small_stm_window_1,spray,11.small_stm_window_1/MassSpecData-02115-20261006-161843.csv,2026-10-06 16:05:29.144,13.558683333333333
2026-10-06 16:19:02.873,9.1684e-11,Torr,11.small_stm_window_1,spray,11.small_stm_window_1/MassSpecData-02115-20261006-161843.csv,2026-10-06 16:05:29.144,13.56215
2026-10-06 16:19:03.081,8.8066e-11,Torr,11.small_stm_window_1,spray,11.small_stm_window_1/MassSpecData-02115-20261006-161843.csv,2026-10-06 16:05:29.144,13.565616666666667
2026-10-06 16:19:03.290,1.0116e-10,Torr,11.small_stm_window_1,spray,11.small_stm_window_1/MassSpecData-02115-20261006-161843.csv,2026-10-06 16:05:29.144,13.569099999999999
2026-10-06 16:19:03.498,7.9878e-11,Torr,11.small_stm_window_1,spray,11.small_stm_window_1/MassSpecData-02115-20261006-161843.csv,2026-10-06 16:05:29.144,13.572566666666667
2026-10-06 16:19:03.706,7.5357e-11,Torr,11.small_stm_window_1,spray,11.small_stm_window_1/MassSpecData-02115-20261006-161843.csv,2026-10-06 16:05:29.144,13.576033333333333
2026-10-06 16:19:03.915,9.6269e-11,Torr,11.small_stm_window_1,spray,11.small_stm_window_1/MassSpecData-02115-20261006-161843.csv,2026-10-06 16:05:29.144,13.579516666666667
2026-10-06 16:19:04.123,9.0218e-11,Torr,11.small_stm_window_1,spray,11.small_stm_window_1/MassSpecData-02115-20261006-161843.csv,2026-10-06 16:05:29.144,13.582983333333335
2026-10-06 16:19:04.331,7.8623e-11,Torr,11.small_stm_window_1,spray,11.small_stm_window_1/MassSpecData-02115-20261006-161843.csv,2026-10-06 16:05:29.144,13.586450000000001
2026-10-06 16:19:04.540,9.245e-11,Torr,11.small_stm_window_1,spray,11.small_stm_window_1/MassSpecData-02115-20261006-161843.csv,2026-10-06 16:05:29.144,13.589933333333333
2026-10-06 16:19:04.748,1.0138e-10,Torr,11.small_stm_window_1,spray,11.small_stm_window_1/MassSpecData-02115-20261006-161843.csv,2026-10-06 16:05:29.144,13.5934
2026-10-06 16:19:04.956,9.144e-11,Torr,11.small_stm_window_1,spray,11.small_stm_window_1/MassSpecData-02115-20261006-161843.csv,2026-10-06 16:05:29.144,13.596866666666667
2026-10-06 16:19:05.165,8.4377e-11,Torr,11.small_stm_window_1,spray,11.small_stm_window_1/MassSpecData-02115-20261006-161843.csv,2026-10-06 16:05:29.144,13.600349999999999
2026-10-06 16:19:05.373,8.1794e-11,Torr,11.small_stm_window_1,spray,11.small_stm_window_1/MassSpecData-02115-20261006-161843.csv,2026-10-06 16:05:29.144,13.603816666666667
2026-10-06 16:19:05.581,8.9262e-11,Torr,11.small_stm_window_1,spray,11.small_stm_window_1/MassSpecData-02115-20261006-161843.csv,2026-10-06 16:05:29.144,13.607283333333333
2026-10-06 16:19:05.790,7.9003e-11,Torr,11.small_stm_window_1,spray,11.small_stm_window_1/MassSpecData-02115-20261006-161843.csv,2026-10-06 16:05:29.144,13.610766666666667
2026-10-06 16:19:05.998,7.5517e-11,Torr,11.small_stm_window_1,spray,11.small_stm_window_1/MassSpecData-02115-20261006-161843.csv,2026-10-06 16:05:29.144,13.614233333333335
2026-10-06 16:19:06.206,9.0631e-11,Torr,11.small_stm_window_1,spray,11.small_stm_window_1/MassSpecData-02115-20261006-161843.csv,2026-10-06 16:05:29.144,13.617700000000001
2026-10-06 16:19:06.415,8.207e-11,Torr,11.small_stm_window_1,spray,11.small_stm_window_1/MassSpecData-02115-20261006-161843.csv,2026-10-06 16:05:29.144,13.621183333333333
2026-10-06 16:19:06.623,8.6055e-11,Torr,11.small_stm_window_1,spray,11.small_stm_window_1/MassSpecData-02115-20261006-161843.csv,2026-10-06 16:05:29.144,13.62465
2026-10-06 16:19:06.831,9.9462e-11,Torr,11.small_stm_window_1,spray,11.small_stm_window_1/MassSpecData-02115-20261006-161843.csv,2026-10-06 16:05:29.144,13.628116666666667
2026-10-06 16:19:07.040,9.2076e-11,Torr,11.small_stm_window_1,spray,11.small_stm_window_1/MassSpecData-02115-20261006-161843.csv,2026-10-06 16:05:29.144,13.631599999999999
2026-10-06 16:19:07.248,9.0392e-11,Torr,11.small_stm_window_1,spray,11.small_stm_window_1/MassSpecData-02115-20261006-161843.csv,2026-10-06 16:05:29.144,13.635066666666667
2026-10-06 16:19:07.456,9.0331e-11,Torr,11.small_stm_window_1,spray,11.small_stm_window_1/MassSpecData-02115-20261006-161843.csv,2026-10-06 16:05:29.144,13.638533333333333
2026-10-06 16:19:07.665,1.0397e-10,Torr,11.small_stm_window_1,spray,11.small_stm_window_1/MassSpecData-02115-20261006-161843.csv,2026-10-06 16:05:29.144,13.642016666666667
2026-10-06 16:19:07.873,9.0356e-11,Torr,11.small_stm_window_1,spray,11.small_stm_window_1/MassSpecData-02115-20261006-161843.csv,2026-10-06 16:05:29.144,13.645483333333335
2026-10-06 16:19:08.081,7.382e-11,Torr,11.small_stm_window_1,spray,11.small_stm_window_1/MassSpecData-02115-20261006-161843.csv,2026-10-06 16:05:29.144,13.648950000000001
2026-10-06 16:19:08.290,7.8734e-11,Torr,11.small_stm_window_1,spray,11.small_stm_window_1/MassSpecData-02115-20261006-161843.csv,2026-10-06 16:05:29.144,13.652433333333333
2026-10-06 16:19:08.498,7.218e-11,Torr,11.small_stm_window_1,spray,11.small_stm_window_1/MassSpecData-02115-20261006-161843.csv,2026-10-06 16:05:29.144,13.6559
2026-10-06 16:19:08.706,8.7313e-11,Torr,11.small_stm_window_1,spray,11.small_stm_window_1/MassSpecData-02115-20261006-161843.csv,2026-10-06 16:05:29.144,13.659366666666667
2026-10-06 16:19:08.915,8.7932e-11,Torr,11.small_stm_window_1,spray,11.small_stm_window_1/MassSpecData-02115-20261006-161843.csv,2026-10-06 16:05:29.144,13.662849999999999
2026-10-06 16:19:09.123,8.8279e-11,Torr,11.small_stm_window_1,spray,11.small_stm_window_1/MassSpecData-02115-20261006-161843.csv,2026-10-06 16:05:29.144,13.666316666666667
2026-10-06 16:19:09.331,7.1893e-11,Torr,11.small_stm_window_1,spray,11.small_stm_window_1/MassSpecData-02115-20261006-161843.csv,2026-10-06 16:05:29.144,13.669783333333333
2026-10-06 16:19:09.540,9.2859e-11,Torr,11.small_stm_window_1,spray,11.small_stm_window_1/MassSpecData-02115-20261006-161843.csv,2026-10-06 16:05:29.144,13.673266666666667
2026-10-06 16:19:09.748,7.8686e-11,Torr,11.small_stm_window_1,spray,11.small_stm_window_1/MassSpecData-02115-20261006-161843.csv,2026-10-06 16:05:29.144,13.676733333333335
2026-10-06 16:19:09.956,7.8278e-11,Torr,11.small_stm_window_1,spray,11.small_stm_window_1/MassSpecData-02115-20261006-161843.csv,2026-10-06 16:05:29.144,13.680200000000001
2026-10-06 16:19:10.165,9.9685e-11,Torr,11.small_stm_window_1,spray,11.small_stm_window_1/MassSpecData-02115-20261006-161843.csv,2026-10-06 16:05:29.144,13.683683333333333
2026-10-06 16:19:10.373,9.1801e-11,Torr,11.small_stm_window_1,spray,11.small_stm_window_1/MassSpecData-02115-20261006-161843.csv,2026-10-06 16:05:29.144,13.68715
2026-10-06 16:19:10.581,8.8903e-11,Torr,11.small_stm_window_1,spray,11.small_stm_window_1/MassSpecData-02115-20261006-161843.csv,2026-10-06 16:05:29.144,13.690616666666667
2026-10-06 16:19:10.790,9.4848e-11,Torr,11.small_stm_window_1,spray,11.small_stm_window_1/MassSpecData-02115-20261006-161843.csv,2026-10-06 16:05:29.144,13.694099999999999
2026-10-06 16:19:10.998,8.4686e-11,Torr,11.small_stm_window_1,spray,11.small_stm_window_1/MassSpecData-02115-20261006-161843.csv,2026-10-06 16:05:29.144,13.697566666666667
2026-10-06 16:19:11.206,8.1845e-11,Torr,11.small_stm_window_1,spray,11.small_stm_window_1/MassSpecData-02115-20261006-161843.csv,2026-10-06 16:05:29.144,13.701033333333333
2026-10-06 16:19:11.415,1.0006e-10,Torr,11.small_stm_window_1,spray,11.small_stm_window_1/MassSpecData-02115-20261006-161843.csv,2026-10-06 16:05:29.144,13.704516666666667
2026-10-06 16:19:11.623,7.5289e-11,Torr,11.small_stm_window_1,spray,11.small_stm_window_1/MassSpecData-02115-20261006-161843.csv,2026-10-06 16:05:29.144,13.707983333333335
2026-10-06 16:19:11.831,9.924e-11,Torr,11.small_stm_window_1,spray,11.small_stm_window_1/MassSpecData-02115-20261006-161843.csv,2026-10-06 16:05:29.144,13.711450000000001
2026-10-06 16:19:12.040,1.0057e-10,Torr,11.small_stm_window_1,spray,11.small_stm_window_1/MassSpecData-02115-20261006-161843.csv,2026-10-06 16:05:29.144,13.714933333333333
2026-10-06 16:19:12.248,8.3187e-11,Torr,11.small_stm_window_1,spray,11.small_stm_window_1/MassSpecData-02115-20261006-161843.csv,2026-10-06 16:05:29.144,13.7184
2026-10-06 16:19:12.456,8.2675e-11,Torr,11.small_stm_window_1,spray,11.small_stm_window_1/MassSpecData-02115-20261006-161843.csv,2026-10-06 16:05:29.144,13.721866666666667
2026-10-06 16:19:12.665,9.3924e-11,Torr,11.small_stm_window_1,spray,11.small_stm_window_1/MassSpecData-02115-20261006-161843.csv,2026-10-06 16:05:29.144,13.725349999999999
2026-10-06 16:19:12.873,8.2872e-11,Torr,11.small_stm_window_1,spray,11.small_stm_window_1/MassSpecData-02115-20261006-161843.csv,2026-10-06 16:05:29.144,13.728816666666667
2026-10-06 16:19:13.081,8.1153e-11,Torr,11.small_stm_window_1,spray,11.small_stm_window_1/MassSpecData-02115-20261006-161843.csv,2026-10-06 16:05:29.144,13.732283333333333
2026-10-06 16:19:13.290,9.5195e-11,Torr,11.small_stm_window_1,spray,11.small_stm_window_1/MassSpecData-02115-20261006-161843.csv,2026-10-06 16:05:29.144,13.735766666666667
2026-10-06 16:19:13.498,8.0202e-11,Torr,11.small_stm_window_1,spray,11.small_stm_window_1/MassSpecData-02115-20261006-161843.csv,2026-10-06 16:05:29.144,13.739233333333335
2026-10-06 16:19:13.706,8.1106e-11,Torr,11.small_stm_window_1,spray,11.small_stm_window_1/MassSpecData-02115-20261006-161843.csv,2026-10-06 16:05:29.144,13.742700000000001
2026-10-06 16:19:13.915,7.1496e-11,Torr,11.small_stm_window_1,spray,11.small_stm_window_1/MassSpecData-02115-20261006-161843.csv,2026-10-06 16:05:29.144,13.746183333333333
2026-10-06 16:19:14.123,7.8024e-11,Torr,11.small_stm_window_1,spray,11.small_stm_window_1/MassSpecData-02115-20261006-161843.csv,2026-10-06 16:05:29.144,13.74965
2026-10-06 16:19:14.331,8.0527e-11,Torr,11.small_stm_window_1,spray,11.small_stm_window_1/MassSpecData-02115-20261006-161843.csv,2026-10-06 16:05:29.144,13.753116666666667
2026-10-06 16:19:14.540,8.4043e-11,Torr,11.small_stm_window_1,spray,11.small_stm_window_1/MassSpecData-02115-20261006-161843.csv,2026-10-06 16:05:29.144,13.756599999999999
2026-10-06 16:19:14.748,6.6229e-11,Torr,11.small_stm_window_1,spray,11.small_stm_window_1/MassSpecData-02115-20261006-161843.csv,2026-10-06 16:05:29.144,13.760066666666667
2026-10-06 16:19:14.956,8.3534e-11,Torr,11.small_stm_window_1,spray,11.small_stm_window_1/MassSpecData-02115-20261006-161843.csv,2026-10-06 16:05:29.144,13.763533333333333
2026-10-06 16:19:15.165,1.0016e-10,Torr,11.small_stm_window_1,spray,11.small_stm_window_1/MassSpecData-02115-20261006-161843.csv,2026-10-06 16:05:29.144,13.767016666666667
2026-10-06 16:19:15.373,8.3763e-11,Torr,11.small_stm_window_1,spray,11.small_stm_window_1/MassSpecData-02115-20261006-161843.csv,2026-10-06 16:05:29.144,13.770483333333335
2026-10-06 16:19:15.581,8.4398e-11,Torr,11.small_stm_window_1,spray,11.small_stm_window_1/MassSpecData-02115-20261006-161843.csv,2026-10-06 16:05:29.144,13.773950000000001
2026-10-06 16:19:15.790,8.5625e-11,Torr,11.small_stm_window_1,spray,11.small_stm_window_1/MassSpecData-02115-20261006-161843.csv,2026-10-06 16:05:29.144,13.777433333333333
2026-10-06 16:19:15.998,8.4879e-11,Torr,11.small_stm_window_1,spray,11.small_stm_window_1/MassSpecData-02115-20261006-161843.csv,2026-10-06 16:05:29.144,13.7809
2026-10-06 16:19:16.206,8.9765e-11,Torr,11.small_stm_window_1,spray,11.small_stm_window_1/MassSpecData-02115-20261006-161843.csv,2026-10-06 16:05:29.144,13.784366666666667
2026-10-06 16:19:16.415,8.9772e-11,Torr,11.small_stm_window_1,spray,11.small_stm_window_1/MassSpecData-02115-20261006-161843.csv,2026-10-06 16:05:29.144,13.787849999999999
2026-10-06 16:19:16.623,8.062e-11,Torr,11.small_stm_window_1,spray,11.small_stm_window_1/MassSpecData-02115-20261006-161843.csv,2026-10-06 16:05:29.144,13.791316666666667
2026-10-06 16:19:16.831,7.8e-11,Torr,11.small_stm_window_1,spray,11.small_stm_window_1/MassSpecData-02115-20261006-161843.csv,2026-10-06 16:05:29.144,13.794783333333333
2026-10-06 16:19:17.040,8.003e-11,Torr,11.small_stm_window_1,spray,11.small_stm_window_1/MassSpecData-02115-20261006-161843.csv,2026-10-06 16:05:29.144,13.798266666666667
2026-10-06 16:19:17.248,8.2113e-11,Torr,11.small_stm_window_1,spray,11.small_stm_window_1/MassSpecData-02115-20261006-161843.csv,2026-10-06 16:05:29.144,13.801733333333335
2026-10-06 16:19:17.456,8.9836e-11,Torr,11.small_stm_window_1,spray,11.small_stm_window_1/MassSpecData-02115-20261006-161843.csv,2026-10-06 16:05:29.144,13.805200000000001
2026-10-06 16:19:17.665,9.0283e-11,Torr,11.small_stm_window_1,spray,11.small_stm_window_1/MassSpecData-02115-20261006-161843.csv,2026-10-06 16:05:29.144,13.808683333333333
2026-10-06 16:19:17.873,7.1592e-11,Torr,11.small_stm_window_1,spray,11.small_stm_window_1/MassSpecData-02115-20261006-161843.csv,2026-10-06 16:05:29.144,13.81215
2026-10-06 16:19:18.081,8.9952e-11,Torr,11.small_stm_window_1,spray,11.small_stm_window_1/MassSpecData-02115-20261006-161843.csv,2026-10-06 16:05:29.144,13.815616666666667
2026-10-06 16:19:18.290,7.8087e-11,Torr,11.small_stm_window_1,spray,11.small_stm_window_1/MassSpecData-02115-20261006-161843.csv,2026-10-06 16:05:29.144,13.819099999999999
2026-10-06 16:19:18.498,9.1033e-11,Torr,11.small_stm_window_1,spray,11.small_stm_window_1/MassSpecData-02115-20261006-161843.csv,2026-10-06 16:05:29.144,13.822566666666667
2026-10-06 16:19:18.706,7.5475e-11,Torr,11.small_stm_window_1,spray,11.small_stm_window_1/MassSpecData-02115-20261006-161843.csv,2026-10-06 16:05:29.144,13.826033333333333
2026-10-06 16:19:18.915,9.9475e-11,Torr,11.small_stm_window_1,spray,11.small_stm_window_1/MassSpecData-02115-20261006-161843.csv,2026-10-06 16:05:29.144,13.829516666666667
2026-10-06 16:19:19.123,8.3252e-11,Torr,11.small_stm_window_1,spray,11.small_stm_window_1/MassSpecData-02115-20261006-161843.csv,2026-10-06 16:05:29.144,13.832983333333335
2026-10-06 16:19:19.331,9.0215e-11,Torr,11.small_stm_window_1,spray,11.small_stm_window_1/MassSpecData-02115-20261006-161843.csv,2026-10-06 16:05:29.144,13.836450000000001
2026-10-06 16:19:19.540,8.0019e-11,Torr,11.small_stm_window_1,spray,11.small_stm_window_1/MassSpecData-02115-20261006-161843.csv,2026-10-06 16:05:29.144,13.839933333333333
2026-10-06 16:19:19.748,7.5479e-11,Torr,11.small_stm_window_1,spray,11.small_stm_window_1/MassSpecData-02115-20261006-161843.csv,2026-10-06 16:05:29.144,13.8434
2026-10-06 16:19:19.956,8.01e-11,Torr,11.small_stm_window_1,spray,11.small_stm_window_1/MassSpecData-02115-20261006-161843.csv,2026-10-06 16:05:29.144,13.846866666666667
2026-10-06 16:19:20.165,8.5691e-11,Torr,11.small_stm_window_1,spray,11.small_stm_window_1/MassSpecData-02115-20261006-161843.csv,2026-10-06 16:05:29.144,13.850349999999999
2026-10-06 16:19:20.373,8.2047e-11,Torr,11.small_stm_window_1,spray,11.small_stm_window_1/MassSpecData-02115-20261006-161843.csv,2026-10-06 16:05:29.144,13.853816666666667
2026-10-06 16:19:20.581,8.8488e-11,Torr,11.small_stm_window_1,spray,11.small_stm_window_1/MassSpecData-02115-20261006-161843.csv,2026-10-06 16:05:29.144,13.857283333333333
2026-10-06 16:19:20.790,9.0721e-11,Torr,11.small_stm_window_1,spray,11.small_stm_window_1/MassSpecData-02115-20261006-161843.csv,2026-10-06 16:05:29.144,13.860766666666667
2026-10-06 16:19:20.998,7.865e-11,Torr,11.small_stm_window_1,spray,11.small_stm_window_1/MassSpecData-02115-20261006-161843.csv,2026-10-06 16:05:29.144,13.864233333333335
2026-10-06 16:19:21.207,8.1511e-11,Torr,11.small_stm_window_1,spray,11.small_stm_window_1/MassSpecData-02115-20261006-161843.csv,2026-10-06 16:05:29.144,13.867716666666666
2026-10-06 16:19:21.415,9.7305e-11,Torr,11.small_stm_window_1,spray,11.small_stm_window_1/MassSpecData-02115-20261006-161843.csv,2026-10-06 16:05:29.144,13.871183333333333
2026-10-06 16:19:21.623,7.4997e-11,Torr,11.small_stm_window_1,spray,11.small_stm_window_1/MassSpecData-02115-20261006-161843.csv,2026-10-06 16:05:29.144,13.87465
2026-10-06 16:19:21.832,8.0194e-11,Torr,11.small_stm_window_1,spray,11.small_stm_window_1/MassSpecData-02115-20261006-161843.csv,2026-10-06 16:05:29.144,13.878133333333333
2026-10-06 16:19:22.040,7.824e-11,Torr,11.small_stm_window_1,spray,11.small_stm_window_1/MassSpecData-02115-20261006-161843.csv,2026-10-06 16:05:29.144,13.881599999999999
2026-10-06 16:19:22.248,8.254e-11,Torr,11.small_stm_window_1,spray,11.small_stm_window_1/MassSpecData-02115-20261006-161843.csv,2026-10-06 16:05:29.144,13.885066666666667
2026-10-06 16:19:22.457,9.3835e-11,Torr,11.small_stm_window_1,spray,11.small_stm_window_1/MassSpecData-02115-20261006-161843.csv,2026-10-06 16:05:29.144,13.88855
2026-10-06 16:19:22.665,7.5515e-11,Torr,11.small_stm_window_1,spray,11.small_stm_window_1/MassSpecData-02115-20261006-161843.csv,2026-10-06 16:05:29.144,13.892016666666667
2026-10-06 16:19:22.873,8.6128e-11,Torr,11.small_stm_window_1,spray,11.small_stm_window_1/MassSpecData-02115-20261006-161843.csv,2026-10-06 16:05:29.144,13.895483333333335
2026-10-06 16:19:23.082,7.4805e-11,Torr,11.small_stm_window_1,spray,11.small_stm_window_1/MassSpecData-02115-20261006-161843.csv,2026-10-06 16:05:29.144,13.898966666666666
2026-10-06 16:19:23.290,8.5446e-11,Torr,11.small_stm_window_1,spray,11.small_stm_window_1/MassSpecData-02115-20261006-161843.csv,2026-10-06 16:05:29.144,13.902433333333333
2026-10-06 16:19:23.498,8.1379e-11,Torr,11.small_stm_window_1,spray,11.small_stm_window_1/MassSpecData-02115-20261006-161843.csv,2026-10-06 16:05:29.144,13.9059
2026-10-06 16:19:23.707,8.0938e-11,Torr,11.small_stm_window_1,spray,11.small_stm_window_1/MassSpecData-02115-20261006-161843.csv,2026-10-06 16:05:29.144,13.909383333333333
2026-10-06 16:19:23.915,7.5104e-11,Torr,11.small_stm_window_1,spray,11.small_stm_window_1/MassSpecData-02115-20261006-161843.csv,2026-10-06 16:05:29.144,13.912849999999999
2026-10-06 16:19:24.123,7.6143e-11,Torr,11.small_stm_window_1,spray,11.small_stm_window_1/MassSpecData-02115-20261006-161843.csv,2026-10-06 16:05:29.144,13.916316666666667
2026-10-06 16:19:24.332,8.6195e-11,Torr,11.small_stm_window_1,spray,11.small_stm_window_1/MassSpecData-02115-20261006-161843.csv,2026-10-06 16:05:29.144,13.9198
