timestamp,pressure,pressure_unit,location,phase,source_file,spray_start,elapsed_minutes
2026-10-06 16:40:57.831,6.8327e-11,Torr,13.small_stm_port,spray,13.small_stm_port/MassSpecData-02115-20261006-164057.csv,2026-10-06 16:40:57.831,0.0
2026-10-06 16:40:58.039,8.5517e-11,Torr,13.small_stm_port,spray,13.small_stm_port/MassSpecData-02115-20261006-164057.csv,2026-10-06 16:40:57.831,0.0034666666666666665
2026-10-06 16:40:58.248,7.6878e-11,Torr,13.small_stm_port,spray,13.small_stm_port/MassSpecData-02115-20261006-164057.csv,2026-10-06 16:40:57.831,0.00695
2026-10-06 16:40:58.456,6.9936e-11,Torr,13.small_stm_port,spray,13.small_stm_port/MassSpecData-02115-20261006-164057.csv,2026-10-06 16:40:57.831,0.010416666666666666
2026-10-06 16:40:58.664,7.4272e-11,Torr,13.small_stm_port,spray,13.small_stm_port/MassSpecData-02115-20261006-164057.csv,2026-10-06 16:40:57.831,0.013883333333333333
2026-10-06 16:40:58.873,8.4302e-11,Torr,13.small_stm_port,spray,13.small_stm_port/MassSpecData-02115-20261006-164057.csv,2026-10-06 16:40:57.831,0.017366666666666666
2026-10-06 16:40:59.081,7.557e-11,Torr,13.small_stm_port,spray,13.small_stm_port/MassSpecData-02115-20261006-164057.csv,2026-10-06 16:40:57.831,0.020833333333333332
2026-10-06 16:40:59.289,6.9072e-11,Torr,13.small_stm_port,spray,13.small_stm_port/MassSpecData-02115-20261006-164057.csv,2026-10-06 16:40:57.831,0.0243
2026-10-06 16:40:59.497,8.4792e-11,Torr,13.small_stm_port,spray,13.small_stm_port/MassSpecData-02115-20261006-164057.csv,2026-10-06 16:40:57.831,0.027766666666666665
2026-10-06 16:40:59.706,9.3203e-11,Torr,13.small_stm_port,spray,13.small_stm_port/MassSpecData-02115-20261006-164057.csv,2026-10-06 16:40:57.831,0.03125
2026-10-06 16:40:59.914,7.9907e-11,Torr,13.small_stm_port,spray,13.small_stm_port/MassSpecData-02115-20261006-164057.csv,2026-10-06 16:40:57.831,0.034716666666666667
2026-10-06 16:41:00.123,9.6132e-11,Torr,13.small_stm_port,spray,13.small_stm_port/MassSpecData-02115-20261006-164057.csv,2026-10-06 16:40:57.831,0.0382
2026-10-06 16:41:00.331,9.2775e-11,Torr,13.small_stm_port,spray,13.small_stm_port/MassSpecData-02115-20261006-164057.csv,2026-10-06 16:40:57.831,0.041666666666666664
2026-10-06 16:41:00.539,8.5549e-11,Torr,13.small_stm_port,spray,13.small_stm_port/MassSpecData-02115-20261006-164057.csv,2026-10-06 16:40:57.831,0.04513333333333334
2026-10-06 16:41:00.748,8.459e-11,Torr,13.small_stm_port,spray,13.small_stm_port/MassSpecData-02115-20261006-164057.csv,2026-10-06 16:40:57.831,0.04861666666666666
2026-10-06 16:41:00.956,8.0428e-11,Torr,13.small_stm_port,spray,13.small_stm_port/MassSpecData-02115-20261006-164057.csv,2026-10-06 16:40:57.831,0.052083333333333336
2026-10-06 16:41:01.164,8.5698e-11,Torr,13.small_stm_port,spray,13.small_stm_port/MassSpecData-02115-20261006-164057.csv,2026-10-06 16:40:57.831,0.05555
2026-10-06 16:41:01.373,8.5838e-11,Torr,13.small_stm_port,spray,13.small_stm_port/MassSpecData-02115-20261006-164057.csv,2026-10-06 16:40:57.831,0.059033333333333333
2026-10-06 16:41:01.581,8.9774e-11,Torr,13.small_stm_port,spray,13.small_stm_port/MassSpecData-02115-20261006-164057.csv,2026-10-06 16:40:57.831,0.0625
2026-10-06 16:41:01.789,7.8655e-11,Torr,13.small_stm_port,spray,13.small_stm_port/MassSpecData-02115-20261006-164057.csv,2026-10-06 16:40:57.831,0.06596666666666667
2026-10-06 16:41:01.998,8.7836e-11,Torr,13.small_stm_port,spray,13.small_stm_port/MassSpecData-02115-20261006-164057.csv,2026-10-06 16:40:57.831,0.06945
2026-10-06 16:41:02.206,8.3154e-11,Torr,13.small_stm_port,spray,13.small_stm_port/MassSpecData-02115-20261006-164057.csv,2026-10-06 16:40:57.831,0.07291666666666667
2026-10-06 16:41:02.414,9.4344e-11,Torr,13.small_stm_port,spray,13.small_stm_port/MassSpecData-02115-20261006-164057.csv,2026-10-06 16:40:57.831,0.07638333333333333
2026-10-06 16:41:02.623,8.3454e-11,Torr,13.small_stm_port,spray,13.small_stm_port/MassSpecData-02115-20261006-164057.csv,2026-10-06 16:40:57.831,0.07986666666666667
2026-10-06 16:41:02.831,8.0314e-11,Torr,13.small_stm_port,spray,13.small_stm_port/MassSpecData-02115-20261006-164057.csv,2026-10-06 16:40:57.831,0.08333333333333333
2026-10-06 16:41:03.039,8.4141e-11,Torr,13.small_stm_port,spray,13.small_stm_port/MassSpecData-02115-20261006-164057.csv,2026-10-06 16:40:57.831,0.0868
2026-10-06 16:41:03.247,6.6746e-11,Torr,13.small_stm_port,spray,13.small_stm_port/MassSpecData-02115-20261006-164057.csv,2026-10-06 16:40:57.831,0.09026666666666668
2026-10-06 16:41:03.456,8.0133e-11,Torr,13.small_stm_port,spray,13.small_stm_port/MassSpecData-02115-20261006-164057.csv,2026-10-06 16:40:57.831,0.09375
2026-10-06 16:41:03.664,7.9908e-11,Torr,13.small_stm_port,spray,13.small_stm_port/MassSpecData-02115-20261006-164057.csv,2026-10-06 16:40:57.831,0.09721666666666667
2026-10-06 16:41:03.872,9.716e-11,Torr,13.small_stm_port,spray,13.small_stm_port/MassSpecData-02115-20261006-164057.csv,2026-10-06 16:40:57.831,0.10068333333333333
2026-10-06 16:41:04.081,7.6228e-11,Torr,13.small_stm_port,spray,13.small_stm_port/MassSpecData-02115-20261006-164057.csv,2026-10-06 16:40:57.831,0.10416666666666667
2026-10-06 16:41:04.289,7.7476e-11,Torr,13.small_stm_port,spray,13.small_stm_port/MassSpecData-02115-20261006-164057.csv,2026-10-06 16:40:57.831,0.10763333333333333
2026-10-06 16:41:04.497,8.2764e-11,Torr,13.small_stm_port,spray,13.small_stm_port/MassSpecData-02115-20261006-164057.csv,2026-10-06 16:40:57.831,0.1111
2026-10-06 16:41:04.706,7.7337e-11,Torr,13.small_stm_port,spray,13.small_stm_port/MassSpecData-02115-20261006-164057.csv,2026-10-06 16:40:57.831,0.11458333333333333
2026-10-06 16:41:04.914,9.5574e-11,Torr,13.small_stm_port,spray,13.small_stm_port/MassSpecData-02115-20261006-164057.csv,2026-10-06 16:40:57.831,0.11805
2026-10-06 16:41:05.122,7.9948e-11,Torr,13.small_stm_port,spray,13.small_stm_port/MassSpecData-02115-20261006-164057.csv,2026-10-06 16:40:57.831,0.12151666666666668
2026-10-06 16:41:05.331,7.709e-11,Torr,13.small_stm_port,spray,13.small_stm_port/MassSpecData-02115-20261006-164057.csv,2026-10-06 16:40:57.831,0.125
2026-10-06 16:41:05.539,9.0672e-11,Torr,13.small_stm_port,spray,13.small_stm_port/MassSpecData-02115-20261006-164057.csv,2026-10-06 16:40:57.831,0.12846666666666667
2026-10-06 16:41:05.747,9.5275e-11,Torr,13.small_stm_port,spray,13.small_stm_port/MassSpecData-02115-20261006-164057.csv,2026-10-06 16:40:57.831,0.13193333333333335
2026-10-06 16:41:05.956,8.6e-11,Torr,13.small_stm_port,spray,13.small_stm_port/MassSpecData-02115-20261006-164057.csv,2026-10-06 16:40:57.831,0.13541666666666666
2026-10-06 16:41:06.164,8.2173e-11,Torr,13.small_stm_port,spray,13.small_stm_port/MassSpecData-02115-20261006-164057.csv,2026-10-06 16:40:57.831,0.13888333333333333
2026-10-06 16:41:06.372,1.0426e-10,Torr,13.small_stm_port,spray,13.small_stm_port/MassSpecData-02115-20261006-164057.csv,2026-10-06 16:40:57.831,0.14235
2026-10-06 16:41:06.581,7.6302e-11,Torr,13.small_stm_port,spray,13.small_stm_port/MassSpecData-02115-20261006-164057.csv,2026-10-06 16:40:57.831,0.14583333333333334
2026-10-06 16:41:06.789,8.0873e-11,Torr,13.small_stm_port,spray,13.small_stm_port/MassSpecData-02115-20261006-164057.csv,2026-10-06 16:40:57.831,0.14930000000000002
2026-10-06 16:41:06.998,6.9208e-11,Torr,13.small_stm_port,spray,13.small_stm_port/MassSpecData-02115-20261006-164057.csv,2026-10-06 16:40:57.831,0.15278333333333333
2026-10-06 16:41:07.206,7.9597e-11,Torr,13.small_stm_port,spray,13.small_stm_port/MassSpecData-02115-20261006-164057.csv,2026-10-06 16:40:57.831,0.15625
2026-10-06 16:41:07.414,7.6041e-11,Torr,13.small_stm_port,spray,13.small_stm_port/MassSpecData-02115-20261006-164057.csv,2026-10-06 16:40:57.831,0.15971666666666667
2026-10-06 16:41:07.623,8.128e-11,Torr,13.small_stm_port,spray,13.small_stm_port/MassSpecData-02115-20261006-164057.csv,2026-10-06 16:40:57.831,0.16319999999999998
2026-10-06 16:41:07.831,8.4173e-11,Torr,13.small_stm_port,spray,13.small_stm_port/MassSpecData-02115-20261006-164057.csv,2026-10-06 16:40:57.831,0.16666666666666666
2026-10-06 16:41:08.039,7.3017e-11,Torr,13.small_stm_port,spray,13.small_stm_port/MassSpecData-02115-20261006-164057.csv,2026-10-06 16:40:57.831,0.17013333333333333
2026-10-06 16:41:08.248,7.2266e-11,Torr,13.small_stm_port,spray,13.small_stm_port/MassSpecData-02115-20261006-164057.csv,2026-10-06 16:40:57.831,0.17361666666666667
2026-10-06 16:41:08.456,7.7245e-11,Torr,13.small_stm_port,spray,13.small_stm_port/MassSpecData-02115-20261006-164057.csv,2026-10-06 16:40:57.831,0.17708333333333334
2026-10-06 16:41:08.664,8.71e-11,Torr,13.small_stm_port,spray,13.small_stm_port/MassSpecData-02115-20261006-164057.csv,2026-10-06 16:40:57.831,0.18055000000000002
2026-10-06 16:41:08.873,6.5664e-11,Torr,13.small_stm_port,spray,13.small_stm_port/MassSpecData-02115-20261006-164057.csv,2026-10-06 16:40:57.831,0.18403333333333333
2026-10-06 16:41:09.081,8.3714e-11,Torr,13.small_stm_port,spray,13.small_stm_port/MassSpecData-02115-20261006-164057.csv,2026-10-06 16:40:57.831,0.1875
2026-10-06 16:41:09.289,9.4129e-11,Torr,13.small_stm_port,spray,13.small_stm_port/MassSpecData-02115-20261006-164057.csv,2026-10-06 16:40:57.831,0.19096666666666667
2026-10-06 16:41:09.498,8.6146e-11,Torr,13.small_stm_port,spray,13.small_stm_port/MassSpecData-02115-20261006-164057.csv,2026-10-06 16:40:57.831,0.19444999999999998
2026-10-06 16:41:09.706,7.6309e-11,Torr,13.small_stm_port,spray,13.small_stm_port/MassSpecData-02115-20261006-164057.csv,2026-10-06 16:40:57.831,0.19791666666666666
2026-10-06 16:41:09.914,7.3673e-11,Torr,13.small_stm_port,spray,13.small_stm_port/MassSpecData-02115-20261006-164057.csv,2026-10-06 16:40:57.831,0.20138333333333333
2026-10-06 16:41:10.123,8.3084e-11,Torr,13.small_stm_port,spray,13.small_stm_port/MassSpecData-02115-20261006-164057.csv,2026-10-06 16:40:57.831,0.20486666666666667
2026-10-06 16:41:10.331,8.863e-11,Torr,13.small_stm_port,spray,13.small_stm_port/MassSpecData-02115-20261006-164057.csv,2026-10-06 16:40:57.831,0.20833333333333334
2026-10-06 16:41:10.539,8.0188e-11,Torr,13.small_stm_port,spray,13.small_stm_port/MassSpecData-02115-20261006-164057.csv,2026-10-06 16:40:57.831,0.21180000000000002
2026-10-06 16:41:10.748,7.5796e-11,Torr,13.small_stm_port,spray,13.small_stm_port/MassSpecData-02115-20261006-164057.csv,2026-10-06 16:40:57.831,0.21528333333333333
2026-10-06 16:41:10.956,7.8008e-11,Torr,13.small_stm_port,spray,13.small_stm_port/MassSpecData-02115-20261006-164057.csv,2026-10-06 16:40:57.831,0.21875
2026-10-06 16:41:11.164,9.0142e-11,Torr,13.small_stm_port,spray,13.small_stm_port/MassSpecData-02115-20261006-164057.csv,2026-10-06 16:40:57.831,0.22221666666666667
2026-10-06 16:41:11.373,8.1201e-11,Torr,13.small_stm_port,spray,13.small_stm_port/MassSpecData-02115-20261006-164057.csv,2026-10-06 16:40:57.831,0.22569999999999998
2026-10-06 16:41:11.581,6.7729e-11,Torr,13.small_stm_port,spray,13.small_stm_port/MassSpecData-02115-20261006-164057.csv,2026-10-06 16:40:57.831,0.22916666666666666
2026-10-06 16:41:11.789,7.5736e-11,Torr,13.small_stm_port,spray,13.small_stm_port/MassSpecData-02115-20261006-164057.csv,2026-10-06 16:40:57.831,0.23263333333333333
2026-10-06 16:41:11.998,7.6725e-11,Torr,13.small_stm_port,spray,13.small_stm_port/MassSpecData-02115-20261006-164057.csv,2026-10-06 16:40:57.831,0.23611666666666667
2026-10-06 16:41:12.206,9.3915e-11,Torr,13.small_stm_port,spray,13.small_stm_port/MassSpecData-02115-20261006-164057.csv,2026-10-06 16:40:57.831,0.23958333333333334
2026-10-06 16:41:12.414,8.9099e-11,Torr,13.small_stm_port,spray,13.small_stm_port/MassSpecData-02115-20261006-164057.csv,2026-10-06 16:40:57.831,0.24305000000000002
2026-10-06 16:41:12.623,7.335e-11,Torr,13.small_stm_port,spray,13.small_stm_port/MassSpecData-02115-20261006-164057.csv,2026-10-06 16:40:57.831,0.24653333333333333
2026-10-06 16:41:12.831,8.7e-11,Torr,13.small_stm_port,spray,13.small_stm_port/MassSpecData-02115-20261006-164057.csv,2026-10-06 16:40:57.831,0.25
2026-10-06 16:41:13.039,7.6806e-11,Torr,13.small_stm_port,spray,13.small_stm_port/MassSpecData-02115-20261006-164057.csv,2026-10-06 16:40:57.831,0.2534666666666667
2026-10-06 16:41:13.248,9.2916e-11,Torr,13.small_stm_port,spray,13.small_stm_port/MassSpecData-02115-20261006-164057.csv,2026-10-06 16:40:57.831,0.25695
2026-10-06 16:41:13.456,8.7212e-11,Torr,13.small_stm_port,spray,13.small_stm_port/MassSpecData-02115-20261006-164057.csv,2026-10-06 16:40:57.831,0.2604166666666667
2026-10-06 16:41:13.664,8.7804e-11,Torr,13.small_stm_port,spray,13.small_stm_port/MassSpecData-02115-20261006-164057.csv,2026-10-06 16:40:57.831,0.26388333333333336
2026-10-06 16:41:13.873,7.8554e-11,Torr,13.small_stm_port,spray,13.small_stm_port/MassSpecData-02115-20261006-164057.csv,2026-10-06 16:40:57.831,0.2673666666666667
2026-10-06 16:41:14.081,8.2486e-11,Torr,13.small_stm_port,spray,13.small_stm_port/MassSpecData-02115-20261006-164057.csv,2026-10-06 16:40:57.831,0.2708333333333333
2026-10-06 16:41:14.289,7.7788e-11,Torr,13.small_stm_port,spray,13.small_stm_port/MassSpecData-02115-20261006-164057.csv,2026-10-06 16:40:57.831,0.2743
2026-10-06 16:41:14.498,7.5108e-11,Torr,13.small_stm_port,spray,13.small_stm_port/MassSpecData-02115-20261006-164057.csv,2026-10-06 16:40:57.831,0.2777833333333334
2026-10-06 16:41:14.706,9.1557e-11,Torr,13.small_stm_port,spray,13.small_stm_port/MassSpecData-02115-20261006-164057.csv,2026-10-06 16:40:57.831,0.28125
2026-10-06 16:41:14.914,7.6706e-11,Torr,13.small_stm_port,spray,13.small_stm_port/MassSpecData-02115-20261006-164057.csv,2026-10-06 16:40:57.831,0.2847166666666666
2026-10-06 16:41:15.123,8.3832e-11,Torr,13.small_stm_port,spray,13.small_stm_port/MassSpecData-02115-20261006-164057.csv,2026-10-06 16:40:57.831,0.2882
2026-10-06 16:41:15.331,1.0083e-10,Torr,13.small_stm_port,spray,13.small_stm_port/MassSpecData-02115-20261006-164057.csv,2026-10-06 16:40:57.831,0.2916666666666667
2026-10-06 16:41:15.539,7.5627e-11,Torr,13.small_stm_port,spray,13.small_stm_port/MassSpecData-02115-20261006-164057.csv,2026-10-06 16:40:57.831,0.2951333333333333
2026-10-06 16:41:15.748,8.6766e-11,Torr,13.small_stm_port,spray,13.small_stm_port/MassSpecData-02115-20261006-164057.csv,2026-10-06 16:40:57.831,0.2986166666666667
2026-10-06 16:41:15.956,8.2645e-11,Torr,13.small_stm_port,spray,13.small_stm_port/MassSpecData-02115-20261006-164057.csv,2026-10-06 16:40:57.831,0.3020833333333333
2026-10-06 16:41:16.164,8.3679e-11,Torr,13.small_stm_port,spray,13.small_stm_port/MassSpecData-02115-20261006-164057.csv,2026-10-06 16:40:57.831,0.30555
2026-10-06 16:41:16.373,9.9117e-11,Torr,13.small_stm_port,spray,13.small_stm_port/MassSpecData-02115-20261006-164057.csv,2026-10-06 16:40:57.831,0.3090333333333334
2026-10-06 16:41:16.581,8.3799e-11,Torr,13.small_stm_port,spray,13.small_stm_port/MassSpecData-02115-20261006-164057.csv,2026-10-06 16:40:57.831,0.3125
2026-10-06 16:41:16.789,7.3874e-11,Torr,13.small_stm_port,spray,13.small_stm_port/MassSpecData-02115-20261006-164057.csv,2026-10-06 16:40:57.831,0.3159666666666666
2026-10-06 16:41:16.998,7.2064e-11,Torr,13.small_stm_port,spray,13.small_stm_port/MassSpecData-02115-20261006-164057.csv,2026-10-06 16:40:57.831,0.31945
2026-10-06 16:41:17.206,7.136e-11,Torr,13.small_stm_port,spray,13.small_stm_port/MassSpecData-02115-20261006-164057.csv,2026-10-06 16:40:57.831,0.3229166666666667
2026-10-06 16:41:17.414,8.7853e-11,Torr,13.small_stm_port,spray,13.small_stm_port/MassSpecData-02115-20261006-164057.csv,2026-10-06 16:40:57.831,0.3263833333333333
2026-10-06 16:41:17.622,9.4819e-11,Torr,13.small_stm_port,spray,13.small_stm_port/MassSpecData-02115-20261006-164057.csv,2026-10-06 16:40:57.831,0.32985000000000003
2026-10-06 16:41:17.831,8.2315e-11,Torr,13.small_stm_port,spray,13.small_stm_port/MassSpecData-02115-20261006-164057.csv,2026-10-06 16:40:57.831,0.3333333333333333
2026-10-06 16:41:18.039,8.9793e-11,Torr,13.small_stm_port,spray,13.small_stm_port/MassSpecData-02115-20261006-164057.csv,2026-10-06 16:40:57.831,0.3368
2026-10-06 16:41:18.247,8.032e-11,Torr,13.small_stm_port,spray,13.small_stm_port/MassSpecData-02115-20261006-164057.csv,2026-10-06 16:40:57.831,0.34026666666666666
2026-10-06 16:41:18.456,1.0652e-10,Torr,13.small_stm_port,spray,13.small_stm_port/MassSpecData-02115-20261006-164057.csv,2026-10-06 16:40:57.831,0.34375
2026-10-06 16:41:18.664,8.6848e-11,Torr,13.small_stm_port,spray,13.small_stm_port/MassSpecData-02115-20261006-164057.csv,2026-10-06 16:40:57.831,0.3472166666666666
2026-10-06 16:41:18.872,7.9067e-11,Torr,13.small_stm_port,spray,13.small_stm_port/MassSpecData-02115-20261006-164057.csv,2026-10-06 16:40:57.831,0.35068333333333335
2026-10-06 16:41:19.081,8.725e-11,Torr,13.small_stm_port,spray,13.small_stm_port/MassSpecData-02115-20261006-164057.csv,2026-10-06 16:40:57.831,0.3541666666666667
2026-10-06 16:41:19.289,7.471e-11,Torr,13.small_stm_port,spray,13.small_stm_port/MassSpecData-02115-20261006-164057.csv,2026-10-06 16:40:57.831,0.3576333333333333
2026-10-06 16:41:19.497,7.92e-11,Torr,13.small_stm_port,spray,13.small_stm_port/MassSpecData-02115-20261006-164057.csv,2026-10-06 16:40:57.831,0.36110000000000003
2026-10-06 16:41:19.706,9.1041e-11,Torr,13.small_stm_port,spray,13.small_stm_port/MassSpecData-02115-20261006-164057.csv,2026-10-06 16:40:57.831,0.3645833333333333
2026-10-06 16:41:19.914,9.583e-11,Torr,13.small_stm_port,spray,13.small_stm_port/MassSpecData-02115-20261006-164057.csv,2026-10-06 16:40:57.831,0.36805
2026-10-06 16:41:20.122,9.0875e-11,Torr,13.small_stm_port,spray,13.small_stm_port/MassSpecData-02115-20261006-164057.csv,2026-10-06 16:40:57.831,0.37151666666666666
2026-10-06 16:41:20.331,7.6609e-11,Torr,13.small_stm_port,spray,13.small_stm_port/MassSpecData-02115-20261006-164057.csv,2026-10-06 16:40:57.831,0.375
2026-10-06 16:41:20.539,8.165e-11,Torr,13.small_stm_port,spray,13.small_stm_port/MassSpecData-02115-20261006-164057.csv,2026-10-06 16:40:57.831,0.3784666666666666
2026-10-06 16:41:20.747,8.3915e-11,Torr,13.small_stm_port,spray,13.small_stm_port/MassSpecData-02115-20261006-164057.csv,2026-10-06 16:40:57.831,0.38193333333333335
2026-10-06 16:41:20.956,9.5543e-11,Torr,13.small_stm_port,spray,13.small_stm_port/MassSpecData-02115-20261006-164057.csv,2026-10-06 16:40:57.831,0.3854166666666667
2026-10-06 16:41:21.164,7.5087e-11,Torr,13.small_stm_port,spray,13.small_stm_port/MassSpecData-02115-20261006-164057.csv,2026-10-06 16:40:57.831,0.3888833333333333
2026-10-06 16:41:21.372,8.1937e-11,Torr,13.small_stm_port,spray,13.small_stm_port/MassSpecData-02115-20261006-164057.csv,2026-10-06 16:40:57.831,0.39235000000000003
2026-10-06 16:41:21.581,8.1465e-11,Torr,13.small_stm_port,spray,13.small_stm_port/MassSpecData-02115-20261006-164057.csv,2026-10-06 16:40:57.831,0.3958333333333333
2026-10-06 16:41:21.789,9.8774e-11,Torr,13.small_stm_port,spray,13.small_stm_port/MassSpecData-02115-20261006-164057.csv,2026-10-06 16:40:57.831,0.3993
2026-10-06 16:41:21.997,8.9091e-11,Torr,13.small_stm_port,spray,13.small_stm_port/MassSpecData-02115-20261006-164057.csv,2026-10-06 16:40:57.831,0.40276666666666666
2026-10-06 16:41:22.206,7.7922e-11,Torr,13.small_stm_port,spray,13.small_stm_port/MassSpecData-02115-20261006-164057.csv,2026-10-06 16:40:57.831,0.40625
2026-10-06 16:41:22.414,8.6792e-11,Torr,13.small_stm_port,spray,13.small_stm_port/MassSpecData-02115-20261006-164057.csv,2026-10-06 16:40:57.831,0.4097166666666666
2026-10-06 16:41:22.622,7.3539e-11,Torr,13.small_stm_port,spray,13.small_stm_port/MassSpecData-02115-20261006-164057.csv,2026-10-06 16:40:57.831,0.41318333333333335
2026-10-06 16:41:22.831,8.6781e-11,Torr,13.small_stm_port,spray,13.small_stm_port/MassSpecData-02115-20261006-164057.csv,2026-10-06 16:40:57.831,0.4166666666666667
2026-10-06 16:41:23.039,7.8113e-11,Torr,13.small_stm_port,spray,13.small_stm_port/MassSpecData-02115-20261006-164057.csv,2026-10-06 16:40:57.831,0.4201333333333333
2026-10-06 16:41:23.247,8.6358e-11,Torr,13.small_stm_port,spray,13.small_stm_port/MassSpecData-02115-20261006-164057.csv,2026-10-06 16:40:57.831,0.42360000000000003
2026-10-06 16:41:23.456,8.2446e-11,Torr,13.small_stm_port,spray,13.small_stm_port/MassSpecData-02115-20261006-164057.csv,2026-10-06 16:40:57.831,0.4270833333333333
2026-10-06 16:41:23.664,8.2951e-11,Torr,13.small_stm_port,spray,13.small_stm_port/MassSpecData-02115-20261006-164057.csv,2026-10-06 16:40:57.831,0.43055
2026-10-06 16:41:23.872,7.3347e-11,Torr,13.small_stm_port,spray,13.small_stm_port/MassSpecData-02115-20261006-164057.csv,2026-10-06 16:40:57.831,0.43401666666666666
2026-10-06 16:41:24.081,7.8679e-11,Torr,13.small_stm_port,spray,13.small_stm_port/MassSpecData-02115-20261006-164057.csv,2026-10-06 16:40:57.831,0.4375
2026-10-06 16:41:24.289,9.1426e-11,Torr,13.small_stm_port,spray,13.small_stm_port/MassSpecData-02115-20261006-164057.csv,2026-10-06 16:40:57.831,0.4409666666666666
2026-10-06 16:41:24.497,7.9997e-11,Torr,13.small_stm_port,spray,13.small_stm_port/MassSpecData-02115-20261006-164057.csv,2026-10-06 16:40:57.831,0.44443333333333335
2026-10-06 16:41:24.706,8.3403e-11,Torr,13.small_stm_port,spray,13.small_stm_port/MassSpecData-02115-20261006-164057.csv,2026-10-06 16:40:57.831,0.4479166666666667
2026-10-06 16:41:24.914,8.9864e-11,Torr,13.small_stm_port,spray,13.small_stm_port/MassSpecData-02115-20261006-164057.csv,2026-10-06 16:40:57.831,0.4513833333333333
2026-10-06 16:41:25.122,8.8463e-11,Torr,13.small_stm_port,spray,13.small_stm_port/MassSpecData-02115-20261006-164057.csv,2026-10-06 16:40:57.831,0.45485000000000003
2026-10-06 16:41:25.331,8.0679e-11,Torr,13.small_stm_port,spray,13.small_stm_port/MassSpecData-02115-20261006-164057.csv,2026-10-06 16:40:57.831,0.4583333333333333
2026-10-06 16:41:25.539,7.3859e-11,Torr,13.small_stm_port,spray,13.small_stm_port/MassSpecData-02115-20261006-164057.csv,2026-10-06 16:40:57.831,0.4618
2026-10-06 16:41:25.747,7.6474e-11,Torr,13.small_stm_port,spray,13.small_stm_port/MassSpecData-02115-20261006-164057.csv,2026-10-06 16:40:57.831,0.46526666666666666
2026-10-06 16:41:25.956,7.8176e-11,Torr,13.small_stm_port,spray,13.small_stm_port/MassSpecData-02115-20261006-164057.csv,2026-10-06 16:40:57.831,0.46875
2026-10-06 16:41:26.164,8.4258e-11,Torr,13.small_stm_port,spray,13.small_stm_port/MassSpecData-02115-20261006-164057.csv,2026-10-06 16:40:57.831,0.4722166666666666
2026-10-06 16:41:26.372,8.3206e-11,Torr,13.small_stm_port,spray,13.small_stm_port/MassSpecData-02115-20261006-164057.csv,2026-10-06 16:40:57.831,0.47568333333333335
2026-10-06 16:41:26.581,8.0409e-11,Torr,13.small_stm_port,spray,13.small_stm_port/MassSpecData-02115-20261006-164057.csv,2026-10-06 16:40:57.831,0.4791666666666667
2026-10-06 16:41:26.789,7.8193e-11,Torr,13.small_stm_port,spray,13.small_stm_port/MassSpecData-02115-20261006-164057.csv,2026-10-06 16:40:57.831,0.4826333333333333
2026-10-06 16:41:26.997,8.6451e-11,Torr,13.small_stm_port,spray,13.small_stm_port/MassSpecData-02115-20261006-164057.csv,2026-10-06 16:40:57.831,0.48610000000000003
2026-10-06 16:41:27.206,7.3787e-11,Torr,13.small_stm_port,spray,13.small_stm_port/MassSpecData-02115-20261006-164057.csv,2026-10-06 16:40:57.831,0.4895833333333333
2026-10-06 16:41:27.414,7.0269e-11,Torr,13.small_stm_port,spray,13.small_stm_port/MassSpecData-02115-20261006-164057.csv,2026-10-06 16:40:57.831,0.49305
2026-10-06 16:41:27.622,7.6962e-11,Torr,13.small_stm_port,spray,13.small_stm_port/MassSpecData-02115-20261006-164057.csv,2026-10-06 16:40:57.831,0.49651666666666666
2026-10-06 16:41:27.831,8.7742e-11,Torr,13.small_stm_port,spray,13.small_stm_port/MassSpecData-02115-20261006-164057.csv,2026-10-06 16:40:57.831,0.5
2026-10-06 16:41:28.039,8.5937e-11,Torr,13.small_stm_port,spray,13.small_stm_port/MassSpecData-02115-20261006-164057.csv,2026-10-06 16:40:57.831,0.5034666666666666
2026-10-06 16:41:28.247,6.4794e-11,Torr,13.small_stm_port,spray,13.small_stm_port/MassSpecData-02115-20261006-164057.csv,2026-10-06 16:40:57.831,0.5069333333333333
2026-10-06 16:41:28.456,6.745e-11,Torr,13.small_stm_port,spray,13.small_stm_port/MassSpecData-02115-20261006-164057.csv,2026-10-06 16:40:57.831,0.5104166666666666
2026-10-06 16:41:28.664,7.5592e-11,Torr,13.small_stm_port,spray,13.small_stm_port/MassSpecData-02115-20261006-164057.csv,2026-10-06 16:40:57.831,0.5138833333333334
2026-10-06 16:41:28.872,8.6412e-11,Torr,13.small_stm_port,spray,13.small_stm_port/MassSpecData-02115-20261006-164057.csv,2026-10-06 16:40:57.831,0.51735
2026-10-06 16:41:29.081,8.0955e-11,Torr,13.small_stm_port,spray,13.small_stm_port/MassSpecData-02115-20261006-164057.csv,2026-10-06 16:40:57.831,0.5208333333333334
2026-10-06 16:41:29.289,7.1567e-11,Torr,13.small_stm_port,spray,13.small_stm_port/MassSpecData-02115-20261006-164057.csv,2026-10-06 16:40:57.831,0.5243
2026-10-06 16:41:29.497,8.5251e-11,Torr,13.small_stm_port,spray,13.small_stm_port/MassSpecData-02115-20261006-164057.csv,2026-10-06 16:40:57.831,0.5277666666666667
2026-10-06 16:41:29.706,8.1665e-11,Torr,13.small_stm_port,spray,13.small_stm_port/MassSpecData-02115-20261006-164057.csv,2026-10-06 16:40:57.831,0.53125
2026-10-06 16:41:29.914,8.1956e-11,Torr,13.small_stm_port,spray,13.small_stm_port/MassSpecData-02115-20261006-164057.csv,2026-10-06 16:40:57.831,0.5347166666666666
2026-10-06 16:41:30.122,9.3793e-11,Torr,13.small_stm_port,spray,13.small_stm_port/MassSpecData-02115-20261006-164057.csv,2026-10-06 16:40:57.831,0.5381833333333332
2026-10-06 16:41:30.331,7.6026e-11,Torr,13.small_stm_port,spray,13.small_stm_port/MassSpecData-02115-20261006-164057.csv,2026-10-06 16:40:57.831,0.5416666666666666
2026-10-06 16:41:30.539,9.1428e-11,Torr,13.small_stm_port,spray,13.small_stm_port/MassSpecData-02115-20261006-164057.csv,2026-10-06 16:40:57.831,0.5451333333333334
2026-10-06 16:41:30.747,7.424e-11,Torr,13.small_stm_port,spray,13.small_stm_port/MassSpecData-02115-20261006-164057.csv,2026-10-06 16:40:57.831,0.5486
2026-10-06 16:41:30.956,8.2014e-11,Torr,13.small_stm_port,spray,13.small_stm_port/MassSpecData-02115-20261006-164057.csv,2026-10-06 16:40:57.831,0.5520833333333334
2026-10-06 16:41:31.164,9.0381e-11,Torr,13.small_stm_port,spray,13.small_stm_port/MassSpecData-02115-20261006-164057.csv,2026-10-06 16:40:57.831,0.55555
2026-10-06 16:41:31.372,1.0276e-10,Torr,13.small_stm_port,spray,13.small_stm_port/MassSpecData-02115-20261006-164057.csv,2026-10-06 16:40:57.831,0.5590166666666666
2026-10-06 16:41:31.581,8.1812e-11,Torr,13.small_stm_port,spray,13.small_stm_port/MassSpecData-02115-20261006-164057.csv,2026-10-06 16:40:57.831,0.5625
2026-10-06 16:41:31.789,7.2805e-11,Torr,13.small_stm_port,spray,13.small_stm_port/MassSpecData-02115-20261006-164057.csv,2026-10-06 16:40:57.831,0.5659666666666666
2026-10-06 16:41:31.997,9.2933e-11,Torr,13.small_stm_port,spray,13.small_stm_port/MassSpecData-02115-20261006-164057.csv,2026-10-06 16:40:57.831,0.5694333333333332
2026-10-06 16:41:32.206,7.8386e-11,Torr,13.small_stm_port,spray,13.small_stm_port/MassSpecData-02115-20261006-164057.csv,2026-10-06 16:40:57.831,0.5729166666666666
2026-10-06 16:41:32.414,9.414e-11,Torr,13.small_stm_port,spray,13.small_stm_port/MassSpecData-02115-20261006-164057.csv,2026-10-06 16:40:57.831,0.5763833333333334
2026-10-06 16:41:32.622,6.7056e-11,Torr,13.small_stm_port,spray,13.small_stm_port/MassSpecData-02115-20261006-164057.csv,2026-10-06 16:40:57.831,0.57985
2026-10-06 16:41:32.831,9.018e-11,Torr,13.small_stm_port,spray,13.small_stm_port/MassSpecData-02115-20261006-164057.csv,2026-10-06 16:40:57.831,0.5833333333333334
2026-10-06 16:41:33.039,8.0181e-11,Torr,13.small_stm_port,spray,13.small_stm_port/MassSpecData-02115-20261006-164057.csv,2026-10-06 16:40:57.831,0.5868
2026-10-06 16:41:33.247,8.5372e-11,Torr,13.small_stm_port,spray,13.small_stm_port/MassSpecData-02115-20261006-164057.csv,2026-10-06 16:40:57.831,0.5902666666666666
2026-10-06 16:41:33.456,8.3029e-11,Torr,13.small_stm_port,spray,13.small_stm_port/MassSpecData-02115-20261006-164057.csv,2026-10-06 16:40:57.831,0.59375
2026-10-06 16:41:33.664,9.1479e-11,Torr,13.small_stm_port,spray,13.small_stm_port/MassSpecData-02115-20261006-164057.csv,2026-10-06 16:40:57.831,0.5972166666666666
2026-10-06 16:41:33.872,7.9276e-11,Torr,13.small_stm_port,spray,13.small_stm_port/MassSpecData-02115-20261006-164057.csv,2026-10-06 16:40:57.831,0.6006833333333332
2026-10-06 16:41:34.081,8.4678e-11,Torr,13.small_stm_port,spray,13.small_stm_port/MassSpecData-02115-20261006-164057.csv,2026-10-06 16:40:57.831,0.6041666666666666
2026-10-06 16:41:34.289,7.5153e-11,Torr,13.small_stm_port,spray,13.small_stm_port/MassSpecData-02115-20261006-164057.csv,2026-10-06 16:40:57.831,0.6076333333333334
2026-10-06 16:41:34.497,7.7495e-11,Torr,13.small_stm_port,spray,13.small_stm_port/MassSpecData-02115-20261006-164057.csv,2026-10-06 16:40:57.831,0.6111
2026-10-06 16:41:34.706,9.003e-11,Torr,13.small_stm_port,spray,13.small_stm_port/MassSpecData-02115-20261006-164057.csv,2026-10-06 16:40:57.831,0.6145833333333334
2026-10-06 16:41:34.914,7.2285e-11,Torr,13.small_stm_port,spray,13.small_stm_port/MassSpecData-02115-20261006-164057.csv,2026-10-06 16:40:57.831,0.61805
2026-10-06 16:41:35.122,6.7875e-11,Torr,13.small_stm_port,spray,13.small_stm_port/MassSpecData-02115-20261006-164057.csv,2026-10-06 16:40:57.831,0.6215166666666666
2026-10-06 16:41:35.331,9.0747e-11,Torr,13.small_stm_port,spray,13.small_stm_port/MassSpecData-02115-20261006-164057.csv,2026-10-06 16:40:57.831,0.625
2026-10-06 16:41:35.539,8.5082e-11,Torr,13.small_stm_port,spray,13.small_stm_port/MassSpecData-02115-20261006-164057.csv,2026-10-06 16:40:57.831,0.6284666666666666
2026-10-06 16:41:35.748,8.2255e-11,Torr,13.small_stm_port,spray,13.small_stm_port/MassSpecData-02115-20261006-164057.csv,2026-10-06 16:40:57.831,0.63195
2026-10-06 16:41:35.956,8.6763e-11,Torr,13.small_stm_port,spray,13.small_stm_port/MassSpecData-02115-20261006-164057.csv,2026-10-06 16:40:57.831,0.6354166666666666
2026-10-06 16:41:36.164,7.0474e-11,Torr,13.small_stm_port,spray,13.small_stm_port/MassSpecData-02115-20261006-164057.csv,2026-10-06 16:40:57.831,0.6388833333333334
2026-10-06 16:41:36.373,9.1699e-11,Torr,13.small_stm_port,spray,13.small_stm_port/MassSpecData-02115-20261006-164057.csv,2026-10-06 16:40:57.831,0.6423666666666666
2026-10-06 16:41:36.581,9.021e-11,Torr,13.small_stm_port,spray,13.small_stm_port/MassSpecData-02115-20261006-164057.csv,2026-10-06 16:40:57.831,0.6458333333333334
2026-10-06 16:41:36.789,9.6697e-11,Torr,13.small_stm_port,spray,13.small_stm_port/MassSpecData-02115-20261006-164057.csv,2026-10-06 16:40:57.831,0.6493
2026-10-06 16:41:36.998,8.6427e-11,Torr,13.small_stm_port,spray,13.small_stm_port/MassSpecData-02115-20261006-164057.csv,2026-10-06 16:40:57.831,0.6527833333333334
2026-10-06 16:41:37.206,9.4217e-11,Torr,13.small_stm_port,spray,13.small_stm_port/MassSpecData-02115-20261006-164057.csv,2026-10-06 16:40:57.831,0.65625
2026-10-06 16:41:37.414,9.8052e-11,Torr,13.small_stm_port,spray,13.small_stm_port/MassSpecData-02115-20261006-164057.csv,2026-10-06 16:40:57.831,0.6597166666666666
2026-10-06 16:41:37.623,7.9473e-11,Torr,13.small_stm_port,spray,13.small_stm_port/MassSpecData-02115-20261006-164057.csv,2026-10-06 16:40:57.831,0.6632
2026-10-06 16:41:37.831,7.7382e-11,Torr,13.small_stm_port,spray,13.small_stm_port/MassSpecData-02115-20261006-164057.csv,2026-10-06 16:40:57.831,0.6666666666666666
2026-10-06 16:41:38.039,8.5768e-11,Torr,13.small_stm_port,spray,13.small_stm_port/MassSpecData-02115-20261006-164057.csv,2026-10-06 16:40:57.831,0.6701333333333334
2026-10-06 16:41:38.248,8.9704e-11,Torr,13.small_stm_port,spray,13.small_stm_port/MassSpecData-02115-20261006-164057.csv,2026-10-06 16:40:57.831,0.6736166666666666
2026-10-06 16:41:38.456,9.552e-11,Torr,13.small_stm_port,spray,13.small_stm_port/MassSpecData-02115-20261006-164057.csv,2026-10-06 16:40:57.831,0.6770833333333334
2026-10-06 16:41:38.664,9.2422e-11,Torr,13.small_stm_port,spray,13.small_stm_port/MassSpecData-02115-20261006-164057.csv,2026-10-06 16:40:57.831,0.68055
2026-10-06 16:41:38.873,7.9239e-11,Torr,13.small_stm_port,spray,13.small_stm_port/MassSpecData-02115-20261006-164057.csv,2026-10-06 16:40:57.831,0.6840333333333334
2026-10-06 16:41:39.081,7.5427e-11,Torr,13.small_stm_port,spray,13.small_stm_port/MassSpecData-02115-20261006-164057.csv,2026-10-06 16:40:57.831,0.6875
2026-10-06 16:41:39.289,7.6769e-11,Torr,13.small_stm_port,spray,13.small_stm_port/MassSpecData-02115-20261006-164057.csv,2026-10-06 16:40:57.831,0.6909666666666666
2026-10-06 16:41:39.629,8.1883e-11,Torr,13.small_stm_port,spray,13.small_stm_port/MassSpecData-02115-20261006-164139.csv,2026-10-06 16:40:57.831,0.6966333333333333
2026-10-06 16:41:39.837,7.3806e-11,Torr,13.small_stm_port,spray,13.small_stm_port/MassSpecData-02115-20261006-164139.csv,2026-10-06 16:40:57.831,0.7001000000000001
2026-10-06 16:41:40.046,8.4032e-11,Torr,13.small_stm_port,spray,13.small_stm_port/MassSpecData-02115-20261006-164139.csv,2026-10-06 16:40:57.831,0.7035833333333333
2026-10-06 16:41:40.254,6.7826e-11,Torr,13.small_stm_port,spray,13.small_stm_port/MassSpecData-02115-20261006-164139.csv,2026-10-06 16:40:57.831,0.7070500000000001
2026-10-06 16:41:40.462,9.37e-11,Torr,13.small_stm_port,spray,13.small_stm_port/MassSpecData-02115-20261006-164139.csv,2026-10-06 16:40:57.831,0.7105166666666667
2026-10-06 16:41:40.671,7.3003e-11,Torr,13.small_stm_port,spray,13.small_stm_port/MassSpecData-02115-20261006-164139.csv,2026-10-06 16:40:57.831,0.7140000000000001
2026-10-06 16:41:40.879,7.2725e-11,Torr,13.small_stm_port,spray,13.small_stm_port/MassSpecData-02115-20261006-164139.csv,2026-10-06 16:40:57.831,0.7174666666666667
2026-10-06 16:41:41.087,8.6135e-11,Torr,13.small_stm_port,spray,13.small_stm_port/MassSpecData-02115-20261006-164139.csv,2026-10-06 16:40:57.831,0.7209333333333333
2026-10-06 16:41:41.295,7.6715e-11,Torr,13.small_stm_port,spray,13.small_stm_port/MassSpecData-02115-20261006-164139.csv,2026-10-06 16:40:57.831,0.7243999999999999
2026-10-06 16:41:41.504,7.795e-11,Torr,13.small_stm_port,spray,13.small_stm_port/MassSpecData-02115-20261006-164139.csv,2026-10-06 16:40:57.831,0.7278833333333333
2026-10-06 16:41:41.712,8.4661e-11,Torr,13.small_stm_port,spray,13.small_stm_port/MassSpecData-02115-20261006-164139.csv,2026-10-06 16:40:57.831,0.7313500000000001
2026-10-06 16:41:41.921,8.0419e-11,Torr,13.small_stm_port,spray,13.small_stm_port/MassSpecData-02115-20261006-164139.csv,2026-10-06 16:40:57.831,0.7348333333333333
2026-10-06 16:41:42.129,7.8314e-11,Torr,13.small_stm_port,spray,13.small_stm_port/MassSpecData-02115-20261006-164139.csv,2026-10-06 16:40:57.831,0.7383000000000001
2026-10-06 16:41:42.337,7.8795e-11,Torr,13.small_stm_port,spray,13.small_stm_port/MassSpecData-02115-20261006-164139.csv,2026-10-06 16:40:57.831,0.7417666666666667
2026-10-06 16:41:42.546,8.2474e-11,Torr,13.small_stm_port,spray,13.small_stm_port/MassSpecData-02115-20261006-164139.csv,2026-10-06 16:40:57.831,0.7452500000000001
2026-10-06 16:41:42.754,8.1379e-11,Torr,13.small_stm_port,spray,13.small_stm_port/MassSpecData-02115-20261006-164139.csv,2026-10-06 16:40:57.831,0.7487166666666667
2026-10-06 16:41:42.962,8.0349e-11,Torr,13.small_stm_port,spray,13.small_stm_port/MassSpecData-02115-20261006-164139.csv,2026-10-06 16:40:57.831,0.7521833333333333
2026-10-06 16:41:43.171,7.6907e-11,Torr,13.small_stm_port,spray,13.small_stm_port/MassSpecData-02115-20261006-164139.csv,2026-10-06 16:40:57.831,0.7556666666666667
2026-10-06 16:41:43.379,7.9708e-11,Torr,13.small_stm_port,spray,13.small_stm_port/MassSpecData-02115-20261006-164139.csv,2026-10-06 16:40:57.831,0.7591333333333333
2026-10-06 16:41:43.587,1.0906e-10,Torr,13.small_stm_port,spray,13.small_stm_port/MassSpecData-02115-20261006-164139.csv,2026-10-06 16:40:57.831,0.7626000000000001
2026-10-06 16:41:43.796,7.3898e-11,Torr,13.small_stm_port,spray,13.small_stm_port/MassSpecData-02115-20261006-164139.csv,2026-10-06 16:40:57.831,0.7660833333333333
2026-10-06 16:41:44.004,8.2075e-11,Torr,13.small_stm_port,spray,13.small_stm_port/MassSpecData-02115-20261006-164139.csv,2026-10-06 16:40:57.831,0.7695500000000001
2026-10-06 16:41:44.212,6.6365e-11,Torr,13.small_stm_port,spray,13.small_stm_port/MassSpecData-02115-20261006-164139.csv,2026-10-06 16:40:57.831,0.7730166666666667
2026-10-06 16:41:44.421,7.4784e-11,Torr,13.small_stm_port,spray,13.small_stm_port/MassSpecData-02115-20261006-164139.csv,2026-10-06 16:40:57.831,0.7765000000000001
2026-10-06 16:41:44.629,7.4029e-11,Torr,13.small_stm_port,spray,13.small_stm_port/MassSpecData-02115-20261006-164139.csv,2026-10-06 16:40:57.831,0.7799666666666667
2026-10-06 16:41:44.837,8.2891e-11,Torr,13.small_stm_port,spray,13.small_stm_port/MassSpecData-02115-20261006-164139.csv,2026-10-06 16:40:57.831,0.7834333333333333
2026-10-06 16:41:45.045,8.4748e-11,Torr,13.small_stm_port,spray,13.small_stm_port/MassSpecData-02115-20261006-164139.csv,2026-10-06 16:40:57.831,0.7868999999999999
2026-10-06 16:41:45.254,7.7558e-11,Torr,13.small_stm_port,spray,13.small_stm_port/MassSpecData-02115-20261006-164139.csv,2026-10-06 16:40:57.831,0.7903833333333333
2026-10-06 16:41:45.462,8.0254e-11,Torr,13.small_stm_port,spray,13.small_stm_port/MassSpecData-02115-20261006-164139.csv,2026-10-06 16:40:57.831,0.7938500000000001
2026-10-06 16:41:45.670,8.142e-11,Torr,13.small_stm_port,spray,13.small_stm_port/MassSpecData-02115-20261006-164139.csv,2026-10-06 16:40:57.831,0.7973166666666667
2026-10-06 16:41:45.879,8.3487e-11,Torr,13.small_stm_port,spray,13.small_stm_port/MassSpecData-02115-20261006-164139.csv,2026-10-06 16:40:57.831,0.8008000000000001
2026-10-06 16:41:46.087,6.6533e-11,Torr,13.small_stm_port,spray,13.small_stm_port/MassSpecData-02115-20261006-164139.csv,2026-10-06 16:40:57.831,0.8042666666666667
2026-10-06 16:41:46.295,9.9037e-11,Torr,13.small_stm_port,spray,13.small_stm_port/MassSpecData-02115-20261006-164139.csv,2026-10-06 16:40:57.831,0.8077333333333333
2026-10-06 16:41:46.504,7.5107e-11,Torr,13.small_stm_port,spray,13.small_stm_port/MassSpecData-02115-20261006-164139.csv,2026-10-06 16:40:57.831,0.8112166666666667
2026-10-06 16:41:46.712,8.5986e-11,Torr,13.small_stm_port,spray,13.small_stm_port/MassSpecData-02115-20261006-164139.csv,2026-10-06 16:40:57.831,0.8146833333333333
2026-10-06 16:41:46.920,7.6461e-11,Torr,13.small_stm_port,spray,13.small_stm_port/MassSpecData-02115-20261006-164139.csv,2026-10-06 16:40:57.831,0.8181499999999999
2026-10-06 16:41:47.129,7.7286e-11,Torr,13.small_stm_port,spray,13.small_stm_port/MassSpecData-02115-20261006-164139.csv,2026-10-06 16:40:57.831,0.8216333333333333
2026-10-06 16:41:47.337,8.0166e-11,Torr,13.small_stm_port,spray,13.small_stm_port/MassSpecData-02115-20261006-164139.csv,2026-10-06 16:40:57.831,0.8251000000000001
2026-10-06 16:41:47.545,8.435e-11,Torr,13.small_stm_port,spray,13.small_stm_port/MassSpecData-02115-20261006-164139.csv,2026-10-06 16:40:57.831,0.8285666666666667
2026-10-06 16:41:47.754,7.4318e-11,Torr,13.small_stm_port,spray,13.small_stm_port/MassSpecData-02115-20261006-164139.csv,2026-10-06 16:40:57.831,0.8320500000000001
2026-10-06 16:41:47.962,9.0043e-11,Torr,13.small_stm_port,spray,13.small_stm_port/MassSpecData-02115-20261006-164139.csv,2026-10-06 16:40:57.831,0.8355166666666667
2026-10-06 16:41:48.170,7.6266e-11,Torr,13.small_stm_port,spray,13.small_stm_port/MassSpecData-02115-20261006-164139.csv,2026-10-06 16:40:57.831,0.8389833333333333
2026-10-06 16:41:48.379,6.9394e-11,Torr,13.small_stm_port,spray,13.small_stm_port/MassSpecData-02115-20261006-164139.csv,2026-10-06 16:40:57.831,0.8424666666666667
2026-10-06 16:41:48.587,8.8843e-11,Torr,13.small_stm_port,spray,13.small_stm_port/MassSpecData-02115-20261006-164139.csv,2026-10-06 16:40:57.831,0.8459333333333333
2026-10-06 16:41:48.796,8.3661e-11,Torr,13.small_stm_port,spray,13.small_stm_port/MassSpecData-02115-20261006-164139.csv,2026-10-06 16:40:57.831,0.8494166666666667
2026-10-06 16:41:49.004,9.1872e-11,Torr,13.small_stm_port,spray,13.small_stm_port/MassSpecData-02115-20261006-164139.csv,2026-10-06 16:40:57.831,0.8528833333333333
2026-10-06 16:41:49.212,9.0412e-11,Torr,13.small_stm_port,spray,13.small_stm_port/MassSpecData-02115-20261006-164139.csv,2026-10-06 16:40:57.831,0.8563500000000001
2026-10-06 16:41:49.421,8.2407e-11,Torr,13.small_stm_port,spray,13.small_stm_port/MassSpecData-02115-20261006-164139.csv,2026-10-06 16:40:57.831,0.8598333333333333
2026-10-06 16:41:49.629,8.9735e-11,Torr,13.small_stm_port,spray,13.small_stm_port/MassSpecData-02115-20261006-164139.csv,2026-10-06 16:40:57.831,0.8633000000000001
2026-10-06 16:41:49.837,8.0939e-11,Torr,13.small_stm_port,spray,13.small_stm_port/MassSpecData-02115-20261006-164139.csv,2026-10-06 16:40:57.831,0.8667666666666667
2026-10-06 16:41:50.046,8.7898e-11,Torr,13.small_stm_port,spray,13.small_stm_port/MassSpecData-02115-20261006-164139.csv,2026-10-06 16:40:57.831,0.8702500000000001
2026-10-06 16:41:50.254,8.6528e-11,Torr,13.small_stm_port,spray,13.small_stm_port/MassSpecData-02115-20261006-164139.csv,2026-10-06 16:40:57.831,0.8737166666666667
2026-10-06 16:41:50.462,7.9207e-11,Torr,13.small_stm_port,spray,13.small_stm_port/MassSpecData-02115-20261006-164139.csv,2026-10-06 16:40:57.831,0.8771833333333333
2026-10-06 16:41:50.671,9.2335e-11,Torr,13.small_stm_port,spray,13.small_stm_port/MassSpecData-02115-20261006-164139.csv,2026-10-06 16:40:57.831,0.8806666666666667
2026-10-06 16:41:50.879,8.8714e-11,Torr,13.small_stm_port,spray,13.small_stm_port/MassSpecData-02115-20261006-164139.csv,2026-10-06 16:40:57.831,0.8841333333333333
2026-10-06 16:41:51.087,8.4651e-11,Torr,13.small_stm_port,spray,13.small_stm_port/MassSpecData-02115-20261006-164139.csv,2026-10-06 16:40:57.831,0.8876000000000001
2026-10-06 16:41:51.296,9.4327e-11,Torr,13.small_stm_port,spray,13.small_stm_port/MassSpecData-02115-20261006-164139.csv,2026-10-06 16:40:57.831,0.8910833333333333
2026-10-06 16:41:51.504,6.5552e-11,Torr,13.small_stm_port,spray,13.small_stm_port/MassSpecData-02115-20261006-164139.csv,2026-10-06 16:40:57.831,0.8945500000000001
2026-10-06 16:41:51.712,7.5002e-11,Torr,13.small_stm_port,spray,13.small_stm_port/MassSpecData-02115-20261006-164139.csv,2026-10-06 16:40:57.831,0.8980166666666667
2026-10-06 16:41:51.921,8.0652e-11,Torr,13.small_stm_port,spray,13.small_stm_port/MassSpecData-02115-20261006-164139.csv,2026-10-06 16:40:57.831,0.9015000000000001
2026-10-06 16:41:52.129,8.116e-11,Torr,13.small_stm_port,spray,13.small_stm_port/MassSpecData-02115-20261006-164139.csv,2026-10-06 16:40:57.831,0.9049666666666667
2026-10-06 16:41:52.337,7.7731e-11,Torr,13.small_stm_port,spray,13.small_stm_port/MassSpecData-02115-20261006-164139.csv,2026-10-06 16:40:57.831,0.9084333333333333
2026-10-06 16:41:52.546,9.6905e-11,Torr,13.small_stm_port,spray,13.small_stm_port/MassSpecData-02115-20261006-164139.csv,2026-10-06 16:40:57.831,0.9119166666666667
2026-10-06 16:41:52.754,8.7514e-11,Torr,13.small_stm_port,spray,13.small_stm_port/MassSpecData-02115-20261006-164139.csv,2026-10-06 16:40:57.831,0.9153833333333333
2026-10-06 16:41:52.962,7.8011e-11,Torr,13.small_stm_port,spray,13.small_stm_port/MassSpecData-02115-20261006-164139.csv,2026-10-06 16:40:57.831,0.9188500000000001
2026-10-06 16:41:53.171,7.5787e-11,Torr,13.small_stm_port,spray,13.small_stm_port/MassSpecData-02115-20261006-164139.csv,2026-10-06 16:40:57.831,0.9223333333333333
2026-10-06 16:41:53.379,7.8427e-11,Torr,13.small_stm_port,spray,13.small_stm_port/MassSpecData-02115-20261006-164139.csv,2026-10-06 16:40:57.831,0.9258000000000001
2026-10-06 16:41:53.587,6.9335e-11,Torr,13.small_stm_port,spray,13.small_stm_port/MassSpecData-02115-20261006-164139.csv,2026-10-06 16:40:57.831,0.9292666666666667
2026-10-06 16:41:53.796,8.8562e-11,Torr,13.small_stm_port,spray,13.small_stm_port/MassSpecData-02115-20261006-164139.csv,2026-10-06 16:40:57.831,0.9327500000000001
2026-10-06 16:41:54.004,8.9079e-11,Torr,13.small_stm_port,spray,13.small_stm_port/MassSpecData-02115-20261006-164139.csv,2026-10-06 16:40:57.831,0.9362166666666667
2026-10-06 16:41:54.212,9.0795e-11,Torr,13.small_stm_port,spray,13.small_stm_port/MassSpecData-02115-20261006-164139.csv,2026-10-06 16:40:57.831,0.9396833333333333
2026-10-06 16:41:54.421,7.5947e-11,Torr,13.small_stm_port,spray,13.small_stm_port/MassSpecData-02115-20261006-164139.csv,2026-10-06 16:40:57.831,0.9431666666666667
2026-10-06 16:41:54.629,8.2918e-11,Torr,13.small_stm_port,spray,13.small_stm_port/MassSpecData-02115-20261006-164139.csv,2026-10-06 16:40:57.831,0.9466333333333333
2026-10-06 16:41:54.837,6.4049e-11,Torr,13.small_stm_port,spray,13.small_stm_port/MassSpecData-02115-20261006-164139.csv,2026-10-06 16:40:57.831,0.9501000000000001
2026-10-06 16:41:55.046,7.2644e-11,Torr,13.small_stm_port,spray,13.small_stm_port/MassSpecData-02115-20261006-164139.csv,2026-10-06 16:40:57.831,0.9535833333333333
2026-10-06 16:41:55.254,8.4579e-11,Torr,13.small_stm_port,spray,13.small_stm_port/MassSpecData-02115-20261006-164139.csv,2026-10-06 16:40:57.831,0.9570500000000001
2026-10-06 16:41:55.462,7.8152e-11,Torr,13.small_stm_port,spray,13.small_stm_port/MassSpecData-02115-20261006-164139.csv,2026-10-06 16:40:57.831,0.9605166666666667
2026-10-06 16:41:55.671,7.3646e-11,Torr,13.small_stm_port,spray,13.small_stm_port/MassSpecData-02115-20261006-164139.csv,2026-10-06 16:40:57.831,0.9640000000000001
2026-10-06 16:41:55.879,9.6309e-11,Torr,13.small_stm_port,spray,13.small_stm_port/MassSpecData-02115-20261006-164139.csv,2026-10-06 16:40:57.831,0.9674666666666667
2026-10-06 16:41:56.087,7.4119e-11,Torr,13.small_stm_port,spray,13.small_stm_port/MassSpecData-02115-20261006-164139.csv,2026-10-06 16:40:57.831,0.9709333333333333
2026-10-06 16:41:56.296,8.3221e-11,Torr,13.small_stm_port,spray,13.small_stm_port/MassSpecData-02115-20261006-164139.csv,2026-10-06 16:40:57.831,0.9744166666666667
2026-10-06 16:41:56.504,9.1883e-11,Torr,13.small_stm_port,spray,13.small_stm_port/MassSpecData-02115-20261006-164139.csv,2026-10-06 16:40:57.831,0.9778833333333333
2026-10-06 16:41:56.712,7.5312e-11,Torr,13.small_stm_port,spray,13.small_stm_port/MassSpecData-02115-20261006-164139.csv,2026-10-06 16:40:57.831,0.9813500000000001
2026-10-06 16:41:56.921,7.4971e-11,Torr,13.small_stm_port,spray,13.small_stm_port/MassSpecData-02115-20261006-164139.csv,2026-10-06 16:40:57.831,0.9848333333333333
2026-10-06 16:41:57.129,8.5149e-11,Torr,13.small_stm_port,spray,13.small_stm_port/MassSpecData-02115-20261006-164139.csv,2026-10-06 16:40:57.831,0.9883000000000001
2026-10-06 16:41:57.337,7.7622e-11,Torr,13.small_stm_port,spray,13.small_stm_port/MassSpecData-02115-20261006-164139.csv,2026-10-06 16:40:57.831,0.9917666666666667
2026-10-06 16:41:57.546,8.2549e-11,Torr,13.small_stm_port,spray,13.small_stm_port/MassSpecData-02115-20261006-164139.csv,2026-10-06 16:40:57.831,0.9952500000000001
2026-10-06 16:41:57.754,8.8317e-11,Torr,13.small_stm_port,spray,13.small_stm_port/MassSpecData-02115-20261006-164139.csv,2026-10-06 16:40:57.831,0.9987166666666667
2026-10-06 16:41:57.962,8.1953e-11,Torr,13.small_stm_port,spray,13.small_stm_port/MassSpecData-02115-20261006-164139.csv,2026-10-06 16:40:57.831,1.0021833333333334
2026-10-06 16:41:58.171,8.7538e-11,Torr,13.small_stm_port,spray,13.small_stm_port/MassSpecData-02115-20261006-164139.csv,2026-10-06 16:40:57.831,1.0056666666666667
2026-10-06 16:41:58.379,8.6166e-11,Torr,13.small_stm_port,spray,13.small_stm_port/MassSpecData-02115-20261006-164139.csv,2026-10-06 16:40:57.831,1.0091333333333334
2026-10-06 16:41:58.587,1.0353e-10,Torr,13.small_stm_port,spray,13.small_stm_port/MassSpecData-02115-20261006-164139.csv,2026-10-06 16:40:57.831,1.0126
2026-10-06 16:41:58.796,9.2106e-11,Torr,13.small_stm_port,spray,13.small_stm_port/MassSpecData-02115-20261006-164139.csv,2026-10-06 16:40:57.831,1.0160833333333334
2026-10-06 16:41:59.004,8.3376e-11,Torr,13.small_stm_port,spray,13.small_stm_port/MassSpecData-02115-20261006-164139.csv,2026-10-06 16:40:57.831,1.01955
2026-10-06 16:41:59.212,8.6712e-11,Torr,13.small_stm_port,spray,13.small_stm_port/MassSpecData-02115-20261006-164139.csv,2026-10-06 16:40:57.831,1.0230166666666667
2026-10-06 16:41:59.420,8.7994e-11,Torr,13.small_stm_port,spray,13.small_stm_port/MassSpecData-02115-20261006-164139.csv,2026-10-06 16:40:57.831,1.0264833333333334
2026-10-06 16:41:59.629,8.2605e-11,Torr,13.small_stm_port,spray,13.small_stm_port/MassSpecData-02115-20261006-164139.csv,2026-10-06 16:40:57.831,1.0299666666666667
2026-10-06 16:41:59.837,9.3117e-11,Torr,13.small_stm_port,spray,13.small_stm_port/MassSpecData-02115-20261006-164139.csv,2026-10-06 16:40:57.831,1.0334333333333334
2026-10-06 16:42:00.045,7.6843e-11,Torr,13.small_stm_port,spray,13.small_stm_port/MassSpecData-02115-20261006-164139.csv,2026-10-06 16:40:57.831,1.0369
2026-10-06 16:42:00.254,8.0151e-11,Torr,13.small_stm_port,spray,13.small_stm_port/MassSpecData-02115-20261006-164139.csv,2026-10-06 16:40:57.831,1.0403833333333334
2026-10-06 16:42:00.462,7.8422e-11,Torr,13.small_stm_port,spray,13.small_stm_port/MassSpecData-02115-20261006-164139.csv,2026-10-06 16:40:57.831,1.04385
2026-10-06 16:42:00.670,7.2422e-11,Torr,13.small_stm_port,spray,13.small_stm_port/MassSpecData-02115-20261006-164139.csv,2026-10-06 16:40:57.831,1.0473166666666667
2026-10-06 16:42:00.879,8.1062e-11,Torr,13.small_stm_port,spray,13.small_stm_port/MassSpecData-02115-20261006-164139.csv,2026-10-06 16:40:57.831,1.0508
2026-10-06 16:42:01.087,8.0354e-11,Torr,13.small_stm_port,spray,13.small_stm_port/MassSpecData-02115-20261006-164139.csv,2026-10-06 16:40:57.831,1.0542666666666667
2026-10-06 16:42:01.295,8.4623e-11,Torr,13.small_stm_port,spray,13.small_stm_port/MassSpecData-02115-20261006-164139.csv,2026-10-06 16:40:57.831,1.0577333333333334
2026-10-06 16:42:01.504,8.2591e-11,Torr,13.small_stm_port,spray,13.small_stm_port/MassSpecData-02115-20261006-164139.csv,2026-10-06 16:40:57.831,1.0612166666666667
2026-10-06 16:42:01.712,8.1537e-11,Torr,13.small_stm_port,spray,13.small_stm_port/MassSpecData-02115-20261006-164139.csv,2026-10-06 16:40:57.831,1.0646833333333334
2026-10-06 16:42:01.920,8.9925e-11,Torr,13.small_stm_port,spray,13.small_stm_port/MassSpecData-02115-20261006-164139.csv,2026-10-06 16:40:57.831,1.06815
2026-10-06 16:42:02.129,8.5316e-11,Torr,13.small_stm_port,spray,13.small_stm_port/MassSpecData-02115-20261006-164139.csv,2026-10-06 16:40:57.831,1.0716333333333334
2026-10-06 16:42:02.337,8.1229e-11,Torr,13.small_stm_port,spray,13.small_stm_port/MassSpecData-02115-20261006-164139.csv,2026-10-06 16:40:57.831,1.0751
2026-10-06 16:42:02.545,8.6704e-11,Torr,13.small_stm_port,spray,13.small_stm_port/MassSpecData-02115-20261006-164139.csv,2026-10-06 16:40:57.831,1.0785666666666667
2026-10-06 16:42:02.754,8.4052e-11,Torr,13.small_stm_port,spray,13.small_stm_port/MassSpecData-02115-20261006-164139.csv,2026-10-06 16:40:57.831,1.08205
2026-10-06 16:42:02.962,9.1821e-11,Torr,13.small_stm_port,spray,13.small_stm_port/MassSpecData-02115-20261006-164139.csv,2026-10-06 16:40:57.831,1.0855166666666667
2026-10-06 16:42:03.170,7.878e-11,Torr,13.small_stm_port,spray,13.small_stm_port/MassSpecData-02115-20261006-164139.csv,2026-10-06 16:40:57.831,1.0889833333333334
2026-10-06 16:42:03.379,7.3738e-11,Torr,13.small_stm_port,spray,13.small_stm_port/MassSpecData-02115-20261006-164139.csv,2026-10-06 16:40:57.831,1.0924666666666667
2026-10-06 16:42:03.587,6.8867e-11,Torr,13.small_stm_port,spray,13.small_stm_port/MassSpecData-02115-20261006-164139.csv,2026-10-06 16:40:57.831,1.0959333333333334
2026-10-06 16:42:03.795,9.4997e-11,Torr,13.small_stm_port,spray,13.small_stm_port/MassSpecData-02115-20261006-164139.csv,2026-10-06 16:40:57.831,1.0994
2026-10-06 16:42:04.004,8.3788e-11,Torr,13.small_stm_port,spray,13.small_stm_port/MassSpecData-02115-20261006-164139.csv,2026-10-06 16:40:57.831,1.1028833333333334
2026-10-06 16:42:04.212,8.3011e-11,Torr,13.small_stm_port,spray,13.small_stm_port/MassSpecData-02115-20261006-164139.csv,2026-10-06 16:40:57.831,1.10635
2026-10-06 16:42:04.420,7.8482e-11,Torr,13.small_stm_port,spray,13.small_stm_port/MassSpecData-02115-20261006-164139.csv,2026-10-06 16:40:57.831,1.1098166666666667
2026-10-06 16:42:04.629,8.2124e-11,Torr,13.small_stm_port,spray,13.small_stm_port/MassSpecData-02115-20261006-164139.csv,2026-10-06 16:40:57.831,1.1133
2026-10-06 16:42:04.837,6.5396e-11,Torr,13.small_stm_port,spray,13.small_stm_port/MassSpecData-02115-20261006-164139.csv,2026-10-06 16:40:57.831,1.1167666666666667
2026-10-06 16:42:05.045,8.2343e-11,Torr,13.small_stm_port,spray,13.small_stm_port/MassSpecData-02115-20261006-164139.csv,2026-10-06 16:40:57.831,1.1202333333333334
2026-10-06 16:42:05.254,9.3604e-11,Torr,13.small_stm_port,spray,13.small_stm_port/MassSpecData-02115-20261006-164139.csv,2026-10-06 16:40:57.831,1.1237166666666667
2026-10-06 16:42:05.462,7.4052e-11,Torr,13.small_stm_port,spray,13.small_stm_port/MassSpecData-02115-20261006-164139.csv,2026-10-06 16:40:57.831,1.1271833333333334
2026-10-06 16:42:05.670,8.3006e-11,Torr,13.small_stm_port,spray,13.small_stm_port/MassSpecData-02115-20261006-164139.csv,2026-10-06 16:40:57.831,1.13065
2026-10-06 16:42:05.879,8.3546e-11,Torr,13.small_stm_port,spray,13.small_stm_port/MassSpecData-02115-20261006-164139.csv,2026-10-06 16:40:57.831,1.1341333333333334
2026-10-06 16:42:06.087,8.4037e-11,Torr,13.small_stm_port,spray,13.small_stm_port/MassSpecData-02115-20261006-164139.csv,2026-10-06 16:40:57.831,1.1376
2026-10-06 16:42:06.295,8.2114e-11,Torr,13.small_stm_port,spray,13.small_stm_port/MassSpecData-02115-20261006-164139.csv,2026-10-06 16:40:57.831,1.1410666666666667
2026-10-06 16:42:06.504,7.7016e-11,Torr,13.small_stm_port,spray,13.small_stm_port/MassSpecData-02115-20261006-164139.csv,2026-10-06 16:40:57.831,1.14455
2026-10-06 16:42:06.712,8.1025e-11,Torr,13.small_stm_port,spray,13.small_stm_port/MassSpecData-02115-20261006-164139.csv,2026-10-06 16:40:57.831,1.1480166666666667
2026-10-06 16:42:06.920,8.241e-11,Torr,13.small_stm_port,spray,13.small_stm_port/MassSpecData-02115-20261006-164139.csv,2026-10-06 16:40:57.831,1.1514833333333334
2026-10-06 16:42:07.129,8.9814e-11,Torr,13.small_stm_port,spray,13.small_stm_port/MassSpecData-02115-20261006-164139.csv,2026-10-06 16:40:57.831,1.1549666666666667
2026-10-06 16:42:07.337,9.7418e-11,Torr,13.small_stm_port,spray,13.small_stm_port/MassSpecData-02115-20261006-164139.csv,2026-10-06 16:40:57.831,1.1584333333333334
2026-10-06 16:42:07.545,7.6837e-11,Torr,13.small_stm_port,spray,13.small_stm_port/MassSpecData-02115-20261006-164139.csv,2026-10-06 16:40:57.831,1.1619
2026-10-06 16:42:07.754,7.4772e-11,Torr,13.small_stm_port,spray,13.small_stm_port/MassSpecData-02115-20261006-164139.csv,2026-10-06 16:40:57.831,1.1653833333333334
2026-10-06 16:42:07.962,8.6565e-11,Torr,13.small_stm_port,spray,13.small_stm_port/MassSpecData-02115-20261006-164139.csv,2026-10-06 16:40:57.831,1.16885
2026-10-06 16:42:08.170,8.439e-11,Torr,13.small_stm_port,spray,13.small_stm_port/MassSpecData-02115-20261006-164139.csv,2026-10-06 16:40:57.831,1.1723166666666667
2026-10-06 16:42:08.379,9.3337e-11,Torr,13.small_stm_port,spray,13.small_stm_port/MassSpecData-02115-20261006-164139.csv,2026-10-06 16:40:57.831,1.1758
2026-10-06 16:42:08.587,9.2783e-11,Torr,13.small_stm_port,spray,13.small_stm_port/MassSpecData-02115-20261006-164139.csv,2026-10-06 16:40:57.831,1.1792666666666667
2026-10-06 16:42:08.795,8.0164e-11,Torr,13.small_stm_port,spray,13.small_stm_port/MassSpecData-02115-20261006-164139.csv,2026-10-06 16:40:57.831,1.1827333333333334
2026-10-06 16:42:09.004,7.9837e-11,Torr,13.small_stm_port,spray,13.small_stm_port/MassSpecData-02115-20261006-164139.csv,2026-10-06 16:40:57.831,1.1862166666666667
2026-10-06 16:42:09.212,7.7231e-11,Torr,13.small_stm_port,spray,13.small_stm_port/MassSpecData-02115-20261006-164139.csv,2026-10-06 16:40:57.831,1.1896833333333334
2026-10-06 16:42:09.420,8.926e-11,Torr,13.small_stm_port,spray,13.small_stm_port/MassSpecData-02115-20261006-164139.csv,2026-10-06 16:40:57.831,1.19315
2026-10-06 16:42:09.629,7.9624e-11,Torr,13.small_stm_port,spray,13.small_stm_port/MassSpecData-02115-20261006-164139.csv,2026-10-06 16:40:57.831,1.1966333333333334
2026-10-06 16:42:09.837,8.3655e-11,Torr,13.small_stm_port,spray,13.small_stm_port/MassSpecData-02115-20261006-164139.csv,2026-10-06 16:40:57.831,1.2001
2026-10-06 16:42:10.045,8.6348e-11,Torr,13.small_stm_port,spray,13.small_stm_port/MassSpecData-02115-20261006-164139.csv,2026-10-06 16:40:57.831,1.2035666666666667
2026-10-06 16:42:10.254,7.3342e-11,Torr,13.small_stm_port,spray,13.small_stm_port/MassSpecData-02115-20261006-164139.csv,2026-10-06 16:40:57.831,1.20705
2026-10-06 16:42:10.462,9.426e-11,Torr,13.small_stm_port,spray,13.small_stm_port/MassSpecData-02115-20261006-164139.csv,2026-10-06 16:40:57.831,1.2105166666666667
2026-10-06 16:42:10.670,9.174e-11,Torr,13.small_stm_port,spray,13.small_stm_port/MassSpecData-02115-20261006-164139.csv,2026-10-06 16:40:57.831,1.2139833333333334
2026-10-06 16:42:10.879,7.287e-11,Torr,13.small_stm_port,spray,13.small_stm_port/MassSpecData-02115-20261006-164139.csv,2026-10-06 16:40:57.831,1.2174666666666667
2026-10-06 16:42:11.087,7.5904e-11,Torr,13.small_stm_port,spray,13.small_stm_port/MassSpecData-02115-20261006-164139.csv,2026-10-06 16:40:57.831,1.2209333333333334
2026-10-06 16:42:11.295,8.3931e-11,Torr,13.small_stm_port,spray,13.small_stm_port/MassSpecData-02115-20261006-164139.csv,2026-10-06 16:40:57.831,1.2244
2026-10-06 16:42:11.504,9.4333e-11,Torr,13.small_stm_port,spray,13.small_stm_port/MassSpecData-02115-20261006-164139.csv,2026-10-06 16:40:57.831,1.2278833333333334
2026-10-06 16:42:11.712,8.032e-11,Torr,13.small_stm_port,spray,13.small_stm_port/MassSpecData-02115-20261006-164139.csv,2026-10-06 16:40:57.831,1.23135
2026-10-06 16:42:11.920,8.1185e-11,Torr,13.small_stm_port,spray,13.small_stm_port/MassSpecData-02115-20261006-164139.csv,2026-10-06 16:40:57.831,1.2348166666666667
2026-10-06 16:42:12.129,8.6157e-11,Torr,13.small_stm_port,spray,13.small_stm_port/MassSpecData-02115-20261006-164139.csv,2026-10-06 16:40:57.831,1.2383
2026-10-06 16:42:12.337,8.3158e-11,Torr,13.small_stm_port,spray,13.small_stm_port/MassSpecData-02115-20261006-164139.csv,2026-10-06 16:40:57.831,1.2417666666666667
2026-10-06 16:42:12.545,6.839e-11,Torr,13.small_stm_port,spray,13.small_stm_port/MassSpecData-02115-20261006-164139.csv,2026-10-06 16:40:57.831,1.2452333333333334
2026-10-06 16:42:12.754,7.9832e-11,Torr,13.small_stm_port,spray,13.small_stm_port/MassSpecData-02115-20261006-164139.csv,2026-10-06 16:40:57.831,1.2487166666666667
2026-10-06 16:42:12.962,7.6212e-11,Torr,13.small_stm_port,spray,13.small_stm_port/MassSpecData-02115-20261006-164139.csv,2026-10-06 16:40:57.831,1.2521833333333334
2026-10-06 16:42:13.170,7.9739e-11,Torr,13.small_stm_port,spray,13.small_stm_port/MassSpecData-02115-20261006-164139.csv,2026-10-06 16:40:57.831,1.25565
2026-10-06 16:42:13.379,8.5346e-11,Torr,13.small_stm_port,spray,13.small_stm_port/MassSpecData-02115-20261006-164139.csv,2026-10-06 16:40:57.831,1.2591333333333334
2026-10-06 16:42:13.587,8.9764e-11,Torr,13.small_stm_port,spray,13.small_stm_port/MassSpecData-02115-20261006-164139.csv,2026-10-06 16:40:57.831,1.2626
2026-10-06 16:42:13.795,8.2819e-11,Torr,13.small_stm_port,spray,13.small_stm_port/MassSpecData-02115-20261006-164139.csv,2026-10-06 16:40:57.831,1.2660666666666667
2026-10-06 16:42:14.004,8.4378e-11,Torr,13.small_stm_port,spray,13.small_stm_port/MassSpecData-02115-20261006-164139.csv,2026-10-06 16:40:57.831,1.26955
2026-10-06 16:42:14.212,9.6704e-11,Torr,13.small_stm_port,spray,13.small_stm_port/MassSpecData-02115-20261006-164139.csv,2026-10-06 16:40:57.831,1.2730166666666667
2026-10-06 16:42:14.420,7.8564e-11,Torr,13.small_stm_port,spray,13.small_stm_port/MassSpecData-02115-20261006-164139.csv,2026-10-06 16:40:57.831,1.2764833333333334
2026-10-06 16:42:14.629,9.2459e-11,Torr,13.small_stm_port,spray,13.small_stm_port/MassSpecData-02115-20261006-164139.csv,2026-10-06 16:40:57.831,1.2799666666666667
2026-10-06 16:42:14.837,8.6458e-11,Torr,13.small_stm_port,spray,13.small_stm_port/MassSpecData-02115-20261006-164139.csv,2026-10-06 16:40:57.831,1.2834333333333334
2026-10-06 16:42:15.045,8.4956e-11,Torr,13.small_stm_port,spray,13.small_stm_port/MassSpecData-02115-20261006-164139.csv,2026-10-06 16:40:57.831,1.2869
2026-10-06 16:42:15.254,8.7051e-11,Torr,13.small_stm_port,spray,13.small_stm_port/MassSpecData-02115-20261006-164139.csv,2026-10-06 16:40:57.831,1.2903833333333334
2026-10-06 16:42:15.462,9.5394e-11,Torr,13.small_stm_port,spray,13.small_stm_port/MassSpecData-02115-20261006-164139.csv,2026-10-06 16:40:57.831,1.29385
2026-10-06 16:42:15.670,8.0574e-11,Torr,13.small_stm_port,spray,13.small_stm_port/MassSpecData-02115-20261006-164139.csv,2026-10-06 16:40:57.831,1.2973166666666667
2026-10-06 16:42:15.879,9.5202e-11,Torr,13.small_stm_port,spray,13.small_stm_port/MassSpecData-02115-20261006-164139.csv,2026-10-06 16:40:57.831,1.3008
2026-10-06 16:42:16.087,8.7193e-11,Torr,13.small_stm_port,spray,13.small_stm_port/MassSpecData-02115-20261006-164139.csv,2026-10-06 16:40:57.831,1.3042666666666667
2026-10-06 16:42:16.295,8.0705e-11,Torr,13.small_stm_port,spray,13.small_stm_port/MassSpecData-02115-20261006-164139.csv,2026-10-06 16:40:57.831,1.3077333333333334
2026-10-06 16:42:16.504,8.9702e-11,Torr,13.small_stm_port,spray,13.small_stm_port/MassSpecData-02115-20261006-164139.csv,2026-10-06 16:40:57.831,1.3112166666666667
2026-10-06 16:42:16.712,9.7625e-11,Torr,13.small_stm_port,spray,13.small_stm_port/MassSpecData-02115-20261006-164139.csv,2026-10-06 16:40:57.831,1.3146833333333334
2026-10-06 16:42:16.920,7.3802e-11,Torr,13.small_stm_port,spray,13.small_stm_port/MassSpecData-02115-20261006-164139.csv,2026-10-06 16:40:57.831,1.31815
2026-10-06 16:42:17.129,8.1145e-11,Torr,13.small_stm_port,spray,13.small_stm_port/MassSpecData-02115-20261006-164139.csv,2026-10-06 16:40:57.831,1.3216333333333334
2026-10-06 16:42:17.337,8.3378e-11,Torr,13.small_stm_port,spray,13.small_stm_port/MassSpecData-02115-20261006-164139.csv,2026-10-06 16:40:57.831,1.3251
2026-10-06 16:42:17.546,7.5971e-11,Torr,13.small_stm_port,spray,13.small_stm_port/MassSpecData-02115-20261006-164139.csv,2026-10-06 16:40:57.831,1.3285833333333334
2026-10-06 16:42:17.754,8.0303e-11,Torr,13.small_stm_port,spray,13.small_stm_port/MassSpecData-02115-20261006-164139.csv,2026-10-06 16:40:57.831,1.33205
2026-10-06 16:42:17.962,9.6869e-11,Torr,13.small_stm_port,spray,13.small_stm_port/MassSpecData-02115-20261006-164139.csv,2026-10-06 16:40:57.831,1.3355166666666667
2026-10-06 16:42:18.171,9.3245e-11,Torr,13.small_stm_port,spray,13.small_stm_port/MassSpecData-02115-20261006-164139.csv,2026-10-06 16:40:57.831,1.339
2026-10-06 16:42:18.379,7.4066e-11,Torr,13.small_stm_port,spray,13.small_stm_port/MassSpecData-02115-20261006-164139.csv,2026-10-06 16:40:57.831,1.3424666666666667
2026-10-06 16:42:18.587,8.5461e-11,Torr,13.small_stm_port,spray,13.small_stm_port/MassSpecData-02115-20261006-164139.csv,2026-10-06 16:40:57.831,1.3459333333333334
2026-10-06 16:42:18.796,7.9855e-11,Torr,13.small_stm_port,spray,13.small_stm_port/MassSpecData-02115-20261006-164139.csv,2026-10-06 16:40:57.831,1.3494166666666667
2026-10-06 16:42:19.004,7.9763e-11,Torr,13.small_stm_port,spray,13.small_stm_port/MassSpecData-02115-20261006-164139.csv,2026-10-06 16:40:57.831,1.3528833333333334
2026-10-06 16:42:19.212,7.7479e-11,Torr,13.small_stm_port,spray,13.small_stm_port/MassSpecData-02115-20261006-164139.csv,2026-10-06 16:40:57.831,1.35635
2026-10-06 16:42:19.421,8.1963e-11,Torr,13.small_stm_port,spray,13.small_stm_port/MassSpecData-02115-20261006-164139.csv,2026-10-06 16:40:57.831,1.3598333333333334
2026-10-06 16:42:19.629,8.5532e-11,Torr,13.small_stm_port,spray,13.small_stm_port/MassSpecData-02115-20261006-164139.csv,2026-10-06 16:40:57.831,1.3633
2026-10-06 16:42:19.837,8.0217e-11,Torr,13.small_stm_port,spray,13.small_stm_port/MassSpecData-02115-20261006-164139.csv,2026-10-06 16:40:57.831,1.3667666666666667
2026-10-06 16:42:20.046,8.8691e-11,Torr,13.small_stm_port,spray,13.small_stm_port/MassSpecData-02115-20261006-164139.csv,2026-10-06 16:40:57.831,1.37025
2026-10-06 16:42:20.254,6.8384e-11,Torr,13.small_stm_port,spray,13.small_stm_port/MassSpecData-02115-20261006-164139.csv,2026-10-06 16:40:57.831,1.3737166666666667
2026-10-06 16:42:20.462,7.8546e-11,Torr,13.small_stm_port,spray,13.small_stm_port/MassSpecData-02115-20261006-164139.csv,2026-10-06 16:40:57.831,1.3771833333333334
2026-10-06 16:42:20.671,9.1189e-11,Torr,13.small_stm_port,spray,13.small_stm_port/MassSpecData-02115-20261006-164139.csv,2026-10-06 16:40:57.831,1.3806666666666667
2026-10-06 16:42:20.879,8.3631e-11,Torr,13.small_stm_port,spray,13.small_stm_port/MassSpecData-02115-20261006-164139.csv,2026-10-06 16:40:57.831,1.3841333333333334
2026-10-06 16:42:21.087,7.7044e-11,Torr,13.small_stm_port,spray,13.small_stm_port/MassSpecData-02115-20261006-164139.csv,2026-10-06 16:40:57.831,1.3876
2026-10-06 16:42:21.426,6.2725e-11,Torr,13.small_stm_port,spray,13.small_stm_port/MassSpecData-02115-20261006-164221.csv,2026-10-06 16:40:57.831,1.3932499999999999
2026-10-06 16:42:21.634,8.4684e-11,Torr,13.small_stm_port,spray,13.small_stm_port/MassSpecData-02115-20261006-164221.csv,2026-10-06 16:40:57.831,1.3967166666666666
2026-10-06 16:42:21.843,7.9303e-11,Torr,13.small_stm_port,spray,13.small_stm_port/MassSpecData-02115-20261006-164221.csv,2026-10-06 16:40:57.831,1.4002000000000001
2026-10-06 16:42:22.051,8.3647e-11,Torr,13.small_stm_port,spray,13.small_stm_port/MassSpecData-02115-20261006-164221.csv,2026-10-06 16:40:57.831,1.4036666666666666
2026-10-06 16:42:22.259,7.9843e-11,Torr,13.small_stm_port,spray,13.small_stm_port/MassSpecData-02115-20261006-164221.csv,2026-10-06 16:40:57.831,1.4071333333333333
2026-10-06 16:42:22.468,8.4537e-11,Torr,13.small_stm_port,spray,13.small_stm_port/MassSpecData-02115-20261006-164221.csv,2026-10-06 16:40:57.831,1.4106166666666666
2026-10-06 16:42:22.676,7.5576e-11,Torr,13.small_stm_port,spray,13.small_stm_port/MassSpecData-02115-20261006-164221.csv,2026-10-06 16:40:57.831,1.4140833333333334
2026-10-06 16:42:22.884,8.6601e-11,Torr,13.small_stm_port,spray,13.small_stm_port/MassSpecData-02115-20261006-164221.csv,2026-10-06 16:40:57.831,1.4175499999999999
2026-10-06 16:42:23.092,9.455e-11,Torr,13.small_stm_port,spray,13.small_stm_port/MassSpecData-02115-20261006-164221.csv,2026-10-06 16:40:57.831,1.4210166666666666
2026-10-06 16:42:23.301,9.0871e-11,Torr,13.small_stm_port,spray,13.small_stm_port/MassSpecData-02115-20261006-164221.csv,2026-10-06 16:40:57.831,1.4244999999999999
2026-10-06 16:42:23.509,9.4365e-11,Torr,13.small_stm_port,spray,13.small_stm_port/MassSpecData-02115-20261006-164221.csv,2026-10-06 16:40:57.831,1.4279666666666666
2026-10-06 16:42:23.718,8.5941e-11,Torr,13.small_stm_port,spray,13.small_stm_port/MassSpecData-02115-20261006-164221.csv,2026-10-06 16:40:57.831,1.4314500000000001
2026-10-06 16:42:23.926,1.0345e-10,Torr,13.small_stm_port,spray,13.small_stm_port/MassSpecData-02115-20261006-164221.csv,2026-10-06 16:40:57.831,1.4349166666666666
2026-10-06 16:42:24.134,7.2409e-11,Torr,13.small_stm_port,spray,13.small_stm_port/MassSpecData-02115-20261006-164221.csv,2026-10-06 16:40:57.831,1.4383833333333333
2026-10-06 16:42:24.343,7.8373e-11,Torr,13.small_stm_port,spray,13.small_stm_port/MassSpecData-02115-20261006-164221.csv,2026-10-06 16:40:57.831,1.4418666666666666
2026-10-06 16:42:24.551,7.488e-11,Torr,13.small_stm_port,spray,13.small_stm_port/MassSpecData-02115-20261006-164221.csv,2026-10-06 16:40:57.831,1.4453333333333334
2026-10-06 16:42:24.759,7.7605e-11,Torr,13.small_stm_port,spray,13.small_stm_port/MassSpecData-02115-20261006-164221.csv,2026-10-06 16:40:57.831,1.4487999999999999
2026-10-06 16:42:24.968,9.1132e-11,Torr,13.small_stm_port,spray,13.small_stm_port/MassSpecData-02115-20261006-164221.csv,2026-10-06 16:40:57.831,1.4522833333333334
2026-10-06 16:42:25.176,7.1286e-11,Torr,13.small_stm_port,spray,13.small_stm_port/MassSpecData-02115-20261006-164221.csv,2026-10-06 16:40:57.831,1.4557499999999999
2026-10-06 16:42:25.384,8.4163e-11,Torr,13.small_stm_port,spray,13.small_stm_port/MassSpecData-02115-20261006-164221.csv,2026-10-06 16:40:57.831,1.4592166666666666
2026-10-06 16:42:25.593,8.8597e-11,Torr,13.small_stm_port,spray,13.small_stm_port/MassSpecData-02115-20261006-164221.csv,2026-10-06 16:40:57.831,1.4627000000000001
2026-10-06 16:42:25.801,7.6967e-11,Torr,13.small_stm_port,spray,13.small_stm_port/MassSpecData-02115-20261006-164221.csv,2026-10-06 16:40:57.831,1.4661666666666666
2026-10-06 16:42:26.009,6.7045e-11,Torr,13.small_stm_port,spray,13.small_stm_port/MassSpecData-02115-20261006-164221.csv,2026-10-06 16:40:57.831,1.4696333333333333
2026-10-06 16:42:26.218,8.6386e-11,Torr,13.small_stm_port,spray,13.small_stm_port/MassSpecData-02115-20261006-164221.csv,2026-10-06 16:40:57.831,1.4731166666666666
2026-10-06 16:42:26.426,8.3255e-11,Torr,13.small_stm_port,spray,13.small_stm_port/MassSpecData-02115-20261006-164221.csv,2026-10-06 16:40:57.831,1.4765833333333334
2026-10-06 16:42:26.634,7.6852e-11,Torr,13.small_stm_port,spray,13.small_stm_port/MassSpecData-02115-20261006-164221.csv,2026-10-06 16:40:57.831,1.4800499999999999
2026-10-06 16:42:26.842,8.3438e-11,Torr,13.small_stm_port,spray,13.small_stm_port/MassSpecData-02115-20261006-164221.csv,2026-10-06 16:40:57.831,1.4835166666666666
2026-10-06 16:42:27.051,8.3733e-11,Torr,13.small_stm_port,spray,13.small_stm_port/MassSpecData-02115-20261006-164221.csv,2026-10-06 16:40:57.831,1.4869999999999999
2026-10-06 16:42:27.259,7.4357e-11,Torr,13.small_stm_port,spray,13.small_stm_port/MassSpecData-02115-20261006-164221.csv,2026-10-06 16:40:57.831,1.4904666666666666
2026-10-06 16:42:27.467,8.3645e-11,Torr,13.small_stm_port,spray,13.small_stm_port/MassSpecData-02115-20261006-164221.csv,2026-10-06 16:40:57.831,1.4939333333333333
2026-10-06 16:42:27.676,8.302e-11,Torr,13.small_stm_port,spray,13.small_stm_port/MassSpecData-02115-20261006-164221.csv,2026-10-06 16:40:57.831,1.4974166666666666
2026-10-06 16:42:27.884,7.3397e-11,Torr,13.small_stm_port,spray,13.small_stm_port/MassSpecData-02115-20261006-164221.csv,2026-10-06 16:40:57.831,1.5008833333333333
2026-10-06 16:42:28.092,8.5965e-11,Torr,13.small_stm_port,spray,13.small_stm_port/MassSpecData-02115-20261006-164221.csv,2026-10-06 16:40:57.831,1.5043499999999999
2026-10-06 16:42:28.301,8.5623e-11,Torr,13.small_stm_port,spray,13.small_stm_port/MassSpecData-02115-20261006-164221.csv,2026-10-06 16:40:57.831,1.5078333333333334
2026-10-06 16:42:28.509,7.9312e-11,Torr,13.small_stm_port,spray,13.small_stm_port/MassSpecData-02115-20261006-164221.csv,2026-10-06 16:40:57.831,1.5112999999999999
2026-10-06 16:42:28.717,7.5752e-11,Torr,13.small_stm_port,spray,13.small_stm_port/MassSpecData-02115-20261006-164221.csv,2026-10-06 16:40:57.831,1.5147666666666666
2026-10-06 16:42:28.926,7.87e-11,Torr,13.small_stm_port,spray,13.small_stm_port/MassSpecData-02115-20261006-164221.csv,2026-10-06 16:40:57.831,1.5182499999999999
2026-10-06 16:42:29.134,8.6927e-11,Torr,13.small_stm_port,spray,13.small_stm_port/MassSpecData-02115-20261006-164221.csv,2026-10-06 16:40:57.831,1.5217166666666666
2026-10-06 16:42:29.342,8.6874e-11,Torr,13.small_stm_port,spray,13.small_stm_port/MassSpecData-02115-20261006-164221.csv,2026-10-06 16:40:57.831,1.5251833333333333
2026-10-06 16:42:29.551,8.5168e-11,Torr,13.small_stm_port,spray,13.small_stm_port/MassSpecData-02115-20261006-164221.csv,2026-10-06 16:40:57.831,1.5286666666666666
2026-10-06 16:42:29.759,8.9698e-11,Torr,13.small_stm_port,spray,13.small_stm_port/MassSpecData-02115-20261006-164221.csv,2026-10-06 16:40:57.831,1.5321333333333333
2026-10-06 16:42:29.967,8.0353e-11,Torr,13.small_stm_port,spray,13.small_stm_port/MassSpecData-02115-20261006-164221.csv,2026-10-06 16:40:57.831,1.5355999999999999
2026-10-06 16:42:30.176,9.0259e-11,Torr,13.small_stm_port,spray,13.small_stm_port/MassSpecData-02115-20261006-164221.csv,2026-10-06 16:40:57.831,1.5390833333333334
2026-10-06 16:42:30.384,6.9645e-11,Torr,13.small_stm_port,spray,13.small_stm_port/MassSpecData-02115-20261006-164221.csv,2026-10-06 16:40:57.831,1.5425499999999999
2026-10-06 16:42:30.593,8.5384e-11,Torr,13.small_stm_port,spray,13.small_stm_port/MassSpecData-02115-20261006-164221.csv,2026-10-06 16:40:57.831,1.5460333333333334
2026-10-06 16:42:30.801,7.9332e-11,Torr,13.small_stm_port,spray,13.small_stm_port/MassSpecData-02115-20261006-164221.csv,2026-10-06 16:40:57.831,1.5494999999999999
2026-10-06 16:42:31.009,7.7664e-11,Torr,13.small_stm_port,spray,13.small_stm_port/MassSpecData-02115-20261006-164221.csv,2026-10-06 16:40:57.831,1.5529666666666666
2026-10-06 16:42:31.218,6.2148e-11,Torr,13.small_stm_port,spray,13.small_stm_port/MassSpecData-02115-20261006-164221.csv,2026-10-06 16:40:57.831,1.5564500000000001
2026-10-06 16:42:31.426,7.7353e-11,Torr,13.small_stm_port,spray,13.small_stm_port/MassSpecData-02115-20261006-164221.csv,2026-10-06 16:40:57.831,1.5599166666666666
2026-10-06 16:42:31.634,7.1865e-11,Torr,13.small_stm_port,spray,13.small_stm_port/MassSpecData-02115-20261006-164221.csv,2026-10-06 16:40:57.831,1.5633833333333333
2026-10-06 16:42:31.843,8.7463e-11,Torr,13.small_stm_port,spray,13.small_stm_port/MassSpecData-02115-20261006-164221.csv,2026-10-06 16:40:57.831,1.5668666666666666
2026-10-06 16:42:32.051,8.6499e-11,Torr,13.small_stm_port,spray,13.small_stm_port/MassSpecData-02115-20261006-164221.csv,2026-10-06 16:40:57.831,1.5703333333333334
2026-10-06 16:42:32.259,7.8408e-11,Torr,13.small_stm_port,spray,13.small_stm_port/MassSpecData-02115-20261006-164221.csv,2026-10-06 16:40:57.831,1.5737999999999999
2026-10-06 16:42:32.468,9.6471e-11,Torr,13.small_stm_port,spray,13.small_stm_port/MassSpecData-02115-20261006-164221.csv,2026-10-06 16:40:57.831,1.5772833333333334
2026-10-06 16:42:32.676,8.7108e-11,Torr,13.small_stm_port,spray,13.small_stm_port/MassSpecData-02115-20261006-164221.csv,2026-10-06 16:40:57.831,1.5807499999999999
2026-10-06 16:42:32.884,7.4938e-11,Torr,13.small_stm_port,spray,13.small_stm_port/MassSpecData-02115-20261006-164221.csv,2026-10-06 16:40:57.831,1.5842166666666666
2026-10-06 16:42:33.093,9.3416e-11,Torr,13.small_stm_port,spray,13.small_stm_port/MassSpecData-02115-20261006-164221.csv,2026-10-06 16:40:57.831,1.5877000000000001
2026-10-06 16:42:33.301,8.0737e-11,Torr,13.small_stm_port,spray,13.small_stm_port/MassSpecData-02115-20261006-164221.csv,2026-10-06 16:40:57.831,1.5911666666666666
2026-10-06 16:42:33.509,8.7519e-11,Torr,13.small_stm_port,spray,13.small_stm_port/MassSpecData-02115-20261006-164221.csv,2026-10-06 16:40:57.831,1.5946333333333333
2026-10-06 16:42:33.718,8.3975e-11,Torr,13.small_stm_port,spray,13.small_stm_port/MassSpecData-02115-20261006-164221.csv,2026-10-06 16:40:57.831,1.5981166666666666
2026-10-06 16:42:33.926,9.3007e-11,Torr,13.small_stm_port,spray,13.small_stm_port/MassSpecData-02115-20261006-164221.csv,2026-10-06 16:40:57.831,1.6015833333333334
2026-10-06 16:42:34.134,8.0708e-11,Torr,13.small_stm_port,spray,13.small_stm_port/MassSpecData-02115-20261006-164221.csv,2026-10-06 16:40:57.831,1.6050499999999999
2026-10-06 16:42:34.343,8.2244e-11,Torr,13.small_stm_port,spray,13.small_stm_port/MassSpecData-02115-20261006-164221.csv,2026-10-06 16:40:57.831,1.6085333333333334
2026-10-06 16:42:34.551,8.4717e-11,Torr,13.small_stm_port,spray,13.small_stm_port/MassSpecData-02115-20261006-164221.csv,2026-10-06 16:40:57.831,1.6119999999999999
2026-10-06 16:42:34.759,7.7592e-11,Torr,13.small_stm_port,spray,13.small_stm_port/MassSpecData-02115-20261006-164221.csv,2026-10-06 16:40:57.831,1.6154666666666666
2026-10-06 16:42:34.968,8.495e-11,Torr,13.small_stm_port,spray,13.small_stm_port/MassSpecData-02115-20261006-164221.csv,2026-10-06 16:40:57.831,1.6189500000000001
2026-10-06 16:42:35.176,9.3878e-11,Torr,13.small_stm_port,spray,13.small_stm_port/MassSpecData-02115-20261006-164221.csv,2026-10-06 16:40:57.831,1.6224166666666666
2026-10-06 16:42:35.384,8.8493e-11,Torr,13.small_stm_port,spray,13.small_stm_port/MassSpecData-02115-20261006-164221.csv,2026-10-06 16:40:57.831,1.6258833333333333
2026-10-06 16:42:35.593,7.0422e-11,Torr,13.small_stm_port,spray,13.small_stm_port/MassSpecData-02115-20261006-164221.csv,2026-10-06 16:40:57.831,1.6293666666666666
2026-10-06 16:42:35.801,8.429e-11,Torr,13.small_stm_port,spray,13.small_stm_port/MassSpecData-02115-20261006-164221.csv,2026-10-06 16:40:57.831,1.6328333333333334
2026-10-06 16:42:36.009,9.2438e-11,Torr,13.small_stm_port,spray,13.small_stm_port/MassSpecData-02115-20261006-164221.csv,2026-10-06 16:40:57.831,1.6362999999999999
2026-10-06 16:42:36.218,9.0796e-11,Torr,13.small_stm_port,spray,13.small_stm_port/MassSpecData-02115-20261006-164221.csv,2026-10-06 16:40:57.831,1.6397833333333334
2026-10-06 16:42:36.426,8.416e-11,Torr,13.small_stm_port,spray,13.small_stm_port/MassSpecData-02115-20261006-164221.csv,2026-10-06 16:40:57.831,1.6432499999999999
2026-10-06 16:42:36.634,7.5673e-11,Torr,13.small_stm_port,spray,13.small_stm_port/MassSpecData-02115-20261006-164221.csv,2026-10-06 16:40:57.831,1.6467166666666666
2026-10-06 16:42:36.843,8.528e-11,Torr,13.small_stm_port,spray,13.small_stm_port/MassSpecData-02115-20261006-164221.csv,2026-10-06 16:40:57.831,1.6502000000000001
2026-10-06 16:42:37.051,9.4721e-11,Torr,13.small_stm_port,spray,13.small_stm_port/MassSpecData-02115-20261006-164221.csv,2026-10-06 16:40:57.831,1.6536666666666666
2026-10-06 16:42:37.259,6.5137e-11,Torr,13.small_stm_port,spray,13.small_stm_port/MassSpecData-02115-20261006-164221.csv,2026-10-06 16:40:57.831,1.6571333333333333
2026-10-06 16:42:37.468,8.3122e-11,Torr,13.small_stm_port,spray,13.small_stm_port/MassSpecData-02115-20261006-164221.csv,2026-10-06 16:40:57.831,1.6606166666666666
2026-10-06 16:42:37.676,8.7065e-11,Torr,13.small_stm_port,spray,13.small_stm_port/MassSpecData-02115-20261006-164221.csv,2026-10-06 16:40:57.831,1.6640833333333334
2026-10-06 16:42:37.884,9.3398e-11,Torr,13.small_stm_port,spray,13.small_stm_port/MassSpecData-02115-20261006-164221.csv,2026-10-06 16:40:57.831,1.6675499999999999
2026-10-06 16:42:38.093,9.7032e-11,Torr,13.small_stm_port,spray,13.small_stm_port/MassSpecData-02115-20261006-164221.csv,2026-10-06 16:40:57.831,1.6710333333333334
2026-10-06 16:42:38.301,7.8758e-11,Torr,13.small_stm_port,spray,13.small_stm_port/MassSpecData-02115-20261006-164221.csv,2026-10-06 16:40:57.831,1.6744999999999999
2026-10-06 16:42:38.509,7.814e-11,Torr,13.small_stm_port,spray,13.small_stm_port/MassSpecData-02115-20261006-164221.csv,2026-10-06 16:40:57.831,1.6779666666666666
2026-10-06 16:42:38.718,8.8932e-11,Torr,13.small_stm_port,spray,13.small_stm_port/MassSpecData-02115-20261006-164221.csv,2026-10-06 16:40:57.831,1.6814500000000001
2026-10-06 16:42:38.926,8.6979e-11,Torr,13.small_stm_port,spray,13.small_stm_port/MassSpecData-02115-20261006-164221.csv,2026-10-06 16:40:57.831,1.6849166666666666
2026-10-06 16:42:39.134,7.8576e-11,Torr,13.small_stm_port,spray,13.small_stm_port/MassSpecData-02115-20261006-164221.csv,2026-10-06 16:40:57.831,1.6883833333333333
2026-10-06 16:42:39.343,7.5204e-11,Torr,13.small_stm_port,spray,13.small_stm_port/MassSpecData-02115-20261006-164221.csv,2026-10-06 16:40:57.831,1.6918666666666666
2026-10-06 16:42:39.551,8.9167e-11,Torr,13.small_stm_port,spray,13.small_stm_port/MassSpecData-02115-20261006-164221.csv,2026-10-06 16:40:57.831,1.6953333333333334
2026-10-06 16:42:39.759,7.1489e-11,Torr,13.small_stm_port,spray,13.small_stm_port/MassSpecData-02115-20261006-164221.csv,2026-10-06 16:40:57.831,1.6987999999999999
2026-10-06 16:42:39.968,8.1582e-11,Torr,13.small_stm_port,spray,13.small_stm_port/MassSpecData-02115-20261006-164221.csv,2026-10-06 16:40:57.831,1.7022833333333334
2026-10-06 16:42:40.176,9.479e-11,Torr,13.small_stm_port,spray,13.small_stm_port/MassSpecData-02115-20261006-164221.csv,2026-10-06 16:40:57.831,1.7057499999999999
2026-10-06 16:42:40.384,8.5061e-11,Torr,13.small_stm_port,spray,13.small_stm_port/MassSpecData-02115-20261006-164221.csv,2026-10-06 16:40:57.831,1.7092166666666666
2026-10-06 16:42:40.593,9.1258e-11,Torr,13.small_stm_port,spray,13.small_stm_port/MassSpecData-02115-20261006-164221.csv,2026-10-06 16:40:57.831,1.7127000000000001
2026-10-06 16:42:40.801,8.632e-11,Torr,13.small_stm_port,spray,13.small_stm_port/MassSpecData-02115-20261006-164221.csv,2026-10-06 16:40:57.831,1.7161666666666666
2026-10-06 16:42:41.009,1.0013e-10,Torr,13.small_stm_port,spray,13.small_stm_port/MassSpecData-02115-20261006-164221.csv,2026-10-06 16:40:57.831,1.7196333333333333
2026-10-06 16:42:41.217,7.7924e-11,Torr,13.small_stm_port,spray,13.small_stm_port/MassSpecData-02115-20261006-164221.csv,2026-10-06 16:40:57.831,1.7230999999999999
2026-10-06 16:42:41.426,7.2661e-11,Torr,13.small_stm_port,spray,13.small_stm_port/MassSpecData-02115-20261006-164221.csv,2026-10-06 16:40:57.831,1.7265833333333334
2026-10-06 16:42:41.634,8.637e-11,Torr,13.small_stm_port,spray,13.small_stm_port/MassSpecData-02115-20261006-164221.csv,2026-10-06 16:40:57.831,1.7300499999999999
2026-10-06 16:42:41.842,8.1355e-11,Torr,13.small_stm_port,spray,13.small_stm_port/MassSpecData-02115-20261006-164221.csv,2026-10-06 16:40:57.831,1.7335166666666666
2026-10-06 16:42:42.051,8.2535e-11,Torr,13.small_stm_port,spray,13.small_stm_port/MassSpecData-02115-20261006-164221.csv,2026-10-06 16:40:57.831,1.7369999999999999
2026-10-06 16:42:42.259,8.53e-11,Torr,13.small_stm_port,spray,13.small_stm_port/MassSpecData-02115-20261006-164221.csv,2026-10-06 16:40:57.831,1.7404666666666666
2026-10-06 16:42:42.467,8.721e-11,Torr,13.small_stm_port,spray,13.small_stm_port/MassSpecData-02115-20261006-164221.csv,2026-10-06 16:40:57.831,1.7439333333333333
2026-10-06 16:42:42.676,8.1523e-11,Torr,13.small_stm_port,spray,13.small_stm_port/MassSpecData-02115-20261006-164221.csv,2026-10-06 16:40:57.831,1.7474166666666666
2026-10-06 16:42:42.884,8.9637e-11,Torr,13.small_stm_port,spray,13.small_stm_port/MassSpecData-02115-20261006-164221.csv,2026-10-06 16:40:57.831,1.7508833333333333
2026-10-06 16:42:43.092,8.641e-11,Torr,13.small_stm_port,spray,13.small_stm_port/MassSpecData-02115-20261006-164221.csv,2026-10-06 16:40:57.831,1.7543499999999999
2026-10-06 16:42:43.301,9.044e-11,Torr,13.small_stm_port,spray,13.small_stm_port/MassSpecData-02115-20261006-164221.csv,2026-10-06 16:40:57.831,1.7578333333333334
2026-10-06 16:42:43.509,7.9051e-11,Torr,13.small_stm_port,spray,13.small_stm_port/MassSpecData-02115-20261006-164221.csv,2026-10-06 16:40:57.831,1.7612999999999999
2026-10-06 16:42:43.717,9.1728e-11,Torr,13.small_stm_port,spray,13.small_stm_port/MassSpecData-02115-20261006-164221.csv,2026-10-06 16:40:57.831,1.7647666666666666
2026-10-06 16:42:43.926,8.0702e-11,Torr,13.small_stm_port,spray,13.small_stm_port/MassSpecData-02115-20261006-164221.csv,2026-10-06 16:40:57.831,1.7682499999999999
2026-10-06 16:42:44.134,7.9677e-11,Torr,13.small_stm_port,spray,13.small_stm_port/MassSpecData-02115-20261006-164221.csv,2026-10-06 16:40:57.831,1.7717166666666666
2026-10-06 16:42:44.342,9.1691e-11,Torr,13.small_stm_port,spray,13.small_stm_port/MassSpecData-02115-20261006-164221.csv,2026-10-06 16:40:57.831,1.7751833333333333
2026-10-06 16:42:44.551,8.6133e-11,Torr,13.small_stm_port,spray,13.small_stm_port/MassSpecData-02115-20261006-164221.csv,2026-10-06 16:40:57.831,1.7786666666666666
2026-10-06 16:42:44.759,9.7572e-11,Torr,13.small_stm_port,spray,13.small_stm_port/MassSpecData-02115-20261006-164221.csv,2026-10-06 16:40:57.831,1.7821333333333333
2026-10-06 16:42:44.967,7.8622e-11,Torr,13.small_stm_port,spray,13.small_stm_port/MassSpecData-02115-20261006-164221.csv,2026-10-06 16:40:57.831,1.7855999999999999
2026-10-06 16:42:45.176,7.343e-11,Torr,13.small_stm_port,spray,13.small_stm_port/MassSpecData-02115-20261006-164221.csv,2026-10-06 16:40:57.831,1.7890833333333334
2026-10-06 16:42:45.384,8.3182e-11,Torr,13.small_stm_port,spray,13.small_stm_port/MassSpecData-02115-20261006-164221.csv,2026-10-06 16:40:57.831,1.7925499999999999
2026-10-06 16:42:45.592,7.8042e-11,Torr,13.small_stm_port,spray,13.small_stm_port/MassSpecData-02115-20261006-164221.csv,2026-10-06 16:40:57.831,1.7960166666666666
2026-10-06 16:42:45.801,8.3414e-11,Torr,13.small_stm_port,spray,13.small_stm_port/MassSpecData-02115-20261006-164221.csv,2026-10-06 16:40:57.831,1.7994999999999999
2026-10-06 16:42:46.009,9.9319e-11,Torr,13.small_stm_port,spray,13.small_stm_port/MassSpecData-02115-20261006-164221.csv,2026-10-06 16:40:57.831,1.8029666666666666
2026-10-06 16:42:46.217,9.0798e-11,Torr,13.small_stm_port,spray,13.small_stm_port/MassSpecData-02115-20261006-164221.csv,2026-10-06 16:40:57.831,1.8064333333333333
2026-10-06 16:42:46.426,9.3891e-11,Torr,13.small_stm_port,spray,13.small_stm_port/MassSpecData-02115-20261006-164221.csv,2026-10-06 16:40:57.831,1.8099166666666666
2026-10-06 16:42:46.634,8.4447e-11,Torr,13.small_stm_port,spray,13.small_stm_port/MassSpecData-02115-20261006-164221.csv,2026-10-06 16:40:57.831,1.8133833333333333
2026-10-06 16:42:46.842,7.5627e-11,Torr,13.small_stm_port,spray,13.small_stm_port/MassSpecData-02115-20261006-164221.csv,2026-10-06 16:40:57.831,1.8168499999999999
2026-10-06 16:42:47.051,9.0652e-11,Torr,13.small_stm_port,spray,13.small_stm_port/MassSpecData-02115-20261006-164221.csv,2026-10-06 16:40:57.831,1.8203333333333334
2026-10-06 16:42:47.259,8.2107e-11,Torr,13.small_stm_port,spray,13.small_stm_port/MassSpecData-02115-20261006-164221.csv,2026-10-06 16:40:57.831,1.8237999999999999
2026-10-06 16:42:47.467,9.1944e-11,Torr,13.small_stm_port,spray,13.small_stm_port/MassSpecData-02115-20261006-164221.csv,2026-10-06 16:40:57.831,1.8272666666666666
2026-10-06 16:42:47.676,9.3267e-11,Torr,13.small_stm_port,spray,13.small_stm_port/MassSpecData-02115-20261006-164221.csv,2026-10-06 16:40:57.831,1.8307499999999999
2026-10-06 16:42:47.884,8.4938e-11,Torr,13.small_stm_port,spray,13.small_stm_port/MassSpecData-02115-20261006-164221.csv,2026-10-06 16:40:57.831,1.8342166666666666
2026-10-06 16:42:48.092,7.3419e-11,Torr,13.small_stm_port,spray,13.small_stm_port/MassSpecData-02115-20261006-164221.csv,2026-10-06 16:40:57.831,1.8376833333333333
2026-10-06 16:42:48.301,8.019e-11,Torr,13.small_stm_port,spray,13.small_stm_port/MassSpecData-02115-20261006-164221.csv,2026-10-06 16:40:57.831,1.8411666666666666
2026-10-06 16:42:48.509,8.8146e-11,Torr,13.small_stm_port,spray,13.small_stm_port/MassSpecData-02115-20261006-164221.csv,2026-10-06 16:40:57.831,1.8446333333333333
2026-10-06 16:42:48.717,8.4873e-11,Torr,13.small_stm_port,spray,13.small_stm_port/MassSpecData-02115-20261006-164221.csv,2026-10-06 16:40:57.831,1.8480999999999999
2026-10-06 16:42:48.926,9.1421e-11,Torr,13.small_stm_port,spray,13.small_stm_port/MassSpecData-02115-20261006-164221.csv,2026-10-06 16:40:57.831,1.8515833333333334
2026-10-06 16:42:49.134,8.0959e-11,Torr,13.small_stm_port,spray,13.small_stm_port/MassSpecData-02115-20261006-164221.csv,2026-10-06 16:40:57.831,1.8550499999999999
2026-10-06 16:42:49.342,8.8541e-11,Torr,13.small_stm_port,spray,13.small_stm_port/MassSpecData-02115-20261006-164221.csv,2026-10-06 16:40:57.831,1.8585166666666666
2026-10-06 16:42:49.551,7.5144e-11,Torr,13.small_stm_port,spray,13.small_stm_port/MassSpecData-02115-20261006-164221.csv,2026-10-06 16:40:57.831,1.8619999999999999
2026-10-06 16:42:49.759,8.4933e-11,Torr,13.small_stm_port,spray,13.small_stm_port/MassSpecData-02115-20261006-164221.csv,2026-10-06 16:40:57.831,1.8654666666666666
2026-10-06 16:42:49.967,9.4558e-11,Torr,13.small_stm_port,spray,13.small_stm_port/MassSpecData-02115-20261006-164221.csv,2026-10-06 16:40:57.831,1.8689333333333333
2026-10-06 16:42:50.176,7.7337e-11,Torr,13.small_stm_port,spray,13.small_stm_port/MassSpecData-02115-20261006-164221.csv,2026-10-06 16:40:57.831,1.8724166666666666
2026-10-06 16:42:50.384,8.1997e-11,Torr,13.small_stm_port,spray,13.small_stm_port/MassSpecData-02115-20261006-164221.csv,2026-10-06 16:40:57.831,1.8758833333333333
2026-10-06 16:42:50.592,8.7581e-11,Torr,13.small_stm_port,spray,13.small_stm_port/MassSpecData-02115-20261006-164221.csv,2026-10-06 16:40:57.831,1.8793499999999999
2026-10-06 16:42:50.801,6.5046e-11,Torr,13.small_stm_port,spray,13.small_stm_port/MassSpecData-02115-20261006-164221.csv,2026-10-06 16:40:57.831,1.8828333333333334
2026-10-06 16:42:51.009,6.8815e-11,Torr,13.small_stm_port,spray,13.small_stm_port/MassSpecData-02115-20261006-164221.csv,2026-10-06 16:40:57.831,1.8862999999999999
2026-10-06 16:42:51.217,7.6907e-11,Torr,13.small_stm_port,spray,13.small_stm_port/MassSpecData-02115-20261006-164221.csv,2026-10-06 16:40:57.831,1.8897666666666666
2026-10-06 16:42:51.426,8.9885e-11,Torr,13.small_stm_port,spray,13.small_stm_port/MassSpecData-02115-20261006-164221.csv,2026-10-06 16:40:57.831,1.8932499999999999
2026-10-06 16:42:51.634,6.9277e-11,Torr,13.small_stm_port,spray,13.small_stm_port/MassSpecData-02115-20261006-164221.csv,2026-10-06 16:40:57.831,1.8967166666666666
2026-10-06 16:42:51.842,7.5986e-11,Torr,13.small_stm_port,spray,13.small_stm_port/MassSpecData-02115-20261006-164221.csv,2026-10-06 16:40:57.831,1.9001833333333333
2026-10-06 16:42:52.051,7.7592e-11,Torr,13.small_stm_port,spray,13.small_stm_port/MassSpecData-02115-20261006-164221.csv,2026-10-06 16:40:57.831,1.9036666666666666
2026-10-06 16:42:52.259,8.9547e-11,Torr,13.small_stm_port,spray,13.small_stm_port/MassSpecData-02115-20261006-164221.csv,2026-10-06 16:40:57.831,1.9071333333333333
2026-10-06 16:42:52.467,8.5113e-11,Torr,13.small_stm_port,spray,13.small_stm_port/MassSpecData-02115-20261006-164221.csv,2026-10-06 16:40:57.831,1.9105999999999999
2026-10-06 16:42:52.676,9.307e-11,Torr,13.small_stm_port,spray,13.small_stm_port/MassSpecData-02115-20261006-164221.csv,2026-10-06 16:40:57.831,1.9140833333333334
2026-10-06 16:42:52.884,8.4215e-11,Torr,13.small_stm_port,spray,13.small_stm_port/MassSpecData-02115-20261006-164221.csv,2026-10-06 16:40:57.831,1.9175499999999999
2026-10-06 16:42:53.092,9.7352e-11,Torr,13.small_stm_port,spray,13.small_stm_port/MassSpecData-02115-20261006-164221.csv,2026-10-06 16:40:57.831,1.9210166666666666
2026-10-06 16:42:53.301,6.7342e-11,Torr,13.small_stm_port,spray,13.small_stm_port/MassSpecData-02115-20261006-164221.csv,2026-10-06 16:40:57.831,1.9244999999999999
2026-10-06 16:42:53.509,6.5706e-11,Torr,13.small_stm_port,spray,13.small_stm_port/MassSpecData-02115-20261006-164221.csv,2026-10-06 16:40:57.831,1.9279666666666666
2026-10-06 16:42:53.717,7.9689e-11,Torr,13.small_stm_port,spray,13.small_stm_port/MassSpecData-02115-20261006-164221.csv,2026-10-06 16:40:57.831,1.9314333333333333
2026-10-06 16:42:53.926,9.6837e-11,Torr,13.small_stm_port,spray,13.small_stm_port/MassSpecData-02115-20261006-164221.csv,2026-10-06 16:40:57.831,1.9349166666666666
2026-10-06 16:42:54.134,1.038e-10,Torr,13.small_stm_port,spray,13.small_stm_port/MassSpecData-02115-20261006-164221.csv,2026-10-06 16:40:57.831,1.9383833333333333
2026-10-06 16:42:54.342,7.6113e-11,Torr,13.small_stm_port,spray,13.small_stm_port/MassSpecData-02115-20261006-164221.csv,2026-10-06 16:40:57.831,1.9418499999999999
2026-10-06 16:42:54.551,6.5731e-11,Torr,13.small_stm_port,spray,13.small_stm_port/MassSpecData-02115-20261006-164221.csv,2026-10-06 16:40:57.831,1.9453333333333334
2026-10-06 16:42:54.759,1.0021e-10,Torr,13.small_stm_port,spray,13.small_stm_port/MassSpecData-02115-20261006-164221.csv,2026-10-06 16:40:57.831,1.9487999999999999
2026-10-06 16:42:54.967,7.9263e-11,Torr,13.small_stm_port,spray,13.small_stm_port/MassSpecData-02115-20261006-164221.csv,2026-10-06 16:40:57.831,1.9522666666666666
2026-10-06 16:42:55.176,8.0508e-11,Torr,13.small_stm_port,spray,13.small_stm_port/MassSpecData-02115-20261006-164221.csv,2026-10-06 16:40:57.831,1.9557499999999999
2026-10-06 16:42:55.384,8.2357e-11,Torr,13.small_stm_port,spray,13.small_stm_port/MassSpecData-02115-20261006-164221.csv,2026-10-06 16:40:57.831,1.9592166666666666
2026-10-06 16:42:55.592,8.6375e-11,Torr,13.small_stm_port,spray,13.small_stm_port/MassSpecData-02115-20261006-164221.csv,2026-10-06 16:40:57.831,1.9626833333333333
2026-10-06 16:42:55.801,8.4866e-11,Torr,13.small_stm_port,spray,13.small_stm_port/MassSpecData-02115-20261006-164221.csv,2026-10-06 16:40:57.831,1.9661666666666666
2026-10-06 16:42:56.009,8.4538e-11,Torr,13.small_stm_port,spray,13.small_stm_port/MassSpecData-02115-20261006-164221.csv,2026-10-06 16:40:57.831,1.9696333333333333
2026-10-06 16:42:56.217,8.5418e-11,Torr,13.small_stm_port,spray,13.small_stm_port/MassSpecData-02115-20261006-164221.csv,2026-10-06 16:40:57.831,1.9730999999999999
2026-10-06 16:42:56.426,8.7648e-11,Torr,13.small_stm_port,spray,13.small_stm_port/MassSpecData-02115-20261006-164221.csv,2026-10-06 16:40:57.831,1.9765833333333334
2026-10-06 16:42:56.634,8.699e-11,Torr,13.small_stm_port,spray,13.small_stm_port/MassSpecData-02115-20261006-164221.csv,2026-10-06 16:40:57.831,1.9800499999999999
2026-10-06 16:42:56.842,8.0635e-11,Torr,13.small_stm_port,spray,13.small_stm_port/MassSpecData-02115-20261006-164221.csv,2026-10-06 16:40:57.831,1.9835166666666666
2026-10-06 16:42:57.051,7.7268e-11,Torr,13.small_stm_port,spray,13.small_stm_port/MassSpecData-02115-20261006-164221.csv,2026-10-06 16:40:57.831,1.9869999999999999
2026-10-06 16:42:57.259,8.1403e-11,Torr,13.small_stm_port,spray,13.small_stm_port/MassSpecData-02115-20261006-164221.csv,2026-10-06 16:40:57.831,1.9904666666666666
2026-10-06 16:42:57.467,9.2569e-11,Torr,13.small_stm_port,spray,13.small_stm_port/MassSpecData-02115-20261006-164221.csv,2026-10-06 16:40:57.831,1.9939333333333333
2026-10-06 16:42:57.676,9.2659e-11,Torr,13.small_stm_port,spray,13.small_stm_port/MassSpecData-02115-20261006-164221.csv,2026-10-06 16:40:57.831,1.9974166666666666
2026-10-06 16:42:57.884,8.982e-11,Torr,13.small_stm_port,spray,13.small_stm_port/MassSpecData-02115-20261006-164221.csv,2026-10-06 16:40:57.831,2.0008833333333333
2026-10-06 16:42:58.092,7.5748e-11,Torr,13.small_stm_port,spray,13.small_stm_port/MassSpecData-02115-20261006-164221.csv,2026-10-06 16:40:57.831,2.00435
2026-10-06 16:42:58.301,8.7287e-11,Torr,13.small_stm_port,spray,13.small_stm_port/MassSpecData-02115-20261006-164221.csv,2026-10-06 16:40:57.831,2.007833333333333
2026-10-06 16:42:58.509,9.4848e-11,Torr,13.small_stm_port,spray,13.small_stm_port/MassSpecData-02115-20261006-164221.csv,2026-10-06 16:40:57.831,2.0113
2026-10-06 16:42:58.717,7.2414e-11,Torr,13.small_stm_port,spray,13.small_stm_port/MassSpecData-02115-20261006-164221.csv,2026-10-06 16:40:57.831,2.0147666666666666
2026-10-06 16:42:58.926,8.0635e-11,Torr,13.small_stm_port,spray,13.small_stm_port/MassSpecData-02115-20261006-164221.csv,2026-10-06 16:40:57.831,2.01825
2026-10-06 16:42:59.134,8.249e-11,Torr,13.small_stm_port,spray,13.small_stm_port/MassSpecData-02115-20261006-164221.csv,2026-10-06 16:40:57.831,2.021716666666667
2026-10-06 16:42:59.343,7.9605e-11,Torr,13.small_stm_port,spray,13.small_stm_port/MassSpecData-02115-20261006-164221.csv,2026-10-06 16:40:57.831,2.0252
2026-10-06 16:42:59.551,8.1221e-11,Torr,13.small_stm_port,spray,13.small_stm_port/MassSpecData-02115-20261006-164221.csv,2026-10-06 16:40:57.831,2.0286666666666666
2026-10-06 16:42:59.759,7.8364e-11,Torr,13.small_stm_port,spray,13.small_stm_port/MassSpecData-02115-20261006-164221.csv,2026-10-06 16:40:57.831,2.0321333333333333
2026-10-06 16:42:59.968,7.0941e-11,Torr,13.small_stm_port,spray,13.small_stm_port/MassSpecData-02115-20261006-164221.csv,2026-10-06 16:40:57.831,2.035616666666667
2026-10-06 16:43:00.176,9.3253e-11,Torr,13.small_stm_port,spray,13.small_stm_port/MassSpecData-02115-20261006-164221.csv,2026-10-06 16:40:57.831,2.039083333333333
2026-10-06 16:43:00.384,7.8141e-11,Torr,13.small_stm_port,spray,13.small_stm_port/MassSpecData-02115-20261006-164221.csv,2026-10-06 16:40:57.831,2.04255
2026-10-06 16:43:00.593,7.5277e-11,Torr,13.small_stm_port,spray,13.small_stm_port/MassSpecData-02115-20261006-164221.csv,2026-10-06 16:40:57.831,2.0460333333333334
2026-10-06 16:43:00.801,9.7672e-11,Torr,13.small_stm_port,spray,13.small_stm_port/MassSpecData-02115-20261006-164221.csv,2026-10-06 16:40:57.831,2.0495
2026-10-06 16:43:01.009,8.2382e-11,Torr,13.small_stm_port,spray,13.small_stm_port/MassSpecData-02115-20261006-164221.csv,2026-10-06 16:40:57.831,2.052966666666667
2026-10-06 16:43:01.218,8.649e-11,Torr,13.small_stm_port,spray,13.small_stm_port/MassSpecData-02115-20261006-164221.csv,2026-10-06 16:40:57.831,2.05645
2026-10-06 16:43:01.426,7.4377e-11,Torr,13.small_stm_port,spray,13.small_stm_port/MassSpecData-02115-20261006-164221.csv,2026-10-06 16:40:57.831,2.0599166666666666
2026-10-06 16:43:01.634,9.0093e-11,Torr,13.small_stm_port,spray,13.small_stm_port/MassSpecData-02115-20261006-164221.csv,2026-10-06 16:40:57.831,2.0633833333333333
2026-10-06 16:43:01.843,9.5748e-11,Torr,13.small_stm_port,spray,13.small_stm_port/MassSpecData-02115-20261006-164221.csv,2026-10-06 16:40:57.831,2.066866666666667
2026-10-06 16:43:02.051,7.8171e-11,Torr,13.small_stm_port,spray,13.small_stm_port/MassSpecData-02115-20261006-164221.csv,2026-10-06 16:40:57.831,2.070333333333333
2026-10-06 16:43:02.259,8.7155e-11,Torr,13.small_stm_port,spray,13.small_stm_port/MassSpecData-02115-20261006-164221.csv,2026-10-06 16:40:57.831,2.0738
2026-10-06 16:43:02.468,8.6376e-11,Torr,13.small_stm_port,spray,13.small_stm_port/MassSpecData-02115-20261006-164221.csv,2026-10-06 16:40:57.831,2.0772833333333334
2026-10-06 16:43:02.676,8.0379e-11,Torr,13.small_stm_port,spray,13.small_stm_port/MassSpecData-02115-20261006-164221.csv,2026-10-06 16:40:57.831,2.08075
2026-10-06 16:43:02.884,9.6269e-11,Torr,13.small_stm_port,spray,13.small_stm_port/MassSpecData-02115-20261006-164221.csv,2026-10-06 16:40:57.831,2.084216666666667
2026-10-06 16:43:03.274,8.1168e-11,Torr,13.small_stm_port,spray,13.small_stm_port/MassSpecData-02115-20261006-164303.csv,2026-10-06 16:40:57.831,2.090716666666667
2026-10-06 16:43:03.482,9.406e-11,Torr,13.small_stm_port,spray,13.small_stm_port/MassSpecData-02115-20261006-164303.csv,2026-10-06 16:40:57.831,2.094183333333333
2026-10-06 16:43:03.691,8.1547e-11,Torr,13.small_stm_port,spray,13.small_stm_port/MassSpecData-02115-20261006-164303.csv,2026-10-06 16:40:57.831,2.0976666666666666
2026-10-06 16:43:03.899,8.7029e-11,Torr,13.small_stm_port,spray,13.small_stm_port/MassSpecData-02115-20261006-164303.csv,2026-10-06 16:40:57.831,2.1011333333333333
2026-10-06 16:43:04.107,9.6409e-11,Torr,13.small_stm_port,spray,13.small_stm_port/MassSpecData-02115-20261006-164303.csv,2026-10-06 16:40:57.831,2.1046
2026-10-06 16:43:04.316,8.5005e-11,Torr,13.small_stm_port,spray,13.small_stm_port/MassSpecData-02115-20261006-164303.csv,2026-10-06 16:40:57.831,2.1080833333333335
2026-10-06 16:43:04.524,7.2376e-11,Torr,13.small_stm_port,spray,13.small_stm_port/MassSpecData-02115-20261006-164303.csv,2026-10-06 16:40:57.831,2.11155
2026-10-06 16:43:04.732,9.0262e-11,Torr,13.small_stm_port,spray,13.small_stm_port/MassSpecData-02115-20261006-164303.csv,2026-10-06 16:40:57.831,2.1150166666666665
2026-10-06 16:43:04.940,8.2717e-11,Torr,13.small_stm_port,spray,13.small_stm_port/MassSpecData-02115-20261006-164303.csv,2026-10-06 16:40:57.831,2.1184833333333333
2026-10-06 16:43:05.149,6.9038e-11,Torr,13.small_stm_port,spray,13.small_stm_port/MassSpecData-02115-20261006-164303.csv,2026-10-06 16:40:57.831,2.121966666666667
2026-10-06 16:43:05.357,8.5455e-11,Torr,13.small_stm_port,spray,13.small_stm_port/MassSpecData-02115-20261006-164303.csv,2026-10-06 16:40:57.831,2.125433333333333
2026-10-06 16:43:05.566,9.7713e-11,Torr,13.small_stm_port,spray,13.small_stm_port/MassSpecData-02115-20261006-164303.csv,2026-10-06 16:40:57.831,2.1289166666666666
2026-10-06 16:43:05.774,8.5221e-11,Torr,13.small_stm_port,spray,13.small_stm_port/MassSpecData-02115-20261006-164303.csv,2026-10-06 16:40:57.831,2.1323833333333333
2026-10-06 16:43:05.982,7.7806e-11,Torr,13.small_stm_port,spray,13.small_stm_port/MassSpecData-02115-20261006-164303.csv,2026-10-06 16:40:57.831,2.13585
2026-10-06 16:43:06.191,8.6089e-11,Torr,13.small_stm_port,spray,13.small_stm_port/MassSpecData-02115-20261006-164303.csv,2026-10-06 16:40:57.831,2.1393333333333335
2026-10-06 16:43:06.399,8.1122e-11,Torr,13.small_stm_port,spray,13.small_stm_port/MassSpecData-02115-20261006-164303.csv,2026-10-06 16:40:57.831,2.1428000000000003
2026-10-06 16:43:06.607,7.101e-11,Torr,13.small_stm_port,spray,13.small_stm_port/MassSpecData-02115-20261006-164303.csv,2026-10-06 16:40:57.831,2.146266666666667
2026-10-06 16:43:06.816,7.8162e-11,Torr,13.small_stm_port,spray,13.small_stm_port/MassSpecData-02115-20261006-164303.csv,2026-10-06 16:40:57.831,2.14975
2026-10-06 16:43:07.024,8.6631e-11,Torr,13.small_stm_port,spray,13.small_stm_port/MassSpecData-02115-20261006-164303.csv,2026-10-06 16:40:57.831,2.153216666666667
2026-10-06 16:43:07.232,8.8546e-11,Torr,13.small_stm_port,spray,13.small_stm_port/MassSpecData-02115-20261006-164303.csv,2026-10-06 16:40:57.831,2.1566833333333335
2026-10-06 16:43:07.441,8.2403e-11,Torr,13.small_stm_port,spray,13.small_stm_port/MassSpecData-02115-20261006-164303.csv,2026-10-06 16:40:57.831,2.160166666666667
2026-10-06 16:43:07.649,8.7119e-11,Torr,13.small_stm_port,spray,13.small_stm_port/MassSpecData-02115-20261006-164303.csv,2026-10-06 16:40:57.831,2.1636333333333337
2026-10-06 16:43:07.857,8.7279e-11,Torr,13.small_stm_port,spray,13.small_stm_port/MassSpecData-02115-20261006-164303.csv,2026-10-06 16:40:57.831,2.1671
2026-10-06 16:43:08.066,6.9681e-11,Torr,13.small_stm_port,spray,13.small_stm_port/MassSpecData-02115-20261006-164303.csv,2026-10-06 16:40:57.831,2.1705833333333335
2026-10-06 16:43:08.274,9.3709e-11,Torr,13.small_stm_port,spray,13.small_stm_port/MassSpecData-02115-20261006-164303.csv,2026-10-06 16:40:57.831,2.1740500000000003
2026-10-06 16:43:08.482,8.7858e-11,Torr,13.small_stm_port,spray,13.small_stm_port/MassSpecData-02115-20261006-164303.csv,2026-10-06 16:40:57.831,2.177516666666667
2026-10-06 16:43:08.690,7.6938e-11,Torr,13.small_stm_port,spray,13.small_stm_port/MassSpecData-02115-20261006-164303.csv,2026-10-06 16:40:57.831,2.1809833333333333
2026-10-06 16:43:08.899,9.0837e-11,Torr,13.small_stm_port,spray,13.small_stm_port/MassSpecData-02115-20261006-164303.csv,2026-10-06 16:40:57.831,2.184466666666667
2026-10-06 16:43:09.107,8.0045e-11,Torr,13.small_stm_port,spray,13.small_stm_port/MassSpecData-02115-20261006-164303.csv,2026-10-06 16:40:57.831,2.1879333333333335
2026-10-06 16:43:09.315,8.1072e-11,Torr,13.small_stm_port,spray,13.small_stm_port/MassSpecData-02115-20261006-164303.csv,2026-10-06 16:40:57.831,2.1914000000000002
2026-10-06 16:43:09.524,7.6163e-11,Torr,13.small_stm_port,spray,13.small_stm_port/MassSpecData-02115-20261006-164303.csv,2026-10-06 16:40:57.831,2.1948833333333337
2026-10-06 16:43:09.732,8.8302e-11,Torr,13.small_stm_port,spray,13.small_stm_port/MassSpecData-02115-20261006-164303.csv,2026-10-06 16:40:57.831,2.19835
2026-10-06 16:43:09.940,8.2232e-11,Torr,13.small_stm_port,spray,13.small_stm_port/MassSpecData-02115-20261006-164303.csv,2026-10-06 16:40:57.831,2.2018166666666668
2026-10-06 16:43:10.149,7.9715e-11,Torr,13.small_stm_port,spray,13.small_stm_port/MassSpecData-02115-20261006-164303.csv,2026-10-06 16:40:57.831,2.2053000000000003
2026-10-06 16:43:10.357,8.1793e-11,Torr,13.small_stm_port,spray,13.small_stm_port/MassSpecData-02115-20261006-164303.csv,2026-10-06 16:40:57.831,2.208766666666667
2026-10-06 16:43:10.565,7.7854e-11,Torr,13.small_stm_port,spray,13.small_stm_port/MassSpecData-02115-20261006-164303.csv,2026-10-06 16:40:57.831,2.2122333333333333
2026-10-06 16:43:10.774,6.7223e-11,Torr,13.small_stm_port,spray,13.small_stm_port/MassSpecData-02115-20261006-164303.csv,2026-10-06 16:40:57.831,2.215716666666667
2026-10-06 16:43:10.982,8.1905e-11,Torr,13.small_stm_port,spray,13.small_stm_port/MassSpecData-02115-20261006-164303.csv,2026-10-06 16:40:57.831,2.2191833333333335
2026-10-06 16:43:11.190,8.546e-11,Torr,13.small_stm_port,spray,13.small_stm_port/MassSpecData-02115-20261006-164303.csv,2026-10-06 16:40:57.831,2.2226500000000002
2026-10-06 16:43:11.399,9.4815e-11,Torr,13.small_stm_port,spray,13.small_stm_port/MassSpecData-02115-20261006-164303.csv,2026-10-06 16:40:57.831,2.2261333333333337
2026-10-06 16:43:11.607,8.5412e-11,Torr,13.small_stm_port,spray,13.small_stm_port/MassSpecData-02115-20261006-164303.csv,2026-10-06 16:40:57.831,2.2296
2026-10-06 16:43:11.815,7.6032e-11,Torr,13.small_stm_port,spray,13.small_stm_port/MassSpecData-02115-20261006-164303.csv,2026-10-06 16:40:57.831,2.2330666666666668
2026-10-06 16:43:12.024,7.6552e-11,Torr,13.small_stm_port,spray,13.small_stm_port/MassSpecData-02115-20261006-164303.csv,2026-10-06 16:40:57.831,2.2365500000000003
2026-10-06 16:43:12.232,7.9702e-11,Torr,13.small_stm_port,spray,13.small_stm_port/MassSpecData-02115-20261006-164303.csv,2026-10-06 16:40:57.831,2.240016666666667
2026-10-06 16:43:12.441,8.4089e-11,Torr,13.small_stm_port,spray,13.small_stm_port/MassSpecData-02115-20261006-164303.csv,2026-10-06 16:40:57.831,2.2435
2026-10-06 16:43:12.649,7.9533e-11,Torr,13.small_stm_port,spray,13.small_stm_port/MassSpecData-02115-20261006-164303.csv,2026-10-06 16:40:57.831,2.246966666666667
2026-10-06 16:43:12.857,8.8979e-11,Torr,13.small_stm_port,spray,13.small_stm_port/MassSpecData-02115-20261006-164303.csv,2026-10-06 16:40:57.831,2.2504333333333335
2026-10-06 16:43:13.066,7.238e-11,Torr,13.small_stm_port,spray,13.small_stm_port/MassSpecData-02115-20261006-164303.csv,2026-10-06 16:40:57.831,2.253916666666667
2026-10-06 16:43:13.274,8.3392e-11,Torr,13.small_stm_port,spray,13.small_stm_port/MassSpecData-02115-20261006-164303.csv,2026-10-06 16:40:57.831,2.2573833333333337
2026-10-06 16:43:13.482,7.3653e-11,Torr,13.small_stm_port,spray,13.small_stm_port/MassSpecData-02115-20261006-164303.csv,2026-10-06 16:40:57.831,2.26085
2026-10-06 16:43:13.691,8.4458e-11,Torr,13.small_stm_port,spray,13.small_stm_port/MassSpecData-02115-20261006-164303.csv,2026-10-06 16:40:57.831,2.2643333333333335
2026-10-06 16:43:13.899,7.8456e-11,Torr,13.small_stm_port,spray,13.small_stm_port/MassSpecData-02115-20261006-164303.csv,2026-10-06 16:40:57.831,2.2678000000000003
2026-10-06 16:43:14.107,7.7498e-11,Torr,13.small_stm_port,spray,13.small_stm_port/MassSpecData-02115-20261006-164303.csv,2026-10-06 16:40:57.831,2.271266666666667
2026-10-06 16:43:14.316,8.0035e-11,Torr,13.small_stm_port,spray,13.small_stm_port/MassSpecData-02115-20261006-164303.csv,2026-10-06 16:40:57.831,2.27475
2026-10-06 16:43:14.524,8.4342e-11,Torr,13.small_stm_port,spray,13.small_stm_port/MassSpecData-02115-20261006-164303.csv,2026-10-06 16:40:57.831,2.278216666666667
2026-10-06 16:43:14.732,8.8112e-11,Torr,13.small_stm_port,spray,13.small_stm_port/MassSpecData-02115-20261006-164303.csv,2026-10-06 16:40:57.831,2.2816833333333335
2026-10-06 16:43:14.941,8.1081e-11,Torr,13.small_stm_port,spray,13.small_stm_port/MassSpecData-02115-20261006-164303.csv,2026-10-06 16:40:57.831,2.285166666666667
2026-10-06 16:43:15.149,9.4906e-11,Torr,13.small_stm_port,spray,13.small_stm_port/MassSpecData-02115-20261006-164303.csv,2026-10-06 16:40:57.831,2.2886333333333337
2026-10-06 16:43:15.357,9.2017e-11,Torr,13.small_stm_port,spray,13.small_stm_port/MassSpecData-02115-20261006-164303.csv,2026-10-06 16:40:57.831,2.2921
2026-10-06 16:43:15.566,8.4384e-11,Torr,13.small_stm_port,spray,13.small_stm_port/MassSpecData-02115-20261006-164303.csv,2026-10-06 16:40:57.831,2.2955833333333335
2026-10-06 16:43:15.774,9.6103e-11,Torr,13.small_stm_port,spray,13.small_stm_port/MassSpecData-02115-20261006-164303.csv,2026-10-06 16:40:57.831,2.2990500000000003
2026-10-06 16:43:15.982,8.2436e-11,Torr,13.small_stm_port,spray,13.small_stm_port/MassSpecData-02115-20261006-164303.csv,2026-10-06 16:40:57.831,2.302516666666667
2026-10-06 16:43:16.191,8.2074e-11,Torr,13.small_stm_port,spray,13.small_stm_port/MassSpecData-02115-20261006-164303.csv,2026-10-06 16:40:57.831,2.306
2026-10-06 16:43:16.399,9.8789e-11,Torr,13.small_stm_port,spray,13.small_stm_port/MassSpecData-02115-20261006-164303.csv,2026-10-06 16:40:57.831,2.309466666666667
2026-10-06 16:43:16.607,8.1163e-11,Torr,13.small_stm_port,spray,13.small_stm_port/MassSpecData-02115-20261006-164303.csv,2026-10-06 16:40:57.831,2.3129333333333335
2026-10-06 16:43:16.816,7.1384e-11,Torr,13.small_stm_port,spray,13.small_stm_port/MassSpecData-02115-20261006-164303.csv,2026-10-06 16:40:57.831,2.316416666666667
2026-10-06 16:43:17.024,8.1444e-11,Torr,13.small_stm_port,spray,13.small_stm_port/MassSpecData-02115-20261006-164303.csv,2026-10-06 16:40:57.831,2.3198833333333337
2026-10-06 16:43:17.232,8.2318e-11,Torr,13.small_stm_port,spray,13.small_stm_port/MassSpecData-02115-20261006-164303.csv,2026-10-06 16:40:57.831,2.32335
2026-10-06 16:43:17.441,8.1102e-11,Torr,13.small_stm_port,spray,13.small_stm_port/MassSpecData-02115-20261006-164303.csv,2026-10-06 16:40:57.831,2.3268333333333335
2026-10-06 16:43:17.649,1.0535e-10,Torr,13.small_stm_port,spray,13.small_stm_port/MassSpecData-02115-20261006-164303.csv,2026-10-06 16:40:57.831,2.3303000000000003
2026-10-06 16:43:17.857,8.0218e-11,Torr,13.small_stm_port,spray,13.small_stm_port/MassSpecData-02115-20261006-164303.csv,2026-10-06 16:40:57.831,2.333766666666667
2026-10-06 16:43:18.066,9.5193e-11,Torr,13.small_stm_port,spray,13.small_stm_port/MassSpecData-02115-20261006-164303.csv,2026-10-06 16:40:57.831,2.33725
2026-10-06 16:43:18.274,9.1211e-11,Torr,13.small_stm_port,spray,13.small_stm_port/MassSpecData-02115-20261006-164303.csv,2026-10-06 16:40:57.831,2.340716666666667
2026-10-06 16:43:18.482,1.0581e-10,Torr,13.small_stm_port,spray,13.small_stm_port/MassSpecData-02115-20261006-164303.csv,2026-10-06 16:40:57.831,2.3441833333333335
2026-10-06 16:43:18.691,9.0982e-11,Torr,13.small_stm_port,spray,13.small_stm_port/MassSpecData-02115-20261006-164303.csv,2026-10-06 16:40:57.831,2.347666666666667
2026-10-06 16:43:18.899,8.0619e-11,Torr,13.small_stm_port,spray,13.small_stm_port/MassSpecData-02115-20261006-164303.csv,2026-10-06 16:40:57.831,2.3511333333333337
2026-10-06 16:43:19.107,8.2498e-11,Torr,13.small_stm_port,spray,13.small_stm_port/MassSpecData-02115-20261006-164303.csv,2026-10-06 16:40:57.831,2.3546
2026-10-06 16:43:19.316,9.1889e-11,Torr,13.small_stm_port,spray,13.small_stm_port/MassSpecData-02115-20261006-164303.csv,2026-10-06 16:40:57.831,2.3580833333333335
2026-10-06 16:43:19.524,7.2627e-11,Torr,13.small_stm_port,spray,13.small_stm_port/MassSpecData-02115-20261006-164303.csv,2026-10-06 16:40:57.831,2.3615500000000003
2026-10-06 16:43:19.732,9.2531e-11,Torr,13.small_stm_port,spray,13.small_stm_port/MassSpecData-02115-20261006-164303.csv,2026-10-06 16:40:57.831,2.365016666666667
2026-10-06 16:43:19.941,8.7768e-11,Torr,13.small_stm_port,spray,13.small_stm_port/MassSpecData-02115-20261006-164303.csv,2026-10-06 16:40:57.831,2.3685
2026-10-06 16:43:20.149,8.0586e-11,Torr,13.small_stm_port,spray,13.small_stm_port/MassSpecData-02115-20261006-164303.csv,2026-10-06 16:40:57.831,2.371966666666667
2026-10-06 16:43:20.357,7.4621e-11,Torr,13.small_stm_port,spray,13.small_stm_port/MassSpecData-02115-20261006-164303.csv,2026-10-06 16:40:57.831,2.3754333333333335
2026-10-06 16:43:20.566,8.7905e-11,Torr,13.small_stm_port,spray,13.small_stm_port/MassSpecData-02115-20261006-164303.csv,2026-10-06 16:40:57.831,2.378916666666667
2026-10-06 16:43:20.774,9.0495e-11,Torr,13.small_stm_port,spray,13.small_stm_port/MassSpecData-02115-20261006-164303.csv,2026-10-06 16:40:57.831,2.3823833333333337
2026-10-06 16:43:20.982,8.1943e-11,Torr,13.small_stm_port,spray,13.small_stm_port/MassSpecData-02115-20261006-164303.csv,2026-10-06 16:40:57.831,2.38585
2026-10-06 16:43:21.191,9.2608e-11,Torr,13.small_stm_port,spray,13.small_stm_port/MassSpecData-02115-20261006-164303.csv,2026-10-06 16:40:57.831,2.3893333333333335
2026-10-06 16:43:21.399,7.8163e-11,Torr,13.small_stm_port,spray,13.small_stm_port/MassSpecData-02115-20261006-164303.csv,2026-10-06 16:40:57.831,2.3928000000000003
2026-10-06 16:43:21.607,8.4262e-11,Torr,13.small_stm_port,spray,13.small_stm_port/MassSpecData-02115-20261006-164303.csv,2026-10-06 16:40:57.831,2.396266666666667
2026-10-06 16:43:21.816,8.083e-11,Torr,13.small_stm_port,spray,13.small_stm_port/MassSpecData-02115-20261006-164303.csv,2026-10-06 16:40:57.831,2.39975
2026-10-06 16:43:22.024,7.0881e-11,Torr,13.small_stm_port,spray,13.small_stm_port/MassSpecData-02115-20261006-164303.csv,2026-10-06 16:40:57.831,2.403216666666667
2026-10-06 16:43:22.232,6.932e-11,Torr,13.small_stm_port,spray,13.small_stm_port/MassSpecData-02115-20261006-164303.csv,2026-10-06 16:40:57.831,2.4066833333333335
2026-10-06 16:43:22.441,9.0823e-11,Torr,13.small_stm_port,spray,13.small_stm_port/MassSpecData-02115-20261006-164303.csv,2026-10-06 16:40:57.831,2.410166666666667
2026-10-06 16:43:22.649,7.4284e-11,Torr,13.small_stm_port,spray,13.small_stm_port/MassSpecData-02115-20261006-164303.csv,2026-10-06 16:40:57.831,2.4136333333333337
2026-10-06 16:43:22.857,7.1982e-11,Torr,13.small_stm_port,spray,13.small_stm_port/MassSpecData-02115-20261006-164303.csv,2026-10-06 16:40:57.831,2.4171
2026-10-06 16:43:23.065,6.8967e-11,Torr,13.small_stm_port,spray,13.small_stm_port/MassSpecData-02115-20261006-164303.csv,2026-10-06 16:40:57.831,2.4205666666666668
2026-10-06 16:43:23.274,8.7583e-11,Torr,13.small_stm_port,spray,13.small_stm_port/MassSpecData-02115-20261006-164303.csv,2026-10-06 16:40:57.831,2.4240500000000003
2026-10-06 16:43:23.482,9.0737e-11,Torr,13.small_stm_port,spray,13.small_stm_port/MassSpecData-02115-20261006-164303.csv,2026-10-06 16:40:57.831,2.427516666666667
2026-10-06 16:43:23.690,7.5904e-11,Torr,13.small_stm_port,spray,13.small_stm_port/MassSpecData-02115-20261006-164303.csv,2026-10-06 16:40:57.831,2.4309833333333333
2026-10-06 16:43:23.899,8.1111e-11,Torr,13.small_stm_port,spray,13.small_stm_port/MassSpecData-02115-20261006-164303.csv,2026-10-06 16:40:57.831,2.434466666666667
2026-10-06 16:43:24.107,9.0928e-11,Torr,13.small_stm_port,spray,13.small_stm_port/MassSpecData-02115-20261006-164303.csv,2026-10-06 16:40:57.831,2.4379333333333335
2026-10-06 16:43:24.315,9.0938e-11,Torr,13.small_stm_port,spray,13.small_stm_port/MassSpecData-02115-20261006-164303.csv,2026-10-06 16:40:57.831,2.4414000000000002
2026-10-06 16:43:24.524,8.7616e-11,Torr,13.small_stm_port,spray,13.small_stm_port/MassSpecData-02115-20261006-164303.csv,2026-10-06 16:40:57.831,2.4448833333333337
2026-10-06 16:43:24.732,7.5426e-11,Torr,13.small_stm_port,spray,13.small_stm_port/MassSpecData-02115-20261006-164303.csv,2026-10-06 16:40:57.831,2.44835
2026-10-06 16:43:24.940,8.5376e-11,Torr,13.small_stm_port,spray,13.small_stm_port/MassSpecData-02115-20261006-164303.csv,2026-10-06 16:40:57.831,2.4518166666666668
2026-10-06 16:43:25.149,7.7327e-11,Torr,13.small_stm_port,spray,13.small_stm_port/MassSpecData-02115-20261006-164303.csv,2026-10-06 16:40:57.831,2.4553000000000003
2026-10-06 16:43:25.357,8.5621e-11,Torr,13.small_stm_port,spray,13.small_stm_port/MassSpecData-02115-20261006-164303.csv,2026-10-06 16:40:57.831,2.458766666666667
2026-10-06 16:43:25.565,7.5511e-11,Torr,13.small_stm_port,spray,13.small_stm_port/MassSpecData-02115-20261006-164303.csv,2026-10-06 16:40:57.831,2.4622333333333333
2026-10-06 16:43:25.774,7.8989e-11,Torr,13.small_stm_port,spray,13.small_stm_port/MassSpecData-02115-20261006-164303.csv,2026-10-06 16:40:57.831,2.465716666666667
2026-10-06 16:43:25.982,9.5181e-11,Torr,13.small_stm_port,spray,13.small_stm_port/MassSpecData-02115-20261006-164303.csv,2026-10-06 16:40:57.831,2.4691833333333335
2026-10-06 16:43:26.190,7.3714e-11,Torr,13.small_stm_port,spray,13.small_stm_port/MassSpecData-02115-20261006-164303.csv,2026-10-06 16:40:57.831,2.4726500000000002
2026-10-06 16:43:26.399,8.1387e-11,Torr,13.small_stm_port,spray,13.small_stm_port/MassSpecData-02115-20261006-164303.csv,2026-10-06 16:40:57.831,2.4761333333333337
2026-10-06 16:43:26.607,8.6182e-11,Torr,13.small_stm_port,spray,13.small_stm_port/MassSpecData-02115-20261006-164303.csv,2026-10-06 16:40:57.831,2.4796
2026-10-06 16:43:26.815,7.6986e-11,Torr,13.small_stm_port,spray,13.small_stm_port/MassSpecData-02115-20261006-164303.csv,2026-10-06 16:40:57.831,2.4830666666666668
2026-10-06 16:43:27.024,7.8194e-11,Torr,13.small_stm_port,spray,13.small_stm_port/MassSpecData-02115-20261006-164303.csv,2026-10-06 16:40:57.831,2.4865500000000003
2026-10-06 16:43:27.232,7.9097e-11,Torr,13.small_stm_port,spray,13.small_stm_port/MassSpecData-02115-20261006-164303.csv,2026-10-06 16:40:57.831,2.490016666666667
2026-10-06 16:43:27.440,9.1699e-11,Torr,13.small_stm_port,spray,13.small_stm_port/MassSpecData-02115-20261006-164303.csv,2026-10-06 16:40:57.831,2.4934833333333333
2026-10-06 16:43:27.649,7.5473e-11,Torr,13.small_stm_port,spray,13.small_stm_port/MassSpecData-02115-20261006-164303.csv,2026-10-06 16:40:57.831,2.496966666666667
2026-10-06 16:43:27.857,8.0921e-11,Torr,13.small_stm_port,spray,13.small_stm_port/MassSpecData-02115-20261006-164303.csv,2026-10-06 16:40:57.831,2.5004333333333335
2026-10-06 16:43:28.065,7.8894e-11,Torr,13.small_stm_port,spray,13.small_stm_port/MassSpecData-02115-20261006-164303.csv,2026-10-06 16:40:57.831,2.5039000000000002
2026-10-06 16:43:28.274,8.8329e-11,Torr,13.small_stm_port,spray,13.small_stm_port/MassSpecData-02115-20261006-164303.csv,2026-10-06 16:40:57.831,2.5073833333333337
2026-10-06 16:43:28.482,8.5895e-11,Torr,13.small_stm_port,spray,13.small_stm_port/MassSpecData-02115-20261006-164303.csv,2026-10-06 16:40:57.831,2.51085
2026-10-06 16:43:28.690,9.5004e-11,Torr,13.small_stm_port,spray,13.small_stm_port/MassSpecData-02115-20261006-164303.csv,2026-10-06 16:40:57.831,2.5143166666666668
2026-10-06 16:43:28.899,7.5901e-11,Torr,13.small_stm_port,spray,13.small_stm_port/MassSpecData-02115-20261006-164303.csv,2026-10-06 16:40:57.831,2.5178000000000003
2026-10-06 16:43:29.107,8.2482e-11,Torr,13.small_stm_port,spray,13.small_stm_port/MassSpecData-02115-20261006-164303.csv,2026-10-06 16:40:57.831,2.521266666666667
2026-10-06 16:43:29.315,8.8031e-11,Torr,13.small_stm_port,spray,13.small_stm_port/MassSpecData-02115-20261006-164303.csv,2026-10-06 16:40:57.831,2.5247333333333333
2026-10-06 16:43:29.524,9.3718e-11,Torr,13.small_stm_port,spray,13.small_stm_port/MassSpecData-02115-20261006-164303.csv,2026-10-06 16:40:57.831,2.528216666666667
2026-10-06 16:43:29.732,8.8935e-11,Torr,13.small_stm_port,spray,13.small_stm_port/MassSpecData-02115-20261006-164303.csv,2026-10-06 16:40:57.831,2.5316833333333335
2026-10-06 16:43:29.940,7.7589e-11,Torr,13.small_stm_port,spray,13.small_stm_port/MassSpecData-02115-20261006-164303.csv,2026-10-06 16:40:57.831,2.5351500000000002
2026-10-06 16:43:30.149,8.3631e-11,Torr,13.small_stm_port,spray,13.small_stm_port/MassSpecData-02115-20261006-164303.csv,2026-10-06 16:40:57.831,2.5386333333333337
2026-10-06 16:43:30.357,7.3732e-11,Torr,13.small_stm_port,spray,13.small_stm_port/MassSpecData-02115-20261006-164303.csv,2026-10-06 16:40:57.831,2.5421
2026-10-06 16:43:30.565,7.6781e-11,Torr,13.small_stm_port,spray,13.small_stm_port/MassSpecData-02115-20261006-164303.csv,2026-10-06 16:40:57.831,2.5455666666666668
2026-10-06 16:43:30.774,8.5014e-11,Torr,13.small_stm_port,spray,13.small_stm_port/MassSpecData-02115-20261006-164303.csv,2026-10-06 16:40:57.831,2.5490500000000003
2026-10-06 16:43:30.982,7.502e-11,Torr,13.small_stm_port,spray,13.small_stm_port/MassSpecData-02115-20261006-164303.csv,2026-10-06 16:40:57.831,2.552516666666667
2026-10-06 16:43:31.190,8.8861e-11,Torr,13.small_stm_port,spray,13.small_stm_port/MassSpecData-02115-20261006-164303.csv,2026-10-06 16:40:57.831,2.5559833333333333
2026-10-06 16:43:31.399,8.0717e-11,Torr,13.small_stm_port,spray,13.small_stm_port/MassSpecData-02115-20261006-164303.csv,2026-10-06 16:40:57.831,2.559466666666667
2026-10-06 16:43:31.607,9.6842e-11,Torr,13.small_stm_port,spray,13.small_stm_port/MassSpecData-02115-20261006-164303.csv,2026-10-06 16:40:57.831,2.5629333333333335
2026-10-06 16:43:31.815,9.036e-11,Torr,13.small_stm_port,spray,13.small_stm_port/MassSpecData-02115-20261006-164303.csv,2026-10-06 16:40:57.831,2.5664000000000002
2026-10-06 16:43:32.024,7.8261e-11,Torr,13.small_stm_port,spray,13.small_stm_port/MassSpecData-02115-20261006-164303.csv,2026-10-06 16:40:57.831,2.5698833333333337
2026-10-06 16:43:32.232,8.046e-11,Torr,13.small_stm_port,spray,13.small_stm_port/MassSpecData-02115-20261006-164303.csv,2026-10-06 16:40:57.831,2.57335
2026-10-06 16:43:32.440,8.1817e-11,Torr,13.small_stm_port,spray,13.small_stm_port/MassSpecData-02115-20261006-164303.csv,2026-10-06 16:40:57.831,2.5768166666666668
2026-10-06 16:43:32.649,8.1956e-11,Torr,13.small_stm_port,spray,13.small_stm_port/MassSpecData-02115-20261006-164303.csv,2026-10-06 16:40:57.831,2.5803000000000003
2026-10-06 16:43:32.857,7.6502e-11,Torr,13.small_stm_port,spray,13.small_stm_port/MassSpecData-02115-20261006-164303.csv,2026-10-06 16:40:57.831,2.583766666666667
2026-10-06 16:43:33.065,8.3061e-11,Torr,13.small_stm_port,spray,13.small_stm_port/MassSpecData-02115-20261006-164303.csv,2026-10-06 16:40:57.831,2.5872333333333333
2026-10-06 16:43:33.274,8.4599e-11,Torr,13.small_stm_port,spray,13.small_stm_port/MassSpecData-02115-20261006-164303.csv,2026-10-06 16:40:57.831,2.590716666666667
2026-10-06 16:43:33.482,8.1642e-11,Torr,13.small_stm_port,spray,13.small_stm_port/MassSpecData-02115-20261006-164303.csv,2026-10-06 16:40:57.831,2.5941833333333335
2026-10-06 16:43:33.690,8.018e-11,Torr,13.small_stm_port,spray,13.small_stm_port/MassSpecData-02115-20261006-164303.csv,2026-10-06 16:40:57.831,2.5976500000000002
2026-10-06 16:43:33.899,9.6513e-11,Torr,13.small_stm_port,spray,13.small_stm_port/MassSpecData-02115-20261006-164303.csv,2026-10-06 16:40:57.831,2.6011333333333337
2026-10-06 16:43:34.107,8.3594e-11,Torr,13.small_stm_port,spray,13.small_stm_port/MassSpecData-02115-20261006-164303.csv,2026-10-06 16:40:57.831,2.6046
2026-10-06 16:43:34.315,7.7598e-11,Torr,13.small_stm_port,spray,13.small_stm_port/MassSpecData-02115-20261006-164303.csv,2026-10-06 16:40:57.831,2.6080666666666668
2026-10-06 16:43:34.524,8.6357e-11,Torr,13.small_stm_port,spray,13.small_stm_port/MassSpecData-02115-20261006-164303.csv,2026-10-06 16:40:57.831,2.6115500000000003
2026-10-06 16:43:34.732,8.8661e-11,Torr,13.small_stm_port,spray,13.small_stm_port/MassSpecData-02115-20261006-164303.csv,2026-10-06 16:40:57.831,2.615016666666667
2026-10-06 16:43:34.940,8.5508e-11,Torr,13.small_stm_port,spray,13.small_stm_port/MassSpecData-02115-20261006-164303.csv,2026-10-06 16:40:57.831,2.6184833333333333
2026-10-06 16:43:35.149,8.8751e-11,Torr,13.small_stm_port,spray,13.small_stm_port/MassSpecData-02115-20261006-164303.csv,2026-10-06 16:40:57.831,2.621966666666667
2026-10-06 16:43:35.357,8.7259e-11,Torr,13.small_stm_port,spray,13.small_stm_port/MassSpecData-02115-20261006-164303.csv,2026-10-06 16:40:57.831,2.6254333333333335
2026-10-06 16:43:35.565,8.1138e-11,Torr,13.small_stm_port,spray,13.small_stm_port/MassSpecData-02115-20261006-164303.csv,2026-10-06 16:40:57.831,2.6289000000000002
2026-10-06 16:43:35.774,9.6209e-11,Torr,13.small_stm_port,spray,13.small_stm_port/MassSpecData-02115-20261006-164303.csv,2026-10-06 16:40:57.831,2.6323833333333337
2026-10-06 16:43:35.982,8.2314e-11,Torr,13.small_stm_port,spray,13.small_stm_port/MassSpecData-02115-20261006-164303.csv,2026-10-06 16:40:57.831,2.63585
2026-10-06 16:43:36.190,9.5825e-11,Torr,13.small_stm_port,spray,13.small_stm_port/MassSpecData-02115-20261006-164303.csv,2026-10-06 16:40:57.831,2.6393166666666668
2026-10-06 16:43:36.399,8.2499e-11,Torr,13.small_stm_port,spray,13.small_stm_port/MassSpecData-02115-20261006-164303.csv,2026-10-06 16:40:57.831,2.6428000000000003
2026-10-06 16:43:36.607,7.9641e-11,Torr,13.small_stm_port,spray,13.small_stm_port/MassSpecData-02115-20261006-164303.csv,2026-10-06 16:40:57.831,2.646266666666667
2026-10-06 16:43:36.815,8.0938e-11,Torr,13.small_stm_port,spray,13.small_stm_port/MassSpecData-02115-20261006-164303.csv,2026-10-06 16:40:57.831,2.6497333333333333
2026-10-06 16:43:37.024,8.0857e-11,Torr,13.small_stm_port,spray,13.small_stm_port/MassSpecData-02115-20261006-164303.csv,2026-10-06 16:40:57.831,2.653216666666667
2026-10-06 16:43:37.232,7.7743e-11,Torr,13.small_stm_port,spray,13.small_stm_port/MassSpecData-02115-20261006-164303.csv,2026-10-06 16:40:57.831,2.6566833333333335
2026-10-06 16:43:37.440,7.9001e-11,Torr,13.small_stm_port,spray,13.small_stm_port/MassSpecData-02115-20261006-164303.csv,2026-10-06 16:40:57.831,2.6601500000000002
2026-10-06 16:43:37.649,9.1004e-11,Torr,13.small_stm_port,spray,13.small_stm_port/MassSpecData-02115-20261006-164303.csv,2026-10-06 16:40:57.831,2.6636333333333337
2026-10-06 16:43:37.857,7.4094e-11,Torr,13.small_stm_port,spray,13.small_stm_port/MassSpecData-02115-20261006-164303.csv,2026-10-06 16:40:57.831,2.6671
2026-10-06 16:43:38.065,7.8937e-11,Torr,13.small_stm_port,spray,13.small_stm_port/MassSpecData-02115-20261006-164303.csv,2026-10-06 16:40:57.831,2.6705666666666668
2026-10-06 16:43:38.274,7.9678e-11,Torr,13.small_stm_port,spray,13.small_stm_port/MassSpecData-02115-20261006-164303.csv,2026-10-06 16:40:57.831,2.6740500000000003
2026-10-06 16:43:38.482,8.6058e-11,Torr,13.small_stm_port,spray,13.small_stm_port/MassSpecData-02115-20261006-164303.csv,2026-10-06 16:40:57.831,2.677516666666667
2026-10-06 16:43:38.690,9.3469e-11,Torr,13.small_stm_port,spray,13.small_stm_port/MassSpecData-02115-20261006-164303.csv,2026-10-06 16:40:57.831,2.6809833333333333
2026-10-06 16:43:38.899,7.4085e-11,Torr,13.small_stm_port,spray,13.small_stm_port/MassSpecData-02115-20261006-164303.csv,2026-10-06 16:40:57.831,2.684466666666667
2026-10-06 16:43:39.107,8.8631e-11,Torr,13.small_stm_port,spray,13.small_stm_port/MassSpecData-02115-20261006-164303.csv,2026-10-06 16:40:57.831,2.6879333333333335
2026-10-06 16:43:39.315,8.8151e-11,Torr,13.small_stm_port,spray,13.small_stm_port/MassSpecData-02115-20261006-164303.csv,2026-10-06 16:40:57.831,2.6914000000000002
2026-10-06 16:43:39.524,7.7535e-11,Torr,13.small_stm_port,spray,13.small_stm_port/MassSpecData-02115-20261006-164303.csv,2026-10-06 16:40:57.831,2.6948833333333337
2026-10-06 16:43:39.732,7.881e-11,Torr,13.small_stm_port,spray,13.small_stm_port/MassSpecData-02115-20261006-164303.csv,2026-10-06 16:40:57.831,2.69835
2026-10-06 16:43:39.940,8.1707e-11,Torr,13.small_stm_port,spray,13.small_stm_port/MassSpecData-02115-20261006-164303.csv,2026-10-06 16:40:57.831,2.7018166666666668
2026-10-06 16:43:40.149,9.4693e-11,Torr,13.small_stm_port,spray,13.small_stm_port/MassSpecData-02115-20261006-164303.csv,2026-10-06 16:40:57.831,2.7053000000000003
2026-10-06 16:43:40.357,9.0629e-11,Torr,13.small_stm_port,spray,13.small_stm_port/MassSpecData-02115-20261006-164303.csv,2026-10-06 16:40:57.831,2.708766666666667
2026-10-06 16:43:40.565,8.7142e-11,Torr,13.small_stm_port,spray,13.small_stm_port/MassSpecData-02115-20261006-164303.csv,2026-10-06 16:40:57.831,2.7122333333333333
2026-10-06 16:43:40.774,8.4239e-11,Torr,13.small_stm_port,spray,13.small_stm_port/MassSpecData-02115-20261006-164303.csv,2026-10-06 16:40:57.831,2.715716666666667
2026-10-06 16:43:40.982,8.1959e-11,Torr,13.small_stm_port,spray,13.small_stm_port/MassSpecData-02115-20261006-164303.csv,2026-10-06 16:40:57.831,2.7191833333333335
2026-10-06 16:43:41.191,7.1681e-11,Torr,13.small_stm_port,spray,13.small_stm_port/MassSpecData-02115-20261006-164303.csv,2026-10-06 16:40:57.831,2.722666666666667
2026-10-06 16:43:41.399,8.5151e-11,Torr,13.small_stm_port,spray,13.small_stm_port/MassSpecData-02115-20261006-164303.csv,2026-10-06 16:40:57.831,2.7261333333333337
2026-10-06 16:43:41.607,7.4906e-11,Torr,13.small_stm_port,spray,13.small_stm_port/MassSpecData-02115-20261006-164303.csv,2026-10-06 16:40:57.831,2.7296
2026-10-06 16:43:41.816,7.5291e-11,Torr,13.small_stm_port,spray,13.small_stm_port/MassSpecData-02115-20261006-164303.csv,2026-10-06 16:40:57.831,2.7330833333333335
2026-10-06 16:43:42.024,7.304e-11,Torr,13.small_stm_port,spray,13.small_stm_port/MassSpecData-02115-20261006-164303.csv,2026-10-06 16:40:57.831,2.7365500000000003
2026-10-06 16:43:42.232,9.6864e-11,Torr,13.small_stm_port,spray,13.small_stm_port/MassSpecData-02115-20261006-164303.csv,2026-10-06 16:40:57.831,2.740016666666667
2026-10-06 16:43:42.441,9.2299e-11,Torr,13.small_stm_port,spray,13.small_stm_port/MassSpecData-02115-20261006-164303.csv,2026-10-06 16:40:57.831,2.7435
2026-10-06 16:43:42.649,8.9867e-11,Torr,13.small_stm_port,spray,13.small_stm_port/MassSpecData-02115-20261006-164303.csv,2026-10-06 16:40:57.831,2.746966666666667
2026-10-06 16:43:42.857,7.1688e-11,Torr,13.small_stm_port,spray,13.small_stm_port/MassSpecData-02115-20261006-164303.csv,2026-10-06 16:40:57.831,2.7504333333333335
2026-10-06 16:43:43.066,9.5114e-11,Torr,13.small_stm_port,spray,13.small_stm_port/MassSpecData-02115-20261006-164303.csv,2026-10-06 16:40:57.831,2.753916666666667
2026-10-06 16:43:43.274,8.1387e-11,Torr,13.small_stm_port,spray,13.small_stm_port/MassSpecData-02115-20261006-164303.csv,2026-10-06 16:40:57.831,2.7573833333333337
2026-10-06 16:43:43.482,6.8885e-11,Torr,13.small_stm_port,spray,13.small_stm_port/MassSpecData-02115-20261006-164303.csv,2026-10-06 16:40:57.831,2.76085
2026-10-06 16:43:43.691,1.0072e-10,Torr,13.small_stm_port,spray,13.small_stm_port/MassSpecData-02115-20261006-164303.csv,2026-10-06 16:40:57.831,2.7643333333333335
2026-10-06 16:43:43.899,7.4646e-11,Torr,13.small_stm_port,spray,13.small_stm_port/MassSpecData-02115-20261006-164303.csv,2026-10-06 16:40:57.831,2.7678000000000003
2026-10-06 16:43:44.107,6.8458e-11,Torr,13.small_stm_port,spray,13.small_stm_port/MassSpecData-02115-20261006-164303.csv,2026-10-06 16:40:57.831,2.771266666666667
2026-10-06 16:43:44.316,9.1836e-11,Torr,13.small_stm_port,spray,13.small_stm_port/MassSpecData-02115-20261006-164303.csv,2026-10-06 16:40:57.831,2.77475
2026-10-06 16:43:44.524,7.4837e-11,Torr,13.small_stm_port,spray,13.small_stm_port/MassSpecData-02115-20261006-164303.csv,2026-10-06 16:40:57.831,2.778216666666667
2026-10-06 16:43:44.732,7.9868e-11,Torr,13.small_stm_port,spray,13.small_stm_port/MassSpecData-02115-20261006-164303.csv,2026-10-06 16:40:57.831,2.7816833333333335
2026-10-06 16:43:45.141,7.0608e-11,Torr,13.small_stm_port,spray,13.small_stm_port/MassSpecData-02115-20261006-164345.csv,2026-10-06 16:40:57.831,2.7885
2026-10-06 16:43:45.349,8.695e-11,Torr,13.small_stm_port,spray,13.small_stm_port/MassSpecData-02115-20261006-164345.csv,2026-10-06 16:40:57.831,2.7919666666666667
2026-10-06 16:43:45.558,7.1249e-11,Torr,13.small_stm_port,spray,13.small_stm_port/MassSpecData-02115-20261006-164345.csv,2026-10-06 16:40:57.831,2.79545
2026-10-06 16:43:45.766,6.7389e-11,Torr,13.small_stm_port,spray,13.small_stm_port/MassSpecData-02115-20261006-164345.csv,2026-10-06 16:40:57.831,2.7989166666666665
2026-10-06 16:43:45.974,9.6293e-11,Torr,13.small_stm_port,spray,13.small_stm_port/MassSpecData-02115-20261006-164345.csv,2026-10-06 16:40:57.831,2.8023833333333332
2026-10-06 16:43:46.183,8.4244e-11,Torr,13.small_stm_port,spray,13.small_stm_port/MassSpecData-02115-20261006-164345.csv,2026-10-06 16:40:57.831,2.8058666666666667
2026-10-06 16:43:46.391,7.5815e-11,Torr,13.small_stm_port,spray,13.small_stm_port/MassSpecData-02115-20261006-164345.csv,2026-10-06 16:40:57.831,2.8093333333333335
2026-10-06 16:43:46.599,8.4691e-11,Torr,13.small_stm_port,spray,13.small_stm_port/MassSpecData-02115-20261006-164345.csv,2026-10-06 16:40:57.831,2.8128
2026-10-06 16:43:46.807,9.6303e-11,Torr,13.small_stm_port,spray,13.small_stm_port/MassSpecData-02115-20261006-164345.csv,2026-10-06 16:40:57.831,2.8162666666666665
2026-10-06 16:43:47.016,7.5247e-11,Torr,13.small_stm_port,spray,13.small_stm_port/MassSpecData-02115-20261006-164345.csv,2026-10-06 16:40:57.831,2.81975
2026-10-06 16:43:47.224,8.3213e-11,Torr,13.small_stm_port,spray,13.small_stm_port/MassSpecData-02115-20261006-164345.csv,2026-10-06 16:40:57.831,2.8232166666666667
2026-10-06 16:43:47.433,9.2074e-11,Torr,13.small_stm_port,spray,13.small_stm_port/MassSpecData-02115-20261006-164345.csv,2026-10-06 16:40:57.831,2.8267
2026-10-06 16:43:47.641,7.7179e-11,Torr,13.small_stm_port,spray,13.small_stm_port/MassSpecData-02115-20261006-164345.csv,2026-10-06 16:40:57.831,2.8301666666666665
2026-10-06 16:43:47.849,7.6852e-11,Torr,13.small_stm_port,spray,13.small_stm_port/MassSpecData-02115-20261006-164345.csv,2026-10-06 16:40:57.831,2.8336333333333332
2026-10-06 16:43:48.058,9.7637e-11,Torr,13.small_stm_port,spray,13.small_stm_port/MassSpecData-02115-20261006-164345.csv,2026-10-06 16:40:57.831,2.8371166666666667
2026-10-06 16:43:48.266,9.5479e-11,Torr,13.small_stm_port,spray,13.small_stm_port/MassSpecData-02115-20261006-164345.csv,2026-10-06 16:40:57.831,2.8405833333333335
2026-10-06 16:43:48.474,7.7953e-11,Torr,13.small_stm_port,spray,13.small_stm_port/MassSpecData-02115-20261006-164345.csv,2026-10-06 16:40:57.831,2.84405
2026-10-06 16:43:48.683,8.9638e-11,Torr,13.small_stm_port,spray,13.small_stm_port/MassSpecData-02115-20261006-164345.csv,2026-10-06 16:40:57.831,2.8475333333333332
2026-10-06 16:43:48.891,7.8438e-11,Torr,13.small_stm_port,spray,13.small_stm_port/MassSpecData-02115-20261006-164345.csv,2026-10-06 16:40:57.831,2.851
2026-10-06 16:43:49.099,8.3722e-11,Torr,13.small_stm_port,spray,13.small_stm_port/MassSpecData-02115-20261006-164345.csv,2026-10-06 16:40:57.831,2.8544666666666667
2026-10-06 16:43:49.308,9.0391e-11,Torr,13.small_stm_port,spray,13.small_stm_port/MassSpecData-02115-20261006-164345.csv,2026-10-06 16:40:57.831,2.85795
2026-10-06 16:43:49.516,7.6275e-11,Torr,13.small_stm_port,spray,13.small_stm_port/MassSpecData-02115-20261006-164345.csv,2026-10-06 16:40:57.831,2.8614166666666665
2026-10-06 16:43:49.724,9.9532e-11,Torr,13.small_stm_port,spray,13.small_stm_port/MassSpecData-02115-20261006-164345.csv,2026-10-06 16:40:57.831,2.8648833333333332
2026-10-06 16:43:49.933,7.9706e-11,Torr,13.small_stm_port,spray,13.small_stm_port/MassSpecData-02115-20261006-164345.csv,2026-10-06 16:40:57.831,2.8683666666666667
2026-10-06 16:43:50.141,8.2141e-11,Torr,13.small_stm_port,spray,13.small_stm_port/MassSpecData-02115-20261006-164345.csv,2026-10-06 16:40:57.831,2.8718333333333335
2026-10-06 16:43:50.349,8.2262e-11,Torr,13.small_stm_port,spray,13.small_stm_port/MassSpecData-02115-20261006-164345.csv,2026-10-06 16:40:57.831,2.8753
2026-10-06 16:43:50.557,8.1631e-11,Torr,13.small_stm_port,spray,13.small_stm_port/MassSpecData-02115-20261006-164345.csv,2026-10-06 16:40:57.831,2.8787666666666665
2026-10-06 16:43:50.766,8.5954e-11,Torr,13.small_stm_port,spray,13.small_stm_port/MassSpecData-02115-20261006-164345.csv,2026-10-06 16:40:57.831,2.88225
2026-10-06 16:43:50.974,8.1753e-11,Torr,13.small_stm_port,spray,13.small_stm_port/MassSpecData-02115-20261006-164345.csv,2026-10-06 16:40:57.831,2.8857166666666667
2026-10-06 16:43:51.182,8.6522e-11,Torr,13.small_stm_port,spray,13.small_stm_port/MassSpecData-02115-20261006-164345.csv,2026-10-06 16:40:57.831,2.8891833333333334
2026-10-06 16:43:51.391,9.0162e-11,Torr,13.small_stm_port,spray,13.small_stm_port/MassSpecData-02115-20261006-164345.csv,2026-10-06 16:40:57.831,2.8926666666666665
2026-10-06 16:43:51.599,8.4937e-11,Torr,13.small_stm_port,spray,13.small_stm_port/MassSpecData-02115-20261006-164345.csv,2026-10-06 16:40:57.831,2.8961333333333332
2026-10-06 16:43:51.807,7.978e-11,Torr,13.small_stm_port,spray,13.small_stm_port/MassSpecData-02115-20261006-164345.csv,2026-10-06 16:40:57.831,2.8996
2026-10-06 16:43:52.016,8.7722e-11,Torr,13.small_stm_port,spray,13.small_stm_port/MassSpecData-02115-20261006-164345.csv,2026-10-06 16:40:57.831,2.9030833333333335
2026-10-06 16:43:52.224,8.9212e-11,Torr,13.small_stm_port,spray,13.small_stm_port/MassSpecData-02115-20261006-164345.csv,2026-10-06 16:40:57.831,2.90655
2026-10-06 16:43:52.432,7.7262e-11,Torr,13.small_stm_port,spray,13.small_stm_port/MassSpecData-02115-20261006-164345.csv,2026-10-06 16:40:57.831,2.9100166666666665
2026-10-06 16:43:52.641,9.3045e-11,Torr,13.small_stm_port,spray,13.small_stm_port/MassSpecData-02115-20261006-164345.csv,2026-10-06 16:40:57.831,2.9135
2026-10-06 16:43:52.849,7.583e-11,Torr,13.small_stm_port,spray,13.small_stm_port/MassSpecData-02115-20261006-164345.csv,2026-10-06 16:40:57.831,2.9169666666666667
2026-10-06 16:43:53.057,7.5538e-11,Torr,13.small_stm_port,spray,13.small_stm_port/MassSpecData-02115-20261006-164345.csv,2026-10-06 16:40:57.831,2.9204333333333334
2026-10-06 16:43:53.266,8.6031e-11,Torr,13.small_stm_port,spray,13.small_stm_port/MassSpecData-02115-20261006-164345.csv,2026-10-06 16:40:57.831,2.9239166666666665
2026-10-06 16:43:53.474,7.4336e-11,Torr,13.small_stm_port,spray,13.small_stm_port/MassSpecData-02115-20261006-164345.csv,2026-10-06 16:40:57.831,2.9273833333333332
2026-10-06 16:43:53.682,8.0146e-11,Torr,13.small_stm_port,spray,13.small_stm_port/MassSpecData-02115-20261006-164345.csv,2026-10-06 16:40:57.831,2.93085
2026-10-06 16:43:53.891,9.2269e-11,Torr,13.small_stm_port,spray,13.small_stm_port/MassSpecData-02115-20261006-164345.csv,2026-10-06 16:40:57.831,2.9343333333333335
2026-10-06 16:43:54.099,1.0411e-10,Torr,13.small_stm_port,spray,13.small_stm_port/MassSpecData-02115-20261006-164345.csv,2026-10-06 16:40:57.831,2.9378
2026-10-06 16:43:54.308,8.2281e-11,Torr,13.small_stm_port,spray,13.small_stm_port/MassSpecData-02115-20261006-164345.csv,2026-10-06 16:40:57.831,2.9412833333333332
2026-10-06 16:43:54.516,8.1136e-11,Torr,13.small_stm_port,spray,13.small_stm_port/MassSpecData-02115-20261006-164345.csv,2026-10-06 16:40:57.831,2.94475
2026-10-06 16:43:54.724,8.3049e-11,Torr,13.small_stm_port,spray,13.small_stm_port/MassSpecData-02115-20261006-164345.csv,2026-10-06 16:40:57.831,2.9482166666666667
2026-10-06 16:43:54.933,8.4589e-11,Torr,13.small_stm_port,spray,13.small_stm_port/MassSpecData-02115-20261006-164345.csv,2026-10-06 16:40:57.831,2.9517
2026-10-06 16:43:55.141,7.3246e-11,Torr,13.small_stm_port,spray,13.small_stm_port/MassSpecData-02115-20261006-164345.csv,2026-10-06 16:40:57.831,2.9551666666666665
2026-10-06 16:43:55.349,9.0999e-11,Torr,13.small_stm_port,spray,13.small_stm_port/MassSpecData-02115-20261006-164345.csv,2026-10-06 16:40:57.831,2.9586333333333332
2026-10-06 16:43:55.558,7.7883e-11,Torr,13.small_stm_port,spray,13.small_stm_port/MassSpecData-02115-20261006-164345.csv,2026-10-06 16:40:57.831,2.9621166666666667
2026-10-06 16:43:55.766,7.9813e-11,Torr,13.small_stm_port,spray,13.small_stm_port/MassSpecData-02115-20261006-164345.csv,2026-10-06 16:40:57.831,2.9655833333333335
2026-10-06 16:43:55.974,8.3875e-11,Torr,13.small_stm_port,spray,13.small_stm_port/MassSpecData-02115-20261006-164345.csv,2026-10-06 16:40:57.831,2.96905
2026-10-06 16:43:56.183,8.8112e-11,Torr,13.small_stm_port,spray,13.small_stm_port/MassSpecData-02115-20261006-164345.csv,2026-10-06 16:40:57.831,2.9725333333333332
2026-10-06 16:43:56.391,1.019e-10,Torr,13.small_stm_port,spray,13.small_stm_port/MassSpecData-02115-20261006-164345.csv,2026-10-06 16:40:57.831,2.976
2026-10-06 16:43:56.599,8.3337e-11,Torr,13.small_stm_port,spray,13.small_stm_port/MassSpecData-02115-20261006-164345.csv,2026-10-06 16:40:57.831,2.9794666666666667
2026-10-06 16:43:56.808,7.5406e-11,Torr,13.small_stm_port,spray,13.small_stm_port/MassSpecData-02115-20261006-164345.csv,2026-10-06 16:40:57.831,2.98295
2026-10-06 16:43:57.016,8.1014e-11,Torr,13.small_stm_port,spray,13.small_stm_port/MassSpecData-02115-20261006-164345.csv,2026-10-06 16:40:57.831,2.9864166666666665
2026-10-06 16:43:57.224,9.2523e-11,Torr,13.small_stm_port,spray,13.small_stm_port/MassSpecData-02115-20261006-164345.csv,2026-10-06 16:40:57.831,2.9898833333333332
2026-10-06 16:43:57.433,8.1176e-11,Torr,13.small_stm_port,spray,13.small_stm_port/MassSpecData-02115-20261006-164345.csv,2026-10-06 16:40:57.831,2.9933666666666667
2026-10-06 16:43:57.641,8.4741e-11,Torr,13.small_stm_port,spray,13.small_stm_port/MassSpecData-02115-20261006-164345.csv,2026-10-06 16:40:57.831,2.9968333333333335
2026-10-06 16:43:57.849,7.7382e-11,Torr,13.small_stm_port,spray,13.small_stm_port/MassSpecData-02115-20261006-164345.csv,2026-10-06 16:40:57.831,3.0003
2026-10-06 16:43:58.058,9.5041e-11,Torr,13.small_stm_port,spray,13.small_stm_port/MassSpecData-02115-20261006-164345.csv,2026-10-06 16:40:57.831,3.0037833333333332
2026-10-06 16:43:58.266,8.4869e-11,Torr,13.small_stm_port,spray,13.small_stm_port/MassSpecData-02115-20261006-164345.csv,2026-10-06 16:40:57.831,3.00725
2026-10-06 16:43:58.474,8.8483e-11,Torr,13.small_stm_port,spray,13.small_stm_port/MassSpecData-02115-20261006-164345.csv,2026-10-06 16:40:57.831,3.0107166666666667
2026-10-06 16:43:58.683,9.5157e-11,Torr,13.small_stm_port,spray,13.small_stm_port/MassSpecData-02115-20261006-164345.csv,2026-10-06 16:40:57.831,3.0142
2026-10-06 16:43:58.891,9.2868e-11,Torr,13.small_stm_port,spray,13.small_stm_port/MassSpecData-02115-20261006-164345.csv,2026-10-06 16:40:57.831,3.0176666666666665
2026-10-06 16:43:59.099,8.5166e-11,Torr,13.small_stm_port,spray,13.small_stm_port/MassSpecData-02115-20261006-164345.csv,2026-10-06 16:40:57.831,3.0211333333333332
2026-10-06 16:43:59.308,9.0077e-11,Torr,13.small_stm_port,spray,13.small_stm_port/MassSpecData-02115-20261006-164345.csv,2026-10-06 16:40:57.831,3.0246166666666667
2026-10-06 16:43:59.516,8.5045e-11,Torr,13.small_stm_port,spray,13.small_stm_port/MassSpecData-02115-20261006-164345.csv,2026-10-06 16:40:57.831,3.0280833333333335
2026-10-06 16:43:59.724,9.0397e-11,Torr,13.small_stm_port,spray,13.small_stm_port/MassSpecData-02115-20261006-164345.csv,2026-10-06 16:40:57.831,3.03155
2026-10-06 16:43:59.933,8.6168e-11,Torr,13.small_stm_port,spray,13.small_stm_port/MassSpecData-02115-20261006-164345.csv,2026-10-06 16:40:57.831,3.0350333333333332
2026-10-06 16:44:00.141,7.6791e-11,Torr,13.small_stm_port,spray,13.small_stm_port/MassSpecData-02115-20261006-164345.csv,2026-10-06 16:40:57.831,3.0385
2026-10-06 16:44:00.349,6.7019e-11,Torr,13.small_stm_port,spray,13.small_stm_port/MassSpecData-02115-20261006-164345.csv,2026-10-06 16:40:57.831,3.0419666666666667
2026-10-06 16:44:00.558,8.307e-11,Torr,13.small_stm_port,spray,13.small_stm_port/MassSpecData-02115-20261006-164345.csv,2026-10-06 16:40:57.831,3.04545
2026-10-06 16:44:00.766,8.1273e-11,Torr,13.small_stm_port,spray,13.small_stm_port/MassSpecData-02115-20261006-164345.csv,2026-10-06 16:40:57.831,3.0489166666666665
2026-10-06 16:44:00.974,7.2459e-11,Torr,13.small_stm_port,spray,13.small_stm_port/MassSpecData-02115-20261006-164345.csv,2026-10-06 16:40:57.831,3.0523833333333332
2026-10-06 16:44:01.183,8.104e-11,Torr,13.small_stm_port,spray,13.small_stm_port/MassSpecData-02115-20261006-164345.csv,2026-10-06 16:40:57.831,3.0558666666666667
2026-10-06 16:44:01.391,8.845e-11,Torr,13.small_stm_port,spray,13.small_stm_port/MassSpecData-02115-20261006-164345.csv,2026-10-06 16:40:57.831,3.0593333333333335
2026-10-06 16:44:01.599,7.7594e-11,Torr,13.small_stm_port,spray,13.small_stm_port/MassSpecData-02115-20261006-164345.csv,2026-10-06 16:40:57.831,3.0628
2026-10-06 16:44:01.808,8.045e-11,Torr,13.small_stm_port,spray,13.small_stm_port/MassSpecData-02115-20261006-164345.csv,2026-10-06 16:40:57.831,3.0662833333333332
2026-10-06 16:44:02.016,1.0291e-10,Torr,13.small_stm_port,spray,13.small_stm_port/MassSpecData-02115-20261006-164345.csv,2026-10-06 16:40:57.831,3.06975
2026-10-06 16:44:02.224,8.6794e-11,Torr,13.small_stm_port,spray,13.small_stm_port/MassSpecData-02115-20261006-164345.csv,2026-10-06 16:40:57.831,3.0732166666666667
2026-10-06 16:44:02.433,7.5945e-11,Torr,13.small_stm_port,spray,13.small_stm_port/MassSpecData-02115-20261006-164345.csv,2026-10-06 16:40:57.831,3.0767
2026-10-06 16:44:02.641,8.5158e-11,Torr,13.small_stm_port,spray,13.small_stm_port/MassSpecData-02115-20261006-164345.csv,2026-10-06 16:40:57.831,3.0801666666666665
2026-10-06 16:44:02.849,8.96e-11,Torr,13.small_stm_port,spray,13.small_stm_port/MassSpecData-02115-20261006-164345.csv,2026-10-06 16:40:57.831,3.0836333333333332
2026-10-06 16:44:03.058,8.2806e-11,Torr,13.small_stm_port,spray,13.small_stm_port/MassSpecData-02115-20261006-164345.csv,2026-10-06 16:40:57.831,3.0871166666666667
2026-10-06 16:44:03.266,8.714e-11,Torr,13.small_stm_port,spray,13.small_stm_port/MassSpecData-02115-20261006-164345.csv,2026-10-06 16:40:57.831,3.0905833333333335
2026-10-06 16:44:03.474,7.9069e-11,Torr,13.small_stm_port,spray,13.small_stm_port/MassSpecData-02115-20261006-164345.csv,2026-10-06 16:40:57.831,3.09405
2026-10-06 16:44:03.683,8.6266e-11,Torr,13.small_stm_port,spray,13.small_stm_port/MassSpecData-02115-20261006-164345.csv,2026-10-06 16:40:57.831,3.0975333333333332
2026-10-06 16:44:03.891,8.6162e-11,Torr,13.small_stm_port,spray,13.small_stm_port/MassSpecData-02115-20261006-164345.csv,2026-10-06 16:40:57.831,3.101
2026-10-06 16:44:04.099,8.0584e-11,Torr,13.small_stm_port,spray,13.small_stm_port/MassSpecData-02115-20261006-164345.csv,2026-10-06 16:40:57.831,3.1044666666666667
2026-10-06 16:44:04.308,9.5166e-11,Torr,13.small_stm_port,spray,13.small_stm_port/MassSpecData-02115-20261006-164345.csv,2026-10-06 16:40:57.831,3.10795
2026-10-06 16:44:04.516,6.7414e-11,Torr,13.small_stm_port,spray,13.small_stm_port/MassSpecData-02115-20261006-164345.csv,2026-10-06 16:40:57.831,3.1114166666666665
2026-10-06 16:44:04.724,7.3061e-11,Torr,13.small_stm_port,spray,13.small_stm_port/MassSpecData-02115-20261006-164345.csv,2026-10-06 16:40:57.831,3.1148833333333332
2026-10-06 16:44:04.932,8.4476e-11,Torr,13.small_stm_port,spray,13.small_stm_port/MassSpecData-02115-20261006-164345.csv,2026-10-06 16:40:57.831,3.11835
2026-10-06 16:44:05.141,8.2582e-11,Torr,13.small_stm_port,spray,13.small_stm_port/MassSpecData-02115-20261006-164345.csv,2026-10-06 16:40:57.831,3.1218333333333335
2026-10-06 16:44:05.349,7.5227e-11,Torr,13.small_stm_port,spray,13.small_stm_port/MassSpecData-02115-20261006-164345.csv,2026-10-06 16:40:57.831,3.1253
2026-10-06 16:44:05.557,9.6215e-11,Torr,13.small_stm_port,spray,13.small_stm_port/MassSpecData-02115-20261006-164345.csv,2026-10-06 16:40:57.831,3.1287666666666665
2026-10-06 16:44:05.766,8.6512e-11,Torr,13.small_stm_port,spray,13.small_stm_port/MassSpecData-02115-20261006-164345.csv,2026-10-06 16:40:57.831,3.13225
2026-10-06 16:44:05.974,7.8748e-11,Torr,13.small_stm_port,spray,13.small_stm_port/MassSpecData-02115-20261006-164345.csv,2026-10-06 16:40:57.831,3.1357166666666667
2026-10-06 16:44:06.182,8.7574e-11,Torr,13.small_stm_port,spray,13.small_stm_port/MassSpecData-02115-20261006-164345.csv,2026-10-06 16:40:57.831,3.1391833333333334
2026-10-06 16:44:06.391,9.2571e-11,Torr,13.small_stm_port,spray,13.small_stm_port/MassSpecData-02115-20261006-164345.csv,2026-10-06 16:40:57.831,3.1426666666666665
2026-10-06 16:44:06.599,8.2289e-11,Torr,13.small_stm_port,spray,13.small_stm_port/MassSpecData-02115-20261006-164345.csv,2026-10-06 16:40:57.831,3.1461333333333332
2026-10-06 16:44:06.807,8.484e-11,Torr,13.small_stm_port,spray,13.small_stm_port/MassSpecData-02115-20261006-164345.csv,2026-10-06 16:40:57.831,3.1496
2026-10-06 16:44:07.016,8.4247e-11,Torr,13.small_stm_port,spray,13.small_stm_port/MassSpecData-02115-20261006-164345.csv,2026-10-06 16:40:57.831,3.1530833333333335
2026-10-06 16:44:07.224,7.6166e-11,Torr,13.small_stm_port,spray,13.small_stm_port/MassSpecData-02115-20261006-164345.csv,2026-10-06 16:40:57.831,3.15655
2026-10-06 16:44:07.432,8.3234e-11,Torr,13.small_stm_port,spray,13.small_stm_port/MassSpecData-02115-20261006-164345.csv,2026-10-06 16:40:57.831,3.1600166666666665
2026-10-06 16:44:07.641,9.583e-11,Torr,13.small_stm_port,spray,13.small_stm_port/MassSpecData-02115-20261006-164345.csv,2026-10-06 16:40:57.831,3.1635
2026-10-06 16:44:07.849,8.2123e-11,Torr,13.small_stm_port,spray,13.small_stm_port/MassSpecData-02115-20261006-164345.csv,2026-10-06 16:40:57.831,3.1669666666666667
2026-10-06 16:44:08.057,7.7389e-11,Torr,13.small_stm_port,spray,13.small_stm_port/MassSpecData-02115-20261006-164345.csv,2026-10-06 16:40:57.831,3.1704333333333334
2026-10-06 16:44:08.266,8.0872e-11,Torr,13.small_stm_port,spray,13.small_stm_port/MassSpecData-02115-20261006-164345.csv,2026-10-06 16:40:57.831,3.1739166666666665
2026-10-06 16:44:08.474,1.0426e-10,Torr,13.small_stm_port,spray,13.small_stm_port/MassSpecData-02115-20261006-164345.csv,2026-10-06 16:40:57.831,3.1773833333333332
2026-10-06 16:44:08.682,7.94e-11,Torr,13.small_stm_port,spray,13.small_stm_port/MassSpecData-02115-20261006-164345.csv,2026-10-06 16:40:57.831,3.18085
2026-10-06 16:44:08.891,7.6188e-11,Torr,13.small_stm_port,spray,13.small_stm_port/MassSpecData-02115-20261006-164345.csv,2026-10-06 16:40:57.831,3.1843333333333335
2026-10-06 16:44:09.099,7.4565e-11,Torr,13.small_stm_port,spray,13.small_stm_port/MassSpecData-02115-20261006-164345.csv,2026-10-06 16:40:57.831,3.1878
2026-10-06 16:44:09.307,8.3295e-11,Torr,13.small_stm_port,spray,13.small_stm_port/MassSpecData-02115-20261006-164345.csv,2026-10-06 16:40:57.831,3.1912666666666665
2026-10-06 16:44:09.516,9.6536e-11,Torr,13.small_stm_port,spray,13.small_stm_port/MassSpecData-02115-20261006-164345.csv,2026-10-06 16:40:57.831,3.19475
2026-10-06 16:44:09.724,8.2639e-11,Torr,13.small_stm_port,spray,13.small_stm_port/MassSpecData-02115-20261006-164345.csv,2026-10-06 16:40:57.831,3.1982166666666667
2026-10-06 16:44:09.932,7.7979e-11,Torr,13.small_stm_port,spray,13.small_stm_port/MassSpecData-02115-20261006-164345.csv,2026-10-06 16:40:57.831,3.2016833333333334
2026-10-06 16:44:10.141,7.5402e-11,Torr,13.small_stm_port,spray,13.small_stm_port/MassSpecData-02115-20261006-164345.csv,2026-10-06 16:40:57.831,3.2051666666666665
2026-10-06 16:44:10.349,8.235e-11,Torr,13.small_stm_port,spray,13.small_stm_port/MassSpecData-02115-20261006-164345.csv,2026-10-06 16:40:57.831,3.2086333333333332
2026-10-06 16:44:10.557,7.7252e-11,Torr,13.small_stm_port,spray,13.small_stm_port/MassSpecData-02115-20261006-164345.csv,2026-10-06 16:40:57.831,3.2121
2026-10-06 16:44:10.766,7.9884e-11,Torr,13.small_stm_port,spray,13.small_stm_port/MassSpecData-02115-20261006-164345.csv,2026-10-06 16:40:57.831,3.2155833333333335
2026-10-06 16:44:10.974,8.3512e-11,Torr,13.small_stm_port,spray,13.small_stm_port/MassSpecData-02115-20261006-164345.csv,2026-10-06 16:40:57.831,3.21905
2026-10-06 16:44:11.182,9.3643e-11,Torr,13.small_stm_port,spray,13.small_stm_port/MassSpecData-02115-20261006-164345.csv,2026-10-06 16:40:57.831,3.2225166666666665
2026-10-06 16:44:11.391,8.1726e-11,Torr,13.small_stm_port,spray,13.small_stm_port/MassSpecData-02115-20261006-164345.csv,2026-10-06 16:40:57.831,3.226
2026-10-06 16:44:11.599,8.3403e-11,Torr,13.small_stm_port,spray,13.small_stm_port/MassSpecData-02115-20261006-164345.csv,2026-10-06 16:40:57.831,3.2294666666666667
2026-10-06 16:44:11.807,7.6578e-11,Torr,13.small_stm_port,spray,13.small_stm_port/MassSpecData-02115-20261006-164345.csv,2026-10-06 16:40:57.831,3.2329333333333334
2026-10-06 16:44:12.016,8.1371e-11,Torr,13.small_stm_port,spray,13.small_stm_port/MassSpecData-02115-20261006-164345.csv,2026-10-06 16:40:57.831,3.2364166666666665
2026-10-06 16:44:12.224,8.838e-11,Torr,13.small_stm_port,spray,13.small_stm_port/MassSpecData-02115-20261006-164345.csv,2026-10-06 16:40:57.831,3.2398833333333332
2026-10-06 16:44:12.432,9.2202e-11,Torr,13.small_stm_port,spray,13.small_stm_port/MassSpecData-02115-20261006-164345.csv,2026-10-06 16:40:57.831,3.24335
2026-10-06 16:44:12.641,9.1785e-11,Torr,13.small_stm_port,spray,13.small_stm_port/MassSpecData-02115-20261006-164345.csv,2026-10-06 16:40:57.831,3.2468333333333335
2026-10-06 16:44:12.849,9.6151e-11,Torr,13.small_stm_port,spray,13.small_stm_port/MassSpecData-02115-20261006-164345.csv,2026-10-06 16:40:57.831,3.2503
2026-10-06 16:44:13.057,7.5242e-11,Torr,13.small_stm_port,spray,13.small_stm_port/MassSpecData-02115-20261006-164345.csv,2026-10-06 16:40:57.831,3.2537666666666665
2026-10-06 16:44:13.266,7.9388e-11,Torr,13.small_stm_port,spray,13.small_stm_port/MassSpecData-02115-20261006-164345.csv,2026-10-06 16:40:57.831,3.25725
2026-10-06 16:44:13.474,7.7797e-11,Torr,13.small_stm_port,spray,13.small_stm_port/MassSpecData-02115-20261006-164345.csv,2026-10-06 16:40:57.831,3.2607166666666667
2026-10-06 16:44:13.682,8.7332e-11,Torr,13.small_stm_port,spray,13.small_stm_port/MassSpecData-02115-20261006-164345.csv,2026-10-06 16:40:57.831,3.2641833333333334
2026-10-06 16:44:13.891,9.2948e-11,Torr,13.small_stm_port,spray,13.small_stm_port/MassSpecData-02115-20261006-164345.csv,2026-10-06 16:40:57.831,3.2676666666666665
2026-10-06 16:44:14.099,9.289e-11,Torr,13.small_stm_port,spray,13.small_stm_port/MassSpecData-02115-20261006-164345.csv,2026-10-06 16:40:57.831,3.2711333333333332
2026-10-06 16:44:14.307,8.4581e-11,Torr,13.small_stm_port,spray,13.small_stm_port/MassSpecData-02115-20261006-164345.csv,2026-10-06 16:40:57.831,3.2746
2026-10-06 16:44:14.516,8.7503e-11,Torr,13.small_stm_port,spray,13.small_stm_port/MassSpecData-02115-20261006-164345.csv,2026-10-06 16:40:57.831,3.2780833333333335
2026-10-06 16:44:14.724,7.0759e-11,Torr,13.small_stm_port,spray,13.small_stm_port/MassSpecData-02115-20261006-164345.csv,2026-10-06 16:40:57.831,3.28155
2026-10-06 16:44:14.932,9.8398e-11,Torr,13.small_stm_port,spray,13.small_stm_port/MassSpecData-02115-20261006-164345.csv,2026-10-06 16:40:57.831,3.2850166666666665
2026-10-06 16:44:15.141,7.9844e-11,Torr,13.small_stm_port,spray,13.small_stm_port/MassSpecData-02115-20261006-164345.csv,2026-10-06 16:40:57.831,3.2885
2026-10-06 16:44:15.349,7.6503e-11,Torr,13.small_stm_port,spray,13.small_stm_port/MassSpecData-02115-20261006-164345.csv,2026-10-06 16:40:57.831,3.2919666666666667
2026-10-06 16:44:15.557,7.3855e-11,Torr,13.small_stm_port,spray,13.small_stm_port/MassSpecData-02115-20261006-164345.csv,2026-10-06 16:40:57.831,3.2954333333333334
2026-10-06 16:44:15.766,9.6994e-11,Torr,13.small_stm_port,spray,13.small_stm_port/MassSpecData-02115-20261006-164345.csv,2026-10-06 16:40:57.831,3.2989166666666665
2026-10-06 16:44:15.974,9.3597e-11,Torr,13.small_stm_port,spray,13.small_stm_port/MassSpecData-02115-20261006-164345.csv,2026-10-06 16:40:57.831,3.3023833333333332
2026-10-06 16:44:16.182,8.4421e-11,Torr,13.small_stm_port,spray,13.small_stm_port/MassSpecData-02115-20261006-164345.csv,2026-10-06 16:40:57.831,3.30585
2026-10-06 16:44:16.391,8.9958e-11,Torr,13.small_stm_port,spray,13.small_stm_port/MassSpecData-02115-20261006-164345.csv,2026-10-06 16:40:57.831,3.3093333333333335
2026-10-06 16:44:16.599,8.3371e-11,Torr,13.small_stm_port,spray,13.small_stm_port/MassSpecData-02115-20261006-164345.csv,2026-10-06 16:40:57.831,3.3128
2026-10-06 16:44:16.807,9.25e-11,Torr,13.small_stm_port,spray,13.small_stm_port/MassSpecData-02115-20261006-164345.csv,2026-10-06 16:40:57.831,3.3162666666666665
2026-10-06 16:44:17.016,7.5438e-11,Torr,13.small_stm_port,spray,13.small_stm_port/MassSpecData-02115-20261006-164345.csv,2026-10-06 16:40:57.831,3.31975
2026-10-06 16:44:17.224,7.6702e-11,Torr,13.small_stm_port,spray,13.small_stm_port/MassSpecData-02115-20261006-164345.csv,2026-10-06 16:40:57.831,3.3232166666666667
2026-10-06 16:44:17.432,8.5515e-11,Torr,13.small_stm_port,spray,13.small_stm_port/MassSpecData-02115-20261006-164345.csv,2026-10-06 16:40:57.831,3.3266833333333334
2026-10-06 16:44:17.641,7.7493e-11,Torr,13.small_stm_port,spray,13.small_stm_port/MassSpecData-02115-20261006-164345.csv,2026-10-06 16:40:57.831,3.3301666666666665
2026-10-06 16:44:17.849,7.6313e-11,Torr,13.small_stm_port,spray,13.small_stm_port/MassSpecData-02115-20261006-164345.csv,2026-10-06 16:40:57.831,3.3336333333333332
2026-10-06 16:44:18.057,7.2336e-11,Torr,13.small_stm_port,spray,13.small_stm_port/MassSpecData-02115-20261006-164345.csv,2026-10-06 16:40:57.831,3.3371
2026-10-06 16:44:18.266,8.0737e-11,Torr,13.small_stm_port,spray,13.small_stm_port/MassSpecData-02115-20261006-164345.csv,2026-10-06 16:40:57.831,3.3405833333333335
2026-10-06 16:44:18.474,8.3419e-11,Torr,13.small_stm_port,spray,13.small_stm_port/MassSpecData-02115-20261006-164345.csv,2026-10-06 16:40:57.831,3.34405
2026-10-06 16:44:18.682,7.5676e-11,Torr,13.small_stm_port,spray,13.small_stm_port/MassSpecData-02115-20261006-164345.csv,2026-10-06 16:40:57.831,3.3475166666666665
2026-10-06 16:44:18.891,8.1894e-11,Torr,13.small_stm_port,spray,13.small_stm_port/MassSpecData-02115-20261006-164345.csv,2026-10-06 16:40:57.831,3.351
2026-10-06 16:44:19.099,8.0976e-11,Torr,13.small_stm_port,spray,13.small_stm_port/MassSpecData-02115-20261006-164345.csv,2026-10-06 16:40:57.831,3.3544666666666667
2026-10-06 16:44:19.307,9.1025e-11,Torr,13.small_stm_port,spray,13.small_stm_port/MassSpecData-02115-20261006-164345.csv,2026-10-06 16:40:57.831,3.3579333333333334
2026-10-06 16:44:19.516,9.3039e-11,Torr,13.small_stm_port,spray,13.small_stm_port/MassSpecData-02115-20261006-164345.csv,2026-10-06 16:40:57.831,3.3614166666666665
2026-10-06 16:44:19.724,8.4354e-11,Torr,13.small_stm_port,spray,13.small_stm_port/MassSpecData-02115-20261006-164345.csv,2026-10-06 16:40:57.831,3.3648833333333332
2026-10-06 16:44:19.932,8.0688e-11,Torr,13.small_stm_port,spray,13.small_stm_port/MassSpecData-02115-20261006-164345.csv,2026-10-06 16:40:57.831,3.36835
2026-10-06 16:44:20.141,8.1184e-11,Torr,13.small_stm_port,spray,13.small_stm_port/MassSpecData-02115-20261006-164345.csv,2026-10-06 16:40:57.831,3.3718333333333335
2026-10-06 16:44:20.349,7.7924e-11,Torr,13.small_stm_port,spray,13.small_stm_port/MassSpecData-02115-20261006-164345.csv,2026-10-06 16:40:57.831,3.3753
2026-10-06 16:44:20.557,9.7403e-11,Torr,13.small_stm_port,spray,13.small_stm_port/MassSpecData-02115-20261006-164345.csv,2026-10-06 16:40:57.831,3.3787666666666665
2026-10-06 16:44:20.766,7.8574e-11,Torr,13.small_stm_port,spray,13.small_stm_port/MassSpecData-02115-20261006-164345.csv,2026-10-06 16:40:57.831,3.38225
2026-10-06 16:44:20.974,7.0943e-11,Torr,13.small_stm_port,spray,13.small_stm_port/MassSpecData-02115-20261006-164345.csv,2026-10-06 16:40:57.831,3.3857166666666667
2026-10-06 16:44:21.182,8.9217e-11,Torr,13.small_stm_port,spray,13.small_stm_port/MassSpecData-02115-20261006-164345.csv,2026-10-06 16:40:57.831,3.3891833333333334
2026-10-06 16:44:21.391,8.5243e-11,Torr,13.small_stm_port,spray,13.small_stm_port/MassSpecData-02115-20261006-164345.csv,2026-10-06 16:40:57.831,3.3926666666666665
2026-10-06 16:44:21.599,8.6652e-11,Torr,13.small_stm_port,spray,13.small_stm_port/MassSpecData-02115-20261006-164345.csv,2026-10-06 16:40:57.831,3.3961333333333332
2026-10-06 16:44:21.807,8.9838e-11,Torr,13.small_stm_port,spray,13.small_stm_port/MassSpecData-02115-20261006-164345.csv,2026-10-06 16:40:57.831,3.3996
2026-10-06 16:44:22.016,8.2533e-11,Torr,13.small_stm_port,spray,13.small_stm_port/MassSpecData-02115-20261006-164345.csv,2026-10-06 16:40:57.831,3.4030833333333335
2026-10-06 16:44:22.224,8.871e-11,Torr,13.small_stm_port,spray,13.small_stm_port/MassSpecData-02115-20261006-164345.csv,2026-10-06 16:40:57.831,3.40655
2026-10-06 16:44:22.432,7.7648e-11,Torr,13.small_stm_port,spray,13.small_stm_port/MassSpecData-02115-20261006-164345.csv,2026-10-06 16:40:57.831,3.4100166666666665
2026-10-06 16:44:22.641,7.1475e-11,Torr,13.small_stm_port,spray,13.small_stm_port/MassSpecData-02115-20261006-164345.csv,2026-10-06 16:40:57.831,3.4135
2026-10-06 16:44:22.849,7.8241e-11,Torr,13.small_stm_port,spray,13.small_stm_port/MassSpecData-02115-20261006-164345.csv,2026-10-06 16:40:57.831,3.4169666666666667
2026-10-06 16:44:23.058,9.4428e-11,Torr,13.small_stm_port,spray,13.small_stm_port/MassSpecData-02115-20261006-164345.csv,2026-10-06 16:40:57.831,3.42045
2026-10-06 16:44:23.266,6.5684e-11,Torr,13.small_stm_port,spray,13.small_stm_port/MassSpecData-02115-20261006-164345.csv,2026-10-06 16:40:57.831,3.4239166666666665
2026-10-06 16:44:23.474,8.8485e-11,Torr,13.small_stm_port,spray,13.small_stm_port/MassSpecData-02115-20261006-164345.csv,2026-10-06 16:40:57.831,3.4273833333333332
2026-10-06 16:44:23.683,7.3369e-11,Torr,13.small_stm_port,spray,13.small_stm_port/MassSpecData-02115-20261006-164345.csv,2026-10-06 16:40:57.831,3.4308666666666667
2026-10-06 16:44:23.891,8.1579e-11,Torr,13.small_stm_port,spray,13.small_stm_port/MassSpecData-02115-20261006-164345.csv,2026-10-06 16:40:57.831,3.4343333333333335
2026-10-06 16:44:24.099,7.4644e-11,Torr,13.small_stm_port,spray,13.small_stm_port/MassSpecData-02115-20261006-164345.csv,2026-10-06 16:40:57.831,3.4378
2026-10-06 16:44:24.308,9.4548e-11,Torr,13.small_stm_port,spray,13.small_stm_port/MassSpecData-02115-20261006-164345.csv,2026-10-06 16:40:57.831,3.4412833333333332
2026-10-06 16:44:24.516,1.0137e-10,Torr,13.small_stm_port,spray,13.small_stm_port/MassSpecData-02115-20261006-164345.csv,2026-10-06 16:40:57.831,3.44475
2026-10-06 16:44:24.724,8.7941e-11,Torr,13.small_stm_port,spray,13.small_stm_port/MassSpecData-02115-20261006-164345.csv,2026-10-06 16:40:57.831,3.4482166666666667
2026-10-06 16:44:24.933,7.9926e-11,Torr,13.small_stm_port,spray,13.small_stm_port/MassSpecData-02115-20261006-164345.csv,2026-10-06 16:40:57.831,3.4517
2026-10-06 16:44:25.141,7.5102e-11,Torr,13.small_stm_port,spray,13.small_stm_port/MassSpecData-02115-20261006-164345.csv,2026-10-06 16:40:57.831,3.4551666666666665
2026-10-06 16:44:25.349,7.5414e-11,Torr,13.small_stm_port,spray,13.small_stm_port/MassSpecData-02115-20261006-164345.csv,2026-10-06 16:40:57.831,3.4586333333333332
2026-10-06 16:44:25.558,8.0377e-11,Torr,13.small_stm_port,spray,13.small_stm_port/MassSpecData-02115-20261006-164345.csv,2026-10-06 16:40:57.831,3.4621166666666667
2026-10-06 16:44:25.766,8.4611e-11,Torr,13.small_stm_port,spray,13.small_stm_port/MassSpecData-02115-20261006-164345.csv,2026-10-06 16:40:57.831,3.4655833333333335
2026-10-06 16:44:25.974,7.9964e-11,Torr,13.small_stm_port,spray,13.small_stm_port/MassSpecData-02115-20261006-164345.csv,2026-10-06 16:40:57.831,3.46905
2026-10-06 16:44:26.183,8.2271e-11,Torr,13.small_stm_port,spray,13.small_stm_port/MassSpecData-02115-20261006-164345.csv,2026-10-06 16:40:57.831,3.4725333333333332
2026-10-06 16:44:26.391,8.9832e-11,Torr,13.small_stm_port,spray,13.small_stm_port/MassSpecData-02115-20261006-164345.csv,2026-10-06 16:40:57.831,3.476
2026-10-06 16:44:26.599,8.7469e-11,Torr,13.small_stm_port,spray,13.small_stm_port/MassSpecData-02115-20261006-164345.csv,2026-10-06 16:40:57.831,3.4794666666666667
2026-10-06 16:44:26.878,7.4618e-11,Torr,13.small_stm_port,spray,13.small_stm_port/MassSpecData-02115-20261006-164426.csv,2026-10-06 16:40:57.831,3.4841166666666665
2026-10-06 16:44:27.086,6.6441e-11,Torr,13.small_stm_port,spray,13.small_stm_port/MassSpecData-02115-20261006-164426.csv,2026-10-06 16:40:57.831,3.4875833333333333
2026-10-06 16:44:27.295,8.0343e-11,Torr,13.small_stm_port,spray,13.small_stm_port/MassSpecData-02115-20261006-164426.csv,2026-10-06 16:40:57.831,3.4910666666666668
2026-10-06 16:44:27.503,8.2271e-11,Torr,13.small_stm_port,spray,13.small_stm_port/MassSpecData-02115-20261006-164426.csv,2026-10-06 16:40:57.831,3.4945333333333335
2026-10-06 16:44:27.711,8.6225e-11,Torr,13.small_stm_port,spray,13.small_stm_port/MassSpecData-02115-20261006-164426.csv,2026-10-06 16:40:57.831,3.4979999999999998
2026-10-06 16:44:27.920,8.424e-11,Torr,13.small_stm_port,spray,13.small_stm_port/MassSpecData-02115-20261006-164426.csv,2026-10-06 16:40:57.831,3.5014833333333333
2026-10-06 16:44:28.128,8.9745e-11,Torr,13.small_stm_port,spray,13.small_stm_port/MassSpecData-02115-20261006-164426.csv,2026-10-06 16:40:57.831,3.50495
2026-10-06 16:44:28.336,1.0036e-10,Torr,13.small_stm_port,spray,13.small_stm_port/MassSpecData-02115-20261006-164426.csv,2026-10-06 16:40:57.831,3.5084166666666667
2026-10-06 16:44:28.544,7.6169e-11,Torr,13.small_stm_port,spray,13.small_stm_port/MassSpecData-02115-20261006-164426.csv,2026-10-06 16:40:57.831,3.511883333333333
2026-10-06 16:44:28.753,7.9645e-11,Torr,13.small_stm_port,spray,13.small_stm_port/MassSpecData-02115-20261006-164426.csv,2026-10-06 16:40:57.831,3.5153666666666665
2026-10-06 16:44:28.961,7.3574e-11,Torr,13.small_stm_port,spray,13.small_stm_port/MassSpecData-02115-20261006-164426.csv,2026-10-06 16:40:57.831,3.5188333333333333
2026-10-06 16:44:29.170,8.287e-11,Torr,13.small_stm_port,spray,13.small_stm_port/MassSpecData-02115-20261006-164426.csv,2026-10-06 16:40:57.831,3.5223166666666668
2026-10-06 16:44:29.378,7.7366e-11,Torr,13.small_stm_port,spray,13.small_stm_port/MassSpecData-02115-20261006-164426.csv,2026-10-06 16:40:57.831,3.5257833333333335
2026-10-06 16:44:29.586,8.698e-11,Torr,13.small_stm_port,spray,13.small_stm_port/MassSpecData-02115-20261006-164426.csv,2026-10-06 16:40:57.831,3.5292499999999998
2026-10-06 16:44:29.795,7.4256e-11,Torr,13.small_stm_port,spray,13.small_stm_port/MassSpecData-02115-20261006-164426.csv,2026-10-06 16:40:57.831,3.5327333333333333
2026-10-06 16:44:30.003,8.1953e-11,Torr,13.small_stm_port,spray,13.small_stm_port/MassSpecData-02115-20261006-164426.csv,2026-10-06 16:40:57.831,3.5362
2026-10-06 16:44:30.211,8.1362e-11,Torr,13.small_stm_port,spray,13.small_stm_port/MassSpecData-02115-20261006-164426.csv,2026-10-06 16:40:57.831,3.5396666666666667
2026-10-06 16:44:30.420,7.8603e-11,Torr,13.small_stm_port,spray,13.small_stm_port/MassSpecData-02115-20261006-164426.csv,2026-10-06 16:40:57.831,3.54315
2026-10-06 16:44:30.628,8.8734e-11,Torr,13.small_stm_port,spray,13.small_stm_port/MassSpecData-02115-20261006-164426.csv,2026-10-06 16:40:57.831,3.5466166666666665
2026-10-06 16:44:30.836,7.9365e-11,Torr,13.small_stm_port,spray,13.small_stm_port/MassSpecData-02115-20261006-164426.csv,2026-10-06 16:40:57.831,3.5500833333333333
2026-10-06 16:44:31.045,8.2105e-11,Torr,13.small_stm_port,spray,13.small_stm_port/MassSpecData-02115-20261006-164426.csv,2026-10-06 16:40:57.831,3.5535666666666668
2026-10-06 16:44:31.253,8.4988e-11,Torr,13.small_stm_port,spray,13.small_stm_port/MassSpecData-02115-20261006-164426.csv,2026-10-06 16:40:57.831,3.5570333333333335
2026-10-06 16:44:31.461,8.1994e-11,Torr,13.small_stm_port,spray,13.small_stm_port/MassSpecData-02115-20261006-164426.csv,2026-10-06 16:40:57.831,3.5604999999999998
2026-10-06 16:44:31.670,6.9454e-11,Torr,13.small_stm_port,spray,13.small_stm_port/MassSpecData-02115-20261006-164426.csv,2026-10-06 16:40:57.831,3.5639833333333333
2026-10-06 16:44:31.878,9.0353e-11,Torr,13.small_stm_port,spray,13.small_stm_port/MassSpecData-02115-20261006-164426.csv,2026-10-06 16:40:57.831,3.56745
2026-10-06 16:44:32.086,8.8012e-11,Torr,13.small_stm_port,spray,13.small_stm_port/MassSpecData-02115-20261006-164426.csv,2026-10-06 16:40:57.831,3.5709166666666667
2026-10-06 16:44:32.294,7.6158e-11,Torr,13.small_stm_port,spray,13.small_stm_port/MassSpecData-02115-20261006-164426.csv,2026-10-06 16:40:57.831,3.574383333333333
2026-10-06 16:44:32.503,7.7618e-11,Torr,13.small_stm_port,spray,13.small_stm_port/MassSpecData-02115-20261006-164426.csv,2026-10-06 16:40:57.831,3.5778666666666665
2026-10-06 16:44:32.711,8.4261e-11,Torr,13.small_stm_port,spray,13.small_stm_port/MassSpecData-02115-20261006-164426.csv,2026-10-06 16:40:57.831,3.5813333333333333
2026-10-06 16:44:32.919,9.0256e-11,Torr,13.small_stm_port,spray,13.small_stm_port/MassSpecData-02115-20261006-164426.csv,2026-10-06 16:40:57.831,3.5848
2026-10-06 16:44:33.128,8.1047e-11,Torr,13.small_stm_port,spray,13.small_stm_port/MassSpecData-02115-20261006-164426.csv,2026-10-06 16:40:57.831,3.5882833333333335
2026-10-06 16:44:33.336,1.0119e-10,Torr,13.small_stm_port,spray,13.small_stm_port/MassSpecData-02115-20261006-164426.csv,2026-10-06 16:40:57.831,3.5917499999999998
2026-10-06 16:44:33.544,8.4441e-11,Torr,13.small_stm_port,spray,13.small_stm_port/MassSpecData-02115-20261006-164426.csv,2026-10-06 16:40:57.831,3.5952166666666665
2026-10-06 16:44:33.753,8.2294e-11,Torr,13.small_stm_port,spray,13.small_stm_port/MassSpecData-02115-20261006-164426.csv,2026-10-06 16:40:57.831,3.5987
2026-10-06 16:44:33.961,8.2466e-11,Torr,13.small_stm_port,spray,13.small_stm_port/MassSpecData-02115-20261006-164426.csv,2026-10-06 16:40:57.831,3.6021666666666667
2026-10-06 16:44:34.169,8.738e-11,Torr,13.small_stm_port,spray,13.small_stm_port/MassSpecData-02115-20261006-164426.csv,2026-10-06 16:40:57.831,3.605633333333333
2026-10-06 16:44:34.378,7.4648e-11,Torr,13.small_stm_port,spray,13.small_stm_port/MassSpecData-02115-20261006-164426.csv,2026-10-06 16:40:57.831,3.6091166666666665
2026-10-06 16:44:34.586,9.1625e-11,Torr,13.small_stm_port,spray,13.small_stm_port/MassSpecData-02115-20261006-164426.csv,2026-10-06 16:40:57.831,3.6125833333333333
2026-10-06 16:44:34.794,8.2497e-11,Torr,13.small_stm_port,spray,13.small_stm_port/MassSpecData-02115-20261006-164426.csv,2026-10-06 16:40:57.831,3.61605
2026-10-06 16:44:35.003,7.2924e-11,Torr,13.small_stm_port,spray,13.small_stm_port/MassSpecData-02115-20261006-164426.csv,2026-10-06 16:40:57.831,3.6195333333333335
2026-10-06 16:44:35.211,8.9042e-11,Torr,13.small_stm_port,spray,13.small_stm_port/MassSpecData-02115-20261006-164426.csv,2026-10-06 16:40:57.831,3.6229999999999998
2026-10-06 16:44:35.419,7.8825e-11,Torr,13.small_stm_port,spray,13.small_stm_port/MassSpecData-02115-20261006-164426.csv,2026-10-06 16:40:57.831,3.6264666666666665
2026-10-06 16:44:35.628,8.7868e-11,Torr,13.small_stm_port,spray,13.small_stm_port/MassSpecData-02115-20261006-164426.csv,2026-10-06 16:40:57.831,3.62995
2026-10-06 16:44:35.836,7.0398e-11,Torr,13.small_stm_port,spray,13.small_stm_port/MassSpecData-02115-20261006-164426.csv,2026-10-06 16:40:57.831,3.6334166666666667
2026-10-06 16:44:36.045,6.912e-11,Torr,13.small_stm_port,spray,13.small_stm_port/MassSpecData-02115-20261006-164426.csv,2026-10-06 16:40:57.831,3.6369
2026-10-06 16:44:36.253,7.6125e-11,Torr,13.small_stm_port,spray,13.small_stm_port/MassSpecData-02115-20261006-164426.csv,2026-10-06 16:40:57.831,3.6403666666666665
2026-10-06 16:44:36.461,7.8266e-11,Torr,13.small_stm_port,spray,13.small_stm_port/MassSpecData-02115-20261006-164426.csv,2026-10-06 16:40:57.831,3.6438333333333333
2026-10-06 16:44:36.670,8.9254e-11,Torr,13.small_stm_port,spray,13.small_stm_port/MassSpecData-02115-20261006-164426.csv,2026-10-06 16:40:57.831,3.6473166666666668
2026-10-06 16:44:36.878,9.1799e-11,Torr,13.small_stm_port,spray,13.small_stm_port/MassSpecData-02115-20261006-164426.csv,2026-10-06 16:40:57.831,3.6507833333333335
2026-10-06 16:44:37.086,7.2443e-11,Torr,13.small_stm_port,spray,13.small_stm_port/MassSpecData-02115-20261006-164426.csv,2026-10-06 16:40:57.831,3.6542499999999998
2026-10-06 16:44:37.295,7.8232e-11,Torr,13.small_stm_port,spray,13.small_stm_port/MassSpecData-02115-20261006-164426.csv,2026-10-06 16:40:57.831,3.6577333333333333
2026-10-06 16:44:37.503,9.1609e-11,Torr,13.small_stm_port,spray,13.small_stm_port/MassSpecData-02115-20261006-164426.csv,2026-10-06 16:40:57.831,3.6612
2026-10-06 16:44:37.711,9.9453e-11,Torr,13.small_stm_port,spray,13.small_stm_port/MassSpecData-02115-20261006-164426.csv,2026-10-06 16:40:57.831,3.6646666666666667
2026-10-06 16:44:37.920,9.0928e-11,Torr,13.small_stm_port,spray,13.small_stm_port/MassSpecData-02115-20261006-164426.csv,2026-10-06 16:40:57.831,3.66815
2026-10-06 16:44:38.128,7.9209e-11,Torr,13.small_stm_port,spray,13.small_stm_port/MassSpecData-02115-20261006-164426.csv,2026-10-06 16:40:57.831,3.6716166666666665
2026-10-06 16:44:38.336,9.3841e-11,Torr,13.small_stm_port,spray,13.small_stm_port/MassSpecData-02115-20261006-164426.csv,2026-10-06 16:40:57.831,3.6750833333333333
2026-10-06 16:44:38.545,9.6554e-11,Torr,13.small_stm_port,spray,13.small_stm_port/MassSpecData-02115-20261006-164426.csv,2026-10-06 16:40:57.831,3.6785666666666668
2026-10-06 16:44:38.753,8.2046e-11,Torr,13.small_stm_port,spray,13.small_stm_port/MassSpecData-02115-20261006-164426.csv,2026-10-06 16:40:57.831,3.6820333333333335
2026-10-06 16:44:38.961,7.7364e-11,Torr,13.small_stm_port,spray,13.small_stm_port/MassSpecData-02115-20261006-164426.csv,2026-10-06 16:40:57.831,3.6854999999999998
2026-10-06 16:44:39.170,6.8634e-11,Torr,13.small_stm_port,spray,13.small_stm_port/MassSpecData-02115-20261006-164426.csv,2026-10-06 16:40:57.831,3.6889833333333333
2026-10-06 16:44:39.378,8.3837e-11,Torr,13.small_stm_port,spray,13.small_stm_port/MassSpecData-02115-20261006-164426.csv,2026-10-06 16:40:57.831,3.69245
2026-10-06 16:44:39.586,8.3244e-11,Torr,13.small_stm_port,spray,13.small_stm_port/MassSpecData-02115-20261006-164426.csv,2026-10-06 16:40:57.831,3.6959166666666667
2026-10-06 16:44:39.795,8.3859e-11,Torr,13.small_stm_port,spray,13.small_stm_port/MassSpecData-02115-20261006-164426.csv,2026-10-06 16:40:57.831,3.6994
2026-10-06 16:44:40.003,1.1179e-10,Torr,13.small_stm_port,spray,13.small_stm_port/MassSpecData-02115-20261006-164426.csv,2026-10-06 16:40:57.831,3.7028666666666665
2026-10-06 16:44:40.211,9.2998e-11,Torr,13.small_stm_port,spray,13.small_stm_port/MassSpecData-02115-20261006-164426.csv,2026-10-06 16:40:57.831,3.7063333333333333
2026-10-06 16:44:40.420,9.1674e-11,Torr,13.small_stm_port,spray,13.small_stm_port/MassSpecData-02115-20261006-164426.csv,2026-10-06 16:40:57.831,3.7098166666666668
2026-10-06 16:44:40.628,7.6624e-11,Torr,13.small_stm_port,spray,13.small_stm_port/MassSpecData-02115-20261006-164426.csv,2026-10-06 16:40:57.831,3.7132833333333335
2026-10-06 16:44:40.836,8.5515e-11,Torr,13.small_stm_port,spray,13.small_stm_port/MassSpecData-02115-20261006-164426.csv,2026-10-06 16:40:57.831,3.7167499999999998
2026-10-06 16:44:41.045,8.0518e-11,Torr,13.small_stm_port,spray,13.small_stm_port/MassSpecData-02115-20261006-164426.csv,2026-10-06 16:40:57.831,3.7202333333333333
2026-10-06 16:44:41.253,8.5715e-11,Torr,13.small_stm_port,spray,13.small_stm_port/MassSpecData-02115-20261006-164426.csv,2026-10-06 16:40:57.831,3.7237
2026-10-06 16:44:41.461,7.5358e-11,Torr,13.small_stm_port,spray,13.small_stm_port/MassSpecData-02115-20261006-164426.csv,2026-10-06 16:40:57.831,3.7271666666666667
2026-10-06 16:44:41.670,7.9005e-11,Torr,13.small_stm_port,spray,13.small_stm_port/MassSpecData-02115-20261006-164426.csv,2026-10-06 16:40:57.831,3.73065
2026-10-06 16:44:41.878,8.2771e-11,Torr,13.small_stm_port,spray,13.small_stm_port/MassSpecData-02115-20261006-164426.csv,2026-10-06 16:40:57.831,3.7341166666666665
2026-10-06 16:44:42.086,8.6084e-11,Torr,13.small_stm_port,spray,13.small_stm_port/MassSpecData-02115-20261006-164426.csv,2026-10-06 16:40:57.831,3.7375833333333333
2026-10-06 16:44:42.295,8.0166e-11,Torr,13.small_stm_port,spray,13.small_stm_port/MassSpecData-02115-20261006-164426.csv,2026-10-06 16:40:57.831,3.7410666666666668
2026-10-06 16:44:42.503,8.8315e-11,Torr,13.small_stm_port,spray,13.small_stm_port/MassSpecData-02115-20261006-164426.csv,2026-10-06 16:40:57.831,3.7445333333333335
2026-10-06 16:44:42.711,8.1298e-11,Torr,13.small_stm_port,spray,13.small_stm_port/MassSpecData-02115-20261006-164426.csv,2026-10-06 16:40:57.831,3.7479999999999998
2026-10-06 16:44:42.920,8.0462e-11,Torr,13.small_stm_port,spray,13.small_stm_port/MassSpecData-02115-20261006-164426.csv,2026-10-06 16:40:57.831,3.7514833333333333
2026-10-06 16:44:43.128,9.0693e-11,Torr,13.small_stm_port,spray,13.small_stm_port/MassSpecData-02115-20261006-164426.csv,2026-10-06 16:40:57.831,3.75495
2026-10-06 16:44:43.336,8.7979e-11,Torr,13.small_stm_port,spray,13.small_stm_port/MassSpecData-02115-20261006-164426.csv,2026-10-06 16:40:57.831,3.7584166666666667
2026-10-06 16:44:43.545,8.8744e-11,Torr,13.small_stm_port,spray,13.small_stm_port/MassSpecData-02115-20261006-164426.csv,2026-10-06 16:40:57.831,3.7619
2026-10-06 16:44:43.753,9.1693e-11,Torr,13.small_stm_port,spray,13.small_stm_port/MassSpecData-02115-20261006-164426.csv,2026-10-06 16:40:57.831,3.7653666666666665
2026-10-06 16:44:43.961,9.526e-11,Torr,13.small_stm_port,spray,13.small_stm_port/MassSpecData-02115-20261006-164426.csv,2026-10-06 16:40:57.831,3.7688333333333333
2026-10-06 16:44:44.170,7.8742e-11,Torr,13.small_stm_port,spray,13.small_stm_port/MassSpecData-02115-20261006-164426.csv,2026-10-06 16:40:57.831,3.7723166666666668
2026-10-06 16:44:44.378,7.6044e-11,Torr,13.small_stm_port,spray,13.small_stm_port/MassSpecData-02115-20261006-164426.csv,2026-10-06 16:40:57.831,3.7757833333333335
2026-10-06 16:44:44.586,7.8101e-11,Torr,13.small_stm_port,spray,13.small_stm_port/MassSpecData-02115-20261006-164426.csv,2026-10-06 16:40:57.831,3.7792499999999998
2026-10-06 16:44:44.795,6.4912e-11,Torr,13.small_stm_port,spray,13.small_stm_port/MassSpecData-02115-20261006-164426.csv,2026-10-06 16:40:57.831,3.7827333333333333
2026-10-06 16:44:45.003,7.5573e-11,Torr,13.small_stm_port,spray,13.small_stm_port/MassSpecData-02115-20261006-164426.csv,2026-10-06 16:40:57.831,3.7862
2026-10-06 16:44:45.211,9.2833e-11,Torr,13.small_stm_port,spray,13.small_stm_port/MassSpecData-02115-20261006-164426.csv,2026-10-06 16:40:57.831,3.7896666666666667
2026-10-06 16:44:45.420,9.6484e-11,Torr,13.small_stm_port,spray,13.small_stm_port/MassSpecData-02115-20261006-164426.csv,2026-10-06 16:40:57.831,3.79315
2026-10-06 16:44:45.628,8.0829e-11,Torr,13.small_stm_port,spray,13.small_stm_port/MassSpecData-02115-20261006-164426.csv,2026-10-06 16:40:57.831,3.7966166666666665
2026-10-06 16:44:45.836,9.0863e-11,Torr,13.small_stm_port,spray,13.small_stm_port/MassSpecData-02115-20261006-164426.csv,2026-10-06 16:40:57.831,3.8000833333333333
2026-10-06 16:44:46.045,7.7382e-11,Torr,13.small_stm_port,spray,13.small_stm_port/MassSpecData-02115-20261006-164426.csv,2026-10-06 16:40:57.831,3.8035666666666668
2026-10-06 16:44:46.253,7.3816e-11,Torr,13.small_stm_port,spray,13.small_stm_port/MassSpecData-02115-20261006-164426.csv,2026-10-06 16:40:57.831,3.8070333333333335
2026-10-06 16:44:46.461,7.8219e-11,Torr,13.small_stm_port,spray,13.small_stm_port/MassSpecData-02115-20261006-164426.csv,2026-10-06 16:40:57.831,3.8104999999999998
2026-10-06 16:44:46.669,9.261e-11,Torr,13.small_stm_port,spray,13.small_stm_port/MassSpecData-02115-20261006-164426.csv,2026-10-06 16:40:57.831,3.8139666666666665
2026-10-06 16:44:46.878,6.9304e-11,Torr,13.small_stm_port,spray,13.small_stm_port/MassSpecData-02115-20261006-164426.csv,2026-10-06 16:40:57.831,3.81745
2026-10-06 16:44:47.086,1.0256e-10,Torr,13.small_stm_port,spray,13.small_stm_port/MassSpecData-02115-20261006-164426.csv,2026-10-06 16:40:57.831,3.8209166666666667
2026-10-06 16:44:47.294,8.0578e-11,Torr,13.small_stm_port,spray,13.small_stm_port/MassSpecData-02115-20261006-164426.csv,2026-10-06 16:40:57.831,3.824383333333333
2026-10-06 16:44:47.503,9.7816e-11,Torr,13.small_stm_port,spray,13.small_stm_port/MassSpecData-02115-20261006-164426.csv,2026-10-06 16:40:57.831,3.8278666666666665
2026-10-06 16:44:47.711,8.8698e-11,Torr,13.small_stm_port,spray,13.small_stm_port/MassSpecData-02115-20261006-164426.csv,2026-10-06 16:40:57.831,3.8313333333333333
2026-10-06 16:44:47.919,9.5308e-11,Torr,13.small_stm_port,spray,13.small_stm_port/MassSpecData-02115-20261006-164426.csv,2026-10-06 16:40:57.831,3.8348
2026-10-06 16:44:48.128,8.2261e-11,Torr,13.small_stm_port,spray,13.small_stm_port/MassSpecData-02115-20261006-164426.csv,2026-10-06 16:40:57.831,3.8382833333333335
2026-10-06 16:44:48.336,8.4598e-11,Torr,13.small_stm_port,spray,13.small_stm_port/MassSpecData-02115-20261006-164426.csv,2026-10-06 16:40:57.831,3.8417499999999998
2026-10-06 16:44:48.544,7.605e-11,Torr,13.small_stm_port,spray,13.small_stm_port/MassSpecData-02115-20261006-164426.csv,2026-10-06 16:40:57.831,3.8452166666666665
2026-10-06 16:44:48.753,6.8492e-11,Torr,13.small_stm_port,spray,13.small_stm_port/MassSpecData-02115-20261006-164426.csv,2026-10-06 16:40:57.831,3.8487
2026-10-06 16:44:48.961,7.861e-11,Torr,13.small_stm_port,spray,13.small_stm_port/MassSpecData-02115-20261006-164426.csv,2026-10-06 16:40:57.831,3.8521666666666667
2026-10-06 16:44:49.169,7.1639e-11,Torr,13.small_stm_port,spray,13.small_stm_port/MassSpecData-02115-20261006-164426.csv,2026-10-06 16:40:57.831,3.855633333333333
2026-10-06 16:44:49.378,8.5146e-11,Torr,13.small_stm_port,spray,13.small_stm_port/MassSpecData-02115-20261006-164426.csv,2026-10-06 16:40:57.831,3.8591166666666665
2026-10-06 16:44:49.586,8.7077e-11,Torr,13.small_stm_port,spray,13.small_stm_port/MassSpecData-02115-20261006-164426.csv,2026-10-06 16:40:57.831,3.8625833333333333
2026-10-06 16:44:49.794,8.7366e-11,Torr,13.small_stm_port,spray,13.small_stm_port/MassSpecData-02115-20261006-164426.csv,2026-10-06 16:40:57.831,3.86605
2026-10-06 16:44:50.003,8.3012e-11,Torr,13.small_stm_port,spray,13.small_stm_port/MassSpecData-02115-20261006-164426.csv,2026-10-06 16:40:57.831,3.8695333333333335
2026-10-06 16:44:50.211,8.5228e-11,Torr,13.small_stm_port,spray,13.small_stm_port/MassSpecData-02115-20261006-164426.csv,2026-10-06 16:40:57.831,3.8729999999999998
2026-10-06 16:44:50.419,7.7016e-11,Torr,13.small_stm_port,spray,13.small_stm_port/MassSpecData-02115-20261006-164426.csv,2026-10-06 16:40:57.831,3.8764666666666665
2026-10-06 16:44:50.628,7.9462e-11,Torr,13.small_stm_port,spray,13.small_stm_port/MassSpecData-02115-20261006-164426.csv,2026-10-06 16:40:57.831,3.87995
2026-10-06 16:44:50.836,8.386e-11,Torr,13.small_stm_port,spray,13.small_stm_port/MassSpecData-02115-20261006-164426.csv,2026-10-06 16:40:57.831,3.8834166666666667
2026-10-06 16:44:51.044,6.8471e-11,Torr,13.small_stm_port,spray,13.small_stm_port/MassSpecData-02115-20261006-164426.csv,2026-10-06 16:40:57.831,3.886883333333333
2026-10-06 16:44:51.253,1.0047e-10,Torr,13.small_stm_port,spray,13.small_stm_port/MassSpecData-02115-20261006-164426.csv,2026-10-06 16:40:57.831,3.8903666666666665
2026-10-06 16:44:51.461,9.59e-11,Torr,13.small_stm_port,spray,13.small_stm_port/MassSpecData-02115-20261006-164426.csv,2026-10-06 16:40:57.831,3.8938333333333333
2026-10-06 16:44:51.669,7.7187e-11,Torr,13.small_stm_port,spray,13.small_stm_port/MassSpecData-02115-20261006-164426.csv,2026-10-06 16:40:57.831,3.8973
2026-10-06 16:44:51.878,1.0154e-10,Torr,13.small_stm_port,spray,13.small_stm_port/MassSpecData-02115-20261006-164426.csv,2026-10-06 16:40:57.831,3.9007833333333335
2026-10-06 16:44:52.086,9.9049e-11,Torr,13.small_stm_port,spray,13.small_stm_port/MassSpecData-02115-20261006-164426.csv,2026-10-06 16:40:57.831,3.9042499999999998
2026-10-06 16:44:52.294,9.3667e-11,Torr,13.small_stm_port,spray,13.small_stm_port/MassSpecData-02115-20261006-164426.csv,2026-10-06 16:40:57.831,3.9077166666666665
2026-10-06 16:44:52.503,8.7501e-11,Torr,13.small_stm_port,spray,13.small_stm_port/MassSpecData-02115-20261006-164426.csv,2026-10-06 16:40:57.831,3.9112
2026-10-06 16:44:52.711,7.8539e-11,Torr,13.small_stm_port,spray,13.small_stm_port/MassSpecData-02115-20261006-164426.csv,2026-10-06 16:40:57.831,3.9146666666666667
2026-10-06 16:44:52.919,8.1381e-11,Torr,13.small_stm_port,spray,13.small_stm_port/MassSpecData-02115-20261006-164426.csv,2026-10-06 16:40:57.831,3.918133333333333
2026-10-06 16:44:53.128,8.4909e-11,Torr,13.small_stm_port,spray,13.small_stm_port/MassSpecData-02115-20261006-164426.csv,2026-10-06 16:40:57.831,3.9216166666666665
2026-10-06 16:44:53.336,8.4093e-11,Torr,13.small_stm_port,spray,13.small_stm_port/MassSpecData-02115-20261006-164426.csv,2026-10-06 16:40:57.831,3.9250833333333333
2026-10-06 16:44:53.544,8.2329e-11,Torr,13.small_stm_port,spray,13.small_stm_port/MassSpecData-02115-20261006-164426.csv,2026-10-06 16:40:57.831,3.92855
2026-10-06 16:44:53.753,8.809e-11,Torr,13.small_stm_port,spray,13.small_stm_port/MassSpecData-02115-20261006-164426.csv,2026-10-06 16:40:57.831,3.9320333333333335
2026-10-06 16:44:53.961,8.074e-11,Torr,13.small_stm_port,spray,13.small_stm_port/MassSpecData-02115-20261006-164426.csv,2026-10-06 16:40:57.831,3.9354999999999998
2026-10-06 16:44:54.169,7.1601e-11,Torr,13.small_stm_port,spray,13.small_stm_port/MassSpecData-02115-20261006-164426.csv,2026-10-06 16:40:57.831,3.9389666666666665
2026-10-06 16:44:54.378,8.4476e-11,Torr,13.small_stm_port,spray,13.small_stm_port/MassSpecData-02115-20261006-164426.csv,2026-10-06 16:40:57.831,3.94245
2026-10-06 16:44:54.586,1.0491e-10,Torr,13.small_stm_port,spray,13.small_stm_port/MassSpecData-02115-20261006-164426.csv,2026-10-06 16:40:57.831,3.9459166666666667
2026-10-06 16:44:54.794,8.3543e-11,Torr,13.small_stm_port,spray,13.small_stm_port/MassSpecData-02115-20261006-164426.csv,2026-10-06 16:40:57.831,3.949383333333333
2026-10-06 16:44:55.003,8.5152e-11,Torr,13.small_stm_port,spray,13.small_stm_port/MassSpecData-02115-20261006-164426.csv,2026-10-06 16:40:57.831,3.9528666666666665
2026-10-06 16:44:55.211,9.1652e-11,Torr,13.small_stm_port,spray,13.small_stm_port/MassSpecData-02115-20261006-164426.csv,2026-10-06 16:40:57.831,3.9563333333333333
2026-10-06 16:44:55.419,8.2518e-11,Torr,13.small_stm_port,spray,13.small_stm_port/MassSpecData-02115-20261006-164426.csv,2026-10-06 16:40:57.831,3.9598
2026-10-06 16:44:55.628,7.3382e-11,Torr,13.small_stm_port,spray,13.small_stm_port/MassSpecData-02115-20261006-164426.csv,2026-10-06 16:40:57.831,3.9632833333333335
2026-10-06 16:44:55.836,8.0535e-11,Torr,13.small_stm_port,spray,13.small_stm_port/MassSpecData-02115-20261006-164426.csv,2026-10-06 16:40:57.831,3.9667499999999998
2026-10-06 16:44:56.044,8.475e-11,Torr,13.small_stm_port,spray,13.small_stm_port/MassSpecData-02115-20261006-164426.csv,2026-10-06 16:40:57.831,3.9702166666666665
2026-10-06 16:44:56.253,7.9852e-11,Torr,13.small_stm_port,spray,13.small_stm_port/MassSpecData-02115-20261006-164426.csv,2026-10-06 16:40:57.831,3.9737
2026-10-06 16:44:56.461,8.9433e-11,Torr,13.small_stm_port,spray,13.small_stm_port/MassSpecData-02115-20261006-164426.csv,2026-10-06 16:40:57.831,3.9771666666666667
2026-10-06 16:44:56.669,1.0503e-10,Torr,13.small_stm_port,spray,13.small_stm_port/MassSpecData-02115-20261006-164426.csv,2026-10-06 16:40:57.831,3.980633333333333
2026-10-06 16:44:56.878,9.4559e-11,Torr,13.small_stm_port,spray,13.small_stm_port/MassSpecData-02115-20261006-164426.csv,2026-10-06 16:40:57.831,3.9841166666666665
2026-10-06 16:44:57.086,8.7028e-11,Torr,13.small_stm_port,spray,13.small_stm_port/MassSpecData-02115-20261006-164426.csv,2026-10-06 16:40:57.831,3.9875833333333333
2026-10-06 16:44:57.294,7.7051e-11,Torr,13.small_stm_port,spray,13.small_stm_port/MassSpecData-02115-20261006-164426.csv,2026-10-06 16:40:57.831,3.99105
2026-10-06 16:44:57.503,8.0862e-11,Torr,13.small_stm_port,spray,13.small_stm_port/MassSpecData-02115-20261006-164426.csv,2026-10-06 16:40:57.831,3.9945333333333335
2026-10-06 16:44:57.711,7.5084e-11,Torr,13.small_stm_port,spray,13.small_stm_port/MassSpecData-02115-20261006-164426.csv,2026-10-06 16:40:57.831,3.9979999999999998
2026-10-06 16:44:57.919,8.0559e-11,Torr,13.small_stm_port,spray,13.small_stm_port/MassSpecData-02115-20261006-164426.csv,2026-10-06 16:40:57.831,4.0014666666666665
2026-10-06 16:44:58.128,8.9512e-11,Torr,13.small_stm_port,spray,13.small_stm_port/MassSpecData-02115-20261006-164426.csv,2026-10-06 16:40:57.831,4.00495
2026-10-06 16:44:58.336,9.035e-11,Torr,13.small_stm_port,spray,13.small_stm_port/MassSpecData-02115-20261006-164426.csv,2026-10-06 16:40:57.831,4.008416666666666
2026-10-06 16:44:58.544,8.7836e-11,Torr,13.small_stm_port,spray,13.small_stm_port/MassSpecData-02115-20261006-164426.csv,2026-10-06 16:40:57.831,4.0118833333333335
2026-10-06 16:44:58.753,7.0519e-11,Torr,13.small_stm_port,spray,13.small_stm_port/MassSpecData-02115-20261006-164426.csv,2026-10-06 16:40:57.831,4.015366666666667
2026-10-06 16:44:58.961,6.7645e-11,Torr,13.small_stm_port,spray,13.small_stm_port/MassSpecData-02115-20261006-164426.csv,2026-10-06 16:40:57.831,4.018833333333333
2026-10-06 16:44:59.169,8.0143e-11,Torr,13.small_stm_port,spray,13.small_stm_port/MassSpecData-02115-20261006-164426.csv,2026-10-06 16:40:57.831,4.0222999999999995
2026-10-06 16:44:59.378,7.6178e-11,Torr,13.small_stm_port,spray,13.small_stm_port/MassSpecData-02115-20261006-164426.csv,2026-10-06 16:40:57.831,4.025783333333333
2026-10-06 16:44:59.586,7.9976e-11,Torr,13.small_stm_port,spray,13.small_stm_port/MassSpecData-02115-20261006-164426.csv,2026-10-06 16:40:57.831,4.02925
2026-10-06 16:44:59.794,9.1463e-11,Torr,13.small_stm_port,spray,13.small_stm_port/MassSpecData-02115-20261006-164426.csv,2026-10-06 16:40:57.831,4.0327166666666665
2026-10-06 16:45:00.003,8.9001e-11,Torr,13.small_stm_port,spray,13.small_stm_port/MassSpecData-02115-20261006-164426.csv,2026-10-06 16:40:57.831,4.0362
2026-10-06 16:45:00.211,7.2119e-11,Torr,13.small_stm_port,spray,13.small_stm_port/MassSpecData-02115-20261006-164426.csv,2026-10-06 16:40:57.831,4.039666666666666
2026-10-06 16:45:00.419,7.3536e-11,Torr,13.small_stm_port,spray,13.small_stm_port/MassSpecData-02115-20261006-164426.csv,2026-10-06 16:40:57.831,4.0431333333333335
2026-10-06 16:45:00.628,7.1195e-11,Torr,13.small_stm_port,spray,13.small_stm_port/MassSpecData-02115-20261006-164426.csv,2026-10-06 16:40:57.831,4.046616666666667
2026-10-06 16:45:00.836,8.5134e-11,Torr,13.small_stm_port,spray,13.small_stm_port/MassSpecData-02115-20261006-164426.csv,2026-10-06 16:40:57.831,4.050083333333333
2026-10-06 16:45:01.044,8.4296e-11,Torr,13.small_stm_port,spray,13.small_stm_port/MassSpecData-02115-20261006-164426.csv,2026-10-06 16:40:57.831,4.0535499999999995
2026-10-06 16:45:01.253,8.5004e-11,Torr,13.small_stm_port,spray,13.small_stm_port/MassSpecData-02115-20261006-164426.csv,2026-10-06 16:40:57.831,4.057033333333333
2026-10-06 16:45:01.461,8.9766e-11,Torr,13.small_stm_port,spray,13.small_stm_port/MassSpecData-02115-20261006-164426.csv,2026-10-06 16:40:57.831,4.0605
2026-10-06 16:45:01.669,9.3482e-11,Torr,13.small_stm_port,spray,13.small_stm_port/MassSpecData-02115-20261006-164426.csv,2026-10-06 16:40:57.831,4.0639666666666665
2026-10-06 16:45:01.878,7.8971e-11,Torr,13.small_stm_port,spray,13.small_stm_port/MassSpecData-02115-20261006-164426.csv,2026-10-06 16:40:57.831,4.06745
2026-10-06 16:45:02.086,7.4916e-11,Torr,13.small_stm_port,spray,13.small_stm_port/MassSpecData-02115-20261006-164426.csv,2026-10-06 16:40:57.831,4.070916666666666
2026-10-06 16:45:02.294,7.6627e-11,Torr,13.small_stm_port,spray,13.small_stm_port/MassSpecData-02115-20261006-164426.csv,2026-10-06 16:40:57.831,4.0743833333333335
2026-10-06 16:45:02.503,9.2158e-11,Torr,13.small_stm_port,spray,13.small_stm_port/MassSpecData-02115-20261006-164426.csv,2026-10-06 16:40:57.831,4.077866666666667
2026-10-06 16:45:02.711,7.0864e-11,Torr,13.small_stm_port,spray,13.small_stm_port/MassSpecData-02115-20261006-164426.csv,2026-10-06 16:40:57.831,4.081333333333333
2026-10-06 16:45:02.919,8.4839e-11,Torr,13.small_stm_port,spray,13.small_stm_port/MassSpecData-02115-20261006-164426.csv,2026-10-06 16:40:57.831,4.0847999999999995
2026-10-06 16:45:03.128,8.6173e-11,Torr,13.small_stm_port,spray,13.small_stm_port/MassSpecData-02115-20261006-164426.csv,2026-10-06 16:40:57.831,4.088283333333333
2026-10-06 16:45:03.336,9.6667e-11,Torr,13.small_stm_port,spray,13.small_stm_port/MassSpecData-02115-20261006-164426.csv,2026-10-06 16:40:57.831,4.09175
2026-10-06 16:45:03.544,7.7246e-11,Torr,13.small_stm_port,spray,13.small_stm_port/MassSpecData-02115-20261006-164426.csv,2026-10-06 16:40:57.831,4.0952166666666665
2026-10-06 16:45:03.753,9.035e-11,Torr,13.small_stm_port,spray,13.small_stm_port/MassSpecData-02115-20261006-164426.csv,2026-10-06 16:40:57.831,4.0987
2026-10-06 16:45:03.961,9.3994e-11,Torr,13.small_stm_port,spray,13.small_stm_port/MassSpecData-02115-20261006-164426.csv,2026-10-06 16:40:57.831,4.102166666666666
2026-10-06 16:45:04.169,8.5738e-11,Torr,13.small_stm_port,spray,13.small_stm_port/MassSpecData-02115-20261006-164426.csv,2026-10-06 16:40:57.831,4.1056333333333335
2026-10-06 16:45:04.378,6.8167e-11,Torr,13.small_stm_port,spray,13.small_stm_port/MassSpecData-02115-20261006-164426.csv,2026-10-06 16:40:57.831,4.109116666666667
2026-10-06 16:45:04.586,8.9902e-11,Torr,13.small_stm_port,spray,13.small_stm_port/MassSpecData-02115-20261006-164426.csv,2026-10-06 16:40:57.831,4.112583333333333
2026-10-06 16:45:04.795,6.9786e-11,Torr,13.small_stm_port,spray,13.small_stm_port/MassSpecData-02115-20261006-164426.csv,2026-10-06 16:40:57.831,4.116066666666667
2026-10-06 16:45:05.003,8.7e-11,Torr,13.small_stm_port,spray,13.small_stm_port/MassSpecData-02115-20261006-164426.csv,2026-10-06 16:40:57.831,4.119533333333333
2026-10-06 16:45:05.211,8.0226e-11,Torr,13.small_stm_port,spray,13.small_stm_port/MassSpecData-02115-20261006-164426.csv,2026-10-06 16:40:57.831,4.123
2026-10-06 16:45:05.420,8.3637e-11,Torr,13.small_stm_port,spray,13.small_stm_port/MassSpecData-02115-20261006-164426.csv,2026-10-06 16:40:57.831,4.126483333333334
2026-10-06 16:45:05.628,8.3115e-11,Torr,13.small_stm_port,spray,13.small_stm_port/MassSpecData-02115-20261006-164426.csv,2026-10-06 16:40:57.831,4.12995
2026-10-06 16:45:05.836,7.8368e-11,Torr,13.small_stm_port,spray,13.small_stm_port/MassSpecData-02115-20261006-164426.csv,2026-10-06 16:40:57.831,4.133416666666666
2026-10-06 16:45:06.045,8.5439e-11,Torr,13.small_stm_port,spray,13.small_stm_port/MassSpecData-02115-20261006-164426.csv,2026-10-06 16:40:57.831,4.1369
2026-10-06 16:45:06.253,8.215e-11,Torr,13.small_stm_port,spray,13.small_stm_port/MassSpecData-02115-20261006-164426.csv,2026-10-06 16:40:57.831,4.140366666666667
2026-10-06 16:45:06.461,8.3254e-11,Torr,13.small_stm_port,spray,13.small_stm_port/MassSpecData-02115-20261006-164426.csv,2026-10-06 16:40:57.831,4.143833333333333
2026-10-06 16:45:06.670,8.1119e-11,Torr,13.small_stm_port,spray,13.small_stm_port/MassSpecData-02115-20261006-164426.csv,2026-10-06 16:40:57.831,4.147316666666667
2026-10-06 16:45:06.878,7.9681e-11,Torr,13.small_stm_port,spray,13.small_stm_port/MassSpecData-02115-20261006-164426.csv,2026-10-06 16:40:57.831,4.150783333333333
2026-10-06 16:45:07.086,7.4188e-11,Torr,13.small_stm_port,spray,13.small_stm_port/MassSpecData-02115-20261006-164426.csv,2026-10-06 16:40:57.831,4.15425
2026-10-06 16:45:07.295,7.7889e-11,Torr,13.small_stm_port,spray,13.small_stm_port/MassSpecData-02115-20261006-164426.csv,2026-10-06 16:40:57.831,4.157733333333334
2026-10-06 16:45:07.503,7.5969e-11,Torr,13.small_stm_port,spray,13.small_stm_port/MassSpecData-02115-20261006-164426.csv,2026-10-06 16:40:57.831,4.1612
2026-10-06 16:45:07.711,8.537e-11,Torr,13.small_stm_port,spray,13.small_stm_port/MassSpecData-02115-20261006-164426.csv,2026-10-06 16:40:57.831,4.164666666666666
2026-10-06 16:45:07.920,8.7524e-11,Torr,13.small_stm_port,spray,13.small_stm_port/MassSpecData-02115-20261006-164426.csv,2026-10-06 16:40:57.831,4.16815
2026-10-06 16:45:08.128,7.9607e-11,Torr,13.small_stm_port,spray,13.small_stm_port/MassSpecData-02115-20261006-164426.csv,2026-10-06 16:40:57.831,4.171616666666667
2026-10-06 16:45:08.336,6.9436e-11,Torr,13.small_stm_port,spray,13.small_stm_port/MassSpecData-02115-20261006-164426.csv,2026-10-06 16:40:57.831,4.175083333333333
2026-10-06 16:45:08.676,7.9953e-11,Torr,13.small_stm_port,spray,13.small_stm_port/MassSpecData-02115-20261006-164508.csv,2026-10-06 16:40:57.831,4.18075
2026-10-06 16:45:08.884,7.575e-11,Torr,13.small_stm_port,spray,13.small_stm_port/MassSpecData-02115-20261006-164508.csv,2026-10-06 16:40:57.831,4.184216666666667
2026-10-06 16:45:09.093,8.1119e-11,Torr,13.small_stm_port,spray,13.small_stm_port/MassSpecData-02115-20261006-164508.csv,2026-10-06 16:40:57.831,4.1877
2026-10-06 16:45:09.301,8.3263e-11,Torr,13.small_stm_port,spray,13.small_stm_port/MassSpecData-02115-20261006-164508.csv,2026-10-06 16:40:57.831,4.191166666666667
2026-10-06 16:45:09.509,7.1781e-11,Torr,13.small_stm_port,spray,13.small_stm_port/MassSpecData-02115-20261006-164508.csv,2026-10-06 16:40:57.831,4.194633333333333
2026-10-06 16:45:09.718,7.6555e-11,Torr,13.small_stm_port,spray,13.small_stm_port/MassSpecData-02115-20261006-164508.csv,2026-10-06 16:40:57.831,4.1981166666666665
2026-10-06 16:45:09.926,8.8061e-11,Torr,13.small_stm_port,spray,13.small_stm_port/MassSpecData-02115-20261006-164508.csv,2026-10-06 16:40:57.831,4.201583333333334
2026-10-06 16:45:10.134,8.3153e-11,Torr,13.small_stm_port,spray,13.small_stm_port/MassSpecData-02115-20261006-164508.csv,2026-10-06 16:40:57.831,4.20505
2026-10-06 16:45:10.342,8.3217e-11,Torr,13.small_stm_port,spray,13.small_stm_port/MassSpecData-02115-20261006-164508.csv,2026-10-06 16:40:57.831,4.208516666666666
2026-10-06 16:45:10.551,8.3379e-11,Torr,13.small_stm_port,spray,13.small_stm_port/MassSpecData-02115-20261006-164508.csv,2026-10-06 16:40:57.831,4.212
2026-10-06 16:45:10.759,7.8652e-11,Torr,13.small_stm_port,spray,13.small_stm_port/MassSpecData-02115-20261006-164508.csv,2026-10-06 16:40:57.831,4.215466666666667
2026-10-06 16:45:10.968,6.7393e-11,Torr,13.small_stm_port,spray,13.small_stm_port/MassSpecData-02115-20261006-164508.csv,2026-10-06 16:40:57.831,4.21895
2026-10-06 16:45:11.176,6.6539e-11,Torr,13.small_stm_port,spray,13.small_stm_port/MassSpecData-02115-20261006-164508.csv,2026-10-06 16:40:57.831,4.222416666666667
2026-10-06 16:45:11.384,6.9277e-11,Torr,13.small_stm_port,spray,13.small_stm_port/MassSpecData-02115-20261006-164508.csv,2026-10-06 16:40:57.831,4.225883333333333
2026-10-06 16:45:11.593,8.4492e-11,Torr,13.small_stm_port,spray,13.small_stm_port/MassSpecData-02115-20261006-164508.csv,2026-10-06 16:40:57.831,4.2293666666666665
2026-10-06 16:45:11.801,9.5891e-11,Torr,13.small_stm_port,spray,13.small_stm_port/MassSpecData-02115-20261006-164508.csv,2026-10-06 16:40:57.831,4.232833333333334
2026-10-06 16:45:12.009,7.2052e-11,Torr,13.small_stm_port,spray,13.small_stm_port/MassSpecData-02115-20261006-164508.csv,2026-10-06 16:40:57.831,4.2363
2026-10-06 16:45:12.218,9.0736e-11,Torr,13.small_stm_port,spray,13.small_stm_port/MassSpecData-02115-20261006-164508.csv,2026-10-06 16:40:57.831,4.2397833333333335
2026-10-06 16:45:12.426,7.5055e-11,Torr,13.small_stm_port,spray,13.small_stm_port/MassSpecData-02115-20261006-164508.csv,2026-10-06 16:40:57.831,4.24325
2026-10-06 16:45:12.634,7.5224e-11,Torr,13.small_stm_port,spray,13.small_stm_port/MassSpecData-02115-20261006-164508.csv,2026-10-06 16:40:57.831,4.246716666666667
2026-10-06 16:45:12.843,9.0133e-11,Torr,13.small_stm_port,spray,13.small_stm_port/MassSpecData-02115-20261006-164508.csv,2026-10-06 16:40:57.831,4.2502
2026-10-06 16:45:13.051,7.1902e-11,Torr,13.small_stm_port,spray,13.small_stm_port/MassSpecData-02115-20261006-164508.csv,2026-10-06 16:40:57.831,4.253666666666667
2026-10-06 16:45:13.259,7.7411e-11,Torr,13.small_stm_port,spray,13.small_stm_port/MassSpecData-02115-20261006-164508.csv,2026-10-06 16:40:57.831,4.257133333333333
2026-10-06 16:45:13.468,8.2649e-11,Torr,13.small_stm_port,spray,13.small_stm_port/MassSpecData-02115-20261006-164508.csv,2026-10-06 16:40:57.831,4.2606166666666665
2026-10-06 16:45:13.676,8.0115e-11,Torr,13.small_stm_port,spray,13.small_stm_port/MassSpecData-02115-20261006-164508.csv,2026-10-06 16:40:57.831,4.264083333333334
2026-10-06 16:45:13.884,8.4496e-11,Torr,13.small_stm_port,spray,13.small_stm_port/MassSpecData-02115-20261006-164508.csv,2026-10-06 16:40:57.831,4.26755
2026-10-06 16:45:14.092,9.293e-11,Torr,13.small_stm_port,spray,13.small_stm_port/MassSpecData-02115-20261006-164508.csv,2026-10-06 16:40:57.831,4.271016666666667
2026-10-06 16:45:14.301,9.5114e-11,Torr,13.small_stm_port,spray,13.small_stm_port/MassSpecData-02115-20261006-164508.csv,2026-10-06 16:40:57.831,4.274500000000001
2026-10-06 16:45:14.509,7.8628e-11,Torr,13.small_stm_port,spray,13.small_stm_port/MassSpecData-02115-20261006-164508.csv,2026-10-06 16:40:57.831,4.277966666666667
2026-10-06 16:45:14.717,8.4039e-11,Torr,13.small_stm_port,spray,13.small_stm_port/MassSpecData-02115-20261006-164508.csv,2026-10-06 16:40:57.831,4.281433333333334
2026-10-06 16:45:14.926,7.5682e-11,Torr,13.small_stm_port,spray,13.small_stm_port/MassSpecData-02115-20261006-164508.csv,2026-10-06 16:40:57.831,4.284916666666667
2026-10-06 16:45:15.134,9.3569e-11,Torr,13.small_stm_port,spray,13.small_stm_port/MassSpecData-02115-20261006-164508.csv,2026-10-06 16:40:57.831,4.288383333333333
2026-10-06 16:45:15.342,8.3707e-11,Torr,13.small_stm_port,spray,13.small_stm_port/MassSpecData-02115-20261006-164508.csv,2026-10-06 16:40:57.831,4.29185
2026-10-06 16:45:15.551,8.3575e-11,Torr,13.small_stm_port,spray,13.small_stm_port/MassSpecData-02115-20261006-164508.csv,2026-10-06 16:40:57.831,4.295333333333334
2026-10-06 16:45:15.759,9.331e-11,Torr,13.small_stm_port,spray,13.small_stm_port/MassSpecData-02115-20261006-164508.csv,2026-10-06 16:40:57.831,4.2988
2026-10-06 16:45:15.967,7.91e-11,Torr,13.small_stm_port,spray,13.small_stm_port/MassSpecData-02115-20261006-164508.csv,2026-10-06 16:40:57.831,4.302266666666667
2026-10-06 16:45:16.176,8.0873e-11,Torr,13.small_stm_port,spray,13.small_stm_port/MassSpecData-02115-20261006-164508.csv,2026-10-06 16:40:57.831,4.305750000000001
2026-10-06 16:45:16.384,8.183e-11,Torr,13.small_stm_port,spray,13.small_stm_port/MassSpecData-02115-20261006-164508.csv,2026-10-06 16:40:57.831,4.309216666666667
2026-10-06 16:45:16.592,9.006e-11,Torr,13.small_stm_port,spray,13.small_stm_port/MassSpecData-02115-20261006-164508.csv,2026-10-06 16:40:57.831,4.312683333333334
2026-10-06 16:45:16.801,8.0509e-11,Torr,13.small_stm_port,spray,13.small_stm_port/MassSpecData-02115-20261006-164508.csv,2026-10-06 16:40:57.831,4.316166666666667
2026-10-06 16:45:17.009,7.7061e-11,Torr,13.small_stm_port,spray,13.small_stm_port/MassSpecData-02115-20261006-164508.csv,2026-10-06 16:40:57.831,4.319633333333333
2026-10-06 16:45:17.217,9.6334e-11,Torr,13.small_stm_port,spray,13.small_stm_port/MassSpecData-02115-20261006-164508.csv,2026-10-06 16:40:57.831,4.3231
2026-10-06 16:45:17.426,8.4538e-11,Torr,13.small_stm_port,spray,13.small_stm_port/MassSpecData-02115-20261006-164508.csv,2026-10-06 16:40:57.831,4.326583333333334
2026-10-06 16:45:17.634,8.3796e-11,Torr,13.small_stm_port,spray,13.small_stm_port/MassSpecData-02115-20261006-164508.csv,2026-10-06 16:40:57.831,4.33005
2026-10-06 16:45:17.843,9.1037e-11,Torr,13.small_stm_port,spray,13.small_stm_port/MassSpecData-02115-20261006-164508.csv,2026-10-06 16:40:57.831,4.3335333333333335
2026-10-06 16:45:18.051,7.5218e-11,Torr,13.small_stm_port,spray,13.small_stm_port/MassSpecData-02115-20261006-164508.csv,2026-10-06 16:40:57.831,4.337000000000001
2026-10-06 16:45:18.259,7.8837e-11,Torr,13.small_stm_port,spray,13.small_stm_port/MassSpecData-02115-20261006-164508.csv,2026-10-06 16:40:57.831,4.340466666666667
2026-10-06 16:45:18.468,9.0094e-11,Torr,13.small_stm_port,spray,13.small_stm_port/MassSpecData-02115-20261006-164508.csv,2026-10-06 16:40:57.831,4.34395
2026-10-06 16:45:18.676,7.4581e-11,Torr,13.small_stm_port,spray,13.small_stm_port/MassSpecData-02115-20261006-164508.csv,2026-10-06 16:40:57.831,4.347416666666667
2026-10-06 16:45:18.884,8.2979e-11,Torr,13.small_stm_port,spray,13.small_stm_port/MassSpecData-02115-20261006-164508.csv,2026-10-06 16:40:57.831,4.350883333333333
2026-10-06 16:45:19.093,7.7944e-11,Torr,13.small_stm_port,spray,13.small_stm_port/MassSpecData-02115-20261006-164508.csv,2026-10-06 16:40:57.831,4.3543666666666665
2026-10-06 16:45:19.301,8.6369e-11,Torr,13.small_stm_port,spray,13.small_stm_port/MassSpecData-02115-20261006-164508.csv,2026-10-06 16:40:57.831,4.357833333333334
2026-10-06 16:45:19.509,9.2189e-11,Torr,13.small_stm_port,spray,13.small_stm_port/MassSpecData-02115-20261006-164508.csv,2026-10-06 16:40:57.831,4.3613
2026-10-06 16:45:19.718,9.2013e-11,Torr,13.small_stm_port,spray,13.small_stm_port/MassSpecData-02115-20261006-164508.csv,2026-10-06 16:40:57.831,4.3647833333333335
2026-10-06 16:45:19.926,8.7577e-11,Torr,13.small_stm_port,spray,13.small_stm_port/MassSpecData-02115-20261006-164508.csv,2026-10-06 16:40:57.831,4.368250000000001
2026-10-06 16:45:20.134,8.17e-11,Torr,13.small_stm_port,spray,13.small_stm_port/MassSpecData-02115-20261006-164508.csv,2026-10-06 16:40:57.831,4.371716666666667
2026-10-06 16:45:20.343,8.1229e-11,Torr,13.small_stm_port,spray,13.small_stm_port/MassSpecData-02115-20261006-164508.csv,2026-10-06 16:40:57.831,4.3752
2026-10-06 16:45:20.551,8.4934e-11,Torr,13.small_stm_port,spray,13.small_stm_port/MassSpecData-02115-20261006-164508.csv,2026-10-06 16:40:57.831,4.378666666666667
2026-10-06 16:45:20.759,8.5288e-11,Torr,13.small_stm_port,spray,13.small_stm_port/MassSpecData-02115-20261006-164508.csv,2026-10-06 16:40:57.831,4.382133333333333
2026-10-06 16:45:20.968,7.6808e-11,Torr,13.small_stm_port,spray,13.small_stm_port/MassSpecData-02115-20261006-164508.csv,2026-10-06 16:40:57.831,4.3856166666666665
2026-10-06 16:45:21.176,9.2623e-11,Torr,13.small_stm_port,spray,13.small_stm_port/MassSpecData-02115-20261006-164508.csv,2026-10-06 16:40:57.831,4.389083333333334
2026-10-06 16:45:21.384,9.0433e-11,Torr,13.small_stm_port,spray,13.small_stm_port/MassSpecData-02115-20261006-164508.csv,2026-10-06 16:40:57.831,4.39255
2026-10-06 16:45:21.593,7.835e-11,Torr,13.small_stm_port,spray,13.small_stm_port/MassSpecData-02115-20261006-164508.csv,2026-10-06 16:40:57.831,4.3960333333333335
2026-10-06 16:45:21.801,8.9271e-11,Torr,13.small_stm_port,spray,13.small_stm_port/MassSpecData-02115-20261006-164508.csv,2026-10-06 16:40:57.831,4.399500000000001
2026-10-06 16:45:22.009,8.2523e-11,Torr,13.small_stm_port,spray,13.small_stm_port/MassSpecData-02115-20261006-164508.csv,2026-10-06 16:40:57.831,4.402966666666667
2026-10-06 16:45:22.218,8.2794e-11,Torr,13.small_stm_port,spray,13.small_stm_port/MassSpecData-02115-20261006-164508.csv,2026-10-06 16:40:57.831,4.40645
2026-10-06 16:45:22.426,7.9226e-11,Torr,13.small_stm_port,spray,13.small_stm_port/MassSpecData-02115-20261006-164508.csv,2026-10-06 16:40:57.831,4.409916666666667
2026-10-06 16:45:22.634,9.7325e-11,Torr,13.small_stm_port,spray,13.small_stm_port/MassSpecData-02115-20261006-164508.csv,2026-10-06 16:40:57.831,4.413383333333333
2026-10-06 16:45:22.843,7.9566e-11,Torr,13.small_stm_port,spray,13.small_stm_port/MassSpecData-02115-20261006-164508.csv,2026-10-06 16:40:57.831,4.4168666666666665
2026-10-06 16:45:23.051,7.7097e-11,Torr,13.small_stm_port,spray,13.small_stm_port/MassSpecData-02115-20261006-164508.csv,2026-10-06 16:40:57.831,4.420333333333334
2026-10-06 16:45:23.259,9.4758e-11,Torr,13.small_stm_port,spray,13.small_stm_port/MassSpecData-02115-20261006-164508.csv,2026-10-06 16:40:57.831,4.4238
2026-10-06 16:45:23.468,7.4323e-11,Torr,13.small_stm_port,spray,13.small_stm_port/MassSpecData-02115-20261006-164508.csv,2026-10-06 16:40:57.831,4.4272833333333335
2026-10-06 16:45:23.676,6.9826e-11,Torr,13.small_stm_port,spray,13.small_stm_port/MassSpecData-02115-20261006-164508.csv,2026-10-06 16:40:57.831,4.430750000000001
2026-10-06 16:45:23.884,8.614e-11,Torr,13.small_stm_port,spray,13.small_stm_port/MassSpecData-02115-20261006-164508.csv,2026-10-06 16:40:57.831,4.434216666666667
2026-10-06 16:45:24.093,9.5558e-11,Torr,13.small_stm_port,spray,13.small_stm_port/MassSpecData-02115-20261006-164508.csv,2026-10-06 16:40:57.831,4.4377
2026-10-06 16:45:24.301,8.4321e-11,Torr,13.small_stm_port,spray,13.small_stm_port/MassSpecData-02115-20261006-164508.csv,2026-10-06 16:40:57.831,4.441166666666667
2026-10-06 16:45:24.509,9.785e-11,Torr,13.small_stm_port,spray,13.small_stm_port/MassSpecData-02115-20261006-164508.csv,2026-10-06 16:40:57.831,4.444633333333333
2026-10-06 16:45:24.718,8.5221e-11,Torr,13.small_stm_port,spray,13.small_stm_port/MassSpecData-02115-20261006-164508.csv,2026-10-06 16:40:57.831,4.4481166666666665
2026-10-06 16:45:24.926,7.2918e-11,Torr,13.small_stm_port,spray,13.small_stm_port/MassSpecData-02115-20261006-164508.csv,2026-10-06 16:40:57.831,4.451583333333334
2026-10-06 16:45:25.134,8.1957e-11,Torr,13.small_stm_port,spray,13.small_stm_port/MassSpecData-02115-20261006-164508.csv,2026-10-06 16:40:57.831,4.45505
2026-10-06 16:45:25.343,8.3785e-11,Torr,13.small_stm_port,spray,13.small_stm_port/MassSpecData-02115-20261006-164508.csv,2026-10-06 16:40:57.831,4.4585333333333335
2026-10-06 16:45:25.551,8.1539e-11,Torr,13.small_stm_port,spray,13.small_stm_port/MassSpecData-02115-20261006-164508.csv,2026-10-06 16:40:57.831,4.462000000000001
2026-10-06 16:45:25.759,8.3597e-11,Torr,13.small_stm_port,spray,13.small_stm_port/MassSpecData-02115-20261006-164508.csv,2026-10-06 16:40:57.831,4.465466666666667
2026-10-06 16:45:25.968,7.9399e-11,Torr,13.small_stm_port,spray,13.small_stm_port/MassSpecData-02115-20261006-164508.csv,2026-10-06 16:40:57.831,4.46895
2026-10-06 16:45:26.176,8.7192e-11,Torr,13.small_stm_port,spray,13.small_stm_port/MassSpecData-02115-20261006-164508.csv,2026-10-06 16:40:57.831,4.472416666666667
2026-10-06 16:45:26.384,8.9653e-11,Torr,13.small_stm_port,spray,13.small_stm_port/MassSpecData-02115-20261006-164508.csv,2026-10-06 16:40:57.831,4.475883333333333
2026-10-06 16:45:26.593,8.4429e-11,Torr,13.small_stm_port,spray,13.small_stm_port/MassSpecData-02115-20261006-164508.csv,2026-10-06 16:40:57.831,4.4793666666666665
2026-10-06 16:45:26.801,8.2779e-11,Torr,13.small_stm_port,spray,13.small_stm_port/MassSpecData-02115-20261006-164508.csv,2026-10-06 16:40:57.831,4.482833333333334
2026-10-06 16:45:27.009,8.97e-11,Torr,13.small_stm_port,spray,13.small_stm_port/MassSpecData-02115-20261006-164508.csv,2026-10-06 16:40:57.831,4.4863
2026-10-06 16:45:27.218,9.2353e-11,Torr,13.small_stm_port,spray,13.small_stm_port/MassSpecData-02115-20261006-164508.csv,2026-10-06 16:40:57.831,4.4897833333333335
2026-10-06 16:45:27.426,8.8853e-11,Torr,13.small_stm_port,spray,13.small_stm_port/MassSpecData-02115-20261006-164508.csv,2026-10-06 16:40:57.831,4.493250000000001
2026-10-06 16:45:27.634,8.6965e-11,Torr,13.small_stm_port,spray,13.small_stm_port/MassSpecData-02115-20261006-164508.csv,2026-10-06 16:40:57.831,4.496716666666667
2026-10-06 16:45:27.843,9.2696e-11,Torr,13.small_stm_port,spray,13.small_stm_port/MassSpecData-02115-20261006-164508.csv,2026-10-06 16:40:57.831,4.5002
2026-10-06 16:45:28.051,7.3113e-11,Torr,13.small_stm_port,spray,13.small_stm_port/MassSpecData-02115-20261006-164508.csv,2026-10-06 16:40:57.831,4.503666666666667
2026-10-06 16:45:28.259,7.8347e-11,Torr,13.small_stm_port,spray,13.small_stm_port/MassSpecData-02115-20261006-164508.csv,2026-10-06 16:40:57.831,4.507133333333333
2026-10-06 16:45:28.467,7.9358e-11,Torr,13.small_stm_port,spray,13.small_stm_port/MassSpecData-02115-20261006-164508.csv,2026-10-06 16:40:57.831,4.5106
2026-10-06 16:45:28.676,7.6182e-11,Torr,13.small_stm_port,spray,13.small_stm_port/MassSpecData-02115-20261006-164508.csv,2026-10-06 16:40:57.831,4.514083333333334
2026-10-06 16:45:28.884,6.9488e-11,Torr,13.small_stm_port,spray,13.small_stm_port/MassSpecData-02115-20261006-164508.csv,2026-10-06 16:40:57.831,4.51755
2026-10-06 16:45:29.092,9.1897e-11,Torr,13.small_stm_port,spray,13.small_stm_port/MassSpecData-02115-20261006-164508.csv,2026-10-06 16:40:57.831,4.521016666666667
2026-10-06 16:45:29.301,8.9289e-11,Torr,13.small_stm_port,spray,13.small_stm_port/MassSpecData-02115-20261006-164508.csv,2026-10-06 16:40:57.831,4.524500000000001
2026-10-06 16:45:29.509,8.4026e-11,Torr,13.small_stm_port,spray,13.small_stm_port/MassSpecData-02115-20261006-164508.csv,2026-10-06 16:40:57.831,4.527966666666667
2026-10-06 16:45:29.717,8.6984e-11,Torr,13.small_stm_port,spray,13.small_stm_port/MassSpecData-02115-20261006-164508.csv,2026-10-06 16:40:57.831,4.531433333333334
2026-10-06 16:45:29.926,9.1304e-11,Torr,13.small_stm_port,spray,13.small_stm_port/MassSpecData-02115-20261006-164508.csv,2026-10-06 16:40:57.831,4.534916666666667
2026-10-06 16:45:30.134,8.069e-11,Torr,13.small_stm_port,spray,13.small_stm_port/MassSpecData-02115-20261006-164508.csv,2026-10-06 16:40:57.831,4.538383333333333
2026-10-06 16:45:30.342,8.7994e-11,Torr,13.small_stm_port,spray,13.small_stm_port/MassSpecData-02115-20261006-164508.csv,2026-10-06 16:40:57.831,4.54185
2026-10-06 16:45:30.551,8.5579e-11,Torr,13.small_stm_port,spray,13.small_stm_port/MassSpecData-02115-20261006-164508.csv,2026-10-06 16:40:57.831,4.545333333333334
2026-10-06 16:45:30.759,9.621e-11,Torr,13.small_stm_port,spray,13.small_stm_port/MassSpecData-02115-20261006-164508.csv,2026-10-06 16:40:57.831,4.5488
2026-10-06 16:45:30.967,8.3761e-11,Torr,13.small_stm_port,spray,13.small_stm_port/MassSpecData-02115-20261006-164508.csv,2026-10-06 16:40:57.831,4.552266666666667
2026-10-06 16:45:31.176,8.049e-11,Torr,13.small_stm_port,spray,13.small_stm_port/MassSpecData-02115-20261006-164508.csv,2026-10-06 16:40:57.831,4.555750000000001
2026-10-06 16:45:31.384,7.6089e-11,Torr,13.small_stm_port,spray,13.small_stm_port/MassSpecData-02115-20261006-164508.csv,2026-10-06 16:40:57.831,4.559216666666667
2026-10-06 16:45:31.592,8.0657e-11,Torr,13.small_stm_port,spray,13.small_stm_port/MassSpecData-02115-20261006-164508.csv,2026-10-06 16:40:57.831,4.562683333333334
2026-10-06 16:45:31.801,8.9835e-11,Torr,13.small_stm_port,spray,13.small_stm_port/MassSpecData-02115-20261006-164508.csv,2026-10-06 16:40:57.831,4.566166666666667
2026-10-06 16:45:32.009,7.2962e-11,Torr,13.small_stm_port,spray,13.small_stm_port/MassSpecData-02115-20261006-164508.csv,2026-10-06 16:40:57.831,4.569633333333333
2026-10-06 16:45:32.217,7.8514e-11,Torr,13.small_stm_port,spray,13.small_stm_port/MassSpecData-02115-20261006-164508.csv,2026-10-06 16:40:57.831,4.5731
2026-10-06 16:45:32.426,8.1488e-11,Torr,13.small_stm_port,spray,13.small_stm_port/MassSpecData-02115-20261006-164508.csv,2026-10-06 16:40:57.831,4.576583333333334
2026-10-06 16:45:32.634,8.2929e-11,Torr,13.small_stm_port,spray,13.small_stm_port/MassSpecData-02115-20261006-164508.csv,2026-10-06 16:40:57.831,4.58005
2026-10-06 16:45:32.842,8.0006e-11,Torr,13.small_stm_port,spray,13.small_stm_port/MassSpecData-02115-20261006-164508.csv,2026-10-06 16:40:57.831,4.583516666666667
2026-10-06 16:45:33.051,8.7653e-11,Torr,13.small_stm_port,spray,13.small_stm_port/MassSpecData-02115-20261006-164508.csv,2026-10-06 16:40:57.831,4.587000000000001
2026-10-06 16:45:33.259,8.999e-11,Torr,13.small_stm_port,spray,13.small_stm_port/MassSpecData-02115-20261006-164508.csv,2026-10-06 16:40:57.831,4.590466666666667
2026-10-06 16:45:33.467,9.2961e-11,Torr,13.small_stm_port,spray,13.small_stm_port/MassSpecData-02115-20261006-164508.csv,2026-10-06 16:40:57.831,4.593933333333334
2026-10-06 16:45:33.676,8.4556e-11,Torr,13.small_stm_port,spray,13.small_stm_port/MassSpecData-02115-20261006-164508.csv,2026-10-06 16:40:57.831,4.597416666666667
2026-10-06 16:45:33.884,8.1406e-11,Torr,13.small_stm_port,spray,13.small_stm_port/MassSpecData-02115-20261006-164508.csv,2026-10-06 16:40:57.831,4.600883333333333
2026-10-06 16:45:34.092,9.1705e-11,Torr,13.small_stm_port,spray,13.small_stm_port/MassSpecData-02115-20261006-164508.csv,2026-10-06 16:40:57.831,4.60435
2026-10-06 16:45:34.301,9.3884e-11,Torr,13.small_stm_port,spray,13.small_stm_port/MassSpecData-02115-20261006-164508.csv,2026-10-06 16:40:57.831,4.607833333333334
2026-10-06 16:45:34.509,8.2605e-11,Torr,13.small_stm_port,spray,13.small_stm_port/MassSpecData-02115-20261006-164508.csv,2026-10-06 16:40:57.831,4.6113
2026-10-06 16:45:34.717,9.2949e-11,Torr,13.small_stm_port,spray,13.small_stm_port/MassSpecData-02115-20261006-164508.csv,2026-10-06 16:40:57.831,4.614766666666667
2026-10-06 16:45:34.926,8.1982e-11,Torr,13.small_stm_port,spray,13.small_stm_port/MassSpecData-02115-20261006-164508.csv,2026-10-06 16:40:57.831,4.618250000000001
2026-10-06 16:45:35.134,8.9728e-11,Torr,13.small_stm_port,spray,13.small_stm_port/MassSpecData-02115-20261006-164508.csv,2026-10-06 16:40:57.831,4.621716666666667
2026-10-06 16:45:35.342,8.3914e-11,Torr,13.small_stm_port,spray,13.small_stm_port/MassSpecData-02115-20261006-164508.csv,2026-10-06 16:40:57.831,4.625183333333334
2026-10-06 16:45:35.551,8.0521e-11,Torr,13.small_stm_port,spray,13.small_stm_port/MassSpecData-02115-20261006-164508.csv,2026-10-06 16:40:57.831,4.628666666666667
2026-10-06 16:45:35.759,8.4149e-11,Torr,13.small_stm_port,spray,13.small_stm_port/MassSpecData-02115-20261006-164508.csv,2026-10-06 16:40:57.831,4.632133333333333
2026-10-06 16:45:35.967,9.0395e-11,Torr,13.small_stm_port,spray,13.small_stm_port/MassSpecData-02115-20261006-164508.csv,2026-10-06 16:40:57.831,4.6356
2026-10-06 16:45:36.176,7.3295e-11,Torr,13.small_stm_port,spray,13.small_stm_port/MassSpecData-02115-20261006-164508.csv,2026-10-06 16:40:57.831,4.639083333333334
2026-10-06 16:45:36.384,8.9685e-11,Torr,13.small_stm_port,spray,13.small_stm_port/MassSpecData-02115-20261006-164508.csv,2026-10-06 16:40:57.831,4.64255
2026-10-06 16:45:36.592,6.5099e-11,Torr,13.small_stm_port,spray,13.small_stm_port/MassSpecData-02115-20261006-164508.csv,2026-10-06 16:40:57.831,4.646016666666667
2026-10-06 16:45:36.801,7.8367e-11,Torr,13.small_stm_port,spray,13.small_stm_port/MassSpecData-02115-20261006-164508.csv,2026-10-06 16:40:57.831,4.649500000000001
2026-10-06 16:45:37.009,8.4876e-11,Torr,13.small_stm_port,spray,13.small_stm_port/MassSpecData-02115-20261006-164508.csv,2026-10-06 16:40:57.831,4.652966666666667
2026-10-06 16:45:37.217,7.4018e-11,Torr,13.small_stm_port,spray,13.small_stm_port/MassSpecData-02115-20261006-164508.csv,2026-10-06 16:40:57.831,4.656433333333334
2026-10-06 16:45:37.426,7.7016e-11,Torr,13.small_stm_port,spray,13.small_stm_port/MassSpecData-02115-20261006-164508.csv,2026-10-06 16:40:57.831,4.659916666666667
2026-10-06 16:45:37.634,9.0749e-11,Torr,13.small_stm_port,spray,13.small_stm_port/MassSpecData-02115-20261006-164508.csv,2026-10-06 16:40:57.831,4.663383333333333
2026-10-06 16:45:37.842,8.5505e-11,Torr,13.small_stm_port,spray,13.small_stm_port/MassSpecData-02115-20261006-164508.csv,2026-10-06 16:40:57.831,4.66685
2026-10-06 16:45:38.051,8.7783e-11,Torr,13.small_stm_port,spray,13.small_stm_port/MassSpecData-02115-20261006-164508.csv,2026-10-06 16:40:57.831,4.670333333333334
2026-10-06 16:45:38.259,8.3924e-11,Torr,13.small_stm_port,spray,13.small_stm_port/MassSpecData-02115-20261006-164508.csv,2026-10-06 16:40:57.831,4.6738
2026-10-06 16:45:38.467,9.8866e-11,Torr,13.small_stm_port,spray,13.small_stm_port/MassSpecData-02115-20261006-164508.csv,2026-10-06 16:40:57.831,4.677266666666667
2026-10-06 16:45:38.676,9.1718e-11,Torr,13.small_stm_port,spray,13.small_stm_port/MassSpecData-02115-20261006-164508.csv,2026-10-06 16:40:57.831,4.680750000000001
2026-10-06 16:45:38.884,8.6634e-11,Torr,13.small_stm_port,spray,13.small_stm_port/MassSpecData-02115-20261006-164508.csv,2026-10-06 16:40:57.831,4.684216666666667
2026-10-06 16:45:39.092,8.1279e-11,Torr,13.small_stm_port,spray,13.small_stm_port/MassSpecData-02115-20261006-164508.csv,2026-10-06 16:40:57.831,4.687683333333334
2026-10-06 16:45:39.301,8.2639e-11,Torr,13.small_stm_port,spray,13.small_stm_port/MassSpecData-02115-20261006-164508.csv,2026-10-06 16:40:57.831,4.691166666666667
2026-10-06 16:45:39.509,9.0739e-11,Torr,13.small_stm_port,spray,13.small_stm_port/MassSpecData-02115-20261006-164508.csv,2026-10-06 16:40:57.831,4.694633333333333
2026-10-06 16:45:39.717,9.7712e-11,Torr,13.small_stm_port,spray,13.small_stm_port/MassSpecData-02115-20261006-164508.csv,2026-10-06 16:40:57.831,4.6981
2026-10-06 16:45:39.926,9.6043e-11,Torr,13.small_stm_port,spray,13.small_stm_port/MassSpecData-02115-20261006-164508.csv,2026-10-06 16:40:57.831,4.701583333333334
2026-10-06 16:45:40.134,7.5415e-11,Torr,13.small_stm_port,spray,13.small_stm_port/MassSpecData-02115-20261006-164508.csv,2026-10-06 16:40:57.831,4.70505
2026-10-06 16:45:40.342,7.9374e-11,Torr,13.small_stm_port,spray,13.small_stm_port/MassSpecData-02115-20261006-164508.csv,2026-10-06 16:40:57.831,4.708516666666667
2026-10-06 16:45:40.551,8.5378e-11,Torr,13.small_stm_port,spray,13.small_stm_port/MassSpecData-02115-20261006-164508.csv,2026-10-06 16:40:57.831,4.712000000000001
2026-10-06 16:45:40.759,8.2017e-11,Torr,13.small_stm_port,spray,13.small_stm_port/MassSpecData-02115-20261006-164508.csv,2026-10-06 16:40:57.831,4.715466666666667
2026-10-06 16:45:40.967,7.6581e-11,Torr,13.small_stm_port,spray,13.small_stm_port/MassSpecData-02115-20261006-164508.csv,2026-10-06 16:40:57.831,4.718933333333334
2026-10-06 16:45:41.176,8.6419e-11,Torr,13.small_stm_port,spray,13.small_stm_port/MassSpecData-02115-20261006-164508.csv,2026-10-06 16:40:57.831,4.722416666666667
2026-10-06 16:45:41.384,8.84e-11,Torr,13.small_stm_port,spray,13.small_stm_port/MassSpecData-02115-20261006-164508.csv,2026-10-06 16:40:57.831,4.725883333333333
2026-10-06 16:45:41.592,8.0109e-11,Torr,13.small_stm_port,spray,13.small_stm_port/MassSpecData-02115-20261006-164508.csv,2026-10-06 16:40:57.831,4.72935
2026-10-06 16:45:41.801,8.7056e-11,Torr,13.small_stm_port,spray,13.small_stm_port/MassSpecData-02115-20261006-164508.csv,2026-10-06 16:40:57.831,4.732833333333334
2026-10-06 16:45:42.009,7.8149e-11,Torr,13.small_stm_port,spray,13.small_stm_port/MassSpecData-02115-20261006-164508.csv,2026-10-06 16:40:57.831,4.7363
2026-10-06 16:45:42.217,8.1962e-11,Torr,13.small_stm_port,spray,13.small_stm_port/MassSpecData-02115-20261006-164508.csv,2026-10-06 16:40:57.831,4.739766666666667
2026-10-06 16:45:42.426,9.0354e-11,Torr,13.small_stm_port,spray,13.small_stm_port/MassSpecData-02115-20261006-164508.csv,2026-10-06 16:40:57.831,4.743250000000001
2026-10-06 16:45:42.634,8.0382e-11,Torr,13.small_stm_port,spray,13.small_stm_port/MassSpecData-02115-20261006-164508.csv,2026-10-06 16:40:57.831,4.746716666666667
2026-10-06 16:45:42.842,8.6749e-11,Torr,13.small_stm_port,spray,13.small_stm_port/MassSpecData-02115-20261006-164508.csv,2026-10-06 16:40:57.831,4.750183333333334
2026-10-06 16:45:43.051,9.0876e-11,Torr,13.small_stm_port,spray,13.small_stm_port/MassSpecData-02115-20261006-164508.csv,2026-10-06 16:40:57.831,4.753666666666667
2026-10-06 16:45:43.259,8.53e-11,Torr,13.small_stm_port,spray,13.small_stm_port/MassSpecData-02115-20261006-164508.csv,2026-10-06 16:40:57.831,4.757133333333333
2026-10-06 16:45:43.467,8.2874e-11,Torr,13.small_stm_port,spray,13.small_stm_port/MassSpecData-02115-20261006-164508.csv,2026-10-06 16:40:57.831,4.7606
2026-10-06 16:45:43.676,8.7924e-11,Torr,13.small_stm_port,spray,13.small_stm_port/MassSpecData-02115-20261006-164508.csv,2026-10-06 16:40:57.831,4.764083333333334
2026-10-06 16:45:43.884,7.8267e-11,Torr,13.small_stm_port,spray,13.small_stm_port/MassSpecData-02115-20261006-164508.csv,2026-10-06 16:40:57.831,4.76755
2026-10-06 16:45:44.092,7.9095e-11,Torr,13.small_stm_port,spray,13.small_stm_port/MassSpecData-02115-20261006-164508.csv,2026-10-06 16:40:57.831,4.771016666666667
2026-10-06 16:45:44.301,6.8881e-11,Torr,13.small_stm_port,spray,13.small_stm_port/MassSpecData-02115-20261006-164508.csv,2026-10-06 16:40:57.831,4.774500000000001
2026-10-06 16:45:44.509,8.2064e-11,Torr,13.small_stm_port,spray,13.small_stm_port/MassSpecData-02115-20261006-164508.csv,2026-10-06 16:40:57.831,4.777966666666667
2026-10-06 16:45:44.717,7.9045e-11,Torr,13.small_stm_port,spray,13.small_stm_port/MassSpecData-02115-20261006-164508.csv,2026-10-06 16:40:57.831,4.781433333333334
2026-10-06 16:45:44.926,9.2809e-11,Torr,13.small_stm_port,spray,13.small_stm_port/MassSpecData-02115-20261006-164508.csv,2026-10-06 16:40:57.831,4.784916666666667
2026-10-06 16:45:45.134,8.2643e-11,Torr,13.small_stm_port,spray,13.small_stm_port/MassSpecData-02115-20261006-164508.csv,2026-10-06 16:40:57.831,4.788383333333333
2026-10-06 16:45:45.342,8.0819e-11,Torr,13.small_stm_port,spray,13.small_stm_port/MassSpecData-02115-20261006-164508.csv,2026-10-06 16:40:57.831,4.79185
2026-10-06 16:45:45.551,9.0322e-11,Torr,13.small_stm_port,spray,13.small_stm_port/MassSpecData-02115-20261006-164508.csv,2026-10-06 16:40:57.831,4.795333333333334
2026-10-06 16:45:45.759,7.2543e-11,Torr,13.small_stm_port,spray,13.small_stm_port/MassSpecData-02115-20261006-164508.csv,2026-10-06 16:40:57.831,4.7988
2026-10-06 16:45:45.967,9.6978e-11,Torr,13.small_stm_port,spray,13.small_stm_port/MassSpecData-02115-20261006-164508.csv,2026-10-06 16:40:57.831,4.802266666666667
2026-10-06 16:45:46.176,8.6846e-11,Torr,13.small_stm_port,spray,13.small_stm_port/MassSpecData-02115-20261006-164508.csv,2026-10-06 16:40:57.831,4.805750000000001
2026-10-06 16:45:46.384,8.9089e-11,Torr,13.small_stm_port,spray,13.small_stm_port/MassSpecData-02115-20261006-164508.csv,2026-10-06 16:40:57.831,4.809216666666667
2026-10-06 16:45:46.593,7.6551e-11,Torr,13.small_stm_port,spray,13.small_stm_port/MassSpecData-02115-20261006-164508.csv,2026-10-06 16:40:57.831,4.8127
2026-10-06 16:45:46.801,8.3684e-11,Torr,13.small_stm_port,spray,13.small_stm_port/MassSpecData-02115-20261006-164508.csv,2026-10-06 16:40:57.831,4.816166666666667
2026-10-06 16:45:47.009,8.4728e-11,Torr,13.small_stm_port,spray,13.small_stm_port/MassSpecData-02115-20261006-164508.csv,2026-10-06 16:40:57.831,4.819633333333333
2026-10-06 16:45:47.218,7.8253e-11,Torr,13.small_stm_port,spray,13.small_stm_port/MassSpecData-02115-20261006-164508.csv,2026-10-06 16:40:57.831,4.8231166666666665
2026-10-06 16:45:47.426,7.0451e-11,Torr,13.small_stm_port,spray,13.small_stm_port/MassSpecData-02115-20261006-164508.csv,2026-10-06 16:40:57.831,4.826583333333334
2026-10-06 16:45:47.634,6.7121e-11,Torr,13.small_stm_port,spray,13.small_stm_port/MassSpecData-02115-20261006-164508.csv,2026-10-06 16:40:57.831,4.83005
2026-10-06 16:45:47.843,8.695e-11,Torr,13.small_stm_port,spray,13.small_stm_port/MassSpecData-02115-20261006-164508.csv,2026-10-06 16:40:57.831,4.8335333333333335
2026-10-06 16:45:48.051,8.9955e-11,Torr,13.small_stm_port,spray,13.small_stm_port/MassSpecData-02115-20261006-164508.csv,2026-10-06 16:40:57.831,4.837000000000001
2026-10-06 16:45:48.259,9.1547e-11,Torr,13.small_stm_port,spray,13.small_stm_port/MassSpecData-02115-20261006-164508.csv,2026-10-06 16:40:57.831,4.840466666666667
2026-10-06 16:45:48.468,7.3332e-11,Torr,13.small_stm_port,spray,13.small_stm_port/MassSpecData-02115-20261006-164508.csv,2026-10-06 16:40:57.831,4.84395
2026-10-06 16:45:48.676,8.8499e-11,Torr,13.small_stm_port,spray,13.small_stm_port/MassSpecData-02115-20261006-164508.csv,2026-10-06 16:40:57.831,4.847416666666667
2026-10-06 16:45:48.884,9.3504e-11,Torr,13.small_stm_port,spray,13.small_stm_port/MassSpecData-02115-20261006-164508.csv,2026-10-06 16:40:57.831,4.850883333333333
2026-10-06 16:45:49.093,7.5247e-11,Torr,13.small_stm_port,spray,13.small_stm_port/MassSpecData-02115-20261006-164508.csv,2026-10-06 16:40:57.831,4.8543666666666665
2026-10-06 16:45:49.301,7.9677e-11,Torr,13.small_stm_port,spray,13.small_stm_port/MassSpecData-02115-20261006-164508.csv,2026-10-06 16:40:57.831,4.857833333333334
2026-10-06 16:45:49.509,8.7721e-11,Torr,13.small_stm_port,spray,13.small_stm_port/MassSpecData-02115-20261006-164508.csv,2026-10-06 16:40:57.831,4.8613
2026-10-06 16:45:49.718,7.7662e-11,Torr,13.small_stm_port,spray,13.small_stm_port/MassSpecData-02115-20261006-164508.csv,2026-10-06 16:40:57.831,4.8647833333333335
2026-10-06 16:45:49.926,7.8714e-11,Torr,13.small_stm_port,spray,13.small_stm_port/MassSpecData-02115-20261006-164508.csv,2026-10-06 16:40:57.831,4.868250000000001
2026-10-06 16:45:50.134,8.579e-11,Torr,13.small_stm_port,spray,13.small_stm_port/MassSpecData-02115-20261006-164508.csv,2026-10-06 16:40:57.831,4.871716666666667
2026-10-06 16:45:50.473,9.3069e-11,Torr,13.small_stm_port,spray,13.small_stm_port/MassSpecData-02115-20261006-164550.csv,2026-10-06 16:40:57.831,4.877366666666666
2026-10-06 16:45:50.681,7.0364e-11,Torr,13.small_stm_port,spray,13.small_stm_port/MassSpecData-02115-20261006-164550.csv,2026-10-06 16:40:57.831,4.880833333333333
2026-10-06 16:45:50.890,9.397e-11,Torr,13.small_stm_port,spray,13.small_stm_port/MassSpecData-02115-20261006-164550.csv,2026-10-06 16:40:57.831,4.884316666666667
2026-10-06 16:45:51.098,7.3061e-11,Torr,13.small_stm_port,spray,13.small_stm_port/MassSpecData-02115-20261006-164550.csv,2026-10-06 16:40:57.831,4.887783333333333
2026-10-06 16:45:51.306,7.494e-11,Torr,13.small_stm_port,spray,13.small_stm_port/MassSpecData-02115-20261006-164550.csv,2026-10-06 16:40:57.831,4.89125
2026-10-06 16:45:51.515,7.8002e-11,Torr,13.small_stm_port,spray,13.small_stm_port/MassSpecData-02115-20261006-164550.csv,2026-10-06 16:40:57.831,4.894733333333334
2026-10-06 16:45:51.723,9.2114e-11,Torr,13.small_stm_port,spray,13.small_stm_port/MassSpecData-02115-20261006-164550.csv,2026-10-06 16:40:57.831,4.8982
2026-10-06 16:45:51.931,8.0085e-11,Torr,13.small_stm_port,spray,13.small_stm_port/MassSpecData-02115-20261006-164550.csv,2026-10-06 16:40:57.831,4.901666666666667
2026-10-06 16:45:52.139,9.6488e-11,Torr,13.small_stm_port,spray,13.small_stm_port/MassSpecData-02115-20261006-164550.csv,2026-10-06 16:40:57.831,4.905133333333334
2026-10-06 16:45:52.348,8.2872e-11,Torr,13.small_stm_port,spray,13.small_stm_port/MassSpecData-02115-20261006-164550.csv,2026-10-06 16:40:57.831,4.908616666666666
2026-10-06 16:45:52.556,8.2186e-11,Torr,13.small_stm_port,spray,13.small_stm_port/MassSpecData-02115-20261006-164550.csv,2026-10-06 16:40:57.831,4.912083333333333
2026-10-06 16:45:52.765,7.7908e-11,Torr,13.small_stm_port,spray,13.small_stm_port/MassSpecData-02115-20261006-164550.csv,2026-10-06 16:40:57.831,4.915566666666667
2026-10-06 16:45:52.973,7.9266e-11,Torr,13.small_stm_port,spray,13.small_stm_port/MassSpecData-02115-20261006-164550.csv,2026-10-06 16:40:57.831,4.919033333333333
2026-10-06 16:45:53.181,1.0476e-10,Torr,13.small_stm_port,spray,13.small_stm_port/MassSpecData-02115-20261006-164550.csv,2026-10-06 16:40:57.831,4.9225
2026-10-06 16:45:53.390,7.274e-11,Torr,13.small_stm_port,spray,13.small_stm_port/MassSpecData-02115-20261006-164550.csv,2026-10-06 16:40:57.831,4.925983333333334
2026-10-06 16:45:53.598,8.7802e-11,Torr,13.small_stm_port,spray,13.small_stm_port/MassSpecData-02115-20261006-164550.csv,2026-10-06 16:40:57.831,4.92945
2026-10-06 16:45:53.806,9.7363e-11,Torr,13.small_stm_port,spray,13.small_stm_port/MassSpecData-02115-20261006-164550.csv,2026-10-06 16:40:57.831,4.932916666666667
2026-10-06 16:45:54.015,9.2056e-11,Torr,13.small_stm_port,spray,13.small_stm_port/MassSpecData-02115-20261006-164550.csv,2026-10-06 16:40:57.831,4.936400000000001
2026-10-06 16:45:54.223,9.0913e-11,Torr,13.small_stm_port,spray,13.small_stm_port/MassSpecData-02115-20261006-164550.csv,2026-10-06 16:40:57.831,4.939866666666666
2026-10-06 16:45:54.431,7.0764e-11,Torr,13.small_stm_port,spray,13.small_stm_port/MassSpecData-02115-20261006-164550.csv,2026-10-06 16:40:57.831,4.943333333333333
2026-10-06 16:45:54.640,1.0169e-10,Torr,13.small_stm_port,spray,13.small_stm_port/MassSpecData-02115-20261006-164550.csv,2026-10-06 16:40:57.831,4.946816666666667
2026-10-06 16:45:54.848,7.4693e-11,Torr,13.small_stm_port,spray,13.small_stm_port/MassSpecData-02115-20261006-164550.csv,2026-10-06 16:40:57.831,4.950283333333333
2026-10-06 16:45:55.056,8.5945e-11,Torr,13.small_stm_port,spray,13.small_stm_port/MassSpecData-02115-20261006-164550.csv,2026-10-06 16:40:57.831,4.95375
2026-10-06 16:45:55.265,8.1774e-11,Torr,13.small_stm_port,spray,13.small_stm_port/MassSpecData-02115-20261006-164550.csv,2026-10-06 16:40:57.831,4.957233333333334
2026-10-06 16:45:55.473,7.7347e-11,Torr,13.small_stm_port,spray,13.small_stm_port/MassSpecData-02115-20261006-164550.csv,2026-10-06 16:40:57.831,4.9607
2026-10-06 16:45:55.681,8.9304e-11,Torr,13.small_stm_port,spray,13.small_stm_port/MassSpecData-02115-20261006-164550.csv,2026-10-06 16:40:57.831,4.964166666666667
2026-10-06 16:45:55.889,8.5657e-11,Torr,13.small_stm_port,spray,13.small_stm_port/MassSpecData-02115-20261006-164550.csv,2026-10-06 16:40:57.831,4.967633333333334
2026-10-06 16:45:56.098,8.8145e-11,Torr,13.small_stm_port,spray,13.small_stm_port/MassSpecData-02115-20261006-164550.csv,2026-10-06 16:40:57.831,4.971116666666666
2026-10-06 16:45:56.306,7.9862e-11,Torr,13.small_stm_port,spray,13.small_stm_port/MassSpecData-02115-20261006-164550.csv,2026-10-06 16:40:57.831,4.974583333333333
2026-10-06 16:45:56.514,8.5694e-11,Torr,13.small_stm_port,spray,13.small_stm_port/MassSpecData-02115-20261006-164550.csv,2026-10-06 16:40:57.831,4.97805
2026-10-06 16:45:56.723,9.2313e-11,Torr,13.small_stm_port,spray,13.small_stm_port/MassSpecData-02115-20261006-164550.csv,2026-10-06 16:40:57.831,4.981533333333333
2026-10-06 16:45:56.931,8.5626e-11,Torr,13.small_stm_port,spray,13.small_stm_port/MassSpecData-02115-20261006-164550.csv,2026-10-06 16:40:57.831,4.985
2026-10-06 16:45:57.139,8.8164e-11,Torr,13.small_stm_port,spray,13.small_stm_port/MassSpecData-02115-20261006-164550.csv,2026-10-06 16:40:57.831,4.988466666666667
2026-10-06 16:45:57.348,9.4275e-11,Torr,13.small_stm_port,spray,13.small_stm_port/MassSpecData-02115-20261006-164550.csv,2026-10-06 16:40:57.831,4.99195
2026-10-06 16:45:57.556,9.1744e-11,Torr,13.small_stm_port,spray,13.small_stm_port/MassSpecData-02115-20261006-164550.csv,2026-10-06 16:40:57.831,4.995416666666667
2026-10-06 16:45:57.764,7.5719e-11,Torr,13.small_stm_port,spray,13.small_stm_port/MassSpecData-02115-20261006-164550.csv,2026-10-06 16:40:57.831,4.998883333333334
2026-10-06 16:45:57.973,7.0789e-11,Torr,13.small_stm_port,spray,13.small_stm_port/MassSpecData-02115-20261006-164550.csv,2026-10-06 16:40:57.831,5.002366666666666
2026-10-06 16:45:58.181,9.646e-11,Torr,13.small_stm_port,spray,13.small_stm_port/MassSpecData-02115-20261006-164550.csv,2026-10-06 16:40:57.831,5.005833333333333
2026-10-06 16:45:58.389,8.9687e-11,Torr,13.small_stm_port,spray,13.small_stm_port/MassSpecData-02115-20261006-164550.csv,2026-10-06 16:40:57.831,5.0093
2026-10-06 16:45:58.598,9.3415e-11,Torr,13.small_stm_port,spray,13.small_stm_port/MassSpecData-02115-20261006-164550.csv,2026-10-06 16:40:57.831,5.012783333333333
2026-10-06 16:45:58.806,8.2429e-11,Torr,13.small_stm_port,spray,13.small_stm_port/MassSpecData-02115-20261006-164550.csv,2026-10-06 16:40:57.831,5.01625
2026-10-06 16:45:59.014,8.7722e-11,Torr,13.small_stm_port,spray,13.small_stm_port/MassSpecData-02115-20261006-164550.csv,2026-10-06 16:40:57.831,5.019716666666667
2026-10-06 16:45:59.223,8.7889e-11,Torr,13.small_stm_port,spray,13.small_stm_port/MassSpecData-02115-20261006-164550.csv,2026-10-06 16:40:57.831,5.0232
2026-10-06 16:45:59.431,8.5657e-11,Torr,13.small_stm_port,spray,13.small_stm_port/MassSpecData-02115-20261006-164550.csv,2026-10-06 16:40:57.831,5.026666666666667
2026-10-06 16:45:59.640,8.3498e-11,Torr,13.small_stm_port,spray,13.small_stm_port/MassSpecData-02115-20261006-164550.csv,2026-10-06 16:40:57.831,5.030150000000001
2026-10-06 16:45:59.848,8.6131e-11,Torr,13.small_stm_port,spray,13.small_stm_port/MassSpecData-02115-20261006-164550.csv,2026-10-06 16:40:57.831,5.033616666666666
2026-10-06 16:46:00.056,8.0792e-11,Torr,13.small_stm_port,spray,13.small_stm_port/MassSpecData-02115-20261006-164550.csv,2026-10-06 16:40:57.831,5.037083333333333
2026-10-06 16:46:00.265,8.0067e-11,Torr,13.small_stm_port,spray,13.small_stm_port/MassSpecData-02115-20261006-164550.csv,2026-10-06 16:40:57.831,5.040566666666667
2026-10-06 16:46:00.473,9.2302e-11,Torr,13.small_stm_port,spray,13.small_stm_port/MassSpecData-02115-20261006-164550.csv,2026-10-06 16:40:57.831,5.044033333333333
2026-10-06 16:46:00.681,7.2582e-11,Torr,13.small_stm_port,spray,13.small_stm_port/MassSpecData-02115-20261006-164550.csv,2026-10-06 16:40:57.831,5.0475
2026-10-06 16:46:00.890,9.0317e-11,Torr,13.small_stm_port,spray,13.small_stm_port/MassSpecData-02115-20261006-164550.csv,2026-10-06 16:40:57.831,5.050983333333334
2026-10-06 16:46:01.098,7.4779e-11,Torr,13.small_stm_port,spray,13.small_stm_port/MassSpecData-02115-20261006-164550.csv,2026-10-06 16:40:57.831,5.05445
2026-10-06 16:46:01.306,8.3717e-11,Torr,13.small_stm_port,spray,13.small_stm_port/MassSpecData-02115-20261006-164550.csv,2026-10-06 16:40:57.831,5.057916666666667
2026-10-06 16:46:01.515,9.4491e-11,Torr,13.small_stm_port,spray,13.small_stm_port/MassSpecData-02115-20261006-164550.csv,2026-10-06 16:40:57.831,5.061400000000001
2026-10-06 16:46:01.723,9.0835e-11,Torr,13.small_stm_port,spray,13.small_stm_port/MassSpecData-02115-20261006-164550.csv,2026-10-06 16:40:57.831,5.064866666666666
2026-10-06 16:46:01.931,8.5947e-11,Torr,13.small_stm_port,spray,13.small_stm_port/MassSpecData-02115-20261006-164550.csv,2026-10-06 16:40:57.831,5.068333333333333
2026-10-06 16:46:02.140,8.455e-11,Torr,13.small_stm_port,spray,13.small_stm_port/MassSpecData-02115-20261006-164550.csv,2026-10-06 16:40:57.831,5.071816666666667
2026-10-06 16:46:02.348,7.8316e-11,Torr,13.small_stm_port,spray,13.small_stm_port/MassSpecData-02115-20261006-164550.csv,2026-10-06 16:40:57.831,5.075283333333333
2026-10-06 16:46:02.556,8.7138e-11,Torr,13.small_stm_port,spray,13.small_stm_port/MassSpecData-02115-20261006-164550.csv,2026-10-06 16:40:57.831,5.07875
2026-10-06 16:46:02.765,7.1684e-11,Torr,13.small_stm_port,spray,13.small_stm_port/MassSpecData-02115-20261006-164550.csv,2026-10-06 16:40:57.831,5.082233333333334
2026-10-06 16:46:02.973,9.1599e-11,Torr,13.small_stm_port,spray,13.small_stm_port/MassSpecData-02115-20261006-164550.csv,2026-10-06 16:40:57.831,5.0857
2026-10-06 16:46:03.181,7.1391e-11,Torr,13.small_stm_port,spray,13.small_stm_port/MassSpecData-02115-20261006-164550.csv,2026-10-06 16:40:57.831,5.089166666666667
2026-10-06 16:46:03.390,8.3115e-11,Torr,13.small_stm_port,spray,13.small_stm_port/MassSpecData-02115-20261006-164550.csv,2026-10-06 16:40:57.831,5.092650000000001
2026-10-06 16:46:03.598,8.8564e-11,Torr,13.small_stm_port,spray,13.small_stm_port/MassSpecData-02115-20261006-164550.csv,2026-10-06 16:40:57.831,5.096116666666666
2026-10-06 16:46:03.806,8.78e-11,Torr,13.small_stm_port,spray,13.small_stm_port/MassSpecData-02115-20261006-164550.csv,2026-10-06 16:40:57.831,5.099583333333333
2026-10-06 16:46:04.015,7.745e-11,Torr,13.small_stm_port,spray,13.small_stm_port/MassSpecData-02115-20261006-164550.csv,2026-10-06 16:40:57.831,5.103066666666667
2026-10-06 16:46:04.223,8.491e-11,Torr,13.small_stm_port,spray,13.small_stm_port/MassSpecData-02115-20261006-164550.csv,2026-10-06 16:40:57.831,5.106533333333333
2026-10-06 16:46:04.431,8.5443e-11,Torr,13.small_stm_port,spray,13.small_stm_port/MassSpecData-02115-20261006-164550.csv,2026-10-06 16:40:57.831,5.11
2026-10-06 16:46:04.640,9.2439e-11,Torr,13.small_stm_port,spray,13.small_stm_port/MassSpecData-02115-20261006-164550.csv,2026-10-06 16:40:57.831,5.113483333333334
2026-10-06 16:46:04.848,7.4519e-11,Torr,13.small_stm_port,spray,13.small_stm_port/MassSpecData-02115-20261006-164550.csv,2026-10-06 16:40:57.831,5.11695
2026-10-06 16:46:05.056,7.3418e-11,Torr,13.small_stm_port,spray,13.small_stm_port/MassSpecData-02115-20261006-164550.csv,2026-10-06 16:40:57.831,5.120416666666667
2026-10-06 16:46:05.265,8.1031e-11,Torr,13.small_stm_port,spray,13.small_stm_port/MassSpecData-02115-20261006-164550.csv,2026-10-06 16:40:57.831,5.123900000000001
2026-10-06 16:46:05.473,7.538e-11,Torr,13.small_stm_port,spray,13.small_stm_port/MassSpecData-02115-20261006-164550.csv,2026-10-06 16:40:57.831,5.127366666666666
2026-10-06 16:46:05.681,7.9493e-11,Torr,13.small_stm_port,spray,13.small_stm_port/MassSpecData-02115-20261006-164550.csv,2026-10-06 16:40:57.831,5.130833333333333
2026-10-06 16:46:05.890,9.8871e-11,Torr,13.small_stm_port,spray,13.small_stm_port/MassSpecData-02115-20261006-164550.csv,2026-10-06 16:40:57.831,5.134316666666667
2026-10-06 16:46:06.098,8.4446e-11,Torr,13.small_stm_port,spray,13.small_stm_port/MassSpecData-02115-20261006-164550.csv,2026-10-06 16:40:57.831,5.137783333333333
2026-10-06 16:46:06.306,8.0423e-11,Torr,13.small_stm_port,spray,13.small_stm_port/MassSpecData-02115-20261006-164550.csv,2026-10-06 16:40:57.831,5.14125
2026-10-06 16:46:06.515,9.3619e-11,Torr,13.small_stm_port,spray,13.small_stm_port/MassSpecData-02115-20261006-164550.csv,2026-10-06 16:40:57.831,5.144733333333334
2026-10-06 16:46:06.723,8.1978e-11,Torr,13.small_stm_port,spray,13.small_stm_port/MassSpecData-02115-20261006-164550.csv,2026-10-06 16:40:57.831,5.1482
2026-10-06 16:46:06.931,9.6941e-11,Torr,13.small_stm_port,spray,13.small_stm_port/MassSpecData-02115-20261006-164550.csv,2026-10-06 16:40:57.831,5.151666666666667
2026-10-06 16:46:07.140,8.0882e-11,Torr,13.small_stm_port,spray,13.small_stm_port/MassSpecData-02115-20261006-164550.csv,2026-10-06 16:40:57.831,5.155150000000001
2026-10-06 16:46:07.348,8.1541e-11,Torr,13.small_stm_port,spray,13.small_stm_port/MassSpecData-02115-20261006-164550.csv,2026-10-06 16:40:57.831,5.158616666666666
2026-10-06 16:46:07.556,7.8924e-11,Torr,13.small_stm_port,spray,13.small_stm_port/MassSpecData-02115-20261006-164550.csv,2026-10-06 16:40:57.831,5.162083333333333
2026-10-06 16:46:07.765,8.519e-11,Torr,13.small_stm_port,spray,13.small_stm_port/MassSpecData-02115-20261006-164550.csv,2026-10-06 16:40:57.831,5.165566666666667
2026-10-06 16:46:07.973,8.7017e-11,Torr,13.small_stm_port,spray,13.small_stm_port/MassSpecData-02115-20261006-164550.csv,2026-10-06 16:40:57.831,5.169033333333333
2026-10-06 16:46:08.181,1.0186e-10,Torr,13.small_stm_port,spray,13.small_stm_port/MassSpecData-02115-20261006-164550.csv,2026-10-06 16:40:57.831,5.1725
2026-10-06 16:46:08.390,7.843e-11,Torr,13.small_stm_port,spray,13.small_stm_port/MassSpecData-02115-20261006-164550.csv,2026-10-06 16:40:57.831,5.175983333333334
2026-10-06 16:46:08.598,8.0423e-11,Torr,13.small_stm_port,spray,13.small_stm_port/MassSpecData-02115-20261006-164550.csv,2026-10-06 16:40:57.831,5.17945
2026-10-06 16:46:08.806,8.0452e-11,Torr,13.small_stm_port,spray,13.small_stm_port/MassSpecData-02115-20261006-164550.csv,2026-10-06 16:40:57.831,5.182916666666667
2026-10-06 16:46:09.015,8.0647e-11,Torr,13.small_stm_port,spray,13.small_stm_port/MassSpecData-02115-20261006-164550.csv,2026-10-06 16:40:57.831,5.186400000000001
2026-10-06 16:46:09.223,8.3116e-11,Torr,13.small_stm_port,spray,13.small_stm_port/MassSpecData-02115-20261006-164550.csv,2026-10-06 16:40:57.831,5.189866666666666
2026-10-06 16:46:09.431,8.3264e-11,Torr,13.small_stm_port,spray,13.small_stm_port/MassSpecData-02115-20261006-164550.csv,2026-10-06 16:40:57.831,5.193333333333333
2026-10-06 16:46:09.640,7.6593e-11,Torr,13.small_stm_port,spray,13.small_stm_port/MassSpecData-02115-20261006-164550.csv,2026-10-06 16:40:57.831,5.196816666666667
2026-10-06 16:46:09.848,7.8387e-11,Torr,13.small_stm_port,spray,13.small_stm_port/MassSpecData-02115-20261006-164550.csv,2026-10-06 16:40:57.831,5.200283333333333
2026-10-06 16:46:10.056,7.0847e-11,Torr,13.small_stm_port,spray,13.small_stm_port/MassSpecData-02115-20261006-164550.csv,2026-10-06 16:40:57.831,5.20375
2026-10-06 16:46:10.264,9.637e-11,Torr,13.small_stm_port,spray,13.small_stm_port/MassSpecData-02115-20261006-164550.csv,2026-10-06 16:40:57.831,5.207216666666667
2026-10-06 16:46:10.473,6.7749e-11,Torr,13.small_stm_port,spray,13.small_stm_port/MassSpecData-02115-20261006-164550.csv,2026-10-06 16:40:57.831,5.2107
2026-10-06 16:46:10.681,7.9613e-11,Torr,13.small_stm_port,spray,13.small_stm_port/MassSpecData-02115-20261006-164550.csv,2026-10-06 16:40:57.831,5.214166666666667
2026-10-06 16:46:10.889,9.7378e-11,Torr,13.small_stm_port,spray,13.small_stm_port/MassSpecData-02115-20261006-164550.csv,2026-10-06 16:40:57.831,5.217633333333334
2026-10-06 16:46:11.098,8.6572e-11,Torr,13.small_stm_port,spray,13.small_stm_port/MassSpecData-02115-20261006-164550.csv,2026-10-06 16:40:57.831,5.221116666666666
2026-10-06 16:46:11.306,9.7865e-11,Torr,13.small_stm_port,spray,13.small_stm_port/MassSpecData-02115-20261006-164550.csv,2026-10-06 16:40:57.831,5.224583333333333
2026-10-06 16:46:11.514,9.7139e-11,Torr,13.small_stm_port,spray,13.small_stm_port/MassSpecData-02115-20261006-164550.csv,2026-10-06 16:40:57.831,5.22805
2026-10-06 16:46:11.723,7.0175e-11,Torr,13.small_stm_port,spray,13.small_stm_port/MassSpecData-02115-20261006-164550.csv,2026-10-06 16:40:57.831,5.231533333333333
2026-10-06 16:46:11.931,9.0887e-11,Torr,13.small_stm_port,spray,13.small_stm_port/MassSpecData-02115-20261006-164550.csv,2026-10-06 16:40:57.831,5.235
2026-10-06 16:46:12.139,7.2735e-11,Torr,13.small_stm_port,spray,13.small_stm_port/MassSpecData-02115-20261006-164550.csv,2026-10-06 16:40:57.831,5.238466666666667
2026-10-06 16:46:12.348,7.8411e-11,Torr,13.small_stm_port,spray,13.small_stm_port/MassSpecData-02115-20261006-164550.csv,2026-10-06 16:40:57.831,5.24195
2026-10-06 16:46:12.556,7.9665e-11,Torr,13.small_stm_port,spray,13.small_stm_port/MassSpecData-02115-20261006-164550.csv,2026-10-06 16:40:57.831,5.245416666666667
2026-10-06 16:46:12.764,8.1243e-11,Torr,13.small_stm_port,spray,13.small_stm_port/MassSpecData-02115-20261006-164550.csv,2026-10-06 16:40:57.831,5.248883333333334
2026-10-06 16:46:12.973,8.3136e-11,Torr,13.small_stm_port,spray,13.small_stm_port/MassSpecData-02115-20261006-164550.csv,2026-10-06 16:40:57.831,5.252366666666666
2026-10-06 16:46:13.181,7.1733e-11,Torr,13.small_stm_port,spray,13.small_stm_port/MassSpecData-02115-20261006-164550.csv,2026-10-06 16:40:57.831,5.255833333333333
2026-10-06 16:46:13.389,7.2727e-11,Torr,13.small_stm_port,spray,13.small_stm_port/MassSpecData-02115-20261006-164550.csv,2026-10-06 16:40:57.831,5.2593
2026-10-06 16:46:13.598,9.6551e-11,Torr,13.small_stm_port,spray,13.small_stm_port/MassSpecData-02115-20261006-164550.csv,2026-10-06 16:40:57.831,5.262783333333333
2026-10-06 16:46:13.806,8.4525e-11,Torr,13.small_stm_port,spray,13.small_stm_port/MassSpecData-02115-20261006-164550.csv,2026-10-06 16:40:57.831,5.26625
2026-10-06 16:46:14.014,7.5362e-11,Torr,13.small_stm_port,spray,13.small_stm_port/MassSpecData-02115-20261006-164550.csv,2026-10-06 16:40:57.831,5.269716666666667
2026-10-06 16:46:14.223,8.423e-11,Torr,13.small_stm_port,spray,13.small_stm_port/MassSpecData-02115-20261006-164550.csv,2026-10-06 16:40:57.831,5.2732
2026-10-06 16:46:14.431,7.5362e-11,Torr,13.small_stm_port,spray,13.small_stm_port/MassSpecData-02115-20261006-164550.csv,2026-10-06 16:40:57.831,5.276666666666667
2026-10-06 16:46:14.639,6.1665e-11,Torr,13.small_stm_port,spray,13.small_stm_port/MassSpecData-02115-20261006-164550.csv,2026-10-06 16:40:57.831,5.280133333333334
2026-10-06 16:46:14.848,7.4387e-11,Torr,13.small_stm_port,spray,13.small_stm_port/MassSpecData-02115-20261006-164550.csv,2026-10-06 16:40:57.831,5.283616666666666
2026-10-06 16:46:15.056,7.3556e-11,Torr,13.small_stm_port,spray,13.small_stm_port/MassSpecData-02115-20261006-164550.csv,2026-10-06 16:40:57.831,5.287083333333333
2026-10-06 16:46:15.264,8.1746e-11,Torr,13.small_stm_port,spray,13.small_stm_port/MassSpecData-02115-20261006-164550.csv,2026-10-06 16:40:57.831,5.29055
2026-10-06 16:46:15.473,8.1866e-11,Torr,13.small_stm_port,spray,13.small_stm_port/MassSpecData-02115-20261006-164550.csv,2026-10-06 16:40:57.831,5.294033333333333
2026-10-06 16:46:15.681,7.3991e-11,Torr,13.small_stm_port,spray,13.small_stm_port/MassSpecData-02115-20261006-164550.csv,2026-10-06 16:40:57.831,5.2975
2026-10-06 16:46:15.889,7.8265e-11,Torr,13.small_stm_port,spray,13.small_stm_port/MassSpecData-02115-20261006-164550.csv,2026-10-06 16:40:57.831,5.300966666666667
2026-10-06 16:46:16.098,7.4492e-11,Torr,13.small_stm_port,spray,13.small_stm_port/MassSpecData-02115-20261006-164550.csv,2026-10-06 16:40:57.831,5.30445
2026-10-06 16:46:16.306,8.7232e-11,Torr,13.small_stm_port,spray,13.small_stm_port/MassSpecData-02115-20261006-164550.csv,2026-10-06 16:40:57.831,5.307916666666667
2026-10-06 16:46:16.514,8.6211e-11,Torr,13.small_stm_port,spray,13.small_stm_port/MassSpecData-02115-20261006-164550.csv,2026-10-06 16:40:57.831,5.311383333333334
2026-10-06 16:46:16.723,8.2334e-11,Torr,13.small_stm_port,spray,13.small_stm_port/MassSpecData-02115-20261006-164550.csv,2026-10-06 16:40:57.831,5.314866666666666
2026-10-06 16:46:16.931,9.2507e-11,Torr,13.small_stm_port,spray,13.small_stm_port/MassSpecData-02115-20261006-164550.csv,2026-10-06 16:40:57.831,5.318333333333333
2026-10-06 16:46:17.139,7.9936e-11,Torr,13.small_stm_port,spray,13.small_stm_port/MassSpecData-02115-20261006-164550.csv,2026-10-06 16:40:57.831,5.3218
2026-10-06 16:46:17.348,8.355e-11,Torr,13.small_stm_port,spray,13.small_stm_port/MassSpecData-02115-20261006-164550.csv,2026-10-06 16:40:57.831,5.325283333333333
2026-10-06 16:46:17.556,9.812e-11,Torr,13.small_stm_port,spray,13.small_stm_port/MassSpecData-02115-20261006-164550.csv,2026-10-06 16:40:57.831,5.32875
2026-10-06 16:46:17.764,1.0188e-10,Torr,13.small_stm_port,spray,13.small_stm_port/MassSpecData-02115-20261006-164550.csv,2026-10-06 16:40:57.831,5.332216666666667
2026-10-06 16:46:17.973,8.1824e-11,Torr,13.small_stm_port,spray,13.small_stm_port/MassSpecData-02115-20261006-164550.csv,2026-10-06 16:40:57.831,5.3357
2026-10-06 16:46:18.181,7.8935e-11,Torr,13.small_stm_port,spray,13.small_stm_port/MassSpecData-02115-20261006-164550.csv,2026-10-06 16:40:57.831,5.339166666666667
2026-10-06 16:46:18.389,9.0501e-11,Torr,13.small_stm_port,spray,13.small_stm_port/MassSpecData-02115-20261006-164550.csv,2026-10-06 16:40:57.831,5.342633333333334
2026-10-06 16:46:18.598,7.3671e-11,Torr,13.small_stm_port,spray,13.small_stm_port/MassSpecData-02115-20261006-164550.csv,2026-10-06 16:40:57.831,5.346116666666666
2026-10-06 16:46:18.806,8.4905e-11,Torr,13.small_stm_port,spray,13.small_stm_port/MassSpecData-02115-20261006-164550.csv,2026-10-06 16:40:57.831,5.349583333333333
2026-10-06 16:46:19.014,7.5295e-11,Torr,13.small_stm_port,spray,13.small_stm_port/MassSpecData-02115-20261006-164550.csv,2026-10-06 16:40:57.831,5.35305
2026-10-06 16:46:19.223,7.3813e-11,Torr,13.small_stm_port,spray,13.small_stm_port/MassSpecData-02115-20261006-164550.csv,2026-10-06 16:40:57.831,5.356533333333333
2026-10-06 16:46:19.431,8.9246e-11,Torr,13.small_stm_port,spray,13.small_stm_port/MassSpecData-02115-20261006-164550.csv,2026-10-06 16:40:57.831,5.36
2026-10-06 16:46:19.639,8.3612e-11,Torr,13.small_stm_port,spray,13.small_stm_port/MassSpecData-02115-20261006-164550.csv,2026-10-06 16:40:57.831,5.363466666666667
2026-10-06 16:46:19.848,7.6376e-11,Torr,13.small_stm_port,spray,13.small_stm_port/MassSpecData-02115-20261006-164550.csv,2026-10-06 16:40:57.831,5.36695
2026-10-06 16:46:20.056,9.494e-11,Torr,13.small_stm_port,spray,13.small_stm_port/MassSpecData-02115-20261006-164550.csv,2026-10-06 16:40:57.831,5.370416666666667
2026-10-06 16:46:20.264,7.55e-11,Torr,13.small_stm_port,spray,13.small_stm_port/MassSpecData-02115-20261006-164550.csv,2026-10-06 16:40:57.831,5.373883333333334
2026-10-06 16:46:20.473,8.5886e-11,Torr,13.small_stm_port,spray,13.small_stm_port/MassSpecData-02115-20261006-164550.csv,2026-10-06 16:40:57.831,5.377366666666666
2026-10-06 16:46:20.681,8.2735e-11,Torr,13.small_stm_port,spray,13.small_stm_port/MassSpecData-02115-20261006-164550.csv,2026-10-06 16:40:57.831,5.380833333333333
2026-10-06 16:46:20.889,8.6886e-11,Torr,13.small_stm_port,spray,13.small_stm_port/MassSpecData-02115-20261006-164550.csv,2026-10-06 16:40:57.831,5.3843
2026-10-06 16:46:21.098,9.4512e-11,Torr,13.small_stm_port,spray,13.small_stm_port/MassSpecData-02115-20261006-164550.csv,2026-10-06 16:40:57.831,5.387783333333333
2026-10-06 16:46:21.306,9.8043e-11,Torr,13.small_stm_port,spray,13.small_stm_port/MassSpecData-02115-20261006-164550.csv,2026-10-06 16:40:57.831,5.39125
2026-10-06 16:46:21.514,9.0109e-11,Torr,13.small_stm_port,spray,13.small_stm_port/MassSpecData-02115-20261006-164550.csv,2026-10-06 16:40:57.831,5.394716666666667
2026-10-06 16:46:21.723,7.3065e-11,Torr,13.small_stm_port,spray,13.small_stm_port/MassSpecData-02115-20261006-164550.csv,2026-10-06 16:40:57.831,5.3982
2026-10-06 16:46:21.931,9.0819e-11,Torr,13.small_stm_port,spray,13.small_stm_port/MassSpecData-02115-20261006-164550.csv,2026-10-06 16:40:57.831,5.401666666666667
2026-10-06 16:46:22.139,7.8383e-11,Torr,13.small_stm_port,spray,13.small_stm_port/MassSpecData-02115-20261006-164550.csv,2026-10-06 16:40:57.831,5.405133333333334
2026-10-06 16:46:22.348,7.6799e-11,Torr,13.small_stm_port,spray,13.small_stm_port/MassSpecData-02115-20261006-164550.csv,2026-10-06 16:40:57.831,5.408616666666666
2026-10-06 16:46:22.556,7.7772e-11,Torr,13.small_stm_port,spray,13.small_stm_port/MassSpecData-02115-20261006-164550.csv,2026-10-06 16:40:57.831,5.412083333333333
2026-10-06 16:46:22.764,8.2998e-11,Torr,13.small_stm_port,spray,13.small_stm_port/MassSpecData-02115-20261006-164550.csv,2026-10-06 16:40:57.831,5.41555
2026-10-06 16:46:22.973,6.9146e-11,Torr,13.small_stm_port,spray,13.small_stm_port/MassSpecData-02115-20261006-164550.csv,2026-10-06 16:40:57.831,5.419033333333333
2026-10-06 16:46:23.181,6.9831e-11,Torr,13.small_stm_port,spray,13.small_stm_port/MassSpecData-02115-20261006-164550.csv,2026-10-06 16:40:57.831,5.4225
2026-10-06 16:46:23.389,7.7081e-11,Torr,13.small_stm_port,spray,13.small_stm_port/MassSpecData-02115-20261006-164550.csv,2026-10-06 16:40:57.831,5.425966666666667
2026-10-06 16:46:23.598,8.2867e-11,Torr,13.small_stm_port,spray,13.small_stm_port/MassSpecData-02115-20261006-164550.csv,2026-10-06 16:40:57.831,5.42945
2026-10-06 16:46:23.806,8.0365e-11,Torr,13.small_stm_port,spray,13.small_stm_port/MassSpecData-02115-20261006-164550.csv,2026-10-06 16:40:57.831,5.432916666666667
2026-10-06 16:46:24.014,8.2487e-11,Torr,13.small_stm_port,spray,13.small_stm_port/MassSpecData-02115-20261006-164550.csv,2026-10-06 16:40:57.831,5.436383333333334
2026-10-06 16:46:24.223,8.4382e-11,Torr,13.small_stm_port,spray,13.small_stm_port/MassSpecData-02115-20261006-164550.csv,2026-10-06 16:40:57.831,5.439866666666666
2026-10-06 16:46:24.431,8.1739e-11,Torr,13.small_stm_port,spray,13.small_stm_port/MassSpecData-02115-20261006-164550.csv,2026-10-06 16:40:57.831,5.443333333333333
2026-10-06 16:46:24.639,8.257e-11,Torr,13.small_stm_port,spray,13.small_stm_port/MassSpecData-02115-20261006-164550.csv,2026-10-06 16:40:57.831,5.4468
2026-10-06 16:46:24.848,8.1581e-11,Torr,13.small_stm_port,spray,13.small_stm_port/MassSpecData-02115-20261006-164550.csv,2026-10-06 16:40:57.831,5.450283333333333
2026-10-06 16:46:25.056,8.6578e-11,Torr,13.small_stm_port,spray,13.small_stm_port/MassSpecData-02115-20261006-164550.csv,2026-10-06 16:40:57.831,5.45375
2026-10-06 16:46:25.264,7.6501e-11,Torr,13.small_stm_port,spray,13.small_stm_port/MassSpecData-02115-20261006-164550.csv,2026-10-06 16:40:57.831,5.457216666666667
2026-10-06 16:46:25.473,7.4634e-11,Torr,13.small_stm_port,spray,13.small_stm_port/MassSpecData-02115-20261006-164550.csv,2026-10-06 16:40:57.831,5.4607
2026-10-06 16:46:25.681,8.677e-11,Torr,13.small_stm_port,spray,13.small_stm_port/MassSpecData-02115-20261006-164550.csv,2026-10-06 16:40:57.831,5.464166666666667
2026-10-06 16:46:25.889,8.3575e-11,Torr,13.small_stm_port,spray,13.small_stm_port/MassSpecData-02115-20261006-164550.csv,2026-10-06 16:40:57.831,5.467633333333334
2026-10-06 16:46:26.098,8.092e-11,Torr,13.small_stm_port,spray,13.small_stm_port/MassSpecData-02115-20261006-164550.csv,2026-10-06 16:40:57.831,5.471116666666666
2026-10-06 16:46:26.306,7.5022e-11,Torr,13.small_stm_port,spray,13.small_stm_port/MassSpecData-02115-20261006-164550.csv,2026-10-06 16:40:57.831,5.474583333333333
2026-10-06 16:46:26.514,8.3707e-11,Torr,13.small_stm_port,spray,13.small_stm_port/MassSpecData-02115-20261006-164550.csv,2026-10-06 16:40:57.831,5.47805
2026-10-06 16:46:26.723,7.4872e-11,Torr,13.small_stm_port,spray,13.small_stm_port/MassSpecData-02115-20261006-164550.csv,2026-10-06 16:40:57.831,5.481533333333333
2026-10-06 16:46:26.931,9.0946e-11,Torr,13.small_stm_port,spray,13.small_stm_port/MassSpecData-02115-20261006-164550.csv,2026-10-06 16:40:57.831,5.485
2026-10-06 16:46:27.139,8.5414e-11,Torr,13.small_stm_port,spray,13.small_stm_port/MassSpecData-02115-20261006-164550.csv,2026-10-06 16:40:57.831,5.488466666666667
2026-10-06 16:46:27.348,8.6874e-11,Torr,13.small_stm_port,spray,13.small_stm_port/MassSpecData-02115-20261006-164550.csv,2026-10-06 16:40:57.831,5.49195
2026-10-06 16:46:27.556,7.8989e-11,Torr,13.small_stm_port,spray,13.small_stm_port/MassSpecData-02115-20261006-164550.csv,2026-10-06 16:40:57.831,5.495416666666667
2026-10-06 16:46:27.764,8.6984e-11,Torr,13.small_stm_port,spray,13.small_stm_port/MassSpecData-02115-20261006-164550.csv,2026-10-06 16:40:57.831,5.498883333333334
2026-10-06 16:46:27.973,8.3997e-11,Torr,13.small_stm_port,spray,13.small_stm_port/MassSpecData-02115-20261006-164550.csv,2026-10-06 16:40:57.831,5.502366666666666
2026-10-06 16:46:28.181,9.035e-11,Torr,13.small_stm_port,spray,13.small_stm_port/MassSpecData-02115-20261006-164550.csv,2026-10-06 16:40:57.831,5.505833333333333
2026-10-06 16:46:28.390,8.6794e-11,Torr,13.small_stm_port,spray,13.small_stm_port/MassSpecData-02115-20261006-164550.csv,2026-10-06 16:40:57.831,5.509316666666667
2026-10-06 16:46:28.598,8.8588e-11,Torr,13.small_stm_port,spray,13.small_stm_port/MassSpecData-02115-20261006-164550.csv,2026-10-06 16:40:57.831,5.512783333333333
2026-10-06 16:46:28.806,8.6174e-11,Torr,13.small_stm_port,spray,13.small_stm_port/MassSpecData-02115-20261006-164550.csv,2026-10-06 16:40:57.831,5.51625
2026-10-06 16:46:29.015,9.6298e-11,Torr,13.small_stm_port,spray,13.small_stm_port/MassSpecData-02115-20261006-164550.csv,2026-10-06 16:40:57.831,5.519733333333334
2026-10-06 16:46:29.223,7.7741e-11,Torr,13.small_stm_port,spray,13.small_stm_port/MassSpecData-02115-20261006-164550.csv,2026-10-06 16:40:57.831,5.5232
2026-10-06 16:46:29.431,9.5863e-11,Torr,13.small_stm_port,spray,13.small_stm_port/MassSpecData-02115-20261006-164550.csv,2026-10-06 16:40:57.831,5.526666666666667
2026-10-06 16:46:29.640,7.0171e-11,Torr,13.small_stm_port,spray,13.small_stm_port/MassSpecData-02115-20261006-164550.csv,2026-10-06 16:40:57.831,5.530150000000001
2026-10-06 16:46:29.848,7.4202e-11,Torr,13.small_stm_port,spray,13.small_stm_port/MassSpecData-02115-20261006-164550.csv,2026-10-06 16:40:57.831,5.533616666666666
2026-10-06 16:46:30.056,8.4546e-11,Torr,13.small_stm_port,spray,13.small_stm_port/MassSpecData-02115-20261006-164550.csv,2026-10-06 16:40:57.831,5.537083333333333
2026-10-06 16:46:30.265,9.8007e-11,Torr,13.small_stm_port,spray,13.small_stm_port/MassSpecData-02115-20261006-164550.csv,2026-10-06 16:40:57.831,5.540566666666667
2026-10-06 16:46:30.473,8.5804e-11,Torr,13.small_stm_port,spray,13.small_stm_port/MassSpecData-02115-20261006-164550.csv,2026-10-06 16:40:57.831,5.544033333333333
2026-10-06 16:46:30.681,8.7086e-11,Torr,13.small_stm_port,spray,13.small_stm_port/MassSpecData-02115-20261006-164550.csv,2026-10-06 16:40:57.831,5.5475
2026-10-06 16:46:30.890,7.1975e-11,Torr,13.small_stm_port,spray,13.small_stm_port/MassSpecData-02115-20261006-164550.csv,2026-10-06 16:40:57.831,5.550983333333334
2026-10-06 16:46:31.098,8.298e-11,Torr,13.small_stm_port,spray,13.small_stm_port/MassSpecData-02115-20261006-164550.csv,2026-10-06 16:40:57.831,5.55445
2026-10-06 16:46:31.306,1.1172e-10,Torr,13.small_stm_port,spray,13.small_stm_port/MassSpecData-02115-20261006-164550.csv,2026-10-06 16:40:57.831,5.557916666666667
2026-10-06 16:46:31.515,9.4036e-11,Torr,13.small_stm_port,spray,13.small_stm_port/MassSpecData-02115-20261006-164550.csv,2026-10-06 16:40:57.831,5.561400000000001
2026-10-06 16:46:31.723,7.8718e-11,Torr,13.small_stm_port,spray,13.small_stm_port/MassSpecData-02115-20261006-164550.csv,2026-10-06 16:40:57.831,5.564866666666666
2026-10-06 16:46:31.931,7.7399e-11,Torr,13.small_stm_port,spray,13.small_stm_port/MassSpecData-02115-20261006-164550.csv,2026-10-06 16:40:57.831,5.568333333333333
2026-10-06 16:46:32.281,7.7626e-11,Torr,13.small_stm_port,spray,13.small_stm_port/MassSpecData-02115-20261006-164632.csv,2026-10-06 16:40:57.831,5.574166666666667
2026-10-06 16:46:32.489,7.6428e-11,Torr,13.small_stm_port,spray,13.small_stm_port/MassSpecData-02115-20261006-164632.csv,2026-10-06 16:40:57.831,5.577633333333334
2026-10-06 16:46:32.698,8.1141e-11,Torr,13.small_stm_port,spray,13.small_stm_port/MassSpecData-02115-20261006-164632.csv,2026-10-06 16:40:57.831,5.581116666666667
2026-10-06 16:46:32.906,8.8538e-11,Torr,13.small_stm_port,spray,13.small_stm_port/MassSpecData-02115-20261006-164632.csv,2026-10-06 16:40:57.831,5.584583333333333
2026-10-06 16:46:33.114,7.9977e-11,Torr,13.small_stm_port,spray,13.small_stm_port/MassSpecData-02115-20261006-164632.csv,2026-10-06 16:40:57.831,5.58805
2026-10-06 16:46:33.323,7.2391e-11,Torr,13.small_stm_port,spray,13.small_stm_port/MassSpecData-02115-20261006-164632.csv,2026-10-06 16:40:57.831,5.5915333333333335
2026-10-06 16:46:33.531,7.7903e-11,Torr,13.small_stm_port,spray,13.small_stm_port/MassSpecData-02115-20261006-164632.csv,2026-10-06 16:40:57.831,5.595
2026-10-06 16:46:33.739,8.5993e-11,Torr,13.small_stm_port,spray,13.small_stm_port/MassSpecData-02115-20261006-164632.csv,2026-10-06 16:40:57.831,5.598466666666667
2026-10-06 16:46:33.947,8.0127e-11,Torr,13.small_stm_port,spray,13.small_stm_port/MassSpecData-02115-20261006-164632.csv,2026-10-06 16:40:57.831,5.601933333333333
2026-10-06 16:46:34.156,8.8948e-11,Torr,13.small_stm_port,spray,13.small_stm_port/MassSpecData-02115-20261006-164632.csv,2026-10-06 16:40:57.831,5.605416666666667
2026-10-06 16:46:34.364,7.912e-11,Torr,13.small_stm_port,spray,13.small_stm_port/MassSpecData-02115-20261006-164632.csv,2026-10-06 16:40:57.831,5.608883333333334
2026-10-06 16:46:34.573,7.843e-11,Torr,13.small_stm_port,spray,13.small_stm_port/MassSpecData-02115-20261006-164632.csv,2026-10-06 16:40:57.831,5.612366666666667
2026-10-06 16:46:34.781,1.0123e-10,Torr,13.small_stm_port,spray,13.small_stm_port/MassSpecData-02115-20261006-164632.csv,2026-10-06 16:40:57.831,5.615833333333333
2026-10-06 16:46:34.989,7.5587e-11,Torr,13.small_stm_port,spray,13.small_stm_port/MassSpecData-02115-20261006-164632.csv,2026-10-06 16:40:57.831,5.6193
2026-10-06 16:46:35.198,7.9504e-11,Torr,13.small_stm_port,spray,13.small_stm_port/MassSpecData-02115-20261006-164632.csv,2026-10-06 16:40:57.831,5.6227833333333335
2026-10-06 16:46:35.406,8.3392e-11,Torr,13.small_stm_port,spray,13.small_stm_port/MassSpecData-02115-20261006-164632.csv,2026-10-06 16:40:57.831,5.62625
2026-10-06 16:46:35.614,7.0168e-11,Torr,13.small_stm_port,spray,13.small_stm_port/MassSpecData-02115-20261006-164632.csv,2026-10-06 16:40:57.831,5.629716666666667
2026-10-06 16:46:35.823,9.235e-11,Torr,13.small_stm_port,spray,13.small_stm_port/MassSpecData-02115-20261006-164632.csv,2026-10-06 16:40:57.831,5.6332
2026-10-06 16:46:36.031,8.7157e-11,Torr,13.small_stm_port,spray,13.small_stm_port/MassSpecData-02115-20261006-164632.csv,2026-10-06 16:40:57.831,5.636666666666667
2026-10-06 16:46:36.239,7.7497e-11,Torr,13.small_stm_port,spray,13.small_stm_port/MassSpecData-02115-20261006-164632.csv,2026-10-06 16:40:57.831,5.640133333333334
2026-10-06 16:46:36.448,9.3552e-11,Torr,13.small_stm_port,spray,13.small_stm_port/MassSpecData-02115-20261006-164632.csv,2026-10-06 16:40:57.831,5.643616666666667
2026-10-06 16:46:36.656,9.4449e-11,Torr,13.small_stm_port,spray,13.small_stm_port/MassSpecData-02115-20261006-164632.csv,2026-10-06 16:40:57.831,5.647083333333333
2026-10-06 16:46:36.864,9.6598e-11,Torr,13.small_stm_port,spray,13.small_stm_port/MassSpecData-02115-20261006-164632.csv,2026-10-06 16:40:57.831,5.65055
2026-10-06 16:46:37.073,8.3131e-11,Torr,13.small_stm_port,spray,13.small_stm_port/MassSpecData-02115-20261006-164632.csv,2026-10-06 16:40:57.831,5.6540333333333335
2026-10-06 16:46:37.281,7.7235e-11,Torr,13.small_stm_port,spray,13.small_stm_port/MassSpecData-02115-20261006-164632.csv,2026-10-06 16:40:57.831,5.6575
2026-10-06 16:46:37.489,8.0697e-11,Torr,13.small_stm_port,spray,13.small_stm_port/MassSpecData-02115-20261006-164632.csv,2026-10-06 16:40:57.831,5.660966666666667
2026-10-06 16:46:37.697,8.948e-11,Torr,13.small_stm_port,spray,13.small_stm_port/MassSpecData-02115-20261006-164632.csv,2026-10-06 16:40:57.831,5.664433333333333
2026-10-06 16:46:37.906,1.0342e-10,Torr,13.small_stm_port,spray,13.small_stm_port/MassSpecData-02115-20261006-164632.csv,2026-10-06 16:40:57.831,5.667916666666667
2026-10-06 16:46:38.114,9.6191e-11,Torr,13.small_stm_port,spray,13.small_stm_port/MassSpecData-02115-20261006-164632.csv,2026-10-06 16:40:57.831,5.671383333333334
2026-10-06 16:46:38.322,1.1076e-10,Torr,13.small_stm_port,spray,13.small_stm_port/MassSpecData-02115-20261006-164632.csv,2026-10-06 16:40:57.831,5.67485
2026-10-06 16:46:38.531,7.9314e-11,Torr,13.small_stm_port,spray,13.small_stm_port/MassSpecData-02115-20261006-164632.csv,2026-10-06 16:40:57.831,5.678333333333333
2026-10-06 16:46:38.739,9.5738e-11,Torr,13.small_stm_port,spray,13.small_stm_port/MassSpecData-02115-20261006-164632.csv,2026-10-06 16:40:57.831,5.6818
2026-10-06 16:46:38.947,7.7728e-11,Torr,13.small_stm_port,spray,13.small_stm_port/MassSpecData-02115-20261006-164632.csv,2026-10-06 16:40:57.831,5.685266666666666
2026-10-06 16:46:39.156,8.2606e-11,Torr,13.small_stm_port,spray,13.small_stm_port/MassSpecData-02115-20261006-164632.csv,2026-10-06 16:40:57.831,5.68875
2026-10-06 16:46:39.364,8.4273e-11,Torr,13.small_stm_port,spray,13.small_stm_port/MassSpecData-02115-20261006-164632.csv,2026-10-06 16:40:57.831,5.692216666666667
2026-10-06 16:46:39.572,7.529e-11,Torr,13.small_stm_port,spray,13.small_stm_port/MassSpecData-02115-20261006-164632.csv,2026-10-06 16:40:57.831,5.695683333333333
2026-10-06 16:46:39.781,8.592e-11,Torr,13.small_stm_port,spray,13.small_stm_port/MassSpecData-02115-20261006-164632.csv,2026-10-06 16:40:57.831,5.699166666666667
2026-10-06 16:46:39.989,9.0314e-11,Torr,13.small_stm_port,spray,13.small_stm_port/MassSpecData-02115-20261006-164632.csv,2026-10-06 16:40:57.831,5.702633333333334
2026-10-06 16:46:40.197,8.1622e-11,Torr,13.small_stm_port,spray,13.small_stm_port/MassSpecData-02115-20261006-164632.csv,2026-10-06 16:40:57.831,5.7061
2026-10-06 16:46:40.406,8.0862e-11,Torr,13.small_stm_port,spray,13.small_stm_port/MassSpecData-02115-20261006-164632.csv,2026-10-06 16:40:57.831,5.709583333333333
2026-10-06 16:46:40.614,8.879e-11,Torr,13.small_stm_port,spray,13.small_stm_port/MassSpecData-02115-20261006-164632.csv,2026-10-06 16:40:57.831,5.71305
2026-10-06 16:46:40.822,8.5219e-11,Torr,13.small_stm_port,spray,13.small_stm_port/MassSpecData-02115-20261006-164632.csv,2026-10-06 16:40:57.831,5.716516666666666
2026-10-06 16:46:41.031,7.2344e-11,Torr,13.small_stm_port,spray,13.small_stm_port/MassSpecData-02115-20261006-164632.csv,2026-10-06 16:40:57.831,5.72
2026-10-06 16:46:41.239,8.2887e-11,Torr,13.small_stm_port,spray,13.small_stm_port/MassSpecData-02115-20261006-164632.csv,2026-10-06 16:40:57.831,5.723466666666667
2026-10-06 16:46:41.448,8.027e-11,Torr,13.small_stm_port,spray,13.small_stm_port/MassSpecData-02115-20261006-164632.csv,2026-10-06 16:40:57.831,5.72695
2026-10-06 16:46:41.656,7.8082e-11,Torr,13.small_stm_port,spray,13.small_stm_port/MassSpecData-02115-20261006-164632.csv,2026-10-06 16:40:57.831,5.730416666666667
2026-10-06 16:46:41.864,9.195e-11,Torr,13.small_stm_port,spray,13.small_stm_port/MassSpecData-02115-20261006-164632.csv,2026-10-06 16:40:57.831,5.733883333333334
2026-10-06 16:46:42.073,8.0958e-11,Torr,13.small_stm_port,spray,13.small_stm_port/MassSpecData-02115-20261006-164632.csv,2026-10-06 16:40:57.831,5.737366666666667
2026-10-06 16:46:42.281,9.1476e-11,Torr,13.small_stm_port,spray,13.small_stm_port/MassSpecData-02115-20261006-164632.csv,2026-10-06 16:40:57.831,5.740833333333333
2026-10-06 16:46:42.489,8.3336e-11,Torr,13.small_stm_port,spray,13.small_stm_port/MassSpecData-02115-20261006-164632.csv,2026-10-06 16:40:57.831,5.7443
2026-10-06 16:46:42.698,8.8555e-11,Torr,13.small_stm_port,spray,13.small_stm_port/MassSpecData-02115-20261006-164632.csv,2026-10-06 16:40:57.831,5.7477833333333335
2026-10-06 16:46:42.906,9.3752e-11,Torr,13.small_stm_port,spray,13.small_stm_port/MassSpecData-02115-20261006-164632.csv,2026-10-06 16:40:57.831,5.75125
2026-10-06 16:46:43.114,9.236e-11,Torr,13.small_stm_port,spray,13.small_stm_port/MassSpecData-02115-20261006-164632.csv,2026-10-06 16:40:57.831,5.754716666666667
2026-10-06 16:46:43.323,1.0244e-10,Torr,13.small_stm_port,spray,13.small_stm_port/MassSpecData-02115-20261006-164632.csv,2026-10-06 16:40:57.831,5.7582
2026-10-06 16:46:43.531,7.9284e-11,Torr,13.small_stm_port,spray,13.small_stm_port/MassSpecData-02115-20261006-164632.csv,2026-10-06 16:40:57.831,5.761666666666667
2026-10-06 16:46:43.739,7.4458e-11,Torr,13.small_stm_port,spray,13.small_stm_port/MassSpecData-02115-20261006-164632.csv,2026-10-06 16:40:57.831,5.765133333333334
2026-10-06 16:46:43.948,6.3515e-11,Torr,13.small_stm_port,spray,13.small_stm_port/MassSpecData-02115-20261006-164632.csv,2026-10-06 16:40:57.831,5.768616666666667
2026-10-06 16:46:44.156,8.1503e-11,Torr,13.small_stm_port,spray,13.small_stm_port/MassSpecData-02115-20261006-164632.csv,2026-10-06 16:40:57.831,5.772083333333333
2026-10-06 16:46:44.364,7.9791e-11,Torr,13.small_stm_port,spray,13.small_stm_port/MassSpecData-02115-20261006-164632.csv,2026-10-06 16:40:57.831,5.77555
2026-10-06 16:46:44.573,7.8457e-11,Torr,13.small_stm_port,spray,13.small_stm_port/MassSpecData-02115-20261006-164632.csv,2026-10-06 16:40:57.831,5.7790333333333335
2026-10-06 16:46:44.781,9.5165e-11,Torr,13.small_stm_port,spray,13.small_stm_port/MassSpecData-02115-20261006-164632.csv,2026-10-06 16:40:57.831,5.7825
2026-10-06 16:46:44.989,7.3676e-11,Torr,13.small_stm_port,spray,13.small_stm_port/MassSpecData-02115-20261006-164632.csv,2026-10-06 16:40:57.831,5.785966666666667
2026-10-06 16:46:45.198,8.6027e-11,Torr,13.small_stm_port,spray,13.small_stm_port/MassSpecData-02115-20261006-164632.csv,2026-10-06 16:40:57.831,5.78945
2026-10-06 16:46:45.406,7.706e-11,Torr,13.small_stm_port,spray,13.small_stm_port/MassSpecData-02115-20261006-164632.csv,2026-10-06 16:40:57.831,5.792916666666667
2026-10-06 16:46:45.614,7.6179e-11,Torr,13.small_stm_port,spray,13.small_stm_port/MassSpecData-02115-20261006-164632.csv,2026-10-06 16:40:57.831,5.796383333333334
2026-10-06 16:46:45.823,9.1166e-11,Torr,13.small_stm_port,spray,13.small_stm_port/MassSpecData-02115-20261006-164632.csv,2026-10-06 16:40:57.831,5.799866666666667
2026-10-06 16:46:46.031,6.7032e-11,Torr,13.small_stm_port,spray,13.small_stm_port/MassSpecData-02115-20261006-164632.csv,2026-10-06 16:40:57.831,5.803333333333333
2026-10-06 16:46:46.239,8.7281e-11,Torr,13.small_stm_port,spray,13.small_stm_port/MassSpecData-02115-20261006-164632.csv,2026-10-06 16:40:57.831,5.8068
2026-10-06 16:46:46.448,8.3868e-11,Torr,13.small_stm_port,spray,13.small_stm_port/MassSpecData-02115-20261006-164632.csv,2026-10-06 16:40:57.831,5.8102833333333335
2026-10-06 16:46:46.656,8.2162e-11,Torr,13.small_stm_port,spray,13.small_stm_port/MassSpecData-02115-20261006-164632.csv,2026-10-06 16:40:57.831,5.81375
2026-10-06 16:46:46.864,7.6297e-11,Torr,13.small_stm_port,spray,13.small_stm_port/MassSpecData-02115-20261006-164632.csv,2026-10-06 16:40:57.831,5.817216666666667
2026-10-06 16:46:47.073,7.4288e-11,Torr,13.small_stm_port,spray,13.small_stm_port/MassSpecData-02115-20261006-164632.csv,2026-10-06 16:40:57.831,5.8207
2026-10-06 16:46:47.281,8.8906e-11,Torr,13.small_stm_port,spray,13.small_stm_port/MassSpecData-02115-20261006-164632.csv,2026-10-06 16:40:57.831,5.824166666666667
2026-10-06 16:46:47.489,7.7171e-11,Torr,13.small_stm_port,spray,13.small_stm_port/MassSpecData-02115-20261006-164632.csv,2026-10-06 16:40:57.831,5.827633333333334
2026-10-06 16:46:47.698,9.8357e-11,Torr,13.small_stm_port,spray,13.small_stm_port/MassSpecData-02115-20261006-164632.csv,2026-10-06 16:40:57.831,5.831116666666667
2026-10-06 16:46:47.906,9.1176e-11,Torr,13.small_stm_port,spray,13.small_stm_port/MassSpecData-02115-20261006-164632.csv,2026-10-06 16:40:57.831,5.834583333333333
2026-10-06 16:46:48.114,7.8448e-11,Torr,13.small_stm_port,spray,13.small_stm_port/MassSpecData-02115-20261006-164632.csv,2026-10-06 16:40:57.831,5.83805
2026-10-06 16:46:48.323,9.5785e-11,Torr,13.small_stm_port,spray,13.small_stm_port/MassSpecData-02115-20261006-164632.csv,2026-10-06 16:40:57.831,5.8415333333333335
2026-10-06 16:46:48.531,8.2328e-11,Torr,13.small_stm_port,spray,13.small_stm_port/MassSpecData-02115-20261006-164632.csv,2026-10-06 16:40:57.831,5.845
2026-10-06 16:46:48.739,8.1642e-11,Torr,13.small_stm_port,spray,13.small_stm_port/MassSpecData-02115-20261006-164632.csv,2026-10-06 16:40:57.831,5.848466666666667
2026-10-06 16:46:48.948,8.6685e-11,Torr,13.small_stm_port,spray,13.small_stm_port/MassSpecData-02115-20261006-164632.csv,2026-10-06 16:40:57.831,5.85195
2026-10-06 16:46:49.156,8.6059e-11,Torr,13.small_stm_port,spray,13.small_stm_port/MassSpecData-02115-20261006-164632.csv,2026-10-06 16:40:57.831,5.855416666666667
2026-10-06 16:46:49.364,8.7336e-11,Torr,13.small_stm_port,spray,13.small_stm_port/MassSpecData-02115-20261006-164632.csv,2026-10-06 16:40:57.831,5.858883333333334
2026-10-06 16:46:49.573,9.0453e-11,Torr,13.small_stm_port,spray,13.small_stm_port/MassSpecData-02115-20261006-164632.csv,2026-10-06 16:40:57.831,5.862366666666667
2026-10-06 16:46:49.781,8.3265e-11,Torr,13.small_stm_port,spray,13.small_stm_port/MassSpecData-02115-20261006-164632.csv,2026-10-06 16:40:57.831,5.865833333333333
2026-10-06 16:46:49.989,8.344e-11,Torr,13.small_stm_port,spray,13.small_stm_port/MassSpecData-02115-20261006-164632.csv,2026-10-06 16:40:57.831,5.8693
2026-10-06 16:46:50.198,1.0438e-10,Torr,13.small_stm_port,spray,13.small_stm_port/MassSpecData-02115-20261006-164632.csv,2026-10-06 16:40:57.831,5.8727833333333335
2026-10-06 16:46:50.406,8.2023e-11,Torr,13.small_stm_port,spray,13.small_stm_port/MassSpecData-02115-20261006-164632.csv,2026-10-06 16:40:57.831,5.87625
2026-10-06 16:46:50.614,8.2692e-11,Torr,13.small_stm_port,spray,13.small_stm_port/MassSpecData-02115-20261006-164632.csv,2026-10-06 16:40:57.831,5.879716666666667
2026-10-06 16:46:50.823,9.3453e-11,Torr,13.small_stm_port,spray,13.small_stm_port/MassSpecData-02115-20261006-164632.csv,2026-10-06 16:40:57.831,5.8832
2026-10-06 16:46:51.031,9.8859e-11,Torr,13.small_stm_port,spray,13.small_stm_port/MassSpecData-02115-20261006-164632.csv,2026-10-06 16:40:57.831,5.886666666666667
2026-10-06 16:46:51.239,8.062e-11,Torr,13.small_stm_port,spray,13.small_stm_port/MassSpecData-02115-20261006-164632.csv,2026-10-06 16:40:57.831,5.890133333333334
2026-10-06 16:46:51.448,9.9838e-11,Torr,13.small_stm_port,spray,13.small_stm_port/MassSpecData-02115-20261006-164632.csv,2026-10-06 16:40:57.831,5.893616666666667
2026-10-06 16:46:51.656,7.4779e-11,Torr,13.small_stm_port,spray,13.small_stm_port/MassSpecData-02115-20261006-164632.csv,2026-10-06 16:40:57.831,5.897083333333333
2026-10-06 16:46:51.864,7.9993e-11,Torr,13.small_stm_port,spray,13.small_stm_port/MassSpecData-02115-20261006-164632.csv,2026-10-06 16:40:57.831,5.90055
2026-10-06 16:46:52.072,8.7279e-11,Torr,13.small_stm_port,spray,13.small_stm_port/MassSpecData-02115-20261006-164632.csv,2026-10-06 16:40:57.831,5.904016666666666
2026-10-06 16:46:52.281,8.546e-11,Torr,13.small_stm_port,spray,13.small_stm_port/MassSpecData-02115-20261006-164632.csv,2026-10-06 16:40:57.831,5.9075
2026-10-06 16:46:52.489,8.378e-11,Torr,13.small_stm_port,spray,13.small_stm_port/MassSpecData-02115-20261006-164632.csv,2026-10-06 16:40:57.831,5.910966666666667
2026-10-06 16:46:52.697,7.857e-11,Torr,13.small_stm_port,spray,13.small_stm_port/MassSpecData-02115-20261006-164632.csv,2026-10-06 16:40:57.831,5.914433333333333
2026-10-06 16:46:52.906,8.2697e-11,Torr,13.small_stm_port,spray,13.small_stm_port/MassSpecData-02115-20261006-164632.csv,2026-10-06 16:40:57.831,5.917916666666667
2026-10-06 16:46:53.114,6.946e-11,Torr,13.small_stm_port,spray,13.small_stm_port/MassSpecData-02115-20261006-164632.csv,2026-10-06 16:40:57.831,5.921383333333334
2026-10-06 16:46:53.322,7.8599e-11,Torr,13.small_stm_port,spray,13.small_stm_port/MassSpecData-02115-20261006-164632.csv,2026-10-06 16:40:57.831,5.92485
2026-10-06 16:46:53.531,6.634e-11,Torr,13.small_stm_port,spray,13.small_stm_port/MassSpecData-02115-20261006-164632.csv,2026-10-06 16:40:57.831,5.928333333333333
2026-10-06 16:46:53.739,8.5109e-11,Torr,13.small_stm_port,spray,13.small_stm_port/MassSpecData-02115-20261006-164632.csv,2026-10-06 16:40:57.831,5.9318
2026-10-06 16:46:53.947,9.516e-11,Torr,13.small_stm_port,spray,13.small_stm_port/MassSpecData-02115-20261006-164632.csv,2026-10-06 16:40:57.831,5.935266666666666
2026-10-06 16:46:54.156,8.6338e-11,Torr,13.small_stm_port,spray,13.small_stm_port/MassSpecData-02115-20261006-164632.csv,2026-10-06 16:40:57.831,5.93875
2026-10-06 16:46:54.364,7.9004e-11,Torr,13.small_stm_port,spray,13.small_stm_port/MassSpecData-02115-20261006-164632.csv,2026-10-06 16:40:57.831,5.942216666666667
2026-10-06 16:46:54.572,8.2831e-11,Torr,13.small_stm_port,spray,13.small_stm_port/MassSpecData-02115-20261006-164632.csv,2026-10-06 16:40:57.831,5.945683333333333
2026-10-06 16:46:54.781,8.1649e-11,Torr,13.small_stm_port,spray,13.small_stm_port/MassSpecData-02115-20261006-164632.csv,2026-10-06 16:40:57.831,5.949166666666667
2026-10-06 16:46:54.989,7.3674e-11,Torr,13.small_stm_port,spray,13.small_stm_port/MassSpecData-02115-20261006-164632.csv,2026-10-06 16:40:57.831,5.952633333333334
2026-10-06 16:46:55.197,9.7148e-11,Torr,13.small_stm_port,spray,13.small_stm_port/MassSpecData-02115-20261006-164632.csv,2026-10-06 16:40:57.831,5.9561
2026-10-06 16:46:55.406,7.138e-11,Torr,13.small_stm_port,spray,13.small_stm_port/MassSpecData-02115-20261006-164632.csv,2026-10-06 16:40:57.831,5.959583333333333
2026-10-06 16:46:55.614,7.4531e-11,Torr,13.small_stm_port,spray,13.small_stm_port/MassSpecData-02115-20261006-164632.csv,2026-10-06 16:40:57.831,5.96305
2026-10-06 16:46:55.822,6.8012e-11,Torr,13.small_stm_port,spray,13.small_stm_port/MassSpecData-02115-20261006-164632.csv,2026-10-06 16:40:57.831,5.966516666666666
2026-10-06 16:46:56.031,9.2917e-11,Torr,13.small_stm_port,spray,13.small_stm_port/MassSpecData-02115-20261006-164632.csv,2026-10-06 16:40:57.831,5.97
2026-10-06 16:46:56.239,9.4754e-11,Torr,13.small_stm_port,spray,13.small_stm_port/MassSpecData-02115-20261006-164632.csv,2026-10-06 16:40:57.831,5.973466666666667
2026-10-06 16:46:56.447,9.6263e-11,Torr,13.small_stm_port,spray,13.small_stm_port/MassSpecData-02115-20261006-164632.csv,2026-10-06 16:40:57.831,5.976933333333333
2026-10-06 16:46:56.656,7.7272e-11,Torr,13.small_stm_port,spray,13.small_stm_port/MassSpecData-02115-20261006-164632.csv,2026-10-06 16:40:57.831,5.980416666666667
2026-10-06 16:46:56.864,7.0986e-11,Torr,13.small_stm_port,spray,13.small_stm_port/MassSpecData-02115-20261006-164632.csv,2026-10-06 16:40:57.831,5.983883333333334
2026-10-06 16:46:57.072,8.0929e-11,Torr,13.small_stm_port,spray,13.small_stm_port/MassSpecData-02115-20261006-164632.csv,2026-10-06 16:40:57.831,5.98735
2026-10-06 16:46:57.281,7.6883e-11,Torr,13.small_stm_port,spray,13.small_stm_port/MassSpecData-02115-20261006-164632.csv,2026-10-06 16:40:57.831,5.990833333333333
2026-10-06 16:46:57.489,8.8644e-11,Torr,13.small_stm_port,spray,13.small_stm_port/MassSpecData-02115-20261006-164632.csv,2026-10-06 16:40:57.831,5.9943
2026-10-06 16:46:57.697,8.3669e-11,Torr,13.small_stm_port,spray,13.small_stm_port/MassSpecData-02115-20261006-164632.csv,2026-10-06 16:40:57.831,5.997766666666666
2026-10-06 16:46:57.906,9.1588e-11,Torr,13.small_stm_port,spray,13.small_stm_port/MassSpecData-02115-20261006-164632.csv,2026-10-06 16:40:57.831,6.00125
2026-10-06 16:46:58.114,1.1522e-10,Torr,13.small_stm_port,spray,13.small_stm_port/MassSpecData-02115-20261006-164632.csv,2026-10-06 16:40:57.831,6.004716666666667
2026-10-06 16:46:58.322,7.3504e-11,Torr,13.small_stm_port,spray,13.small_stm_port/MassSpecData-02115-20261006-164632.csv,2026-10-06 16:40:57.831,6.008183333333333
2026-10-06 16:46:58.531,7.373e-11,Torr,13.small_stm_port,spray,13.small_stm_port/MassSpecData-02115-20261006-164632.csv,2026-10-06 16:40:57.831,6.011666666666667
2026-10-06 16:46:58.739,9.627e-11,Torr,13.small_stm_port,spray,13.small_stm_port/MassSpecData-02115-20261006-164632.csv,2026-10-06 16:40:57.831,6.015133333333334
2026-10-06 16:46:58.947,6.9454e-11,Torr,13.small_stm_port,spray,13.small_stm_port/MassSpecData-02115-20261006-164632.csv,2026-10-06 16:40:57.831,6.0186
2026-10-06 16:46:59.156,6.0267e-11,Torr,13.small_stm_port,spray,13.small_stm_port/MassSpecData-02115-20261006-164632.csv,2026-10-06 16:40:57.831,6.022083333333333
2026-10-06 16:46:59.364,6.7509e-11,Torr,13.small_stm_port,spray,13.small_stm_port/MassSpecData-02115-20261006-164632.csv,2026-10-06 16:40:57.831,6.02555
2026-10-06 16:46:59.572,7.9971e-11,Torr,13.small_stm_port,spray,13.small_stm_port/MassSpecData-02115-20261006-164632.csv,2026-10-06 16:40:57.831,6.029016666666666
2026-10-06 16:46:59.781,7.8767e-11,Torr,13.small_stm_port,spray,13.small_stm_port/MassSpecData-02115-20261006-164632.csv,2026-10-06 16:40:57.831,6.0325
2026-10-06 16:46:59.989,7.9081e-11,Torr,13.small_stm_port,spray,13.small_stm_port/MassSpecData-02115-20261006-164632.csv,2026-10-06 16:40:57.831,6.035966666666667
2026-10-06 16:47:00.197,7.9019e-11,Torr,13.small_stm_port,spray,13.small_stm_port/MassSpecData-02115-20261006-164632.csv,2026-10-06 16:40:57.831,6.039433333333333
2026-10-06 16:47:00.406,8.534e-11,Torr,13.small_stm_port,spray,13.small_stm_port/MassSpecData-02115-20261006-164632.csv,2026-10-06 16:40:57.831,6.042916666666667
2026-10-06 16:47:00.614,7.5317e-11,Torr,13.small_stm_port,spray,13.small_stm_port/MassSpecData-02115-20261006-164632.csv,2026-10-06 16:40:57.831,6.046383333333334
2026-10-06 16:47:00.822,8.0421e-11,Torr,13.small_stm_port,spray,13.small_stm_port/MassSpecData-02115-20261006-164632.csv,2026-10-06 16:40:57.831,6.04985
2026-10-06 16:47:01.031,8.5642e-11,Torr,13.small_stm_port,spray,13.small_stm_port/MassSpecData-02115-20261006-164632.csv,2026-10-06 16:40:57.831,6.053333333333333
2026-10-06 16:47:01.239,8.2992e-11,Torr,13.small_stm_port,spray,13.small_stm_port/MassSpecData-02115-20261006-164632.csv,2026-10-06 16:40:57.831,6.0568
2026-10-06 16:47:01.447,7.307e-11,Torr,13.small_stm_port,spray,13.small_stm_port/MassSpecData-02115-20261006-164632.csv,2026-10-06 16:40:57.831,6.060266666666666
2026-10-06 16:47:01.656,7.6629e-11,Torr,13.small_stm_port,spray,13.small_stm_port/MassSpecData-02115-20261006-164632.csv,2026-10-06 16:40:57.831,6.06375
2026-10-06 16:47:01.864,7.1724e-11,Torr,13.small_stm_port,spray,13.small_stm_port/MassSpecData-02115-20261006-164632.csv,2026-10-06 16:40:57.831,6.067216666666667
2026-10-06 16:47:02.072,8.7338e-11,Torr,13.small_stm_port,spray,13.small_stm_port/MassSpecData-02115-20261006-164632.csv,2026-10-06 16:40:57.831,6.070683333333333
2026-10-06 16:47:02.281,7.1658e-11,Torr,13.small_stm_port,spray,13.small_stm_port/MassSpecData-02115-20261006-164632.csv,2026-10-06 16:40:57.831,6.074166666666667
2026-10-06 16:47:02.489,8.1741e-11,Torr,13.small_stm_port,spray,13.small_stm_port/MassSpecData-02115-20261006-164632.csv,2026-10-06 16:40:57.831,6.077633333333334
2026-10-06 16:47:02.697,7.0157e-11,Torr,13.small_stm_port,spray,13.small_stm_port/MassSpecData-02115-20261006-164632.csv,2026-10-06 16:40:57.831,6.0811
2026-10-06 16:47:02.906,8.6188e-11,Torr,13.small_stm_port,spray,13.small_stm_port/MassSpecData-02115-20261006-164632.csv,2026-10-06 16:40:57.831,6.084583333333333
2026-10-06 16:47:03.114,8.4486e-11,Torr,13.small_stm_port,spray,13.small_stm_port/MassSpecData-02115-20261006-164632.csv,2026-10-06 16:40:57.831,6.08805
2026-10-06 16:47:03.322,9.1714e-11,Torr,13.small_stm_port,spray,13.small_stm_port/MassSpecData-02115-20261006-164632.csv,2026-10-06 16:40:57.831,6.091516666666666
2026-10-06 16:47:03.531,9.4053e-11,Torr,13.small_stm_port,spray,13.small_stm_port/MassSpecData-02115-20261006-164632.csv,2026-10-06 16:40:57.831,6.095
2026-10-06 16:47:03.739,8.191e-11,Torr,13.small_stm_port,spray,13.small_stm_port/MassSpecData-02115-20261006-164632.csv,2026-10-06 16:40:57.831,6.098466666666667
2026-10-06 16:47:03.947,1.0505e-10,Torr,13.small_stm_port,spray,13.small_stm_port/MassSpecData-02115-20261006-164632.csv,2026-10-06 16:40:57.831,6.101933333333333
2026-10-06 16:47:04.156,9.0379e-11,Torr,13.small_stm_port,spray,13.small_stm_port/MassSpecData-02115-20261006-164632.csv,2026-10-06 16:40:57.831,6.105416666666667
2026-10-06 16:47:04.364,8.0697e-11,Torr,13.small_stm_port,spray,13.small_stm_port/MassSpecData-02115-20261006-164632.csv,2026-10-06 16:40:57.831,6.108883333333334
2026-10-06 16:47:04.572,7.7275e-11,Torr,13.small_stm_port,spray,13.small_stm_port/MassSpecData-02115-20261006-164632.csv,2026-10-06 16:40:57.831,6.11235
2026-10-06 16:47:04.781,8.4658e-11,Torr,13.small_stm_port,spray,13.small_stm_port/MassSpecData-02115-20261006-164632.csv,2026-10-06 16:40:57.831,6.115833333333333
2026-10-06 16:47:04.989,7.7719e-11,Torr,13.small_stm_port,spray,13.small_stm_port/MassSpecData-02115-20261006-164632.csv,2026-10-06 16:40:57.831,6.1193
2026-10-06 16:47:05.197,7.3632e-11,Torr,13.small_stm_port,spray,13.small_stm_port/MassSpecData-02115-20261006-164632.csv,2026-10-06 16:40:57.831,6.122766666666666
2026-10-06 16:47:05.406,8.129e-11,Torr,13.small_stm_port,spray,13.small_stm_port/MassSpecData-02115-20261006-164632.csv,2026-10-06 16:40:57.831,6.12625
2026-10-06 16:47:05.614,8.0399e-11,Torr,13.small_stm_port,spray,13.small_stm_port/MassSpecData-02115-20261006-164632.csv,2026-10-06 16:40:57.831,6.129716666666667
2026-10-06 16:47:05.822,7.6462e-11,Torr,13.small_stm_port,spray,13.small_stm_port/MassSpecData-02115-20261006-164632.csv,2026-10-06 16:40:57.831,6.133183333333333
2026-10-06 16:47:06.031,9.7586e-11,Torr,13.small_stm_port,spray,13.small_stm_port/MassSpecData-02115-20261006-164632.csv,2026-10-06 16:40:57.831,6.136666666666667
2026-10-06 16:47:06.239,9.4553e-11,Torr,13.small_stm_port,spray,13.small_stm_port/MassSpecData-02115-20261006-164632.csv,2026-10-06 16:40:57.831,6.140133333333334
2026-10-06 16:47:06.447,7.8807e-11,Torr,13.small_stm_port,spray,13.small_stm_port/MassSpecData-02115-20261006-164632.csv,2026-10-06 16:40:57.831,6.1436
2026-10-06 16:47:06.656,7.6741e-11,Torr,13.small_stm_port,spray,13.small_stm_port/MassSpecData-02115-20261006-164632.csv,2026-10-06 16:40:57.831,6.147083333333333
2026-10-06 16:47:06.864,8.4091e-11,Torr,13.small_stm_port,spray,13.small_stm_port/MassSpecData-02115-20261006-164632.csv,2026-10-06 16:40:57.831,6.15055
2026-10-06 16:47:07.072,7.9404e-11,Torr,13.small_stm_port,spray,13.small_stm_port/MassSpecData-02115-20261006-164632.csv,2026-10-06 16:40:57.831,6.154016666666666
2026-10-06 16:47:07.281,7.4761e-11,Torr,13.small_stm_port,spray,13.small_stm_port/MassSpecData-02115-20261006-164632.csv,2026-10-06 16:40:57.831,6.1575
2026-10-06 16:47:07.489,8.8542e-11,Torr,13.small_stm_port,spray,13.small_stm_port/MassSpecData-02115-20261006-164632.csv,2026-10-06 16:40:57.831,6.160966666666667
2026-10-06 16:47:07.697,8.542e-11,Torr,13.small_stm_port,spray,13.small_stm_port/MassSpecData-02115-20261006-164632.csv,2026-10-06 16:40:57.831,6.164433333333333
2026-10-06 16:47:07.906,8.6049e-11,Torr,13.small_stm_port,spray,13.small_stm_port/MassSpecData-02115-20261006-164632.csv,2026-10-06 16:40:57.831,6.167916666666667
2026-10-06 16:47:08.114,7.7222e-11,Torr,13.small_stm_port,spray,13.small_stm_port/MassSpecData-02115-20261006-164632.csv,2026-10-06 16:40:57.831,6.171383333333334
2026-10-06 16:47:08.322,7.6226e-11,Torr,13.small_stm_port,spray,13.small_stm_port/MassSpecData-02115-20261006-164632.csv,2026-10-06 16:40:57.831,6.17485
2026-10-06 16:47:08.531,8.1722e-11,Torr,13.small_stm_port,spray,13.small_stm_port/MassSpecData-02115-20261006-164632.csv,2026-10-06 16:40:57.831,6.178333333333333
2026-10-06 16:47:08.739,8.1504e-11,Torr,13.small_stm_port,spray,13.small_stm_port/MassSpecData-02115-20261006-164632.csv,2026-10-06 16:40:57.831,6.1818
2026-10-06 16:47:08.947,8.8668e-11,Torr,13.small_stm_port,spray,13.small_stm_port/MassSpecData-02115-20261006-164632.csv,2026-10-06 16:40:57.831,6.185266666666666
2026-10-06 16:47:09.156,7.4142e-11,Torr,13.small_stm_port,spray,13.small_stm_port/MassSpecData-02115-20261006-164632.csv,2026-10-06 16:40:57.831,6.18875
2026-10-06 16:47:09.364,7.93e-11,Torr,13.small_stm_port,spray,13.small_stm_port/MassSpecData-02115-20261006-164632.csv,2026-10-06 16:40:57.831,6.192216666666667
2026-10-06 16:47:09.572,9.2821e-11,Torr,13.small_stm_port,spray,13.small_stm_port/MassSpecData-02115-20261006-164632.csv,2026-10-06 16:40:57.831,6.195683333333333
2026-10-06 16:47:09.781,7.4115e-11,Torr,13.small_stm_port,spray,13.small_stm_port/MassSpecData-02115-20261006-164632.csv,2026-10-06 16:40:57.831,6.199166666666667
2026-10-06 16:47:09.989,8.0915e-11,Torr,13.small_stm_port,spray,13.small_stm_port/MassSpecData-02115-20261006-164632.csv,2026-10-06 16:40:57.831,6.202633333333334
2026-10-06 16:47:10.198,7.7615e-11,Torr,13.small_stm_port,spray,13.small_stm_port/MassSpecData-02115-20261006-164632.csv,2026-10-06 16:40:57.831,6.206116666666667
2026-10-06 16:47:10.406,8.244e-11,Torr,13.small_stm_port,spray,13.small_stm_port/MassSpecData-02115-20261006-164632.csv,2026-10-06 16:40:57.831,6.209583333333333
2026-10-06 16:47:10.614,9.7868e-11,Torr,13.small_stm_port,spray,13.small_stm_port/MassSpecData-02115-20261006-164632.csv,2026-10-06 16:40:57.831,6.21305
2026-10-06 16:47:10.823,8.2175e-11,Torr,13.small_stm_port,spray,13.small_stm_port/MassSpecData-02115-20261006-164632.csv,2026-10-06 16:40:57.831,6.2165333333333335
2026-10-06 16:47:11.031,9.647e-11,Torr,13.small_stm_port,spray,13.small_stm_port/MassSpecData-02115-20261006-164632.csv,2026-10-06 16:40:57.831,6.22
2026-10-06 16:47:11.239,7.8829e-11,Torr,13.small_stm_port,spray,13.small_stm_port/MassSpecData-02115-20261006-164632.csv,2026-10-06 16:40:57.831,6.223466666666667
2026-10-06 16:47:11.448,7.5376e-11,Torr,13.small_stm_port,spray,13.small_stm_port/MassSpecData-02115-20261006-164632.csv,2026-10-06 16:40:57.831,6.22695
2026-10-06 16:47:11.656,8.3737e-11,Torr,13.small_stm_port,spray,13.small_stm_port/MassSpecData-02115-20261006-164632.csv,2026-10-06 16:40:57.831,6.230416666666667
2026-10-06 16:47:11.864,9.4583e-11,Torr,13.small_stm_port,spray,13.small_stm_port/MassSpecData-02115-20261006-164632.csv,2026-10-06 16:40:57.831,6.233883333333334
2026-10-06 16:47:12.073,8.4427e-11,Torr,13.small_stm_port,spray,13.small_stm_port/MassSpecData-02115-20261006-164632.csv,2026-10-06 16:40:57.831,6.237366666666667
2026-10-06 16:47:12.281,7.6518e-11,Torr,13.small_stm_port,spray,13.small_stm_port/MassSpecData-02115-20261006-164632.csv,2026-10-06 16:40:57.831,6.240833333333333
2026-10-06 16:47:12.489,8.1941e-11,Torr,13.small_stm_port,spray,13.small_stm_port/MassSpecData-02115-20261006-164632.csv,2026-10-06 16:40:57.831,6.2443
2026-10-06 16:47:12.698,7.9963e-11,Torr,13.small_stm_port,spray,13.small_stm_port/MassSpecData-02115-20261006-164632.csv,2026-10-06 16:40:57.831,6.2477833333333335
2026-10-06 16:47:12.906,9.3849e-11,Torr,13.small_stm_port,spray,13.small_stm_port/MassSpecData-02115-20261006-164632.csv,2026-10-06 16:40:57.831,6.25125
2026-10-06 16:47:13.114,8.7831e-11,Torr,13.small_stm_port,spray,13.small_stm_port/MassSpecData-02115-20261006-164632.csv,2026-10-06 16:40:57.831,6.254716666666667
2026-10-06 16:47:13.323,7.638e-11,Torr,13.small_stm_port,spray,13.small_stm_port/MassSpecData-02115-20261006-164632.csv,2026-10-06 16:40:57.831,6.2582
2026-10-06 16:47:13.531,9.4698e-11,Torr,13.small_stm_port,spray,13.small_stm_port/MassSpecData-02115-20261006-164632.csv,2026-10-06 16:40:57.831,6.261666666666667
2026-10-06 16:47:13.739,7.2767e-11,Torr,13.small_stm_port,spray,13.small_stm_port/MassSpecData-02115-20261006-164632.csv,2026-10-06 16:40:57.831,6.265133333333334
2026-10-06 16:47:14.148,9.0712e-11,Torr,13.small_stm_port,spray,13.small_stm_port/MassSpecData-02115-20261006-164714.csv,2026-10-06 16:40:57.831,6.27195
2026-10-06 16:47:14.356,8.1606e-11,Torr,13.small_stm_port,spray,13.small_stm_port/MassSpecData-02115-20261006-164714.csv,2026-10-06 16:40:57.831,6.275416666666667
2026-10-06 16:47:14.565,1.0269e-10,Torr,13.small_stm_port,spray,13.small_stm_port/MassSpecData-02115-20261006-164714.csv,2026-10-06 16:40:57.831,6.278899999999999
2026-10-06 16:47:14.773,8.156e-11,Torr,13.small_stm_port,spray,13.small_stm_port/MassSpecData-02115-20261006-164714.csv,2026-10-06 16:40:57.831,6.282366666666666
2026-10-06 16:47:14.981,9.0825e-11,Torr,13.small_stm_port,spray,13.small_stm_port/MassSpecData-02115-20261006-164714.csv,2026-10-06 16:40:57.831,6.285833333333333
2026-10-06 16:47:15.190,8.9898e-11,Torr,13.small_stm_port,spray,13.small_stm_port/MassSpecData-02115-20261006-164714.csv,2026-10-06 16:40:57.831,6.289316666666666
2026-10-06 16:47:15.398,8.2506e-11,Torr,13.small_stm_port,spray,13.small_stm_port/MassSpecData-02115-20261006-164714.csv,2026-10-06 16:40:57.831,6.292783333333333
2026-10-06 16:47:15.606,9.112e-11,Torr,13.small_stm_port,spray,13.small_stm_port/MassSpecData-02115-20261006-164714.csv,2026-10-06 16:40:57.831,6.29625
2026-10-06 16:47:15.814,8.4435e-11,Torr,13.small_stm_port,spray,13.small_stm_port/MassSpecData-02115-20261006-164714.csv,2026-10-06 16:40:57.831,6.299716666666667
2026-10-06 16:47:16.023,8.5779e-11,Torr,13.small_stm_port,spray,13.small_stm_port/MassSpecData-02115-20261006-164714.csv,2026-10-06 16:40:57.831,6.3032
2026-10-06 16:47:16.231,8.6655e-11,Torr,13.small_stm_port,spray,13.small_stm_port/MassSpecData-02115-20261006-164714.csv,2026-10-06 16:40:57.831,6.306666666666667
2026-10-06 16:47:16.440,8.4155e-11,Torr,13.small_stm_port,spray,13.small_stm_port/MassSpecData-02115-20261006-164714.csv,2026-10-06 16:40:57.831,6.310149999999999
2026-10-06 16:47:16.648,8.0191e-11,Torr,13.small_stm_port,spray,13.small_stm_port/MassSpecData-02115-20261006-164714.csv,2026-10-06 16:40:57.831,6.313616666666666
2026-10-06 16:47:16.856,8.7275e-11,Torr,13.small_stm_port,spray,13.small_stm_port/MassSpecData-02115-20261006-164714.csv,2026-10-06 16:40:57.831,6.317083333333333
2026-10-06 16:47:17.065,6.861e-11,Torr,13.small_stm_port,spray,13.small_stm_port/MassSpecData-02115-20261006-164714.csv,2026-10-06 16:40:57.831,6.320566666666666
2026-10-06 16:47:17.273,6.8829e-11,Torr,13.small_stm_port,spray,13.small_stm_port/MassSpecData-02115-20261006-164714.csv,2026-10-06 16:40:57.831,6.324033333333333
2026-10-06 16:47:17.481,7.7488e-11,Torr,13.small_stm_port,spray,13.small_stm_port/MassSpecData-02115-20261006-164714.csv,2026-10-06 16:40:57.831,6.3275
2026-10-06 16:47:17.690,8.4648e-11,Torr,13.small_stm_port,spray,13.small_stm_port/MassSpecData-02115-20261006-164714.csv,2026-10-06 16:40:57.831,6.330983333333333
2026-10-06 16:47:17.898,7.4403e-11,Torr,13.small_stm_port,spray,13.small_stm_port/MassSpecData-02115-20261006-164714.csv,2026-10-06 16:40:57.831,6.33445
2026-10-06 16:47:18.106,8.4241e-11,Torr,13.small_stm_port,spray,13.small_stm_port/MassSpecData-02115-20261006-164714.csv,2026-10-06 16:40:57.831,6.337916666666667
2026-10-06 16:47:18.315,7.5386e-11,Torr,13.small_stm_port,spray,13.small_stm_port/MassSpecData-02115-20261006-164714.csv,2026-10-06 16:40:57.831,6.341399999999999
2026-10-06 16:47:18.523,6.8164e-11,Torr,13.small_stm_port,spray,13.small_stm_port/MassSpecData-02115-20261006-164714.csv,2026-10-06 16:40:57.831,6.344866666666666
2026-10-06 16:47:18.731,7.8911e-11,Torr,13.small_stm_port,spray,13.small_stm_port/MassSpecData-02115-20261006-164714.csv,2026-10-06 16:40:57.831,6.348333333333333
2026-10-06 16:47:18.940,8.0051e-11,Torr,13.small_stm_port,spray,13.small_stm_port/MassSpecData-02115-20261006-164714.csv,2026-10-06 16:40:57.831,6.351816666666666
2026-10-06 16:47:19.148,9.2408e-11,Torr,13.small_stm_port,spray,13.small_stm_port/MassSpecData-02115-20261006-164714.csv,2026-10-06 16:40:57.831,6.355283333333333
2026-10-06 16:47:19.356,8.1758e-11,Torr,13.small_stm_port,spray,13.small_stm_port/MassSpecData-02115-20261006-164714.csv,2026-10-06 16:40:57.831,6.35875
2026-10-06 16:47:19.564,9.6355e-11,Torr,13.small_stm_port,spray,13.small_stm_port/MassSpecData-02115-20261006-164714.csv,2026-10-06 16:40:57.831,6.362216666666667
2026-10-06 16:47:19.773,7.8319e-11,Torr,13.small_stm_port,spray,13.small_stm_port/MassSpecData-02115-20261006-164714.csv,2026-10-06 16:40:57.831,6.3657
2026-10-06 16:47:19.981,9.017e-11,Torr,13.small_stm_port,spray,13.small_stm_port/MassSpecData-02115-20261006-164714.csv,2026-10-06 16:40:57.831,6.369166666666667
2026-10-06 16:47:20.189,8.4342e-11,Torr,13.small_stm_port,spray,13.small_stm_port/MassSpecData-02115-20261006-164714.csv,2026-10-06 16:40:57.831,6.372633333333334
2026-10-06 16:47:20.398,7.1874e-11,Torr,13.small_stm_port,spray,13.small_stm_port/MassSpecData-02115-20261006-164714.csv,2026-10-06 16:40:57.831,6.376116666666666
2026-10-06 16:47:20.606,9.3058e-11,Torr,13.small_stm_port,spray,13.small_stm_port/MassSpecData-02115-20261006-164714.csv,2026-10-06 16:40:57.831,6.379583333333333
2026-10-06 16:47:20.814,8.1077e-11,Torr,13.small_stm_port,spray,13.small_stm_port/MassSpecData-02115-20261006-164714.csv,2026-10-06 16:40:57.831,6.38305
2026-10-06 16:47:21.023,7.8758e-11,Torr,13.small_stm_port,spray,13.small_stm_port/MassSpecData-02115-20261006-164714.csv,2026-10-06 16:40:57.831,6.386533333333333
2026-10-06 16:47:21.231,8.0656e-11,Torr,13.small_stm_port,spray,13.small_stm_port/MassSpecData-02115-20261006-164714.csv,2026-10-06 16:40:57.831,6.39
2026-10-06 16:47:21.439,9.1135e-11,Torr,13.small_stm_port,spray,13.small_stm_port/MassSpecData-02115-20261006-164714.csv,2026-10-06 16:40:57.831,6.393466666666667
2026-10-06 16:47:21.648,7.3781e-11,Torr,13.small_stm_port,spray,13.small_stm_port/MassSpecData-02115-20261006-164714.csv,2026-10-06 16:40:57.831,6.39695
2026-10-06 16:47:21.856,9.7346e-11,Torr,13.small_stm_port,spray,13.small_stm_port/MassSpecData-02115-20261006-164714.csv,2026-10-06 16:40:57.831,6.400416666666667
2026-10-06 16:47:22.064,8.5156e-11,Torr,13.small_stm_port,spray,13.small_stm_port/MassSpecData-02115-20261006-164714.csv,2026-10-06 16:40:57.831,6.403883333333334
2026-10-06 16:47:22.273,8.8167e-11,Torr,13.small_stm_port,spray,13.small_stm_port/MassSpecData-02115-20261006-164714.csv,2026-10-06 16:40:57.831,6.407366666666666
2026-10-06 16:47:22.481,7.9461e-11,Torr,13.small_stm_port,spray,13.small_stm_port/MassSpecData-02115-20261006-164714.csv,2026-10-06 16:40:57.831,6.410833333333333
2026-10-06 16:47:22.689,8.8423e-11,Torr,13.small_stm_port,spray,13.small_stm_port/MassSpecData-02115-20261006-164714.csv,2026-10-06 16:40:57.831,6.4143
2026-10-06 16:47:22.898,8.2533e-11,Torr,13.small_stm_port,spray,13.small_stm_port/MassSpecData-02115-20261006-164714.csv,2026-10-06 16:40:57.831,6.417783333333333
2026-10-06 16:47:23.106,8.1796e-11,Torr,13.small_stm_port,spray,13.small_stm_port/MassSpecData-02115-20261006-164714.csv,2026-10-06 16:40:57.831,6.42125
2026-10-06 16:47:23.315,8.9406e-11,Torr,13.small_stm_port,spray,13.small_stm_port/MassSpecData-02115-20261006-164714.csv,2026-10-06 16:40:57.831,6.424733333333333
2026-10-06 16:47:23.523,7.7405e-11,Torr,13.small_stm_port,spray,13.small_stm_port/MassSpecData-02115-20261006-164714.csv,2026-10-06 16:40:57.831,6.4282
2026-10-06 16:47:23.731,9.0365e-11,Torr,13.small_stm_port,spray,13.small_stm_port/MassSpecData-02115-20261006-164714.csv,2026-10-06 16:40:57.831,6.431666666666667
2026-10-06 16:47:23.940,8.0433e-11,Torr,13.small_stm_port,spray,13.small_stm_port/MassSpecData-02115-20261006-164714.csv,2026-10-06 16:40:57.831,6.435149999999999
2026-10-06 16:47:24.148,8.3951e-11,Torr,13.small_stm_port,spray,13.small_stm_port/MassSpecData-02115-20261006-164714.csv,2026-10-06 16:40:57.831,6.438616666666666
2026-10-06 16:47:24.356,7.1543e-11,Torr,13.small_stm_port,spray,13.small_stm_port/MassSpecData-02115-20261006-164714.csv,2026-10-06 16:40:57.831,6.442083333333333
2026-10-06 16:47:24.565,7.5722e-11,Torr,13.small_stm_port,spray,13.small_stm_port/MassSpecData-02115-20261006-164714.csv,2026-10-06 16:40:57.831,6.445566666666666
2026-10-06 16:47:24.773,7.9247e-11,Torr,13.small_stm_port,spray,13.small_stm_port/MassSpecData-02115-20261006-164714.csv,2026-10-06 16:40:57.831,6.449033333333333
2026-10-06 16:47:24.981,9.826e-11,Torr,13.small_stm_port,spray,13.small_stm_port/MassSpecData-02115-20261006-164714.csv,2026-10-06 16:40:57.831,6.4525
2026-10-06 16:47:25.190,9.5204e-11,Torr,13.small_stm_port,spray,13.small_stm_port/MassSpecData-02115-20261006-164714.csv,2026-10-06 16:40:57.831,6.455983333333333
2026-10-06 16:47:25.398,8.159e-11,Torr,13.small_stm_port,spray,13.small_stm_port/MassSpecData-02115-20261006-164714.csv,2026-10-06 16:40:57.831,6.45945
2026-10-06 16:47:25.606,7.8787e-11,Torr,13.small_stm_port,spray,13.small_stm_port/MassSpecData-02115-20261006-164714.csv,2026-10-06 16:40:57.831,6.462916666666667
2026-10-06 16:47:25.815,7.7843e-11,Torr,13.small_stm_port,spray,13.small_stm_port/MassSpecData-02115-20261006-164714.csv,2026-10-06 16:40:57.831,6.466399999999999
2026-10-06 16:47:26.023,7.2265e-11,Torr,13.small_stm_port,spray,13.small_stm_port/MassSpecData-02115-20261006-164714.csv,2026-10-06 16:40:57.831,6.469866666666666
2026-10-06 16:47:26.231,7.9769e-11,Torr,13.small_stm_port,spray,13.small_stm_port/MassSpecData-02115-20261006-164714.csv,2026-10-06 16:40:57.831,6.473333333333333
2026-10-06 16:47:26.440,8.671e-11,Torr,13.small_stm_port,spray,13.small_stm_port/MassSpecData-02115-20261006-164714.csv,2026-10-06 16:40:57.831,6.476816666666666
2026-10-06 16:47:26.648,6.9751e-11,Torr,13.small_stm_port,spray,13.small_stm_port/MassSpecData-02115-20261006-164714.csv,2026-10-06 16:40:57.831,6.480283333333333
2026-10-06 16:47:26.856,8.043e-11,Torr,13.small_stm_port,spray,13.small_stm_port/MassSpecData-02115-20261006-164714.csv,2026-10-06 16:40:57.831,6.48375
2026-10-06 16:47:27.065,8.2393e-11,Torr,13.small_stm_port,spray,13.small_stm_port/MassSpecData-02115-20261006-164714.csv,2026-10-06 16:40:57.831,6.487233333333333
2026-10-06 16:47:27.273,8.8122e-11,Torr,13.small_stm_port,spray,13.small_stm_port/MassSpecData-02115-20261006-164714.csv,2026-10-06 16:40:57.831,6.4907
2026-10-06 16:47:27.481,9.4539e-11,Torr,13.small_stm_port,spray,13.small_stm_port/MassSpecData-02115-20261006-164714.csv,2026-10-06 16:40:57.831,6.494166666666667
2026-10-06 16:47:27.690,7.3192e-11,Torr,13.small_stm_port,spray,13.small_stm_port/MassSpecData-02115-20261006-164714.csv,2026-10-06 16:40:57.831,6.497649999999999
2026-10-06 16:47:27.898,8.6905e-11,Torr,13.small_stm_port,spray,13.small_stm_port/MassSpecData-02115-20261006-164714.csv,2026-10-06 16:40:57.831,6.501116666666666
2026-10-06 16:47:28.106,7.3859e-11,Torr,13.small_stm_port,spray,13.small_stm_port/MassSpecData-02115-20261006-164714.csv,2026-10-06 16:40:57.831,6.504583333333333
2026-10-06 16:47:28.315,9.0231e-11,Torr,13.small_stm_port,spray,13.small_stm_port/MassSpecData-02115-20261006-164714.csv,2026-10-06 16:40:57.831,6.508066666666666
2026-10-06 16:47:28.523,9.2304e-11,Torr,13.small_stm_port,spray,13.small_stm_port/MassSpecData-02115-20261006-164714.csv,2026-10-06 16:40:57.831,6.511533333333333
2026-10-06 16:47:28.731,1.0122e-10,Torr,13.small_stm_port,spray,13.small_stm_port/MassSpecData-02115-20261006-164714.csv,2026-10-06 16:40:57.831,6.515
2026-10-06 16:47:28.940,7.6348e-11,Torr,13.small_stm_port,spray,13.small_stm_port/MassSpecData-02115-20261006-164714.csv,2026-10-06 16:40:57.831,6.518483333333333
2026-10-06 16:47:29.148,1.081e-10,Torr,13.small_stm_port,spray,13.small_stm_port/MassSpecData-02115-20261006-164714.csv,2026-10-06 16:40:57.831,6.52195
2026-10-06 16:47:29.356,7.5397e-11,Torr,13.small_stm_port,spray,13.small_stm_port/MassSpecData-02115-20261006-164714.csv,2026-10-06 16:40:57.831,6.525416666666667
2026-10-06 16:47:29.565,8.6363e-11,Torr,13.small_stm_port,spray,13.small_stm_port/MassSpecData-02115-20261006-164714.csv,2026-10-06 16:40:57.831,6.528899999999999
2026-10-06 16:47:29.773,7.7025e-11,Torr,13.small_stm_port,spray,13.small_stm_port/MassSpecData-02115-20261006-164714.csv,2026-10-06 16:40:57.831,6.532366666666666
2026-10-06 16:47:29.981,8.6417e-11,Torr,13.small_stm_port,spray,13.small_stm_port/MassSpecData-02115-20261006-164714.csv,2026-10-06 16:40:57.831,6.535833333333333
2026-10-06 16:47:30.190,1.0402e-10,Torr,13.small_stm_port,spray,13.small_stm_port/MassSpecData-02115-20261006-164714.csv,2026-10-06 16:40:57.831,6.539316666666666
2026-10-06 16:47:30.398,7.6871e-11,Torr,13.small_stm_port,spray,13.small_stm_port/MassSpecData-02115-20261006-164714.csv,2026-10-06 16:40:57.831,6.542783333333333
2026-10-06 16:47:30.606,7.4984e-11,Torr,13.small_stm_port,spray,13.small_stm_port/MassSpecData-02115-20261006-164714.csv,2026-10-06 16:40:57.831,6.54625
2026-10-06 16:47:30.815,9.03e-11,Torr,13.small_stm_port,spray,13.small_stm_port/MassSpecData-02115-20261006-164714.csv,2026-10-06 16:40:57.831,6.549733333333333
2026-10-06 16:47:31.023,9.901e-11,Torr,13.small_stm_port,spray,13.small_stm_port/MassSpecData-02115-20261006-164714.csv,2026-10-06 16:40:57.831,6.5532
2026-10-06 16:47:31.231,9.0341e-11,Torr,13.small_stm_port,spray,13.small_stm_port/MassSpecData-02115-20261006-164714.csv,2026-10-06 16:40:57.831,6.556666666666667
2026-10-06 16:47:31.440,9.3308e-11,Torr,13.small_stm_port,spray,13.small_stm_port/MassSpecData-02115-20261006-164714.csv,2026-10-06 16:40:57.831,6.560149999999999
2026-10-06 16:47:31.648,8.5666e-11,Torr,13.small_stm_port,spray,13.small_stm_port/MassSpecData-02115-20261006-164714.csv,2026-10-06 16:40:57.831,6.563616666666666
2026-10-06 16:47:31.856,8.7052e-11,Torr,13.small_stm_port,spray,13.small_stm_port/MassSpecData-02115-20261006-164714.csv,2026-10-06 16:40:57.831,6.567083333333333
2026-10-06 16:47:32.065,8.2743e-11,Torr,13.small_stm_port,spray,13.small_stm_port/MassSpecData-02115-20261006-164714.csv,2026-10-06 16:40:57.831,6.570566666666666
2026-10-06 16:47:32.273,8.3336e-11,Torr,13.small_stm_port,spray,13.small_stm_port/MassSpecData-02115-20261006-164714.csv,2026-10-06 16:40:57.831,6.574033333333333
2026-10-06 16:47:32.481,8.2814e-11,Torr,13.small_stm_port,spray,13.small_stm_port/MassSpecData-02115-20261006-164714.csv,2026-10-06 16:40:57.831,6.5775
2026-10-06 16:47:32.690,8.769e-11,Torr,13.small_stm_port,spray,13.small_stm_port/MassSpecData-02115-20261006-164714.csv,2026-10-06 16:40:57.831,6.580983333333333
2026-10-06 16:47:32.898,8.3398e-11,Torr,13.small_stm_port,spray,13.small_stm_port/MassSpecData-02115-20261006-164714.csv,2026-10-06 16:40:57.831,6.58445
2026-10-06 16:47:33.106,7.9082e-11,Torr,13.small_stm_port,spray,13.small_stm_port/MassSpecData-02115-20261006-164714.csv,2026-10-06 16:40:57.831,6.587916666666667
2026-10-06 16:47:33.315,8.09e-11,Torr,13.small_stm_port,spray,13.small_stm_port/MassSpecData-02115-20261006-164714.csv,2026-10-06 16:40:57.831,6.591399999999999
2026-10-06 16:47:33.523,9.5899e-11,Torr,13.small_stm_port,spray,13.small_stm_port/MassSpecData-02115-20261006-164714.csv,2026-10-06 16:40:57.831,6.594866666666666
2026-10-06 16:47:33.731,7.6902e-11,Torr,13.small_stm_port,spray,13.small_stm_port/MassSpecData-02115-20261006-164714.csv,2026-10-06 16:40:57.831,6.598333333333333
2026-10-06 16:47:33.939,8.2227e-11,Torr,13.small_stm_port,spray,13.small_stm_port/MassSpecData-02115-20261006-164714.csv,2026-10-06 16:40:57.831,6.6018
2026-10-06 16:47:34.148,7.4942e-11,Torr,13.small_stm_port,spray,13.small_stm_port/MassSpecData-02115-20261006-164714.csv,2026-10-06 16:40:57.831,6.605283333333333
2026-10-06 16:47:34.356,7.8989e-11,Torr,13.small_stm_port,spray,13.small_stm_port/MassSpecData-02115-20261006-164714.csv,2026-10-06 16:40:57.831,6.60875
2026-10-06 16:47:34.564,8.0193e-11,Torr,13.small_stm_port,spray,13.small_stm_port/MassSpecData-02115-20261006-164714.csv,2026-10-06 16:40:57.831,6.612216666666667
2026-10-06 16:47:34.773,7.6421e-11,Torr,13.small_stm_port,spray,13.small_stm_port/MassSpecData-02115-20261006-164714.csv,2026-10-06 16:40:57.831,6.6157
2026-10-06 16:47:34.981,7.8413e-11,Torr,13.small_stm_port,spray,13.small_stm_port/MassSpecData-02115-20261006-164714.csv,2026-10-06 16:40:57.831,6.619166666666667
2026-10-06 16:47:35.189,7.7177e-11,Torr,13.small_stm_port,spray,13.small_stm_port/MassSpecData-02115-20261006-164714.csv,2026-10-06 16:40:57.831,6.622633333333334
2026-10-06 16:47:35.398,7.7156e-11,Torr,13.small_stm_port,spray,13.small_stm_port/MassSpecData-02115-20261006-164714.csv,2026-10-06 16:40:57.831,6.626116666666666
2026-10-06 16:47:35.606,7.997e-11,Torr,13.small_stm_port,spray,13.small_stm_port/MassSpecData-02115-20261006-164714.csv,2026-10-06 16:40:57.831,6.629583333333333
2026-10-06 16:47:35.814,8.0416e-11,Torr,13.small_stm_port,spray,13.small_stm_port/MassSpecData-02115-20261006-164714.csv,2026-10-06 16:40:57.831,6.63305
2026-10-06 16:47:36.023,8.8615e-11,Torr,13.small_stm_port,spray,13.small_stm_port/MassSpecData-02115-20261006-164714.csv,2026-10-06 16:40:57.831,6.636533333333333
2026-10-06 16:47:36.231,8.9208e-11,Torr,13.small_stm_port,spray,13.small_stm_port/MassSpecData-02115-20261006-164714.csv,2026-10-06 16:40:57.831,6.64
2026-10-06 16:47:36.439,7.7851e-11,Torr,13.small_stm_port,spray,13.small_stm_port/MassSpecData-02115-20261006-164714.csv,2026-10-06 16:40:57.831,6.643466666666667
2026-10-06 16:47:36.648,8.8466e-11,Torr,13.small_stm_port,spray,13.small_stm_port/MassSpecData-02115-20261006-164714.csv,2026-10-06 16:40:57.831,6.64695
2026-10-06 16:47:36.856,7.9734e-11,Torr,13.small_stm_port,spray,13.small_stm_port/MassSpecData-02115-20261006-164714.csv,2026-10-06 16:40:57.831,6.650416666666667
2026-10-06 16:47:37.064,6.5334e-11,Torr,13.small_stm_port,spray,13.small_stm_port/MassSpecData-02115-20261006-164714.csv,2026-10-06 16:40:57.831,6.653883333333334
2026-10-06 16:47:37.273,7.7609e-11,Torr,13.small_stm_port,spray,13.small_stm_port/MassSpecData-02115-20261006-164714.csv,2026-10-06 16:40:57.831,6.657366666666666
2026-10-06 16:47:37.481,7.5553e-11,Torr,13.small_stm_port,spray,13.small_stm_port/MassSpecData-02115-20261006-164714.csv,2026-10-06 16:40:57.831,6.660833333333333
2026-10-06 16:47:37.689,9.4917e-11,Torr,13.small_stm_port,spray,13.small_stm_port/MassSpecData-02115-20261006-164714.csv,2026-10-06 16:40:57.831,6.6643
2026-10-06 16:47:37.898,8.2245e-11,Torr,13.small_stm_port,spray,13.small_stm_port/MassSpecData-02115-20261006-164714.csv,2026-10-06 16:40:57.831,6.667783333333333
2026-10-06 16:47:38.106,7.6637e-11,Torr,13.small_stm_port,spray,13.small_stm_port/MassSpecData-02115-20261006-164714.csv,2026-10-06 16:40:57.831,6.67125
2026-10-06 16:47:38.314,9.4793e-11,Torr,13.small_stm_port,spray,13.small_stm_port/MassSpecData-02115-20261006-164714.csv,2026-10-06 16:40:57.831,6.674716666666667
2026-10-06 16:47:38.523,7.5655e-11,Torr,13.small_stm_port,spray,13.small_stm_port/MassSpecData-02115-20261006-164714.csv,2026-10-06 16:40:57.831,6.6782
2026-10-06 16:47:38.731,7.4459e-11,Torr,13.small_stm_port,spray,13.small_stm_port/MassSpecData-02115-20261006-164714.csv,2026-10-06 16:40:57.831,6.681666666666667
2026-10-06 16:47:38.939,9.2474e-11,Torr,13.small_stm_port,spray,13.small_stm_port/MassSpecData-02115-20261006-164714.csv,2026-10-06 16:40:57.831,6.685133333333334
2026-10-06 16:47:39.148,8.63e-11,Torr,13.small_stm_port,spray,13.small_stm_port/MassSpecData-02115-20261006-164714.csv,2026-10-06 16:40:57.831,6.688616666666666
2026-10-06 16:47:39.356,8.3406e-11,Torr,13.small_stm_port,spray,13.small_stm_port/MassSpecData-02115-20261006-164714.csv,2026-10-06 16:40:57.831,6.692083333333333
2026-10-06 16:47:39.564,8.4389e-11,Torr,13.small_stm_port,spray,13.small_stm_port/MassSpecData-02115-20261006-164714.csv,2026-10-06 16:40:57.831,6.69555
2026-10-06 16:47:39.773,7.9746e-11,Torr,13.small_stm_port,spray,13.small_stm_port/MassSpecData-02115-20261006-164714.csv,2026-10-06 16:40:57.831,6.699033333333333
2026-10-06 16:47:39.981,8.7755e-11,Torr,13.small_stm_port,spray,13.small_stm_port/MassSpecData-02115-20261006-164714.csv,2026-10-06 16:40:57.831,6.7025
2026-10-06 16:47:40.189,8.2381e-11,Torr,13.small_stm_port,spray,13.small_stm_port/MassSpecData-02115-20261006-164714.csv,2026-10-06 16:40:57.831,6.705966666666667
2026-10-06 16:47:40.398,7.3121e-11,Torr,13.small_stm_port,spray,13.small_stm_port/MassSpecData-02115-20261006-164714.csv,2026-10-06 16:40:57.831,6.70945
2026-10-06 16:47:40.606,8.0493e-11,Torr,13.small_stm_port,spray,13.small_stm_port/MassSpecData-02115-20261006-164714.csv,2026-10-06 16:40:57.831,6.712916666666667
2026-10-06 16:47:40.814,7.654e-11,Torr,13.small_stm_port,spray,13.small_stm_port/MassSpecData-02115-20261006-164714.csv,2026-10-06 16:40:57.831,6.716383333333334
2026-10-06 16:47:41.023,8.2795e-11,Torr,13.small_stm_port,spray,13.small_stm_port/MassSpecData-02115-20261006-164714.csv,2026-10-06 16:40:57.831,6.719866666666666
2026-10-06 16:47:41.231,7.8643e-11,Torr,13.small_stm_port,spray,13.small_stm_port/MassSpecData-02115-20261006-164714.csv,2026-10-06 16:40:57.831,6.723333333333333
2026-10-06 16:47:41.439,7.4556e-11,Torr,13.small_stm_port,spray,13.small_stm_port/MassSpecData-02115-20261006-164714.csv,2026-10-06 16:40:57.831,6.7268
2026-10-06 16:47:41.648,8.4544e-11,Torr,13.small_stm_port,spray,13.small_stm_port/MassSpecData-02115-20261006-164714.csv,2026-10-06 16:40:57.831,6.730283333333333
2026-10-06 16:47:41.856,7.9602e-11,Torr,13.small_stm_port,spray,13.small_stm_port/MassSpecData-02115-20261006-164714.csv,2026-10-06 16:40:57.831,6.73375
2026-10-06 16:47:42.064,8.9754e-11,Torr,13.small_stm_port,spray,13.small_stm_port/MassSpecData-02115-20261006-164714.csv,2026-10-06 16:40:57.831,6.737216666666667
2026-10-06 16:47:42.273,7.2023e-11,Torr,13.small_stm_port,spray,13.small_stm_port/MassSpecData-02115-20261006-164714.csv,2026-10-06 16:40:57.831,6.7407
2026-10-06 16:47:42.481,8.3283e-11,Torr,13.small_stm_port,spray,13.small_stm_port/MassSpecData-02115-20261006-164714.csv,2026-10-06 16:40:57.831,6.744166666666667
2026-10-06 16:47:42.689,8.1991e-11,Torr,13.small_stm_port,spray,13.small_stm_port/MassSpecData-02115-20261006-164714.csv,2026-10-06 16:40:57.831,6.747633333333334
2026-10-06 16:47:42.898,8.2016e-11,Torr,13.small_stm_port,spray,13.small_stm_port/MassSpecData-02115-20261006-164714.csv,2026-10-06 16:40:57.831,6.751116666666666
2026-10-06 16:47:43.106,7.8261e-11,Torr,13.small_stm_port,spray,13.small_stm_port/MassSpecData-02115-20261006-164714.csv,2026-10-06 16:40:57.831,6.754583333333333
2026-10-06 16:47:43.314,9.0498e-11,Torr,13.small_stm_port,spray,13.small_stm_port/MassSpecData-02115-20261006-164714.csv,2026-10-06 16:40:57.831,6.75805
2026-10-06 16:47:43.523,8.5729e-11,Torr,13.small_stm_port,spray,13.small_stm_port/MassSpecData-02115-20261006-164714.csv,2026-10-06 16:40:57.831,6.761533333333333
2026-10-06 16:47:43.731,7.6512e-11,Torr,13.small_stm_port,spray,13.small_stm_port/MassSpecData-02115-20261006-164714.csv,2026-10-06 16:40:57.831,6.765
2026-10-06 16:47:43.939,8.9977e-11,Torr,13.small_stm_port,spray,13.small_stm_port/MassSpecData-02115-20261006-164714.csv,2026-10-06 16:40:57.831,6.768466666666667
2026-10-06 16:47:44.148,7.8141e-11,Torr,13.small_stm_port,spray,13.small_stm_port/MassSpecData-02115-20261006-164714.csv,2026-10-06 16:40:57.831,6.77195
2026-10-06 16:47:44.356,8.1599e-11,Torr,13.small_stm_port,spray,13.small_stm_port/MassSpecData-02115-20261006-164714.csv,2026-10-06 16:40:57.831,6.775416666666667
2026-10-06 16:47:44.564,7.706e-11,Torr,13.small_stm_port,spray,13.small_stm_port/MassSpecData-02115-20261006-164714.csv,2026-10-06 16:40:57.831,6.778883333333334
2026-10-06 16:47:44.773,7.3024e-11,Torr,13.small_stm_port,spray,13.small_stm_port/MassSpecData-02115-20261006-164714.csv,2026-10-06 16:40:57.831,6.782366666666666
2026-10-06 16:47:44.981,8.4042e-11,Torr,13.small_stm_port,spray,13.small_stm_port/MassSpecData-02115-20261006-164714.csv,2026-10-06 16:40:57.831,6.785833333333333
2026-10-06 16:47:45.189,8.0101e-11,Torr,13.small_stm_port,spray,13.small_stm_port/MassSpecData-02115-20261006-164714.csv,2026-10-06 16:40:57.831,6.7893
2026-10-06 16:47:45.398,8.6563e-11,Torr,13.small_stm_port,spray,13.small_stm_port/MassSpecData-02115-20261006-164714.csv,2026-10-06 16:40:57.831,6.792783333333333
2026-10-06 16:47:45.606,7.1316e-11,Torr,13.small_stm_port,spray,13.small_stm_port/MassSpecData-02115-20261006-164714.csv,2026-10-06 16:40:57.831,6.79625
2026-10-06 16:47:45.814,8.2648e-11,Torr,13.small_stm_port,spray,13.small_stm_port/MassSpecData-02115-20261006-164714.csv,2026-10-06 16:40:57.831,6.799716666666667
2026-10-06 16:47:46.023,8.5292e-11,Torr,13.small_stm_port,spray,13.small_stm_port/MassSpecData-02115-20261006-164714.csv,2026-10-06 16:40:57.831,6.8032
2026-10-06 16:47:46.231,7.7067e-11,Torr,13.small_stm_port,spray,13.small_stm_port/MassSpecData-02115-20261006-164714.csv,2026-10-06 16:40:57.831,6.806666666666667
2026-10-06 16:47:46.439,7.307e-11,Torr,13.small_stm_port,spray,13.small_stm_port/MassSpecData-02115-20261006-164714.csv,2026-10-06 16:40:57.831,6.810133333333334
2026-10-06 16:47:46.648,6.914e-11,Torr,13.small_stm_port,spray,13.small_stm_port/MassSpecData-02115-20261006-164714.csv,2026-10-06 16:40:57.831,6.813616666666666
2026-10-06 16:47:46.856,7.4575e-11,Torr,13.small_stm_port,spray,13.small_stm_port/MassSpecData-02115-20261006-164714.csv,2026-10-06 16:40:57.831,6.817083333333333
2026-10-06 16:47:47.064,6.9591e-11,Torr,13.small_stm_port,spray,13.small_stm_port/MassSpecData-02115-20261006-164714.csv,2026-10-06 16:40:57.831,6.82055
2026-10-06 16:47:47.273,8.1353e-11,Torr,13.small_stm_port,spray,13.small_stm_port/MassSpecData-02115-20261006-164714.csv,2026-10-06 16:40:57.831,6.824033333333333
2026-10-06 16:47:47.481,7.7434e-11,Torr,13.small_stm_port,spray,13.small_stm_port/MassSpecData-02115-20261006-164714.csv,2026-10-06 16:40:57.831,6.8275
2026-10-06 16:47:47.689,7.3709e-11,Torr,13.small_stm_port,spray,13.small_stm_port/MassSpecData-02115-20261006-164714.csv,2026-10-06 16:40:57.831,6.830966666666667
2026-10-06 16:47:47.898,7.295e-11,Torr,13.small_stm_port,spray,13.small_stm_port/MassSpecData-02115-20261006-164714.csv,2026-10-06 16:40:57.831,6.83445
2026-10-06 16:47:48.106,8.051e-11,Torr,13.small_stm_port,spray,13.small_stm_port/MassSpecData-02115-20261006-164714.csv,2026-10-06 16:40:57.831,6.837916666666667
2026-10-06 16:47:48.314,7.6082e-11,Torr,13.small_stm_port,spray,13.small_stm_port/MassSpecData-02115-20261006-164714.csv,2026-10-06 16:40:57.831,6.841383333333334
2026-10-06 16:47:48.523,8.5778e-11,Torr,13.small_stm_port,spray,13.small_stm_port/MassSpecData-02115-20261006-164714.csv,2026-10-06 16:40:57.831,6.844866666666666
2026-10-06 16:47:48.731,7.0948e-11,Torr,13.small_stm_port,spray,13.small_stm_port/MassSpecData-02115-20261006-164714.csv,2026-10-06 16:40:57.831,6.848333333333333
2026-10-06 16:47:48.939,9.3997e-11,Torr,13.small_stm_port,spray,13.small_stm_port/MassSpecData-02115-20261006-164714.csv,2026-10-06 16:40:57.831,6.8518
2026-10-06 16:47:49.148,8.2016e-11,Torr,13.small_stm_port,spray,13.small_stm_port/MassSpecData-02115-20261006-164714.csv,2026-10-06 16:40:57.831,6.855283333333333
2026-10-06 16:47:49.356,7.6016e-11,Torr,13.small_stm_port,spray,13.small_stm_port/MassSpecData-02115-20261006-164714.csv,2026-10-06 16:40:57.831,6.85875
2026-10-06 16:47:49.564,7.9318e-11,Torr,13.small_stm_port,spray,13.small_stm_port/MassSpecData-02115-20261006-164714.csv,2026-10-06 16:40:57.831,6.862216666666667
2026-10-06 16:47:49.773,8.8894e-11,Torr,13.small_stm_port,spray,13.small_stm_port/MassSpecData-02115-20261006-164714.csv,2026-10-06 16:40:57.831,6.8657
2026-10-06 16:47:49.981,7.1997e-11,Torr,13.small_stm_port,spray,13.small_stm_port/MassSpecData-02115-20261006-164714.csv,2026-10-06 16:40:57.831,6.869166666666667
2026-10-06 16:47:50.189,8.9919e-11,Torr,13.small_stm_port,spray,13.small_stm_port/MassSpecData-02115-20261006-164714.csv,2026-10-06 16:40:57.831,6.872633333333334
2026-10-06 16:47:50.398,8.2579e-11,Torr,13.small_stm_port,spray,13.small_stm_port/MassSpecData-02115-20261006-164714.csv,2026-10-06 16:40:57.831,6.876116666666666
2026-10-06 16:47:50.606,9.0869e-11,Torr,13.small_stm_port,spray,13.small_stm_port/MassSpecData-02115-20261006-164714.csv,2026-10-06 16:40:57.831,6.879583333333333
2026-10-06 16:47:50.814,9.2938e-11,Torr,13.small_stm_port,spray,13.small_stm_port/MassSpecData-02115-20261006-164714.csv,2026-10-06 16:40:57.831,6.88305
2026-10-06 16:47:51.023,8.0871e-11,Torr,13.small_stm_port,spray,13.small_stm_port/MassSpecData-02115-20261006-164714.csv,2026-10-06 16:40:57.831,6.886533333333333
2026-10-06 16:47:51.231,7.9891e-11,Torr,13.small_stm_port,spray,13.small_stm_port/MassSpecData-02115-20261006-164714.csv,2026-10-06 16:40:57.831,6.89
2026-10-06 16:47:51.439,8.7334e-11,Torr,13.small_stm_port,spray,13.small_stm_port/MassSpecData-02115-20261006-164714.csv,2026-10-06 16:40:57.831,6.893466666666667
2026-10-06 16:47:51.648,8.7597e-11,Torr,13.small_stm_port,spray,13.small_stm_port/MassSpecData-02115-20261006-164714.csv,2026-10-06 16:40:57.831,6.89695
2026-10-06 16:47:51.856,8.0837e-11,Torr,13.small_stm_port,spray,13.small_stm_port/MassSpecData-02115-20261006-164714.csv,2026-10-06 16:40:57.831,6.900416666666667
2026-10-06 16:47:52.065,1.0029e-10,Torr,13.small_stm_port,spray,13.small_stm_port/MassSpecData-02115-20261006-164714.csv,2026-10-06 16:40:57.831,6.903899999999999
2026-10-06 16:47:52.273,7.1237e-11,Torr,13.small_stm_port,spray,13.small_stm_port/MassSpecData-02115-20261006-164714.csv,2026-10-06 16:40:57.831,6.907366666666666
2026-10-06 16:47:52.481,9.0139e-11,Torr,13.small_stm_port,spray,13.small_stm_port/MassSpecData-02115-20261006-164714.csv,2026-10-06 16:40:57.831,6.910833333333333
2026-10-06 16:47:52.690,7.8253e-11,Torr,13.small_stm_port,spray,13.small_stm_port/MassSpecData-02115-20261006-164714.csv,2026-10-06 16:40:57.831,6.914316666666666
2026-10-06 16:47:52.898,8.8147e-11,Torr,13.small_stm_port,spray,13.small_stm_port/MassSpecData-02115-20261006-164714.csv,2026-10-06 16:40:57.831,6.917783333333333
2026-10-06 16:47:53.106,7.2951e-11,Torr,13.small_stm_port,spray,13.small_stm_port/MassSpecData-02115-20261006-164714.csv,2026-10-06 16:40:57.831,6.92125
2026-10-06 16:47:53.315,9.6882e-11,Torr,13.small_stm_port,spray,13.small_stm_port/MassSpecData-02115-20261006-164714.csv,2026-10-06 16:40:57.831,6.924733333333333
2026-10-06 16:47:53.523,8.5043e-11,Torr,13.small_stm_port,spray,13.small_stm_port/MassSpecData-02115-20261006-164714.csv,2026-10-06 16:40:57.831,6.9282
2026-10-06 16:47:53.731,8.5081e-11,Torr,13.small_stm_port,spray,13.small_stm_port/MassSpecData-02115-20261006-164714.csv,2026-10-06 16:40:57.831,6.931666666666667
2026-10-06 16:47:53.940,7.2705e-11,Torr,13.small_stm_port,spray,13.small_stm_port/MassSpecData-02115-20261006-164714.csv,2026-10-06 16:40:57.831,6.935149999999999
2026-10-06 16:47:54.148,8.5324e-11,Torr,13.small_stm_port,spray,13.small_stm_port/MassSpecData-02115-20261006-164714.csv,2026-10-06 16:40:57.831,6.938616666666666
2026-10-06 16:47:54.356,7.9646e-11,Torr,13.small_stm_port,spray,13.small_stm_port/MassSpecData-02115-20261006-164714.csv,2026-10-06 16:40:57.831,6.942083333333333
2026-10-06 16:47:54.565,8.2595e-11,Torr,13.small_stm_port,spray,13.small_stm_port/MassSpecData-02115-20261006-164714.csv,2026-10-06 16:40:57.831,6.945566666666666
2026-10-06 16:47:54.773,6.9023e-11,Torr,13.small_stm_port,spray,13.small_stm_port/MassSpecData-02115-20261006-164714.csv,2026-10-06 16:40:57.831,6.949033333333333
2026-10-06 16:47:54.981,7.9026e-11,Torr,13.small_stm_port,spray,13.small_stm_port/MassSpecData-02115-20261006-164714.csv,2026-10-06 16:40:57.831,6.9525
2026-10-06 16:47:55.190,7.911e-11,Torr,13.small_stm_port,spray,13.small_stm_port/MassSpecData-02115-20261006-164714.csv,2026-10-06 16:40:57.831,6.955983333333333
2026-10-06 16:47:55.398,9.4511e-11,Torr,13.small_stm_port,spray,13.small_stm_port/MassSpecData-02115-20261006-164714.csv,2026-10-06 16:40:57.831,6.95945
2026-10-06 16:47:55.606,7.9419e-11,Torr,13.small_stm_port,spray,13.small_stm_port/MassSpecData-02115-20261006-164714.csv,2026-10-06 16:40:57.831,6.962916666666667
2026-10-06 16:47:55.876,7.5205e-11,Torr,13.small_stm_port,spray,13.small_stm_port/MassSpecData-02115-20261006-164755.csv,2026-10-06 16:40:57.831,6.967416666666667
2026-10-06 16:47:56.084,8.0856e-11,Torr,13.small_stm_port,spray,13.small_stm_port/MassSpecData-02115-20261006-164755.csv,2026-10-06 16:40:57.831,6.970883333333333
2026-10-06 16:47:56.293,9.8285e-11,Torr,13.small_stm_port,spray,13.small_stm_port/MassSpecData-02115-20261006-164755.csv,2026-10-06 16:40:57.831,6.974366666666667
2026-10-06 16:47:56.501,9.293e-11,Torr,13.small_stm_port,spray,13.small_stm_port/MassSpecData-02115-20261006-164755.csv,2026-10-06 16:40:57.831,6.977833333333334
2026-10-06 16:47:56.709,7.3646e-11,Torr,13.small_stm_port,spray,13.small_stm_port/MassSpecData-02115-20261006-164755.csv,2026-10-06 16:40:57.831,6.9813
2026-10-06 16:47:56.918,8.2887e-11,Torr,13.small_stm_port,spray,13.small_stm_port/MassSpecData-02115-20261006-164755.csv,2026-10-06 16:40:57.831,6.984783333333334
2026-10-06 16:47:57.126,7.0245e-11,Torr,13.small_stm_port,spray,13.small_stm_port/MassSpecData-02115-20261006-164755.csv,2026-10-06 16:40:57.831,6.98825
2026-10-06 16:47:57.334,8.8907e-11,Torr,13.small_stm_port,spray,13.small_stm_port/MassSpecData-02115-20261006-164755.csv,2026-10-06 16:40:57.831,6.991716666666666
2026-10-06 16:47:57.542,8.3851e-11,Torr,13.small_stm_port,spray,13.small_stm_port/MassSpecData-02115-20261006-164755.csv,2026-10-06 16:40:57.831,6.995183333333333
2026-10-06 16:47:57.751,7.8146e-11,Torr,13.small_stm_port,spray,13.small_stm_port/MassSpecData-02115-20261006-164755.csv,2026-10-06 16:40:57.831,6.998666666666667
2026-10-06 16:47:57.959,8.4689e-11,Torr,13.small_stm_port,spray,13.small_stm_port/MassSpecData-02115-20261006-164755.csv,2026-10-06 16:40:57.831,7.002133333333333
2026-10-06 16:47:58.168,8.123e-11,Torr,13.small_stm_port,spray,13.small_stm_port/MassSpecData-02115-20261006-164755.csv,2026-10-06 16:40:57.831,7.005616666666667
2026-10-06 16:47:58.376,7.9979e-11,Torr,13.small_stm_port,spray,13.small_stm_port/MassSpecData-02115-20261006-164755.csv,2026-10-06 16:40:57.831,7.009083333333334
2026-10-06 16:47:58.584,8.4344e-11,Torr,13.small_stm_port,spray,13.small_stm_port/MassSpecData-02115-20261006-164755.csv,2026-10-06 16:40:57.831,7.01255
2026-10-06 16:47:58.793,7.3673e-11,Torr,13.small_stm_port,spray,13.small_stm_port/MassSpecData-02115-20261006-164755.csv,2026-10-06 16:40:57.831,7.016033333333334
2026-10-06 16:47:59.001,8.551e-11,Torr,13.small_stm_port,spray,13.small_stm_port/MassSpecData-02115-20261006-164755.csv,2026-10-06 16:40:57.831,7.0195
2026-10-06 16:47:59.209,8.3532e-11,Torr,13.small_stm_port,spray,13.small_stm_port/MassSpecData-02115-20261006-164755.csv,2026-10-06 16:40:57.831,7.022966666666666
2026-10-06 16:47:59.418,7.9282e-11,Torr,13.small_stm_port,spray,13.small_stm_port/MassSpecData-02115-20261006-164755.csv,2026-10-06 16:40:57.831,7.02645
2026-10-06 16:47:59.626,7.5131e-11,Torr,13.small_stm_port,spray,13.small_stm_port/MassSpecData-02115-20261006-164755.csv,2026-10-06 16:40:57.831,7.029916666666667
2026-10-06 16:47:59.834,7.8915e-11,Torr,13.small_stm_port,spray,13.small_stm_port/MassSpecData-02115-20261006-164755.csv,2026-10-06 16:40:57.831,7.033383333333333
2026-10-06 16:48:00.043,8.6551e-11,Torr,13.small_stm_port,spray,13.small_stm_port/MassSpecData-02115-20261006-164755.csv,2026-10-06 16:40:57.831,7.036866666666667
2026-10-06 16:48:00.251,8.289e-11,Torr,13.small_stm_port,spray,13.small_stm_port/MassSpecData-02115-20261006-164755.csv,2026-10-06 16:40:57.831,7.040333333333334
2026-10-06 16:48:00.459,9.2807e-11,Torr,13.small_stm_port,spray,13.small_stm_port/MassSpecData-02115-20261006-164755.csv,2026-10-06 16:40:57.831,7.0438
2026-10-06 16:48:00.668,9.2089e-11,Torr,13.small_stm_port,spray,13.small_stm_port/MassSpecData-02115-20261006-164755.csv,2026-10-06 16:40:57.831,7.047283333333334
2026-10-06 16:48:00.876,7.5193e-11,Torr,13.small_stm_port,spray,13.small_stm_port/MassSpecData-02115-20261006-164755.csv,2026-10-06 16:40:57.831,7.05075
2026-10-06 16:48:01.084,9.3231e-11,Torr,13.small_stm_port,spray,13.small_stm_port/MassSpecData-02115-20261006-164755.csv,2026-10-06 16:40:57.831,7.054216666666666
2026-10-06 16:48:01.292,7.4195e-11,Torr,13.small_stm_port,spray,13.small_stm_port/MassSpecData-02115-20261006-164755.csv,2026-10-06 16:40:57.831,7.057683333333333
2026-10-06 16:48:01.501,7.7913e-11,Torr,13.small_stm_port,spray,13.small_stm_port/MassSpecData-02115-20261006-164755.csv,2026-10-06 16:40:57.831,7.061166666666667
2026-10-06 16:48:01.709,8.7408e-11,Torr,13.small_stm_port,spray,13.small_stm_port/MassSpecData-02115-20261006-164755.csv,2026-10-06 16:40:57.831,7.064633333333333
2026-10-06 16:48:01.917,9.1588e-11,Torr,13.small_stm_port,spray,13.small_stm_port/MassSpecData-02115-20261006-164755.csv,2026-10-06 16:40:57.831,7.0681
2026-10-06 16:48:02.126,9.8422e-11,Torr,13.small_stm_port,spray,13.small_stm_port/MassSpecData-02115-20261006-164755.csv,2026-10-06 16:40:57.831,7.071583333333334
2026-10-06 16:48:02.334,8.2545e-11,Torr,13.small_stm_port,spray,13.small_stm_port/MassSpecData-02115-20261006-164755.csv,2026-10-06 16:40:57.831,7.07505
2026-10-06 16:48:02.542,7.7383e-11,Torr,13.small_stm_port,spray,13.small_stm_port/MassSpecData-02115-20261006-164755.csv,2026-10-06 16:40:57.831,7.078516666666667
2026-10-06 16:48:02.751,9.1162e-11,Torr,13.small_stm_port,spray,13.small_stm_port/MassSpecData-02115-20261006-164755.csv,2026-10-06 16:40:57.831,7.082
2026-10-06 16:48:02.959,8.7554e-11,Torr,13.small_stm_port,spray,13.small_stm_port/MassSpecData-02115-20261006-164755.csv,2026-10-06 16:40:57.831,7.085466666666666
2026-10-06 16:48:03.167,8.7755e-11,Torr,13.small_stm_port,spray,13.small_stm_port/MassSpecData-02115-20261006-164755.csv,2026-10-06 16:40:57.831,7.088933333333333
2026-10-06 16:48:03.376,8.6423e-11,Torr,13.small_stm_port,spray,13.small_stm_port/MassSpecData-02115-20261006-164755.csv,2026-10-06 16:40:57.831,7.092416666666667
2026-10-06 16:48:03.584,8.6148e-11,Torr,13.small_stm_port,spray,13.small_stm_port/MassSpecData-02115-20261006-164755.csv,2026-10-06 16:40:57.831,7.095883333333333
2026-10-06 16:48:03.792,8.5652e-11,Torr,13.small_stm_port,spray,13.small_stm_port/MassSpecData-02115-20261006-164755.csv,2026-10-06 16:40:57.831,7.09935
2026-10-06 16:48:04.001,7.8819e-11,Torr,13.small_stm_port,spray,13.small_stm_port/MassSpecData-02115-20261006-164755.csv,2026-10-06 16:40:57.831,7.102833333333334
2026-10-06 16:48:04.209,9.621e-11,Torr,13.small_stm_port,spray,13.small_stm_port/MassSpecData-02115-20261006-164755.csv,2026-10-06 16:40:57.831,7.1063
2026-10-06 16:48:04.417,9.0561e-11,Torr,13.small_stm_port,spray,13.small_stm_port/MassSpecData-02115-20261006-164755.csv,2026-10-06 16:40:57.831,7.109766666666667
2026-10-06 16:48:04.626,7.1284e-11,Torr,13.small_stm_port,spray,13.small_stm_port/MassSpecData-02115-20261006-164755.csv,2026-10-06 16:40:57.831,7.11325
2026-10-06 16:48:04.834,7.7981e-11,Torr,13.small_stm_port,spray,13.small_stm_port/MassSpecData-02115-20261006-164755.csv,2026-10-06 16:40:57.831,7.116716666666666
2026-10-06 16:48:05.043,7.8943e-11,Torr,13.small_stm_port,spray,13.small_stm_port/MassSpecData-02115-20261006-164755.csv,2026-10-06 16:40:57.831,7.1202
2026-10-06 16:48:05.251,7.9829e-11,Torr,13.small_stm_port,spray,13.small_stm_port/MassSpecData-02115-20261006-164755.csv,2026-10-06 16:40:57.831,7.123666666666667
2026-10-06 16:48:05.459,9.3351e-11,Torr,13.small_stm_port,spray,13.small_stm_port/MassSpecData-02115-20261006-164755.csv,2026-10-06 16:40:57.831,7.127133333333333
2026-10-06 16:48:05.668,8.186e-11,Torr,13.small_stm_port,spray,13.small_stm_port/MassSpecData-02115-20261006-164755.csv,2026-10-06 16:40:57.831,7.130616666666667
2026-10-06 16:48:05.876,8.5803e-11,Torr,13.small_stm_port,spray,13.small_stm_port/MassSpecData-02115-20261006-164755.csv,2026-10-06 16:40:57.831,7.134083333333334
2026-10-06 16:48:06.084,7.5967e-11,Torr,13.small_stm_port,spray,13.small_stm_port/MassSpecData-02115-20261006-164755.csv,2026-10-06 16:40:57.831,7.13755
2026-10-06 16:48:06.293,9.4762e-11,Torr,13.small_stm_port,spray,13.small_stm_port/MassSpecData-02115-20261006-164755.csv,2026-10-06 16:40:57.831,7.141033333333334
2026-10-06 16:48:06.501,9.099e-11,Torr,13.small_stm_port,spray,13.small_stm_port/MassSpecData-02115-20261006-164755.csv,2026-10-06 16:40:57.831,7.1445
2026-10-06 16:48:06.709,8.0663e-11,Torr,13.small_stm_port,spray,13.small_stm_port/MassSpecData-02115-20261006-164755.csv,2026-10-06 16:40:57.831,7.147966666666666
2026-10-06 16:48:06.918,8.521e-11,Torr,13.small_stm_port,spray,13.small_stm_port/MassSpecData-02115-20261006-164755.csv,2026-10-06 16:40:57.831,7.15145
2026-10-06 16:48:07.126,9.083e-11,Torr,13.small_stm_port,spray,13.small_stm_port/MassSpecData-02115-20261006-164755.csv,2026-10-06 16:40:57.831,7.154916666666667
2026-10-06 16:48:07.334,8.2896e-11,Torr,13.small_stm_port,spray,13.small_stm_port/MassSpecData-02115-20261006-164755.csv,2026-10-06 16:40:57.831,7.158383333333333
2026-10-06 16:48:07.543,9.2702e-11,Torr,13.small_stm_port,spray,13.small_stm_port/MassSpecData-02115-20261006-164755.csv,2026-10-06 16:40:57.831,7.161866666666667
2026-10-06 16:48:07.751,8.7961e-11,Torr,13.small_stm_port,spray,13.small_stm_port/MassSpecData-02115-20261006-164755.csv,2026-10-06 16:40:57.831,7.165333333333334
2026-10-06 16:48:07.959,9.6091e-11,Torr,13.small_stm_port,spray,13.small_stm_port/MassSpecData-02115-20261006-164755.csv,2026-10-06 16:40:57.831,7.1688
2026-10-06 16:48:08.168,6.7131e-11,Torr,13.small_stm_port,spray,13.small_stm_port/MassSpecData-02115-20261006-164755.csv,2026-10-06 16:40:57.831,7.172283333333334
2026-10-06 16:48:08.376,7.9366e-11,Torr,13.small_stm_port,spray,13.small_stm_port/MassSpecData-02115-20261006-164755.csv,2026-10-06 16:40:57.831,7.17575
2026-10-06 16:48:08.584,8.7051e-11,Torr,13.small_stm_port,spray,13.small_stm_port/MassSpecData-02115-20261006-164755.csv,2026-10-06 16:40:57.831,7.179216666666666
2026-10-06 16:48:08.793,9.3182e-11,Torr,13.small_stm_port,spray,13.small_stm_port/MassSpecData-02115-20261006-164755.csv,2026-10-06 16:40:57.831,7.1827
2026-10-06 16:48:09.001,9.1241e-11,Torr,13.small_stm_port,spray,13.small_stm_port/MassSpecData-02115-20261006-164755.csv,2026-10-06 16:40:57.831,7.186166666666667
2026-10-06 16:48:09.209,8.3186e-11,Torr,13.small_stm_port,spray,13.small_stm_port/MassSpecData-02115-20261006-164755.csv,2026-10-06 16:40:57.831,7.189633333333333
2026-10-06 16:48:09.418,7.9746e-11,Torr,13.small_stm_port,spray,13.small_stm_port/MassSpecData-02115-20261006-164755.csv,2026-10-06 16:40:57.831,7.193116666666667
2026-10-06 16:48:09.626,6.761e-11,Torr,13.small_stm_port,spray,13.small_stm_port/MassSpecData-02115-20261006-164755.csv,2026-10-06 16:40:57.831,7.196583333333334
2026-10-06 16:48:09.834,8.4989e-11,Torr,13.small_stm_port,spray,13.small_stm_port/MassSpecData-02115-20261006-164755.csv,2026-10-06 16:40:57.831,7.20005
2026-10-06 16:48:10.043,6.9614e-11,Torr,13.small_stm_port,spray,13.small_stm_port/MassSpecData-02115-20261006-164755.csv,2026-10-06 16:40:57.831,7.203533333333334
2026-10-06 16:48:10.251,9.3843e-11,Torr,13.small_stm_port,spray,13.small_stm_port/MassSpecData-02115-20261006-164755.csv,2026-10-06 16:40:57.831,7.207
2026-10-06 16:48:10.459,8.4881e-11,Torr,13.small_stm_port,spray,13.small_stm_port/MassSpecData-02115-20261006-164755.csv,2026-10-06 16:40:57.831,7.210466666666666
2026-10-06 16:48:10.668,8.6653e-11,Torr,13.small_stm_port,spray,13.small_stm_port/MassSpecData-02115-20261006-164755.csv,2026-10-06 16:40:57.831,7.21395
2026-10-06 16:48:10.876,8.4412e-11,Torr,13.small_stm_port,spray,13.small_stm_port/MassSpecData-02115-20261006-164755.csv,2026-10-06 16:40:57.831,7.217416666666667
2026-10-06 16:48:11.084,7.9052e-11,Torr,13.small_stm_port,spray,13.small_stm_port/MassSpecData-02115-20261006-164755.csv,2026-10-06 16:40:57.831,7.220883333333333
2026-10-06 16:48:11.293,9.6206e-11,Torr,13.small_stm_port,spray,13.small_stm_port/MassSpecData-02115-20261006-164755.csv,2026-10-06 16:40:57.831,7.224366666666667
2026-10-06 16:48:11.501,7.4893e-11,Torr,13.small_stm_port,spray,13.small_stm_port/MassSpecData-02115-20261006-164755.csv,2026-10-06 16:40:57.831,7.227833333333334
2026-10-06 16:48:11.709,8.4912e-11,Torr,13.small_stm_port,spray,13.small_stm_port/MassSpecData-02115-20261006-164755.csv,2026-10-06 16:40:57.831,7.2313
2026-10-06 16:48:11.918,9.6563e-11,Torr,13.small_stm_port,spray,13.small_stm_port/MassSpecData-02115-20261006-164755.csv,2026-10-06 16:40:57.831,7.234783333333334
2026-10-06 16:48:12.126,7.3829e-11,Torr,13.small_stm_port,spray,13.small_stm_port/MassSpecData-02115-20261006-164755.csv,2026-10-06 16:40:57.831,7.23825
2026-10-06 16:48:12.334,9.228e-11,Torr,13.small_stm_port,spray,13.small_stm_port/MassSpecData-02115-20261006-164755.csv,2026-10-06 16:40:57.831,7.241716666666666
2026-10-06 16:48:12.543,8.8932e-11,Torr,13.small_stm_port,spray,13.small_stm_port/MassSpecData-02115-20261006-164755.csv,2026-10-06 16:40:57.831,7.2452
2026-10-06 16:48:12.751,8.7777e-11,Torr,13.small_stm_port,spray,13.small_stm_port/MassSpecData-02115-20261006-164755.csv,2026-10-06 16:40:57.831,7.248666666666667
2026-10-06 16:48:12.959,9.2639e-11,Torr,13.small_stm_port,spray,13.small_stm_port/MassSpecData-02115-20261006-164755.csv,2026-10-06 16:40:57.831,7.252133333333333
2026-10-06 16:48:13.168,8.3438e-11,Torr,13.small_stm_port,spray,13.small_stm_port/MassSpecData-02115-20261006-164755.csv,2026-10-06 16:40:57.831,7.255616666666667
2026-10-06 16:48:13.376,6.7896e-11,Torr,13.small_stm_port,spray,13.small_stm_port/MassSpecData-02115-20261006-164755.csv,2026-10-06 16:40:57.831,7.259083333333334
2026-10-06 16:48:13.584,7.3441e-11,Torr,13.small_stm_port,spray,13.small_stm_port/MassSpecData-02115-20261006-164755.csv,2026-10-06 16:40:57.831,7.26255
2026-10-06 16:48:13.793,7.4957e-11,Torr,13.small_stm_port,spray,13.small_stm_port/MassSpecData-02115-20261006-164755.csv,2026-10-06 16:40:57.831,7.266033333333334
2026-10-06 16:48:14.001,9.889e-11,Torr,13.small_stm_port,spray,13.small_stm_port/MassSpecData-02115-20261006-164755.csv,2026-10-06 16:40:57.831,7.2695
2026-10-06 16:48:14.209,8.1191e-11,Torr,13.small_stm_port,spray,13.small_stm_port/MassSpecData-02115-20261006-164755.csv,2026-10-06 16:40:57.831,7.272966666666666
2026-10-06 16:48:14.418,7.099e-11,Torr,13.small_stm_port,spray,13.small_stm_port/MassSpecData-02115-20261006-164755.csv,2026-10-06 16:40:57.831,7.27645
2026-10-06 16:48:14.626,8.005e-11,Torr,13.small_stm_port,spray,13.small_stm_port/MassSpecData-02115-20261006-164755.csv,2026-10-06 16:40:57.831,7.279916666666667
2026-10-06 16:48:14.834,6.5683e-11,Torr,13.small_stm_port,spray,13.small_stm_port/MassSpecData-02115-20261006-164755.csv,2026-10-06 16:40:57.831,7.283383333333333
2026-10-06 16:48:15.043,8.2269e-11,Torr,13.small_stm_port,spray,13.small_stm_port/MassSpecData-02115-20261006-164755.csv,2026-10-06 16:40:57.831,7.286866666666667
2026-10-06 16:48:15.251,8.3408e-11,Torr,13.small_stm_port,spray,13.small_stm_port/MassSpecData-02115-20261006-164755.csv,2026-10-06 16:40:57.831,7.290333333333334
2026-10-06 16:48:15.459,7.3974e-11,Torr,13.small_stm_port,spray,13.small_stm_port/MassSpecData-02115-20261006-164755.csv,2026-10-06 16:40:57.831,7.2938
2026-10-06 16:48:15.667,9.5647e-11,Torr,13.small_stm_port,spray,13.small_stm_port/MassSpecData-02115-20261006-164755.csv,2026-10-06 16:40:57.831,7.297266666666667
2026-10-06 16:48:15.876,1.0112e-10,Torr,13.small_stm_port,spray,13.small_stm_port/MassSpecData-02115-20261006-164755.csv,2026-10-06 16:40:57.831,7.30075
2026-10-06 16:48:16.084,8.1037e-11,Torr,13.small_stm_port,spray,13.small_stm_port/MassSpecData-02115-20261006-164755.csv,2026-10-06 16:40:57.831,7.304216666666666
2026-10-06 16:48:16.292,7.4723e-11,Torr,13.small_stm_port,spray,13.small_stm_port/MassSpecData-02115-20261006-164755.csv,2026-10-06 16:40:57.831,7.307683333333333
2026-10-06 16:48:16.501,9.0191e-11,Torr,13.small_stm_port,spray,13.small_stm_port/MassSpecData-02115-20261006-164755.csv,2026-10-06 16:40:57.831,7.311166666666667
2026-10-06 16:48:16.709,8.0023e-11,Torr,13.small_stm_port,spray,13.small_stm_port/MassSpecData-02115-20261006-164755.csv,2026-10-06 16:40:57.831,7.314633333333333
2026-10-06 16:48:16.917,8.8487e-11,Torr,13.small_stm_port,spray,13.small_stm_port/MassSpecData-02115-20261006-164755.csv,2026-10-06 16:40:57.831,7.3181
2026-10-06 16:48:17.126,8.0797e-11,Torr,13.small_stm_port,spray,13.small_stm_port/MassSpecData-02115-20261006-164755.csv,2026-10-06 16:40:57.831,7.321583333333334
2026-10-06 16:48:17.334,8.7457e-11,Torr,13.small_stm_port,spray,13.small_stm_port/MassSpecData-02115-20261006-164755.csv,2026-10-06 16:40:57.831,7.32505
2026-10-06 16:48:17.542,7.6574e-11,Torr,13.small_stm_port,spray,13.small_stm_port/MassSpecData-02115-20261006-164755.csv,2026-10-06 16:40:57.831,7.328516666666667
2026-10-06 16:48:17.751,8.4499e-11,Torr,13.small_stm_port,spray,13.small_stm_port/MassSpecData-02115-20261006-164755.csv,2026-10-06 16:40:57.831,7.332
2026-10-06 16:48:17.959,8.6348e-11,Torr,13.small_stm_port,spray,13.small_stm_port/MassSpecData-02115-20261006-164755.csv,2026-10-06 16:40:57.831,7.335466666666666
2026-10-06 16:48:18.167,6.962e-11,Torr,13.small_stm_port,spray,13.small_stm_port/MassSpecData-02115-20261006-164755.csv,2026-10-06 16:40:57.831,7.338933333333333
2026-10-06 16:48:18.376,8.2728e-11,Torr,13.small_stm_port,spray,13.small_stm_port/MassSpecData-02115-20261006-164755.csv,2026-10-06 16:40:57.831,7.342416666666667
2026-10-06 16:48:18.584,7.4141e-11,Torr,13.small_stm_port,spray,13.small_stm_port/MassSpecData-02115-20261006-164755.csv,2026-10-06 16:40:57.831,7.345883333333333
2026-10-06 16:48:18.792,8.9224e-11,Torr,13.small_stm_port,spray,13.small_stm_port/MassSpecData-02115-20261006-164755.csv,2026-10-06 16:40:57.831,7.34935
2026-10-06 16:48:19.001,7.6933e-11,Torr,13.small_stm_port,spray,13.small_stm_port/MassSpecData-02115-20261006-164755.csv,2026-10-06 16:40:57.831,7.352833333333334
2026-10-06 16:48:19.209,8.4521e-11,Torr,13.small_stm_port,spray,13.small_stm_port/MassSpecData-02115-20261006-164755.csv,2026-10-06 16:40:57.831,7.3563
2026-10-06 16:48:19.417,8.0846e-11,Torr,13.small_stm_port,spray,13.small_stm_port/MassSpecData-02115-20261006-164755.csv,2026-10-06 16:40:57.831,7.359766666666667
2026-10-06 16:48:19.626,8.5208e-11,Torr,13.small_stm_port,spray,13.small_stm_port/MassSpecData-02115-20261006-164755.csv,2026-10-06 16:40:57.831,7.36325
2026-10-06 16:48:19.834,8.7348e-11,Torr,13.small_stm_port,spray,13.small_stm_port/MassSpecData-02115-20261006-164755.csv,2026-10-06 16:40:57.831,7.366716666666666
2026-10-06 16:48:20.042,1.023e-10,Torr,13.small_stm_port,spray,13.small_stm_port/MassSpecData-02115-20261006-164755.csv,2026-10-06 16:40:57.831,7.370183333333333
2026-10-06 16:48:20.251,7.1747e-11,Torr,13.small_stm_port,spray,13.small_stm_port/MassSpecData-02115-20261006-164755.csv,2026-10-06 16:40:57.831,7.373666666666667
2026-10-06 16:48:20.459,9.9565e-11,Torr,13.small_stm_port,spray,13.small_stm_port/MassSpecData-02115-20261006-164755.csv,2026-10-06 16:40:57.831,7.377133333333333
2026-10-06 16:48:20.667,8.8664e-11,Torr,13.small_stm_port,spray,13.small_stm_port/MassSpecData-02115-20261006-164755.csv,2026-10-06 16:40:57.831,7.3806
2026-10-06 16:48:20.876,7.6894e-11,Torr,13.small_stm_port,spray,13.small_stm_port/MassSpecData-02115-20261006-164755.csv,2026-10-06 16:40:57.831,7.384083333333334
2026-10-06 16:48:21.084,7.8855e-11,Torr,13.small_stm_port,spray,13.small_stm_port/MassSpecData-02115-20261006-164755.csv,2026-10-06 16:40:57.831,7.38755
2026-10-06 16:48:21.292,8.276e-11,Torr,13.small_stm_port,spray,13.small_stm_port/MassSpecData-02115-20261006-164755.csv,2026-10-06 16:40:57.831,7.391016666666667
2026-10-06 16:48:21.501,8.2209e-11,Torr,13.small_stm_port,spray,13.small_stm_port/MassSpecData-02115-20261006-164755.csv,2026-10-06 16:40:57.831,7.3945
2026-10-06 16:48:21.709,6.8009e-11,Torr,13.small_stm_port,spray,13.small_stm_port/MassSpecData-02115-20261006-164755.csv,2026-10-06 16:40:57.831,7.397966666666666
2026-10-06 16:48:21.917,8.0032e-11,Torr,13.small_stm_port,spray,13.small_stm_port/MassSpecData-02115-20261006-164755.csv,2026-10-06 16:40:57.831,7.401433333333333
2026-10-06 16:48:22.126,9.5675e-11,Torr,13.small_stm_port,spray,13.small_stm_port/MassSpecData-02115-20261006-164755.csv,2026-10-06 16:40:57.831,7.404916666666667
2026-10-06 16:48:22.334,9.8978e-11,Torr,13.small_stm_port,spray,13.small_stm_port/MassSpecData-02115-20261006-164755.csv,2026-10-06 16:40:57.831,7.408383333333333
2026-10-06 16:48:22.542,7.1978e-11,Torr,13.small_stm_port,spray,13.small_stm_port/MassSpecData-02115-20261006-164755.csv,2026-10-06 16:40:57.831,7.41185
2026-10-06 16:48:22.751,9.532e-11,Torr,13.small_stm_port,spray,13.small_stm_port/MassSpecData-02115-20261006-164755.csv,2026-10-06 16:40:57.831,7.415333333333334
2026-10-06 16:48:22.959,7.0493e-11,Torr,13.small_stm_port,spray,13.small_stm_port/MassSpecData-02115-20261006-164755.csv,2026-10-06 16:40:57.831,7.4188
2026-10-06 16:48:23.167,7.8125e-11,Torr,13.small_stm_port,spray,13.small_stm_port/MassSpecData-02115-20261006-164755.csv,2026-10-06 16:40:57.831,7.422266666666667
2026-10-06 16:48:23.376,7.7444e-11,Torr,13.small_stm_port,spray,13.small_stm_port/MassSpecData-02115-20261006-164755.csv,2026-10-06 16:40:57.831,7.42575
2026-10-06 16:48:23.584,8.2992e-11,Torr,13.small_stm_port,spray,13.small_stm_port/MassSpecData-02115-20261006-164755.csv,2026-10-06 16:40:57.831,7.429216666666666
2026-10-06 16:48:23.792,8.4774e-11,Torr,13.small_stm_port,spray,13.small_stm_port/MassSpecData-02115-20261006-164755.csv,2026-10-06 16:40:57.831,7.432683333333333
2026-10-06 16:48:24.001,7.6764e-11,Torr,13.small_stm_port,spray,13.small_stm_port/MassSpecData-02115-20261006-164755.csv,2026-10-06 16:40:57.831,7.436166666666667
2026-10-06 16:48:24.209,8.4658e-11,Torr,13.small_stm_port,spray,13.small_stm_port/MassSpecData-02115-20261006-164755.csv,2026-10-06 16:40:57.831,7.439633333333333
2026-10-06 16:48:24.417,9.2153e-11,Torr,13.small_stm_port,spray,13.small_stm_port/MassSpecData-02115-20261006-164755.csv,2026-10-06 16:40:57.831,7.4431
2026-10-06 16:48:24.626,8.6229e-11,Torr,13.small_stm_port,spray,13.small_stm_port/MassSpecData-02115-20261006-164755.csv,2026-10-06 16:40:57.831,7.446583333333334
2026-10-06 16:48:24.834,8.4157e-11,Torr,13.small_stm_port,spray,13.small_stm_port/MassSpecData-02115-20261006-164755.csv,2026-10-06 16:40:57.831,7.45005
2026-10-06 16:48:25.042,9.2768e-11,Torr,13.small_stm_port,spray,13.small_stm_port/MassSpecData-02115-20261006-164755.csv,2026-10-06 16:40:57.831,7.453516666666667
2026-10-06 16:48:25.251,7.1989e-11,Torr,13.small_stm_port,spray,13.small_stm_port/MassSpecData-02115-20261006-164755.csv,2026-10-06 16:40:57.831,7.457
2026-10-06 16:48:25.459,7.5888e-11,Torr,13.small_stm_port,spray,13.small_stm_port/MassSpecData-02115-20261006-164755.csv,2026-10-06 16:40:57.831,7.460466666666666
2026-10-06 16:48:25.667,8.2423e-11,Torr,13.small_stm_port,spray,13.small_stm_port/MassSpecData-02115-20261006-164755.csv,2026-10-06 16:40:57.831,7.463933333333333
2026-10-06 16:48:25.876,8.4127e-11,Torr,13.small_stm_port,spray,13.small_stm_port/MassSpecData-02115-20261006-164755.csv,2026-10-06 16:40:57.831,7.467416666666667
2026-10-06 16:48:26.084,8.6141e-11,Torr,13.small_stm_port,spray,13.small_stm_port/MassSpecData-02115-20261006-164755.csv,2026-10-06 16:40:57.831,7.470883333333333
2026-10-06 16:48:26.292,8.7041e-11,Torr,13.small_stm_port,spray,13.small_stm_port/MassSpecData-02115-20261006-164755.csv,2026-10-06 16:40:57.831,7.47435
2026-10-06 16:48:26.501,7.0701e-11,Torr,13.small_stm_port,spray,13.small_stm_port/MassSpecData-02115-20261006-164755.csv,2026-10-06 16:40:57.831,7.477833333333334
2026-10-06 16:48:26.709,7.1198e-11,Torr,13.small_stm_port,spray,13.small_stm_port/MassSpecData-02115-20261006-164755.csv,2026-10-06 16:40:57.831,7.4813
2026-10-06 16:48:26.917,9.483e-11,Torr,13.small_stm_port,spray,13.small_stm_port/MassSpecData-02115-20261006-164755.csv,2026-10-06 16:40:57.831,7.484766666666667
2026-10-06 16:48:27.126,7.8529e-11,Torr,13.small_stm_port,spray,13.small_stm_port/MassSpecData-02115-20261006-164755.csv,2026-10-06 16:40:57.831,7.48825
2026-10-06 16:48:27.334,8.958e-11,Torr,13.small_stm_port,spray,13.small_stm_port/MassSpecData-02115-20261006-164755.csv,2026-10-06 16:40:57.831,7.491716666666666
2026-10-06 16:48:27.542,9.0593e-11,Torr,13.small_stm_port,spray,13.small_stm_port/MassSpecData-02115-20261006-164755.csv,2026-10-06 16:40:57.831,7.495183333333333
2026-10-06 16:48:27.751,6.9378e-11,Torr,13.small_stm_port,spray,13.small_stm_port/MassSpecData-02115-20261006-164755.csv,2026-10-06 16:40:57.831,7.498666666666667
2026-10-06 16:48:27.959,7.5558e-11,Torr,13.small_stm_port,spray,13.small_stm_port/MassSpecData-02115-20261006-164755.csv,2026-10-06 16:40:57.831,7.502133333333333
2026-10-06 16:48:28.167,7.2309e-11,Torr,13.small_stm_port,spray,13.small_stm_port/MassSpecData-02115-20261006-164755.csv,2026-10-06 16:40:57.831,7.5056
2026-10-06 16:48:28.376,7.1604e-11,Torr,13.small_stm_port,spray,13.small_stm_port/MassSpecData-02115-20261006-164755.csv,2026-10-06 16:40:57.831,7.509083333333334
2026-10-06 16:48:28.584,8.006e-11,Torr,13.small_stm_port,spray,13.small_stm_port/MassSpecData-02115-20261006-164755.csv,2026-10-06 16:40:57.831,7.51255
2026-10-06 16:48:28.792,7.9519e-11,Torr,13.small_stm_port,spray,13.small_stm_port/MassSpecData-02115-20261006-164755.csv,2026-10-06 16:40:57.831,7.516016666666667
2026-10-06 16:48:29.001,8.5407e-11,Torr,13.small_stm_port,spray,13.small_stm_port/MassSpecData-02115-20261006-164755.csv,2026-10-06 16:40:57.831,7.5195
2026-10-06 16:48:29.209,7.7494e-11,Torr,13.small_stm_port,spray,13.small_stm_port/MassSpecData-02115-20261006-164755.csv,2026-10-06 16:40:57.831,7.522966666666666
2026-10-06 16:48:29.417,7.4567e-11,Torr,13.small_stm_port,spray,13.small_stm_port/MassSpecData-02115-20261006-164755.csv,2026-10-06 16:40:57.831,7.526433333333333
2026-10-06 16:48:29.626,1.0858e-10,Torr,13.small_stm_port,spray,13.small_stm_port/MassSpecData-02115-20261006-164755.csv,2026-10-06 16:40:57.831,7.529916666666667
2026-10-06 16:48:29.834,8.6565e-11,Torr,13.small_stm_port,spray,13.small_stm_port/MassSpecData-02115-20261006-164755.csv,2026-10-06 16:40:57.831,7.533383333333333
2026-10-06 16:48:30.042,9.1233e-11,Torr,13.small_stm_port,spray,13.small_stm_port/MassSpecData-02115-20261006-164755.csv,2026-10-06 16:40:57.831,7.53685
2026-10-06 16:48:30.251,6.867e-11,Torr,13.small_stm_port,spray,13.small_stm_port/MassSpecData-02115-20261006-164755.csv,2026-10-06 16:40:57.831,7.540333333333334
2026-10-06 16:48:30.459,9.0284e-11,Torr,13.small_stm_port,spray,13.small_stm_port/MassSpecData-02115-20261006-164755.csv,2026-10-06 16:40:57.831,7.5438
2026-10-06 16:48:30.667,8.709e-11,Torr,13.small_stm_port,spray,13.small_stm_port/MassSpecData-02115-20261006-164755.csv,2026-10-06 16:40:57.831,7.547266666666667
2026-10-06 16:48:30.876,9.306e-11,Torr,13.small_stm_port,spray,13.small_stm_port/MassSpecData-02115-20261006-164755.csv,2026-10-06 16:40:57.831,7.55075
2026-10-06 16:48:31.084,8.1916e-11,Torr,13.small_stm_port,spray,13.small_stm_port/MassSpecData-02115-20261006-164755.csv,2026-10-06 16:40:57.831,7.554216666666666
2026-10-06 16:48:31.292,8.9059e-11,Torr,13.small_stm_port,spray,13.small_stm_port/MassSpecData-02115-20261006-164755.csv,2026-10-06 16:40:57.831,7.557683333333333
2026-10-06 16:48:31.501,6.6939e-11,Torr,13.small_stm_port,spray,13.small_stm_port/MassSpecData-02115-20261006-164755.csv,2026-10-06 16:40:57.831,7.561166666666667
2026-10-06 16:48:31.709,8.5306e-11,Torr,13.small_stm_port,spray,13.small_stm_port/MassSpecData-02115-20261006-164755.csv,2026-10-06 16:40:57.831,7.564633333333333
2026-10-06 16:48:31.917,7.9215e-11,Torr,13.small_stm_port,spray,13.small_stm_port/MassSpecData-02115-20261006-164755.csv,2026-10-06 16:40:57.831,7.5681
2026-10-06 16:48:32.126,7.7059e-11,Torr,13.small_stm_port,spray,13.small_stm_port/MassSpecData-02115-20261006-164755.csv,2026-10-06 16:40:57.831,7.571583333333334
2026-10-06 16:48:32.334,7.9234e-11,Torr,13.small_stm_port,spray,13.small_stm_port/MassSpecData-02115-20261006-164755.csv,2026-10-06 16:40:57.831,7.57505
2026-10-06 16:48:32.542,7.5673e-11,Torr,13.small_stm_port,spray,13.small_stm_port/MassSpecData-02115-20261006-164755.csv,2026-10-06 16:40:57.831,7.578516666666667
2026-10-06 16:48:32.751,7.6227e-11,Torr,13.small_stm_port,spray,13.small_stm_port/MassSpecData-02115-20261006-164755.csv,2026-10-06 16:40:57.831,7.582
2026-10-06 16:48:32.959,8.1936e-11,Torr,13.small_stm_port,spray,13.small_stm_port/MassSpecData-02115-20261006-164755.csv,2026-10-06 16:40:57.831,7.585466666666666
2026-10-06 16:48:33.167,8.1124e-11,Torr,13.small_stm_port,spray,13.small_stm_port/MassSpecData-02115-20261006-164755.csv,2026-10-06 16:40:57.831,7.588933333333333
2026-10-06 16:48:33.376,7.5145e-11,Torr,13.small_stm_port,spray,13.small_stm_port/MassSpecData-02115-20261006-164755.csv,2026-10-06 16:40:57.831,7.592416666666667
2026-10-06 16:48:33.584,8.2655e-11,Torr,13.small_stm_port,spray,13.small_stm_port/MassSpecData-02115-20261006-164755.csv,2026-10-06 16:40:57.831,7.595883333333333
2026-10-06 16:48:33.793,7.7408e-11,Torr,13.small_stm_port,spray,13.small_stm_port/MassSpecData-02115-20261006-164755.csv,2026-10-06 16:40:57.831,7.599366666666667
2026-10-06 16:48:34.001,8.1505e-11,Torr,13.small_stm_port,spray,13.small_stm_port/MassSpecData-02115-20261006-164755.csv,2026-10-06 16:40:57.831,7.602833333333334
2026-10-06 16:48:34.209,8.3518e-11,Torr,13.small_stm_port,spray,13.small_stm_port/MassSpecData-02115-20261006-164755.csv,2026-10-06 16:40:57.831,7.6063
2026-10-06 16:48:34.418,7.68e-11,Torr,13.small_stm_port,spray,13.small_stm_port/MassSpecData-02115-20261006-164755.csv,2026-10-06 16:40:57.831,7.609783333333334
2026-10-06 16:48:34.626,7.0143e-11,Torr,13.small_stm_port,spray,13.small_stm_port/MassSpecData-02115-20261006-164755.csv,2026-10-06 16:40:57.831,7.61325
2026-10-06 16:48:34.834,8.9412e-11,Torr,13.small_stm_port,spray,13.small_stm_port/MassSpecData-02115-20261006-164755.csv,2026-10-06 16:40:57.831,7.616716666666666
2026-10-06 16:48:35.043,7.8101e-11,Torr,13.small_stm_port,spray,13.small_stm_port/MassSpecData-02115-20261006-164755.csv,2026-10-06 16:40:57.831,7.6202
2026-10-06 16:48:35.251,7.6803e-11,Torr,13.small_stm_port,spray,13.small_stm_port/MassSpecData-02115-20261006-164755.csv,2026-10-06 16:40:57.831,7.623666666666667
2026-10-06 16:48:35.459,7.3968e-11,Torr,13.small_stm_port,spray,13.small_stm_port/MassSpecData-02115-20261006-164755.csv,2026-10-06 16:40:57.831,7.627133333333333
2026-10-06 16:48:35.668,8.2788e-11,Torr,13.small_stm_port,spray,13.small_stm_port/MassSpecData-02115-20261006-164755.csv,2026-10-06 16:40:57.831,7.630616666666667
2026-10-06 16:48:35.876,8.3525e-11,Torr,13.small_stm_port,spray,13.small_stm_port/MassSpecData-02115-20261006-164755.csv,2026-10-06 16:40:57.831,7.634083333333334
2026-10-06 16:48:36.084,8.4617e-11,Torr,13.small_stm_port,spray,13.small_stm_port/MassSpecData-02115-20261006-164755.csv,2026-10-06 16:40:57.831,7.63755
2026-10-06 16:48:36.293,8.6785e-11,Torr,13.small_stm_port,spray,13.small_stm_port/MassSpecData-02115-20261006-164755.csv,2026-10-06 16:40:57.831,7.641033333333334
2026-10-06 16:48:36.501,9.3214e-11,Torr,13.small_stm_port,spray,13.small_stm_port/MassSpecData-02115-20261006-164755.csv,2026-10-06 16:40:57.831,7.6445
2026-10-06 16:48:36.709,7.6001e-11,Torr,13.small_stm_port,spray,13.small_stm_port/MassSpecData-02115-20261006-164755.csv,2026-10-06 16:40:57.831,7.647966666666666
2026-10-06 16:48:36.918,7.6876e-11,Torr,13.small_stm_port,spray,13.small_stm_port/MassSpecData-02115-20261006-164755.csv,2026-10-06 16:40:57.831,7.65145
2026-10-06 16:48:37.126,7.067e-11,Torr,13.small_stm_port,spray,13.small_stm_port/MassSpecData-02115-20261006-164755.csv,2026-10-06 16:40:57.831,7.654916666666667
2026-10-06 16:48:37.334,1.0419e-10,Torr,13.small_stm_port,spray,13.small_stm_port/MassSpecData-02115-20261006-164755.csv,2026-10-06 16:40:57.831,7.658383333333333
2026-10-06 16:48:37.683,8.2233e-11,Torr,13.small_stm_port,spray,13.small_stm_port/MassSpecData-02115-20261006-164837.csv,2026-10-06 16:40:57.831,7.664199999999999
2026-10-06 16:48:37.891,8.9303e-11,Torr,13.small_stm_port,spray,13.small_stm_port/MassSpecData-02115-20261006-164837.csv,2026-10-06 16:40:57.831,7.667666666666666
2026-10-06 16:48:38.100,9.4785e-11,Torr,13.small_stm_port,spray,13.small_stm_port/MassSpecData-02115-20261006-164837.csv,2026-10-06 16:40:57.831,7.67115
2026-10-06 16:48:38.308,7.6046e-11,Torr,13.small_stm_port,spray,13.small_stm_port/MassSpecData-02115-20261006-164837.csv,2026-10-06 16:40:57.831,7.674616666666666
2026-10-06 16:48:38.516,9.0772e-11,Torr,13.small_stm_port,spray,13.small_stm_port/MassSpecData-02115-20261006-164837.csv,2026-10-06 16:40:57.831,7.678083333333333
2026-10-06 16:48:38.725,7.7787e-11,Torr,13.small_stm_port,spray,13.small_stm_port/MassSpecData-02115-20261006-164837.csv,2026-10-06 16:40:57.831,7.681566666666667
2026-10-06 16:48:38.933,7.4248e-11,Torr,13.small_stm_port,spray,13.small_stm_port/MassSpecData-02115-20261006-164837.csv,2026-10-06 16:40:57.831,7.685033333333333
2026-10-06 16:48:39.141,9.3436e-11,Torr,13.small_stm_port,spray,13.small_stm_port/MassSpecData-02115-20261006-164837.csv,2026-10-06 16:40:57.831,7.6885
2026-10-06 16:48:39.349,8.0667e-11,Torr,13.small_stm_port,spray,13.small_stm_port/MassSpecData-02115-20261006-164837.csv,2026-10-06 16:40:57.831,7.691966666666667
2026-10-06 16:48:39.558,8.9072e-11,Torr,13.small_stm_port,spray,13.small_stm_port/MassSpecData-02115-20261006-164837.csv,2026-10-06 16:40:57.831,7.695449999999999
2026-10-06 16:48:39.766,8.486e-11,Torr,13.small_stm_port,spray,13.small_stm_port/MassSpecData-02115-20261006-164837.csv,2026-10-06 16:40:57.831,7.698916666666666
2026-10-06 16:48:39.975,8.3974e-11,Torr,13.small_stm_port,spray,13.small_stm_port/MassSpecData-02115-20261006-164837.csv,2026-10-06 16:40:57.831,7.7024
2026-10-06 16:48:40.183,9.3074e-11,Torr,13.small_stm_port,spray,13.small_stm_port/MassSpecData-02115-20261006-164837.csv,2026-10-06 16:40:57.831,7.705866666666666
2026-10-06 16:48:40.391,8.3776e-11,Torr,13.small_stm_port,spray,13.small_stm_port/MassSpecData-02115-20261006-164837.csv,2026-10-06 16:40:57.831,7.709333333333333
2026-10-06 16:48:40.600,8.9138e-11,Torr,13.small_stm_port,spray,13.small_stm_port/MassSpecData-02115-20261006-164837.csv,2026-10-06 16:40:57.831,7.712816666666667
2026-10-06 16:48:40.808,8.4855e-11,Torr,13.small_stm_port,spray,13.small_stm_port/MassSpecData-02115-20261006-164837.csv,2026-10-06 16:40:57.831,7.716283333333333
2026-10-06 16:48:41.016,8.3792e-11,Torr,13.small_stm_port,spray,13.small_stm_port/MassSpecData-02115-20261006-164837.csv,2026-10-06 16:40:57.831,7.71975
2026-10-06 16:48:41.225,7.0898e-11,Torr,13.small_stm_port,spray,13.small_stm_port/MassSpecData-02115-20261006-164837.csv,2026-10-06 16:40:57.831,7.723233333333334
2026-10-06 16:48:41.433,6.8459e-11,Torr,13.small_stm_port,spray,13.small_stm_port/MassSpecData-02115-20261006-164837.csv,2026-10-06 16:40:57.831,7.726699999999999
2026-10-06 16:48:41.641,8.1059e-11,Torr,13.small_stm_port,spray,13.small_stm_port/MassSpecData-02115-20261006-164837.csv,2026-10-06 16:40:57.831,7.730166666666666
2026-10-06 16:48:41.850,8.2702e-11,Torr,13.small_stm_port,spray,13.small_stm_port/MassSpecData-02115-20261006-164837.csv,2026-10-06 16:40:57.831,7.73365
2026-10-06 16:48:42.058,8.1421e-11,Torr,13.small_stm_port,spray,13.small_stm_port/MassSpecData-02115-20261006-164837.csv,2026-10-06 16:40:57.831,7.737116666666666
2026-10-06 16:48:42.266,8.3497e-11,Torr,13.small_stm_port,spray,13.small_stm_port/MassSpecData-02115-20261006-164837.csv,2026-10-06 16:40:57.831,7.740583333333333
2026-10-06 16:48:42.475,8.8722e-11,Torr,13.small_stm_port,spray,13.small_stm_port/MassSpecData-02115-20261006-164837.csv,2026-10-06 16:40:57.831,7.744066666666667
2026-10-06 16:48:42.683,7.6455e-11,Torr,13.small_stm_port,spray,13.small_stm_port/MassSpecData-02115-20261006-164837.csv,2026-10-06 16:40:57.831,7.747533333333333
2026-10-06 16:48:42.891,7.6643e-11,Torr,13.small_stm_port,spray,13.small_stm_port/MassSpecData-02115-20261006-164837.csv,2026-10-06 16:40:57.831,7.751
2026-10-06 16:48:43.099,7.8527e-11,Torr,13.small_stm_port,spray,13.small_stm_port/MassSpecData-02115-20261006-164837.csv,2026-10-06 16:40:57.831,7.754466666666667
2026-10-06 16:48:43.308,1.0043e-10,Torr,13.small_stm_port,spray,13.small_stm_port/MassSpecData-02115-20261006-164837.csv,2026-10-06 16:40:57.831,7.757949999999999
2026-10-06 16:48:43.516,7.1183e-11,Torr,13.small_stm_port,spray,13.small_stm_port/MassSpecData-02115-20261006-164837.csv,2026-10-06 16:40:57.831,7.761416666666666
2026-10-06 16:48:43.724,7.4925e-11,Torr,13.small_stm_port,spray,13.small_stm_port/MassSpecData-02115-20261006-164837.csv,2026-10-06 16:40:57.831,7.764883333333333
2026-10-06 16:48:43.933,8.8402e-11,Torr,13.small_stm_port,spray,13.small_stm_port/MassSpecData-02115-20261006-164837.csv,2026-10-06 16:40:57.831,7.768366666666666
2026-10-06 16:48:44.141,1.0321e-10,Torr,13.small_stm_port,spray,13.small_stm_port/MassSpecData-02115-20261006-164837.csv,2026-10-06 16:40:57.831,7.771833333333333
2026-10-06 16:48:44.349,8.075e-11,Torr,13.small_stm_port,spray,13.small_stm_port/MassSpecData-02115-20261006-164837.csv,2026-10-06 16:40:57.831,7.7753
2026-10-06 16:48:44.558,9.1665e-11,Torr,13.small_stm_port,spray,13.small_stm_port/MassSpecData-02115-20261006-164837.csv,2026-10-06 16:40:57.831,7.778783333333333
2026-10-06 16:48:44.766,8.3798e-11,Torr,13.small_stm_port,spray,13.small_stm_port/MassSpecData-02115-20261006-164837.csv,2026-10-06 16:40:57.831,7.78225
2026-10-06 16:48:44.974,9.1074e-11,Torr,13.small_stm_port,spray,13.small_stm_port/MassSpecData-02115-20261006-164837.csv,2026-10-06 16:40:57.831,7.785716666666667
2026-10-06 16:48:45.183,8.4038e-11,Torr,13.small_stm_port,spray,13.small_stm_port/MassSpecData-02115-20261006-164837.csv,2026-10-06 16:40:57.831,7.789199999999999
2026-10-06 16:48:45.391,7.668e-11,Torr,13.small_stm_port,spray,13.small_stm_port/MassSpecData-02115-20261006-164837.csv,2026-10-06 16:40:57.831,7.792666666666666
2026-10-06 16:48:45.599,8.9511e-11,Torr,13.small_stm_port,spray,13.small_stm_port/MassSpecData-02115-20261006-164837.csv,2026-10-06 16:40:57.831,7.796133333333333
2026-10-06 16:48:45.808,8.3465e-11,Torr,13.small_stm_port,spray,13.small_stm_port/MassSpecData-02115-20261006-164837.csv,2026-10-06 16:40:57.831,7.799616666666666
2026-10-06 16:48:46.016,6.8121e-11,Torr,13.small_stm_port,spray,13.small_stm_port/MassSpecData-02115-20261006-164837.csv,2026-10-06 16:40:57.831,7.803083333333333
2026-10-06 16:48:46.224,8.4845e-11,Torr,13.small_stm_port,spray,13.small_stm_port/MassSpecData-02115-20261006-164837.csv,2026-10-06 16:40:57.831,7.80655
2026-10-06 16:48:46.433,7.8509e-11,Torr,13.small_stm_port,spray,13.small_stm_port/MassSpecData-02115-20261006-164837.csv,2026-10-06 16:40:57.831,7.810033333333333
2026-10-06 16:48:46.641,7.1247e-11,Torr,13.small_stm_port,spray,13.small_stm_port/MassSpecData-02115-20261006-164837.csv,2026-10-06 16:40:57.831,7.8135
2026-10-06 16:48:46.850,7.8613e-11,Torr,13.small_stm_port,spray,13.small_stm_port/MassSpecData-02115-20261006-164837.csv,2026-10-06 16:40:57.831,7.816983333333334
2026-10-06 16:48:47.058,1.0247e-10,Torr,13.small_stm_port,spray,13.small_stm_port/MassSpecData-02115-20261006-164837.csv,2026-10-06 16:40:57.831,7.820449999999999
2026-10-06 16:48:47.266,8.2941e-11,Torr,13.small_stm_port,spray,13.small_stm_port/MassSpecData-02115-20261006-164837.csv,2026-10-06 16:40:57.831,7.823916666666666
2026-10-06 16:48:47.475,7.6588e-11,Torr,13.small_stm_port,spray,13.small_stm_port/MassSpecData-02115-20261006-164837.csv,2026-10-06 16:40:57.831,7.8274
2026-10-06 16:48:47.683,8.4619e-11,Torr,13.small_stm_port,spray,13.small_stm_port/MassSpecData-02115-20261006-164837.csv,2026-10-06 16:40:57.831,7.830866666666666
2026-10-06 16:48:47.891,7.9102e-11,Torr,13.small_stm_port,spray,13.small_stm_port/MassSpecData-02115-20261006-164837.csv,2026-10-06 16:40:57.831,7.834333333333333
2026-10-06 16:48:48.100,9.2588e-11,Torr,13.small_stm_port,spray,13.small_stm_port/MassSpecData-02115-20261006-164837.csv,2026-10-06 16:40:57.831,7.837816666666667
2026-10-06 16:48:48.308,7.6636e-11,Torr,13.small_stm_port,spray,13.small_stm_port/MassSpecData-02115-20261006-164837.csv,2026-10-06 16:40:57.831,7.841283333333333
2026-10-06 16:48:48.516,8.7318e-11,Torr,13.small_stm_port,spray,13.small_stm_port/MassSpecData-02115-20261006-164837.csv,2026-10-06 16:40:57.831,7.84475
2026-10-06 16:48:48.725,7.4426e-11,Torr,13.small_stm_port,spray,13.small_stm_port/MassSpecData-02115-20261006-164837.csv,2026-10-06 16:40:57.831,7.848233333333334
2026-10-06 16:48:48.933,7.8307e-11,Torr,13.small_stm_port,spray,13.small_stm_port/MassSpecData-02115-20261006-164837.csv,2026-10-06 16:40:57.831,7.851699999999999
2026-10-06 16:48:49.141,8.2635e-11,Torr,13.small_stm_port,spray,13.small_stm_port/MassSpecData-02115-20261006-164837.csv,2026-10-06 16:40:57.831,7.855166666666666
2026-10-06 16:48:49.350,8.6509e-11,Torr,13.small_stm_port,spray,13.small_stm_port/MassSpecData-02115-20261006-164837.csv,2026-10-06 16:40:57.831,7.85865
2026-10-06 16:48:49.558,8.4628e-11,Torr,13.small_stm_port,spray,13.small_stm_port/MassSpecData-02115-20261006-164837.csv,2026-10-06 16:40:57.831,7.862116666666666
2026-10-06 16:48:49.766,7.63e-11,Torr,13.small_stm_port,spray,13.small_stm_port/MassSpecData-02115-20261006-164837.csv,2026-10-06 16:40:57.831,7.865583333333333
2026-10-06 16:48:49.975,9.0207e-11,Torr,13.small_stm_port,spray,13.small_stm_port/MassSpecData-02115-20261006-164837.csv,2026-10-06 16:40:57.831,7.869066666666667
2026-10-06 16:48:50.183,7.255e-11,Torr,13.small_stm_port,spray,13.small_stm_port/MassSpecData-02115-20261006-164837.csv,2026-10-06 16:40:57.831,7.872533333333333
2026-10-06 16:48:50.391,8.324e-11,Torr,13.small_stm_port,spray,13.small_stm_port/MassSpecData-02115-20261006-164837.csv,2026-10-06 16:40:57.831,7.876
2026-10-06 16:48:50.600,8.1331e-11,Torr,13.small_stm_port,spray,13.small_stm_port/MassSpecData-02115-20261006-164837.csv,2026-10-06 16:40:57.831,7.879483333333334
2026-10-06 16:48:50.808,8.0586e-11,Torr,13.small_stm_port,spray,13.small_stm_port/MassSpecData-02115-20261006-164837.csv,2026-10-06 16:40:57.831,7.882949999999999
2026-10-06 16:48:51.016,9.3157e-11,Torr,13.small_stm_port,spray,13.small_stm_port/MassSpecData-02115-20261006-164837.csv,2026-10-06 16:40:57.831,7.886416666666666
2026-10-06 16:48:51.225,9.5974e-11,Torr,13.small_stm_port,spray,13.small_stm_port/MassSpecData-02115-20261006-164837.csv,2026-10-06 16:40:57.831,7.8899
2026-10-06 16:48:51.433,7.741e-11,Torr,13.small_stm_port,spray,13.small_stm_port/MassSpecData-02115-20261006-164837.csv,2026-10-06 16:40:57.831,7.893366666666666
2026-10-06 16:48:51.641,9.1908e-11,Torr,13.small_stm_port,spray,13.small_stm_port/MassSpecData-02115-20261006-164837.csv,2026-10-06 16:40:57.831,7.896833333333333
2026-10-06 16:48:51.850,7.9267e-11,Torr,13.small_stm_port,spray,13.small_stm_port/MassSpecData-02115-20261006-164837.csv,2026-10-06 16:40:57.831,7.900316666666667
2026-10-06 16:48:52.058,7.1525e-11,Torr,13.small_stm_port,spray,13.small_stm_port/MassSpecData-02115-20261006-164837.csv,2026-10-06 16:40:57.831,7.903783333333333
2026-10-06 16:48:52.266,9.2191e-11,Torr,13.small_stm_port,spray,13.small_stm_port/MassSpecData-02115-20261006-164837.csv,2026-10-06 16:40:57.831,7.90725
2026-10-06 16:48:52.475,8.0983e-11,Torr,13.small_stm_port,spray,13.small_stm_port/MassSpecData-02115-20261006-164837.csv,2026-10-06 16:40:57.831,7.910733333333334
2026-10-06 16:48:52.683,9.9886e-11,Torr,13.small_stm_port,spray,13.small_stm_port/MassSpecData-02115-20261006-164837.csv,2026-10-06 16:40:57.831,7.914199999999999
2026-10-06 16:48:52.891,8.0177e-11,Torr,13.small_stm_port,spray,13.small_stm_port/MassSpecData-02115-20261006-164837.csv,2026-10-06 16:40:57.831,7.917666666666666
2026-10-06 16:48:53.100,7.7461e-11,Torr,13.small_stm_port,spray,13.small_stm_port/MassSpecData-02115-20261006-164837.csv,2026-10-06 16:40:57.831,7.92115
2026-10-06 16:48:53.308,8.3862e-11,Torr,13.small_stm_port,spray,13.small_stm_port/MassSpecData-02115-20261006-164837.csv,2026-10-06 16:40:57.831,7.924616666666666
2026-10-06 16:48:53.516,7.8357e-11,Torr,13.small_stm_port,spray,13.small_stm_port/MassSpecData-02115-20261006-164837.csv,2026-10-06 16:40:57.831,7.928083333333333
2026-10-06 16:48:53.725,7.8471e-11,Torr,13.small_stm_port,spray,13.small_stm_port/MassSpecData-02115-20261006-164837.csv,2026-10-06 16:40:57.831,7.931566666666667
2026-10-06 16:48:53.933,8.0859e-11,Torr,13.small_stm_port,spray,13.small_stm_port/MassSpecData-02115-20261006-164837.csv,2026-10-06 16:40:57.831,7.935033333333333
2026-10-06 16:48:54.141,1.0148e-10,Torr,13.small_stm_port,spray,13.small_stm_port/MassSpecData-02115-20261006-164837.csv,2026-10-06 16:40:57.831,7.9385
2026-10-06 16:48:54.350,8.3497e-11,Torr,13.small_stm_port,spray,13.small_stm_port/MassSpecData-02115-20261006-164837.csv,2026-10-06 16:40:57.831,7.941983333333334
2026-10-06 16:48:54.558,1.0279e-10,Torr,13.small_stm_port,spray,13.small_stm_port/MassSpecData-02115-20261006-164837.csv,2026-10-06 16:40:57.831,7.945449999999999
2026-10-06 16:48:54.766,9.3079e-11,Torr,13.small_stm_port,spray,13.small_stm_port/MassSpecData-02115-20261006-164837.csv,2026-10-06 16:40:57.831,7.948916666666666
2026-10-06 16:48:54.975,7.8588e-11,Torr,13.small_stm_port,spray,13.small_stm_port/MassSpecData-02115-20261006-164837.csv,2026-10-06 16:40:57.831,7.9524
2026-10-06 16:48:55.183,9.1261e-11,Torr,13.small_stm_port,spray,13.small_stm_port/MassSpecData-02115-20261006-164837.csv,2026-10-06 16:40:57.831,7.955866666666666
2026-10-06 16:48:55.391,9.1356e-11,Torr,13.small_stm_port,spray,13.small_stm_port/MassSpecData-02115-20261006-164837.csv,2026-10-06 16:40:57.831,7.959333333333333
2026-10-06 16:48:55.600,8.5783e-11,Torr,13.small_stm_port,spray,13.small_stm_port/MassSpecData-02115-20261006-164837.csv,2026-10-06 16:40:57.831,7.962816666666667
2026-10-06 16:48:55.808,8.5399e-11,Torr,13.small_stm_port,spray,13.small_stm_port/MassSpecData-02115-20261006-164837.csv,2026-10-06 16:40:57.831,7.966283333333333
2026-10-06 16:48:56.016,9.0687e-11,Torr,13.small_stm_port,spray,13.small_stm_port/MassSpecData-02115-20261006-164837.csv,2026-10-06 16:40:57.831,7.96975
2026-10-06 16:48:56.225,8.6809e-11,Torr,13.small_stm_port,spray,13.small_stm_port/MassSpecData-02115-20261006-164837.csv,2026-10-06 16:40:57.831,7.973233333333334
2026-10-06 16:48:56.433,7.8715e-11,Torr,13.small_stm_port,spray,13.small_stm_port/MassSpecData-02115-20261006-164837.csv,2026-10-06 16:40:57.831,7.976699999999999
2026-10-06 16:48:56.641,8.4624e-11,Torr,13.small_stm_port,spray,13.small_stm_port/MassSpecData-02115-20261006-164837.csv,2026-10-06 16:40:57.831,7.980166666666666
2026-10-06 16:48:56.850,8.5432e-11,Torr,13.small_stm_port,spray,13.small_stm_port/MassSpecData-02115-20261006-164837.csv,2026-10-06 16:40:57.831,7.98365
2026-10-06 16:48:57.058,8.8131e-11,Torr,13.small_stm_port,spray,13.small_stm_port/MassSpecData-02115-20261006-164837.csv,2026-10-06 16:40:57.831,7.987116666666666
2026-10-06 16:48:57.266,8.1717e-11,Torr,13.small_stm_port,spray,13.small_stm_port/MassSpecData-02115-20261006-164837.csv,2026-10-06 16:40:57.831,7.990583333333333
2026-10-06 16:48:57.474,8.6808e-11,Torr,13.small_stm_port,spray,13.small_stm_port/MassSpecData-02115-20261006-164837.csv,2026-10-06 16:40:57.831,7.99405
2026-10-06 16:48:57.683,7.6662e-11,Torr,13.small_stm_port,spray,13.small_stm_port/MassSpecData-02115-20261006-164837.csv,2026-10-06 16:40:57.831,7.997533333333333
2026-10-06 16:48:57.891,9.6129e-11,Torr,13.small_stm_port,spray,13.small_stm_port/MassSpecData-02115-20261006-164837.csv,2026-10-06 16:40:57.831,8.001
2026-10-06 16:48:58.099,8.2731e-11,Torr,13.small_stm_port,spray,13.small_stm_port/MassSpecData-02115-20261006-164837.csv,2026-10-06 16:40:57.831,8.004466666666666
2026-10-06 16:48:58.308,8.9077e-11,Torr,13.small_stm_port,spray,13.small_stm_port/MassSpecData-02115-20261006-164837.csv,2026-10-06 16:40:57.831,8.00795
2026-10-06 16:48:58.516,7.3347e-11,Torr,13.small_stm_port,spray,13.small_stm_port/MassSpecData-02115-20261006-164837.csv,2026-10-06 16:40:57.831,8.011416666666667
2026-10-06 16:48:58.724,1.0111e-10,Torr,13.small_stm_port,spray,13.small_stm_port/MassSpecData-02115-20261006-164837.csv,2026-10-06 16:40:57.831,8.014883333333334
2026-10-06 16:48:58.933,7.1251e-11,Torr,13.small_stm_port,spray,13.small_stm_port/MassSpecData-02115-20261006-164837.csv,2026-10-06 16:40:57.831,8.018366666666667
2026-10-06 16:48:59.141,8.8097e-11,Torr,13.small_stm_port,spray,13.small_stm_port/MassSpecData-02115-20261006-164837.csv,2026-10-06 16:40:57.831,8.021833333333333
2026-10-06 16:48:59.349,8.6605e-11,Torr,13.small_stm_port,spray,13.small_stm_port/MassSpecData-02115-20261006-164837.csv,2026-10-06 16:40:57.831,8.0253
2026-10-06 16:48:59.558,9.7959e-11,Torr,13.small_stm_port,spray,13.small_stm_port/MassSpecData-02115-20261006-164837.csv,2026-10-06 16:40:57.831,8.028783333333333
2026-10-06 16:48:59.766,8.3194e-11,Torr,13.small_stm_port,spray,13.small_stm_port/MassSpecData-02115-20261006-164837.csv,2026-10-06 16:40:57.831,8.03225
2026-10-06 16:48:59.974,7.502e-11,Torr,13.small_stm_port,spray,13.small_stm_port/MassSpecData-02115-20261006-164837.csv,2026-10-06 16:40:57.831,8.035716666666666
2026-10-06 16:49:00.183,8.0772e-11,Torr,13.small_stm_port,spray,13.small_stm_port/MassSpecData-02115-20261006-164837.csv,2026-10-06 16:40:57.831,8.0392
2026-10-06 16:49:00.391,9.009e-11,Torr,13.small_stm_port,spray,13.small_stm_port/MassSpecData-02115-20261006-164837.csv,2026-10-06 16:40:57.831,8.042666666666667
2026-10-06 16:49:00.599,7.2888e-11,Torr,13.small_stm_port,spray,13.small_stm_port/MassSpecData-02115-20261006-164837.csv,2026-10-06 16:40:57.831,8.046133333333334
2026-10-06 16:49:00.808,8.2478e-11,Torr,13.small_stm_port,spray,13.small_stm_port/MassSpecData-02115-20261006-164837.csv,2026-10-06 16:40:57.831,8.049616666666667
2026-10-06 16:49:01.016,7.5976e-11,Torr,13.small_stm_port,spray,13.small_stm_port/MassSpecData-02115-20261006-164837.csv,2026-10-06 16:40:57.831,8.053083333333333
2026-10-06 16:49:01.224,8.7553e-11,Torr,13.small_stm_port,spray,13.small_stm_port/MassSpecData-02115-20261006-164837.csv,2026-10-06 16:40:57.831,8.05655
2026-10-06 16:49:01.433,8.2159e-11,Torr,13.small_stm_port,spray,13.small_stm_port/MassSpecData-02115-20261006-164837.csv,2026-10-06 16:40:57.831,8.060033333333333
2026-10-06 16:49:01.641,6.8181e-11,Torr,13.small_stm_port,spray,13.small_stm_port/MassSpecData-02115-20261006-164837.csv,2026-10-06 16:40:57.831,8.0635
2026-10-06 16:49:01.849,7.7698e-11,Torr,13.small_stm_port,spray,13.small_stm_port/MassSpecData-02115-20261006-164837.csv,2026-10-06 16:40:57.831,8.066966666666666
2026-10-06 16:49:02.058,7.5779e-11,Torr,13.small_stm_port,spray,13.small_stm_port/MassSpecData-02115-20261006-164837.csv,2026-10-06 16:40:57.831,8.07045
2026-10-06 16:49:02.266,6.9888e-11,Torr,13.small_stm_port,spray,13.small_stm_port/MassSpecData-02115-20261006-164837.csv,2026-10-06 16:40:57.831,8.073916666666667
2026-10-06 16:49:02.474,8.9271e-11,Torr,13.small_stm_port,spray,13.small_stm_port/MassSpecData-02115-20261006-164837.csv,2026-10-06 16:40:57.831,8.077383333333334
2026-10-06 16:49:02.683,8.4837e-11,Torr,13.small_stm_port,spray,13.small_stm_port/MassSpecData-02115-20261006-164837.csv,2026-10-06 16:40:57.831,8.080866666666667
2026-10-06 16:49:02.891,8.5219e-11,Torr,13.small_stm_port,spray,13.small_stm_port/MassSpecData-02115-20261006-164837.csv,2026-10-06 16:40:57.831,8.084333333333333
2026-10-06 16:49:03.099,7.7808e-11,Torr,13.small_stm_port,spray,13.small_stm_port/MassSpecData-02115-20261006-164837.csv,2026-10-06 16:40:57.831,8.0878
2026-10-06 16:49:03.308,9.1632e-11,Torr,13.small_stm_port,spray,13.small_stm_port/MassSpecData-02115-20261006-164837.csv,2026-10-06 16:40:57.831,8.091283333333333
2026-10-06 16:49:03.516,7.814e-11,Torr,13.small_stm_port,spray,13.small_stm_port/MassSpecData-02115-20261006-164837.csv,2026-10-06 16:40:57.831,8.09475
2026-10-06 16:49:03.724,7.888e-11,Torr,13.small_stm_port,spray,13.small_stm_port/MassSpecData-02115-20261006-164837.csv,2026-10-06 16:40:57.831,8.098216666666666
2026-10-06 16:49:03.933,8.1714e-11,Torr,13.small_stm_port,spray,13.small_stm_port/MassSpecData-02115-20261006-164837.csv,2026-10-06 16:40:57.831,8.1017
2026-10-06 16:49:04.141,1.0517e-10,Torr,13.small_stm_port,spray,13.small_stm_port/MassSpecData-02115-20261006-164837.csv,2026-10-06 16:40:57.831,8.105166666666667
2026-10-06 16:49:04.349,7.8293e-11,Torr,13.small_stm_port,spray,13.small_stm_port/MassSpecData-02115-20261006-164837.csv,2026-10-06 16:40:57.831,8.108633333333334
2026-10-06 16:49:04.558,1.0392e-10,Torr,13.small_stm_port,spray,13.small_stm_port/MassSpecData-02115-20261006-164837.csv,2026-10-06 16:40:57.831,8.112116666666667
2026-10-06 16:49:04.766,9.3502e-11,Torr,13.small_stm_port,spray,13.small_stm_port/MassSpecData-02115-20261006-164837.csv,2026-10-06 16:40:57.831,8.115583333333333
2026-10-06 16:49:04.974,8.21e-11,Torr,13.small_stm_port,spray,13.small_stm_port/MassSpecData-02115-20261006-164837.csv,2026-10-06 16:40:57.831,8.11905
2026-10-06 16:49:05.183,7.4127e-11,Torr,13.small_stm_port,spray,13.small_stm_port/MassSpecData-02115-20261006-164837.csv,2026-10-06 16:40:57.831,8.122533333333333
2026-10-06 16:49:05.391,8.2135e-11,Torr,13.small_stm_port,spray,13.small_stm_port/MassSpecData-02115-20261006-164837.csv,2026-10-06 16:40:57.831,8.126
2026-10-06 16:49:05.599,7.2327e-11,Torr,13.small_stm_port,spray,13.small_stm_port/MassSpecData-02115-20261006-164837.csv,2026-10-06 16:40:57.831,8.129466666666666
2026-10-06 16:49:05.808,8.4244e-11,Torr,13.small_stm_port,spray,13.small_stm_port/MassSpecData-02115-20261006-164837.csv,2026-10-06 16:40:57.831,8.13295
2026-10-06 16:49:06.016,8.3876e-11,Torr,13.small_stm_port,spray,13.small_stm_port/MassSpecData-02115-20261006-164837.csv,2026-10-06 16:40:57.831,8.136416666666667
2026-10-06 16:49:06.224,7.0576e-11,Torr,13.small_stm_port,spray,13.small_stm_port/MassSpecData-02115-20261006-164837.csv,2026-10-06 16:40:57.831,8.139883333333334
2026-10-06 16:49:06.433,7.3999e-11,Torr,13.small_stm_port,spray,13.small_stm_port/MassSpecData-02115-20261006-164837.csv,2026-10-06 16:40:57.831,8.143366666666667
2026-10-06 16:49:06.641,9.3637e-11,Torr,13.small_stm_port,spray,13.small_stm_port/MassSpecData-02115-20261006-164837.csv,2026-10-06 16:40:57.831,8.146833333333333
2026-10-06 16:49:06.849,7.9285e-11,Torr,13.small_stm_port,spray,13.small_stm_port/MassSpecData-02115-20261006-164837.csv,2026-10-06 16:40:57.831,8.1503
2026-10-06 16:49:07.058,7.9619e-11,Torr,13.small_stm_port,spray,13.small_stm_port/MassSpecData-02115-20261006-164837.csv,2026-10-06 16:40:57.831,8.153783333333333
2026-10-06 16:49:07.266,9.4018e-11,Torr,13.small_stm_port,spray,13.small_stm_port/MassSpecData-02115-20261006-164837.csv,2026-10-06 16:40:57.831,8.15725
2026-10-06 16:49:07.474,8.9331e-11,Torr,13.small_stm_port,spray,13.small_stm_port/MassSpecData-02115-20261006-164837.csv,2026-10-06 16:40:57.831,8.160716666666666
2026-10-06 16:49:07.683,8.1916e-11,Torr,13.small_stm_port,spray,13.small_stm_port/MassSpecData-02115-20261006-164837.csv,2026-10-06 16:40:57.831,8.1642
2026-10-06 16:49:07.891,8.5251e-11,Torr,13.small_stm_port,spray,13.small_stm_port/MassSpecData-02115-20261006-164837.csv,2026-10-06 16:40:57.831,8.167666666666667
2026-10-06 16:49:08.099,7.5176e-11,Torr,13.small_stm_port,spray,13.small_stm_port/MassSpecData-02115-20261006-164837.csv,2026-10-06 16:40:57.831,8.171133333333334
2026-10-06 16:49:08.308,8.1222e-11,Torr,13.small_stm_port,spray,13.small_stm_port/MassSpecData-02115-20261006-164837.csv,2026-10-06 16:40:57.831,8.174616666666667
2026-10-06 16:49:08.516,8.0881e-11,Torr,13.small_stm_port,spray,13.small_stm_port/MassSpecData-02115-20261006-164837.csv,2026-10-06 16:40:57.831,8.178083333333333
2026-10-06 16:49:08.724,8.6237e-11,Torr,13.small_stm_port,spray,13.small_stm_port/MassSpecData-02115-20261006-164837.csv,2026-10-06 16:40:57.831,8.18155
2026-10-06 16:49:08.933,7.3281e-11,Torr,13.small_stm_port,spray,13.small_stm_port/MassSpecData-02115-20261006-164837.csv,2026-10-06 16:40:57.831,8.185033333333333
2026-10-06 16:49:09.141,7.0515e-11,Torr,13.small_stm_port,spray,13.small_stm_port/MassSpecData-02115-20261006-164837.csv,2026-10-06 16:40:57.831,8.1885
2026-10-06 16:49:09.349,7.3103e-11,Torr,13.small_stm_port,spray,13.small_stm_port/MassSpecData-02115-20261006-164837.csv,2026-10-06 16:40:57.831,8.191966666666666
2026-10-06 16:49:09.558,6.8128e-11,Torr,13.small_stm_port,spray,13.small_stm_port/MassSpecData-02115-20261006-164837.csv,2026-10-06 16:40:57.831,8.19545
2026-10-06 16:49:09.766,9.7565e-11,Torr,13.small_stm_port,spray,13.small_stm_port/MassSpecData-02115-20261006-164837.csv,2026-10-06 16:40:57.831,8.198916666666667
2026-10-06 16:49:09.974,8.7107e-11,Torr,13.small_stm_port,spray,13.small_stm_port/MassSpecData-02115-20261006-164837.csv,2026-10-06 16:40:57.831,8.202383333333334
2026-10-06 16:49:10.183,9.4372e-11,Torr,13.small_stm_port,spray,13.small_stm_port/MassSpecData-02115-20261006-164837.csv,2026-10-06 16:40:57.831,8.205866666666667
2026-10-06 16:49:10.391,8.4494e-11,Torr,13.small_stm_port,spray,13.small_stm_port/MassSpecData-02115-20261006-164837.csv,2026-10-06 16:40:57.831,8.209333333333333
2026-10-06 16:49:10.599,8.735e-11,Torr,13.small_stm_port,spray,13.small_stm_port/MassSpecData-02115-20261006-164837.csv,2026-10-06 16:40:57.831,8.2128
2026-10-06 16:49:10.808,8.4767e-11,Torr,13.small_stm_port,spray,13.small_stm_port/MassSpecData-02115-20261006-164837.csv,2026-10-06 16:40:57.831,8.216283333333333
2026-10-06 16:49:11.016,8.5194e-11,Torr,13.small_stm_port,spray,13.small_stm_port/MassSpecData-02115-20261006-164837.csv,2026-10-06 16:40:57.831,8.21975
2026-10-06 16:49:11.224,7.3243e-11,Torr,13.small_stm_port,spray,13.small_stm_port/MassSpecData-02115-20261006-164837.csv,2026-10-06 16:40:57.831,8.223216666666666
2026-10-06 16:49:11.433,7.922e-11,Torr,13.small_stm_port,spray,13.small_stm_port/MassSpecData-02115-20261006-164837.csv,2026-10-06 16:40:57.831,8.2267
2026-10-06 16:49:11.641,7.342e-11,Torr,13.small_stm_port,spray,13.small_stm_port/MassSpecData-02115-20261006-164837.csv,2026-10-06 16:40:57.831,8.230166666666667
2026-10-06 16:49:11.849,9.77e-11,Torr,13.small_stm_port,spray,13.small_stm_port/MassSpecData-02115-20261006-164837.csv,2026-10-06 16:40:57.831,8.233633333333334
2026-10-06 16:49:12.058,6.9717e-11,Torr,13.small_stm_port,spray,13.small_stm_port/MassSpecData-02115-20261006-164837.csv,2026-10-06 16:40:57.831,8.237116666666667
2026-10-06 16:49:12.266,7.9468e-11,Torr,13.small_stm_port,spray,13.small_stm_port/MassSpecData-02115-20261006-164837.csv,2026-10-06 16:40:57.831,8.240583333333333
2026-10-06 16:49:12.474,8.2224e-11,Torr,13.small_stm_port,spray,13.small_stm_port/MassSpecData-02115-20261006-164837.csv,2026-10-06 16:40:57.831,8.24405
2026-10-06 16:49:12.683,7.6516e-11,Torr,13.small_stm_port,spray,13.small_stm_port/MassSpecData-02115-20261006-164837.csv,2026-10-06 16:40:57.831,8.247533333333333
2026-10-06 16:49:12.891,8.5715e-11,Torr,13.small_stm_port,spray,13.small_stm_port/MassSpecData-02115-20261006-164837.csv,2026-10-06 16:40:57.831,8.251
2026-10-06 16:49:13.099,7.728e-11,Torr,13.small_stm_port,spray,13.small_stm_port/MassSpecData-02115-20261006-164837.csv,2026-10-06 16:40:57.831,8.254466666666666
2026-10-06 16:49:13.308,7.3108e-11,Torr,13.small_stm_port,spray,13.small_stm_port/MassSpecData-02115-20261006-164837.csv,2026-10-06 16:40:57.831,8.25795
2026-10-06 16:49:13.516,8.8794e-11,Torr,13.small_stm_port,spray,13.small_stm_port/MassSpecData-02115-20261006-164837.csv,2026-10-06 16:40:57.831,8.261416666666667
2026-10-06 16:49:13.724,7.6691e-11,Torr,13.small_stm_port,spray,13.small_stm_port/MassSpecData-02115-20261006-164837.csv,2026-10-06 16:40:57.831,8.264883333333334
2026-10-06 16:49:13.933,8.3041e-11,Torr,13.small_stm_port,spray,13.small_stm_port/MassSpecData-02115-20261006-164837.csv,2026-10-06 16:40:57.831,8.268366666666667
2026-10-06 16:49:14.141,6.8935e-11,Torr,13.small_stm_port,spray,13.small_stm_port/MassSpecData-02115-20261006-164837.csv,2026-10-06 16:40:57.831,8.271833333333333
2026-10-06 16:49:14.349,9.7093e-11,Torr,13.small_stm_port,spray,13.small_stm_port/MassSpecData-02115-20261006-164837.csv,2026-10-06 16:40:57.831,8.2753
2026-10-06 16:49:14.558,7.8935e-11,Torr,13.small_stm_port,spray,13.small_stm_port/MassSpecData-02115-20261006-164837.csv,2026-10-06 16:40:57.831,8.278783333333333
2026-10-06 16:49:14.766,7.8592e-11,Torr,13.small_stm_port,spray,13.small_stm_port/MassSpecData-02115-20261006-164837.csv,2026-10-06 16:40:57.831,8.28225
2026-10-06 16:49:14.974,8.9179e-11,Torr,13.small_stm_port,spray,13.small_stm_port/MassSpecData-02115-20261006-164837.csv,2026-10-06 16:40:57.831,8.285716666666666
2026-10-06 16:49:15.183,8.1516e-11,Torr,13.small_stm_port,spray,13.small_stm_port/MassSpecData-02115-20261006-164837.csv,2026-10-06 16:40:57.831,8.2892
2026-10-06 16:49:15.391,7.1591e-11,Torr,13.small_stm_port,spray,13.small_stm_port/MassSpecData-02115-20261006-164837.csv,2026-10-06 16:40:57.831,8.292666666666667
2026-10-06 16:49:15.600,9.737e-11,Torr,13.small_stm_port,spray,13.small_stm_port/MassSpecData-02115-20261006-164837.csv,2026-10-06 16:40:57.831,8.29615
2026-10-06 16:49:15.808,1.0186e-10,Torr,13.small_stm_port,spray,13.small_stm_port/MassSpecData-02115-20261006-164837.csv,2026-10-06 16:40:57.831,8.299616666666667
2026-10-06 16:49:16.016,8.1177e-11,Torr,13.small_stm_port,spray,13.small_stm_port/MassSpecData-02115-20261006-164837.csv,2026-10-06 16:40:57.831,8.303083333333333
2026-10-06 16:49:16.225,8.4779e-11,Torr,13.small_stm_port,spray,13.small_stm_port/MassSpecData-02115-20261006-164837.csv,2026-10-06 16:40:57.831,8.306566666666667
2026-10-06 16:49:16.433,8.9022e-11,Torr,13.small_stm_port,spray,13.small_stm_port/MassSpecData-02115-20261006-164837.csv,2026-10-06 16:40:57.831,8.310033333333333
2026-10-06 16:49:16.641,7.37e-11,Torr,13.small_stm_port,spray,13.small_stm_port/MassSpecData-02115-20261006-164837.csv,2026-10-06 16:40:57.831,8.3135
2026-10-06 16:49:16.850,8.2476e-11,Torr,13.small_stm_port,spray,13.small_stm_port/MassSpecData-02115-20261006-164837.csv,2026-10-06 16:40:57.831,8.316983333333333
2026-10-06 16:49:17.058,8.4071e-11,Torr,13.small_stm_port,spray,13.small_stm_port/MassSpecData-02115-20261006-164837.csv,2026-10-06 16:40:57.831,8.32045
2026-10-06 16:49:17.266,7.3498e-11,Torr,13.small_stm_port,spray,13.small_stm_port/MassSpecData-02115-20261006-164837.csv,2026-10-06 16:40:57.831,8.323916666666667
2026-10-06 16:49:17.475,7.3628e-11,Torr,13.small_stm_port,spray,13.small_stm_port/MassSpecData-02115-20261006-164837.csv,2026-10-06 16:40:57.831,8.3274
2026-10-06 16:49:17.683,7.8819e-11,Torr,13.small_stm_port,spray,13.small_stm_port/MassSpecData-02115-20261006-164837.csv,2026-10-06 16:40:57.831,8.330866666666667
2026-10-06 16:49:17.891,7.7678e-11,Torr,13.small_stm_port,spray,13.small_stm_port/MassSpecData-02115-20261006-164837.csv,2026-10-06 16:40:57.831,8.334333333333333
2026-10-06 16:49:18.100,8.4784e-11,Torr,13.small_stm_port,spray,13.small_stm_port/MassSpecData-02115-20261006-164837.csv,2026-10-06 16:40:57.831,8.337816666666667
2026-10-06 16:49:18.308,9.2636e-11,Torr,13.small_stm_port,spray,13.small_stm_port/MassSpecData-02115-20261006-164837.csv,2026-10-06 16:40:57.831,8.341283333333333
2026-10-06 16:49:18.516,9.3143e-11,Torr,13.small_stm_port,spray,13.small_stm_port/MassSpecData-02115-20261006-164837.csv,2026-10-06 16:40:57.831,8.34475
2026-10-06 16:49:18.725,8.9855e-11,Torr,13.small_stm_port,spray,13.small_stm_port/MassSpecData-02115-20261006-164837.csv,2026-10-06 16:40:57.831,8.348233333333333
2026-10-06 16:49:18.933,1.0017e-10,Torr,13.small_stm_port,spray,13.small_stm_port/MassSpecData-02115-20261006-164837.csv,2026-10-06 16:40:57.831,8.3517
2026-10-06 16:49:19.141,7.0558e-11,Torr,13.small_stm_port,spray,13.small_stm_port/MassSpecData-02115-20261006-164837.csv,2026-10-06 16:40:57.831,8.355166666666667
2026-10-06 16:49:19.480,7.5341e-11,Torr,13.small_stm_port,spray,13.small_stm_port/MassSpecData-02115-20261006-164919.csv,2026-10-06 16:40:57.831,8.360816666666667
2026-10-06 16:49:19.688,9.775e-11,Torr,13.small_stm_port,spray,13.small_stm_port/MassSpecData-02115-20261006-164919.csv,2026-10-06 16:40:57.831,8.364283333333335
2026-10-06 16:49:19.897,8.1498e-11,Torr,13.small_stm_port,spray,13.small_stm_port/MassSpecData-02115-20261006-164919.csv,2026-10-06 16:40:57.831,8.367766666666666
2026-10-06 16:49:20.105,7.6101e-11,Torr,13.small_stm_port,spray,13.small_stm_port/MassSpecData-02115-20261006-164919.csv,2026-10-06 16:40:57.831,8.371233333333333
2026-10-06 16:49:20.313,8.632e-11,Torr,13.small_stm_port,spray,13.small_stm_port/MassSpecData-02115-20261006-164919.csv,2026-10-06 16:40:57.831,8.3747
2026-10-06 16:49:20.522,7.8776e-11,Torr,13.small_stm_port,spray,13.small_stm_port/MassSpecData-02115-20261006-164919.csv,2026-10-06 16:40:57.831,8.378183333333332
2026-10-06 16:49:20.730,8.8184e-11,Torr,13.small_stm_port,spray,13.small_stm_port/MassSpecData-02115-20261006-164919.csv,2026-10-06 16:40:57.831,8.38165
2026-10-06 16:49:20.938,9.0501e-11,Torr,13.small_stm_port,spray,13.small_stm_port/MassSpecData-02115-20261006-164919.csv,2026-10-06 16:40:57.831,8.385116666666667
2026-10-06 16:49:21.146,9.5057e-11,Torr,13.small_stm_port,spray,13.small_stm_port/MassSpecData-02115-20261006-164919.csv,2026-10-06 16:40:57.831,8.388583333333333
2026-10-06 16:49:21.355,7.7678e-11,Torr,13.small_stm_port,spray,13.small_stm_port/MassSpecData-02115-20261006-164919.csv,2026-10-06 16:40:57.831,8.392066666666667
2026-10-06 16:49:21.563,9.1555e-11,Torr,13.small_stm_port,spray,13.small_stm_port/MassSpecData-02115-20261006-164919.csv,2026-10-06 16:40:57.831,8.395533333333335
2026-10-06 16:49:21.772,8.0924e-11,Torr,13.small_stm_port,spray,13.small_stm_port/MassSpecData-02115-20261006-164919.csv,2026-10-06 16:40:57.831,8.399016666666666
2026-10-06 16:49:21.980,8.8136e-11,Torr,13.small_stm_port,spray,13.small_stm_port/MassSpecData-02115-20261006-164919.csv,2026-10-06 16:40:57.831,8.402483333333333
2026-10-06 16:49:22.188,7.5734e-11,Torr,13.small_stm_port,spray,13.small_stm_port/MassSpecData-02115-20261006-164919.csv,2026-10-06 16:40:57.831,8.40595
2026-10-06 16:49:22.397,9.6321e-11,Torr,13.small_stm_port,spray,13.small_stm_port/MassSpecData-02115-20261006-164919.csv,2026-10-06 16:40:57.831,8.409433333333332
2026-10-06 16:49:22.605,8.77e-11,Torr,13.small_stm_port,spray,13.small_stm_port/MassSpecData-02115-20261006-164919.csv,2026-10-06 16:40:57.831,8.4129
2026-10-06 16:49:22.813,9.3923e-11,Torr,13.small_stm_port,spray,13.small_stm_port/MassSpecData-02115-20261006-164919.csv,2026-10-06 16:40:57.831,8.416366666666667
2026-10-06 16:49:23.022,8.3738e-11,Torr,13.small_stm_port,spray,13.small_stm_port/MassSpecData-02115-20261006-164919.csv,2026-10-06 16:40:57.831,8.41985
2026-10-06 16:49:23.230,8.584e-11,Torr,13.small_stm_port,spray,13.small_stm_port/MassSpecData-02115-20261006-164919.csv,2026-10-06 16:40:57.831,8.423316666666667
2026-10-06 16:49:23.438,7.757e-11,Torr,13.small_stm_port,spray,13.small_stm_port/MassSpecData-02115-20261006-164919.csv,2026-10-06 16:40:57.831,8.426783333333335
2026-10-06 16:49:23.647,8.4497e-11,Torr,13.small_stm_port,spray,13.small_stm_port/MassSpecData-02115-20261006-164919.csv,2026-10-06 16:40:57.831,8.430266666666666
2026-10-06 16:49:23.855,9.3307e-11,Torr,13.small_stm_port,spray,13.small_stm_port/MassSpecData-02115-20261006-164919.csv,2026-10-06 16:40:57.831,8.433733333333333
2026-10-06 16:49:24.063,7.3082e-11,Torr,13.small_stm_port,spray,13.small_stm_port/MassSpecData-02115-20261006-164919.csv,2026-10-06 16:40:57.831,8.4372
2026-10-06 16:49:24.272,8.6005e-11,Torr,13.small_stm_port,spray,13.small_stm_port/MassSpecData-02115-20261006-164919.csv,2026-10-06 16:40:57.831,8.440683333333332
2026-10-06 16:49:24.480,8.1062e-11,Torr,13.small_stm_port,spray,13.small_stm_port/MassSpecData-02115-20261006-164919.csv,2026-10-06 16:40:57.831,8.44415
2026-10-06 16:49:24.688,8.7449e-11,Torr,13.small_stm_port,spray,13.small_stm_port/MassSpecData-02115-20261006-164919.csv,2026-10-06 16:40:57.831,8.447616666666667
2026-10-06 16:49:24.896,8.091e-11,Torr,13.small_stm_port,spray,13.small_stm_port/MassSpecData-02115-20261006-164919.csv,2026-10-06 16:40:57.831,8.451083333333333
2026-10-06 16:49:25.105,9.7047e-11,Torr,13.small_stm_port,spray,13.small_stm_port/MassSpecData-02115-20261006-164919.csv,2026-10-06 16:40:57.831,8.454566666666667
2026-10-06 16:49:25.313,7.8209e-11,Torr,13.small_stm_port,spray,13.small_stm_port/MassSpecData-02115-20261006-164919.csv,2026-10-06 16:40:57.831,8.458033333333335
2026-10-06 16:49:25.521,1.0391e-10,Torr,13.small_stm_port,spray,13.small_stm_port/MassSpecData-02115-20261006-164919.csv,2026-10-06 16:40:57.831,8.4615
2026-10-06 16:49:25.730,7.7846e-11,Torr,13.small_stm_port,spray,13.small_stm_port/MassSpecData-02115-20261006-164919.csv,2026-10-06 16:40:57.831,8.464983333333333
2026-10-06 16:49:25.938,7.5776e-11,Torr,13.small_stm_port,spray,13.small_stm_port/MassSpecData-02115-20261006-164919.csv,2026-10-06 16:40:57.831,8.46845
2026-10-06 16:49:26.146,8.4723e-11,Torr,13.small_stm_port,spray,13.small_stm_port/MassSpecData-02115-20261006-164919.csv,2026-10-06 16:40:57.831,8.471916666666667
2026-10-06 16:49:26.355,7.5183e-11,Torr,13.small_stm_port,spray,13.small_stm_port/MassSpecData-02115-20261006-164919.csv,2026-10-06 16:40:57.831,8.4754
2026-10-06 16:49:26.563,8.3632e-11,Torr,13.small_stm_port,spray,13.small_stm_port/MassSpecData-02115-20261006-164919.csv,2026-10-06 16:40:57.831,8.478866666666667
2026-10-06 16:49:26.771,8.7685e-11,Torr,13.small_stm_port,spray,13.small_stm_port/MassSpecData-02115-20261006-164919.csv,2026-10-06 16:40:57.831,8.482333333333333
2026-10-06 16:49:26.980,7.0248e-11,Torr,13.small_stm_port,spray,13.small_stm_port/MassSpecData-02115-20261006-164919.csv,2026-10-06 16:40:57.831,8.485816666666667
2026-10-06 16:49:27.188,8.2901e-11,Torr,13.small_stm_port,spray,13.small_stm_port/MassSpecData-02115-20261006-164919.csv,2026-10-06 16:40:57.831,8.489283333333335
2026-10-06 16:49:27.396,6.9664e-11,Torr,13.small_stm_port,spray,13.small_stm_port/MassSpecData-02115-20261006-164919.csv,2026-10-06 16:40:57.831,8.49275
2026-10-06 16:49:27.605,9.242e-11,Torr,13.small_stm_port,spray,13.small_stm_port/MassSpecData-02115-20261006-164919.csv,2026-10-06 16:40:57.831,8.496233333333333
2026-10-06 16:49:27.813,8.6319e-11,Torr,13.small_stm_port,spray,13.small_stm_port/MassSpecData-02115-20261006-164919.csv,2026-10-06 16:40:57.831,8.4997
2026-10-06 16:49:28.021,7.4915e-11,Torr,13.small_stm_port,spray,13.small_stm_port/MassSpecData-02115-20261006-164919.csv,2026-10-06 16:40:57.831,8.503166666666667
2026-10-06 16:49:28.230,7.555e-11,Torr,13.small_stm_port,spray,13.small_stm_port/MassSpecData-02115-20261006-164919.csv,2026-10-06 16:40:57.831,8.50665
2026-10-06 16:49:28.438,7.8829e-11,Torr,13.small_stm_port,spray,13.small_stm_port/MassSpecData-02115-20261006-164919.csv,2026-10-06 16:40:57.831,8.510116666666667
2026-10-06 16:49:28.647,8.5322e-11,Torr,13.small_stm_port,spray,13.small_stm_port/MassSpecData-02115-20261006-164919.csv,2026-10-06 16:40:57.831,8.5136
2026-10-06 16:49:28.855,8.7484e-11,Torr,13.small_stm_port,spray,13.small_stm_port/MassSpecData-02115-20261006-164919.csv,2026-10-06 16:40:57.831,8.517066666666667
2026-10-06 16:49:29.063,8.4482e-11,Torr,13.small_stm_port,spray,13.small_stm_port/MassSpecData-02115-20261006-164919.csv,2026-10-06 16:40:57.831,8.520533333333335
2026-10-06 16:49:29.272,8.6152e-11,Torr,13.small_stm_port,spray,13.small_stm_port/MassSpecData-02115-20261006-164919.csv,2026-10-06 16:40:57.831,8.524016666666666
2026-10-06 16:49:29.480,7.9513e-11,Torr,13.small_stm_port,spray,13.small_stm_port/MassSpecData-02115-20261006-164919.csv,2026-10-06 16:40:57.831,8.527483333333333
2026-10-06 16:49:29.688,6.971e-11,Torr,13.small_stm_port,spray,13.small_stm_port/MassSpecData-02115-20261006-164919.csv,2026-10-06 16:40:57.831,8.53095
2026-10-06 16:49:29.897,7.7933e-11,Torr,13.small_stm_port,spray,13.small_stm_port/MassSpecData-02115-20261006-164919.csv,2026-10-06 16:40:57.831,8.534433333333334
2026-10-06 16:49:30.105,9.1822e-11,Torr,13.small_stm_port,spray,13.small_stm_port/MassSpecData-02115-20261006-164919.csv,2026-10-06 16:40:57.831,8.5379
2026-10-06 16:49:30.313,7.8921e-11,Torr,13.small_stm_port,spray,13.small_stm_port/MassSpecData-02115-20261006-164919.csv,2026-10-06 16:40:57.831,8.541366666666667
2026-10-06 16:49:30.522,7.9272e-11,Torr,13.small_stm_port,spray,13.small_stm_port/MassSpecData-02115-20261006-164919.csv,2026-10-06 16:40:57.831,8.54485
2026-10-06 16:49:30.730,7.426e-11,Torr,13.small_stm_port,spray,13.small_stm_port/MassSpecData-02115-20261006-164919.csv,2026-10-06 16:40:57.831,8.548316666666667
2026-10-06 16:49:30.938,7.6795e-11,Torr,13.small_stm_port,spray,13.small_stm_port/MassSpecData-02115-20261006-164919.csv,2026-10-06 16:40:57.831,8.551783333333333
2026-10-06 16:49:31.147,7.4599e-11,Torr,13.small_stm_port,spray,13.small_stm_port/MassSpecData-02115-20261006-164919.csv,2026-10-06 16:40:57.831,8.555266666666666
2026-10-06 16:49:31.355,7.1615e-11,Torr,13.small_stm_port,spray,13.small_stm_port/MassSpecData-02115-20261006-164919.csv,2026-10-06 16:40:57.831,8.558733333333333
2026-10-06 16:49:31.563,8.367e-11,Torr,13.small_stm_port,spray,13.small_stm_port/MassSpecData-02115-20261006-164919.csv,2026-10-06 16:40:57.831,8.562199999999999
2026-10-06 16:49:31.772,1.0248e-10,Torr,13.small_stm_port,spray,13.small_stm_port/MassSpecData-02115-20261006-164919.csv,2026-10-06 16:40:57.831,8.565683333333334
2026-10-06 16:49:31.980,8.0708e-11,Torr,13.small_stm_port,spray,13.small_stm_port/MassSpecData-02115-20261006-164919.csv,2026-10-06 16:40:57.831,8.56915
2026-10-06 16:49:32.188,8.2317e-11,Torr,13.small_stm_port,spray,13.small_stm_port/MassSpecData-02115-20261006-164919.csv,2026-10-06 16:40:57.831,8.572616666666667
2026-10-06 16:49:32.397,9.6734e-11,Torr,13.small_stm_port,spray,13.small_stm_port/MassSpecData-02115-20261006-164919.csv,2026-10-06 16:40:57.831,8.5761
2026-10-06 16:49:32.605,9.1776e-11,Torr,13.small_stm_port,spray,13.small_stm_port/MassSpecData-02115-20261006-164919.csv,2026-10-06 16:40:57.831,8.579566666666667
2026-10-06 16:49:32.813,9.9159e-11,Torr,13.small_stm_port,spray,13.small_stm_port/MassSpecData-02115-20261006-164919.csv,2026-10-06 16:40:57.831,8.583033333333333
2026-10-06 16:49:33.022,7.9e-11,Torr,13.small_stm_port,spray,13.small_stm_port/MassSpecData-02115-20261006-164919.csv,2026-10-06 16:40:57.831,8.586516666666666
2026-10-06 16:49:33.230,7.7784e-11,Torr,13.small_stm_port,spray,13.small_stm_port/MassSpecData-02115-20261006-164919.csv,2026-10-06 16:40:57.831,8.589983333333333
2026-10-06 16:49:33.438,1.0219e-10,Torr,13.small_stm_port,spray,13.small_stm_port/MassSpecData-02115-20261006-164919.csv,2026-10-06 16:40:57.831,8.593449999999999
2026-10-06 16:49:33.647,7.9669e-11,Torr,13.small_stm_port,spray,13.small_stm_port/MassSpecData-02115-20261006-164919.csv,2026-10-06 16:40:57.831,8.596933333333334
2026-10-06 16:49:33.855,8.0222e-11,Torr,13.small_stm_port,spray,13.small_stm_port/MassSpecData-02115-20261006-164919.csv,2026-10-06 16:40:57.831,8.6004
2026-10-06 16:49:34.063,7.3529e-11,Torr,13.small_stm_port,spray,13.small_stm_port/MassSpecData-02115-20261006-164919.csv,2026-10-06 16:40:57.831,8.603866666666667
2026-10-06 16:49:34.272,7e-11,Torr,13.small_stm_port,spray,13.small_stm_port/MassSpecData-02115-20261006-164919.csv,2026-10-06 16:40:57.831,8.60735
2026-10-06 16:49:34.480,8.554e-11,Torr,13.small_stm_port,spray,13.small_stm_port/MassSpecData-02115-20261006-164919.csv,2026-10-06 16:40:57.831,8.610816666666667
2026-10-06 16:49:34.688,8.6882e-11,Torr,13.small_stm_port,spray,13.small_stm_port/MassSpecData-02115-20261006-164919.csv,2026-10-06 16:40:57.831,8.614283333333333
2026-10-06 16:49:34.897,8.3384e-11,Torr,13.small_stm_port,spray,13.small_stm_port/MassSpecData-02115-20261006-164919.csv,2026-10-06 16:40:57.831,8.617766666666666
2026-10-06 16:49:35.105,1.054e-10,Torr,13.small_stm_port,spray,13.small_stm_port/MassSpecData-02115-20261006-164919.csv,2026-10-06 16:40:57.831,8.621233333333333
2026-10-06 16:49:35.313,7.1387e-11,Torr,13.small_stm_port,spray,13.small_stm_port/MassSpecData-02115-20261006-164919.csv,2026-10-06 16:40:57.831,8.624699999999999
2026-10-06 16:49:35.522,7.805e-11,Torr,13.small_stm_port,spray,13.small_stm_port/MassSpecData-02115-20261006-164919.csv,2026-10-06 16:40:57.831,8.628183333333334
2026-10-06 16:49:35.730,7.6633e-11,Torr,13.small_stm_port,spray,13.small_stm_port/MassSpecData-02115-20261006-164919.csv,2026-10-06 16:40:57.831,8.63165
2026-10-06 16:49:35.938,7.9231e-11,Torr,13.small_stm_port,spray,13.small_stm_port/MassSpecData-02115-20261006-164919.csv,2026-10-06 16:40:57.831,8.635116666666667
2026-10-06 16:49:36.147,7.4892e-11,Torr,13.small_stm_port,spray,13.small_stm_port/MassSpecData-02115-20261006-164919.csv,2026-10-06 16:40:57.831,8.6386
2026-10-06 16:49:36.355,8.4805e-11,Torr,13.small_stm_port,spray,13.small_stm_port/MassSpecData-02115-20261006-164919.csv,2026-10-06 16:40:57.831,8.642066666666667
2026-10-06 16:49:36.563,8.7298e-11,Torr,13.small_stm_port,spray,13.small_stm_port/MassSpecData-02115-20261006-164919.csv,2026-10-06 16:40:57.831,8.645533333333333
2026-10-06 16:49:36.772,9.1357e-11,Torr,13.small_stm_port,spray,13.small_stm_port/MassSpecData-02115-20261006-164919.csv,2026-10-06 16:40:57.831,8.649016666666666
2026-10-06 16:49:36.980,7.0719e-11,Torr,13.small_stm_port,spray,13.small_stm_port/MassSpecData-02115-20261006-164919.csv,2026-10-06 16:40:57.831,8.652483333333333
2026-10-06 16:49:37.188,8.6423e-11,Torr,13.small_stm_port,spray,13.small_stm_port/MassSpecData-02115-20261006-164919.csv,2026-10-06 16:40:57.831,8.655949999999999
2026-10-06 16:49:37.397,7.9508e-11,Torr,13.small_stm_port,spray,13.small_stm_port/MassSpecData-02115-20261006-164919.csv,2026-10-06 16:40:57.831,8.659433333333334
2026-10-06 16:49:37.605,7.1691e-11,Torr,13.small_stm_port,spray,13.small_stm_port/MassSpecData-02115-20261006-164919.csv,2026-10-06 16:40:57.831,8.6629
2026-10-06 16:49:37.813,8.3295e-11,Torr,13.small_stm_port,spray,13.small_stm_port/MassSpecData-02115-20261006-164919.csv,2026-10-06 16:40:57.831,8.666366666666667
2026-10-06 16:49:38.022,8.3822e-11,Torr,13.small_stm_port,spray,13.small_stm_port/MassSpecData-02115-20261006-164919.csv,2026-10-06 16:40:57.831,8.66985
2026-10-06 16:49:38.230,8.6147e-11,Torr,13.small_stm_port,spray,13.small_stm_port/MassSpecData-02115-20261006-164919.csv,2026-10-06 16:40:57.831,8.673316666666667
2026-10-06 16:49:38.438,7.7683e-11,Torr,13.small_stm_port,spray,13.small_stm_port/MassSpecData-02115-20261006-164919.csv,2026-10-06 16:40:57.831,8.676783333333333
2026-10-06 16:49:38.647,7.4664e-11,Torr,13.small_stm_port,spray,13.small_stm_port/MassSpecData-02115-20261006-164919.csv,2026-10-06 16:40:57.831,8.680266666666666
2026-10-06 16:49:38.855,9.2708e-11,Torr,13.small_stm_port,spray,13.small_stm_port/MassSpecData-02115-20261006-164919.csv,2026-10-06 16:40:57.831,8.683733333333333
2026-10-06 16:49:39.063,8.5359e-11,Torr,13.small_stm_port,spray,13.small_stm_port/MassSpecData-02115-20261006-164919.csv,2026-10-06 16:40:57.831,8.687199999999999
2026-10-06 16:49:39.271,1.0218e-10,Torr,13.small_stm_port,spray,13.small_stm_port/MassSpecData-02115-20261006-164919.csv,2026-10-06 16:40:57.831,8.690666666666667
2026-10-06 16:49:39.480,7.379e-11,Torr,13.small_stm_port,spray,13.small_stm_port/MassSpecData-02115-20261006-164919.csv,2026-10-06 16:40:57.831,8.69415
2026-10-06 16:49:39.688,7.5616e-11,Torr,13.small_stm_port,spray,13.small_stm_port/MassSpecData-02115-20261006-164919.csv,2026-10-06 16:40:57.831,8.697616666666667
2026-10-06 16:49:39.896,7.4309e-11,Torr,13.small_stm_port,spray,13.small_stm_port/MassSpecData-02115-20261006-164919.csv,2026-10-06 16:40:57.831,8.701083333333335
2026-10-06 16:49:40.105,8.4286e-11,Torr,13.small_stm_port,spray,13.small_stm_port/MassSpecData-02115-20261006-164919.csv,2026-10-06 16:40:57.831,8.704566666666667
2026-10-06 16:49:40.313,8.8932e-11,Torr,13.small_stm_port,spray,13.small_stm_port/MassSpecData-02115-20261006-164919.csv,2026-10-06 16:40:57.831,8.708033333333333
2026-10-06 16:49:40.521,9.7001e-11,Torr,13.small_stm_port,spray,13.small_stm_port/MassSpecData-02115-20261006-164919.csv,2026-10-06 16:40:57.831,8.711500000000001
2026-10-06 16:49:40.730,8.4749e-11,Torr,13.small_stm_port,spray,13.small_stm_port/MassSpecData-02115-20261006-164919.csv,2026-10-06 16:40:57.831,8.714983333333333
2026-10-06 16:49:40.938,9.1245e-11,Torr,13.small_stm_port,spray,13.small_stm_port/MassSpecData-02115-20261006-164919.csv,2026-10-06 16:40:57.831,8.718449999999999
2026-10-06 16:49:41.146,8.9554e-11,Torr,13.small_stm_port,spray,13.small_stm_port/MassSpecData-02115-20261006-164919.csv,2026-10-06 16:40:57.831,8.721916666666667
2026-10-06 16:49:41.355,7.1632e-11,Torr,13.small_stm_port,spray,13.small_stm_port/MassSpecData-02115-20261006-164919.csv,2026-10-06 16:40:57.831,8.7254
2026-10-06 16:49:41.563,9.152e-11,Torr,13.small_stm_port,spray,13.small_stm_port/MassSpecData-02115-20261006-164919.csv,2026-10-06 16:40:57.831,8.728866666666667
2026-10-06 16:49:41.771,8.3523e-11,Torr,13.small_stm_port,spray,13.small_stm_port/MassSpecData-02115-20261006-164919.csv,2026-10-06 16:40:57.831,8.732333333333335
2026-10-06 16:49:41.980,9.8595e-11,Torr,13.small_stm_port,spray,13.small_stm_port/MassSpecData-02115-20261006-164919.csv,2026-10-06 16:40:57.831,8.735816666666667
2026-10-06 16:49:42.188,8.4672e-11,Torr,13.small_stm_port,spray,13.small_stm_port/MassSpecData-02115-20261006-164919.csv,2026-10-06 16:40:57.831,8.739283333333333
2026-10-06 16:49:42.396,7.1456e-11,Torr,13.small_stm_port,spray,13.small_stm_port/MassSpecData-02115-20261006-164919.csv,2026-10-06 16:40:57.831,8.742750000000001
2026-10-06 16:49:42.605,7.7945e-11,Torr,13.small_stm_port,spray,13.small_stm_port/MassSpecData-02115-20261006-164919.csv,2026-10-06 16:40:57.831,8.746233333333333
2026-10-06 16:49:42.813,7.9202e-11,Torr,13.small_stm_port,spray,13.small_stm_port/MassSpecData-02115-20261006-164919.csv,2026-10-06 16:40:57.831,8.749699999999999
2026-10-06 16:49:43.021,1.0513e-10,Torr,13.small_stm_port,spray,13.small_stm_port/MassSpecData-02115-20261006-164919.csv,2026-10-06 16:40:57.831,8.753166666666667
2026-10-06 16:49:43.230,7.7596e-11,Torr,13.small_stm_port,spray,13.small_stm_port/MassSpecData-02115-20261006-164919.csv,2026-10-06 16:40:57.831,8.75665
2026-10-06 16:49:43.438,7.3279e-11,Torr,13.small_stm_port,spray,13.small_stm_port/MassSpecData-02115-20261006-164919.csv,2026-10-06 16:40:57.831,8.760116666666667
2026-10-06 16:49:43.646,8.3918e-11,Torr,13.small_stm_port,spray,13.small_stm_port/MassSpecData-02115-20261006-164919.csv,2026-10-06 16:40:57.831,8.763583333333335
2026-10-06 16:49:43.855,9.7682e-11,Torr,13.small_stm_port,spray,13.small_stm_port/MassSpecData-02115-20261006-164919.csv,2026-10-06 16:40:57.831,8.767066666666667
2026-10-06 16:49:44.063,7.5927e-11,Torr,13.small_stm_port,spray,13.small_stm_port/MassSpecData-02115-20261006-164919.csv,2026-10-06 16:40:57.831,8.770533333333333
2026-10-06 16:49:44.271,8.3175e-11,Torr,13.small_stm_port,spray,13.small_stm_port/MassSpecData-02115-20261006-164919.csv,2026-10-06 16:40:57.831,8.774000000000001
2026-10-06 16:49:44.480,8.9534e-11,Torr,13.small_stm_port,spray,13.small_stm_port/MassSpecData-02115-20261006-164919.csv,2026-10-06 16:40:57.831,8.777483333333333
2026-10-06 16:49:44.688,7.8069e-11,Torr,13.small_stm_port,spray,13.small_stm_port/MassSpecData-02115-20261006-164919.csv,2026-10-06 16:40:57.831,8.780949999999999
2026-10-06 16:49:44.896,8.0682e-11,Torr,13.small_stm_port,spray,13.small_stm_port/MassSpecData-02115-20261006-164919.csv,2026-10-06 16:40:57.831,8.784416666666667
2026-10-06 16:49:45.105,7.3884e-11,Torr,13.small_stm_port,spray,13.small_stm_port/MassSpecData-02115-20261006-164919.csv,2026-10-06 16:40:57.831,8.7879
2026-10-06 16:49:45.313,8.5507e-11,Torr,13.small_stm_port,spray,13.small_stm_port/MassSpecData-02115-20261006-164919.csv,2026-10-06 16:40:57.831,8.791366666666667
2026-10-06 16:49:45.521,8.4075e-11,Torr,13.small_stm_port,spray,13.small_stm_port/MassSpecData-02115-20261006-164919.csv,2026-10-06 16:40:57.831,8.794833333333335
2026-10-06 16:49:45.730,7.1129e-11,Torr,13.small_stm_port,spray,13.small_stm_port/MassSpecData-02115-20261006-164919.csv,2026-10-06 16:40:57.831,8.798316666666667
2026-10-06 16:49:45.938,8.9891e-11,Torr,13.small_stm_port,spray,13.small_stm_port/MassSpecData-02115-20261006-164919.csv,2026-10-06 16:40:57.831,8.801783333333333
2026-10-06 16:49:46.146,8.8944e-11,Torr,13.small_stm_port,spray,13.small_stm_port/MassSpecData-02115-20261006-164919.csv,2026-10-06 16:40:57.831,8.805250000000001
2026-10-06 16:49:46.355,8.5585e-11,Torr,13.small_stm_port,spray,13.small_stm_port/MassSpecData-02115-20261006-164919.csv,2026-10-06 16:40:57.831,8.808733333333333
2026-10-06 16:49:46.563,9.7371e-11,Torr,13.small_stm_port,spray,13.small_stm_port/MassSpecData-02115-20261006-164919.csv,2026-10-06 16:40:57.831,8.812199999999999
2026-10-06 16:49:46.771,7.1801e-11,Torr,13.small_stm_port,spray,13.small_stm_port/MassSpecData-02115-20261006-164919.csv,2026-10-06 16:40:57.831,8.815666666666667
2026-10-06 16:49:46.980,7.9127e-11,Torr,13.small_stm_port,spray,13.small_stm_port/MassSpecData-02115-20261006-164919.csv,2026-10-06 16:40:57.831,8.81915
2026-10-06 16:49:47.188,7.8979e-11,Torr,13.small_stm_port,spray,13.small_stm_port/MassSpecData-02115-20261006-164919.csv,2026-10-06 16:40:57.831,8.822616666666667
2026-10-06 16:49:47.396,7.5539e-11,Torr,13.small_stm_port,spray,13.small_stm_port/MassSpecData-02115-20261006-164919.csv,2026-10-06 16:40:57.831,8.826083333333335
2026-10-06 16:49:47.605,9.0762e-11,Torr,13.small_stm_port,spray,13.small_stm_port/MassSpecData-02115-20261006-164919.csv,2026-10-06 16:40:57.831,8.829566666666667
2026-10-06 16:49:47.813,8.6717e-11,Torr,13.small_stm_port,spray,13.small_stm_port/MassSpecData-02115-20261006-164919.csv,2026-10-06 16:40:57.831,8.833033333333333
2026-10-06 16:49:48.021,8.7292e-11,Torr,13.small_stm_port,spray,13.small_stm_port/MassSpecData-02115-20261006-164919.csv,2026-10-06 16:40:57.831,8.836500000000001
2026-10-06 16:49:48.230,7.0218e-11,Torr,13.small_stm_port,spray,13.small_stm_port/MassSpecData-02115-20261006-164919.csv,2026-10-06 16:40:57.831,8.839983333333333
2026-10-06 16:49:48.438,9.2788e-11,Torr,13.small_stm_port,spray,13.small_stm_port/MassSpecData-02115-20261006-164919.csv,2026-10-06 16:40:57.831,8.843449999999999
2026-10-06 16:49:48.646,7.5447e-11,Torr,13.small_stm_port,spray,13.small_stm_port/MassSpecData-02115-20261006-164919.csv,2026-10-06 16:40:57.831,8.846916666666667
2026-10-06 16:49:48.855,7.7621e-11,Torr,13.small_stm_port,spray,13.small_stm_port/MassSpecData-02115-20261006-164919.csv,2026-10-06 16:40:57.831,8.8504
2026-10-06 16:49:49.063,8.0887e-11,Torr,13.small_stm_port,spray,13.small_stm_port/MassSpecData-02115-20261006-164919.csv,2026-10-06 16:40:57.831,8.853866666666667
2026-10-06 16:49:49.271,7.8819e-11,Torr,13.small_stm_port,spray,13.small_stm_port/MassSpecData-02115-20261006-164919.csv,2026-10-06 16:40:57.831,8.857333333333335
2026-10-06 16:49:49.480,7.3013e-11,Torr,13.small_stm_port,spray,13.small_stm_port/MassSpecData-02115-20261006-164919.csv,2026-10-06 16:40:57.831,8.860816666666667
2026-10-06 16:49:49.688,6.8122e-11,Torr,13.small_stm_port,spray,13.small_stm_port/MassSpecData-02115-20261006-164919.csv,2026-10-06 16:40:57.831,8.864283333333333
2026-10-06 16:49:49.896,6.9841e-11,Torr,13.small_stm_port,spray,13.small_stm_port/MassSpecData-02115-20261006-164919.csv,2026-10-06 16:40:57.831,8.867750000000001
2026-10-06 16:49:50.105,9.5591e-11,Torr,13.small_stm_port,spray,13.small_stm_port/MassSpecData-02115-20261006-164919.csv,2026-10-06 16:40:57.831,8.871233333333333
2026-10-06 16:49:50.313,8.4121e-11,Torr,13.small_stm_port,spray,13.small_stm_port/MassSpecData-02115-20261006-164919.csv,2026-10-06 16:40:57.831,8.874699999999999
2026-10-06 16:49:50.521,8.9232e-11,Torr,13.small_stm_port,spray,13.small_stm_port/MassSpecData-02115-20261006-164919.csv,2026-10-06 16:40:57.831,8.878166666666667
2026-10-06 16:49:50.730,7.2877e-11,Torr,13.small_stm_port,spray,13.small_stm_port/MassSpecData-02115-20261006-164919.csv,2026-10-06 16:40:57.831,8.88165
2026-10-06 16:49:50.938,8.8338e-11,Torr,13.small_stm_port,spray,13.small_stm_port/MassSpecData-02115-20261006-164919.csv,2026-10-06 16:40:57.831,8.885116666666667
2026-10-06 16:49:51.146,8.7826e-11,Torr,13.small_stm_port,spray,13.small_stm_port/MassSpecData-02115-20261006-164919.csv,2026-10-06 16:40:57.831,8.888583333333335
2026-10-06 16:49:51.355,7.1988e-11,Torr,13.small_stm_port,spray,13.small_stm_port/MassSpecData-02115-20261006-164919.csv,2026-10-06 16:40:57.831,8.892066666666667
2026-10-06 16:49:51.563,8.895e-11,Torr,13.small_stm_port,spray,13.small_stm_port/MassSpecData-02115-20261006-164919.csv,2026-10-06 16:40:57.831,8.895533333333333
2026-10-06 16:49:51.771,8.7789e-11,Torr,13.small_stm_port,spray,13.small_stm_port/MassSpecData-02115-20261006-164919.csv,2026-10-06 16:40:57.831,8.899000000000001
2026-10-06 16:49:51.980,8.3378e-11,Torr,13.small_stm_port,spray,13.small_stm_port/MassSpecData-02115-20261006-164919.csv,2026-10-06 16:40:57.831,8.902483333333333
2026-10-06 16:49:52.188,8.6379e-11,Torr,13.small_stm_port,spray,13.small_stm_port/MassSpecData-02115-20261006-164919.csv,2026-10-06 16:40:57.831,8.905949999999999
2026-10-06 16:49:52.396,9.2903e-11,Torr,13.small_stm_port,spray,13.small_stm_port/MassSpecData-02115-20261006-164919.csv,2026-10-06 16:40:57.831,8.909416666666667
2026-10-06 16:49:52.605,7.6632e-11,Torr,13.small_stm_port,spray,13.small_stm_port/MassSpecData-02115-20261006-164919.csv,2026-10-06 16:40:57.831,8.9129
2026-10-06 16:49:52.813,8.5386e-11,Torr,13.small_stm_port,spray,13.small_stm_port/MassSpecData-02115-20261006-164919.csv,2026-10-06 16:40:57.831,8.916366666666667
2026-10-06 16:49:53.021,7.6139e-11,Torr,13.small_stm_port,spray,13.small_stm_port/MassSpecData-02115-20261006-164919.csv,2026-10-06 16:40:57.831,8.919833333333335
2026-10-06 16:49:53.230,8.1073e-11,Torr,13.small_stm_port,spray,13.small_stm_port/MassSpecData-02115-20261006-164919.csv,2026-10-06 16:40:57.831,8.923316666666667
2026-10-06 16:49:53.438,8.6992e-11,Torr,13.small_stm_port,spray,13.small_stm_port/MassSpecData-02115-20261006-164919.csv,2026-10-06 16:40:57.831,8.926783333333333
2026-10-06 16:49:53.646,7.4603e-11,Torr,13.small_stm_port,spray,13.small_stm_port/MassSpecData-02115-20261006-164919.csv,2026-10-06 16:40:57.831,8.930250000000001
2026-10-06 16:49:53.855,7.7588e-11,Torr,13.small_stm_port,spray,13.small_stm_port/MassSpecData-02115-20261006-164919.csv,2026-10-06 16:40:57.831,8.933733333333333
2026-10-06 16:49:54.063,8.5016e-11,Torr,13.small_stm_port,spray,13.small_stm_port/MassSpecData-02115-20261006-164919.csv,2026-10-06 16:40:57.831,8.937199999999999
2026-10-06 16:49:54.271,8.5189e-11,Torr,13.small_stm_port,spray,13.small_stm_port/MassSpecData-02115-20261006-164919.csv,2026-10-06 16:40:57.831,8.940666666666667
2026-10-06 16:49:54.480,9.9372e-11,Torr,13.small_stm_port,spray,13.small_stm_port/MassSpecData-02115-20261006-164919.csv,2026-10-06 16:40:57.831,8.94415
2026-10-06 16:49:54.688,9.0293e-11,Torr,13.small_stm_port,spray,13.small_stm_port/MassSpecData-02115-20261006-164919.csv,2026-10-06 16:40:57.831,8.947616666666667
2026-10-06 16:49:54.896,8.5767e-11,Torr,13.small_stm_port,spray,13.small_stm_port/MassSpecData-02115-20261006-164919.csv,2026-10-06 16:40:57.831,8.951083333333335
2026-10-06 16:49:55.105,8.6564e-11,Torr,13.small_stm_port,spray,13.small_stm_port/MassSpecData-02115-20261006-164919.csv,2026-10-06 16:40:57.831,8.954566666666667
2026-10-06 16:49:55.313,6.7939e-11,Torr,13.small_stm_port,spray,13.small_stm_port/MassSpecData-02115-20261006-164919.csv,2026-10-06 16:40:57.831,8.958033333333333
2026-10-06 16:49:55.521,8.6323e-11,Torr,13.small_stm_port,spray,13.small_stm_port/MassSpecData-02115-20261006-164919.csv,2026-10-06 16:40:57.831,8.961500000000001
2026-10-06 16:49:55.730,8.4757e-11,Torr,13.small_stm_port,spray,13.small_stm_port/MassSpecData-02115-20261006-164919.csv,2026-10-06 16:40:57.831,8.964983333333333
2026-10-06 16:49:55.938,7.2476e-11,Torr,13.small_stm_port,spray,13.small_stm_port/MassSpecData-02115-20261006-164919.csv,2026-10-06 16:40:57.831,8.968449999999999
2026-10-06 16:49:56.146,9.7115e-11,Torr,13.small_stm_port,spray,13.small_stm_port/MassSpecData-02115-20261006-164919.csv,2026-10-06 16:40:57.831,8.971916666666667
2026-10-06 16:49:56.355,7.9933e-11,Torr,13.small_stm_port,spray,13.small_stm_port/MassSpecData-02115-20261006-164919.csv,2026-10-06 16:40:57.831,8.9754
2026-10-06 16:49:56.563,8.0969e-11,Torr,13.small_stm_port,spray,13.small_stm_port/MassSpecData-02115-20261006-164919.csv,2026-10-06 16:40:57.831,8.978866666666667
2026-10-06 16:49:56.771,8.9742e-11,Torr,13.small_stm_port,spray,13.small_stm_port/MassSpecData-02115-20261006-164919.csv,2026-10-06 16:40:57.831,8.982333333333335
2026-10-06 16:49:56.980,8.7308e-11,Torr,13.small_stm_port,spray,13.small_stm_port/MassSpecData-02115-20261006-164919.csv,2026-10-06 16:40:57.831,8.985816666666667
2026-10-06 16:49:57.188,8.2809e-11,Torr,13.small_stm_port,spray,13.small_stm_port/MassSpecData-02115-20261006-164919.csv,2026-10-06 16:40:57.831,8.989283333333333
2026-10-06 16:49:57.397,9.2336e-11,Torr,13.small_stm_port,spray,13.small_stm_port/MassSpecData-02115-20261006-164919.csv,2026-10-06 16:40:57.831,8.992766666666666
2026-10-06 16:49:57.605,8.293e-11,Torr,13.small_stm_port,spray,13.small_stm_port/MassSpecData-02115-20261006-164919.csv,2026-10-06 16:40:57.831,8.996233333333333
2026-10-06 16:49:57.813,7.7504e-11,Torr,13.small_stm_port,spray,13.small_stm_port/MassSpecData-02115-20261006-164919.csv,2026-10-06 16:40:57.831,8.999699999999999
2026-10-06 16:49:58.022,8.0011e-11,Torr,13.small_stm_port,spray,13.small_stm_port/MassSpecData-02115-20261006-164919.csv,2026-10-06 16:40:57.831,9.003183333333334
2026-10-06 16:49:58.230,7.521e-11,Torr,13.small_stm_port,spray,13.small_stm_port/MassSpecData-02115-20261006-164919.csv,2026-10-06 16:40:57.831,9.00665
2026-10-06 16:49:58.438,8.18e-11,Torr,13.small_stm_port,spray,13.small_stm_port/MassSpecData-02115-20261006-164919.csv,2026-10-06 16:40:57.831,9.010116666666667
2026-10-06 16:49:58.647,8.4054e-11,Torr,13.small_stm_port,spray,13.small_stm_port/MassSpecData-02115-20261006-164919.csv,2026-10-06 16:40:57.831,9.0136
2026-10-06 16:49:58.855,7.122e-11,Torr,13.small_stm_port,spray,13.small_stm_port/MassSpecData-02115-20261006-164919.csv,2026-10-06 16:40:57.831,9.017066666666667
2026-10-06 16:49:59.063,9.4919e-11,Torr,13.small_stm_port,spray,13.small_stm_port/MassSpecData-02115-20261006-164919.csv,2026-10-06 16:40:57.831,9.020533333333333
2026-10-06 16:49:59.272,9.03e-11,Torr,13.small_stm_port,spray,13.small_stm_port/MassSpecData-02115-20261006-164919.csv,2026-10-06 16:40:57.831,9.024016666666666
2026-10-06 16:49:59.480,7.7422e-11,Torr,13.small_stm_port,spray,13.small_stm_port/MassSpecData-02115-20261006-164919.csv,2026-10-06 16:40:57.831,9.027483333333333
2026-10-06 16:49:59.688,8.1345e-11,Torr,13.small_stm_port,spray,13.small_stm_port/MassSpecData-02115-20261006-164919.csv,2026-10-06 16:40:57.831,9.030949999999999
2026-10-06 16:49:59.897,8.0819e-11,Torr,13.small_stm_port,spray,13.small_stm_port/MassSpecData-02115-20261006-164919.csv,2026-10-06 16:40:57.831,9.034433333333334
2026-10-06 16:50:00.105,8.956e-11,Torr,13.small_stm_port,spray,13.small_stm_port/MassSpecData-02115-20261006-164919.csv,2026-10-06 16:40:57.831,9.0379
2026-10-06 16:50:00.313,8.2869e-11,Torr,13.small_stm_port,spray,13.small_stm_port/MassSpecData-02115-20261006-164919.csv,2026-10-06 16:40:57.831,9.041366666666667
2026-10-06 16:50:00.522,7.5758e-11,Torr,13.small_stm_port,spray,13.small_stm_port/MassSpecData-02115-20261006-164919.csv,2026-10-06 16:40:57.831,9.04485
2026-10-06 16:50:00.730,8.1497e-11,Torr,13.small_stm_port,spray,13.small_stm_port/MassSpecData-02115-20261006-164919.csv,2026-10-06 16:40:57.831,9.048316666666667
2026-10-06 16:50:00.938,8.7357e-11,Torr,13.small_stm_port,spray,13.small_stm_port/MassSpecData-02115-20261006-164919.csv,2026-10-06 16:40:57.831,9.051783333333333
2026-10-06 16:50:01.278,7.4342e-11,Torr,13.small_stm_port,spray,13.small_stm_port/MassSpecData-02115-20261006-165001.csv,2026-10-06 16:40:57.831,9.05745
2026-10-06 16:50:01.486,8.718e-11,Torr,13.small_stm_port,spray,13.small_stm_port/MassSpecData-02115-20261006-165001.csv,2026-10-06 16:40:57.831,9.060916666666666
2026-10-06 16:50:01.695,7.0146e-11,Torr,13.small_stm_port,spray,13.small_stm_port/MassSpecData-02115-20261006-165001.csv,2026-10-06 16:40:57.831,9.064400000000001
2026-10-06 16:50:01.903,8.9828e-11,Torr,13.small_stm_port,spray,13.small_stm_port/MassSpecData-02115-20261006-165001.csv,2026-10-06 16:40:57.831,9.067866666666667
2026-10-06 16:50:02.111,7.5481e-11,Torr,13.small_stm_port,spray,13.small_stm_port/MassSpecData-02115-20261006-165001.csv,2026-10-06 16:40:57.831,9.071333333333333
2026-10-06 16:50:02.320,9.2013e-11,Torr,13.small_stm_port,spray,13.small_stm_port/MassSpecData-02115-20261006-165001.csv,2026-10-06 16:40:57.831,9.074816666666667
2026-10-06 16:50:02.528,8.0144e-11,Torr,13.small_stm_port,spray,13.small_stm_port/MassSpecData-02115-20261006-165001.csv,2026-10-06 16:40:57.831,9.078283333333333
2026-10-06 16:50:02.736,9.9648e-11,Torr,13.small_stm_port,spray,13.small_stm_port/MassSpecData-02115-20261006-165001.csv,2026-10-06 16:40:57.831,9.08175
2026-10-06 16:50:02.944,7.6051e-11,Torr,13.small_stm_port,spray,13.small_stm_port/MassSpecData-02115-20261006-165001.csv,2026-10-06 16:40:57.831,9.085216666666668
2026-10-06 16:50:03.153,7.9597e-11,Torr,13.small_stm_port,spray,13.small_stm_port/MassSpecData-02115-20261006-165001.csv,2026-10-06 16:40:57.831,9.0887
2026-10-06 16:50:03.361,6.5514e-11,Torr,13.small_stm_port,spray,13.small_stm_port/MassSpecData-02115-20261006-165001.csv,2026-10-06 16:40:57.831,9.092166666666666
2026-10-06 16:50:03.570,9.2082e-11,Torr,13.small_stm_port,spray,13.small_stm_port/MassSpecData-02115-20261006-165001.csv,2026-10-06 16:40:57.831,9.095650000000001
2026-10-06 16:50:03.778,8.2287e-11,Torr,13.small_stm_port,spray,13.small_stm_port/MassSpecData-02115-20261006-165001.csv,2026-10-06 16:40:57.831,9.099116666666667
2026-10-06 16:50:03.986,9.2847e-11,Torr,13.small_stm_port,spray,13.small_stm_port/MassSpecData-02115-20261006-165001.csv,2026-10-06 16:40:57.831,9.102583333333333
2026-10-06 16:50:04.195,9.3193e-11,Torr,13.small_stm_port,spray,13.small_stm_port/MassSpecData-02115-20261006-165001.csv,2026-10-06 16:40:57.831,9.106066666666667
2026-10-06 16:50:04.403,1.0224e-10,Torr,13.small_stm_port,spray,13.small_stm_port/MassSpecData-02115-20261006-165001.csv,2026-10-06 16:40:57.831,9.109533333333333
2026-10-06 16:50:04.611,7.9702e-11,Torr,13.small_stm_port,spray,13.small_stm_port/MassSpecData-02115-20261006-165001.csv,2026-10-06 16:40:57.831,9.113
2026-10-06 16:50:04.820,7.5817e-11,Torr,13.small_stm_port,spray,13.small_stm_port/MassSpecData-02115-20261006-165001.csv,2026-10-06 16:40:57.831,9.116483333333333
2026-10-06 16:50:05.028,8.0957e-11,Torr,13.small_stm_port,spray,13.small_stm_port/MassSpecData-02115-20261006-165001.csv,2026-10-06 16:40:57.831,9.11995
2026-10-06 16:50:05.236,8.6912e-11,Torr,13.small_stm_port,spray,13.small_stm_port/MassSpecData-02115-20261006-165001.csv,2026-10-06 16:40:57.831,9.123416666666666
2026-10-06 16:50:05.445,7.8312e-11,Torr,13.small_stm_port,spray,13.small_stm_port/MassSpecData-02115-20261006-165001.csv,2026-10-06 16:40:57.831,9.126900000000001
2026-10-06 16:50:05.653,8.5055e-11,Torr,13.small_stm_port,spray,13.small_stm_port/MassSpecData-02115-20261006-165001.csv,2026-10-06 16:40:57.831,9.130366666666667
2026-10-06 16:50:05.861,8.3539e-11,Torr,13.small_stm_port,spray,13.small_stm_port/MassSpecData-02115-20261006-165001.csv,2026-10-06 16:40:57.831,9.133833333333333
2026-10-06 16:50:06.070,9.1807e-11,Torr,13.small_stm_port,spray,13.small_stm_port/MassSpecData-02115-20261006-165001.csv,2026-10-06 16:40:57.831,9.137316666666667
2026-10-06 16:50:06.278,9.5127e-11,Torr,13.small_stm_port,spray,13.small_stm_port/MassSpecData-02115-20261006-165001.csv,2026-10-06 16:40:57.831,9.140783333333333
2026-10-06 16:50:06.486,8.2962e-11,Torr,13.small_stm_port,spray,13.small_stm_port/MassSpecData-02115-20261006-165001.csv,2026-10-06 16:40:57.831,9.14425
2026-10-06 16:50:06.694,8.1309e-11,Torr,13.small_stm_port,spray,13.small_stm_port/MassSpecData-02115-20261006-165001.csv,2026-10-06 16:40:57.831,9.147716666666668
2026-10-06 16:50:06.903,8.9723e-11,Torr,13.small_stm_port,spray,13.small_stm_port/MassSpecData-02115-20261006-165001.csv,2026-10-06 16:40:57.831,9.1512
2026-10-06 16:50:07.111,8.3319e-11,Torr,13.small_stm_port,spray,13.small_stm_port/MassSpecData-02115-20261006-165001.csv,2026-10-06 16:40:57.831,9.154666666666666
2026-10-06 16:50:07.319,9.033e-11,Torr,13.small_stm_port,spray,13.small_stm_port/MassSpecData-02115-20261006-165001.csv,2026-10-06 16:40:57.831,9.158133333333334
2026-10-06 16:50:07.528,8.4255e-11,Torr,13.small_stm_port,spray,13.small_stm_port/MassSpecData-02115-20261006-165001.csv,2026-10-06 16:40:57.831,9.161616666666667
2026-10-06 16:50:07.736,8.57e-11,Torr,13.small_stm_port,spray,13.small_stm_port/MassSpecData-02115-20261006-165001.csv,2026-10-06 16:40:57.831,9.165083333333333
2026-10-06 16:50:07.944,8.3561e-11,Torr,13.small_stm_port,spray,13.small_stm_port/MassSpecData-02115-20261006-165001.csv,2026-10-06 16:40:57.831,9.168550000000002
2026-10-06 16:50:08.153,8.753e-11,Torr,13.small_stm_port,spray,13.small_stm_port/MassSpecData-02115-20261006-165001.csv,2026-10-06 16:40:57.831,9.172033333333333
2026-10-06 16:50:08.361,8.9012e-11,Torr,13.small_stm_port,spray,13.small_stm_port/MassSpecData-02115-20261006-165001.csv,2026-10-06 16:40:57.831,9.1755
2026-10-06 16:50:08.569,8.3002e-11,Torr,13.small_stm_port,spray,13.small_stm_port/MassSpecData-02115-20261006-165001.csv,2026-10-06 16:40:57.831,9.178966666666668
2026-10-06 16:50:08.778,8.3928e-11,Torr,13.small_stm_port,spray,13.small_stm_port/MassSpecData-02115-20261006-165001.csv,2026-10-06 16:40:57.831,9.18245
2026-10-06 16:50:08.986,8.1696e-11,Torr,13.small_stm_port,spray,13.small_stm_port/MassSpecData-02115-20261006-165001.csv,2026-10-06 16:40:57.831,9.185916666666666
2026-10-06 16:50:09.194,7.8522e-11,Torr,13.small_stm_port,spray,13.small_stm_port/MassSpecData-02115-20261006-165001.csv,2026-10-06 16:40:57.831,9.189383333333334
2026-10-06 16:50:09.403,8.5881e-11,Torr,13.small_stm_port,spray,13.small_stm_port/MassSpecData-02115-20261006-165001.csv,2026-10-06 16:40:57.831,9.192866666666667
2026-10-06 16:50:09.611,8.5921e-11,Torr,13.small_stm_port,spray,13.small_stm_port/MassSpecData-02115-20261006-165001.csv,2026-10-06 16:40:57.831,9.196333333333333
2026-10-06 16:50:09.819,8.1483e-11,Torr,13.small_stm_port,spray,13.small_stm_port/MassSpecData-02115-20261006-165001.csv,2026-10-06 16:40:57.831,9.199800000000002
2026-10-06 16:50:10.028,7.7629e-11,Torr,13.small_stm_port,spray,13.small_stm_port/MassSpecData-02115-20261006-165001.csv,2026-10-06 16:40:57.831,9.203283333333333
2026-10-06 16:50:10.236,8.3104e-11,Torr,13.small_stm_port,spray,13.small_stm_port/MassSpecData-02115-20261006-165001.csv,2026-10-06 16:40:57.831,9.20675
2026-10-06 16:50:10.445,7.7329e-11,Torr,13.small_stm_port,spray,13.small_stm_port/MassSpecData-02115-20261006-165001.csv,2026-10-06 16:40:57.831,9.210233333333333
2026-10-06 16:50:10.653,9.7284e-11,Torr,13.small_stm_port,spray,13.small_stm_port/MassSpecData-02115-20261006-165001.csv,2026-10-06 16:40:57.831,9.2137
2026-10-06 16:50:10.861,7.5786e-11,Torr,13.small_stm_port,spray,13.small_stm_port/MassSpecData-02115-20261006-165001.csv,2026-10-06 16:40:57.831,9.217166666666666
2026-10-06 16:50:11.070,7.3882e-11,Torr,13.small_stm_port,spray,13.small_stm_port/MassSpecData-02115-20261006-165001.csv,2026-10-06 16:40:57.831,9.220650000000001
2026-10-06 16:50:11.278,7.7055e-11,Torr,13.small_stm_port,spray,13.small_stm_port/MassSpecData-02115-20261006-165001.csv,2026-10-06 16:40:57.831,9.224116666666667
2026-10-06 16:50:11.486,9.3338e-11,Torr,13.small_stm_port,spray,13.small_stm_port/MassSpecData-02115-20261006-165001.csv,2026-10-06 16:40:57.831,9.227583333333333
2026-10-06 16:50:11.695,8.5331e-11,Torr,13.small_stm_port,spray,13.small_stm_port/MassSpecData-02115-20261006-165001.csv,2026-10-06 16:40:57.831,9.231066666666667
2026-10-06 16:50:11.903,9.0255e-11,Torr,13.small_stm_port,spray,13.small_stm_port/MassSpecData-02115-20261006-165001.csv,2026-10-06 16:40:57.831,9.234533333333333
2026-10-06 16:50:12.111,8.8095e-11,Torr,13.small_stm_port,spray,13.small_stm_port/MassSpecData-02115-20261006-165001.csv,2026-10-06 16:40:57.831,9.238
2026-10-06 16:50:12.320,9.6486e-11,Torr,13.small_stm_port,spray,13.small_stm_port/MassSpecData-02115-20261006-165001.csv,2026-10-06 16:40:57.831,9.241483333333333
2026-10-06 16:50:12.528,7.2625e-11,Torr,13.small_stm_port,spray,13.small_stm_port/MassSpecData-02115-20261006-165001.csv,2026-10-06 16:40:57.831,9.24495
2026-10-06 16:50:12.736,8.0399e-11,Torr,13.small_stm_port,spray,13.small_stm_port/MassSpecData-02115-20261006-165001.csv,2026-10-06 16:40:57.831,9.248416666666666
2026-10-06 16:50:12.945,8.1493e-11,Torr,13.small_stm_port,spray,13.small_stm_port/MassSpecData-02115-20261006-165001.csv,2026-10-06 16:40:57.831,9.251900000000001
2026-10-06 16:50:13.153,8.337e-11,Torr,13.small_stm_port,spray,13.small_stm_port/MassSpecData-02115-20261006-165001.csv,2026-10-06 16:40:57.831,9.255366666666667
2026-10-06 16:50:13.361,8.1588e-11,Torr,13.small_stm_port,spray,13.small_stm_port/MassSpecData-02115-20261006-165001.csv,2026-10-06 16:40:57.831,9.258833333333333
2026-10-06 16:50:13.570,8.0437e-11,Torr,13.small_stm_port,spray,13.small_stm_port/MassSpecData-02115-20261006-165001.csv,2026-10-06 16:40:57.831,9.262316666666667
2026-10-06 16:50:13.778,8.5223e-11,Torr,13.small_stm_port,spray,13.small_stm_port/MassSpecData-02115-20261006-165001.csv,2026-10-06 16:40:57.831,9.265783333333333
2026-10-06 16:50:13.986,8.8281e-11,Torr,13.small_stm_port,spray,13.small_stm_port/MassSpecData-02115-20261006-165001.csv,2026-10-06 16:40:57.831,9.26925
2026-10-06 16:50:14.195,7.8009e-11,Torr,13.small_stm_port,spray,13.small_stm_port/MassSpecData-02115-20261006-165001.csv,2026-10-06 16:40:57.831,9.272733333333333
2026-10-06 16:50:14.403,7.5266e-11,Torr,13.small_stm_port,spray,13.small_stm_port/MassSpecData-02115-20261006-165001.csv,2026-10-06 16:40:57.831,9.2762
2026-10-06 16:50:14.611,8.8736e-11,Torr,13.small_stm_port,spray,13.small_stm_port/MassSpecData-02115-20261006-165001.csv,2026-10-06 16:40:57.831,9.279666666666666
2026-10-06 16:50:14.820,8.4479e-11,Torr,13.small_stm_port,spray,13.small_stm_port/MassSpecData-02115-20261006-165001.csv,2026-10-06 16:40:57.831,9.283150000000001
2026-10-06 16:50:15.028,7.6958e-11,Torr,13.small_stm_port,spray,13.small_stm_port/MassSpecData-02115-20261006-165001.csv,2026-10-06 16:40:57.831,9.286616666666667
2026-10-06 16:50:15.236,8.2897e-11,Torr,13.small_stm_port,spray,13.small_stm_port/MassSpecData-02115-20261006-165001.csv,2026-10-06 16:40:57.831,9.290083333333333
2026-10-06 16:50:15.445,8.8665e-11,Torr,13.small_stm_port,spray,13.small_stm_port/MassSpecData-02115-20261006-165001.csv,2026-10-06 16:40:57.831,9.293566666666667
2026-10-06 16:50:15.653,8.7774e-11,Torr,13.small_stm_port,spray,13.small_stm_port/MassSpecData-02115-20261006-165001.csv,2026-10-06 16:40:57.831,9.297033333333333
2026-10-06 16:50:15.861,8.0605e-11,Torr,13.small_stm_port,spray,13.small_stm_port/MassSpecData-02115-20261006-165001.csv,2026-10-06 16:40:57.831,9.3005
2026-10-06 16:50:16.070,7.3715e-11,Torr,13.small_stm_port,spray,13.small_stm_port/MassSpecData-02115-20261006-165001.csv,2026-10-06 16:40:57.831,9.303983333333333
2026-10-06 16:50:16.278,7.348e-11,Torr,13.small_stm_port,spray,13.small_stm_port/MassSpecData-02115-20261006-165001.csv,2026-10-06 16:40:57.831,9.30745
2026-10-06 16:50:16.486,7.7608e-11,Torr,13.small_stm_port,spray,13.small_stm_port/MassSpecData-02115-20261006-165001.csv,2026-10-06 16:40:57.831,9.310916666666666
2026-10-06 16:50:16.695,8.1606e-11,Torr,13.small_stm_port,spray,13.small_stm_port/MassSpecData-02115-20261006-165001.csv,2026-10-06 16:40:57.831,9.314400000000001
2026-10-06 16:50:16.903,6.859e-11,Torr,13.small_stm_port,spray,13.small_stm_port/MassSpecData-02115-20261006-165001.csv,2026-10-06 16:40:57.831,9.317866666666667
2026-10-06 16:50:17.111,8.5564e-11,Torr,13.small_stm_port,spray,13.small_stm_port/MassSpecData-02115-20261006-165001.csv,2026-10-06 16:40:57.831,9.321333333333333
2026-10-06 16:50:17.320,8.9113e-11,Torr,13.small_stm_port,spray,13.small_stm_port/MassSpecData-02115-20261006-165001.csv,2026-10-06 16:40:57.831,9.324816666666667
2026-10-06 16:50:17.528,9.3945e-11,Torr,13.small_stm_port,spray,13.small_stm_port/MassSpecData-02115-20261006-165001.csv,2026-10-06 16:40:57.831,9.328283333333333
2026-10-06 16:50:17.736,9.2646e-11,Torr,13.small_stm_port,spray,13.small_stm_port/MassSpecData-02115-20261006-165001.csv,2026-10-06 16:40:57.831,9.33175
2026-10-06 16:50:17.945,7.4268e-11,Torr,13.small_stm_port,spray,13.small_stm_port/MassSpecData-02115-20261006-165001.csv,2026-10-06 16:40:57.831,9.335233333333333
2026-10-06 16:50:18.153,8.7463e-11,Torr,13.small_stm_port,spray,13.small_stm_port/MassSpecData-02115-20261006-165001.csv,2026-10-06 16:40:57.831,9.3387
2026-10-06 16:50:18.361,7.5999e-11,Torr,13.small_stm_port,spray,13.small_stm_port/MassSpecData-02115-20261006-165001.csv,2026-10-06 16:40:57.831,9.342166666666666
2026-10-06 16:50:18.570,8.2644e-11,Torr,13.small_stm_port,spray,13.small_stm_port/MassSpecData-02115-20261006-165001.csv,2026-10-06 16:40:57.831,9.345650000000001
2026-10-06 16:50:18.778,8.4532e-11,Torr,13.small_stm_port,spray,13.small_stm_port/MassSpecData-02115-20261006-165001.csv,2026-10-06 16:40:57.831,9.349116666666667
2026-10-06 16:50:18.986,8.0477e-11,Torr,13.small_stm_port,spray,13.small_stm_port/MassSpecData-02115-20261006-165001.csv,2026-10-06 16:40:57.831,9.352583333333333
2026-10-06 16:50:19.195,8.358e-11,Torr,13.small_stm_port,spray,13.small_stm_port/MassSpecData-02115-20261006-165001.csv,2026-10-06 16:40:57.831,9.356066666666667
2026-10-06 16:50:19.403,8.3433e-11,Torr,13.small_stm_port,spray,13.small_stm_port/MassSpecData-02115-20261006-165001.csv,2026-10-06 16:40:57.831,9.359533333333333
2026-10-06 16:50:19.611,8.454e-11,Torr,13.small_stm_port,spray,13.small_stm_port/MassSpecData-02115-20261006-165001.csv,2026-10-06 16:40:57.831,9.363
2026-10-06 16:50:19.820,8.0666e-11,Torr,13.small_stm_port,spray,13.small_stm_port/MassSpecData-02115-20261006-165001.csv,2026-10-06 16:40:57.831,9.366483333333333
2026-10-06 16:50:20.028,7.9784e-11,Torr,13.small_stm_port,spray,13.small_stm_port/MassSpecData-02115-20261006-165001.csv,2026-10-06 16:40:57.831,9.36995
2026-10-06 16:50:20.236,9.3066e-11,Torr,13.small_stm_port,spray,13.small_stm_port/MassSpecData-02115-20261006-165001.csv,2026-10-06 16:40:57.831,9.373416666666666
2026-10-06 16:50:20.445,9.2001e-11,Torr,13.small_stm_port,spray,13.small_stm_port/MassSpecData-02115-20261006-165001.csv,2026-10-06 16:40:57.831,9.376900000000001
2026-10-06 16:50:20.653,1.0295e-10,Torr,13.small_stm_port,spray,13.small_stm_port/MassSpecData-02115-20261006-165001.csv,2026-10-06 16:40:57.831,9.380366666666667
2026-10-06 16:50:20.861,9.0859e-11,Torr,13.small_stm_port,spray,13.small_stm_port/MassSpecData-02115-20261006-165001.csv,2026-10-06 16:40:57.831,9.383833333333333
2026-10-06 16:50:21.069,8.195e-11,Torr,13.small_stm_port,spray,13.small_stm_port/MassSpecData-02115-20261006-165001.csv,2026-10-06 16:40:57.831,9.387300000000002
2026-10-06 16:50:21.278,8.4184e-11,Torr,13.small_stm_port,spray,13.small_stm_port/MassSpecData-02115-20261006-165001.csv,2026-10-06 16:40:57.831,9.390783333333333
2026-10-06 16:50:21.486,9.3728e-11,Torr,13.small_stm_port,spray,13.small_stm_port/MassSpecData-02115-20261006-165001.csv,2026-10-06 16:40:57.831,9.39425
2026-10-06 16:50:21.694,9.5211e-11,Torr,13.small_stm_port,spray,13.small_stm_port/MassSpecData-02115-20261006-165001.csv,2026-10-06 16:40:57.831,9.397716666666668
2026-10-06 16:50:21.903,8.7494e-11,Torr,13.small_stm_port,spray,13.small_stm_port/MassSpecData-02115-20261006-165001.csv,2026-10-06 16:40:57.831,9.4012
2026-10-06 16:50:22.111,8.514e-11,Torr,13.small_stm_port,spray,13.small_stm_port/MassSpecData-02115-20261006-165001.csv,2026-10-06 16:40:57.831,9.404666666666666
2026-10-06 16:50:22.319,7.6459e-11,Torr,13.small_stm_port,spray,13.small_stm_port/MassSpecData-02115-20261006-165001.csv,2026-10-06 16:40:57.831,9.408133333333334
2026-10-06 16:50:22.528,8.829e-11,Torr,13.small_stm_port,spray,13.small_stm_port/MassSpecData-02115-20261006-165001.csv,2026-10-06 16:40:57.831,9.411616666666667
2026-10-06 16:50:22.736,7.942e-11,Torr,13.small_stm_port,spray,13.small_stm_port/MassSpecData-02115-20261006-165001.csv,2026-10-06 16:40:57.831,9.415083333333333
2026-10-06 16:50:22.944,8.3183e-11,Torr,13.small_stm_port,spray,13.small_stm_port/MassSpecData-02115-20261006-165001.csv,2026-10-06 16:40:57.831,9.418550000000002
2026-10-06 16:50:23.153,1.0833e-10,Torr,13.small_stm_port,spray,13.small_stm_port/MassSpecData-02115-20261006-165001.csv,2026-10-06 16:40:57.831,9.422033333333333
2026-10-06 16:50:23.361,8.7062e-11,Torr,13.small_stm_port,spray,13.small_stm_port/MassSpecData-02115-20261006-165001.csv,2026-10-06 16:40:57.831,9.4255
2026-10-06 16:50:23.569,7.6389e-11,Torr,13.small_stm_port,spray,13.small_stm_port/MassSpecData-02115-20261006-165001.csv,2026-10-06 16:40:57.831,9.428966666666668
2026-10-06 16:50:23.778,7.5613e-11,Torr,13.small_stm_port,spray,13.small_stm_port/MassSpecData-02115-20261006-165001.csv,2026-10-06 16:40:57.831,9.43245
2026-10-06 16:50:23.986,8.0587e-11,Torr,13.small_stm_port,spray,13.small_stm_port/MassSpecData-02115-20261006-165001.csv,2026-10-06 16:40:57.831,9.435916666666666
2026-10-06 16:50:24.194,8.3676e-11,Torr,13.small_stm_port,spray,13.small_stm_port/MassSpecData-02115-20261006-165001.csv,2026-10-06 16:40:57.831,9.439383333333334
2026-10-06 16:50:24.403,7.1649e-11,Torr,13.small_stm_port,spray,13.small_stm_port/MassSpecData-02115-20261006-165001.csv,2026-10-06 16:40:57.831,9.442866666666667
2026-10-06 16:50:24.611,7.973e-11,Torr,13.small_stm_port,spray,13.small_stm_port/MassSpecData-02115-20261006-165001.csv,2026-10-06 16:40:57.831,9.446333333333333
2026-10-06 16:50:24.819,7.8527e-11,Torr,13.small_stm_port,spray,13.small_stm_port/MassSpecData-02115-20261006-165001.csv,2026-10-06 16:40:57.831,9.449800000000002
2026-10-06 16:50:25.028,7.1439e-11,Torr,13.small_stm_port,spray,13.small_stm_port/MassSpecData-02115-20261006-165001.csv,2026-10-06 16:40:57.831,9.453283333333333
2026-10-06 16:50:25.236,8.6853e-11,Torr,13.small_stm_port,spray,13.small_stm_port/MassSpecData-02115-20261006-165001.csv,2026-10-06 16:40:57.831,9.45675
2026-10-06 16:50:25.444,7.4624e-11,Torr,13.small_stm_port,spray,13.small_stm_port/MassSpecData-02115-20261006-165001.csv,2026-10-06 16:40:57.831,9.460216666666668
2026-10-06 16:50:25.653,8.1699e-11,Torr,13.small_stm_port,spray,13.small_stm_port/MassSpecData-02115-20261006-165001.csv,2026-10-06 16:40:57.831,9.4637
2026-10-06 16:50:25.861,7.9722e-11,Torr,13.small_stm_port,spray,13.small_stm_port/MassSpecData-02115-20261006-165001.csv,2026-10-06 16:40:57.831,9.467166666666666
2026-10-06 16:50:26.069,6.9048e-11,Torr,13.small_stm_port,spray,13.small_stm_port/MassSpecData-02115-20261006-165001.csv,2026-10-06 16:40:57.831,9.470633333333334
2026-10-06 16:50:26.278,7.7745e-11,Torr,13.small_stm_port,spray,13.small_stm_port/MassSpecData-02115-20261006-165001.csv,2026-10-06 16:40:57.831,9.474116666666667
2026-10-06 16:50:26.486,7.9594e-11,Torr,13.small_stm_port,spray,13.small_stm_port/MassSpecData-02115-20261006-165001.csv,2026-10-06 16:40:57.831,9.477583333333333
2026-10-06 16:50:26.694,7.7883e-11,Torr,13.small_stm_port,spray,13.small_stm_port/MassSpecData-02115-20261006-165001.csv,2026-10-06 16:40:57.831,9.481050000000002
2026-10-06 16:50:26.903,6.7624e-11,Torr,13.small_stm_port,spray,13.small_stm_port/MassSpecData-02115-20261006-165001.csv,2026-10-06 16:40:57.831,9.484533333333333
2026-10-06 16:50:27.111,8.5764e-11,Torr,13.small_stm_port,spray,13.small_stm_port/MassSpecData-02115-20261006-165001.csv,2026-10-06 16:40:57.831,9.488
2026-10-06 16:50:27.319,7.5882e-11,Torr,13.small_stm_port,spray,13.small_stm_port/MassSpecData-02115-20261006-165001.csv,2026-10-06 16:40:57.831,9.491466666666668
2026-10-06 16:50:27.528,7.1038e-11,Torr,13.small_stm_port,spray,13.small_stm_port/MassSpecData-02115-20261006-165001.csv,2026-10-06 16:40:57.831,9.49495
2026-10-06 16:50:27.736,8.0297e-11,Torr,13.small_stm_port,spray,13.small_stm_port/MassSpecData-02115-20261006-165001.csv,2026-10-06 16:40:57.831,9.498416666666666
2026-10-06 16:50:27.944,9.4504e-11,Torr,13.small_stm_port,spray,13.small_stm_port/MassSpecData-02115-20261006-165001.csv,2026-10-06 16:40:57.831,9.501883333333334
2026-10-06 16:50:28.153,9.9628e-11,Torr,13.small_stm_port,spray,13.small_stm_port/MassSpecData-02115-20261006-165001.csv,2026-10-06 16:40:57.831,9.505366666666667
2026-10-06 16:50:28.361,8.5452e-11,Torr,13.small_stm_port,spray,13.small_stm_port/MassSpecData-02115-20261006-165001.csv,2026-10-06 16:40:57.831,9.508833333333333
2026-10-06 16:50:28.569,8.0641e-11,Torr,13.small_stm_port,spray,13.small_stm_port/MassSpecData-02115-20261006-165001.csv,2026-10-06 16:40:57.831,9.512300000000002
2026-10-06 16:50:28.778,7.9055e-11,Torr,13.small_stm_port,spray,13.small_stm_port/MassSpecData-02115-20261006-165001.csv,2026-10-06 16:40:57.831,9.515783333333333
2026-10-06 16:50:28.986,7.8779e-11,Torr,13.small_stm_port,spray,13.small_stm_port/MassSpecData-02115-20261006-165001.csv,2026-10-06 16:40:57.831,9.51925
2026-10-06 16:50:29.194,7.6061e-11,Torr,13.small_stm_port,spray,13.small_stm_port/MassSpecData-02115-20261006-165001.csv,2026-10-06 16:40:57.831,9.522716666666668
2026-10-06 16:50:29.403,8.0838e-11,Torr,13.small_stm_port,spray,13.small_stm_port/MassSpecData-02115-20261006-165001.csv,2026-10-06 16:40:57.831,9.5262
2026-10-06 16:50:29.611,8.9858e-11,Torr,13.small_stm_port,spray,13.small_stm_port/MassSpecData-02115-20261006-165001.csv,2026-10-06 16:40:57.831,9.529666666666666
2026-10-06 16:50:29.819,7.5549e-11,Torr,13.small_stm_port,spray,13.small_stm_port/MassSpecData-02115-20261006-165001.csv,2026-10-06 16:40:57.831,9.533133333333334
2026-10-06 16:50:30.028,8.4189e-11,Torr,13.small_stm_port,spray,13.small_stm_port/MassSpecData-02115-20261006-165001.csv,2026-10-06 16:40:57.831,9.536616666666667
2026-10-06 16:50:30.236,8.8244e-11,Torr,13.small_stm_port,spray,13.small_stm_port/MassSpecData-02115-20261006-165001.csv,2026-10-06 16:40:57.831,9.540083333333333
2026-10-06 16:50:30.444,7.0507e-11,Torr,13.small_stm_port,spray,13.small_stm_port/MassSpecData-02115-20261006-165001.csv,2026-10-06 16:40:57.831,9.543550000000002
2026-10-06 16:50:30.653,8.8175e-11,Torr,13.small_stm_port,spray,13.small_stm_port/MassSpecData-02115-20261006-165001.csv,2026-10-06 16:40:57.831,9.547033333333333
2026-10-06 16:50:30.861,8.914e-11,Torr,13.small_stm_port,spray,13.small_stm_port/MassSpecData-02115-20261006-165001.csv,2026-10-06 16:40:57.831,9.5505
2026-10-06 16:50:31.069,7.9396e-11,Torr,13.small_stm_port,spray,13.small_stm_port/MassSpecData-02115-20261006-165001.csv,2026-10-06 16:40:57.831,9.553966666666668
2026-10-06 16:50:31.278,8.6605e-11,Torr,13.small_stm_port,spray,13.small_stm_port/MassSpecData-02115-20261006-165001.csv,2026-10-06 16:40:57.831,9.55745
2026-10-06 16:50:31.486,7.1932e-11,Torr,13.small_stm_port,spray,13.small_stm_port/MassSpecData-02115-20261006-165001.csv,2026-10-06 16:40:57.831,9.560916666666666
2026-10-06 16:50:31.694,9.0747e-11,Torr,13.small_stm_port,spray,13.small_stm_port/MassSpecData-02115-20261006-165001.csv,2026-10-06 16:40:57.831,9.564383333333334
2026-10-06 16:50:31.903,8.4155e-11,Torr,13.small_stm_port,spray,13.small_stm_port/MassSpecData-02115-20261006-165001.csv,2026-10-06 16:40:57.831,9.567866666666667
2026-10-06 16:50:32.111,7.517e-11,Torr,13.small_stm_port,spray,13.small_stm_port/MassSpecData-02115-20261006-165001.csv,2026-10-06 16:40:57.831,9.571333333333333
2026-10-06 16:50:32.319,8.4788e-11,Torr,13.small_stm_port,spray,13.small_stm_port/MassSpecData-02115-20261006-165001.csv,2026-10-06 16:40:57.831,9.574800000000002
2026-10-06 16:50:32.528,8.5755e-11,Torr,13.small_stm_port,spray,13.small_stm_port/MassSpecData-02115-20261006-165001.csv,2026-10-06 16:40:57.831,9.578283333333333
2026-10-06 16:50:32.736,9.637e-11,Torr,13.small_stm_port,spray,13.small_stm_port/MassSpecData-02115-20261006-165001.csv,2026-10-06 16:40:57.831,9.58175
2026-10-06 16:50:32.944,7.7395e-11,Torr,13.small_stm_port,spray,13.small_stm_port/MassSpecData-02115-20261006-165001.csv,2026-10-06 16:40:57.831,9.585216666666668
2026-10-06 16:50:33.153,8.0999e-11,Torr,13.small_stm_port,spray,13.small_stm_port/MassSpecData-02115-20261006-165001.csv,2026-10-06 16:40:57.831,9.5887
2026-10-06 16:50:33.361,7.5094e-11,Torr,13.small_stm_port,spray,13.small_stm_port/MassSpecData-02115-20261006-165001.csv,2026-10-06 16:40:57.831,9.592166666666666
2026-10-06 16:50:33.569,7.3108e-11,Torr,13.small_stm_port,spray,13.small_stm_port/MassSpecData-02115-20261006-165001.csv,2026-10-06 16:40:57.831,9.595633333333334
2026-10-06 16:50:33.778,8.7364e-11,Torr,13.small_stm_port,spray,13.small_stm_port/MassSpecData-02115-20261006-165001.csv,2026-10-06 16:40:57.831,9.599116666666667
2026-10-06 16:50:33.986,8.7513e-11,Torr,13.small_stm_port,spray,13.small_stm_port/MassSpecData-02115-20261006-165001.csv,2026-10-06 16:40:57.831,9.602583333333333
2026-10-06 16:50:34.194,1.0059e-10,Torr,13.small_stm_port,spray,13.small_stm_port/MassSpecData-02115-20261006-165001.csv,2026-10-06 16:40:57.831,9.606050000000002
2026-10-06 16:50:34.403,9.0554e-11,Torr,13.small_stm_port,spray,13.small_stm_port/MassSpecData-02115-20261006-165001.csv,2026-10-06 16:40:57.831,9.609533333333333
2026-10-06 16:50:34.611,8.868e-11,Torr,13.small_stm_port,spray,13.small_stm_port/MassSpecData-02115-20261006-165001.csv,2026-10-06 16:40:57.831,9.613
2026-10-06 16:50:34.819,7.7535e-11,Torr,13.small_stm_port,spray,13.small_stm_port/MassSpecData-02115-20261006-165001.csv,2026-10-06 16:40:57.831,9.616466666666668
2026-10-06 16:50:35.028,8.2886e-11,Torr,13.small_stm_port,spray,13.small_stm_port/MassSpecData-02115-20261006-165001.csv,2026-10-06 16:40:57.831,9.61995
2026-10-06 16:50:35.236,8.5086e-11,Torr,13.small_stm_port,spray,13.small_stm_port/MassSpecData-02115-20261006-165001.csv,2026-10-06 16:40:57.831,9.623416666666666
2026-10-06 16:50:35.444,8.6324e-11,Torr,13.small_stm_port,spray,13.small_stm_port/MassSpecData-02115-20261006-165001.csv,2026-10-06 16:40:57.831,9.626883333333334
2026-10-06 16:50:35.653,7.6353e-11,Torr,13.small_stm_port,spray,13.small_stm_port/MassSpecData-02115-20261006-165001.csv,2026-10-06 16:40:57.831,9.630366666666667
2026-10-06 16:50:35.861,9.4423e-11,Torr,13.small_stm_port,spray,13.small_stm_port/MassSpecData-02115-20261006-165001.csv,2026-10-06 16:40:57.831,9.633833333333333
2026-10-06 16:50:36.069,8.6283e-11,Torr,13.small_stm_port,spray,13.small_stm_port/MassSpecData-02115-20261006-165001.csv,2026-10-06 16:40:57.831,9.637300000000002
2026-10-06 16:50:36.278,8.3914e-11,Torr,13.small_stm_port,spray,13.small_stm_port/MassSpecData-02115-20261006-165001.csv,2026-10-06 16:40:57.831,9.640783333333333
2026-10-06 16:50:36.486,7.7363e-11,Torr,13.small_stm_port,spray,13.small_stm_port/MassSpecData-02115-20261006-165001.csv,2026-10-06 16:40:57.831,9.64425
2026-10-06 16:50:36.694,7.7024e-11,Torr,13.small_stm_port,spray,13.small_stm_port/MassSpecData-02115-20261006-165001.csv,2026-10-06 16:40:57.831,9.647716666666668
2026-10-06 16:50:36.903,8.485e-11,Torr,13.small_stm_port,spray,13.small_stm_port/MassSpecData-02115-20261006-165001.csv,2026-10-06 16:40:57.831,9.6512
2026-10-06 16:50:37.111,1.0157e-10,Torr,13.small_stm_port,spray,13.small_stm_port/MassSpecData-02115-20261006-165001.csv,2026-10-06 16:40:57.831,9.654666666666666
2026-10-06 16:50:37.319,7.9983e-11,Torr,13.small_stm_port,spray,13.small_stm_port/MassSpecData-02115-20261006-165001.csv,2026-10-06 16:40:57.831,9.658133333333334
2026-10-06 16:50:37.528,8.5602e-11,Torr,13.small_stm_port,spray,13.small_stm_port/MassSpecData-02115-20261006-165001.csv,2026-10-06 16:40:57.831,9.661616666666667
2026-10-06 16:50:37.736,8.6053e-11,Torr,13.small_stm_port,spray,13.small_stm_port/MassSpecData-02115-20261006-165001.csv,2026-10-06 16:40:57.831,9.665083333333333
2026-10-06 16:50:37.944,9.1329e-11,Torr,13.small_stm_port,spray,13.small_stm_port/MassSpecData-02115-20261006-165001.csv,2026-10-06 16:40:57.831,9.668550000000002
2026-10-06 16:50:38.153,7.6598e-11,Torr,13.small_stm_port,spray,13.small_stm_port/MassSpecData-02115-20261006-165001.csv,2026-10-06 16:40:57.831,9.672033333333333
2026-10-06 16:50:38.361,9.1477e-11,Torr,13.small_stm_port,spray,13.small_stm_port/MassSpecData-02115-20261006-165001.csv,2026-10-06 16:40:57.831,9.6755
2026-10-06 16:50:38.569,8.2637e-11,Torr,13.small_stm_port,spray,13.small_stm_port/MassSpecData-02115-20261006-165001.csv,2026-10-06 16:40:57.831,9.678966666666668
2026-10-06 16:50:38.778,7.6417e-11,Torr,13.small_stm_port,spray,13.small_stm_port/MassSpecData-02115-20261006-165001.csv,2026-10-06 16:40:57.831,9.68245
2026-10-06 16:50:38.986,8.3464e-11,Torr,13.small_stm_port,spray,13.small_stm_port/MassSpecData-02115-20261006-165001.csv,2026-10-06 16:40:57.831,9.685916666666666
2026-10-06 16:50:39.195,8.3796e-11,Torr,13.small_stm_port,spray,13.small_stm_port/MassSpecData-02115-20261006-165001.csv,2026-10-06 16:40:57.831,9.689400000000001
2026-10-06 16:50:39.403,7.1211e-11,Torr,13.small_stm_port,spray,13.small_stm_port/MassSpecData-02115-20261006-165001.csv,2026-10-06 16:40:57.831,9.692866666666667
2026-10-06 16:50:39.611,9.1547e-11,Torr,13.small_stm_port,spray,13.small_stm_port/MassSpecData-02115-20261006-165001.csv,2026-10-06 16:40:57.831,9.696333333333333
2026-10-06 16:50:39.820,7.0086e-11,Torr,13.small_stm_port,spray,13.small_stm_port/MassSpecData-02115-20261006-165001.csv,2026-10-06 16:40:57.831,9.699816666666667
2026-10-06 16:50:40.028,8.5739e-11,Torr,13.small_stm_port,spray,13.small_stm_port/MassSpecData-02115-20261006-165001.csv,2026-10-06 16:40:57.831,9.703283333333333
2026-10-06 16:50:40.236,9.6921e-11,Torr,13.small_stm_port,spray,13.small_stm_port/MassSpecData-02115-20261006-165001.csv,2026-10-06 16:40:57.831,9.70675
2026-10-06 16:50:40.445,8.6454e-11,Torr,13.small_stm_port,spray,13.small_stm_port/MassSpecData-02115-20261006-165001.csv,2026-10-06 16:40:57.831,9.710233333333333
2026-10-06 16:50:40.653,9.2384e-11,Torr,13.small_stm_port,spray,13.small_stm_port/MassSpecData-02115-20261006-165001.csv,2026-10-06 16:40:57.831,9.7137
2026-10-06 16:50:40.861,8.5498e-11,Torr,13.small_stm_port,spray,13.small_stm_port/MassSpecData-02115-20261006-165001.csv,2026-10-06 16:40:57.831,9.717166666666666
2026-10-06 16:50:41.070,8.4717e-11,Torr,13.small_stm_port,spray,13.small_stm_port/MassSpecData-02115-20261006-165001.csv,2026-10-06 16:40:57.831,9.720650000000001
2026-10-06 16:50:41.278,8.6607e-11,Torr,13.small_stm_port,spray,13.small_stm_port/MassSpecData-02115-20261006-165001.csv,2026-10-06 16:40:57.831,9.724116666666667
2026-10-06 16:50:41.486,8.6081e-11,Torr,13.small_stm_port,spray,13.small_stm_port/MassSpecData-02115-20261006-165001.csv,2026-10-06 16:40:57.831,9.727583333333333
2026-10-06 16:50:41.695,7.2807e-11,Torr,13.small_stm_port,spray,13.small_stm_port/MassSpecData-02115-20261006-165001.csv,2026-10-06 16:40:57.831,9.731066666666667
2026-10-06 16:50:41.903,7.1202e-11,Torr,13.small_stm_port,spray,13.small_stm_port/MassSpecData-02115-20261006-165001.csv,2026-10-06 16:40:57.831,9.734533333333333
2026-10-06 16:50:42.111,6.3907e-11,Torr,13.small_stm_port,spray,13.small_stm_port/MassSpecData-02115-20261006-165001.csv,2026-10-06 16:40:57.831,9.738
2026-10-06 16:50:42.320,9.0664e-11,Torr,13.small_stm_port,spray,13.small_stm_port/MassSpecData-02115-20261006-165001.csv,2026-10-06 16:40:57.831,9.741483333333333
2026-10-06 16:50:42.528,9.2113e-11,Torr,13.small_stm_port,spray,13.small_stm_port/MassSpecData-02115-20261006-165001.csv,2026-10-06 16:40:57.831,9.74495
2026-10-06 16:50:42.736,6.7619e-11,Torr,13.small_stm_port,spray,13.small_stm_port/MassSpecData-02115-20261006-165001.csv,2026-10-06 16:40:57.831,9.748416666666666
2026-10-06 16:50:43.145,6.6618e-11,Torr,13.small_stm_port,spray,13.small_stm_port/MassSpecData-02115-20261006-165043.csv,2026-10-06 16:40:57.831,9.755233333333333
2026-10-06 16:50:43.353,7.5755e-11,Torr,13.small_stm_port,spray,13.small_stm_port/MassSpecData-02115-20261006-165043.csv,2026-10-06 16:40:57.831,9.758700000000001
2026-10-06 16:50:43.562,8.2371e-11,Torr,13.small_stm_port,spray,13.small_stm_port/MassSpecData-02115-20261006-165043.csv,2026-10-06 16:40:57.831,9.762183333333333
2026-10-06 16:50:43.770,9.9927e-11,Torr,13.small_stm_port,spray,13.small_stm_port/MassSpecData-02115-20261006-165043.csv,2026-10-06 16:40:57.831,9.765649999999999
2026-10-06 16:50:43.978,8.5689e-11,Torr,13.small_stm_port,spray,13.small_stm_port/MassSpecData-02115-20261006-165043.csv,2026-10-06 16:40:57.831,9.769116666666667
2026-10-06 16:50:44.187,7.0527e-11,Torr,13.small_stm_port,spray,13.small_stm_port/MassSpecData-02115-20261006-165043.csv,2026-10-06 16:40:57.831,9.7726
2026-10-06 16:50:44.395,8.4808e-11,Torr,13.small_stm_port,spray,13.small_stm_port/MassSpecData-02115-20261006-165043.csv,2026-10-06 16:40:57.831,9.776066666666667
2026-10-06 16:50:44.603,7.692e-11,Torr,13.small_stm_port,spray,13.small_stm_port/MassSpecData-02115-20261006-165043.csv,2026-10-06 16:40:57.831,9.779533333333335
2026-10-06 16:50:44.811,8.2233e-11,Torr,13.small_stm_port,spray,13.small_stm_port/MassSpecData-02115-20261006-165043.csv,2026-10-06 16:40:57.831,9.783
2026-10-06 16:50:45.020,8.3605e-11,Torr,13.small_stm_port,spray,13.small_stm_port/MassSpecData-02115-20261006-165043.csv,2026-10-06 16:40:57.831,9.786483333333333
2026-10-06 16:50:45.228,8.4184e-11,Torr,13.small_stm_port,spray,13.small_stm_port/MassSpecData-02115-20261006-165043.csv,2026-10-06 16:40:57.831,9.789950000000001
2026-10-06 16:50:45.437,7.8387e-11,Torr,13.small_stm_port,spray,13.small_stm_port/MassSpecData-02115-20261006-165043.csv,2026-10-06 16:40:57.831,9.793433333333333
2026-10-06 16:50:45.645,8.239e-11,Torr,13.small_stm_port,spray,13.small_stm_port/MassSpecData-02115-20261006-165043.csv,2026-10-06 16:40:57.831,9.796899999999999
2026-10-06 16:50:45.853,7.7837e-11,Torr,13.small_stm_port,spray,13.small_stm_port/MassSpecData-02115-20261006-165043.csv,2026-10-06 16:40:57.831,9.800366666666667
2026-10-06 16:50:46.062,9.1714e-11,Torr,13.small_stm_port,spray,13.small_stm_port/MassSpecData-02115-20261006-165043.csv,2026-10-06 16:40:57.831,9.80385
2026-10-06 16:50:46.270,8.5613e-11,Torr,13.small_stm_port,spray,13.small_stm_port/MassSpecData-02115-20261006-165043.csv,2026-10-06 16:40:57.831,9.807316666666667
2026-10-06 16:50:46.478,9.7144e-11,Torr,13.small_stm_port,spray,13.small_stm_port/MassSpecData-02115-20261006-165043.csv,2026-10-06 16:40:57.831,9.810783333333335
2026-10-06 16:50:46.687,7.8538e-11,Torr,13.small_stm_port,spray,13.small_stm_port/MassSpecData-02115-20261006-165043.csv,2026-10-06 16:40:57.831,9.814266666666667
2026-10-06 16:50:46.895,8.7518e-11,Torr,13.small_stm_port,spray,13.small_stm_port/MassSpecData-02115-20261006-165043.csv,2026-10-06 16:40:57.831,9.817733333333333
2026-10-06 16:50:47.103,7.9783e-11,Torr,13.small_stm_port,spray,13.small_stm_port/MassSpecData-02115-20261006-165043.csv,2026-10-06 16:40:57.831,9.821200000000001
2026-10-06 16:50:47.312,8.2369e-11,Torr,13.small_stm_port,spray,13.small_stm_port/MassSpecData-02115-20261006-165043.csv,2026-10-06 16:40:57.831,9.824683333333333
2026-10-06 16:50:47.520,7.0437e-11,Torr,13.small_stm_port,spray,13.small_stm_port/MassSpecData-02115-20261006-165043.csv,2026-10-06 16:40:57.831,9.828149999999999
2026-10-06 16:50:47.728,9.0873e-11,Torr,13.small_stm_port,spray,13.small_stm_port/MassSpecData-02115-20261006-165043.csv,2026-10-06 16:40:57.831,9.831616666666667
2026-10-06 16:50:47.937,7.6949e-11,Torr,13.small_stm_port,spray,13.small_stm_port/MassSpecData-02115-20261006-165043.csv,2026-10-06 16:40:57.831,9.8351
2026-10-06 16:50:48.145,9.2715e-11,Torr,13.small_stm_port,spray,13.small_stm_port/MassSpecData-02115-20261006-165043.csv,2026-10-06 16:40:57.831,9.838566666666667
2026-10-06 16:50:48.353,7.4879e-11,Torr,13.small_stm_port,spray,13.small_stm_port/MassSpecData-02115-20261006-165043.csv,2026-10-06 16:40:57.831,9.842033333333335
2026-10-06 16:50:48.561,9.3559e-11,Torr,13.small_stm_port,spray,13.small_stm_port/MassSpecData-02115-20261006-165043.csv,2026-10-06 16:40:57.831,9.8455
2026-10-06 16:50:48.770,8.338e-11,Torr,13.small_stm_port,spray,13.small_stm_port/MassSpecData-02115-20261006-165043.csv,2026-10-06 16:40:57.831,9.848983333333333
2026-10-06 16:50:48.978,7.529e-11,Torr,13.small_stm_port,spray,13.small_stm_port/MassSpecData-02115-20261006-165043.csv,2026-10-06 16:40:57.831,9.852450000000001
2026-10-06 16:50:49.186,8.2791e-11,Torr,13.small_stm_port,spray,13.small_stm_port/MassSpecData-02115-20261006-165043.csv,2026-10-06 16:40:57.831,9.855916666666667
2026-10-06 16:50:49.395,8.4367e-11,Torr,13.small_stm_port,spray,13.small_stm_port/MassSpecData-02115-20261006-165043.csv,2026-10-06 16:40:57.831,9.859399999999999
2026-10-06 16:50:49.603,8.8967e-11,Torr,13.small_stm_port,spray,13.small_stm_port/MassSpecData-02115-20261006-165043.csv,2026-10-06 16:40:57.831,9.862866666666667
2026-10-06 16:50:49.811,8.3105e-11,Torr,13.small_stm_port,spray,13.small_stm_port/MassSpecData-02115-20261006-165043.csv,2026-10-06 16:40:57.831,9.866333333333333
2026-10-06 16:50:50.020,7.4434e-11,Torr,13.small_stm_port,spray,13.small_stm_port/MassSpecData-02115-20261006-165043.csv,2026-10-06 16:40:57.831,9.869816666666667
2026-10-06 16:50:50.228,8.2361e-11,Torr,13.small_stm_port,spray,13.small_stm_port/MassSpecData-02115-20261006-165043.csv,2026-10-06 16:40:57.831,9.873283333333335
2026-10-06 16:50:50.436,8.3594e-11,Torr,13.small_stm_port,spray,13.small_stm_port/MassSpecData-02115-20261006-165043.csv,2026-10-06 16:40:57.831,9.87675
2026-10-06 16:50:50.645,9.7301e-11,Torr,13.small_stm_port,spray,13.small_stm_port/MassSpecData-02115-20261006-165043.csv,2026-10-06 16:40:57.831,9.880233333333333
2026-10-06 16:50:50.853,8.9696e-11,Torr,13.small_stm_port,spray,13.small_stm_port/MassSpecData-02115-20261006-165043.csv,2026-10-06 16:40:57.831,9.883700000000001
2026-10-06 16:50:51.061,7.6011e-11,Torr,13.small_stm_port,spray,13.small_stm_port/MassSpecData-02115-20261006-165043.csv,2026-10-06 16:40:57.831,9.887166666666667
2026-10-06 16:50:51.270,1.006e-10,Torr,13.small_stm_port,spray,13.small_stm_port/MassSpecData-02115-20261006-165043.csv,2026-10-06 16:40:57.831,9.890649999999999
2026-10-06 16:50:51.478,8.13e-11,Torr,13.small_stm_port,spray,13.small_stm_port/MassSpecData-02115-20261006-165043.csv,2026-10-06 16:40:57.831,9.894116666666667
2026-10-06 16:50:51.686,7.8983e-11,Torr,13.small_stm_port,spray,13.small_stm_port/MassSpecData-02115-20261006-165043.csv,2026-10-06 16:40:57.831,9.897583333333333
2026-10-06 16:50:51.895,8.5515e-11,Torr,13.small_stm_port,spray,13.small_stm_port/MassSpecData-02115-20261006-165043.csv,2026-10-06 16:40:57.831,9.901066666666667
2026-10-06 16:50:52.103,8.4111e-11,Torr,13.small_stm_port,spray,13.small_stm_port/MassSpecData-02115-20261006-165043.csv,2026-10-06 16:40:57.831,9.904533333333335
2026-10-06 16:50:52.312,8.3264e-11,Torr,13.small_stm_port,spray,13.small_stm_port/MassSpecData-02115-20261006-165043.csv,2026-10-06 16:40:57.831,9.908016666666667
2026-10-06 16:50:52.520,8.1043e-11,Torr,13.small_stm_port,spray,13.small_stm_port/MassSpecData-02115-20261006-165043.csv,2026-10-06 16:40:57.831,9.911483333333333
2026-10-06 16:50:52.728,9.2831e-11,Torr,13.small_stm_port,spray,13.small_stm_port/MassSpecData-02115-20261006-165043.csv,2026-10-06 16:40:57.831,9.914950000000001
2026-10-06 16:50:52.937,9.3747e-11,Torr,13.small_stm_port,spray,13.small_stm_port/MassSpecData-02115-20261006-165043.csv,2026-10-06 16:40:57.831,9.918433333333333
2026-10-06 16:50:53.145,7.5053e-11,Torr,13.small_stm_port,spray,13.small_stm_port/MassSpecData-02115-20261006-165043.csv,2026-10-06 16:40:57.831,9.921899999999999
2026-10-06 16:50:53.353,6.8617e-11,Torr,13.small_stm_port,spray,13.small_stm_port/MassSpecData-02115-20261006-165043.csv,2026-10-06 16:40:57.831,9.925366666666667
2026-10-06 16:50:53.562,7.9544e-11,Torr,13.small_stm_port,spray,13.small_stm_port/MassSpecData-02115-20261006-165043.csv,2026-10-06 16:40:57.831,9.92885
2026-10-06 16:50:53.770,7.9621e-11,Torr,13.small_stm_port,spray,13.small_stm_port/MassSpecData-02115-20261006-165043.csv,2026-10-06 16:40:57.831,9.932316666666667
2026-10-06 16:50:53.978,7.8992e-11,Torr,13.small_stm_port,spray,13.small_stm_port/MassSpecData-02115-20261006-165043.csv,2026-10-06 16:40:57.831,9.935783333333335
2026-10-06 16:50:54.187,8.1677e-11,Torr,13.small_stm_port,spray,13.small_stm_port/MassSpecData-02115-20261006-165043.csv,2026-10-06 16:40:57.831,9.939266666666667
2026-10-06 16:50:54.395,7.9469e-11,Torr,13.small_stm_port,spray,13.small_stm_port/MassSpecData-02115-20261006-165043.csv,2026-10-06 16:40:57.831,9.942733333333333
2026-10-06 16:50:54.603,7.3364e-11,Torr,13.small_stm_port,spray,13.small_stm_port/MassSpecData-02115-20261006-165043.csv,2026-10-06 16:40:57.831,9.946200000000001
2026-10-06 16:50:54.812,7.0153e-11,Torr,13.small_stm_port,spray,13.small_stm_port/MassSpecData-02115-20261006-165043.csv,2026-10-06 16:40:57.831,9.949683333333333
2026-10-06 16:50:55.020,8.1831e-11,Torr,13.small_stm_port,spray,13.small_stm_port/MassSpecData-02115-20261006-165043.csv,2026-10-06 16:40:57.831,9.953149999999999
2026-10-06 16:50:55.228,8.8069e-11,Torr,13.small_stm_port,spray,13.small_stm_port/MassSpecData-02115-20261006-165043.csv,2026-10-06 16:40:57.831,9.956616666666667
2026-10-06 16:50:55.437,9.4852e-11,Torr,13.small_stm_port,spray,13.small_stm_port/MassSpecData-02115-20261006-165043.csv,2026-10-06 16:40:57.831,9.9601
2026-10-06 16:50:55.645,9.0713e-11,Torr,13.small_stm_port,spray,13.small_stm_port/MassSpecData-02115-20261006-165043.csv,2026-10-06 16:40:57.831,9.963566666666667
2026-10-06 16:50:55.853,8.4716e-11,Torr,13.small_stm_port,spray,13.small_stm_port/MassSpecData-02115-20261006-165043.csv,2026-10-06 16:40:57.831,9.967033333333335
2026-10-06 16:50:56.062,8.0821e-11,Torr,13.small_stm_port,spray,13.small_stm_port/MassSpecData-02115-20261006-165043.csv,2026-10-06 16:40:57.831,9.970516666666667
2026-10-06 16:50:56.270,8.7524e-11,Torr,13.small_stm_port,spray,13.small_stm_port/MassSpecData-02115-20261006-165043.csv,2026-10-06 16:40:57.831,9.973983333333333
2026-10-06 16:50:56.478,9.3077e-11,Torr,13.small_stm_port,spray,13.small_stm_port/MassSpecData-02115-20261006-165043.csv,2026-10-06 16:40:57.831,9.977450000000001
2026-10-06 16:50:56.687,9.9843e-11,Torr,13.small_stm_port,spray,13.small_stm_port/MassSpecData-02115-20261006-165043.csv,2026-10-06 16:40:57.831,9.980933333333333
2026-10-06 16:50:56.895,8.9593e-11,Torr,13.small_stm_port,spray,13.small_stm_port/MassSpecData-02115-20261006-165043.csv,2026-10-06 16:40:57.831,9.984399999999999
2026-10-06 16:50:57.103,8.0504e-11,Torr,13.small_stm_port,spray,13.small_stm_port/MassSpecData-02115-20261006-165043.csv,2026-10-06 16:40:57.831,9.987866666666667
2026-10-06 16:50:57.312,8.6607e-11,Torr,13.small_stm_port,spray,13.small_stm_port/MassSpecData-02115-20261006-165043.csv,2026-10-06 16:40:57.831,9.99135
2026-10-06 16:50:57.520,7.0868e-11,Torr,13.small_stm_port,spray,13.small_stm_port/MassSpecData-02115-20261006-165043.csv,2026-10-06 16:40:57.831,9.994816666666667
2026-10-06 16:50:57.728,8.3498e-11,Torr,13.small_stm_port,spray,13.small_stm_port/MassSpecData-02115-20261006-165043.csv,2026-10-06 16:40:57.831,9.998283333333335
2026-10-06 16:50:57.937,8.5643e-11,Torr,13.small_stm_port,spray,13.small_stm_port/MassSpecData-02115-20261006-165043.csv,2026-10-06 16:40:57.831,10.001766666666667
2026-10-06 16:50:58.145,7.4873e-11,Torr,13.small_stm_port,spray,13.small_stm_port/MassSpecData-02115-20261006-165043.csv,2026-10-06 16:40:57.831,10.005233333333333
2026-10-06 16:50:58.353,8.5591e-11,Torr,13.small_stm_port,spray,13.small_stm_port/MassSpecData-02115-20261006-165043.csv,2026-10-06 16:40:57.831,10.008700000000001
2026-10-06 16:50:58.562,9.4367e-11,Torr,13.small_stm_port,spray,13.small_stm_port/MassSpecData-02115-20261006-165043.csv,2026-10-06 16:40:57.831,10.012183333333333
2026-10-06 16:50:58.770,7.2996e-11,Torr,13.small_stm_port,spray,13.small_stm_port/MassSpecData-02115-20261006-165043.csv,2026-10-06 16:40:57.831,10.015649999999999
2026-10-06 16:50:58.978,7.9021e-11,Torr,13.small_stm_port,spray,13.small_stm_port/MassSpecData-02115-20261006-165043.csv,2026-10-06 16:40:57.831,10.019116666666667
2026-10-06 16:50:59.187,8.5999e-11,Torr,13.small_stm_port,spray,13.small_stm_port/MassSpecData-02115-20261006-165043.csv,2026-10-06 16:40:57.831,10.0226
2026-10-06 16:50:59.395,7.7343e-11,Torr,13.small_stm_port,spray,13.small_stm_port/MassSpecData-02115-20261006-165043.csv,2026-10-06 16:40:57.831,10.026066666666667
2026-10-06 16:50:59.603,8.5397e-11,Torr,13.small_stm_port,spray,13.small_stm_port/MassSpecData-02115-20261006-165043.csv,2026-10-06 16:40:57.831,10.029533333333335
2026-10-06 16:50:59.812,8.9854e-11,Torr,13.small_stm_port,spray,13.small_stm_port/MassSpecData-02115-20261006-165043.csv,2026-10-06 16:40:57.831,10.033016666666667
2026-10-06 16:51:00.020,8.5997e-11,Torr,13.small_stm_port,spray,13.small_stm_port/MassSpecData-02115-20261006-165043.csv,2026-10-06 16:40:57.831,10.036483333333333
2026-10-06 16:51:00.228,9.728e-11,Torr,13.small_stm_port,spray,13.small_stm_port/MassSpecData-02115-20261006-165043.csv,2026-10-06 16:40:57.831,10.039950000000001
2026-10-06 16:51:00.437,8.1124e-11,Torr,13.small_stm_port,spray,13.small_stm_port/MassSpecData-02115-20261006-165043.csv,2026-10-06 16:40:57.831,10.043433333333333
2026-10-06 16:51:00.645,6.7164e-11,Torr,13.small_stm_port,spray,13.small_stm_port/MassSpecData-02115-20261006-165043.csv,2026-10-06 16:40:57.831,10.046899999999999
2026-10-06 16:51:00.853,8.3374e-11,Torr,13.small_stm_port,spray,13.small_stm_port/MassSpecData-02115-20261006-165043.csv,2026-10-06 16:40:57.831,10.050366666666667
2026-10-06 16:51:01.062,9.6681e-11,Torr,13.small_stm_port,spray,13.small_stm_port/MassSpecData-02115-20261006-165043.csv,2026-10-06 16:40:57.831,10.05385
2026-10-06 16:51:01.270,8.132e-11,Torr,13.small_stm_port,spray,13.small_stm_port/MassSpecData-02115-20261006-165043.csv,2026-10-06 16:40:57.831,10.057316666666667
2026-10-06 16:51:01.478,8.0615e-11,Torr,13.small_stm_port,spray,13.small_stm_port/MassSpecData-02115-20261006-165043.csv,2026-10-06 16:40:57.831,10.060783333333335
2026-10-06 16:51:01.687,6.5233e-11,Torr,13.small_stm_port,spray,13.small_stm_port/MassSpecData-02115-20261006-165043.csv,2026-10-06 16:40:57.831,10.064266666666667
2026-10-06 16:51:01.895,6.5391e-11,Torr,13.small_stm_port,spray,13.small_stm_port/MassSpecData-02115-20261006-165043.csv,2026-10-06 16:40:57.831,10.067733333333333
2026-10-06 16:51:02.103,8.6827e-11,Torr,13.small_stm_port,spray,13.small_stm_port/MassSpecData-02115-20261006-165043.csv,2026-10-06 16:40:57.831,10.071200000000001
2026-10-06 16:51:02.312,6.7001e-11,Torr,13.small_stm_port,spray,13.small_stm_port/MassSpecData-02115-20261006-165043.csv,2026-10-06 16:40:57.831,10.074683333333333
2026-10-06 16:51:02.520,8.7851e-11,Torr,13.small_stm_port,spray,13.small_stm_port/MassSpecData-02115-20261006-165043.csv,2026-10-06 16:40:57.831,10.078149999999999
2026-10-06 16:51:02.728,6.6629e-11,Torr,13.small_stm_port,spray,13.small_stm_port/MassSpecData-02115-20261006-165043.csv,2026-10-06 16:40:57.831,10.081616666666667
2026-10-06 16:51:02.936,8.4543e-11,Torr,13.small_stm_port,spray,13.small_stm_port/MassSpecData-02115-20261006-165043.csv,2026-10-06 16:40:57.831,10.085083333333333
2026-10-06 16:51:03.145,7.784e-11,Torr,13.small_stm_port,spray,13.small_stm_port/MassSpecData-02115-20261006-165043.csv,2026-10-06 16:40:57.831,10.088566666666667
2026-10-06 16:51:03.353,7.3045e-11,Torr,13.small_stm_port,spray,13.small_stm_port/MassSpecData-02115-20261006-165043.csv,2026-10-06 16:40:57.831,10.092033333333335
2026-10-06 16:51:03.561,8.8899e-11,Torr,13.small_stm_port,spray,13.small_stm_port/MassSpecData-02115-20261006-165043.csv,2026-10-06 16:40:57.831,10.0955
2026-10-06 16:51:03.770,8.8569e-11,Torr,13.small_stm_port,spray,13.small_stm_port/MassSpecData-02115-20261006-165043.csv,2026-10-06 16:40:57.831,10.098983333333333
2026-10-06 16:51:03.978,8.2369e-11,Torr,13.small_stm_port,spray,13.small_stm_port/MassSpecData-02115-20261006-165043.csv,2026-10-06 16:40:57.831,10.102450000000001
2026-10-06 16:51:04.186,6.7914e-11,Torr,13.small_stm_port,spray,13.small_stm_port/MassSpecData-02115-20261006-165043.csv,2026-10-06 16:40:57.831,10.105916666666667
2026-10-06 16:51:04.395,8.6205e-11,Torr,13.small_stm_port,spray,13.small_stm_port/MassSpecData-02115-20261006-165043.csv,2026-10-06 16:40:57.831,10.109399999999999
2026-10-06 16:51:04.603,7.7793e-11,Torr,13.small_stm_port,spray,13.small_stm_port/MassSpecData-02115-20261006-165043.csv,2026-10-06 16:40:57.831,10.112866666666667
2026-10-06 16:51:04.811,8.4496e-11,Torr,13.small_stm_port,spray,13.small_stm_port/MassSpecData-02115-20261006-165043.csv,2026-10-06 16:40:57.831,10.116333333333333
2026-10-06 16:51:05.020,6.9651e-11,Torr,13.small_stm_port,spray,13.small_stm_port/MassSpecData-02115-20261006-165043.csv,2026-10-06 16:40:57.831,10.119816666666667
2026-10-06 16:51:05.228,7.7037e-11,Torr,13.small_stm_port,spray,13.small_stm_port/MassSpecData-02115-20261006-165043.csv,2026-10-06 16:40:57.831,10.123283333333335
2026-10-06 16:51:05.436,8.3802e-11,Torr,13.small_stm_port,spray,13.small_stm_port/MassSpecData-02115-20261006-165043.csv,2026-10-06 16:40:57.831,10.12675
2026-10-06 16:51:05.645,7.5995e-11,Torr,13.small_stm_port,spray,13.small_stm_port/MassSpecData-02115-20261006-165043.csv,2026-10-06 16:40:57.831,10.130233333333333
2026-10-06 16:51:05.853,7.5662e-11,Torr,13.small_stm_port,spray,13.small_stm_port/MassSpecData-02115-20261006-165043.csv,2026-10-06 16:40:57.831,10.133700000000001
2026-10-06 16:51:06.061,8.9119e-11,Torr,13.small_stm_port,spray,13.small_stm_port/MassSpecData-02115-20261006-165043.csv,2026-10-06 16:40:57.831,10.137166666666667
2026-10-06 16:51:06.270,8.5669e-11,Torr,13.small_stm_port,spray,13.small_stm_port/MassSpecData-02115-20261006-165043.csv,2026-10-06 16:40:57.831,10.140649999999999
2026-10-06 16:51:06.478,6.7999e-11,Torr,13.small_stm_port,spray,13.small_stm_port/MassSpecData-02115-20261006-165043.csv,2026-10-06 16:40:57.831,10.144116666666667
2026-10-06 16:51:06.686,6.9755e-11,Torr,13.small_stm_port,spray,13.small_stm_port/MassSpecData-02115-20261006-165043.csv,2026-10-06 16:40:57.831,10.147583333333333
2026-10-06 16:51:06.895,8.315e-11,Torr,13.small_stm_port,spray,13.small_stm_port/MassSpecData-02115-20261006-165043.csv,2026-10-06 16:40:57.831,10.151066666666667
2026-10-06 16:51:07.103,7.091e-11,Torr,13.small_stm_port,spray,13.small_stm_port/MassSpecData-02115-20261006-165043.csv,2026-10-06 16:40:57.831,10.154533333333335
2026-10-06 16:51:07.311,8.6816e-11,Torr,13.small_stm_port,spray,13.small_stm_port/MassSpecData-02115-20261006-165043.csv,2026-10-06 16:40:57.831,10.158
2026-10-06 16:51:07.520,7.9214e-11,Torr,13.small_stm_port,spray,13.small_stm_port/MassSpecData-02115-20261006-165043.csv,2026-10-06 16:40:57.831,10.161483333333333
2026-10-06 16:51:07.728,8.4267e-11,Torr,13.small_stm_port,spray,13.small_stm_port/MassSpecData-02115-20261006-165043.csv,2026-10-06 16:40:57.831,10.164950000000001
2026-10-06 16:51:07.936,7.6531e-11,Torr,13.small_stm_port,spray,13.small_stm_port/MassSpecData-02115-20261006-165043.csv,2026-10-06 16:40:57.831,10.168416666666667
2026-10-06 16:51:08.145,7.0081e-11,Torr,13.small_stm_port,spray,13.small_stm_port/MassSpecData-02115-20261006-165043.csv,2026-10-06 16:40:57.831,10.171899999999999
2026-10-06 16:51:08.353,7.6375e-11,Torr,13.small_stm_port,spray,13.small_stm_port/MassSpecData-02115-20261006-165043.csv,2026-10-06 16:40:57.831,10.175366666666667
2026-10-06 16:51:08.561,7.8726e-11,Torr,13.small_stm_port,spray,13.small_stm_port/MassSpecData-02115-20261006-165043.csv,2026-10-06 16:40:57.831,10.178833333333333
2026-10-06 16:51:08.770,7.977e-11,Torr,13.small_stm_port,spray,13.small_stm_port/MassSpecData-02115-20261006-165043.csv,2026-10-06 16:40:57.831,10.182316666666667
2026-10-06 16:51:08.978,8.7661e-11,Torr,13.small_stm_port,spray,13.small_stm_port/MassSpecData-02115-20261006-165043.csv,2026-10-06 16:40:57.831,10.185783333333335
2026-10-06 16:51:09.186,8.11e-11,Torr,13.small_stm_port,spray,13.small_stm_port/MassSpecData-02115-20261006-165043.csv,2026-10-06 16:40:57.831,10.18925
2026-10-06 16:51:09.395,8.5311e-11,Torr,13.small_stm_port,spray,13.small_stm_port/MassSpecData-02115-20261006-165043.csv,2026-10-06 16:40:57.831,10.192733333333333
2026-10-06 16:51:09.603,9.7105e-11,Torr,13.small_stm_port,spray,13.small_stm_port/MassSpecData-02115-20261006-165043.csv,2026-10-06 16:40:57.831,10.196200000000001
2026-10-06 16:51:09.811,8.917e-11,Torr,13.small_stm_port,spray,13.small_stm_port/MassSpecData-02115-20261006-165043.csv,2026-10-06 16:40:57.831,10.199666666666667
2026-10-06 16:51:10.020,7.0151e-11,Torr,13.small_stm_port,spray,13.small_stm_port/MassSpecData-02115-20261006-165043.csv,2026-10-06 16:40:57.831,10.203149999999999
2026-10-06 16:51:10.228,7.9656e-11,Torr,13.small_stm_port,spray,13.small_stm_port/MassSpecData-02115-20261006-165043.csv,2026-10-06 16:40:57.831,10.206616666666667
2026-10-06 16:51:10.436,8.2528e-11,Torr,13.small_stm_port,spray,13.small_stm_port/MassSpecData-02115-20261006-165043.csv,2026-10-06 16:40:57.831,10.210083333333333
2026-10-06 16:51:10.645,8.1921e-11,Torr,13.small_stm_port,spray,13.small_stm_port/MassSpecData-02115-20261006-165043.csv,2026-10-06 16:40:57.831,10.213566666666667
2026-10-06 16:51:10.853,7.2239e-11,Torr,13.small_stm_port,spray,13.small_stm_port/MassSpecData-02115-20261006-165043.csv,2026-10-06 16:40:57.831,10.217033333333335
2026-10-06 16:51:11.061,8.7007e-11,Torr,13.small_stm_port,spray,13.small_stm_port/MassSpecData-02115-20261006-165043.csv,2026-10-06 16:40:57.831,10.2205
2026-10-06 16:51:11.270,8.7426e-11,Torr,13.small_stm_port,spray,13.small_stm_port/MassSpecData-02115-20261006-165043.csv,2026-10-06 16:40:57.831,10.223983333333333
2026-10-06 16:51:11.478,8.7141e-11,Torr,13.small_stm_port,spray,13.small_stm_port/MassSpecData-02115-20261006-165043.csv,2026-10-06 16:40:57.831,10.227450000000001
2026-10-06 16:51:11.686,9.2001e-11,Torr,13.small_stm_port,spray,13.small_stm_port/MassSpecData-02115-20261006-165043.csv,2026-10-06 16:40:57.831,10.230916666666667
2026-10-06 16:51:11.895,8.3386e-11,Torr,13.small_stm_port,spray,13.small_stm_port/MassSpecData-02115-20261006-165043.csv,2026-10-06 16:40:57.831,10.234399999999999
2026-10-06 16:51:12.103,8.5246e-11,Torr,13.small_stm_port,spray,13.small_stm_port/MassSpecData-02115-20261006-165043.csv,2026-10-06 16:40:57.831,10.237866666666667
2026-10-06 16:51:12.311,8.8999e-11,Torr,13.small_stm_port,spray,13.small_stm_port/MassSpecData-02115-20261006-165043.csv,2026-10-06 16:40:57.831,10.241333333333333
2026-10-06 16:51:12.520,8.4863e-11,Torr,13.small_stm_port,spray,13.small_stm_port/MassSpecData-02115-20261006-165043.csv,2026-10-06 16:40:57.831,10.244816666666667
2026-10-06 16:51:12.728,8.4543e-11,Torr,13.small_stm_port,spray,13.small_stm_port/MassSpecData-02115-20261006-165043.csv,2026-10-06 16:40:57.831,10.248283333333335
2026-10-06 16:51:12.936,8.3365e-11,Torr,13.small_stm_port,spray,13.small_stm_port/MassSpecData-02115-20261006-165043.csv,2026-10-06 16:40:57.831,10.25175
2026-10-06 16:51:13.145,7.4154e-11,Torr,13.small_stm_port,spray,13.small_stm_port/MassSpecData-02115-20261006-165043.csv,2026-10-06 16:40:57.831,10.255233333333333
2026-10-06 16:51:13.353,7.9697e-11,Torr,13.small_stm_port,spray,13.small_stm_port/MassSpecData-02115-20261006-165043.csv,2026-10-06 16:40:57.831,10.258700000000001
2026-10-06 16:51:13.561,8.6973e-11,Torr,13.small_stm_port,spray,13.small_stm_port/MassSpecData-02115-20261006-165043.csv,2026-10-06 16:40:57.831,10.262166666666667
2026-10-06 16:51:13.770,8.9611e-11,Torr,13.small_stm_port,spray,13.small_stm_port/MassSpecData-02115-20261006-165043.csv,2026-10-06 16:40:57.831,10.265649999999999
2026-10-06 16:51:13.978,8.3731e-11,Torr,13.small_stm_port,spray,13.small_stm_port/MassSpecData-02115-20261006-165043.csv,2026-10-06 16:40:57.831,10.269116666666667
2026-10-06 16:51:14.186,9.114e-11,Torr,13.small_stm_port,spray,13.small_stm_port/MassSpecData-02115-20261006-165043.csv,2026-10-06 16:40:57.831,10.272583333333333
2026-10-06 16:51:14.395,8.6429e-11,Torr,13.small_stm_port,spray,13.small_stm_port/MassSpecData-02115-20261006-165043.csv,2026-10-06 16:40:57.831,10.276066666666667
2026-10-06 16:51:14.603,7.9068e-11,Torr,13.small_stm_port,spray,13.small_stm_port/MassSpecData-02115-20261006-165043.csv,2026-10-06 16:40:57.831,10.279533333333335
2026-10-06 16:51:14.811,9.0182e-11,Torr,13.small_stm_port,spray,13.small_stm_port/MassSpecData-02115-20261006-165043.csv,2026-10-06 16:40:57.831,10.283
2026-10-06 16:51:15.020,1.0357e-10,Torr,13.small_stm_port,spray,13.small_stm_port/MassSpecData-02115-20261006-165043.csv,2026-10-06 16:40:57.831,10.286483333333333
2026-10-06 16:51:15.228,9.0659e-11,Torr,13.small_stm_port,spray,13.small_stm_port/MassSpecData-02115-20261006-165043.csv,2026-10-06 16:40:57.831,10.289950000000001
2026-10-06 16:51:15.436,9.5384e-11,Torr,13.small_stm_port,spray,13.small_stm_port/MassSpecData-02115-20261006-165043.csv,2026-10-06 16:40:57.831,10.293416666666667
2026-10-06 16:51:15.645,9.3231e-11,Torr,13.small_stm_port,spray,13.small_stm_port/MassSpecData-02115-20261006-165043.csv,2026-10-06 16:40:57.831,10.296899999999999
2026-10-06 16:51:15.853,8.5017e-11,Torr,13.small_stm_port,spray,13.small_stm_port/MassSpecData-02115-20261006-165043.csv,2026-10-06 16:40:57.831,10.300366666666667
2026-10-06 16:51:16.061,7.7256e-11,Torr,13.small_stm_port,spray,13.small_stm_port/MassSpecData-02115-20261006-165043.csv,2026-10-06 16:40:57.831,10.303833333333333
2026-10-06 16:51:16.270,6.5397e-11,Torr,13.small_stm_port,spray,13.small_stm_port/MassSpecData-02115-20261006-165043.csv,2026-10-06 16:40:57.831,10.307316666666667
2026-10-06 16:51:16.478,9.9036e-11,Torr,13.small_stm_port,spray,13.small_stm_port/MassSpecData-02115-20261006-165043.csv,2026-10-06 16:40:57.831,10.310783333333335
2026-10-06 16:51:16.686,7.673e-11,Torr,13.small_stm_port,spray,13.small_stm_port/MassSpecData-02115-20261006-165043.csv,2026-10-06 16:40:57.831,10.31425
2026-10-06 16:51:16.895,7.5594e-11,Torr,13.small_stm_port,spray,13.small_stm_port/MassSpecData-02115-20261006-165043.csv,2026-10-06 16:40:57.831,10.317733333333333
2026-10-06 16:51:17.103,7.927e-11,Torr,13.small_stm_port,spray,13.small_stm_port/MassSpecData-02115-20261006-165043.csv,2026-10-06 16:40:57.831,10.321200000000001
2026-10-06 16:51:17.311,8.2232e-11,Torr,13.small_stm_port,spray,13.small_stm_port/MassSpecData-02115-20261006-165043.csv,2026-10-06 16:40:57.831,10.324666666666667
2026-10-06 16:51:17.520,8.1927e-11,Torr,13.small_stm_port,spray,13.small_stm_port/MassSpecData-02115-20261006-165043.csv,2026-10-06 16:40:57.831,10.328149999999999
2026-10-06 16:51:17.728,7.8854e-11,Torr,13.small_stm_port,spray,13.small_stm_port/MassSpecData-02115-20261006-165043.csv,2026-10-06 16:40:57.831,10.331616666666667
2026-10-06 16:51:17.936,7.4303e-11,Torr,13.small_stm_port,spray,13.small_stm_port/MassSpecData-02115-20261006-165043.csv,2026-10-06 16:40:57.831,10.335083333333333
2026-10-06 16:51:18.145,8.0898e-11,Torr,13.small_stm_port,spray,13.small_stm_port/MassSpecData-02115-20261006-165043.csv,2026-10-06 16:40:57.831,10.338566666666667
2026-10-06 16:51:18.353,9.3906e-11,Torr,13.small_stm_port,spray,13.small_stm_port/MassSpecData-02115-20261006-165043.csv,2026-10-06 16:40:57.831,10.342033333333335
2026-10-06 16:51:18.561,6.8844e-11,Torr,13.small_stm_port,spray,13.small_stm_port/MassSpecData-02115-20261006-165043.csv,2026-10-06 16:40:57.831,10.3455
2026-10-06 16:51:18.770,8.3402e-11,Torr,13.small_stm_port,spray,13.small_stm_port/MassSpecData-02115-20261006-165043.csv,2026-10-06 16:40:57.831,10.348983333333333
2026-10-06 16:51:18.978,8.7461e-11,Torr,13.small_stm_port,spray,13.small_stm_port/MassSpecData-02115-20261006-165043.csv,2026-10-06 16:40:57.831,10.352450000000001
2026-10-06 16:51:19.186,6.6758e-11,Torr,13.small_stm_port,spray,13.small_stm_port/MassSpecData-02115-20261006-165043.csv,2026-10-06 16:40:57.831,10.355916666666667
2026-10-06 16:51:19.395,7.7084e-11,Torr,13.small_stm_port,spray,13.small_stm_port/MassSpecData-02115-20261006-165043.csv,2026-10-06 16:40:57.831,10.359399999999999
2026-10-06 16:51:19.603,7.7839e-11,Torr,13.small_stm_port,spray,13.small_stm_port/MassSpecData-02115-20261006-165043.csv,2026-10-06 16:40:57.831,10.362866666666667
2026-10-06 16:51:19.811,1.0066e-10,Torr,13.small_stm_port,spray,13.small_stm_port/MassSpecData-02115-20261006-165043.csv,2026-10-06 16:40:57.831,10.366333333333333
2026-10-06 16:51:20.020,1.0845e-10,Torr,13.small_stm_port,spray,13.small_stm_port/MassSpecData-02115-20261006-165043.csv,2026-10-06 16:40:57.831,10.369816666666667
2026-10-06 16:51:20.228,7.9479e-11,Torr,13.small_stm_port,spray,13.small_stm_port/MassSpecData-02115-20261006-165043.csv,2026-10-06 16:40:57.831,10.373283333333335
2026-10-06 16:51:20.436,8.9195e-11,Torr,13.small_stm_port,spray,13.small_stm_port/MassSpecData-02115-20261006-165043.csv,2026-10-06 16:40:57.831,10.37675
2026-10-06 16:51:20.645,7.8129e-11,Torr,13.small_stm_port,spray,13.small_stm_port/MassSpecData-02115-20261006-165043.csv,2026-10-06 16:40:57.831,10.380233333333333
2026-10-06 16:51:20.853,9.2212e-11,Torr,13.small_stm_port,spray,13.small_stm_port/MassSpecData-02115-20261006-165043.csv,2026-10-06 16:40:57.831,10.383700000000001
2026-10-06 16:51:21.062,1.0547e-10,Torr,13.small_stm_port,spray,13.small_stm_port/MassSpecData-02115-20261006-165043.csv,2026-10-06 16:40:57.831,10.387183333333333
2026-10-06 16:51:21.270,7.7069e-11,Torr,13.small_stm_port,spray,13.small_stm_port/MassSpecData-02115-20261006-165043.csv,2026-10-06 16:40:57.831,10.390649999999999
2026-10-06 16:51:21.478,7.9597e-11,Torr,13.small_stm_port,spray,13.small_stm_port/MassSpecData-02115-20261006-165043.csv,2026-10-06 16:40:57.831,10.394116666666667
2026-10-06 16:51:21.687,8e-11,Torr,13.small_stm_port,spray,13.small_stm_port/MassSpecData-02115-20261006-165043.csv,2026-10-06 16:40:57.831,10.3976
2026-10-06 16:51:21.895,7.9914e-11,Torr,13.small_stm_port,spray,13.small_stm_port/MassSpecData-02115-20261006-165043.csv,2026-10-06 16:40:57.831,10.401066666666667
2026-10-06 16:51:22.103,9.2663e-11,Torr,13.small_stm_port,spray,13.small_stm_port/MassSpecData-02115-20261006-165043.csv,2026-10-06 16:40:57.831,10.404533333333335
2026-10-06 16:51:22.312,7.8923e-11,Torr,13.small_stm_port,spray,13.small_stm_port/MassSpecData-02115-20261006-165043.csv,2026-10-06 16:40:57.831,10.408016666666667
2026-10-06 16:51:22.520,9.1432e-11,Torr,13.small_stm_port,spray,13.small_stm_port/MassSpecData-02115-20261006-165043.csv,2026-10-06 16:40:57.831,10.411483333333333
2026-10-06 16:51:22.728,7.8679e-11,Torr,13.small_stm_port,spray,13.small_stm_port/MassSpecData-02115-20261006-165043.csv,2026-10-06 16:40:57.831,10.414950000000001
2026-10-06 16:51:22.937,8.4553e-11,Torr,13.small_stm_port,spray,13.small_stm_port/MassSpecData-02115-20261006-165043.csv,2026-10-06 16:40:57.831,10.418433333333333
2026-10-06 16:51:23.145,7.6891e-11,Torr,13.small_stm_port,spray,13.small_stm_port/MassSpecData-02115-20261006-165043.csv,2026-10-06 16:40:57.831,10.421899999999999
2026-10-06 16:51:23.353,8.4062e-11,Torr,13.small_stm_port,spray,13.small_stm_port/MassSpecData-02115-20261006-165043.csv,2026-10-06 16:40:57.831,10.425366666666667
2026-10-06 16:51:23.562,9.628e-11,Torr,13.small_stm_port,spray,13.small_stm_port/MassSpecData-02115-20261006-165043.csv,2026-10-06 16:40:57.831,10.42885
2026-10-06 16:51:23.770,7.7509e-11,Torr,13.small_stm_port,spray,13.small_stm_port/MassSpecData-02115-20261006-165043.csv,2026-10-06 16:40:57.831,10.432316666666667
2026-10-06 16:51:23.978,7.3276e-11,Torr,13.small_stm_port,spray,13.small_stm_port/MassSpecData-02115-20261006-165043.csv,2026-10-06 16:40:57.831,10.435783333333335
2026-10-06 16:51:24.187,9.5299e-11,Torr,13.small_stm_port,spray,13.small_stm_port/MassSpecData-02115-20261006-165043.csv,2026-10-06 16:40:57.831,10.439266666666667
2026-10-06 16:51:24.395,8.8383e-11,Torr,13.small_stm_port,spray,13.small_stm_port/MassSpecData-02115-20261006-165043.csv,2026-10-06 16:40:57.831,10.442733333333333
2026-10-06 16:51:24.603,8.6211e-11,Torr,13.small_stm_port,spray,13.small_stm_port/MassSpecData-02115-20261006-165043.csv,2026-10-06 16:40:57.831,10.446200000000001
2026-10-06 16:51:24.883,7.8185e-11,Torr,13.small_stm_port,spray,13.small_stm_port/MassSpecData-02115-20261006-165124.csv,2026-10-06 16:40:57.831,10.450866666666666
2026-10-06 16:51:25.091,1.0092e-10,Torr,13.small_stm_port,spray,13.small_stm_port/MassSpecData-02115-20261006-165124.csv,2026-10-06 16:40:57.831,10.454333333333333
2026-10-06 16:51:25.300,6.806e-11,Torr,13.small_stm_port,spray,13.small_stm_port/MassSpecData-02115-20261006-165124.csv,2026-10-06 16:40:57.831,10.457816666666668
2026-10-06 16:51:25.508,8.8869e-11,Torr,13.small_stm_port,spray,13.small_stm_port/MassSpecData-02115-20261006-165124.csv,2026-10-06 16:40:57.831,10.461283333333334
2026-10-06 16:51:25.716,8.4183e-11,Torr,13.small_stm_port,spray,13.small_stm_port/MassSpecData-02115-20261006-165124.csv,2026-10-06 16:40:57.831,10.46475
2026-10-06 16:51:25.925,7.9585e-11,Torr,13.small_stm_port,spray,13.small_stm_port/MassSpecData-02115-20261006-165124.csv,2026-10-06 16:40:57.831,10.468233333333334
2026-10-06 16:51:26.133,7.0724e-11,Torr,13.small_stm_port,spray,13.small_stm_port/MassSpecData-02115-20261006-165124.csv,2026-10-06 16:40:57.831,10.4717
2026-10-06 16:51:26.341,7.8178e-11,Torr,13.small_stm_port,spray,13.small_stm_port/MassSpecData-02115-20261006-165124.csv,2026-10-06 16:40:57.831,10.475166666666667
2026-10-06 16:51:26.549,8.5573e-11,Torr,13.small_stm_port,spray,13.small_stm_port/MassSpecData-02115-20261006-165124.csv,2026-10-06 16:40:57.831,10.478633333333333
2026-10-06 16:51:26.758,8.4506e-11,Torr,13.small_stm_port,spray,13.small_stm_port/MassSpecData-02115-20261006-165124.csv,2026-10-06 16:40:57.831,10.482116666666666
2026-10-06 16:51:26.966,8.0266e-11,Torr,13.small_stm_port,spray,13.small_stm_port/MassSpecData-02115-20261006-165124.csv,2026-10-06 16:40:57.831,10.485583333333333
2026-10-06 16:51:27.175,8.3127e-11,Torr,13.small_stm_port,spray,13.small_stm_port/MassSpecData-02115-20261006-165124.csv,2026-10-06 16:40:57.831,10.489066666666668
2026-10-06 16:51:27.383,9.4048e-11,Torr,13.small_stm_port,spray,13.small_stm_port/MassSpecData-02115-20261006-165124.csv,2026-10-06 16:40:57.831,10.492533333333334
2026-10-06 16:51:27.591,7.9366e-11,Torr,13.small_stm_port,spray,13.small_stm_port/MassSpecData-02115-20261006-165124.csv,2026-10-06 16:40:57.831,10.496
2026-10-06 16:51:27.800,7.9917e-11,Torr,13.small_stm_port,spray,13.small_stm_port/MassSpecData-02115-20261006-165124.csv,2026-10-06 16:40:57.831,10.499483333333334
2026-10-06 16:51:28.008,7.0623e-11,Torr,13.small_stm_port,spray,13.small_stm_port/MassSpecData-02115-20261006-165124.csv,2026-10-06 16:40:57.831,10.50295
2026-10-06 16:51:28.216,8.3229e-11,Torr,13.small_stm_port,spray,13.small_stm_port/MassSpecData-02115-20261006-165124.csv,2026-10-06 16:40:57.831,10.506416666666667
2026-10-06 16:51:28.425,7.2787e-11,Torr,13.small_stm_port,spray,13.small_stm_port/MassSpecData-02115-20261006-165124.csv,2026-10-06 16:40:57.831,10.5099
2026-10-06 16:51:28.633,7.0979e-11,Torr,13.small_stm_port,spray,13.small_stm_port/MassSpecData-02115-20261006-165124.csv,2026-10-06 16:40:57.831,10.513366666666666
2026-10-06 16:51:28.841,7.901e-11,Torr,13.small_stm_port,spray,13.small_stm_port/MassSpecData-02115-20261006-165124.csv,2026-10-06 16:40:57.831,10.516833333333333
2026-10-06 16:51:29.050,8.861e-11,Torr,13.small_stm_port,spray,13.small_stm_port/MassSpecData-02115-20261006-165124.csv,2026-10-06 16:40:57.831,10.520316666666668
2026-10-06 16:51:29.258,7.5227e-11,Torr,13.small_stm_port,spray,13.small_stm_port/MassSpecData-02115-20261006-165124.csv,2026-10-06 16:40:57.831,10.523783333333334
2026-10-06 16:51:29.466,8.7689e-11,Torr,13.small_stm_port,spray,13.small_stm_port/MassSpecData-02115-20261006-165124.csv,2026-10-06 16:40:57.831,10.52725
2026-10-06 16:51:29.675,7.9431e-11,Torr,13.small_stm_port,spray,13.small_stm_port/MassSpecData-02115-20261006-165124.csv,2026-10-06 16:40:57.831,10.530733333333334
2026-10-06 16:51:29.883,7.8255e-11,Torr,13.small_stm_port,spray,13.small_stm_port/MassSpecData-02115-20261006-165124.csv,2026-10-06 16:40:57.831,10.5342
2026-10-06 16:51:30.091,7.7106e-11,Torr,13.small_stm_port,spray,13.small_stm_port/MassSpecData-02115-20261006-165124.csv,2026-10-06 16:40:57.831,10.537666666666667
2026-10-06 16:51:30.299,8.7132e-11,Torr,13.small_stm_port,spray,13.small_stm_port/MassSpecData-02115-20261006-165124.csv,2026-10-06 16:40:57.831,10.541133333333333
2026-10-06 16:51:30.508,7.1763e-11,Torr,13.small_stm_port,spray,13.small_stm_port/MassSpecData-02115-20261006-165124.csv,2026-10-06 16:40:57.831,10.544616666666666
2026-10-06 16:51:30.716,8.8922e-11,Torr,13.small_stm_port,spray,13.small_stm_port/MassSpecData-02115-20261006-165124.csv,2026-10-06 16:40:57.831,10.548083333333333
2026-10-06 16:51:30.924,6.8639e-11,Torr,13.small_stm_port,spray,13.small_stm_port/MassSpecData-02115-20261006-165124.csv,2026-10-06 16:40:57.831,10.551549999999999
2026-10-06 16:51:31.133,9.051e-11,Torr,13.small_stm_port,spray,13.small_stm_port/MassSpecData-02115-20261006-165124.csv,2026-10-06 16:40:57.831,10.555033333333334
2026-10-06 16:51:31.341,8.3057e-11,Torr,13.small_stm_port,spray,13.small_stm_port/MassSpecData-02115-20261006-165124.csv,2026-10-06 16:40:57.831,10.5585
2026-10-06 16:51:31.549,8.5151e-11,Torr,13.small_stm_port,spray,13.small_stm_port/MassSpecData-02115-20261006-165124.csv,2026-10-06 16:40:57.831,10.561966666666667
2026-10-06 16:51:31.758,8.9927e-11,Torr,13.small_stm_port,spray,13.small_stm_port/MassSpecData-02115-20261006-165124.csv,2026-10-06 16:40:57.831,10.56545
2026-10-06 16:51:31.966,8.6171e-11,Torr,13.small_stm_port,spray,13.small_stm_port/MassSpecData-02115-20261006-165124.csv,2026-10-06 16:40:57.831,10.568916666666667
2026-10-06 16:51:32.174,8.4309e-11,Torr,13.small_stm_port,spray,13.small_stm_port/MassSpecData-02115-20261006-165124.csv,2026-10-06 16:40:57.831,10.572383333333333
2026-10-06 16:51:32.383,9.0641e-11,Torr,13.small_stm_port,spray,13.small_stm_port/MassSpecData-02115-20261006-165124.csv,2026-10-06 16:40:57.831,10.575866666666666
2026-10-06 16:51:32.591,8.4038e-11,Torr,13.small_stm_port,spray,13.small_stm_port/MassSpecData-02115-20261006-165124.csv,2026-10-06 16:40:57.831,10.579333333333333
2026-10-06 16:51:32.799,7.5497e-11,Torr,13.small_stm_port,spray,13.small_stm_port/MassSpecData-02115-20261006-165124.csv,2026-10-06 16:40:57.831,10.582799999999999
2026-10-06 16:51:33.008,9.5359e-11,Torr,13.small_stm_port,spray,13.small_stm_port/MassSpecData-02115-20261006-165124.csv,2026-10-06 16:40:57.831,10.586283333333334
2026-10-06 16:51:33.216,7.8391e-11,Torr,13.small_stm_port,spray,13.small_stm_port/MassSpecData-02115-20261006-165124.csv,2026-10-06 16:40:57.831,10.58975
2026-10-06 16:51:33.424,8.8565e-11,Torr,13.small_stm_port,spray,13.small_stm_port/MassSpecData-02115-20261006-165124.csv,2026-10-06 16:40:57.831,10.593216666666667
2026-10-06 16:51:33.633,8.5838e-11,Torr,13.small_stm_port,spray,13.small_stm_port/MassSpecData-02115-20261006-165124.csv,2026-10-06 16:40:57.831,10.5967
2026-10-06 16:51:33.841,8.5798e-11,Torr,13.small_stm_port,spray,13.small_stm_port/MassSpecData-02115-20261006-165124.csv,2026-10-06 16:40:57.831,10.600166666666667
2026-10-06 16:51:34.050,7.77e-11,Torr,13.small_stm_port,spray,13.small_stm_port/MassSpecData-02115-20261006-165124.csv,2026-10-06 16:40:57.831,10.60365
2026-10-06 16:51:34.258,8.8532e-11,Torr,13.small_stm_port,spray,13.small_stm_port/MassSpecData-02115-20261006-165124.csv,2026-10-06 16:40:57.831,10.607116666666666
2026-10-06 16:51:34.466,7.5933e-11,Torr,13.small_stm_port,spray,13.small_stm_port/MassSpecData-02115-20261006-165124.csv,2026-10-06 16:40:57.831,10.610583333333333
2026-10-06 16:51:34.675,7.3015e-11,Torr,13.small_stm_port,spray,13.small_stm_port/MassSpecData-02115-20261006-165124.csv,2026-10-06 16:40:57.831,10.614066666666668
2026-10-06 16:51:34.883,8.7595e-11,Torr,13.small_stm_port,spray,13.small_stm_port/MassSpecData-02115-20261006-165124.csv,2026-10-06 16:40:57.831,10.617533333333334
2026-10-06 16:51:35.091,8.7052e-11,Torr,13.small_stm_port,spray,13.small_stm_port/MassSpecData-02115-20261006-165124.csv,2026-10-06 16:40:57.831,10.621
2026-10-06 16:51:35.300,7.5639e-11,Torr,13.small_stm_port,spray,13.small_stm_port/MassSpecData-02115-20261006-165124.csv,2026-10-06 16:40:57.831,10.624483333333334
2026-10-06 16:51:35.508,8.8785e-11,Torr,13.small_stm_port,spray,13.small_stm_port/MassSpecData-02115-20261006-165124.csv,2026-10-06 16:40:57.831,10.62795
2026-10-06 16:51:35.716,9.4423e-11,Torr,13.small_stm_port,spray,13.small_stm_port/MassSpecData-02115-20261006-165124.csv,2026-10-06 16:40:57.831,10.631416666666667
2026-10-06 16:51:35.925,7.2208e-11,Torr,13.small_stm_port,spray,13.small_stm_port/MassSpecData-02115-20261006-165124.csv,2026-10-06 16:40:57.831,10.6349
2026-10-06 16:51:36.133,8.7582e-11,Torr,13.small_stm_port,spray,13.small_stm_port/MassSpecData-02115-20261006-165124.csv,2026-10-06 16:40:57.831,10.638366666666666
2026-10-06 16:51:36.341,7.271e-11,Torr,13.small_stm_port,spray,13.small_stm_port/MassSpecData-02115-20261006-165124.csv,2026-10-06 16:40:57.831,10.641833333333333
2026-10-06 16:51:36.550,8.5063e-11,Torr,13.small_stm_port,spray,13.small_stm_port/MassSpecData-02115-20261006-165124.csv,2026-10-06 16:40:57.831,10.645316666666668
2026-10-06 16:51:36.758,8.3653e-11,Torr,13.small_stm_port,spray,13.small_stm_port/MassSpecData-02115-20261006-165124.csv,2026-10-06 16:40:57.831,10.648783333333334
2026-10-06 16:51:36.966,8.334e-11,Torr,13.small_stm_port,spray,13.small_stm_port/MassSpecData-02115-20261006-165124.csv,2026-10-06 16:40:57.831,10.65225
2026-10-06 16:51:37.175,7.2603e-11,Torr,13.small_stm_port,spray,13.small_stm_port/MassSpecData-02115-20261006-165124.csv,2026-10-06 16:40:57.831,10.655733333333334
2026-10-06 16:51:37.383,8.0723e-11,Torr,13.small_stm_port,spray,13.small_stm_port/MassSpecData-02115-20261006-165124.csv,2026-10-06 16:40:57.831,10.6592
2026-10-06 16:51:37.591,1.0254e-10,Torr,13.small_stm_port,spray,13.small_stm_port/MassSpecData-02115-20261006-165124.csv,2026-10-06 16:40:57.831,10.662666666666667
2026-10-06 16:51:37.800,8.1444e-11,Torr,13.small_stm_port,spray,13.small_stm_port/MassSpecData-02115-20261006-165124.csv,2026-10-06 16:40:57.831,10.66615
2026-10-06 16:51:38.008,7.7517e-11,Torr,13.small_stm_port,spray,13.small_stm_port/MassSpecData-02115-20261006-165124.csv,2026-10-06 16:40:57.831,10.669616666666666
2026-10-06 16:51:38.216,7.957e-11,Torr,13.small_stm_port,spray,13.small_stm_port/MassSpecData-02115-20261006-165124.csv,2026-10-06 16:40:57.831,10.673083333333333
2026-10-06 16:51:38.425,9.0083e-11,Torr,13.small_stm_port,spray,13.small_stm_port/MassSpecData-02115-20261006-165124.csv,2026-10-06 16:40:57.831,10.676566666666668
2026-10-06 16:51:38.633,1.0261e-10,Torr,13.small_stm_port,spray,13.small_stm_port/MassSpecData-02115-20261006-165124.csv,2026-10-06 16:40:57.831,10.680033333333334
2026-10-06 16:51:38.841,8.8833e-11,Torr,13.small_stm_port,spray,13.small_stm_port/MassSpecData-02115-20261006-165124.csv,2026-10-06 16:40:57.831,10.6835
2026-10-06 16:51:39.050,9.5071e-11,Torr,13.small_stm_port,spray,13.small_stm_port/MassSpecData-02115-20261006-165124.csv,2026-10-06 16:40:57.831,10.686983333333334
2026-10-06 16:51:39.258,6.977e-11,Torr,13.small_stm_port,spray,13.small_stm_port/MassSpecData-02115-20261006-165124.csv,2026-10-06 16:40:57.831,10.69045
2026-10-06 16:51:39.466,6.9999e-11,Torr,13.small_stm_port,spray,13.small_stm_port/MassSpecData-02115-20261006-165124.csv,2026-10-06 16:40:57.831,10.693916666666667
2026-10-06 16:51:39.675,8.0026e-11,Torr,13.small_stm_port,spray,13.small_stm_port/MassSpecData-02115-20261006-165124.csv,2026-10-06 16:40:57.831,10.6974
2026-10-06 16:51:39.883,8.2224e-11,Torr,13.small_stm_port,spray,13.small_stm_port/MassSpecData-02115-20261006-165124.csv,2026-10-06 16:40:57.831,10.700866666666666
2026-10-06 16:51:40.091,9.1796e-11,Torr,13.small_stm_port,spray,13.small_stm_port/MassSpecData-02115-20261006-165124.csv,2026-10-06 16:40:57.831,10.704333333333333
2026-10-06 16:51:40.300,8.2721e-11,Torr,13.small_stm_port,spray,13.small_stm_port/MassSpecData-02115-20261006-165124.csv,2026-10-06 16:40:57.831,10.707816666666668
2026-10-06 16:51:40.508,8.7033e-11,Torr,13.small_stm_port,spray,13.small_stm_port/MassSpecData-02115-20261006-165124.csv,2026-10-06 16:40:57.831,10.711283333333334
2026-10-06 16:51:40.716,7.9662e-11,Torr,13.small_stm_port,spray,13.small_stm_port/MassSpecData-02115-20261006-165124.csv,2026-10-06 16:40:57.831,10.71475
2026-10-06 16:51:40.925,8.1013e-11,Torr,13.small_stm_port,spray,13.small_stm_port/MassSpecData-02115-20261006-165124.csv,2026-10-06 16:40:57.831,10.718233333333334
2026-10-06 16:51:41.133,8.858e-11,Torr,13.small_stm_port,spray,13.small_stm_port/MassSpecData-02115-20261006-165124.csv,2026-10-06 16:40:57.831,10.7217
2026-10-06 16:51:41.341,8.1853e-11,Torr,13.small_stm_port,spray,13.small_stm_port/MassSpecData-02115-20261006-165124.csv,2026-10-06 16:40:57.831,10.725166666666667
2026-10-06 16:51:41.550,6.9938e-11,Torr,13.small_stm_port,spray,13.small_stm_port/MassSpecData-02115-20261006-165124.csv,2026-10-06 16:40:57.831,10.72865
2026-10-06 16:51:41.758,7.7456e-11,Torr,13.small_stm_port,spray,13.small_stm_port/MassSpecData-02115-20261006-165124.csv,2026-10-06 16:40:57.831,10.732116666666666
2026-10-06 16:51:41.966,9.3621e-11,Torr,13.small_stm_port,spray,13.small_stm_port/MassSpecData-02115-20261006-165124.csv,2026-10-06 16:40:57.831,10.735583333333333
2026-10-06 16:51:42.175,8.7599e-11,Torr,13.small_stm_port,spray,13.small_stm_port/MassSpecData-02115-20261006-165124.csv,2026-10-06 16:40:57.831,10.739066666666668
2026-10-06 16:51:42.383,9.1362e-11,Torr,13.small_stm_port,spray,13.small_stm_port/MassSpecData-02115-20261006-165124.csv,2026-10-06 16:40:57.831,10.742533333333334
2026-10-06 16:51:42.591,6.6694e-11,Torr,13.small_stm_port,spray,13.small_stm_port/MassSpecData-02115-20261006-165124.csv,2026-10-06 16:40:57.831,10.746
2026-10-06 16:51:42.800,7.7156e-11,Torr,13.small_stm_port,spray,13.small_stm_port/MassSpecData-02115-20261006-165124.csv,2026-10-06 16:40:57.831,10.749483333333334
2026-10-06 16:51:43.008,7.5321e-11,Torr,13.small_stm_port,spray,13.small_stm_port/MassSpecData-02115-20261006-165124.csv,2026-10-06 16:40:57.831,10.75295
2026-10-06 16:51:43.216,8.0202e-11,Torr,13.small_stm_port,spray,13.small_stm_port/MassSpecData-02115-20261006-165124.csv,2026-10-06 16:40:57.831,10.756416666666667
2026-10-06 16:51:43.425,1.0034e-10,Torr,13.small_stm_port,spray,13.small_stm_port/MassSpecData-02115-20261006-165124.csv,2026-10-06 16:40:57.831,10.7599
2026-10-06 16:51:43.633,8.0839e-11,Torr,13.small_stm_port,spray,13.small_stm_port/MassSpecData-02115-20261006-165124.csv,2026-10-06 16:40:57.831,10.763366666666666
2026-10-06 16:51:43.841,8.3128e-11,Torr,13.small_stm_port,spray,13.small_stm_port/MassSpecData-02115-20261006-165124.csv,2026-10-06 16:40:57.831,10.766833333333333
2026-10-06 16:51:44.050,8.4314e-11,Torr,13.small_stm_port,spray,13.small_stm_port/MassSpecData-02115-20261006-165124.csv,2026-10-06 16:40:57.831,10.770316666666668
2026-10-06 16:51:44.258,7.06e-11,Torr,13.small_stm_port,spray,13.small_stm_port/MassSpecData-02115-20261006-165124.csv,2026-10-06 16:40:57.831,10.773783333333334
2026-10-06 16:51:44.466,7.738e-11,Torr,13.small_stm_port,spray,13.small_stm_port/MassSpecData-02115-20261006-165124.csv,2026-10-06 16:40:57.831,10.77725
2026-10-06 16:51:44.674,8.5931e-11,Torr,13.small_stm_port,spray,13.small_stm_port/MassSpecData-02115-20261006-165124.csv,2026-10-06 16:40:57.831,10.780716666666667
2026-10-06 16:51:44.883,8.0983e-11,Torr,13.small_stm_port,spray,13.small_stm_port/MassSpecData-02115-20261006-165124.csv,2026-10-06 16:40:57.831,10.7842
2026-10-06 16:51:45.091,9.9499e-11,Torr,13.small_stm_port,spray,13.small_stm_port/MassSpecData-02115-20261006-165124.csv,2026-10-06 16:40:57.831,10.787666666666667
2026-10-06 16:51:45.299,7.1491e-11,Torr,13.small_stm_port,spray,13.small_stm_port/MassSpecData-02115-20261006-165124.csv,2026-10-06 16:40:57.831,10.791133333333333
2026-10-06 16:51:45.508,7.6862e-11,Torr,13.small_stm_port,spray,13.small_stm_port/MassSpecData-02115-20261006-165124.csv,2026-10-06 16:40:57.831,10.794616666666666
2026-10-06 16:51:45.716,9.3487e-11,Torr,13.small_stm_port,spray,13.small_stm_port/MassSpecData-02115-20261006-165124.csv,2026-10-06 16:40:57.831,10.798083333333333
2026-10-06 16:51:45.924,7.4163e-11,Torr,13.small_stm_port,spray,13.small_stm_port/MassSpecData-02115-20261006-165124.csv,2026-10-06 16:40:57.831,10.801549999999999
2026-10-06 16:51:46.133,7.1432e-11,Torr,13.small_stm_port,spray,13.small_stm_port/MassSpecData-02115-20261006-165124.csv,2026-10-06 16:40:57.831,10.805033333333334
2026-10-06 16:51:46.341,8.8258e-11,Torr,13.small_stm_port,spray,13.small_stm_port/MassSpecData-02115-20261006-165124.csv,2026-10-06 16:40:57.831,10.8085
2026-10-06 16:51:46.549,9.3126e-11,Torr,13.small_stm_port,spray,13.small_stm_port/MassSpecData-02115-20261006-165124.csv,2026-10-06 16:40:57.831,10.811966666666667
2026-10-06 16:51:46.758,8.7278e-11,Torr,13.small_stm_port,spray,13.small_stm_port/MassSpecData-02115-20261006-165124.csv,2026-10-06 16:40:57.831,10.81545
2026-10-06 16:51:46.966,7.7516e-11,Torr,13.small_stm_port,spray,13.small_stm_port/MassSpecData-02115-20261006-165124.csv,2026-10-06 16:40:57.831,10.818916666666667
2026-10-06 16:51:47.174,8.2194e-11,Torr,13.small_stm_port,spray,13.small_stm_port/MassSpecData-02115-20261006-165124.csv,2026-10-06 16:40:57.831,10.822383333333333
2026-10-06 16:51:47.383,7.6916e-11,Torr,13.small_stm_port,spray,13.small_stm_port/MassSpecData-02115-20261006-165124.csv,2026-10-06 16:40:57.831,10.825866666666666
2026-10-06 16:51:47.591,7.514e-11,Torr,13.small_stm_port,spray,13.small_stm_port/MassSpecData-02115-20261006-165124.csv,2026-10-06 16:40:57.831,10.829333333333333
2026-10-06 16:51:47.799,8.3621e-11,Torr,13.small_stm_port,spray,13.small_stm_port/MassSpecData-02115-20261006-165124.csv,2026-10-06 16:40:57.831,10.832799999999999
2026-10-06 16:51:48.008,9.3098e-11,Torr,13.small_stm_port,spray,13.small_stm_port/MassSpecData-02115-20261006-165124.csv,2026-10-06 16:40:57.831,10.836283333333334
2026-10-06 16:51:48.216,8.9452e-11,Torr,13.small_stm_port,spray,13.small_stm_port/MassSpecData-02115-20261006-165124.csv,2026-10-06 16:40:57.831,10.83975
2026-10-06 16:51:48.424,6.6415e-11,Torr,13.small_stm_port,spray,13.small_stm_port/MassSpecData-02115-20261006-165124.csv,2026-10-06 16:40:57.831,10.843216666666667
2026-10-06 16:51:48.633,9.1646e-11,Torr,13.small_stm_port,spray,13.small_stm_port/MassSpecData-02115-20261006-165124.csv,2026-10-06 16:40:57.831,10.8467
2026-10-06 16:51:48.841,8.7668e-11,Torr,13.small_stm_port,spray,13.small_stm_port/MassSpecData-02115-20261006-165124.csv,2026-10-06 16:40:57.831,10.850166666666667
2026-10-06 16:51:49.049,8.2058e-11,Torr,13.small_stm_port,spray,13.small_stm_port/MassSpecData-02115-20261006-165124.csv,2026-10-06 16:40:57.831,10.853633333333333
2026-10-06 16:51:49.258,8.4498e-11,Torr,13.small_stm_port,spray,13.small_stm_port/MassSpecData-02115-20261006-165124.csv,2026-10-06 16:40:57.831,10.857116666666666
2026-10-06 16:51:49.466,7.8292e-11,Torr,13.small_stm_port,spray,13.small_stm_port/MassSpecData-02115-20261006-165124.csv,2026-10-06 16:40:57.831,10.860583333333333
2026-10-06 16:51:49.674,8.6311e-11,Torr,13.small_stm_port,spray,13.small_stm_port/MassSpecData-02115-20261006-165124.csv,2026-10-06 16:40:57.831,10.864049999999999
2026-10-06 16:51:49.883,6.569e-11,Torr,13.small_stm_port,spray,13.small_stm_port/MassSpecData-02115-20261006-165124.csv,2026-10-06 16:40:57.831,10.867533333333334
2026-10-06 16:51:50.091,1.0491e-10,Torr,13.small_stm_port,spray,13.small_stm_port/MassSpecData-02115-20261006-165124.csv,2026-10-06 16:40:57.831,10.871
2026-10-06 16:51:50.299,7.8198e-11,Torr,13.small_stm_port,spray,13.small_stm_port/MassSpecData-02115-20261006-165124.csv,2026-10-06 16:40:57.831,10.874466666666667
2026-10-06 16:51:50.508,7.784e-11,Torr,13.small_stm_port,spray,13.small_stm_port/MassSpecData-02115-20261006-165124.csv,2026-10-06 16:40:57.831,10.87795
2026-10-06 16:51:50.716,8.3838e-11,Torr,13.small_stm_port,spray,13.small_stm_port/MassSpecData-02115-20261006-165124.csv,2026-10-06 16:40:57.831,10.881416666666667
2026-10-06 16:51:50.924,8.186e-11,Torr,13.small_stm_port,spray,13.small_stm_port/MassSpecData-02115-20261006-165124.csv,2026-10-06 16:40:57.831,10.884883333333333
2026-10-06 16:51:51.133,1.0104e-10,Torr,13.small_stm_port,spray,13.small_stm_port/MassSpecData-02115-20261006-165124.csv,2026-10-06 16:40:57.831,10.888366666666666
2026-10-06 16:51:51.341,8.6431e-11,Torr,13.small_stm_port,spray,13.small_stm_port/MassSpecData-02115-20261006-165124.csv,2026-10-06 16:40:57.831,10.891833333333333
2026-10-06 16:51:51.549,8.3318e-11,Torr,13.small_stm_port,spray,13.small_stm_port/MassSpecData-02115-20261006-165124.csv,2026-10-06 16:40:57.831,10.895299999999999
2026-10-06 16:51:51.758,6.8762e-11,Torr,13.small_stm_port,spray,13.small_stm_port/MassSpecData-02115-20261006-165124.csv,2026-10-06 16:40:57.831,10.898783333333334
2026-10-06 16:51:51.966,8.1399e-11,Torr,13.small_stm_port,spray,13.small_stm_port/MassSpecData-02115-20261006-165124.csv,2026-10-06 16:40:57.831,10.90225
2026-10-06 16:51:52.174,8.2924e-11,Torr,13.small_stm_port,spray,13.small_stm_port/MassSpecData-02115-20261006-165124.csv,2026-10-06 16:40:57.831,10.905716666666667
2026-10-06 16:51:52.383,7.8085e-11,Torr,13.small_stm_port,spray,13.small_stm_port/MassSpecData-02115-20261006-165124.csv,2026-10-06 16:40:57.831,10.9092
2026-10-06 16:51:52.591,8.2412e-11,Torr,13.small_stm_port,spray,13.small_stm_port/MassSpecData-02115-20261006-165124.csv,2026-10-06 16:40:57.831,10.912666666666667
2026-10-06 16:51:52.799,8.7822e-11,Torr,13.small_stm_port,spray,13.small_stm_port/MassSpecData-02115-20261006-165124.csv,2026-10-06 16:40:57.831,10.916133333333333
2026-10-06 16:51:53.008,7.6536e-11,Torr,13.small_stm_port,spray,13.small_stm_port/MassSpecData-02115-20261006-165124.csv,2026-10-06 16:40:57.831,10.919616666666666
2026-10-06 16:51:53.216,8.7432e-11,Torr,13.small_stm_port,spray,13.small_stm_port/MassSpecData-02115-20261006-165124.csv,2026-10-06 16:40:57.831,10.923083333333333
2026-10-06 16:51:53.424,8.809e-11,Torr,13.small_stm_port,spray,13.small_stm_port/MassSpecData-02115-20261006-165124.csv,2026-10-06 16:40:57.831,10.926549999999999
2026-10-06 16:51:53.633,8.7841e-11,Torr,13.small_stm_port,spray,13.small_stm_port/MassSpecData-02115-20261006-165124.csv,2026-10-06 16:40:57.831,10.930033333333334
2026-10-06 16:51:53.841,8.8187e-11,Torr,13.small_stm_port,spray,13.small_stm_port/MassSpecData-02115-20261006-165124.csv,2026-10-06 16:40:57.831,10.9335
2026-10-06 16:51:54.049,7.3878e-11,Torr,13.small_stm_port,spray,13.small_stm_port/MassSpecData-02115-20261006-165124.csv,2026-10-06 16:40:57.831,10.936966666666667
2026-10-06 16:51:54.258,8.0542e-11,Torr,13.small_stm_port,spray,13.small_stm_port/MassSpecData-02115-20261006-165124.csv,2026-10-06 16:40:57.831,10.94045
2026-10-06 16:51:54.466,7.7423e-11,Torr,13.small_stm_port,spray,13.small_stm_port/MassSpecData-02115-20261006-165124.csv,2026-10-06 16:40:57.831,10.943916666666667
2026-10-06 16:51:54.674,9.6329e-11,Torr,13.small_stm_port,spray,13.small_stm_port/MassSpecData-02115-20261006-165124.csv,2026-10-06 16:40:57.831,10.947383333333333
2026-10-06 16:51:54.883,7.4846e-11,Torr,13.small_stm_port,spray,13.small_stm_port/MassSpecData-02115-20261006-165124.csv,2026-10-06 16:40:57.831,10.950866666666666
2026-10-06 16:51:55.091,8.9494e-11,Torr,13.small_stm_port,spray,13.small_stm_port/MassSpecData-02115-20261006-165124.csv,2026-10-06 16:40:57.831,10.954333333333333
2026-10-06 16:51:55.299,8.4914e-11,Torr,13.small_stm_port,spray,13.small_stm_port/MassSpecData-02115-20261006-165124.csv,2026-10-06 16:40:57.831,10.957799999999999
2026-10-06 16:51:55.508,8.1879e-11,Torr,13.small_stm_port,spray,13.small_stm_port/MassSpecData-02115-20261006-165124.csv,2026-10-06 16:40:57.831,10.961283333333334
2026-10-06 16:51:55.716,8.8663e-11,Torr,13.small_stm_port,spray,13.small_stm_port/MassSpecData-02115-20261006-165124.csv,2026-10-06 16:40:57.831,10.96475
2026-10-06 16:51:55.924,8.1993e-11,Torr,13.small_stm_port,spray,13.small_stm_port/MassSpecData-02115-20261006-165124.csv,2026-10-06 16:40:57.831,10.968216666666667
2026-10-06 16:51:56.133,8.3317e-11,Torr,13.small_stm_port,spray,13.small_stm_port/MassSpecData-02115-20261006-165124.csv,2026-10-06 16:40:57.831,10.9717
2026-10-06 16:51:56.341,8.7259e-11,Torr,13.small_stm_port,spray,13.small_stm_port/MassSpecData-02115-20261006-165124.csv,2026-10-06 16:40:57.831,10.975166666666667
2026-10-06 16:51:56.549,9.204e-11,Torr,13.small_stm_port,spray,13.small_stm_port/MassSpecData-02115-20261006-165124.csv,2026-10-06 16:40:57.831,10.978633333333333
2026-10-06 16:51:56.758,9.3833e-11,Torr,13.small_stm_port,spray,13.small_stm_port/MassSpecData-02115-20261006-165124.csv,2026-10-06 16:40:57.831,10.982116666666666
2026-10-06 16:51:56.966,9.0558e-11,Torr,13.small_stm_port,spray,13.small_stm_port/MassSpecData-02115-20261006-165124.csv,2026-10-06 16:40:57.831,10.985583333333333
2026-10-06 16:51:57.174,7.7655e-11,Torr,13.small_stm_port,spray,13.small_stm_port/MassSpecData-02115-20261006-165124.csv,2026-10-06 16:40:57.831,10.989049999999999
2026-10-06 16:51:57.383,8.9941e-11,Torr,13.small_stm_port,spray,13.small_stm_port/MassSpecData-02115-20261006-165124.csv,2026-10-06 16:40:57.831,10.992533333333334
2026-10-06 16:51:57.591,8.9399e-11,Torr,13.small_stm_port,spray,13.small_stm_port/MassSpecData-02115-20261006-165124.csv,2026-10-06 16:40:57.831,10.996
2026-10-06 16:51:57.799,8.3334e-11,Torr,13.small_stm_port,spray,13.small_stm_port/MassSpecData-02115-20261006-165124.csv,2026-10-06 16:40:57.831,10.999466666666667
2026-10-06 16:51:58.008,1.012e-10,Torr,13.small_stm_port,spray,13.small_stm_port/MassSpecData-02115-20261006-165124.csv,2026-10-06 16:40:57.831,11.00295
2026-10-06 16:51:58.216,9.0649e-11,Torr,13.small_stm_port,spray,13.small_stm_port/MassSpecData-02115-20261006-165124.csv,2026-10-06 16:40:57.831,11.006416666666667
2026-10-06 16:51:58.424,8.6555e-11,Torr,13.small_stm_port,spray,13.small_stm_port/MassSpecData-02115-20261006-165124.csv,2026-10-06 16:40:57.831,11.009883333333333
2026-10-06 16:51:58.633,8.3108e-11,Torr,13.small_stm_port,spray,13.small_stm_port/MassSpecData-02115-20261006-165124.csv,2026-10-06 16:40:57.831,11.013366666666666
2026-10-06 16:51:58.841,7.8835e-11,Torr,13.small_stm_port,spray,13.small_stm_port/MassSpecData-02115-20261006-165124.csv,2026-10-06 16:40:57.831,11.016833333333333
2026-10-06 16:51:59.049,8.5196e-11,Torr,13.small_stm_port,spray,13.small_stm_port/MassSpecData-02115-20261006-165124.csv,2026-10-06 16:40:57.831,11.020299999999999
2026-10-06 16:51:59.258,9.3664e-11,Torr,13.small_stm_port,spray,13.small_stm_port/MassSpecData-02115-20261006-165124.csv,2026-10-06 16:40:57.831,11.023783333333334
2026-10-06 16:51:59.466,8.0356e-11,Torr,13.small_stm_port,spray,13.small_stm_port/MassSpecData-02115-20261006-165124.csv,2026-10-06 16:40:57.831,11.02725
2026-10-06 16:51:59.674,8.1252e-11,Torr,13.small_stm_port,spray,13.small_stm_port/MassSpecData-02115-20261006-165124.csv,2026-10-06 16:40:57.831,11.030716666666667
2026-10-06 16:51:59.883,7.8226e-11,Torr,13.small_stm_port,spray,13.small_stm_port/MassSpecData-02115-20261006-165124.csv,2026-10-06 16:40:57.831,11.0342
2026-10-06 16:52:00.091,8.6808e-11,Torr,13.small_stm_port,spray,13.small_stm_port/MassSpecData-02115-20261006-165124.csv,2026-10-06 16:40:57.831,11.037666666666667
2026-10-06 16:52:00.299,8.6468e-11,Torr,13.small_stm_port,spray,13.small_stm_port/MassSpecData-02115-20261006-165124.csv,2026-10-06 16:40:57.831,11.041133333333333
2026-10-06 16:52:00.508,8.6525e-11,Torr,13.small_stm_port,spray,13.small_stm_port/MassSpecData-02115-20261006-165124.csv,2026-10-06 16:40:57.831,11.044616666666666
2026-10-06 16:52:00.716,8.0475e-11,Torr,13.small_stm_port,spray,13.small_stm_port/MassSpecData-02115-20261006-165124.csv,2026-10-06 16:40:57.831,11.048083333333333
2026-10-06 16:52:00.924,8.9692e-11,Torr,13.small_stm_port,spray,13.small_stm_port/MassSpecData-02115-20261006-165124.csv,2026-10-06 16:40:57.831,11.051549999999999
2026-10-06 16:52:01.133,9.5953e-11,Torr,13.small_stm_port,spray,13.small_stm_port/MassSpecData-02115-20261006-165124.csv,2026-10-06 16:40:57.831,11.055033333333334
2026-10-06 16:52:01.341,7.399e-11,Torr,13.small_stm_port,spray,13.small_stm_port/MassSpecData-02115-20261006-165124.csv,2026-10-06 16:40:57.831,11.0585
2026-10-06 16:52:01.549,8.319e-11,Torr,13.small_stm_port,spray,13.small_stm_port/MassSpecData-02115-20261006-165124.csv,2026-10-06 16:40:57.831,11.061966666666667
2026-10-06 16:52:01.758,7.8805e-11,Torr,13.small_stm_port,spray,13.small_stm_port/MassSpecData-02115-20261006-165124.csv,2026-10-06 16:40:57.831,11.06545
2026-10-06 16:52:01.966,6.9484e-11,Torr,13.small_stm_port,spray,13.small_stm_port/MassSpecData-02115-20261006-165124.csv,2026-10-06 16:40:57.831,11.068916666666667
2026-10-06 16:52:02.174,8.6453e-11,Torr,13.small_stm_port,spray,13.small_stm_port/MassSpecData-02115-20261006-165124.csv,2026-10-06 16:40:57.831,11.072383333333333
2026-10-06 16:52:02.383,1.0082e-10,Torr,13.small_stm_port,spray,13.small_stm_port/MassSpecData-02115-20261006-165124.csv,2026-10-06 16:40:57.831,11.075866666666666
2026-10-06 16:52:02.591,7.3402e-11,Torr,13.small_stm_port,spray,13.small_stm_port/MassSpecData-02115-20261006-165124.csv,2026-10-06 16:40:57.831,11.079333333333333
2026-10-06 16:52:02.800,8.2966e-11,Torr,13.small_stm_port,spray,13.small_stm_port/MassSpecData-02115-20261006-165124.csv,2026-10-06 16:40:57.831,11.082816666666668
2026-10-06 16:52:03.008,8.6378e-11,Torr,13.small_stm_port,spray,13.small_stm_port/MassSpecData-02115-20261006-165124.csv,2026-10-06 16:40:57.831,11.086283333333334
2026-10-06 16:52:03.216,7.9742e-11,Torr,13.small_stm_port,spray,13.small_stm_port/MassSpecData-02115-20261006-165124.csv,2026-10-06 16:40:57.831,11.08975
2026-10-06 16:52:03.425,8.8995e-11,Torr,13.small_stm_port,spray,13.small_stm_port/MassSpecData-02115-20261006-165124.csv,2026-10-06 16:40:57.831,11.093233333333334
2026-10-06 16:52:03.633,6.5632e-11,Torr,13.small_stm_port,spray,13.small_stm_port/MassSpecData-02115-20261006-165124.csv,2026-10-06 16:40:57.831,11.0967
2026-10-06 16:52:03.841,8.0454e-11,Torr,13.small_stm_port,spray,13.small_stm_port/MassSpecData-02115-20261006-165124.csv,2026-10-06 16:40:57.831,11.100166666666667
2026-10-06 16:52:04.050,9.6173e-11,Torr,13.small_stm_port,spray,13.small_stm_port/MassSpecData-02115-20261006-165124.csv,2026-10-06 16:40:57.831,11.10365
2026-10-06 16:52:04.258,8.962e-11,Torr,13.small_stm_port,spray,13.small_stm_port/MassSpecData-02115-20261006-165124.csv,2026-10-06 16:40:57.831,11.107116666666666
2026-10-06 16:52:04.466,7.6877e-11,Torr,13.small_stm_port,spray,13.small_stm_port/MassSpecData-02115-20261006-165124.csv,2026-10-06 16:40:57.831,11.110583333333333
2026-10-06 16:52:04.675,8.8199e-11,Torr,13.small_stm_port,spray,13.small_stm_port/MassSpecData-02115-20261006-165124.csv,2026-10-06 16:40:57.831,11.114066666666668
2026-10-06 16:52:04.883,6.7158e-11,Torr,13.small_stm_port,spray,13.small_stm_port/MassSpecData-02115-20261006-165124.csv,2026-10-06 16:40:57.831,11.117533333333334
2026-10-06 16:52:05.091,8.5985e-11,Torr,13.small_stm_port,spray,13.small_stm_port/MassSpecData-02115-20261006-165124.csv,2026-10-06 16:40:57.831,11.121
2026-10-06 16:52:05.300,7.2557e-11,Torr,13.small_stm_port,spray,13.small_stm_port/MassSpecData-02115-20261006-165124.csv,2026-10-06 16:40:57.831,11.124483333333334
2026-10-06 16:52:05.508,8.0046e-11,Torr,13.small_stm_port,spray,13.small_stm_port/MassSpecData-02115-20261006-165124.csv,2026-10-06 16:40:57.831,11.12795
2026-10-06 16:52:05.716,8.7314e-11,Torr,13.small_stm_port,spray,13.small_stm_port/MassSpecData-02115-20261006-165124.csv,2026-10-06 16:40:57.831,11.131416666666667
2026-10-06 16:52:05.925,8.5746e-11,Torr,13.small_stm_port,spray,13.small_stm_port/MassSpecData-02115-20261006-165124.csv,2026-10-06 16:40:57.831,11.1349
2026-10-06 16:52:06.133,8.4034e-11,Torr,13.small_stm_port,spray,13.small_stm_port/MassSpecData-02115-20261006-165124.csv,2026-10-06 16:40:57.831,11.138366666666666
2026-10-06 16:52:06.341,8.0662e-11,Torr,13.small_stm_port,spray,13.small_stm_port/MassSpecData-02115-20261006-165124.csv,2026-10-06 16:40:57.831,11.141833333333333
2026-10-06 16:52:06.680,7.3046e-11,Torr,13.small_stm_port,spray,13.small_stm_port/MassSpecData-02115-20261006-165206.csv,2026-10-06 16:40:57.831,11.147483333333334
2026-10-06 16:52:06.888,7.8073e-11,Torr,13.small_stm_port,spray,13.small_stm_port/MassSpecData-02115-20261006-165206.csv,2026-10-06 16:40:57.831,11.15095
2026-10-06 16:52:07.097,7.655e-11,Torr,13.small_stm_port,spray,13.small_stm_port/MassSpecData-02115-20261006-165206.csv,2026-10-06 16:40:57.831,11.154433333333333
2026-10-06 16:52:07.305,7.9225e-11,Torr,13.small_stm_port,spray,13.small_stm_port/MassSpecData-02115-20261006-165206.csv,2026-10-06 16:40:57.831,11.157900000000001
2026-10-06 16:52:07.513,8.743e-11,Torr,13.small_stm_port,spray,13.small_stm_port/MassSpecData-02115-20261006-165206.csv,2026-10-06 16:40:57.831,11.161366666666668
2026-10-06 16:52:07.722,7.8201e-11,Torr,13.small_stm_port,spray,13.small_stm_port/MassSpecData-02115-20261006-165206.csv,2026-10-06 16:40:57.831,11.16485
2026-10-06 16:52:07.930,7.4694e-11,Torr,13.small_stm_port,spray,13.small_stm_port/MassSpecData-02115-20261006-165206.csv,2026-10-06 16:40:57.831,11.168316666666668
2026-10-06 16:52:08.138,8.6241e-11,Torr,13.small_stm_port,spray,13.small_stm_port/MassSpecData-02115-20261006-165206.csv,2026-10-06 16:40:57.831,11.171783333333334
2026-10-06 16:52:08.346,7.9936e-11,Torr,13.small_stm_port,spray,13.small_stm_port/MassSpecData-02115-20261006-165206.csv,2026-10-06 16:40:57.831,11.17525
2026-10-06 16:52:08.555,7.6499e-11,Torr,13.small_stm_port,spray,13.small_stm_port/MassSpecData-02115-20261006-165206.csv,2026-10-06 16:40:57.831,11.178733333333334
2026-10-06 16:52:08.763,8.1071e-11,Torr,13.small_stm_port,spray,13.small_stm_port/MassSpecData-02115-20261006-165206.csv,2026-10-06 16:40:57.831,11.1822
2026-10-06 16:52:08.972,9.4939e-11,Torr,13.small_stm_port,spray,13.small_stm_port/MassSpecData-02115-20261006-165206.csv,2026-10-06 16:40:57.831,11.185683333333333
2026-10-06 16:52:09.180,6.9853e-11,Torr,13.small_stm_port,spray,13.small_stm_port/MassSpecData-02115-20261006-165206.csv,2026-10-06 16:40:57.831,11.189150000000001
2026-10-06 16:52:09.388,8.807e-11,Torr,13.small_stm_port,spray,13.small_stm_port/MassSpecData-02115-20261006-165206.csv,2026-10-06 16:40:57.831,11.192616666666668
2026-10-06 16:52:09.597,8.5399e-11,Torr,13.small_stm_port,spray,13.small_stm_port/MassSpecData-02115-20261006-165206.csv,2026-10-06 16:40:57.831,11.1961
2026-10-06 16:52:09.805,7.5353e-11,Torr,13.small_stm_port,spray,13.small_stm_port/MassSpecData-02115-20261006-165206.csv,2026-10-06 16:40:57.831,11.199566666666668
2026-10-06 16:52:10.013,8.3095e-11,Torr,13.small_stm_port,spray,13.small_stm_port/MassSpecData-02115-20261006-165206.csv,2026-10-06 16:40:57.831,11.203033333333334
2026-10-06 16:52:10.222,7.6308e-11,Torr,13.small_stm_port,spray,13.small_stm_port/MassSpecData-02115-20261006-165206.csv,2026-10-06 16:40:57.831,11.206516666666666
2026-10-06 16:52:10.430,8.8306e-11,Torr,13.small_stm_port,spray,13.small_stm_port/MassSpecData-02115-20261006-165206.csv,2026-10-06 16:40:57.831,11.209983333333334
2026-10-06 16:52:10.638,7.9439e-11,Torr,13.small_stm_port,spray,13.small_stm_port/MassSpecData-02115-20261006-165206.csv,2026-10-06 16:40:57.831,11.21345
2026-10-06 16:52:10.847,7.7733e-11,Torr,13.small_stm_port,spray,13.small_stm_port/MassSpecData-02115-20261006-165206.csv,2026-10-06 16:40:57.831,11.216933333333333
2026-10-06 16:52:11.055,7.9199e-11,Torr,13.small_stm_port,spray,13.small_stm_port/MassSpecData-02115-20261006-165206.csv,2026-10-06 16:40:57.831,11.220400000000001
2026-10-06 16:52:11.263,8.4821e-11,Torr,13.small_stm_port,spray,13.small_stm_port/MassSpecData-02115-20261006-165206.csv,2026-10-06 16:40:57.831,11.223866666666668
2026-10-06 16:52:11.472,8.7959e-11,Torr,13.small_stm_port,spray,13.small_stm_port/MassSpecData-02115-20261006-165206.csv,2026-10-06 16:40:57.831,11.22735
2026-10-06 16:52:11.680,8.0158e-11,Torr,13.small_stm_port,spray,13.small_stm_port/MassSpecData-02115-20261006-165206.csv,2026-10-06 16:40:57.831,11.230816666666668
2026-10-06 16:52:11.888,7.2021e-11,Torr,13.small_stm_port,spray,13.small_stm_port/MassSpecData-02115-20261006-165206.csv,2026-10-06 16:40:57.831,11.234283333333334
2026-10-06 16:52:12.096,7.9521e-11,Torr,13.small_stm_port,spray,13.small_stm_port/MassSpecData-02115-20261006-165206.csv,2026-10-06 16:40:57.831,11.23775
2026-10-06 16:52:12.305,7.8833e-11,Torr,13.small_stm_port,spray,13.small_stm_port/MassSpecData-02115-20261006-165206.csv,2026-10-06 16:40:57.831,11.241233333333334
2026-10-06 16:52:12.513,7.8505e-11,Torr,13.small_stm_port,spray,13.small_stm_port/MassSpecData-02115-20261006-165206.csv,2026-10-06 16:40:57.831,11.2447
2026-10-06 16:52:12.721,9.2943e-11,Torr,13.small_stm_port,spray,13.small_stm_port/MassSpecData-02115-20261006-165206.csv,2026-10-06 16:40:57.831,11.248166666666666
2026-10-06 16:52:12.930,7.7044e-11,Torr,13.small_stm_port,spray,13.small_stm_port/MassSpecData-02115-20261006-165206.csv,2026-10-06 16:40:57.831,11.251650000000001
2026-10-06 16:52:13.138,7.7543e-11,Torr,13.small_stm_port,spray,13.small_stm_port/MassSpecData-02115-20261006-165206.csv,2026-10-06 16:40:57.831,11.255116666666668
2026-10-06 16:52:13.346,8.7446e-11,Torr,13.small_stm_port,spray,13.small_stm_port/MassSpecData-02115-20261006-165206.csv,2026-10-06 16:40:57.831,11.258583333333332
2026-10-06 16:52:13.555,8.6576e-11,Torr,13.small_stm_port,spray,13.small_stm_port/MassSpecData-02115-20261006-165206.csv,2026-10-06 16:40:57.831,11.262066666666668
2026-10-06 16:52:13.763,8.012e-11,Torr,13.small_stm_port,spray,13.small_stm_port/MassSpecData-02115-20261006-165206.csv,2026-10-06 16:40:57.831,11.265533333333334
2026-10-06 16:52:13.971,7.492e-11,Torr,13.small_stm_port,spray,13.small_stm_port/MassSpecData-02115-20261006-165206.csv,2026-10-06 16:40:57.831,11.269
2026-10-06 16:52:14.180,7.7693e-11,Torr,13.small_stm_port,spray,13.small_stm_port/MassSpecData-02115-20261006-165206.csv,2026-10-06 16:40:57.831,11.272483333333334
2026-10-06 16:52:14.388,7.6417e-11,Torr,13.small_stm_port,spray,13.small_stm_port/MassSpecData-02115-20261006-165206.csv,2026-10-06 16:40:57.831,11.27595
2026-10-06 16:52:14.596,9.5354e-11,Torr,13.small_stm_port,spray,13.small_stm_port/MassSpecData-02115-20261006-165206.csv,2026-10-06 16:40:57.831,11.279416666666666
2026-10-06 16:52:14.805,8.2926e-11,Torr,13.small_stm_port,spray,13.small_stm_port/MassSpecData-02115-20261006-165206.csv,2026-10-06 16:40:57.831,11.282900000000001
2026-10-06 16:52:15.013,7.3879e-11,Torr,13.small_stm_port,spray,13.small_stm_port/MassSpecData-02115-20261006-165206.csv,2026-10-06 16:40:57.831,11.286366666666668
2026-10-06 16:52:15.221,7.6597e-11,Torr,13.small_stm_port,spray,13.small_stm_port/MassSpecData-02115-20261006-165206.csv,2026-10-06 16:40:57.831,11.289833333333332
2026-10-06 16:52:15.430,8.377e-11,Torr,13.small_stm_port,spray,13.small_stm_port/MassSpecData-02115-20261006-165206.csv,2026-10-06 16:40:57.831,11.293316666666668
2026-10-06 16:52:15.638,9.691e-11,Torr,13.small_stm_port,spray,13.small_stm_port/MassSpecData-02115-20261006-165206.csv,2026-10-06 16:40:57.831,11.296783333333334
2026-10-06 16:52:15.847,9.1756e-11,Torr,13.small_stm_port,spray,13.small_stm_port/MassSpecData-02115-20261006-165206.csv,2026-10-06 16:40:57.831,11.300266666666666
2026-10-06 16:52:16.055,7.5268e-11,Torr,13.small_stm_port,spray,13.small_stm_port/MassSpecData-02115-20261006-165206.csv,2026-10-06 16:40:57.831,11.303733333333334
2026-10-06 16:52:16.263,7.3252e-11,Torr,13.small_stm_port,spray,13.small_stm_port/MassSpecData-02115-20261006-165206.csv,2026-10-06 16:40:57.831,11.3072
2026-10-06 16:52:16.472,7.9341e-11,Torr,13.small_stm_port,spray,13.small_stm_port/MassSpecData-02115-20261006-165206.csv,2026-10-06 16:40:57.831,11.310683333333333
2026-10-06 16:52:16.680,7.4933e-11,Torr,13.small_stm_port,spray,13.small_stm_port/MassSpecData-02115-20261006-165206.csv,2026-10-06 16:40:57.831,11.314150000000001
2026-10-06 16:52:16.888,8.9327e-11,Torr,13.small_stm_port,spray,13.small_stm_port/MassSpecData-02115-20261006-165206.csv,2026-10-06 16:40:57.831,11.317616666666668
2026-10-06 16:52:17.097,7.35e-11,Torr,13.small_stm_port,spray,13.small_stm_port/MassSpecData-02115-20261006-165206.csv,2026-10-06 16:40:57.831,11.3211
2026-10-06 16:52:17.305,8.2746e-11,Torr,13.small_stm_port,spray,13.small_stm_port/MassSpecData-02115-20261006-165206.csv,2026-10-06 16:40:57.831,11.324566666666668
2026-10-06 16:52:17.513,9.9126e-11,Torr,13.small_stm_port,spray,13.small_stm_port/MassSpecData-02115-20261006-165206.csv,2026-10-06 16:40:57.831,11.328033333333334
2026-10-06 16:52:17.722,9.6942e-11,Torr,13.small_stm_port,spray,13.small_stm_port/MassSpecData-02115-20261006-165206.csv,2026-10-06 16:40:57.831,11.331516666666666
2026-10-06 16:52:17.930,8.3222e-11,Torr,13.small_stm_port,spray,13.small_stm_port/MassSpecData-02115-20261006-165206.csv,2026-10-06 16:40:57.831,11.334983333333334
2026-10-06 16:52:18.138,7.2684e-11,Torr,13.small_stm_port,spray,13.small_stm_port/MassSpecData-02115-20261006-165206.csv,2026-10-06 16:40:57.831,11.33845
2026-10-06 16:52:18.347,8.818e-11,Torr,13.small_stm_port,spray,13.small_stm_port/MassSpecData-02115-20261006-165206.csv,2026-10-06 16:40:57.831,11.341933333333333
2026-10-06 16:52:18.555,7.2389e-11,Torr,13.small_stm_port,spray,13.small_stm_port/MassSpecData-02115-20261006-165206.csv,2026-10-06 16:40:57.831,11.345400000000001
2026-10-06 16:52:18.763,8.5292e-11,Torr,13.small_stm_port,spray,13.small_stm_port/MassSpecData-02115-20261006-165206.csv,2026-10-06 16:40:57.831,11.348866666666668
2026-10-06 16:52:18.972,8.3186e-11,Torr,13.small_stm_port,spray,13.small_stm_port/MassSpecData-02115-20261006-165206.csv,2026-10-06 16:40:57.831,11.35235
2026-10-06 16:52:19.180,7.8679e-11,Torr,13.small_stm_port,spray,13.small_stm_port/MassSpecData-02115-20261006-165206.csv,2026-10-06 16:40:57.831,11.355816666666668
2026-10-06 16:52:19.388,7.6503e-11,Torr,13.small_stm_port,spray,13.small_stm_port/MassSpecData-02115-20261006-165206.csv,2026-10-06 16:40:57.831,11.359283333333334
2026-10-06 16:52:19.597,7.8921e-11,Torr,13.small_stm_port,spray,13.small_stm_port/MassSpecData-02115-20261006-165206.csv,2026-10-06 16:40:57.831,11.362766666666666
2026-10-06 16:52:19.805,8.3987e-11,Torr,13.small_stm_port,spray,13.small_stm_port/MassSpecData-02115-20261006-165206.csv,2026-10-06 16:40:57.831,11.366233333333334
2026-10-06 16:52:20.013,7.4934e-11,Torr,13.small_stm_port,spray,13.small_stm_port/MassSpecData-02115-20261006-165206.csv,2026-10-06 16:40:57.831,11.3697
2026-10-06 16:52:20.222,9.25e-11,Torr,13.small_stm_port,spray,13.small_stm_port/MassSpecData-02115-20261006-165206.csv,2026-10-06 16:40:57.831,11.373183333333333
2026-10-06 16:52:20.430,8.6373e-11,Torr,13.small_stm_port,spray,13.small_stm_port/MassSpecData-02115-20261006-165206.csv,2026-10-06 16:40:57.831,11.376650000000001
2026-10-06 16:52:20.638,8.2503e-11,Torr,13.small_stm_port,spray,13.small_stm_port/MassSpecData-02115-20261006-165206.csv,2026-10-06 16:40:57.831,11.380116666666668
2026-10-06 16:52:20.847,7.8599e-11,Torr,13.small_stm_port,spray,13.small_stm_port/MassSpecData-02115-20261006-165206.csv,2026-10-06 16:40:57.831,11.3836
2026-10-06 16:52:21.055,8.2751e-11,Torr,13.small_stm_port,spray,13.small_stm_port/MassSpecData-02115-20261006-165206.csv,2026-10-06 16:40:57.831,11.387066666666668
2026-10-06 16:52:21.263,8.6011e-11,Torr,13.small_stm_port,spray,13.small_stm_port/MassSpecData-02115-20261006-165206.csv,2026-10-06 16:40:57.831,11.390533333333334
2026-10-06 16:52:21.472,9.2908e-11,Torr,13.small_stm_port,spray,13.small_stm_port/MassSpecData-02115-20261006-165206.csv,2026-10-06 16:40:57.831,11.394016666666666
2026-10-06 16:52:21.680,8.4482e-11,Torr,13.small_stm_port,spray,13.small_stm_port/MassSpecData-02115-20261006-165206.csv,2026-10-06 16:40:57.831,11.397483333333334
2026-10-06 16:52:21.888,7.7825e-11,Torr,13.small_stm_port,spray,13.small_stm_port/MassSpecData-02115-20261006-165206.csv,2026-10-06 16:40:57.831,11.40095
2026-10-06 16:52:22.097,7.5745e-11,Torr,13.small_stm_port,spray,13.small_stm_port/MassSpecData-02115-20261006-165206.csv,2026-10-06 16:40:57.831,11.404433333333333
2026-10-06 16:52:22.305,7.3171e-11,Torr,13.small_stm_port,spray,13.small_stm_port/MassSpecData-02115-20261006-165206.csv,2026-10-06 16:40:57.831,11.407900000000001
2026-10-06 16:52:22.513,7.9231e-11,Torr,13.small_stm_port,spray,13.small_stm_port/MassSpecData-02115-20261006-165206.csv,2026-10-06 16:40:57.831,11.411366666666668
2026-10-06 16:52:22.722,8.4258e-11,Torr,13.small_stm_port,spray,13.small_stm_port/MassSpecData-02115-20261006-165206.csv,2026-10-06 16:40:57.831,11.41485
2026-10-06 16:52:22.930,7.865e-11,Torr,13.small_stm_port,spray,13.small_stm_port/MassSpecData-02115-20261006-165206.csv,2026-10-06 16:40:57.831,11.418316666666668
2026-10-06 16:52:23.138,9.1811e-11,Torr,13.small_stm_port,spray,13.small_stm_port/MassSpecData-02115-20261006-165206.csv,2026-10-06 16:40:57.831,11.421783333333334
2026-10-06 16:52:23.347,8.4318e-11,Torr,13.small_stm_port,spray,13.small_stm_port/MassSpecData-02115-20261006-165206.csv,2026-10-06 16:40:57.831,11.425266666666666
2026-10-06 16:52:23.555,7.1951e-11,Torr,13.small_stm_port,spray,13.small_stm_port/MassSpecData-02115-20261006-165206.csv,2026-10-06 16:40:57.831,11.428733333333334
2026-10-06 16:52:23.763,8.4773e-11,Torr,13.small_stm_port,spray,13.small_stm_port/MassSpecData-02115-20261006-165206.csv,2026-10-06 16:40:57.831,11.4322
2026-10-06 16:52:23.972,7.1406e-11,Torr,13.small_stm_port,spray,13.small_stm_port/MassSpecData-02115-20261006-165206.csv,2026-10-06 16:40:57.831,11.435683333333333
2026-10-06 16:52:24.180,6.8858e-11,Torr,13.small_stm_port,spray,13.small_stm_port/MassSpecData-02115-20261006-165206.csv,2026-10-06 16:40:57.831,11.439150000000001
2026-10-06 16:52:24.388,8.0216e-11,Torr,13.small_stm_port,spray,13.small_stm_port/MassSpecData-02115-20261006-165206.csv,2026-10-06 16:40:57.831,11.442616666666668
2026-10-06 16:52:24.597,7.9733e-11,Torr,13.small_stm_port,spray,13.small_stm_port/MassSpecData-02115-20261006-165206.csv,2026-10-06 16:40:57.831,11.4461
2026-10-06 16:52:24.805,1.0312e-10,Torr,13.small_stm_port,spray,13.small_stm_port/MassSpecData-02115-20261006-165206.csv,2026-10-06 16:40:57.831,11.449566666666668
2026-10-06 16:52:25.013,8.0161e-11,Torr,13.small_stm_port,spray,13.small_stm_port/MassSpecData-02115-20261006-165206.csv,2026-10-06 16:40:57.831,11.453033333333334
2026-10-06 16:52:25.222,7.2412e-11,Torr,13.small_stm_port,spray,13.small_stm_port/MassSpecData-02115-20261006-165206.csv,2026-10-06 16:40:57.831,11.456516666666666
2026-10-06 16:52:25.430,8.5486e-11,Torr,13.small_stm_port,spray,13.small_stm_port/MassSpecData-02115-20261006-165206.csv,2026-10-06 16:40:57.831,11.459983333333334
2026-10-06 16:52:25.638,8.2339e-11,Torr,13.small_stm_port,spray,13.small_stm_port/MassSpecData-02115-20261006-165206.csv,2026-10-06 16:40:57.831,11.46345
2026-10-06 16:52:25.847,7.6205e-11,Torr,13.small_stm_port,spray,13.small_stm_port/MassSpecData-02115-20261006-165206.csv,2026-10-06 16:40:57.831,11.466933333333333
2026-10-06 16:52:26.055,8.8407e-11,Torr,13.small_stm_port,spray,13.small_stm_port/MassSpecData-02115-20261006-165206.csv,2026-10-06 16:40:57.831,11.470400000000001
2026-10-06 16:52:26.263,7.7605e-11,Torr,13.small_stm_port,spray,13.small_stm_port/MassSpecData-02115-20261006-165206.csv,2026-10-06 16:40:57.831,11.473866666666668
2026-10-06 16:52:26.471,9.2745e-11,Torr,13.small_stm_port,spray,13.small_stm_port/MassSpecData-02115-20261006-165206.csv,2026-10-06 16:40:57.831,11.477333333333332
2026-10-06 16:52:26.680,8.5254e-11,Torr,13.small_stm_port,spray,13.small_stm_port/MassSpecData-02115-20261006-165206.csv,2026-10-06 16:40:57.831,11.480816666666668
2026-10-06 16:52:26.888,8.0652e-11,Torr,13.small_stm_port,spray,13.small_stm_port/MassSpecData-02115-20261006-165206.csv,2026-10-06 16:40:57.831,11.484283333333334
2026-10-06 16:52:27.096,8.8776e-11,Torr,13.small_stm_port,spray,13.small_stm_port/MassSpecData-02115-20261006-165206.csv,2026-10-06 16:40:57.831,11.48775
2026-10-06 16:52:27.305,7.1458e-11,Torr,13.small_stm_port,spray,13.small_stm_port/MassSpecData-02115-20261006-165206.csv,2026-10-06 16:40:57.831,11.491233333333334
2026-10-06 16:52:27.513,8.0803e-11,Torr,13.small_stm_port,spray,13.small_stm_port/MassSpecData-02115-20261006-165206.csv,2026-10-06 16:40:57.831,11.4947
2026-10-06 16:52:27.721,8.0287e-11,Torr,13.small_stm_port,spray,13.small_stm_port/MassSpecData-02115-20261006-165206.csv,2026-10-06 16:40:57.831,11.498166666666666
2026-10-06 16:52:27.930,7.3834e-11,Torr,13.small_stm_port,spray,13.small_stm_port/MassSpecData-02115-20261006-165206.csv,2026-10-06 16:40:57.831,11.501650000000001
2026-10-06 16:52:28.138,7.4825e-11,Torr,13.small_stm_port,spray,13.small_stm_port/MassSpecData-02115-20261006-165206.csv,2026-10-06 16:40:57.831,11.505116666666668
2026-10-06 16:52:28.346,8.3942e-11,Torr,13.small_stm_port,spray,13.small_stm_port/MassSpecData-02115-20261006-165206.csv,2026-10-06 16:40:57.831,11.508583333333332
2026-10-06 16:52:28.555,9.2275e-11,Torr,13.small_stm_port,spray,13.small_stm_port/MassSpecData-02115-20261006-165206.csv,2026-10-06 16:40:57.831,11.512066666666668
2026-10-06 16:52:28.763,8.686e-11,Torr,13.small_stm_port,spray,13.small_stm_port/MassSpecData-02115-20261006-165206.csv,2026-10-06 16:40:57.831,11.515533333333334
2026-10-06 16:52:28.971,7.8705e-11,Torr,13.small_stm_port,spray,13.small_stm_port/MassSpecData-02115-20261006-165206.csv,2026-10-06 16:40:57.831,11.519
2026-10-06 16:52:29.180,7.6514e-11,Torr,13.small_stm_port,spray,13.small_stm_port/MassSpecData-02115-20261006-165206.csv,2026-10-06 16:40:57.831,11.522483333333334
2026-10-06 16:52:29.388,7.3793e-11,Torr,13.small_stm_port,spray,13.small_stm_port/MassSpecData-02115-20261006-165206.csv,2026-10-06 16:40:57.831,11.52595
2026-10-06 16:52:29.596,8.6953e-11,Torr,13.small_stm_port,spray,13.small_stm_port/MassSpecData-02115-20261006-165206.csv,2026-10-06 16:40:57.831,11.529416666666666
2026-10-06 16:52:29.805,9.1962e-11,Torr,13.small_stm_port,spray,13.small_stm_port/MassSpecData-02115-20261006-165206.csv,2026-10-06 16:40:57.831,11.532900000000001
2026-10-06 16:52:30.013,8.5086e-11,Torr,13.small_stm_port,spray,13.small_stm_port/MassSpecData-02115-20261006-165206.csv,2026-10-06 16:40:57.831,11.536366666666668
2026-10-06 16:52:30.221,8.0691e-11,Torr,13.small_stm_port,spray,13.small_stm_port/MassSpecData-02115-20261006-165206.csv,2026-10-06 16:40:57.831,11.539833333333332
2026-10-06 16:52:30.430,7.7865e-11,Torr,13.small_stm_port,spray,13.small_stm_port/MassSpecData-02115-20261006-165206.csv,2026-10-06 16:40:57.831,11.543316666666668
2026-10-06 16:52:30.638,7.7601e-11,Torr,13.small_stm_port,spray,13.small_stm_port/MassSpecData-02115-20261006-165206.csv,2026-10-06 16:40:57.831,11.546783333333334
2026-10-06 16:52:30.846,7.308e-11,Torr,13.small_stm_port,spray,13.small_stm_port/MassSpecData-02115-20261006-165206.csv,2026-10-06 16:40:57.831,11.55025
2026-10-06 16:52:31.055,8.7757e-11,Torr,13.small_stm_port,spray,13.small_stm_port/MassSpecData-02115-20261006-165206.csv,2026-10-06 16:40:57.831,11.553733333333334
2026-10-06 16:52:31.263,9.6084e-11,Torr,13.small_stm_port,spray,13.small_stm_port/MassSpecData-02115-20261006-165206.csv,2026-10-06 16:40:57.831,11.5572
2026-10-06 16:52:31.471,8.6198e-11,Torr,13.small_stm_port,spray,13.small_stm_port/MassSpecData-02115-20261006-165206.csv,2026-10-06 16:40:57.831,11.560666666666666
2026-10-06 16:52:31.680,7.7359e-11,Torr,13.small_stm_port,spray,13.small_stm_port/MassSpecData-02115-20261006-165206.csv,2026-10-06 16:40:57.831,11.564150000000001
2026-10-06 16:52:31.888,8.1313e-11,Torr,13.small_stm_port,spray,13.small_stm_port/MassSpecData-02115-20261006-165206.csv,2026-10-06 16:40:57.831,11.567616666666668
2026-10-06 16:52:32.096,8.4453e-11,Torr,13.small_stm_port,spray,13.small_stm_port/MassSpecData-02115-20261006-165206.csv,2026-10-06 16:40:57.831,11.571083333333332
2026-10-06 16:52:32.305,8.7097e-11,Torr,13.small_stm_port,spray,13.small_stm_port/MassSpecData-02115-20261006-165206.csv,2026-10-06 16:40:57.831,11.574566666666668
2026-10-06 16:52:32.513,8.6276e-11,Torr,13.small_stm_port,spray,13.small_stm_port/MassSpecData-02115-20261006-165206.csv,2026-10-06 16:40:57.831,11.578033333333334
2026-10-06 16:52:32.721,9.1135e-11,Torr,13.small_stm_port,spray,13.small_stm_port/MassSpecData-02115-20261006-165206.csv,2026-10-06 16:40:57.831,11.5815
2026-10-06 16:52:32.930,7.3941e-11,Torr,13.small_stm_port,spray,13.small_stm_port/MassSpecData-02115-20261006-165206.csv,2026-10-06 16:40:57.831,11.584983333333334
2026-10-06 16:52:33.138,8.1789e-11,Torr,13.small_stm_port,spray,13.small_stm_port/MassSpecData-02115-20261006-165206.csv,2026-10-06 16:40:57.831,11.58845
2026-10-06 16:52:33.346,8.9553e-11,Torr,13.small_stm_port,spray,13.small_stm_port/MassSpecData-02115-20261006-165206.csv,2026-10-06 16:40:57.831,11.591916666666666
2026-10-06 16:52:33.555,7.3529e-11,Torr,13.small_stm_port,spray,13.small_stm_port/MassSpecData-02115-20261006-165206.csv,2026-10-06 16:40:57.831,11.595400000000001
2026-10-06 16:52:33.763,8.0339e-11,Torr,13.small_stm_port,spray,13.small_stm_port/MassSpecData-02115-20261006-165206.csv,2026-10-06 16:40:57.831,11.598866666666668
2026-10-06 16:52:33.971,8.7303e-11,Torr,13.small_stm_port,spray,13.small_stm_port/MassSpecData-02115-20261006-165206.csv,2026-10-06 16:40:57.831,11.602333333333332
2026-10-06 16:52:34.180,9.3824e-11,Torr,13.small_stm_port,spray,13.small_stm_port/MassSpecData-02115-20261006-165206.csv,2026-10-06 16:40:57.831,11.605816666666668
2026-10-06 16:52:34.388,7.9445e-11,Torr,13.small_stm_port,spray,13.small_stm_port/MassSpecData-02115-20261006-165206.csv,2026-10-06 16:40:57.831,11.609283333333334
2026-10-06 16:52:34.596,7.9564e-11,Torr,13.small_stm_port,spray,13.small_stm_port/MassSpecData-02115-20261006-165206.csv,2026-10-06 16:40:57.831,11.61275
2026-10-06 16:52:34.805,8.4529e-11,Torr,13.small_stm_port,spray,13.small_stm_port/MassSpecData-02115-20261006-165206.csv,2026-10-06 16:40:57.831,11.616233333333334
2026-10-06 16:52:35.013,7.695e-11,Torr,13.small_stm_port,spray,13.small_stm_port/MassSpecData-02115-20261006-165206.csv,2026-10-06 16:40:57.831,11.6197
2026-10-06 16:52:35.221,7.8083e-11,Torr,13.small_stm_port,spray,13.small_stm_port/MassSpecData-02115-20261006-165206.csv,2026-10-06 16:40:57.831,11.623166666666666
2026-10-06 16:52:35.430,8.1086e-11,Torr,13.small_stm_port,spray,13.small_stm_port/MassSpecData-02115-20261006-165206.csv,2026-10-06 16:40:57.831,11.626650000000001
2026-10-06 16:52:35.638,9.826e-11,Torr,13.small_stm_port,spray,13.small_stm_port/MassSpecData-02115-20261006-165206.csv,2026-10-06 16:40:57.831,11.630116666666668
2026-10-06 16:52:35.846,9.0733e-11,Torr,13.small_stm_port,spray,13.small_stm_port/MassSpecData-02115-20261006-165206.csv,2026-10-06 16:40:57.831,11.633583333333332
2026-10-06 16:52:36.055,6.6051e-11,Torr,13.small_stm_port,spray,13.small_stm_port/MassSpecData-02115-20261006-165206.csv,2026-10-06 16:40:57.831,11.637066666666668
2026-10-06 16:52:36.263,8.3229e-11,Torr,13.small_stm_port,spray,13.small_stm_port/MassSpecData-02115-20261006-165206.csv,2026-10-06 16:40:57.831,11.640533333333334
2026-10-06 16:52:36.471,7.6793e-11,Torr,13.small_stm_port,spray,13.small_stm_port/MassSpecData-02115-20261006-165206.csv,2026-10-06 16:40:57.831,11.644
2026-10-06 16:52:36.680,8.1801e-11,Torr,13.small_stm_port,spray,13.small_stm_port/MassSpecData-02115-20261006-165206.csv,2026-10-06 16:40:57.831,11.647483333333334
2026-10-06 16:52:36.888,7.4743e-11,Torr,13.small_stm_port,spray,13.small_stm_port/MassSpecData-02115-20261006-165206.csv,2026-10-06 16:40:57.831,11.65095
2026-10-06 16:52:37.096,7.6366e-11,Torr,13.small_stm_port,spray,13.small_stm_port/MassSpecData-02115-20261006-165206.csv,2026-10-06 16:40:57.831,11.654416666666666
2026-10-06 16:52:37.305,7.5462e-11,Torr,13.small_stm_port,spray,13.small_stm_port/MassSpecData-02115-20261006-165206.csv,2026-10-06 16:40:57.831,11.657900000000001
2026-10-06 16:52:37.513,6.7994e-11,Torr,13.small_stm_port,spray,13.small_stm_port/MassSpecData-02115-20261006-165206.csv,2026-10-06 16:40:57.831,11.661366666666668
2026-10-06 16:52:37.721,7.5669e-11,Torr,13.small_stm_port,spray,13.small_stm_port/MassSpecData-02115-20261006-165206.csv,2026-10-06 16:40:57.831,11.664833333333332
2026-10-06 16:52:37.930,8.8689e-11,Torr,13.small_stm_port,spray,13.small_stm_port/MassSpecData-02115-20261006-165206.csv,2026-10-06 16:40:57.831,11.668316666666668
2026-10-06 16:52:38.138,7.3492e-11,Torr,13.small_stm_port,spray,13.small_stm_port/MassSpecData-02115-20261006-165206.csv,2026-10-06 16:40:57.831,11.671783333333334
2026-10-06 16:52:38.346,6.8943e-11,Torr,13.small_stm_port,spray,13.small_stm_port/MassSpecData-02115-20261006-165206.csv,2026-10-06 16:40:57.831,11.67525
2026-10-06 16:52:38.555,9.1708e-11,Torr,13.small_stm_port,spray,13.small_stm_port/MassSpecData-02115-20261006-165206.csv,2026-10-06 16:40:57.831,11.678733333333334
2026-10-06 16:52:38.763,7.8765e-11,Torr,13.small_stm_port,spray,13.small_stm_port/MassSpecData-02115-20261006-165206.csv,2026-10-06 16:40:57.831,11.6822
2026-10-06 16:52:38.971,8.568e-11,Torr,13.small_stm_port,spray,13.small_stm_port/MassSpecData-02115-20261006-165206.csv,2026-10-06 16:40:57.831,11.685666666666666
2026-10-06 16:52:39.180,8.7674e-11,Torr,13.small_stm_port,spray,13.small_stm_port/MassSpecData-02115-20261006-165206.csv,2026-10-06 16:40:57.831,11.689150000000001
2026-10-06 16:52:39.388,8.9874e-11,Torr,13.small_stm_port,spray,13.small_stm_port/MassSpecData-02115-20261006-165206.csv,2026-10-06 16:40:57.831,11.692616666666668
2026-10-06 16:52:39.596,9.3352e-11,Torr,13.small_stm_port,spray,13.small_stm_port/MassSpecData-02115-20261006-165206.csv,2026-10-06 16:40:57.831,11.696083333333332
2026-10-06 16:52:39.805,7.678e-11,Torr,13.small_stm_port,spray,13.small_stm_port/MassSpecData-02115-20261006-165206.csv,2026-10-06 16:40:57.831,11.699566666666668
2026-10-06 16:52:40.013,8.4941e-11,Torr,13.small_stm_port,spray,13.small_stm_port/MassSpecData-02115-20261006-165206.csv,2026-10-06 16:40:57.831,11.703033333333334
2026-10-06 16:52:40.221,9.2266e-11,Torr,13.small_stm_port,spray,13.small_stm_port/MassSpecData-02115-20261006-165206.csv,2026-10-06 16:40:57.831,11.7065
2026-10-06 16:52:40.430,7.7088e-11,Torr,13.small_stm_port,spray,13.small_stm_port/MassSpecData-02115-20261006-165206.csv,2026-10-06 16:40:57.831,11.709983333333334
2026-10-06 16:52:40.638,9.8195e-11,Torr,13.small_stm_port,spray,13.small_stm_port/MassSpecData-02115-20261006-165206.csv,2026-10-06 16:40:57.831,11.71345
2026-10-06 16:52:40.846,8.0861e-11,Torr,13.small_stm_port,spray,13.small_stm_port/MassSpecData-02115-20261006-165206.csv,2026-10-06 16:40:57.831,11.716916666666666
2026-10-06 16:52:41.055,8.8812e-11,Torr,13.small_stm_port,spray,13.small_stm_port/MassSpecData-02115-20261006-165206.csv,2026-10-06 16:40:57.831,11.720400000000001
2026-10-06 16:52:41.263,8.0265e-11,Torr,13.small_stm_port,spray,13.small_stm_port/MassSpecData-02115-20261006-165206.csv,2026-10-06 16:40:57.831,11.723866666666668
2026-10-06 16:52:41.471,9.4392e-11,Torr,13.small_stm_port,spray,13.small_stm_port/MassSpecData-02115-20261006-165206.csv,2026-10-06 16:40:57.831,11.727333333333332
2026-10-06 16:52:41.680,7.4586e-11,Torr,13.small_stm_port,spray,13.small_stm_port/MassSpecData-02115-20261006-165206.csv,2026-10-06 16:40:57.831,11.730816666666668
2026-10-06 16:52:41.888,7.7511e-11,Torr,13.small_stm_port,spray,13.small_stm_port/MassSpecData-02115-20261006-165206.csv,2026-10-06 16:40:57.831,11.734283333333334
2026-10-06 16:52:42.096,8.398e-11,Torr,13.small_stm_port,spray,13.small_stm_port/MassSpecData-02115-20261006-165206.csv,2026-10-06 16:40:57.831,11.73775
2026-10-06 16:52:42.305,8.4261e-11,Torr,13.small_stm_port,spray,13.small_stm_port/MassSpecData-02115-20261006-165206.csv,2026-10-06 16:40:57.831,11.741233333333334
2026-10-06 16:52:42.513,7.9712e-11,Torr,13.small_stm_port,spray,13.small_stm_port/MassSpecData-02115-20261006-165206.csv,2026-10-06 16:40:57.831,11.7447
2026-10-06 16:52:42.721,9.3421e-11,Torr,13.small_stm_port,spray,13.small_stm_port/MassSpecData-02115-20261006-165206.csv,2026-10-06 16:40:57.831,11.748166666666666
2026-10-06 16:52:42.930,8.7502e-11,Torr,13.small_stm_port,spray,13.small_stm_port/MassSpecData-02115-20261006-165206.csv,2026-10-06 16:40:57.831,11.751650000000001
2026-10-06 16:52:43.138,7.5718e-11,Torr,13.small_stm_port,spray,13.small_stm_port/MassSpecData-02115-20261006-165206.csv,2026-10-06 16:40:57.831,11.755116666666668
2026-10-06 16:52:43.346,8.4236e-11,Torr,13.small_stm_port,spray,13.small_stm_port/MassSpecData-02115-20261006-165206.csv,2026-10-06 16:40:57.831,11.758583333333332
2026-10-06 16:52:43.555,7.2861e-11,Torr,13.small_stm_port,spray,13.small_stm_port/MassSpecData-02115-20261006-165206.csv,2026-10-06 16:40:57.831,11.762066666666668
2026-10-06 16:52:43.763,9.7247e-11,Torr,13.small_stm_port,spray,13.small_stm_port/MassSpecData-02115-20261006-165206.csv,2026-10-06 16:40:57.831,11.765533333333334
2026-10-06 16:52:43.971,6.8351e-11,Torr,13.small_stm_port,spray,13.small_stm_port/MassSpecData-02115-20261006-165206.csv,2026-10-06 16:40:57.831,11.769
2026-10-06 16:52:44.180,6.6834e-11,Torr,13.small_stm_port,spray,13.small_stm_port/MassSpecData-02115-20261006-165206.csv,2026-10-06 16:40:57.831,11.772483333333334
2026-10-06 16:52:44.388,8.8982e-11,Torr,13.small_stm_port,spray,13.small_stm_port/MassSpecData-02115-20261006-165206.csv,2026-10-06 16:40:57.831,11.77595
2026-10-06 16:52:44.597,8.0934e-11,Torr,13.small_stm_port,spray,13.small_stm_port/MassSpecData-02115-20261006-165206.csv,2026-10-06 16:40:57.831,11.779433333333333
2026-10-06 16:52:44.805,8.4505e-11,Torr,13.small_stm_port,spray,13.small_stm_port/MassSpecData-02115-20261006-165206.csv,2026-10-06 16:40:57.831,11.782900000000001
2026-10-06 16:52:45.013,9.0046e-11,Torr,13.small_stm_port,spray,13.small_stm_port/MassSpecData-02115-20261006-165206.csv,2026-10-06 16:40:57.831,11.786366666666668
2026-10-06 16:52:45.222,8.8481e-11,Torr,13.small_stm_port,spray,13.small_stm_port/MassSpecData-02115-20261006-165206.csv,2026-10-06 16:40:57.831,11.78985
2026-10-06 16:52:45.430,7.1649e-11,Torr,13.small_stm_port,spray,13.small_stm_port/MassSpecData-02115-20261006-165206.csv,2026-10-06 16:40:57.831,11.793316666666668
2026-10-06 16:52:45.638,7.7907e-11,Torr,13.small_stm_port,spray,13.small_stm_port/MassSpecData-02115-20261006-165206.csv,2026-10-06 16:40:57.831,11.796783333333334
2026-10-06 16:52:45.847,8.5261e-11,Torr,13.small_stm_port,spray,13.small_stm_port/MassSpecData-02115-20261006-165206.csv,2026-10-06 16:40:57.831,11.800266666666666
2026-10-06 16:52:46.055,8.0074e-11,Torr,13.small_stm_port,spray,13.small_stm_port/MassSpecData-02115-20261006-165206.csv,2026-10-06 16:40:57.831,11.803733333333334
2026-10-06 16:52:46.263,6.7269e-11,Torr,13.small_stm_port,spray,13.small_stm_port/MassSpecData-02115-20261006-165206.csv,2026-10-06 16:40:57.831,11.8072
2026-10-06 16:52:46.472,8.2111e-11,Torr,13.small_stm_port,spray,13.small_stm_port/MassSpecData-02115-20261006-165206.csv,2026-10-06 16:40:57.831,11.810683333333333
2026-10-06 16:52:46.680,8.3626e-11,Torr,13.small_stm_port,spray,13.small_stm_port/MassSpecData-02115-20261006-165206.csv,2026-10-06 16:40:57.831,11.814150000000001
2026-10-06 16:52:46.888,8.1814e-11,Torr,13.small_stm_port,spray,13.small_stm_port/MassSpecData-02115-20261006-165206.csv,2026-10-06 16:40:57.831,11.817616666666668
2026-10-06 16:52:47.097,7.8055e-11,Torr,13.small_stm_port,spray,13.small_stm_port/MassSpecData-02115-20261006-165206.csv,2026-10-06 16:40:57.831,11.8211
2026-10-06 16:52:47.305,8.7199e-11,Torr,13.small_stm_port,spray,13.small_stm_port/MassSpecData-02115-20261006-165206.csv,2026-10-06 16:40:57.831,11.824566666666668
2026-10-06 16:52:47.513,7.8275e-11,Torr,13.small_stm_port,spray,13.small_stm_port/MassSpecData-02115-20261006-165206.csv,2026-10-06 16:40:57.831,11.828033333333334
2026-10-06 16:52:47.722,8.194e-11,Torr,13.small_stm_port,spray,13.small_stm_port/MassSpecData-02115-20261006-165206.csv,2026-10-06 16:40:57.831,11.831516666666666
2026-10-06 16:52:47.930,8.4866e-11,Torr,13.small_stm_port,spray,13.small_stm_port/MassSpecData-02115-20261006-165206.csv,2026-10-06 16:40:57.831,11.834983333333334
2026-10-06 16:52:48.138,8.8824e-11,Torr,13.small_stm_port,spray,13.small_stm_port/MassSpecData-02115-20261006-165206.csv,2026-10-06 16:40:57.831,11.83845
2026-10-06 16:52:48.487,6.5408e-11,Torr,13.small_stm_port,spray,13.small_stm_port/MassSpecData-02115-20261006-165248.csv,2026-10-06 16:40:57.831,11.844266666666666
2026-10-06 16:52:48.695,9.248e-11,Torr,13.small_stm_port,spray,13.small_stm_port/MassSpecData-02115-20261006-165248.csv,2026-10-06 16:40:57.831,11.847733333333334
2026-10-06 16:52:48.904,8.6185e-11,Torr,13.small_stm_port,spray,13.small_stm_port/MassSpecData-02115-20261006-165248.csv,2026-10-06 16:40:57.831,11.851216666666666
2026-10-06 16:52:49.112,7.4724e-11,Torr,13.small_stm_port,spray,13.small_stm_port/MassSpecData-02115-20261006-165248.csv,2026-10-06 16:40:57.831,11.854683333333332
2026-10-06 16:52:49.320,9.0276e-11,Torr,13.small_stm_port,spray,13.small_stm_port/MassSpecData-02115-20261006-165248.csv,2026-10-06 16:40:57.831,11.85815
2026-10-06 16:52:49.529,8.226e-11,Torr,13.small_stm_port,spray,13.small_stm_port/MassSpecData-02115-20261006-165248.csv,2026-10-06 16:40:57.831,11.861633333333334
2026-10-06 16:52:49.737,7.9491e-11,Torr,13.small_stm_port,spray,13.small_stm_port/MassSpecData-02115-20261006-165248.csv,2026-10-06 16:40:57.831,11.8651
2026-10-06 16:52:49.945,7.8916e-11,Torr,13.small_stm_port,spray,13.small_stm_port/MassSpecData-02115-20261006-165248.csv,2026-10-06 16:40:57.831,11.868566666666668
2026-10-06 16:52:50.153,7.2698e-11,Torr,13.small_stm_port,spray,13.small_stm_port/MassSpecData-02115-20261006-165248.csv,2026-10-06 16:40:57.831,11.872033333333333
2026-10-06 16:52:50.362,8.6699e-11,Torr,13.small_stm_port,spray,13.small_stm_port/MassSpecData-02115-20261006-165248.csv,2026-10-06 16:40:57.831,11.875516666666666
2026-10-06 16:52:50.570,7.7599e-11,Torr,13.small_stm_port,spray,13.small_stm_port/MassSpecData-02115-20261006-165248.csv,2026-10-06 16:40:57.831,11.878983333333334
2026-10-06 16:52:50.779,7.9236e-11,Torr,13.small_stm_port,spray,13.small_stm_port/MassSpecData-02115-20261006-165248.csv,2026-10-06 16:40:57.831,11.882466666666666
2026-10-06 16:52:50.987,8.426e-11,Torr,13.small_stm_port,spray,13.small_stm_port/MassSpecData-02115-20261006-165248.csv,2026-10-06 16:40:57.831,11.885933333333332
2026-10-06 16:52:51.195,8.2797e-11,Torr,13.small_stm_port,spray,13.small_stm_port/MassSpecData-02115-20261006-165248.csv,2026-10-06 16:40:57.831,11.8894
2026-10-06 16:52:51.404,8.0749e-11,Torr,13.small_stm_port,spray,13.small_stm_port/MassSpecData-02115-20261006-165248.csv,2026-10-06 16:40:57.831,11.892883333333334
2026-10-06 16:52:51.612,8.5489e-11,Torr,13.small_stm_port,spray,13.small_stm_port/MassSpecData-02115-20261006-165248.csv,2026-10-06 16:40:57.831,11.89635
2026-10-06 16:52:51.820,9.1826e-11,Torr,13.small_stm_port,spray,13.small_stm_port/MassSpecData-02115-20261006-165248.csv,2026-10-06 16:40:57.831,11.899816666666668
2026-10-06 16:52:52.029,7.4522e-11,Torr,13.small_stm_port,spray,13.small_stm_port/MassSpecData-02115-20261006-165248.csv,2026-10-06 16:40:57.831,11.9033
2026-10-06 16:52:52.237,6.9776e-11,Torr,13.small_stm_port,spray,13.small_stm_port/MassSpecData-02115-20261006-165248.csv,2026-10-06 16:40:57.831,11.906766666666666
2026-10-06 16:52:52.445,7.5162e-11,Torr,13.small_stm_port,spray,13.small_stm_port/MassSpecData-02115-20261006-165248.csv,2026-10-06 16:40:57.831,11.910233333333334
2026-10-06 16:52:52.654,8.2076e-11,Torr,13.small_stm_port,spray,13.small_stm_port/MassSpecData-02115-20261006-165248.csv,2026-10-06 16:40:57.831,11.913716666666666
2026-10-06 16:52:52.862,7.8758e-11,Torr,13.small_stm_port,spray,13.small_stm_port/MassSpecData-02115-20261006-165248.csv,2026-10-06 16:40:57.831,11.917183333333332
2026-10-06 16:52:53.070,7.4812e-11,Torr,13.small_stm_port,spray,13.small_stm_port/MassSpecData-02115-20261006-165248.csv,2026-10-06 16:40:57.831,11.92065
2026-10-06 16:52:53.279,7.934e-11,Torr,13.small_stm_port,spray,13.small_stm_port/MassSpecData-02115-20261006-165248.csv,2026-10-06 16:40:57.831,11.924133333333334
2026-10-06 16:52:53.487,8.3959e-11,Torr,13.small_stm_port,spray,13.small_stm_port/MassSpecData-02115-20261006-165248.csv,2026-10-06 16:40:57.831,11.9276
2026-10-06 16:52:53.695,7.6233e-11,Torr,13.small_stm_port,spray,13.small_stm_port/MassSpecData-02115-20261006-165248.csv,2026-10-06 16:40:57.831,11.931066666666668
2026-10-06 16:52:53.903,8.1982e-11,Torr,13.small_stm_port,spray,13.small_stm_port/MassSpecData-02115-20261006-165248.csv,2026-10-06 16:40:57.831,11.934533333333333
2026-10-06 16:52:54.112,7.7897e-11,Torr,13.small_stm_port,spray,13.small_stm_port/MassSpecData-02115-20261006-165248.csv,2026-10-06 16:40:57.831,11.938016666666666
2026-10-06 16:52:54.320,8.5952e-11,Torr,13.small_stm_port,spray,13.small_stm_port/MassSpecData-02115-20261006-165248.csv,2026-10-06 16:40:57.831,11.941483333333334
2026-10-06 16:52:54.528,8.1716e-11,Torr,13.small_stm_port,spray,13.small_stm_port/MassSpecData-02115-20261006-165248.csv,2026-10-06 16:40:57.831,11.94495
2026-10-06 16:52:54.737,7.8662e-11,Torr,13.small_stm_port,spray,13.small_stm_port/MassSpecData-02115-20261006-165248.csv,2026-10-06 16:40:57.831,11.948433333333332
2026-10-06 16:52:54.945,8.5878e-11,Torr,13.small_stm_port,spray,13.small_stm_port/MassSpecData-02115-20261006-165248.csv,2026-10-06 16:40:57.831,11.9519
2026-10-06 16:52:55.153,8.9151e-11,Torr,13.small_stm_port,spray,13.small_stm_port/MassSpecData-02115-20261006-165248.csv,2026-10-06 16:40:57.831,11.955366666666666
2026-10-06 16:52:55.362,7.5846e-11,Torr,13.small_stm_port,spray,13.small_stm_port/MassSpecData-02115-20261006-165248.csv,2026-10-06 16:40:57.831,11.95885
2026-10-06 16:52:55.570,6.8637e-11,Torr,13.small_stm_port,spray,13.small_stm_port/MassSpecData-02115-20261006-165248.csv,2026-10-06 16:40:57.831,11.962316666666668
2026-10-06 16:52:55.778,8.2478e-11,Torr,13.small_stm_port,spray,13.small_stm_port/MassSpecData-02115-20261006-165248.csv,2026-10-06 16:40:57.831,11.965783333333333
2026-10-06 16:52:55.987,8.6211e-11,Torr,13.small_stm_port,spray,13.small_stm_port/MassSpecData-02115-20261006-165248.csv,2026-10-06 16:40:57.831,11.969266666666666
2026-10-06 16:52:56.195,8.2409e-11,Torr,13.small_stm_port,spray,13.small_stm_port/MassSpecData-02115-20261006-165248.csv,2026-10-06 16:40:57.831,11.972733333333334
2026-10-06 16:52:56.403,9.1226e-11,Torr,13.small_stm_port,spray,13.small_stm_port/MassSpecData-02115-20261006-165248.csv,2026-10-06 16:40:57.831,11.9762
2026-10-06 16:52:56.612,6.8991e-11,Torr,13.small_stm_port,spray,13.small_stm_port/MassSpecData-02115-20261006-165248.csv,2026-10-06 16:40:57.831,11.979683333333332
2026-10-06 16:52:56.820,9.3093e-11,Torr,13.small_stm_port,spray,13.small_stm_port/MassSpecData-02115-20261006-165248.csv,2026-10-06 16:40:57.831,11.98315
2026-10-06 16:52:57.028,7.9797e-11,Torr,13.small_stm_port,spray,13.small_stm_port/MassSpecData-02115-20261006-165248.csv,2026-10-06 16:40:57.831,11.986616666666666
2026-10-06 16:52:57.237,9.2786e-11,Torr,13.small_stm_port,spray,13.small_stm_port/MassSpecData-02115-20261006-165248.csv,2026-10-06 16:40:57.831,11.9901
2026-10-06 16:52:57.445,8.7172e-11,Torr,13.small_stm_port,spray,13.small_stm_port/MassSpecData-02115-20261006-165248.csv,2026-10-06 16:40:57.831,11.993566666666668
2026-10-06 16:52:57.654,8.6592e-11,Torr,13.small_stm_port,spray,13.small_stm_port/MassSpecData-02115-20261006-165248.csv,2026-10-06 16:40:57.831,11.99705
2026-10-06 16:52:57.862,7.6562e-11,Torr,13.small_stm_port,spray,13.small_stm_port/MassSpecData-02115-20261006-165248.csv,2026-10-06 16:40:57.831,12.000516666666666
2026-10-06 16:52:58.070,9.3977e-11,Torr,13.small_stm_port,spray,13.small_stm_port/MassSpecData-02115-20261006-165248.csv,2026-10-06 16:40:57.831,12.003983333333334
2026-10-06 16:52:58.279,7.5752e-11,Torr,13.small_stm_port,spray,13.small_stm_port/MassSpecData-02115-20261006-165248.csv,2026-10-06 16:40:57.831,12.007466666666666
2026-10-06 16:52:58.487,8.1469e-11,Torr,13.small_stm_port,spray,13.small_stm_port/MassSpecData-02115-20261006-165248.csv,2026-10-06 16:40:57.831,12.010933333333332
2026-10-06 16:52:58.695,7.8874e-11,Torr,13.small_stm_port,spray,13.small_stm_port/MassSpecData-02115-20261006-165248.csv,2026-10-06 16:40:57.831,12.0144
2026-10-06 16:52:58.904,6.5434e-11,Torr,13.small_stm_port,spray,13.small_stm_port/MassSpecData-02115-20261006-165248.csv,2026-10-06 16:40:57.831,12.017883333333334
2026-10-06 16:52:59.112,8.1348e-11,Torr,13.small_stm_port,spray,13.small_stm_port/MassSpecData-02115-20261006-165248.csv,2026-10-06 16:40:57.831,12.02135
2026-10-06 16:52:59.320,8.6295e-11,Torr,13.small_stm_port,spray,13.small_stm_port/MassSpecData-02115-20261006-165248.csv,2026-10-06 16:40:57.831,12.024816666666668
2026-10-06 16:52:59.529,8.4075e-11,Torr,13.small_stm_port,spray,13.small_stm_port/MassSpecData-02115-20261006-165248.csv,2026-10-06 16:40:57.831,12.0283
2026-10-06 16:52:59.737,6.8368e-11,Torr,13.small_stm_port,spray,13.small_stm_port/MassSpecData-02115-20261006-165248.csv,2026-10-06 16:40:57.831,12.031766666666666
2026-10-06 16:52:59.945,8.0651e-11,Torr,13.small_stm_port,spray,13.small_stm_port/MassSpecData-02115-20261006-165248.csv,2026-10-06 16:40:57.831,12.035233333333334
2026-10-06 16:53:00.154,9.8022e-11,Torr,13.small_stm_port,spray,13.small_stm_port/MassSpecData-02115-20261006-165248.csv,2026-10-06 16:40:57.831,12.038716666666666
2026-10-06 16:53:00.362,7.5611e-11,Torr,13.small_stm_port,spray,13.small_stm_port/MassSpecData-02115-20261006-165248.csv,2026-10-06 16:40:57.831,12.042183333333332
2026-10-06 16:53:00.570,9.0915e-11,Torr,13.small_stm_port,spray,13.small_stm_port/MassSpecData-02115-20261006-165248.csv,2026-10-06 16:40:57.831,12.04565
2026-10-06 16:53:00.779,9.2677e-11,Torr,13.small_stm_port,spray,13.small_stm_port/MassSpecData-02115-20261006-165248.csv,2026-10-06 16:40:57.831,12.049133333333334
2026-10-06 16:53:00.987,8.5341e-11,Torr,13.small_stm_port,spray,13.small_stm_port/MassSpecData-02115-20261006-165248.csv,2026-10-06 16:40:57.831,12.0526
2026-10-06 16:53:01.195,1.0263e-10,Torr,13.small_stm_port,spray,13.small_stm_port/MassSpecData-02115-20261006-165248.csv,2026-10-06 16:40:57.831,12.056066666666668
2026-10-06 16:53:01.404,7.7943e-11,Torr,13.small_stm_port,spray,13.small_stm_port/MassSpecData-02115-20261006-165248.csv,2026-10-06 16:40:57.831,12.05955
2026-10-06 16:53:01.612,8.0777e-11,Torr,13.small_stm_port,spray,13.small_stm_port/MassSpecData-02115-20261006-165248.csv,2026-10-06 16:40:57.831,12.063016666666666
2026-10-06 16:53:01.820,1.0366e-10,Torr,13.small_stm_port,spray,13.small_stm_port/MassSpecData-02115-20261006-165248.csv,2026-10-06 16:40:57.831,12.066483333333334
2026-10-06 16:53:02.029,7.3358e-11,Torr,13.small_stm_port,spray,13.small_stm_port/MassSpecData-02115-20261006-165248.csv,2026-10-06 16:40:57.831,12.069966666666666
2026-10-06 16:53:02.237,8.2757e-11,Torr,13.small_stm_port,spray,13.small_stm_port/MassSpecData-02115-20261006-165248.csv,2026-10-06 16:40:57.831,12.073433333333332
2026-10-06 16:53:02.445,9.2213e-11,Torr,13.small_stm_port,spray,13.small_stm_port/MassSpecData-02115-20261006-165248.csv,2026-10-06 16:40:57.831,12.0769
2026-10-06 16:53:02.654,6.9564e-11,Torr,13.small_stm_port,spray,13.small_stm_port/MassSpecData-02115-20261006-165248.csv,2026-10-06 16:40:57.831,12.080383333333334
2026-10-06 16:53:02.862,1.1184e-10,Torr,13.small_stm_port,spray,13.small_stm_port/MassSpecData-02115-20261006-165248.csv,2026-10-06 16:40:57.831,12.08385
2026-10-06 16:53:03.070,8.2416e-11,Torr,13.small_stm_port,spray,13.small_stm_port/MassSpecData-02115-20261006-165248.csv,2026-10-06 16:40:57.831,12.087316666666668
2026-10-06 16:53:03.279,8.87e-11,Torr,13.small_stm_port,spray,13.small_stm_port/MassSpecData-02115-20261006-165248.csv,2026-10-06 16:40:57.831,12.0908
2026-10-06 16:53:03.487,8.9055e-11,Torr,13.small_stm_port,spray,13.small_stm_port/MassSpecData-02115-20261006-165248.csv,2026-10-06 16:40:57.831,12.094266666666666
2026-10-06 16:53:03.695,8.8496e-11,Torr,13.small_stm_port,spray,13.small_stm_port/MassSpecData-02115-20261006-165248.csv,2026-10-06 16:40:57.831,12.097733333333334
2026-10-06 16:53:03.904,8.1404e-11,Torr,13.small_stm_port,spray,13.small_stm_port/MassSpecData-02115-20261006-165248.csv,2026-10-06 16:40:57.831,12.101216666666666
2026-10-06 16:53:04.112,7.6374e-11,Torr,13.small_stm_port,spray,13.small_stm_port/MassSpecData-02115-20261006-165248.csv,2026-10-06 16:40:57.831,12.104683333333332
2026-10-06 16:53:04.320,7.8272e-11,Torr,13.small_stm_port,spray,13.small_stm_port/MassSpecData-02115-20261006-165248.csv,2026-10-06 16:40:57.831,12.10815
2026-10-06 16:53:04.529,8.2799e-11,Torr,13.small_stm_port,spray,13.small_stm_port/MassSpecData-02115-20261006-165248.csv,2026-10-06 16:40:57.831,12.111633333333334
2026-10-06 16:53:04.737,7.0412e-11,Torr,13.small_stm_port,spray,13.small_stm_port/MassSpecData-02115-20261006-165248.csv,2026-10-06 16:40:57.831,12.1151
2026-10-06 16:53:04.945,8.3829e-11,Torr,13.small_stm_port,spray,13.small_stm_port/MassSpecData-02115-20261006-165248.csv,2026-10-06 16:40:57.831,12.118566666666668
2026-10-06 16:53:05.154,6.6299e-11,Torr,13.small_stm_port,spray,13.small_stm_port/MassSpecData-02115-20261006-165248.csv,2026-10-06 16:40:57.831,12.12205
2026-10-06 16:53:05.362,7.8787e-11,Torr,13.small_stm_port,spray,13.small_stm_port/MassSpecData-02115-20261006-165248.csv,2026-10-06 16:40:57.831,12.125516666666666
2026-10-06 16:53:05.570,6.6756e-11,Torr,13.small_stm_port,spray,13.small_stm_port/MassSpecData-02115-20261006-165248.csv,2026-10-06 16:40:57.831,12.128983333333334
2026-10-06 16:53:05.779,8.525e-11,Torr,13.small_stm_port,spray,13.small_stm_port/MassSpecData-02115-20261006-165248.csv,2026-10-06 16:40:57.831,12.132466666666666
2026-10-06 16:53:05.987,8.362e-11,Torr,13.small_stm_port,spray,13.small_stm_port/MassSpecData-02115-20261006-165248.csv,2026-10-06 16:40:57.831,12.135933333333332
2026-10-06 16:53:06.195,8.2106e-11,Torr,13.small_stm_port,spray,13.small_stm_port/MassSpecData-02115-20261006-165248.csv,2026-10-06 16:40:57.831,12.1394
2026-10-06 16:53:06.404,6.6135e-11,Torr,13.small_stm_port,spray,13.small_stm_port/MassSpecData-02115-20261006-165248.csv,2026-10-06 16:40:57.831,12.142883333333334
2026-10-06 16:53:06.612,9.1674e-11,Torr,13.small_stm_port,spray,13.small_stm_port/MassSpecData-02115-20261006-165248.csv,2026-10-06 16:40:57.831,12.14635
2026-10-06 16:53:06.820,8.8427e-11,Torr,13.small_stm_port,spray,13.small_stm_port/MassSpecData-02115-20261006-165248.csv,2026-10-06 16:40:57.831,12.149816666666668
2026-10-06 16:53:07.029,7.2768e-11,Torr,13.small_stm_port,spray,13.small_stm_port/MassSpecData-02115-20261006-165248.csv,2026-10-06 16:40:57.831,12.1533
2026-10-06 16:53:07.237,8.648e-11,Torr,13.small_stm_port,spray,13.small_stm_port/MassSpecData-02115-20261006-165248.csv,2026-10-06 16:40:57.831,12.156766666666666
2026-10-06 16:53:07.445,6.4732e-11,Torr,13.small_stm_port,spray,13.small_stm_port/MassSpecData-02115-20261006-165248.csv,2026-10-06 16:40:57.831,12.160233333333334
2026-10-06 16:53:07.654,6.8912e-11,Torr,13.small_stm_port,spray,13.small_stm_port/MassSpecData-02115-20261006-165248.csv,2026-10-06 16:40:57.831,12.163716666666666
2026-10-06 16:53:07.862,9.4068e-11,Torr,13.small_stm_port,spray,13.small_stm_port/MassSpecData-02115-20261006-165248.csv,2026-10-06 16:40:57.831,12.167183333333332
2026-10-06 16:53:08.070,8.9193e-11,Torr,13.small_stm_port,spray,13.small_stm_port/MassSpecData-02115-20261006-165248.csv,2026-10-06 16:40:57.831,12.17065
2026-10-06 16:53:08.278,6.9203e-11,Torr,13.small_stm_port,spray,13.small_stm_port/MassSpecData-02115-20261006-165248.csv,2026-10-06 16:40:57.831,12.174116666666666
2026-10-06 16:53:08.487,8.6583e-11,Torr,13.small_stm_port,spray,13.small_stm_port/MassSpecData-02115-20261006-165248.csv,2026-10-06 16:40:57.831,12.1776
2026-10-06 16:53:08.695,7.2595e-11,Torr,13.small_stm_port,spray,13.small_stm_port/MassSpecData-02115-20261006-165248.csv,2026-10-06 16:40:57.831,12.181066666666668
2026-10-06 16:53:08.903,7.7979e-11,Torr,13.small_stm_port,spray,13.small_stm_port/MassSpecData-02115-20261006-165248.csv,2026-10-06 16:40:57.831,12.184533333333333
2026-10-06 16:53:09.112,7.647e-11,Torr,13.small_stm_port,spray,13.small_stm_port/MassSpecData-02115-20261006-165248.csv,2026-10-06 16:40:57.831,12.188016666666666
2026-10-06 16:53:09.320,7.5076e-11,Torr,13.small_stm_port,spray,13.small_stm_port/MassSpecData-02115-20261006-165248.csv,2026-10-06 16:40:57.831,12.191483333333334
2026-10-06 16:53:09.528,8.1426e-11,Torr,13.small_stm_port,spray,13.small_stm_port/MassSpecData-02115-20261006-165248.csv,2026-10-06 16:40:57.831,12.19495
2026-10-06 16:53:09.737,7.1389e-11,Torr,13.small_stm_port,spray,13.small_stm_port/MassSpecData-02115-20261006-165248.csv,2026-10-06 16:40:57.831,12.198433333333332
2026-10-06 16:53:09.945,7.4823e-11,Torr,13.small_stm_port,spray,13.small_stm_port/MassSpecData-02115-20261006-165248.csv,2026-10-06 16:40:57.831,12.2019
2026-10-06 16:53:10.153,9.2543e-11,Torr,13.small_stm_port,spray,13.small_stm_port/MassSpecData-02115-20261006-165248.csv,2026-10-06 16:40:57.831,12.205366666666666
2026-10-06 16:53:10.362,1.0335e-10,Torr,13.small_stm_port,spray,13.small_stm_port/MassSpecData-02115-20261006-165248.csv,2026-10-06 16:40:57.831,12.20885
2026-10-06 16:53:10.570,7.5014e-11,Torr,13.small_stm_port,spray,13.small_stm_port/MassSpecData-02115-20261006-165248.csv,2026-10-06 16:40:57.831,12.212316666666668
2026-10-06 16:53:10.778,8.3845e-11,Torr,13.small_stm_port,spray,13.small_stm_port/MassSpecData-02115-20261006-165248.csv,2026-10-06 16:40:57.831,12.215783333333333
2026-10-06 16:53:10.987,7.7113e-11,Torr,13.small_stm_port,spray,13.small_stm_port/MassSpecData-02115-20261006-165248.csv,2026-10-06 16:40:57.831,12.219266666666666
2026-10-06 16:53:11.195,8.6812e-11,Torr,13.small_stm_port,spray,13.small_stm_port/MassSpecData-02115-20261006-165248.csv,2026-10-06 16:40:57.831,12.222733333333334
2026-10-06 16:53:11.403,7.5149e-11,Torr,13.small_stm_port,spray,13.small_stm_port/MassSpecData-02115-20261006-165248.csv,2026-10-06 16:40:57.831,12.2262
2026-10-06 16:53:11.612,8.5221e-11,Torr,13.small_stm_port,spray,13.small_stm_port/MassSpecData-02115-20261006-165248.csv,2026-10-06 16:40:57.831,12.229683333333332
2026-10-06 16:53:11.820,7.6989e-11,Torr,13.small_stm_port,spray,13.small_stm_port/MassSpecData-02115-20261006-165248.csv,2026-10-06 16:40:57.831,12.23315
2026-10-06 16:53:12.028,7.5645e-11,Torr,13.small_stm_port,spray,13.small_stm_port/MassSpecData-02115-20261006-165248.csv,2026-10-06 16:40:57.831,12.236616666666666
2026-10-06 16:53:12.237,8.6831e-11,Torr,13.small_stm_port,spray,13.small_stm_port/MassSpecData-02115-20261006-165248.csv,2026-10-06 16:40:57.831,12.2401
2026-10-06 16:53:12.445,8.2672e-11,Torr,13.small_stm_port,spray,13.small_stm_port/MassSpecData-02115-20261006-165248.csv,2026-10-06 16:40:57.831,12.243566666666668
2026-10-06 16:53:12.653,8.8844e-11,Torr,13.small_stm_port,spray,13.small_stm_port/MassSpecData-02115-20261006-165248.csv,2026-10-06 16:40:57.831,12.247033333333333
2026-10-06 16:53:12.862,8.9877e-11,Torr,13.small_stm_port,spray,13.small_stm_port/MassSpecData-02115-20261006-165248.csv,2026-10-06 16:40:57.831,12.250516666666666
2026-10-06 16:53:13.070,7.5312e-11,Torr,13.small_stm_port,spray,13.small_stm_port/MassSpecData-02115-20261006-165248.csv,2026-10-06 16:40:57.831,12.253983333333334
2026-10-06 16:53:13.278,8.8201e-11,Torr,13.small_stm_port,spray,13.small_stm_port/MassSpecData-02115-20261006-165248.csv,2026-10-06 16:40:57.831,12.25745
2026-10-06 16:53:13.487,7.831e-11,Torr,13.small_stm_port,spray,13.small_stm_port/MassSpecData-02115-20261006-165248.csv,2026-10-06 16:40:57.831,12.260933333333332
2026-10-06 16:53:13.695,8.3408e-11,Torr,13.small_stm_port,spray,13.small_stm_port/MassSpecData-02115-20261006-165248.csv,2026-10-06 16:40:57.831,12.2644
2026-10-06 16:53:13.903,7.3409e-11,Torr,13.small_stm_port,spray,13.small_stm_port/MassSpecData-02115-20261006-165248.csv,2026-10-06 16:40:57.831,12.267866666666666
2026-10-06 16:53:14.112,8.5001e-11,Torr,13.small_stm_port,spray,13.small_stm_port/MassSpecData-02115-20261006-165248.csv,2026-10-06 16:40:57.831,12.27135
2026-10-06 16:53:14.320,8.1577e-11,Torr,13.small_stm_port,spray,13.small_stm_port/MassSpecData-02115-20261006-165248.csv,2026-10-06 16:40:57.831,12.274816666666668
2026-10-06 16:53:14.528,8.0968e-11,Torr,13.small_stm_port,spray,13.small_stm_port/MassSpecData-02115-20261006-165248.csv,2026-10-06 16:40:57.831,12.278283333333333
2026-10-06 16:53:14.737,8.6749e-11,Torr,13.small_stm_port,spray,13.small_stm_port/MassSpecData-02115-20261006-165248.csv,2026-10-06 16:40:57.831,12.281766666666666
2026-10-06 16:53:14.945,8.236e-11,Torr,13.small_stm_port,spray,13.small_stm_port/MassSpecData-02115-20261006-165248.csv,2026-10-06 16:40:57.831,12.285233333333334
2026-10-06 16:53:15.153,8.16e-11,Torr,13.small_stm_port,spray,13.small_stm_port/MassSpecData-02115-20261006-165248.csv,2026-10-06 16:40:57.831,12.2887
2026-10-06 16:53:15.362,7.952e-11,Torr,13.small_stm_port,spray,13.small_stm_port/MassSpecData-02115-20261006-165248.csv,2026-10-06 16:40:57.831,12.292183333333332
2026-10-06 16:53:15.570,8.2555e-11,Torr,13.small_stm_port,spray,13.small_stm_port/MassSpecData-02115-20261006-165248.csv,2026-10-06 16:40:57.831,12.29565
2026-10-06 16:53:15.778,9.9364e-11,Torr,13.small_stm_port,spray,13.small_stm_port/MassSpecData-02115-20261006-165248.csv,2026-10-06 16:40:57.831,12.299116666666666
2026-10-06 16:53:15.987,1.0243e-10,Torr,13.small_stm_port,spray,13.small_stm_port/MassSpecData-02115-20261006-165248.csv,2026-10-06 16:40:57.831,12.3026
2026-10-06 16:53:16.195,8.6633e-11,Torr,13.small_stm_port,spray,13.small_stm_port/MassSpecData-02115-20261006-165248.csv,2026-10-06 16:40:57.831,12.306066666666668
2026-10-06 16:53:16.403,7.9248e-11,Torr,13.small_stm_port,spray,13.small_stm_port/MassSpecData-02115-20261006-165248.csv,2026-10-06 16:40:57.831,12.309533333333333
2026-10-06 16:53:16.612,7.5204e-11,Torr,13.small_stm_port,spray,13.small_stm_port/MassSpecData-02115-20261006-165248.csv,2026-10-06 16:40:57.831,12.313016666666666
2026-10-06 16:53:16.820,6.9204e-11,Torr,13.small_stm_port,spray,13.small_stm_port/MassSpecData-02115-20261006-165248.csv,2026-10-06 16:40:57.831,12.316483333333334
2026-10-06 16:53:17.028,9.2189e-11,Torr,13.small_stm_port,spray,13.small_stm_port/MassSpecData-02115-20261006-165248.csv,2026-10-06 16:40:57.831,12.31995
2026-10-06 16:53:17.237,8.3422e-11,Torr,13.small_stm_port,spray,13.small_stm_port/MassSpecData-02115-20261006-165248.csv,2026-10-06 16:40:57.831,12.323433333333332
2026-10-06 16:53:17.445,8.2109e-11,Torr,13.small_stm_port,spray,13.small_stm_port/MassSpecData-02115-20261006-165248.csv,2026-10-06 16:40:57.831,12.3269
2026-10-06 16:53:17.653,8.5417e-11,Torr,13.small_stm_port,spray,13.small_stm_port/MassSpecData-02115-20261006-165248.csv,2026-10-06 16:40:57.831,12.330366666666666
2026-10-06 16:53:17.862,8.369e-11,Torr,13.small_stm_port,spray,13.small_stm_port/MassSpecData-02115-20261006-165248.csv,2026-10-06 16:40:57.831,12.33385
2026-10-06 16:53:18.070,8.1187e-11,Torr,13.small_stm_port,spray,13.small_stm_port/MassSpecData-02115-20261006-165248.csv,2026-10-06 16:40:57.831,12.337316666666668
2026-10-06 16:53:18.278,8.7225e-11,Torr,13.small_stm_port,spray,13.small_stm_port/MassSpecData-02115-20261006-165248.csv,2026-10-06 16:40:57.831,12.340783333333333
2026-10-06 16:53:18.487,7.894e-11,Torr,13.small_stm_port,spray,13.small_stm_port/MassSpecData-02115-20261006-165248.csv,2026-10-06 16:40:57.831,12.344266666666666
2026-10-06 16:53:18.695,8.3565e-11,Torr,13.small_stm_port,spray,13.small_stm_port/MassSpecData-02115-20261006-165248.csv,2026-10-06 16:40:57.831,12.347733333333334
2026-10-06 16:53:18.903,7.2272e-11,Torr,13.small_stm_port,spray,13.small_stm_port/MassSpecData-02115-20261006-165248.csv,2026-10-06 16:40:57.831,12.3512
2026-10-06 16:53:19.112,7.947e-11,Torr,13.small_stm_port,spray,13.small_stm_port/MassSpecData-02115-20261006-165248.csv,2026-10-06 16:40:57.831,12.354683333333332
2026-10-06 16:53:19.320,8.4691e-11,Torr,13.small_stm_port,spray,13.small_stm_port/MassSpecData-02115-20261006-165248.csv,2026-10-06 16:40:57.831,12.35815
2026-10-06 16:53:19.528,1.0601e-10,Torr,13.small_stm_port,spray,13.small_stm_port/MassSpecData-02115-20261006-165248.csv,2026-10-06 16:40:57.831,12.361616666666666
2026-10-06 16:53:19.737,8.2108e-11,Torr,13.small_stm_port,spray,13.small_stm_port/MassSpecData-02115-20261006-165248.csv,2026-10-06 16:40:57.831,12.3651
2026-10-06 16:53:19.945,7.6705e-11,Torr,13.small_stm_port,spray,13.small_stm_port/MassSpecData-02115-20261006-165248.csv,2026-10-06 16:40:57.831,12.368566666666668
2026-10-06 16:53:20.153,7.4236e-11,Torr,13.small_stm_port,spray,13.small_stm_port/MassSpecData-02115-20261006-165248.csv,2026-10-06 16:40:57.831,12.372033333333333
2026-10-06 16:53:20.362,1.0098e-10,Torr,13.small_stm_port,spray,13.small_stm_port/MassSpecData-02115-20261006-165248.csv,2026-10-06 16:40:57.831,12.375516666666666
2026-10-06 16:53:20.570,8.1691e-11,Torr,13.small_stm_port,spray,13.small_stm_port/MassSpecData-02115-20261006-165248.csv,2026-10-06 16:40:57.831,12.378983333333334
2026-10-06 16:53:20.778,8.8323e-11,Torr,13.small_stm_port,spray,13.small_stm_port/MassSpecData-02115-20261006-165248.csv,2026-10-06 16:40:57.831,12.38245
2026-10-06 16:53:20.987,8.1776e-11,Torr,13.small_stm_port,spray,13.small_stm_port/MassSpecData-02115-20261006-165248.csv,2026-10-06 16:40:57.831,12.385933333333332
2026-10-06 16:53:21.195,7.5961e-11,Torr,13.small_stm_port,spray,13.small_stm_port/MassSpecData-02115-20261006-165248.csv,2026-10-06 16:40:57.831,12.3894
2026-10-06 16:53:21.403,8.2635e-11,Torr,13.small_stm_port,spray,13.small_stm_port/MassSpecData-02115-20261006-165248.csv,2026-10-06 16:40:57.831,12.392866666666666
2026-10-06 16:53:21.612,8.1624e-11,Torr,13.small_stm_port,spray,13.small_stm_port/MassSpecData-02115-20261006-165248.csv,2026-10-06 16:40:57.831,12.39635
2026-10-06 16:53:21.820,9.3479e-11,Torr,13.small_stm_port,spray,13.small_stm_port/MassSpecData-02115-20261006-165248.csv,2026-10-06 16:40:57.831,12.399816666666668
2026-10-06 16:53:22.028,8.1467e-11,Torr,13.small_stm_port,spray,13.small_stm_port/MassSpecData-02115-20261006-165248.csv,2026-10-06 16:40:57.831,12.403283333333333
2026-10-06 16:53:22.237,8.3919e-11,Torr,13.small_stm_port,spray,13.small_stm_port/MassSpecData-02115-20261006-165248.csv,2026-10-06 16:40:57.831,12.406766666666666
2026-10-06 16:53:22.445,8.051e-11,Torr,13.small_stm_port,spray,13.small_stm_port/MassSpecData-02115-20261006-165248.csv,2026-10-06 16:40:57.831,12.410233333333334
2026-10-06 16:53:22.653,7.9189e-11,Torr,13.small_stm_port,spray,13.small_stm_port/MassSpecData-02115-20261006-165248.csv,2026-10-06 16:40:57.831,12.4137
2026-10-06 16:53:22.862,8.0743e-11,Torr,13.small_stm_port,spray,13.small_stm_port/MassSpecData-02115-20261006-165248.csv,2026-10-06 16:40:57.831,12.417183333333332
2026-10-06 16:53:23.070,7.4862e-11,Torr,13.small_stm_port,spray,13.small_stm_port/MassSpecData-02115-20261006-165248.csv,2026-10-06 16:40:57.831,12.42065
2026-10-06 16:53:23.278,7.6356e-11,Torr,13.small_stm_port,spray,13.small_stm_port/MassSpecData-02115-20261006-165248.csv,2026-10-06 16:40:57.831,12.424116666666666
2026-10-06 16:53:23.487,8.7991e-11,Torr,13.small_stm_port,spray,13.small_stm_port/MassSpecData-02115-20261006-165248.csv,2026-10-06 16:40:57.831,12.4276
2026-10-06 16:53:23.695,9.2234e-11,Torr,13.small_stm_port,spray,13.small_stm_port/MassSpecData-02115-20261006-165248.csv,2026-10-06 16:40:57.831,12.431066666666668
2026-10-06 16:53:23.903,8.8315e-11,Torr,13.small_stm_port,spray,13.small_stm_port/MassSpecData-02115-20261006-165248.csv,2026-10-06 16:40:57.831,12.434533333333333
2026-10-06 16:53:24.112,6.8389e-11,Torr,13.small_stm_port,spray,13.small_stm_port/MassSpecData-02115-20261006-165248.csv,2026-10-06 16:40:57.831,12.438016666666666
2026-10-06 16:53:24.320,7.1894e-11,Torr,13.small_stm_port,spray,13.small_stm_port/MassSpecData-02115-20261006-165248.csv,2026-10-06 16:40:57.831,12.441483333333334
2026-10-06 16:53:24.528,7.2877e-11,Torr,13.small_stm_port,spray,13.small_stm_port/MassSpecData-02115-20261006-165248.csv,2026-10-06 16:40:57.831,12.44495
2026-10-06 16:53:24.737,7.7729e-11,Torr,13.small_stm_port,spray,13.small_stm_port/MassSpecData-02115-20261006-165248.csv,2026-10-06 16:40:57.831,12.448433333333332
2026-10-06 16:53:24.945,8.8006e-11,Torr,13.small_stm_port,spray,13.small_stm_port/MassSpecData-02115-20261006-165248.csv,2026-10-06 16:40:57.831,12.4519
2026-10-06 16:53:25.153,8.7225e-11,Torr,13.small_stm_port,spray,13.small_stm_port/MassSpecData-02115-20261006-165248.csv,2026-10-06 16:40:57.831,12.455366666666666
2026-10-06 16:53:25.362,8.0554e-11,Torr,13.small_stm_port,spray,13.small_stm_port/MassSpecData-02115-20261006-165248.csv,2026-10-06 16:40:57.831,12.45885
2026-10-06 16:53:25.570,8.0547e-11,Torr,13.small_stm_port,spray,13.small_stm_port/MassSpecData-02115-20261006-165248.csv,2026-10-06 16:40:57.831,12.462316666666668
2026-10-06 16:53:25.778,8.0137e-11,Torr,13.small_stm_port,spray,13.small_stm_port/MassSpecData-02115-20261006-165248.csv,2026-10-06 16:40:57.831,12.465783333333333
2026-10-06 16:53:25.987,8.3661e-11,Torr,13.small_stm_port,spray,13.small_stm_port/MassSpecData-02115-20261006-165248.csv,2026-10-06 16:40:57.831,12.469266666666666
2026-10-06 16:53:26.195,8.0455e-11,Torr,13.small_stm_port,spray,13.small_stm_port/MassSpecData-02115-20261006-165248.csv,2026-10-06 16:40:57.831,12.472733333333334
2026-10-06 16:53:26.404,9.3627e-11,Torr,13.small_stm_port,spray,13.small_stm_port/MassSpecData-02115-20261006-165248.csv,2026-10-06 16:40:57.831,12.476216666666666
2026-10-06 16:53:26.612,6.8665e-11,Torr,13.small_stm_port,spray,13.small_stm_port/MassSpecData-02115-20261006-165248.csv,2026-10-06 16:40:57.831,12.479683333333332
2026-10-06 16:53:26.820,9.467e-11,Torr,13.small_stm_port,spray,13.small_stm_port/MassSpecData-02115-20261006-165248.csv,2026-10-06 16:40:57.831,12.48315
2026-10-06 16:53:27.029,7.4261e-11,Torr,13.small_stm_port,spray,13.small_stm_port/MassSpecData-02115-20261006-165248.csv,2026-10-06 16:40:57.831,12.486633333333334
2026-10-06 16:53:27.237,8.7013e-11,Torr,13.small_stm_port,spray,13.small_stm_port/MassSpecData-02115-20261006-165248.csv,2026-10-06 16:40:57.831,12.4901
2026-10-06 16:53:27.445,7.8068e-11,Torr,13.small_stm_port,spray,13.small_stm_port/MassSpecData-02115-20261006-165248.csv,2026-10-06 16:40:57.831,12.493566666666668
2026-10-06 16:53:27.654,7.4805e-11,Torr,13.small_stm_port,spray,13.small_stm_port/MassSpecData-02115-20261006-165248.csv,2026-10-06 16:40:57.831,12.49705
2026-10-06 16:53:27.862,8.3551e-11,Torr,13.small_stm_port,spray,13.small_stm_port/MassSpecData-02115-20261006-165248.csv,2026-10-06 16:40:57.831,12.500516666666666
2026-10-06 16:53:28.070,7.6231e-11,Torr,13.small_stm_port,spray,13.small_stm_port/MassSpecData-02115-20261006-165248.csv,2026-10-06 16:40:57.831,12.503983333333334
2026-10-06 16:53:28.279,8.2281e-11,Torr,13.small_stm_port,spray,13.small_stm_port/MassSpecData-02115-20261006-165248.csv,2026-10-06 16:40:57.831,12.507466666666666
2026-10-06 16:53:28.487,7.3854e-11,Torr,13.small_stm_port,spray,13.small_stm_port/MassSpecData-02115-20261006-165248.csv,2026-10-06 16:40:57.831,12.510933333333332
2026-10-06 16:53:28.695,8.7528e-11,Torr,13.small_stm_port,spray,13.small_stm_port/MassSpecData-02115-20261006-165248.csv,2026-10-06 16:40:57.831,12.5144
2026-10-06 16:53:28.904,7.0354e-11,Torr,13.small_stm_port,spray,13.small_stm_port/MassSpecData-02115-20261006-165248.csv,2026-10-06 16:40:57.831,12.517883333333334
2026-10-06 16:53:29.112,7.559e-11,Torr,13.small_stm_port,spray,13.small_stm_port/MassSpecData-02115-20261006-165248.csv,2026-10-06 16:40:57.831,12.52135
2026-10-06 16:53:29.320,8.4539e-11,Torr,13.small_stm_port,spray,13.small_stm_port/MassSpecData-02115-20261006-165248.csv,2026-10-06 16:40:57.831,12.524816666666668
