timestamp,pressure,pressure_unit,location,phase,source_file,spray_start,elapsed_minutes
2026-10-06 17:29:29.326,6.3506e-11,Torr,15.large_stm_connectingPort,spray,15.large_stm_connectingPort/MassSpecData-02115-20261006-172929.csv,2026-10-06 17:29:29.326,0.0
2026-10-06 17:29:29.534,8.5981e-11,Torr,15.large_stm_connectingPort,spray,15.large_stm_connectingPort/MassSpecData-02115-20261006-172929.csv,2026-10-06 17:29:29.326,0.0034666666666666665
2026-10-06 17:29:29.743,7.9722e-11,Torr,15.large_stm_connectingPort,spray,15.large_stm_connectingPort/MassSpecData-02115-20261006-172929.csv,2026-10-06 17:29:29.326,0.00695
2026-10-06 17:29:29.951,9.1151e-11,Torr,15.large_stm_connectingPort,spray,15.large_stm_connectingPort/MassSpecData-02115-20261006-172929.csv,2026-10-06 17:29:29.326,0.010416666666666666
2026-10-06 17:29:30.159,8.7214e-11,Torr,15.large_stm_connectingPort,spray,15.large_stm_connectingPort/MassSpecData-02115-20261006-172929.csv,2026-10-06 17:29:29.326,0.013883333333333333
2026-10-06 17:29:30.368,8.0547e-11,Torr,15.large_stm_connectingPort,spray,15.large_stm_connectingPort/MassSpecData-02115-20261006-172929.csv,2026-10-06 17:29:29.326,0.017366666666666666
2026-10-06 17:29:30.576,7.9418e-11,Torr,15.large_stm_connectingPort,spray,15.large_stm_connectingPort/MassSpecData-02115-20261006-172929.csv,2026-10-06 17:29:29.326,0.020833333333333332
2026-10-06 17:29:30.784,6.8786e-11,Torr,15.large_stm_connectingPort,spray,15.large_stm_connectingPort/MassSpecData-02115-20261006-172929.csv,2026-10-06 17:29:29.326,0.0243
2026-10-06 17:29:30.992,8.6955e-11,Torr,15.large_stm_connectingPort,spray,15.large_stm_connectingPort/MassSpecData-02115-20261006-172929.csv,2026-10-06 17:29:29.326,0.027766666666666665
2026-10-06 17:29:31.201,8.8641e-11,Torr,15.large_stm_connectingPort,spray,15.large_stm_connectingPort/MassSpecData-02115-20261006-172929.csv,2026-10-06 17:29:29.326,0.03125
2026-10-06 17:29:31.409,8.313e-11,Torr,15.large_stm_connectingPort,spray,15.large_stm_connectingPort/MassSpecData-02115-20261006-172929.csv,2026-10-06 17:29:29.326,0.034716666666666667
2026-10-06 17:29:31.618,8.2624e-11,Torr,15.large_stm_connectingPort,spray,15.large_stm_connectingPort/MassSpecData-02115-20261006-172929.csv,2026-10-06 17:29:29.326,0.0382
2026-10-06 17:29:31.826,7.744e-11,Torr,15.large_stm_connectingPort,spray,15.large_stm_connectingPort/MassSpecData-02115-20261006-172929.csv,2026-10-06 17:29:29.326,0.041666666666666664
2026-10-06 17:29:32.034,8.179e-11,Torr,15.large_stm_connectingPort,spray,15.large_stm_connectingPort/MassSpecData-02115-20261006-172929.csv,2026-10-06 17:29:29.326,0.04513333333333334
2026-10-06 17:29:32.243,7.0659e-11,Torr,15.large_stm_connectingPort,spray,15.large_stm_connectingPort/MassSpecData-02115-20261006-172929.csv,2026-10-06 17:29:29.326,0.04861666666666666
2026-10-06 17:29:32.451,8.4561e-11,Torr,15.large_stm_connectingPort,spray,15.large_stm_connectingPort/MassSpecData-02115-20261006-172929.csv,2026-10-06 17:29:29.326,0.052083333333333336
2026-10-06 17:29:32.659,8.7172e-11,Torr,15.large_stm_connectingPort,spray,15.large_stm_connectingPort/MassSpecData-02115-20261006-172929.csv,2026-10-06 17:29:29.326,0.05555
2026-10-06 17:29:32.868,9.7357e-11,Torr,15.large_stm_connectingPort,spray,15.large_stm_connectingPort/MassSpecData-02115-20261006-172929.csv,2026-10-06 17:29:29.326,0.059033333333333333
2026-10-06 17:29:33.076,7.9049e-11,Torr,15.large_stm_connectingPort,spray,15.large_stm_connectingPort/MassSpecData-02115-20261006-172929.csv,2026-10-06 17:29:29.326,0.0625
2026-10-06 17:29:33.284,8.8075e-11,Torr,15.large_stm_connectingPort,spray,15.large_stm_connectingPort/MassSpecData-02115-20261006-172929.csv,2026-10-06 17:29:29.326,0.06596666666666667
2026-10-06 17:29:33.493,5.6247e-11,Torr,15.large_stm_connectingPort,spray,15.large_stm_connectingPort/MassSpecData-02115-20261006-172929.csv,2026-10-06 17:29:29.326,0.06945
2026-10-06 17:29:33.701,9.0413e-11,Torr,15.large_stm_connectingPort,spray,15.large_stm_connectingPort/MassSpecData-02115-20261006-172929.csv,2026-10-06 17:29:29.326,0.07291666666666667
2026-10-06 17:29:33.909,7.9231e-11,Torr,15.large_stm_connectingPort,spray,15.large_stm_connectingPort/MassSpecData-02115-20261006-172929.csv,2026-10-06 17:29:29.326,0.07638333333333333
2026-10-06 17:29:34.118,9.7994e-11,Torr,15.large_stm_connectingPort,spray,15.large_stm_connectingPort/MassSpecData-02115-20261006-172929.csv,2026-10-06 17:29:29.326,0.07986666666666667
2026-10-06 17:29:34.326,6.7192e-11,Torr,15.large_stm_connectingPort,spray,15.large_stm_connectingPort/MassSpecData-02115-20261006-172929.csv,2026-10-06 17:29:29.326,0.08333333333333333
2026-10-06 17:29:34.534,9.0581e-11,Torr,15.large_stm_connectingPort,spray,15.large_stm_connectingPort/MassSpecData-02115-20261006-172929.csv,2026-10-06 17:29:29.326,0.0868
2026-10-06 17:29:34.742,7.938e-11,Torr,15.large_stm_connectingPort,spray,15.large_stm_connectingPort/MassSpecData-02115-20261006-172929.csv,2026-10-06 17:29:29.326,0.09026666666666668
2026-10-06 17:29:34.951,7.4051e-11,Torr,15.large_stm_connectingPort,spray,15.large_stm_connectingPort/MassSpecData-02115-20261006-172929.csv,2026-10-06 17:29:29.326,0.09375
2026-10-06 17:29:35.159,8.2405e-11,Torr,15.large_stm_connectingPort,spray,15.large_stm_connectingPort/MassSpecData-02115-20261006-172929.csv,2026-10-06 17:29:29.326,0.09721666666666667
2026-10-06 17:29:35.367,9.1186e-11,Torr,15.large_stm_connectingPort,spray,15.large_stm_connectingPort/MassSpecData-02115-20261006-172929.csv,2026-10-06 17:29:29.326,0.10068333333333333
2026-10-06 17:29:35.576,8.0016e-11,Torr,15.large_stm_connectingPort,spray,15.large_stm_connectingPort/MassSpecData-02115-20261006-172929.csv,2026-10-06 17:29:29.326,0.10416666666666667
2026-10-06 17:29:35.784,7.5691e-11,Torr,15.large_stm_connectingPort,spray,15.large_stm_connectingPort/MassSpecData-02115-20261006-172929.csv,2026-10-06 17:29:29.326,0.10763333333333333
2026-10-06 17:29:35.992,6.7985e-11,Torr,15.large_stm_connectingPort,spray,15.large_stm_connectingPort/MassSpecData-02115-20261006-172929.csv,2026-10-06 17:29:29.326,0.1111
2026-10-06 17:29:36.201,7.4385e-11,Torr,15.large_stm_connectingPort,spray,15.large_stm_connectingPort/MassSpecData-02115-20261006-172929.csv,2026-10-06 17:29:29.326,0.11458333333333333
2026-10-06 17:29:36.409,7.3793e-11,Torr,15.large_stm_connectingPort,spray,15.large_stm_connectingPort/MassSpecData-02115-20261006-172929.csv,2026-10-06 17:29:29.326,0.11805
2026-10-06 17:29:36.617,7.3624e-11,Torr,15.large_stm_connectingPort,spray,15.large_stm_connectingPort/MassSpecData-02115-20261006-172929.csv,2026-10-06 17:29:29.326,0.12151666666666668
2026-10-06 17:29:36.826,8.3971e-11,Torr,15.large_stm_connectingPort,spray,15.large_stm_connectingPort/MassSpecData-02115-20261006-172929.csv,2026-10-06 17:29:29.326,0.125
2026-10-06 17:29:37.034,8.5163e-11,Torr,15.large_stm_connectingPort,spray,15.large_stm_connectingPort/MassSpecData-02115-20261006-172929.csv,2026-10-06 17:29:29.326,0.12846666666666667
2026-10-06 17:29:37.242,7.675e-11,Torr,15.large_stm_connectingPort,spray,15.large_stm_connectingPort/MassSpecData-02115-20261006-172929.csv,2026-10-06 17:29:29.326,0.13193333333333335
2026-10-06 17:29:37.451,8.5763e-11,Torr,15.large_stm_connectingPort,spray,15.large_stm_connectingPort/MassSpecData-02115-20261006-172929.csv,2026-10-06 17:29:29.326,0.13541666666666666
2026-10-06 17:29:37.659,6.8026e-11,Torr,15.large_stm_connectingPort,spray,15.large_stm_connectingPort/MassSpecData-02115-20261006-172929.csv,2026-10-06 17:29:29.326,0.13888333333333333
2026-10-06 17:29:37.867,9.765e-11,Torr,15.large_stm_connectingPort,spray,15.large_stm_connectingPort/MassSpecData-02115-20261006-172929.csv,2026-10-06 17:29:29.326,0.14235
2026-10-06 17:29:38.076,7.4692e-11,Torr,15.large_stm_connectingPort,spray,15.large_stm_connectingPort/MassSpecData-02115-20261006-172929.csv,2026-10-06 17:29:29.326,0.14583333333333334
2026-10-06 17:29:38.284,7.9198e-11,Torr,15.large_stm_connectingPort,spray,15.large_stm_connectingPort/MassSpecData-02115-20261006-172929.csv,2026-10-06 17:29:29.326,0.14930000000000002
2026-10-06 17:29:38.493,8.5808e-11,Torr,15.large_stm_connectingPort,spray,15.large_stm_connectingPort/MassSpecData-02115-20261006-172929.csv,2026-10-06 17:29:29.326,0.15278333333333333
2026-10-06 17:29:38.701,8.0395e-11,Torr,15.large_stm_connectingPort,spray,15.large_stm_connectingPort/MassSpecData-02115-20261006-172929.csv,2026-10-06 17:29:29.326,0.15625
2026-10-06 17:29:38.909,6.6556e-11,Torr,15.large_stm_connectingPort,spray,15.large_stm_connectingPort/MassSpecData-02115-20261006-172929.csv,2026-10-06 17:29:29.326,0.15971666666666667
2026-10-06 17:29:39.118,8.7676e-11,Torr,15.large_stm_connectingPort,spray,15.large_stm_connectingPort/MassSpecData-02115-20261006-172929.csv,2026-10-06 17:29:29.326,0.16319999999999998
2026-10-06 17:29:39.326,5.8514e-11,Torr,15.large_stm_connectingPort,spray,15.large_stm_connectingPort/MassSpecData-02115-20261006-172929.csv,2026-10-06 17:29:29.326,0.16666666666666666
2026-10-06 17:29:39.534,8.1634e-11,Torr,15.large_stm_connectingPort,spray,15.large_stm_connectingPort/MassSpecData-02115-20261006-172929.csv,2026-10-06 17:29:29.326,0.17013333333333333
2026-10-06 17:29:39.743,8.2925e-11,Torr,15.large_stm_connectingPort,spray,15.large_stm_connectingPort/MassSpecData-02115-20261006-172929.csv,2026-10-06 17:29:29.326,0.17361666666666667
2026-10-06 17:29:39.951,8.0927e-11,Torr,15.large_stm_connectingPort,spray,15.large_stm_connectingPort/MassSpecData-02115-20261006-172929.csv,2026-10-06 17:29:29.326,0.17708333333333334
2026-10-06 17:29:40.159,7.1021e-11,Torr,15.large_stm_connectingPort,spray,15.large_stm_connectingPort/MassSpecData-02115-20261006-172929.csv,2026-10-06 17:29:29.326,0.18055000000000002
2026-10-06 17:29:40.368,7.5987e-11,Torr,15.large_stm_connectingPort,spray,15.large_stm_connectingPort/MassSpecData-02115-20261006-172929.csv,2026-10-06 17:29:29.326,0.18403333333333333
2026-10-06 17:29:40.576,7.9685e-11,Torr,15.large_stm_connectingPort,spray,15.large_stm_connectingPort/MassSpecData-02115-20261006-172929.csv,2026-10-06 17:29:29.326,0.1875
2026-10-06 17:29:40.784,6.7985e-11,Torr,15.large_stm_connectingPort,spray,15.large_stm_connectingPort/MassSpecData-02115-20261006-172929.csv,2026-10-06 17:29:29.326,0.19096666666666667
2026-10-06 17:29:40.993,8.3309e-11,Torr,15.large_stm_connectingPort,spray,15.large_stm_connectingPort/MassSpecData-02115-20261006-172929.csv,2026-10-06 17:29:29.326,0.19444999999999998
2026-10-06 17:29:41.201,7.8926e-11,Torr,15.large_stm_connectingPort,spray,15.large_stm_connectingPort/MassSpecData-02115-20261006-172929.csv,2026-10-06 17:29:29.326,0.19791666666666666
2026-10-06 17:29:41.409,8.2801e-11,Torr,15.large_stm_connectingPort,spray,15.large_stm_connectingPort/MassSpecData-02115-20261006-172929.csv,2026-10-06 17:29:29.326,0.20138333333333333
2026-10-06 17:29:41.618,7.6355e-11,Torr,15.large_stm_connectingPort,spray,15.large_stm_connectingPort/MassSpecData-02115-20261006-172929.csv,2026-10-06 17:29:29.326,0.20486666666666667
2026-10-06 17:29:41.826,8.9559e-11,Torr,15.large_stm_connectingPort,spray,15.large_stm_connectingPort/MassSpecData-02115-20261006-172929.csv,2026-10-06 17:29:29.326,0.20833333333333334
2026-10-06 17:29:42.034,8.3978e-11,Torr,15.large_stm_connectingPort,spray,15.large_stm_connectingPort/MassSpecData-02115-20261006-172929.csv,2026-10-06 17:29:29.326,0.21180000000000002
2026-10-06 17:29:42.243,7.7169e-11,Torr,15.large_stm_connectingPort,spray,15.large_stm_connectingPort/MassSpecData-02115-20261006-172929.csv,2026-10-06 17:29:29.326,0.21528333333333333
2026-10-06 17:29:42.451,7.7182e-11,Torr,15.large_stm_connectingPort,spray,15.large_stm_connectingPort/MassSpecData-02115-20261006-172929.csv,2026-10-06 17:29:29.326,0.21875
2026-10-06 17:29:42.659,9.6632e-11,Torr,15.large_stm_connectingPort,spray,15.large_stm_connectingPort/MassSpecData-02115-20261006-172929.csv,2026-10-06 17:29:29.326,0.22221666666666667
2026-10-06 17:29:42.868,8.5936e-11,Torr,15.large_stm_connectingPort,spray,15.large_stm_connectingPort/MassSpecData-02115-20261006-172929.csv,2026-10-06 17:29:29.326,0.22569999999999998
2026-10-06 17:29:43.076,7.602e-11,Torr,15.large_stm_connectingPort,spray,15.large_stm_connectingPort/MassSpecData-02115-20261006-172929.csv,2026-10-06 17:29:29.326,0.22916666666666666
2026-10-06 17:29:43.284,7.2453e-11,Torr,15.large_stm_connectingPort,spray,15.large_stm_connectingPort/MassSpecData-02115-20261006-172929.csv,2026-10-06 17:29:29.326,0.23263333333333333
2026-10-06 17:29:43.493,7.6048e-11,Torr,15.large_stm_connectingPort,spray,15.large_stm_connectingPort/MassSpecData-02115-20261006-172929.csv,2026-10-06 17:29:29.326,0.23611666666666667
2026-10-06 17:29:43.701,8.8556e-11,Torr,15.large_stm_connectingPort,spray,15.large_stm_connectingPort/MassSpecData-02115-20261006-172929.csv,2026-10-06 17:29:29.326,0.23958333333333334
2026-10-06 17:29:43.909,8.6701e-11,Torr,15.large_stm_connectingPort,spray,15.large_stm_connectingPort/MassSpecData-02115-20261006-172929.csv,2026-10-06 17:29:29.326,0.24305000000000002
2026-10-06 17:29:44.118,8.8594e-11,Torr,15.large_stm_connectingPort,spray,15.large_stm_connectingPort/MassSpecData-02115-20261006-172929.csv,2026-10-06 17:29:29.326,0.24653333333333333
2026-10-06 17:29:44.326,9.304e-11,Torr,15.large_stm_connectingPort,spray,15.large_stm_connectingPort/MassSpecData-02115-20261006-172929.csv,2026-10-06 17:29:29.326,0.25
2026-10-06 17:29:44.534,7.6861e-11,Torr,15.large_stm_connectingPort,spray,15.large_stm_connectingPort/MassSpecData-02115-20261006-172929.csv,2026-10-06 17:29:29.326,0.2534666666666667
2026-10-06 17:29:44.743,8.027e-11,Torr,15.large_stm_connectingPort,spray,15.large_stm_connectingPort/MassSpecData-02115-20261006-172929.csv,2026-10-06 17:29:29.326,0.25695
2026-10-06 17:29:44.951,7.2916e-11,Torr,15.large_stm_connectingPort,spray,15.large_stm_connectingPort/MassSpecData-02115-20261006-172929.csv,2026-10-06 17:29:29.326,0.2604166666666667
2026-10-06 17:29:45.159,6.4828e-11,Torr,15.large_stm_connectingPort,spray,15.large_stm_connectingPort/MassSpecData-02115-20261006-172929.csv,2026-10-06 17:29:29.326,0.26388333333333336
2026-10-06 17:29:45.368,7.9394e-11,Torr,15.large_stm_connectingPort,spray,15.large_stm_connectingPort/MassSpecData-02115-20261006-172929.csv,2026-10-06 17:29:29.326,0.2673666666666667
2026-10-06 17:29:45.576,9.4792e-11,Torr,15.large_stm_connectingPort,spray,15.large_stm_connectingPort/MassSpecData-02115-20261006-172929.csv,2026-10-06 17:29:29.326,0.2708333333333333
2026-10-06 17:29:45.784,6.9065e-11,Torr,15.large_stm_connectingPort,spray,15.large_stm_connectingPort/MassSpecData-02115-20261006-172929.csv,2026-10-06 17:29:29.326,0.2743
2026-10-06 17:29:45.993,8.3419e-11,Torr,15.large_stm_connectingPort,spray,15.large_stm_connectingPort/MassSpecData-02115-20261006-172929.csv,2026-10-06 17:29:29.326,0.2777833333333334
2026-10-06 17:29:46.201,8.6339e-11,Torr,15.large_stm_connectingPort,spray,15.large_stm_connectingPort/MassSpecData-02115-20261006-172929.csv,2026-10-06 17:29:29.326,0.28125
2026-10-06 17:29:46.409,7.0219e-11,Torr,15.large_stm_connectingPort,spray,15.large_stm_connectingPort/MassSpecData-02115-20261006-172929.csv,2026-10-06 17:29:29.326,0.2847166666666666
2026-10-06 17:29:46.618,8.1065e-11,Torr,15.large_stm_connectingPort,spray,15.large_stm_connectingPort/MassSpecData-02115-20261006-172929.csv,2026-10-06 17:29:29.326,0.2882
2026-10-06 17:29:46.826,7.484e-11,Torr,15.large_stm_connectingPort,spray,15.large_stm_connectingPort/MassSpecData-02115-20261006-172929.csv,2026-10-06 17:29:29.326,0.2916666666666667
2026-10-06 17:29:47.034,6.626e-11,Torr,15.large_stm_connectingPort,spray,15.large_stm_connectingPort/MassSpecData-02115-20261006-172929.csv,2026-10-06 17:29:29.326,0.2951333333333333
2026-10-06 17:29:47.243,8.3759e-11,Torr,15.large_stm_connectingPort,spray,15.large_stm_connectingPort/MassSpecData-02115-20261006-172929.csv,2026-10-06 17:29:29.326,0.2986166666666667
2026-10-06 17:29:47.451,7.562e-11,Torr,15.large_stm_connectingPort,spray,15.large_stm_connectingPort/MassSpecData-02115-20261006-172929.csv,2026-10-06 17:29:29.326,0.3020833333333333
2026-10-06 17:29:47.659,9.4641e-11,Torr,15.large_stm_connectingPort,spray,15.large_stm_connectingPort/MassSpecData-02115-20261006-172929.csv,2026-10-06 17:29:29.326,0.30555
2026-10-06 17:29:47.868,9.2711e-11,Torr,15.large_stm_connectingPort,spray,15.large_stm_connectingPort/MassSpecData-02115-20261006-172929.csv,2026-10-06 17:29:29.326,0.3090333333333334
2026-10-06 17:29:48.076,7.9665e-11,Torr,15.large_stm_connectingPort,spray,15.large_stm_connectingPort/MassSpecData-02115-20261006-172929.csv,2026-10-06 17:29:29.326,0.3125
2026-10-06 17:29:48.284,6.7569e-11,Torr,15.large_stm_connectingPort,spray,15.large_stm_connectingPort/MassSpecData-02115-20261006-172929.csv,2026-10-06 17:29:29.326,0.3159666666666666
2026-10-06 17:29:48.493,7.9349e-11,Torr,15.large_stm_connectingPort,spray,15.large_stm_connectingPort/MassSpecData-02115-20261006-172929.csv,2026-10-06 17:29:29.326,0.31945
2026-10-06 17:29:48.701,8.8324e-11,Torr,15.large_stm_connectingPort,spray,15.large_stm_connectingPort/MassSpecData-02115-20261006-172929.csv,2026-10-06 17:29:29.326,0.3229166666666667
2026-10-06 17:29:48.909,6.683e-11,Torr,15.large_stm_connectingPort,spray,15.large_stm_connectingPort/MassSpecData-02115-20261006-172929.csv,2026-10-06 17:29:29.326,0.3263833333333333
2026-10-06 17:29:49.117,1.1114e-10,Torr,15.large_stm_connectingPort,spray,15.large_stm_connectingPort/MassSpecData-02115-20261006-172929.csv,2026-10-06 17:29:29.326,0.32985000000000003
2026-10-06 17:29:49.326,7.7479e-11,Torr,15.large_stm_connectingPort,spray,15.large_stm_connectingPort/MassSpecData-02115-20261006-172929.csv,2026-10-06 17:29:29.326,0.3333333333333333
2026-10-06 17:29:49.534,7.9417e-11,Torr,15.large_stm_connectingPort,spray,15.large_stm_connectingPort/MassSpecData-02115-20261006-172929.csv,2026-10-06 17:29:29.326,0.3368
2026-10-06 17:29:49.742,7.6041e-11,Torr,15.large_stm_connectingPort,spray,15.large_stm_connectingPort/MassSpecData-02115-20261006-172929.csv,2026-10-06 17:29:29.326,0.34026666666666666
2026-10-06 17:29:49.951,7.1987e-11,Torr,15.large_stm_connectingPort,spray,15.large_stm_connectingPort/MassSpecData-02115-20261006-172929.csv,2026-10-06 17:29:29.326,0.34375
2026-10-06 17:29:50.159,8.0076e-11,Torr,15.large_stm_connectingPort,spray,15.large_stm_connectingPort/MassSpecData-02115-20261006-172929.csv,2026-10-06 17:29:29.326,0.3472166666666666
2026-10-06 17:29:50.367,8.597e-11,Torr,15.large_stm_connectingPort,spray,15.large_stm_connectingPort/MassSpecData-02115-20261006-172929.csv,2026-10-06 17:29:29.326,0.35068333333333335
2026-10-06 17:29:50.576,8.3305e-11,Torr,15.large_stm_connectingPort,spray,15.large_stm_connectingPort/MassSpecData-02115-20261006-172929.csv,2026-10-06 17:29:29.326,0.3541666666666667
2026-10-06 17:29:50.784,9.186e-11,Torr,15.large_stm_connectingPort,spray,15.large_stm_connectingPort/MassSpecData-02115-20261006-172929.csv,2026-10-06 17:29:29.326,0.3576333333333333
2026-10-06 17:29:50.992,7.6543e-11,Torr,15.large_stm_connectingPort,spray,15.large_stm_connectingPort/MassSpecData-02115-20261006-172929.csv,2026-10-06 17:29:29.326,0.36110000000000003
2026-10-06 17:29:51.201,8.2048e-11,Torr,15.large_stm_connectingPort,spray,15.large_stm_connectingPort/MassSpecData-02115-20261006-172929.csv,2026-10-06 17:29:29.326,0.3645833333333333
2026-10-06 17:29:51.409,6.8539e-11,Torr,15.large_stm_connectingPort,spray,15.large_stm_connectingPort/MassSpecData-02115-20261006-172929.csv,2026-10-06 17:29:29.326,0.36805
2026-10-06 17:29:51.617,7.3968e-11,Torr,15.large_stm_connectingPort,spray,15.large_stm_connectingPort/MassSpecData-02115-20261006-172929.csv,2026-10-06 17:29:29.326,0.37151666666666666
2026-10-06 17:29:51.826,7.646e-11,Torr,15.large_stm_connectingPort,spray,15.large_stm_connectingPort/MassSpecData-02115-20261006-172929.csv,2026-10-06 17:29:29.326,0.375
2026-10-06 17:29:52.034,7.8258e-11,Torr,15.large_stm_connectingPort,spray,15.large_stm_connectingPort/MassSpecData-02115-20261006-172929.csv,2026-10-06 17:29:29.326,0.3784666666666666
2026-10-06 17:29:52.242,7.9157e-11,Torr,15.large_stm_connectingPort,spray,15.large_stm_connectingPort/MassSpecData-02115-20261006-172929.csv,2026-10-06 17:29:29.326,0.38193333333333335
2026-10-06 17:29:52.451,7.538e-11,Torr,15.large_stm_connectingPort,spray,15.large_stm_connectingPort/MassSpecData-02115-20261006-172929.csv,2026-10-06 17:29:29.326,0.3854166666666667
2026-10-06 17:29:52.659,8.228e-11,Torr,15.large_stm_connectingPort,spray,15.large_stm_connectingPort/MassSpecData-02115-20261006-172929.csv,2026-10-06 17:29:29.326,0.3888833333333333
2026-10-06 17:29:52.867,8.2138e-11,Torr,15.large_stm_connectingPort,spray,15.large_stm_connectingPort/MassSpecData-02115-20261006-172929.csv,2026-10-06 17:29:29.326,0.39235000000000003
2026-10-06 17:29:53.076,7.7465e-11,Torr,15.large_stm_connectingPort,spray,15.large_stm_connectingPort/MassSpecData-02115-20261006-172929.csv,2026-10-06 17:29:29.326,0.3958333333333333
2026-10-06 17:29:53.284,8.1856e-11,Torr,15.large_stm_connectingPort,spray,15.large_stm_connectingPort/MassSpecData-02115-20261006-172929.csv,2026-10-06 17:29:29.326,0.3993
2026-10-06 17:29:53.492,9.4486e-11,Torr,15.large_stm_connectingPort,spray,15.large_stm_connectingPort/MassSpecData-02115-20261006-172929.csv,2026-10-06 17:29:29.326,0.40276666666666666
2026-10-06 17:29:53.701,7.142e-11,Torr,15.large_stm_connectingPort,spray,15.large_stm_connectingPort/MassSpecData-02115-20261006-172929.csv,2026-10-06 17:29:29.326,0.40625
2026-10-06 17:29:53.909,6.4649e-11,Torr,15.large_stm_connectingPort,spray,15.large_stm_connectingPort/MassSpecData-02115-20261006-172929.csv,2026-10-06 17:29:29.326,0.4097166666666666
2026-10-06 17:29:54.117,6.7543e-11,Torr,15.large_stm_connectingPort,spray,15.large_stm_connectingPort/MassSpecData-02115-20261006-172929.csv,2026-10-06 17:29:29.326,0.41318333333333335
2026-10-06 17:29:54.326,6.8711e-11,Torr,15.large_stm_connectingPort,spray,15.large_stm_connectingPort/MassSpecData-02115-20261006-172929.csv,2026-10-06 17:29:29.326,0.4166666666666667
2026-10-06 17:29:54.534,7.1475e-11,Torr,15.large_stm_connectingPort,spray,15.large_stm_connectingPort/MassSpecData-02115-20261006-172929.csv,2026-10-06 17:29:29.326,0.4201333333333333
2026-10-06 17:29:54.742,7.1506e-11,Torr,15.large_stm_connectingPort,spray,15.large_stm_connectingPort/MassSpecData-02115-20261006-172929.csv,2026-10-06 17:29:29.326,0.42360000000000003
2026-10-06 17:29:54.951,7.4591e-11,Torr,15.large_stm_connectingPort,spray,15.large_stm_connectingPort/MassSpecData-02115-20261006-172929.csv,2026-10-06 17:29:29.326,0.4270833333333333
2026-10-06 17:29:55.159,7.3172e-11,Torr,15.large_stm_connectingPort,spray,15.large_stm_connectingPort/MassSpecData-02115-20261006-172929.csv,2026-10-06 17:29:29.326,0.43055
2026-10-06 17:29:55.367,8.006e-11,Torr,15.large_stm_connectingPort,spray,15.large_stm_connectingPort/MassSpecData-02115-20261006-172929.csv,2026-10-06 17:29:29.326,0.43401666666666666
2026-10-06 17:29:55.576,7.3684e-11,Torr,15.large_stm_connectingPort,spray,15.large_stm_connectingPort/MassSpecData-02115-20261006-172929.csv,2026-10-06 17:29:29.326,0.4375
2026-10-06 17:29:55.784,8.3304e-11,Torr,15.large_stm_connectingPort,spray,15.large_stm_connectingPort/MassSpecData-02115-20261006-172929.csv,2026-10-06 17:29:29.326,0.4409666666666666
2026-10-06 17:29:55.992,8.476e-11,Torr,15.large_stm_connectingPort,spray,15.large_stm_connectingPort/MassSpecData-02115-20261006-172929.csv,2026-10-06 17:29:29.326,0.44443333333333335
2026-10-06 17:29:56.201,7.3341e-11,Torr,15.large_stm_connectingPort,spray,15.large_stm_connectingPort/MassSpecData-02115-20261006-172929.csv,2026-10-06 17:29:29.326,0.4479166666666667
2026-10-06 17:29:56.409,6.4003e-11,Torr,15.large_stm_connectingPort,spray,15.large_stm_connectingPort/MassSpecData-02115-20261006-172929.csv,2026-10-06 17:29:29.326,0.4513833333333333
2026-10-06 17:29:56.617,8.7104e-11,Torr,15.large_stm_connectingPort,spray,15.large_stm_connectingPort/MassSpecData-02115-20261006-172929.csv,2026-10-06 17:29:29.326,0.45485000000000003
2026-10-06 17:29:56.826,7.2838e-11,Torr,15.large_stm_connectingPort,spray,15.large_stm_connectingPort/MassSpecData-02115-20261006-172929.csv,2026-10-06 17:29:29.326,0.4583333333333333
2026-10-06 17:29:57.034,7.1402e-11,Torr,15.large_stm_connectingPort,spray,15.large_stm_connectingPort/MassSpecData-02115-20261006-172929.csv,2026-10-06 17:29:29.326,0.4618
2026-10-06 17:29:57.242,8.5844e-11,Torr,15.large_stm_connectingPort,spray,15.large_stm_connectingPort/MassSpecData-02115-20261006-172929.csv,2026-10-06 17:29:29.326,0.46526666666666666
2026-10-06 17:29:57.451,7.6243e-11,Torr,15.large_stm_connectingPort,spray,15.large_stm_connectingPort/MassSpecData-02115-20261006-172929.csv,2026-10-06 17:29:29.326,0.46875
2026-10-06 17:29:57.659,8.4362e-11,Torr,15.large_stm_connectingPort,spray,15.large_stm_connectingPort/MassSpecData-02115-20261006-172929.csv,2026-10-06 17:29:29.326,0.4722166666666666
2026-10-06 17:29:57.867,8.5455e-11,Torr,15.large_stm_connectingPort,spray,15.large_stm_connectingPort/MassSpecData-02115-20261006-172929.csv,2026-10-06 17:29:29.326,0.47568333333333335
2026-10-06 17:29:58.076,8.5161e-11,Torr,15.large_stm_connectingPort,spray,15.large_stm_connectingPort/MassSpecData-02115-20261006-172929.csv,2026-10-06 17:29:29.326,0.4791666666666667
2026-10-06 17:29:58.284,7.8888e-11,Torr,15.large_stm_connectingPort,spray,15.large_stm_connectingPort/MassSpecData-02115-20261006-172929.csv,2026-10-06 17:29:29.326,0.4826333333333333
2026-10-06 17:29:58.492,8.2987e-11,Torr,15.large_stm_connectingPort,spray,15.large_stm_connectingPort/MassSpecData-02115-20261006-172929.csv,2026-10-06 17:29:29.326,0.48610000000000003
2026-10-06 17:29:58.701,7.3036e-11,Torr,15.large_stm_connectingPort,spray,15.large_stm_connectingPort/MassSpecData-02115-20261006-172929.csv,2026-10-06 17:29:29.326,0.4895833333333333
2026-10-06 17:29:58.909,8.0401e-11,Torr,15.large_stm_connectingPort,spray,15.large_stm_connectingPort/MassSpecData-02115-20261006-172929.csv,2026-10-06 17:29:29.326,0.49305
2026-10-06 17:29:59.117,6.3092e-11,Torr,15.large_stm_connectingPort,spray,15.large_stm_connectingPort/MassSpecData-02115-20261006-172929.csv,2026-10-06 17:29:29.326,0.49651666666666666
2026-10-06 17:29:59.326,9.0341e-11,Torr,15.large_stm_connectingPort,spray,15.large_stm_connectingPort/MassSpecData-02115-20261006-172929.csv,2026-10-06 17:29:29.326,0.5
2026-10-06 17:29:59.534,8.5733e-11,Torr,15.large_stm_connectingPort,spray,15.large_stm_connectingPort/MassSpecData-02115-20261006-172929.csv,2026-10-06 17:29:29.326,0.5034666666666666
2026-10-06 17:29:59.742,7.5783e-11,Torr,15.large_stm_connectingPort,spray,15.large_stm_connectingPort/MassSpecData-02115-20261006-172929.csv,2026-10-06 17:29:29.326,0.5069333333333333
2026-10-06 17:29:59.951,7.3183e-11,Torr,15.large_stm_connectingPort,spray,15.large_stm_connectingPort/MassSpecData-02115-20261006-172929.csv,2026-10-06 17:29:29.326,0.5104166666666666
2026-10-06 17:30:00.159,8.8938e-11,Torr,15.large_stm_connectingPort,spray,15.large_stm_connectingPort/MassSpecData-02115-20261006-172929.csv,2026-10-06 17:29:29.326,0.5138833333333334
2026-10-06 17:30:00.367,7.3751e-11,Torr,15.large_stm_connectingPort,spray,15.large_stm_connectingPort/MassSpecData-02115-20261006-172929.csv,2026-10-06 17:29:29.326,0.51735
2026-10-06 17:30:00.576,7.7229e-11,Torr,15.large_stm_connectingPort,spray,15.large_stm_connectingPort/MassSpecData-02115-20261006-172929.csv,2026-10-06 17:29:29.326,0.5208333333333334
2026-10-06 17:30:00.784,7.6025e-11,Torr,15.large_stm_connectingPort,spray,15.large_stm_connectingPort/MassSpecData-02115-20261006-172929.csv,2026-10-06 17:29:29.326,0.5243
2026-10-06 17:30:00.992,1.0773e-10,Torr,15.large_stm_connectingPort,spray,15.large_stm_connectingPort/MassSpecData-02115-20261006-172929.csv,2026-10-06 17:29:29.326,0.5277666666666667
2026-10-06 17:30:01.201,9.0053e-11,Torr,15.large_stm_connectingPort,spray,15.large_stm_connectingPort/MassSpecData-02115-20261006-172929.csv,2026-10-06 17:29:29.326,0.53125
2026-10-06 17:30:01.409,9.0701e-11,Torr,15.large_stm_connectingPort,spray,15.large_stm_connectingPort/MassSpecData-02115-20261006-172929.csv,2026-10-06 17:29:29.326,0.5347166666666666
2026-10-06 17:30:01.617,8.4126e-11,Torr,15.large_stm_connectingPort,spray,15.large_stm_connectingPort/MassSpecData-02115-20261006-172929.csv,2026-10-06 17:29:29.326,0.5381833333333332
2026-10-06 17:30:01.826,7.0873e-11,Torr,15.large_stm_connectingPort,spray,15.large_stm_connectingPort/MassSpecData-02115-20261006-172929.csv,2026-10-06 17:29:29.326,0.5416666666666666
2026-10-06 17:30:02.034,6.4557e-11,Torr,15.large_stm_connectingPort,spray,15.large_stm_connectingPort/MassSpecData-02115-20261006-172929.csv,2026-10-06 17:29:29.326,0.5451333333333334
2026-10-06 17:30:02.242,6.6198e-11,Torr,15.large_stm_connectingPort,spray,15.large_stm_connectingPort/MassSpecData-02115-20261006-172929.csv,2026-10-06 17:29:29.326,0.5486
2026-10-06 17:30:02.451,7.9217e-11,Torr,15.large_stm_connectingPort,spray,15.large_stm_connectingPort/MassSpecData-02115-20261006-172929.csv,2026-10-06 17:29:29.326,0.5520833333333334
2026-10-06 17:30:02.659,8.1652e-11,Torr,15.large_stm_connectingPort,spray,15.large_stm_connectingPort/MassSpecData-02115-20261006-172929.csv,2026-10-06 17:29:29.326,0.55555
2026-10-06 17:30:02.867,8.1494e-11,Torr,15.large_stm_connectingPort,spray,15.large_stm_connectingPort/MassSpecData-02115-20261006-172929.csv,2026-10-06 17:29:29.326,0.5590166666666666
2026-10-06 17:30:03.076,9.1834e-11,Torr,15.large_stm_connectingPort,spray,15.large_stm_connectingPort/MassSpecData-02115-20261006-172929.csv,2026-10-06 17:29:29.326,0.5625
2026-10-06 17:30:03.284,7.9871e-11,Torr,15.large_stm_connectingPort,spray,15.large_stm_connectingPort/MassSpecData-02115-20261006-172929.csv,2026-10-06 17:29:29.326,0.5659666666666666
2026-10-06 17:30:03.492,9.2543e-11,Torr,15.large_stm_connectingPort,spray,15.large_stm_connectingPort/MassSpecData-02115-20261006-172929.csv,2026-10-06 17:29:29.326,0.5694333333333332
2026-10-06 17:30:03.701,7.6136e-11,Torr,15.large_stm_connectingPort,spray,15.large_stm_connectingPort/MassSpecData-02115-20261006-172929.csv,2026-10-06 17:29:29.326,0.5729166666666666
2026-10-06 17:30:03.909,7.7173e-11,Torr,15.large_stm_connectingPort,spray,15.large_stm_connectingPort/MassSpecData-02115-20261006-172929.csv,2026-10-06 17:29:29.326,0.5763833333333334
2026-10-06 17:30:04.117,8.8451e-11,Torr,15.large_stm_connectingPort,spray,15.large_stm_connectingPort/MassSpecData-02115-20261006-172929.csv,2026-10-06 17:29:29.326,0.57985
2026-10-06 17:30:04.326,8.4713e-11,Torr,15.large_stm_connectingPort,spray,15.large_stm_connectingPort/MassSpecData-02115-20261006-172929.csv,2026-10-06 17:29:29.326,0.5833333333333334
2026-10-06 17:30:04.534,8.1906e-11,Torr,15.large_stm_connectingPort,spray,15.large_stm_connectingPort/MassSpecData-02115-20261006-172929.csv,2026-10-06 17:29:29.326,0.5868
2026-10-06 17:30:04.742,8.897e-11,Torr,15.large_stm_connectingPort,spray,15.large_stm_connectingPort/MassSpecData-02115-20261006-172929.csv,2026-10-06 17:29:29.326,0.5902666666666666
2026-10-06 17:30:04.951,7.1355e-11,Torr,15.large_stm_connectingPort,spray,15.large_stm_connectingPort/MassSpecData-02115-20261006-172929.csv,2026-10-06 17:29:29.326,0.59375
2026-10-06 17:30:05.159,6.8531e-11,Torr,15.large_stm_connectingPort,spray,15.large_stm_connectingPort/MassSpecData-02115-20261006-172929.csv,2026-10-06 17:29:29.326,0.5972166666666666
2026-10-06 17:30:05.367,8.4282e-11,Torr,15.large_stm_connectingPort,spray,15.large_stm_connectingPort/MassSpecData-02115-20261006-172929.csv,2026-10-06 17:29:29.326,0.6006833333333332
2026-10-06 17:30:05.576,8.6473e-11,Torr,15.large_stm_connectingPort,spray,15.large_stm_connectingPort/MassSpecData-02115-20261006-172929.csv,2026-10-06 17:29:29.326,0.6041666666666666
2026-10-06 17:30:05.784,7.0724e-11,Torr,15.large_stm_connectingPort,spray,15.large_stm_connectingPort/MassSpecData-02115-20261006-172929.csv,2026-10-06 17:29:29.326,0.6076333333333334
2026-10-06 17:30:05.992,7.7575e-11,Torr,15.large_stm_connectingPort,spray,15.large_stm_connectingPort/MassSpecData-02115-20261006-172929.csv,2026-10-06 17:29:29.326,0.6111
2026-10-06 17:30:06.201,7.7447e-11,Torr,15.large_stm_connectingPort,spray,15.large_stm_connectingPort/MassSpecData-02115-20261006-172929.csv,2026-10-06 17:29:29.326,0.6145833333333334
2026-10-06 17:30:06.409,8.0588e-11,Torr,15.large_stm_connectingPort,spray,15.large_stm_connectingPort/MassSpecData-02115-20261006-172929.csv,2026-10-06 17:29:29.326,0.61805
2026-10-06 17:30:06.617,9.3708e-11,Torr,15.large_stm_connectingPort,spray,15.large_stm_connectingPort/MassSpecData-02115-20261006-172929.csv,2026-10-06 17:29:29.326,0.6215166666666666
2026-10-06 17:30:06.826,8.213e-11,Torr,15.large_stm_connectingPort,spray,15.large_stm_connectingPort/MassSpecData-02115-20261006-172929.csv,2026-10-06 17:29:29.326,0.625
2026-10-06 17:30:07.034,8.0802e-11,Torr,15.large_stm_connectingPort,spray,15.large_stm_connectingPort/MassSpecData-02115-20261006-172929.csv,2026-10-06 17:29:29.326,0.6284666666666666
2026-10-06 17:30:07.243,7.7623e-11,Torr,15.large_stm_connectingPort,spray,15.large_stm_connectingPort/MassSpecData-02115-20261006-172929.csv,2026-10-06 17:29:29.326,0.63195
2026-10-06 17:30:07.451,8.3145e-11,Torr,15.large_stm_connectingPort,spray,15.large_stm_connectingPort/MassSpecData-02115-20261006-172929.csv,2026-10-06 17:29:29.326,0.6354166666666666
2026-10-06 17:30:07.659,7.2253e-11,Torr,15.large_stm_connectingPort,spray,15.large_stm_connectingPort/MassSpecData-02115-20261006-172929.csv,2026-10-06 17:29:29.326,0.6388833333333334
2026-10-06 17:30:07.868,7.8734e-11,Torr,15.large_stm_connectingPort,spray,15.large_stm_connectingPort/MassSpecData-02115-20261006-172929.csv,2026-10-06 17:29:29.326,0.6423666666666666
2026-10-06 17:30:08.076,8.9869e-11,Torr,15.large_stm_connectingPort,spray,15.large_stm_connectingPort/MassSpecData-02115-20261006-172929.csv,2026-10-06 17:29:29.326,0.6458333333333334
2026-10-06 17:30:08.284,8.4327e-11,Torr,15.large_stm_connectingPort,spray,15.large_stm_connectingPort/MassSpecData-02115-20261006-172929.csv,2026-10-06 17:29:29.326,0.6493
2026-10-06 17:30:08.493,8.0834e-11,Torr,15.large_stm_connectingPort,spray,15.large_stm_connectingPort/MassSpecData-02115-20261006-172929.csv,2026-10-06 17:29:29.326,0.6527833333333334
2026-10-06 17:30:08.701,8.4345e-11,Torr,15.large_stm_connectingPort,spray,15.large_stm_connectingPort/MassSpecData-02115-20261006-172929.csv,2026-10-06 17:29:29.326,0.65625
2026-10-06 17:30:08.909,7.6703e-11,Torr,15.large_stm_connectingPort,spray,15.large_stm_connectingPort/MassSpecData-02115-20261006-172929.csv,2026-10-06 17:29:29.326,0.6597166666666666
2026-10-06 17:30:09.118,8.7024e-11,Torr,15.large_stm_connectingPort,spray,15.large_stm_connectingPort/MassSpecData-02115-20261006-172929.csv,2026-10-06 17:29:29.326,0.6632
2026-10-06 17:30:09.326,8.191e-11,Torr,15.large_stm_connectingPort,spray,15.large_stm_connectingPort/MassSpecData-02115-20261006-172929.csv,2026-10-06 17:29:29.326,0.6666666666666666
2026-10-06 17:30:09.534,8.5157e-11,Torr,15.large_stm_connectingPort,spray,15.large_stm_connectingPort/MassSpecData-02115-20261006-172929.csv,2026-10-06 17:29:29.326,0.6701333333333334
2026-10-06 17:30:09.743,8.3635e-11,Torr,15.large_stm_connectingPort,spray,15.large_stm_connectingPort/MassSpecData-02115-20261006-172929.csv,2026-10-06 17:29:29.326,0.6736166666666666
2026-10-06 17:30:09.951,7.8879e-11,Torr,15.large_stm_connectingPort,spray,15.large_stm_connectingPort/MassSpecData-02115-20261006-172929.csv,2026-10-06 17:29:29.326,0.6770833333333334
2026-10-06 17:30:10.159,7.9066e-11,Torr,15.large_stm_connectingPort,spray,15.large_stm_connectingPort/MassSpecData-02115-20261006-172929.csv,2026-10-06 17:29:29.326,0.68055
2026-10-06 17:30:10.368,7.7824e-11,Torr,15.large_stm_connectingPort,spray,15.large_stm_connectingPort/MassSpecData-02115-20261006-172929.csv,2026-10-06 17:29:29.326,0.6840333333333334
2026-10-06 17:30:10.576,7.3552e-11,Torr,15.large_stm_connectingPort,spray,15.large_stm_connectingPort/MassSpecData-02115-20261006-172929.csv,2026-10-06 17:29:29.326,0.6875
2026-10-06 17:30:10.784,8.9329e-11,Torr,15.large_stm_connectingPort,spray,15.large_stm_connectingPort/MassSpecData-02115-20261006-172929.csv,2026-10-06 17:29:29.326,0.6909666666666666
2026-10-06 17:30:11.183,6.2692e-11,Torr,15.large_stm_connectingPort,spray,15.large_stm_connectingPort/MassSpecData-02115-20261006-173011.csv,2026-10-06 17:29:29.326,0.6976166666666667
2026-10-06 17:30:11.391,7.5225e-11,Torr,15.large_stm_connectingPort,spray,15.large_stm_connectingPort/MassSpecData-02115-20261006-173011.csv,2026-10-06 17:29:29.326,0.7010833333333333
2026-10-06 17:30:11.600,7.745e-11,Torr,15.large_stm_connectingPort,spray,15.large_stm_connectingPort/MassSpecData-02115-20261006-173011.csv,2026-10-06 17:29:29.326,0.7045666666666667
2026-10-06 17:30:11.808,7.24e-11,Torr,15.large_stm_connectingPort,spray,15.large_stm_connectingPort/MassSpecData-02115-20261006-173011.csv,2026-10-06 17:29:29.326,0.7080333333333333
2026-10-06 17:30:12.016,8.0305e-11,Torr,15.large_stm_connectingPort,spray,15.large_stm_connectingPort/MassSpecData-02115-20261006-173011.csv,2026-10-06 17:29:29.326,0.7114999999999999
2026-10-06 17:30:12.225,7.3517e-11,Torr,15.large_stm_connectingPort,spray,15.large_stm_connectingPort/MassSpecData-02115-20261006-173011.csv,2026-10-06 17:29:29.326,0.7149833333333333
2026-10-06 17:30:12.433,9.0518e-11,Torr,15.large_stm_connectingPort,spray,15.large_stm_connectingPort/MassSpecData-02115-20261006-173011.csv,2026-10-06 17:29:29.326,0.71845
2026-10-06 17:30:12.641,6.734e-11,Torr,15.large_stm_connectingPort,spray,15.large_stm_connectingPort/MassSpecData-02115-20261006-173011.csv,2026-10-06 17:29:29.326,0.7219166666666667
2026-10-06 17:30:12.849,8.0227e-11,Torr,15.large_stm_connectingPort,spray,15.large_stm_connectingPort/MassSpecData-02115-20261006-173011.csv,2026-10-06 17:29:29.326,0.7253833333333334
2026-10-06 17:30:13.058,8.6546e-11,Torr,15.large_stm_connectingPort,spray,15.large_stm_connectingPort/MassSpecData-02115-20261006-173011.csv,2026-10-06 17:29:29.326,0.7288666666666667
2026-10-06 17:30:13.266,6.7002e-11,Torr,15.large_stm_connectingPort,spray,15.large_stm_connectingPort/MassSpecData-02115-20261006-173011.csv,2026-10-06 17:29:29.326,0.7323333333333333
2026-10-06 17:30:13.475,8.8643e-11,Torr,15.large_stm_connectingPort,spray,15.large_stm_connectingPort/MassSpecData-02115-20261006-173011.csv,2026-10-06 17:29:29.326,0.7358166666666667
2026-10-06 17:30:13.683,7.8334e-11,Torr,15.large_stm_connectingPort,spray,15.large_stm_connectingPort/MassSpecData-02115-20261006-173011.csv,2026-10-06 17:29:29.326,0.7392833333333333
2026-10-06 17:30:13.891,8.0177e-11,Torr,15.large_stm_connectingPort,spray,15.large_stm_connectingPort/MassSpecData-02115-20261006-173011.csv,2026-10-06 17:29:29.326,0.7427499999999999
2026-10-06 17:30:14.100,7.9704e-11,Torr,15.large_stm_connectingPort,spray,15.large_stm_connectingPort/MassSpecData-02115-20261006-173011.csv,2026-10-06 17:29:29.326,0.7462333333333333
2026-10-06 17:30:14.308,7.6518e-11,Torr,15.large_stm_connectingPort,spray,15.large_stm_connectingPort/MassSpecData-02115-20261006-173011.csv,2026-10-06 17:29:29.326,0.7497
2026-10-06 17:30:14.516,6.9227e-11,Torr,15.large_stm_connectingPort,spray,15.large_stm_connectingPort/MassSpecData-02115-20261006-173011.csv,2026-10-06 17:29:29.326,0.7531666666666667
2026-10-06 17:30:14.725,9.4834e-11,Torr,15.large_stm_connectingPort,spray,15.large_stm_connectingPort/MassSpecData-02115-20261006-173011.csv,2026-10-06 17:29:29.326,0.75665
2026-10-06 17:30:14.933,6.6009e-11,Torr,15.large_stm_connectingPort,spray,15.large_stm_connectingPort/MassSpecData-02115-20261006-173011.csv,2026-10-06 17:29:29.326,0.7601166666666667
2026-10-06 17:30:15.141,6.9103e-11,Torr,15.large_stm_connectingPort,spray,15.large_stm_connectingPort/MassSpecData-02115-20261006-173011.csv,2026-10-06 17:29:29.326,0.7635833333333333
2026-10-06 17:30:15.350,8.6854e-11,Torr,15.large_stm_connectingPort,spray,15.large_stm_connectingPort/MassSpecData-02115-20261006-173011.csv,2026-10-06 17:29:29.326,0.7670666666666667
2026-10-06 17:30:15.558,8.1287e-11,Torr,15.large_stm_connectingPort,spray,15.large_stm_connectingPort/MassSpecData-02115-20261006-173011.csv,2026-10-06 17:29:29.326,0.7705333333333333
2026-10-06 17:30:15.766,9.2257e-11,Torr,15.large_stm_connectingPort,spray,15.large_stm_connectingPort/MassSpecData-02115-20261006-173011.csv,2026-10-06 17:29:29.326,0.7739999999999999
2026-10-06 17:30:15.975,8.3528e-11,Torr,15.large_stm_connectingPort,spray,15.large_stm_connectingPort/MassSpecData-02115-20261006-173011.csv,2026-10-06 17:29:29.326,0.7774833333333333
2026-10-06 17:30:16.183,7.4932e-11,Torr,15.large_stm_connectingPort,spray,15.large_stm_connectingPort/MassSpecData-02115-20261006-173011.csv,2026-10-06 17:29:29.326,0.78095
2026-10-06 17:30:16.391,9.1249e-11,Torr,15.large_stm_connectingPort,spray,15.large_stm_connectingPort/MassSpecData-02115-20261006-173011.csv,2026-10-06 17:29:29.326,0.7844166666666667
2026-10-06 17:30:16.599,7.9973e-11,Torr,15.large_stm_connectingPort,spray,15.large_stm_connectingPort/MassSpecData-02115-20261006-173011.csv,2026-10-06 17:29:29.326,0.7878833333333334
2026-10-06 17:30:16.808,8.2389e-11,Torr,15.large_stm_connectingPort,spray,15.large_stm_connectingPort/MassSpecData-02115-20261006-173011.csv,2026-10-06 17:29:29.326,0.7913666666666667
2026-10-06 17:30:17.016,8.5063e-11,Torr,15.large_stm_connectingPort,spray,15.large_stm_connectingPort/MassSpecData-02115-20261006-173011.csv,2026-10-06 17:29:29.326,0.7948333333333333
2026-10-06 17:30:17.224,8.2687e-11,Torr,15.large_stm_connectingPort,spray,15.large_stm_connectingPort/MassSpecData-02115-20261006-173011.csv,2026-10-06 17:29:29.326,0.7983
2026-10-06 17:30:17.433,8.7237e-11,Torr,15.large_stm_connectingPort,spray,15.large_stm_connectingPort/MassSpecData-02115-20261006-173011.csv,2026-10-06 17:29:29.326,0.8017833333333333
2026-10-06 17:30:17.641,7.3518e-11,Torr,15.large_stm_connectingPort,spray,15.large_stm_connectingPort/MassSpecData-02115-20261006-173011.csv,2026-10-06 17:29:29.326,0.8052499999999999
2026-10-06 17:30:17.849,7.3262e-11,Torr,15.large_stm_connectingPort,spray,15.large_stm_connectingPort/MassSpecData-02115-20261006-173011.csv,2026-10-06 17:29:29.326,0.8087166666666668
2026-10-06 17:30:18.058,8.3558e-11,Torr,15.large_stm_connectingPort,spray,15.large_stm_connectingPort/MassSpecData-02115-20261006-173011.csv,2026-10-06 17:29:29.326,0.8122
2026-10-06 17:30:18.266,7.5089e-11,Torr,15.large_stm_connectingPort,spray,15.large_stm_connectingPort/MassSpecData-02115-20261006-173011.csv,2026-10-06 17:29:29.326,0.8156666666666667
2026-10-06 17:30:18.474,6.821e-11,Torr,15.large_stm_connectingPort,spray,15.large_stm_connectingPort/MassSpecData-02115-20261006-173011.csv,2026-10-06 17:29:29.326,0.8191333333333334
2026-10-06 17:30:18.683,8.4109e-11,Torr,15.large_stm_connectingPort,spray,15.large_stm_connectingPort/MassSpecData-02115-20261006-173011.csv,2026-10-06 17:29:29.326,0.8226166666666667
2026-10-06 17:30:18.891,7.2789e-11,Torr,15.large_stm_connectingPort,spray,15.large_stm_connectingPort/MassSpecData-02115-20261006-173011.csv,2026-10-06 17:29:29.326,0.8260833333333333
2026-10-06 17:30:19.099,7.8128e-11,Torr,15.large_stm_connectingPort,spray,15.large_stm_connectingPort/MassSpecData-02115-20261006-173011.csv,2026-10-06 17:29:29.326,0.82955
2026-10-06 17:30:19.308,7.0364e-11,Torr,15.large_stm_connectingPort,spray,15.large_stm_connectingPort/MassSpecData-02115-20261006-173011.csv,2026-10-06 17:29:29.326,0.8330333333333333
2026-10-06 17:30:19.516,8.4632e-11,Torr,15.large_stm_connectingPort,spray,15.large_stm_connectingPort/MassSpecData-02115-20261006-173011.csv,2026-10-06 17:29:29.326,0.8364999999999999
2026-10-06 17:30:19.724,7.8645e-11,Torr,15.large_stm_connectingPort,spray,15.large_stm_connectingPort/MassSpecData-02115-20261006-173011.csv,2026-10-06 17:29:29.326,0.8399666666666668
2026-10-06 17:30:19.933,9.5329e-11,Torr,15.large_stm_connectingPort,spray,15.large_stm_connectingPort/MassSpecData-02115-20261006-173011.csv,2026-10-06 17:29:29.326,0.84345
2026-10-06 17:30:20.141,7.2312e-11,Torr,15.large_stm_connectingPort,spray,15.large_stm_connectingPort/MassSpecData-02115-20261006-173011.csv,2026-10-06 17:29:29.326,0.8469166666666667
2026-10-06 17:30:20.350,8.7912e-11,Torr,15.large_stm_connectingPort,spray,15.large_stm_connectingPort/MassSpecData-02115-20261006-173011.csv,2026-10-06 17:29:29.326,0.8504
2026-10-06 17:30:20.558,7.3351e-11,Torr,15.large_stm_connectingPort,spray,15.large_stm_connectingPort/MassSpecData-02115-20261006-173011.csv,2026-10-06 17:29:29.326,0.8538666666666667
2026-10-06 17:30:20.766,8.8677e-11,Torr,15.large_stm_connectingPort,spray,15.large_stm_connectingPort/MassSpecData-02115-20261006-173011.csv,2026-10-06 17:29:29.326,0.8573333333333333
2026-10-06 17:30:20.975,8.2008e-11,Torr,15.large_stm_connectingPort,spray,15.large_stm_connectingPort/MassSpecData-02115-20261006-173011.csv,2026-10-06 17:29:29.326,0.8608166666666667
2026-10-06 17:30:21.183,8.3803e-11,Torr,15.large_stm_connectingPort,spray,15.large_stm_connectingPort/MassSpecData-02115-20261006-173011.csv,2026-10-06 17:29:29.326,0.8642833333333333
2026-10-06 17:30:21.391,8.2782e-11,Torr,15.large_stm_connectingPort,spray,15.large_stm_connectingPort/MassSpecData-02115-20261006-173011.csv,2026-10-06 17:29:29.326,0.8677499999999999
2026-10-06 17:30:21.600,7.2945e-11,Torr,15.large_stm_connectingPort,spray,15.large_stm_connectingPort/MassSpecData-02115-20261006-173011.csv,2026-10-06 17:29:29.326,0.8712333333333333
2026-10-06 17:30:21.808,7.7659e-11,Torr,15.large_stm_connectingPort,spray,15.large_stm_connectingPort/MassSpecData-02115-20261006-173011.csv,2026-10-06 17:29:29.326,0.8747
2026-10-06 17:30:22.016,7.5627e-11,Torr,15.large_stm_connectingPort,spray,15.large_stm_connectingPort/MassSpecData-02115-20261006-173011.csv,2026-10-06 17:29:29.326,0.8781666666666667
2026-10-06 17:30:22.225,7.4855e-11,Torr,15.large_stm_connectingPort,spray,15.large_stm_connectingPort/MassSpecData-02115-20261006-173011.csv,2026-10-06 17:29:29.326,0.88165
2026-10-06 17:30:22.433,6.7605e-11,Torr,15.large_stm_connectingPort,spray,15.large_stm_connectingPort/MassSpecData-02115-20261006-173011.csv,2026-10-06 17:29:29.326,0.8851166666666667
2026-10-06 17:30:22.641,7.3949e-11,Torr,15.large_stm_connectingPort,spray,15.large_stm_connectingPort/MassSpecData-02115-20261006-173011.csv,2026-10-06 17:29:29.326,0.8885833333333333
2026-10-06 17:30:22.850,8.6317e-11,Torr,15.large_stm_connectingPort,spray,15.large_stm_connectingPort/MassSpecData-02115-20261006-173011.csv,2026-10-06 17:29:29.326,0.8920666666666667
2026-10-06 17:30:23.058,7.7519e-11,Torr,15.large_stm_connectingPort,spray,15.large_stm_connectingPort/MassSpecData-02115-20261006-173011.csv,2026-10-06 17:29:29.326,0.8955333333333333
2026-10-06 17:30:23.266,8.7381e-11,Torr,15.large_stm_connectingPort,spray,15.large_stm_connectingPort/MassSpecData-02115-20261006-173011.csv,2026-10-06 17:29:29.326,0.8989999999999999
2026-10-06 17:30:23.475,8.9458e-11,Torr,15.large_stm_connectingPort,spray,15.large_stm_connectingPort/MassSpecData-02115-20261006-173011.csv,2026-10-06 17:29:29.326,0.9024833333333333
2026-10-06 17:30:23.683,7.6597e-11,Torr,15.large_stm_connectingPort,spray,15.large_stm_connectingPort/MassSpecData-02115-20261006-173011.csv,2026-10-06 17:29:29.326,0.90595
2026-10-06 17:30:23.891,7.5169e-11,Torr,15.large_stm_connectingPort,spray,15.large_stm_connectingPort/MassSpecData-02115-20261006-173011.csv,2026-10-06 17:29:29.326,0.9094166666666667
2026-10-06 17:30:24.100,8.6369e-11,Torr,15.large_stm_connectingPort,spray,15.large_stm_connectingPort/MassSpecData-02115-20261006-173011.csv,2026-10-06 17:29:29.326,0.9129
2026-10-06 17:30:24.308,7.7393e-11,Torr,15.large_stm_connectingPort,spray,15.large_stm_connectingPort/MassSpecData-02115-20261006-173011.csv,2026-10-06 17:29:29.326,0.9163666666666667
2026-10-06 17:30:24.516,7.0224e-11,Torr,15.large_stm_connectingPort,spray,15.large_stm_connectingPort/MassSpecData-02115-20261006-173011.csv,2026-10-06 17:29:29.326,0.9198333333333333
2026-10-06 17:30:24.725,7.4098e-11,Torr,15.large_stm_connectingPort,spray,15.large_stm_connectingPort/MassSpecData-02115-20261006-173011.csv,2026-10-06 17:29:29.326,0.9233166666666667
2026-10-06 17:30:24.933,7.7334e-11,Torr,15.large_stm_connectingPort,spray,15.large_stm_connectingPort/MassSpecData-02115-20261006-173011.csv,2026-10-06 17:29:29.326,0.9267833333333333
2026-10-06 17:30:25.141,7.7728e-11,Torr,15.large_stm_connectingPort,spray,15.large_stm_connectingPort/MassSpecData-02115-20261006-173011.csv,2026-10-06 17:29:29.326,0.9302499999999999
2026-10-06 17:30:25.350,7.1837e-11,Torr,15.large_stm_connectingPort,spray,15.large_stm_connectingPort/MassSpecData-02115-20261006-173011.csv,2026-10-06 17:29:29.326,0.9337333333333333
2026-10-06 17:30:25.558,8.8296e-11,Torr,15.large_stm_connectingPort,spray,15.large_stm_connectingPort/MassSpecData-02115-20261006-173011.csv,2026-10-06 17:29:29.326,0.9372
2026-10-06 17:30:25.766,9.1749e-11,Torr,15.large_stm_connectingPort,spray,15.large_stm_connectingPort/MassSpecData-02115-20261006-173011.csv,2026-10-06 17:29:29.326,0.9406666666666667
2026-10-06 17:30:25.975,8.6527e-11,Torr,15.large_stm_connectingPort,spray,15.large_stm_connectingPort/MassSpecData-02115-20261006-173011.csv,2026-10-06 17:29:29.326,0.94415
2026-10-06 17:30:26.183,7.3453e-11,Torr,15.large_stm_connectingPort,spray,15.large_stm_connectingPort/MassSpecData-02115-20261006-173011.csv,2026-10-06 17:29:29.326,0.9476166666666667
2026-10-06 17:30:26.391,8.4261e-11,Torr,15.large_stm_connectingPort,spray,15.large_stm_connectingPort/MassSpecData-02115-20261006-173011.csv,2026-10-06 17:29:29.326,0.9510833333333333
2026-10-06 17:30:26.600,7.4047e-11,Torr,15.large_stm_connectingPort,spray,15.large_stm_connectingPort/MassSpecData-02115-20261006-173011.csv,2026-10-06 17:29:29.326,0.9545666666666667
2026-10-06 17:30:26.808,7.8973e-11,Torr,15.large_stm_connectingPort,spray,15.large_stm_connectingPort/MassSpecData-02115-20261006-173011.csv,2026-10-06 17:29:29.326,0.9580333333333333
2026-10-06 17:30:27.016,7.4204e-11,Torr,15.large_stm_connectingPort,spray,15.large_stm_connectingPort/MassSpecData-02115-20261006-173011.csv,2026-10-06 17:29:29.326,0.9614999999999999
2026-10-06 17:30:27.225,8.352e-11,Torr,15.large_stm_connectingPort,spray,15.large_stm_connectingPort/MassSpecData-02115-20261006-173011.csv,2026-10-06 17:29:29.326,0.9649833333333333
2026-10-06 17:30:27.433,8.764e-11,Torr,15.large_stm_connectingPort,spray,15.large_stm_connectingPort/MassSpecData-02115-20261006-173011.csv,2026-10-06 17:29:29.326,0.96845
2026-10-06 17:30:27.641,7.0211e-11,Torr,15.large_stm_connectingPort,spray,15.large_stm_connectingPort/MassSpecData-02115-20261006-173011.csv,2026-10-06 17:29:29.326,0.9719166666666667
2026-10-06 17:30:27.850,8.5758e-11,Torr,15.large_stm_connectingPort,spray,15.large_stm_connectingPort/MassSpecData-02115-20261006-173011.csv,2026-10-06 17:29:29.326,0.9754
2026-10-06 17:30:28.058,8.3637e-11,Torr,15.large_stm_connectingPort,spray,15.large_stm_connectingPort/MassSpecData-02115-20261006-173011.csv,2026-10-06 17:29:29.326,0.9788666666666667
2026-10-06 17:30:28.266,8.6862e-11,Torr,15.large_stm_connectingPort,spray,15.large_stm_connectingPort/MassSpecData-02115-20261006-173011.csv,2026-10-06 17:29:29.326,0.9823333333333333
2026-10-06 17:30:28.475,8.7514e-11,Torr,15.large_stm_connectingPort,spray,15.large_stm_connectingPort/MassSpecData-02115-20261006-173011.csv,2026-10-06 17:29:29.326,0.9858166666666667
2026-10-06 17:30:28.683,7.0227e-11,Torr,15.large_stm_connectingPort,spray,15.large_stm_connectingPort/MassSpecData-02115-20261006-173011.csv,2026-10-06 17:29:29.326,0.9892833333333333
2026-10-06 17:30:28.891,7.8504e-11,Torr,15.large_stm_connectingPort,spray,15.large_stm_connectingPort/MassSpecData-02115-20261006-173011.csv,2026-10-06 17:29:29.326,0.9927499999999999
2026-10-06 17:30:29.100,6.5513e-11,Torr,15.large_stm_connectingPort,spray,15.large_stm_connectingPort/MassSpecData-02115-20261006-173011.csv,2026-10-06 17:29:29.326,0.9962333333333333
2026-10-06 17:30:29.308,7.3474e-11,Torr,15.large_stm_connectingPort,spray,15.large_stm_connectingPort/MassSpecData-02115-20261006-173011.csv,2026-10-06 17:29:29.326,0.9997
2026-10-06 17:30:29.516,7.526e-11,Torr,15.large_stm_connectingPort,spray,15.large_stm_connectingPort/MassSpecData-02115-20261006-173011.csv,2026-10-06 17:29:29.326,1.0031666666666665
2026-10-06 17:30:29.725,1.0185e-10,Torr,15.large_stm_connectingPort,spray,15.large_stm_connectingPort/MassSpecData-02115-20261006-173011.csv,2026-10-06 17:29:29.326,1.00665
2026-10-06 17:30:29.933,7.2132e-11,Torr,15.large_stm_connectingPort,spray,15.large_stm_connectingPort/MassSpecData-02115-20261006-173011.csv,2026-10-06 17:29:29.326,1.0101166666666666
2026-10-06 17:30:30.141,7.5218e-11,Torr,15.large_stm_connectingPort,spray,15.large_stm_connectingPort/MassSpecData-02115-20261006-173011.csv,2026-10-06 17:29:29.326,1.0135833333333333
2026-10-06 17:30:30.350,8.8785e-11,Torr,15.large_stm_connectingPort,spray,15.large_stm_connectingPort/MassSpecData-02115-20261006-173011.csv,2026-10-06 17:29:29.326,1.0170666666666668
2026-10-06 17:30:30.558,8.3589e-11,Torr,15.large_stm_connectingPort,spray,15.large_stm_connectingPort/MassSpecData-02115-20261006-173011.csv,2026-10-06 17:29:29.326,1.0205333333333333
2026-10-06 17:30:30.766,7.3851e-11,Torr,15.large_stm_connectingPort,spray,15.large_stm_connectingPort/MassSpecData-02115-20261006-173011.csv,2026-10-06 17:29:29.326,1.024
2026-10-06 17:30:30.974,8.6916e-11,Torr,15.large_stm_connectingPort,spray,15.large_stm_connectingPort/MassSpecData-02115-20261006-173011.csv,2026-10-06 17:29:29.326,1.0274666666666668
2026-10-06 17:30:31.183,6.7505e-11,Torr,15.large_stm_connectingPort,spray,15.large_stm_connectingPort/MassSpecData-02115-20261006-173011.csv,2026-10-06 17:29:29.326,1.03095
2026-10-06 17:30:31.391,8.0746e-11,Torr,15.large_stm_connectingPort,spray,15.large_stm_connectingPort/MassSpecData-02115-20261006-173011.csv,2026-10-06 17:29:29.326,1.0344166666666665
2026-10-06 17:30:31.599,6.4926e-11,Torr,15.large_stm_connectingPort,spray,15.large_stm_connectingPort/MassSpecData-02115-20261006-173011.csv,2026-10-06 17:29:29.326,1.0378833333333335
2026-10-06 17:30:31.808,7.7342e-11,Torr,15.large_stm_connectingPort,spray,15.large_stm_connectingPort/MassSpecData-02115-20261006-173011.csv,2026-10-06 17:29:29.326,1.0413666666666666
2026-10-06 17:30:32.016,7.8011e-11,Torr,15.large_stm_connectingPort,spray,15.large_stm_connectingPort/MassSpecData-02115-20261006-173011.csv,2026-10-06 17:29:29.326,1.0448333333333333
2026-10-06 17:30:32.224,8.8173e-11,Torr,15.large_stm_connectingPort,spray,15.large_stm_connectingPort/MassSpecData-02115-20261006-173011.csv,2026-10-06 17:29:29.326,1.0483
2026-10-06 17:30:32.433,7.5772e-11,Torr,15.large_stm_connectingPort,spray,15.large_stm_connectingPort/MassSpecData-02115-20261006-173011.csv,2026-10-06 17:29:29.326,1.0517833333333333
2026-10-06 17:30:32.641,7.4462e-11,Torr,15.large_stm_connectingPort,spray,15.large_stm_connectingPort/MassSpecData-02115-20261006-173011.csv,2026-10-06 17:29:29.326,1.05525
2026-10-06 17:30:32.849,8.5487e-11,Torr,15.large_stm_connectingPort,spray,15.large_stm_connectingPort/MassSpecData-02115-20261006-173011.csv,2026-10-06 17:29:29.326,1.0587166666666668
2026-10-06 17:30:33.058,7.7345e-11,Torr,15.large_stm_connectingPort,spray,15.large_stm_connectingPort/MassSpecData-02115-20261006-173011.csv,2026-10-06 17:29:29.326,1.0622
2026-10-06 17:30:33.266,8.3991e-11,Torr,15.large_stm_connectingPort,spray,15.large_stm_connectingPort/MassSpecData-02115-20261006-173011.csv,2026-10-06 17:29:29.326,1.0656666666666665
2026-10-06 17:30:33.474,9.4675e-11,Torr,15.large_stm_connectingPort,spray,15.large_stm_connectingPort/MassSpecData-02115-20261006-173011.csv,2026-10-06 17:29:29.326,1.0691333333333333
2026-10-06 17:30:33.683,7.4804e-11,Torr,15.large_stm_connectingPort,spray,15.large_stm_connectingPort/MassSpecData-02115-20261006-173011.csv,2026-10-06 17:29:29.326,1.0726166666666666
2026-10-06 17:30:33.891,7.7508e-11,Torr,15.large_stm_connectingPort,spray,15.large_stm_connectingPort/MassSpecData-02115-20261006-173011.csv,2026-10-06 17:29:29.326,1.0760833333333333
2026-10-06 17:30:34.099,9.5701e-11,Torr,15.large_stm_connectingPort,spray,15.large_stm_connectingPort/MassSpecData-02115-20261006-173011.csv,2026-10-06 17:29:29.326,1.07955
2026-10-06 17:30:34.308,7.527e-11,Torr,15.large_stm_connectingPort,spray,15.large_stm_connectingPort/MassSpecData-02115-20261006-173011.csv,2026-10-06 17:29:29.326,1.0830333333333333
2026-10-06 17:30:34.516,7.3446e-11,Torr,15.large_stm_connectingPort,spray,15.large_stm_connectingPort/MassSpecData-02115-20261006-173011.csv,2026-10-06 17:29:29.326,1.0865
2026-10-06 17:30:34.724,9.4828e-11,Torr,15.large_stm_connectingPort,spray,15.large_stm_connectingPort/MassSpecData-02115-20261006-173011.csv,2026-10-06 17:29:29.326,1.0899666666666665
2026-10-06 17:30:34.933,8.2099e-11,Torr,15.large_stm_connectingPort,spray,15.large_stm_connectingPort/MassSpecData-02115-20261006-173011.csv,2026-10-06 17:29:29.326,1.09345
2026-10-06 17:30:35.141,6.9981e-11,Torr,15.large_stm_connectingPort,spray,15.large_stm_connectingPort/MassSpecData-02115-20261006-173011.csv,2026-10-06 17:29:29.326,1.0969166666666665
2026-10-06 17:30:35.349,8.442e-11,Torr,15.large_stm_connectingPort,spray,15.large_stm_connectingPort/MassSpecData-02115-20261006-173011.csv,2026-10-06 17:29:29.326,1.1003833333333333
2026-10-06 17:30:35.558,6.7461e-11,Torr,15.large_stm_connectingPort,spray,15.large_stm_connectingPort/MassSpecData-02115-20261006-173011.csv,2026-10-06 17:29:29.326,1.1038666666666666
2026-10-06 17:30:35.766,8.3512e-11,Torr,15.large_stm_connectingPort,spray,15.large_stm_connectingPort/MassSpecData-02115-20261006-173011.csv,2026-10-06 17:29:29.326,1.1073333333333333
2026-10-06 17:30:35.974,8.8461e-11,Torr,15.large_stm_connectingPort,spray,15.large_stm_connectingPort/MassSpecData-02115-20261006-173011.csv,2026-10-06 17:29:29.326,1.1108
2026-10-06 17:30:36.183,7.8465e-11,Torr,15.large_stm_connectingPort,spray,15.large_stm_connectingPort/MassSpecData-02115-20261006-173011.csv,2026-10-06 17:29:29.326,1.1142833333333333
2026-10-06 17:30:36.391,8.9307e-11,Torr,15.large_stm_connectingPort,spray,15.large_stm_connectingPort/MassSpecData-02115-20261006-173011.csv,2026-10-06 17:29:29.326,1.11775
2026-10-06 17:30:36.599,7.0938e-11,Torr,15.large_stm_connectingPort,spray,15.large_stm_connectingPort/MassSpecData-02115-20261006-173011.csv,2026-10-06 17:29:29.326,1.1212166666666665
2026-10-06 17:30:36.808,8.0354e-11,Torr,15.large_stm_connectingPort,spray,15.large_stm_connectingPort/MassSpecData-02115-20261006-173011.csv,2026-10-06 17:29:29.326,1.1247
2026-10-06 17:30:37.016,7.7609e-11,Torr,15.large_stm_connectingPort,spray,15.large_stm_connectingPort/MassSpecData-02115-20261006-173011.csv,2026-10-06 17:29:29.326,1.1281666666666665
2026-10-06 17:30:37.224,9.5076e-11,Torr,15.large_stm_connectingPort,spray,15.large_stm_connectingPort/MassSpecData-02115-20261006-173011.csv,2026-10-06 17:29:29.326,1.1316333333333333
2026-10-06 17:30:37.433,7.6555e-11,Torr,15.large_stm_connectingPort,spray,15.large_stm_connectingPort/MassSpecData-02115-20261006-173011.csv,2026-10-06 17:29:29.326,1.1351166666666666
2026-10-06 17:30:37.641,6.9029e-11,Torr,15.large_stm_connectingPort,spray,15.large_stm_connectingPort/MassSpecData-02115-20261006-173011.csv,2026-10-06 17:29:29.326,1.1385833333333333
2026-10-06 17:30:37.849,7.9736e-11,Torr,15.large_stm_connectingPort,spray,15.large_stm_connectingPort/MassSpecData-02115-20261006-173011.csv,2026-10-06 17:29:29.326,1.14205
2026-10-06 17:30:38.058,8.4537e-11,Torr,15.large_stm_connectingPort,spray,15.large_stm_connectingPort/MassSpecData-02115-20261006-173011.csv,2026-10-06 17:29:29.326,1.1455333333333333
2026-10-06 17:30:38.266,8.9209e-11,Torr,15.large_stm_connectingPort,spray,15.large_stm_connectingPort/MassSpecData-02115-20261006-173011.csv,2026-10-06 17:29:29.326,1.149
2026-10-06 17:30:38.474,7.3827e-11,Torr,15.large_stm_connectingPort,spray,15.large_stm_connectingPort/MassSpecData-02115-20261006-173011.csv,2026-10-06 17:29:29.326,1.1524666666666665
2026-10-06 17:30:38.683,8.2586e-11,Torr,15.large_stm_connectingPort,spray,15.large_stm_connectingPort/MassSpecData-02115-20261006-173011.csv,2026-10-06 17:29:29.326,1.15595
2026-10-06 17:30:38.891,7.7826e-11,Torr,15.large_stm_connectingPort,spray,15.large_stm_connectingPort/MassSpecData-02115-20261006-173011.csv,2026-10-06 17:29:29.326,1.1594166666666665
2026-10-06 17:30:39.099,1.0236e-10,Torr,15.large_stm_connectingPort,spray,15.large_stm_connectingPort/MassSpecData-02115-20261006-173011.csv,2026-10-06 17:29:29.326,1.1628833333333333
2026-10-06 17:30:39.308,6.9899e-11,Torr,15.large_stm_connectingPort,spray,15.large_stm_connectingPort/MassSpecData-02115-20261006-173011.csv,2026-10-06 17:29:29.326,1.1663666666666666
2026-10-06 17:30:39.516,7.4997e-11,Torr,15.large_stm_connectingPort,spray,15.large_stm_connectingPort/MassSpecData-02115-20261006-173011.csv,2026-10-06 17:29:29.326,1.1698333333333333
2026-10-06 17:30:39.724,8.1563e-11,Torr,15.large_stm_connectingPort,spray,15.large_stm_connectingPort/MassSpecData-02115-20261006-173011.csv,2026-10-06 17:29:29.326,1.1733
2026-10-06 17:30:39.933,8.1779e-11,Torr,15.large_stm_connectingPort,spray,15.large_stm_connectingPort/MassSpecData-02115-20261006-173011.csv,2026-10-06 17:29:29.326,1.1767833333333333
2026-10-06 17:30:40.141,7.9031e-11,Torr,15.large_stm_connectingPort,spray,15.large_stm_connectingPort/MassSpecData-02115-20261006-173011.csv,2026-10-06 17:29:29.326,1.18025
2026-10-06 17:30:40.349,8.6234e-11,Torr,15.large_stm_connectingPort,spray,15.large_stm_connectingPort/MassSpecData-02115-20261006-173011.csv,2026-10-06 17:29:29.326,1.1837166666666665
2026-10-06 17:30:40.558,7.426e-11,Torr,15.large_stm_connectingPort,spray,15.large_stm_connectingPort/MassSpecData-02115-20261006-173011.csv,2026-10-06 17:29:29.326,1.1872
2026-10-06 17:30:40.766,7.6472e-11,Torr,15.large_stm_connectingPort,spray,15.large_stm_connectingPort/MassSpecData-02115-20261006-173011.csv,2026-10-06 17:29:29.326,1.1906666666666665
2026-10-06 17:30:40.974,1.0275e-10,Torr,15.large_stm_connectingPort,spray,15.large_stm_connectingPort/MassSpecData-02115-20261006-173011.csv,2026-10-06 17:29:29.326,1.1941333333333333
2026-10-06 17:30:41.183,7.0059e-11,Torr,15.large_stm_connectingPort,spray,15.large_stm_connectingPort/MassSpecData-02115-20261006-173011.csv,2026-10-06 17:29:29.326,1.1976166666666666
2026-10-06 17:30:41.391,8.6402e-11,Torr,15.large_stm_connectingPort,spray,15.large_stm_connectingPort/MassSpecData-02115-20261006-173011.csv,2026-10-06 17:29:29.326,1.2010833333333333
2026-10-06 17:30:41.599,1.059e-10,Torr,15.large_stm_connectingPort,spray,15.large_stm_connectingPort/MassSpecData-02115-20261006-173011.csv,2026-10-06 17:29:29.326,1.20455
2026-10-06 17:30:41.808,7.0729e-11,Torr,15.large_stm_connectingPort,spray,15.large_stm_connectingPort/MassSpecData-02115-20261006-173011.csv,2026-10-06 17:29:29.326,1.2080333333333333
2026-10-06 17:30:42.016,8.1543e-11,Torr,15.large_stm_connectingPort,spray,15.large_stm_connectingPort/MassSpecData-02115-20261006-173011.csv,2026-10-06 17:29:29.326,1.2115
2026-10-06 17:30:42.224,8.34e-11,Torr,15.large_stm_connectingPort,spray,15.large_stm_connectingPort/MassSpecData-02115-20261006-173011.csv,2026-10-06 17:29:29.326,1.2149666666666665
2026-10-06 17:30:42.433,6.4892e-11,Torr,15.large_stm_connectingPort,spray,15.large_stm_connectingPort/MassSpecData-02115-20261006-173011.csv,2026-10-06 17:29:29.326,1.21845
2026-10-06 17:30:42.641,1.1213e-10,Torr,15.large_stm_connectingPort,spray,15.large_stm_connectingPort/MassSpecData-02115-20261006-173011.csv,2026-10-06 17:29:29.326,1.2219166666666665
2026-10-06 17:30:42.849,7.2401e-11,Torr,15.large_stm_connectingPort,spray,15.large_stm_connectingPort/MassSpecData-02115-20261006-173011.csv,2026-10-06 17:29:29.326,1.2253833333333333
2026-10-06 17:30:43.058,9.3258e-11,Torr,15.large_stm_connectingPort,spray,15.large_stm_connectingPort/MassSpecData-02115-20261006-173011.csv,2026-10-06 17:29:29.326,1.2288666666666666
2026-10-06 17:30:43.266,8.5757e-11,Torr,15.large_stm_connectingPort,spray,15.large_stm_connectingPort/MassSpecData-02115-20261006-173011.csv,2026-10-06 17:29:29.326,1.2323333333333333
2026-10-06 17:30:43.474,8.0654e-11,Torr,15.large_stm_connectingPort,spray,15.large_stm_connectingPort/MassSpecData-02115-20261006-173011.csv,2026-10-06 17:29:29.326,1.2358
2026-10-06 17:30:43.683,8.1085e-11,Torr,15.large_stm_connectingPort,spray,15.large_stm_connectingPort/MassSpecData-02115-20261006-173011.csv,2026-10-06 17:29:29.326,1.2392833333333333
2026-10-06 17:30:43.891,6.9069e-11,Torr,15.large_stm_connectingPort,spray,15.large_stm_connectingPort/MassSpecData-02115-20261006-173011.csv,2026-10-06 17:29:29.326,1.24275
2026-10-06 17:30:44.099,7.0014e-11,Torr,15.large_stm_connectingPort,spray,15.large_stm_connectingPort/MassSpecData-02115-20261006-173011.csv,2026-10-06 17:29:29.326,1.2462166666666665
2026-10-06 17:30:44.308,6.166e-11,Torr,15.large_stm_connectingPort,spray,15.large_stm_connectingPort/MassSpecData-02115-20261006-173011.csv,2026-10-06 17:29:29.326,1.2497
2026-10-06 17:30:44.516,7.8611e-11,Torr,15.large_stm_connectingPort,spray,15.large_stm_connectingPort/MassSpecData-02115-20261006-173011.csv,2026-10-06 17:29:29.326,1.2531666666666665
2026-10-06 17:30:44.724,8.8173e-11,Torr,15.large_stm_connectingPort,spray,15.large_stm_connectingPort/MassSpecData-02115-20261006-173011.csv,2026-10-06 17:29:29.326,1.2566333333333333
2026-10-06 17:30:44.933,7.5715e-11,Torr,15.large_stm_connectingPort,spray,15.large_stm_connectingPort/MassSpecData-02115-20261006-173011.csv,2026-10-06 17:29:29.326,1.2601166666666666
2026-10-06 17:30:45.141,9.1804e-11,Torr,15.large_stm_connectingPort,spray,15.large_stm_connectingPort/MassSpecData-02115-20261006-173011.csv,2026-10-06 17:29:29.326,1.2635833333333333
2026-10-06 17:30:45.349,8.0333e-11,Torr,15.large_stm_connectingPort,spray,15.large_stm_connectingPort/MassSpecData-02115-20261006-173011.csv,2026-10-06 17:29:29.326,1.26705
2026-10-06 17:30:45.558,7.1892e-11,Torr,15.large_stm_connectingPort,spray,15.large_stm_connectingPort/MassSpecData-02115-20261006-173011.csv,2026-10-06 17:29:29.326,1.2705333333333333
2026-10-06 17:30:45.766,8.9156e-11,Torr,15.large_stm_connectingPort,spray,15.large_stm_connectingPort/MassSpecData-02115-20261006-173011.csv,2026-10-06 17:29:29.326,1.274
2026-10-06 17:30:45.974,8.6535e-11,Torr,15.large_stm_connectingPort,spray,15.large_stm_connectingPort/MassSpecData-02115-20261006-173011.csv,2026-10-06 17:29:29.326,1.2774666666666665
2026-10-06 17:30:46.183,7.6334e-11,Torr,15.large_stm_connectingPort,spray,15.large_stm_connectingPort/MassSpecData-02115-20261006-173011.csv,2026-10-06 17:29:29.326,1.28095
2026-10-06 17:30:46.391,8.4233e-11,Torr,15.large_stm_connectingPort,spray,15.large_stm_connectingPort/MassSpecData-02115-20261006-173011.csv,2026-10-06 17:29:29.326,1.2844166666666665
2026-10-06 17:30:46.599,7.9884e-11,Torr,15.large_stm_connectingPort,spray,15.large_stm_connectingPort/MassSpecData-02115-20261006-173011.csv,2026-10-06 17:29:29.326,1.2878833333333333
2026-10-06 17:30:46.808,7.5097e-11,Torr,15.large_stm_connectingPort,spray,15.large_stm_connectingPort/MassSpecData-02115-20261006-173011.csv,2026-10-06 17:29:29.326,1.2913666666666666
2026-10-06 17:30:47.016,8.3721e-11,Torr,15.large_stm_connectingPort,spray,15.large_stm_connectingPort/MassSpecData-02115-20261006-173011.csv,2026-10-06 17:29:29.326,1.2948333333333333
2026-10-06 17:30:47.224,6.8586e-11,Torr,15.large_stm_connectingPort,spray,15.large_stm_connectingPort/MassSpecData-02115-20261006-173011.csv,2026-10-06 17:29:29.326,1.2983
2026-10-06 17:30:47.433,8.1137e-11,Torr,15.large_stm_connectingPort,spray,15.large_stm_connectingPort/MassSpecData-02115-20261006-173011.csv,2026-10-06 17:29:29.326,1.3017833333333333
2026-10-06 17:30:47.641,8.3983e-11,Torr,15.large_stm_connectingPort,spray,15.large_stm_connectingPort/MassSpecData-02115-20261006-173011.csv,2026-10-06 17:29:29.326,1.30525
2026-10-06 17:30:47.849,7.2195e-11,Torr,15.large_stm_connectingPort,spray,15.large_stm_connectingPort/MassSpecData-02115-20261006-173011.csv,2026-10-06 17:29:29.326,1.3087166666666665
2026-10-06 17:30:48.058,7.4976e-11,Torr,15.large_stm_connectingPort,spray,15.large_stm_connectingPort/MassSpecData-02115-20261006-173011.csv,2026-10-06 17:29:29.326,1.3122
2026-10-06 17:30:48.266,7.0985e-11,Torr,15.large_stm_connectingPort,spray,15.large_stm_connectingPort/MassSpecData-02115-20261006-173011.csv,2026-10-06 17:29:29.326,1.3156666666666665
2026-10-06 17:30:48.474,6.9612e-11,Torr,15.large_stm_connectingPort,spray,15.large_stm_connectingPort/MassSpecData-02115-20261006-173011.csv,2026-10-06 17:29:29.326,1.3191333333333333
2026-10-06 17:30:48.683,8.1796e-11,Torr,15.large_stm_connectingPort,spray,15.large_stm_connectingPort/MassSpecData-02115-20261006-173011.csv,2026-10-06 17:29:29.326,1.3226166666666666
2026-10-06 17:30:48.891,9.648e-11,Torr,15.large_stm_connectingPort,spray,15.large_stm_connectingPort/MassSpecData-02115-20261006-173011.csv,2026-10-06 17:29:29.326,1.3260833333333333
2026-10-06 17:30:49.100,8.5753e-11,Torr,15.large_stm_connectingPort,spray,15.large_stm_connectingPort/MassSpecData-02115-20261006-173011.csv,2026-10-06 17:29:29.326,1.3295666666666668
2026-10-06 17:30:49.308,8.3237e-11,Torr,15.large_stm_connectingPort,spray,15.large_stm_connectingPort/MassSpecData-02115-20261006-173011.csv,2026-10-06 17:29:29.326,1.3330333333333333
2026-10-06 17:30:49.516,7.9703e-11,Torr,15.large_stm_connectingPort,spray,15.large_stm_connectingPort/MassSpecData-02115-20261006-173011.csv,2026-10-06 17:29:29.326,1.3365
2026-10-06 17:30:49.725,7.7047e-11,Torr,15.large_stm_connectingPort,spray,15.large_stm_connectingPort/MassSpecData-02115-20261006-173011.csv,2026-10-06 17:29:29.326,1.3399833333333333
2026-10-06 17:30:49.933,7.7316e-11,Torr,15.large_stm_connectingPort,spray,15.large_stm_connectingPort/MassSpecData-02115-20261006-173011.csv,2026-10-06 17:29:29.326,1.34345
2026-10-06 17:30:50.141,7.4196e-11,Torr,15.large_stm_connectingPort,spray,15.large_stm_connectingPort/MassSpecData-02115-20261006-173011.csv,2026-10-06 17:29:29.326,1.3469166666666665
2026-10-06 17:30:50.350,8.317e-11,Torr,15.large_stm_connectingPort,spray,15.large_stm_connectingPort/MassSpecData-02115-20261006-173011.csv,2026-10-06 17:29:29.326,1.3504
2026-10-06 17:30:50.558,7.5825e-11,Torr,15.large_stm_connectingPort,spray,15.large_stm_connectingPort/MassSpecData-02115-20261006-173011.csv,2026-10-06 17:29:29.326,1.3538666666666666
2026-10-06 17:30:50.766,8.3448e-11,Torr,15.large_stm_connectingPort,spray,15.large_stm_connectingPort/MassSpecData-02115-20261006-173011.csv,2026-10-06 17:29:29.326,1.3573333333333333
2026-10-06 17:30:50.975,7.8449e-11,Torr,15.large_stm_connectingPort,spray,15.large_stm_connectingPort/MassSpecData-02115-20261006-173011.csv,2026-10-06 17:29:29.326,1.3608166666666668
2026-10-06 17:30:51.183,8.1295e-11,Torr,15.large_stm_connectingPort,spray,15.large_stm_connectingPort/MassSpecData-02115-20261006-173011.csv,2026-10-06 17:29:29.326,1.3642833333333333
2026-10-06 17:30:51.391,7.5384e-11,Torr,15.large_stm_connectingPort,spray,15.large_stm_connectingPort/MassSpecData-02115-20261006-173011.csv,2026-10-06 17:29:29.326,1.36775
2026-10-06 17:30:51.600,7.8782e-11,Torr,15.large_stm_connectingPort,spray,15.large_stm_connectingPort/MassSpecData-02115-20261006-173011.csv,2026-10-06 17:29:29.326,1.3712333333333333
2026-10-06 17:30:51.808,8.8277e-11,Torr,15.large_stm_connectingPort,spray,15.large_stm_connectingPort/MassSpecData-02115-20261006-173011.csv,2026-10-06 17:29:29.326,1.3747
2026-10-06 17:30:52.016,7.1572e-11,Torr,15.large_stm_connectingPort,spray,15.large_stm_connectingPort/MassSpecData-02115-20261006-173011.csv,2026-10-06 17:29:29.326,1.3781666666666665
2026-10-06 17:30:52.225,8.515e-11,Torr,15.large_stm_connectingPort,spray,15.large_stm_connectingPort/MassSpecData-02115-20261006-173011.csv,2026-10-06 17:29:29.326,1.38165
2026-10-06 17:30:52.433,8.7404e-11,Torr,15.large_stm_connectingPort,spray,15.large_stm_connectingPort/MassSpecData-02115-20261006-173011.csv,2026-10-06 17:29:29.326,1.3851166666666666
2026-10-06 17:30:52.641,8.4353e-11,Torr,15.large_stm_connectingPort,spray,15.large_stm_connectingPort/MassSpecData-02115-20261006-173011.csv,2026-10-06 17:29:29.326,1.3885833333333333
2026-10-06 17:30:52.920,7.4088e-11,Torr,15.large_stm_connectingPort,spray,15.large_stm_connectingPort/MassSpecData-02115-20261006-173052.csv,2026-10-06 17:29:29.326,1.3932333333333333
2026-10-06 17:30:53.128,7.7715e-11,Torr,15.large_stm_connectingPort,spray,15.large_stm_connectingPort/MassSpecData-02115-20261006-173052.csv,2026-10-06 17:29:29.326,1.3967
2026-10-06 17:30:53.337,8.1847e-11,Torr,15.large_stm_connectingPort,spray,15.large_stm_connectingPort/MassSpecData-02115-20261006-173052.csv,2026-10-06 17:29:29.326,1.4001833333333333
2026-10-06 17:30:53.545,8.7988e-11,Torr,15.large_stm_connectingPort,spray,15.large_stm_connectingPort/MassSpecData-02115-20261006-173052.csv,2026-10-06 17:29:29.326,1.4036499999999998
2026-10-06 17:30:53.753,8.7207e-11,Torr,15.large_stm_connectingPort,spray,15.large_stm_connectingPort/MassSpecData-02115-20261006-173052.csv,2026-10-06 17:29:29.326,1.4071166666666668
2026-10-06 17:30:53.962,8.5669e-11,Torr,15.large_stm_connectingPort,spray,15.large_stm_connectingPort/MassSpecData-02115-20261006-173052.csv,2026-10-06 17:29:29.326,1.4105999999999999
2026-10-06 17:30:54.170,8.0875e-11,Torr,15.large_stm_connectingPort,spray,15.large_stm_connectingPort/MassSpecData-02115-20261006-173052.csv,2026-10-06 17:29:29.326,1.4140666666666666
2026-10-06 17:30:54.378,8.9698e-11,Torr,15.large_stm_connectingPort,spray,15.large_stm_connectingPort/MassSpecData-02115-20261006-173052.csv,2026-10-06 17:29:29.326,1.4175333333333335
2026-10-06 17:30:54.586,8.3715e-11,Torr,15.large_stm_connectingPort,spray,15.large_stm_connectingPort/MassSpecData-02115-20261006-173052.csv,2026-10-06 17:29:29.326,1.421
2026-10-06 17:30:54.795,7.6047e-11,Torr,15.large_stm_connectingPort,spray,15.large_stm_connectingPort/MassSpecData-02115-20261006-173052.csv,2026-10-06 17:29:29.326,1.4244833333333333
2026-10-06 17:30:55.003,9.0371e-11,Torr,15.large_stm_connectingPort,spray,15.large_stm_connectingPort/MassSpecData-02115-20261006-173052.csv,2026-10-06 17:29:29.326,1.42795
2026-10-06 17:30:55.212,8.5698e-11,Torr,15.large_stm_connectingPort,spray,15.large_stm_connectingPort/MassSpecData-02115-20261006-173052.csv,2026-10-06 17:29:29.326,1.4314333333333333
2026-10-06 17:30:55.420,8.238e-11,Torr,15.large_stm_connectingPort,spray,15.large_stm_connectingPort/MassSpecData-02115-20261006-173052.csv,2026-10-06 17:29:29.326,1.4348999999999998
2026-10-06 17:30:55.628,7.2801e-11,Torr,15.large_stm_connectingPort,spray,15.large_stm_connectingPort/MassSpecData-02115-20261006-173052.csv,2026-10-06 17:29:29.326,1.4383666666666668
2026-10-06 17:30:55.837,7.3137e-11,Torr,15.large_stm_connectingPort,spray,15.large_stm_connectingPort/MassSpecData-02115-20261006-173052.csv,2026-10-06 17:29:29.326,1.4418499999999999
2026-10-06 17:30:56.045,7.7779e-11,Torr,15.large_stm_connectingPort,spray,15.large_stm_connectingPort/MassSpecData-02115-20261006-173052.csv,2026-10-06 17:29:29.326,1.4453166666666666
2026-10-06 17:30:56.253,9.3564e-11,Torr,15.large_stm_connectingPort,spray,15.large_stm_connectingPort/MassSpecData-02115-20261006-173052.csv,2026-10-06 17:29:29.326,1.4487833333333335
2026-10-06 17:30:56.462,8.0222e-11,Torr,15.large_stm_connectingPort,spray,15.large_stm_connectingPort/MassSpecData-02115-20261006-173052.csv,2026-10-06 17:29:29.326,1.4522666666666666
2026-10-06 17:30:56.670,7.4824e-11,Torr,15.large_stm_connectingPort,spray,15.large_stm_connectingPort/MassSpecData-02115-20261006-173052.csv,2026-10-06 17:29:29.326,1.4557333333333333
2026-10-06 17:30:56.878,7.5917e-11,Torr,15.large_stm_connectingPort,spray,15.large_stm_connectingPort/MassSpecData-02115-20261006-173052.csv,2026-10-06 17:29:29.326,1.4592
2026-10-06 17:30:57.087,9.1138e-11,Torr,15.large_stm_connectingPort,spray,15.large_stm_connectingPort/MassSpecData-02115-20261006-173052.csv,2026-10-06 17:29:29.326,1.4626833333333333
2026-10-06 17:30:57.295,7.8945e-11,Torr,15.large_stm_connectingPort,spray,15.large_stm_connectingPort/MassSpecData-02115-20261006-173052.csv,2026-10-06 17:29:29.326,1.4661499999999998
2026-10-06 17:30:57.503,1.0155e-10,Torr,15.large_stm_connectingPort,spray,15.large_stm_connectingPort/MassSpecData-02115-20261006-173052.csv,2026-10-06 17:29:29.326,1.4696166666666668
2026-10-06 17:30:57.712,9.6018e-11,Torr,15.large_stm_connectingPort,spray,15.large_stm_connectingPort/MassSpecData-02115-20261006-173052.csv,2026-10-06 17:29:29.326,1.4730999999999999
2026-10-06 17:30:57.920,9.1552e-11,Torr,15.large_stm_connectingPort,spray,15.large_stm_connectingPort/MassSpecData-02115-20261006-173052.csv,2026-10-06 17:29:29.326,1.4765666666666666
2026-10-06 17:30:58.128,7.3479e-11,Torr,15.large_stm_connectingPort,spray,15.large_stm_connectingPort/MassSpecData-02115-20261006-173052.csv,2026-10-06 17:29:29.326,1.4800333333333335
2026-10-06 17:30:58.336,8.3613e-11,Torr,15.large_stm_connectingPort,spray,15.large_stm_connectingPort/MassSpecData-02115-20261006-173052.csv,2026-10-06 17:29:29.326,1.4835
2026-10-06 17:30:58.545,1.0507e-10,Torr,15.large_stm_connectingPort,spray,15.large_stm_connectingPort/MassSpecData-02115-20261006-173052.csv,2026-10-06 17:29:29.326,1.4869833333333333
2026-10-06 17:30:58.753,7.368e-11,Torr,15.large_stm_connectingPort,spray,15.large_stm_connectingPort/MassSpecData-02115-20261006-173052.csv,2026-10-06 17:29:29.326,1.49045
2026-10-06 17:30:58.961,7.63e-11,Torr,15.large_stm_connectingPort,spray,15.large_stm_connectingPort/MassSpecData-02115-20261006-173052.csv,2026-10-06 17:29:29.326,1.4939166666666668
2026-10-06 17:30:59.170,7.4804e-11,Torr,15.large_stm_connectingPort,spray,15.large_stm_connectingPort/MassSpecData-02115-20261006-173052.csv,2026-10-06 17:29:29.326,1.4973999999999998
2026-10-06 17:30:59.378,7.6911e-11,Torr,15.large_stm_connectingPort,spray,15.large_stm_connectingPort/MassSpecData-02115-20261006-173052.csv,2026-10-06 17:29:29.326,1.5008666666666668
2026-10-06 17:30:59.586,7.7015e-11,Torr,15.large_stm_connectingPort,spray,15.large_stm_connectingPort/MassSpecData-02115-20261006-173052.csv,2026-10-06 17:29:29.326,1.5043333333333335
2026-10-06 17:30:59.795,7.9731e-11,Torr,15.large_stm_connectingPort,spray,15.large_stm_connectingPort/MassSpecData-02115-20261006-173052.csv,2026-10-06 17:29:29.326,1.5078166666666666
2026-10-06 17:31:00.003,8.3927e-11,Torr,15.large_stm_connectingPort,spray,15.large_stm_connectingPort/MassSpecData-02115-20261006-173052.csv,2026-10-06 17:29:29.326,1.5112833333333335
2026-10-06 17:31:00.211,8.2567e-11,Torr,15.large_stm_connectingPort,spray,15.large_stm_connectingPort/MassSpecData-02115-20261006-173052.csv,2026-10-06 17:29:29.326,1.51475
2026-10-06 17:31:00.420,7.5525e-11,Torr,15.large_stm_connectingPort,spray,15.large_stm_connectingPort/MassSpecData-02115-20261006-173052.csv,2026-10-06 17:29:29.326,1.5182333333333333
2026-10-06 17:31:00.628,7.88e-11,Torr,15.large_stm_connectingPort,spray,15.large_stm_connectingPort/MassSpecData-02115-20261006-173052.csv,2026-10-06 17:29:29.326,1.5217
2026-10-06 17:31:00.836,7.4325e-11,Torr,15.large_stm_connectingPort,spray,15.large_stm_connectingPort/MassSpecData-02115-20261006-173052.csv,2026-10-06 17:29:29.326,1.5251666666666668
2026-10-06 17:31:01.045,9.4634e-11,Torr,15.large_stm_connectingPort,spray,15.large_stm_connectingPort/MassSpecData-02115-20261006-173052.csv,2026-10-06 17:29:29.326,1.5286499999999998
2026-10-06 17:31:01.253,9.0259e-11,Torr,15.large_stm_connectingPort,spray,15.large_stm_connectingPort/MassSpecData-02115-20261006-173052.csv,2026-10-06 17:29:29.326,1.5321166666666668
2026-10-06 17:31:01.461,7.2729e-11,Torr,15.large_stm_connectingPort,spray,15.large_stm_connectingPort/MassSpecData-02115-20261006-173052.csv,2026-10-06 17:29:29.326,1.5355833333333335
2026-10-06 17:31:01.670,7.9748e-11,Torr,15.large_stm_connectingPort,spray,15.large_stm_connectingPort/MassSpecData-02115-20261006-173052.csv,2026-10-06 17:29:29.326,1.5390666666666666
2026-10-06 17:31:01.878,7.5174e-11,Torr,15.large_stm_connectingPort,spray,15.large_stm_connectingPort/MassSpecData-02115-20261006-173052.csv,2026-10-06 17:29:29.326,1.5425333333333335
2026-10-06 17:31:02.087,1.0006e-10,Torr,15.large_stm_connectingPort,spray,15.large_stm_connectingPort/MassSpecData-02115-20261006-173052.csv,2026-10-06 17:29:29.326,1.5460166666666666
2026-10-06 17:31:02.295,8.4322e-11,Torr,15.large_stm_connectingPort,spray,15.large_stm_connectingPort/MassSpecData-02115-20261006-173052.csv,2026-10-06 17:29:29.326,1.5494833333333333
2026-10-06 17:31:02.503,8.7493e-11,Torr,15.large_stm_connectingPort,spray,15.large_stm_connectingPort/MassSpecData-02115-20261006-173052.csv,2026-10-06 17:29:29.326,1.55295
2026-10-06 17:31:02.712,7.4443e-11,Torr,15.large_stm_connectingPort,spray,15.large_stm_connectingPort/MassSpecData-02115-20261006-173052.csv,2026-10-06 17:29:29.326,1.5564333333333333
2026-10-06 17:31:02.920,7.5002e-11,Torr,15.large_stm_connectingPort,spray,15.large_stm_connectingPort/MassSpecData-02115-20261006-173052.csv,2026-10-06 17:29:29.326,1.5598999999999998
2026-10-06 17:31:03.128,7.5109e-11,Torr,15.large_stm_connectingPort,spray,15.large_stm_connectingPort/MassSpecData-02115-20261006-173052.csv,2026-10-06 17:29:29.326,1.5633666666666668
2026-10-06 17:31:03.337,8.8175e-11,Torr,15.large_stm_connectingPort,spray,15.large_stm_connectingPort/MassSpecData-02115-20261006-173052.csv,2026-10-06 17:29:29.326,1.5668499999999999
2026-10-06 17:31:03.545,7.1884e-11,Torr,15.large_stm_connectingPort,spray,15.large_stm_connectingPort/MassSpecData-02115-20261006-173052.csv,2026-10-06 17:29:29.326,1.5703166666666666
2026-10-06 17:31:03.753,5.748e-11,Torr,15.large_stm_connectingPort,spray,15.large_stm_connectingPort/MassSpecData-02115-20261006-173052.csv,2026-10-06 17:29:29.326,1.5737833333333335
2026-10-06 17:31:03.962,7.2625e-11,Torr,15.large_stm_connectingPort,spray,15.large_stm_connectingPort/MassSpecData-02115-20261006-173052.csv,2026-10-06 17:29:29.326,1.5772666666666666
2026-10-06 17:31:04.170,8.6225e-11,Torr,15.large_stm_connectingPort,spray,15.large_stm_connectingPort/MassSpecData-02115-20261006-173052.csv,2026-10-06 17:29:29.326,1.5807333333333333
2026-10-06 17:31:04.378,7.9333e-11,Torr,15.large_stm_connectingPort,spray,15.large_stm_connectingPort/MassSpecData-02115-20261006-173052.csv,2026-10-06 17:29:29.326,1.5842
2026-10-06 17:31:04.587,5.9435e-11,Torr,15.large_stm_connectingPort,spray,15.large_stm_connectingPort/MassSpecData-02115-20261006-173052.csv,2026-10-06 17:29:29.326,1.5876833333333333
2026-10-06 17:31:04.795,8.8014e-11,Torr,15.large_stm_connectingPort,spray,15.large_stm_connectingPort/MassSpecData-02115-20261006-173052.csv,2026-10-06 17:29:29.326,1.5911499999999998
2026-10-06 17:31:05.003,9.4328e-11,Torr,15.large_stm_connectingPort,spray,15.large_stm_connectingPort/MassSpecData-02115-20261006-173052.csv,2026-10-06 17:29:29.326,1.5946166666666668
2026-10-06 17:31:05.212,8.5956e-11,Torr,15.large_stm_connectingPort,spray,15.large_stm_connectingPort/MassSpecData-02115-20261006-173052.csv,2026-10-06 17:29:29.326,1.5980999999999999
2026-10-06 17:31:05.420,7.6401e-11,Torr,15.large_stm_connectingPort,spray,15.large_stm_connectingPort/MassSpecData-02115-20261006-173052.csv,2026-10-06 17:29:29.326,1.6015666666666666
2026-10-06 17:31:05.628,9.0661e-11,Torr,15.large_stm_connectingPort,spray,15.large_stm_connectingPort/MassSpecData-02115-20261006-173052.csv,2026-10-06 17:29:29.326,1.6050333333333335
2026-10-06 17:31:05.837,8.2342e-11,Torr,15.large_stm_connectingPort,spray,15.large_stm_connectingPort/MassSpecData-02115-20261006-173052.csv,2026-10-06 17:29:29.326,1.6085166666666666
2026-10-06 17:31:06.045,6.8671e-11,Torr,15.large_stm_connectingPort,spray,15.large_stm_connectingPort/MassSpecData-02115-20261006-173052.csv,2026-10-06 17:29:29.326,1.6119833333333333
2026-10-06 17:31:06.253,9.4568e-11,Torr,15.large_stm_connectingPort,spray,15.large_stm_connectingPort/MassSpecData-02115-20261006-173052.csv,2026-10-06 17:29:29.326,1.61545
2026-10-06 17:31:06.462,8.3869e-11,Torr,15.large_stm_connectingPort,spray,15.large_stm_connectingPort/MassSpecData-02115-20261006-173052.csv,2026-10-06 17:29:29.326,1.6189333333333333
2026-10-06 17:31:06.670,7.9026e-11,Torr,15.large_stm_connectingPort,spray,15.large_stm_connectingPort/MassSpecData-02115-20261006-173052.csv,2026-10-06 17:29:29.326,1.6223999999999998
2026-10-06 17:31:06.878,6.9197e-11,Torr,15.large_stm_connectingPort,spray,15.large_stm_connectingPort/MassSpecData-02115-20261006-173052.csv,2026-10-06 17:29:29.326,1.6258666666666668
2026-10-06 17:31:07.087,8.5084e-11,Torr,15.large_stm_connectingPort,spray,15.large_stm_connectingPort/MassSpecData-02115-20261006-173052.csv,2026-10-06 17:29:29.326,1.6293499999999999
2026-10-06 17:31:07.295,7.8418e-11,Torr,15.large_stm_connectingPort,spray,15.large_stm_connectingPort/MassSpecData-02115-20261006-173052.csv,2026-10-06 17:29:29.326,1.6328166666666666
2026-10-06 17:31:07.503,7.2247e-11,Torr,15.large_stm_connectingPort,spray,15.large_stm_connectingPort/MassSpecData-02115-20261006-173052.csv,2026-10-06 17:29:29.326,1.6362833333333335
2026-10-06 17:31:07.712,7.6948e-11,Torr,15.large_stm_connectingPort,spray,15.large_stm_connectingPort/MassSpecData-02115-20261006-173052.csv,2026-10-06 17:29:29.326,1.6397666666666666
2026-10-06 17:31:07.920,1.0104e-10,Torr,15.large_stm_connectingPort,spray,15.large_stm_connectingPort/MassSpecData-02115-20261006-173052.csv,2026-10-06 17:29:29.326,1.6432333333333333
2026-10-06 17:31:08.128,8.6007e-11,Torr,15.large_stm_connectingPort,spray,15.large_stm_connectingPort/MassSpecData-02115-20261006-173052.csv,2026-10-06 17:29:29.326,1.6467
2026-10-06 17:31:08.337,7.6771e-11,Torr,15.large_stm_connectingPort,spray,15.large_stm_connectingPort/MassSpecData-02115-20261006-173052.csv,2026-10-06 17:29:29.326,1.6501833333333333
2026-10-06 17:31:08.545,7.5611e-11,Torr,15.large_stm_connectingPort,spray,15.large_stm_connectingPort/MassSpecData-02115-20261006-173052.csv,2026-10-06 17:29:29.326,1.6536499999999998
2026-10-06 17:31:08.753,6.8568e-11,Torr,15.large_stm_connectingPort,spray,15.large_stm_connectingPort/MassSpecData-02115-20261006-173052.csv,2026-10-06 17:29:29.326,1.6571166666666668
2026-10-06 17:31:08.962,8.1073e-11,Torr,15.large_stm_connectingPort,spray,15.large_stm_connectingPort/MassSpecData-02115-20261006-173052.csv,2026-10-06 17:29:29.326,1.6605999999999999
2026-10-06 17:31:09.170,8.358e-11,Torr,15.large_stm_connectingPort,spray,15.large_stm_connectingPort/MassSpecData-02115-20261006-173052.csv,2026-10-06 17:29:29.326,1.6640666666666666
2026-10-06 17:31:09.378,6.8126e-11,Torr,15.large_stm_connectingPort,spray,15.large_stm_connectingPort/MassSpecData-02115-20261006-173052.csv,2026-10-06 17:29:29.326,1.6675333333333335
2026-10-06 17:31:09.587,8.271e-11,Torr,15.large_stm_connectingPort,spray,15.large_stm_connectingPort/MassSpecData-02115-20261006-173052.csv,2026-10-06 17:29:29.326,1.6710166666666666
2026-10-06 17:31:09.795,7.9164e-11,Torr,15.large_stm_connectingPort,spray,15.large_stm_connectingPort/MassSpecData-02115-20261006-173052.csv,2026-10-06 17:29:29.326,1.6744833333333333
2026-10-06 17:31:10.003,8.9054e-11,Torr,15.large_stm_connectingPort,spray,15.large_stm_connectingPort/MassSpecData-02115-20261006-173052.csv,2026-10-06 17:29:29.326,1.67795
2026-10-06 17:31:10.212,6.4577e-11,Torr,15.large_stm_connectingPort,spray,15.large_stm_connectingPort/MassSpecData-02115-20261006-173052.csv,2026-10-06 17:29:29.326,1.6814333333333333
2026-10-06 17:31:10.420,6.9007e-11,Torr,15.large_stm_connectingPort,spray,15.large_stm_connectingPort/MassSpecData-02115-20261006-173052.csv,2026-10-06 17:29:29.326,1.6848999999999998
2026-10-06 17:31:10.628,9.2121e-11,Torr,15.large_stm_connectingPort,spray,15.large_stm_connectingPort/MassSpecData-02115-20261006-173052.csv,2026-10-06 17:29:29.326,1.6883666666666668
2026-10-06 17:31:10.837,8.1024e-11,Torr,15.large_stm_connectingPort,spray,15.large_stm_connectingPort/MassSpecData-02115-20261006-173052.csv,2026-10-06 17:29:29.326,1.6918499999999999
2026-10-06 17:31:11.045,8.0324e-11,Torr,15.large_stm_connectingPort,spray,15.large_stm_connectingPort/MassSpecData-02115-20261006-173052.csv,2026-10-06 17:29:29.326,1.6953166666666666
2026-10-06 17:31:11.253,7.5087e-11,Torr,15.large_stm_connectingPort,spray,15.large_stm_connectingPort/MassSpecData-02115-20261006-173052.csv,2026-10-06 17:29:29.326,1.6987833333333335
2026-10-06 17:31:11.462,6.5806e-11,Torr,15.large_stm_connectingPort,spray,15.large_stm_connectingPort/MassSpecData-02115-20261006-173052.csv,2026-10-06 17:29:29.326,1.7022666666666666
2026-10-06 17:31:11.670,7.9245e-11,Torr,15.large_stm_connectingPort,spray,15.large_stm_connectingPort/MassSpecData-02115-20261006-173052.csv,2026-10-06 17:29:29.326,1.7057333333333333
2026-10-06 17:31:11.878,8.9996e-11,Torr,15.large_stm_connectingPort,spray,15.large_stm_connectingPort/MassSpecData-02115-20261006-173052.csv,2026-10-06 17:29:29.326,1.7092
2026-10-06 17:31:12.087,9.2351e-11,Torr,15.large_stm_connectingPort,spray,15.large_stm_connectingPort/MassSpecData-02115-20261006-173052.csv,2026-10-06 17:29:29.326,1.7126833333333333
2026-10-06 17:31:12.295,6.7682e-11,Torr,15.large_stm_connectingPort,spray,15.large_stm_connectingPort/MassSpecData-02115-20261006-173052.csv,2026-10-06 17:29:29.326,1.7161499999999998
2026-10-06 17:31:12.503,8.9001e-11,Torr,15.large_stm_connectingPort,spray,15.large_stm_connectingPort/MassSpecData-02115-20261006-173052.csv,2026-10-06 17:29:29.326,1.7196166666666668
2026-10-06 17:31:12.711,7.9486e-11,Torr,15.large_stm_connectingPort,spray,15.large_stm_connectingPort/MassSpecData-02115-20261006-173052.csv,2026-10-06 17:29:29.326,1.7230833333333335
2026-10-06 17:31:12.920,7.5115e-11,Torr,15.large_stm_connectingPort,spray,15.large_stm_connectingPort/MassSpecData-02115-20261006-173052.csv,2026-10-06 17:29:29.326,1.7265666666666666
2026-10-06 17:31:13.128,8.1007e-11,Torr,15.large_stm_connectingPort,spray,15.large_stm_connectingPort/MassSpecData-02115-20261006-173052.csv,2026-10-06 17:29:29.326,1.7300333333333335
2026-10-06 17:31:13.336,6.9984e-11,Torr,15.large_stm_connectingPort,spray,15.large_stm_connectingPort/MassSpecData-02115-20261006-173052.csv,2026-10-06 17:29:29.326,1.7335
2026-10-06 17:31:13.545,7.7185e-11,Torr,15.large_stm_connectingPort,spray,15.large_stm_connectingPort/MassSpecData-02115-20261006-173052.csv,2026-10-06 17:29:29.326,1.7369833333333333
2026-10-06 17:31:13.753,6.7486e-11,Torr,15.large_stm_connectingPort,spray,15.large_stm_connectingPort/MassSpecData-02115-20261006-173052.csv,2026-10-06 17:29:29.326,1.74045
2026-10-06 17:31:13.961,6.5949e-11,Torr,15.large_stm_connectingPort,spray,15.large_stm_connectingPort/MassSpecData-02115-20261006-173052.csv,2026-10-06 17:29:29.326,1.7439166666666668
2026-10-06 17:31:14.170,8.7808e-11,Torr,15.large_stm_connectingPort,spray,15.large_stm_connectingPort/MassSpecData-02115-20261006-173052.csv,2026-10-06 17:29:29.326,1.7473999999999998
2026-10-06 17:31:14.378,8.4615e-11,Torr,15.large_stm_connectingPort,spray,15.large_stm_connectingPort/MassSpecData-02115-20261006-173052.csv,2026-10-06 17:29:29.326,1.7508666666666668
2026-10-06 17:31:14.586,7.6538e-11,Torr,15.large_stm_connectingPort,spray,15.large_stm_connectingPort/MassSpecData-02115-20261006-173052.csv,2026-10-06 17:29:29.326,1.7543333333333335
2026-10-06 17:31:14.795,8.9225e-11,Torr,15.large_stm_connectingPort,spray,15.large_stm_connectingPort/MassSpecData-02115-20261006-173052.csv,2026-10-06 17:29:29.326,1.7578166666666666
2026-10-06 17:31:15.003,7.3256e-11,Torr,15.large_stm_connectingPort,spray,15.large_stm_connectingPort/MassSpecData-02115-20261006-173052.csv,2026-10-06 17:29:29.326,1.7612833333333335
2026-10-06 17:31:15.211,7.4783e-11,Torr,15.large_stm_connectingPort,spray,15.large_stm_connectingPort/MassSpecData-02115-20261006-173052.csv,2026-10-06 17:29:29.326,1.76475
2026-10-06 17:31:15.420,1.0129e-10,Torr,15.large_stm_connectingPort,spray,15.large_stm_connectingPort/MassSpecData-02115-20261006-173052.csv,2026-10-06 17:29:29.326,1.7682333333333333
2026-10-06 17:31:15.628,8.5926e-11,Torr,15.large_stm_connectingPort,spray,15.large_stm_connectingPort/MassSpecData-02115-20261006-173052.csv,2026-10-06 17:29:29.326,1.7717
2026-10-06 17:31:15.836,7.0699e-11,Torr,15.large_stm_connectingPort,spray,15.large_stm_connectingPort/MassSpecData-02115-20261006-173052.csv,2026-10-06 17:29:29.326,1.7751666666666668
2026-10-06 17:31:16.045,7.0353e-11,Torr,15.large_stm_connectingPort,spray,15.large_stm_connectingPort/MassSpecData-02115-20261006-173052.csv,2026-10-06 17:29:29.326,1.7786499999999998
2026-10-06 17:31:16.253,8.5574e-11,Torr,15.large_stm_connectingPort,spray,15.large_stm_connectingPort/MassSpecData-02115-20261006-173052.csv,2026-10-06 17:29:29.326,1.7821166666666668
2026-10-06 17:31:16.461,8.6902e-11,Torr,15.large_stm_connectingPort,spray,15.large_stm_connectingPort/MassSpecData-02115-20261006-173052.csv,2026-10-06 17:29:29.326,1.7855833333333335
2026-10-06 17:31:16.670,8.7051e-11,Torr,15.large_stm_connectingPort,spray,15.large_stm_connectingPort/MassSpecData-02115-20261006-173052.csv,2026-10-06 17:29:29.326,1.7890666666666666
2026-10-06 17:31:16.878,8.5729e-11,Torr,15.large_stm_connectingPort,spray,15.large_stm_connectingPort/MassSpecData-02115-20261006-173052.csv,2026-10-06 17:29:29.326,1.7925333333333335
2026-10-06 17:31:17.086,7.9847e-11,Torr,15.large_stm_connectingPort,spray,15.large_stm_connectingPort/MassSpecData-02115-20261006-173052.csv,2026-10-06 17:29:29.326,1.796
2026-10-06 17:31:17.295,8.5584e-11,Torr,15.large_stm_connectingPort,spray,15.large_stm_connectingPort/MassSpecData-02115-20261006-173052.csv,2026-10-06 17:29:29.326,1.7994833333333333
2026-10-06 17:31:17.503,7.0714e-11,Torr,15.large_stm_connectingPort,spray,15.large_stm_connectingPort/MassSpecData-02115-20261006-173052.csv,2026-10-06 17:29:29.326,1.80295
2026-10-06 17:31:17.711,8.4534e-11,Torr,15.large_stm_connectingPort,spray,15.large_stm_connectingPort/MassSpecData-02115-20261006-173052.csv,2026-10-06 17:29:29.326,1.8064166666666668
2026-10-06 17:31:17.920,6.9202e-11,Torr,15.large_stm_connectingPort,spray,15.large_stm_connectingPort/MassSpecData-02115-20261006-173052.csv,2026-10-06 17:29:29.326,1.8098999999999998
2026-10-06 17:31:18.128,7.655e-11,Torr,15.large_stm_connectingPort,spray,15.large_stm_connectingPort/MassSpecData-02115-20261006-173052.csv,2026-10-06 17:29:29.326,1.8133666666666668
2026-10-06 17:31:18.336,6.4047e-11,Torr,15.large_stm_connectingPort,spray,15.large_stm_connectingPort/MassSpecData-02115-20261006-173052.csv,2026-10-06 17:29:29.326,1.8168333333333335
2026-10-06 17:31:18.545,7.0895e-11,Torr,15.large_stm_connectingPort,spray,15.large_stm_connectingPort/MassSpecData-02115-20261006-173052.csv,2026-10-06 17:29:29.326,1.8203166666666666
2026-10-06 17:31:18.753,7.6156e-11,Torr,15.large_stm_connectingPort,spray,15.large_stm_connectingPort/MassSpecData-02115-20261006-173052.csv,2026-10-06 17:29:29.326,1.8237833333333335
2026-10-06 17:31:18.961,7.2449e-11,Torr,15.large_stm_connectingPort,spray,15.large_stm_connectingPort/MassSpecData-02115-20261006-173052.csv,2026-10-06 17:29:29.326,1.82725
2026-10-06 17:31:19.170,8.8582e-11,Torr,15.large_stm_connectingPort,spray,15.large_stm_connectingPort/MassSpecData-02115-20261006-173052.csv,2026-10-06 17:29:29.326,1.8307333333333333
2026-10-06 17:31:19.378,8.0751e-11,Torr,15.large_stm_connectingPort,spray,15.large_stm_connectingPort/MassSpecData-02115-20261006-173052.csv,2026-10-06 17:29:29.326,1.8342
2026-10-06 17:31:19.586,9.1908e-11,Torr,15.large_stm_connectingPort,spray,15.large_stm_connectingPort/MassSpecData-02115-20261006-173052.csv,2026-10-06 17:29:29.326,1.8376666666666668
2026-10-06 17:31:19.795,8.8827e-11,Torr,15.large_stm_connectingPort,spray,15.large_stm_connectingPort/MassSpecData-02115-20261006-173052.csv,2026-10-06 17:29:29.326,1.8411499999999998
2026-10-06 17:31:20.003,8.6486e-11,Torr,15.large_stm_connectingPort,spray,15.large_stm_connectingPort/MassSpecData-02115-20261006-173052.csv,2026-10-06 17:29:29.326,1.8446166666666668
2026-10-06 17:31:20.211,8.4202e-11,Torr,15.large_stm_connectingPort,spray,15.large_stm_connectingPort/MassSpecData-02115-20261006-173052.csv,2026-10-06 17:29:29.326,1.8480833333333335
2026-10-06 17:31:20.420,9.334e-11,Torr,15.large_stm_connectingPort,spray,15.large_stm_connectingPort/MassSpecData-02115-20261006-173052.csv,2026-10-06 17:29:29.326,1.8515666666666666
2026-10-06 17:31:20.628,7.9732e-11,Torr,15.large_stm_connectingPort,spray,15.large_stm_connectingPort/MassSpecData-02115-20261006-173052.csv,2026-10-06 17:29:29.326,1.8550333333333335
2026-10-06 17:31:20.836,7.5684e-11,Torr,15.large_stm_connectingPort,spray,15.large_stm_connectingPort/MassSpecData-02115-20261006-173052.csv,2026-10-06 17:29:29.326,1.8585
2026-10-06 17:31:21.045,8.5647e-11,Torr,15.large_stm_connectingPort,spray,15.large_stm_connectingPort/MassSpecData-02115-20261006-173052.csv,2026-10-06 17:29:29.326,1.8619833333333333
2026-10-06 17:31:21.253,7.1741e-11,Torr,15.large_stm_connectingPort,spray,15.large_stm_connectingPort/MassSpecData-02115-20261006-173052.csv,2026-10-06 17:29:29.326,1.86545
2026-10-06 17:31:21.461,7.6014e-11,Torr,15.large_stm_connectingPort,spray,15.large_stm_connectingPort/MassSpecData-02115-20261006-173052.csv,2026-10-06 17:29:29.326,1.8689166666666668
2026-10-06 17:31:21.670,8.3455e-11,Torr,15.large_stm_connectingPort,spray,15.large_stm_connectingPort/MassSpecData-02115-20261006-173052.csv,2026-10-06 17:29:29.326,1.8723999999999998
2026-10-06 17:31:21.878,1.0513e-10,Torr,15.large_stm_connectingPort,spray,15.large_stm_connectingPort/MassSpecData-02115-20261006-173052.csv,2026-10-06 17:29:29.326,1.8758666666666668
2026-10-06 17:31:22.086,7.2332e-11,Torr,15.large_stm_connectingPort,spray,15.large_stm_connectingPort/MassSpecData-02115-20261006-173052.csv,2026-10-06 17:29:29.326,1.8793333333333335
2026-10-06 17:31:22.295,7.8201e-11,Torr,15.large_stm_connectingPort,spray,15.large_stm_connectingPort/MassSpecData-02115-20261006-173052.csv,2026-10-06 17:29:29.326,1.8828166666666666
2026-10-06 17:31:22.503,7.6443e-11,Torr,15.large_stm_connectingPort,spray,15.large_stm_connectingPort/MassSpecData-02115-20261006-173052.csv,2026-10-06 17:29:29.326,1.8862833333333335
2026-10-06 17:31:22.711,8.1398e-11,Torr,15.large_stm_connectingPort,spray,15.large_stm_connectingPort/MassSpecData-02115-20261006-173052.csv,2026-10-06 17:29:29.326,1.88975
2026-10-06 17:31:22.920,7.3413e-11,Torr,15.large_stm_connectingPort,spray,15.large_stm_connectingPort/MassSpecData-02115-20261006-173052.csv,2026-10-06 17:29:29.326,1.8932333333333333
2026-10-06 17:31:23.128,7.8483e-11,Torr,15.large_stm_connectingPort,spray,15.large_stm_connectingPort/MassSpecData-02115-20261006-173052.csv,2026-10-06 17:29:29.326,1.8967
2026-10-06 17:31:23.336,7.934e-11,Torr,15.large_stm_connectingPort,spray,15.large_stm_connectingPort/MassSpecData-02115-20261006-173052.csv,2026-10-06 17:29:29.326,1.9001666666666668
2026-10-06 17:31:23.545,8.065e-11,Torr,15.large_stm_connectingPort,spray,15.large_stm_connectingPort/MassSpecData-02115-20261006-173052.csv,2026-10-06 17:29:29.326,1.9036499999999998
2026-10-06 17:31:23.753,8.2097e-11,Torr,15.large_stm_connectingPort,spray,15.large_stm_connectingPort/MassSpecData-02115-20261006-173052.csv,2026-10-06 17:29:29.326,1.9071166666666668
2026-10-06 17:31:23.961,1.0414e-10,Torr,15.large_stm_connectingPort,spray,15.large_stm_connectingPort/MassSpecData-02115-20261006-173052.csv,2026-10-06 17:29:29.326,1.9105833333333335
2026-10-06 17:31:24.170,7.7517e-11,Torr,15.large_stm_connectingPort,spray,15.large_stm_connectingPort/MassSpecData-02115-20261006-173052.csv,2026-10-06 17:29:29.326,1.9140666666666666
2026-10-06 17:31:24.378,7.9198e-11,Torr,15.large_stm_connectingPort,spray,15.large_stm_connectingPort/MassSpecData-02115-20261006-173052.csv,2026-10-06 17:29:29.326,1.9175333333333335
2026-10-06 17:31:24.586,8.4563e-11,Torr,15.large_stm_connectingPort,spray,15.large_stm_connectingPort/MassSpecData-02115-20261006-173052.csv,2026-10-06 17:29:29.326,1.921
2026-10-06 17:31:24.795,8.0874e-11,Torr,15.large_stm_connectingPort,spray,15.large_stm_connectingPort/MassSpecData-02115-20261006-173052.csv,2026-10-06 17:29:29.326,1.9244833333333333
2026-10-06 17:31:25.003,7.7503e-11,Torr,15.large_stm_connectingPort,spray,15.large_stm_connectingPort/MassSpecData-02115-20261006-173052.csv,2026-10-06 17:29:29.326,1.92795
2026-10-06 17:31:25.211,8.6552e-11,Torr,15.large_stm_connectingPort,spray,15.large_stm_connectingPort/MassSpecData-02115-20261006-173052.csv,2026-10-06 17:29:29.326,1.9314166666666668
2026-10-06 17:31:25.420,7.4265e-11,Torr,15.large_stm_connectingPort,spray,15.large_stm_connectingPort/MassSpecData-02115-20261006-173052.csv,2026-10-06 17:29:29.326,1.9348999999999998
2026-10-06 17:31:25.628,9.8187e-11,Torr,15.large_stm_connectingPort,spray,15.large_stm_connectingPort/MassSpecData-02115-20261006-173052.csv,2026-10-06 17:29:29.326,1.9383666666666668
2026-10-06 17:31:25.836,7.296e-11,Torr,15.large_stm_connectingPort,spray,15.large_stm_connectingPort/MassSpecData-02115-20261006-173052.csv,2026-10-06 17:29:29.326,1.9418333333333335
2026-10-06 17:31:26.045,8.4945e-11,Torr,15.large_stm_connectingPort,spray,15.large_stm_connectingPort/MassSpecData-02115-20261006-173052.csv,2026-10-06 17:29:29.326,1.9453166666666666
2026-10-06 17:31:26.253,7.6094e-11,Torr,15.large_stm_connectingPort,spray,15.large_stm_connectingPort/MassSpecData-02115-20261006-173052.csv,2026-10-06 17:29:29.326,1.9487833333333335
2026-10-06 17:31:26.461,7.6251e-11,Torr,15.large_stm_connectingPort,spray,15.large_stm_connectingPort/MassSpecData-02115-20261006-173052.csv,2026-10-06 17:29:29.326,1.95225
2026-10-06 17:31:26.670,7.7881e-11,Torr,15.large_stm_connectingPort,spray,15.large_stm_connectingPort/MassSpecData-02115-20261006-173052.csv,2026-10-06 17:29:29.326,1.9557333333333333
2026-10-06 17:31:26.878,8.6764e-11,Torr,15.large_stm_connectingPort,spray,15.large_stm_connectingPort/MassSpecData-02115-20261006-173052.csv,2026-10-06 17:29:29.326,1.9592
2026-10-06 17:31:27.086,8.9364e-11,Torr,15.large_stm_connectingPort,spray,15.large_stm_connectingPort/MassSpecData-02115-20261006-173052.csv,2026-10-06 17:29:29.326,1.9626666666666668
2026-10-06 17:31:27.295,7.8804e-11,Torr,15.large_stm_connectingPort,spray,15.large_stm_connectingPort/MassSpecData-02115-20261006-173052.csv,2026-10-06 17:29:29.326,1.9661499999999998
2026-10-06 17:31:27.503,7.9215e-11,Torr,15.large_stm_connectingPort,spray,15.large_stm_connectingPort/MassSpecData-02115-20261006-173052.csv,2026-10-06 17:29:29.326,1.9696166666666668
2026-10-06 17:31:27.711,7.4799e-11,Torr,15.large_stm_connectingPort,spray,15.large_stm_connectingPort/MassSpecData-02115-20261006-173052.csv,2026-10-06 17:29:29.326,1.9730833333333335
2026-10-06 17:31:27.920,8.8673e-11,Torr,15.large_stm_connectingPort,spray,15.large_stm_connectingPort/MassSpecData-02115-20261006-173052.csv,2026-10-06 17:29:29.326,1.9765666666666666
2026-10-06 17:31:28.128,8.7103e-11,Torr,15.large_stm_connectingPort,spray,15.large_stm_connectingPort/MassSpecData-02115-20261006-173052.csv,2026-10-06 17:29:29.326,1.9800333333333335
2026-10-06 17:31:28.336,7.8171e-11,Torr,15.large_stm_connectingPort,spray,15.large_stm_connectingPort/MassSpecData-02115-20261006-173052.csv,2026-10-06 17:29:29.326,1.9835
2026-10-06 17:31:28.545,7.3821e-11,Torr,15.large_stm_connectingPort,spray,15.large_stm_connectingPort/MassSpecData-02115-20261006-173052.csv,2026-10-06 17:29:29.326,1.9869833333333333
2026-10-06 17:31:28.753,8.2661e-11,Torr,15.large_stm_connectingPort,spray,15.large_stm_connectingPort/MassSpecData-02115-20261006-173052.csv,2026-10-06 17:29:29.326,1.99045
2026-10-06 17:31:28.961,8.1851e-11,Torr,15.large_stm_connectingPort,spray,15.large_stm_connectingPort/MassSpecData-02115-20261006-173052.csv,2026-10-06 17:29:29.326,1.9939166666666668
2026-10-06 17:31:29.170,9.1176e-11,Torr,15.large_stm_connectingPort,spray,15.large_stm_connectingPort/MassSpecData-02115-20261006-173052.csv,2026-10-06 17:29:29.326,1.9973999999999998
2026-10-06 17:31:29.378,6.9864e-11,Torr,15.large_stm_connectingPort,spray,15.large_stm_connectingPort/MassSpecData-02115-20261006-173052.csv,2026-10-06 17:29:29.326,2.0008666666666666
2026-10-06 17:31:29.586,7.9267e-11,Torr,15.large_stm_connectingPort,spray,15.large_stm_connectingPort/MassSpecData-02115-20261006-173052.csv,2026-10-06 17:29:29.326,2.0043333333333333
2026-10-06 17:31:29.795,6.8473e-11,Torr,15.large_stm_connectingPort,spray,15.large_stm_connectingPort/MassSpecData-02115-20261006-173052.csv,2026-10-06 17:29:29.326,2.0078166666666664
2026-10-06 17:31:30.003,7.8068e-11,Torr,15.large_stm_connectingPort,spray,15.large_stm_connectingPort/MassSpecData-02115-20261006-173052.csv,2026-10-06 17:29:29.326,2.0112833333333335
2026-10-06 17:31:30.211,8.5146e-11,Torr,15.large_stm_connectingPort,spray,15.large_stm_connectingPort/MassSpecData-02115-20261006-173052.csv,2026-10-06 17:29:29.326,2.0147500000000003
2026-10-06 17:31:30.420,7.152e-11,Torr,15.large_stm_connectingPort,spray,15.large_stm_connectingPort/MassSpecData-02115-20261006-173052.csv,2026-10-06 17:29:29.326,2.0182333333333333
2026-10-06 17:31:30.628,8.1961e-11,Torr,15.large_stm_connectingPort,spray,15.large_stm_connectingPort/MassSpecData-02115-20261006-173052.csv,2026-10-06 17:29:29.326,2.0217
2026-10-06 17:31:30.837,8.5857e-11,Torr,15.large_stm_connectingPort,spray,15.large_stm_connectingPort/MassSpecData-02115-20261006-173052.csv,2026-10-06 17:29:29.326,2.025183333333333
2026-10-06 17:31:31.045,9.5356e-11,Torr,15.large_stm_connectingPort,spray,15.large_stm_connectingPort/MassSpecData-02115-20261006-173052.csv,2026-10-06 17:29:29.326,2.02865
2026-10-06 17:31:31.253,6.7927e-11,Torr,15.large_stm_connectingPort,spray,15.large_stm_connectingPort/MassSpecData-02115-20261006-173052.csv,2026-10-06 17:29:29.326,2.0321166666666666
2026-10-06 17:31:31.462,8.5528e-11,Torr,15.large_stm_connectingPort,spray,15.large_stm_connectingPort/MassSpecData-02115-20261006-173052.csv,2026-10-06 17:29:29.326,2.0356
2026-10-06 17:31:31.670,8.8601e-11,Torr,15.large_stm_connectingPort,spray,15.large_stm_connectingPort/MassSpecData-02115-20261006-173052.csv,2026-10-06 17:29:29.326,2.0390666666666664
2026-10-06 17:31:31.878,8.5454e-11,Torr,15.large_stm_connectingPort,spray,15.large_stm_connectingPort/MassSpecData-02115-20261006-173052.csv,2026-10-06 17:29:29.326,2.0425333333333335
2026-10-06 17:31:32.087,8.1488e-11,Torr,15.large_stm_connectingPort,spray,15.large_stm_connectingPort/MassSpecData-02115-20261006-173052.csv,2026-10-06 17:29:29.326,2.0460166666666666
2026-10-06 17:31:32.295,7.3919e-11,Torr,15.large_stm_connectingPort,spray,15.large_stm_connectingPort/MassSpecData-02115-20261006-173052.csv,2026-10-06 17:29:29.326,2.0494833333333333
2026-10-06 17:31:32.503,8.672e-11,Torr,15.large_stm_connectingPort,spray,15.large_stm_connectingPort/MassSpecData-02115-20261006-173052.csv,2026-10-06 17:29:29.326,2.05295
2026-10-06 17:31:32.712,7.9733e-11,Torr,15.large_stm_connectingPort,spray,15.large_stm_connectingPort/MassSpecData-02115-20261006-173052.csv,2026-10-06 17:29:29.326,2.056433333333333
2026-10-06 17:31:32.920,9.8711e-11,Torr,15.large_stm_connectingPort,spray,15.large_stm_connectingPort/MassSpecData-02115-20261006-173052.csv,2026-10-06 17:29:29.326,2.0599
2026-10-06 17:31:33.128,7.3311e-11,Torr,15.large_stm_connectingPort,spray,15.large_stm_connectingPort/MassSpecData-02115-20261006-173052.csv,2026-10-06 17:29:29.326,2.0633666666666666
2026-10-06 17:31:33.337,7.9751e-11,Torr,15.large_stm_connectingPort,spray,15.large_stm_connectingPort/MassSpecData-02115-20261006-173052.csv,2026-10-06 17:29:29.326,2.06685
2026-10-06 17:31:33.545,6.7616e-11,Torr,15.large_stm_connectingPort,spray,15.large_stm_connectingPort/MassSpecData-02115-20261006-173052.csv,2026-10-06 17:29:29.326,2.0703166666666664
2026-10-06 17:31:33.753,7.0027e-11,Torr,15.large_stm_connectingPort,spray,15.large_stm_connectingPort/MassSpecData-02115-20261006-173052.csv,2026-10-06 17:29:29.326,2.0737833333333335
2026-10-06 17:31:33.962,7.5267e-11,Torr,15.large_stm_connectingPort,spray,15.large_stm_connectingPort/MassSpecData-02115-20261006-173052.csv,2026-10-06 17:29:29.326,2.0772666666666666
2026-10-06 17:31:34.170,9.1161e-11,Torr,15.large_stm_connectingPort,spray,15.large_stm_connectingPort/MassSpecData-02115-20261006-173052.csv,2026-10-06 17:29:29.326,2.0807333333333333
2026-10-06 17:31:34.378,7.1811e-11,Torr,15.large_stm_connectingPort,spray,15.large_stm_connectingPort/MassSpecData-02115-20261006-173052.csv,2026-10-06 17:29:29.326,2.0842
2026-10-06 17:31:34.728,7.849e-11,Torr,15.large_stm_connectingPort,spray,15.large_stm_connectingPort/MassSpecData-02115-20261006-173134.csv,2026-10-06 17:29:29.326,2.0900333333333334
2026-10-06 17:31:34.936,7.7136e-11,Torr,15.large_stm_connectingPort,spray,15.large_stm_connectingPort/MassSpecData-02115-20261006-173134.csv,2026-10-06 17:29:29.326,2.0935
2026-10-06 17:31:35.145,7.6493e-11,Torr,15.large_stm_connectingPort,spray,15.large_stm_connectingPort/MassSpecData-02115-20261006-173134.csv,2026-10-06 17:29:29.326,2.096983333333333
2026-10-06 17:31:35.353,7.914e-11,Torr,15.large_stm_connectingPort,spray,15.large_stm_connectingPort/MassSpecData-02115-20261006-173134.csv,2026-10-06 17:29:29.326,2.10045
2026-10-06 17:31:35.561,9.2749e-11,Torr,15.large_stm_connectingPort,spray,15.large_stm_connectingPort/MassSpecData-02115-20261006-173134.csv,2026-10-06 17:29:29.326,2.1039166666666667
2026-10-06 17:31:35.770,7.1927e-11,Torr,15.large_stm_connectingPort,spray,15.large_stm_connectingPort/MassSpecData-02115-20261006-173134.csv,2026-10-06 17:29:29.326,2.1074
2026-10-06 17:31:35.978,7.4688e-11,Torr,15.large_stm_connectingPort,spray,15.large_stm_connectingPort/MassSpecData-02115-20261006-173134.csv,2026-10-06 17:29:29.326,2.110866666666667
2026-10-06 17:31:36.186,7.9421e-11,Torr,15.large_stm_connectingPort,spray,15.large_stm_connectingPort/MassSpecData-02115-20261006-173134.csv,2026-10-06 17:29:29.326,2.114333333333333
2026-10-06 17:31:36.394,8.5125e-11,Torr,15.large_stm_connectingPort,spray,15.large_stm_connectingPort/MassSpecData-02115-20261006-173134.csv,2026-10-06 17:29:29.326,2.1178
2026-10-06 17:31:36.603,9.0719e-11,Torr,15.large_stm_connectingPort,spray,15.large_stm_connectingPort/MassSpecData-02115-20261006-173134.csv,2026-10-06 17:29:29.326,2.1212833333333334
2026-10-06 17:31:36.811,8.3387e-11,Torr,15.large_stm_connectingPort,spray,15.large_stm_connectingPort/MassSpecData-02115-20261006-173134.csv,2026-10-06 17:29:29.326,2.12475
2026-10-06 17:31:37.020,6.4529e-11,Torr,15.large_stm_connectingPort,spray,15.large_stm_connectingPort/MassSpecData-02115-20261006-173134.csv,2026-10-06 17:29:29.326,2.128233333333333
2026-10-06 17:31:37.228,9.4056e-11,Torr,15.large_stm_connectingPort,spray,15.large_stm_connectingPort/MassSpecData-02115-20261006-173134.csv,2026-10-06 17:29:29.326,2.1317
2026-10-06 17:31:37.436,6.3991e-11,Torr,15.large_stm_connectingPort,spray,15.large_stm_connectingPort/MassSpecData-02115-20261006-173134.csv,2026-10-06 17:29:29.326,2.135166666666667
2026-10-06 17:31:37.645,9.198e-11,Torr,15.large_stm_connectingPort,spray,15.large_stm_connectingPort/MassSpecData-02115-20261006-173134.csv,2026-10-06 17:29:29.326,2.1386499999999997
2026-10-06 17:31:37.853,9.2496e-11,Torr,15.large_stm_connectingPort,spray,15.large_stm_connectingPort/MassSpecData-02115-20261006-173134.csv,2026-10-06 17:29:29.326,2.1421166666666664
2026-10-06 17:31:38.061,8.8488e-11,Torr,15.large_stm_connectingPort,spray,15.large_stm_connectingPort/MassSpecData-02115-20261006-173134.csv,2026-10-06 17:29:29.326,2.1455833333333336
2026-10-06 17:31:38.270,7.2962e-11,Torr,15.large_stm_connectingPort,spray,15.large_stm_connectingPort/MassSpecData-02115-20261006-173134.csv,2026-10-06 17:29:29.326,2.1490666666666667
2026-10-06 17:31:38.478,6.0314e-11,Torr,15.large_stm_connectingPort,spray,15.large_stm_connectingPort/MassSpecData-02115-20261006-173134.csv,2026-10-06 17:29:29.326,2.152533333333333
2026-10-06 17:31:38.686,7.3276e-11,Torr,15.large_stm_connectingPort,spray,15.large_stm_connectingPort/MassSpecData-02115-20261006-173134.csv,2026-10-06 17:29:29.326,2.156
2026-10-06 17:31:38.895,8.6977e-11,Torr,15.large_stm_connectingPort,spray,15.large_stm_connectingPort/MassSpecData-02115-20261006-173134.csv,2026-10-06 17:29:29.326,2.159483333333333
2026-10-06 17:31:39.103,9.1063e-11,Torr,15.large_stm_connectingPort,spray,15.large_stm_connectingPort/MassSpecData-02115-20261006-173134.csv,2026-10-06 17:29:29.326,2.16295
2026-10-06 17:31:39.311,7.8981e-11,Torr,15.large_stm_connectingPort,spray,15.large_stm_connectingPort/MassSpecData-02115-20261006-173134.csv,2026-10-06 17:29:29.326,2.166416666666667
2026-10-06 17:31:39.520,6.7223e-11,Torr,15.large_stm_connectingPort,spray,15.large_stm_connectingPort/MassSpecData-02115-20261006-173134.csv,2026-10-06 17:29:29.326,2.1698999999999997
2026-10-06 17:31:39.728,7.921e-11,Torr,15.large_stm_connectingPort,spray,15.large_stm_connectingPort/MassSpecData-02115-20261006-173134.csv,2026-10-06 17:29:29.326,2.1733666666666664
2026-10-06 17:31:39.936,8.7189e-11,Torr,15.large_stm_connectingPort,spray,15.large_stm_connectingPort/MassSpecData-02115-20261006-173134.csv,2026-10-06 17:29:29.326,2.1768333333333336
2026-10-06 17:31:40.144,8.3135e-11,Torr,15.large_stm_connectingPort,spray,15.large_stm_connectingPort/MassSpecData-02115-20261006-173134.csv,2026-10-06 17:29:29.326,2.1803000000000003
2026-10-06 17:31:40.353,8.3872e-11,Torr,15.large_stm_connectingPort,spray,15.large_stm_connectingPort/MassSpecData-02115-20261006-173134.csv,2026-10-06 17:29:29.326,2.183783333333333
2026-10-06 17:31:40.561,8.0397e-11,Torr,15.large_stm_connectingPort,spray,15.large_stm_connectingPort/MassSpecData-02115-20261006-173134.csv,2026-10-06 17:29:29.326,2.18725
2026-10-06 17:31:40.769,7.9846e-11,Torr,15.large_stm_connectingPort,spray,15.large_stm_connectingPort/MassSpecData-02115-20261006-173134.csv,2026-10-06 17:29:29.326,2.190716666666667
2026-10-06 17:31:40.978,6.5478e-11,Torr,15.large_stm_connectingPort,spray,15.large_stm_connectingPort/MassSpecData-02115-20261006-173134.csv,2026-10-06 17:29:29.326,2.1942
2026-10-06 17:31:41.186,7.5772e-11,Torr,15.large_stm_connectingPort,spray,15.large_stm_connectingPort/MassSpecData-02115-20261006-173134.csv,2026-10-06 17:29:29.326,2.197666666666667
2026-10-06 17:31:41.394,8.154e-11,Torr,15.large_stm_connectingPort,spray,15.large_stm_connectingPort/MassSpecData-02115-20261006-173134.csv,2026-10-06 17:29:29.326,2.2011333333333334
2026-10-06 17:31:41.603,9.5102e-11,Torr,15.large_stm_connectingPort,spray,15.large_stm_connectingPort/MassSpecData-02115-20261006-173134.csv,2026-10-06 17:29:29.326,2.2046166666666664
2026-10-06 17:31:41.811,7.8054e-11,Torr,15.large_stm_connectingPort,spray,15.large_stm_connectingPort/MassSpecData-02115-20261006-173134.csv,2026-10-06 17:29:29.326,2.2080833333333336
2026-10-06 17:31:42.019,7.7553e-11,Torr,15.large_stm_connectingPort,spray,15.large_stm_connectingPort/MassSpecData-02115-20261006-173134.csv,2026-10-06 17:29:29.326,2.2115500000000003
2026-10-06 17:31:42.228,6.9359e-11,Torr,15.large_stm_connectingPort,spray,15.large_stm_connectingPort/MassSpecData-02115-20261006-173134.csv,2026-10-06 17:29:29.326,2.215033333333333
2026-10-06 17:31:42.436,8.8375e-11,Torr,15.large_stm_connectingPort,spray,15.large_stm_connectingPort/MassSpecData-02115-20261006-173134.csv,2026-10-06 17:29:29.326,2.2185
2026-10-06 17:31:42.644,6.9841e-11,Torr,15.large_stm_connectingPort,spray,15.large_stm_connectingPort/MassSpecData-02115-20261006-173134.csv,2026-10-06 17:29:29.326,2.221966666666667
2026-10-06 17:31:42.853,7.0168e-11,Torr,15.large_stm_connectingPort,spray,15.large_stm_connectingPort/MassSpecData-02115-20261006-173134.csv,2026-10-06 17:29:29.326,2.22545
2026-10-06 17:31:43.061,6.8827e-11,Torr,15.large_stm_connectingPort,spray,15.large_stm_connectingPort/MassSpecData-02115-20261006-173134.csv,2026-10-06 17:29:29.326,2.228916666666667
2026-10-06 17:31:43.269,9.5511e-11,Torr,15.large_stm_connectingPort,spray,15.large_stm_connectingPort/MassSpecData-02115-20261006-173134.csv,2026-10-06 17:29:29.326,2.2323833333333334
2026-10-06 17:31:43.478,7.7453e-11,Torr,15.large_stm_connectingPort,spray,15.large_stm_connectingPort/MassSpecData-02115-20261006-173134.csv,2026-10-06 17:29:29.326,2.2358666666666664
2026-10-06 17:31:43.686,8.5165e-11,Torr,15.large_stm_connectingPort,spray,15.large_stm_connectingPort/MassSpecData-02115-20261006-173134.csv,2026-10-06 17:29:29.326,2.2393333333333336
2026-10-06 17:31:43.895,7.9291e-11,Torr,15.large_stm_connectingPort,spray,15.large_stm_connectingPort/MassSpecData-02115-20261006-173134.csv,2026-10-06 17:29:29.326,2.2428166666666667
2026-10-06 17:31:44.103,7.9756e-11,Torr,15.large_stm_connectingPort,spray,15.large_stm_connectingPort/MassSpecData-02115-20261006-173134.csv,2026-10-06 17:29:29.326,2.246283333333333
2026-10-06 17:31:44.311,7.4548e-11,Torr,15.large_stm_connectingPort,spray,15.large_stm_connectingPort/MassSpecData-02115-20261006-173134.csv,2026-10-06 17:29:29.326,2.24975
2026-10-06 17:31:44.520,8.1132e-11,Torr,15.large_stm_connectingPort,spray,15.large_stm_connectingPort/MassSpecData-02115-20261006-173134.csv,2026-10-06 17:29:29.326,2.253233333333333
2026-10-06 17:31:44.728,8.4184e-11,Torr,15.large_stm_connectingPort,spray,15.large_stm_connectingPort/MassSpecData-02115-20261006-173134.csv,2026-10-06 17:29:29.326,2.2567
2026-10-06 17:31:44.936,8.8604e-11,Torr,15.large_stm_connectingPort,spray,15.large_stm_connectingPort/MassSpecData-02115-20261006-173134.csv,2026-10-06 17:29:29.326,2.260166666666667
2026-10-06 17:31:45.145,7.5758e-11,Torr,15.large_stm_connectingPort,spray,15.large_stm_connectingPort/MassSpecData-02115-20261006-173134.csv,2026-10-06 17:29:29.326,2.2636499999999997
2026-10-06 17:31:45.353,8.858e-11,Torr,15.large_stm_connectingPort,spray,15.large_stm_connectingPort/MassSpecData-02115-20261006-173134.csv,2026-10-06 17:29:29.326,2.2671166666666664
2026-10-06 17:31:45.561,9.2187e-11,Torr,15.large_stm_connectingPort,spray,15.large_stm_connectingPort/MassSpecData-02115-20261006-173134.csv,2026-10-06 17:29:29.326,2.2705833333333336
2026-10-06 17:31:45.770,7.37e-11,Torr,15.large_stm_connectingPort,spray,15.large_stm_connectingPort/MassSpecData-02115-20261006-173134.csv,2026-10-06 17:29:29.326,2.2740666666666667
2026-10-06 17:31:45.978,6.9181e-11,Torr,15.large_stm_connectingPort,spray,15.large_stm_connectingPort/MassSpecData-02115-20261006-173134.csv,2026-10-06 17:29:29.326,2.277533333333333
2026-10-06 17:31:46.186,8.5434e-11,Torr,15.large_stm_connectingPort,spray,15.large_stm_connectingPort/MassSpecData-02115-20261006-173134.csv,2026-10-06 17:29:29.326,2.281
2026-10-06 17:31:46.395,7.147e-11,Torr,15.large_stm_connectingPort,spray,15.large_stm_connectingPort/MassSpecData-02115-20261006-173134.csv,2026-10-06 17:29:29.326,2.284483333333333
2026-10-06 17:31:46.603,7.8288e-11,Torr,15.large_stm_connectingPort,spray,15.large_stm_connectingPort/MassSpecData-02115-20261006-173134.csv,2026-10-06 17:29:29.326,2.28795
2026-10-06 17:31:46.811,7.5515e-11,Torr,15.large_stm_connectingPort,spray,15.large_stm_connectingPort/MassSpecData-02115-20261006-173134.csv,2026-10-06 17:29:29.326,2.291416666666667
2026-10-06 17:31:47.020,8.0965e-11,Torr,15.large_stm_connectingPort,spray,15.large_stm_connectingPort/MassSpecData-02115-20261006-173134.csv,2026-10-06 17:29:29.326,2.2948999999999997
2026-10-06 17:31:47.228,7.9504e-11,Torr,15.large_stm_connectingPort,spray,15.large_stm_connectingPort/MassSpecData-02115-20261006-173134.csv,2026-10-06 17:29:29.326,2.2983666666666664
2026-10-06 17:31:47.436,9.6793e-11,Torr,15.large_stm_connectingPort,spray,15.large_stm_connectingPort/MassSpecData-02115-20261006-173134.csv,2026-10-06 17:29:29.326,2.3018333333333336
2026-10-06 17:31:47.645,6.7556e-11,Torr,15.large_stm_connectingPort,spray,15.large_stm_connectingPort/MassSpecData-02115-20261006-173134.csv,2026-10-06 17:29:29.326,2.3053166666666667
2026-10-06 17:31:47.853,9.3314e-11,Torr,15.large_stm_connectingPort,spray,15.large_stm_connectingPort/MassSpecData-02115-20261006-173134.csv,2026-10-06 17:29:29.326,2.308783333333333
2026-10-06 17:31:48.061,8.2427e-11,Torr,15.large_stm_connectingPort,spray,15.large_stm_connectingPort/MassSpecData-02115-20261006-173134.csv,2026-10-06 17:29:29.326,2.31225
2026-10-06 17:31:48.270,8.678e-11,Torr,15.large_stm_connectingPort,spray,15.large_stm_connectingPort/MassSpecData-02115-20261006-173134.csv,2026-10-06 17:29:29.326,2.315733333333333
2026-10-06 17:31:48.478,7.894e-11,Torr,15.large_stm_connectingPort,spray,15.large_stm_connectingPort/MassSpecData-02115-20261006-173134.csv,2026-10-06 17:29:29.326,2.3192
2026-10-06 17:31:48.686,7.903e-11,Torr,15.large_stm_connectingPort,spray,15.large_stm_connectingPort/MassSpecData-02115-20261006-173134.csv,2026-10-06 17:29:29.326,2.322666666666667
2026-10-06 17:31:48.895,7.9774e-11,Torr,15.large_stm_connectingPort,spray,15.large_stm_connectingPort/MassSpecData-02115-20261006-173134.csv,2026-10-06 17:29:29.326,2.3261499999999997
2026-10-06 17:31:49.103,7.6475e-11,Torr,15.large_stm_connectingPort,spray,15.large_stm_connectingPort/MassSpecData-02115-20261006-173134.csv,2026-10-06 17:29:29.326,2.3296166666666664
2026-10-06 17:31:49.311,9.2079e-11,Torr,15.large_stm_connectingPort,spray,15.large_stm_connectingPort/MassSpecData-02115-20261006-173134.csv,2026-10-06 17:29:29.326,2.3330833333333336
2026-10-06 17:31:49.520,7.7806e-11,Torr,15.large_stm_connectingPort,spray,15.large_stm_connectingPort/MassSpecData-02115-20261006-173134.csv,2026-10-06 17:29:29.326,2.3365666666666667
2026-10-06 17:31:49.728,7.7471e-11,Torr,15.large_stm_connectingPort,spray,15.large_stm_connectingPort/MassSpecData-02115-20261006-173134.csv,2026-10-06 17:29:29.326,2.340033333333333
2026-10-06 17:31:49.936,7.1629e-11,Torr,15.large_stm_connectingPort,spray,15.large_stm_connectingPort/MassSpecData-02115-20261006-173134.csv,2026-10-06 17:29:29.326,2.3435
2026-10-06 17:31:50.145,7.6318e-11,Torr,15.large_stm_connectingPort,spray,15.large_stm_connectingPort/MassSpecData-02115-20261006-173134.csv,2026-10-06 17:29:29.326,2.346983333333333
2026-10-06 17:31:50.353,8.5378e-11,Torr,15.large_stm_connectingPort,spray,15.large_stm_connectingPort/MassSpecData-02115-20261006-173134.csv,2026-10-06 17:29:29.326,2.35045
2026-10-06 17:31:50.561,7.6986e-11,Torr,15.large_stm_connectingPort,spray,15.large_stm_connectingPort/MassSpecData-02115-20261006-173134.csv,2026-10-06 17:29:29.326,2.353916666666667
2026-10-06 17:31:50.770,9.2814e-11,Torr,15.large_stm_connectingPort,spray,15.large_stm_connectingPort/MassSpecData-02115-20261006-173134.csv,2026-10-06 17:29:29.326,2.3573999999999997
2026-10-06 17:31:50.978,6.7515e-11,Torr,15.large_stm_connectingPort,spray,15.large_stm_connectingPort/MassSpecData-02115-20261006-173134.csv,2026-10-06 17:29:29.326,2.3608666666666664
2026-10-06 17:31:51.186,8.0466e-11,Torr,15.large_stm_connectingPort,spray,15.large_stm_connectingPort/MassSpecData-02115-20261006-173134.csv,2026-10-06 17:29:29.326,2.3643333333333336
2026-10-06 17:31:51.395,7.4724e-11,Torr,15.large_stm_connectingPort,spray,15.large_stm_connectingPort/MassSpecData-02115-20261006-173134.csv,2026-10-06 17:29:29.326,2.3678166666666667
2026-10-06 17:31:51.603,7.4527e-11,Torr,15.large_stm_connectingPort,spray,15.large_stm_connectingPort/MassSpecData-02115-20261006-173134.csv,2026-10-06 17:29:29.326,2.371283333333333
2026-10-06 17:31:51.811,7.674e-11,Torr,15.large_stm_connectingPort,spray,15.large_stm_connectingPort/MassSpecData-02115-20261006-173134.csv,2026-10-06 17:29:29.326,2.37475
2026-10-06 17:31:52.020,8.3795e-11,Torr,15.large_stm_connectingPort,spray,15.large_stm_connectingPort/MassSpecData-02115-20261006-173134.csv,2026-10-06 17:29:29.326,2.378233333333333
2026-10-06 17:31:52.228,6.7855e-11,Torr,15.large_stm_connectingPort,spray,15.large_stm_connectingPort/MassSpecData-02115-20261006-173134.csv,2026-10-06 17:29:29.326,2.3817
2026-10-06 17:31:52.436,7.3595e-11,Torr,15.large_stm_connectingPort,spray,15.large_stm_connectingPort/MassSpecData-02115-20261006-173134.csv,2026-10-06 17:29:29.326,2.385166666666667
2026-10-06 17:31:52.645,9.4337e-11,Torr,15.large_stm_connectingPort,spray,15.large_stm_connectingPort/MassSpecData-02115-20261006-173134.csv,2026-10-06 17:29:29.326,2.3886499999999997
2026-10-06 17:31:52.853,6.8853e-11,Torr,15.large_stm_connectingPort,spray,15.large_stm_connectingPort/MassSpecData-02115-20261006-173134.csv,2026-10-06 17:29:29.326,2.3921166666666664
2026-10-06 17:31:53.061,8.1715e-11,Torr,15.large_stm_connectingPort,spray,15.large_stm_connectingPort/MassSpecData-02115-20261006-173134.csv,2026-10-06 17:29:29.326,2.3955833333333336
2026-10-06 17:31:53.270,8.0224e-11,Torr,15.large_stm_connectingPort,spray,15.large_stm_connectingPort/MassSpecData-02115-20261006-173134.csv,2026-10-06 17:29:29.326,2.3990666666666667
2026-10-06 17:31:53.478,8.8964e-11,Torr,15.large_stm_connectingPort,spray,15.large_stm_connectingPort/MassSpecData-02115-20261006-173134.csv,2026-10-06 17:29:29.326,2.402533333333333
2026-10-06 17:31:53.686,8.2536e-11,Torr,15.large_stm_connectingPort,spray,15.large_stm_connectingPort/MassSpecData-02115-20261006-173134.csv,2026-10-06 17:29:29.326,2.406
2026-10-06 17:31:53.895,8.1367e-11,Torr,15.large_stm_connectingPort,spray,15.large_stm_connectingPort/MassSpecData-02115-20261006-173134.csv,2026-10-06 17:29:29.326,2.409483333333333
2026-10-06 17:31:54.103,7.4115e-11,Torr,15.large_stm_connectingPort,spray,15.large_stm_connectingPort/MassSpecData-02115-20261006-173134.csv,2026-10-06 17:29:29.326,2.41295
2026-10-06 17:31:54.311,6.6923e-11,Torr,15.large_stm_connectingPort,spray,15.large_stm_connectingPort/MassSpecData-02115-20261006-173134.csv,2026-10-06 17:29:29.326,2.416416666666667
2026-10-06 17:31:54.519,8.1494e-11,Torr,15.large_stm_connectingPort,spray,15.large_stm_connectingPort/MassSpecData-02115-20261006-173134.csv,2026-10-06 17:29:29.326,2.4198833333333334
2026-10-06 17:31:54.728,8.5012e-11,Torr,15.large_stm_connectingPort,spray,15.large_stm_connectingPort/MassSpecData-02115-20261006-173134.csv,2026-10-06 17:29:29.326,2.4233666666666664
2026-10-06 17:31:54.936,7.1948e-11,Torr,15.large_stm_connectingPort,spray,15.large_stm_connectingPort/MassSpecData-02115-20261006-173134.csv,2026-10-06 17:29:29.326,2.4268333333333336
2026-10-06 17:31:55.144,8.0042e-11,Torr,15.large_stm_connectingPort,spray,15.large_stm_connectingPort/MassSpecData-02115-20261006-173134.csv,2026-10-06 17:29:29.326,2.4303000000000003
2026-10-06 17:31:55.353,7.168e-11,Torr,15.large_stm_connectingPort,spray,15.large_stm_connectingPort/MassSpecData-02115-20261006-173134.csv,2026-10-06 17:29:29.326,2.433783333333333
2026-10-06 17:31:55.561,7.1208e-11,Torr,15.large_stm_connectingPort,spray,15.large_stm_connectingPort/MassSpecData-02115-20261006-173134.csv,2026-10-06 17:29:29.326,2.43725
2026-10-06 17:31:55.769,1.0008e-10,Torr,15.large_stm_connectingPort,spray,15.large_stm_connectingPort/MassSpecData-02115-20261006-173134.csv,2026-10-06 17:29:29.326,2.440716666666667
2026-10-06 17:31:55.978,8.0816e-11,Torr,15.large_stm_connectingPort,spray,15.large_stm_connectingPort/MassSpecData-02115-20261006-173134.csv,2026-10-06 17:29:29.326,2.4442
2026-10-06 17:31:56.186,8.6817e-11,Torr,15.large_stm_connectingPort,spray,15.large_stm_connectingPort/MassSpecData-02115-20261006-173134.csv,2026-10-06 17:29:29.326,2.447666666666667
2026-10-06 17:31:56.394,8.7207e-11,Torr,15.large_stm_connectingPort,spray,15.large_stm_connectingPort/MassSpecData-02115-20261006-173134.csv,2026-10-06 17:29:29.326,2.4511333333333334
2026-10-06 17:31:56.603,8.9294e-11,Torr,15.large_stm_connectingPort,spray,15.large_stm_connectingPort/MassSpecData-02115-20261006-173134.csv,2026-10-06 17:29:29.326,2.4546166666666664
2026-10-06 17:31:56.811,9.6255e-11,Torr,15.large_stm_connectingPort,spray,15.large_stm_connectingPort/MassSpecData-02115-20261006-173134.csv,2026-10-06 17:29:29.326,2.4580833333333336
2026-10-06 17:31:57.019,8.397e-11,Torr,15.large_stm_connectingPort,spray,15.large_stm_connectingPort/MassSpecData-02115-20261006-173134.csv,2026-10-06 17:29:29.326,2.4615500000000003
2026-10-06 17:31:57.228,8.4819e-11,Torr,15.large_stm_connectingPort,spray,15.large_stm_connectingPort/MassSpecData-02115-20261006-173134.csv,2026-10-06 17:29:29.326,2.465033333333333
2026-10-06 17:31:57.436,7.8199e-11,Torr,15.large_stm_connectingPort,spray,15.large_stm_connectingPort/MassSpecData-02115-20261006-173134.csv,2026-10-06 17:29:29.326,2.4685
2026-10-06 17:31:57.644,7.9095e-11,Torr,15.large_stm_connectingPort,spray,15.large_stm_connectingPort/MassSpecData-02115-20261006-173134.csv,2026-10-06 17:29:29.326,2.471966666666667
2026-10-06 17:31:57.853,7.5448e-11,Torr,15.large_stm_connectingPort,spray,15.large_stm_connectingPort/MassSpecData-02115-20261006-173134.csv,2026-10-06 17:29:29.326,2.47545
2026-10-06 17:31:58.061,8.6437e-11,Torr,15.large_stm_connectingPort,spray,15.large_stm_connectingPort/MassSpecData-02115-20261006-173134.csv,2026-10-06 17:29:29.326,2.478916666666667
2026-10-06 17:31:58.269,1.0968e-10,Torr,15.large_stm_connectingPort,spray,15.large_stm_connectingPort/MassSpecData-02115-20261006-173134.csv,2026-10-06 17:29:29.326,2.4823833333333334
2026-10-06 17:31:58.478,8.6095e-11,Torr,15.large_stm_connectingPort,spray,15.large_stm_connectingPort/MassSpecData-02115-20261006-173134.csv,2026-10-06 17:29:29.326,2.4858666666666664
2026-10-06 17:31:58.686,8.2839e-11,Torr,15.large_stm_connectingPort,spray,15.large_stm_connectingPort/MassSpecData-02115-20261006-173134.csv,2026-10-06 17:29:29.326,2.4893333333333336
2026-10-06 17:31:58.894,8.5757e-11,Torr,15.large_stm_connectingPort,spray,15.large_stm_connectingPort/MassSpecData-02115-20261006-173134.csv,2026-10-06 17:29:29.326,2.4928000000000003
2026-10-06 17:31:59.103,8.3337e-11,Torr,15.large_stm_connectingPort,spray,15.large_stm_connectingPort/MassSpecData-02115-20261006-173134.csv,2026-10-06 17:29:29.326,2.496283333333333
2026-10-06 17:31:59.311,7.9205e-11,Torr,15.large_stm_connectingPort,spray,15.large_stm_connectingPort/MassSpecData-02115-20261006-173134.csv,2026-10-06 17:29:29.326,2.49975
2026-10-06 17:31:59.519,8.0389e-11,Torr,15.large_stm_connectingPort,spray,15.large_stm_connectingPort/MassSpecData-02115-20261006-173134.csv,2026-10-06 17:29:29.326,2.503216666666667
2026-10-06 17:31:59.728,7.8874e-11,Torr,15.large_stm_connectingPort,spray,15.large_stm_connectingPort/MassSpecData-02115-20261006-173134.csv,2026-10-06 17:29:29.326,2.5067
2026-10-06 17:31:59.936,1.0182e-10,Torr,15.large_stm_connectingPort,spray,15.large_stm_connectingPort/MassSpecData-02115-20261006-173134.csv,2026-10-06 17:29:29.326,2.510166666666667
2026-10-06 17:32:00.144,6.8507e-11,Torr,15.large_stm_connectingPort,spray,15.large_stm_connectingPort/MassSpecData-02115-20261006-173134.csv,2026-10-06 17:29:29.326,2.5136333333333334
2026-10-06 17:32:00.353,7.812e-11,Torr,15.large_stm_connectingPort,spray,15.large_stm_connectingPort/MassSpecData-02115-20261006-173134.csv,2026-10-06 17:29:29.326,2.5171166666666664
2026-10-06 17:32:00.561,7.691e-11,Torr,15.large_stm_connectingPort,spray,15.large_stm_connectingPort/MassSpecData-02115-20261006-173134.csv,2026-10-06 17:29:29.326,2.5205833333333336
2026-10-06 17:32:00.769,7.7395e-11,Torr,15.large_stm_connectingPort,spray,15.large_stm_connectingPort/MassSpecData-02115-20261006-173134.csv,2026-10-06 17:29:29.326,2.5240500000000003
2026-10-06 17:32:00.978,7.5366e-11,Torr,15.large_stm_connectingPort,spray,15.large_stm_connectingPort/MassSpecData-02115-20261006-173134.csv,2026-10-06 17:29:29.326,2.527533333333333
2026-10-06 17:32:01.186,9.1927e-11,Torr,15.large_stm_connectingPort,spray,15.large_stm_connectingPort/MassSpecData-02115-20261006-173134.csv,2026-10-06 17:29:29.326,2.531
2026-10-06 17:32:01.394,6.5109e-11,Torr,15.large_stm_connectingPort,spray,15.large_stm_connectingPort/MassSpecData-02115-20261006-173134.csv,2026-10-06 17:29:29.326,2.534466666666667
2026-10-06 17:32:01.603,7.658e-11,Torr,15.large_stm_connectingPort,spray,15.large_stm_connectingPort/MassSpecData-02115-20261006-173134.csv,2026-10-06 17:29:29.326,2.53795
2026-10-06 17:32:01.811,7.6828e-11,Torr,15.large_stm_connectingPort,spray,15.large_stm_connectingPort/MassSpecData-02115-20261006-173134.csv,2026-10-06 17:29:29.326,2.541416666666667
2026-10-06 17:32:02.019,7.8512e-11,Torr,15.large_stm_connectingPort,spray,15.large_stm_connectingPort/MassSpecData-02115-20261006-173134.csv,2026-10-06 17:29:29.326,2.5448833333333334
2026-10-06 17:32:02.228,8.7778e-11,Torr,15.large_stm_connectingPort,spray,15.large_stm_connectingPort/MassSpecData-02115-20261006-173134.csv,2026-10-06 17:29:29.326,2.5483666666666664
2026-10-06 17:32:02.436,7.4e-11,Torr,15.large_stm_connectingPort,spray,15.large_stm_connectingPort/MassSpecData-02115-20261006-173134.csv,2026-10-06 17:29:29.326,2.5518333333333336
2026-10-06 17:32:02.644,8.9281e-11,Torr,15.large_stm_connectingPort,spray,15.large_stm_connectingPort/MassSpecData-02115-20261006-173134.csv,2026-10-06 17:29:29.326,2.5553000000000003
2026-10-06 17:32:02.853,9.1646e-11,Torr,15.large_stm_connectingPort,spray,15.large_stm_connectingPort/MassSpecData-02115-20261006-173134.csv,2026-10-06 17:29:29.326,2.558783333333333
2026-10-06 17:32:03.061,9.2093e-11,Torr,15.large_stm_connectingPort,spray,15.large_stm_connectingPort/MassSpecData-02115-20261006-173134.csv,2026-10-06 17:29:29.326,2.56225
2026-10-06 17:32:03.269,9.4042e-11,Torr,15.large_stm_connectingPort,spray,15.large_stm_connectingPort/MassSpecData-02115-20261006-173134.csv,2026-10-06 17:29:29.326,2.565716666666667
2026-10-06 17:32:03.478,7.2216e-11,Torr,15.large_stm_connectingPort,spray,15.large_stm_connectingPort/MassSpecData-02115-20261006-173134.csv,2026-10-06 17:29:29.326,2.5692
2026-10-06 17:32:03.686,7.5259e-11,Torr,15.large_stm_connectingPort,spray,15.large_stm_connectingPort/MassSpecData-02115-20261006-173134.csv,2026-10-06 17:29:29.326,2.572666666666667
2026-10-06 17:32:03.894,7.3797e-11,Torr,15.large_stm_connectingPort,spray,15.large_stm_connectingPort/MassSpecData-02115-20261006-173134.csv,2026-10-06 17:29:29.326,2.5761333333333334
2026-10-06 17:32:04.103,8.9559e-11,Torr,15.large_stm_connectingPort,spray,15.large_stm_connectingPort/MassSpecData-02115-20261006-173134.csv,2026-10-06 17:29:29.326,2.5796166666666664
2026-10-06 17:32:04.311,6.8986e-11,Torr,15.large_stm_connectingPort,spray,15.large_stm_connectingPort/MassSpecData-02115-20261006-173134.csv,2026-10-06 17:29:29.326,2.5830833333333336
2026-10-06 17:32:04.519,7.2177e-11,Torr,15.large_stm_connectingPort,spray,15.large_stm_connectingPort/MassSpecData-02115-20261006-173134.csv,2026-10-06 17:29:29.326,2.5865500000000003
2026-10-06 17:32:04.728,8.3203e-11,Torr,15.large_stm_connectingPort,spray,15.large_stm_connectingPort/MassSpecData-02115-20261006-173134.csv,2026-10-06 17:29:29.326,2.590033333333333
2026-10-06 17:32:04.936,8.1891e-11,Torr,15.large_stm_connectingPort,spray,15.large_stm_connectingPort/MassSpecData-02115-20261006-173134.csv,2026-10-06 17:29:29.326,2.5935
2026-10-06 17:32:05.144,6.7791e-11,Torr,15.large_stm_connectingPort,spray,15.large_stm_connectingPort/MassSpecData-02115-20261006-173134.csv,2026-10-06 17:29:29.326,2.596966666666667
2026-10-06 17:32:05.353,8.075e-11,Torr,15.large_stm_connectingPort,spray,15.large_stm_connectingPort/MassSpecData-02115-20261006-173134.csv,2026-10-06 17:29:29.326,2.60045
2026-10-06 17:32:05.561,7.8671e-11,Torr,15.large_stm_connectingPort,spray,15.large_stm_connectingPort/MassSpecData-02115-20261006-173134.csv,2026-10-06 17:29:29.326,2.603916666666667
2026-10-06 17:32:05.769,8.5972e-11,Torr,15.large_stm_connectingPort,spray,15.large_stm_connectingPort/MassSpecData-02115-20261006-173134.csv,2026-10-06 17:29:29.326,2.6073833333333334
2026-10-06 17:32:05.978,8.0034e-11,Torr,15.large_stm_connectingPort,spray,15.large_stm_connectingPort/MassSpecData-02115-20261006-173134.csv,2026-10-06 17:29:29.326,2.6108666666666664
2026-10-06 17:32:06.186,7.5564e-11,Torr,15.large_stm_connectingPort,spray,15.large_stm_connectingPort/MassSpecData-02115-20261006-173134.csv,2026-10-06 17:29:29.326,2.6143333333333336
2026-10-06 17:32:06.394,1.122e-10,Torr,15.large_stm_connectingPort,spray,15.large_stm_connectingPort/MassSpecData-02115-20261006-173134.csv,2026-10-06 17:29:29.326,2.6178000000000003
2026-10-06 17:32:06.603,6.8815e-11,Torr,15.large_stm_connectingPort,spray,15.large_stm_connectingPort/MassSpecData-02115-20261006-173134.csv,2026-10-06 17:29:29.326,2.621283333333333
2026-10-06 17:32:06.811,8.6115e-11,Torr,15.large_stm_connectingPort,spray,15.large_stm_connectingPort/MassSpecData-02115-20261006-173134.csv,2026-10-06 17:29:29.326,2.62475
2026-10-06 17:32:07.019,6.9375e-11,Torr,15.large_stm_connectingPort,spray,15.large_stm_connectingPort/MassSpecData-02115-20261006-173134.csv,2026-10-06 17:29:29.326,2.628216666666667
2026-10-06 17:32:07.228,8.8178e-11,Torr,15.large_stm_connectingPort,spray,15.large_stm_connectingPort/MassSpecData-02115-20261006-173134.csv,2026-10-06 17:29:29.326,2.6317
2026-10-06 17:32:07.436,8.952e-11,Torr,15.large_stm_connectingPort,spray,15.large_stm_connectingPort/MassSpecData-02115-20261006-173134.csv,2026-10-06 17:29:29.326,2.635166666666667
2026-10-06 17:32:07.644,8.0726e-11,Torr,15.large_stm_connectingPort,spray,15.large_stm_connectingPort/MassSpecData-02115-20261006-173134.csv,2026-10-06 17:29:29.326,2.6386333333333334
2026-10-06 17:32:07.853,9.1923e-11,Torr,15.large_stm_connectingPort,spray,15.large_stm_connectingPort/MassSpecData-02115-20261006-173134.csv,2026-10-06 17:29:29.326,2.6421166666666664
2026-10-06 17:32:08.061,8.7855e-11,Torr,15.large_stm_connectingPort,spray,15.large_stm_connectingPort/MassSpecData-02115-20261006-173134.csv,2026-10-06 17:29:29.326,2.6455833333333336
2026-10-06 17:32:08.269,7.6923e-11,Torr,15.large_stm_connectingPort,spray,15.large_stm_connectingPort/MassSpecData-02115-20261006-173134.csv,2026-10-06 17:29:29.326,2.6490500000000003
2026-10-06 17:32:08.478,9.4139e-11,Torr,15.large_stm_connectingPort,spray,15.large_stm_connectingPort/MassSpecData-02115-20261006-173134.csv,2026-10-06 17:29:29.326,2.652533333333333
2026-10-06 17:32:08.686,7.7982e-11,Torr,15.large_stm_connectingPort,spray,15.large_stm_connectingPort/MassSpecData-02115-20261006-173134.csv,2026-10-06 17:29:29.326,2.656
2026-10-06 17:32:08.894,9.7629e-11,Torr,15.large_stm_connectingPort,spray,15.large_stm_connectingPort/MassSpecData-02115-20261006-173134.csv,2026-10-06 17:29:29.326,2.659466666666667
2026-10-06 17:32:09.103,8.6947e-11,Torr,15.large_stm_connectingPort,spray,15.large_stm_connectingPort/MassSpecData-02115-20261006-173134.csv,2026-10-06 17:29:29.326,2.66295
2026-10-06 17:32:09.311,6.7416e-11,Torr,15.large_stm_connectingPort,spray,15.large_stm_connectingPort/MassSpecData-02115-20261006-173134.csv,2026-10-06 17:29:29.326,2.666416666666667
2026-10-06 17:32:09.519,7.1014e-11,Torr,15.large_stm_connectingPort,spray,15.large_stm_connectingPort/MassSpecData-02115-20261006-173134.csv,2026-10-06 17:29:29.326,2.6698833333333334
2026-10-06 17:32:09.728,8.0685e-11,Torr,15.large_stm_connectingPort,spray,15.large_stm_connectingPort/MassSpecData-02115-20261006-173134.csv,2026-10-06 17:29:29.326,2.6733666666666664
2026-10-06 17:32:09.936,8.5276e-11,Torr,15.large_stm_connectingPort,spray,15.large_stm_connectingPort/MassSpecData-02115-20261006-173134.csv,2026-10-06 17:29:29.326,2.6768333333333336
2026-10-06 17:32:10.144,7.4847e-11,Torr,15.large_stm_connectingPort,spray,15.large_stm_connectingPort/MassSpecData-02115-20261006-173134.csv,2026-10-06 17:29:29.326,2.6803000000000003
2026-10-06 17:32:10.353,7.9576e-11,Torr,15.large_stm_connectingPort,spray,15.large_stm_connectingPort/MassSpecData-02115-20261006-173134.csv,2026-10-06 17:29:29.326,2.683783333333333
2026-10-06 17:32:10.561,9.0324e-11,Torr,15.large_stm_connectingPort,spray,15.large_stm_connectingPort/MassSpecData-02115-20261006-173134.csv,2026-10-06 17:29:29.326,2.68725
2026-10-06 17:32:10.769,7.7915e-11,Torr,15.large_stm_connectingPort,spray,15.large_stm_connectingPort/MassSpecData-02115-20261006-173134.csv,2026-10-06 17:29:29.326,2.690716666666667
2026-10-06 17:32:10.978,7.8109e-11,Torr,15.large_stm_connectingPort,spray,15.large_stm_connectingPort/MassSpecData-02115-20261006-173134.csv,2026-10-06 17:29:29.326,2.6942
2026-10-06 17:32:11.186,7.556e-11,Torr,15.large_stm_connectingPort,spray,15.large_stm_connectingPort/MassSpecData-02115-20261006-173134.csv,2026-10-06 17:29:29.326,2.697666666666667
2026-10-06 17:32:11.394,6.9919e-11,Torr,15.large_stm_connectingPort,spray,15.large_stm_connectingPort/MassSpecData-02115-20261006-173134.csv,2026-10-06 17:29:29.326,2.7011333333333334
2026-10-06 17:32:11.603,7.9972e-11,Torr,15.large_stm_connectingPort,spray,15.large_stm_connectingPort/MassSpecData-02115-20261006-173134.csv,2026-10-06 17:29:29.326,2.7046166666666664
2026-10-06 17:32:11.811,8.0198e-11,Torr,15.large_stm_connectingPort,spray,15.large_stm_connectingPort/MassSpecData-02115-20261006-173134.csv,2026-10-06 17:29:29.326,2.7080833333333336
2026-10-06 17:32:12.019,8.7612e-11,Torr,15.large_stm_connectingPort,spray,15.large_stm_connectingPort/MassSpecData-02115-20261006-173134.csv,2026-10-06 17:29:29.326,2.7115500000000003
2026-10-06 17:32:12.228,8.275e-11,Torr,15.large_stm_connectingPort,spray,15.large_stm_connectingPort/MassSpecData-02115-20261006-173134.csv,2026-10-06 17:29:29.326,2.715033333333333
2026-10-06 17:32:12.436,9.1565e-11,Torr,15.large_stm_connectingPort,spray,15.large_stm_connectingPort/MassSpecData-02115-20261006-173134.csv,2026-10-06 17:29:29.326,2.7185
2026-10-06 17:32:12.645,7.7297e-11,Torr,15.large_stm_connectingPort,spray,15.large_stm_connectingPort/MassSpecData-02115-20261006-173134.csv,2026-10-06 17:29:29.326,2.721983333333333
2026-10-06 17:32:12.853,9.5976e-11,Torr,15.large_stm_connectingPort,spray,15.large_stm_connectingPort/MassSpecData-02115-20261006-173134.csv,2026-10-06 17:29:29.326,2.72545
2026-10-06 17:32:13.061,7.5017e-11,Torr,15.large_stm_connectingPort,spray,15.large_stm_connectingPort/MassSpecData-02115-20261006-173134.csv,2026-10-06 17:29:29.326,2.728916666666667
2026-10-06 17:32:13.270,8.6866e-11,Torr,15.large_stm_connectingPort,spray,15.large_stm_connectingPort/MassSpecData-02115-20261006-173134.csv,2026-10-06 17:29:29.326,2.7323999999999997
2026-10-06 17:32:13.478,9.077e-11,Torr,15.large_stm_connectingPort,spray,15.large_stm_connectingPort/MassSpecData-02115-20261006-173134.csv,2026-10-06 17:29:29.326,2.7358666666666664
2026-10-06 17:32:13.686,8.531e-11,Torr,15.large_stm_connectingPort,spray,15.large_stm_connectingPort/MassSpecData-02115-20261006-173134.csv,2026-10-06 17:29:29.326,2.7393333333333336
2026-10-06 17:32:13.895,8.6975e-11,Torr,15.large_stm_connectingPort,spray,15.large_stm_connectingPort/MassSpecData-02115-20261006-173134.csv,2026-10-06 17:29:29.326,2.7428166666666667
2026-10-06 17:32:14.103,7.6672e-11,Torr,15.large_stm_connectingPort,spray,15.large_stm_connectingPort/MassSpecData-02115-20261006-173134.csv,2026-10-06 17:29:29.326,2.746283333333333
2026-10-06 17:32:14.311,8.5053e-11,Torr,15.large_stm_connectingPort,spray,15.large_stm_connectingPort/MassSpecData-02115-20261006-173134.csv,2026-10-06 17:29:29.326,2.74975
2026-10-06 17:32:14.520,9.4083e-11,Torr,15.large_stm_connectingPort,spray,15.large_stm_connectingPort/MassSpecData-02115-20261006-173134.csv,2026-10-06 17:29:29.326,2.753233333333333
2026-10-06 17:32:14.728,8.215e-11,Torr,15.large_stm_connectingPort,spray,15.large_stm_connectingPort/MassSpecData-02115-20261006-173134.csv,2026-10-06 17:29:29.326,2.7567
2026-10-06 17:32:14.936,8.7541e-11,Torr,15.large_stm_connectingPort,spray,15.large_stm_connectingPort/MassSpecData-02115-20261006-173134.csv,2026-10-06 17:29:29.326,2.760166666666667
2026-10-06 17:32:15.145,8.3696e-11,Torr,15.large_stm_connectingPort,spray,15.large_stm_connectingPort/MassSpecData-02115-20261006-173134.csv,2026-10-06 17:29:29.326,2.7636499999999997
2026-10-06 17:32:15.353,8.1929e-11,Torr,15.large_stm_connectingPort,spray,15.large_stm_connectingPort/MassSpecData-02115-20261006-173134.csv,2026-10-06 17:29:29.326,2.7671166666666664
2026-10-06 17:32:15.561,7.1362e-11,Torr,15.large_stm_connectingPort,spray,15.large_stm_connectingPort/MassSpecData-02115-20261006-173134.csv,2026-10-06 17:29:29.326,2.7705833333333336
2026-10-06 17:32:15.770,8.757e-11,Torr,15.large_stm_connectingPort,spray,15.large_stm_connectingPort/MassSpecData-02115-20261006-173134.csv,2026-10-06 17:29:29.326,2.7740666666666667
2026-10-06 17:32:15.978,7.7441e-11,Torr,15.large_stm_connectingPort,spray,15.large_stm_connectingPort/MassSpecData-02115-20261006-173134.csv,2026-10-06 17:29:29.326,2.777533333333333
2026-10-06 17:32:16.186,8.1352e-11,Torr,15.large_stm_connectingPort,spray,15.large_stm_connectingPort/MassSpecData-02115-20261006-173134.csv,2026-10-06 17:29:29.326,2.781
2026-10-06 17:32:16.525,6.6485e-11,Torr,15.large_stm_connectingPort,spray,15.large_stm_connectingPort/MassSpecData-02115-20261006-173216.csv,2026-10-06 17:29:29.326,2.7866500000000003
2026-10-06 17:32:16.733,7.8115e-11,Torr,15.large_stm_connectingPort,spray,15.large_stm_connectingPort/MassSpecData-02115-20261006-173216.csv,2026-10-06 17:29:29.326,2.790116666666667
2026-10-06 17:32:16.942,8.3635e-11,Torr,15.large_stm_connectingPort,spray,15.large_stm_connectingPort/MassSpecData-02115-20261006-173216.csv,2026-10-06 17:29:29.326,2.7936
2026-10-06 17:32:17.150,8.4734e-11,Torr,15.large_stm_connectingPort,spray,15.large_stm_connectingPort/MassSpecData-02115-20261006-173216.csv,2026-10-06 17:29:29.326,2.797066666666667
2026-10-06 17:32:17.358,8.3327e-11,Torr,15.large_stm_connectingPort,spray,15.large_stm_connectingPort/MassSpecData-02115-20261006-173216.csv,2026-10-06 17:29:29.326,2.8005333333333335
2026-10-06 17:32:17.567,7.3797e-11,Torr,15.large_stm_connectingPort,spray,15.large_stm_connectingPort/MassSpecData-02115-20261006-173216.csv,2026-10-06 17:29:29.326,2.804016666666667
2026-10-06 17:32:17.775,7.7626e-11,Torr,15.large_stm_connectingPort,spray,15.large_stm_connectingPort/MassSpecData-02115-20261006-173216.csv,2026-10-06 17:29:29.326,2.8074833333333333
2026-10-06 17:32:17.983,8.2194e-11,Torr,15.large_stm_connectingPort,spray,15.large_stm_connectingPort/MassSpecData-02115-20261006-173216.csv,2026-10-06 17:29:29.326,2.81095
2026-10-06 17:32:18.191,7.7795e-11,Torr,15.large_stm_connectingPort,spray,15.large_stm_connectingPort/MassSpecData-02115-20261006-173216.csv,2026-10-06 17:29:29.326,2.814416666666667
2026-10-06 17:32:18.400,8.7125e-11,Torr,15.large_stm_connectingPort,spray,15.large_stm_connectingPort/MassSpecData-02115-20261006-173216.csv,2026-10-06 17:29:29.326,2.8179000000000003
2026-10-06 17:32:18.608,8.1762e-11,Torr,15.large_stm_connectingPort,spray,15.large_stm_connectingPort/MassSpecData-02115-20261006-173216.csv,2026-10-06 17:29:29.326,2.821366666666667
2026-10-06 17:32:18.817,7.4007e-11,Torr,15.large_stm_connectingPort,spray,15.large_stm_connectingPort/MassSpecData-02115-20261006-173216.csv,2026-10-06 17:29:29.326,2.82485
2026-10-06 17:32:19.025,9.1471e-11,Torr,15.large_stm_connectingPort,spray,15.large_stm_connectingPort/MassSpecData-02115-20261006-173216.csv,2026-10-06 17:29:29.326,2.828316666666667
2026-10-06 17:32:19.233,7.9061e-11,Torr,15.large_stm_connectingPort,spray,15.large_stm_connectingPort/MassSpecData-02115-20261006-173216.csv,2026-10-06 17:29:29.326,2.8317833333333335
2026-10-06 17:32:19.442,8.4986e-11,Torr,15.large_stm_connectingPort,spray,15.large_stm_connectingPort/MassSpecData-02115-20261006-173216.csv,2026-10-06 17:29:29.326,2.835266666666667
2026-10-06 17:32:19.650,8.2086e-11,Torr,15.large_stm_connectingPort,spray,15.large_stm_connectingPort/MassSpecData-02115-20261006-173216.csv,2026-10-06 17:29:29.326,2.8387333333333333
2026-10-06 17:32:19.858,7.651e-11,Torr,15.large_stm_connectingPort,spray,15.large_stm_connectingPort/MassSpecData-02115-20261006-173216.csv,2026-10-06 17:29:29.326,2.8422
2026-10-06 17:32:20.067,9.3627e-11,Torr,15.large_stm_connectingPort,spray,15.large_stm_connectingPort/MassSpecData-02115-20261006-173216.csv,2026-10-06 17:29:29.326,2.8456833333333336
2026-10-06 17:32:20.275,8.512e-11,Torr,15.large_stm_connectingPort,spray,15.large_stm_connectingPort/MassSpecData-02115-20261006-173216.csv,2026-10-06 17:29:29.326,2.8491500000000003
2026-10-06 17:32:20.483,9.0677e-11,Torr,15.large_stm_connectingPort,spray,15.large_stm_connectingPort/MassSpecData-02115-20261006-173216.csv,2026-10-06 17:29:29.326,2.852616666666667
2026-10-06 17:32:20.692,7.1478e-11,Torr,15.large_stm_connectingPort,spray,15.large_stm_connectingPort/MassSpecData-02115-20261006-173216.csv,2026-10-06 17:29:29.326,2.8561
2026-10-06 17:32:20.900,8.3969e-11,Torr,15.large_stm_connectingPort,spray,15.large_stm_connectingPort/MassSpecData-02115-20261006-173216.csv,2026-10-06 17:29:29.326,2.859566666666667
2026-10-06 17:32:21.108,7.6949e-11,Torr,15.large_stm_connectingPort,spray,15.large_stm_connectingPort/MassSpecData-02115-20261006-173216.csv,2026-10-06 17:29:29.326,2.8630333333333335
2026-10-06 17:32:21.317,9.454e-11,Torr,15.large_stm_connectingPort,spray,15.large_stm_connectingPort/MassSpecData-02115-20261006-173216.csv,2026-10-06 17:29:29.326,2.866516666666667
2026-10-06 17:32:21.525,7.9671e-11,Torr,15.large_stm_connectingPort,spray,15.large_stm_connectingPort/MassSpecData-02115-20261006-173216.csv,2026-10-06 17:29:29.326,2.8699833333333333
2026-10-06 17:32:21.733,9.2775e-11,Torr,15.large_stm_connectingPort,spray,15.large_stm_connectingPort/MassSpecData-02115-20261006-173216.csv,2026-10-06 17:29:29.326,2.87345
2026-10-06 17:32:21.941,8.0377e-11,Torr,15.large_stm_connectingPort,spray,15.large_stm_connectingPort/MassSpecData-02115-20261006-173216.csv,2026-10-06 17:29:29.326,2.876916666666667
2026-10-06 17:32:22.150,7.8159e-11,Torr,15.large_stm_connectingPort,spray,15.large_stm_connectingPort/MassSpecData-02115-20261006-173216.csv,2026-10-06 17:29:29.326,2.8804000000000003
2026-10-06 17:32:22.358,9.4718e-11,Torr,15.large_stm_connectingPort,spray,15.large_stm_connectingPort/MassSpecData-02115-20261006-173216.csv,2026-10-06 17:29:29.326,2.883866666666667
2026-10-06 17:32:22.566,8.0382e-11,Torr,15.large_stm_connectingPort,spray,15.large_stm_connectingPort/MassSpecData-02115-20261006-173216.csv,2026-10-06 17:29:29.326,2.8873333333333333
2026-10-06 17:32:22.775,7.6116e-11,Torr,15.large_stm_connectingPort,spray,15.large_stm_connectingPort/MassSpecData-02115-20261006-173216.csv,2026-10-06 17:29:29.326,2.890816666666667
2026-10-06 17:32:22.983,6.7854e-11,Torr,15.large_stm_connectingPort,spray,15.large_stm_connectingPort/MassSpecData-02115-20261006-173216.csv,2026-10-06 17:29:29.326,2.8942833333333335
2026-10-06 17:32:23.191,9.0269e-11,Torr,15.large_stm_connectingPort,spray,15.large_stm_connectingPort/MassSpecData-02115-20261006-173216.csv,2026-10-06 17:29:29.326,2.8977500000000003
2026-10-06 17:32:23.400,7.5819e-11,Torr,15.large_stm_connectingPort,spray,15.large_stm_connectingPort/MassSpecData-02115-20261006-173216.csv,2026-10-06 17:29:29.326,2.9012333333333333
2026-10-06 17:32:23.608,6.8512e-11,Torr,15.large_stm_connectingPort,spray,15.large_stm_connectingPort/MassSpecData-02115-20261006-173216.csv,2026-10-06 17:29:29.326,2.9047
2026-10-06 17:32:23.816,7.9336e-11,Torr,15.large_stm_connectingPort,spray,15.large_stm_connectingPort/MassSpecData-02115-20261006-173216.csv,2026-10-06 17:29:29.326,2.908166666666667
2026-10-06 17:32:24.025,7.7761e-11,Torr,15.large_stm_connectingPort,spray,15.large_stm_connectingPort/MassSpecData-02115-20261006-173216.csv,2026-10-06 17:29:29.326,2.9116500000000003
2026-10-06 17:32:24.233,7.0902e-11,Torr,15.large_stm_connectingPort,spray,15.large_stm_connectingPort/MassSpecData-02115-20261006-173216.csv,2026-10-06 17:29:29.326,2.915116666666667
2026-10-06 17:32:24.441,9.9232e-11,Torr,15.large_stm_connectingPort,spray,15.large_stm_connectingPort/MassSpecData-02115-20261006-173216.csv,2026-10-06 17:29:29.326,2.9185833333333333
2026-10-06 17:32:24.650,7.0654e-11,Torr,15.large_stm_connectingPort,spray,15.large_stm_connectingPort/MassSpecData-02115-20261006-173216.csv,2026-10-06 17:29:29.326,2.922066666666667
2026-10-06 17:32:24.858,8.2099e-11,Torr,15.large_stm_connectingPort,spray,15.large_stm_connectingPort/MassSpecData-02115-20261006-173216.csv,2026-10-06 17:29:29.326,2.9255333333333335
2026-10-06 17:32:25.066,8.0899e-11,Torr,15.large_stm_connectingPort,spray,15.large_stm_connectingPort/MassSpecData-02115-20261006-173216.csv,2026-10-06 17:29:29.326,2.9290000000000003
2026-10-06 17:32:25.275,8.1182e-11,Torr,15.large_stm_connectingPort,spray,15.large_stm_connectingPort/MassSpecData-02115-20261006-173216.csv,2026-10-06 17:29:29.326,2.9324833333333333
2026-10-06 17:32:25.483,8.8672e-11,Torr,15.large_stm_connectingPort,spray,15.large_stm_connectingPort/MassSpecData-02115-20261006-173216.csv,2026-10-06 17:29:29.326,2.93595
2026-10-06 17:32:25.692,6.056e-11,Torr,15.large_stm_connectingPort,spray,15.large_stm_connectingPort/MassSpecData-02115-20261006-173216.csv,2026-10-06 17:29:29.326,2.9394333333333336
2026-10-06 17:32:25.900,9.7905e-11,Torr,15.large_stm_connectingPort,spray,15.large_stm_connectingPort/MassSpecData-02115-20261006-173216.csv,2026-10-06 17:29:29.326,2.9429000000000003
2026-10-06 17:32:26.108,7.4043e-11,Torr,15.large_stm_connectingPort,spray,15.large_stm_connectingPort/MassSpecData-02115-20261006-173216.csv,2026-10-06 17:29:29.326,2.946366666666667
2026-10-06 17:32:26.317,7.3758e-11,Torr,15.large_stm_connectingPort,spray,15.large_stm_connectingPort/MassSpecData-02115-20261006-173216.csv,2026-10-06 17:29:29.326,2.94985
2026-10-06 17:32:26.525,9.5779e-11,Torr,15.large_stm_connectingPort,spray,15.large_stm_connectingPort/MassSpecData-02115-20261006-173216.csv,2026-10-06 17:29:29.326,2.953316666666667
2026-10-06 17:32:26.733,7.8955e-11,Torr,15.large_stm_connectingPort,spray,15.large_stm_connectingPort/MassSpecData-02115-20261006-173216.csv,2026-10-06 17:29:29.326,2.9567833333333335
2026-10-06 17:32:26.942,7.537e-11,Torr,15.large_stm_connectingPort,spray,15.large_stm_connectingPort/MassSpecData-02115-20261006-173216.csv,2026-10-06 17:29:29.326,2.960266666666667
2026-10-06 17:32:27.150,8.0153e-11,Torr,15.large_stm_connectingPort,spray,15.large_stm_connectingPort/MassSpecData-02115-20261006-173216.csv,2026-10-06 17:29:29.326,2.9637333333333333
2026-10-06 17:32:27.358,8.2444e-11,Torr,15.large_stm_connectingPort,spray,15.large_stm_connectingPort/MassSpecData-02115-20261006-173216.csv,2026-10-06 17:29:29.326,2.9672
2026-10-06 17:32:27.567,8.3026e-11,Torr,15.large_stm_connectingPort,spray,15.large_stm_connectingPort/MassSpecData-02115-20261006-173216.csv,2026-10-06 17:29:29.326,2.9706833333333336
2026-10-06 17:32:27.775,8.8886e-11,Torr,15.large_stm_connectingPort,spray,15.large_stm_connectingPort/MassSpecData-02115-20261006-173216.csv,2026-10-06 17:29:29.326,2.9741500000000003
2026-10-06 17:32:27.983,7.4038e-11,Torr,15.large_stm_connectingPort,spray,15.large_stm_connectingPort/MassSpecData-02115-20261006-173216.csv,2026-10-06 17:29:29.326,2.977616666666667
2026-10-06 17:32:28.192,7.2351e-11,Torr,15.large_stm_connectingPort,spray,15.large_stm_connectingPort/MassSpecData-02115-20261006-173216.csv,2026-10-06 17:29:29.326,2.9811
2026-10-06 17:32:28.400,8.42e-11,Torr,15.large_stm_connectingPort,spray,15.large_stm_connectingPort/MassSpecData-02115-20261006-173216.csv,2026-10-06 17:29:29.326,2.984566666666667
2026-10-06 17:32:28.608,8.5125e-11,Torr,15.large_stm_connectingPort,spray,15.large_stm_connectingPort/MassSpecData-02115-20261006-173216.csv,2026-10-06 17:29:29.326,2.9880333333333335
2026-10-06 17:32:28.817,7.0073e-11,Torr,15.large_stm_connectingPort,spray,15.large_stm_connectingPort/MassSpecData-02115-20261006-173216.csv,2026-10-06 17:29:29.326,2.991516666666667
2026-10-06 17:32:29.025,7.7551e-11,Torr,15.large_stm_connectingPort,spray,15.large_stm_connectingPort/MassSpecData-02115-20261006-173216.csv,2026-10-06 17:29:29.326,2.9949833333333333
2026-10-06 17:32:29.233,9.2909e-11,Torr,15.large_stm_connectingPort,spray,15.large_stm_connectingPort/MassSpecData-02115-20261006-173216.csv,2026-10-06 17:29:29.326,2.99845
2026-10-06 17:32:29.442,8.2354e-11,Torr,15.large_stm_connectingPort,spray,15.large_stm_connectingPort/MassSpecData-02115-20261006-173216.csv,2026-10-06 17:29:29.326,3.0019333333333336
2026-10-06 17:32:29.650,7.2797e-11,Torr,15.large_stm_connectingPort,spray,15.large_stm_connectingPort/MassSpecData-02115-20261006-173216.csv,2026-10-06 17:29:29.326,3.0054000000000003
2026-10-06 17:32:29.858,8.318e-11,Torr,15.large_stm_connectingPort,spray,15.large_stm_connectingPort/MassSpecData-02115-20261006-173216.csv,2026-10-06 17:29:29.326,3.008866666666667
2026-10-06 17:32:30.067,8.6173e-11,Torr,15.large_stm_connectingPort,spray,15.large_stm_connectingPort/MassSpecData-02115-20261006-173216.csv,2026-10-06 17:29:29.326,3.01235
2026-10-06 17:32:30.275,7.2204e-11,Torr,15.large_stm_connectingPort,spray,15.large_stm_connectingPort/MassSpecData-02115-20261006-173216.csv,2026-10-06 17:29:29.326,3.015816666666667
2026-10-06 17:32:30.483,7.968e-11,Torr,15.large_stm_connectingPort,spray,15.large_stm_connectingPort/MassSpecData-02115-20261006-173216.csv,2026-10-06 17:29:29.326,3.0192833333333335
2026-10-06 17:32:30.692,8.1272e-11,Torr,15.large_stm_connectingPort,spray,15.large_stm_connectingPort/MassSpecData-02115-20261006-173216.csv,2026-10-06 17:29:29.326,3.022766666666667
2026-10-06 17:32:30.900,7.3239e-11,Torr,15.large_stm_connectingPort,spray,15.large_stm_connectingPort/MassSpecData-02115-20261006-173216.csv,2026-10-06 17:29:29.326,3.0262333333333333
2026-10-06 17:32:31.108,7.058e-11,Torr,15.large_stm_connectingPort,spray,15.large_stm_connectingPort/MassSpecData-02115-20261006-173216.csv,2026-10-06 17:29:29.326,3.0297
2026-10-06 17:32:31.317,7.6248e-11,Torr,15.large_stm_connectingPort,spray,15.large_stm_connectingPort/MassSpecData-02115-20261006-173216.csv,2026-10-06 17:29:29.326,3.0331833333333336
2026-10-06 17:32:31.525,7.065e-11,Torr,15.large_stm_connectingPort,spray,15.large_stm_connectingPort/MassSpecData-02115-20261006-173216.csv,2026-10-06 17:29:29.326,3.0366500000000003
2026-10-06 17:32:31.733,8.1132e-11,Torr,15.large_stm_connectingPort,spray,15.large_stm_connectingPort/MassSpecData-02115-20261006-173216.csv,2026-10-06 17:29:29.326,3.040116666666667
2026-10-06 17:32:31.942,7.7458e-11,Torr,15.large_stm_connectingPort,spray,15.large_stm_connectingPort/MassSpecData-02115-20261006-173216.csv,2026-10-06 17:29:29.326,3.0436
2026-10-06 17:32:32.150,7.5721e-11,Torr,15.large_stm_connectingPort,spray,15.large_stm_connectingPort/MassSpecData-02115-20261006-173216.csv,2026-10-06 17:29:29.326,3.047066666666667
2026-10-06 17:32:32.358,7.8715e-11,Torr,15.large_stm_connectingPort,spray,15.large_stm_connectingPort/MassSpecData-02115-20261006-173216.csv,2026-10-06 17:29:29.326,3.0505333333333335
2026-10-06 17:32:32.567,9.3354e-11,Torr,15.large_stm_connectingPort,spray,15.large_stm_connectingPort/MassSpecData-02115-20261006-173216.csv,2026-10-06 17:29:29.326,3.054016666666667
2026-10-06 17:32:32.775,7.8035e-11,Torr,15.large_stm_connectingPort,spray,15.large_stm_connectingPort/MassSpecData-02115-20261006-173216.csv,2026-10-06 17:29:29.326,3.0574833333333333
2026-10-06 17:32:32.983,7.0507e-11,Torr,15.large_stm_connectingPort,spray,15.large_stm_connectingPort/MassSpecData-02115-20261006-173216.csv,2026-10-06 17:29:29.326,3.06095
2026-10-06 17:32:33.192,8.5419e-11,Torr,15.large_stm_connectingPort,spray,15.large_stm_connectingPort/MassSpecData-02115-20261006-173216.csv,2026-10-06 17:29:29.326,3.0644333333333336
2026-10-06 17:32:33.400,7.7634e-11,Torr,15.large_stm_connectingPort,spray,15.large_stm_connectingPort/MassSpecData-02115-20261006-173216.csv,2026-10-06 17:29:29.326,3.0679000000000003
2026-10-06 17:32:33.608,9.3848e-11,Torr,15.large_stm_connectingPort,spray,15.large_stm_connectingPort/MassSpecData-02115-20261006-173216.csv,2026-10-06 17:29:29.326,3.071366666666667
2026-10-06 17:32:33.817,8.5254e-11,Torr,15.large_stm_connectingPort,spray,15.large_stm_connectingPort/MassSpecData-02115-20261006-173216.csv,2026-10-06 17:29:29.326,3.07485
2026-10-06 17:32:34.025,7.1829e-11,Torr,15.large_stm_connectingPort,spray,15.large_stm_connectingPort/MassSpecData-02115-20261006-173216.csv,2026-10-06 17:29:29.326,3.078316666666667
2026-10-06 17:32:34.233,7.6393e-11,Torr,15.large_stm_connectingPort,spray,15.large_stm_connectingPort/MassSpecData-02115-20261006-173216.csv,2026-10-06 17:29:29.326,3.0817833333333335
2026-10-06 17:32:34.442,6.9854e-11,Torr,15.large_stm_connectingPort,spray,15.large_stm_connectingPort/MassSpecData-02115-20261006-173216.csv,2026-10-06 17:29:29.326,3.085266666666667
2026-10-06 17:32:34.650,7.1092e-11,Torr,15.large_stm_connectingPort,spray,15.large_stm_connectingPort/MassSpecData-02115-20261006-173216.csv,2026-10-06 17:29:29.326,3.0887333333333333
2026-10-06 17:32:34.858,8.2032e-11,Torr,15.large_stm_connectingPort,spray,15.large_stm_connectingPort/MassSpecData-02115-20261006-173216.csv,2026-10-06 17:29:29.326,3.0922
2026-10-06 17:32:35.067,8.5444e-11,Torr,15.large_stm_connectingPort,spray,15.large_stm_connectingPort/MassSpecData-02115-20261006-173216.csv,2026-10-06 17:29:29.326,3.0956833333333336
2026-10-06 17:32:35.275,9.3033e-11,Torr,15.large_stm_connectingPort,spray,15.large_stm_connectingPort/MassSpecData-02115-20261006-173216.csv,2026-10-06 17:29:29.326,3.0991500000000003
2026-10-06 17:32:35.483,7.6177e-11,Torr,15.large_stm_connectingPort,spray,15.large_stm_connectingPort/MassSpecData-02115-20261006-173216.csv,2026-10-06 17:29:29.326,3.102616666666667
2026-10-06 17:32:35.692,8.697e-11,Torr,15.large_stm_connectingPort,spray,15.large_stm_connectingPort/MassSpecData-02115-20261006-173216.csv,2026-10-06 17:29:29.326,3.1061
2026-10-06 17:32:35.900,8.5307e-11,Torr,15.large_stm_connectingPort,spray,15.large_stm_connectingPort/MassSpecData-02115-20261006-173216.csv,2026-10-06 17:29:29.326,3.109566666666667
2026-10-06 17:32:36.108,8.4124e-11,Torr,15.large_stm_connectingPort,spray,15.large_stm_connectingPort/MassSpecData-02115-20261006-173216.csv,2026-10-06 17:29:29.326,3.1130333333333335
2026-10-06 17:32:36.316,6.5203e-11,Torr,15.large_stm_connectingPort,spray,15.large_stm_connectingPort/MassSpecData-02115-20261006-173216.csv,2026-10-06 17:29:29.326,3.1165000000000003
2026-10-06 17:32:36.525,9.4636e-11,Torr,15.large_stm_connectingPort,spray,15.large_stm_connectingPort/MassSpecData-02115-20261006-173216.csv,2026-10-06 17:29:29.326,3.1199833333333333
2026-10-06 17:32:36.733,8.5969e-11,Torr,15.large_stm_connectingPort,spray,15.large_stm_connectingPort/MassSpecData-02115-20261006-173216.csv,2026-10-06 17:29:29.326,3.12345
2026-10-06 17:32:36.941,6.9263e-11,Torr,15.large_stm_connectingPort,spray,15.large_stm_connectingPort/MassSpecData-02115-20261006-173216.csv,2026-10-06 17:29:29.326,3.126916666666667
2026-10-06 17:32:37.150,9.1749e-11,Torr,15.large_stm_connectingPort,spray,15.large_stm_connectingPort/MassSpecData-02115-20261006-173216.csv,2026-10-06 17:29:29.326,3.1304000000000003
2026-10-06 17:32:37.358,7.2934e-11,Torr,15.large_stm_connectingPort,spray,15.large_stm_connectingPort/MassSpecData-02115-20261006-173216.csv,2026-10-06 17:29:29.326,3.133866666666667
2026-10-06 17:32:37.566,7.8878e-11,Torr,15.large_stm_connectingPort,spray,15.large_stm_connectingPort/MassSpecData-02115-20261006-173216.csv,2026-10-06 17:29:29.326,3.1373333333333333
2026-10-06 17:32:37.775,8.0145e-11,Torr,15.large_stm_connectingPort,spray,15.large_stm_connectingPort/MassSpecData-02115-20261006-173216.csv,2026-10-06 17:29:29.326,3.140816666666667
2026-10-06 17:32:37.983,8.2868e-11,Torr,15.large_stm_connectingPort,spray,15.large_stm_connectingPort/MassSpecData-02115-20261006-173216.csv,2026-10-06 17:29:29.326,3.1442833333333335
2026-10-06 17:32:38.191,7.8127e-11,Torr,15.large_stm_connectingPort,spray,15.large_stm_connectingPort/MassSpecData-02115-20261006-173216.csv,2026-10-06 17:29:29.326,3.1477500000000003
2026-10-06 17:32:38.400,7.6563e-11,Torr,15.large_stm_connectingPort,spray,15.large_stm_connectingPort/MassSpecData-02115-20261006-173216.csv,2026-10-06 17:29:29.326,3.1512333333333333
2026-10-06 17:32:38.608,9.1942e-11,Torr,15.large_stm_connectingPort,spray,15.large_stm_connectingPort/MassSpecData-02115-20261006-173216.csv,2026-10-06 17:29:29.326,3.1547
2026-10-06 17:32:38.816,8.8829e-11,Torr,15.large_stm_connectingPort,spray,15.large_stm_connectingPort/MassSpecData-02115-20261006-173216.csv,2026-10-06 17:29:29.326,3.158166666666667
2026-10-06 17:32:39.025,7.1594e-11,Torr,15.large_stm_connectingPort,spray,15.large_stm_connectingPort/MassSpecData-02115-20261006-173216.csv,2026-10-06 17:29:29.326,3.1616500000000003
2026-10-06 17:32:39.233,8.047e-11,Torr,15.large_stm_connectingPort,spray,15.large_stm_connectingPort/MassSpecData-02115-20261006-173216.csv,2026-10-06 17:29:29.326,3.165116666666667
2026-10-06 17:32:39.441,7.75e-11,Torr,15.large_stm_connectingPort,spray,15.large_stm_connectingPort/MassSpecData-02115-20261006-173216.csv,2026-10-06 17:29:29.326,3.1685833333333333
2026-10-06 17:32:39.650,8.7507e-11,Torr,15.large_stm_connectingPort,spray,15.large_stm_connectingPort/MassSpecData-02115-20261006-173216.csv,2026-10-06 17:29:29.326,3.172066666666667
2026-10-06 17:32:39.858,7.2953e-11,Torr,15.large_stm_connectingPort,spray,15.large_stm_connectingPort/MassSpecData-02115-20261006-173216.csv,2026-10-06 17:29:29.326,3.1755333333333335
2026-10-06 17:32:40.066,7.9328e-11,Torr,15.large_stm_connectingPort,spray,15.large_stm_connectingPort/MassSpecData-02115-20261006-173216.csv,2026-10-06 17:29:29.326,3.1790000000000003
2026-10-06 17:32:40.275,8.3998e-11,Torr,15.large_stm_connectingPort,spray,15.large_stm_connectingPort/MassSpecData-02115-20261006-173216.csv,2026-10-06 17:29:29.326,3.1824833333333333
2026-10-06 17:32:40.483,8.6209e-11,Torr,15.large_stm_connectingPort,spray,15.large_stm_connectingPort/MassSpecData-02115-20261006-173216.csv,2026-10-06 17:29:29.326,3.18595
2026-10-06 17:32:40.691,7.5816e-11,Torr,15.large_stm_connectingPort,spray,15.large_stm_connectingPort/MassSpecData-02115-20261006-173216.csv,2026-10-06 17:29:29.326,3.189416666666667
2026-10-06 17:32:40.900,7.6991e-11,Torr,15.large_stm_connectingPort,spray,15.large_stm_connectingPort/MassSpecData-02115-20261006-173216.csv,2026-10-06 17:29:29.326,3.1929000000000003
2026-10-06 17:32:41.108,7.6875e-11,Torr,15.large_stm_connectingPort,spray,15.large_stm_connectingPort/MassSpecData-02115-20261006-173216.csv,2026-10-06 17:29:29.326,3.196366666666667
2026-10-06 17:32:41.316,8.8822e-11,Torr,15.large_stm_connectingPort,spray,15.large_stm_connectingPort/MassSpecData-02115-20261006-173216.csv,2026-10-06 17:29:29.326,3.1998333333333333
2026-10-06 17:32:41.525,8.0669e-11,Torr,15.large_stm_connectingPort,spray,15.large_stm_connectingPort/MassSpecData-02115-20261006-173216.csv,2026-10-06 17:29:29.326,3.203316666666667
2026-10-06 17:32:41.733,7.1029e-11,Torr,15.large_stm_connectingPort,spray,15.large_stm_connectingPort/MassSpecData-02115-20261006-173216.csv,2026-10-06 17:29:29.326,3.2067833333333335
2026-10-06 17:32:41.941,7.6461e-11,Torr,15.large_stm_connectingPort,spray,15.large_stm_connectingPort/MassSpecData-02115-20261006-173216.csv,2026-10-06 17:29:29.326,3.2102500000000003
2026-10-06 17:32:42.150,7.9157e-11,Torr,15.large_stm_connectingPort,spray,15.large_stm_connectingPort/MassSpecData-02115-20261006-173216.csv,2026-10-06 17:29:29.326,3.2137333333333333
2026-10-06 17:32:42.358,8.2932e-11,Torr,15.large_stm_connectingPort,spray,15.large_stm_connectingPort/MassSpecData-02115-20261006-173216.csv,2026-10-06 17:29:29.326,3.2172
2026-10-06 17:32:42.566,8.2365e-11,Torr,15.large_stm_connectingPort,spray,15.large_stm_connectingPort/MassSpecData-02115-20261006-173216.csv,2026-10-06 17:29:29.326,3.220666666666667
2026-10-06 17:32:42.775,7.4276e-11,Torr,15.large_stm_connectingPort,spray,15.large_stm_connectingPort/MassSpecData-02115-20261006-173216.csv,2026-10-06 17:29:29.326,3.2241500000000003
2026-10-06 17:32:42.983,8.3234e-11,Torr,15.large_stm_connectingPort,spray,15.large_stm_connectingPort/MassSpecData-02115-20261006-173216.csv,2026-10-06 17:29:29.326,3.227616666666667
2026-10-06 17:32:43.191,7.0181e-11,Torr,15.large_stm_connectingPort,spray,15.large_stm_connectingPort/MassSpecData-02115-20261006-173216.csv,2026-10-06 17:29:29.326,3.2310833333333333
2026-10-06 17:32:43.400,9.2698e-11,Torr,15.large_stm_connectingPort,spray,15.large_stm_connectingPort/MassSpecData-02115-20261006-173216.csv,2026-10-06 17:29:29.326,3.234566666666667
2026-10-06 17:32:43.608,9.2665e-11,Torr,15.large_stm_connectingPort,spray,15.large_stm_connectingPort/MassSpecData-02115-20261006-173216.csv,2026-10-06 17:29:29.326,3.2380333333333335
2026-10-06 17:32:43.816,7.9583e-11,Torr,15.large_stm_connectingPort,spray,15.large_stm_connectingPort/MassSpecData-02115-20261006-173216.csv,2026-10-06 17:29:29.326,3.2415000000000003
2026-10-06 17:32:44.025,7.2534e-11,Torr,15.large_stm_connectingPort,spray,15.large_stm_connectingPort/MassSpecData-02115-20261006-173216.csv,2026-10-06 17:29:29.326,3.2449833333333333
2026-10-06 17:32:44.233,7.8882e-11,Torr,15.large_stm_connectingPort,spray,15.large_stm_connectingPort/MassSpecData-02115-20261006-173216.csv,2026-10-06 17:29:29.326,3.24845
2026-10-06 17:32:44.441,8.3894e-11,Torr,15.large_stm_connectingPort,spray,15.large_stm_connectingPort/MassSpecData-02115-20261006-173216.csv,2026-10-06 17:29:29.326,3.251916666666667
2026-10-06 17:32:44.650,8.5142e-11,Torr,15.large_stm_connectingPort,spray,15.large_stm_connectingPort/MassSpecData-02115-20261006-173216.csv,2026-10-06 17:29:29.326,3.2554000000000003
2026-10-06 17:32:44.858,8.2728e-11,Torr,15.large_stm_connectingPort,spray,15.large_stm_connectingPort/MassSpecData-02115-20261006-173216.csv,2026-10-06 17:29:29.326,3.258866666666667
2026-10-06 17:32:45.066,7.4906e-11,Torr,15.large_stm_connectingPort,spray,15.large_stm_connectingPort/MassSpecData-02115-20261006-173216.csv,2026-10-06 17:29:29.326,3.2623333333333333
2026-10-06 17:32:45.275,6.7881e-11,Torr,15.large_stm_connectingPort,spray,15.large_stm_connectingPort/MassSpecData-02115-20261006-173216.csv,2026-10-06 17:29:29.326,3.265816666666667
2026-10-06 17:32:45.483,7.749e-11,Torr,15.large_stm_connectingPort,spray,15.large_stm_connectingPort/MassSpecData-02115-20261006-173216.csv,2026-10-06 17:29:29.326,3.2692833333333335
2026-10-06 17:32:45.691,6.8698e-11,Torr,15.large_stm_connectingPort,spray,15.large_stm_connectingPort/MassSpecData-02115-20261006-173216.csv,2026-10-06 17:29:29.326,3.2727500000000003
2026-10-06 17:32:45.900,8.4587e-11,Torr,15.large_stm_connectingPort,spray,15.large_stm_connectingPort/MassSpecData-02115-20261006-173216.csv,2026-10-06 17:29:29.326,3.2762333333333333
2026-10-06 17:32:46.108,7.783e-11,Torr,15.large_stm_connectingPort,spray,15.large_stm_connectingPort/MassSpecData-02115-20261006-173216.csv,2026-10-06 17:29:29.326,3.2797
2026-10-06 17:32:46.316,8.1162e-11,Torr,15.large_stm_connectingPort,spray,15.large_stm_connectingPort/MassSpecData-02115-20261006-173216.csv,2026-10-06 17:29:29.326,3.283166666666667
2026-10-06 17:32:46.525,8.8322e-11,Torr,15.large_stm_connectingPort,spray,15.large_stm_connectingPort/MassSpecData-02115-20261006-173216.csv,2026-10-06 17:29:29.326,3.2866500000000003
2026-10-06 17:32:46.733,9.1093e-11,Torr,15.large_stm_connectingPort,spray,15.large_stm_connectingPort/MassSpecData-02115-20261006-173216.csv,2026-10-06 17:29:29.326,3.290116666666667
2026-10-06 17:32:46.941,8.1333e-11,Torr,15.large_stm_connectingPort,spray,15.large_stm_connectingPort/MassSpecData-02115-20261006-173216.csv,2026-10-06 17:29:29.326,3.2935833333333333
2026-10-06 17:32:47.150,9.092e-11,Torr,15.large_stm_connectingPort,spray,15.large_stm_connectingPort/MassSpecData-02115-20261006-173216.csv,2026-10-06 17:29:29.326,3.297066666666667
2026-10-06 17:32:47.358,7.9697e-11,Torr,15.large_stm_connectingPort,spray,15.large_stm_connectingPort/MassSpecData-02115-20261006-173216.csv,2026-10-06 17:29:29.326,3.3005333333333335
2026-10-06 17:32:47.566,8.4332e-11,Torr,15.large_stm_connectingPort,spray,15.large_stm_connectingPort/MassSpecData-02115-20261006-173216.csv,2026-10-06 17:29:29.326,3.3040000000000003
2026-10-06 17:32:47.775,9.2022e-11,Torr,15.large_stm_connectingPort,spray,15.large_stm_connectingPort/MassSpecData-02115-20261006-173216.csv,2026-10-06 17:29:29.326,3.3074833333333333
2026-10-06 17:32:47.983,6.21e-11,Torr,15.large_stm_connectingPort,spray,15.large_stm_connectingPort/MassSpecData-02115-20261006-173216.csv,2026-10-06 17:29:29.326,3.31095
2026-10-06 17:32:48.191,7.6804e-11,Torr,15.large_stm_connectingPort,spray,15.large_stm_connectingPort/MassSpecData-02115-20261006-173216.csv,2026-10-06 17:29:29.326,3.314416666666667
2026-10-06 17:32:48.400,6.7203e-11,Torr,15.large_stm_connectingPort,spray,15.large_stm_connectingPort/MassSpecData-02115-20261006-173216.csv,2026-10-06 17:29:29.326,3.3179000000000003
2026-10-06 17:32:48.608,8.4001e-11,Torr,15.large_stm_connectingPort,spray,15.large_stm_connectingPort/MassSpecData-02115-20261006-173216.csv,2026-10-06 17:29:29.326,3.321366666666667
2026-10-06 17:32:48.816,6.6582e-11,Torr,15.large_stm_connectingPort,spray,15.large_stm_connectingPort/MassSpecData-02115-20261006-173216.csv,2026-10-06 17:29:29.326,3.3248333333333333
2026-10-06 17:32:49.025,8.867e-11,Torr,15.large_stm_connectingPort,spray,15.large_stm_connectingPort/MassSpecData-02115-20261006-173216.csv,2026-10-06 17:29:29.326,3.328316666666667
2026-10-06 17:32:49.233,7.6048e-11,Torr,15.large_stm_connectingPort,spray,15.large_stm_connectingPort/MassSpecData-02115-20261006-173216.csv,2026-10-06 17:29:29.326,3.3317833333333335
2026-10-06 17:32:49.441,8.4371e-11,Torr,15.large_stm_connectingPort,spray,15.large_stm_connectingPort/MassSpecData-02115-20261006-173216.csv,2026-10-06 17:29:29.326,3.3352500000000003
2026-10-06 17:32:49.650,9.9771e-11,Torr,15.large_stm_connectingPort,spray,15.large_stm_connectingPort/MassSpecData-02115-20261006-173216.csv,2026-10-06 17:29:29.326,3.3387333333333333
2026-10-06 17:32:49.858,8.0877e-11,Torr,15.large_stm_connectingPort,spray,15.large_stm_connectingPort/MassSpecData-02115-20261006-173216.csv,2026-10-06 17:29:29.326,3.3422
2026-10-06 17:32:50.066,8.5548e-11,Torr,15.large_stm_connectingPort,spray,15.large_stm_connectingPort/MassSpecData-02115-20261006-173216.csv,2026-10-06 17:29:29.326,3.345666666666667
2026-10-06 17:32:50.275,8.1743e-11,Torr,15.large_stm_connectingPort,spray,15.large_stm_connectingPort/MassSpecData-02115-20261006-173216.csv,2026-10-06 17:29:29.326,3.3491500000000003
2026-10-06 17:32:50.483,7.462e-11,Torr,15.large_stm_connectingPort,spray,15.large_stm_connectingPort/MassSpecData-02115-20261006-173216.csv,2026-10-06 17:29:29.326,3.352616666666667
2026-10-06 17:32:50.691,8.2964e-11,Torr,15.large_stm_connectingPort,spray,15.large_stm_connectingPort/MassSpecData-02115-20261006-173216.csv,2026-10-06 17:29:29.326,3.3560833333333333
2026-10-06 17:32:50.900,7.2074e-11,Torr,15.large_stm_connectingPort,spray,15.large_stm_connectingPort/MassSpecData-02115-20261006-173216.csv,2026-10-06 17:29:29.326,3.359566666666667
2026-10-06 17:32:51.108,9.2641e-11,Torr,15.large_stm_connectingPort,spray,15.large_stm_connectingPort/MassSpecData-02115-20261006-173216.csv,2026-10-06 17:29:29.326,3.3630333333333335
2026-10-06 17:32:51.316,7.4806e-11,Torr,15.large_stm_connectingPort,spray,15.large_stm_connectingPort/MassSpecData-02115-20261006-173216.csv,2026-10-06 17:29:29.326,3.3665000000000003
2026-10-06 17:32:51.525,7.8339e-11,Torr,15.large_stm_connectingPort,spray,15.large_stm_connectingPort/MassSpecData-02115-20261006-173216.csv,2026-10-06 17:29:29.326,3.3699833333333333
2026-10-06 17:32:51.733,7.7366e-11,Torr,15.large_stm_connectingPort,spray,15.large_stm_connectingPort/MassSpecData-02115-20261006-173216.csv,2026-10-06 17:29:29.326,3.37345
2026-10-06 17:32:51.941,7.6828e-11,Torr,15.large_stm_connectingPort,spray,15.large_stm_connectingPort/MassSpecData-02115-20261006-173216.csv,2026-10-06 17:29:29.326,3.376916666666667
2026-10-06 17:32:52.150,8.1377e-11,Torr,15.large_stm_connectingPort,spray,15.large_stm_connectingPort/MassSpecData-02115-20261006-173216.csv,2026-10-06 17:29:29.326,3.3804000000000003
2026-10-06 17:32:52.358,9.5592e-11,Torr,15.large_stm_connectingPort,spray,15.large_stm_connectingPort/MassSpecData-02115-20261006-173216.csv,2026-10-06 17:29:29.326,3.383866666666667
2026-10-06 17:32:52.566,8.3312e-11,Torr,15.large_stm_connectingPort,spray,15.large_stm_connectingPort/MassSpecData-02115-20261006-173216.csv,2026-10-06 17:29:29.326,3.3873333333333333
2026-10-06 17:32:52.775,7.8628e-11,Torr,15.large_stm_connectingPort,spray,15.large_stm_connectingPort/MassSpecData-02115-20261006-173216.csv,2026-10-06 17:29:29.326,3.390816666666667
2026-10-06 17:32:52.983,8.6299e-11,Torr,15.large_stm_connectingPort,spray,15.large_stm_connectingPort/MassSpecData-02115-20261006-173216.csv,2026-10-06 17:29:29.326,3.3942833333333335
2026-10-06 17:32:53.191,7.8214e-11,Torr,15.large_stm_connectingPort,spray,15.large_stm_connectingPort/MassSpecData-02115-20261006-173216.csv,2026-10-06 17:29:29.326,3.3977500000000003
2026-10-06 17:32:53.400,7.8985e-11,Torr,15.large_stm_connectingPort,spray,15.large_stm_connectingPort/MassSpecData-02115-20261006-173216.csv,2026-10-06 17:29:29.326,3.4012333333333333
2026-10-06 17:32:53.608,8.921e-11,Torr,15.large_stm_connectingPort,spray,15.large_stm_connectingPort/MassSpecData-02115-20261006-173216.csv,2026-10-06 17:29:29.326,3.4047
2026-10-06 17:32:53.816,8.5448e-11,Torr,15.large_stm_connectingPort,spray,15.large_stm_connectingPort/MassSpecData-02115-20261006-173216.csv,2026-10-06 17:29:29.326,3.408166666666667
2026-10-06 17:32:54.025,8.1062e-11,Torr,15.large_stm_connectingPort,spray,15.large_stm_connectingPort/MassSpecData-02115-20261006-173216.csv,2026-10-06 17:29:29.326,3.4116500000000003
2026-10-06 17:32:54.233,7.925e-11,Torr,15.large_stm_connectingPort,spray,15.large_stm_connectingPort/MassSpecData-02115-20261006-173216.csv,2026-10-06 17:29:29.326,3.415116666666667
2026-10-06 17:32:54.442,8.9959e-11,Torr,15.large_stm_connectingPort,spray,15.large_stm_connectingPort/MassSpecData-02115-20261006-173216.csv,2026-10-06 17:29:29.326,3.4186
2026-10-06 17:32:54.650,7.7384e-11,Torr,15.large_stm_connectingPort,spray,15.large_stm_connectingPort/MassSpecData-02115-20261006-173216.csv,2026-10-06 17:29:29.326,3.422066666666667
2026-10-06 17:32:54.858,8.041e-11,Torr,15.large_stm_connectingPort,spray,15.large_stm_connectingPort/MassSpecData-02115-20261006-173216.csv,2026-10-06 17:29:29.326,3.4255333333333335
2026-10-06 17:32:55.067,8.2107e-11,Torr,15.large_stm_connectingPort,spray,15.large_stm_connectingPort/MassSpecData-02115-20261006-173216.csv,2026-10-06 17:29:29.326,3.429016666666667
2026-10-06 17:32:55.275,8.0568e-11,Torr,15.large_stm_connectingPort,spray,15.large_stm_connectingPort/MassSpecData-02115-20261006-173216.csv,2026-10-06 17:29:29.326,3.4324833333333333
2026-10-06 17:32:55.483,8.6896e-11,Torr,15.large_stm_connectingPort,spray,15.large_stm_connectingPort/MassSpecData-02115-20261006-173216.csv,2026-10-06 17:29:29.326,3.43595
2026-10-06 17:32:55.692,7.4065e-11,Torr,15.large_stm_connectingPort,spray,15.large_stm_connectingPort/MassSpecData-02115-20261006-173216.csv,2026-10-06 17:29:29.326,3.4394333333333336
2026-10-06 17:32:55.900,8.0077e-11,Torr,15.large_stm_connectingPort,spray,15.large_stm_connectingPort/MassSpecData-02115-20261006-173216.csv,2026-10-06 17:29:29.326,3.4429000000000003
2026-10-06 17:32:56.108,7.9183e-11,Torr,15.large_stm_connectingPort,spray,15.large_stm_connectingPort/MassSpecData-02115-20261006-173216.csv,2026-10-06 17:29:29.326,3.446366666666667
2026-10-06 17:32:56.317,7.5444e-11,Torr,15.large_stm_connectingPort,spray,15.large_stm_connectingPort/MassSpecData-02115-20261006-173216.csv,2026-10-06 17:29:29.326,3.44985
2026-10-06 17:32:56.525,8.0668e-11,Torr,15.large_stm_connectingPort,spray,15.large_stm_connectingPort/MassSpecData-02115-20261006-173216.csv,2026-10-06 17:29:29.326,3.453316666666667
2026-10-06 17:32:56.733,8.1255e-11,Torr,15.large_stm_connectingPort,spray,15.large_stm_connectingPort/MassSpecData-02115-20261006-173216.csv,2026-10-06 17:29:29.326,3.4567833333333335
2026-10-06 17:32:56.942,7.3125e-11,Torr,15.large_stm_connectingPort,spray,15.large_stm_connectingPort/MassSpecData-02115-20261006-173216.csv,2026-10-06 17:29:29.326,3.460266666666667
2026-10-06 17:32:57.150,7.5328e-11,Torr,15.large_stm_connectingPort,spray,15.large_stm_connectingPort/MassSpecData-02115-20261006-173216.csv,2026-10-06 17:29:29.326,3.4637333333333333
2026-10-06 17:32:57.358,7.6952e-11,Torr,15.large_stm_connectingPort,spray,15.large_stm_connectingPort/MassSpecData-02115-20261006-173216.csv,2026-10-06 17:29:29.326,3.4672
2026-10-06 17:32:57.567,8.2527e-11,Torr,15.large_stm_connectingPort,spray,15.large_stm_connectingPort/MassSpecData-02115-20261006-173216.csv,2026-10-06 17:29:29.326,3.4706833333333336
2026-10-06 17:32:57.775,7.6867e-11,Torr,15.large_stm_connectingPort,spray,15.large_stm_connectingPort/MassSpecData-02115-20261006-173216.csv,2026-10-06 17:29:29.326,3.4741500000000003
2026-10-06 17:32:57.983,7.8753e-11,Torr,15.large_stm_connectingPort,spray,15.large_stm_connectingPort/MassSpecData-02115-20261006-173216.csv,2026-10-06 17:29:29.326,3.477616666666667
2026-10-06 17:32:58.323,6.2451e-11,Torr,15.large_stm_connectingPort,spray,15.large_stm_connectingPort/MassSpecData-02115-20261006-173258.csv,2026-10-06 17:29:29.326,3.4832833333333335
2026-10-06 17:32:58.531,9.2667e-11,Torr,15.large_stm_connectingPort,spray,15.large_stm_connectingPort/MassSpecData-02115-20261006-173258.csv,2026-10-06 17:29:29.326,3.4867500000000002
2026-10-06 17:32:58.740,7.3027e-11,Torr,15.large_stm_connectingPort,spray,15.large_stm_connectingPort/MassSpecData-02115-20261006-173258.csv,2026-10-06 17:29:29.326,3.4902333333333333
2026-10-06 17:32:58.948,6.7699e-11,Torr,15.large_stm_connectingPort,spray,15.large_stm_connectingPort/MassSpecData-02115-20261006-173258.csv,2026-10-06 17:29:29.326,3.4937
2026-10-06 17:32:59.156,8.3124e-11,Torr,15.large_stm_connectingPort,spray,15.large_stm_connectingPort/MassSpecData-02115-20261006-173258.csv,2026-10-06 17:29:29.326,3.4971666666666668
2026-10-06 17:32:59.365,7.304e-11,Torr,15.large_stm_connectingPort,spray,15.large_stm_connectingPort/MassSpecData-02115-20261006-173258.csv,2026-10-06 17:29:29.326,3.50065
2026-10-06 17:32:59.573,7.7635e-11,Torr,15.large_stm_connectingPort,spray,15.large_stm_connectingPort/MassSpecData-02115-20261006-173258.csv,2026-10-06 17:29:29.326,3.504116666666667
2026-10-06 17:32:59.781,8.706e-11,Torr,15.large_stm_connectingPort,spray,15.large_stm_connectingPort/MassSpecData-02115-20261006-173258.csv,2026-10-06 17:29:29.326,3.5075833333333337
2026-10-06 17:32:59.989,8.0551e-11,Torr,15.large_stm_connectingPort,spray,15.large_stm_connectingPort/MassSpecData-02115-20261006-173258.csv,2026-10-06 17:29:29.326,3.51105
2026-10-06 17:33:00.198,7.5785e-11,Torr,15.large_stm_connectingPort,spray,15.large_stm_connectingPort/MassSpecData-02115-20261006-173258.csv,2026-10-06 17:29:29.326,3.5145333333333335
2026-10-06 17:33:00.406,7.3264e-11,Torr,15.large_stm_connectingPort,spray,15.large_stm_connectingPort/MassSpecData-02115-20261006-173258.csv,2026-10-06 17:29:29.326,3.5180000000000002
2026-10-06 17:33:00.615,6.9908e-11,Torr,15.large_stm_connectingPort,spray,15.large_stm_connectingPort/MassSpecData-02115-20261006-173258.csv,2026-10-06 17:29:29.326,3.5214833333333333
2026-10-06 17:33:00.823,7.374e-11,Torr,15.large_stm_connectingPort,spray,15.large_stm_connectingPort/MassSpecData-02115-20261006-173258.csv,2026-10-06 17:29:29.326,3.52495
2026-10-06 17:33:01.031,9.0914e-11,Torr,15.large_stm_connectingPort,spray,15.large_stm_connectingPort/MassSpecData-02115-20261006-173258.csv,2026-10-06 17:29:29.326,3.5284166666666668
2026-10-06 17:33:01.240,8.0114e-11,Torr,15.large_stm_connectingPort,spray,15.large_stm_connectingPort/MassSpecData-02115-20261006-173258.csv,2026-10-06 17:29:29.326,3.5319
2026-10-06 17:33:01.448,7.9119e-11,Torr,15.large_stm_connectingPort,spray,15.large_stm_connectingPort/MassSpecData-02115-20261006-173258.csv,2026-10-06 17:29:29.326,3.535366666666667
2026-10-06 17:33:01.656,8.027e-11,Torr,15.large_stm_connectingPort,spray,15.large_stm_connectingPort/MassSpecData-02115-20261006-173258.csv,2026-10-06 17:29:29.326,3.5388333333333337
2026-10-06 17:33:01.865,7.7267e-11,Torr,15.large_stm_connectingPort,spray,15.large_stm_connectingPort/MassSpecData-02115-20261006-173258.csv,2026-10-06 17:29:29.326,3.5423166666666663
2026-10-06 17:33:02.073,7.452e-11,Torr,15.large_stm_connectingPort,spray,15.large_stm_connectingPort/MassSpecData-02115-20261006-173258.csv,2026-10-06 17:29:29.326,3.5457833333333335
2026-10-06 17:33:02.281,7.4935e-11,Torr,15.large_stm_connectingPort,spray,15.large_stm_connectingPort/MassSpecData-02115-20261006-173258.csv,2026-10-06 17:29:29.326,3.5492500000000002
2026-10-06 17:33:02.490,7.4371e-11,Torr,15.large_stm_connectingPort,spray,15.large_stm_connectingPort/MassSpecData-02115-20261006-173258.csv,2026-10-06 17:29:29.326,3.5527333333333333
2026-10-06 17:33:02.698,8.7162e-11,Torr,15.large_stm_connectingPort,spray,15.large_stm_connectingPort/MassSpecData-02115-20261006-173258.csv,2026-10-06 17:29:29.326,3.5562
2026-10-06 17:33:02.906,7.5518e-11,Torr,15.large_stm_connectingPort,spray,15.large_stm_connectingPort/MassSpecData-02115-20261006-173258.csv,2026-10-06 17:29:29.326,3.5596666666666668
2026-10-06 17:33:03.115,8.1425e-11,Torr,15.large_stm_connectingPort,spray,15.large_stm_connectingPort/MassSpecData-02115-20261006-173258.csv,2026-10-06 17:29:29.326,3.56315
2026-10-06 17:33:03.323,8.4349e-11,Torr,15.large_stm_connectingPort,spray,15.large_stm_connectingPort/MassSpecData-02115-20261006-173258.csv,2026-10-06 17:29:29.326,3.566616666666667
2026-10-06 17:33:03.531,7.6434e-11,Torr,15.large_stm_connectingPort,spray,15.large_stm_connectingPort/MassSpecData-02115-20261006-173258.csv,2026-10-06 17:29:29.326,3.5700833333333337
2026-10-06 17:33:03.739,7.3054e-11,Torr,15.large_stm_connectingPort,spray,15.large_stm_connectingPort/MassSpecData-02115-20261006-173258.csv,2026-10-06 17:29:29.326,3.57355
2026-10-06 17:33:03.948,7.9896e-11,Torr,15.large_stm_connectingPort,spray,15.large_stm_connectingPort/MassSpecData-02115-20261006-173258.csv,2026-10-06 17:29:29.326,3.5770333333333335
2026-10-06 17:33:04.156,7.9345e-11,Torr,15.large_stm_connectingPort,spray,15.large_stm_connectingPort/MassSpecData-02115-20261006-173258.csv,2026-10-06 17:29:29.326,3.5805000000000002
2026-10-06 17:33:04.364,9.9158e-11,Torr,15.large_stm_connectingPort,spray,15.large_stm_connectingPort/MassSpecData-02115-20261006-173258.csv,2026-10-06 17:29:29.326,3.583966666666667
2026-10-06 17:33:04.573,8.6769e-11,Torr,15.large_stm_connectingPort,spray,15.large_stm_connectingPort/MassSpecData-02115-20261006-173258.csv,2026-10-06 17:29:29.326,3.58745
2026-10-06 17:33:04.781,7.3837e-11,Torr,15.large_stm_connectingPort,spray,15.large_stm_connectingPort/MassSpecData-02115-20261006-173258.csv,2026-10-06 17:29:29.326,3.5909166666666668
2026-10-06 17:33:04.989,8.1084e-11,Torr,15.large_stm_connectingPort,spray,15.large_stm_connectingPort/MassSpecData-02115-20261006-173258.csv,2026-10-06 17:29:29.326,3.5943833333333335
2026-10-06 17:33:05.198,6.5932e-11,Torr,15.large_stm_connectingPort,spray,15.large_stm_connectingPort/MassSpecData-02115-20261006-173258.csv,2026-10-06 17:29:29.326,3.597866666666667
2026-10-06 17:33:05.406,8.5704e-11,Torr,15.large_stm_connectingPort,spray,15.large_stm_connectingPort/MassSpecData-02115-20261006-173258.csv,2026-10-06 17:29:29.326,3.6013333333333337
2026-10-06 17:33:05.614,8.3406e-11,Torr,15.large_stm_connectingPort,spray,15.large_stm_connectingPort/MassSpecData-02115-20261006-173258.csv,2026-10-06 17:29:29.326,3.6048
2026-10-06 17:33:05.823,7.3802e-11,Torr,15.large_stm_connectingPort,spray,15.large_stm_connectingPort/MassSpecData-02115-20261006-173258.csv,2026-10-06 17:29:29.326,3.6082833333333335
2026-10-06 17:33:06.031,7.6944e-11,Torr,15.large_stm_connectingPort,spray,15.large_stm_connectingPort/MassSpecData-02115-20261006-173258.csv,2026-10-06 17:29:29.326,3.6117500000000002
2026-10-06 17:33:06.239,7.849e-11,Torr,15.large_stm_connectingPort,spray,15.large_stm_connectingPort/MassSpecData-02115-20261006-173258.csv,2026-10-06 17:29:29.326,3.615216666666667
2026-10-06 17:33:06.448,7.8901e-11,Torr,15.large_stm_connectingPort,spray,15.large_stm_connectingPort/MassSpecData-02115-20261006-173258.csv,2026-10-06 17:29:29.326,3.6187
2026-10-06 17:33:06.656,8.5662e-11,Torr,15.large_stm_connectingPort,spray,15.large_stm_connectingPort/MassSpecData-02115-20261006-173258.csv,2026-10-06 17:29:29.326,3.6221666666666668
2026-10-06 17:33:06.864,8.1799e-11,Torr,15.large_stm_connectingPort,spray,15.large_stm_connectingPort/MassSpecData-02115-20261006-173258.csv,2026-10-06 17:29:29.326,3.6256333333333335
2026-10-06 17:33:07.073,7.8895e-11,Torr,15.large_stm_connectingPort,spray,15.large_stm_connectingPort/MassSpecData-02115-20261006-173258.csv,2026-10-06 17:29:29.326,3.629116666666667
2026-10-06 17:33:07.281,8.7124e-11,Torr,15.large_stm_connectingPort,spray,15.large_stm_connectingPort/MassSpecData-02115-20261006-173258.csv,2026-10-06 17:29:29.326,3.6325833333333337
2026-10-06 17:33:07.490,7.2578e-11,Torr,15.large_stm_connectingPort,spray,15.large_stm_connectingPort/MassSpecData-02115-20261006-173258.csv,2026-10-06 17:29:29.326,3.6360666666666663
2026-10-06 17:33:07.698,8.027e-11,Torr,15.large_stm_connectingPort,spray,15.large_stm_connectingPort/MassSpecData-02115-20261006-173258.csv,2026-10-06 17:29:29.326,3.6395333333333335
2026-10-06 17:33:07.906,8.4281e-11,Torr,15.large_stm_connectingPort,spray,15.large_stm_connectingPort/MassSpecData-02115-20261006-173258.csv,2026-10-06 17:29:29.326,3.6430000000000002
2026-10-06 17:33:08.115,8.2805e-11,Torr,15.large_stm_connectingPort,spray,15.large_stm_connectingPort/MassSpecData-02115-20261006-173258.csv,2026-10-06 17:29:29.326,3.6464833333333333
2026-10-06 17:33:08.323,7.5562e-11,Torr,15.large_stm_connectingPort,spray,15.large_stm_connectingPort/MassSpecData-02115-20261006-173258.csv,2026-10-06 17:29:29.326,3.64995
2026-10-06 17:33:08.531,7.9275e-11,Torr,15.large_stm_connectingPort,spray,15.large_stm_connectingPort/MassSpecData-02115-20261006-173258.csv,2026-10-06 17:29:29.326,3.6534166666666668
2026-10-06 17:33:08.740,9.4774e-11,Torr,15.large_stm_connectingPort,spray,15.large_stm_connectingPort/MassSpecData-02115-20261006-173258.csv,2026-10-06 17:29:29.326,3.6569
2026-10-06 17:33:08.948,8.4308e-11,Torr,15.large_stm_connectingPort,spray,15.large_stm_connectingPort/MassSpecData-02115-20261006-173258.csv,2026-10-06 17:29:29.326,3.660366666666667
2026-10-06 17:33:09.156,8.3949e-11,Torr,15.large_stm_connectingPort,spray,15.large_stm_connectingPort/MassSpecData-02115-20261006-173258.csv,2026-10-06 17:29:29.326,3.6638333333333337
2026-10-06 17:33:09.365,7.5519e-11,Torr,15.large_stm_connectingPort,spray,15.large_stm_connectingPort/MassSpecData-02115-20261006-173258.csv,2026-10-06 17:29:29.326,3.6673166666666663
2026-10-06 17:33:09.573,7.2722e-11,Torr,15.large_stm_connectingPort,spray,15.large_stm_connectingPort/MassSpecData-02115-20261006-173258.csv,2026-10-06 17:29:29.326,3.6707833333333335
2026-10-06 17:33:09.781,7.4239e-11,Torr,15.large_stm_connectingPort,spray,15.large_stm_connectingPort/MassSpecData-02115-20261006-173258.csv,2026-10-06 17:29:29.326,3.6742500000000002
2026-10-06 17:33:09.990,7.3105e-11,Torr,15.large_stm_connectingPort,spray,15.large_stm_connectingPort/MassSpecData-02115-20261006-173258.csv,2026-10-06 17:29:29.326,3.6777333333333333
2026-10-06 17:33:10.198,7.4606e-11,Torr,15.large_stm_connectingPort,spray,15.large_stm_connectingPort/MassSpecData-02115-20261006-173258.csv,2026-10-06 17:29:29.326,3.6812
2026-10-06 17:33:10.406,8.3692e-11,Torr,15.large_stm_connectingPort,spray,15.large_stm_connectingPort/MassSpecData-02115-20261006-173258.csv,2026-10-06 17:29:29.326,3.6846666666666668
2026-10-06 17:33:10.615,8.013e-11,Torr,15.large_stm_connectingPort,spray,15.large_stm_connectingPort/MassSpecData-02115-20261006-173258.csv,2026-10-06 17:29:29.326,3.68815
2026-10-06 17:33:10.823,6.2498e-11,Torr,15.large_stm_connectingPort,spray,15.large_stm_connectingPort/MassSpecData-02115-20261006-173258.csv,2026-10-06 17:29:29.326,3.691616666666667
2026-10-06 17:33:11.031,7.4738e-11,Torr,15.large_stm_connectingPort,spray,15.large_stm_connectingPort/MassSpecData-02115-20261006-173258.csv,2026-10-06 17:29:29.326,3.6950833333333337
2026-10-06 17:33:11.240,8.3008e-11,Torr,15.large_stm_connectingPort,spray,15.large_stm_connectingPort/MassSpecData-02115-20261006-173258.csv,2026-10-06 17:29:29.326,3.6985666666666663
2026-10-06 17:33:11.448,7.9901e-11,Torr,15.large_stm_connectingPort,spray,15.large_stm_connectingPort/MassSpecData-02115-20261006-173258.csv,2026-10-06 17:29:29.326,3.7020333333333335
2026-10-06 17:33:11.656,6.3803e-11,Torr,15.large_stm_connectingPort,spray,15.large_stm_connectingPort/MassSpecData-02115-20261006-173258.csv,2026-10-06 17:29:29.326,3.7055000000000002
2026-10-06 17:33:11.865,7.2384e-11,Torr,15.large_stm_connectingPort,spray,15.large_stm_connectingPort/MassSpecData-02115-20261006-173258.csv,2026-10-06 17:29:29.326,3.7089833333333333
2026-10-06 17:33:12.073,8.4981e-11,Torr,15.large_stm_connectingPort,spray,15.large_stm_connectingPort/MassSpecData-02115-20261006-173258.csv,2026-10-06 17:29:29.326,3.71245
2026-10-06 17:33:12.281,8.3667e-11,Torr,15.large_stm_connectingPort,spray,15.large_stm_connectingPort/MassSpecData-02115-20261006-173258.csv,2026-10-06 17:29:29.326,3.7159166666666668
2026-10-06 17:33:12.490,8.6546e-11,Torr,15.large_stm_connectingPort,spray,15.large_stm_connectingPort/MassSpecData-02115-20261006-173258.csv,2026-10-06 17:29:29.326,3.7194
2026-10-06 17:33:12.698,9.6615e-11,Torr,15.large_stm_connectingPort,spray,15.large_stm_connectingPort/MassSpecData-02115-20261006-173258.csv,2026-10-06 17:29:29.326,3.722866666666667
2026-10-06 17:33:12.906,6.5889e-11,Torr,15.large_stm_connectingPort,spray,15.large_stm_connectingPort/MassSpecData-02115-20261006-173258.csv,2026-10-06 17:29:29.326,3.7263333333333337
2026-10-06 17:33:13.115,8.9276e-11,Torr,15.large_stm_connectingPort,spray,15.large_stm_connectingPort/MassSpecData-02115-20261006-173258.csv,2026-10-06 17:29:29.326,3.7298166666666663
2026-10-06 17:33:13.323,7.2294e-11,Torr,15.large_stm_connectingPort,spray,15.large_stm_connectingPort/MassSpecData-02115-20261006-173258.csv,2026-10-06 17:29:29.326,3.7332833333333335
2026-10-06 17:33:13.531,7.224e-11,Torr,15.large_stm_connectingPort,spray,15.large_stm_connectingPort/MassSpecData-02115-20261006-173258.csv,2026-10-06 17:29:29.326,3.7367500000000002
2026-10-06 17:33:13.740,8.0944e-11,Torr,15.large_stm_connectingPort,spray,15.large_stm_connectingPort/MassSpecData-02115-20261006-173258.csv,2026-10-06 17:29:29.326,3.7402333333333333
2026-10-06 17:33:13.948,8.4283e-11,Torr,15.large_stm_connectingPort,spray,15.large_stm_connectingPort/MassSpecData-02115-20261006-173258.csv,2026-10-06 17:29:29.326,3.7437
2026-10-06 17:33:14.156,7.2227e-11,Torr,15.large_stm_connectingPort,spray,15.large_stm_connectingPort/MassSpecData-02115-20261006-173258.csv,2026-10-06 17:29:29.326,3.7471666666666668
2026-10-06 17:33:14.365,7.6973e-11,Torr,15.large_stm_connectingPort,spray,15.large_stm_connectingPort/MassSpecData-02115-20261006-173258.csv,2026-10-06 17:29:29.326,3.75065
2026-10-06 17:33:14.573,7.4649e-11,Torr,15.large_stm_connectingPort,spray,15.large_stm_connectingPort/MassSpecData-02115-20261006-173258.csv,2026-10-06 17:29:29.326,3.754116666666667
2026-10-06 17:33:14.781,8.108e-11,Torr,15.large_stm_connectingPort,spray,15.large_stm_connectingPort/MassSpecData-02115-20261006-173258.csv,2026-10-06 17:29:29.326,3.7575833333333337
2026-10-06 17:33:14.990,6.7012e-11,Torr,15.large_stm_connectingPort,spray,15.large_stm_connectingPort/MassSpecData-02115-20261006-173258.csv,2026-10-06 17:29:29.326,3.7610666666666663
2026-10-06 17:33:15.198,8.8785e-11,Torr,15.large_stm_connectingPort,spray,15.large_stm_connectingPort/MassSpecData-02115-20261006-173258.csv,2026-10-06 17:29:29.326,3.7645333333333335
2026-10-06 17:33:15.406,7.0645e-11,Torr,15.large_stm_connectingPort,spray,15.large_stm_connectingPort/MassSpecData-02115-20261006-173258.csv,2026-10-06 17:29:29.326,3.7680000000000002
2026-10-06 17:33:15.615,7.8192e-11,Torr,15.large_stm_connectingPort,spray,15.large_stm_connectingPort/MassSpecData-02115-20261006-173258.csv,2026-10-06 17:29:29.326,3.7714833333333333
2026-10-06 17:33:15.823,7.5252e-11,Torr,15.large_stm_connectingPort,spray,15.large_stm_connectingPort/MassSpecData-02115-20261006-173258.csv,2026-10-06 17:29:29.326,3.77495
2026-10-06 17:33:16.031,7.1226e-11,Torr,15.large_stm_connectingPort,spray,15.large_stm_connectingPort/MassSpecData-02115-20261006-173258.csv,2026-10-06 17:29:29.326,3.7784166666666668
2026-10-06 17:33:16.240,7.5032e-11,Torr,15.large_stm_connectingPort,spray,15.large_stm_connectingPort/MassSpecData-02115-20261006-173258.csv,2026-10-06 17:29:29.326,3.7819
2026-10-06 17:33:16.448,8.4853e-11,Torr,15.large_stm_connectingPort,spray,15.large_stm_connectingPort/MassSpecData-02115-20261006-173258.csv,2026-10-06 17:29:29.326,3.785366666666667
2026-10-06 17:33:16.656,8.8105e-11,Torr,15.large_stm_connectingPort,spray,15.large_stm_connectingPort/MassSpecData-02115-20261006-173258.csv,2026-10-06 17:29:29.326,3.7888333333333337
2026-10-06 17:33:16.865,7.6355e-11,Torr,15.large_stm_connectingPort,spray,15.large_stm_connectingPort/MassSpecData-02115-20261006-173258.csv,2026-10-06 17:29:29.326,3.7923166666666663
2026-10-06 17:33:17.073,7.6325e-11,Torr,15.large_stm_connectingPort,spray,15.large_stm_connectingPort/MassSpecData-02115-20261006-173258.csv,2026-10-06 17:29:29.326,3.7957833333333335
2026-10-06 17:33:17.281,8.3448e-11,Torr,15.large_stm_connectingPort,spray,15.large_stm_connectingPort/MassSpecData-02115-20261006-173258.csv,2026-10-06 17:29:29.326,3.7992500000000002
2026-10-06 17:33:17.490,8.2636e-11,Torr,15.large_stm_connectingPort,spray,15.large_stm_connectingPort/MassSpecData-02115-20261006-173258.csv,2026-10-06 17:29:29.326,3.8027333333333333
2026-10-06 17:33:17.698,8.7769e-11,Torr,15.large_stm_connectingPort,spray,15.large_stm_connectingPort/MassSpecData-02115-20261006-173258.csv,2026-10-06 17:29:29.326,3.8062
2026-10-06 17:33:17.906,6.9921e-11,Torr,15.large_stm_connectingPort,spray,15.large_stm_connectingPort/MassSpecData-02115-20261006-173258.csv,2026-10-06 17:29:29.326,3.8096666666666668
2026-10-06 17:33:18.114,7.6049e-11,Torr,15.large_stm_connectingPort,spray,15.large_stm_connectingPort/MassSpecData-02115-20261006-173258.csv,2026-10-06 17:29:29.326,3.8131333333333335
2026-10-06 17:33:18.323,8.6865e-11,Torr,15.large_stm_connectingPort,spray,15.large_stm_connectingPort/MassSpecData-02115-20261006-173258.csv,2026-10-06 17:29:29.326,3.816616666666667
2026-10-06 17:33:18.531,7.8303e-11,Torr,15.large_stm_connectingPort,spray,15.large_stm_connectingPort/MassSpecData-02115-20261006-173258.csv,2026-10-06 17:29:29.326,3.8200833333333337
2026-10-06 17:33:18.739,6.5262e-11,Torr,15.large_stm_connectingPort,spray,15.large_stm_connectingPort/MassSpecData-02115-20261006-173258.csv,2026-10-06 17:29:29.326,3.82355
2026-10-06 17:33:18.948,8.9215e-11,Torr,15.large_stm_connectingPort,spray,15.large_stm_connectingPort/MassSpecData-02115-20261006-173258.csv,2026-10-06 17:29:29.326,3.8270333333333335
2026-10-06 17:33:19.156,6.6108e-11,Torr,15.large_stm_connectingPort,spray,15.large_stm_connectingPort/MassSpecData-02115-20261006-173258.csv,2026-10-06 17:29:29.326,3.8305000000000002
2026-10-06 17:33:19.364,8.8354e-11,Torr,15.large_stm_connectingPort,spray,15.large_stm_connectingPort/MassSpecData-02115-20261006-173258.csv,2026-10-06 17:29:29.326,3.833966666666667
2026-10-06 17:33:19.573,9.578e-11,Torr,15.large_stm_connectingPort,spray,15.large_stm_connectingPort/MassSpecData-02115-20261006-173258.csv,2026-10-06 17:29:29.326,3.83745
2026-10-06 17:33:19.781,7.5393e-11,Torr,15.large_stm_connectingPort,spray,15.large_stm_connectingPort/MassSpecData-02115-20261006-173258.csv,2026-10-06 17:29:29.326,3.8409166666666668
2026-10-06 17:33:19.989,7.431e-11,Torr,15.large_stm_connectingPort,spray,15.large_stm_connectingPort/MassSpecData-02115-20261006-173258.csv,2026-10-06 17:29:29.326,3.8443833333333335
2026-10-06 17:33:20.198,7.5664e-11,Torr,15.large_stm_connectingPort,spray,15.large_stm_connectingPort/MassSpecData-02115-20261006-173258.csv,2026-10-06 17:29:29.326,3.847866666666667
2026-10-06 17:33:20.406,8.3383e-11,Torr,15.large_stm_connectingPort,spray,15.large_stm_connectingPort/MassSpecData-02115-20261006-173258.csv,2026-10-06 17:29:29.326,3.8513333333333337
2026-10-06 17:33:20.614,8.6983e-11,Torr,15.large_stm_connectingPort,spray,15.large_stm_connectingPort/MassSpecData-02115-20261006-173258.csv,2026-10-06 17:29:29.326,3.8548
2026-10-06 17:33:20.823,7.4439e-11,Torr,15.large_stm_connectingPort,spray,15.large_stm_connectingPort/MassSpecData-02115-20261006-173258.csv,2026-10-06 17:29:29.326,3.8582833333333335
2026-10-06 17:33:21.031,7.5716e-11,Torr,15.large_stm_connectingPort,spray,15.large_stm_connectingPort/MassSpecData-02115-20261006-173258.csv,2026-10-06 17:29:29.326,3.8617500000000002
2026-10-06 17:33:21.239,8.0673e-11,Torr,15.large_stm_connectingPort,spray,15.large_stm_connectingPort/MassSpecData-02115-20261006-173258.csv,2026-10-06 17:29:29.326,3.865216666666667
2026-10-06 17:33:21.448,8.4676e-11,Torr,15.large_stm_connectingPort,spray,15.large_stm_connectingPort/MassSpecData-02115-20261006-173258.csv,2026-10-06 17:29:29.326,3.8687
2026-10-06 17:33:21.656,8.0636e-11,Torr,15.large_stm_connectingPort,spray,15.large_stm_connectingPort/MassSpecData-02115-20261006-173258.csv,2026-10-06 17:29:29.326,3.8721666666666668
2026-10-06 17:33:21.864,6.9832e-11,Torr,15.large_stm_connectingPort,spray,15.large_stm_connectingPort/MassSpecData-02115-20261006-173258.csv,2026-10-06 17:29:29.326,3.8756333333333335
2026-10-06 17:33:22.073,7.181e-11,Torr,15.large_stm_connectingPort,spray,15.large_stm_connectingPort/MassSpecData-02115-20261006-173258.csv,2026-10-06 17:29:29.326,3.879116666666667
2026-10-06 17:33:22.281,7.7905e-11,Torr,15.large_stm_connectingPort,spray,15.large_stm_connectingPort/MassSpecData-02115-20261006-173258.csv,2026-10-06 17:29:29.326,3.8825833333333337
2026-10-06 17:33:22.489,8.7488e-11,Torr,15.large_stm_connectingPort,spray,15.large_stm_connectingPort/MassSpecData-02115-20261006-173258.csv,2026-10-06 17:29:29.326,3.88605
2026-10-06 17:33:22.698,7.8929e-11,Torr,15.large_stm_connectingPort,spray,15.large_stm_connectingPort/MassSpecData-02115-20261006-173258.csv,2026-10-06 17:29:29.326,3.8895333333333335
2026-10-06 17:33:22.906,8.8661e-11,Torr,15.large_stm_connectingPort,spray,15.large_stm_connectingPort/MassSpecData-02115-20261006-173258.csv,2026-10-06 17:29:29.326,3.8930000000000002
2026-10-06 17:33:23.114,8.1863e-11,Torr,15.large_stm_connectingPort,spray,15.large_stm_connectingPort/MassSpecData-02115-20261006-173258.csv,2026-10-06 17:29:29.326,3.896466666666667
2026-10-06 17:33:23.323,7.4457e-11,Torr,15.large_stm_connectingPort,spray,15.large_stm_connectingPort/MassSpecData-02115-20261006-173258.csv,2026-10-06 17:29:29.326,3.89995
2026-10-06 17:33:23.531,7.2687e-11,Torr,15.large_stm_connectingPort,spray,15.large_stm_connectingPort/MassSpecData-02115-20261006-173258.csv,2026-10-06 17:29:29.326,3.9034166666666668
2026-10-06 17:33:23.739,8.7438e-11,Torr,15.large_stm_connectingPort,spray,15.large_stm_connectingPort/MassSpecData-02115-20261006-173258.csv,2026-10-06 17:29:29.326,3.9068833333333335
2026-10-06 17:33:23.948,7.0644e-11,Torr,15.large_stm_connectingPort,spray,15.large_stm_connectingPort/MassSpecData-02115-20261006-173258.csv,2026-10-06 17:29:29.326,3.910366666666667
2026-10-06 17:33:24.156,7.4775e-11,Torr,15.large_stm_connectingPort,spray,15.large_stm_connectingPort/MassSpecData-02115-20261006-173258.csv,2026-10-06 17:29:29.326,3.9138333333333337
2026-10-06 17:33:24.364,7.59e-11,Torr,15.large_stm_connectingPort,spray,15.large_stm_connectingPort/MassSpecData-02115-20261006-173258.csv,2026-10-06 17:29:29.326,3.9173
2026-10-06 17:33:24.573,7.11e-11,Torr,15.large_stm_connectingPort,spray,15.large_stm_connectingPort/MassSpecData-02115-20261006-173258.csv,2026-10-06 17:29:29.326,3.9207833333333335
2026-10-06 17:33:24.781,6.7569e-11,Torr,15.large_stm_connectingPort,spray,15.large_stm_connectingPort/MassSpecData-02115-20261006-173258.csv,2026-10-06 17:29:29.326,3.9242500000000002
2026-10-06 17:33:24.989,6.5593e-11,Torr,15.large_stm_connectingPort,spray,15.large_stm_connectingPort/MassSpecData-02115-20261006-173258.csv,2026-10-06 17:29:29.326,3.927716666666667
2026-10-06 17:33:25.198,8.3265e-11,Torr,15.large_stm_connectingPort,spray,15.large_stm_connectingPort/MassSpecData-02115-20261006-173258.csv,2026-10-06 17:29:29.326,3.9312
2026-10-06 17:33:25.406,7.8912e-11,Torr,15.large_stm_connectingPort,spray,15.large_stm_connectingPort/MassSpecData-02115-20261006-173258.csv,2026-10-06 17:29:29.326,3.9346666666666668
2026-10-06 17:33:25.614,8.5988e-11,Torr,15.large_stm_connectingPort,spray,15.large_stm_connectingPort/MassSpecData-02115-20261006-173258.csv,2026-10-06 17:29:29.326,3.9381333333333335
2026-10-06 17:33:25.823,7.7989e-11,Torr,15.large_stm_connectingPort,spray,15.large_stm_connectingPort/MassSpecData-02115-20261006-173258.csv,2026-10-06 17:29:29.326,3.941616666666667
2026-10-06 17:33:26.031,8.247e-11,Torr,15.large_stm_connectingPort,spray,15.large_stm_connectingPort/MassSpecData-02115-20261006-173258.csv,2026-10-06 17:29:29.326,3.9450833333333337
2026-10-06 17:33:26.239,8.2796e-11,Torr,15.large_stm_connectingPort,spray,15.large_stm_connectingPort/MassSpecData-02115-20261006-173258.csv,2026-10-06 17:29:29.326,3.94855
2026-10-06 17:33:26.448,7.0721e-11,Torr,15.large_stm_connectingPort,spray,15.large_stm_connectingPort/MassSpecData-02115-20261006-173258.csv,2026-10-06 17:29:29.326,3.9520333333333335
2026-10-06 17:33:26.656,9.7241e-11,Torr,15.large_stm_connectingPort,spray,15.large_stm_connectingPort/MassSpecData-02115-20261006-173258.csv,2026-10-06 17:29:29.326,3.9555000000000002
2026-10-06 17:33:26.864,9.6666e-11,Torr,15.large_stm_connectingPort,spray,15.large_stm_connectingPort/MassSpecData-02115-20261006-173258.csv,2026-10-06 17:29:29.326,3.958966666666667
2026-10-06 17:33:27.073,7.3967e-11,Torr,15.large_stm_connectingPort,spray,15.large_stm_connectingPort/MassSpecData-02115-20261006-173258.csv,2026-10-06 17:29:29.326,3.96245
2026-10-06 17:33:27.281,7.6162e-11,Torr,15.large_stm_connectingPort,spray,15.large_stm_connectingPort/MassSpecData-02115-20261006-173258.csv,2026-10-06 17:29:29.326,3.9659166666666668
2026-10-06 17:33:27.489,7.9787e-11,Torr,15.large_stm_connectingPort,spray,15.large_stm_connectingPort/MassSpecData-02115-20261006-173258.csv,2026-10-06 17:29:29.326,3.9693833333333335
2026-10-06 17:33:27.698,8.3101e-11,Torr,15.large_stm_connectingPort,spray,15.large_stm_connectingPort/MassSpecData-02115-20261006-173258.csv,2026-10-06 17:29:29.326,3.972866666666667
2026-10-06 17:33:27.906,7.2974e-11,Torr,15.large_stm_connectingPort,spray,15.large_stm_connectingPort/MassSpecData-02115-20261006-173258.csv,2026-10-06 17:29:29.326,3.9763333333333337
2026-10-06 17:33:28.114,6.4021e-11,Torr,15.large_stm_connectingPort,spray,15.large_stm_connectingPort/MassSpecData-02115-20261006-173258.csv,2026-10-06 17:29:29.326,3.9798
2026-10-06 17:33:28.323,8.0349e-11,Torr,15.large_stm_connectingPort,spray,15.large_stm_connectingPort/MassSpecData-02115-20261006-173258.csv,2026-10-06 17:29:29.326,3.9832833333333335
2026-10-06 17:33:28.531,8.9752e-11,Torr,15.large_stm_connectingPort,spray,15.large_stm_connectingPort/MassSpecData-02115-20261006-173258.csv,2026-10-06 17:29:29.326,3.9867500000000002
2026-10-06 17:33:28.739,7.9792e-11,Torr,15.large_stm_connectingPort,spray,15.large_stm_connectingPort/MassSpecData-02115-20261006-173258.csv,2026-10-06 17:29:29.326,3.990216666666667
2026-10-06 17:33:28.948,7.2175e-11,Torr,15.large_stm_connectingPort,spray,15.large_stm_connectingPort/MassSpecData-02115-20261006-173258.csv,2026-10-06 17:29:29.326,3.9937
2026-10-06 17:33:29.156,8.0857e-11,Torr,15.large_stm_connectingPort,spray,15.large_stm_connectingPort/MassSpecData-02115-20261006-173258.csv,2026-10-06 17:29:29.326,3.9971666666666668
2026-10-06 17:33:29.364,7.6855e-11,Torr,15.large_stm_connectingPort,spray,15.large_stm_connectingPort/MassSpecData-02115-20261006-173258.csv,2026-10-06 17:29:29.326,4.000633333333334
2026-10-06 17:33:29.573,9.0755e-11,Torr,15.large_stm_connectingPort,spray,15.large_stm_connectingPort/MassSpecData-02115-20261006-173258.csv,2026-10-06 17:29:29.326,4.0041166666666665
2026-10-06 17:33:29.781,9.0647e-11,Torr,15.large_stm_connectingPort,spray,15.large_stm_connectingPort/MassSpecData-02115-20261006-173258.csv,2026-10-06 17:29:29.326,4.007583333333334
2026-10-06 17:33:29.989,7.3475e-11,Torr,15.large_stm_connectingPort,spray,15.large_stm_connectingPort/MassSpecData-02115-20261006-173258.csv,2026-10-06 17:29:29.326,4.01105
2026-10-06 17:33:30.198,7.4948e-11,Torr,15.large_stm_connectingPort,spray,15.large_stm_connectingPort/MassSpecData-02115-20261006-173258.csv,2026-10-06 17:29:29.326,4.0145333333333335
2026-10-06 17:33:30.406,7.5305e-11,Torr,15.large_stm_connectingPort,spray,15.large_stm_connectingPort/MassSpecData-02115-20261006-173258.csv,2026-10-06 17:29:29.326,4.018
2026-10-06 17:33:30.614,9.0353e-11,Torr,15.large_stm_connectingPort,spray,15.large_stm_connectingPort/MassSpecData-02115-20261006-173258.csv,2026-10-06 17:29:29.326,4.021466666666667
2026-10-06 17:33:30.823,5.7586e-11,Torr,15.large_stm_connectingPort,spray,15.large_stm_connectingPort/MassSpecData-02115-20261006-173258.csv,2026-10-06 17:29:29.326,4.0249500000000005
2026-10-06 17:33:31.031,6.8917e-11,Torr,15.large_stm_connectingPort,spray,15.large_stm_connectingPort/MassSpecData-02115-20261006-173258.csv,2026-10-06 17:29:29.326,4.028416666666667
2026-10-06 17:33:31.239,7.7968e-11,Torr,15.large_stm_connectingPort,spray,15.large_stm_connectingPort/MassSpecData-02115-20261006-173258.csv,2026-10-06 17:29:29.326,4.031883333333334
2026-10-06 17:33:31.448,9.5866e-11,Torr,15.large_stm_connectingPort,spray,15.large_stm_connectingPort/MassSpecData-02115-20261006-173258.csv,2026-10-06 17:29:29.326,4.0353666666666665
2026-10-06 17:33:31.656,7.7098e-11,Torr,15.large_stm_connectingPort,spray,15.large_stm_connectingPort/MassSpecData-02115-20261006-173258.csv,2026-10-06 17:29:29.326,4.038833333333334
2026-10-06 17:33:31.864,8.6512e-11,Torr,15.large_stm_connectingPort,spray,15.large_stm_connectingPort/MassSpecData-02115-20261006-173258.csv,2026-10-06 17:29:29.326,4.0423
2026-10-06 17:33:32.073,7.9266e-11,Torr,15.large_stm_connectingPort,spray,15.large_stm_connectingPort/MassSpecData-02115-20261006-173258.csv,2026-10-06 17:29:29.326,4.0457833333333335
2026-10-06 17:33:32.281,8.8042e-11,Torr,15.large_stm_connectingPort,spray,15.large_stm_connectingPort/MassSpecData-02115-20261006-173258.csv,2026-10-06 17:29:29.326,4.04925
2026-10-06 17:33:32.489,8.4788e-11,Torr,15.large_stm_connectingPort,spray,15.large_stm_connectingPort/MassSpecData-02115-20261006-173258.csv,2026-10-06 17:29:29.326,4.052716666666667
2026-10-06 17:33:32.698,8.0886e-11,Torr,15.large_stm_connectingPort,spray,15.large_stm_connectingPort/MassSpecData-02115-20261006-173258.csv,2026-10-06 17:29:29.326,4.0562000000000005
2026-10-06 17:33:32.906,7.776e-11,Torr,15.large_stm_connectingPort,spray,15.large_stm_connectingPort/MassSpecData-02115-20261006-173258.csv,2026-10-06 17:29:29.326,4.059666666666667
2026-10-06 17:33:33.114,9.0983e-11,Torr,15.large_stm_connectingPort,spray,15.large_stm_connectingPort/MassSpecData-02115-20261006-173258.csv,2026-10-06 17:29:29.326,4.063133333333334
2026-10-06 17:33:33.323,7.7405e-11,Torr,15.large_stm_connectingPort,spray,15.large_stm_connectingPort/MassSpecData-02115-20261006-173258.csv,2026-10-06 17:29:29.326,4.0666166666666665
2026-10-06 17:33:33.531,8.763e-11,Torr,15.large_stm_connectingPort,spray,15.large_stm_connectingPort/MassSpecData-02115-20261006-173258.csv,2026-10-06 17:29:29.326,4.070083333333334
2026-10-06 17:33:33.739,1.1404e-10,Torr,15.large_stm_connectingPort,spray,15.large_stm_connectingPort/MassSpecData-02115-20261006-173258.csv,2026-10-06 17:29:29.326,4.07355
2026-10-06 17:33:33.948,9.5903e-11,Torr,15.large_stm_connectingPort,spray,15.large_stm_connectingPort/MassSpecData-02115-20261006-173258.csv,2026-10-06 17:29:29.326,4.0770333333333335
2026-10-06 17:33:34.156,7.5891e-11,Torr,15.large_stm_connectingPort,spray,15.large_stm_connectingPort/MassSpecData-02115-20261006-173258.csv,2026-10-06 17:29:29.326,4.0805
2026-10-06 17:33:34.364,7.9505e-11,Torr,15.large_stm_connectingPort,spray,15.large_stm_connectingPort/MassSpecData-02115-20261006-173258.csv,2026-10-06 17:29:29.326,4.083966666666667
2026-10-06 17:33:34.573,7.308e-11,Torr,15.large_stm_connectingPort,spray,15.large_stm_connectingPort/MassSpecData-02115-20261006-173258.csv,2026-10-06 17:29:29.326,4.0874500000000005
2026-10-06 17:33:34.781,8.2545e-11,Torr,15.large_stm_connectingPort,spray,15.large_stm_connectingPort/MassSpecData-02115-20261006-173258.csv,2026-10-06 17:29:29.326,4.090916666666667
2026-10-06 17:33:34.989,7.669e-11,Torr,15.large_stm_connectingPort,spray,15.large_stm_connectingPort/MassSpecData-02115-20261006-173258.csv,2026-10-06 17:29:29.326,4.094383333333334
2026-10-06 17:33:35.198,8.5683e-11,Torr,15.large_stm_connectingPort,spray,15.large_stm_connectingPort/MassSpecData-02115-20261006-173258.csv,2026-10-06 17:29:29.326,4.0978666666666665
2026-10-06 17:33:35.406,7.5624e-11,Torr,15.large_stm_connectingPort,spray,15.large_stm_connectingPort/MassSpecData-02115-20261006-173258.csv,2026-10-06 17:29:29.326,4.101333333333334
2026-10-06 17:33:35.614,8.0891e-11,Torr,15.large_stm_connectingPort,spray,15.large_stm_connectingPort/MassSpecData-02115-20261006-173258.csv,2026-10-06 17:29:29.326,4.1048
2026-10-06 17:33:35.823,1.0502e-10,Torr,15.large_stm_connectingPort,spray,15.large_stm_connectingPort/MassSpecData-02115-20261006-173258.csv,2026-10-06 17:29:29.326,4.1082833333333335
2026-10-06 17:33:36.031,8.1198e-11,Torr,15.large_stm_connectingPort,spray,15.large_stm_connectingPort/MassSpecData-02115-20261006-173258.csv,2026-10-06 17:29:29.326,4.11175
2026-10-06 17:33:36.240,8.4314e-11,Torr,15.large_stm_connectingPort,spray,15.large_stm_connectingPort/MassSpecData-02115-20261006-173258.csv,2026-10-06 17:29:29.326,4.115233333333333
2026-10-06 17:33:36.448,7.78e-11,Torr,15.large_stm_connectingPort,spray,15.large_stm_connectingPort/MassSpecData-02115-20261006-173258.csv,2026-10-06 17:29:29.326,4.1187000000000005
2026-10-06 17:33:36.656,8.1759e-11,Torr,15.large_stm_connectingPort,spray,15.large_stm_connectingPort/MassSpecData-02115-20261006-173258.csv,2026-10-06 17:29:29.326,4.122166666666667
2026-10-06 17:33:36.865,6.7893e-11,Torr,15.large_stm_connectingPort,spray,15.large_stm_connectingPort/MassSpecData-02115-20261006-173258.csv,2026-10-06 17:29:29.326,4.125649999999999
2026-10-06 17:33:37.073,7.4237e-11,Torr,15.large_stm_connectingPort,spray,15.large_stm_connectingPort/MassSpecData-02115-20261006-173258.csv,2026-10-06 17:29:29.326,4.1291166666666665
2026-10-06 17:33:37.281,7.486e-11,Torr,15.large_stm_connectingPort,spray,15.large_stm_connectingPort/MassSpecData-02115-20261006-173258.csv,2026-10-06 17:29:29.326,4.132583333333334
2026-10-06 17:33:37.490,9.1139e-11,Torr,15.large_stm_connectingPort,spray,15.large_stm_connectingPort/MassSpecData-02115-20261006-173258.csv,2026-10-06 17:29:29.326,4.136066666666666
2026-10-06 17:33:37.698,7.8446e-11,Torr,15.large_stm_connectingPort,spray,15.large_stm_connectingPort/MassSpecData-02115-20261006-173258.csv,2026-10-06 17:29:29.326,4.1395333333333335
2026-10-06 17:33:37.906,7.3659e-11,Torr,15.large_stm_connectingPort,spray,15.large_stm_connectingPort/MassSpecData-02115-20261006-173258.csv,2026-10-06 17:29:29.326,4.143
2026-10-06 17:33:38.115,8.17e-11,Torr,15.large_stm_connectingPort,spray,15.large_stm_connectingPort/MassSpecData-02115-20261006-173258.csv,2026-10-06 17:29:29.326,4.146483333333333
2026-10-06 17:33:38.323,1.0196e-10,Torr,15.large_stm_connectingPort,spray,15.large_stm_connectingPort/MassSpecData-02115-20261006-173258.csv,2026-10-06 17:29:29.326,4.1499500000000005
2026-10-06 17:33:38.531,7.76e-11,Torr,15.large_stm_connectingPort,spray,15.large_stm_connectingPort/MassSpecData-02115-20261006-173258.csv,2026-10-06 17:29:29.326,4.153416666666667
2026-10-06 17:33:38.740,8.0452e-11,Torr,15.large_stm_connectingPort,spray,15.large_stm_connectingPort/MassSpecData-02115-20261006-173258.csv,2026-10-06 17:29:29.326,4.156899999999999
2026-10-06 17:33:38.948,7.8322e-11,Torr,15.large_stm_connectingPort,spray,15.large_stm_connectingPort/MassSpecData-02115-20261006-173258.csv,2026-10-06 17:29:29.326,4.1603666666666665
2026-10-06 17:33:39.156,7.8395e-11,Torr,15.large_stm_connectingPort,spray,15.large_stm_connectingPort/MassSpecData-02115-20261006-173258.csv,2026-10-06 17:29:29.326,4.163833333333334
2026-10-06 17:33:39.365,7.5916e-11,Torr,15.large_stm_connectingPort,spray,15.large_stm_connectingPort/MassSpecData-02115-20261006-173258.csv,2026-10-06 17:29:29.326,4.167316666666666
2026-10-06 17:33:39.573,7.6249e-11,Torr,15.large_stm_connectingPort,spray,15.large_stm_connectingPort/MassSpecData-02115-20261006-173258.csv,2026-10-06 17:29:29.326,4.1707833333333335
2026-10-06 17:33:39.781,7.6764e-11,Torr,15.large_stm_connectingPort,spray,15.large_stm_connectingPort/MassSpecData-02115-20261006-173258.csv,2026-10-06 17:29:29.326,4.17425
2026-10-06 17:33:40.190,6.4546e-11,Torr,15.large_stm_connectingPort,spray,15.large_stm_connectingPort/MassSpecData-02115-20261006-173340.csv,2026-10-06 17:29:29.326,4.181066666666667
2026-10-06 17:33:40.398,6.9902e-11,Torr,15.large_stm_connectingPort,spray,15.large_stm_connectingPort/MassSpecData-02115-20261006-173340.csv,2026-10-06 17:29:29.326,4.184533333333333
2026-10-06 17:33:40.607,9.3186e-11,Torr,15.large_stm_connectingPort,spray,15.large_stm_connectingPort/MassSpecData-02115-20261006-173340.csv,2026-10-06 17:29:29.326,4.188016666666667
2026-10-06 17:33:40.815,8.1862e-11,Torr,15.large_stm_connectingPort,spray,15.large_stm_connectingPort/MassSpecData-02115-20261006-173340.csv,2026-10-06 17:29:29.326,4.191483333333333
2026-10-06 17:33:41.023,7.3878e-11,Torr,15.large_stm_connectingPort,spray,15.large_stm_connectingPort/MassSpecData-02115-20261006-173340.csv,2026-10-06 17:29:29.326,4.19495
2026-10-06 17:33:41.232,8.7804e-11,Torr,15.large_stm_connectingPort,spray,15.large_stm_connectingPort/MassSpecData-02115-20261006-173340.csv,2026-10-06 17:29:29.326,4.198433333333333
2026-10-06 17:33:41.440,8.942e-11,Torr,15.large_stm_connectingPort,spray,15.large_stm_connectingPort/MassSpecData-02115-20261006-173340.csv,2026-10-06 17:29:29.326,4.2019
2026-10-06 17:33:41.648,6.9049e-11,Torr,15.large_stm_connectingPort,spray,15.large_stm_connectingPort/MassSpecData-02115-20261006-173340.csv,2026-10-06 17:29:29.326,4.2053666666666665
2026-10-06 17:33:41.856,8.3747e-11,Torr,15.large_stm_connectingPort,spray,15.large_stm_connectingPort/MassSpecData-02115-20261006-173340.csv,2026-10-06 17:29:29.326,4.208833333333334
2026-10-06 17:33:42.065,7.7354e-11,Torr,15.large_stm_connectingPort,spray,15.large_stm_connectingPort/MassSpecData-02115-20261006-173340.csv,2026-10-06 17:29:29.326,4.212316666666667
2026-10-06 17:33:42.273,7.2748e-11,Torr,15.large_stm_connectingPort,spray,15.large_stm_connectingPort/MassSpecData-02115-20261006-173340.csv,2026-10-06 17:29:29.326,4.215783333333333
2026-10-06 17:33:42.482,1.0102e-10,Torr,15.large_stm_connectingPort,spray,15.large_stm_connectingPort/MassSpecData-02115-20261006-173340.csv,2026-10-06 17:29:29.326,4.219266666666667
2026-10-06 17:33:42.690,8.4496e-11,Torr,15.large_stm_connectingPort,spray,15.large_stm_connectingPort/MassSpecData-02115-20261006-173340.csv,2026-10-06 17:29:29.326,4.222733333333333
2026-10-06 17:33:42.898,7.632e-11,Torr,15.large_stm_connectingPort,spray,15.large_stm_connectingPort/MassSpecData-02115-20261006-173340.csv,2026-10-06 17:29:29.326,4.2262
2026-10-06 17:33:43.107,9.5828e-11,Torr,15.large_stm_connectingPort,spray,15.large_stm_connectingPort/MassSpecData-02115-20261006-173340.csv,2026-10-06 17:29:29.326,4.229683333333333
2026-10-06 17:33:43.315,7.2709e-11,Torr,15.large_stm_connectingPort,spray,15.large_stm_connectingPort/MassSpecData-02115-20261006-173340.csv,2026-10-06 17:29:29.326,4.23315
2026-10-06 17:33:43.523,8.0994e-11,Torr,15.large_stm_connectingPort,spray,15.large_stm_connectingPort/MassSpecData-02115-20261006-173340.csv,2026-10-06 17:29:29.326,4.2366166666666665
2026-10-06 17:33:43.732,8.3268e-11,Torr,15.large_stm_connectingPort,spray,15.large_stm_connectingPort/MassSpecData-02115-20261006-173340.csv,2026-10-06 17:29:29.326,4.2401
2026-10-06 17:33:43.940,7.0943e-11,Torr,15.large_stm_connectingPort,spray,15.large_stm_connectingPort/MassSpecData-02115-20261006-173340.csv,2026-10-06 17:29:29.326,4.243566666666667
2026-10-06 17:33:44.148,8.2243e-11,Torr,15.large_stm_connectingPort,spray,15.large_stm_connectingPort/MassSpecData-02115-20261006-173340.csv,2026-10-06 17:29:29.326,4.247033333333333
2026-10-06 17:33:44.357,8.2702e-11,Torr,15.large_stm_connectingPort,spray,15.large_stm_connectingPort/MassSpecData-02115-20261006-173340.csv,2026-10-06 17:29:29.326,4.250516666666667
2026-10-06 17:33:44.565,8.3233e-11,Torr,15.large_stm_connectingPort,spray,15.large_stm_connectingPort/MassSpecData-02115-20261006-173340.csv,2026-10-06 17:29:29.326,4.253983333333333
2026-10-06 17:33:44.773,7.5792e-11,Torr,15.large_stm_connectingPort,spray,15.large_stm_connectingPort/MassSpecData-02115-20261006-173340.csv,2026-10-06 17:29:29.326,4.25745
2026-10-06 17:33:44.982,6.5698e-11,Torr,15.large_stm_connectingPort,spray,15.large_stm_connectingPort/MassSpecData-02115-20261006-173340.csv,2026-10-06 17:29:29.326,4.260933333333333
2026-10-06 17:33:45.190,9.3918e-11,Torr,15.large_stm_connectingPort,spray,15.large_stm_connectingPort/MassSpecData-02115-20261006-173340.csv,2026-10-06 17:29:29.326,4.2644
2026-10-06 17:33:45.398,9.1142e-11,Torr,15.large_stm_connectingPort,spray,15.large_stm_connectingPort/MassSpecData-02115-20261006-173340.csv,2026-10-06 17:29:29.326,4.2678666666666665
2026-10-06 17:33:45.606,1.009e-10,Torr,15.large_stm_connectingPort,spray,15.large_stm_connectingPort/MassSpecData-02115-20261006-173340.csv,2026-10-06 17:29:29.326,4.271333333333333
2026-10-06 17:33:45.815,7.7141e-11,Torr,15.large_stm_connectingPort,spray,15.large_stm_connectingPort/MassSpecData-02115-20261006-173340.csv,2026-10-06 17:29:29.326,4.274816666666666
2026-10-06 17:33:46.023,7.6875e-11,Torr,15.large_stm_connectingPort,spray,15.large_stm_connectingPort/MassSpecData-02115-20261006-173340.csv,2026-10-06 17:29:29.326,4.278283333333333
2026-10-06 17:33:46.231,8.5238e-11,Torr,15.large_stm_connectingPort,spray,15.large_stm_connectingPort/MassSpecData-02115-20261006-173340.csv,2026-10-06 17:29:29.326,4.28175
2026-10-06 17:33:46.440,7.857e-11,Torr,15.large_stm_connectingPort,spray,15.large_stm_connectingPort/MassSpecData-02115-20261006-173340.csv,2026-10-06 17:29:29.326,4.285233333333333
2026-10-06 17:33:46.648,8.5201e-11,Torr,15.large_stm_connectingPort,spray,15.large_stm_connectingPort/MassSpecData-02115-20261006-173340.csv,2026-10-06 17:29:29.326,4.2887
2026-10-06 17:33:46.856,7.3722e-11,Torr,15.large_stm_connectingPort,spray,15.large_stm_connectingPort/MassSpecData-02115-20261006-173340.csv,2026-10-06 17:29:29.326,4.292166666666666
2026-10-06 17:33:47.065,9.0216e-11,Torr,15.large_stm_connectingPort,spray,15.large_stm_connectingPort/MassSpecData-02115-20261006-173340.csv,2026-10-06 17:29:29.326,4.295649999999999
2026-10-06 17:33:47.273,8.625e-11,Torr,15.large_stm_connectingPort,spray,15.large_stm_connectingPort/MassSpecData-02115-20261006-173340.csv,2026-10-06 17:29:29.326,4.2991166666666665
2026-10-06 17:33:47.481,8.0295e-11,Torr,15.large_stm_connectingPort,spray,15.large_stm_connectingPort/MassSpecData-02115-20261006-173340.csv,2026-10-06 17:29:29.326,4.302583333333333
2026-10-06 17:33:47.690,7.7789e-11,Torr,15.large_stm_connectingPort,spray,15.large_stm_connectingPort/MassSpecData-02115-20261006-173340.csv,2026-10-06 17:29:29.326,4.306066666666666
2026-10-06 17:33:47.898,7.7713e-11,Torr,15.large_stm_connectingPort,spray,15.large_stm_connectingPort/MassSpecData-02115-20261006-173340.csv,2026-10-06 17:29:29.326,4.309533333333333
2026-10-06 17:33:48.106,8.9486e-11,Torr,15.large_stm_connectingPort,spray,15.large_stm_connectingPort/MassSpecData-02115-20261006-173340.csv,2026-10-06 17:29:29.326,4.313
2026-10-06 17:33:48.315,7.9668e-11,Torr,15.large_stm_connectingPort,spray,15.large_stm_connectingPort/MassSpecData-02115-20261006-173340.csv,2026-10-06 17:29:29.326,4.316483333333333
2026-10-06 17:33:48.523,7.036e-11,Torr,15.large_stm_connectingPort,spray,15.large_stm_connectingPort/MassSpecData-02115-20261006-173340.csv,2026-10-06 17:29:29.326,4.31995
2026-10-06 17:33:48.731,8.093e-11,Torr,15.large_stm_connectingPort,spray,15.large_stm_connectingPort/MassSpecData-02115-20261006-173340.csv,2026-10-06 17:29:29.326,4.323416666666666
2026-10-06 17:33:48.940,6.6673e-11,Torr,15.large_stm_connectingPort,spray,15.large_stm_connectingPort/MassSpecData-02115-20261006-173340.csv,2026-10-06 17:29:29.326,4.326899999999999
2026-10-06 17:33:49.148,9.6648e-11,Torr,15.large_stm_connectingPort,spray,15.large_stm_connectingPort/MassSpecData-02115-20261006-173340.csv,2026-10-06 17:29:29.326,4.3303666666666665
2026-10-06 17:33:49.357,7.1605e-11,Torr,15.large_stm_connectingPort,spray,15.large_stm_connectingPort/MassSpecData-02115-20261006-173340.csv,2026-10-06 17:29:29.326,4.33385
2026-10-06 17:33:49.565,8.0364e-11,Torr,15.large_stm_connectingPort,spray,15.large_stm_connectingPort/MassSpecData-02115-20261006-173340.csv,2026-10-06 17:29:29.326,4.337316666666666
2026-10-06 17:33:49.773,7.3778e-11,Torr,15.large_stm_connectingPort,spray,15.large_stm_connectingPort/MassSpecData-02115-20261006-173340.csv,2026-10-06 17:29:29.326,4.340783333333333
2026-10-06 17:33:49.982,8.2967e-11,Torr,15.large_stm_connectingPort,spray,15.large_stm_connectingPort/MassSpecData-02115-20261006-173340.csv,2026-10-06 17:29:29.326,4.344266666666667
2026-10-06 17:33:50.190,8.8112e-11,Torr,15.large_stm_connectingPort,spray,15.large_stm_connectingPort/MassSpecData-02115-20261006-173340.csv,2026-10-06 17:29:29.326,4.347733333333333
2026-10-06 17:33:50.398,7.9929e-11,Torr,15.large_stm_connectingPort,spray,15.large_stm_connectingPort/MassSpecData-02115-20261006-173340.csv,2026-10-06 17:29:29.326,4.3512
2026-10-06 17:33:50.607,8.7673e-11,Torr,15.large_stm_connectingPort,spray,15.large_stm_connectingPort/MassSpecData-02115-20261006-173340.csv,2026-10-06 17:29:29.326,4.354683333333333
2026-10-06 17:33:50.815,8.5493e-11,Torr,15.large_stm_connectingPort,spray,15.large_stm_connectingPort/MassSpecData-02115-20261006-173340.csv,2026-10-06 17:29:29.326,4.358149999999999
2026-10-06 17:33:51.023,9.3249e-11,Torr,15.large_stm_connectingPort,spray,15.large_stm_connectingPort/MassSpecData-02115-20261006-173340.csv,2026-10-06 17:29:29.326,4.3616166666666665
2026-10-06 17:33:51.232,7.7824e-11,Torr,15.large_stm_connectingPort,spray,15.large_stm_connectingPort/MassSpecData-02115-20261006-173340.csv,2026-10-06 17:29:29.326,4.3651
2026-10-06 17:33:51.440,9.8991e-11,Torr,15.large_stm_connectingPort,spray,15.large_stm_connectingPort/MassSpecData-02115-20261006-173340.csv,2026-10-06 17:29:29.326,4.368566666666666
2026-10-06 17:33:51.648,9.0469e-11,Torr,15.large_stm_connectingPort,spray,15.large_stm_connectingPort/MassSpecData-02115-20261006-173340.csv,2026-10-06 17:29:29.326,4.372033333333333
2026-10-06 17:33:51.857,9.179e-11,Torr,15.large_stm_connectingPort,spray,15.large_stm_connectingPort/MassSpecData-02115-20261006-173340.csv,2026-10-06 17:29:29.326,4.375516666666667
2026-10-06 17:33:52.065,7.9744e-11,Torr,15.large_stm_connectingPort,spray,15.large_stm_connectingPort/MassSpecData-02115-20261006-173340.csv,2026-10-06 17:29:29.326,4.378983333333333
2026-10-06 17:33:52.273,8.0573e-11,Torr,15.large_stm_connectingPort,spray,15.large_stm_connectingPort/MassSpecData-02115-20261006-173340.csv,2026-10-06 17:29:29.326,4.38245
2026-10-06 17:33:52.482,8.4363e-11,Torr,15.large_stm_connectingPort,spray,15.large_stm_connectingPort/MassSpecData-02115-20261006-173340.csv,2026-10-06 17:29:29.326,4.385933333333333
2026-10-06 17:33:52.690,7.0501e-11,Torr,15.large_stm_connectingPort,spray,15.large_stm_connectingPort/MassSpecData-02115-20261006-173340.csv,2026-10-06 17:29:29.326,4.389399999999999
2026-10-06 17:33:52.898,7.7113e-11,Torr,15.large_stm_connectingPort,spray,15.large_stm_connectingPort/MassSpecData-02115-20261006-173340.csv,2026-10-06 17:29:29.326,4.3928666666666665
2026-10-06 17:33:53.107,7.9686e-11,Torr,15.large_stm_connectingPort,spray,15.large_stm_connectingPort/MassSpecData-02115-20261006-173340.csv,2026-10-06 17:29:29.326,4.39635
2026-10-06 17:33:53.315,9.3575e-11,Torr,15.large_stm_connectingPort,spray,15.large_stm_connectingPort/MassSpecData-02115-20261006-173340.csv,2026-10-06 17:29:29.326,4.399816666666666
2026-10-06 17:33:53.523,8.2056e-11,Torr,15.large_stm_connectingPort,spray,15.large_stm_connectingPort/MassSpecData-02115-20261006-173340.csv,2026-10-06 17:29:29.326,4.403283333333333
2026-10-06 17:33:53.732,6.9065e-11,Torr,15.large_stm_connectingPort,spray,15.large_stm_connectingPort/MassSpecData-02115-20261006-173340.csv,2026-10-06 17:29:29.326,4.406766666666667
2026-10-06 17:33:53.940,8.8181e-11,Torr,15.large_stm_connectingPort,spray,15.large_stm_connectingPort/MassSpecData-02115-20261006-173340.csv,2026-10-06 17:29:29.326,4.410233333333333
2026-10-06 17:33:54.148,7.3822e-11,Torr,15.large_stm_connectingPort,spray,15.large_stm_connectingPort/MassSpecData-02115-20261006-173340.csv,2026-10-06 17:29:29.326,4.4137
2026-10-06 17:33:54.357,8.1047e-11,Torr,15.large_stm_connectingPort,spray,15.large_stm_connectingPort/MassSpecData-02115-20261006-173340.csv,2026-10-06 17:29:29.326,4.417183333333333
2026-10-06 17:33:54.565,6.9533e-11,Torr,15.large_stm_connectingPort,spray,15.large_stm_connectingPort/MassSpecData-02115-20261006-173340.csv,2026-10-06 17:29:29.326,4.420649999999999
2026-10-06 17:33:54.773,7.9735e-11,Torr,15.large_stm_connectingPort,spray,15.large_stm_connectingPort/MassSpecData-02115-20261006-173340.csv,2026-10-06 17:29:29.326,4.4241166666666665
2026-10-06 17:33:54.982,8.8214e-11,Torr,15.large_stm_connectingPort,spray,15.large_stm_connectingPort/MassSpecData-02115-20261006-173340.csv,2026-10-06 17:29:29.326,4.4276
2026-10-06 17:33:55.190,8.7258e-11,Torr,15.large_stm_connectingPort,spray,15.large_stm_connectingPort/MassSpecData-02115-20261006-173340.csv,2026-10-06 17:29:29.326,4.431066666666666
2026-10-06 17:33:55.398,8.3426e-11,Torr,15.large_stm_connectingPort,spray,15.large_stm_connectingPort/MassSpecData-02115-20261006-173340.csv,2026-10-06 17:29:29.326,4.434533333333333
2026-10-06 17:33:55.607,8.4496e-11,Torr,15.large_stm_connectingPort,spray,15.large_stm_connectingPort/MassSpecData-02115-20261006-173340.csv,2026-10-06 17:29:29.326,4.438016666666667
2026-10-06 17:33:55.815,7.5248e-11,Torr,15.large_stm_connectingPort,spray,15.large_stm_connectingPort/MassSpecData-02115-20261006-173340.csv,2026-10-06 17:29:29.326,4.441483333333333
2026-10-06 17:33:56.023,7.4663e-11,Torr,15.large_stm_connectingPort,spray,15.large_stm_connectingPort/MassSpecData-02115-20261006-173340.csv,2026-10-06 17:29:29.326,4.44495
2026-10-06 17:33:56.232,7.9554e-11,Torr,15.large_stm_connectingPort,spray,15.large_stm_connectingPort/MassSpecData-02115-20261006-173340.csv,2026-10-06 17:29:29.326,4.448433333333333
2026-10-06 17:33:56.440,7.2591e-11,Torr,15.large_stm_connectingPort,spray,15.large_stm_connectingPort/MassSpecData-02115-20261006-173340.csv,2026-10-06 17:29:29.326,4.451899999999999
2026-10-06 17:33:56.648,7.4541e-11,Torr,15.large_stm_connectingPort,spray,15.large_stm_connectingPort/MassSpecData-02115-20261006-173340.csv,2026-10-06 17:29:29.326,4.4553666666666665
2026-10-06 17:33:56.857,6.9459e-11,Torr,15.large_stm_connectingPort,spray,15.large_stm_connectingPort/MassSpecData-02115-20261006-173340.csv,2026-10-06 17:29:29.326,4.45885
2026-10-06 17:33:57.065,8.3923e-11,Torr,15.large_stm_connectingPort,spray,15.large_stm_connectingPort/MassSpecData-02115-20261006-173340.csv,2026-10-06 17:29:29.326,4.462316666666666
2026-10-06 17:33:57.273,7.0501e-11,Torr,15.large_stm_connectingPort,spray,15.large_stm_connectingPort/MassSpecData-02115-20261006-173340.csv,2026-10-06 17:29:29.326,4.465783333333333
2026-10-06 17:33:57.482,7.0203e-11,Torr,15.large_stm_connectingPort,spray,15.large_stm_connectingPort/MassSpecData-02115-20261006-173340.csv,2026-10-06 17:29:29.326,4.469266666666667
2026-10-06 17:33:57.690,9.0926e-11,Torr,15.large_stm_connectingPort,spray,15.large_stm_connectingPort/MassSpecData-02115-20261006-173340.csv,2026-10-06 17:29:29.326,4.472733333333333
2026-10-06 17:33:57.898,8.6575e-11,Torr,15.large_stm_connectingPort,spray,15.large_stm_connectingPort/MassSpecData-02115-20261006-173340.csv,2026-10-06 17:29:29.326,4.4762
2026-10-06 17:33:58.107,7.4443e-11,Torr,15.large_stm_connectingPort,spray,15.large_stm_connectingPort/MassSpecData-02115-20261006-173340.csv,2026-10-06 17:29:29.326,4.479683333333333
2026-10-06 17:33:58.315,6.4884e-11,Torr,15.large_stm_connectingPort,spray,15.large_stm_connectingPort/MassSpecData-02115-20261006-173340.csv,2026-10-06 17:29:29.326,4.483149999999999
2026-10-06 17:33:58.523,6.7056e-11,Torr,15.large_stm_connectingPort,spray,15.large_stm_connectingPort/MassSpecData-02115-20261006-173340.csv,2026-10-06 17:29:29.326,4.4866166666666665
2026-10-06 17:33:58.732,7.1226e-11,Torr,15.large_stm_connectingPort,spray,15.large_stm_connectingPort/MassSpecData-02115-20261006-173340.csv,2026-10-06 17:29:29.326,4.4901
2026-10-06 17:33:58.940,7.1165e-11,Torr,15.large_stm_connectingPort,spray,15.large_stm_connectingPort/MassSpecData-02115-20261006-173340.csv,2026-10-06 17:29:29.326,4.493566666666666
2026-10-06 17:33:59.148,8.4699e-11,Torr,15.large_stm_connectingPort,spray,15.large_stm_connectingPort/MassSpecData-02115-20261006-173340.csv,2026-10-06 17:29:29.326,4.497033333333333
2026-10-06 17:33:59.357,7.7793e-11,Torr,15.large_stm_connectingPort,spray,15.large_stm_connectingPort/MassSpecData-02115-20261006-173340.csv,2026-10-06 17:29:29.326,4.500516666666667
2026-10-06 17:33:59.565,7.8104e-11,Torr,15.large_stm_connectingPort,spray,15.large_stm_connectingPort/MassSpecData-02115-20261006-173340.csv,2026-10-06 17:29:29.326,4.503983333333333
2026-10-06 17:33:59.773,6.7003e-11,Torr,15.large_stm_connectingPort,spray,15.large_stm_connectingPort/MassSpecData-02115-20261006-173340.csv,2026-10-06 17:29:29.326,4.50745
2026-10-06 17:33:59.981,8.6205e-11,Torr,15.large_stm_connectingPort,spray,15.large_stm_connectingPort/MassSpecData-02115-20261006-173340.csv,2026-10-06 17:29:29.326,4.510916666666666
2026-10-06 17:34:00.190,7.6518e-11,Torr,15.large_stm_connectingPort,spray,15.large_stm_connectingPort/MassSpecData-02115-20261006-173340.csv,2026-10-06 17:29:29.326,4.514399999999999
2026-10-06 17:34:00.398,7.6969e-11,Torr,15.large_stm_connectingPort,spray,15.large_stm_connectingPort/MassSpecData-02115-20261006-173340.csv,2026-10-06 17:29:29.326,4.5178666666666665
2026-10-06 17:34:00.606,9.1551e-11,Torr,15.large_stm_connectingPort,spray,15.large_stm_connectingPort/MassSpecData-02115-20261006-173340.csv,2026-10-06 17:29:29.326,4.521333333333333
2026-10-06 17:34:00.815,6.4105e-11,Torr,15.large_stm_connectingPort,spray,15.large_stm_connectingPort/MassSpecData-02115-20261006-173340.csv,2026-10-06 17:29:29.326,4.524816666666666
2026-10-06 17:34:01.023,7.2181e-11,Torr,15.large_stm_connectingPort,spray,15.large_stm_connectingPort/MassSpecData-02115-20261006-173340.csv,2026-10-06 17:29:29.326,4.528283333333333
2026-10-06 17:34:01.231,8.6461e-11,Torr,15.large_stm_connectingPort,spray,15.large_stm_connectingPort/MassSpecData-02115-20261006-173340.csv,2026-10-06 17:29:29.326,4.53175
2026-10-06 17:34:01.440,8.6364e-11,Torr,15.large_stm_connectingPort,spray,15.large_stm_connectingPort/MassSpecData-02115-20261006-173340.csv,2026-10-06 17:29:29.326,4.535233333333333
2026-10-06 17:34:01.648,1e-10,Torr,15.large_stm_connectingPort,spray,15.large_stm_connectingPort/MassSpecData-02115-20261006-173340.csv,2026-10-06 17:29:29.326,4.5387
2026-10-06 17:34:01.856,9.7512e-11,Torr,15.large_stm_connectingPort,spray,15.large_stm_connectingPort/MassSpecData-02115-20261006-173340.csv,2026-10-06 17:29:29.326,4.542166666666666
2026-10-06 17:34:02.065,7.6028e-11,Torr,15.large_stm_connectingPort,spray,15.large_stm_connectingPort/MassSpecData-02115-20261006-173340.csv,2026-10-06 17:29:29.326,4.545649999999999
2026-10-06 17:34:02.273,8.0198e-11,Torr,15.large_stm_connectingPort,spray,15.large_stm_connectingPort/MassSpecData-02115-20261006-173340.csv,2026-10-06 17:29:29.326,4.5491166666666665
2026-10-06 17:34:02.481,8.3866e-11,Torr,15.large_stm_connectingPort,spray,15.large_stm_connectingPort/MassSpecData-02115-20261006-173340.csv,2026-10-06 17:29:29.326,4.552583333333333
2026-10-06 17:34:02.690,7.6612e-11,Torr,15.large_stm_connectingPort,spray,15.large_stm_connectingPort/MassSpecData-02115-20261006-173340.csv,2026-10-06 17:29:29.326,4.556066666666666
2026-10-06 17:34:02.898,7.5523e-11,Torr,15.large_stm_connectingPort,spray,15.large_stm_connectingPort/MassSpecData-02115-20261006-173340.csv,2026-10-06 17:29:29.326,4.559533333333333
2026-10-06 17:34:03.106,8.2379e-11,Torr,15.large_stm_connectingPort,spray,15.large_stm_connectingPort/MassSpecData-02115-20261006-173340.csv,2026-10-06 17:29:29.326,4.563
2026-10-06 17:34:03.315,8.1144e-11,Torr,15.large_stm_connectingPort,spray,15.large_stm_connectingPort/MassSpecData-02115-20261006-173340.csv,2026-10-06 17:29:29.326,4.566483333333333
2026-10-06 17:34:03.523,7.4508e-11,Torr,15.large_stm_connectingPort,spray,15.large_stm_connectingPort/MassSpecData-02115-20261006-173340.csv,2026-10-06 17:29:29.326,4.56995
2026-10-06 17:34:03.731,8.0737e-11,Torr,15.large_stm_connectingPort,spray,15.large_stm_connectingPort/MassSpecData-02115-20261006-173340.csv,2026-10-06 17:29:29.326,4.573416666666666
2026-10-06 17:34:03.940,7.7543e-11,Torr,15.large_stm_connectingPort,spray,15.large_stm_connectingPort/MassSpecData-02115-20261006-173340.csv,2026-10-06 17:29:29.326,4.576899999999999
2026-10-06 17:34:04.148,8.2233e-11,Torr,15.large_stm_connectingPort,spray,15.large_stm_connectingPort/MassSpecData-02115-20261006-173340.csv,2026-10-06 17:29:29.326,4.5803666666666665
2026-10-06 17:34:04.356,6.8991e-11,Torr,15.large_stm_connectingPort,spray,15.large_stm_connectingPort/MassSpecData-02115-20261006-173340.csv,2026-10-06 17:29:29.326,4.583833333333333
2026-10-06 17:34:04.565,9.4388e-11,Torr,15.large_stm_connectingPort,spray,15.large_stm_connectingPort/MassSpecData-02115-20261006-173340.csv,2026-10-06 17:29:29.326,4.587316666666666
2026-10-06 17:34:04.773,6.9536e-11,Torr,15.large_stm_connectingPort,spray,15.large_stm_connectingPort/MassSpecData-02115-20261006-173340.csv,2026-10-06 17:29:29.326,4.590783333333333
2026-10-06 17:34:04.981,8.065e-11,Torr,15.large_stm_connectingPort,spray,15.large_stm_connectingPort/MassSpecData-02115-20261006-173340.csv,2026-10-06 17:29:29.326,4.59425
2026-10-06 17:34:05.190,1.0959e-10,Torr,15.large_stm_connectingPort,spray,15.large_stm_connectingPort/MassSpecData-02115-20261006-173340.csv,2026-10-06 17:29:29.326,4.597733333333333
2026-10-06 17:34:05.398,9.7579e-11,Torr,15.large_stm_connectingPort,spray,15.large_stm_connectingPort/MassSpecData-02115-20261006-173340.csv,2026-10-06 17:29:29.326,4.6012
2026-10-06 17:34:05.606,8.3179e-11,Torr,15.large_stm_connectingPort,spray,15.large_stm_connectingPort/MassSpecData-02115-20261006-173340.csv,2026-10-06 17:29:29.326,4.604666666666666
2026-10-06 17:34:05.815,9.4179e-11,Torr,15.large_stm_connectingPort,spray,15.large_stm_connectingPort/MassSpecData-02115-20261006-173340.csv,2026-10-06 17:29:29.326,4.608149999999999
2026-10-06 17:34:06.023,8.128e-11,Torr,15.large_stm_connectingPort,spray,15.large_stm_connectingPort/MassSpecData-02115-20261006-173340.csv,2026-10-06 17:29:29.326,4.6116166666666665
2026-10-06 17:34:06.231,8.2201e-11,Torr,15.large_stm_connectingPort,spray,15.large_stm_connectingPort/MassSpecData-02115-20261006-173340.csv,2026-10-06 17:29:29.326,4.615083333333333
2026-10-06 17:34:06.440,8.7312e-11,Torr,15.large_stm_connectingPort,spray,15.large_stm_connectingPort/MassSpecData-02115-20261006-173340.csv,2026-10-06 17:29:29.326,4.618566666666666
2026-10-06 17:34:06.648,8.9474e-11,Torr,15.large_stm_connectingPort,spray,15.large_stm_connectingPort/MassSpecData-02115-20261006-173340.csv,2026-10-06 17:29:29.326,4.622033333333333
2026-10-06 17:34:06.856,7.6561e-11,Torr,15.large_stm_connectingPort,spray,15.large_stm_connectingPort/MassSpecData-02115-20261006-173340.csv,2026-10-06 17:29:29.326,4.6255
2026-10-06 17:34:07.065,7.5614e-11,Torr,15.large_stm_connectingPort,spray,15.large_stm_connectingPort/MassSpecData-02115-20261006-173340.csv,2026-10-06 17:29:29.326,4.628983333333333
2026-10-06 17:34:07.273,6.782e-11,Torr,15.large_stm_connectingPort,spray,15.large_stm_connectingPort/MassSpecData-02115-20261006-173340.csv,2026-10-06 17:29:29.326,4.63245
2026-10-06 17:34:07.481,9.0408e-11,Torr,15.large_stm_connectingPort,spray,15.large_stm_connectingPort/MassSpecData-02115-20261006-173340.csv,2026-10-06 17:29:29.326,4.635916666666666
2026-10-06 17:34:07.690,8.201e-11,Torr,15.large_stm_connectingPort,spray,15.large_stm_connectingPort/MassSpecData-02115-20261006-173340.csv,2026-10-06 17:29:29.326,4.639399999999999
2026-10-06 17:34:07.898,8.4888e-11,Torr,15.large_stm_connectingPort,spray,15.large_stm_connectingPort/MassSpecData-02115-20261006-173340.csv,2026-10-06 17:29:29.326,4.6428666666666665
2026-10-06 17:34:08.106,7.6489e-11,Torr,15.large_stm_connectingPort,spray,15.large_stm_connectingPort/MassSpecData-02115-20261006-173340.csv,2026-10-06 17:29:29.326,4.646333333333333
2026-10-06 17:34:08.315,7.4823e-11,Torr,15.large_stm_connectingPort,spray,15.large_stm_connectingPort/MassSpecData-02115-20261006-173340.csv,2026-10-06 17:29:29.326,4.649816666666666
2026-10-06 17:34:08.523,8.3583e-11,Torr,15.large_stm_connectingPort,spray,15.large_stm_connectingPort/MassSpecData-02115-20261006-173340.csv,2026-10-06 17:29:29.326,4.653283333333333
2026-10-06 17:34:08.731,7.5497e-11,Torr,15.large_stm_connectingPort,spray,15.large_stm_connectingPort/MassSpecData-02115-20261006-173340.csv,2026-10-06 17:29:29.326,4.65675
2026-10-06 17:34:08.940,7.7269e-11,Torr,15.large_stm_connectingPort,spray,15.large_stm_connectingPort/MassSpecData-02115-20261006-173340.csv,2026-10-06 17:29:29.326,4.660233333333333
2026-10-06 17:34:09.148,8.6645e-11,Torr,15.large_stm_connectingPort,spray,15.large_stm_connectingPort/MassSpecData-02115-20261006-173340.csv,2026-10-06 17:29:29.326,4.6637
2026-10-06 17:34:09.356,7.7457e-11,Torr,15.large_stm_connectingPort,spray,15.large_stm_connectingPort/MassSpecData-02115-20261006-173340.csv,2026-10-06 17:29:29.326,4.667166666666666
2026-10-06 17:34:09.565,8.1121e-11,Torr,15.large_stm_connectingPort,spray,15.large_stm_connectingPort/MassSpecData-02115-20261006-173340.csv,2026-10-06 17:29:29.326,4.670649999999999
2026-10-06 17:34:09.773,8.4945e-11,Torr,15.large_stm_connectingPort,spray,15.large_stm_connectingPort/MassSpecData-02115-20261006-173340.csv,2026-10-06 17:29:29.326,4.6741166666666665
2026-10-06 17:34:09.981,8.6875e-11,Torr,15.large_stm_connectingPort,spray,15.large_stm_connectingPort/MassSpecData-02115-20261006-173340.csv,2026-10-06 17:29:29.326,4.677583333333333
2026-10-06 17:34:10.190,6.3842e-11,Torr,15.large_stm_connectingPort,spray,15.large_stm_connectingPort/MassSpecData-02115-20261006-173340.csv,2026-10-06 17:29:29.326,4.681066666666666
2026-10-06 17:34:10.398,8.1455e-11,Torr,15.large_stm_connectingPort,spray,15.large_stm_connectingPort/MassSpecData-02115-20261006-173340.csv,2026-10-06 17:29:29.326,4.684533333333333
2026-10-06 17:34:10.606,7.8124e-11,Torr,15.large_stm_connectingPort,spray,15.large_stm_connectingPort/MassSpecData-02115-20261006-173340.csv,2026-10-06 17:29:29.326,4.688
2026-10-06 17:34:10.815,7.4135e-11,Torr,15.large_stm_connectingPort,spray,15.large_stm_connectingPort/MassSpecData-02115-20261006-173340.csv,2026-10-06 17:29:29.326,4.691483333333333
2026-10-06 17:34:11.023,7.1386e-11,Torr,15.large_stm_connectingPort,spray,15.large_stm_connectingPort/MassSpecData-02115-20261006-173340.csv,2026-10-06 17:29:29.326,4.69495
2026-10-06 17:34:11.231,7.56e-11,Torr,15.large_stm_connectingPort,spray,15.large_stm_connectingPort/MassSpecData-02115-20261006-173340.csv,2026-10-06 17:29:29.326,4.698416666666666
2026-10-06 17:34:11.440,9.1407e-11,Torr,15.large_stm_connectingPort,spray,15.large_stm_connectingPort/MassSpecData-02115-20261006-173340.csv,2026-10-06 17:29:29.326,4.701899999999999
2026-10-06 17:34:11.648,7.7841e-11,Torr,15.large_stm_connectingPort,spray,15.large_stm_connectingPort/MassSpecData-02115-20261006-173340.csv,2026-10-06 17:29:29.326,4.7053666666666665
2026-10-06 17:34:11.856,8.534e-11,Torr,15.large_stm_connectingPort,spray,15.large_stm_connectingPort/MassSpecData-02115-20261006-173340.csv,2026-10-06 17:29:29.326,4.708833333333333
2026-10-06 17:34:12.065,7.5223e-11,Torr,15.large_stm_connectingPort,spray,15.large_stm_connectingPort/MassSpecData-02115-20261006-173340.csv,2026-10-06 17:29:29.326,4.712316666666666
2026-10-06 17:34:12.273,7.7822e-11,Torr,15.large_stm_connectingPort,spray,15.large_stm_connectingPort/MassSpecData-02115-20261006-173340.csv,2026-10-06 17:29:29.326,4.715783333333333
2026-10-06 17:34:12.481,8.0346e-11,Torr,15.large_stm_connectingPort,spray,15.large_stm_connectingPort/MassSpecData-02115-20261006-173340.csv,2026-10-06 17:29:29.326,4.71925
2026-10-06 17:34:12.690,9.5613e-11,Torr,15.large_stm_connectingPort,spray,15.large_stm_connectingPort/MassSpecData-02115-20261006-173340.csv,2026-10-06 17:29:29.326,4.722733333333333
2026-10-06 17:34:12.898,7.6173e-11,Torr,15.large_stm_connectingPort,spray,15.large_stm_connectingPort/MassSpecData-02115-20261006-173340.csv,2026-10-06 17:29:29.326,4.7262
2026-10-06 17:34:13.106,6.5301e-11,Torr,15.large_stm_connectingPort,spray,15.large_stm_connectingPort/MassSpecData-02115-20261006-173340.csv,2026-10-06 17:29:29.326,4.729666666666666
2026-10-06 17:34:13.315,9.6784e-11,Torr,15.large_stm_connectingPort,spray,15.large_stm_connectingPort/MassSpecData-02115-20261006-173340.csv,2026-10-06 17:29:29.326,4.733149999999999
2026-10-06 17:34:13.523,6.4519e-11,Torr,15.large_stm_connectingPort,spray,15.large_stm_connectingPort/MassSpecData-02115-20261006-173340.csv,2026-10-06 17:29:29.326,4.7366166666666665
2026-10-06 17:34:13.731,7.9395e-11,Torr,15.large_stm_connectingPort,spray,15.large_stm_connectingPort/MassSpecData-02115-20261006-173340.csv,2026-10-06 17:29:29.326,4.740083333333333
2026-10-06 17:34:13.940,8.3262e-11,Torr,15.large_stm_connectingPort,spray,15.large_stm_connectingPort/MassSpecData-02115-20261006-173340.csv,2026-10-06 17:29:29.326,4.743566666666666
2026-10-06 17:34:14.148,8.5853e-11,Torr,15.large_stm_connectingPort,spray,15.large_stm_connectingPort/MassSpecData-02115-20261006-173340.csv,2026-10-06 17:29:29.326,4.747033333333333
2026-10-06 17:34:14.356,8.5662e-11,Torr,15.large_stm_connectingPort,spray,15.large_stm_connectingPort/MassSpecData-02115-20261006-173340.csv,2026-10-06 17:29:29.326,4.7505
2026-10-06 17:34:14.565,7.2884e-11,Torr,15.large_stm_connectingPort,spray,15.large_stm_connectingPort/MassSpecData-02115-20261006-173340.csv,2026-10-06 17:29:29.326,4.753983333333333
2026-10-06 17:34:14.773,8.7067e-11,Torr,15.large_stm_connectingPort,spray,15.large_stm_connectingPort/MassSpecData-02115-20261006-173340.csv,2026-10-06 17:29:29.326,4.75745
2026-10-06 17:34:14.981,7.8579e-11,Torr,15.large_stm_connectingPort,spray,15.large_stm_connectingPort/MassSpecData-02115-20261006-173340.csv,2026-10-06 17:29:29.326,4.760916666666666
2026-10-06 17:34:15.190,8.5137e-11,Torr,15.large_stm_connectingPort,spray,15.large_stm_connectingPort/MassSpecData-02115-20261006-173340.csv,2026-10-06 17:29:29.326,4.764399999999999
2026-10-06 17:34:15.398,8.5037e-11,Torr,15.large_stm_connectingPort,spray,15.large_stm_connectingPort/MassSpecData-02115-20261006-173340.csv,2026-10-06 17:29:29.326,4.7678666666666665
2026-10-06 17:34:15.606,7.3853e-11,Torr,15.large_stm_connectingPort,spray,15.large_stm_connectingPort/MassSpecData-02115-20261006-173340.csv,2026-10-06 17:29:29.326,4.771333333333333
2026-10-06 17:34:15.815,7.3946e-11,Torr,15.large_stm_connectingPort,spray,15.large_stm_connectingPort/MassSpecData-02115-20261006-173340.csv,2026-10-06 17:29:29.326,4.774816666666666
2026-10-06 17:34:16.023,8.1334e-11,Torr,15.large_stm_connectingPort,spray,15.large_stm_connectingPort/MassSpecData-02115-20261006-173340.csv,2026-10-06 17:29:29.326,4.778283333333333
2026-10-06 17:34:16.231,7.1588e-11,Torr,15.large_stm_connectingPort,spray,15.large_stm_connectingPort/MassSpecData-02115-20261006-173340.csv,2026-10-06 17:29:29.326,4.78175
2026-10-06 17:34:16.440,9.881e-11,Torr,15.large_stm_connectingPort,spray,15.large_stm_connectingPort/MassSpecData-02115-20261006-173340.csv,2026-10-06 17:29:29.326,4.785233333333333
2026-10-06 17:34:16.648,8.2949e-11,Torr,15.large_stm_connectingPort,spray,15.large_stm_connectingPort/MassSpecData-02115-20261006-173340.csv,2026-10-06 17:29:29.326,4.7887
2026-10-06 17:34:16.856,8.5375e-11,Torr,15.large_stm_connectingPort,spray,15.large_stm_connectingPort/MassSpecData-02115-20261006-173340.csv,2026-10-06 17:29:29.326,4.792166666666666
2026-10-06 17:34:17.065,9.4635e-11,Torr,15.large_stm_connectingPort,spray,15.large_stm_connectingPort/MassSpecData-02115-20261006-173340.csv,2026-10-06 17:29:29.326,4.795649999999999
2026-10-06 17:34:17.273,7.1941e-11,Torr,15.large_stm_connectingPort,spray,15.large_stm_connectingPort/MassSpecData-02115-20261006-173340.csv,2026-10-06 17:29:29.326,4.7991166666666665
2026-10-06 17:34:17.481,1.0043e-10,Torr,15.large_stm_connectingPort,spray,15.large_stm_connectingPort/MassSpecData-02115-20261006-173340.csv,2026-10-06 17:29:29.326,4.802583333333333
2026-10-06 17:34:17.690,7.5706e-11,Torr,15.large_stm_connectingPort,spray,15.large_stm_connectingPort/MassSpecData-02115-20261006-173340.csv,2026-10-06 17:29:29.326,4.806066666666666
2026-10-06 17:34:17.898,7.9231e-11,Torr,15.large_stm_connectingPort,spray,15.large_stm_connectingPort/MassSpecData-02115-20261006-173340.csv,2026-10-06 17:29:29.326,4.809533333333333
2026-10-06 17:34:18.107,8.3568e-11,Torr,15.large_stm_connectingPort,spray,15.large_stm_connectingPort/MassSpecData-02115-20261006-173340.csv,2026-10-06 17:29:29.326,4.813016666666667
2026-10-06 17:34:18.315,9.9528e-11,Torr,15.large_stm_connectingPort,spray,15.large_stm_connectingPort/MassSpecData-02115-20261006-173340.csv,2026-10-06 17:29:29.326,4.816483333333333
2026-10-06 17:34:18.523,7.111e-11,Torr,15.large_stm_connectingPort,spray,15.large_stm_connectingPort/MassSpecData-02115-20261006-173340.csv,2026-10-06 17:29:29.326,4.81995
2026-10-06 17:34:18.732,7.9912e-11,Torr,15.large_stm_connectingPort,spray,15.large_stm_connectingPort/MassSpecData-02115-20261006-173340.csv,2026-10-06 17:29:29.326,4.823433333333333
2026-10-06 17:34:18.940,8.5456e-11,Torr,15.large_stm_connectingPort,spray,15.large_stm_connectingPort/MassSpecData-02115-20261006-173340.csv,2026-10-06 17:29:29.326,4.826899999999999
2026-10-06 17:34:19.148,8.4508e-11,Torr,15.large_stm_connectingPort,spray,15.large_stm_connectingPort/MassSpecData-02115-20261006-173340.csv,2026-10-06 17:29:29.326,4.8303666666666665
2026-10-06 17:34:19.357,8.9458e-11,Torr,15.large_stm_connectingPort,spray,15.large_stm_connectingPort/MassSpecData-02115-20261006-173340.csv,2026-10-06 17:29:29.326,4.83385
2026-10-06 17:34:19.565,8.6322e-11,Torr,15.large_stm_connectingPort,spray,15.large_stm_connectingPort/MassSpecData-02115-20261006-173340.csv,2026-10-06 17:29:29.326,4.837316666666666
2026-10-06 17:34:19.773,8.1288e-11,Torr,15.large_stm_connectingPort,spray,15.large_stm_connectingPort/MassSpecData-02115-20261006-173340.csv,2026-10-06 17:29:29.326,4.840783333333333
2026-10-06 17:34:19.982,8.2549e-11,Torr,15.large_stm_connectingPort,spray,15.large_stm_connectingPort/MassSpecData-02115-20261006-173340.csv,2026-10-06 17:29:29.326,4.844266666666667
2026-10-06 17:34:20.190,7.2963e-11,Torr,15.large_stm_connectingPort,spray,15.large_stm_connectingPort/MassSpecData-02115-20261006-173340.csv,2026-10-06 17:29:29.326,4.847733333333333
2026-10-06 17:34:20.398,7.3931e-11,Torr,15.large_stm_connectingPort,spray,15.large_stm_connectingPort/MassSpecData-02115-20261006-173340.csv,2026-10-06 17:29:29.326,4.8512
2026-10-06 17:34:20.607,7.1562e-11,Torr,15.large_stm_connectingPort,spray,15.large_stm_connectingPort/MassSpecData-02115-20261006-173340.csv,2026-10-06 17:29:29.326,4.854683333333333
2026-10-06 17:34:20.815,8.792e-11,Torr,15.large_stm_connectingPort,spray,15.large_stm_connectingPort/MassSpecData-02115-20261006-173340.csv,2026-10-06 17:29:29.326,4.858149999999999
2026-10-06 17:34:21.023,8.138e-11,Torr,15.large_stm_connectingPort,spray,15.large_stm_connectingPort/MassSpecData-02115-20261006-173340.csv,2026-10-06 17:29:29.326,4.8616166666666665
2026-10-06 17:34:21.232,7.8955e-11,Torr,15.large_stm_connectingPort,spray,15.large_stm_connectingPort/MassSpecData-02115-20261006-173340.csv,2026-10-06 17:29:29.326,4.8651
2026-10-06 17:34:21.440,9.5039e-11,Torr,15.large_stm_connectingPort,spray,15.large_stm_connectingPort/MassSpecData-02115-20261006-173340.csv,2026-10-06 17:29:29.326,4.868566666666666
2026-10-06 17:34:21.648,6.9369e-11,Torr,15.large_stm_connectingPort,spray,15.large_stm_connectingPort/MassSpecData-02115-20261006-173340.csv,2026-10-06 17:29:29.326,4.872033333333333
2026-10-06 17:34:21.928,7.2965e-11,Torr,15.large_stm_connectingPort,spray,15.large_stm_connectingPort/MassSpecData-02115-20261006-173421.csv,2026-10-06 17:29:29.326,4.8767
2026-10-06 17:34:22.136,8.6781e-11,Torr,15.large_stm_connectingPort,spray,15.large_stm_connectingPort/MassSpecData-02115-20261006-173421.csv,2026-10-06 17:29:29.326,4.880166666666667
2026-10-06 17:34:22.345,7.2756e-11,Torr,15.large_stm_connectingPort,spray,15.large_stm_connectingPort/MassSpecData-02115-20261006-173421.csv,2026-10-06 17:29:29.326,4.88365
2026-10-06 17:34:22.553,7.6647e-11,Torr,15.large_stm_connectingPort,spray,15.large_stm_connectingPort/MassSpecData-02115-20261006-173421.csv,2026-10-06 17:29:29.326,4.8871166666666666
2026-10-06 17:34:22.761,8.1656e-11,Torr,15.large_stm_connectingPort,spray,15.large_stm_connectingPort/MassSpecData-02115-20261006-173421.csv,2026-10-06 17:29:29.326,4.890583333333334
2026-10-06 17:34:22.970,7.3429e-11,Torr,15.large_stm_connectingPort,spray,15.large_stm_connectingPort/MassSpecData-02115-20261006-173421.csv,2026-10-06 17:29:29.326,4.894066666666666
2026-10-06 17:34:23.178,6.7159e-11,Torr,15.large_stm_connectingPort,spray,15.large_stm_connectingPort/MassSpecData-02115-20261006-173421.csv,2026-10-06 17:29:29.326,4.897533333333333
2026-10-06 17:34:23.386,8.6206e-11,Torr,15.large_stm_connectingPort,spray,15.large_stm_connectingPort/MassSpecData-02115-20261006-173421.csv,2026-10-06 17:29:29.326,4.901
2026-10-06 17:34:23.594,7.3648e-11,Torr,15.large_stm_connectingPort,spray,15.large_stm_connectingPort/MassSpecData-02115-20261006-173421.csv,2026-10-06 17:29:29.326,4.904466666666666
2026-10-06 17:34:23.803,8.2191e-11,Torr,15.large_stm_connectingPort,spray,15.large_stm_connectingPort/MassSpecData-02115-20261006-173421.csv,2026-10-06 17:29:29.326,4.90795
2026-10-06 17:34:24.011,7.7303e-11,Torr,15.large_stm_connectingPort,spray,15.large_stm_connectingPort/MassSpecData-02115-20261006-173421.csv,2026-10-06 17:29:29.326,4.911416666666667
2026-10-06 17:34:24.220,7.4394e-11,Torr,15.large_stm_connectingPort,spray,15.large_stm_connectingPort/MassSpecData-02115-20261006-173421.csv,2026-10-06 17:29:29.326,4.9149
2026-10-06 17:34:24.428,8.74e-11,Torr,15.large_stm_connectingPort,spray,15.large_stm_connectingPort/MassSpecData-02115-20261006-173421.csv,2026-10-06 17:29:29.326,4.9183666666666666
2026-10-06 17:34:24.636,7.08e-11,Torr,15.large_stm_connectingPort,spray,15.large_stm_connectingPort/MassSpecData-02115-20261006-173421.csv,2026-10-06 17:29:29.326,4.921833333333334
2026-10-06 17:34:24.845,7.715e-11,Torr,15.large_stm_connectingPort,spray,15.large_stm_connectingPort/MassSpecData-02115-20261006-173421.csv,2026-10-06 17:29:29.326,4.925316666666666
2026-10-06 17:34:25.053,8.9463e-11,Torr,15.large_stm_connectingPort,spray,15.large_stm_connectingPort/MassSpecData-02115-20261006-173421.csv,2026-10-06 17:29:29.326,4.928783333333333
2026-10-06 17:34:25.261,8.9116e-11,Torr,15.large_stm_connectingPort,spray,15.large_stm_connectingPort/MassSpecData-02115-20261006-173421.csv,2026-10-06 17:29:29.326,4.93225
2026-10-06 17:34:25.470,8.1249e-11,Torr,15.large_stm_connectingPort,spray,15.large_stm_connectingPort/MassSpecData-02115-20261006-173421.csv,2026-10-06 17:29:29.326,4.935733333333333
2026-10-06 17:34:25.678,8.8577e-11,Torr,15.large_stm_connectingPort,spray,15.large_stm_connectingPort/MassSpecData-02115-20261006-173421.csv,2026-10-06 17:29:29.326,4.9392
2026-10-06 17:34:25.886,8.8775e-11,Torr,15.large_stm_connectingPort,spray,15.large_stm_connectingPort/MassSpecData-02115-20261006-173421.csv,2026-10-06 17:29:29.326,4.942666666666667
2026-10-06 17:34:26.095,8.5713e-11,Torr,15.large_stm_connectingPort,spray,15.large_stm_connectingPort/MassSpecData-02115-20261006-173421.csv,2026-10-06 17:29:29.326,4.94615
2026-10-06 17:34:26.303,6.6815e-11,Torr,15.large_stm_connectingPort,spray,15.large_stm_connectingPort/MassSpecData-02115-20261006-173421.csv,2026-10-06 17:29:29.326,4.9496166666666666
2026-10-06 17:34:26.511,1.1596e-10,Torr,15.large_stm_connectingPort,spray,15.large_stm_connectingPort/MassSpecData-02115-20261006-173421.csv,2026-10-06 17:29:29.326,4.953083333333334
2026-10-06 17:34:26.720,8.9251e-11,Torr,15.large_stm_connectingPort,spray,15.large_stm_connectingPort/MassSpecData-02115-20261006-173421.csv,2026-10-06 17:29:29.326,4.956566666666666
2026-10-06 17:34:26.928,9.3105e-11,Torr,15.large_stm_connectingPort,spray,15.large_stm_connectingPort/MassSpecData-02115-20261006-173421.csv,2026-10-06 17:29:29.326,4.960033333333333
2026-10-06 17:34:27.136,7.2381e-11,Torr,15.large_stm_connectingPort,spray,15.large_stm_connectingPort/MassSpecData-02115-20261006-173421.csv,2026-10-06 17:29:29.326,4.9635
2026-10-06 17:34:27.344,8.8786e-11,Torr,15.large_stm_connectingPort,spray,15.large_stm_connectingPort/MassSpecData-02115-20261006-173421.csv,2026-10-06 17:29:29.326,4.966966666666666
2026-10-06 17:34:27.553,8.5354e-11,Torr,15.large_stm_connectingPort,spray,15.large_stm_connectingPort/MassSpecData-02115-20261006-173421.csv,2026-10-06 17:29:29.326,4.97045
2026-10-06 17:34:27.761,8.1596e-11,Torr,15.large_stm_connectingPort,spray,15.large_stm_connectingPort/MassSpecData-02115-20261006-173421.csv,2026-10-06 17:29:29.326,4.973916666666667
2026-10-06 17:34:27.969,7.3898e-11,Torr,15.large_stm_connectingPort,spray,15.large_stm_connectingPort/MassSpecData-02115-20261006-173421.csv,2026-10-06 17:29:29.326,4.977383333333333
2026-10-06 17:34:28.178,8.0637e-11,Torr,15.large_stm_connectingPort,spray,15.large_stm_connectingPort/MassSpecData-02115-20261006-173421.csv,2026-10-06 17:29:29.326,4.9808666666666666
2026-10-06 17:34:28.386,8.0277e-11,Torr,15.large_stm_connectingPort,spray,15.large_stm_connectingPort/MassSpecData-02115-20261006-173421.csv,2026-10-06 17:29:29.326,4.984333333333334
2026-10-06 17:34:28.594,6.8227e-11,Torr,15.large_stm_connectingPort,spray,15.large_stm_connectingPort/MassSpecData-02115-20261006-173421.csv,2026-10-06 17:29:29.326,4.987799999999999
2026-10-06 17:34:28.803,8.7413e-11,Torr,15.large_stm_connectingPort,spray,15.large_stm_connectingPort/MassSpecData-02115-20261006-173421.csv,2026-10-06 17:29:29.326,4.991283333333333
2026-10-06 17:34:29.011,8.1635e-11,Torr,15.large_stm_connectingPort,spray,15.large_stm_connectingPort/MassSpecData-02115-20261006-173421.csv,2026-10-06 17:29:29.326,4.99475
2026-10-06 17:34:29.219,8.1619e-11,Torr,15.large_stm_connectingPort,spray,15.large_stm_connectingPort/MassSpecData-02115-20261006-173421.csv,2026-10-06 17:29:29.326,4.998216666666666
2026-10-06 17:34:29.428,6.7884e-11,Torr,15.large_stm_connectingPort,spray,15.large_stm_connectingPort/MassSpecData-02115-20261006-173421.csv,2026-10-06 17:29:29.326,5.0017
2026-10-06 17:34:29.636,7.3562e-11,Torr,15.large_stm_connectingPort,spray,15.large_stm_connectingPort/MassSpecData-02115-20261006-173421.csv,2026-10-06 17:29:29.326,5.005166666666667
2026-10-06 17:34:29.844,8.6274e-11,Torr,15.large_stm_connectingPort,spray,15.large_stm_connectingPort/MassSpecData-02115-20261006-173421.csv,2026-10-06 17:29:29.326,5.008633333333333
2026-10-06 17:34:30.053,7.6727e-11,Torr,15.large_stm_connectingPort,spray,15.large_stm_connectingPort/MassSpecData-02115-20261006-173421.csv,2026-10-06 17:29:29.326,5.0121166666666666
2026-10-06 17:34:30.261,9.0188e-11,Torr,15.large_stm_connectingPort,spray,15.large_stm_connectingPort/MassSpecData-02115-20261006-173421.csv,2026-10-06 17:29:29.326,5.015583333333334
2026-10-06 17:34:30.469,8.6978e-11,Torr,15.large_stm_connectingPort,spray,15.large_stm_connectingPort/MassSpecData-02115-20261006-173421.csv,2026-10-06 17:29:29.326,5.019049999999999
2026-10-06 17:34:30.678,7.9663e-11,Torr,15.large_stm_connectingPort,spray,15.large_stm_connectingPort/MassSpecData-02115-20261006-173421.csv,2026-10-06 17:29:29.326,5.022533333333333
2026-10-06 17:34:30.886,7.6092e-11,Torr,15.large_stm_connectingPort,spray,15.large_stm_connectingPort/MassSpecData-02115-20261006-173421.csv,2026-10-06 17:29:29.326,5.026
2026-10-06 17:34:31.095,8.9655e-11,Torr,15.large_stm_connectingPort,spray,15.large_stm_connectingPort/MassSpecData-02115-20261006-173421.csv,2026-10-06 17:29:29.326,5.029483333333333
2026-10-06 17:34:31.303,8.0039e-11,Torr,15.large_stm_connectingPort,spray,15.large_stm_connectingPort/MassSpecData-02115-20261006-173421.csv,2026-10-06 17:29:29.326,5.03295
2026-10-06 17:34:31.511,7.98e-11,Torr,15.large_stm_connectingPort,spray,15.large_stm_connectingPort/MassSpecData-02115-20261006-173421.csv,2026-10-06 17:29:29.326,5.036416666666667
2026-10-06 17:34:31.720,7.7922e-11,Torr,15.large_stm_connectingPort,spray,15.large_stm_connectingPort/MassSpecData-02115-20261006-173421.csv,2026-10-06 17:29:29.326,5.0399
2026-10-06 17:34:31.928,7.2238e-11,Torr,15.large_stm_connectingPort,spray,15.large_stm_connectingPort/MassSpecData-02115-20261006-173421.csv,2026-10-06 17:29:29.326,5.0433666666666666
2026-10-06 17:34:32.136,7.1064e-11,Torr,15.large_stm_connectingPort,spray,15.large_stm_connectingPort/MassSpecData-02115-20261006-173421.csv,2026-10-06 17:29:29.326,5.046833333333334
2026-10-06 17:34:32.345,8.7235e-11,Torr,15.large_stm_connectingPort,spray,15.large_stm_connectingPort/MassSpecData-02115-20261006-173421.csv,2026-10-06 17:29:29.326,5.050316666666666
2026-10-06 17:34:32.553,7.9967e-11,Torr,15.large_stm_connectingPort,spray,15.large_stm_connectingPort/MassSpecData-02115-20261006-173421.csv,2026-10-06 17:29:29.326,5.053783333333333
2026-10-06 17:34:32.761,8.1052e-11,Torr,15.large_stm_connectingPort,spray,15.large_stm_connectingPort/MassSpecData-02115-20261006-173421.csv,2026-10-06 17:29:29.326,5.05725
2026-10-06 17:34:32.970,7.5845e-11,Torr,15.large_stm_connectingPort,spray,15.large_stm_connectingPort/MassSpecData-02115-20261006-173421.csv,2026-10-06 17:29:29.326,5.060733333333333
2026-10-06 17:34:33.178,6.9789e-11,Torr,15.large_stm_connectingPort,spray,15.large_stm_connectingPort/MassSpecData-02115-20261006-173421.csv,2026-10-06 17:29:29.326,5.0642
2026-10-06 17:34:33.386,9.0348e-11,Torr,15.large_stm_connectingPort,spray,15.large_stm_connectingPort/MassSpecData-02115-20261006-173421.csv,2026-10-06 17:29:29.326,5.067666666666667
2026-10-06 17:34:33.595,7.4766e-11,Torr,15.large_stm_connectingPort,spray,15.large_stm_connectingPort/MassSpecData-02115-20261006-173421.csv,2026-10-06 17:29:29.326,5.07115
2026-10-06 17:34:33.803,9.4871e-11,Torr,15.large_stm_connectingPort,spray,15.large_stm_connectingPort/MassSpecData-02115-20261006-173421.csv,2026-10-06 17:29:29.326,5.0746166666666666
2026-10-06 17:34:34.011,8.6433e-11,Torr,15.large_stm_connectingPort,spray,15.large_stm_connectingPort/MassSpecData-02115-20261006-173421.csv,2026-10-06 17:29:29.326,5.078083333333334
2026-10-06 17:34:34.220,8.6172e-11,Torr,15.large_stm_connectingPort,spray,15.large_stm_connectingPort/MassSpecData-02115-20261006-173421.csv,2026-10-06 17:29:29.326,5.081566666666666
2026-10-06 17:34:34.428,7.602e-11,Torr,15.large_stm_connectingPort,spray,15.large_stm_connectingPort/MassSpecData-02115-20261006-173421.csv,2026-10-06 17:29:29.326,5.085033333333333
2026-10-06 17:34:34.636,7.9725e-11,Torr,15.large_stm_connectingPort,spray,15.large_stm_connectingPort/MassSpecData-02115-20261006-173421.csv,2026-10-06 17:29:29.326,5.0885
2026-10-06 17:34:34.845,8.0044e-11,Torr,15.large_stm_connectingPort,spray,15.large_stm_connectingPort/MassSpecData-02115-20261006-173421.csv,2026-10-06 17:29:29.326,5.091983333333333
2026-10-06 17:34:35.053,6.5099e-11,Torr,15.large_stm_connectingPort,spray,15.large_stm_connectingPort/MassSpecData-02115-20261006-173421.csv,2026-10-06 17:29:29.326,5.09545
2026-10-06 17:34:35.261,8.2234e-11,Torr,15.large_stm_connectingPort,spray,15.large_stm_connectingPort/MassSpecData-02115-20261006-173421.csv,2026-10-06 17:29:29.326,5.098916666666667
2026-10-06 17:34:35.470,8.2541e-11,Torr,15.large_stm_connectingPort,spray,15.large_stm_connectingPort/MassSpecData-02115-20261006-173421.csv,2026-10-06 17:29:29.326,5.1024
2026-10-06 17:34:35.678,8.5737e-11,Torr,15.large_stm_connectingPort,spray,15.large_stm_connectingPort/MassSpecData-02115-20261006-173421.csv,2026-10-06 17:29:29.326,5.1058666666666666
2026-10-06 17:34:35.886,8.8655e-11,Torr,15.large_stm_connectingPort,spray,15.large_stm_connectingPort/MassSpecData-02115-20261006-173421.csv,2026-10-06 17:29:29.326,5.109333333333334
2026-10-06 17:34:36.095,7.9835e-11,Torr,15.large_stm_connectingPort,spray,15.large_stm_connectingPort/MassSpecData-02115-20261006-173421.csv,2026-10-06 17:29:29.326,5.112816666666666
2026-10-06 17:34:36.303,7.9506e-11,Torr,15.large_stm_connectingPort,spray,15.large_stm_connectingPort/MassSpecData-02115-20261006-173421.csv,2026-10-06 17:29:29.326,5.116283333333333
2026-10-06 17:34:36.511,6.6046e-11,Torr,15.large_stm_connectingPort,spray,15.large_stm_connectingPort/MassSpecData-02115-20261006-173421.csv,2026-10-06 17:29:29.326,5.11975
2026-10-06 17:34:36.720,7.626e-11,Torr,15.large_stm_connectingPort,spray,15.large_stm_connectingPort/MassSpecData-02115-20261006-173421.csv,2026-10-06 17:29:29.326,5.123233333333333
2026-10-06 17:34:36.928,8.749e-11,Torr,15.large_stm_connectingPort,spray,15.large_stm_connectingPort/MassSpecData-02115-20261006-173421.csv,2026-10-06 17:29:29.326,5.1267
2026-10-06 17:34:37.136,8.9471e-11,Torr,15.large_stm_connectingPort,spray,15.large_stm_connectingPort/MassSpecData-02115-20261006-173421.csv,2026-10-06 17:29:29.326,5.130166666666667
2026-10-06 17:34:37.345,8.0123e-11,Torr,15.large_stm_connectingPort,spray,15.large_stm_connectingPort/MassSpecData-02115-20261006-173421.csv,2026-10-06 17:29:29.326,5.13365
2026-10-06 17:34:37.553,7.9359e-11,Torr,15.large_stm_connectingPort,spray,15.large_stm_connectingPort/MassSpecData-02115-20261006-173421.csv,2026-10-06 17:29:29.326,5.1371166666666666
2026-10-06 17:34:37.761,8.8965e-11,Torr,15.large_stm_connectingPort,spray,15.large_stm_connectingPort/MassSpecData-02115-20261006-173421.csv,2026-10-06 17:29:29.326,5.140583333333334
2026-10-06 17:34:37.970,8.5556e-11,Torr,15.large_stm_connectingPort,spray,15.large_stm_connectingPort/MassSpecData-02115-20261006-173421.csv,2026-10-06 17:29:29.326,5.144066666666666
2026-10-06 17:34:38.178,8.0446e-11,Torr,15.large_stm_connectingPort,spray,15.large_stm_connectingPort/MassSpecData-02115-20261006-173421.csv,2026-10-06 17:29:29.326,5.147533333333333
2026-10-06 17:34:38.386,7.7137e-11,Torr,15.large_stm_connectingPort,spray,15.large_stm_connectingPort/MassSpecData-02115-20261006-173421.csv,2026-10-06 17:29:29.326,5.151
2026-10-06 17:34:38.595,8.4628e-11,Torr,15.large_stm_connectingPort,spray,15.large_stm_connectingPort/MassSpecData-02115-20261006-173421.csv,2026-10-06 17:29:29.326,5.154483333333333
2026-10-06 17:34:38.803,7.5089e-11,Torr,15.large_stm_connectingPort,spray,15.large_stm_connectingPort/MassSpecData-02115-20261006-173421.csv,2026-10-06 17:29:29.326,5.15795
2026-10-06 17:34:39.011,8.4727e-11,Torr,15.large_stm_connectingPort,spray,15.large_stm_connectingPort/MassSpecData-02115-20261006-173421.csv,2026-10-06 17:29:29.326,5.161416666666667
2026-10-06 17:34:39.220,8.4566e-11,Torr,15.large_stm_connectingPort,spray,15.large_stm_connectingPort/MassSpecData-02115-20261006-173421.csv,2026-10-06 17:29:29.326,5.1649
2026-10-06 17:34:39.428,7.8084e-11,Torr,15.large_stm_connectingPort,spray,15.large_stm_connectingPort/MassSpecData-02115-20261006-173421.csv,2026-10-06 17:29:29.326,5.1683666666666666
2026-10-06 17:34:39.636,7.4338e-11,Torr,15.large_stm_connectingPort,spray,15.large_stm_connectingPort/MassSpecData-02115-20261006-173421.csv,2026-10-06 17:29:29.326,5.171833333333334
2026-10-06 17:34:39.845,8.153e-11,Torr,15.large_stm_connectingPort,spray,15.large_stm_connectingPort/MassSpecData-02115-20261006-173421.csv,2026-10-06 17:29:29.326,5.175316666666666
2026-10-06 17:34:40.053,8.718e-11,Torr,15.large_stm_connectingPort,spray,15.large_stm_connectingPort/MassSpecData-02115-20261006-173421.csv,2026-10-06 17:29:29.326,5.178783333333333
2026-10-06 17:34:40.261,8.4476e-11,Torr,15.large_stm_connectingPort,spray,15.large_stm_connectingPort/MassSpecData-02115-20261006-173421.csv,2026-10-06 17:29:29.326,5.18225
2026-10-06 17:34:40.470,8.3183e-11,Torr,15.large_stm_connectingPort,spray,15.large_stm_connectingPort/MassSpecData-02115-20261006-173421.csv,2026-10-06 17:29:29.326,5.185733333333333
2026-10-06 17:34:40.678,7.8128e-11,Torr,15.large_stm_connectingPort,spray,15.large_stm_connectingPort/MassSpecData-02115-20261006-173421.csv,2026-10-06 17:29:29.326,5.1892
2026-10-06 17:34:40.886,8.3141e-11,Torr,15.large_stm_connectingPort,spray,15.large_stm_connectingPort/MassSpecData-02115-20261006-173421.csv,2026-10-06 17:29:29.326,5.192666666666667
2026-10-06 17:34:41.095,7.5418e-11,Torr,15.large_stm_connectingPort,spray,15.large_stm_connectingPort/MassSpecData-02115-20261006-173421.csv,2026-10-06 17:29:29.326,5.19615
2026-10-06 17:34:41.303,8.6765e-11,Torr,15.large_stm_connectingPort,spray,15.large_stm_connectingPort/MassSpecData-02115-20261006-173421.csv,2026-10-06 17:29:29.326,5.1996166666666666
2026-10-06 17:34:41.511,8.5079e-11,Torr,15.large_stm_connectingPort,spray,15.large_stm_connectingPort/MassSpecData-02115-20261006-173421.csv,2026-10-06 17:29:29.326,5.203083333333334
2026-10-06 17:34:41.719,9.1375e-11,Torr,15.large_stm_connectingPort,spray,15.large_stm_connectingPort/MassSpecData-02115-20261006-173421.csv,2026-10-06 17:29:29.326,5.206549999999999
2026-10-06 17:34:41.928,7.0627e-11,Torr,15.large_stm_connectingPort,spray,15.large_stm_connectingPort/MassSpecData-02115-20261006-173421.csv,2026-10-06 17:29:29.326,5.210033333333333
2026-10-06 17:34:42.136,7.1431e-11,Torr,15.large_stm_connectingPort,spray,15.large_stm_connectingPort/MassSpecData-02115-20261006-173421.csv,2026-10-06 17:29:29.326,5.2135
2026-10-06 17:34:42.344,7.2687e-11,Torr,15.large_stm_connectingPort,spray,15.large_stm_connectingPort/MassSpecData-02115-20261006-173421.csv,2026-10-06 17:29:29.326,5.216966666666666
2026-10-06 17:34:42.553,9.0545e-11,Torr,15.large_stm_connectingPort,spray,15.large_stm_connectingPort/MassSpecData-02115-20261006-173421.csv,2026-10-06 17:29:29.326,5.22045
2026-10-06 17:34:42.761,8.0194e-11,Torr,15.large_stm_connectingPort,spray,15.large_stm_connectingPort/MassSpecData-02115-20261006-173421.csv,2026-10-06 17:29:29.326,5.223916666666667
2026-10-06 17:34:42.969,7.5362e-11,Torr,15.large_stm_connectingPort,spray,15.large_stm_connectingPort/MassSpecData-02115-20261006-173421.csv,2026-10-06 17:29:29.326,5.227383333333333
2026-10-06 17:34:43.178,6.8924e-11,Torr,15.large_stm_connectingPort,spray,15.large_stm_connectingPort/MassSpecData-02115-20261006-173421.csv,2026-10-06 17:29:29.326,5.2308666666666666
2026-10-06 17:34:43.386,8.4499e-11,Torr,15.large_stm_connectingPort,spray,15.large_stm_connectingPort/MassSpecData-02115-20261006-173421.csv,2026-10-06 17:29:29.326,5.234333333333334
2026-10-06 17:34:43.594,8.2936e-11,Torr,15.large_stm_connectingPort,spray,15.large_stm_connectingPort/MassSpecData-02115-20261006-173421.csv,2026-10-06 17:29:29.326,5.237799999999999
2026-10-06 17:34:43.803,8.0397e-11,Torr,15.large_stm_connectingPort,spray,15.large_stm_connectingPort/MassSpecData-02115-20261006-173421.csv,2026-10-06 17:29:29.326,5.241283333333333
2026-10-06 17:34:44.011,8.8416e-11,Torr,15.large_stm_connectingPort,spray,15.large_stm_connectingPort/MassSpecData-02115-20261006-173421.csv,2026-10-06 17:29:29.326,5.24475
2026-10-06 17:34:44.219,8.5842e-11,Torr,15.large_stm_connectingPort,spray,15.large_stm_connectingPort/MassSpecData-02115-20261006-173421.csv,2026-10-06 17:29:29.326,5.248216666666666
2026-10-06 17:34:44.428,7.3975e-11,Torr,15.large_stm_connectingPort,spray,15.large_stm_connectingPort/MassSpecData-02115-20261006-173421.csv,2026-10-06 17:29:29.326,5.2517
2026-10-06 17:34:44.636,7.002e-11,Torr,15.large_stm_connectingPort,spray,15.large_stm_connectingPort/MassSpecData-02115-20261006-173421.csv,2026-10-06 17:29:29.326,5.255166666666667
2026-10-06 17:34:44.844,7.9365e-11,Torr,15.large_stm_connectingPort,spray,15.large_stm_connectingPort/MassSpecData-02115-20261006-173421.csv,2026-10-06 17:29:29.326,5.258633333333333
2026-10-06 17:34:45.053,8.1763e-11,Torr,15.large_stm_connectingPort,spray,15.large_stm_connectingPort/MassSpecData-02115-20261006-173421.csv,2026-10-06 17:29:29.326,5.2621166666666666
2026-10-06 17:34:45.261,8.6969e-11,Torr,15.large_stm_connectingPort,spray,15.large_stm_connectingPort/MassSpecData-02115-20261006-173421.csv,2026-10-06 17:29:29.326,5.265583333333334
2026-10-06 17:34:45.469,6.8698e-11,Torr,15.large_stm_connectingPort,spray,15.large_stm_connectingPort/MassSpecData-02115-20261006-173421.csv,2026-10-06 17:29:29.326,5.269049999999999
2026-10-06 17:34:45.678,8.4105e-11,Torr,15.large_stm_connectingPort,spray,15.large_stm_connectingPort/MassSpecData-02115-20261006-173421.csv,2026-10-06 17:29:29.326,5.272533333333333
2026-10-06 17:34:45.886,7.4615e-11,Torr,15.large_stm_connectingPort,spray,15.large_stm_connectingPort/MassSpecData-02115-20261006-173421.csv,2026-10-06 17:29:29.326,5.276
2026-10-06 17:34:46.094,7.5403e-11,Torr,15.large_stm_connectingPort,spray,15.large_stm_connectingPort/MassSpecData-02115-20261006-173421.csv,2026-10-06 17:29:29.326,5.279466666666666
2026-10-06 17:34:46.303,8.5468e-11,Torr,15.large_stm_connectingPort,spray,15.large_stm_connectingPort/MassSpecData-02115-20261006-173421.csv,2026-10-06 17:29:29.326,5.28295
2026-10-06 17:34:46.511,7.3941e-11,Torr,15.large_stm_connectingPort,spray,15.large_stm_connectingPort/MassSpecData-02115-20261006-173421.csv,2026-10-06 17:29:29.326,5.286416666666667
2026-10-06 17:34:46.719,9.762e-11,Torr,15.large_stm_connectingPort,spray,15.large_stm_connectingPort/MassSpecData-02115-20261006-173421.csv,2026-10-06 17:29:29.326,5.289883333333333
2026-10-06 17:34:46.928,8.4404e-11,Torr,15.large_stm_connectingPort,spray,15.large_stm_connectingPort/MassSpecData-02115-20261006-173421.csv,2026-10-06 17:29:29.326,5.2933666666666666
2026-10-06 17:34:47.136,8.1722e-11,Torr,15.large_stm_connectingPort,spray,15.large_stm_connectingPort/MassSpecData-02115-20261006-173421.csv,2026-10-06 17:29:29.326,5.296833333333334
2026-10-06 17:34:47.344,7.1297e-11,Torr,15.large_stm_connectingPort,spray,15.large_stm_connectingPort/MassSpecData-02115-20261006-173421.csv,2026-10-06 17:29:29.326,5.300299999999999
2026-10-06 17:34:47.553,8.3925e-11,Torr,15.large_stm_connectingPort,spray,15.large_stm_connectingPort/MassSpecData-02115-20261006-173421.csv,2026-10-06 17:29:29.326,5.303783333333333
2026-10-06 17:34:47.761,8.6225e-11,Torr,15.large_stm_connectingPort,spray,15.large_stm_connectingPort/MassSpecData-02115-20261006-173421.csv,2026-10-06 17:29:29.326,5.30725
2026-10-06 17:34:47.969,9.7189e-11,Torr,15.large_stm_connectingPort,spray,15.large_stm_connectingPort/MassSpecData-02115-20261006-173421.csv,2026-10-06 17:29:29.326,5.310716666666666
2026-10-06 17:34:48.178,7.6282e-11,Torr,15.large_stm_connectingPort,spray,15.large_stm_connectingPort/MassSpecData-02115-20261006-173421.csv,2026-10-06 17:29:29.326,5.3142
2026-10-06 17:34:48.386,8.3635e-11,Torr,15.large_stm_connectingPort,spray,15.large_stm_connectingPort/MassSpecData-02115-20261006-173421.csv,2026-10-06 17:29:29.326,5.317666666666667
2026-10-06 17:34:48.594,7.7395e-11,Torr,15.large_stm_connectingPort,spray,15.large_stm_connectingPort/MassSpecData-02115-20261006-173421.csv,2026-10-06 17:29:29.326,5.321133333333333
2026-10-06 17:34:48.803,8.37e-11,Torr,15.large_stm_connectingPort,spray,15.large_stm_connectingPort/MassSpecData-02115-20261006-173421.csv,2026-10-06 17:29:29.326,5.3246166666666666
2026-10-06 17:34:49.011,9.1918e-11,Torr,15.large_stm_connectingPort,spray,15.large_stm_connectingPort/MassSpecData-02115-20261006-173421.csv,2026-10-06 17:29:29.326,5.328083333333334
2026-10-06 17:34:49.219,7.198e-11,Torr,15.large_stm_connectingPort,spray,15.large_stm_connectingPort/MassSpecData-02115-20261006-173421.csv,2026-10-06 17:29:29.326,5.331549999999999
2026-10-06 17:34:49.428,7.7096e-11,Torr,15.large_stm_connectingPort,spray,15.large_stm_connectingPort/MassSpecData-02115-20261006-173421.csv,2026-10-06 17:29:29.326,5.335033333333333
2026-10-06 17:34:49.636,7.1934e-11,Torr,15.large_stm_connectingPort,spray,15.large_stm_connectingPort/MassSpecData-02115-20261006-173421.csv,2026-10-06 17:29:29.326,5.3385
2026-10-06 17:34:49.844,7.7899e-11,Torr,15.large_stm_connectingPort,spray,15.large_stm_connectingPort/MassSpecData-02115-20261006-173421.csv,2026-10-06 17:29:29.326,5.341966666666666
2026-10-06 17:34:50.053,6.2179e-11,Torr,15.large_stm_connectingPort,spray,15.large_stm_connectingPort/MassSpecData-02115-20261006-173421.csv,2026-10-06 17:29:29.326,5.34545
2026-10-06 17:34:50.261,7.7186e-11,Torr,15.large_stm_connectingPort,spray,15.large_stm_connectingPort/MassSpecData-02115-20261006-173421.csv,2026-10-06 17:29:29.326,5.348916666666667
2026-10-06 17:34:50.469,9.442e-11,Torr,15.large_stm_connectingPort,spray,15.large_stm_connectingPort/MassSpecData-02115-20261006-173421.csv,2026-10-06 17:29:29.326,5.352383333333333
2026-10-06 17:34:50.678,6.5361e-11,Torr,15.large_stm_connectingPort,spray,15.large_stm_connectingPort/MassSpecData-02115-20261006-173421.csv,2026-10-06 17:29:29.326,5.3558666666666666
2026-10-06 17:34:50.886,7.7925e-11,Torr,15.large_stm_connectingPort,spray,15.large_stm_connectingPort/MassSpecData-02115-20261006-173421.csv,2026-10-06 17:29:29.326,5.359333333333334
2026-10-06 17:34:51.094,7.1228e-11,Torr,15.large_stm_connectingPort,spray,15.large_stm_connectingPort/MassSpecData-02115-20261006-173421.csv,2026-10-06 17:29:29.326,5.362799999999999
2026-10-06 17:34:51.303,7.1278e-11,Torr,15.large_stm_connectingPort,spray,15.large_stm_connectingPort/MassSpecData-02115-20261006-173421.csv,2026-10-06 17:29:29.326,5.366283333333333
2026-10-06 17:34:51.511,7.6307e-11,Torr,15.large_stm_connectingPort,spray,15.large_stm_connectingPort/MassSpecData-02115-20261006-173421.csv,2026-10-06 17:29:29.326,5.36975
2026-10-06 17:34:51.719,7.6722e-11,Torr,15.large_stm_connectingPort,spray,15.large_stm_connectingPort/MassSpecData-02115-20261006-173421.csv,2026-10-06 17:29:29.326,5.373216666666666
2026-10-06 17:34:51.928,7.719e-11,Torr,15.large_stm_connectingPort,spray,15.large_stm_connectingPort/MassSpecData-02115-20261006-173421.csv,2026-10-06 17:29:29.326,5.3767
2026-10-06 17:34:52.136,7.4958e-11,Torr,15.large_stm_connectingPort,spray,15.large_stm_connectingPort/MassSpecData-02115-20261006-173421.csv,2026-10-06 17:29:29.326,5.380166666666667
2026-10-06 17:34:52.344,8.029e-11,Torr,15.large_stm_connectingPort,spray,15.large_stm_connectingPort/MassSpecData-02115-20261006-173421.csv,2026-10-06 17:29:29.326,5.383633333333333
2026-10-06 17:34:52.553,8.4799e-11,Torr,15.large_stm_connectingPort,spray,15.large_stm_connectingPort/MassSpecData-02115-20261006-173421.csv,2026-10-06 17:29:29.326,5.3871166666666666
2026-10-06 17:34:52.761,7.273e-11,Torr,15.large_stm_connectingPort,spray,15.large_stm_connectingPort/MassSpecData-02115-20261006-173421.csv,2026-10-06 17:29:29.326,5.390583333333334
2026-10-06 17:34:52.969,1.0076e-10,Torr,15.large_stm_connectingPort,spray,15.large_stm_connectingPort/MassSpecData-02115-20261006-173421.csv,2026-10-06 17:29:29.326,5.394049999999999
2026-10-06 17:34:53.178,1.0639e-10,Torr,15.large_stm_connectingPort,spray,15.large_stm_connectingPort/MassSpecData-02115-20261006-173421.csv,2026-10-06 17:29:29.326,5.397533333333333
2026-10-06 17:34:53.386,8.8611e-11,Torr,15.large_stm_connectingPort,spray,15.large_stm_connectingPort/MassSpecData-02115-20261006-173421.csv,2026-10-06 17:29:29.326,5.401
2026-10-06 17:34:53.594,1.0261e-10,Torr,15.large_stm_connectingPort,spray,15.large_stm_connectingPort/MassSpecData-02115-20261006-173421.csv,2026-10-06 17:29:29.326,5.404466666666666
2026-10-06 17:34:53.803,7.6735e-11,Torr,15.large_stm_connectingPort,spray,15.large_stm_connectingPort/MassSpecData-02115-20261006-173421.csv,2026-10-06 17:29:29.326,5.40795
2026-10-06 17:34:54.011,6.6911e-11,Torr,15.large_stm_connectingPort,spray,15.large_stm_connectingPort/MassSpecData-02115-20261006-173421.csv,2026-10-06 17:29:29.326,5.411416666666667
2026-10-06 17:34:54.219,8.8811e-11,Torr,15.large_stm_connectingPort,spray,15.large_stm_connectingPort/MassSpecData-02115-20261006-173421.csv,2026-10-06 17:29:29.326,5.414883333333333
2026-10-06 17:34:54.428,8.5279e-11,Torr,15.large_stm_connectingPort,spray,15.large_stm_connectingPort/MassSpecData-02115-20261006-173421.csv,2026-10-06 17:29:29.326,5.4183666666666666
2026-10-06 17:34:54.636,7.7071e-11,Torr,15.large_stm_connectingPort,spray,15.large_stm_connectingPort/MassSpecData-02115-20261006-173421.csv,2026-10-06 17:29:29.326,5.421833333333334
2026-10-06 17:34:54.844,9.7482e-11,Torr,15.large_stm_connectingPort,spray,15.large_stm_connectingPort/MassSpecData-02115-20261006-173421.csv,2026-10-06 17:29:29.326,5.425299999999999
2026-10-06 17:34:55.053,8.4685e-11,Torr,15.large_stm_connectingPort,spray,15.large_stm_connectingPort/MassSpecData-02115-20261006-173421.csv,2026-10-06 17:29:29.326,5.428783333333333
2026-10-06 17:34:55.261,8.1634e-11,Torr,15.large_stm_connectingPort,spray,15.large_stm_connectingPort/MassSpecData-02115-20261006-173421.csv,2026-10-06 17:29:29.326,5.43225
2026-10-06 17:34:55.469,7.8696e-11,Torr,15.large_stm_connectingPort,spray,15.large_stm_connectingPort/MassSpecData-02115-20261006-173421.csv,2026-10-06 17:29:29.326,5.435716666666666
2026-10-06 17:34:55.678,8.3201e-11,Torr,15.large_stm_connectingPort,spray,15.large_stm_connectingPort/MassSpecData-02115-20261006-173421.csv,2026-10-06 17:29:29.326,5.4392
2026-10-06 17:34:55.886,8.867e-11,Torr,15.large_stm_connectingPort,spray,15.large_stm_connectingPort/MassSpecData-02115-20261006-173421.csv,2026-10-06 17:29:29.326,5.442666666666667
2026-10-06 17:34:56.094,7.5665e-11,Torr,15.large_stm_connectingPort,spray,15.large_stm_connectingPort/MassSpecData-02115-20261006-173421.csv,2026-10-06 17:29:29.326,5.446133333333333
2026-10-06 17:34:56.303,1.0639e-10,Torr,15.large_stm_connectingPort,spray,15.large_stm_connectingPort/MassSpecData-02115-20261006-173421.csv,2026-10-06 17:29:29.326,5.4496166666666666
2026-10-06 17:34:56.511,7.3587e-11,Torr,15.large_stm_connectingPort,spray,15.large_stm_connectingPort/MassSpecData-02115-20261006-173421.csv,2026-10-06 17:29:29.326,5.453083333333334
2026-10-06 17:34:56.719,7.0633e-11,Torr,15.large_stm_connectingPort,spray,15.large_stm_connectingPort/MassSpecData-02115-20261006-173421.csv,2026-10-06 17:29:29.326,5.456549999999999
2026-10-06 17:34:56.928,9.8596e-11,Torr,15.large_stm_connectingPort,spray,15.large_stm_connectingPort/MassSpecData-02115-20261006-173421.csv,2026-10-06 17:29:29.326,5.460033333333333
2026-10-06 17:34:57.136,7.8511e-11,Torr,15.large_stm_connectingPort,spray,15.large_stm_connectingPort/MassSpecData-02115-20261006-173421.csv,2026-10-06 17:29:29.326,5.4635
2026-10-06 17:34:57.344,8.2204e-11,Torr,15.large_stm_connectingPort,spray,15.large_stm_connectingPort/MassSpecData-02115-20261006-173421.csv,2026-10-06 17:29:29.326,5.466966666666666
2026-10-06 17:34:57.553,8.2439e-11,Torr,15.large_stm_connectingPort,spray,15.large_stm_connectingPort/MassSpecData-02115-20261006-173421.csv,2026-10-06 17:29:29.326,5.47045
2026-10-06 17:34:57.761,7.0892e-11,Torr,15.large_stm_connectingPort,spray,15.large_stm_connectingPort/MassSpecData-02115-20261006-173421.csv,2026-10-06 17:29:29.326,5.473916666666667
2026-10-06 17:34:57.969,7.9379e-11,Torr,15.large_stm_connectingPort,spray,15.large_stm_connectingPort/MassSpecData-02115-20261006-173421.csv,2026-10-06 17:29:29.326,5.477383333333333
2026-10-06 17:34:58.178,7.7468e-11,Torr,15.large_stm_connectingPort,spray,15.large_stm_connectingPort/MassSpecData-02115-20261006-173421.csv,2026-10-06 17:29:29.326,5.4808666666666666
2026-10-06 17:34:58.386,7.1823e-11,Torr,15.large_stm_connectingPort,spray,15.large_stm_connectingPort/MassSpecData-02115-20261006-173421.csv,2026-10-06 17:29:29.326,5.484333333333334
2026-10-06 17:34:58.594,7.3263e-11,Torr,15.large_stm_connectingPort,spray,15.large_stm_connectingPort/MassSpecData-02115-20261006-173421.csv,2026-10-06 17:29:29.326,5.487799999999999
2026-10-06 17:34:58.803,6.2292e-11,Torr,15.large_stm_connectingPort,spray,15.large_stm_connectingPort/MassSpecData-02115-20261006-173421.csv,2026-10-06 17:29:29.326,5.491283333333333
2026-10-06 17:34:59.011,8.2687e-11,Torr,15.large_stm_connectingPort,spray,15.large_stm_connectingPort/MassSpecData-02115-20261006-173421.csv,2026-10-06 17:29:29.326,5.49475
2026-10-06 17:34:59.219,6.9771e-11,Torr,15.large_stm_connectingPort,spray,15.large_stm_connectingPort/MassSpecData-02115-20261006-173421.csv,2026-10-06 17:29:29.326,5.498216666666666
2026-10-06 17:34:59.428,8.5578e-11,Torr,15.large_stm_connectingPort,spray,15.large_stm_connectingPort/MassSpecData-02115-20261006-173421.csv,2026-10-06 17:29:29.326,5.5017
2026-10-06 17:34:59.636,8.4154e-11,Torr,15.large_stm_connectingPort,spray,15.large_stm_connectingPort/MassSpecData-02115-20261006-173421.csv,2026-10-06 17:29:29.326,5.505166666666667
2026-10-06 17:34:59.845,7.4704e-11,Torr,15.large_stm_connectingPort,spray,15.large_stm_connectingPort/MassSpecData-02115-20261006-173421.csv,2026-10-06 17:29:29.326,5.50865
2026-10-06 17:35:00.053,7.0985e-11,Torr,15.large_stm_connectingPort,spray,15.large_stm_connectingPort/MassSpecData-02115-20261006-173421.csv,2026-10-06 17:29:29.326,5.5121166666666666
2026-10-06 17:35:00.261,7.9207e-11,Torr,15.large_stm_connectingPort,spray,15.large_stm_connectingPort/MassSpecData-02115-20261006-173421.csv,2026-10-06 17:29:29.326,5.515583333333334
2026-10-06 17:35:00.470,7.3188e-11,Torr,15.large_stm_connectingPort,spray,15.large_stm_connectingPort/MassSpecData-02115-20261006-173421.csv,2026-10-06 17:29:29.326,5.519066666666666
2026-10-06 17:35:00.678,8.4105e-11,Torr,15.large_stm_connectingPort,spray,15.large_stm_connectingPort/MassSpecData-02115-20261006-173421.csv,2026-10-06 17:29:29.326,5.522533333333333
2026-10-06 17:35:00.886,8.7521e-11,Torr,15.large_stm_connectingPort,spray,15.large_stm_connectingPort/MassSpecData-02115-20261006-173421.csv,2026-10-06 17:29:29.326,5.526
2026-10-06 17:35:01.095,7.8878e-11,Torr,15.large_stm_connectingPort,spray,15.large_stm_connectingPort/MassSpecData-02115-20261006-173421.csv,2026-10-06 17:29:29.326,5.529483333333333
2026-10-06 17:35:01.303,9.0557e-11,Torr,15.large_stm_connectingPort,spray,15.large_stm_connectingPort/MassSpecData-02115-20261006-173421.csv,2026-10-06 17:29:29.326,5.53295
2026-10-06 17:35:01.511,8.1461e-11,Torr,15.large_stm_connectingPort,spray,15.large_stm_connectingPort/MassSpecData-02115-20261006-173421.csv,2026-10-06 17:29:29.326,5.536416666666667
2026-10-06 17:35:01.720,9.9454e-11,Torr,15.large_stm_connectingPort,spray,15.large_stm_connectingPort/MassSpecData-02115-20261006-173421.csv,2026-10-06 17:29:29.326,5.5399
2026-10-06 17:35:01.928,7.6607e-11,Torr,15.large_stm_connectingPort,spray,15.large_stm_connectingPort/MassSpecData-02115-20261006-173421.csv,2026-10-06 17:29:29.326,5.5433666666666666
2026-10-06 17:35:02.136,6.9196e-11,Torr,15.large_stm_connectingPort,spray,15.large_stm_connectingPort/MassSpecData-02115-20261006-173421.csv,2026-10-06 17:29:29.326,5.546833333333334
2026-10-06 17:35:02.345,6.9036e-11,Torr,15.large_stm_connectingPort,spray,15.large_stm_connectingPort/MassSpecData-02115-20261006-173421.csv,2026-10-06 17:29:29.326,5.550316666666666
2026-10-06 17:35:02.553,7.9663e-11,Torr,15.large_stm_connectingPort,spray,15.large_stm_connectingPort/MassSpecData-02115-20261006-173421.csv,2026-10-06 17:29:29.326,5.553783333333333
2026-10-06 17:35:02.761,8.1138e-11,Torr,15.large_stm_connectingPort,spray,15.large_stm_connectingPort/MassSpecData-02115-20261006-173421.csv,2026-10-06 17:29:29.326,5.55725
2026-10-06 17:35:02.970,9.0694e-11,Torr,15.large_stm_connectingPort,spray,15.large_stm_connectingPort/MassSpecData-02115-20261006-173421.csv,2026-10-06 17:29:29.326,5.560733333333333
2026-10-06 17:35:03.178,8.4275e-11,Torr,15.large_stm_connectingPort,spray,15.large_stm_connectingPort/MassSpecData-02115-20261006-173421.csv,2026-10-06 17:29:29.326,5.5642
2026-10-06 17:35:03.386,7.9188e-11,Torr,15.large_stm_connectingPort,spray,15.large_stm_connectingPort/MassSpecData-02115-20261006-173421.csv,2026-10-06 17:29:29.326,5.567666666666667
2026-10-06 17:35:03.725,6.2328e-11,Torr,15.large_stm_connectingPort,spray,15.large_stm_connectingPort/MassSpecData-02115-20261006-173503.csv,2026-10-06 17:29:29.326,5.573316666666667
2026-10-06 17:35:03.933,8.2128e-11,Torr,15.large_stm_connectingPort,spray,15.large_stm_connectingPort/MassSpecData-02115-20261006-173503.csv,2026-10-06 17:29:29.326,5.576783333333334
2026-10-06 17:35:04.142,7.4321e-11,Torr,15.large_stm_connectingPort,spray,15.large_stm_connectingPort/MassSpecData-02115-20261006-173503.csv,2026-10-06 17:29:29.326,5.580266666666666
2026-10-06 17:35:04.350,8.4534e-11,Torr,15.large_stm_connectingPort,spray,15.large_stm_connectingPort/MassSpecData-02115-20261006-173503.csv,2026-10-06 17:29:29.326,5.583733333333333
2026-10-06 17:35:04.558,9.0322e-11,Torr,15.large_stm_connectingPort,spray,15.large_stm_connectingPort/MassSpecData-02115-20261006-173503.csv,2026-10-06 17:29:29.326,5.5872
2026-10-06 17:35:04.767,7.484e-11,Torr,15.large_stm_connectingPort,spray,15.large_stm_connectingPort/MassSpecData-02115-20261006-173503.csv,2026-10-06 17:29:29.326,5.590683333333333
2026-10-06 17:35:04.975,8.0321e-11,Torr,15.large_stm_connectingPort,spray,15.large_stm_connectingPort/MassSpecData-02115-20261006-173503.csv,2026-10-06 17:29:29.326,5.59415
2026-10-06 17:35:05.183,8.8282e-11,Torr,15.large_stm_connectingPort,spray,15.large_stm_connectingPort/MassSpecData-02115-20261006-173503.csv,2026-10-06 17:29:29.326,5.597616666666667
2026-10-06 17:35:05.391,7.7769e-11,Torr,15.large_stm_connectingPort,spray,15.large_stm_connectingPort/MassSpecData-02115-20261006-173503.csv,2026-10-06 17:29:29.326,5.601083333333333
2026-10-06 17:35:05.600,7.4789e-11,Torr,15.large_stm_connectingPort,spray,15.large_stm_connectingPort/MassSpecData-02115-20261006-173503.csv,2026-10-06 17:29:29.326,5.604566666666667
2026-10-06 17:35:05.808,8.5369e-11,Torr,15.large_stm_connectingPort,spray,15.large_stm_connectingPort/MassSpecData-02115-20261006-173503.csv,2026-10-06 17:29:29.326,5.608033333333334
2026-10-06 17:35:06.017,8.1092e-11,Torr,15.large_stm_connectingPort,spray,15.large_stm_connectingPort/MassSpecData-02115-20261006-173503.csv,2026-10-06 17:29:29.326,5.611516666666666
2026-10-06 17:35:06.225,8.3349e-11,Torr,15.large_stm_connectingPort,spray,15.large_stm_connectingPort/MassSpecData-02115-20261006-173503.csv,2026-10-06 17:29:29.326,5.614983333333333
2026-10-06 17:35:06.433,7.9952e-11,Torr,15.large_stm_connectingPort,spray,15.large_stm_connectingPort/MassSpecData-02115-20261006-173503.csv,2026-10-06 17:29:29.326,5.61845
2026-10-06 17:35:06.642,6.8935e-11,Torr,15.large_stm_connectingPort,spray,15.large_stm_connectingPort/MassSpecData-02115-20261006-173503.csv,2026-10-06 17:29:29.326,5.621933333333333
2026-10-06 17:35:06.850,9.1157e-11,Torr,15.large_stm_connectingPort,spray,15.large_stm_connectingPort/MassSpecData-02115-20261006-173503.csv,2026-10-06 17:29:29.326,5.6254
2026-10-06 17:35:07.058,8.9131e-11,Torr,15.large_stm_connectingPort,spray,15.large_stm_connectingPort/MassSpecData-02115-20261006-173503.csv,2026-10-06 17:29:29.326,5.628866666666667
2026-10-06 17:35:07.267,8.0945e-11,Torr,15.large_stm_connectingPort,spray,15.large_stm_connectingPort/MassSpecData-02115-20261006-173503.csv,2026-10-06 17:29:29.326,5.63235
2026-10-06 17:35:07.475,7.6946e-11,Torr,15.large_stm_connectingPort,spray,15.large_stm_connectingPort/MassSpecData-02115-20261006-173503.csv,2026-10-06 17:29:29.326,5.635816666666667
2026-10-06 17:35:07.683,8.2859e-11,Torr,15.large_stm_connectingPort,spray,15.large_stm_connectingPort/MassSpecData-02115-20261006-173503.csv,2026-10-06 17:29:29.326,5.639283333333334
2026-10-06 17:35:07.892,9.5499e-11,Torr,15.large_stm_connectingPort,spray,15.large_stm_connectingPort/MassSpecData-02115-20261006-173503.csv,2026-10-06 17:29:29.326,5.642766666666666
2026-10-06 17:35:08.100,8.8759e-11,Torr,15.large_stm_connectingPort,spray,15.large_stm_connectingPort/MassSpecData-02115-20261006-173503.csv,2026-10-06 17:29:29.326,5.646233333333333
2026-10-06 17:35:08.308,9.1639e-11,Torr,15.large_stm_connectingPort,spray,15.large_stm_connectingPort/MassSpecData-02115-20261006-173503.csv,2026-10-06 17:29:29.326,5.6497
2026-10-06 17:35:08.517,7.2966e-11,Torr,15.large_stm_connectingPort,spray,15.large_stm_connectingPort/MassSpecData-02115-20261006-173503.csv,2026-10-06 17:29:29.326,5.653183333333333
2026-10-06 17:35:08.725,7.5717e-11,Torr,15.large_stm_connectingPort,spray,15.large_stm_connectingPort/MassSpecData-02115-20261006-173503.csv,2026-10-06 17:29:29.326,5.65665
2026-10-06 17:35:08.933,7.0506e-11,Torr,15.large_stm_connectingPort,spray,15.large_stm_connectingPort/MassSpecData-02115-20261006-173503.csv,2026-10-06 17:29:29.326,5.660116666666667
2026-10-06 17:35:09.141,7.073e-11,Torr,15.large_stm_connectingPort,spray,15.large_stm_connectingPort/MassSpecData-02115-20261006-173503.csv,2026-10-06 17:29:29.326,5.663583333333333
2026-10-06 17:35:09.350,8.2135e-11,Torr,15.large_stm_connectingPort,spray,15.large_stm_connectingPort/MassSpecData-02115-20261006-173503.csv,2026-10-06 17:29:29.326,5.667066666666667
2026-10-06 17:35:09.558,7.3079e-11,Torr,15.large_stm_connectingPort,spray,15.large_stm_connectingPort/MassSpecData-02115-20261006-173503.csv,2026-10-06 17:29:29.326,5.670533333333334
2026-10-06 17:35:09.766,9.4057e-11,Torr,15.large_stm_connectingPort,spray,15.large_stm_connectingPort/MassSpecData-02115-20261006-173503.csv,2026-10-06 17:29:29.326,5.674
2026-10-06 17:35:09.975,6.888e-11,Torr,15.large_stm_connectingPort,spray,15.large_stm_connectingPort/MassSpecData-02115-20261006-173503.csv,2026-10-06 17:29:29.326,5.677483333333333
2026-10-06 17:35:10.183,7.9646e-11,Torr,15.large_stm_connectingPort,spray,15.large_stm_connectingPort/MassSpecData-02115-20261006-173503.csv,2026-10-06 17:29:29.326,5.68095
2026-10-06 17:35:10.391,8.5156e-11,Torr,15.large_stm_connectingPort,spray,15.large_stm_connectingPort/MassSpecData-02115-20261006-173503.csv,2026-10-06 17:29:29.326,5.6844166666666665
2026-10-06 17:35:10.600,7.5255e-11,Torr,15.large_stm_connectingPort,spray,15.large_stm_connectingPort/MassSpecData-02115-20261006-173503.csv,2026-10-06 17:29:29.326,5.6879
2026-10-06 17:35:10.808,6.8369e-11,Torr,15.large_stm_connectingPort,spray,15.large_stm_connectingPort/MassSpecData-02115-20261006-173503.csv,2026-10-06 17:29:29.326,5.691366666666667
2026-10-06 17:35:11.016,7.2654e-11,Torr,15.large_stm_connectingPort,spray,15.large_stm_connectingPort/MassSpecData-02115-20261006-173503.csv,2026-10-06 17:29:29.326,5.694833333333333
2026-10-06 17:35:11.225,7.4171e-11,Torr,15.large_stm_connectingPort,spray,15.large_stm_connectingPort/MassSpecData-02115-20261006-173503.csv,2026-10-06 17:29:29.326,5.698316666666667
2026-10-06 17:35:11.433,7.1513e-11,Torr,15.large_stm_connectingPort,spray,15.large_stm_connectingPort/MassSpecData-02115-20261006-173503.csv,2026-10-06 17:29:29.326,5.701783333333334
2026-10-06 17:35:11.641,8.7928e-11,Torr,15.large_stm_connectingPort,spray,15.large_stm_connectingPort/MassSpecData-02115-20261006-173503.csv,2026-10-06 17:29:29.326,5.70525
2026-10-06 17:35:11.850,8.1363e-11,Torr,15.large_stm_connectingPort,spray,15.large_stm_connectingPort/MassSpecData-02115-20261006-173503.csv,2026-10-06 17:29:29.326,5.708733333333333
2026-10-06 17:35:12.058,7.4458e-11,Torr,15.large_stm_connectingPort,spray,15.large_stm_connectingPort/MassSpecData-02115-20261006-173503.csv,2026-10-06 17:29:29.326,5.7122
2026-10-06 17:35:12.266,8.7822e-11,Torr,15.large_stm_connectingPort,spray,15.large_stm_connectingPort/MassSpecData-02115-20261006-173503.csv,2026-10-06 17:29:29.326,5.7156666666666665
2026-10-06 17:35:12.475,6.5165e-11,Torr,15.large_stm_connectingPort,spray,15.large_stm_connectingPort/MassSpecData-02115-20261006-173503.csv,2026-10-06 17:29:29.326,5.71915
2026-10-06 17:35:12.683,8.5423e-11,Torr,15.large_stm_connectingPort,spray,15.large_stm_connectingPort/MassSpecData-02115-20261006-173503.csv,2026-10-06 17:29:29.326,5.722616666666667
2026-10-06 17:35:12.892,8.3709e-11,Torr,15.large_stm_connectingPort,spray,15.large_stm_connectingPort/MassSpecData-02115-20261006-173503.csv,2026-10-06 17:29:29.326,5.7261
2026-10-06 17:35:13.100,7.0432e-11,Torr,15.large_stm_connectingPort,spray,15.large_stm_connectingPort/MassSpecData-02115-20261006-173503.csv,2026-10-06 17:29:29.326,5.729566666666667
2026-10-06 17:35:13.308,8.7417e-11,Torr,15.large_stm_connectingPort,spray,15.large_stm_connectingPort/MassSpecData-02115-20261006-173503.csv,2026-10-06 17:29:29.326,5.733033333333334
2026-10-06 17:35:13.517,7.4741e-11,Torr,15.large_stm_connectingPort,spray,15.large_stm_connectingPort/MassSpecData-02115-20261006-173503.csv,2026-10-06 17:29:29.326,5.736516666666666
2026-10-06 17:35:13.725,8.7206e-11,Torr,15.large_stm_connectingPort,spray,15.large_stm_connectingPort/MassSpecData-02115-20261006-173503.csv,2026-10-06 17:29:29.326,5.739983333333333
2026-10-06 17:35:13.933,8.0021e-11,Torr,15.large_stm_connectingPort,spray,15.large_stm_connectingPort/MassSpecData-02115-20261006-173503.csv,2026-10-06 17:29:29.326,5.74345
2026-10-06 17:35:14.142,8.2563e-11,Torr,15.large_stm_connectingPort,spray,15.large_stm_connectingPort/MassSpecData-02115-20261006-173503.csv,2026-10-06 17:29:29.326,5.746933333333333
2026-10-06 17:35:14.350,8.2243e-11,Torr,15.large_stm_connectingPort,spray,15.large_stm_connectingPort/MassSpecData-02115-20261006-173503.csv,2026-10-06 17:29:29.326,5.7504
2026-10-06 17:35:14.558,7.6707e-11,Torr,15.large_stm_connectingPort,spray,15.large_stm_connectingPort/MassSpecData-02115-20261006-173503.csv,2026-10-06 17:29:29.326,5.753866666666667
2026-10-06 17:35:14.767,8.3036e-11,Torr,15.large_stm_connectingPort,spray,15.large_stm_connectingPort/MassSpecData-02115-20261006-173503.csv,2026-10-06 17:29:29.326,5.75735
2026-10-06 17:35:14.975,7.9503e-11,Torr,15.large_stm_connectingPort,spray,15.large_stm_connectingPort/MassSpecData-02115-20261006-173503.csv,2026-10-06 17:29:29.326,5.760816666666667
2026-10-06 17:35:15.183,7.4368e-11,Torr,15.large_stm_connectingPort,spray,15.large_stm_connectingPort/MassSpecData-02115-20261006-173503.csv,2026-10-06 17:29:29.326,5.764283333333334
2026-10-06 17:35:15.392,7.381e-11,Torr,15.large_stm_connectingPort,spray,15.large_stm_connectingPort/MassSpecData-02115-20261006-173503.csv,2026-10-06 17:29:29.326,5.767766666666666
2026-10-06 17:35:15.600,9.1921e-11,Torr,15.large_stm_connectingPort,spray,15.large_stm_connectingPort/MassSpecData-02115-20261006-173503.csv,2026-10-06 17:29:29.326,5.771233333333333
2026-10-06 17:35:15.808,9.2129e-11,Torr,15.large_stm_connectingPort,spray,15.large_stm_connectingPort/MassSpecData-02115-20261006-173503.csv,2026-10-06 17:29:29.326,5.7747
2026-10-06 17:35:16.017,8.8595e-11,Torr,15.large_stm_connectingPort,spray,15.large_stm_connectingPort/MassSpecData-02115-20261006-173503.csv,2026-10-06 17:29:29.326,5.778183333333333
2026-10-06 17:35:16.225,9.706e-11,Torr,15.large_stm_connectingPort,spray,15.large_stm_connectingPort/MassSpecData-02115-20261006-173503.csv,2026-10-06 17:29:29.326,5.78165
2026-10-06 17:35:16.433,7.9627e-11,Torr,15.large_stm_connectingPort,spray,15.large_stm_connectingPort/MassSpecData-02115-20261006-173503.csv,2026-10-06 17:29:29.326,5.785116666666667
2026-10-06 17:35:16.642,8.784e-11,Torr,15.large_stm_connectingPort,spray,15.large_stm_connectingPort/MassSpecData-02115-20261006-173503.csv,2026-10-06 17:29:29.326,5.7886
2026-10-06 17:35:16.850,7.1075e-11,Torr,15.large_stm_connectingPort,spray,15.large_stm_connectingPort/MassSpecData-02115-20261006-173503.csv,2026-10-06 17:29:29.326,5.792066666666667
2026-10-06 17:35:17.058,6.6706e-11,Torr,15.large_stm_connectingPort,spray,15.large_stm_connectingPort/MassSpecData-02115-20261006-173503.csv,2026-10-06 17:29:29.326,5.795533333333334
2026-10-06 17:35:17.267,8.9433e-11,Torr,15.large_stm_connectingPort,spray,15.large_stm_connectingPort/MassSpecData-02115-20261006-173503.csv,2026-10-06 17:29:29.326,5.799016666666666
2026-10-06 17:35:17.475,7.3249e-11,Torr,15.large_stm_connectingPort,spray,15.large_stm_connectingPort/MassSpecData-02115-20261006-173503.csv,2026-10-06 17:29:29.326,5.802483333333333
2026-10-06 17:35:17.683,8.5982e-11,Torr,15.large_stm_connectingPort,spray,15.large_stm_connectingPort/MassSpecData-02115-20261006-173503.csv,2026-10-06 17:29:29.326,5.80595
2026-10-06 17:35:17.892,8.2986e-11,Torr,15.large_stm_connectingPort,spray,15.large_stm_connectingPort/MassSpecData-02115-20261006-173503.csv,2026-10-06 17:29:29.326,5.809433333333333
2026-10-06 17:35:18.100,7.6914e-11,Torr,15.large_stm_connectingPort,spray,15.large_stm_connectingPort/MassSpecData-02115-20261006-173503.csv,2026-10-06 17:29:29.326,5.8129
2026-10-06 17:35:18.308,7.7588e-11,Torr,15.large_stm_connectingPort,spray,15.large_stm_connectingPort/MassSpecData-02115-20261006-173503.csv,2026-10-06 17:29:29.326,5.816366666666667
2026-10-06 17:35:18.517,8.5125e-11,Torr,15.large_stm_connectingPort,spray,15.large_stm_connectingPort/MassSpecData-02115-20261006-173503.csv,2026-10-06 17:29:29.326,5.81985
2026-10-06 17:35:18.725,7.6854e-11,Torr,15.large_stm_connectingPort,spray,15.large_stm_connectingPort/MassSpecData-02115-20261006-173503.csv,2026-10-06 17:29:29.326,5.823316666666667
2026-10-06 17:35:18.933,7.5969e-11,Torr,15.large_stm_connectingPort,spray,15.large_stm_connectingPort/MassSpecData-02115-20261006-173503.csv,2026-10-06 17:29:29.326,5.826783333333334
2026-10-06 17:35:19.142,8.205e-11,Torr,15.large_stm_connectingPort,spray,15.large_stm_connectingPort/MassSpecData-02115-20261006-173503.csv,2026-10-06 17:29:29.326,5.830266666666666
2026-10-06 17:35:19.350,1.0006e-10,Torr,15.large_stm_connectingPort,spray,15.large_stm_connectingPort/MassSpecData-02115-20261006-173503.csv,2026-10-06 17:29:29.326,5.833733333333333
2026-10-06 17:35:19.558,8.8708e-11,Torr,15.large_stm_connectingPort,spray,15.large_stm_connectingPort/MassSpecData-02115-20261006-173503.csv,2026-10-06 17:29:29.326,5.8372
2026-10-06 17:35:19.767,6.725e-11,Torr,15.large_stm_connectingPort,spray,15.large_stm_connectingPort/MassSpecData-02115-20261006-173503.csv,2026-10-06 17:29:29.326,5.840683333333333
2026-10-06 17:35:19.975,7.0764e-11,Torr,15.large_stm_connectingPort,spray,15.large_stm_connectingPort/MassSpecData-02115-20261006-173503.csv,2026-10-06 17:29:29.326,5.84415
2026-10-06 17:35:20.183,8.4722e-11,Torr,15.large_stm_connectingPort,spray,15.large_stm_connectingPort/MassSpecData-02115-20261006-173503.csv,2026-10-06 17:29:29.326,5.847616666666667
2026-10-06 17:35:20.392,6.5298e-11,Torr,15.large_stm_connectingPort,spray,15.large_stm_connectingPort/MassSpecData-02115-20261006-173503.csv,2026-10-06 17:29:29.326,5.8511
2026-10-06 17:35:20.600,8.595e-11,Torr,15.large_stm_connectingPort,spray,15.large_stm_connectingPort/MassSpecData-02115-20261006-173503.csv,2026-10-06 17:29:29.326,5.854566666666667
2026-10-06 17:35:20.808,7.7078e-11,Torr,15.large_stm_connectingPort,spray,15.large_stm_connectingPort/MassSpecData-02115-20261006-173503.csv,2026-10-06 17:29:29.326,5.858033333333334
2026-10-06 17:35:21.017,7.608e-11,Torr,15.large_stm_connectingPort,spray,15.large_stm_connectingPort/MassSpecData-02115-20261006-173503.csv,2026-10-06 17:29:29.326,5.861516666666666
2026-10-06 17:35:21.225,8.049e-11,Torr,15.large_stm_connectingPort,spray,15.large_stm_connectingPort/MassSpecData-02115-20261006-173503.csv,2026-10-06 17:29:29.326,5.864983333333333
2026-10-06 17:35:21.433,7.0882e-11,Torr,15.large_stm_connectingPort,spray,15.large_stm_connectingPort/MassSpecData-02115-20261006-173503.csv,2026-10-06 17:29:29.326,5.86845
2026-10-06 17:35:21.642,7.1734e-11,Torr,15.large_stm_connectingPort,spray,15.large_stm_connectingPort/MassSpecData-02115-20261006-173503.csv,2026-10-06 17:29:29.326,5.871933333333333
2026-10-06 17:35:21.850,7.659e-11,Torr,15.large_stm_connectingPort,spray,15.large_stm_connectingPort/MassSpecData-02115-20261006-173503.csv,2026-10-06 17:29:29.326,5.8754
2026-10-06 17:35:22.058,7.2387e-11,Torr,15.large_stm_connectingPort,spray,15.large_stm_connectingPort/MassSpecData-02115-20261006-173503.csv,2026-10-06 17:29:29.326,5.878866666666667
2026-10-06 17:35:22.267,8.1963e-11,Torr,15.large_stm_connectingPort,spray,15.large_stm_connectingPort/MassSpecData-02115-20261006-173503.csv,2026-10-06 17:29:29.326,5.88235
2026-10-06 17:35:22.475,8.9745e-11,Torr,15.large_stm_connectingPort,spray,15.large_stm_connectingPort/MassSpecData-02115-20261006-173503.csv,2026-10-06 17:29:29.326,5.885816666666667
2026-10-06 17:35:22.683,7.7589e-11,Torr,15.large_stm_connectingPort,spray,15.large_stm_connectingPort/MassSpecData-02115-20261006-173503.csv,2026-10-06 17:29:29.326,5.889283333333334
2026-10-06 17:35:22.892,7.4618e-11,Torr,15.large_stm_connectingPort,spray,15.large_stm_connectingPort/MassSpecData-02115-20261006-173503.csv,2026-10-06 17:29:29.326,5.892766666666666
2026-10-06 17:35:23.100,7.9811e-11,Torr,15.large_stm_connectingPort,spray,15.large_stm_connectingPort/MassSpecData-02115-20261006-173503.csv,2026-10-06 17:29:29.326,5.896233333333333
2026-10-06 17:35:23.308,7.6101e-11,Torr,15.large_stm_connectingPort,spray,15.large_stm_connectingPort/MassSpecData-02115-20261006-173503.csv,2026-10-06 17:29:29.326,5.8997
2026-10-06 17:35:23.516,8.4165e-11,Torr,15.large_stm_connectingPort,spray,15.large_stm_connectingPort/MassSpecData-02115-20261006-173503.csv,2026-10-06 17:29:29.326,5.9031666666666665
2026-10-06 17:35:23.725,8.5732e-11,Torr,15.large_stm_connectingPort,spray,15.large_stm_connectingPort/MassSpecData-02115-20261006-173503.csv,2026-10-06 17:29:29.326,5.90665
2026-10-06 17:35:23.933,7.2773e-11,Torr,15.large_stm_connectingPort,spray,15.large_stm_connectingPort/MassSpecData-02115-20261006-173503.csv,2026-10-06 17:29:29.326,5.910116666666667
2026-10-06 17:35:24.141,9.3858e-11,Torr,15.large_stm_connectingPort,spray,15.large_stm_connectingPort/MassSpecData-02115-20261006-173503.csv,2026-10-06 17:29:29.326,5.913583333333333
2026-10-06 17:35:24.350,6.6903e-11,Torr,15.large_stm_connectingPort,spray,15.large_stm_connectingPort/MassSpecData-02115-20261006-173503.csv,2026-10-06 17:29:29.326,5.917066666666667
2026-10-06 17:35:24.558,8.4477e-11,Torr,15.large_stm_connectingPort,spray,15.large_stm_connectingPort/MassSpecData-02115-20261006-173503.csv,2026-10-06 17:29:29.326,5.920533333333334
2026-10-06 17:35:24.766,7.7896e-11,Torr,15.large_stm_connectingPort,spray,15.large_stm_connectingPort/MassSpecData-02115-20261006-173503.csv,2026-10-06 17:29:29.326,5.924
2026-10-06 17:35:24.975,8.5443e-11,Torr,15.large_stm_connectingPort,spray,15.large_stm_connectingPort/MassSpecData-02115-20261006-173503.csv,2026-10-06 17:29:29.326,5.927483333333333
2026-10-06 17:35:25.183,6.0515e-11,Torr,15.large_stm_connectingPort,spray,15.large_stm_connectingPort/MassSpecData-02115-20261006-173503.csv,2026-10-06 17:29:29.326,5.93095
2026-10-06 17:35:25.391,8.4388e-11,Torr,15.large_stm_connectingPort,spray,15.large_stm_connectingPort/MassSpecData-02115-20261006-173503.csv,2026-10-06 17:29:29.326,5.9344166666666665
2026-10-06 17:35:25.600,7.539e-11,Torr,15.large_stm_connectingPort,spray,15.large_stm_connectingPort/MassSpecData-02115-20261006-173503.csv,2026-10-06 17:29:29.326,5.9379
2026-10-06 17:35:25.808,6.8386e-11,Torr,15.large_stm_connectingPort,spray,15.large_stm_connectingPort/MassSpecData-02115-20261006-173503.csv,2026-10-06 17:29:29.326,5.941366666666667
2026-10-06 17:35:26.016,7.516e-11,Torr,15.large_stm_connectingPort,spray,15.large_stm_connectingPort/MassSpecData-02115-20261006-173503.csv,2026-10-06 17:29:29.326,5.944833333333333
2026-10-06 17:35:26.225,7.8961e-11,Torr,15.large_stm_connectingPort,spray,15.large_stm_connectingPort/MassSpecData-02115-20261006-173503.csv,2026-10-06 17:29:29.326,5.948316666666667
2026-10-06 17:35:26.433,7.4817e-11,Torr,15.large_stm_connectingPort,spray,15.large_stm_connectingPort/MassSpecData-02115-20261006-173503.csv,2026-10-06 17:29:29.326,5.951783333333334
2026-10-06 17:35:26.641,9.7337e-11,Torr,15.large_stm_connectingPort,spray,15.large_stm_connectingPort/MassSpecData-02115-20261006-173503.csv,2026-10-06 17:29:29.326,5.95525
2026-10-06 17:35:26.850,8.5086e-11,Torr,15.large_stm_connectingPort,spray,15.large_stm_connectingPort/MassSpecData-02115-20261006-173503.csv,2026-10-06 17:29:29.326,5.958733333333333
2026-10-06 17:35:27.058,9.0619e-11,Torr,15.large_stm_connectingPort,spray,15.large_stm_connectingPort/MassSpecData-02115-20261006-173503.csv,2026-10-06 17:29:29.326,5.9622
2026-10-06 17:35:27.266,7.1318e-11,Torr,15.large_stm_connectingPort,spray,15.large_stm_connectingPort/MassSpecData-02115-20261006-173503.csv,2026-10-06 17:29:29.326,5.9656666666666665
2026-10-06 17:35:27.475,7.8157e-11,Torr,15.large_stm_connectingPort,spray,15.large_stm_connectingPort/MassSpecData-02115-20261006-173503.csv,2026-10-06 17:29:29.326,5.96915
2026-10-06 17:35:27.683,8.7795e-11,Torr,15.large_stm_connectingPort,spray,15.large_stm_connectingPort/MassSpecData-02115-20261006-173503.csv,2026-10-06 17:29:29.326,5.972616666666667
2026-10-06 17:35:27.891,7.3178e-11,Torr,15.large_stm_connectingPort,spray,15.large_stm_connectingPort/MassSpecData-02115-20261006-173503.csv,2026-10-06 17:29:29.326,5.976083333333333
2026-10-06 17:35:28.100,7.2534e-11,Torr,15.large_stm_connectingPort,spray,15.large_stm_connectingPort/MassSpecData-02115-20261006-173503.csv,2026-10-06 17:29:29.326,5.979566666666667
2026-10-06 17:35:28.308,7.1717e-11,Torr,15.large_stm_connectingPort,spray,15.large_stm_connectingPort/MassSpecData-02115-20261006-173503.csv,2026-10-06 17:29:29.326,5.983033333333334
2026-10-06 17:35:28.516,7.975e-11,Torr,15.large_stm_connectingPort,spray,15.large_stm_connectingPort/MassSpecData-02115-20261006-173503.csv,2026-10-06 17:29:29.326,5.9865
2026-10-06 17:35:28.725,7.9098e-11,Torr,15.large_stm_connectingPort,spray,15.large_stm_connectingPort/MassSpecData-02115-20261006-173503.csv,2026-10-06 17:29:29.326,5.989983333333333
2026-10-06 17:35:28.933,7.4366e-11,Torr,15.large_stm_connectingPort,spray,15.large_stm_connectingPort/MassSpecData-02115-20261006-173503.csv,2026-10-06 17:29:29.326,5.99345
2026-10-06 17:35:29.141,6.896e-11,Torr,15.large_stm_connectingPort,spray,15.large_stm_connectingPort/MassSpecData-02115-20261006-173503.csv,2026-10-06 17:29:29.326,5.9969166666666665
2026-10-06 17:35:29.350,9.0344e-11,Torr,15.large_stm_connectingPort,spray,15.large_stm_connectingPort/MassSpecData-02115-20261006-173503.csv,2026-10-06 17:29:29.326,6.0004
2026-10-06 17:35:29.558,8.6345e-11,Torr,15.large_stm_connectingPort,spray,15.large_stm_connectingPort/MassSpecData-02115-20261006-173503.csv,2026-10-06 17:29:29.326,6.003866666666667
2026-10-06 17:35:29.766,8.0149e-11,Torr,15.large_stm_connectingPort,spray,15.large_stm_connectingPort/MassSpecData-02115-20261006-173503.csv,2026-10-06 17:29:29.326,6.007333333333333
2026-10-06 17:35:29.975,7.5203e-11,Torr,15.large_stm_connectingPort,spray,15.large_stm_connectingPort/MassSpecData-02115-20261006-173503.csv,2026-10-06 17:29:29.326,6.010816666666667
2026-10-06 17:35:30.183,6.8917e-11,Torr,15.large_stm_connectingPort,spray,15.large_stm_connectingPort/MassSpecData-02115-20261006-173503.csv,2026-10-06 17:29:29.326,6.014283333333334
2026-10-06 17:35:30.391,7.6593e-11,Torr,15.large_stm_connectingPort,spray,15.large_stm_connectingPort/MassSpecData-02115-20261006-173503.csv,2026-10-06 17:29:29.326,6.01775
2026-10-06 17:35:30.600,7.4794e-11,Torr,15.large_stm_connectingPort,spray,15.large_stm_connectingPort/MassSpecData-02115-20261006-173503.csv,2026-10-06 17:29:29.326,6.021233333333333
2026-10-06 17:35:30.808,7.6256e-11,Torr,15.large_stm_connectingPort,spray,15.large_stm_connectingPort/MassSpecData-02115-20261006-173503.csv,2026-10-06 17:29:29.326,6.0247
2026-10-06 17:35:31.016,7.9388e-11,Torr,15.large_stm_connectingPort,spray,15.large_stm_connectingPort/MassSpecData-02115-20261006-173503.csv,2026-10-06 17:29:29.326,6.0281666666666665
2026-10-06 17:35:31.225,8.8051e-11,Torr,15.large_stm_connectingPort,spray,15.large_stm_connectingPort/MassSpecData-02115-20261006-173503.csv,2026-10-06 17:29:29.326,6.03165
2026-10-06 17:35:31.433,9.2951e-11,Torr,15.large_stm_connectingPort,spray,15.large_stm_connectingPort/MassSpecData-02115-20261006-173503.csv,2026-10-06 17:29:29.326,6.035116666666667
2026-10-06 17:35:31.641,7.2413e-11,Torr,15.large_stm_connectingPort,spray,15.large_stm_connectingPort/MassSpecData-02115-20261006-173503.csv,2026-10-06 17:29:29.326,6.038583333333333
2026-10-06 17:35:31.850,8.3963e-11,Torr,15.large_stm_connectingPort,spray,15.large_stm_connectingPort/MassSpecData-02115-20261006-173503.csv,2026-10-06 17:29:29.326,6.042066666666667
2026-10-06 17:35:32.058,7.7039e-11,Torr,15.large_stm_connectingPort,spray,15.large_stm_connectingPort/MassSpecData-02115-20261006-173503.csv,2026-10-06 17:29:29.326,6.045533333333334
2026-10-06 17:35:32.266,7.6638e-11,Torr,15.large_stm_connectingPort,spray,15.large_stm_connectingPort/MassSpecData-02115-20261006-173503.csv,2026-10-06 17:29:29.326,6.049
2026-10-06 17:35:32.475,7.691e-11,Torr,15.large_stm_connectingPort,spray,15.large_stm_connectingPort/MassSpecData-02115-20261006-173503.csv,2026-10-06 17:29:29.326,6.052483333333333
2026-10-06 17:35:32.683,8.2749e-11,Torr,15.large_stm_connectingPort,spray,15.large_stm_connectingPort/MassSpecData-02115-20261006-173503.csv,2026-10-06 17:29:29.326,6.05595
2026-10-06 17:35:32.891,7.8522e-11,Torr,15.large_stm_connectingPort,spray,15.large_stm_connectingPort/MassSpecData-02115-20261006-173503.csv,2026-10-06 17:29:29.326,6.0594166666666665
2026-10-06 17:35:33.100,7.7616e-11,Torr,15.large_stm_connectingPort,spray,15.large_stm_connectingPort/MassSpecData-02115-20261006-173503.csv,2026-10-06 17:29:29.326,6.0629
2026-10-06 17:35:33.308,7.9482e-11,Torr,15.large_stm_connectingPort,spray,15.large_stm_connectingPort/MassSpecData-02115-20261006-173503.csv,2026-10-06 17:29:29.326,6.066366666666667
2026-10-06 17:35:33.516,8.3082e-11,Torr,15.large_stm_connectingPort,spray,15.large_stm_connectingPort/MassSpecData-02115-20261006-173503.csv,2026-10-06 17:29:29.326,6.069833333333333
2026-10-06 17:35:33.725,7.5652e-11,Torr,15.large_stm_connectingPort,spray,15.large_stm_connectingPort/MassSpecData-02115-20261006-173503.csv,2026-10-06 17:29:29.326,6.073316666666667
2026-10-06 17:35:33.933,8.8094e-11,Torr,15.large_stm_connectingPort,spray,15.large_stm_connectingPort/MassSpecData-02115-20261006-173503.csv,2026-10-06 17:29:29.326,6.076783333333334
2026-10-06 17:35:34.141,8.3381e-11,Torr,15.large_stm_connectingPort,spray,15.large_stm_connectingPort/MassSpecData-02115-20261006-173503.csv,2026-10-06 17:29:29.326,6.08025
2026-10-06 17:35:34.350,8.148e-11,Torr,15.large_stm_connectingPort,spray,15.large_stm_connectingPort/MassSpecData-02115-20261006-173503.csv,2026-10-06 17:29:29.326,6.083733333333333
2026-10-06 17:35:34.558,9.7491e-11,Torr,15.large_stm_connectingPort,spray,15.large_stm_connectingPort/MassSpecData-02115-20261006-173503.csv,2026-10-06 17:29:29.326,6.0872
2026-10-06 17:35:34.766,7.784e-11,Torr,15.large_stm_connectingPort,spray,15.large_stm_connectingPort/MassSpecData-02115-20261006-173503.csv,2026-10-06 17:29:29.326,6.0906666666666665
2026-10-06 17:35:34.975,7.3347e-11,Torr,15.large_stm_connectingPort,spray,15.large_stm_connectingPort/MassSpecData-02115-20261006-173503.csv,2026-10-06 17:29:29.326,6.09415
2026-10-06 17:35:35.183,7.4723e-11,Torr,15.large_stm_connectingPort,spray,15.large_stm_connectingPort/MassSpecData-02115-20261006-173503.csv,2026-10-06 17:29:29.326,6.097616666666667
2026-10-06 17:35:35.391,7.264e-11,Torr,15.large_stm_connectingPort,spray,15.large_stm_connectingPort/MassSpecData-02115-20261006-173503.csv,2026-10-06 17:29:29.326,6.101083333333333
2026-10-06 17:35:35.600,9.786e-11,Torr,15.large_stm_connectingPort,spray,15.large_stm_connectingPort/MassSpecData-02115-20261006-173503.csv,2026-10-06 17:29:29.326,6.104566666666667
2026-10-06 17:35:35.808,7.9154e-11,Torr,15.large_stm_connectingPort,spray,15.large_stm_connectingPort/MassSpecData-02115-20261006-173503.csv,2026-10-06 17:29:29.326,6.108033333333334
2026-10-06 17:35:36.016,7.9731e-11,Torr,15.large_stm_connectingPort,spray,15.large_stm_connectingPort/MassSpecData-02115-20261006-173503.csv,2026-10-06 17:29:29.326,6.1115
2026-10-06 17:35:36.225,7.9704e-11,Torr,15.large_stm_connectingPort,spray,15.large_stm_connectingPort/MassSpecData-02115-20261006-173503.csv,2026-10-06 17:29:29.326,6.114983333333333
2026-10-06 17:35:36.433,7.5964e-11,Torr,15.large_stm_connectingPort,spray,15.large_stm_connectingPort/MassSpecData-02115-20261006-173503.csv,2026-10-06 17:29:29.326,6.11845
2026-10-06 17:35:36.641,6.4981e-11,Torr,15.large_stm_connectingPort,spray,15.large_stm_connectingPort/MassSpecData-02115-20261006-173503.csv,2026-10-06 17:29:29.326,6.1219166666666665
2026-10-06 17:35:36.850,7.9212e-11,Torr,15.large_stm_connectingPort,spray,15.large_stm_connectingPort/MassSpecData-02115-20261006-173503.csv,2026-10-06 17:29:29.326,6.1254
2026-10-06 17:35:37.058,6.872e-11,Torr,15.large_stm_connectingPort,spray,15.large_stm_connectingPort/MassSpecData-02115-20261006-173503.csv,2026-10-06 17:29:29.326,6.128866666666667
2026-10-06 17:35:37.266,9.3345e-11,Torr,15.large_stm_connectingPort,spray,15.large_stm_connectingPort/MassSpecData-02115-20261006-173503.csv,2026-10-06 17:29:29.326,6.132333333333333
2026-10-06 17:35:37.475,7.4545e-11,Torr,15.large_stm_connectingPort,spray,15.large_stm_connectingPort/MassSpecData-02115-20261006-173503.csv,2026-10-06 17:29:29.326,6.135816666666667
2026-10-06 17:35:37.683,8.597e-11,Torr,15.large_stm_connectingPort,spray,15.large_stm_connectingPort/MassSpecData-02115-20261006-173503.csv,2026-10-06 17:29:29.326,6.139283333333334
2026-10-06 17:35:37.891,8.5273e-11,Torr,15.large_stm_connectingPort,spray,15.large_stm_connectingPort/MassSpecData-02115-20261006-173503.csv,2026-10-06 17:29:29.326,6.14275
2026-10-06 17:35:38.100,7.7827e-11,Torr,15.large_stm_connectingPort,spray,15.large_stm_connectingPort/MassSpecData-02115-20261006-173503.csv,2026-10-06 17:29:29.326,6.146233333333333
2026-10-06 17:35:38.308,6.4495e-11,Torr,15.large_stm_connectingPort,spray,15.large_stm_connectingPort/MassSpecData-02115-20261006-173503.csv,2026-10-06 17:29:29.326,6.1497
2026-10-06 17:35:38.516,9.5801e-11,Torr,15.large_stm_connectingPort,spray,15.large_stm_connectingPort/MassSpecData-02115-20261006-173503.csv,2026-10-06 17:29:29.326,6.1531666666666665
2026-10-06 17:35:38.725,7.6698e-11,Torr,15.large_stm_connectingPort,spray,15.large_stm_connectingPort/MassSpecData-02115-20261006-173503.csv,2026-10-06 17:29:29.326,6.15665
2026-10-06 17:35:38.933,1.0233e-10,Torr,15.large_stm_connectingPort,spray,15.large_stm_connectingPort/MassSpecData-02115-20261006-173503.csv,2026-10-06 17:29:29.326,6.160116666666667
2026-10-06 17:35:39.141,7.1606e-11,Torr,15.large_stm_connectingPort,spray,15.large_stm_connectingPort/MassSpecData-02115-20261006-173503.csv,2026-10-06 17:29:29.326,6.163583333333333
2026-10-06 17:35:39.350,6.935e-11,Torr,15.large_stm_connectingPort,spray,15.large_stm_connectingPort/MassSpecData-02115-20261006-173503.csv,2026-10-06 17:29:29.326,6.167066666666667
2026-10-06 17:35:39.558,8.0253e-11,Torr,15.large_stm_connectingPort,spray,15.large_stm_connectingPort/MassSpecData-02115-20261006-173503.csv,2026-10-06 17:29:29.326,6.170533333333334
2026-10-06 17:35:39.766,7.3237e-11,Torr,15.large_stm_connectingPort,spray,15.large_stm_connectingPort/MassSpecData-02115-20261006-173503.csv,2026-10-06 17:29:29.326,6.174
2026-10-06 17:35:39.975,7.4743e-11,Torr,15.large_stm_connectingPort,spray,15.large_stm_connectingPort/MassSpecData-02115-20261006-173503.csv,2026-10-06 17:29:29.326,6.177483333333333
2026-10-06 17:35:40.183,8.1702e-11,Torr,15.large_stm_connectingPort,spray,15.large_stm_connectingPort/MassSpecData-02115-20261006-173503.csv,2026-10-06 17:29:29.326,6.18095
2026-10-06 17:35:40.391,8.4953e-11,Torr,15.large_stm_connectingPort,spray,15.large_stm_connectingPort/MassSpecData-02115-20261006-173503.csv,2026-10-06 17:29:29.326,6.1844166666666665
2026-10-06 17:35:40.600,7.881e-11,Torr,15.large_stm_connectingPort,spray,15.large_stm_connectingPort/MassSpecData-02115-20261006-173503.csv,2026-10-06 17:29:29.326,6.1879
2026-10-06 17:35:40.808,7.5487e-11,Torr,15.large_stm_connectingPort,spray,15.large_stm_connectingPort/MassSpecData-02115-20261006-173503.csv,2026-10-06 17:29:29.326,6.191366666666667
2026-10-06 17:35:41.016,9.2118e-11,Torr,15.large_stm_connectingPort,spray,15.large_stm_connectingPort/MassSpecData-02115-20261006-173503.csv,2026-10-06 17:29:29.326,6.194833333333333
2026-10-06 17:35:41.225,8.5904e-11,Torr,15.large_stm_connectingPort,spray,15.large_stm_connectingPort/MassSpecData-02115-20261006-173503.csv,2026-10-06 17:29:29.326,6.198316666666667
2026-10-06 17:35:41.433,7.9006e-11,Torr,15.large_stm_connectingPort,spray,15.large_stm_connectingPort/MassSpecData-02115-20261006-173503.csv,2026-10-06 17:29:29.326,6.201783333333334
2026-10-06 17:35:41.642,7.7919e-11,Torr,15.large_stm_connectingPort,spray,15.large_stm_connectingPort/MassSpecData-02115-20261006-173503.csv,2026-10-06 17:29:29.326,6.205266666666666
2026-10-06 17:35:41.850,7.573e-11,Torr,15.large_stm_connectingPort,spray,15.large_stm_connectingPort/MassSpecData-02115-20261006-173503.csv,2026-10-06 17:29:29.326,6.208733333333333
2026-10-06 17:35:42.058,7.8866e-11,Torr,15.large_stm_connectingPort,spray,15.large_stm_connectingPort/MassSpecData-02115-20261006-173503.csv,2026-10-06 17:29:29.326,6.2122
2026-10-06 17:35:42.267,8.2217e-11,Torr,15.large_stm_connectingPort,spray,15.large_stm_connectingPort/MassSpecData-02115-20261006-173503.csv,2026-10-06 17:29:29.326,6.215683333333333
2026-10-06 17:35:42.475,8.4631e-11,Torr,15.large_stm_connectingPort,spray,15.large_stm_connectingPort/MassSpecData-02115-20261006-173503.csv,2026-10-06 17:29:29.326,6.21915
2026-10-06 17:35:42.683,9.5983e-11,Torr,15.large_stm_connectingPort,spray,15.large_stm_connectingPort/MassSpecData-02115-20261006-173503.csv,2026-10-06 17:29:29.326,6.222616666666667
2026-10-06 17:35:42.892,8.4464e-11,Torr,15.large_stm_connectingPort,spray,15.large_stm_connectingPort/MassSpecData-02115-20261006-173503.csv,2026-10-06 17:29:29.326,6.2261
2026-10-06 17:35:43.100,8.0113e-11,Torr,15.large_stm_connectingPort,spray,15.large_stm_connectingPort/MassSpecData-02115-20261006-173503.csv,2026-10-06 17:29:29.326,6.229566666666667
2026-10-06 17:35:43.308,7.5219e-11,Torr,15.large_stm_connectingPort,spray,15.large_stm_connectingPort/MassSpecData-02115-20261006-173503.csv,2026-10-06 17:29:29.326,6.233033333333334
2026-10-06 17:35:43.517,8.5233e-11,Torr,15.large_stm_connectingPort,spray,15.large_stm_connectingPort/MassSpecData-02115-20261006-173503.csv,2026-10-06 17:29:29.326,6.236516666666666
2026-10-06 17:35:43.725,7.9878e-11,Torr,15.large_stm_connectingPort,spray,15.large_stm_connectingPort/MassSpecData-02115-20261006-173503.csv,2026-10-06 17:29:29.326,6.239983333333333
2026-10-06 17:35:43.933,8.3126e-11,Torr,15.large_stm_connectingPort,spray,15.large_stm_connectingPort/MassSpecData-02115-20261006-173503.csv,2026-10-06 17:29:29.326,6.24345
2026-10-06 17:35:44.142,8.04e-11,Torr,15.large_stm_connectingPort,spray,15.large_stm_connectingPort/MassSpecData-02115-20261006-173503.csv,2026-10-06 17:29:29.326,6.246933333333333
2026-10-06 17:35:44.350,6.4638e-11,Torr,15.large_stm_connectingPort,spray,15.large_stm_connectingPort/MassSpecData-02115-20261006-173503.csv,2026-10-06 17:29:29.326,6.2504
2026-10-06 17:35:44.558,8.1778e-11,Torr,15.large_stm_connectingPort,spray,15.large_stm_connectingPort/MassSpecData-02115-20261006-173503.csv,2026-10-06 17:29:29.326,6.253866666666667
2026-10-06 17:35:44.767,7.1288e-11,Torr,15.large_stm_connectingPort,spray,15.large_stm_connectingPort/MassSpecData-02115-20261006-173503.csv,2026-10-06 17:29:29.326,6.25735
2026-10-06 17:35:44.975,8.2862e-11,Torr,15.large_stm_connectingPort,spray,15.large_stm_connectingPort/MassSpecData-02115-20261006-173503.csv,2026-10-06 17:29:29.326,6.260816666666667
2026-10-06 17:35:45.183,8.0378e-11,Torr,15.large_stm_connectingPort,spray,15.large_stm_connectingPort/MassSpecData-02115-20261006-173503.csv,2026-10-06 17:29:29.326,6.264283333333334
2026-10-06 17:35:45.532,6.659e-11,Torr,15.large_stm_connectingPort,spray,15.large_stm_connectingPort/MassSpecData-02115-20261006-173545.csv,2026-10-06 17:29:29.326,6.2701
2026-10-06 17:35:45.740,7.5604e-11,Torr,15.large_stm_connectingPort,spray,15.large_stm_connectingPort/MassSpecData-02115-20261006-173545.csv,2026-10-06 17:29:29.326,6.2735666666666665
2026-10-06 17:35:45.949,8.189e-11,Torr,15.large_stm_connectingPort,spray,15.large_stm_connectingPort/MassSpecData-02115-20261006-173545.csv,2026-10-06 17:29:29.326,6.27705
2026-10-06 17:35:46.157,8.7234e-11,Torr,15.large_stm_connectingPort,spray,15.large_stm_connectingPort/MassSpecData-02115-20261006-173545.csv,2026-10-06 17:29:29.326,6.280516666666667
2026-10-06 17:35:46.365,8.3881e-11,Torr,15.large_stm_connectingPort,spray,15.large_stm_connectingPort/MassSpecData-02115-20261006-173545.csv,2026-10-06 17:29:29.326,6.2839833333333335
2026-10-06 17:35:46.574,8.0753e-11,Torr,15.large_stm_connectingPort,spray,15.large_stm_connectingPort/MassSpecData-02115-20261006-173545.csv,2026-10-06 17:29:29.326,6.287466666666666
2026-10-06 17:35:46.782,8.5076e-11,Torr,15.large_stm_connectingPort,spray,15.large_stm_connectingPort/MassSpecData-02115-20261006-173545.csv,2026-10-06 17:29:29.326,6.290933333333333
2026-10-06 17:35:46.990,7.9263e-11,Torr,15.large_stm_connectingPort,spray,15.large_stm_connectingPort/MassSpecData-02115-20261006-173545.csv,2026-10-06 17:29:29.326,6.2943999999999996
2026-10-06 17:35:47.198,8.8861e-11,Torr,15.large_stm_connectingPort,spray,15.large_stm_connectingPort/MassSpecData-02115-20261006-173545.csv,2026-10-06 17:29:29.326,6.297866666666667
2026-10-06 17:35:47.407,9.403e-11,Torr,15.large_stm_connectingPort,spray,15.large_stm_connectingPort/MassSpecData-02115-20261006-173545.csv,2026-10-06 17:29:29.326,6.30135
2026-10-06 17:35:47.615,8.085e-11,Torr,15.large_stm_connectingPort,spray,15.large_stm_connectingPort/MassSpecData-02115-20261006-173545.csv,2026-10-06 17:29:29.326,6.3048166666666665
2026-10-06 17:35:47.824,7.3176e-11,Torr,15.large_stm_connectingPort,spray,15.large_stm_connectingPort/MassSpecData-02115-20261006-173545.csv,2026-10-06 17:29:29.326,6.3083
2026-10-06 17:35:48.032,6.9421e-11,Torr,15.large_stm_connectingPort,spray,15.large_stm_connectingPort/MassSpecData-02115-20261006-173545.csv,2026-10-06 17:29:29.326,6.311766666666667
2026-10-06 17:35:48.240,8.026e-11,Torr,15.large_stm_connectingPort,spray,15.large_stm_connectingPort/MassSpecData-02115-20261006-173545.csv,2026-10-06 17:29:29.326,6.3152333333333335
2026-10-06 17:35:48.449,6.9997e-11,Torr,15.large_stm_connectingPort,spray,15.large_stm_connectingPort/MassSpecData-02115-20261006-173545.csv,2026-10-06 17:29:29.326,6.318716666666666
2026-10-06 17:35:48.657,7.6005e-11,Torr,15.large_stm_connectingPort,spray,15.large_stm_connectingPort/MassSpecData-02115-20261006-173545.csv,2026-10-06 17:29:29.326,6.322183333333333
2026-10-06 17:35:48.865,7.1759e-11,Torr,15.large_stm_connectingPort,spray,15.large_stm_connectingPort/MassSpecData-02115-20261006-173545.csv,2026-10-06 17:29:29.326,6.3256499999999996
2026-10-06 17:35:49.074,8.051e-11,Torr,15.large_stm_connectingPort,spray,15.large_stm_connectingPort/MassSpecData-02115-20261006-173545.csv,2026-10-06 17:29:29.326,6.329133333333333
2026-10-06 17:35:49.282,7.2403e-11,Torr,15.large_stm_connectingPort,spray,15.large_stm_connectingPort/MassSpecData-02115-20261006-173545.csv,2026-10-06 17:29:29.326,6.3326
2026-10-06 17:35:49.490,7.5223e-11,Torr,15.large_stm_connectingPort,spray,15.large_stm_connectingPort/MassSpecData-02115-20261006-173545.csv,2026-10-06 17:29:29.326,6.3360666666666665
2026-10-06 17:35:49.699,9.571e-11,Torr,15.large_stm_connectingPort,spray,15.large_stm_connectingPort/MassSpecData-02115-20261006-173545.csv,2026-10-06 17:29:29.326,6.33955
2026-10-06 17:35:49.907,7.4413e-11,Torr,15.large_stm_connectingPort,spray,15.large_stm_connectingPort/MassSpecData-02115-20261006-173545.csv,2026-10-06 17:29:29.326,6.343016666666667
2026-10-06 17:35:50.115,8.9404e-11,Torr,15.large_stm_connectingPort,spray,15.large_stm_connectingPort/MassSpecData-02115-20261006-173545.csv,2026-10-06 17:29:29.326,6.3464833333333335
2026-10-06 17:35:50.324,8.0913e-11,Torr,15.large_stm_connectingPort,spray,15.large_stm_connectingPort/MassSpecData-02115-20261006-173545.csv,2026-10-06 17:29:29.326,6.349966666666666
2026-10-06 17:35:50.532,7.2891e-11,Torr,15.large_stm_connectingPort,spray,15.large_stm_connectingPort/MassSpecData-02115-20261006-173545.csv,2026-10-06 17:29:29.326,6.353433333333333
2026-10-06 17:35:50.740,6.8863e-11,Torr,15.large_stm_connectingPort,spray,15.large_stm_connectingPort/MassSpecData-02115-20261006-173545.csv,2026-10-06 17:29:29.326,6.3568999999999996
2026-10-06 17:35:50.948,7.2183e-11,Torr,15.large_stm_connectingPort,spray,15.large_stm_connectingPort/MassSpecData-02115-20261006-173545.csv,2026-10-06 17:29:29.326,6.360366666666667
2026-10-06 17:35:51.157,7.0678e-11,Torr,15.large_stm_connectingPort,spray,15.large_stm_connectingPort/MassSpecData-02115-20261006-173545.csv,2026-10-06 17:29:29.326,6.36385
2026-10-06 17:35:51.365,9.0993e-11,Torr,15.large_stm_connectingPort,spray,15.large_stm_connectingPort/MassSpecData-02115-20261006-173545.csv,2026-10-06 17:29:29.326,6.3673166666666665
2026-10-06 17:35:51.573,6.7116e-11,Torr,15.large_stm_connectingPort,spray,15.large_stm_connectingPort/MassSpecData-02115-20261006-173545.csv,2026-10-06 17:29:29.326,6.370783333333334
2026-10-06 17:35:51.782,8.0555e-11,Torr,15.large_stm_connectingPort,spray,15.large_stm_connectingPort/MassSpecData-02115-20261006-173545.csv,2026-10-06 17:29:29.326,6.374266666666667
2026-10-06 17:35:51.990,8.9303e-11,Torr,15.large_stm_connectingPort,spray,15.large_stm_connectingPort/MassSpecData-02115-20261006-173545.csv,2026-10-06 17:29:29.326,6.3777333333333335
2026-10-06 17:35:52.198,6.7286e-11,Torr,15.large_stm_connectingPort,spray,15.large_stm_connectingPort/MassSpecData-02115-20261006-173545.csv,2026-10-06 17:29:29.326,6.381200000000001
2026-10-06 17:35:52.407,6.8724e-11,Torr,15.large_stm_connectingPort,spray,15.large_stm_connectingPort/MassSpecData-02115-20261006-173545.csv,2026-10-06 17:29:29.326,6.384683333333333
2026-10-06 17:35:52.615,8.6413e-11,Torr,15.large_stm_connectingPort,spray,15.large_stm_connectingPort/MassSpecData-02115-20261006-173545.csv,2026-10-06 17:29:29.326,6.3881499999999996
2026-10-06 17:35:52.823,8.6692e-11,Torr,15.large_stm_connectingPort,spray,15.large_stm_connectingPort/MassSpecData-02115-20261006-173545.csv,2026-10-06 17:29:29.326,6.391616666666667
2026-10-06 17:35:53.032,8.4168e-11,Torr,15.large_stm_connectingPort,spray,15.large_stm_connectingPort/MassSpecData-02115-20261006-173545.csv,2026-10-06 17:29:29.326,6.3951
2026-10-06 17:35:53.240,8.5165e-11,Torr,15.large_stm_connectingPort,spray,15.large_stm_connectingPort/MassSpecData-02115-20261006-173545.csv,2026-10-06 17:29:29.326,6.3985666666666665
2026-10-06 17:35:53.448,8.5641e-11,Torr,15.large_stm_connectingPort,spray,15.large_stm_connectingPort/MassSpecData-02115-20261006-173545.csv,2026-10-06 17:29:29.326,6.402033333333334
2026-10-06 17:35:53.657,8.0379e-11,Torr,15.large_stm_connectingPort,spray,15.large_stm_connectingPort/MassSpecData-02115-20261006-173545.csv,2026-10-06 17:29:29.326,6.405516666666667
2026-10-06 17:35:53.865,7.0858e-11,Torr,15.large_stm_connectingPort,spray,15.large_stm_connectingPort/MassSpecData-02115-20261006-173545.csv,2026-10-06 17:29:29.326,6.4089833333333335
2026-10-06 17:35:54.073,9.0914e-11,Torr,15.large_stm_connectingPort,spray,15.large_stm_connectingPort/MassSpecData-02115-20261006-173545.csv,2026-10-06 17:29:29.326,6.412450000000001
2026-10-06 17:35:54.282,8.1767e-11,Torr,15.large_stm_connectingPort,spray,15.large_stm_connectingPort/MassSpecData-02115-20261006-173545.csv,2026-10-06 17:29:29.326,6.415933333333333
2026-10-06 17:35:54.490,8.5093e-11,Torr,15.large_stm_connectingPort,spray,15.large_stm_connectingPort/MassSpecData-02115-20261006-173545.csv,2026-10-06 17:29:29.326,6.4193999999999996
2026-10-06 17:35:54.699,8.4307e-11,Torr,15.large_stm_connectingPort,spray,15.large_stm_connectingPort/MassSpecData-02115-20261006-173545.csv,2026-10-06 17:29:29.326,6.422883333333333
2026-10-06 17:35:54.907,1.0601e-10,Torr,15.large_stm_connectingPort,spray,15.large_stm_connectingPort/MassSpecData-02115-20261006-173545.csv,2026-10-06 17:29:29.326,6.42635
2026-10-06 17:35:55.115,7.6476e-11,Torr,15.large_stm_connectingPort,spray,15.large_stm_connectingPort/MassSpecData-02115-20261006-173545.csv,2026-10-06 17:29:29.326,6.4298166666666665
2026-10-06 17:35:55.324,6.91e-11,Torr,15.large_stm_connectingPort,spray,15.large_stm_connectingPort/MassSpecData-02115-20261006-173545.csv,2026-10-06 17:29:29.326,6.4333
2026-10-06 17:35:55.532,9.4531e-11,Torr,15.large_stm_connectingPort,spray,15.large_stm_connectingPort/MassSpecData-02115-20261006-173545.csv,2026-10-06 17:29:29.326,6.436766666666667
2026-10-06 17:35:55.740,8.7558e-11,Torr,15.large_stm_connectingPort,spray,15.large_stm_connectingPort/MassSpecData-02115-20261006-173545.csv,2026-10-06 17:29:29.326,6.4402333333333335
2026-10-06 17:35:55.949,7.5367e-11,Torr,15.large_stm_connectingPort,spray,15.large_stm_connectingPort/MassSpecData-02115-20261006-173545.csv,2026-10-06 17:29:29.326,6.443716666666666
2026-10-06 17:35:56.157,6.8956e-11,Torr,15.large_stm_connectingPort,spray,15.large_stm_connectingPort/MassSpecData-02115-20261006-173545.csv,2026-10-06 17:29:29.326,6.447183333333333
2026-10-06 17:35:56.365,8.3723e-11,Torr,15.large_stm_connectingPort,spray,15.large_stm_connectingPort/MassSpecData-02115-20261006-173545.csv,2026-10-06 17:29:29.326,6.4506499999999996
2026-10-06 17:35:56.574,8.0817e-11,Torr,15.large_stm_connectingPort,spray,15.large_stm_connectingPort/MassSpecData-02115-20261006-173545.csv,2026-10-06 17:29:29.326,6.454133333333333
2026-10-06 17:35:56.782,7.2767e-11,Torr,15.large_stm_connectingPort,spray,15.large_stm_connectingPort/MassSpecData-02115-20261006-173545.csv,2026-10-06 17:29:29.326,6.4576
2026-10-06 17:35:56.990,7.2851e-11,Torr,15.large_stm_connectingPort,spray,15.large_stm_connectingPort/MassSpecData-02115-20261006-173545.csv,2026-10-06 17:29:29.326,6.4610666666666665
2026-10-06 17:35:57.199,7.2661e-11,Torr,15.large_stm_connectingPort,spray,15.large_stm_connectingPort/MassSpecData-02115-20261006-173545.csv,2026-10-06 17:29:29.326,6.46455
2026-10-06 17:35:57.407,8.2584e-11,Torr,15.large_stm_connectingPort,spray,15.large_stm_connectingPort/MassSpecData-02115-20261006-173545.csv,2026-10-06 17:29:29.326,6.468016666666667
2026-10-06 17:35:57.615,8.589e-11,Torr,15.large_stm_connectingPort,spray,15.large_stm_connectingPort/MassSpecData-02115-20261006-173545.csv,2026-10-06 17:29:29.326,6.4714833333333335
2026-10-06 17:35:57.824,9.0247e-11,Torr,15.large_stm_connectingPort,spray,15.large_stm_connectingPort/MassSpecData-02115-20261006-173545.csv,2026-10-06 17:29:29.326,6.474966666666666
2026-10-06 17:35:58.032,7.0673e-11,Torr,15.large_stm_connectingPort,spray,15.large_stm_connectingPort/MassSpecData-02115-20261006-173545.csv,2026-10-06 17:29:29.326,6.478433333333333
2026-10-06 17:35:58.240,8.2142e-11,Torr,15.large_stm_connectingPort,spray,15.large_stm_connectingPort/MassSpecData-02115-20261006-173545.csv,2026-10-06 17:29:29.326,6.4818999999999996
2026-10-06 17:35:58.449,7.4534e-11,Torr,15.large_stm_connectingPort,spray,15.large_stm_connectingPort/MassSpecData-02115-20261006-173545.csv,2026-10-06 17:29:29.326,6.485383333333333
2026-10-06 17:35:58.657,8.0203e-11,Torr,15.large_stm_connectingPort,spray,15.large_stm_connectingPort/MassSpecData-02115-20261006-173545.csv,2026-10-06 17:29:29.326,6.48885
2026-10-06 17:35:58.865,8.6305e-11,Torr,15.large_stm_connectingPort,spray,15.large_stm_connectingPort/MassSpecData-02115-20261006-173545.csv,2026-10-06 17:29:29.326,6.4923166666666665
2026-10-06 17:35:59.074,8.4234e-11,Torr,15.large_stm_connectingPort,spray,15.large_stm_connectingPort/MassSpecData-02115-20261006-173545.csv,2026-10-06 17:29:29.326,6.4958
2026-10-06 17:35:59.282,8.3766e-11,Torr,15.large_stm_connectingPort,spray,15.large_stm_connectingPort/MassSpecData-02115-20261006-173545.csv,2026-10-06 17:29:29.326,6.499266666666667
2026-10-06 17:35:59.490,7.3026e-11,Torr,15.large_stm_connectingPort,spray,15.large_stm_connectingPort/MassSpecData-02115-20261006-173545.csv,2026-10-06 17:29:29.326,6.5027333333333335
2026-10-06 17:35:59.699,8.7008e-11,Torr,15.large_stm_connectingPort,spray,15.large_stm_connectingPort/MassSpecData-02115-20261006-173545.csv,2026-10-06 17:29:29.326,6.506216666666666
2026-10-06 17:35:59.907,8.6603e-11,Torr,15.large_stm_connectingPort,spray,15.large_stm_connectingPort/MassSpecData-02115-20261006-173545.csv,2026-10-06 17:29:29.326,6.509683333333333
2026-10-06 17:36:00.115,8.2884e-11,Torr,15.large_stm_connectingPort,spray,15.large_stm_connectingPort/MassSpecData-02115-20261006-173545.csv,2026-10-06 17:29:29.326,6.5131499999999996
2026-10-06 17:36:00.324,8.7935e-11,Torr,15.large_stm_connectingPort,spray,15.large_stm_connectingPort/MassSpecData-02115-20261006-173545.csv,2026-10-06 17:29:29.326,6.516633333333333
2026-10-06 17:36:00.532,8.5991e-11,Torr,15.large_stm_connectingPort,spray,15.large_stm_connectingPort/MassSpecData-02115-20261006-173545.csv,2026-10-06 17:29:29.326,6.5201
2026-10-06 17:36:00.740,8.4618e-11,Torr,15.large_stm_connectingPort,spray,15.large_stm_connectingPort/MassSpecData-02115-20261006-173545.csv,2026-10-06 17:29:29.326,6.5235666666666665
2026-10-06 17:36:00.949,9.4784e-11,Torr,15.large_stm_connectingPort,spray,15.large_stm_connectingPort/MassSpecData-02115-20261006-173545.csv,2026-10-06 17:29:29.326,6.52705
2026-10-06 17:36:01.157,6.5855e-11,Torr,15.large_stm_connectingPort,spray,15.large_stm_connectingPort/MassSpecData-02115-20261006-173545.csv,2026-10-06 17:29:29.326,6.530516666666667
2026-10-06 17:36:01.365,9.2064e-11,Torr,15.large_stm_connectingPort,spray,15.large_stm_connectingPort/MassSpecData-02115-20261006-173545.csv,2026-10-06 17:29:29.326,6.5339833333333335
2026-10-06 17:36:01.574,8.5692e-11,Torr,15.large_stm_connectingPort,spray,15.large_stm_connectingPort/MassSpecData-02115-20261006-173545.csv,2026-10-06 17:29:29.326,6.537466666666666
2026-10-06 17:36:01.782,7.792e-11,Torr,15.large_stm_connectingPort,spray,15.large_stm_connectingPort/MassSpecData-02115-20261006-173545.csv,2026-10-06 17:29:29.326,6.540933333333333
2026-10-06 17:36:01.990,7.4288e-11,Torr,15.large_stm_connectingPort,spray,15.large_stm_connectingPort/MassSpecData-02115-20261006-173545.csv,2026-10-06 17:29:29.326,6.5443999999999996
2026-10-06 17:36:02.199,7.8392e-11,Torr,15.large_stm_connectingPort,spray,15.large_stm_connectingPort/MassSpecData-02115-20261006-173545.csv,2026-10-06 17:29:29.326,6.547883333333333
2026-10-06 17:36:02.407,8.5117e-11,Torr,15.large_stm_connectingPort,spray,15.large_stm_connectingPort/MassSpecData-02115-20261006-173545.csv,2026-10-06 17:29:29.326,6.55135
2026-10-06 17:36:02.615,7.6395e-11,Torr,15.large_stm_connectingPort,spray,15.large_stm_connectingPort/MassSpecData-02115-20261006-173545.csv,2026-10-06 17:29:29.326,6.5548166666666665
2026-10-06 17:36:02.824,6.0534e-11,Torr,15.large_stm_connectingPort,spray,15.large_stm_connectingPort/MassSpecData-02115-20261006-173545.csv,2026-10-06 17:29:29.326,6.5583
2026-10-06 17:36:03.032,6.6026e-11,Torr,15.large_stm_connectingPort,spray,15.large_stm_connectingPort/MassSpecData-02115-20261006-173545.csv,2026-10-06 17:29:29.326,6.561766666666667
2026-10-06 17:36:03.240,8.9602e-11,Torr,15.large_stm_connectingPort,spray,15.large_stm_connectingPort/MassSpecData-02115-20261006-173545.csv,2026-10-06 17:29:29.326,6.5652333333333335
2026-10-06 17:36:03.449,6.9557e-11,Torr,15.large_stm_connectingPort,spray,15.large_stm_connectingPort/MassSpecData-02115-20261006-173545.csv,2026-10-06 17:29:29.326,6.568716666666666
2026-10-06 17:36:03.657,7.2901e-11,Torr,15.large_stm_connectingPort,spray,15.large_stm_connectingPort/MassSpecData-02115-20261006-173545.csv,2026-10-06 17:29:29.326,6.572183333333333
2026-10-06 17:36:03.865,8.5278e-11,Torr,15.large_stm_connectingPort,spray,15.large_stm_connectingPort/MassSpecData-02115-20261006-173545.csv,2026-10-06 17:29:29.326,6.5756499999999996
2026-10-06 17:36:04.074,8.933e-11,Torr,15.large_stm_connectingPort,spray,15.large_stm_connectingPort/MassSpecData-02115-20261006-173545.csv,2026-10-06 17:29:29.326,6.579133333333333
2026-10-06 17:36:04.282,8.1247e-11,Torr,15.large_stm_connectingPort,spray,15.large_stm_connectingPort/MassSpecData-02115-20261006-173545.csv,2026-10-06 17:29:29.326,6.5826
2026-10-06 17:36:04.490,8.6082e-11,Torr,15.large_stm_connectingPort,spray,15.large_stm_connectingPort/MassSpecData-02115-20261006-173545.csv,2026-10-06 17:29:29.326,6.5860666666666665
2026-10-06 17:36:04.699,8.2427e-11,Torr,15.large_stm_connectingPort,spray,15.large_stm_connectingPort/MassSpecData-02115-20261006-173545.csv,2026-10-06 17:29:29.326,6.58955
2026-10-06 17:36:04.907,7.8125e-11,Torr,15.large_stm_connectingPort,spray,15.large_stm_connectingPort/MassSpecData-02115-20261006-173545.csv,2026-10-06 17:29:29.326,6.593016666666667
2026-10-06 17:36:05.115,8.2523e-11,Torr,15.large_stm_connectingPort,spray,15.large_stm_connectingPort/MassSpecData-02115-20261006-173545.csv,2026-10-06 17:29:29.326,6.5964833333333335
2026-10-06 17:36:05.323,7.5968e-11,Torr,15.large_stm_connectingPort,spray,15.large_stm_connectingPort/MassSpecData-02115-20261006-173545.csv,2026-10-06 17:29:29.326,6.599950000000001
2026-10-06 17:36:05.532,7.6029e-11,Torr,15.large_stm_connectingPort,spray,15.large_stm_connectingPort/MassSpecData-02115-20261006-173545.csv,2026-10-06 17:29:29.326,6.603433333333333
2026-10-06 17:36:05.740,7.8447e-11,Torr,15.large_stm_connectingPort,spray,15.large_stm_connectingPort/MassSpecData-02115-20261006-173545.csv,2026-10-06 17:29:29.326,6.6068999999999996
2026-10-06 17:36:05.948,6.6842e-11,Torr,15.large_stm_connectingPort,spray,15.large_stm_connectingPort/MassSpecData-02115-20261006-173545.csv,2026-10-06 17:29:29.326,6.610366666666667
2026-10-06 17:36:06.157,8.4751e-11,Torr,15.large_stm_connectingPort,spray,15.large_stm_connectingPort/MassSpecData-02115-20261006-173545.csv,2026-10-06 17:29:29.326,6.61385
2026-10-06 17:36:06.365,7.4166e-11,Torr,15.large_stm_connectingPort,spray,15.large_stm_connectingPort/MassSpecData-02115-20261006-173545.csv,2026-10-06 17:29:29.326,6.6173166666666665
2026-10-06 17:36:06.573,7.751e-11,Torr,15.large_stm_connectingPort,spray,15.large_stm_connectingPort/MassSpecData-02115-20261006-173545.csv,2026-10-06 17:29:29.326,6.620783333333334
2026-10-06 17:36:06.782,7.3566e-11,Torr,15.large_stm_connectingPort,spray,15.large_stm_connectingPort/MassSpecData-02115-20261006-173545.csv,2026-10-06 17:29:29.326,6.624266666666667
2026-10-06 17:36:06.990,8.1459e-11,Torr,15.large_stm_connectingPort,spray,15.large_stm_connectingPort/MassSpecData-02115-20261006-173545.csv,2026-10-06 17:29:29.326,6.6277333333333335
2026-10-06 17:36:07.198,9.605e-11,Torr,15.large_stm_connectingPort,spray,15.large_stm_connectingPort/MassSpecData-02115-20261006-173545.csv,2026-10-06 17:29:29.326,6.631200000000001
2026-10-06 17:36:07.407,6.5351e-11,Torr,15.large_stm_connectingPort,spray,15.large_stm_connectingPort/MassSpecData-02115-20261006-173545.csv,2026-10-06 17:29:29.326,6.634683333333333
2026-10-06 17:36:07.615,9.6971e-11,Torr,15.large_stm_connectingPort,spray,15.large_stm_connectingPort/MassSpecData-02115-20261006-173545.csv,2026-10-06 17:29:29.326,6.6381499999999996
2026-10-06 17:36:07.823,8.6095e-11,Torr,15.large_stm_connectingPort,spray,15.large_stm_connectingPort/MassSpecData-02115-20261006-173545.csv,2026-10-06 17:29:29.326,6.641616666666667
2026-10-06 17:36:08.032,8.1216e-11,Torr,15.large_stm_connectingPort,spray,15.large_stm_connectingPort/MassSpecData-02115-20261006-173545.csv,2026-10-06 17:29:29.326,6.6451
2026-10-06 17:36:08.240,7.7632e-11,Torr,15.large_stm_connectingPort,spray,15.large_stm_connectingPort/MassSpecData-02115-20261006-173545.csv,2026-10-06 17:29:29.326,6.6485666666666665
2026-10-06 17:36:08.448,7.0861e-11,Torr,15.large_stm_connectingPort,spray,15.large_stm_connectingPort/MassSpecData-02115-20261006-173545.csv,2026-10-06 17:29:29.326,6.652033333333334
2026-10-06 17:36:08.657,9.4154e-11,Torr,15.large_stm_connectingPort,spray,15.large_stm_connectingPort/MassSpecData-02115-20261006-173545.csv,2026-10-06 17:29:29.326,6.655516666666667
2026-10-06 17:36:08.865,9.2992e-11,Torr,15.large_stm_connectingPort,spray,15.large_stm_connectingPort/MassSpecData-02115-20261006-173545.csv,2026-10-06 17:29:29.326,6.6589833333333335
2026-10-06 17:36:09.073,8.5219e-11,Torr,15.large_stm_connectingPort,spray,15.large_stm_connectingPort/MassSpecData-02115-20261006-173545.csv,2026-10-06 17:29:29.326,6.662450000000001
2026-10-06 17:36:09.282,7.4712e-11,Torr,15.large_stm_connectingPort,spray,15.large_stm_connectingPort/MassSpecData-02115-20261006-173545.csv,2026-10-06 17:29:29.326,6.665933333333333
2026-10-06 17:36:09.490,1.0613e-10,Torr,15.large_stm_connectingPort,spray,15.large_stm_connectingPort/MassSpecData-02115-20261006-173545.csv,2026-10-06 17:29:29.326,6.6693999999999996
2026-10-06 17:36:09.698,9.7444e-11,Torr,15.large_stm_connectingPort,spray,15.large_stm_connectingPort/MassSpecData-02115-20261006-173545.csv,2026-10-06 17:29:29.326,6.672866666666667
2026-10-06 17:36:09.907,7.7095e-11,Torr,15.large_stm_connectingPort,spray,15.large_stm_connectingPort/MassSpecData-02115-20261006-173545.csv,2026-10-06 17:29:29.326,6.67635
2026-10-06 17:36:10.115,8.0639e-11,Torr,15.large_stm_connectingPort,spray,15.large_stm_connectingPort/MassSpecData-02115-20261006-173545.csv,2026-10-06 17:29:29.326,6.6798166666666665
2026-10-06 17:36:10.323,7.4774e-11,Torr,15.large_stm_connectingPort,spray,15.large_stm_connectingPort/MassSpecData-02115-20261006-173545.csv,2026-10-06 17:29:29.326,6.683283333333334
2026-10-06 17:36:10.532,8.2276e-11,Torr,15.large_stm_connectingPort,spray,15.large_stm_connectingPort/MassSpecData-02115-20261006-173545.csv,2026-10-06 17:29:29.326,6.686766666666667
2026-10-06 17:36:10.740,8.6838e-11,Torr,15.large_stm_connectingPort,spray,15.large_stm_connectingPort/MassSpecData-02115-20261006-173545.csv,2026-10-06 17:29:29.326,6.6902333333333335
2026-10-06 17:36:10.948,7.4303e-11,Torr,15.large_stm_connectingPort,spray,15.large_stm_connectingPort/MassSpecData-02115-20261006-173545.csv,2026-10-06 17:29:29.326,6.693700000000001
2026-10-06 17:36:11.157,7.9452e-11,Torr,15.large_stm_connectingPort,spray,15.large_stm_connectingPort/MassSpecData-02115-20261006-173545.csv,2026-10-06 17:29:29.326,6.697183333333333
2026-10-06 17:36:11.365,8.0287e-11,Torr,15.large_stm_connectingPort,spray,15.large_stm_connectingPort/MassSpecData-02115-20261006-173545.csv,2026-10-06 17:29:29.326,6.7006499999999996
2026-10-06 17:36:11.573,7.3566e-11,Torr,15.large_stm_connectingPort,spray,15.large_stm_connectingPort/MassSpecData-02115-20261006-173545.csv,2026-10-06 17:29:29.326,6.704116666666667
2026-10-06 17:36:11.782,7.9389e-11,Torr,15.large_stm_connectingPort,spray,15.large_stm_connectingPort/MassSpecData-02115-20261006-173545.csv,2026-10-06 17:29:29.326,6.7076
2026-10-06 17:36:11.990,8.0278e-11,Torr,15.large_stm_connectingPort,spray,15.large_stm_connectingPort/MassSpecData-02115-20261006-173545.csv,2026-10-06 17:29:29.326,6.7110666666666665
2026-10-06 17:36:12.198,7.9193e-11,Torr,15.large_stm_connectingPort,spray,15.large_stm_connectingPort/MassSpecData-02115-20261006-173545.csv,2026-10-06 17:29:29.326,6.714533333333334
2026-10-06 17:36:12.407,7.5319e-11,Torr,15.large_stm_connectingPort,spray,15.large_stm_connectingPort/MassSpecData-02115-20261006-173545.csv,2026-10-06 17:29:29.326,6.718016666666667
2026-10-06 17:36:12.615,8.3927e-11,Torr,15.large_stm_connectingPort,spray,15.large_stm_connectingPort/MassSpecData-02115-20261006-173545.csv,2026-10-06 17:29:29.326,6.7214833333333335
2026-10-06 17:36:12.823,8.2582e-11,Torr,15.large_stm_connectingPort,spray,15.large_stm_connectingPort/MassSpecData-02115-20261006-173545.csv,2026-10-06 17:29:29.326,6.724950000000001
2026-10-06 17:36:13.032,8.8054e-11,Torr,15.large_stm_connectingPort,spray,15.large_stm_connectingPort/MassSpecData-02115-20261006-173545.csv,2026-10-06 17:29:29.326,6.728433333333333
2026-10-06 17:36:13.240,9.1922e-11,Torr,15.large_stm_connectingPort,spray,15.large_stm_connectingPort/MassSpecData-02115-20261006-173545.csv,2026-10-06 17:29:29.326,6.7318999999999996
2026-10-06 17:36:13.448,8.3869e-11,Torr,15.large_stm_connectingPort,spray,15.large_stm_connectingPort/MassSpecData-02115-20261006-173545.csv,2026-10-06 17:29:29.326,6.735366666666667
2026-10-06 17:36:13.657,8.5214e-11,Torr,15.large_stm_connectingPort,spray,15.large_stm_connectingPort/MassSpecData-02115-20261006-173545.csv,2026-10-06 17:29:29.326,6.73885
2026-10-06 17:36:13.865,9.6331e-11,Torr,15.large_stm_connectingPort,spray,15.large_stm_connectingPort/MassSpecData-02115-20261006-173545.csv,2026-10-06 17:29:29.326,6.7423166666666665
2026-10-06 17:36:14.073,7.7329e-11,Torr,15.large_stm_connectingPort,spray,15.large_stm_connectingPort/MassSpecData-02115-20261006-173545.csv,2026-10-06 17:29:29.326,6.745783333333334
2026-10-06 17:36:14.282,7.9036e-11,Torr,15.large_stm_connectingPort,spray,15.large_stm_connectingPort/MassSpecData-02115-20261006-173545.csv,2026-10-06 17:29:29.326,6.749266666666667
2026-10-06 17:36:14.490,9.1806e-11,Torr,15.large_stm_connectingPort,spray,15.large_stm_connectingPort/MassSpecData-02115-20261006-173545.csv,2026-10-06 17:29:29.326,6.7527333333333335
2026-10-06 17:36:14.698,8.0767e-11,Torr,15.large_stm_connectingPort,spray,15.large_stm_connectingPort/MassSpecData-02115-20261006-173545.csv,2026-10-06 17:29:29.326,6.756200000000001
2026-10-06 17:36:14.907,8.5516e-11,Torr,15.large_stm_connectingPort,spray,15.large_stm_connectingPort/MassSpecData-02115-20261006-173545.csv,2026-10-06 17:29:29.326,6.759683333333333
2026-10-06 17:36:15.115,8.3797e-11,Torr,15.large_stm_connectingPort,spray,15.large_stm_connectingPort/MassSpecData-02115-20261006-173545.csv,2026-10-06 17:29:29.326,6.7631499999999996
2026-10-06 17:36:15.323,8.6043e-11,Torr,15.large_stm_connectingPort,spray,15.large_stm_connectingPort/MassSpecData-02115-20261006-173545.csv,2026-10-06 17:29:29.326,6.766616666666667
2026-10-06 17:36:15.532,8.4134e-11,Torr,15.large_stm_connectingPort,spray,15.large_stm_connectingPort/MassSpecData-02115-20261006-173545.csv,2026-10-06 17:29:29.326,6.7701
2026-10-06 17:36:15.740,8.108e-11,Torr,15.large_stm_connectingPort,spray,15.large_stm_connectingPort/MassSpecData-02115-20261006-173545.csv,2026-10-06 17:29:29.326,6.7735666666666665
2026-10-06 17:36:15.948,7.5169e-11,Torr,15.large_stm_connectingPort,spray,15.large_stm_connectingPort/MassSpecData-02115-20261006-173545.csv,2026-10-06 17:29:29.326,6.777033333333334
2026-10-06 17:36:16.157,8.2885e-11,Torr,15.large_stm_connectingPort,spray,15.large_stm_connectingPort/MassSpecData-02115-20261006-173545.csv,2026-10-06 17:29:29.326,6.780516666666667
2026-10-06 17:36:16.365,7.9778e-11,Torr,15.large_stm_connectingPort,spray,15.large_stm_connectingPort/MassSpecData-02115-20261006-173545.csv,2026-10-06 17:29:29.326,6.7839833333333335
2026-10-06 17:36:16.573,6.3177e-11,Torr,15.large_stm_connectingPort,spray,15.large_stm_connectingPort/MassSpecData-02115-20261006-173545.csv,2026-10-06 17:29:29.326,6.787450000000001
2026-10-06 17:36:16.782,7.5499e-11,Torr,15.large_stm_connectingPort,spray,15.large_stm_connectingPort/MassSpecData-02115-20261006-173545.csv,2026-10-06 17:29:29.326,6.790933333333333
2026-10-06 17:36:16.990,8.5854e-11,Torr,15.large_stm_connectingPort,spray,15.large_stm_connectingPort/MassSpecData-02115-20261006-173545.csv,2026-10-06 17:29:29.326,6.7943999999999996
2026-10-06 17:36:17.198,7.6318e-11,Torr,15.large_stm_connectingPort,spray,15.large_stm_connectingPort/MassSpecData-02115-20261006-173545.csv,2026-10-06 17:29:29.326,6.797866666666667
2026-10-06 17:36:17.407,7.8516e-11,Torr,15.large_stm_connectingPort,spray,15.large_stm_connectingPort/MassSpecData-02115-20261006-173545.csv,2026-10-06 17:29:29.326,6.80135
2026-10-06 17:36:17.615,7.8772e-11,Torr,15.large_stm_connectingPort,spray,15.large_stm_connectingPort/MassSpecData-02115-20261006-173545.csv,2026-10-06 17:29:29.326,6.8048166666666665
2026-10-06 17:36:17.823,8.6686e-11,Torr,15.large_stm_connectingPort,spray,15.large_stm_connectingPort/MassSpecData-02115-20261006-173545.csv,2026-10-06 17:29:29.326,6.808283333333334
2026-10-06 17:36:18.032,7.999e-11,Torr,15.large_stm_connectingPort,spray,15.large_stm_connectingPort/MassSpecData-02115-20261006-173545.csv,2026-10-06 17:29:29.326,6.811766666666667
2026-10-06 17:36:18.240,9.4949e-11,Torr,15.large_stm_connectingPort,spray,15.large_stm_connectingPort/MassSpecData-02115-20261006-173545.csv,2026-10-06 17:29:29.326,6.8152333333333335
2026-10-06 17:36:18.448,8.1171e-11,Torr,15.large_stm_connectingPort,spray,15.large_stm_connectingPort/MassSpecData-02115-20261006-173545.csv,2026-10-06 17:29:29.326,6.818700000000001
2026-10-06 17:36:18.657,6.7891e-11,Torr,15.large_stm_connectingPort,spray,15.large_stm_connectingPort/MassSpecData-02115-20261006-173545.csv,2026-10-06 17:29:29.326,6.822183333333333
2026-10-06 17:36:18.865,9.7321e-11,Torr,15.large_stm_connectingPort,spray,15.large_stm_connectingPort/MassSpecData-02115-20261006-173545.csv,2026-10-06 17:29:29.326,6.8256499999999996
2026-10-06 17:36:19.073,8.5515e-11,Torr,15.large_stm_connectingPort,spray,15.large_stm_connectingPort/MassSpecData-02115-20261006-173545.csv,2026-10-06 17:29:29.326,6.829116666666667
2026-10-06 17:36:19.282,8.0189e-11,Torr,15.large_stm_connectingPort,spray,15.large_stm_connectingPort/MassSpecData-02115-20261006-173545.csv,2026-10-06 17:29:29.326,6.8326
2026-10-06 17:36:19.490,7.5228e-11,Torr,15.large_stm_connectingPort,spray,15.large_stm_connectingPort/MassSpecData-02115-20261006-173545.csv,2026-10-06 17:29:29.326,6.8360666666666665
2026-10-06 17:36:19.698,7.4212e-11,Torr,15.large_stm_connectingPort,spray,15.large_stm_connectingPort/MassSpecData-02115-20261006-173545.csv,2026-10-06 17:29:29.326,6.839533333333334
2026-10-06 17:36:19.907,8.3463e-11,Torr,15.large_stm_connectingPort,spray,15.large_stm_connectingPort/MassSpecData-02115-20261006-173545.csv,2026-10-06 17:29:29.326,6.843016666666667
2026-10-06 17:36:20.115,7.1636e-11,Torr,15.large_stm_connectingPort,spray,15.large_stm_connectingPort/MassSpecData-02115-20261006-173545.csv,2026-10-06 17:29:29.326,6.8464833333333335
2026-10-06 17:36:20.323,7.652e-11,Torr,15.large_stm_connectingPort,spray,15.large_stm_connectingPort/MassSpecData-02115-20261006-173545.csv,2026-10-06 17:29:29.326,6.849950000000001
2026-10-06 17:36:20.532,8.1944e-11,Torr,15.large_stm_connectingPort,spray,15.large_stm_connectingPort/MassSpecData-02115-20261006-173545.csv,2026-10-06 17:29:29.326,6.853433333333333
2026-10-06 17:36:20.740,6.671e-11,Torr,15.large_stm_connectingPort,spray,15.large_stm_connectingPort/MassSpecData-02115-20261006-173545.csv,2026-10-06 17:29:29.326,6.8568999999999996
2026-10-06 17:36:20.948,8.3376e-11,Torr,15.large_stm_connectingPort,spray,15.large_stm_connectingPort/MassSpecData-02115-20261006-173545.csv,2026-10-06 17:29:29.326,6.860366666666667
2026-10-06 17:36:21.157,8.5655e-11,Torr,15.large_stm_connectingPort,spray,15.large_stm_connectingPort/MassSpecData-02115-20261006-173545.csv,2026-10-06 17:29:29.326,6.86385
2026-10-06 17:36:21.365,7.3319e-11,Torr,15.large_stm_connectingPort,spray,15.large_stm_connectingPort/MassSpecData-02115-20261006-173545.csv,2026-10-06 17:29:29.326,6.8673166666666665
2026-10-06 17:36:21.573,7.4854e-11,Torr,15.large_stm_connectingPort,spray,15.large_stm_connectingPort/MassSpecData-02115-20261006-173545.csv,2026-10-06 17:29:29.326,6.870783333333334
2026-10-06 17:36:21.782,9.4289e-11,Torr,15.large_stm_connectingPort,spray,15.large_stm_connectingPort/MassSpecData-02115-20261006-173545.csv,2026-10-06 17:29:29.326,6.874266666666667
2026-10-06 17:36:21.990,7.6969e-11,Torr,15.large_stm_connectingPort,spray,15.large_stm_connectingPort/MassSpecData-02115-20261006-173545.csv,2026-10-06 17:29:29.326,6.8777333333333335
2026-10-06 17:36:22.198,8.3228e-11,Torr,15.large_stm_connectingPort,spray,15.large_stm_connectingPort/MassSpecData-02115-20261006-173545.csv,2026-10-06 17:29:29.326,6.881200000000001
2026-10-06 17:36:22.407,7.9023e-11,Torr,15.large_stm_connectingPort,spray,15.large_stm_connectingPort/MassSpecData-02115-20261006-173545.csv,2026-10-06 17:29:29.326,6.884683333333333
2026-10-06 17:36:22.615,8.9149e-11,Torr,15.large_stm_connectingPort,spray,15.large_stm_connectingPort/MassSpecData-02115-20261006-173545.csv,2026-10-06 17:29:29.326,6.8881499999999996
2026-10-06 17:36:22.823,9.2595e-11,Torr,15.large_stm_connectingPort,spray,15.large_stm_connectingPort/MassSpecData-02115-20261006-173545.csv,2026-10-06 17:29:29.326,6.891616666666667
2026-10-06 17:36:23.032,7.6045e-11,Torr,15.large_stm_connectingPort,spray,15.large_stm_connectingPort/MassSpecData-02115-20261006-173545.csv,2026-10-06 17:29:29.326,6.8951
2026-10-06 17:36:23.240,8.4763e-11,Torr,15.large_stm_connectingPort,spray,15.large_stm_connectingPort/MassSpecData-02115-20261006-173545.csv,2026-10-06 17:29:29.326,6.8985666666666665
2026-10-06 17:36:23.449,7.8922e-11,Torr,15.large_stm_connectingPort,spray,15.large_stm_connectingPort/MassSpecData-02115-20261006-173545.csv,2026-10-06 17:29:29.326,6.90205
2026-10-06 17:36:23.657,7.5769e-11,Torr,15.large_stm_connectingPort,spray,15.large_stm_connectingPort/MassSpecData-02115-20261006-173545.csv,2026-10-06 17:29:29.326,6.905516666666667
2026-10-06 17:36:23.865,8.2855e-11,Torr,15.large_stm_connectingPort,spray,15.large_stm_connectingPort/MassSpecData-02115-20261006-173545.csv,2026-10-06 17:29:29.326,6.9089833333333335
2026-10-06 17:36:24.074,6.2511e-11,Torr,15.large_stm_connectingPort,spray,15.large_stm_connectingPort/MassSpecData-02115-20261006-173545.csv,2026-10-06 17:29:29.326,6.912466666666666
2026-10-06 17:36:24.282,7.4157e-11,Torr,15.large_stm_connectingPort,spray,15.large_stm_connectingPort/MassSpecData-02115-20261006-173545.csv,2026-10-06 17:29:29.326,6.915933333333333
2026-10-06 17:36:24.490,9.0834e-11,Torr,15.large_stm_connectingPort,spray,15.large_stm_connectingPort/MassSpecData-02115-20261006-173545.csv,2026-10-06 17:29:29.326,6.9193999999999996
2026-10-06 17:36:24.699,8.8793e-11,Torr,15.large_stm_connectingPort,spray,15.large_stm_connectingPort/MassSpecData-02115-20261006-173545.csv,2026-10-06 17:29:29.326,6.922883333333333
2026-10-06 17:36:24.907,8.8449e-11,Torr,15.large_stm_connectingPort,spray,15.large_stm_connectingPort/MassSpecData-02115-20261006-173545.csv,2026-10-06 17:29:29.326,6.92635
2026-10-06 17:36:25.115,7.2045e-11,Torr,15.large_stm_connectingPort,spray,15.large_stm_connectingPort/MassSpecData-02115-20261006-173545.csv,2026-10-06 17:29:29.326,6.9298166666666665
2026-10-06 17:36:25.324,7.3856e-11,Torr,15.large_stm_connectingPort,spray,15.large_stm_connectingPort/MassSpecData-02115-20261006-173545.csv,2026-10-06 17:29:29.326,6.9333
2026-10-06 17:36:25.532,8.5716e-11,Torr,15.large_stm_connectingPort,spray,15.large_stm_connectingPort/MassSpecData-02115-20261006-173545.csv,2026-10-06 17:29:29.326,6.936766666666667
2026-10-06 17:36:25.740,9.5093e-11,Torr,15.large_stm_connectingPort,spray,15.large_stm_connectingPort/MassSpecData-02115-20261006-173545.csv,2026-10-06 17:29:29.326,6.9402333333333335
2026-10-06 17:36:25.949,9.085e-11,Torr,15.large_stm_connectingPort,spray,15.large_stm_connectingPort/MassSpecData-02115-20261006-173545.csv,2026-10-06 17:29:29.326,6.943716666666666
2026-10-06 17:36:26.157,9.2298e-11,Torr,15.large_stm_connectingPort,spray,15.large_stm_connectingPort/MassSpecData-02115-20261006-173545.csv,2026-10-06 17:29:29.326,6.947183333333333
2026-10-06 17:36:26.365,8.8528e-11,Torr,15.large_stm_connectingPort,spray,15.large_stm_connectingPort/MassSpecData-02115-20261006-173545.csv,2026-10-06 17:29:29.326,6.9506499999999996
2026-10-06 17:36:26.574,7.3107e-11,Torr,15.large_stm_connectingPort,spray,15.large_stm_connectingPort/MassSpecData-02115-20261006-173545.csv,2026-10-06 17:29:29.326,6.954133333333333
2026-10-06 17:36:26.782,8.145e-11,Torr,15.large_stm_connectingPort,spray,15.large_stm_connectingPort/MassSpecData-02115-20261006-173545.csv,2026-10-06 17:29:29.326,6.9576
2026-10-06 17:36:26.990,7.8698e-11,Torr,15.large_stm_connectingPort,spray,15.large_stm_connectingPort/MassSpecData-02115-20261006-173545.csv,2026-10-06 17:29:29.326,6.9610666666666665
2026-10-06 17:36:27.330,7.6792e-11,Torr,15.large_stm_connectingPort,spray,15.large_stm_connectingPort/MassSpecData-02115-20261006-173627.csv,2026-10-06 17:29:29.326,6.966733333333334
2026-10-06 17:36:27.538,7.1992e-11,Torr,15.large_stm_connectingPort,spray,15.large_stm_connectingPort/MassSpecData-02115-20261006-173627.csv,2026-10-06 17:29:29.326,6.9702
2026-10-06 17:36:27.747,8.5165e-11,Torr,15.large_stm_connectingPort,spray,15.large_stm_connectingPort/MassSpecData-02115-20261006-173627.csv,2026-10-06 17:29:29.326,6.973683333333333
2026-10-06 17:36:27.955,8.1948e-11,Torr,15.large_stm_connectingPort,spray,15.large_stm_connectingPort/MassSpecData-02115-20261006-173627.csv,2026-10-06 17:29:29.326,6.97715
2026-10-06 17:36:28.163,8.237e-11,Torr,15.large_stm_connectingPort,spray,15.large_stm_connectingPort/MassSpecData-02115-20261006-173627.csv,2026-10-06 17:29:29.326,6.980616666666666
2026-10-06 17:36:28.372,8.5511e-11,Torr,15.large_stm_connectingPort,spray,15.large_stm_connectingPort/MassSpecData-02115-20261006-173627.csv,2026-10-06 17:29:29.326,6.9841
2026-10-06 17:36:28.580,7.5908e-11,Torr,15.large_stm_connectingPort,spray,15.large_stm_connectingPort/MassSpecData-02115-20261006-173627.csv,2026-10-06 17:29:29.326,6.987566666666667
2026-10-06 17:36:28.788,6.8102e-11,Torr,15.large_stm_connectingPort,spray,15.large_stm_connectingPort/MassSpecData-02115-20261006-173627.csv,2026-10-06 17:29:29.326,6.991033333333333
2026-10-06 17:36:28.996,8.8377e-11,Torr,15.large_stm_connectingPort,spray,15.large_stm_connectingPort/MassSpecData-02115-20261006-173627.csv,2026-10-06 17:29:29.326,6.9945
2026-10-06 17:36:29.205,9.7327e-11,Torr,15.large_stm_connectingPort,spray,15.large_stm_connectingPort/MassSpecData-02115-20261006-173627.csv,2026-10-06 17:29:29.326,6.997983333333334
2026-10-06 17:36:29.413,7.379e-11,Torr,15.large_stm_connectingPort,spray,15.large_stm_connectingPort/MassSpecData-02115-20261006-173627.csv,2026-10-06 17:29:29.326,7.00145
2026-10-06 17:36:29.622,8.1685e-11,Torr,15.large_stm_connectingPort,spray,15.large_stm_connectingPort/MassSpecData-02115-20261006-173627.csv,2026-10-06 17:29:29.326,7.004933333333333
2026-10-06 17:36:29.830,9.1866e-11,Torr,15.large_stm_connectingPort,spray,15.large_stm_connectingPort/MassSpecData-02115-20261006-173627.csv,2026-10-06 17:29:29.326,7.0084
2026-10-06 17:36:30.038,7.9503e-11,Torr,15.large_stm_connectingPort,spray,15.large_stm_connectingPort/MassSpecData-02115-20261006-173627.csv,2026-10-06 17:29:29.326,7.011866666666666
2026-10-06 17:36:30.247,8.5403e-11,Torr,15.large_stm_connectingPort,spray,15.large_stm_connectingPort/MassSpecData-02115-20261006-173627.csv,2026-10-06 17:29:29.326,7.01535
2026-10-06 17:36:30.455,8.3324e-11,Torr,15.large_stm_connectingPort,spray,15.large_stm_connectingPort/MassSpecData-02115-20261006-173627.csv,2026-10-06 17:29:29.326,7.018816666666667
2026-10-06 17:36:30.663,7.3014e-11,Torr,15.large_stm_connectingPort,spray,15.large_stm_connectingPort/MassSpecData-02115-20261006-173627.csv,2026-10-06 17:29:29.326,7.022283333333333
2026-10-06 17:36:30.872,7.8485e-11,Torr,15.large_stm_connectingPort,spray,15.large_stm_connectingPort/MassSpecData-02115-20261006-173627.csv,2026-10-06 17:29:29.326,7.025766666666667
2026-10-06 17:36:31.080,8.6003e-11,Torr,15.large_stm_connectingPort,spray,15.large_stm_connectingPort/MassSpecData-02115-20261006-173627.csv,2026-10-06 17:29:29.326,7.029233333333334
2026-10-06 17:36:31.288,6.8213e-11,Torr,15.large_stm_connectingPort,spray,15.large_stm_connectingPort/MassSpecData-02115-20261006-173627.csv,2026-10-06 17:29:29.326,7.0327
2026-10-06 17:36:31.497,9.7063e-11,Torr,15.large_stm_connectingPort,spray,15.large_stm_connectingPort/MassSpecData-02115-20261006-173627.csv,2026-10-06 17:29:29.326,7.036183333333333
2026-10-06 17:36:31.705,7.4535e-11,Torr,15.large_stm_connectingPort,spray,15.large_stm_connectingPort/MassSpecData-02115-20261006-173627.csv,2026-10-06 17:29:29.326,7.03965
2026-10-06 17:36:31.913,8.806e-11,Torr,15.large_stm_connectingPort,spray,15.large_stm_connectingPort/MassSpecData-02115-20261006-173627.csv,2026-10-06 17:29:29.326,7.043116666666666
2026-10-06 17:36:32.122,1.054e-10,Torr,15.large_stm_connectingPort,spray,15.large_stm_connectingPort/MassSpecData-02115-20261006-173627.csv,2026-10-06 17:29:29.326,7.0466
2026-10-06 17:36:32.330,7.2158e-11,Torr,15.large_stm_connectingPort,spray,15.large_stm_connectingPort/MassSpecData-02115-20261006-173627.csv,2026-10-06 17:29:29.326,7.050066666666667
2026-10-06 17:36:32.538,6.7922e-11,Torr,15.large_stm_connectingPort,spray,15.large_stm_connectingPort/MassSpecData-02115-20261006-173627.csv,2026-10-06 17:29:29.326,7.053533333333333
2026-10-06 17:36:32.746,6.8126e-11,Torr,15.large_stm_connectingPort,spray,15.large_stm_connectingPort/MassSpecData-02115-20261006-173627.csv,2026-10-06 17:29:29.326,7.057
2026-10-06 17:36:32.955,6.8178e-11,Torr,15.large_stm_connectingPort,spray,15.large_stm_connectingPort/MassSpecData-02115-20261006-173627.csv,2026-10-06 17:29:29.326,7.060483333333334
2026-10-06 17:36:33.163,8.3063e-11,Torr,15.large_stm_connectingPort,spray,15.large_stm_connectingPort/MassSpecData-02115-20261006-173627.csv,2026-10-06 17:29:29.326,7.06395
2026-10-06 17:36:33.371,8.5033e-11,Torr,15.large_stm_connectingPort,spray,15.large_stm_connectingPort/MassSpecData-02115-20261006-173627.csv,2026-10-06 17:29:29.326,7.067416666666667
2026-10-06 17:36:33.580,7.5248e-11,Torr,15.large_stm_connectingPort,spray,15.large_stm_connectingPort/MassSpecData-02115-20261006-173627.csv,2026-10-06 17:29:29.326,7.0709
2026-10-06 17:36:33.788,8.454e-11,Torr,15.large_stm_connectingPort,spray,15.large_stm_connectingPort/MassSpecData-02115-20261006-173627.csv,2026-10-06 17:29:29.326,7.074366666666666
2026-10-06 17:36:33.996,6.8713e-11,Torr,15.large_stm_connectingPort,spray,15.large_stm_connectingPort/MassSpecData-02115-20261006-173627.csv,2026-10-06 17:29:29.326,7.077833333333333
2026-10-06 17:36:34.205,8.586e-11,Torr,15.large_stm_connectingPort,spray,15.large_stm_connectingPort/MassSpecData-02115-20261006-173627.csv,2026-10-06 17:29:29.326,7.081316666666667
2026-10-06 17:36:34.413,6.4583e-11,Torr,15.large_stm_connectingPort,spray,15.large_stm_connectingPort/MassSpecData-02115-20261006-173627.csv,2026-10-06 17:29:29.326,7.084783333333333
2026-10-06 17:36:34.621,6.6804e-11,Torr,15.large_stm_connectingPort,spray,15.large_stm_connectingPort/MassSpecData-02115-20261006-173627.csv,2026-10-06 17:29:29.326,7.08825
2026-10-06 17:36:34.830,8.9696e-11,Torr,15.large_stm_connectingPort,spray,15.large_stm_connectingPort/MassSpecData-02115-20261006-173627.csv,2026-10-06 17:29:29.326,7.091733333333334
2026-10-06 17:36:35.038,8.3382e-11,Torr,15.large_stm_connectingPort,spray,15.large_stm_connectingPort/MassSpecData-02115-20261006-173627.csv,2026-10-06 17:29:29.326,7.0952
2026-10-06 17:36:35.246,7.2934e-11,Torr,15.large_stm_connectingPort,spray,15.large_stm_connectingPort/MassSpecData-02115-20261006-173627.csv,2026-10-06 17:29:29.326,7.098666666666667
2026-10-06 17:36:35.455,9.3155e-11,Torr,15.large_stm_connectingPort,spray,15.large_stm_connectingPort/MassSpecData-02115-20261006-173627.csv,2026-10-06 17:29:29.326,7.10215
2026-10-06 17:36:35.663,7.649e-11,Torr,15.large_stm_connectingPort,spray,15.large_stm_connectingPort/MassSpecData-02115-20261006-173627.csv,2026-10-06 17:29:29.326,7.105616666666666
2026-10-06 17:36:35.871,7.1904e-11,Torr,15.large_stm_connectingPort,spray,15.large_stm_connectingPort/MassSpecData-02115-20261006-173627.csv,2026-10-06 17:29:29.326,7.109083333333333
2026-10-06 17:36:36.080,7.5251e-11,Torr,15.large_stm_connectingPort,spray,15.large_stm_connectingPort/MassSpecData-02115-20261006-173627.csv,2026-10-06 17:29:29.326,7.112566666666667
2026-10-06 17:36:36.288,8.0918e-11,Torr,15.large_stm_connectingPort,spray,15.large_stm_connectingPort/MassSpecData-02115-20261006-173627.csv,2026-10-06 17:29:29.326,7.116033333333333
2026-10-06 17:36:36.497,7.2701e-11,Torr,15.large_stm_connectingPort,spray,15.large_stm_connectingPort/MassSpecData-02115-20261006-173627.csv,2026-10-06 17:29:29.326,7.119516666666667
2026-10-06 17:36:36.705,6.8924e-11,Torr,15.large_stm_connectingPort,spray,15.large_stm_connectingPort/MassSpecData-02115-20261006-173627.csv,2026-10-06 17:29:29.326,7.122983333333334
2026-10-06 17:36:36.913,8.1154e-11,Torr,15.large_stm_connectingPort,spray,15.large_stm_connectingPort/MassSpecData-02115-20261006-173627.csv,2026-10-06 17:29:29.326,7.12645
2026-10-06 17:36:37.122,7.0362e-11,Torr,15.large_stm_connectingPort,spray,15.large_stm_connectingPort/MassSpecData-02115-20261006-173627.csv,2026-10-06 17:29:29.326,7.129933333333333
2026-10-06 17:36:37.330,8.5372e-11,Torr,15.large_stm_connectingPort,spray,15.large_stm_connectingPort/MassSpecData-02115-20261006-173627.csv,2026-10-06 17:29:29.326,7.1334
2026-10-06 17:36:37.538,8.9814e-11,Torr,15.large_stm_connectingPort,spray,15.large_stm_connectingPort/MassSpecData-02115-20261006-173627.csv,2026-10-06 17:29:29.326,7.136866666666666
2026-10-06 17:36:37.747,8.0098e-11,Torr,15.large_stm_connectingPort,spray,15.large_stm_connectingPort/MassSpecData-02115-20261006-173627.csv,2026-10-06 17:29:29.326,7.14035
2026-10-06 17:36:37.955,9.1411e-11,Torr,15.large_stm_connectingPort,spray,15.large_stm_connectingPort/MassSpecData-02115-20261006-173627.csv,2026-10-06 17:29:29.326,7.143816666666667
2026-10-06 17:36:38.163,7.7503e-11,Torr,15.large_stm_connectingPort,spray,15.large_stm_connectingPort/MassSpecData-02115-20261006-173627.csv,2026-10-06 17:29:29.326,7.147283333333333
2026-10-06 17:36:38.372,8.0456e-11,Torr,15.large_stm_connectingPort,spray,15.large_stm_connectingPort/MassSpecData-02115-20261006-173627.csv,2026-10-06 17:29:29.326,7.150766666666667
2026-10-06 17:36:38.580,7.5348e-11,Torr,15.large_stm_connectingPort,spray,15.large_stm_connectingPort/MassSpecData-02115-20261006-173627.csv,2026-10-06 17:29:29.326,7.154233333333334
2026-10-06 17:36:38.788,7.1031e-11,Torr,15.large_stm_connectingPort,spray,15.large_stm_connectingPort/MassSpecData-02115-20261006-173627.csv,2026-10-06 17:29:29.326,7.1577
2026-10-06 17:36:38.997,9.1587e-11,Torr,15.large_stm_connectingPort,spray,15.large_stm_connectingPort/MassSpecData-02115-20261006-173627.csv,2026-10-06 17:29:29.326,7.161183333333333
2026-10-06 17:36:39.205,6.7338e-11,Torr,15.large_stm_connectingPort,spray,15.large_stm_connectingPort/MassSpecData-02115-20261006-173627.csv,2026-10-06 17:29:29.326,7.16465
2026-10-06 17:36:39.413,7.981e-11,Torr,15.large_stm_connectingPort,spray,15.large_stm_connectingPort/MassSpecData-02115-20261006-173627.csv,2026-10-06 17:29:29.326,7.168116666666666
2026-10-06 17:36:39.622,7.7053e-11,Torr,15.large_stm_connectingPort,spray,15.large_stm_connectingPort/MassSpecData-02115-20261006-173627.csv,2026-10-06 17:29:29.326,7.1716
2026-10-06 17:36:39.830,8.3884e-11,Torr,15.large_stm_connectingPort,spray,15.large_stm_connectingPort/MassSpecData-02115-20261006-173627.csv,2026-10-06 17:29:29.326,7.175066666666667
2026-10-06 17:36:40.038,9.0599e-11,Torr,15.large_stm_connectingPort,spray,15.large_stm_connectingPort/MassSpecData-02115-20261006-173627.csv,2026-10-06 17:29:29.326,7.178533333333333
2026-10-06 17:36:40.247,9.3693e-11,Torr,15.large_stm_connectingPort,spray,15.large_stm_connectingPort/MassSpecData-02115-20261006-173627.csv,2026-10-06 17:29:29.326,7.182016666666667
2026-10-06 17:36:40.455,7.6855e-11,Torr,15.large_stm_connectingPort,spray,15.large_stm_connectingPort/MassSpecData-02115-20261006-173627.csv,2026-10-06 17:29:29.326,7.185483333333334
2026-10-06 17:36:40.663,8.0688e-11,Torr,15.large_stm_connectingPort,spray,15.large_stm_connectingPort/MassSpecData-02115-20261006-173627.csv,2026-10-06 17:29:29.326,7.18895
2026-10-06 17:36:40.872,7.8115e-11,Torr,15.large_stm_connectingPort,spray,15.large_stm_connectingPort/MassSpecData-02115-20261006-173627.csv,2026-10-06 17:29:29.326,7.192433333333333
2026-10-06 17:36:41.080,7.4611e-11,Torr,15.large_stm_connectingPort,spray,15.large_stm_connectingPort/MassSpecData-02115-20261006-173627.csv,2026-10-06 17:29:29.326,7.1959
2026-10-06 17:36:41.288,8.0388e-11,Torr,15.large_stm_connectingPort,spray,15.large_stm_connectingPort/MassSpecData-02115-20261006-173627.csv,2026-10-06 17:29:29.326,7.199366666666666
2026-10-06 17:36:41.497,7.6998e-11,Torr,15.large_stm_connectingPort,spray,15.large_stm_connectingPort/MassSpecData-02115-20261006-173627.csv,2026-10-06 17:29:29.326,7.20285
2026-10-06 17:36:41.705,7.8142e-11,Torr,15.large_stm_connectingPort,spray,15.large_stm_connectingPort/MassSpecData-02115-20261006-173627.csv,2026-10-06 17:29:29.326,7.206316666666667
2026-10-06 17:36:41.913,7.91e-11,Torr,15.large_stm_connectingPort,spray,15.large_stm_connectingPort/MassSpecData-02115-20261006-173627.csv,2026-10-06 17:29:29.326,7.209783333333333
2026-10-06 17:36:42.122,8.5576e-11,Torr,15.large_stm_connectingPort,spray,15.large_stm_connectingPort/MassSpecData-02115-20261006-173627.csv,2026-10-06 17:29:29.326,7.213266666666667
2026-10-06 17:36:42.330,8.3024e-11,Torr,15.large_stm_connectingPort,spray,15.large_stm_connectingPort/MassSpecData-02115-20261006-173627.csv,2026-10-06 17:29:29.326,7.216733333333334
2026-10-06 17:36:42.538,7.0086e-11,Torr,15.large_stm_connectingPort,spray,15.large_stm_connectingPort/MassSpecData-02115-20261006-173627.csv,2026-10-06 17:29:29.326,7.2202
2026-10-06 17:36:42.747,8.6139e-11,Torr,15.large_stm_connectingPort,spray,15.large_stm_connectingPort/MassSpecData-02115-20261006-173627.csv,2026-10-06 17:29:29.326,7.223683333333333
2026-10-06 17:36:42.955,8.158e-11,Torr,15.large_stm_connectingPort,spray,15.large_stm_connectingPort/MassSpecData-02115-20261006-173627.csv,2026-10-06 17:29:29.326,7.22715
2026-10-06 17:36:43.163,7.7701e-11,Torr,15.large_stm_connectingPort,spray,15.large_stm_connectingPort/MassSpecData-02115-20261006-173627.csv,2026-10-06 17:29:29.326,7.230616666666666
2026-10-06 17:36:43.372,6.491e-11,Torr,15.large_stm_connectingPort,spray,15.large_stm_connectingPort/MassSpecData-02115-20261006-173627.csv,2026-10-06 17:29:29.326,7.2341
2026-10-06 17:36:43.580,8.1923e-11,Torr,15.large_stm_connectingPort,spray,15.large_stm_connectingPort/MassSpecData-02115-20261006-173627.csv,2026-10-06 17:29:29.326,7.237566666666667
2026-10-06 17:36:43.788,7.8964e-11,Torr,15.large_stm_connectingPort,spray,15.large_stm_connectingPort/MassSpecData-02115-20261006-173627.csv,2026-10-06 17:29:29.326,7.241033333333333
2026-10-06 17:36:43.997,9.13e-11,Torr,15.large_stm_connectingPort,spray,15.large_stm_connectingPort/MassSpecData-02115-20261006-173627.csv,2026-10-06 17:29:29.326,7.244516666666667
2026-10-06 17:36:44.205,8.609e-11,Torr,15.large_stm_connectingPort,spray,15.large_stm_connectingPort/MassSpecData-02115-20261006-173627.csv,2026-10-06 17:29:29.326,7.247983333333334
2026-10-06 17:36:44.413,7.668e-11,Torr,15.large_stm_connectingPort,spray,15.large_stm_connectingPort/MassSpecData-02115-20261006-173627.csv,2026-10-06 17:29:29.326,7.25145
2026-10-06 17:36:44.622,7.6067e-11,Torr,15.large_stm_connectingPort,spray,15.large_stm_connectingPort/MassSpecData-02115-20261006-173627.csv,2026-10-06 17:29:29.326,7.254933333333333
2026-10-06 17:36:44.830,8.5355e-11,Torr,15.large_stm_connectingPort,spray,15.large_stm_connectingPort/MassSpecData-02115-20261006-173627.csv,2026-10-06 17:29:29.326,7.2584
2026-10-06 17:36:45.038,8.173e-11,Torr,15.large_stm_connectingPort,spray,15.large_stm_connectingPort/MassSpecData-02115-20261006-173627.csv,2026-10-06 17:29:29.326,7.261866666666666
2026-10-06 17:36:45.247,8.3836e-11,Torr,15.large_stm_connectingPort,spray,15.large_stm_connectingPort/MassSpecData-02115-20261006-173627.csv,2026-10-06 17:29:29.326,7.26535
2026-10-06 17:36:45.455,7.1968e-11,Torr,15.large_stm_connectingPort,spray,15.large_stm_connectingPort/MassSpecData-02115-20261006-173627.csv,2026-10-06 17:29:29.326,7.268816666666667
2026-10-06 17:36:45.663,8.0612e-11,Torr,15.large_stm_connectingPort,spray,15.large_stm_connectingPort/MassSpecData-02115-20261006-173627.csv,2026-10-06 17:29:29.326,7.272283333333333
2026-10-06 17:36:45.872,7.6574e-11,Torr,15.large_stm_connectingPort,spray,15.large_stm_connectingPort/MassSpecData-02115-20261006-173627.csv,2026-10-06 17:29:29.326,7.275766666666667
2026-10-06 17:36:46.080,8.0427e-11,Torr,15.large_stm_connectingPort,spray,15.large_stm_connectingPort/MassSpecData-02115-20261006-173627.csv,2026-10-06 17:29:29.326,7.279233333333334
2026-10-06 17:36:46.288,7.1365e-11,Torr,15.large_stm_connectingPort,spray,15.large_stm_connectingPort/MassSpecData-02115-20261006-173627.csv,2026-10-06 17:29:29.326,7.2827
2026-10-06 17:36:46.497,7.9201e-11,Torr,15.large_stm_connectingPort,spray,15.large_stm_connectingPort/MassSpecData-02115-20261006-173627.csv,2026-10-06 17:29:29.326,7.286183333333333
2026-10-06 17:36:46.705,7.488e-11,Torr,15.large_stm_connectingPort,spray,15.large_stm_connectingPort/MassSpecData-02115-20261006-173627.csv,2026-10-06 17:29:29.326,7.28965
2026-10-06 17:36:46.913,7.7047e-11,Torr,15.large_stm_connectingPort,spray,15.large_stm_connectingPort/MassSpecData-02115-20261006-173627.csv,2026-10-06 17:29:29.326,7.293116666666666
2026-10-06 17:36:47.121,8.3334e-11,Torr,15.large_stm_connectingPort,spray,15.large_stm_connectingPort/MassSpecData-02115-20261006-173627.csv,2026-10-06 17:29:29.326,7.296583333333333
2026-10-06 17:36:47.330,8.2236e-11,Torr,15.large_stm_connectingPort,spray,15.large_stm_connectingPort/MassSpecData-02115-20261006-173627.csv,2026-10-06 17:29:29.326,7.300066666666667
2026-10-06 17:36:47.538,8.7685e-11,Torr,15.large_stm_connectingPort,spray,15.large_stm_connectingPort/MassSpecData-02115-20261006-173627.csv,2026-10-06 17:29:29.326,7.303533333333333
2026-10-06 17:36:47.746,8.6062e-11,Torr,15.large_stm_connectingPort,spray,15.large_stm_connectingPort/MassSpecData-02115-20261006-173627.csv,2026-10-06 17:29:29.326,7.307
2026-10-06 17:36:47.955,7.4815e-11,Torr,15.large_stm_connectingPort,spray,15.large_stm_connectingPort/MassSpecData-02115-20261006-173627.csv,2026-10-06 17:29:29.326,7.310483333333334
2026-10-06 17:36:48.163,7.1693e-11,Torr,15.large_stm_connectingPort,spray,15.large_stm_connectingPort/MassSpecData-02115-20261006-173627.csv,2026-10-06 17:29:29.326,7.31395
2026-10-06 17:36:48.371,7.5656e-11,Torr,15.large_stm_connectingPort,spray,15.large_stm_connectingPort/MassSpecData-02115-20261006-173627.csv,2026-10-06 17:29:29.326,7.317416666666667
2026-10-06 17:36:48.580,8.4576e-11,Torr,15.large_stm_connectingPort,spray,15.large_stm_connectingPort/MassSpecData-02115-20261006-173627.csv,2026-10-06 17:29:29.326,7.3209
2026-10-06 17:36:48.788,8.7395e-11,Torr,15.large_stm_connectingPort,spray,15.large_stm_connectingPort/MassSpecData-02115-20261006-173627.csv,2026-10-06 17:29:29.326,7.324366666666666
2026-10-06 17:36:48.996,7.1428e-11,Torr,15.large_stm_connectingPort,spray,15.large_stm_connectingPort/MassSpecData-02115-20261006-173627.csv,2026-10-06 17:29:29.326,7.327833333333333
2026-10-06 17:36:49.205,8.0933e-11,Torr,15.large_stm_connectingPort,spray,15.large_stm_connectingPort/MassSpecData-02115-20261006-173627.csv,2026-10-06 17:29:29.326,7.331316666666667
2026-10-06 17:36:49.413,7.8576e-11,Torr,15.large_stm_connectingPort,spray,15.large_stm_connectingPort/MassSpecData-02115-20261006-173627.csv,2026-10-06 17:29:29.326,7.334783333333333
2026-10-06 17:36:49.621,7.4856e-11,Torr,15.large_stm_connectingPort,spray,15.large_stm_connectingPort/MassSpecData-02115-20261006-173627.csv,2026-10-06 17:29:29.326,7.33825
2026-10-06 17:36:49.830,8.6873e-11,Torr,15.large_stm_connectingPort,spray,15.large_stm_connectingPort/MassSpecData-02115-20261006-173627.csv,2026-10-06 17:29:29.326,7.341733333333334
2026-10-06 17:36:50.038,8.6141e-11,Torr,15.large_stm_connectingPort,spray,15.large_stm_connectingPort/MassSpecData-02115-20261006-173627.csv,2026-10-06 17:29:29.326,7.3452
2026-10-06 17:36:50.246,7.3125e-11,Torr,15.large_stm_connectingPort,spray,15.large_stm_connectingPort/MassSpecData-02115-20261006-173627.csv,2026-10-06 17:29:29.326,7.348666666666667
2026-10-06 17:36:50.455,7.4255e-11,Torr,15.large_stm_connectingPort,spray,15.large_stm_connectingPort/MassSpecData-02115-20261006-173627.csv,2026-10-06 17:29:29.326,7.35215
2026-10-06 17:36:50.663,9.2588e-11,Torr,15.large_stm_connectingPort,spray,15.large_stm_connectingPort/MassSpecData-02115-20261006-173627.csv,2026-10-06 17:29:29.326,7.355616666666666
2026-10-06 17:36:50.871,8.4391e-11,Torr,15.large_stm_connectingPort,spray,15.large_stm_connectingPort/MassSpecData-02115-20261006-173627.csv,2026-10-06 17:29:29.326,7.359083333333333
2026-10-06 17:36:51.080,8.6607e-11,Torr,15.large_stm_connectingPort,spray,15.large_stm_connectingPort/MassSpecData-02115-20261006-173627.csv,2026-10-06 17:29:29.326,7.362566666666667
2026-10-06 17:36:51.288,9.1253e-11,Torr,15.large_stm_connectingPort,spray,15.large_stm_connectingPort/MassSpecData-02115-20261006-173627.csv,2026-10-06 17:29:29.326,7.366033333333333
2026-10-06 17:36:51.496,7.9326e-11,Torr,15.large_stm_connectingPort,spray,15.large_stm_connectingPort/MassSpecData-02115-20261006-173627.csv,2026-10-06 17:29:29.326,7.3695
2026-10-06 17:36:51.705,7.9185e-11,Torr,15.large_stm_connectingPort,spray,15.large_stm_connectingPort/MassSpecData-02115-20261006-173627.csv,2026-10-06 17:29:29.326,7.372983333333334
2026-10-06 17:36:51.913,7.4196e-11,Torr,15.large_stm_connectingPort,spray,15.large_stm_connectingPort/MassSpecData-02115-20261006-173627.csv,2026-10-06 17:29:29.326,7.37645
2026-10-06 17:36:52.121,8.166e-11,Torr,15.large_stm_connectingPort,spray,15.large_stm_connectingPort/MassSpecData-02115-20261006-173627.csv,2026-10-06 17:29:29.326,7.379916666666667
2026-10-06 17:36:52.330,8.3536e-11,Torr,15.large_stm_connectingPort,spray,15.large_stm_connectingPort/MassSpecData-02115-20261006-173627.csv,2026-10-06 17:29:29.326,7.3834
2026-10-06 17:36:52.538,8.7797e-11,Torr,15.large_stm_connectingPort,spray,15.large_stm_connectingPort/MassSpecData-02115-20261006-173627.csv,2026-10-06 17:29:29.326,7.386866666666666
2026-10-06 17:36:52.746,9.1091e-11,Torr,15.large_stm_connectingPort,spray,15.large_stm_connectingPort/MassSpecData-02115-20261006-173627.csv,2026-10-06 17:29:29.326,7.390333333333333
2026-10-06 17:36:52.955,6.6887e-11,Torr,15.large_stm_connectingPort,spray,15.large_stm_connectingPort/MassSpecData-02115-20261006-173627.csv,2026-10-06 17:29:29.326,7.393816666666667
2026-10-06 17:36:53.163,8.8529e-11,Torr,15.large_stm_connectingPort,spray,15.large_stm_connectingPort/MassSpecData-02115-20261006-173627.csv,2026-10-06 17:29:29.326,7.397283333333333
2026-10-06 17:36:53.371,7.8304e-11,Torr,15.large_stm_connectingPort,spray,15.large_stm_connectingPort/MassSpecData-02115-20261006-173627.csv,2026-10-06 17:29:29.326,7.40075
2026-10-06 17:36:53.580,6.7526e-11,Torr,15.large_stm_connectingPort,spray,15.large_stm_connectingPort/MassSpecData-02115-20261006-173627.csv,2026-10-06 17:29:29.326,7.404233333333334
2026-10-06 17:36:53.788,7.5777e-11,Torr,15.large_stm_connectingPort,spray,15.large_stm_connectingPort/MassSpecData-02115-20261006-173627.csv,2026-10-06 17:29:29.326,7.4077
2026-10-06 17:36:53.996,6.7973e-11,Torr,15.large_stm_connectingPort,spray,15.large_stm_connectingPort/MassSpecData-02115-20261006-173627.csv,2026-10-06 17:29:29.326,7.411166666666667
2026-10-06 17:36:54.205,8.4955e-11,Torr,15.large_stm_connectingPort,spray,15.large_stm_connectingPort/MassSpecData-02115-20261006-173627.csv,2026-10-06 17:29:29.326,7.41465
2026-10-06 17:36:54.413,7.9417e-11,Torr,15.large_stm_connectingPort,spray,15.large_stm_connectingPort/MassSpecData-02115-20261006-173627.csv,2026-10-06 17:29:29.326,7.418116666666666
2026-10-06 17:36:54.621,8.5044e-11,Torr,15.large_stm_connectingPort,spray,15.large_stm_connectingPort/MassSpecData-02115-20261006-173627.csv,2026-10-06 17:29:29.326,7.421583333333333
2026-10-06 17:36:54.830,8.1386e-11,Torr,15.large_stm_connectingPort,spray,15.large_stm_connectingPort/MassSpecData-02115-20261006-173627.csv,2026-10-06 17:29:29.326,7.425066666666667
2026-10-06 17:36:55.038,8.4075e-11,Torr,15.large_stm_connectingPort,spray,15.large_stm_connectingPort/MassSpecData-02115-20261006-173627.csv,2026-10-06 17:29:29.326,7.428533333333333
2026-10-06 17:36:55.246,8.0954e-11,Torr,15.large_stm_connectingPort,spray,15.large_stm_connectingPort/MassSpecData-02115-20261006-173627.csv,2026-10-06 17:29:29.326,7.432
2026-10-06 17:36:55.455,6.658e-11,Torr,15.large_stm_connectingPort,spray,15.large_stm_connectingPort/MassSpecData-02115-20261006-173627.csv,2026-10-06 17:29:29.326,7.435483333333334
2026-10-06 17:36:55.663,7.7892e-11,Torr,15.large_stm_connectingPort,spray,15.large_stm_connectingPort/MassSpecData-02115-20261006-173627.csv,2026-10-06 17:29:29.326,7.43895
2026-10-06 17:36:55.871,8.6879e-11,Torr,15.large_stm_connectingPort,spray,15.large_stm_connectingPort/MassSpecData-02115-20261006-173627.csv,2026-10-06 17:29:29.326,7.442416666666667
2026-10-06 17:36:56.080,7.9287e-11,Torr,15.large_stm_connectingPort,spray,15.large_stm_connectingPort/MassSpecData-02115-20261006-173627.csv,2026-10-06 17:29:29.326,7.4459
2026-10-06 17:36:56.288,8.4563e-11,Torr,15.large_stm_connectingPort,spray,15.large_stm_connectingPort/MassSpecData-02115-20261006-173627.csv,2026-10-06 17:29:29.326,7.449366666666666
2026-10-06 17:36:56.496,1.0863e-10,Torr,15.large_stm_connectingPort,spray,15.large_stm_connectingPort/MassSpecData-02115-20261006-173627.csv,2026-10-06 17:29:29.326,7.452833333333333
2026-10-06 17:36:56.705,8.0009e-11,Torr,15.large_stm_connectingPort,spray,15.large_stm_connectingPort/MassSpecData-02115-20261006-173627.csv,2026-10-06 17:29:29.326,7.456316666666667
2026-10-06 17:36:56.913,6.7282e-11,Torr,15.large_stm_connectingPort,spray,15.large_stm_connectingPort/MassSpecData-02115-20261006-173627.csv,2026-10-06 17:29:29.326,7.459783333333333
2026-10-06 17:36:57.121,8.0744e-11,Torr,15.large_stm_connectingPort,spray,15.large_stm_connectingPort/MassSpecData-02115-20261006-173627.csv,2026-10-06 17:29:29.326,7.46325
2026-10-06 17:36:57.330,8.33e-11,Torr,15.large_stm_connectingPort,spray,15.large_stm_connectingPort/MassSpecData-02115-20261006-173627.csv,2026-10-06 17:29:29.326,7.466733333333334
2026-10-06 17:36:57.538,8.65e-11,Torr,15.large_stm_connectingPort,spray,15.large_stm_connectingPort/MassSpecData-02115-20261006-173627.csv,2026-10-06 17:29:29.326,7.4702
2026-10-06 17:36:57.746,6.7017e-11,Torr,15.large_stm_connectingPort,spray,15.large_stm_connectingPort/MassSpecData-02115-20261006-173627.csv,2026-10-06 17:29:29.326,7.473666666666667
2026-10-06 17:36:57.955,9.5664e-11,Torr,15.large_stm_connectingPort,spray,15.large_stm_connectingPort/MassSpecData-02115-20261006-173627.csv,2026-10-06 17:29:29.326,7.47715
2026-10-06 17:36:58.163,6.8554e-11,Torr,15.large_stm_connectingPort,spray,15.large_stm_connectingPort/MassSpecData-02115-20261006-173627.csv,2026-10-06 17:29:29.326,7.480616666666666
2026-10-06 17:36:58.371,8.3018e-11,Torr,15.large_stm_connectingPort,spray,15.large_stm_connectingPort/MassSpecData-02115-20261006-173627.csv,2026-10-06 17:29:29.326,7.484083333333333
2026-10-06 17:36:58.580,9.0437e-11,Torr,15.large_stm_connectingPort,spray,15.large_stm_connectingPort/MassSpecData-02115-20261006-173627.csv,2026-10-06 17:29:29.326,7.487566666666667
2026-10-06 17:36:58.788,1.009e-10,Torr,15.large_stm_connectingPort,spray,15.large_stm_connectingPort/MassSpecData-02115-20261006-173627.csv,2026-10-06 17:29:29.326,7.491033333333333
2026-10-06 17:36:58.996,7.6274e-11,Torr,15.large_stm_connectingPort,spray,15.large_stm_connectingPort/MassSpecData-02115-20261006-173627.csv,2026-10-06 17:29:29.326,7.4945
2026-10-06 17:36:59.205,7.5554e-11,Torr,15.large_stm_connectingPort,spray,15.large_stm_connectingPort/MassSpecData-02115-20261006-173627.csv,2026-10-06 17:29:29.326,7.497983333333334
2026-10-06 17:36:59.413,6.1764e-11,Torr,15.large_stm_connectingPort,spray,15.large_stm_connectingPort/MassSpecData-02115-20261006-173627.csv,2026-10-06 17:29:29.326,7.50145
2026-10-06 17:36:59.621,8.3175e-11,Torr,15.large_stm_connectingPort,spray,15.large_stm_connectingPort/MassSpecData-02115-20261006-173627.csv,2026-10-06 17:29:29.326,7.504916666666667
2026-10-06 17:36:59.830,8.7966e-11,Torr,15.large_stm_connectingPort,spray,15.large_stm_connectingPort/MassSpecData-02115-20261006-173627.csv,2026-10-06 17:29:29.326,7.5084
2026-10-06 17:37:00.038,8.4475e-11,Torr,15.large_stm_connectingPort,spray,15.large_stm_connectingPort/MassSpecData-02115-20261006-173627.csv,2026-10-06 17:29:29.326,7.511866666666666
2026-10-06 17:37:00.246,8.7682e-11,Torr,15.large_stm_connectingPort,spray,15.large_stm_connectingPort/MassSpecData-02115-20261006-173627.csv,2026-10-06 17:29:29.326,7.515333333333333
2026-10-06 17:37:00.455,7.6681e-11,Torr,15.large_stm_connectingPort,spray,15.large_stm_connectingPort/MassSpecData-02115-20261006-173627.csv,2026-10-06 17:29:29.326,7.518816666666667
2026-10-06 17:37:00.663,8.3405e-11,Torr,15.large_stm_connectingPort,spray,15.large_stm_connectingPort/MassSpecData-02115-20261006-173627.csv,2026-10-06 17:29:29.326,7.522283333333333
2026-10-06 17:37:00.871,8.1588e-11,Torr,15.large_stm_connectingPort,spray,15.large_stm_connectingPort/MassSpecData-02115-20261006-173627.csv,2026-10-06 17:29:29.326,7.52575
2026-10-06 17:37:01.080,7.5926e-11,Torr,15.large_stm_connectingPort,spray,15.large_stm_connectingPort/MassSpecData-02115-20261006-173627.csv,2026-10-06 17:29:29.326,7.529233333333334
2026-10-06 17:37:01.288,8.3425e-11,Torr,15.large_stm_connectingPort,spray,15.large_stm_connectingPort/MassSpecData-02115-20261006-173627.csv,2026-10-06 17:29:29.326,7.5327
2026-10-06 17:37:01.496,9.3508e-11,Torr,15.large_stm_connectingPort,spray,15.large_stm_connectingPort/MassSpecData-02115-20261006-173627.csv,2026-10-06 17:29:29.326,7.536166666666667
2026-10-06 17:37:01.705,8.6652e-11,Torr,15.large_stm_connectingPort,spray,15.large_stm_connectingPort/MassSpecData-02115-20261006-173627.csv,2026-10-06 17:29:29.326,7.53965
2026-10-06 17:37:01.913,9.2977e-11,Torr,15.large_stm_connectingPort,spray,15.large_stm_connectingPort/MassSpecData-02115-20261006-173627.csv,2026-10-06 17:29:29.326,7.543116666666666
2026-10-06 17:37:02.121,9.4353e-11,Torr,15.large_stm_connectingPort,spray,15.large_stm_connectingPort/MassSpecData-02115-20261006-173627.csv,2026-10-06 17:29:29.326,7.546583333333333
2026-10-06 17:37:02.330,1.0404e-10,Torr,15.large_stm_connectingPort,spray,15.large_stm_connectingPort/MassSpecData-02115-20261006-173627.csv,2026-10-06 17:29:29.326,7.550066666666667
2026-10-06 17:37:02.538,8.6895e-11,Torr,15.large_stm_connectingPort,spray,15.large_stm_connectingPort/MassSpecData-02115-20261006-173627.csv,2026-10-06 17:29:29.326,7.553533333333333
2026-10-06 17:37:02.746,7.8687e-11,Torr,15.large_stm_connectingPort,spray,15.large_stm_connectingPort/MassSpecData-02115-20261006-173627.csv,2026-10-06 17:29:29.326,7.557
2026-10-06 17:37:02.955,7.6003e-11,Torr,15.large_stm_connectingPort,spray,15.large_stm_connectingPort/MassSpecData-02115-20261006-173627.csv,2026-10-06 17:29:29.326,7.560483333333334
2026-10-06 17:37:03.163,7.7995e-11,Torr,15.large_stm_connectingPort,spray,15.large_stm_connectingPort/MassSpecData-02115-20261006-173627.csv,2026-10-06 17:29:29.326,7.56395
2026-10-06 17:37:03.371,8.2606e-11,Torr,15.large_stm_connectingPort,spray,15.large_stm_connectingPort/MassSpecData-02115-20261006-173627.csv,2026-10-06 17:29:29.326,7.567416666666667
2026-10-06 17:37:03.580,7.5352e-11,Torr,15.large_stm_connectingPort,spray,15.large_stm_connectingPort/MassSpecData-02115-20261006-173627.csv,2026-10-06 17:29:29.326,7.5709
2026-10-06 17:37:03.788,6.3218e-11,Torr,15.large_stm_connectingPort,spray,15.large_stm_connectingPort/MassSpecData-02115-20261006-173627.csv,2026-10-06 17:29:29.326,7.574366666666666
2026-10-06 17:37:03.996,8.3712e-11,Torr,15.large_stm_connectingPort,spray,15.large_stm_connectingPort/MassSpecData-02115-20261006-173627.csv,2026-10-06 17:29:29.326,7.577833333333333
2026-10-06 17:37:04.205,7.9748e-11,Torr,15.large_stm_connectingPort,spray,15.large_stm_connectingPort/MassSpecData-02115-20261006-173627.csv,2026-10-06 17:29:29.326,7.581316666666667
2026-10-06 17:37:04.413,7.6014e-11,Torr,15.large_stm_connectingPort,spray,15.large_stm_connectingPort/MassSpecData-02115-20261006-173627.csv,2026-10-06 17:29:29.326,7.584783333333333
2026-10-06 17:37:04.621,7.789e-11,Torr,15.large_stm_connectingPort,spray,15.large_stm_connectingPort/MassSpecData-02115-20261006-173627.csv,2026-10-06 17:29:29.326,7.58825
2026-10-06 17:37:04.830,8.8689e-11,Torr,15.large_stm_connectingPort,spray,15.large_stm_connectingPort/MassSpecData-02115-20261006-173627.csv,2026-10-06 17:29:29.326,7.591733333333334
2026-10-06 17:37:05.038,8.0297e-11,Torr,15.large_stm_connectingPort,spray,15.large_stm_connectingPort/MassSpecData-02115-20261006-173627.csv,2026-10-06 17:29:29.326,7.5952
2026-10-06 17:37:05.247,8.9084e-11,Torr,15.large_stm_connectingPort,spray,15.large_stm_connectingPort/MassSpecData-02115-20261006-173627.csv,2026-10-06 17:29:29.326,7.598683333333333
2026-10-06 17:37:05.455,7.6332e-11,Torr,15.large_stm_connectingPort,spray,15.large_stm_connectingPort/MassSpecData-02115-20261006-173627.csv,2026-10-06 17:29:29.326,7.60215
2026-10-06 17:37:05.663,8.1229e-11,Torr,15.large_stm_connectingPort,spray,15.large_stm_connectingPort/MassSpecData-02115-20261006-173627.csv,2026-10-06 17:29:29.326,7.605616666666666
2026-10-06 17:37:05.872,9.1619e-11,Torr,15.large_stm_connectingPort,spray,15.large_stm_connectingPort/MassSpecData-02115-20261006-173627.csv,2026-10-06 17:29:29.326,7.6091
2026-10-06 17:37:06.080,7.81e-11,Torr,15.large_stm_connectingPort,spray,15.large_stm_connectingPort/MassSpecData-02115-20261006-173627.csv,2026-10-06 17:29:29.326,7.612566666666667
2026-10-06 17:37:06.288,7.4974e-11,Torr,15.large_stm_connectingPort,spray,15.large_stm_connectingPort/MassSpecData-02115-20261006-173627.csv,2026-10-06 17:29:29.326,7.616033333333333
2026-10-06 17:37:06.497,7.0337e-11,Torr,15.large_stm_connectingPort,spray,15.large_stm_connectingPort/MassSpecData-02115-20261006-173627.csv,2026-10-06 17:29:29.326,7.619516666666667
2026-10-06 17:37:06.705,8.9536e-11,Torr,15.large_stm_connectingPort,spray,15.large_stm_connectingPort/MassSpecData-02115-20261006-173627.csv,2026-10-06 17:29:29.326,7.622983333333334
2026-10-06 17:37:06.913,9.273e-11,Torr,15.large_stm_connectingPort,spray,15.large_stm_connectingPort/MassSpecData-02115-20261006-173627.csv,2026-10-06 17:29:29.326,7.62645
2026-10-06 17:37:07.122,8.8314e-11,Torr,15.large_stm_connectingPort,spray,15.large_stm_connectingPort/MassSpecData-02115-20261006-173627.csv,2026-10-06 17:29:29.326,7.629933333333333
2026-10-06 17:37:07.330,6.7333e-11,Torr,15.large_stm_connectingPort,spray,15.large_stm_connectingPort/MassSpecData-02115-20261006-173627.csv,2026-10-06 17:29:29.326,7.6334
2026-10-06 17:37:07.538,8.9871e-11,Torr,15.large_stm_connectingPort,spray,15.large_stm_connectingPort/MassSpecData-02115-20261006-173627.csv,2026-10-06 17:29:29.326,7.636866666666666
2026-10-06 17:37:07.747,7.6936e-11,Torr,15.large_stm_connectingPort,spray,15.large_stm_connectingPort/MassSpecData-02115-20261006-173627.csv,2026-10-06 17:29:29.326,7.64035
2026-10-06 17:37:07.955,7.764e-11,Torr,15.large_stm_connectingPort,spray,15.large_stm_connectingPort/MassSpecData-02115-20261006-173627.csv,2026-10-06 17:29:29.326,7.643816666666667
2026-10-06 17:37:08.163,7.7594e-11,Torr,15.large_stm_connectingPort,spray,15.large_stm_connectingPort/MassSpecData-02115-20261006-173627.csv,2026-10-06 17:29:29.326,7.647283333333333
2026-10-06 17:37:08.372,7.2416e-11,Torr,15.large_stm_connectingPort,spray,15.large_stm_connectingPort/MassSpecData-02115-20261006-173627.csv,2026-10-06 17:29:29.326,7.650766666666667
2026-10-06 17:37:08.580,8.0042e-11,Torr,15.large_stm_connectingPort,spray,15.large_stm_connectingPort/MassSpecData-02115-20261006-173627.csv,2026-10-06 17:29:29.326,7.654233333333334
2026-10-06 17:37:08.788,7.2746e-11,Torr,15.large_stm_connectingPort,spray,15.large_stm_connectingPort/MassSpecData-02115-20261006-173627.csv,2026-10-06 17:29:29.326,7.6577
2026-10-06 17:37:09.187,9.0291e-11,Torr,15.large_stm_connectingPort,spray,15.large_stm_connectingPort/MassSpecData-02115-20261006-173709.csv,2026-10-06 17:29:29.326,7.66435
2026-10-06 17:37:09.395,7.2224e-11,Torr,15.large_stm_connectingPort,spray,15.large_stm_connectingPort/MassSpecData-02115-20261006-173709.csv,2026-10-06 17:29:29.326,7.667816666666667
2026-10-06 17:37:09.604,8.0382e-11,Torr,15.large_stm_connectingPort,spray,15.large_stm_connectingPort/MassSpecData-02115-20261006-173709.csv,2026-10-06 17:29:29.326,7.6713000000000005
2026-10-06 17:37:09.812,7.5246e-11,Torr,15.large_stm_connectingPort,spray,15.large_stm_connectingPort/MassSpecData-02115-20261006-173709.csv,2026-10-06 17:29:29.326,7.674766666666667
2026-10-06 17:37:10.020,6.7235e-11,Torr,15.large_stm_connectingPort,spray,15.large_stm_connectingPort/MassSpecData-02115-20261006-173709.csv,2026-10-06 17:29:29.326,7.678233333333334
2026-10-06 17:37:10.229,9.8049e-11,Torr,15.large_stm_connectingPort,spray,15.large_stm_connectingPort/MassSpecData-02115-20261006-173709.csv,2026-10-06 17:29:29.326,7.681716666666667
2026-10-06 17:37:10.437,7.4078e-11,Torr,15.large_stm_connectingPort,spray,15.large_stm_connectingPort/MassSpecData-02115-20261006-173709.csv,2026-10-06 17:29:29.326,7.685183333333333
2026-10-06 17:37:10.645,6.9145e-11,Torr,15.large_stm_connectingPort,spray,15.large_stm_connectingPort/MassSpecData-02115-20261006-173709.csv,2026-10-06 17:29:29.326,7.68865
2026-10-06 17:37:10.853,7.8583e-11,Torr,15.large_stm_connectingPort,spray,15.large_stm_connectingPort/MassSpecData-02115-20261006-173709.csv,2026-10-06 17:29:29.326,7.692116666666666
2026-10-06 17:37:11.062,6.9655e-11,Torr,15.large_stm_connectingPort,spray,15.large_stm_connectingPort/MassSpecData-02115-20261006-173709.csv,2026-10-06 17:29:29.326,7.6956
2026-10-06 17:37:11.270,7.5676e-11,Torr,15.large_stm_connectingPort,spray,15.large_stm_connectingPort/MassSpecData-02115-20261006-173709.csv,2026-10-06 17:29:29.326,7.699066666666667
2026-10-06 17:37:11.479,7.4836e-11,Torr,15.large_stm_connectingPort,spray,15.large_stm_connectingPort/MassSpecData-02115-20261006-173709.csv,2026-10-06 17:29:29.326,7.7025500000000005
2026-10-06 17:37:11.687,7.9146e-11,Torr,15.large_stm_connectingPort,spray,15.large_stm_connectingPort/MassSpecData-02115-20261006-173709.csv,2026-10-06 17:29:29.326,7.706016666666667
2026-10-06 17:37:11.895,7.9218e-11,Torr,15.large_stm_connectingPort,spray,15.large_stm_connectingPort/MassSpecData-02115-20261006-173709.csv,2026-10-06 17:29:29.326,7.709483333333334
2026-10-06 17:37:12.104,8.0484e-11,Torr,15.large_stm_connectingPort,spray,15.large_stm_connectingPort/MassSpecData-02115-20261006-173709.csv,2026-10-06 17:29:29.326,7.712966666666667
2026-10-06 17:37:12.312,8.6359e-11,Torr,15.large_stm_connectingPort,spray,15.large_stm_connectingPort/MassSpecData-02115-20261006-173709.csv,2026-10-06 17:29:29.326,7.716433333333333
2026-10-06 17:37:12.520,7.1618e-11,Torr,15.large_stm_connectingPort,spray,15.large_stm_connectingPort/MassSpecData-02115-20261006-173709.csv,2026-10-06 17:29:29.326,7.7199
2026-10-06 17:37:12.729,7.9606e-11,Torr,15.large_stm_connectingPort,spray,15.large_stm_connectingPort/MassSpecData-02115-20261006-173709.csv,2026-10-06 17:29:29.326,7.7233833333333335
2026-10-06 17:37:12.937,5.9169e-11,Torr,15.large_stm_connectingPort,spray,15.large_stm_connectingPort/MassSpecData-02115-20261006-173709.csv,2026-10-06 17:29:29.326,7.72685
2026-10-06 17:37:13.145,7.4421e-11,Torr,15.large_stm_connectingPort,spray,15.large_stm_connectingPort/MassSpecData-02115-20261006-173709.csv,2026-10-06 17:29:29.326,7.730316666666667
2026-10-06 17:37:13.354,7.9872e-11,Torr,15.large_stm_connectingPort,spray,15.large_stm_connectingPort/MassSpecData-02115-20261006-173709.csv,2026-10-06 17:29:29.326,7.7338000000000005
2026-10-06 17:37:13.562,7.2366e-11,Torr,15.large_stm_connectingPort,spray,15.large_stm_connectingPort/MassSpecData-02115-20261006-173709.csv,2026-10-06 17:29:29.326,7.737266666666667
2026-10-06 17:37:13.770,9.1727e-11,Torr,15.large_stm_connectingPort,spray,15.large_stm_connectingPort/MassSpecData-02115-20261006-173709.csv,2026-10-06 17:29:29.326,7.740733333333334
2026-10-06 17:37:13.979,9.4715e-11,Torr,15.large_stm_connectingPort,spray,15.large_stm_connectingPort/MassSpecData-02115-20261006-173709.csv,2026-10-06 17:29:29.326,7.744216666666667
2026-10-06 17:37:14.187,6.8472e-11,Torr,15.large_stm_connectingPort,spray,15.large_stm_connectingPort/MassSpecData-02115-20261006-173709.csv,2026-10-06 17:29:29.326,7.747683333333333
2026-10-06 17:37:14.395,7.943e-11,Torr,15.large_stm_connectingPort,spray,15.large_stm_connectingPort/MassSpecData-02115-20261006-173709.csv,2026-10-06 17:29:29.326,7.75115
2026-10-06 17:37:14.603,8.1611e-11,Torr,15.large_stm_connectingPort,spray,15.large_stm_connectingPort/MassSpecData-02115-20261006-173709.csv,2026-10-06 17:29:29.326,7.754616666666666
2026-10-06 17:37:14.812,8.9523e-11,Torr,15.large_stm_connectingPort,spray,15.large_stm_connectingPort/MassSpecData-02115-20261006-173709.csv,2026-10-06 17:29:29.326,7.7581
2026-10-06 17:37:15.020,7.4894e-11,Torr,15.large_stm_connectingPort,spray,15.large_stm_connectingPort/MassSpecData-02115-20261006-173709.csv,2026-10-06 17:29:29.326,7.761566666666667
2026-10-06 17:37:15.228,8.1009e-11,Torr,15.large_stm_connectingPort,spray,15.large_stm_connectingPort/MassSpecData-02115-20261006-173709.csv,2026-10-06 17:29:29.326,7.765033333333333
2026-10-06 17:37:15.437,9.7116e-11,Torr,15.large_stm_connectingPort,spray,15.large_stm_connectingPort/MassSpecData-02115-20261006-173709.csv,2026-10-06 17:29:29.326,7.768516666666667
2026-10-06 17:37:15.645,7.7549e-11,Torr,15.large_stm_connectingPort,spray,15.large_stm_connectingPort/MassSpecData-02115-20261006-173709.csv,2026-10-06 17:29:29.326,7.771983333333334
2026-10-06 17:37:15.853,8.1098e-11,Torr,15.large_stm_connectingPort,spray,15.large_stm_connectingPort/MassSpecData-02115-20261006-173709.csv,2026-10-06 17:29:29.326,7.77545
2026-10-06 17:37:16.062,9.9572e-11,Torr,15.large_stm_connectingPort,spray,15.large_stm_connectingPort/MassSpecData-02115-20261006-173709.csv,2026-10-06 17:29:29.326,7.778933333333333
2026-10-06 17:37:16.270,7.4181e-11,Torr,15.large_stm_connectingPort,spray,15.large_stm_connectingPort/MassSpecData-02115-20261006-173709.csv,2026-10-06 17:29:29.326,7.7824
2026-10-06 17:37:16.478,9.6813e-11,Torr,15.large_stm_connectingPort,spray,15.large_stm_connectingPort/MassSpecData-02115-20261006-173709.csv,2026-10-06 17:29:29.326,7.785866666666666
2026-10-06 17:37:16.687,7.6865e-11,Torr,15.large_stm_connectingPort,spray,15.large_stm_connectingPort/MassSpecData-02115-20261006-173709.csv,2026-10-06 17:29:29.326,7.78935
2026-10-06 17:37:16.895,8.4057e-11,Torr,15.large_stm_connectingPort,spray,15.large_stm_connectingPort/MassSpecData-02115-20261006-173709.csv,2026-10-06 17:29:29.326,7.792816666666667
2026-10-06 17:37:17.103,7.7106e-11,Torr,15.large_stm_connectingPort,spray,15.large_stm_connectingPort/MassSpecData-02115-20261006-173709.csv,2026-10-06 17:29:29.326,7.796283333333333
2026-10-06 17:37:17.312,7.567e-11,Torr,15.large_stm_connectingPort,spray,15.large_stm_connectingPort/MassSpecData-02115-20261006-173709.csv,2026-10-06 17:29:29.326,7.799766666666667
2026-10-06 17:37:17.520,8.5814e-11,Torr,15.large_stm_connectingPort,spray,15.large_stm_connectingPort/MassSpecData-02115-20261006-173709.csv,2026-10-06 17:29:29.326,7.803233333333334
2026-10-06 17:37:17.728,7.9747e-11,Torr,15.large_stm_connectingPort,spray,15.large_stm_connectingPort/MassSpecData-02115-20261006-173709.csv,2026-10-06 17:29:29.326,7.8067
2026-10-06 17:37:17.937,8.5504e-11,Torr,15.large_stm_connectingPort,spray,15.large_stm_connectingPort/MassSpecData-02115-20261006-173709.csv,2026-10-06 17:29:29.326,7.810183333333333
2026-10-06 17:37:18.145,9.0861e-11,Torr,15.large_stm_connectingPort,spray,15.large_stm_connectingPort/MassSpecData-02115-20261006-173709.csv,2026-10-06 17:29:29.326,7.81365
2026-10-06 17:37:18.354,9.0304e-11,Torr,15.large_stm_connectingPort,spray,15.large_stm_connectingPort/MassSpecData-02115-20261006-173709.csv,2026-10-06 17:29:29.326,7.8171333333333335
2026-10-06 17:37:18.562,7.7171e-11,Torr,15.large_stm_connectingPort,spray,15.large_stm_connectingPort/MassSpecData-02115-20261006-173709.csv,2026-10-06 17:29:29.326,7.8206
2026-10-06 17:37:18.770,8.3455e-11,Torr,15.large_stm_connectingPort,spray,15.large_stm_connectingPort/MassSpecData-02115-20261006-173709.csv,2026-10-06 17:29:29.326,7.824066666666667
2026-10-06 17:37:18.979,8.2412e-11,Torr,15.large_stm_connectingPort,spray,15.large_stm_connectingPort/MassSpecData-02115-20261006-173709.csv,2026-10-06 17:29:29.326,7.8275500000000005
2026-10-06 17:37:19.187,9.4365e-11,Torr,15.large_stm_connectingPort,spray,15.large_stm_connectingPort/MassSpecData-02115-20261006-173709.csv,2026-10-06 17:29:29.326,7.831016666666667
2026-10-06 17:37:19.395,7.9758e-11,Torr,15.large_stm_connectingPort,spray,15.large_stm_connectingPort/MassSpecData-02115-20261006-173709.csv,2026-10-06 17:29:29.326,7.834483333333334
2026-10-06 17:37:19.604,7.5853e-11,Torr,15.large_stm_connectingPort,spray,15.large_stm_connectingPort/MassSpecData-02115-20261006-173709.csv,2026-10-06 17:29:29.326,7.837966666666667
2026-10-06 17:37:19.812,8.6809e-11,Torr,15.large_stm_connectingPort,spray,15.large_stm_connectingPort/MassSpecData-02115-20261006-173709.csv,2026-10-06 17:29:29.326,7.841433333333333
2026-10-06 17:37:20.020,7.965e-11,Torr,15.large_stm_connectingPort,spray,15.large_stm_connectingPort/MassSpecData-02115-20261006-173709.csv,2026-10-06 17:29:29.326,7.8449
2026-10-06 17:37:20.229,8.2338e-11,Torr,15.large_stm_connectingPort,spray,15.large_stm_connectingPort/MassSpecData-02115-20261006-173709.csv,2026-10-06 17:29:29.326,7.8483833333333335
2026-10-06 17:37:20.437,7.5642e-11,Torr,15.large_stm_connectingPort,spray,15.large_stm_connectingPort/MassSpecData-02115-20261006-173709.csv,2026-10-06 17:29:29.326,7.85185
2026-10-06 17:37:20.645,7.0982e-11,Torr,15.large_stm_connectingPort,spray,15.large_stm_connectingPort/MassSpecData-02115-20261006-173709.csv,2026-10-06 17:29:29.326,7.855316666666667
2026-10-06 17:37:20.854,9.5888e-11,Torr,15.large_stm_connectingPort,spray,15.large_stm_connectingPort/MassSpecData-02115-20261006-173709.csv,2026-10-06 17:29:29.326,7.8588000000000005
2026-10-06 17:37:21.062,7.0503e-11,Torr,15.large_stm_connectingPort,spray,15.large_stm_connectingPort/MassSpecData-02115-20261006-173709.csv,2026-10-06 17:29:29.326,7.862266666666667
2026-10-06 17:37:21.270,7.2967e-11,Torr,15.large_stm_connectingPort,spray,15.large_stm_connectingPort/MassSpecData-02115-20261006-173709.csv,2026-10-06 17:29:29.326,7.865733333333334
2026-10-06 17:37:21.479,7.9925e-11,Torr,15.large_stm_connectingPort,spray,15.large_stm_connectingPort/MassSpecData-02115-20261006-173709.csv,2026-10-06 17:29:29.326,7.869216666666667
2026-10-06 17:37:21.687,8.8891e-11,Torr,15.large_stm_connectingPort,spray,15.large_stm_connectingPort/MassSpecData-02115-20261006-173709.csv,2026-10-06 17:29:29.326,7.872683333333333
2026-10-06 17:37:21.895,7.5289e-11,Torr,15.large_stm_connectingPort,spray,15.large_stm_connectingPort/MassSpecData-02115-20261006-173709.csv,2026-10-06 17:29:29.326,7.87615
2026-10-06 17:37:22.104,8.6152e-11,Torr,15.large_stm_connectingPort,spray,15.large_stm_connectingPort/MassSpecData-02115-20261006-173709.csv,2026-10-06 17:29:29.326,7.8796333333333335
2026-10-06 17:37:22.312,7.3948e-11,Torr,15.large_stm_connectingPort,spray,15.large_stm_connectingPort/MassSpecData-02115-20261006-173709.csv,2026-10-06 17:29:29.326,7.8831
2026-10-06 17:37:22.520,8.0125e-11,Torr,15.large_stm_connectingPort,spray,15.large_stm_connectingPort/MassSpecData-02115-20261006-173709.csv,2026-10-06 17:29:29.326,7.886566666666667
2026-10-06 17:37:22.729,8.2805e-11,Torr,15.large_stm_connectingPort,spray,15.large_stm_connectingPort/MassSpecData-02115-20261006-173709.csv,2026-10-06 17:29:29.326,7.8900500000000005
2026-10-06 17:37:22.937,7.059e-11,Torr,15.large_stm_connectingPort,spray,15.large_stm_connectingPort/MassSpecData-02115-20261006-173709.csv,2026-10-06 17:29:29.326,7.893516666666667
2026-10-06 17:37:23.145,6.9058e-11,Torr,15.large_stm_connectingPort,spray,15.large_stm_connectingPort/MassSpecData-02115-20261006-173709.csv,2026-10-06 17:29:29.326,7.896983333333334
2026-10-06 17:37:23.354,6.779e-11,Torr,15.large_stm_connectingPort,spray,15.large_stm_connectingPort/MassSpecData-02115-20261006-173709.csv,2026-10-06 17:29:29.326,7.900466666666667
2026-10-06 17:37:23.562,8.1302e-11,Torr,15.large_stm_connectingPort,spray,15.large_stm_connectingPort/MassSpecData-02115-20261006-173709.csv,2026-10-06 17:29:29.326,7.903933333333333
2026-10-06 17:37:23.770,8.6225e-11,Torr,15.large_stm_connectingPort,spray,15.large_stm_connectingPort/MassSpecData-02115-20261006-173709.csv,2026-10-06 17:29:29.326,7.9074
2026-10-06 17:37:23.979,1.0142e-10,Torr,15.large_stm_connectingPort,spray,15.large_stm_connectingPort/MassSpecData-02115-20261006-173709.csv,2026-10-06 17:29:29.326,7.9108833333333335
2026-10-06 17:37:24.187,7.7188e-11,Torr,15.large_stm_connectingPort,spray,15.large_stm_connectingPort/MassSpecData-02115-20261006-173709.csv,2026-10-06 17:29:29.326,7.91435
2026-10-06 17:37:24.395,8.1085e-11,Torr,15.large_stm_connectingPort,spray,15.large_stm_connectingPort/MassSpecData-02115-20261006-173709.csv,2026-10-06 17:29:29.326,7.917816666666667
2026-10-06 17:37:24.604,7.306e-11,Torr,15.large_stm_connectingPort,spray,15.large_stm_connectingPort/MassSpecData-02115-20261006-173709.csv,2026-10-06 17:29:29.326,7.9213000000000005
2026-10-06 17:37:24.812,8.7329e-11,Torr,15.large_stm_connectingPort,spray,15.large_stm_connectingPort/MassSpecData-02115-20261006-173709.csv,2026-10-06 17:29:29.326,7.924766666666667
2026-10-06 17:37:25.020,8.1573e-11,Torr,15.large_stm_connectingPort,spray,15.large_stm_connectingPort/MassSpecData-02115-20261006-173709.csv,2026-10-06 17:29:29.326,7.928233333333334
2026-10-06 17:37:25.229,7.0036e-11,Torr,15.large_stm_connectingPort,spray,15.large_stm_connectingPort/MassSpecData-02115-20261006-173709.csv,2026-10-06 17:29:29.326,7.931716666666667
2026-10-06 17:37:25.437,7.9665e-11,Torr,15.large_stm_connectingPort,spray,15.large_stm_connectingPort/MassSpecData-02115-20261006-173709.csv,2026-10-06 17:29:29.326,7.935183333333333
2026-10-06 17:37:25.645,8.2063e-11,Torr,15.large_stm_connectingPort,spray,15.large_stm_connectingPort/MassSpecData-02115-20261006-173709.csv,2026-10-06 17:29:29.326,7.93865
2026-10-06 17:37:25.854,8.7467e-11,Torr,15.large_stm_connectingPort,spray,15.large_stm_connectingPort/MassSpecData-02115-20261006-173709.csv,2026-10-06 17:29:29.326,7.9421333333333335
2026-10-06 17:37:26.062,7.7131e-11,Torr,15.large_stm_connectingPort,spray,15.large_stm_connectingPort/MassSpecData-02115-20261006-173709.csv,2026-10-06 17:29:29.326,7.9456
2026-10-06 17:37:26.270,7.4091e-11,Torr,15.large_stm_connectingPort,spray,15.large_stm_connectingPort/MassSpecData-02115-20261006-173709.csv,2026-10-06 17:29:29.326,7.949066666666667
2026-10-06 17:37:26.479,8.162e-11,Torr,15.large_stm_connectingPort,spray,15.large_stm_connectingPort/MassSpecData-02115-20261006-173709.csv,2026-10-06 17:29:29.326,7.9525500000000005
2026-10-06 17:37:26.687,7.7439e-11,Torr,15.large_stm_connectingPort,spray,15.large_stm_connectingPort/MassSpecData-02115-20261006-173709.csv,2026-10-06 17:29:29.326,7.956016666666667
2026-10-06 17:37:26.895,7.7229e-11,Torr,15.large_stm_connectingPort,spray,15.large_stm_connectingPort/MassSpecData-02115-20261006-173709.csv,2026-10-06 17:29:29.326,7.959483333333334
2026-10-06 17:37:27.104,7.9942e-11,Torr,15.large_stm_connectingPort,spray,15.large_stm_connectingPort/MassSpecData-02115-20261006-173709.csv,2026-10-06 17:29:29.326,7.962966666666667
2026-10-06 17:37:27.312,7.7885e-11,Torr,15.large_stm_connectingPort,spray,15.large_stm_connectingPort/MassSpecData-02115-20261006-173709.csv,2026-10-06 17:29:29.326,7.966433333333333
2026-10-06 17:37:27.520,8.5035e-11,Torr,15.large_stm_connectingPort,spray,15.large_stm_connectingPort/MassSpecData-02115-20261006-173709.csv,2026-10-06 17:29:29.326,7.9699
2026-10-06 17:37:27.729,9.1109e-11,Torr,15.large_stm_connectingPort,spray,15.large_stm_connectingPort/MassSpecData-02115-20261006-173709.csv,2026-10-06 17:29:29.326,7.9733833333333335
2026-10-06 17:37:27.937,8.4352e-11,Torr,15.large_stm_connectingPort,spray,15.large_stm_connectingPort/MassSpecData-02115-20261006-173709.csv,2026-10-06 17:29:29.326,7.97685
2026-10-06 17:37:28.145,8.0068e-11,Torr,15.large_stm_connectingPort,spray,15.large_stm_connectingPort/MassSpecData-02115-20261006-173709.csv,2026-10-06 17:29:29.326,7.980316666666667
2026-10-06 17:37:28.354,7.9535e-11,Torr,15.large_stm_connectingPort,spray,15.large_stm_connectingPort/MassSpecData-02115-20261006-173709.csv,2026-10-06 17:29:29.326,7.9838000000000005
2026-10-06 17:37:28.562,7.2556e-11,Torr,15.large_stm_connectingPort,spray,15.large_stm_connectingPort/MassSpecData-02115-20261006-173709.csv,2026-10-06 17:29:29.326,7.987266666666667
2026-10-06 17:37:28.770,6.9499e-11,Torr,15.large_stm_connectingPort,spray,15.large_stm_connectingPort/MassSpecData-02115-20261006-173709.csv,2026-10-06 17:29:29.326,7.990733333333334
2026-10-06 17:37:28.978,1.0261e-10,Torr,15.large_stm_connectingPort,spray,15.large_stm_connectingPort/MassSpecData-02115-20261006-173709.csv,2026-10-06 17:29:29.326,7.9942
2026-10-06 17:37:29.187,7.7753e-11,Torr,15.large_stm_connectingPort,spray,15.large_stm_connectingPort/MassSpecData-02115-20261006-173709.csv,2026-10-06 17:29:29.326,7.997683333333333
2026-10-06 17:37:29.395,8.27e-11,Torr,15.large_stm_connectingPort,spray,15.large_stm_connectingPort/MassSpecData-02115-20261006-173709.csv,2026-10-06 17:29:29.326,8.00115
2026-10-06 17:37:29.603,7.8032e-11,Torr,15.large_stm_connectingPort,spray,15.large_stm_connectingPort/MassSpecData-02115-20261006-173709.csv,2026-10-06 17:29:29.326,8.004616666666667
2026-10-06 17:37:29.812,9.2006e-11,Torr,15.large_stm_connectingPort,spray,15.large_stm_connectingPort/MassSpecData-02115-20261006-173709.csv,2026-10-06 17:29:29.326,8.0081
2026-10-06 17:37:30.020,8.2003e-11,Torr,15.large_stm_connectingPort,spray,15.large_stm_connectingPort/MassSpecData-02115-20261006-173709.csv,2026-10-06 17:29:29.326,8.011566666666667
2026-10-06 17:37:30.228,7.5119e-11,Torr,15.large_stm_connectingPort,spray,15.large_stm_connectingPort/MassSpecData-02115-20261006-173709.csv,2026-10-06 17:29:29.326,8.015033333333333
2026-10-06 17:37:30.437,7.5424e-11,Torr,15.large_stm_connectingPort,spray,15.large_stm_connectingPort/MassSpecData-02115-20261006-173709.csv,2026-10-06 17:29:29.326,8.018516666666667
2026-10-06 17:37:30.645,8.178e-11,Torr,15.large_stm_connectingPort,spray,15.large_stm_connectingPort/MassSpecData-02115-20261006-173709.csv,2026-10-06 17:29:29.326,8.021983333333333
2026-10-06 17:37:30.853,7.7722e-11,Torr,15.large_stm_connectingPort,spray,15.large_stm_connectingPort/MassSpecData-02115-20261006-173709.csv,2026-10-06 17:29:29.326,8.02545
2026-10-06 17:37:31.062,7.972e-11,Torr,15.large_stm_connectingPort,spray,15.large_stm_connectingPort/MassSpecData-02115-20261006-173709.csv,2026-10-06 17:29:29.326,8.028933333333333
2026-10-06 17:37:31.270,7.2077e-11,Torr,15.large_stm_connectingPort,spray,15.large_stm_connectingPort/MassSpecData-02115-20261006-173709.csv,2026-10-06 17:29:29.326,8.0324
2026-10-06 17:37:31.478,8.2746e-11,Torr,15.large_stm_connectingPort,spray,15.large_stm_connectingPort/MassSpecData-02115-20261006-173709.csv,2026-10-06 17:29:29.326,8.035866666666667
2026-10-06 17:37:31.687,5.8773e-11,Torr,15.large_stm_connectingPort,spray,15.large_stm_connectingPort/MassSpecData-02115-20261006-173709.csv,2026-10-06 17:29:29.326,8.03935
2026-10-06 17:37:31.895,7.8617e-11,Torr,15.large_stm_connectingPort,spray,15.large_stm_connectingPort/MassSpecData-02115-20261006-173709.csv,2026-10-06 17:29:29.326,8.042816666666667
2026-10-06 17:37:32.103,7.1934e-11,Torr,15.large_stm_connectingPort,spray,15.large_stm_connectingPort/MassSpecData-02115-20261006-173709.csv,2026-10-06 17:29:29.326,8.046283333333333
2026-10-06 17:37:32.312,1.1356e-10,Torr,15.large_stm_connectingPort,spray,15.large_stm_connectingPort/MassSpecData-02115-20261006-173709.csv,2026-10-06 17:29:29.326,8.049766666666667
2026-10-06 17:37:32.520,8.1896e-11,Torr,15.large_stm_connectingPort,spray,15.large_stm_connectingPort/MassSpecData-02115-20261006-173709.csv,2026-10-06 17:29:29.326,8.053233333333333
2026-10-06 17:37:32.728,8.2485e-11,Torr,15.large_stm_connectingPort,spray,15.large_stm_connectingPort/MassSpecData-02115-20261006-173709.csv,2026-10-06 17:29:29.326,8.0567
2026-10-06 17:37:32.937,8.2876e-11,Torr,15.large_stm_connectingPort,spray,15.large_stm_connectingPort/MassSpecData-02115-20261006-173709.csv,2026-10-06 17:29:29.326,8.060183333333333
2026-10-06 17:37:33.145,7.8659e-11,Torr,15.large_stm_connectingPort,spray,15.large_stm_connectingPort/MassSpecData-02115-20261006-173709.csv,2026-10-06 17:29:29.326,8.06365
2026-10-06 17:37:33.353,8.6545e-11,Torr,15.large_stm_connectingPort,spray,15.large_stm_connectingPort/MassSpecData-02115-20261006-173709.csv,2026-10-06 17:29:29.326,8.067116666666667
2026-10-06 17:37:33.562,8.2064e-11,Torr,15.large_stm_connectingPort,spray,15.large_stm_connectingPort/MassSpecData-02115-20261006-173709.csv,2026-10-06 17:29:29.326,8.0706
2026-10-06 17:37:33.770,8.6391e-11,Torr,15.large_stm_connectingPort,spray,15.large_stm_connectingPort/MassSpecData-02115-20261006-173709.csv,2026-10-06 17:29:29.326,8.074066666666667
2026-10-06 17:37:33.978,8.7396e-11,Torr,15.large_stm_connectingPort,spray,15.large_stm_connectingPort/MassSpecData-02115-20261006-173709.csv,2026-10-06 17:29:29.326,8.077533333333333
2026-10-06 17:37:34.187,5.544e-11,Torr,15.large_stm_connectingPort,spray,15.large_stm_connectingPort/MassSpecData-02115-20261006-173709.csv,2026-10-06 17:29:29.326,8.081016666666667
2026-10-06 17:37:34.395,8.3203e-11,Torr,15.large_stm_connectingPort,spray,15.large_stm_connectingPort/MassSpecData-02115-20261006-173709.csv,2026-10-06 17:29:29.326,8.084483333333333
2026-10-06 17:37:34.603,8.3329e-11,Torr,15.large_stm_connectingPort,spray,15.large_stm_connectingPort/MassSpecData-02115-20261006-173709.csv,2026-10-06 17:29:29.326,8.08795
2026-10-06 17:37:34.812,8.3003e-11,Torr,15.large_stm_connectingPort,spray,15.large_stm_connectingPort/MassSpecData-02115-20261006-173709.csv,2026-10-06 17:29:29.326,8.091433333333333
2026-10-06 17:37:35.020,7.2587e-11,Torr,15.large_stm_connectingPort,spray,15.large_stm_connectingPort/MassSpecData-02115-20261006-173709.csv,2026-10-06 17:29:29.326,8.0949
2026-10-06 17:37:35.228,7.7206e-11,Torr,15.large_stm_connectingPort,spray,15.large_stm_connectingPort/MassSpecData-02115-20261006-173709.csv,2026-10-06 17:29:29.326,8.098366666666667
2026-10-06 17:37:35.437,7.8368e-11,Torr,15.large_stm_connectingPort,spray,15.large_stm_connectingPort/MassSpecData-02115-20261006-173709.csv,2026-10-06 17:29:29.326,8.10185
2026-10-06 17:37:35.645,8.373e-11,Torr,15.large_stm_connectingPort,spray,15.large_stm_connectingPort/MassSpecData-02115-20261006-173709.csv,2026-10-06 17:29:29.326,8.105316666666667
2026-10-06 17:37:35.853,8.3641e-11,Torr,15.large_stm_connectingPort,spray,15.large_stm_connectingPort/MassSpecData-02115-20261006-173709.csv,2026-10-06 17:29:29.326,8.108783333333333
2026-10-06 17:37:36.062,8.1874e-11,Torr,15.large_stm_connectingPort,spray,15.large_stm_connectingPort/MassSpecData-02115-20261006-173709.csv,2026-10-06 17:29:29.326,8.112266666666667
2026-10-06 17:37:36.270,8.0548e-11,Torr,15.large_stm_connectingPort,spray,15.large_stm_connectingPort/MassSpecData-02115-20261006-173709.csv,2026-10-06 17:29:29.326,8.115733333333333
2026-10-06 17:37:36.478,9.7412e-11,Torr,15.large_stm_connectingPort,spray,15.large_stm_connectingPort/MassSpecData-02115-20261006-173709.csv,2026-10-06 17:29:29.326,8.1192
2026-10-06 17:37:36.687,7.0779e-11,Torr,15.large_stm_connectingPort,spray,15.large_stm_connectingPort/MassSpecData-02115-20261006-173709.csv,2026-10-06 17:29:29.326,8.122683333333333
2026-10-06 17:37:36.895,9.3049e-11,Torr,15.large_stm_connectingPort,spray,15.large_stm_connectingPort/MassSpecData-02115-20261006-173709.csv,2026-10-06 17:29:29.326,8.12615
2026-10-06 17:37:37.103,7.9687e-11,Torr,15.large_stm_connectingPort,spray,15.large_stm_connectingPort/MassSpecData-02115-20261006-173709.csv,2026-10-06 17:29:29.326,8.129616666666667
2026-10-06 17:37:37.312,7.1013e-11,Torr,15.large_stm_connectingPort,spray,15.large_stm_connectingPort/MassSpecData-02115-20261006-173709.csv,2026-10-06 17:29:29.326,8.1331
2026-10-06 17:37:37.520,7.5922e-11,Torr,15.large_stm_connectingPort,spray,15.large_stm_connectingPort/MassSpecData-02115-20261006-173709.csv,2026-10-06 17:29:29.326,8.136566666666667
2026-10-06 17:37:37.728,6.7931e-11,Torr,15.large_stm_connectingPort,spray,15.large_stm_connectingPort/MassSpecData-02115-20261006-173709.csv,2026-10-06 17:29:29.326,8.140033333333333
2026-10-06 17:37:37.937,9.2233e-11,Torr,15.large_stm_connectingPort,spray,15.large_stm_connectingPort/MassSpecData-02115-20261006-173709.csv,2026-10-06 17:29:29.326,8.143516666666667
2026-10-06 17:37:38.145,7.2447e-11,Torr,15.large_stm_connectingPort,spray,15.large_stm_connectingPort/MassSpecData-02115-20261006-173709.csv,2026-10-06 17:29:29.326,8.146983333333333
2026-10-06 17:37:38.353,7.8474e-11,Torr,15.large_stm_connectingPort,spray,15.large_stm_connectingPort/MassSpecData-02115-20261006-173709.csv,2026-10-06 17:29:29.326,8.15045
2026-10-06 17:37:38.562,7.4137e-11,Torr,15.large_stm_connectingPort,spray,15.large_stm_connectingPort/MassSpecData-02115-20261006-173709.csv,2026-10-06 17:29:29.326,8.153933333333333
2026-10-06 17:37:38.770,7.7466e-11,Torr,15.large_stm_connectingPort,spray,15.large_stm_connectingPort/MassSpecData-02115-20261006-173709.csv,2026-10-06 17:29:29.326,8.1574
2026-10-06 17:37:38.978,8.46e-11,Torr,15.large_stm_connectingPort,spray,15.large_stm_connectingPort/MassSpecData-02115-20261006-173709.csv,2026-10-06 17:29:29.326,8.160866666666667
2026-10-06 17:37:39.187,7.1305e-11,Torr,15.large_stm_connectingPort,spray,15.large_stm_connectingPort/MassSpecData-02115-20261006-173709.csv,2026-10-06 17:29:29.326,8.16435
2026-10-06 17:37:39.395,8.5279e-11,Torr,15.large_stm_connectingPort,spray,15.large_stm_connectingPort/MassSpecData-02115-20261006-173709.csv,2026-10-06 17:29:29.326,8.167816666666667
2026-10-06 17:37:39.603,7.4057e-11,Torr,15.large_stm_connectingPort,spray,15.large_stm_connectingPort/MassSpecData-02115-20261006-173709.csv,2026-10-06 17:29:29.326,8.171283333333333
2026-10-06 17:37:39.812,8.3233e-11,Torr,15.large_stm_connectingPort,spray,15.large_stm_connectingPort/MassSpecData-02115-20261006-173709.csv,2026-10-06 17:29:29.326,8.174766666666667
2026-10-06 17:37:40.020,9.1897e-11,Torr,15.large_stm_connectingPort,spray,15.large_stm_connectingPort/MassSpecData-02115-20261006-173709.csv,2026-10-06 17:29:29.326,8.178233333333333
2026-10-06 17:37:40.228,6.1669e-11,Torr,15.large_stm_connectingPort,spray,15.large_stm_connectingPort/MassSpecData-02115-20261006-173709.csv,2026-10-06 17:29:29.326,8.1817
2026-10-06 17:37:40.437,7.7314e-11,Torr,15.large_stm_connectingPort,spray,15.large_stm_connectingPort/MassSpecData-02115-20261006-173709.csv,2026-10-06 17:29:29.326,8.185183333333333
2026-10-06 17:37:40.645,7.8266e-11,Torr,15.large_stm_connectingPort,spray,15.large_stm_connectingPort/MassSpecData-02115-20261006-173709.csv,2026-10-06 17:29:29.326,8.18865
2026-10-06 17:37:40.853,7.023e-11,Torr,15.large_stm_connectingPort,spray,15.large_stm_connectingPort/MassSpecData-02115-20261006-173709.csv,2026-10-06 17:29:29.326,8.192116666666667
2026-10-06 17:37:41.062,6.8278e-11,Torr,15.large_stm_connectingPort,spray,15.large_stm_connectingPort/MassSpecData-02115-20261006-173709.csv,2026-10-06 17:29:29.326,8.1956
2026-10-06 17:37:41.270,7.2347e-11,Torr,15.large_stm_connectingPort,spray,15.large_stm_connectingPort/MassSpecData-02115-20261006-173709.csv,2026-10-06 17:29:29.326,8.199066666666667
2026-10-06 17:37:41.478,7.916e-11,Torr,15.large_stm_connectingPort,spray,15.large_stm_connectingPort/MassSpecData-02115-20261006-173709.csv,2026-10-06 17:29:29.326,8.202533333333333
2026-10-06 17:37:41.687,6.445e-11,Torr,15.large_stm_connectingPort,spray,15.large_stm_connectingPort/MassSpecData-02115-20261006-173709.csv,2026-10-06 17:29:29.326,8.206016666666667
2026-10-06 17:37:41.895,8.1827e-11,Torr,15.large_stm_connectingPort,spray,15.large_stm_connectingPort/MassSpecData-02115-20261006-173709.csv,2026-10-06 17:29:29.326,8.209483333333333
2026-10-06 17:37:42.103,6.9386e-11,Torr,15.large_stm_connectingPort,spray,15.large_stm_connectingPort/MassSpecData-02115-20261006-173709.csv,2026-10-06 17:29:29.326,8.21295
2026-10-06 17:37:42.312,7.8579e-11,Torr,15.large_stm_connectingPort,spray,15.large_stm_connectingPort/MassSpecData-02115-20261006-173709.csv,2026-10-06 17:29:29.326,8.216433333333333
2026-10-06 17:37:42.520,7.6877e-11,Torr,15.large_stm_connectingPort,spray,15.large_stm_connectingPort/MassSpecData-02115-20261006-173709.csv,2026-10-06 17:29:29.326,8.2199
2026-10-06 17:37:42.728,7.3979e-11,Torr,15.large_stm_connectingPort,spray,15.large_stm_connectingPort/MassSpecData-02115-20261006-173709.csv,2026-10-06 17:29:29.326,8.223366666666667
2026-10-06 17:37:42.937,7.7894e-11,Torr,15.large_stm_connectingPort,spray,15.large_stm_connectingPort/MassSpecData-02115-20261006-173709.csv,2026-10-06 17:29:29.326,8.22685
2026-10-06 17:37:43.145,7.4756e-11,Torr,15.large_stm_connectingPort,spray,15.large_stm_connectingPort/MassSpecData-02115-20261006-173709.csv,2026-10-06 17:29:29.326,8.230316666666667
2026-10-06 17:37:43.353,7.8402e-11,Torr,15.large_stm_connectingPort,spray,15.large_stm_connectingPort/MassSpecData-02115-20261006-173709.csv,2026-10-06 17:29:29.326,8.233783333333333
2026-10-06 17:37:43.562,7.5669e-11,Torr,15.large_stm_connectingPort,spray,15.large_stm_connectingPort/MassSpecData-02115-20261006-173709.csv,2026-10-06 17:29:29.326,8.237266666666667
2026-10-06 17:37:43.770,7.2359e-11,Torr,15.large_stm_connectingPort,spray,15.large_stm_connectingPort/MassSpecData-02115-20261006-173709.csv,2026-10-06 17:29:29.326,8.240733333333333
2026-10-06 17:37:43.978,7.862e-11,Torr,15.large_stm_connectingPort,spray,15.large_stm_connectingPort/MassSpecData-02115-20261006-173709.csv,2026-10-06 17:29:29.326,8.2442
2026-10-06 17:37:44.187,9.6737e-11,Torr,15.large_stm_connectingPort,spray,15.large_stm_connectingPort/MassSpecData-02115-20261006-173709.csv,2026-10-06 17:29:29.326,8.247683333333333
2026-10-06 17:37:44.395,9.328e-11,Torr,15.large_stm_connectingPort,spray,15.large_stm_connectingPort/MassSpecData-02115-20261006-173709.csv,2026-10-06 17:29:29.326,8.25115
2026-10-06 17:37:44.603,8.3854e-11,Torr,15.large_stm_connectingPort,spray,15.large_stm_connectingPort/MassSpecData-02115-20261006-173709.csv,2026-10-06 17:29:29.326,8.254616666666667
2026-10-06 17:37:44.812,8.3677e-11,Torr,15.large_stm_connectingPort,spray,15.large_stm_connectingPort/MassSpecData-02115-20261006-173709.csv,2026-10-06 17:29:29.326,8.2581
2026-10-06 17:37:45.020,8.5807e-11,Torr,15.large_stm_connectingPort,spray,15.large_stm_connectingPort/MassSpecData-02115-20261006-173709.csv,2026-10-06 17:29:29.326,8.261566666666667
2026-10-06 17:37:45.228,9.6451e-11,Torr,15.large_stm_connectingPort,spray,15.large_stm_connectingPort/MassSpecData-02115-20261006-173709.csv,2026-10-06 17:29:29.326,8.265033333333333
2026-10-06 17:37:45.437,8.1014e-11,Torr,15.large_stm_connectingPort,spray,15.large_stm_connectingPort/MassSpecData-02115-20261006-173709.csv,2026-10-06 17:29:29.326,8.268516666666667
2026-10-06 17:37:45.645,7.6728e-11,Torr,15.large_stm_connectingPort,spray,15.large_stm_connectingPort/MassSpecData-02115-20261006-173709.csv,2026-10-06 17:29:29.326,8.271983333333333
2026-10-06 17:37:45.853,7.8991e-11,Torr,15.large_stm_connectingPort,spray,15.large_stm_connectingPort/MassSpecData-02115-20261006-173709.csv,2026-10-06 17:29:29.326,8.27545
2026-10-06 17:37:46.062,7.3266e-11,Torr,15.large_stm_connectingPort,spray,15.large_stm_connectingPort/MassSpecData-02115-20261006-173709.csv,2026-10-06 17:29:29.326,8.278933333333333
2026-10-06 17:37:46.270,6.9287e-11,Torr,15.large_stm_connectingPort,spray,15.large_stm_connectingPort/MassSpecData-02115-20261006-173709.csv,2026-10-06 17:29:29.326,8.2824
2026-10-06 17:37:46.478,7.3494e-11,Torr,15.large_stm_connectingPort,spray,15.large_stm_connectingPort/MassSpecData-02115-20261006-173709.csv,2026-10-06 17:29:29.326,8.285866666666667
2026-10-06 17:37:46.687,8.2502e-11,Torr,15.large_stm_connectingPort,spray,15.large_stm_connectingPort/MassSpecData-02115-20261006-173709.csv,2026-10-06 17:29:29.326,8.28935
2026-10-06 17:37:46.895,8.6482e-11,Torr,15.large_stm_connectingPort,spray,15.large_stm_connectingPort/MassSpecData-02115-20261006-173709.csv,2026-10-06 17:29:29.326,8.292816666666667
2026-10-06 17:37:47.104,6.767e-11,Torr,15.large_stm_connectingPort,spray,15.large_stm_connectingPort/MassSpecData-02115-20261006-173709.csv,2026-10-06 17:29:29.326,8.2963
2026-10-06 17:37:47.312,8.7047e-11,Torr,15.large_stm_connectingPort,spray,15.large_stm_connectingPort/MassSpecData-02115-20261006-173709.csv,2026-10-06 17:29:29.326,8.299766666666667
2026-10-06 17:37:47.520,8.7452e-11,Torr,15.large_stm_connectingPort,spray,15.large_stm_connectingPort/MassSpecData-02115-20261006-173709.csv,2026-10-06 17:29:29.326,8.303233333333333
2026-10-06 17:37:47.729,8.9012e-11,Torr,15.large_stm_connectingPort,spray,15.large_stm_connectingPort/MassSpecData-02115-20261006-173709.csv,2026-10-06 17:29:29.326,8.306716666666667
2026-10-06 17:37:47.937,9.0507e-11,Torr,15.large_stm_connectingPort,spray,15.large_stm_connectingPort/MassSpecData-02115-20261006-173709.csv,2026-10-06 17:29:29.326,8.310183333333333
2026-10-06 17:37:48.145,7.7223e-11,Torr,15.large_stm_connectingPort,spray,15.large_stm_connectingPort/MassSpecData-02115-20261006-173709.csv,2026-10-06 17:29:29.326,8.31365
2026-10-06 17:37:48.354,7.1692e-11,Torr,15.large_stm_connectingPort,spray,15.large_stm_connectingPort/MassSpecData-02115-20261006-173709.csv,2026-10-06 17:29:29.326,8.317133333333334
2026-10-06 17:37:48.562,8.4723e-11,Torr,15.large_stm_connectingPort,spray,15.large_stm_connectingPort/MassSpecData-02115-20261006-173709.csv,2026-10-06 17:29:29.326,8.3206
2026-10-06 17:37:48.770,7.5642e-11,Torr,15.large_stm_connectingPort,spray,15.large_stm_connectingPort/MassSpecData-02115-20261006-173709.csv,2026-10-06 17:29:29.326,8.324066666666667
2026-10-06 17:37:48.979,8.3388e-11,Torr,15.large_stm_connectingPort,spray,15.large_stm_connectingPort/MassSpecData-02115-20261006-173709.csv,2026-10-06 17:29:29.326,8.32755
2026-10-06 17:37:49.187,8.1939e-11,Torr,15.large_stm_connectingPort,spray,15.large_stm_connectingPort/MassSpecData-02115-20261006-173709.csv,2026-10-06 17:29:29.326,8.331016666666667
2026-10-06 17:37:49.395,6.9037e-11,Torr,15.large_stm_connectingPort,spray,15.large_stm_connectingPort/MassSpecData-02115-20261006-173709.csv,2026-10-06 17:29:29.326,8.334483333333333
2026-10-06 17:37:49.604,6.9029e-11,Torr,15.large_stm_connectingPort,spray,15.large_stm_connectingPort/MassSpecData-02115-20261006-173709.csv,2026-10-06 17:29:29.326,8.337966666666667
2026-10-06 17:37:49.812,7.2824e-11,Torr,15.large_stm_connectingPort,spray,15.large_stm_connectingPort/MassSpecData-02115-20261006-173709.csv,2026-10-06 17:29:29.326,8.341433333333333
2026-10-06 17:37:50.020,7.4068e-11,Torr,15.large_stm_connectingPort,spray,15.large_stm_connectingPort/MassSpecData-02115-20261006-173709.csv,2026-10-06 17:29:29.326,8.3449
2026-10-06 17:37:50.229,8.5421e-11,Torr,15.large_stm_connectingPort,spray,15.large_stm_connectingPort/MassSpecData-02115-20261006-173709.csv,2026-10-06 17:29:29.326,8.348383333333334
2026-10-06 17:37:50.437,8.9099e-11,Torr,15.large_stm_connectingPort,spray,15.large_stm_connectingPort/MassSpecData-02115-20261006-173709.csv,2026-10-06 17:29:29.326,8.35185
2026-10-06 17:37:50.645,8.9516e-11,Torr,15.large_stm_connectingPort,spray,15.large_stm_connectingPort/MassSpecData-02115-20261006-173709.csv,2026-10-06 17:29:29.326,8.355316666666667
2026-10-06 17:37:50.935,7.8353e-11,Torr,15.large_stm_connectingPort,spray,15.large_stm_connectingPort/MassSpecData-02115-20261006-173750.csv,2026-10-06 17:29:29.326,8.360149999999999
2026-10-06 17:37:51.143,7.4953e-11,Torr,15.large_stm_connectingPort,spray,15.large_stm_connectingPort/MassSpecData-02115-20261006-173750.csv,2026-10-06 17:29:29.326,8.363616666666667
2026-10-06 17:37:51.352,8.6969e-11,Torr,15.large_stm_connectingPort,spray,15.large_stm_connectingPort/MassSpecData-02115-20261006-173750.csv,2026-10-06 17:29:29.326,8.3671
2026-10-06 17:37:51.560,8.4953e-11,Torr,15.large_stm_connectingPort,spray,15.large_stm_connectingPort/MassSpecData-02115-20261006-173750.csv,2026-10-06 17:29:29.326,8.370566666666667
2026-10-06 17:37:51.768,7.1769e-11,Torr,15.large_stm_connectingPort,spray,15.large_stm_connectingPort/MassSpecData-02115-20261006-173750.csv,2026-10-06 17:29:29.326,8.374033333333333
2026-10-06 17:37:51.977,8.1149e-11,Torr,15.large_stm_connectingPort,spray,15.large_stm_connectingPort/MassSpecData-02115-20261006-173750.csv,2026-10-06 17:29:29.326,8.377516666666667
2026-10-06 17:37:52.185,8.1864e-11,Torr,15.large_stm_connectingPort,spray,15.large_stm_connectingPort/MassSpecData-02115-20261006-173750.csv,2026-10-06 17:29:29.326,8.380983333333333
2026-10-06 17:37:52.393,6.5997e-11,Torr,15.large_stm_connectingPort,spray,15.large_stm_connectingPort/MassSpecData-02115-20261006-173750.csv,2026-10-06 17:29:29.326,8.38445
2026-10-06 17:37:52.601,7.4697e-11,Torr,15.large_stm_connectingPort,spray,15.large_stm_connectingPort/MassSpecData-02115-20261006-173750.csv,2026-10-06 17:29:29.326,8.387916666666666
2026-10-06 17:37:52.810,7.5026e-11,Torr,15.large_stm_connectingPort,spray,15.large_stm_connectingPort/MassSpecData-02115-20261006-173750.csv,2026-10-06 17:29:29.326,8.391399999999999
2026-10-06 17:37:53.018,8.6341e-11,Torr,15.large_stm_connectingPort,spray,15.large_stm_connectingPort/MassSpecData-02115-20261006-173750.csv,2026-10-06 17:29:29.326,8.394866666666667
2026-10-06 17:37:53.227,6.745e-11,Torr,15.large_stm_connectingPort,spray,15.large_stm_connectingPort/MassSpecData-02115-20261006-173750.csv,2026-10-06 17:29:29.326,8.39835
2026-10-06 17:37:53.435,1.0051e-10,Torr,15.large_stm_connectingPort,spray,15.large_stm_connectingPort/MassSpecData-02115-20261006-173750.csv,2026-10-06 17:29:29.326,8.401816666666667
2026-10-06 17:37:53.643,7.4321e-11,Torr,15.large_stm_connectingPort,spray,15.large_stm_connectingPort/MassSpecData-02115-20261006-173750.csv,2026-10-06 17:29:29.326,8.405283333333333
2026-10-06 17:37:53.852,6.7872e-11,Torr,15.large_stm_connectingPort,spray,15.large_stm_connectingPort/MassSpecData-02115-20261006-173750.csv,2026-10-06 17:29:29.326,8.408766666666667
2026-10-06 17:37:54.060,6.954e-11,Torr,15.large_stm_connectingPort,spray,15.large_stm_connectingPort/MassSpecData-02115-20261006-173750.csv,2026-10-06 17:29:29.326,8.412233333333333
2026-10-06 17:37:54.268,8.0328e-11,Torr,15.large_stm_connectingPort,spray,15.large_stm_connectingPort/MassSpecData-02115-20261006-173750.csv,2026-10-06 17:29:29.326,8.4157
2026-10-06 17:37:54.477,9.0241e-11,Torr,15.large_stm_connectingPort,spray,15.large_stm_connectingPort/MassSpecData-02115-20261006-173750.csv,2026-10-06 17:29:29.326,8.419183333333333
2026-10-06 17:37:54.685,8.014e-11,Torr,15.large_stm_connectingPort,spray,15.large_stm_connectingPort/MassSpecData-02115-20261006-173750.csv,2026-10-06 17:29:29.326,8.422649999999999
2026-10-06 17:37:54.893,6.739e-11,Torr,15.large_stm_connectingPort,spray,15.large_stm_connectingPort/MassSpecData-02115-20261006-173750.csv,2026-10-06 17:29:29.326,8.426116666666667
2026-10-06 17:37:55.102,8.4224e-11,Torr,15.large_stm_connectingPort,spray,15.large_stm_connectingPort/MassSpecData-02115-20261006-173750.csv,2026-10-06 17:29:29.326,8.4296
2026-10-06 17:37:55.310,8.3329e-11,Torr,15.large_stm_connectingPort,spray,15.large_stm_connectingPort/MassSpecData-02115-20261006-173750.csv,2026-10-06 17:29:29.326,8.433066666666667
2026-10-06 17:37:55.518,7.3242e-11,Torr,15.large_stm_connectingPort,spray,15.large_stm_connectingPort/MassSpecData-02115-20261006-173750.csv,2026-10-06 17:29:29.326,8.436533333333333
2026-10-06 17:37:55.727,8.5699e-11,Torr,15.large_stm_connectingPort,spray,15.large_stm_connectingPort/MassSpecData-02115-20261006-173750.csv,2026-10-06 17:29:29.326,8.440016666666667
2026-10-06 17:37:55.935,8.3332e-11,Torr,15.large_stm_connectingPort,spray,15.large_stm_connectingPort/MassSpecData-02115-20261006-173750.csv,2026-10-06 17:29:29.326,8.443483333333333
2026-10-06 17:37:56.143,7.5198e-11,Torr,15.large_stm_connectingPort,spray,15.large_stm_connectingPort/MassSpecData-02115-20261006-173750.csv,2026-10-06 17:29:29.326,8.44695
2026-10-06 17:37:56.351,7.4738e-11,Torr,15.large_stm_connectingPort,spray,15.large_stm_connectingPort/MassSpecData-02115-20261006-173750.csv,2026-10-06 17:29:29.326,8.450416666666666
2026-10-06 17:37:56.560,7.7515e-11,Torr,15.large_stm_connectingPort,spray,15.large_stm_connectingPort/MassSpecData-02115-20261006-173750.csv,2026-10-06 17:29:29.326,8.453899999999999
2026-10-06 17:37:56.768,1.0199e-10,Torr,15.large_stm_connectingPort,spray,15.large_stm_connectingPort/MassSpecData-02115-20261006-173750.csv,2026-10-06 17:29:29.326,8.457366666666667
2026-10-06 17:37:56.976,7.5592e-11,Torr,15.large_stm_connectingPort,spray,15.large_stm_connectingPort/MassSpecData-02115-20261006-173750.csv,2026-10-06 17:29:29.326,8.460833333333333
2026-10-06 17:37:57.185,7.902e-11,Torr,15.large_stm_connectingPort,spray,15.large_stm_connectingPort/MassSpecData-02115-20261006-173750.csv,2026-10-06 17:29:29.326,8.464316666666667
2026-10-06 17:37:57.393,8.1076e-11,Torr,15.large_stm_connectingPort,spray,15.large_stm_connectingPort/MassSpecData-02115-20261006-173750.csv,2026-10-06 17:29:29.326,8.467783333333333
2026-10-06 17:37:57.601,8.6705e-11,Torr,15.large_stm_connectingPort,spray,15.large_stm_connectingPort/MassSpecData-02115-20261006-173750.csv,2026-10-06 17:29:29.326,8.47125
2026-10-06 17:37:57.810,7.561e-11,Torr,15.large_stm_connectingPort,spray,15.large_stm_connectingPort/MassSpecData-02115-20261006-173750.csv,2026-10-06 17:29:29.326,8.474733333333333
2026-10-06 17:37:58.018,8.123e-11,Torr,15.large_stm_connectingPort,spray,15.large_stm_connectingPort/MassSpecData-02115-20261006-173750.csv,2026-10-06 17:29:29.326,8.4782
2026-10-06 17:37:58.226,7.368e-11,Torr,15.large_stm_connectingPort,spray,15.large_stm_connectingPort/MassSpecData-02115-20261006-173750.csv,2026-10-06 17:29:29.326,8.481666666666666
2026-10-06 17:37:58.435,7.8847e-11,Torr,15.large_stm_connectingPort,spray,15.large_stm_connectingPort/MassSpecData-02115-20261006-173750.csv,2026-10-06 17:29:29.326,8.485149999999999
2026-10-06 17:37:58.643,8.5579e-11,Torr,15.large_stm_connectingPort,spray,15.large_stm_connectingPort/MassSpecData-02115-20261006-173750.csv,2026-10-06 17:29:29.326,8.488616666666667
2026-10-06 17:37:58.851,8.272e-11,Torr,15.large_stm_connectingPort,spray,15.large_stm_connectingPort/MassSpecData-02115-20261006-173750.csv,2026-10-06 17:29:29.326,8.492083333333333
2026-10-06 17:37:59.060,7.2425e-11,Torr,15.large_stm_connectingPort,spray,15.large_stm_connectingPort/MassSpecData-02115-20261006-173750.csv,2026-10-06 17:29:29.326,8.495566666666667
2026-10-06 17:37:59.268,7.5424e-11,Torr,15.large_stm_connectingPort,spray,15.large_stm_connectingPort/MassSpecData-02115-20261006-173750.csv,2026-10-06 17:29:29.326,8.499033333333333
2026-10-06 17:37:59.476,7.4231e-11,Torr,15.large_stm_connectingPort,spray,15.large_stm_connectingPort/MassSpecData-02115-20261006-173750.csv,2026-10-06 17:29:29.326,8.5025
2026-10-06 17:37:59.685,8.2139e-11,Torr,15.large_stm_connectingPort,spray,15.large_stm_connectingPort/MassSpecData-02115-20261006-173750.csv,2026-10-06 17:29:29.326,8.505983333333333
2026-10-06 17:37:59.893,8.2507e-11,Torr,15.large_stm_connectingPort,spray,15.large_stm_connectingPort/MassSpecData-02115-20261006-173750.csv,2026-10-06 17:29:29.326,8.50945
2026-10-06 17:38:00.102,7.0357e-11,Torr,15.large_stm_connectingPort,spray,15.large_stm_connectingPort/MassSpecData-02115-20261006-173750.csv,2026-10-06 17:29:29.326,8.512933333333333
2026-10-06 17:38:00.310,7.5482e-11,Torr,15.large_stm_connectingPort,spray,15.large_stm_connectingPort/MassSpecData-02115-20261006-173750.csv,2026-10-06 17:29:29.326,8.516399999999999
2026-10-06 17:38:00.518,8.2185e-11,Torr,15.large_stm_connectingPort,spray,15.large_stm_connectingPort/MassSpecData-02115-20261006-173750.csv,2026-10-06 17:29:29.326,8.519866666666667
2026-10-06 17:38:00.727,8.4728e-11,Torr,15.large_stm_connectingPort,spray,15.large_stm_connectingPort/MassSpecData-02115-20261006-173750.csv,2026-10-06 17:29:29.326,8.52335
2026-10-06 17:38:00.935,9.1873e-11,Torr,15.large_stm_connectingPort,spray,15.large_stm_connectingPort/MassSpecData-02115-20261006-173750.csv,2026-10-06 17:29:29.326,8.526816666666667
2026-10-06 17:38:01.143,7.3387e-11,Torr,15.large_stm_connectingPort,spray,15.large_stm_connectingPort/MassSpecData-02115-20261006-173750.csv,2026-10-06 17:29:29.326,8.530283333333333
2026-10-06 17:38:01.352,8.4445e-11,Torr,15.large_stm_connectingPort,spray,15.large_stm_connectingPort/MassSpecData-02115-20261006-173750.csv,2026-10-06 17:29:29.326,8.533766666666667
2026-10-06 17:38:01.560,8.6981e-11,Torr,15.large_stm_connectingPort,spray,15.large_stm_connectingPort/MassSpecData-02115-20261006-173750.csv,2026-10-06 17:29:29.326,8.537233333333335
2026-10-06 17:38:01.768,6.9422e-11,Torr,15.large_stm_connectingPort,spray,15.large_stm_connectingPort/MassSpecData-02115-20261006-173750.csv,2026-10-06 17:29:29.326,8.5407
2026-10-06 17:38:01.977,6.9246e-11,Torr,15.large_stm_connectingPort,spray,15.large_stm_connectingPort/MassSpecData-02115-20261006-173750.csv,2026-10-06 17:29:29.326,8.544183333333333
2026-10-06 17:38:02.185,8.133e-11,Torr,15.large_stm_connectingPort,spray,15.large_stm_connectingPort/MassSpecData-02115-20261006-173750.csv,2026-10-06 17:29:29.326,8.54765
2026-10-06 17:38:02.393,7.6074e-11,Torr,15.large_stm_connectingPort,spray,15.large_stm_connectingPort/MassSpecData-02115-20261006-173750.csv,2026-10-06 17:29:29.326,8.551116666666667
2026-10-06 17:38:02.602,7.2717e-11,Torr,15.large_stm_connectingPort,spray,15.large_stm_connectingPort/MassSpecData-02115-20261006-173750.csv,2026-10-06 17:29:29.326,8.554599999999999
2026-10-06 17:38:02.810,8.6145e-11,Torr,15.large_stm_connectingPort,spray,15.large_stm_connectingPort/MassSpecData-02115-20261006-173750.csv,2026-10-06 17:29:29.326,8.558066666666667
2026-10-06 17:38:03.018,8.1295e-11,Torr,15.large_stm_connectingPort,spray,15.large_stm_connectingPort/MassSpecData-02115-20261006-173750.csv,2026-10-06 17:29:29.326,8.561533333333333
2026-10-06 17:38:03.227,7.2854e-11,Torr,15.large_stm_connectingPort,spray,15.large_stm_connectingPort/MassSpecData-02115-20261006-173750.csv,2026-10-06 17:29:29.326,8.565016666666667
2026-10-06 17:38:03.435,8.0883e-11,Torr,15.large_stm_connectingPort,spray,15.large_stm_connectingPort/MassSpecData-02115-20261006-173750.csv,2026-10-06 17:29:29.326,8.568483333333335
2026-10-06 17:38:03.643,8.7619e-11,Torr,15.large_stm_connectingPort,spray,15.large_stm_connectingPort/MassSpecData-02115-20261006-173750.csv,2026-10-06 17:29:29.326,8.57195
2026-10-06 17:38:03.852,8.174e-11,Torr,15.large_stm_connectingPort,spray,15.large_stm_connectingPort/MassSpecData-02115-20261006-173750.csv,2026-10-06 17:29:29.326,8.575433333333333
2026-10-06 17:38:04.060,8.1679e-11,Torr,15.large_stm_connectingPort,spray,15.large_stm_connectingPort/MassSpecData-02115-20261006-173750.csv,2026-10-06 17:29:29.326,8.5789
2026-10-06 17:38:04.268,8.3058e-11,Torr,15.large_stm_connectingPort,spray,15.large_stm_connectingPort/MassSpecData-02115-20261006-173750.csv,2026-10-06 17:29:29.326,8.582366666666667
2026-10-06 17:38:04.477,8.43e-11,Torr,15.large_stm_connectingPort,spray,15.large_stm_connectingPort/MassSpecData-02115-20261006-173750.csv,2026-10-06 17:29:29.326,8.585849999999999
2026-10-06 17:38:04.685,6.828e-11,Torr,15.large_stm_connectingPort,spray,15.large_stm_connectingPort/MassSpecData-02115-20261006-173750.csv,2026-10-06 17:29:29.326,8.589316666666667
2026-10-06 17:38:04.893,7.6381e-11,Torr,15.large_stm_connectingPort,spray,15.large_stm_connectingPort/MassSpecData-02115-20261006-173750.csv,2026-10-06 17:29:29.326,8.592783333333333
2026-10-06 17:38:05.102,8.3498e-11,Torr,15.large_stm_connectingPort,spray,15.large_stm_connectingPort/MassSpecData-02115-20261006-173750.csv,2026-10-06 17:29:29.326,8.596266666666667
2026-10-06 17:38:05.310,7.626e-11,Torr,15.large_stm_connectingPort,spray,15.large_stm_connectingPort/MassSpecData-02115-20261006-173750.csv,2026-10-06 17:29:29.326,8.599733333333335
2026-10-06 17:38:05.518,9.4018e-11,Torr,15.large_stm_connectingPort,spray,15.large_stm_connectingPort/MassSpecData-02115-20261006-173750.csv,2026-10-06 17:29:29.326,8.6032
2026-10-06 17:38:05.727,6.7156e-11,Torr,15.large_stm_connectingPort,spray,15.large_stm_connectingPort/MassSpecData-02115-20261006-173750.csv,2026-10-06 17:29:29.326,8.606683333333333
2026-10-06 17:38:05.935,6.7073e-11,Torr,15.large_stm_connectingPort,spray,15.large_stm_connectingPort/MassSpecData-02115-20261006-173750.csv,2026-10-06 17:29:29.326,8.61015
2026-10-06 17:38:06.143,8.9618e-11,Torr,15.large_stm_connectingPort,spray,15.large_stm_connectingPort/MassSpecData-02115-20261006-173750.csv,2026-10-06 17:29:29.326,8.613616666666667
2026-10-06 17:38:06.352,7.531e-11,Torr,15.large_stm_connectingPort,spray,15.large_stm_connectingPort/MassSpecData-02115-20261006-173750.csv,2026-10-06 17:29:29.326,8.617099999999999
2026-10-06 17:38:06.560,7.1729e-11,Torr,15.large_stm_connectingPort,spray,15.large_stm_connectingPort/MassSpecData-02115-20261006-173750.csv,2026-10-06 17:29:29.326,8.620566666666667
2026-10-06 17:38:06.768,8.3199e-11,Torr,15.large_stm_connectingPort,spray,15.large_stm_connectingPort/MassSpecData-02115-20261006-173750.csv,2026-10-06 17:29:29.326,8.624033333333333
2026-10-06 17:38:06.977,8.7363e-11,Torr,15.large_stm_connectingPort,spray,15.large_stm_connectingPort/MassSpecData-02115-20261006-173750.csv,2026-10-06 17:29:29.326,8.627516666666667
2026-10-06 17:38:07.185,7.9742e-11,Torr,15.large_stm_connectingPort,spray,15.large_stm_connectingPort/MassSpecData-02115-20261006-173750.csv,2026-10-06 17:29:29.326,8.630983333333335
2026-10-06 17:38:07.393,9.4287e-11,Torr,15.large_stm_connectingPort,spray,15.large_stm_connectingPort/MassSpecData-02115-20261006-173750.csv,2026-10-06 17:29:29.326,8.63445
2026-10-06 17:38:07.602,8.3133e-11,Torr,15.large_stm_connectingPort,spray,15.large_stm_connectingPort/MassSpecData-02115-20261006-173750.csv,2026-10-06 17:29:29.326,8.637933333333333
2026-10-06 17:38:07.810,8.043e-11,Torr,15.large_stm_connectingPort,spray,15.large_stm_connectingPort/MassSpecData-02115-20261006-173750.csv,2026-10-06 17:29:29.326,8.6414
2026-10-06 17:38:08.018,7.3194e-11,Torr,15.large_stm_connectingPort,spray,15.large_stm_connectingPort/MassSpecData-02115-20261006-173750.csv,2026-10-06 17:29:29.326,8.644866666666667
2026-10-06 17:38:08.227,6.7908e-11,Torr,15.large_stm_connectingPort,spray,15.large_stm_connectingPort/MassSpecData-02115-20261006-173750.csv,2026-10-06 17:29:29.326,8.648349999999999
2026-10-06 17:38:08.435,7.5436e-11,Torr,15.large_stm_connectingPort,spray,15.large_stm_connectingPort/MassSpecData-02115-20261006-173750.csv,2026-10-06 17:29:29.326,8.651816666666667
2026-10-06 17:38:08.643,8.2128e-11,Torr,15.large_stm_connectingPort,spray,15.large_stm_connectingPort/MassSpecData-02115-20261006-173750.csv,2026-10-06 17:29:29.326,8.655283333333333
2026-10-06 17:38:08.852,7.8576e-11,Torr,15.large_stm_connectingPort,spray,15.large_stm_connectingPort/MassSpecData-02115-20261006-173750.csv,2026-10-06 17:29:29.326,8.658766666666667
2026-10-06 17:38:09.060,7.9028e-11,Torr,15.large_stm_connectingPort,spray,15.large_stm_connectingPort/MassSpecData-02115-20261006-173750.csv,2026-10-06 17:29:29.326,8.662233333333335
2026-10-06 17:38:09.268,8.5134e-11,Torr,15.large_stm_connectingPort,spray,15.large_stm_connectingPort/MassSpecData-02115-20261006-173750.csv,2026-10-06 17:29:29.326,8.6657
2026-10-06 17:38:09.477,8.3833e-11,Torr,15.large_stm_connectingPort,spray,15.large_stm_connectingPort/MassSpecData-02115-20261006-173750.csv,2026-10-06 17:29:29.326,8.669183333333333
2026-10-06 17:38:09.685,8.2466e-11,Torr,15.large_stm_connectingPort,spray,15.large_stm_connectingPort/MassSpecData-02115-20261006-173750.csv,2026-10-06 17:29:29.326,8.67265
2026-10-06 17:38:09.893,9.3822e-11,Torr,15.large_stm_connectingPort,spray,15.large_stm_connectingPort/MassSpecData-02115-20261006-173750.csv,2026-10-06 17:29:29.326,8.676116666666667
2026-10-06 17:38:10.102,7.7804e-11,Torr,15.large_stm_connectingPort,spray,15.large_stm_connectingPort/MassSpecData-02115-20261006-173750.csv,2026-10-06 17:29:29.326,8.679599999999999
2026-10-06 17:38:10.310,8.4281e-11,Torr,15.large_stm_connectingPort,spray,15.large_stm_connectingPort/MassSpecData-02115-20261006-173750.csv,2026-10-06 17:29:29.326,8.683066666666667
2026-10-06 17:38:10.518,7.4724e-11,Torr,15.large_stm_connectingPort,spray,15.large_stm_connectingPort/MassSpecData-02115-20261006-173750.csv,2026-10-06 17:29:29.326,8.686533333333333
2026-10-06 17:38:10.726,7.4964e-11,Torr,15.large_stm_connectingPort,spray,15.large_stm_connectingPort/MassSpecData-02115-20261006-173750.csv,2026-10-06 17:29:29.326,8.69
2026-10-06 17:38:10.935,7.6248e-11,Torr,15.large_stm_connectingPort,spray,15.large_stm_connectingPort/MassSpecData-02115-20261006-173750.csv,2026-10-06 17:29:29.326,8.693483333333335
2026-10-06 17:38:11.143,7.4928e-11,Torr,15.large_stm_connectingPort,spray,15.large_stm_connectingPort/MassSpecData-02115-20261006-173750.csv,2026-10-06 17:29:29.326,8.69695
2026-10-06 17:38:11.351,7.9148e-11,Torr,15.large_stm_connectingPort,spray,15.large_stm_connectingPort/MassSpecData-02115-20261006-173750.csv,2026-10-06 17:29:29.326,8.700416666666666
2026-10-06 17:38:11.560,8.8327e-11,Torr,15.large_stm_connectingPort,spray,15.large_stm_connectingPort/MassSpecData-02115-20261006-173750.csv,2026-10-06 17:29:29.326,8.7039
2026-10-06 17:38:11.768,8.4217e-11,Torr,15.large_stm_connectingPort,spray,15.large_stm_connectingPort/MassSpecData-02115-20261006-173750.csv,2026-10-06 17:29:29.326,8.707366666666667
2026-10-06 17:38:11.976,8.1056e-11,Torr,15.large_stm_connectingPort,spray,15.large_stm_connectingPort/MassSpecData-02115-20261006-173750.csv,2026-10-06 17:29:29.326,8.710833333333333
2026-10-06 17:38:12.185,7.5208e-11,Torr,15.large_stm_connectingPort,spray,15.large_stm_connectingPort/MassSpecData-02115-20261006-173750.csv,2026-10-06 17:29:29.326,8.714316666666667
2026-10-06 17:38:12.393,9.8206e-11,Torr,15.large_stm_connectingPort,spray,15.large_stm_connectingPort/MassSpecData-02115-20261006-173750.csv,2026-10-06 17:29:29.326,8.717783333333333
2026-10-06 17:38:12.601,9.4716e-11,Torr,15.large_stm_connectingPort,spray,15.large_stm_connectingPort/MassSpecData-02115-20261006-173750.csv,2026-10-06 17:29:29.326,8.72125
2026-10-06 17:38:12.810,8.1872e-11,Torr,15.large_stm_connectingPort,spray,15.large_stm_connectingPort/MassSpecData-02115-20261006-173750.csv,2026-10-06 17:29:29.326,8.724733333333335
2026-10-06 17:38:13.018,8.9855e-11,Torr,15.large_stm_connectingPort,spray,15.large_stm_connectingPort/MassSpecData-02115-20261006-173750.csv,2026-10-06 17:29:29.326,8.7282
2026-10-06 17:38:13.226,1.0805e-10,Torr,15.large_stm_connectingPort,spray,15.large_stm_connectingPort/MassSpecData-02115-20261006-173750.csv,2026-10-06 17:29:29.326,8.731666666666666
2026-10-06 17:38:13.435,7.5294e-11,Torr,15.large_stm_connectingPort,spray,15.large_stm_connectingPort/MassSpecData-02115-20261006-173750.csv,2026-10-06 17:29:29.326,8.73515
2026-10-06 17:38:13.643,9.1942e-11,Torr,15.large_stm_connectingPort,spray,15.large_stm_connectingPort/MassSpecData-02115-20261006-173750.csv,2026-10-06 17:29:29.326,8.738616666666667
2026-10-06 17:38:13.851,8.9121e-11,Torr,15.large_stm_connectingPort,spray,15.large_stm_connectingPort/MassSpecData-02115-20261006-173750.csv,2026-10-06 17:29:29.326,8.742083333333333
2026-10-06 17:38:14.060,7.0706e-11,Torr,15.large_stm_connectingPort,spray,15.large_stm_connectingPort/MassSpecData-02115-20261006-173750.csv,2026-10-06 17:29:29.326,8.745566666666667
2026-10-06 17:38:14.268,8.3303e-11,Torr,15.large_stm_connectingPort,spray,15.large_stm_connectingPort/MassSpecData-02115-20261006-173750.csv,2026-10-06 17:29:29.326,8.749033333333333
2026-10-06 17:38:14.476,7.2578e-11,Torr,15.large_stm_connectingPort,spray,15.large_stm_connectingPort/MassSpecData-02115-20261006-173750.csv,2026-10-06 17:29:29.326,8.7525
2026-10-06 17:38:14.685,8.0478e-11,Torr,15.large_stm_connectingPort,spray,15.large_stm_connectingPort/MassSpecData-02115-20261006-173750.csv,2026-10-06 17:29:29.326,8.755983333333335
2026-10-06 17:38:14.893,9.3594e-11,Torr,15.large_stm_connectingPort,spray,15.large_stm_connectingPort/MassSpecData-02115-20261006-173750.csv,2026-10-06 17:29:29.326,8.75945
2026-10-06 17:38:15.101,6.3197e-11,Torr,15.large_stm_connectingPort,spray,15.large_stm_connectingPort/MassSpecData-02115-20261006-173750.csv,2026-10-06 17:29:29.326,8.762916666666666
2026-10-06 17:38:15.310,7.2881e-11,Torr,15.large_stm_connectingPort,spray,15.large_stm_connectingPort/MassSpecData-02115-20261006-173750.csv,2026-10-06 17:29:29.326,8.7664
2026-10-06 17:38:15.518,8.4738e-11,Torr,15.large_stm_connectingPort,spray,15.large_stm_connectingPort/MassSpecData-02115-20261006-173750.csv,2026-10-06 17:29:29.326,8.769866666666667
2026-10-06 17:38:15.726,8.7513e-11,Torr,15.large_stm_connectingPort,spray,15.large_stm_connectingPort/MassSpecData-02115-20261006-173750.csv,2026-10-06 17:29:29.326,8.773333333333333
2026-10-06 17:38:15.935,8.6225e-11,Torr,15.large_stm_connectingPort,spray,15.large_stm_connectingPort/MassSpecData-02115-20261006-173750.csv,2026-10-06 17:29:29.326,8.776816666666667
2026-10-06 17:38:16.143,8.9278e-11,Torr,15.large_stm_connectingPort,spray,15.large_stm_connectingPort/MassSpecData-02115-20261006-173750.csv,2026-10-06 17:29:29.326,8.780283333333333
2026-10-06 17:38:16.351,8.6466e-11,Torr,15.large_stm_connectingPort,spray,15.large_stm_connectingPort/MassSpecData-02115-20261006-173750.csv,2026-10-06 17:29:29.326,8.78375
2026-10-06 17:38:16.560,7.9541e-11,Torr,15.large_stm_connectingPort,spray,15.large_stm_connectingPort/MassSpecData-02115-20261006-173750.csv,2026-10-06 17:29:29.326,8.787233333333335
2026-10-06 17:38:16.768,8.0139e-11,Torr,15.large_stm_connectingPort,spray,15.large_stm_connectingPort/MassSpecData-02115-20261006-173750.csv,2026-10-06 17:29:29.326,8.7907
2026-10-06 17:38:16.976,8.0924e-11,Torr,15.large_stm_connectingPort,spray,15.large_stm_connectingPort/MassSpecData-02115-20261006-173750.csv,2026-10-06 17:29:29.326,8.794166666666666
2026-10-06 17:38:17.185,7.3765e-11,Torr,15.large_stm_connectingPort,spray,15.large_stm_connectingPort/MassSpecData-02115-20261006-173750.csv,2026-10-06 17:29:29.326,8.79765
2026-10-06 17:38:17.393,8.5703e-11,Torr,15.large_stm_connectingPort,spray,15.large_stm_connectingPort/MassSpecData-02115-20261006-173750.csv,2026-10-06 17:29:29.326,8.801116666666667
2026-10-06 17:38:17.601,7.2765e-11,Torr,15.large_stm_connectingPort,spray,15.large_stm_connectingPort/MassSpecData-02115-20261006-173750.csv,2026-10-06 17:29:29.326,8.804583333333333
2026-10-06 17:38:17.810,7.441e-11,Torr,15.large_stm_connectingPort,spray,15.large_stm_connectingPort/MassSpecData-02115-20261006-173750.csv,2026-10-06 17:29:29.326,8.808066666666667
2026-10-06 17:38:18.018,7.3055e-11,Torr,15.large_stm_connectingPort,spray,15.large_stm_connectingPort/MassSpecData-02115-20261006-173750.csv,2026-10-06 17:29:29.326,8.811533333333333
2026-10-06 17:38:18.226,7.6778e-11,Torr,15.large_stm_connectingPort,spray,15.large_stm_connectingPort/MassSpecData-02115-20261006-173750.csv,2026-10-06 17:29:29.326,8.815
2026-10-06 17:38:18.435,6.0759e-11,Torr,15.large_stm_connectingPort,spray,15.large_stm_connectingPort/MassSpecData-02115-20261006-173750.csv,2026-10-06 17:29:29.326,8.818483333333335
2026-10-06 17:38:18.643,8.3497e-11,Torr,15.large_stm_connectingPort,spray,15.large_stm_connectingPort/MassSpecData-02115-20261006-173750.csv,2026-10-06 17:29:29.326,8.82195
2026-10-06 17:38:18.851,7.8451e-11,Torr,15.large_stm_connectingPort,spray,15.large_stm_connectingPort/MassSpecData-02115-20261006-173750.csv,2026-10-06 17:29:29.326,8.825416666666666
2026-10-06 17:38:19.060,7.039e-11,Torr,15.large_stm_connectingPort,spray,15.large_stm_connectingPort/MassSpecData-02115-20261006-173750.csv,2026-10-06 17:29:29.326,8.8289
2026-10-06 17:38:19.268,7.055e-11,Torr,15.large_stm_connectingPort,spray,15.large_stm_connectingPort/MassSpecData-02115-20261006-173750.csv,2026-10-06 17:29:29.326,8.832366666666667
2026-10-06 17:38:19.476,9.2481e-11,Torr,15.large_stm_connectingPort,spray,15.large_stm_connectingPort/MassSpecData-02115-20261006-173750.csv,2026-10-06 17:29:29.326,8.835833333333333
2026-10-06 17:38:19.685,1.0009e-10,Torr,15.large_stm_connectingPort,spray,15.large_stm_connectingPort/MassSpecData-02115-20261006-173750.csv,2026-10-06 17:29:29.326,8.839316666666667
2026-10-06 17:38:19.893,7.585e-11,Torr,15.large_stm_connectingPort,spray,15.large_stm_connectingPort/MassSpecData-02115-20261006-173750.csv,2026-10-06 17:29:29.326,8.842783333333333
2026-10-06 17:38:20.101,7.5397e-11,Torr,15.large_stm_connectingPort,spray,15.large_stm_connectingPort/MassSpecData-02115-20261006-173750.csv,2026-10-06 17:29:29.326,8.84625
2026-10-06 17:38:20.310,8.9554e-11,Torr,15.large_stm_connectingPort,spray,15.large_stm_connectingPort/MassSpecData-02115-20261006-173750.csv,2026-10-06 17:29:29.326,8.849733333333335
2026-10-06 17:38:20.518,8.1981e-11,Torr,15.large_stm_connectingPort,spray,15.large_stm_connectingPort/MassSpecData-02115-20261006-173750.csv,2026-10-06 17:29:29.326,8.8532
2026-10-06 17:38:20.726,8.0889e-11,Torr,15.large_stm_connectingPort,spray,15.large_stm_connectingPort/MassSpecData-02115-20261006-173750.csv,2026-10-06 17:29:29.326,8.856666666666666
2026-10-06 17:38:20.935,7.4825e-11,Torr,15.large_stm_connectingPort,spray,15.large_stm_connectingPort/MassSpecData-02115-20261006-173750.csv,2026-10-06 17:29:29.326,8.86015
2026-10-06 17:38:21.143,7.9976e-11,Torr,15.large_stm_connectingPort,spray,15.large_stm_connectingPort/MassSpecData-02115-20261006-173750.csv,2026-10-06 17:29:29.326,8.863616666666667
2026-10-06 17:38:21.351,8.1923e-11,Torr,15.large_stm_connectingPort,spray,15.large_stm_connectingPort/MassSpecData-02115-20261006-173750.csv,2026-10-06 17:29:29.326,8.867083333333333
2026-10-06 17:38:21.560,6.8316e-11,Torr,15.large_stm_connectingPort,spray,15.large_stm_connectingPort/MassSpecData-02115-20261006-173750.csv,2026-10-06 17:29:29.326,8.870566666666667
2026-10-06 17:38:21.768,7.6959e-11,Torr,15.large_stm_connectingPort,spray,15.large_stm_connectingPort/MassSpecData-02115-20261006-173750.csv,2026-10-06 17:29:29.326,8.874033333333333
2026-10-06 17:38:21.976,7.4978e-11,Torr,15.large_stm_connectingPort,spray,15.large_stm_connectingPort/MassSpecData-02115-20261006-173750.csv,2026-10-06 17:29:29.326,8.8775
2026-10-06 17:38:22.185,8.2839e-11,Torr,15.large_stm_connectingPort,spray,15.large_stm_connectingPort/MassSpecData-02115-20261006-173750.csv,2026-10-06 17:29:29.326,8.880983333333335
2026-10-06 17:38:22.393,8.021e-11,Torr,15.large_stm_connectingPort,spray,15.large_stm_connectingPort/MassSpecData-02115-20261006-173750.csv,2026-10-06 17:29:29.326,8.88445
2026-10-06 17:38:22.601,8.4724e-11,Torr,15.large_stm_connectingPort,spray,15.large_stm_connectingPort/MassSpecData-02115-20261006-173750.csv,2026-10-06 17:29:29.326,8.887916666666666
2026-10-06 17:38:22.810,7.8333e-11,Torr,15.large_stm_connectingPort,spray,15.large_stm_connectingPort/MassSpecData-02115-20261006-173750.csv,2026-10-06 17:29:29.326,8.8914
2026-10-06 17:38:23.018,1.0401e-10,Torr,15.large_stm_connectingPort,spray,15.large_stm_connectingPort/MassSpecData-02115-20261006-173750.csv,2026-10-06 17:29:29.326,8.894866666666667
2026-10-06 17:38:23.226,7.8231e-11,Torr,15.large_stm_connectingPort,spray,15.large_stm_connectingPort/MassSpecData-02115-20261006-173750.csv,2026-10-06 17:29:29.326,8.898333333333333
2026-10-06 17:38:23.435,9.3967e-11,Torr,15.large_stm_connectingPort,spray,15.large_stm_connectingPort/MassSpecData-02115-20261006-173750.csv,2026-10-06 17:29:29.326,8.901816666666667
2026-10-06 17:38:23.643,7.8232e-11,Torr,15.large_stm_connectingPort,spray,15.large_stm_connectingPort/MassSpecData-02115-20261006-173750.csv,2026-10-06 17:29:29.326,8.905283333333333
2026-10-06 17:38:23.851,7.0256e-11,Torr,15.large_stm_connectingPort,spray,15.large_stm_connectingPort/MassSpecData-02115-20261006-173750.csv,2026-10-06 17:29:29.326,8.90875
2026-10-06 17:38:24.060,7.2855e-11,Torr,15.large_stm_connectingPort,spray,15.large_stm_connectingPort/MassSpecData-02115-20261006-173750.csv,2026-10-06 17:29:29.326,8.912233333333335
2026-10-06 17:38:24.268,8.2076e-11,Torr,15.large_stm_connectingPort,spray,15.large_stm_connectingPort/MassSpecData-02115-20261006-173750.csv,2026-10-06 17:29:29.326,8.9157
2026-10-06 17:38:24.476,7.9949e-11,Torr,15.large_stm_connectingPort,spray,15.large_stm_connectingPort/MassSpecData-02115-20261006-173750.csv,2026-10-06 17:29:29.326,8.919166666666666
2026-10-06 17:38:24.685,8.5092e-11,Torr,15.large_stm_connectingPort,spray,15.large_stm_connectingPort/MassSpecData-02115-20261006-173750.csv,2026-10-06 17:29:29.326,8.92265
2026-10-06 17:38:24.893,8.5248e-11,Torr,15.large_stm_connectingPort,spray,15.large_stm_connectingPort/MassSpecData-02115-20261006-173750.csv,2026-10-06 17:29:29.326,8.926116666666667
2026-10-06 17:38:25.101,8.0618e-11,Torr,15.large_stm_connectingPort,spray,15.large_stm_connectingPort/MassSpecData-02115-20261006-173750.csv,2026-10-06 17:29:29.326,8.929583333333333
2026-10-06 17:38:25.310,7.6721e-11,Torr,15.large_stm_connectingPort,spray,15.large_stm_connectingPort/MassSpecData-02115-20261006-173750.csv,2026-10-06 17:29:29.326,8.933066666666667
2026-10-06 17:38:25.518,7.5371e-11,Torr,15.large_stm_connectingPort,spray,15.large_stm_connectingPort/MassSpecData-02115-20261006-173750.csv,2026-10-06 17:29:29.326,8.936533333333333
2026-10-06 17:38:25.726,8.3539e-11,Torr,15.large_stm_connectingPort,spray,15.large_stm_connectingPort/MassSpecData-02115-20261006-173750.csv,2026-10-06 17:29:29.326,8.94
2026-10-06 17:38:25.935,8.0945e-11,Torr,15.large_stm_connectingPort,spray,15.large_stm_connectingPort/MassSpecData-02115-20261006-173750.csv,2026-10-06 17:29:29.326,8.943483333333335
2026-10-06 17:38:26.143,7.6968e-11,Torr,15.large_stm_connectingPort,spray,15.large_stm_connectingPort/MassSpecData-02115-20261006-173750.csv,2026-10-06 17:29:29.326,8.94695
2026-10-06 17:38:26.351,8.6728e-11,Torr,15.large_stm_connectingPort,spray,15.large_stm_connectingPort/MassSpecData-02115-20261006-173750.csv,2026-10-06 17:29:29.326,8.950416666666666
2026-10-06 17:38:26.560,7.878e-11,Torr,15.large_stm_connectingPort,spray,15.large_stm_connectingPort/MassSpecData-02115-20261006-173750.csv,2026-10-06 17:29:29.326,8.9539
2026-10-06 17:38:26.768,7.5019e-11,Torr,15.large_stm_connectingPort,spray,15.large_stm_connectingPort/MassSpecData-02115-20261006-173750.csv,2026-10-06 17:29:29.326,8.957366666666667
2026-10-06 17:38:26.976,9.6661e-11,Torr,15.large_stm_connectingPort,spray,15.large_stm_connectingPort/MassSpecData-02115-20261006-173750.csv,2026-10-06 17:29:29.326,8.960833333333333
2026-10-06 17:38:27.185,6.7594e-11,Torr,15.large_stm_connectingPort,spray,15.large_stm_connectingPort/MassSpecData-02115-20261006-173750.csv,2026-10-06 17:29:29.326,8.964316666666667
2026-10-06 17:38:27.393,6.2464e-11,Torr,15.large_stm_connectingPort,spray,15.large_stm_connectingPort/MassSpecData-02115-20261006-173750.csv,2026-10-06 17:29:29.326,8.967783333333333
2026-10-06 17:38:27.601,7.9453e-11,Torr,15.large_stm_connectingPort,spray,15.large_stm_connectingPort/MassSpecData-02115-20261006-173750.csv,2026-10-06 17:29:29.326,8.97125
2026-10-06 17:38:27.810,8.9679e-11,Torr,15.large_stm_connectingPort,spray,15.large_stm_connectingPort/MassSpecData-02115-20261006-173750.csv,2026-10-06 17:29:29.326,8.974733333333335
2026-10-06 17:38:28.018,8.4732e-11,Torr,15.large_stm_connectingPort,spray,15.large_stm_connectingPort/MassSpecData-02115-20261006-173750.csv,2026-10-06 17:29:29.326,8.9782
2026-10-06 17:38:28.226,7.4827e-11,Torr,15.large_stm_connectingPort,spray,15.large_stm_connectingPort/MassSpecData-02115-20261006-173750.csv,2026-10-06 17:29:29.326,8.981666666666666
2026-10-06 17:38:28.435,6.9361e-11,Torr,15.large_stm_connectingPort,spray,15.large_stm_connectingPort/MassSpecData-02115-20261006-173750.csv,2026-10-06 17:29:29.326,8.98515
2026-10-06 17:38:28.643,8.7843e-11,Torr,15.large_stm_connectingPort,spray,15.large_stm_connectingPort/MassSpecData-02115-20261006-173750.csv,2026-10-06 17:29:29.326,8.988616666666667
2026-10-06 17:38:28.852,9.3739e-11,Torr,15.large_stm_connectingPort,spray,15.large_stm_connectingPort/MassSpecData-02115-20261006-173750.csv,2026-10-06 17:29:29.326,8.992099999999999
2026-10-06 17:38:29.060,9.8729e-11,Torr,15.large_stm_connectingPort,spray,15.large_stm_connectingPort/MassSpecData-02115-20261006-173750.csv,2026-10-06 17:29:29.326,8.995566666666667
2026-10-06 17:38:29.268,9.1477e-11,Torr,15.large_stm_connectingPort,spray,15.large_stm_connectingPort/MassSpecData-02115-20261006-173750.csv,2026-10-06 17:29:29.326,8.999033333333333
2026-10-06 17:38:29.477,7.2041e-11,Torr,15.large_stm_connectingPort,spray,15.large_stm_connectingPort/MassSpecData-02115-20261006-173750.csv,2026-10-06 17:29:29.326,9.002516666666667
2026-10-06 17:38:29.685,8.199e-11,Torr,15.large_stm_connectingPort,spray,15.large_stm_connectingPort/MassSpecData-02115-20261006-173750.csv,2026-10-06 17:29:29.326,9.005983333333335
2026-10-06 17:38:29.893,7.5971e-11,Torr,15.large_stm_connectingPort,spray,15.large_stm_connectingPort/MassSpecData-02115-20261006-173750.csv,2026-10-06 17:29:29.326,9.00945
2026-10-06 17:38:30.102,6.3968e-11,Torr,15.large_stm_connectingPort,spray,15.large_stm_connectingPort/MassSpecData-02115-20261006-173750.csv,2026-10-06 17:29:29.326,9.012933333333333
2026-10-06 17:38:30.310,8.9315e-11,Torr,15.large_stm_connectingPort,spray,15.large_stm_connectingPort/MassSpecData-02115-20261006-173750.csv,2026-10-06 17:29:29.326,9.0164
2026-10-06 17:38:30.518,8.4484e-11,Torr,15.large_stm_connectingPort,spray,15.large_stm_connectingPort/MassSpecData-02115-20261006-173750.csv,2026-10-06 17:29:29.326,9.019866666666667
2026-10-06 17:38:30.727,8.5561e-11,Torr,15.large_stm_connectingPort,spray,15.large_stm_connectingPort/MassSpecData-02115-20261006-173750.csv,2026-10-06 17:29:29.326,9.023349999999999
2026-10-06 17:38:30.935,8.6911e-11,Torr,15.large_stm_connectingPort,spray,15.large_stm_connectingPort/MassSpecData-02115-20261006-173750.csv,2026-10-06 17:29:29.326,9.026816666666667
2026-10-06 17:38:31.143,7.8287e-11,Torr,15.large_stm_connectingPort,spray,15.large_stm_connectingPort/MassSpecData-02115-20261006-173750.csv,2026-10-06 17:29:29.326,9.030283333333333
2026-10-06 17:38:31.352,8.8069e-11,Torr,15.large_stm_connectingPort,spray,15.large_stm_connectingPort/MassSpecData-02115-20261006-173750.csv,2026-10-06 17:29:29.326,9.033766666666667
2026-10-06 17:38:31.560,8.8062e-11,Torr,15.large_stm_connectingPort,spray,15.large_stm_connectingPort/MassSpecData-02115-20261006-173750.csv,2026-10-06 17:29:29.326,9.037233333333335
2026-10-06 17:38:31.768,8.2638e-11,Torr,15.large_stm_connectingPort,spray,15.large_stm_connectingPort/MassSpecData-02115-20261006-173750.csv,2026-10-06 17:29:29.326,9.0407
2026-10-06 17:38:31.977,9.3848e-11,Torr,15.large_stm_connectingPort,spray,15.large_stm_connectingPort/MassSpecData-02115-20261006-173750.csv,2026-10-06 17:29:29.326,9.044183333333333
2026-10-06 17:38:32.185,9.3299e-11,Torr,15.large_stm_connectingPort,spray,15.large_stm_connectingPort/MassSpecData-02115-20261006-173750.csv,2026-10-06 17:29:29.326,9.04765
2026-10-06 17:38:32.393,7.3783e-11,Torr,15.large_stm_connectingPort,spray,15.large_stm_connectingPort/MassSpecData-02115-20261006-173750.csv,2026-10-06 17:29:29.326,9.051116666666667
2026-10-06 17:38:32.732,7.6226e-11,Torr,15.large_stm_connectingPort,spray,15.large_stm_connectingPort/MassSpecData-02115-20261006-173832.csv,2026-10-06 17:29:29.326,9.056766666666666
2026-10-06 17:38:32.940,8.9125e-11,Torr,15.large_stm_connectingPort,spray,15.large_stm_connectingPort/MassSpecData-02115-20261006-173832.csv,2026-10-06 17:29:29.326,9.060233333333334
2026-10-06 17:38:33.149,8.0732e-11,Torr,15.large_stm_connectingPort,spray,15.large_stm_connectingPort/MassSpecData-02115-20261006-173832.csv,2026-10-06 17:29:29.326,9.063716666666666
2026-10-06 17:38:33.357,8.0886e-11,Torr,15.large_stm_connectingPort,spray,15.large_stm_connectingPort/MassSpecData-02115-20261006-173832.csv,2026-10-06 17:29:29.326,9.067183333333332
2026-10-06 17:38:33.565,8.6447e-11,Torr,15.large_stm_connectingPort,spray,15.large_stm_connectingPort/MassSpecData-02115-20261006-173832.csv,2026-10-06 17:29:29.326,9.07065
2026-10-06 17:38:33.774,8.1076e-11,Torr,15.large_stm_connectingPort,spray,15.large_stm_connectingPort/MassSpecData-02115-20261006-173832.csv,2026-10-06 17:29:29.326,9.074133333333332
2026-10-06 17:38:33.982,7.6694e-11,Torr,15.large_stm_connectingPort,spray,15.large_stm_connectingPort/MassSpecData-02115-20261006-173832.csv,2026-10-06 17:29:29.326,9.077599999999999
2026-10-06 17:38:34.190,9.1402e-11,Torr,15.large_stm_connectingPort,spray,15.large_stm_connectingPort/MassSpecData-02115-20261006-173832.csv,2026-10-06 17:29:29.326,9.081066666666667
2026-10-06 17:38:34.398,7.4815e-11,Torr,15.large_stm_connectingPort,spray,15.large_stm_connectingPort/MassSpecData-02115-20261006-173832.csv,2026-10-06 17:29:29.326,9.084533333333333
2026-10-06 17:38:34.607,8.4499e-11,Torr,15.large_stm_connectingPort,spray,15.large_stm_connectingPort/MassSpecData-02115-20261006-173832.csv,2026-10-06 17:29:29.326,9.088016666666666
2026-10-06 17:38:34.815,7.6098e-11,Torr,15.large_stm_connectingPort,spray,15.large_stm_connectingPort/MassSpecData-02115-20261006-173832.csv,2026-10-06 17:29:29.326,9.091483333333334
2026-10-06 17:38:35.024,8.3815e-11,Torr,15.large_stm_connectingPort,spray,15.large_stm_connectingPort/MassSpecData-02115-20261006-173832.csv,2026-10-06 17:29:29.326,9.094966666666666
2026-10-06 17:38:35.232,8.4374e-11,Torr,15.large_stm_connectingPort,spray,15.large_stm_connectingPort/MassSpecData-02115-20261006-173832.csv,2026-10-06 17:29:29.326,9.098433333333332
2026-10-06 17:38:35.440,6.6305e-11,Torr,15.large_stm_connectingPort,spray,15.large_stm_connectingPort/MassSpecData-02115-20261006-173832.csv,2026-10-06 17:29:29.326,9.1019
2026-10-06 17:38:35.649,8.1335e-11,Torr,15.large_stm_connectingPort,spray,15.large_stm_connectingPort/MassSpecData-02115-20261006-173832.csv,2026-10-06 17:29:29.326,9.105383333333332
2026-10-06 17:38:35.857,9.0745e-11,Torr,15.large_stm_connectingPort,spray,15.large_stm_connectingPort/MassSpecData-02115-20261006-173832.csv,2026-10-06 17:29:29.326,9.108849999999999
2026-10-06 17:38:36.065,7.2068e-11,Torr,15.large_stm_connectingPort,spray,15.large_stm_connectingPort/MassSpecData-02115-20261006-173832.csv,2026-10-06 17:29:29.326,9.112316666666667
2026-10-06 17:38:36.274,8.2176e-11,Torr,15.large_stm_connectingPort,spray,15.large_stm_connectingPort/MassSpecData-02115-20261006-173832.csv,2026-10-06 17:29:29.326,9.1158
2026-10-06 17:38:36.482,7.84e-11,Torr,15.large_stm_connectingPort,spray,15.large_stm_connectingPort/MassSpecData-02115-20261006-173832.csv,2026-10-06 17:29:29.326,9.119266666666666
2026-10-06 17:38:36.690,6.3714e-11,Torr,15.large_stm_connectingPort,spray,15.large_stm_connectingPort/MassSpecData-02115-20261006-173832.csv,2026-10-06 17:29:29.326,9.122733333333334
2026-10-06 17:38:36.899,7.9682e-11,Torr,15.large_stm_connectingPort,spray,15.large_stm_connectingPort/MassSpecData-02115-20261006-173832.csv,2026-10-06 17:29:29.326,9.126216666666666
2026-10-06 17:38:37.107,1.004e-10,Torr,15.large_stm_connectingPort,spray,15.large_stm_connectingPort/MassSpecData-02115-20261006-173832.csv,2026-10-06 17:29:29.326,9.129683333333332
2026-10-06 17:38:37.315,8.4974e-11,Torr,15.large_stm_connectingPort,spray,15.large_stm_connectingPort/MassSpecData-02115-20261006-173832.csv,2026-10-06 17:29:29.326,9.13315
2026-10-06 17:38:37.524,9.5625e-11,Torr,15.large_stm_connectingPort,spray,15.large_stm_connectingPort/MassSpecData-02115-20261006-173832.csv,2026-10-06 17:29:29.326,9.136633333333332
2026-10-06 17:38:37.732,8.1233e-11,Torr,15.large_stm_connectingPort,spray,15.large_stm_connectingPort/MassSpecData-02115-20261006-173832.csv,2026-10-06 17:29:29.326,9.140099999999999
2026-10-06 17:38:37.940,8.5378e-11,Torr,15.large_stm_connectingPort,spray,15.large_stm_connectingPort/MassSpecData-02115-20261006-173832.csv,2026-10-06 17:29:29.326,9.143566666666667
2026-10-06 17:38:38.148,8.016e-11,Torr,15.large_stm_connectingPort,spray,15.large_stm_connectingPort/MassSpecData-02115-20261006-173832.csv,2026-10-06 17:29:29.326,9.147033333333333
2026-10-06 17:38:38.357,9.3968e-11,Torr,15.large_stm_connectingPort,spray,15.large_stm_connectingPort/MassSpecData-02115-20261006-173832.csv,2026-10-06 17:29:29.326,9.150516666666666
2026-10-06 17:38:38.565,8.2085e-11,Torr,15.large_stm_connectingPort,spray,15.large_stm_connectingPort/MassSpecData-02115-20261006-173832.csv,2026-10-06 17:29:29.326,9.153983333333334
2026-10-06 17:38:38.773,7.0461e-11,Torr,15.large_stm_connectingPort,spray,15.large_stm_connectingPort/MassSpecData-02115-20261006-173832.csv,2026-10-06 17:29:29.326,9.15745
2026-10-06 17:38:38.982,6.5609e-11,Torr,15.large_stm_connectingPort,spray,15.large_stm_connectingPort/MassSpecData-02115-20261006-173832.csv,2026-10-06 17:29:29.326,9.160933333333332
2026-10-06 17:38:39.190,7.4318e-11,Torr,15.large_stm_connectingPort,spray,15.large_stm_connectingPort/MassSpecData-02115-20261006-173832.csv,2026-10-06 17:29:29.326,9.1644
2026-10-06 17:38:39.398,7.5564e-11,Torr,15.large_stm_connectingPort,spray,15.large_stm_connectingPort/MassSpecData-02115-20261006-173832.csv,2026-10-06 17:29:29.326,9.167866666666667
2026-10-06 17:38:39.607,8.8925e-11,Torr,15.large_stm_connectingPort,spray,15.large_stm_connectingPort/MassSpecData-02115-20261006-173832.csv,2026-10-06 17:29:29.326,9.171349999999999
2026-10-06 17:38:39.815,9.5066e-11,Torr,15.large_stm_connectingPort,spray,15.large_stm_connectingPort/MassSpecData-02115-20261006-173832.csv,2026-10-06 17:29:29.326,9.174816666666667
2026-10-06 17:38:40.023,9.0588e-11,Torr,15.large_stm_connectingPort,spray,15.large_stm_connectingPort/MassSpecData-02115-20261006-173832.csv,2026-10-06 17:29:29.326,9.178283333333333
2026-10-06 17:38:40.232,7.7474e-11,Torr,15.large_stm_connectingPort,spray,15.large_stm_connectingPort/MassSpecData-02115-20261006-173832.csv,2026-10-06 17:29:29.326,9.181766666666666
2026-10-06 17:38:40.440,6.792e-11,Torr,15.large_stm_connectingPort,spray,15.large_stm_connectingPort/MassSpecData-02115-20261006-173832.csv,2026-10-06 17:29:29.326,9.185233333333334
2026-10-06 17:38:40.648,8.4744e-11,Torr,15.large_stm_connectingPort,spray,15.large_stm_connectingPort/MassSpecData-02115-20261006-173832.csv,2026-10-06 17:29:29.326,9.1887
2026-10-06 17:38:40.857,8.1889e-11,Torr,15.large_stm_connectingPort,spray,15.large_stm_connectingPort/MassSpecData-02115-20261006-173832.csv,2026-10-06 17:29:29.326,9.192183333333332
2026-10-06 17:38:41.065,8.31e-11,Torr,15.large_stm_connectingPort,spray,15.large_stm_connectingPort/MassSpecData-02115-20261006-173832.csv,2026-10-06 17:29:29.326,9.19565
2026-10-06 17:38:41.273,8.4043e-11,Torr,15.large_stm_connectingPort,spray,15.large_stm_connectingPort/MassSpecData-02115-20261006-173832.csv,2026-10-06 17:29:29.326,9.199116666666667
2026-10-06 17:38:41.482,7.4767e-11,Torr,15.large_stm_connectingPort,spray,15.large_stm_connectingPort/MassSpecData-02115-20261006-173832.csv,2026-10-06 17:29:29.326,9.202599999999999
2026-10-06 17:38:41.690,8.468e-11,Torr,15.large_stm_connectingPort,spray,15.large_stm_connectingPort/MassSpecData-02115-20261006-173832.csv,2026-10-06 17:29:29.326,9.206066666666667
2026-10-06 17:38:41.899,6.4347e-11,Torr,15.large_stm_connectingPort,spray,15.large_stm_connectingPort/MassSpecData-02115-20261006-173832.csv,2026-10-06 17:29:29.326,9.20955
2026-10-06 17:38:42.107,6.3601e-11,Torr,15.large_stm_connectingPort,spray,15.large_stm_connectingPort/MassSpecData-02115-20261006-173832.csv,2026-10-06 17:29:29.326,9.213016666666666
2026-10-06 17:38:42.315,7.1178e-11,Torr,15.large_stm_connectingPort,spray,15.large_stm_connectingPort/MassSpecData-02115-20261006-173832.csv,2026-10-06 17:29:29.326,9.216483333333334
2026-10-06 17:38:42.524,8.6963e-11,Torr,15.large_stm_connectingPort,spray,15.large_stm_connectingPort/MassSpecData-02115-20261006-173832.csv,2026-10-06 17:29:29.326,9.219966666666666
2026-10-06 17:38:42.732,8.8907e-11,Torr,15.large_stm_connectingPort,spray,15.large_stm_connectingPort/MassSpecData-02115-20261006-173832.csv,2026-10-06 17:29:29.326,9.223433333333332
2026-10-06 17:38:42.940,8.5039e-11,Torr,15.large_stm_connectingPort,spray,15.large_stm_connectingPort/MassSpecData-02115-20261006-173832.csv,2026-10-06 17:29:29.326,9.2269
2026-10-06 17:38:43.149,8.2492e-11,Torr,15.large_stm_connectingPort,spray,15.large_stm_connectingPort/MassSpecData-02115-20261006-173832.csv,2026-10-06 17:29:29.326,9.230383333333332
2026-10-06 17:38:43.357,7.3731e-11,Torr,15.large_stm_connectingPort,spray,15.large_stm_connectingPort/MassSpecData-02115-20261006-173832.csv,2026-10-06 17:29:29.326,9.233849999999999
2026-10-06 17:38:43.565,7.1934e-11,Torr,15.large_stm_connectingPort,spray,15.large_stm_connectingPort/MassSpecData-02115-20261006-173832.csv,2026-10-06 17:29:29.326,9.237316666666667
2026-10-06 17:38:43.774,6.5935e-11,Torr,15.large_stm_connectingPort,spray,15.large_stm_connectingPort/MassSpecData-02115-20261006-173832.csv,2026-10-06 17:29:29.326,9.2408
2026-10-06 17:38:43.982,8.0147e-11,Torr,15.large_stm_connectingPort,spray,15.large_stm_connectingPort/MassSpecData-02115-20261006-173832.csv,2026-10-06 17:29:29.326,9.244266666666666
2026-10-06 17:38:44.190,8.0492e-11,Torr,15.large_stm_connectingPort,spray,15.large_stm_connectingPort/MassSpecData-02115-20261006-173832.csv,2026-10-06 17:29:29.326,9.247733333333334
2026-10-06 17:38:44.399,6.4453e-11,Torr,15.large_stm_connectingPort,spray,15.large_stm_connectingPort/MassSpecData-02115-20261006-173832.csv,2026-10-06 17:29:29.326,9.251216666666666
2026-10-06 17:38:44.607,8.5847e-11,Torr,15.large_stm_connectingPort,spray,15.large_stm_connectingPort/MassSpecData-02115-20261006-173832.csv,2026-10-06 17:29:29.326,9.254683333333332
2026-10-06 17:38:44.815,7.1116e-11,Torr,15.large_stm_connectingPort,spray,15.large_stm_connectingPort/MassSpecData-02115-20261006-173832.csv,2026-10-06 17:29:29.326,9.25815
2026-10-06 17:38:45.024,6.7061e-11,Torr,15.large_stm_connectingPort,spray,15.large_stm_connectingPort/MassSpecData-02115-20261006-173832.csv,2026-10-06 17:29:29.326,9.261633333333332
2026-10-06 17:38:45.232,8.1722e-11,Torr,15.large_stm_connectingPort,spray,15.large_stm_connectingPort/MassSpecData-02115-20261006-173832.csv,2026-10-06 17:29:29.326,9.265099999999999
2026-10-06 17:38:45.440,8.4049e-11,Torr,15.large_stm_connectingPort,spray,15.large_stm_connectingPort/MassSpecData-02115-20261006-173832.csv,2026-10-06 17:29:29.326,9.268566666666667
2026-10-06 17:38:45.649,7.1551e-11,Torr,15.large_stm_connectingPort,spray,15.large_stm_connectingPort/MassSpecData-02115-20261006-173832.csv,2026-10-06 17:29:29.326,9.27205
2026-10-06 17:38:45.857,7.2073e-11,Torr,15.large_stm_connectingPort,spray,15.large_stm_connectingPort/MassSpecData-02115-20261006-173832.csv,2026-10-06 17:29:29.326,9.275516666666666
2026-10-06 17:38:46.065,9.2034e-11,Torr,15.large_stm_connectingPort,spray,15.large_stm_connectingPort/MassSpecData-02115-20261006-173832.csv,2026-10-06 17:29:29.326,9.278983333333334
2026-10-06 17:38:46.274,8.6797e-11,Torr,15.large_stm_connectingPort,spray,15.large_stm_connectingPort/MassSpecData-02115-20261006-173832.csv,2026-10-06 17:29:29.326,9.282466666666666
2026-10-06 17:38:46.482,6.7252e-11,Torr,15.large_stm_connectingPort,spray,15.large_stm_connectingPort/MassSpecData-02115-20261006-173832.csv,2026-10-06 17:29:29.326,9.285933333333332
2026-10-06 17:38:46.690,7.9744e-11,Torr,15.large_stm_connectingPort,spray,15.large_stm_connectingPort/MassSpecData-02115-20261006-173832.csv,2026-10-06 17:29:29.326,9.2894
2026-10-06 17:38:46.899,8.7681e-11,Torr,15.large_stm_connectingPort,spray,15.large_stm_connectingPort/MassSpecData-02115-20261006-173832.csv,2026-10-06 17:29:29.326,9.292883333333332
2026-10-06 17:38:47.107,8.6254e-11,Torr,15.large_stm_connectingPort,spray,15.large_stm_connectingPort/MassSpecData-02115-20261006-173832.csv,2026-10-06 17:29:29.326,9.296349999999999
2026-10-06 17:38:47.315,8.6468e-11,Torr,15.large_stm_connectingPort,spray,15.large_stm_connectingPort/MassSpecData-02115-20261006-173832.csv,2026-10-06 17:29:29.326,9.299816666666667
2026-10-06 17:38:47.524,7.9611e-11,Torr,15.large_stm_connectingPort,spray,15.large_stm_connectingPort/MassSpecData-02115-20261006-173832.csv,2026-10-06 17:29:29.326,9.3033
2026-10-06 17:38:47.732,7.7405e-11,Torr,15.large_stm_connectingPort,spray,15.large_stm_connectingPort/MassSpecData-02115-20261006-173832.csv,2026-10-06 17:29:29.326,9.306766666666666
2026-10-06 17:38:47.940,7.2127e-11,Torr,15.large_stm_connectingPort,spray,15.large_stm_connectingPort/MassSpecData-02115-20261006-173832.csv,2026-10-06 17:29:29.326,9.310233333333334
2026-10-06 17:38:48.149,6.1508e-11,Torr,15.large_stm_connectingPort,spray,15.large_stm_connectingPort/MassSpecData-02115-20261006-173832.csv,2026-10-06 17:29:29.326,9.313716666666666
2026-10-06 17:38:48.357,7.4715e-11,Torr,15.large_stm_connectingPort,spray,15.large_stm_connectingPort/MassSpecData-02115-20261006-173832.csv,2026-10-06 17:29:29.326,9.317183333333332
2026-10-06 17:38:48.565,7.549e-11,Torr,15.large_stm_connectingPort,spray,15.large_stm_connectingPort/MassSpecData-02115-20261006-173832.csv,2026-10-06 17:29:29.326,9.32065
2026-10-06 17:38:48.774,6.7347e-11,Torr,15.large_stm_connectingPort,spray,15.large_stm_connectingPort/MassSpecData-02115-20261006-173832.csv,2026-10-06 17:29:29.326,9.324133333333332
2026-10-06 17:38:48.982,6.9551e-11,Torr,15.large_stm_connectingPort,spray,15.large_stm_connectingPort/MassSpecData-02115-20261006-173832.csv,2026-10-06 17:29:29.326,9.327599999999999
2026-10-06 17:38:49.190,7.8109e-11,Torr,15.large_stm_connectingPort,spray,15.large_stm_connectingPort/MassSpecData-02115-20261006-173832.csv,2026-10-06 17:29:29.326,9.331066666666667
2026-10-06 17:38:49.399,8.8032e-11,Torr,15.large_stm_connectingPort,spray,15.large_stm_connectingPort/MassSpecData-02115-20261006-173832.csv,2026-10-06 17:29:29.326,9.33455
2026-10-06 17:38:49.607,8.3822e-11,Torr,15.large_stm_connectingPort,spray,15.large_stm_connectingPort/MassSpecData-02115-20261006-173832.csv,2026-10-06 17:29:29.326,9.338016666666666
2026-10-06 17:38:49.815,7.304e-11,Torr,15.large_stm_connectingPort,spray,15.large_stm_connectingPort/MassSpecData-02115-20261006-173832.csv,2026-10-06 17:29:29.326,9.341483333333334
2026-10-06 17:38:50.024,6.6021e-11,Torr,15.large_stm_connectingPort,spray,15.large_stm_connectingPort/MassSpecData-02115-20261006-173832.csv,2026-10-06 17:29:29.326,9.344966666666666
2026-10-06 17:38:50.232,7.0036e-11,Torr,15.large_stm_connectingPort,spray,15.large_stm_connectingPort/MassSpecData-02115-20261006-173832.csv,2026-10-06 17:29:29.326,9.348433333333332
2026-10-06 17:38:50.440,7.9883e-11,Torr,15.large_stm_connectingPort,spray,15.large_stm_connectingPort/MassSpecData-02115-20261006-173832.csv,2026-10-06 17:29:29.326,9.3519
2026-10-06 17:38:50.649,7.0037e-11,Torr,15.large_stm_connectingPort,spray,15.large_stm_connectingPort/MassSpecData-02115-20261006-173832.csv,2026-10-06 17:29:29.326,9.355383333333332
2026-10-06 17:38:50.857,8.2951e-11,Torr,15.large_stm_connectingPort,spray,15.large_stm_connectingPort/MassSpecData-02115-20261006-173832.csv,2026-10-06 17:29:29.326,9.358849999999999
2026-10-06 17:38:51.065,7.991e-11,Torr,15.large_stm_connectingPort,spray,15.large_stm_connectingPort/MassSpecData-02115-20261006-173832.csv,2026-10-06 17:29:29.326,9.362316666666667
2026-10-06 17:38:51.274,7.6294e-11,Torr,15.large_stm_connectingPort,spray,15.large_stm_connectingPort/MassSpecData-02115-20261006-173832.csv,2026-10-06 17:29:29.326,9.3658
2026-10-06 17:38:51.482,9.766e-11,Torr,15.large_stm_connectingPort,spray,15.large_stm_connectingPort/MassSpecData-02115-20261006-173832.csv,2026-10-06 17:29:29.326,9.369266666666666
2026-10-06 17:38:51.690,7.488e-11,Torr,15.large_stm_connectingPort,spray,15.large_stm_connectingPort/MassSpecData-02115-20261006-173832.csv,2026-10-06 17:29:29.326,9.372733333333334
2026-10-06 17:38:51.899,7.4815e-11,Torr,15.large_stm_connectingPort,spray,15.large_stm_connectingPort/MassSpecData-02115-20261006-173832.csv,2026-10-06 17:29:29.326,9.376216666666666
2026-10-06 17:38:52.107,8.3447e-11,Torr,15.large_stm_connectingPort,spray,15.large_stm_connectingPort/MassSpecData-02115-20261006-173832.csv,2026-10-06 17:29:29.326,9.379683333333332
2026-10-06 17:38:52.315,8.8668e-11,Torr,15.large_stm_connectingPort,spray,15.large_stm_connectingPort/MassSpecData-02115-20261006-173832.csv,2026-10-06 17:29:29.326,9.38315
2026-10-06 17:38:52.523,8.1025e-11,Torr,15.large_stm_connectingPort,spray,15.large_stm_connectingPort/MassSpecData-02115-20261006-173832.csv,2026-10-06 17:29:29.326,9.386616666666667
2026-10-06 17:38:52.732,8.2651e-11,Torr,15.large_stm_connectingPort,spray,15.large_stm_connectingPort/MassSpecData-02115-20261006-173832.csv,2026-10-06 17:29:29.326,9.390099999999999
2026-10-06 17:38:52.940,8.5701e-11,Torr,15.large_stm_connectingPort,spray,15.large_stm_connectingPort/MassSpecData-02115-20261006-173832.csv,2026-10-06 17:29:29.326,9.393566666666667
2026-10-06 17:38:53.148,9.79e-11,Torr,15.large_stm_connectingPort,spray,15.large_stm_connectingPort/MassSpecData-02115-20261006-173832.csv,2026-10-06 17:29:29.326,9.397033333333333
2026-10-06 17:38:53.357,7.9436e-11,Torr,15.large_stm_connectingPort,spray,15.large_stm_connectingPort/MassSpecData-02115-20261006-173832.csv,2026-10-06 17:29:29.326,9.400516666666666
2026-10-06 17:38:53.565,6.5516e-11,Torr,15.large_stm_connectingPort,spray,15.large_stm_connectingPort/MassSpecData-02115-20261006-173832.csv,2026-10-06 17:29:29.326,9.403983333333334
2026-10-06 17:38:53.773,8.8218e-11,Torr,15.large_stm_connectingPort,spray,15.large_stm_connectingPort/MassSpecData-02115-20261006-173832.csv,2026-10-06 17:29:29.326,9.40745
2026-10-06 17:38:53.982,6.1131e-11,Torr,15.large_stm_connectingPort,spray,15.large_stm_connectingPort/MassSpecData-02115-20261006-173832.csv,2026-10-06 17:29:29.326,9.410933333333332
2026-10-06 17:38:54.190,6.7963e-11,Torr,15.large_stm_connectingPort,spray,15.large_stm_connectingPort/MassSpecData-02115-20261006-173832.csv,2026-10-06 17:29:29.326,9.4144
2026-10-06 17:38:54.398,6.9115e-11,Torr,15.large_stm_connectingPort,spray,15.large_stm_connectingPort/MassSpecData-02115-20261006-173832.csv,2026-10-06 17:29:29.326,9.417866666666667
2026-10-06 17:38:54.607,7.5465e-11,Torr,15.large_stm_connectingPort,spray,15.large_stm_connectingPort/MassSpecData-02115-20261006-173832.csv,2026-10-06 17:29:29.326,9.421349999999999
2026-10-06 17:38:54.815,7.1733e-11,Torr,15.large_stm_connectingPort,spray,15.large_stm_connectingPort/MassSpecData-02115-20261006-173832.csv,2026-10-06 17:29:29.326,9.424816666666667
2026-10-06 17:38:55.023,9.5547e-11,Torr,15.large_stm_connectingPort,spray,15.large_stm_connectingPort/MassSpecData-02115-20261006-173832.csv,2026-10-06 17:29:29.326,9.428283333333333
2026-10-06 17:38:55.232,8.2763e-11,Torr,15.large_stm_connectingPort,spray,15.large_stm_connectingPort/MassSpecData-02115-20261006-173832.csv,2026-10-06 17:29:29.326,9.431766666666666
2026-10-06 17:38:55.440,7.4355e-11,Torr,15.large_stm_connectingPort,spray,15.large_stm_connectingPort/MassSpecData-02115-20261006-173832.csv,2026-10-06 17:29:29.326,9.435233333333334
2026-10-06 17:38:55.648,7.0171e-11,Torr,15.large_stm_connectingPort,spray,15.large_stm_connectingPort/MassSpecData-02115-20261006-173832.csv,2026-10-06 17:29:29.326,9.4387
2026-10-06 17:38:55.857,7.8619e-11,Torr,15.large_stm_connectingPort,spray,15.large_stm_connectingPort/MassSpecData-02115-20261006-173832.csv,2026-10-06 17:29:29.326,9.442183333333332
2026-10-06 17:38:56.065,8.3161e-11,Torr,15.large_stm_connectingPort,spray,15.large_stm_connectingPort/MassSpecData-02115-20261006-173832.csv,2026-10-06 17:29:29.326,9.44565
2026-10-06 17:38:56.273,8.2276e-11,Torr,15.large_stm_connectingPort,spray,15.large_stm_connectingPort/MassSpecData-02115-20261006-173832.csv,2026-10-06 17:29:29.326,9.449116666666667
2026-10-06 17:38:56.482,9.4594e-11,Torr,15.large_stm_connectingPort,spray,15.large_stm_connectingPort/MassSpecData-02115-20261006-173832.csv,2026-10-06 17:29:29.326,9.452599999999999
2026-10-06 17:38:56.690,9.2043e-11,Torr,15.large_stm_connectingPort,spray,15.large_stm_connectingPort/MassSpecData-02115-20261006-173832.csv,2026-10-06 17:29:29.326,9.456066666666667
2026-10-06 17:38:56.898,7.5573e-11,Torr,15.large_stm_connectingPort,spray,15.large_stm_connectingPort/MassSpecData-02115-20261006-173832.csv,2026-10-06 17:29:29.326,9.459533333333333
2026-10-06 17:38:57.107,8.2346e-11,Torr,15.large_stm_connectingPort,spray,15.large_stm_connectingPort/MassSpecData-02115-20261006-173832.csv,2026-10-06 17:29:29.326,9.463016666666666
2026-10-06 17:38:57.315,8.7272e-11,Torr,15.large_stm_connectingPort,spray,15.large_stm_connectingPort/MassSpecData-02115-20261006-173832.csv,2026-10-06 17:29:29.326,9.466483333333334
2026-10-06 17:38:57.523,8.7206e-11,Torr,15.large_stm_connectingPort,spray,15.large_stm_connectingPort/MassSpecData-02115-20261006-173832.csv,2026-10-06 17:29:29.326,9.46995
2026-10-06 17:38:57.732,7.2719e-11,Torr,15.large_stm_connectingPort,spray,15.large_stm_connectingPort/MassSpecData-02115-20261006-173832.csv,2026-10-06 17:29:29.326,9.473433333333332
2026-10-06 17:38:57.940,7.7794e-11,Torr,15.large_stm_connectingPort,spray,15.large_stm_connectingPort/MassSpecData-02115-20261006-173832.csv,2026-10-06 17:29:29.326,9.4769
2026-10-06 17:38:58.148,8.2088e-11,Torr,15.large_stm_connectingPort,spray,15.large_stm_connectingPort/MassSpecData-02115-20261006-173832.csv,2026-10-06 17:29:29.326,9.480366666666667
2026-10-06 17:38:58.357,9.0294e-11,Torr,15.large_stm_connectingPort,spray,15.large_stm_connectingPort/MassSpecData-02115-20261006-173832.csv,2026-10-06 17:29:29.326,9.483849999999999
2026-10-06 17:38:58.565,8.2114e-11,Torr,15.large_stm_connectingPort,spray,15.large_stm_connectingPort/MassSpecData-02115-20261006-173832.csv,2026-10-06 17:29:29.326,9.487316666666667
2026-10-06 17:38:58.773,6.3997e-11,Torr,15.large_stm_connectingPort,spray,15.large_stm_connectingPort/MassSpecData-02115-20261006-173832.csv,2026-10-06 17:29:29.326,9.490783333333333
2026-10-06 17:38:58.982,6.3659e-11,Torr,15.large_stm_connectingPort,spray,15.large_stm_connectingPort/MassSpecData-02115-20261006-173832.csv,2026-10-06 17:29:29.326,9.494266666666666
2026-10-06 17:38:59.190,7.0161e-11,Torr,15.large_stm_connectingPort,spray,15.large_stm_connectingPort/MassSpecData-02115-20261006-173832.csv,2026-10-06 17:29:29.326,9.497733333333334
2026-10-06 17:38:59.398,7.9997e-11,Torr,15.large_stm_connectingPort,spray,15.large_stm_connectingPort/MassSpecData-02115-20261006-173832.csv,2026-10-06 17:29:29.326,9.5012
2026-10-06 17:38:59.607,7.352e-11,Torr,15.large_stm_connectingPort,spray,15.large_stm_connectingPort/MassSpecData-02115-20261006-173832.csv,2026-10-06 17:29:29.326,9.504683333333332
2026-10-06 17:38:59.815,8.0808e-11,Torr,15.large_stm_connectingPort,spray,15.large_stm_connectingPort/MassSpecData-02115-20261006-173832.csv,2026-10-06 17:29:29.326,9.50815
2026-10-06 17:39:00.023,8.3597e-11,Torr,15.large_stm_connectingPort,spray,15.large_stm_connectingPort/MassSpecData-02115-20261006-173832.csv,2026-10-06 17:29:29.326,9.511616666666667
2026-10-06 17:39:00.232,8.1375e-11,Torr,15.large_stm_connectingPort,spray,15.large_stm_connectingPort/MassSpecData-02115-20261006-173832.csv,2026-10-06 17:29:29.326,9.515099999999999
2026-10-06 17:39:00.440,7.7536e-11,Torr,15.large_stm_connectingPort,spray,15.large_stm_connectingPort/MassSpecData-02115-20261006-173832.csv,2026-10-06 17:29:29.326,9.518566666666667
2026-10-06 17:39:00.648,8.8993e-11,Torr,15.large_stm_connectingPort,spray,15.large_stm_connectingPort/MassSpecData-02115-20261006-173832.csv,2026-10-06 17:29:29.326,9.522033333333333
2026-10-06 17:39:00.857,7.6652e-11,Torr,15.large_stm_connectingPort,spray,15.large_stm_connectingPort/MassSpecData-02115-20261006-173832.csv,2026-10-06 17:29:29.326,9.525516666666666
2026-10-06 17:39:01.065,8.0295e-11,Torr,15.large_stm_connectingPort,spray,15.large_stm_connectingPort/MassSpecData-02115-20261006-173832.csv,2026-10-06 17:29:29.326,9.528983333333334
2026-10-06 17:39:01.273,7.4793e-11,Torr,15.large_stm_connectingPort,spray,15.large_stm_connectingPort/MassSpecData-02115-20261006-173832.csv,2026-10-06 17:29:29.326,9.53245
2026-10-06 17:39:01.482,7.4341e-11,Torr,15.large_stm_connectingPort,spray,15.large_stm_connectingPort/MassSpecData-02115-20261006-173832.csv,2026-10-06 17:29:29.326,9.535933333333332
2026-10-06 17:39:01.690,7.7425e-11,Torr,15.large_stm_connectingPort,spray,15.large_stm_connectingPort/MassSpecData-02115-20261006-173832.csv,2026-10-06 17:29:29.326,9.5394
2026-10-06 17:39:01.898,7.1253e-11,Torr,15.large_stm_connectingPort,spray,15.large_stm_connectingPort/MassSpecData-02115-20261006-173832.csv,2026-10-06 17:29:29.326,9.542866666666667
2026-10-06 17:39:02.107,7.5643e-11,Torr,15.large_stm_connectingPort,spray,15.large_stm_connectingPort/MassSpecData-02115-20261006-173832.csv,2026-10-06 17:29:29.326,9.546349999999999
2026-10-06 17:39:02.315,8.6626e-11,Torr,15.large_stm_connectingPort,spray,15.large_stm_connectingPort/MassSpecData-02115-20261006-173832.csv,2026-10-06 17:29:29.326,9.549816666666667
2026-10-06 17:39:02.523,6.8855e-11,Torr,15.large_stm_connectingPort,spray,15.large_stm_connectingPort/MassSpecData-02115-20261006-173832.csv,2026-10-06 17:29:29.326,9.553283333333333
2026-10-06 17:39:02.732,9.0003e-11,Torr,15.large_stm_connectingPort,spray,15.large_stm_connectingPort/MassSpecData-02115-20261006-173832.csv,2026-10-06 17:29:29.326,9.556766666666666
2026-10-06 17:39:02.940,8.1707e-11,Torr,15.large_stm_connectingPort,spray,15.large_stm_connectingPort/MassSpecData-02115-20261006-173832.csv,2026-10-06 17:29:29.326,9.560233333333334
2026-10-06 17:39:03.148,7.3182e-11,Torr,15.large_stm_connectingPort,spray,15.large_stm_connectingPort/MassSpecData-02115-20261006-173832.csv,2026-10-06 17:29:29.326,9.5637
2026-10-06 17:39:03.357,9.1575e-11,Torr,15.large_stm_connectingPort,spray,15.large_stm_connectingPort/MassSpecData-02115-20261006-173832.csv,2026-10-06 17:29:29.326,9.567183333333332
2026-10-06 17:39:03.565,7.8322e-11,Torr,15.large_stm_connectingPort,spray,15.large_stm_connectingPort/MassSpecData-02115-20261006-173832.csv,2026-10-06 17:29:29.326,9.57065
2026-10-06 17:39:03.773,7.3818e-11,Torr,15.large_stm_connectingPort,spray,15.large_stm_connectingPort/MassSpecData-02115-20261006-173832.csv,2026-10-06 17:29:29.326,9.574116666666667
2026-10-06 17:39:03.982,7.3857e-11,Torr,15.large_stm_connectingPort,spray,15.large_stm_connectingPort/MassSpecData-02115-20261006-173832.csv,2026-10-06 17:29:29.326,9.577599999999999
2026-10-06 17:39:04.190,9.064e-11,Torr,15.large_stm_connectingPort,spray,15.large_stm_connectingPort/MassSpecData-02115-20261006-173832.csv,2026-10-06 17:29:29.326,9.581066666666667
2026-10-06 17:39:04.398,7.2191e-11,Torr,15.large_stm_connectingPort,spray,15.large_stm_connectingPort/MassSpecData-02115-20261006-173832.csv,2026-10-06 17:29:29.326,9.584533333333333
2026-10-06 17:39:04.607,7.7693e-11,Torr,15.large_stm_connectingPort,spray,15.large_stm_connectingPort/MassSpecData-02115-20261006-173832.csv,2026-10-06 17:29:29.326,9.588016666666666
2026-10-06 17:39:04.815,7.4927e-11,Torr,15.large_stm_connectingPort,spray,15.large_stm_connectingPort/MassSpecData-02115-20261006-173832.csv,2026-10-06 17:29:29.326,9.591483333333334
2026-10-06 17:39:05.023,7.2756e-11,Torr,15.large_stm_connectingPort,spray,15.large_stm_connectingPort/MassSpecData-02115-20261006-173832.csv,2026-10-06 17:29:29.326,9.59495
2026-10-06 17:39:05.232,7.917e-11,Torr,15.large_stm_connectingPort,spray,15.large_stm_connectingPort/MassSpecData-02115-20261006-173832.csv,2026-10-06 17:29:29.326,9.598433333333332
2026-10-06 17:39:05.440,7.6658e-11,Torr,15.large_stm_connectingPort,spray,15.large_stm_connectingPort/MassSpecData-02115-20261006-173832.csv,2026-10-06 17:29:29.326,9.6019
2026-10-06 17:39:05.648,9.1124e-11,Torr,15.large_stm_connectingPort,spray,15.large_stm_connectingPort/MassSpecData-02115-20261006-173832.csv,2026-10-06 17:29:29.326,9.605366666666667
2026-10-06 17:39:05.857,8.1673e-11,Torr,15.large_stm_connectingPort,spray,15.large_stm_connectingPort/MassSpecData-02115-20261006-173832.csv,2026-10-06 17:29:29.326,9.608849999999999
2026-10-06 17:39:06.065,8.462e-11,Torr,15.large_stm_connectingPort,spray,15.large_stm_connectingPort/MassSpecData-02115-20261006-173832.csv,2026-10-06 17:29:29.326,9.612316666666667
2026-10-06 17:39:06.273,8.7912e-11,Torr,15.large_stm_connectingPort,spray,15.large_stm_connectingPort/MassSpecData-02115-20261006-173832.csv,2026-10-06 17:29:29.326,9.615783333333333
2026-10-06 17:39:06.482,8.9861e-11,Torr,15.large_stm_connectingPort,spray,15.large_stm_connectingPort/MassSpecData-02115-20261006-173832.csv,2026-10-06 17:29:29.326,9.619266666666666
2026-10-06 17:39:06.690,8.1719e-11,Torr,15.large_stm_connectingPort,spray,15.large_stm_connectingPort/MassSpecData-02115-20261006-173832.csv,2026-10-06 17:29:29.326,9.622733333333334
2026-10-06 17:39:06.898,8.2252e-11,Torr,15.large_stm_connectingPort,spray,15.large_stm_connectingPort/MassSpecData-02115-20261006-173832.csv,2026-10-06 17:29:29.326,9.6262
2026-10-06 17:39:07.107,9.5117e-11,Torr,15.large_stm_connectingPort,spray,15.large_stm_connectingPort/MassSpecData-02115-20261006-173832.csv,2026-10-06 17:29:29.326,9.629683333333332
2026-10-06 17:39:07.315,8.0863e-11,Torr,15.large_stm_connectingPort,spray,15.large_stm_connectingPort/MassSpecData-02115-20261006-173832.csv,2026-10-06 17:29:29.326,9.63315
2026-10-06 17:39:07.523,9.0058e-11,Torr,15.large_stm_connectingPort,spray,15.large_stm_connectingPort/MassSpecData-02115-20261006-173832.csv,2026-10-06 17:29:29.326,9.636616666666667
2026-10-06 17:39:07.732,8.2939e-11,Torr,15.large_stm_connectingPort,spray,15.large_stm_connectingPort/MassSpecData-02115-20261006-173832.csv,2026-10-06 17:29:29.326,9.640099999999999
2026-10-06 17:39:07.940,8.4507e-11,Torr,15.large_stm_connectingPort,spray,15.large_stm_connectingPort/MassSpecData-02115-20261006-173832.csv,2026-10-06 17:29:29.326,9.643566666666667
2026-10-06 17:39:08.148,7.5302e-11,Torr,15.large_stm_connectingPort,spray,15.large_stm_connectingPort/MassSpecData-02115-20261006-173832.csv,2026-10-06 17:29:29.326,9.647033333333333
2026-10-06 17:39:08.357,8.3394e-11,Torr,15.large_stm_connectingPort,spray,15.large_stm_connectingPort/MassSpecData-02115-20261006-173832.csv,2026-10-06 17:29:29.326,9.650516666666666
2026-10-06 17:39:08.565,8.1453e-11,Torr,15.large_stm_connectingPort,spray,15.large_stm_connectingPort/MassSpecData-02115-20261006-173832.csv,2026-10-06 17:29:29.326,9.653983333333334
2026-10-06 17:39:08.773,7.7205e-11,Torr,15.large_stm_connectingPort,spray,15.large_stm_connectingPort/MassSpecData-02115-20261006-173832.csv,2026-10-06 17:29:29.326,9.65745
2026-10-06 17:39:08.982,7.9757e-11,Torr,15.large_stm_connectingPort,spray,15.large_stm_connectingPort/MassSpecData-02115-20261006-173832.csv,2026-10-06 17:29:29.326,9.660933333333332
2026-10-06 17:39:09.190,6.7756e-11,Torr,15.large_stm_connectingPort,spray,15.large_stm_connectingPort/MassSpecData-02115-20261006-173832.csv,2026-10-06 17:29:29.326,9.6644
2026-10-06 17:39:09.398,7.8963e-11,Torr,15.large_stm_connectingPort,spray,15.large_stm_connectingPort/MassSpecData-02115-20261006-173832.csv,2026-10-06 17:29:29.326,9.667866666666667
2026-10-06 17:39:09.607,7.8117e-11,Torr,15.large_stm_connectingPort,spray,15.large_stm_connectingPort/MassSpecData-02115-20261006-173832.csv,2026-10-06 17:29:29.326,9.671349999999999
2026-10-06 17:39:09.815,9.1418e-11,Torr,15.large_stm_connectingPort,spray,15.large_stm_connectingPort/MassSpecData-02115-20261006-173832.csv,2026-10-06 17:29:29.326,9.674816666666667
2026-10-06 17:39:10.023,8.3964e-11,Torr,15.large_stm_connectingPort,spray,15.large_stm_connectingPort/MassSpecData-02115-20261006-173832.csv,2026-10-06 17:29:29.326,9.678283333333333
2026-10-06 17:39:10.232,6.1791e-11,Torr,15.large_stm_connectingPort,spray,15.large_stm_connectingPort/MassSpecData-02115-20261006-173832.csv,2026-10-06 17:29:29.326,9.681766666666666
2026-10-06 17:39:10.440,8.1758e-11,Torr,15.large_stm_connectingPort,spray,15.large_stm_connectingPort/MassSpecData-02115-20261006-173832.csv,2026-10-06 17:29:29.326,9.685233333333334
2026-10-06 17:39:10.649,9.707e-11,Torr,15.large_stm_connectingPort,spray,15.large_stm_connectingPort/MassSpecData-02115-20261006-173832.csv,2026-10-06 17:29:29.326,9.688716666666666
2026-10-06 17:39:10.857,8.9442e-11,Torr,15.large_stm_connectingPort,spray,15.large_stm_connectingPort/MassSpecData-02115-20261006-173832.csv,2026-10-06 17:29:29.326,9.692183333333332
2026-10-06 17:39:11.065,8.5575e-11,Torr,15.large_stm_connectingPort,spray,15.large_stm_connectingPort/MassSpecData-02115-20261006-173832.csv,2026-10-06 17:29:29.326,9.69565
2026-10-06 17:39:11.274,7.3529e-11,Torr,15.large_stm_connectingPort,spray,15.large_stm_connectingPort/MassSpecData-02115-20261006-173832.csv,2026-10-06 17:29:29.326,9.699133333333332
2026-10-06 17:39:11.482,8.0742e-11,Torr,15.large_stm_connectingPort,spray,15.large_stm_connectingPort/MassSpecData-02115-20261006-173832.csv,2026-10-06 17:29:29.326,9.702599999999999
2026-10-06 17:39:11.690,7.2817e-11,Torr,15.large_stm_connectingPort,spray,15.large_stm_connectingPort/MassSpecData-02115-20261006-173832.csv,2026-10-06 17:29:29.326,9.706066666666667
2026-10-06 17:39:11.899,7.5485e-11,Torr,15.large_stm_connectingPort,spray,15.large_stm_connectingPort/MassSpecData-02115-20261006-173832.csv,2026-10-06 17:29:29.326,9.70955
2026-10-06 17:39:12.107,8.5391e-11,Torr,15.large_stm_connectingPort,spray,15.large_stm_connectingPort/MassSpecData-02115-20261006-173832.csv,2026-10-06 17:29:29.326,9.713016666666666
2026-10-06 17:39:12.315,8.0989e-11,Torr,15.large_stm_connectingPort,spray,15.large_stm_connectingPort/MassSpecData-02115-20261006-173832.csv,2026-10-06 17:29:29.326,9.716483333333334
2026-10-06 17:39:12.524,8.1093e-11,Torr,15.large_stm_connectingPort,spray,15.large_stm_connectingPort/MassSpecData-02115-20261006-173832.csv,2026-10-06 17:29:29.326,9.719966666666666
2026-10-06 17:39:12.732,8.8852e-11,Torr,15.large_stm_connectingPort,spray,15.large_stm_connectingPort/MassSpecData-02115-20261006-173832.csv,2026-10-06 17:29:29.326,9.723433333333332
2026-10-06 17:39:12.940,7.6657e-11,Torr,15.large_stm_connectingPort,spray,15.large_stm_connectingPort/MassSpecData-02115-20261006-173832.csv,2026-10-06 17:29:29.326,9.7269
2026-10-06 17:39:13.149,8.3888e-11,Torr,15.large_stm_connectingPort,spray,15.large_stm_connectingPort/MassSpecData-02115-20261006-173832.csv,2026-10-06 17:29:29.326,9.730383333333332
2026-10-06 17:39:13.357,6.8698e-11,Torr,15.large_stm_connectingPort,spray,15.large_stm_connectingPort/MassSpecData-02115-20261006-173832.csv,2026-10-06 17:29:29.326,9.733849999999999
2026-10-06 17:39:13.565,7.3649e-11,Torr,15.large_stm_connectingPort,spray,15.large_stm_connectingPort/MassSpecData-02115-20261006-173832.csv,2026-10-06 17:29:29.326,9.737316666666667
2026-10-06 17:39:13.774,6.4963e-11,Torr,15.large_stm_connectingPort,spray,15.large_stm_connectingPort/MassSpecData-02115-20261006-173832.csv,2026-10-06 17:29:29.326,9.7408
2026-10-06 17:39:13.982,7.9467e-11,Torr,15.large_stm_connectingPort,spray,15.large_stm_connectingPort/MassSpecData-02115-20261006-173832.csv,2026-10-06 17:29:29.326,9.744266666666666
2026-10-06 17:39:14.190,8.5653e-11,Torr,15.large_stm_connectingPort,spray,15.large_stm_connectingPort/MassSpecData-02115-20261006-173832.csv,2026-10-06 17:29:29.326,9.747733333333334
2026-10-06 17:39:14.529,7.3701e-11,Torr,15.large_stm_connectingPort,spray,15.large_stm_connectingPort/MassSpecData-02115-20261006-173914.csv,2026-10-06 17:29:29.326,9.753383333333334
2026-10-06 17:39:14.737,7.425e-11,Torr,15.large_stm_connectingPort,spray,15.large_stm_connectingPort/MassSpecData-02115-20261006-173914.csv,2026-10-06 17:29:29.326,9.756849999999998
2026-10-06 17:39:14.946,6.6871e-11,Torr,15.large_stm_connectingPort,spray,15.large_stm_connectingPort/MassSpecData-02115-20261006-173914.csv,2026-10-06 17:29:29.326,9.760333333333334
2026-10-06 17:39:15.154,7.7432e-11,Torr,15.large_stm_connectingPort,spray,15.large_stm_connectingPort/MassSpecData-02115-20261006-173914.csv,2026-10-06 17:29:29.326,9.7638
2026-10-06 17:39:15.362,9.0035e-11,Torr,15.large_stm_connectingPort,spray,15.large_stm_connectingPort/MassSpecData-02115-20261006-173914.csv,2026-10-06 17:29:29.326,9.767266666666666
2026-10-06 17:39:15.571,7.3332e-11,Torr,15.large_stm_connectingPort,spray,15.large_stm_connectingPort/MassSpecData-02115-20261006-173914.csv,2026-10-06 17:29:29.326,9.77075
2026-10-06 17:39:15.779,9.0403e-11,Torr,15.large_stm_connectingPort,spray,15.large_stm_connectingPort/MassSpecData-02115-20261006-173914.csv,2026-10-06 17:29:29.326,9.774216666666666
2026-10-06 17:39:15.987,7.6059e-11,Torr,15.large_stm_connectingPort,spray,15.large_stm_connectingPort/MassSpecData-02115-20261006-173914.csv,2026-10-06 17:29:29.326,9.777683333333332
2026-10-06 17:39:16.195,8.0527e-11,Torr,15.large_stm_connectingPort,spray,15.large_stm_connectingPort/MassSpecData-02115-20261006-173914.csv,2026-10-06 17:29:29.326,9.78115
2026-10-06 17:39:16.404,7.0982e-11,Torr,15.large_stm_connectingPort,spray,15.large_stm_connectingPort/MassSpecData-02115-20261006-173914.csv,2026-10-06 17:29:29.326,9.784633333333334
2026-10-06 17:39:16.612,7.6592e-11,Torr,15.large_stm_connectingPort,spray,15.large_stm_connectingPort/MassSpecData-02115-20261006-173914.csv,2026-10-06 17:29:29.326,9.788099999999998
2026-10-06 17:39:16.821,8.8767e-11,Torr,15.large_stm_connectingPort,spray,15.large_stm_connectingPort/MassSpecData-02115-20261006-173914.csv,2026-10-06 17:29:29.326,9.791583333333334
2026-10-06 17:39:17.029,6.7395e-11,Torr,15.large_stm_connectingPort,spray,15.large_stm_connectingPort/MassSpecData-02115-20261006-173914.csv,2026-10-06 17:29:29.326,9.79505
2026-10-06 17:39:17.237,8.6268e-11,Torr,15.large_stm_connectingPort,spray,15.large_stm_connectingPort/MassSpecData-02115-20261006-173914.csv,2026-10-06 17:29:29.326,9.798516666666666
2026-10-06 17:39:17.446,8.017e-11,Torr,15.large_stm_connectingPort,spray,15.large_stm_connectingPort/MassSpecData-02115-20261006-173914.csv,2026-10-06 17:29:29.326,9.802
2026-10-06 17:39:17.654,7.7334e-11,Torr,15.large_stm_connectingPort,spray,15.large_stm_connectingPort/MassSpecData-02115-20261006-173914.csv,2026-10-06 17:29:29.326,9.805466666666666
2026-10-06 17:39:17.862,7.4173e-11,Torr,15.large_stm_connectingPort,spray,15.large_stm_connectingPort/MassSpecData-02115-20261006-173914.csv,2026-10-06 17:29:29.326,9.808933333333332
2026-10-06 17:39:18.071,7.9476e-11,Torr,15.large_stm_connectingPort,spray,15.large_stm_connectingPort/MassSpecData-02115-20261006-173914.csv,2026-10-06 17:29:29.326,9.812416666666667
2026-10-06 17:39:18.279,7.5557e-11,Torr,15.large_stm_connectingPort,spray,15.large_stm_connectingPort/MassSpecData-02115-20261006-173914.csv,2026-10-06 17:29:29.326,9.815883333333334
2026-10-06 17:39:18.487,9.0455e-11,Torr,15.large_stm_connectingPort,spray,15.large_stm_connectingPort/MassSpecData-02115-20261006-173914.csv,2026-10-06 17:29:29.326,9.819349999999998
2026-10-06 17:39:18.696,7.0589e-11,Torr,15.large_stm_connectingPort,spray,15.large_stm_connectingPort/MassSpecData-02115-20261006-173914.csv,2026-10-06 17:29:29.326,9.822833333333334
2026-10-06 17:39:18.904,7.9981e-11,Torr,15.large_stm_connectingPort,spray,15.large_stm_connectingPort/MassSpecData-02115-20261006-173914.csv,2026-10-06 17:29:29.326,9.8263
2026-10-06 17:39:19.112,7.5045e-11,Torr,15.large_stm_connectingPort,spray,15.large_stm_connectingPort/MassSpecData-02115-20261006-173914.csv,2026-10-06 17:29:29.326,9.829766666666666
2026-10-06 17:39:19.321,8.5395e-11,Torr,15.large_stm_connectingPort,spray,15.large_stm_connectingPort/MassSpecData-02115-20261006-173914.csv,2026-10-06 17:29:29.326,9.83325
2026-10-06 17:39:19.529,8.3173e-11,Torr,15.large_stm_connectingPort,spray,15.large_stm_connectingPort/MassSpecData-02115-20261006-173914.csv,2026-10-06 17:29:29.326,9.836716666666666
2026-10-06 17:39:19.737,7.5861e-11,Torr,15.large_stm_connectingPort,spray,15.large_stm_connectingPort/MassSpecData-02115-20261006-173914.csv,2026-10-06 17:29:29.326,9.840183333333332
2026-10-06 17:39:19.945,7.555e-11,Torr,15.large_stm_connectingPort,spray,15.large_stm_connectingPort/MassSpecData-02115-20261006-173914.csv,2026-10-06 17:29:29.326,9.84365
2026-10-06 17:39:20.154,8.5124e-11,Torr,15.large_stm_connectingPort,spray,15.large_stm_connectingPort/MassSpecData-02115-20261006-173914.csv,2026-10-06 17:29:29.326,9.847133333333334
2026-10-06 17:39:20.362,8.4843e-11,Torr,15.large_stm_connectingPort,spray,15.large_stm_connectingPort/MassSpecData-02115-20261006-173914.csv,2026-10-06 17:29:29.326,9.850599999999998
2026-10-06 17:39:20.570,8.5396e-11,Torr,15.large_stm_connectingPort,spray,15.large_stm_connectingPort/MassSpecData-02115-20261006-173914.csv,2026-10-06 17:29:29.326,9.854066666666666
2026-10-06 17:39:20.779,8.9509e-11,Torr,15.large_stm_connectingPort,spray,15.large_stm_connectingPort/MassSpecData-02115-20261006-173914.csv,2026-10-06 17:29:29.326,9.85755
2026-10-06 17:39:20.987,7.4102e-11,Torr,15.large_stm_connectingPort,spray,15.large_stm_connectingPort/MassSpecData-02115-20261006-173914.csv,2026-10-06 17:29:29.326,9.861016666666666
2026-10-06 17:39:21.195,7.4632e-11,Torr,15.large_stm_connectingPort,spray,15.large_stm_connectingPort/MassSpecData-02115-20261006-173914.csv,2026-10-06 17:29:29.326,9.864483333333334
2026-10-06 17:39:21.404,8.2766e-11,Torr,15.large_stm_connectingPort,spray,15.large_stm_connectingPort/MassSpecData-02115-20261006-173914.csv,2026-10-06 17:29:29.326,9.867966666666666
2026-10-06 17:39:21.612,8.6998e-11,Torr,15.large_stm_connectingPort,spray,15.large_stm_connectingPort/MassSpecData-02115-20261006-173914.csv,2026-10-06 17:29:29.326,9.871433333333332
2026-10-06 17:39:21.820,7.5361e-11,Torr,15.large_stm_connectingPort,spray,15.large_stm_connectingPort/MassSpecData-02115-20261006-173914.csv,2026-10-06 17:29:29.326,9.8749
2026-10-06 17:39:22.029,9.1763e-11,Torr,15.large_stm_connectingPort,spray,15.large_stm_connectingPort/MassSpecData-02115-20261006-173914.csv,2026-10-06 17:29:29.326,9.878383333333334
2026-10-06 17:39:22.237,7.115e-11,Torr,15.large_stm_connectingPort,spray,15.large_stm_connectingPort/MassSpecData-02115-20261006-173914.csv,2026-10-06 17:29:29.326,9.881849999999998
2026-10-06 17:39:22.445,8.0409e-11,Torr,15.large_stm_connectingPort,spray,15.large_stm_connectingPort/MassSpecData-02115-20261006-173914.csv,2026-10-06 17:29:29.326,9.885316666666666
2026-10-06 17:39:22.654,9.802e-11,Torr,15.large_stm_connectingPort,spray,15.large_stm_connectingPort/MassSpecData-02115-20261006-173914.csv,2026-10-06 17:29:29.326,9.8888
2026-10-06 17:39:22.862,7.8888e-11,Torr,15.large_stm_connectingPort,spray,15.large_stm_connectingPort/MassSpecData-02115-20261006-173914.csv,2026-10-06 17:29:29.326,9.892266666666666
2026-10-06 17:39:23.070,8.8346e-11,Torr,15.large_stm_connectingPort,spray,15.large_stm_connectingPort/MassSpecData-02115-20261006-173914.csv,2026-10-06 17:29:29.326,9.895733333333334
2026-10-06 17:39:23.279,8.3321e-11,Torr,15.large_stm_connectingPort,spray,15.large_stm_connectingPort/MassSpecData-02115-20261006-173914.csv,2026-10-06 17:29:29.326,9.899216666666666
2026-10-06 17:39:23.487,7.6928e-11,Torr,15.large_stm_connectingPort,spray,15.large_stm_connectingPort/MassSpecData-02115-20261006-173914.csv,2026-10-06 17:29:29.326,9.902683333333332
2026-10-06 17:39:23.696,7.1149e-11,Torr,15.large_stm_connectingPort,spray,15.large_stm_connectingPort/MassSpecData-02115-20261006-173914.csv,2026-10-06 17:29:29.326,9.906166666666667
2026-10-06 17:39:23.904,7.8939e-11,Torr,15.large_stm_connectingPort,spray,15.large_stm_connectingPort/MassSpecData-02115-20261006-173914.csv,2026-10-06 17:29:29.326,9.909633333333334
2026-10-06 17:39:24.112,8.6538e-11,Torr,15.large_stm_connectingPort,spray,15.large_stm_connectingPort/MassSpecData-02115-20261006-173914.csv,2026-10-06 17:29:29.326,9.913099999999998
2026-10-06 17:39:24.321,8.4926e-11,Torr,15.large_stm_connectingPort,spray,15.large_stm_connectingPort/MassSpecData-02115-20261006-173914.csv,2026-10-06 17:29:29.326,9.916583333333334
2026-10-06 17:39:24.529,8.2653e-11,Torr,15.large_stm_connectingPort,spray,15.large_stm_connectingPort/MassSpecData-02115-20261006-173914.csv,2026-10-06 17:29:29.326,9.92005
2026-10-06 17:39:24.737,9.0255e-11,Torr,15.large_stm_connectingPort,spray,15.large_stm_connectingPort/MassSpecData-02115-20261006-173914.csv,2026-10-06 17:29:29.326,9.923516666666666
2026-10-06 17:39:24.946,9.2183e-11,Torr,15.large_stm_connectingPort,spray,15.large_stm_connectingPort/MassSpecData-02115-20261006-173914.csv,2026-10-06 17:29:29.326,9.927
2026-10-06 17:39:25.154,8.2696e-11,Torr,15.large_stm_connectingPort,spray,15.large_stm_connectingPort/MassSpecData-02115-20261006-173914.csv,2026-10-06 17:29:29.326,9.930466666666666
2026-10-06 17:39:25.362,6.8956e-11,Torr,15.large_stm_connectingPort,spray,15.large_stm_connectingPort/MassSpecData-02115-20261006-173914.csv,2026-10-06 17:29:29.326,9.933933333333332
2026-10-06 17:39:25.571,8.7726e-11,Torr,15.large_stm_connectingPort,spray,15.large_stm_connectingPort/MassSpecData-02115-20261006-173914.csv,2026-10-06 17:29:29.326,9.937416666666667
2026-10-06 17:39:25.779,6.9144e-11,Torr,15.large_stm_connectingPort,spray,15.large_stm_connectingPort/MassSpecData-02115-20261006-173914.csv,2026-10-06 17:29:29.326,9.940883333333334
2026-10-06 17:39:25.987,6.9708e-11,Torr,15.large_stm_connectingPort,spray,15.large_stm_connectingPort/MassSpecData-02115-20261006-173914.csv,2026-10-06 17:29:29.326,9.944349999999998
2026-10-06 17:39:26.196,6.8757e-11,Torr,15.large_stm_connectingPort,spray,15.large_stm_connectingPort/MassSpecData-02115-20261006-173914.csv,2026-10-06 17:29:29.326,9.947833333333334
2026-10-06 17:39:26.404,7.4699e-11,Torr,15.large_stm_connectingPort,spray,15.large_stm_connectingPort/MassSpecData-02115-20261006-173914.csv,2026-10-06 17:29:29.326,9.9513
2026-10-06 17:39:26.612,7.1665e-11,Torr,15.large_stm_connectingPort,spray,15.large_stm_connectingPort/MassSpecData-02115-20261006-173914.csv,2026-10-06 17:29:29.326,9.954766666666666
2026-10-06 17:39:26.821,8.4536e-11,Torr,15.large_stm_connectingPort,spray,15.large_stm_connectingPort/MassSpecData-02115-20261006-173914.csv,2026-10-06 17:29:29.326,9.95825
2026-10-06 17:39:27.029,7.8803e-11,Torr,15.large_stm_connectingPort,spray,15.large_stm_connectingPort/MassSpecData-02115-20261006-173914.csv,2026-10-06 17:29:29.326,9.961716666666666
2026-10-06 17:39:27.237,6.2233e-11,Torr,15.large_stm_connectingPort,spray,15.large_stm_connectingPort/MassSpecData-02115-20261006-173914.csv,2026-10-06 17:29:29.326,9.965183333333332
2026-10-06 17:39:27.446,7.3069e-11,Torr,15.large_stm_connectingPort,spray,15.large_stm_connectingPort/MassSpecData-02115-20261006-173914.csv,2026-10-06 17:29:29.326,9.968666666666667
2026-10-06 17:39:27.654,7.9426e-11,Torr,15.large_stm_connectingPort,spray,15.large_stm_connectingPort/MassSpecData-02115-20261006-173914.csv,2026-10-06 17:29:29.326,9.972133333333334
2026-10-06 17:39:27.862,8.1432e-11,Torr,15.large_stm_connectingPort,spray,15.large_stm_connectingPort/MassSpecData-02115-20261006-173914.csv,2026-10-06 17:29:29.326,9.975599999999998
2026-10-06 17:39:28.071,8.5212e-11,Torr,15.large_stm_connectingPort,spray,15.large_stm_connectingPort/MassSpecData-02115-20261006-173914.csv,2026-10-06 17:29:29.326,9.979083333333334
2026-10-06 17:39:28.279,6.8746e-11,Torr,15.large_stm_connectingPort,spray,15.large_stm_connectingPort/MassSpecData-02115-20261006-173914.csv,2026-10-06 17:29:29.326,9.98255
2026-10-06 17:39:28.487,6.731e-11,Torr,15.large_stm_connectingPort,spray,15.large_stm_connectingPort/MassSpecData-02115-20261006-173914.csv,2026-10-06 17:29:29.326,9.986016666666666
2026-10-06 17:39:28.696,8.4154e-11,Torr,15.large_stm_connectingPort,spray,15.large_stm_connectingPort/MassSpecData-02115-20261006-173914.csv,2026-10-06 17:29:29.326,9.9895
2026-10-06 17:39:28.904,7.8618e-11,Torr,15.large_stm_connectingPort,spray,15.large_stm_connectingPort/MassSpecData-02115-20261006-173914.csv,2026-10-06 17:29:29.326,9.992966666666666
2026-10-06 17:39:29.112,6.236e-11,Torr,15.large_stm_connectingPort,spray,15.large_stm_connectingPort/MassSpecData-02115-20261006-173914.csv,2026-10-06 17:29:29.326,9.996433333333332
2026-10-06 17:39:29.321,8.2334e-11,Torr,15.large_stm_connectingPort,spray,15.large_stm_connectingPort/MassSpecData-02115-20261006-173914.csv,2026-10-06 17:29:29.326,9.999916666666667
2026-10-06 17:39:29.529,8.9187e-11,Torr,15.large_stm_connectingPort,spray,15.large_stm_connectingPort/MassSpecData-02115-20261006-173914.csv,2026-10-06 17:29:29.326,10.003383333333334
2026-10-06 17:39:29.737,8.2712e-11,Torr,15.large_stm_connectingPort,spray,15.large_stm_connectingPort/MassSpecData-02115-20261006-173914.csv,2026-10-06 17:29:29.326,10.006849999999998
2026-10-06 17:39:29.946,7.5706e-11,Torr,15.large_stm_connectingPort,spray,15.large_stm_connectingPort/MassSpecData-02115-20261006-173914.csv,2026-10-06 17:29:29.326,10.010333333333334
2026-10-06 17:39:30.154,7.9065e-11,Torr,15.large_stm_connectingPort,spray,15.large_stm_connectingPort/MassSpecData-02115-20261006-173914.csv,2026-10-06 17:29:29.326,10.0138
2026-10-06 17:39:30.362,9.0736e-11,Torr,15.large_stm_connectingPort,spray,15.large_stm_connectingPort/MassSpecData-02115-20261006-173914.csv,2026-10-06 17:29:29.326,10.017266666666666
2026-10-06 17:39:30.571,8.7388e-11,Torr,15.large_stm_connectingPort,spray,15.large_stm_connectingPort/MassSpecData-02115-20261006-173914.csv,2026-10-06 17:29:29.326,10.02075
2026-10-06 17:39:30.779,9.0276e-11,Torr,15.large_stm_connectingPort,spray,15.large_stm_connectingPort/MassSpecData-02115-20261006-173914.csv,2026-10-06 17:29:29.326,10.024216666666666
2026-10-06 17:39:30.987,7.2012e-11,Torr,15.large_stm_connectingPort,spray,15.large_stm_connectingPort/MassSpecData-02115-20261006-173914.csv,2026-10-06 17:29:29.326,10.027683333333332
2026-10-06 17:39:31.196,7.8422e-11,Torr,15.large_stm_connectingPort,spray,15.large_stm_connectingPort/MassSpecData-02115-20261006-173914.csv,2026-10-06 17:29:29.326,10.031166666666667
2026-10-06 17:39:31.404,8.1462e-11,Torr,15.large_stm_connectingPort,spray,15.large_stm_connectingPort/MassSpecData-02115-20261006-173914.csv,2026-10-06 17:29:29.326,10.034633333333334
2026-10-06 17:39:31.612,7.4953e-11,Torr,15.large_stm_connectingPort,spray,15.large_stm_connectingPort/MassSpecData-02115-20261006-173914.csv,2026-10-06 17:29:29.326,10.038099999999998
2026-10-06 17:39:31.821,7.5857e-11,Torr,15.large_stm_connectingPort,spray,15.large_stm_connectingPort/MassSpecData-02115-20261006-173914.csv,2026-10-06 17:29:29.326,10.041583333333334
2026-10-06 17:39:32.029,7.9176e-11,Torr,15.large_stm_connectingPort,spray,15.large_stm_connectingPort/MassSpecData-02115-20261006-173914.csv,2026-10-06 17:29:29.326,10.04505
2026-10-06 17:39:32.237,8.3733e-11,Torr,15.large_stm_connectingPort,spray,15.large_stm_connectingPort/MassSpecData-02115-20261006-173914.csv,2026-10-06 17:29:29.326,10.048516666666666
2026-10-06 17:39:32.446,8.6947e-11,Torr,15.large_stm_connectingPort,spray,15.large_stm_connectingPort/MassSpecData-02115-20261006-173914.csv,2026-10-06 17:29:29.326,10.052
2026-10-06 17:39:32.654,7.7222e-11,Torr,15.large_stm_connectingPort,spray,15.large_stm_connectingPort/MassSpecData-02115-20261006-173914.csv,2026-10-06 17:29:29.326,10.055466666666666
2026-10-06 17:39:32.862,7.9617e-11,Torr,15.large_stm_connectingPort,spray,15.large_stm_connectingPort/MassSpecData-02115-20261006-173914.csv,2026-10-06 17:29:29.326,10.058933333333332
2026-10-06 17:39:33.071,7.8084e-11,Torr,15.large_stm_connectingPort,spray,15.large_stm_connectingPort/MassSpecData-02115-20261006-173914.csv,2026-10-06 17:29:29.326,10.062416666666667
2026-10-06 17:39:33.279,8.7681e-11,Torr,15.large_stm_connectingPort,spray,15.large_stm_connectingPort/MassSpecData-02115-20261006-173914.csv,2026-10-06 17:29:29.326,10.065883333333334
2026-10-06 17:39:33.487,7.6316e-11,Torr,15.large_stm_connectingPort,spray,15.large_stm_connectingPort/MassSpecData-02115-20261006-173914.csv,2026-10-06 17:29:29.326,10.069349999999998
2026-10-06 17:39:33.696,6.1097e-11,Torr,15.large_stm_connectingPort,spray,15.large_stm_connectingPort/MassSpecData-02115-20261006-173914.csv,2026-10-06 17:29:29.326,10.072833333333334
2026-10-06 17:39:33.904,8.1363e-11,Torr,15.large_stm_connectingPort,spray,15.large_stm_connectingPort/MassSpecData-02115-20261006-173914.csv,2026-10-06 17:29:29.326,10.0763
2026-10-06 17:39:34.112,6.4016e-11,Torr,15.large_stm_connectingPort,spray,15.large_stm_connectingPort/MassSpecData-02115-20261006-173914.csv,2026-10-06 17:29:29.326,10.079766666666666
2026-10-06 17:39:34.320,6.7264e-11,Torr,15.large_stm_connectingPort,spray,15.large_stm_connectingPort/MassSpecData-02115-20261006-173914.csv,2026-10-06 17:29:29.326,10.083233333333334
2026-10-06 17:39:34.529,7.7803e-11,Torr,15.large_stm_connectingPort,spray,15.large_stm_connectingPort/MassSpecData-02115-20261006-173914.csv,2026-10-06 17:29:29.326,10.086716666666666
2026-10-06 17:39:34.737,7.484e-11,Torr,15.large_stm_connectingPort,spray,15.large_stm_connectingPort/MassSpecData-02115-20261006-173914.csv,2026-10-06 17:29:29.326,10.090183333333332
2026-10-06 17:39:34.945,7.7837e-11,Torr,15.large_stm_connectingPort,spray,15.large_stm_connectingPort/MassSpecData-02115-20261006-173914.csv,2026-10-06 17:29:29.326,10.09365
2026-10-06 17:39:35.154,7.3103e-11,Torr,15.large_stm_connectingPort,spray,15.large_stm_connectingPort/MassSpecData-02115-20261006-173914.csv,2026-10-06 17:29:29.326,10.097133333333334
2026-10-06 17:39:35.362,8.473e-11,Torr,15.large_stm_connectingPort,spray,15.large_stm_connectingPort/MassSpecData-02115-20261006-173914.csv,2026-10-06 17:29:29.326,10.100599999999998
2026-10-06 17:39:35.570,7.3673e-11,Torr,15.large_stm_connectingPort,spray,15.large_stm_connectingPort/MassSpecData-02115-20261006-173914.csv,2026-10-06 17:29:29.326,10.104066666666666
2026-10-06 17:39:35.779,6.7903e-11,Torr,15.large_stm_connectingPort,spray,15.large_stm_connectingPort/MassSpecData-02115-20261006-173914.csv,2026-10-06 17:29:29.326,10.10755
2026-10-06 17:39:35.987,8.2879e-11,Torr,15.large_stm_connectingPort,spray,15.large_stm_connectingPort/MassSpecData-02115-20261006-173914.csv,2026-10-06 17:29:29.326,10.111016666666666
2026-10-06 17:39:36.195,8.4241e-11,Torr,15.large_stm_connectingPort,spray,15.large_stm_connectingPort/MassSpecData-02115-20261006-173914.csv,2026-10-06 17:29:29.326,10.114483333333334
2026-10-06 17:39:36.404,7.3863e-11,Torr,15.large_stm_connectingPort,spray,15.large_stm_connectingPort/MassSpecData-02115-20261006-173914.csv,2026-10-06 17:29:29.326,10.117966666666666
2026-10-06 17:39:36.612,7.6203e-11,Torr,15.large_stm_connectingPort,spray,15.large_stm_connectingPort/MassSpecData-02115-20261006-173914.csv,2026-10-06 17:29:29.326,10.121433333333332
2026-10-06 17:39:36.820,8.5764e-11,Torr,15.large_stm_connectingPort,spray,15.large_stm_connectingPort/MassSpecData-02115-20261006-173914.csv,2026-10-06 17:29:29.326,10.1249
2026-10-06 17:39:37.029,7.5599e-11,Torr,15.large_stm_connectingPort,spray,15.large_stm_connectingPort/MassSpecData-02115-20261006-173914.csv,2026-10-06 17:29:29.326,10.128383333333334
2026-10-06 17:39:37.237,7.5784e-11,Torr,15.large_stm_connectingPort,spray,15.large_stm_connectingPort/MassSpecData-02115-20261006-173914.csv,2026-10-06 17:29:29.326,10.131849999999998
2026-10-06 17:39:37.445,8.3365e-11,Torr,15.large_stm_connectingPort,spray,15.large_stm_connectingPort/MassSpecData-02115-20261006-173914.csv,2026-10-06 17:29:29.326,10.135316666666666
2026-10-06 17:39:37.654,7.2239e-11,Torr,15.large_stm_connectingPort,spray,15.large_stm_connectingPort/MassSpecData-02115-20261006-173914.csv,2026-10-06 17:29:29.326,10.1388
2026-10-06 17:39:37.862,8.3266e-11,Torr,15.large_stm_connectingPort,spray,15.large_stm_connectingPort/MassSpecData-02115-20261006-173914.csv,2026-10-06 17:29:29.326,10.142266666666666
2026-10-06 17:39:38.070,8.0834e-11,Torr,15.large_stm_connectingPort,spray,15.large_stm_connectingPort/MassSpecData-02115-20261006-173914.csv,2026-10-06 17:29:29.326,10.145733333333334
2026-10-06 17:39:38.279,7.9026e-11,Torr,15.large_stm_connectingPort,spray,15.large_stm_connectingPort/MassSpecData-02115-20261006-173914.csv,2026-10-06 17:29:29.326,10.149216666666666
2026-10-06 17:39:38.487,8.4473e-11,Torr,15.large_stm_connectingPort,spray,15.large_stm_connectingPort/MassSpecData-02115-20261006-173914.csv,2026-10-06 17:29:29.326,10.152683333333332
2026-10-06 17:39:38.695,9.7054e-11,Torr,15.large_stm_connectingPort,spray,15.large_stm_connectingPort/MassSpecData-02115-20261006-173914.csv,2026-10-06 17:29:29.326,10.15615
2026-10-06 17:39:38.904,8.1203e-11,Torr,15.large_stm_connectingPort,spray,15.large_stm_connectingPort/MassSpecData-02115-20261006-173914.csv,2026-10-06 17:29:29.326,10.159633333333334
2026-10-06 17:39:39.112,7.5891e-11,Torr,15.large_stm_connectingPort,spray,15.large_stm_connectingPort/MassSpecData-02115-20261006-173914.csv,2026-10-06 17:29:29.326,10.163099999999998
2026-10-06 17:39:39.320,8.4902e-11,Torr,15.large_stm_connectingPort,spray,15.large_stm_connectingPort/MassSpecData-02115-20261006-173914.csv,2026-10-06 17:29:29.326,10.166566666666666
2026-10-06 17:39:39.529,7.5178e-11,Torr,15.large_stm_connectingPort,spray,15.large_stm_connectingPort/MassSpecData-02115-20261006-173914.csv,2026-10-06 17:29:29.326,10.17005
2026-10-06 17:39:39.737,7.7867e-11,Torr,15.large_stm_connectingPort,spray,15.large_stm_connectingPort/MassSpecData-02115-20261006-173914.csv,2026-10-06 17:29:29.326,10.173516666666666
2026-10-06 17:39:39.945,8.1978e-11,Torr,15.large_stm_connectingPort,spray,15.large_stm_connectingPort/MassSpecData-02115-20261006-173914.csv,2026-10-06 17:29:29.326,10.176983333333334
2026-10-06 17:39:40.154,7.9426e-11,Torr,15.large_stm_connectingPort,spray,15.large_stm_connectingPort/MassSpecData-02115-20261006-173914.csv,2026-10-06 17:29:29.326,10.180466666666666
2026-10-06 17:39:40.362,6.3276e-11,Torr,15.large_stm_connectingPort,spray,15.large_stm_connectingPort/MassSpecData-02115-20261006-173914.csv,2026-10-06 17:29:29.326,10.183933333333332
2026-10-06 17:39:40.570,8.0281e-11,Torr,15.large_stm_connectingPort,spray,15.large_stm_connectingPort/MassSpecData-02115-20261006-173914.csv,2026-10-06 17:29:29.326,10.1874
2026-10-06 17:39:40.779,7.9287e-11,Torr,15.large_stm_connectingPort,spray,15.large_stm_connectingPort/MassSpecData-02115-20261006-173914.csv,2026-10-06 17:29:29.326,10.190883333333334
2026-10-06 17:39:40.987,7.5475e-11,Torr,15.large_stm_connectingPort,spray,15.large_stm_connectingPort/MassSpecData-02115-20261006-173914.csv,2026-10-06 17:29:29.326,10.194349999999998
2026-10-06 17:39:41.195,8.2383e-11,Torr,15.large_stm_connectingPort,spray,15.large_stm_connectingPort/MassSpecData-02115-20261006-173914.csv,2026-10-06 17:29:29.326,10.197816666666666
2026-10-06 17:39:41.404,8.1261e-11,Torr,15.large_stm_connectingPort,spray,15.large_stm_connectingPort/MassSpecData-02115-20261006-173914.csv,2026-10-06 17:29:29.326,10.2013
2026-10-06 17:39:41.612,7.1474e-11,Torr,15.large_stm_connectingPort,spray,15.large_stm_connectingPort/MassSpecData-02115-20261006-173914.csv,2026-10-06 17:29:29.326,10.204766666666666
2026-10-06 17:39:41.820,7.981e-11,Torr,15.large_stm_connectingPort,spray,15.large_stm_connectingPort/MassSpecData-02115-20261006-173914.csv,2026-10-06 17:29:29.326,10.208233333333334
2026-10-06 17:39:42.029,7.2477e-11,Torr,15.large_stm_connectingPort,spray,15.large_stm_connectingPort/MassSpecData-02115-20261006-173914.csv,2026-10-06 17:29:29.326,10.211716666666666
2026-10-06 17:39:42.237,6.6143e-11,Torr,15.large_stm_connectingPort,spray,15.large_stm_connectingPort/MassSpecData-02115-20261006-173914.csv,2026-10-06 17:29:29.326,10.215183333333332
2026-10-06 17:39:42.445,7.7659e-11,Torr,15.large_stm_connectingPort,spray,15.large_stm_connectingPort/MassSpecData-02115-20261006-173914.csv,2026-10-06 17:29:29.326,10.21865
2026-10-06 17:39:42.654,6.6858e-11,Torr,15.large_stm_connectingPort,spray,15.large_stm_connectingPort/MassSpecData-02115-20261006-173914.csv,2026-10-06 17:29:29.326,10.222133333333334
2026-10-06 17:39:42.862,8.1776e-11,Torr,15.large_stm_connectingPort,spray,15.large_stm_connectingPort/MassSpecData-02115-20261006-173914.csv,2026-10-06 17:29:29.326,10.225599999999998
2026-10-06 17:39:43.070,7.346e-11,Torr,15.large_stm_connectingPort,spray,15.large_stm_connectingPort/MassSpecData-02115-20261006-173914.csv,2026-10-06 17:29:29.326,10.229066666666666
2026-10-06 17:39:43.279,9.67e-11,Torr,15.large_stm_connectingPort,spray,15.large_stm_connectingPort/MassSpecData-02115-20261006-173914.csv,2026-10-06 17:29:29.326,10.23255
2026-10-06 17:39:43.487,8.9194e-11,Torr,15.large_stm_connectingPort,spray,15.large_stm_connectingPort/MassSpecData-02115-20261006-173914.csv,2026-10-06 17:29:29.326,10.236016666666666
2026-10-06 17:39:43.695,7.7279e-11,Torr,15.large_stm_connectingPort,spray,15.large_stm_connectingPort/MassSpecData-02115-20261006-173914.csv,2026-10-06 17:29:29.326,10.239483333333334
2026-10-06 17:39:43.904,7.4215e-11,Torr,15.large_stm_connectingPort,spray,15.large_stm_connectingPort/MassSpecData-02115-20261006-173914.csv,2026-10-06 17:29:29.326,10.242966666666666
2026-10-06 17:39:44.112,8.2552e-11,Torr,15.large_stm_connectingPort,spray,15.large_stm_connectingPort/MassSpecData-02115-20261006-173914.csv,2026-10-06 17:29:29.326,10.246433333333332
2026-10-06 17:39:44.320,8.0955e-11,Torr,15.large_stm_connectingPort,spray,15.large_stm_connectingPort/MassSpecData-02115-20261006-173914.csv,2026-10-06 17:29:29.326,10.2499
2026-10-06 17:39:44.529,8.136e-11,Torr,15.large_stm_connectingPort,spray,15.large_stm_connectingPort/MassSpecData-02115-20261006-173914.csv,2026-10-06 17:29:29.326,10.253383333333334
2026-10-06 17:39:44.737,8.8999e-11,Torr,15.large_stm_connectingPort,spray,15.large_stm_connectingPort/MassSpecData-02115-20261006-173914.csv,2026-10-06 17:29:29.326,10.256849999999998
2026-10-06 17:39:44.945,7.899e-11,Torr,15.large_stm_connectingPort,spray,15.large_stm_connectingPort/MassSpecData-02115-20261006-173914.csv,2026-10-06 17:29:29.326,10.260316666666666
2026-10-06 17:39:45.154,6.7694e-11,Torr,15.large_stm_connectingPort,spray,15.large_stm_connectingPort/MassSpecData-02115-20261006-173914.csv,2026-10-06 17:29:29.326,10.2638
2026-10-06 17:39:45.362,7.5238e-11,Torr,15.large_stm_connectingPort,spray,15.large_stm_connectingPort/MassSpecData-02115-20261006-173914.csv,2026-10-06 17:29:29.326,10.267266666666666
2026-10-06 17:39:45.570,8.5205e-11,Torr,15.large_stm_connectingPort,spray,15.large_stm_connectingPort/MassSpecData-02115-20261006-173914.csv,2026-10-06 17:29:29.326,10.270733333333334
2026-10-06 17:39:45.779,6.9697e-11,Torr,15.large_stm_connectingPort,spray,15.large_stm_connectingPort/MassSpecData-02115-20261006-173914.csv,2026-10-06 17:29:29.326,10.274216666666666
2026-10-06 17:39:45.987,8.4281e-11,Torr,15.large_stm_connectingPort,spray,15.large_stm_connectingPort/MassSpecData-02115-20261006-173914.csv,2026-10-06 17:29:29.326,10.277683333333332
2026-10-06 17:39:46.195,6.7108e-11,Torr,15.large_stm_connectingPort,spray,15.large_stm_connectingPort/MassSpecData-02115-20261006-173914.csv,2026-10-06 17:29:29.326,10.28115
2026-10-06 17:39:46.404,8.1955e-11,Torr,15.large_stm_connectingPort,spray,15.large_stm_connectingPort/MassSpecData-02115-20261006-173914.csv,2026-10-06 17:29:29.326,10.284633333333334
2026-10-06 17:39:46.612,7.901e-11,Torr,15.large_stm_connectingPort,spray,15.large_stm_connectingPort/MassSpecData-02115-20261006-173914.csv,2026-10-06 17:29:29.326,10.288099999999998
2026-10-06 17:39:46.820,9.3952e-11,Torr,15.large_stm_connectingPort,spray,15.large_stm_connectingPort/MassSpecData-02115-20261006-173914.csv,2026-10-06 17:29:29.326,10.291566666666666
2026-10-06 17:39:47.029,8.9467e-11,Torr,15.large_stm_connectingPort,spray,15.large_stm_connectingPort/MassSpecData-02115-20261006-173914.csv,2026-10-06 17:29:29.326,10.29505
2026-10-06 17:39:47.237,7.5852e-11,Torr,15.large_stm_connectingPort,spray,15.large_stm_connectingPort/MassSpecData-02115-20261006-173914.csv,2026-10-06 17:29:29.326,10.298516666666666
2026-10-06 17:39:47.445,8.0008e-11,Torr,15.large_stm_connectingPort,spray,15.large_stm_connectingPort/MassSpecData-02115-20261006-173914.csv,2026-10-06 17:29:29.326,10.301983333333334
2026-10-06 17:39:47.654,9.3425e-11,Torr,15.large_stm_connectingPort,spray,15.large_stm_connectingPort/MassSpecData-02115-20261006-173914.csv,2026-10-06 17:29:29.326,10.305466666666666
2026-10-06 17:39:47.862,9.0093e-11,Torr,15.large_stm_connectingPort,spray,15.large_stm_connectingPort/MassSpecData-02115-20261006-173914.csv,2026-10-06 17:29:29.326,10.308933333333332
2026-10-06 17:39:48.070,7.1637e-11,Torr,15.large_stm_connectingPort,spray,15.large_stm_connectingPort/MassSpecData-02115-20261006-173914.csv,2026-10-06 17:29:29.326,10.3124
2026-10-06 17:39:48.279,8.4768e-11,Torr,15.large_stm_connectingPort,spray,15.large_stm_connectingPort/MassSpecData-02115-20261006-173914.csv,2026-10-06 17:29:29.326,10.315883333333334
2026-10-06 17:39:48.487,7.6484e-11,Torr,15.large_stm_connectingPort,spray,15.large_stm_connectingPort/MassSpecData-02115-20261006-173914.csv,2026-10-06 17:29:29.326,10.319349999999998
2026-10-06 17:39:48.695,7.9853e-11,Torr,15.large_stm_connectingPort,spray,15.large_stm_connectingPort/MassSpecData-02115-20261006-173914.csv,2026-10-06 17:29:29.326,10.322816666666666
2026-10-06 17:39:48.904,9.2261e-11,Torr,15.large_stm_connectingPort,spray,15.large_stm_connectingPort/MassSpecData-02115-20261006-173914.csv,2026-10-06 17:29:29.326,10.3263
2026-10-06 17:39:49.112,9.7779e-11,Torr,15.large_stm_connectingPort,spray,15.large_stm_connectingPort/MassSpecData-02115-20261006-173914.csv,2026-10-06 17:29:29.326,10.329766666666666
2026-10-06 17:39:49.320,7.0976e-11,Torr,15.large_stm_connectingPort,spray,15.large_stm_connectingPort/MassSpecData-02115-20261006-173914.csv,2026-10-06 17:29:29.326,10.333233333333334
2026-10-06 17:39:49.529,7.0672e-11,Torr,15.large_stm_connectingPort,spray,15.large_stm_connectingPort/MassSpecData-02115-20261006-173914.csv,2026-10-06 17:29:29.326,10.336716666666666
2026-10-06 17:39:49.737,8.0233e-11,Torr,15.large_stm_connectingPort,spray,15.large_stm_connectingPort/MassSpecData-02115-20261006-173914.csv,2026-10-06 17:29:29.326,10.340183333333332
2026-10-06 17:39:49.945,1.0071e-10,Torr,15.large_stm_connectingPort,spray,15.large_stm_connectingPort/MassSpecData-02115-20261006-173914.csv,2026-10-06 17:29:29.326,10.34365
2026-10-06 17:39:50.154,8.5828e-11,Torr,15.large_stm_connectingPort,spray,15.large_stm_connectingPort/MassSpecData-02115-20261006-173914.csv,2026-10-06 17:29:29.326,10.347133333333334
2026-10-06 17:39:50.362,7.6946e-11,Torr,15.large_stm_connectingPort,spray,15.large_stm_connectingPort/MassSpecData-02115-20261006-173914.csv,2026-10-06 17:29:29.326,10.350599999999998
2026-10-06 17:39:50.570,8.3323e-11,Torr,15.large_stm_connectingPort,spray,15.large_stm_connectingPort/MassSpecData-02115-20261006-173914.csv,2026-10-06 17:29:29.326,10.354066666666666
2026-10-06 17:39:50.779,7.6948e-11,Torr,15.large_stm_connectingPort,spray,15.large_stm_connectingPort/MassSpecData-02115-20261006-173914.csv,2026-10-06 17:29:29.326,10.35755
2026-10-06 17:39:50.987,8.038e-11,Torr,15.large_stm_connectingPort,spray,15.large_stm_connectingPort/MassSpecData-02115-20261006-173914.csv,2026-10-06 17:29:29.326,10.361016666666666
2026-10-06 17:39:51.195,8.5128e-11,Torr,15.large_stm_connectingPort,spray,15.large_stm_connectingPort/MassSpecData-02115-20261006-173914.csv,2026-10-06 17:29:29.326,10.364483333333334
2026-10-06 17:39:51.404,8.7559e-11,Torr,15.large_stm_connectingPort,spray,15.large_stm_connectingPort/MassSpecData-02115-20261006-173914.csv,2026-10-06 17:29:29.326,10.367966666666666
2026-10-06 17:39:51.612,9.5386e-11,Torr,15.large_stm_connectingPort,spray,15.large_stm_connectingPort/MassSpecData-02115-20261006-173914.csv,2026-10-06 17:29:29.326,10.371433333333332
2026-10-06 17:39:51.820,6.6603e-11,Torr,15.large_stm_connectingPort,spray,15.large_stm_connectingPort/MassSpecData-02115-20261006-173914.csv,2026-10-06 17:29:29.326,10.3749
2026-10-06 17:39:52.029,7.5649e-11,Torr,15.large_stm_connectingPort,spray,15.large_stm_connectingPort/MassSpecData-02115-20261006-173914.csv,2026-10-06 17:29:29.326,10.378383333333334
2026-10-06 17:39:52.237,7.3563e-11,Torr,15.large_stm_connectingPort,spray,15.large_stm_connectingPort/MassSpecData-02115-20261006-173914.csv,2026-10-06 17:29:29.326,10.381849999999998
2026-10-06 17:39:52.446,6.9536e-11,Torr,15.large_stm_connectingPort,spray,15.large_stm_connectingPort/MassSpecData-02115-20261006-173914.csv,2026-10-06 17:29:29.326,10.385333333333334
2026-10-06 17:39:52.654,8.446e-11,Torr,15.large_stm_connectingPort,spray,15.large_stm_connectingPort/MassSpecData-02115-20261006-173914.csv,2026-10-06 17:29:29.326,10.3888
2026-10-06 17:39:52.862,9.0206e-11,Torr,15.large_stm_connectingPort,spray,15.large_stm_connectingPort/MassSpecData-02115-20261006-173914.csv,2026-10-06 17:29:29.326,10.392266666666666
2026-10-06 17:39:53.071,7.8515e-11,Torr,15.large_stm_connectingPort,spray,15.large_stm_connectingPort/MassSpecData-02115-20261006-173914.csv,2026-10-06 17:29:29.326,10.39575
2026-10-06 17:39:53.279,9.9721e-11,Torr,15.large_stm_connectingPort,spray,15.large_stm_connectingPort/MassSpecData-02115-20261006-173914.csv,2026-10-06 17:29:29.326,10.399216666666666
2026-10-06 17:39:53.487,8.6716e-11,Torr,15.large_stm_connectingPort,spray,15.large_stm_connectingPort/MassSpecData-02115-20261006-173914.csv,2026-10-06 17:29:29.326,10.402683333333332
2026-10-06 17:39:53.696,7.4182e-11,Torr,15.large_stm_connectingPort,spray,15.large_stm_connectingPort/MassSpecData-02115-20261006-173914.csv,2026-10-06 17:29:29.326,10.406166666666667
2026-10-06 17:39:53.904,8.0166e-11,Torr,15.large_stm_connectingPort,spray,15.large_stm_connectingPort/MassSpecData-02115-20261006-173914.csv,2026-10-06 17:29:29.326,10.409633333333334
2026-10-06 17:39:54.112,7.6263e-11,Torr,15.large_stm_connectingPort,spray,15.large_stm_connectingPort/MassSpecData-02115-20261006-173914.csv,2026-10-06 17:29:29.326,10.413099999999998
2026-10-06 17:39:54.321,8.368e-11,Torr,15.large_stm_connectingPort,spray,15.large_stm_connectingPort/MassSpecData-02115-20261006-173914.csv,2026-10-06 17:29:29.326,10.416583333333334
2026-10-06 17:39:54.529,1.0429e-10,Torr,15.large_stm_connectingPort,spray,15.large_stm_connectingPort/MassSpecData-02115-20261006-173914.csv,2026-10-06 17:29:29.326,10.42005
2026-10-06 17:39:54.737,6.5736e-11,Torr,15.large_stm_connectingPort,spray,15.large_stm_connectingPort/MassSpecData-02115-20261006-173914.csv,2026-10-06 17:29:29.326,10.423516666666666
2026-10-06 17:39:54.946,7.5261e-11,Torr,15.large_stm_connectingPort,spray,15.large_stm_connectingPort/MassSpecData-02115-20261006-173914.csv,2026-10-06 17:29:29.326,10.427
2026-10-06 17:39:55.154,8.8725e-11,Torr,15.large_stm_connectingPort,spray,15.large_stm_connectingPort/MassSpecData-02115-20261006-173914.csv,2026-10-06 17:29:29.326,10.430466666666666
2026-10-06 17:39:55.362,7.9271e-11,Torr,15.large_stm_connectingPort,spray,15.large_stm_connectingPort/MassSpecData-02115-20261006-173914.csv,2026-10-06 17:29:29.326,10.433933333333332
2026-10-06 17:39:55.571,7.6393e-11,Torr,15.large_stm_connectingPort,spray,15.large_stm_connectingPort/MassSpecData-02115-20261006-173914.csv,2026-10-06 17:29:29.326,10.437416666666667
2026-10-06 17:39:55.779,7.5804e-11,Torr,15.large_stm_connectingPort,spray,15.large_stm_connectingPort/MassSpecData-02115-20261006-173914.csv,2026-10-06 17:29:29.326,10.440883333333334
2026-10-06 17:39:55.987,8.0485e-11,Torr,15.large_stm_connectingPort,spray,15.large_stm_connectingPort/MassSpecData-02115-20261006-173914.csv,2026-10-06 17:29:29.326,10.444349999999998
2026-10-06 17:39:56.337,7.1548e-11,Torr,15.large_stm_connectingPort,spray,15.large_stm_connectingPort/MassSpecData-02115-20261006-173956.csv,2026-10-06 17:29:29.326,10.450183333333333
2026-10-06 17:39:56.545,7.3844e-11,Torr,15.large_stm_connectingPort,spray,15.large_stm_connectingPort/MassSpecData-02115-20261006-173956.csv,2026-10-06 17:29:29.326,10.453650000000001
2026-10-06 17:39:56.754,8.8132e-11,Torr,15.large_stm_connectingPort,spray,15.large_stm_connectingPort/MassSpecData-02115-20261006-173956.csv,2026-10-06 17:29:29.326,10.457133333333333
2026-10-06 17:39:56.962,8.9231e-11,Torr,15.large_stm_connectingPort,spray,15.large_stm_connectingPort/MassSpecData-02115-20261006-173956.csv,2026-10-06 17:29:29.326,10.4606
2026-10-06 17:39:57.170,7.5473e-11,Torr,15.large_stm_connectingPort,spray,15.large_stm_connectingPort/MassSpecData-02115-20261006-173956.csv,2026-10-06 17:29:29.326,10.464066666666668
2026-10-06 17:39:57.379,8.2244e-11,Torr,15.large_stm_connectingPort,spray,15.large_stm_connectingPort/MassSpecData-02115-20261006-173956.csv,2026-10-06 17:29:29.326,10.46755
2026-10-06 17:39:57.587,7.4779e-11,Torr,15.large_stm_connectingPort,spray,15.large_stm_connectingPort/MassSpecData-02115-20261006-173956.csv,2026-10-06 17:29:29.326,10.471016666666666
2026-10-06 17:39:57.795,7.9567e-11,Torr,15.large_stm_connectingPort,spray,15.large_stm_connectingPort/MassSpecData-02115-20261006-173956.csv,2026-10-06 17:29:29.326,10.474483333333334
2026-10-06 17:39:58.003,8.4658e-11,Torr,15.large_stm_connectingPort,spray,15.large_stm_connectingPort/MassSpecData-02115-20261006-173956.csv,2026-10-06 17:29:29.326,10.47795
2026-10-06 17:39:58.212,8.1013e-11,Torr,15.large_stm_connectingPort,spray,15.large_stm_connectingPort/MassSpecData-02115-20261006-173956.csv,2026-10-06 17:29:29.326,10.481433333333333
2026-10-06 17:39:58.420,6.8004e-11,Torr,15.large_stm_connectingPort,spray,15.large_stm_connectingPort/MassSpecData-02115-20261006-173956.csv,2026-10-06 17:29:29.326,10.484900000000001
2026-10-06 17:39:58.629,8.5195e-11,Torr,15.large_stm_connectingPort,spray,15.large_stm_connectingPort/MassSpecData-02115-20261006-173956.csv,2026-10-06 17:29:29.326,10.488383333333333
2026-10-06 17:39:58.837,8.5618e-11,Torr,15.large_stm_connectingPort,spray,15.large_stm_connectingPort/MassSpecData-02115-20261006-173956.csv,2026-10-06 17:29:29.326,10.49185
2026-10-06 17:39:59.045,8.3827e-11,Torr,15.large_stm_connectingPort,spray,15.large_stm_connectingPort/MassSpecData-02115-20261006-173956.csv,2026-10-06 17:29:29.326,10.495316666666668
2026-10-06 17:39:59.254,8.1827e-11,Torr,15.large_stm_connectingPort,spray,15.large_stm_connectingPort/MassSpecData-02115-20261006-173956.csv,2026-10-06 17:29:29.326,10.4988
2026-10-06 17:39:59.462,7.3586e-11,Torr,15.large_stm_connectingPort,spray,15.large_stm_connectingPort/MassSpecData-02115-20261006-173956.csv,2026-10-06 17:29:29.326,10.502266666666666
2026-10-06 17:39:59.670,7.9986e-11,Torr,15.large_stm_connectingPort,spray,15.large_stm_connectingPort/MassSpecData-02115-20261006-173956.csv,2026-10-06 17:29:29.326,10.505733333333334
2026-10-06 17:39:59.879,8.2153e-11,Torr,15.large_stm_connectingPort,spray,15.large_stm_connectingPort/MassSpecData-02115-20261006-173956.csv,2026-10-06 17:29:29.326,10.509216666666667
2026-10-06 17:40:00.087,7.3239e-11,Torr,15.large_stm_connectingPort,spray,15.large_stm_connectingPort/MassSpecData-02115-20261006-173956.csv,2026-10-06 17:29:29.326,10.512683333333333
2026-10-06 17:40:00.295,9.1583e-11,Torr,15.large_stm_connectingPort,spray,15.large_stm_connectingPort/MassSpecData-02115-20261006-173956.csv,2026-10-06 17:29:29.326,10.516150000000001
2026-10-06 17:40:00.504,8.5469e-11,Torr,15.large_stm_connectingPort,spray,15.large_stm_connectingPort/MassSpecData-02115-20261006-173956.csv,2026-10-06 17:29:29.326,10.519633333333333
2026-10-06 17:40:00.712,7.4137e-11,Torr,15.large_stm_connectingPort,spray,15.large_stm_connectingPort/MassSpecData-02115-20261006-173956.csv,2026-10-06 17:29:29.326,10.5231
2026-10-06 17:40:00.920,7.4755e-11,Torr,15.large_stm_connectingPort,spray,15.large_stm_connectingPort/MassSpecData-02115-20261006-173956.csv,2026-10-06 17:29:29.326,10.526566666666668
2026-10-06 17:40:01.129,7.9224e-11,Torr,15.large_stm_connectingPort,spray,15.large_stm_connectingPort/MassSpecData-02115-20261006-173956.csv,2026-10-06 17:29:29.326,10.53005
2026-10-06 17:40:01.337,8.5083e-11,Torr,15.large_stm_connectingPort,spray,15.large_stm_connectingPort/MassSpecData-02115-20261006-173956.csv,2026-10-06 17:29:29.326,10.533516666666666
2026-10-06 17:40:01.545,9.04e-11,Torr,15.large_stm_connectingPort,spray,15.large_stm_connectingPort/MassSpecData-02115-20261006-173956.csv,2026-10-06 17:29:29.326,10.536983333333334
2026-10-06 17:40:01.753,9.2148e-11,Torr,15.large_stm_connectingPort,spray,15.large_stm_connectingPort/MassSpecData-02115-20261006-173956.csv,2026-10-06 17:29:29.326,10.54045
2026-10-06 17:40:01.962,6.8847e-11,Torr,15.large_stm_connectingPort,spray,15.large_stm_connectingPort/MassSpecData-02115-20261006-173956.csv,2026-10-06 17:29:29.326,10.543933333333333
2026-10-06 17:40:02.170,7.5864e-11,Torr,15.large_stm_connectingPort,spray,15.large_stm_connectingPort/MassSpecData-02115-20261006-173956.csv,2026-10-06 17:29:29.326,10.547400000000001
2026-10-06 17:40:02.378,9.8443e-11,Torr,15.large_stm_connectingPort,spray,15.large_stm_connectingPort/MassSpecData-02115-20261006-173956.csv,2026-10-06 17:29:29.326,10.550866666666668
2026-10-06 17:40:02.587,7.8597e-11,Torr,15.large_stm_connectingPort,spray,15.large_stm_connectingPort/MassSpecData-02115-20261006-173956.csv,2026-10-06 17:29:29.326,10.55435
2026-10-06 17:40:02.795,7.4721e-11,Torr,15.large_stm_connectingPort,spray,15.large_stm_connectingPort/MassSpecData-02115-20261006-173956.csv,2026-10-06 17:29:29.326,10.557816666666668
2026-10-06 17:40:03.003,7.551e-11,Torr,15.large_stm_connectingPort,spray,15.large_stm_connectingPort/MassSpecData-02115-20261006-173956.csv,2026-10-06 17:29:29.326,10.561283333333334
2026-10-06 17:40:03.212,8.2026e-11,Torr,15.large_stm_connectingPort,spray,15.large_stm_connectingPort/MassSpecData-02115-20261006-173956.csv,2026-10-06 17:29:29.326,10.564766666666666
2026-10-06 17:40:03.420,8.354e-11,Torr,15.large_stm_connectingPort,spray,15.large_stm_connectingPort/MassSpecData-02115-20261006-173956.csv,2026-10-06 17:29:29.326,10.568233333333334
2026-10-06 17:40:03.628,8.449e-11,Torr,15.large_stm_connectingPort,spray,15.large_stm_connectingPort/MassSpecData-02115-20261006-173956.csv,2026-10-06 17:29:29.326,10.5717
2026-10-06 17:40:03.837,8.9068e-11,Torr,15.large_stm_connectingPort,spray,15.large_stm_connectingPort/MassSpecData-02115-20261006-173956.csv,2026-10-06 17:29:29.326,10.575183333333333
2026-10-06 17:40:04.045,8.1989e-11,Torr,15.large_stm_connectingPort,spray,15.large_stm_connectingPort/MassSpecData-02115-20261006-173956.csv,2026-10-06 17:29:29.326,10.578650000000001
2026-10-06 17:40:04.253,8.643e-11,Torr,15.large_stm_connectingPort,spray,15.large_stm_connectingPort/MassSpecData-02115-20261006-173956.csv,2026-10-06 17:29:29.326,10.582116666666668
2026-10-06 17:40:04.462,7.6555e-11,Torr,15.large_stm_connectingPort,spray,15.large_stm_connectingPort/MassSpecData-02115-20261006-173956.csv,2026-10-06 17:29:29.326,10.5856
2026-10-06 17:40:04.670,7.7669e-11,Torr,15.large_stm_connectingPort,spray,15.large_stm_connectingPort/MassSpecData-02115-20261006-173956.csv,2026-10-06 17:29:29.326,10.589066666666668
2026-10-06 17:40:04.878,7.4515e-11,Torr,15.large_stm_connectingPort,spray,15.large_stm_connectingPort/MassSpecData-02115-20261006-173956.csv,2026-10-06 17:29:29.326,10.592533333333334
2026-10-06 17:40:05.087,7.7877e-11,Torr,15.large_stm_connectingPort,spray,15.large_stm_connectingPort/MassSpecData-02115-20261006-173956.csv,2026-10-06 17:29:29.326,10.596016666666666
2026-10-06 17:40:05.295,7.0767e-11,Torr,15.large_stm_connectingPort,spray,15.large_stm_connectingPort/MassSpecData-02115-20261006-173956.csv,2026-10-06 17:29:29.326,10.599483333333334
2026-10-06 17:40:05.504,9.2057e-11,Torr,15.large_stm_connectingPort,spray,15.large_stm_connectingPort/MassSpecData-02115-20261006-173956.csv,2026-10-06 17:29:29.326,10.602966666666667
2026-10-06 17:40:05.712,6.8622e-11,Torr,15.large_stm_connectingPort,spray,15.large_stm_connectingPort/MassSpecData-02115-20261006-173956.csv,2026-10-06 17:29:29.326,10.606433333333333
2026-10-06 17:40:05.920,7.473e-11,Torr,15.large_stm_connectingPort,spray,15.large_stm_connectingPort/MassSpecData-02115-20261006-173956.csv,2026-10-06 17:29:29.326,10.609900000000001
2026-10-06 17:40:06.129,5.9887e-11,Torr,15.large_stm_connectingPort,spray,15.large_stm_connectingPort/MassSpecData-02115-20261006-173956.csv,2026-10-06 17:29:29.326,10.613383333333333
2026-10-06 17:40:06.337,7.6136e-11,Torr,15.large_stm_connectingPort,spray,15.large_stm_connectingPort/MassSpecData-02115-20261006-173956.csv,2026-10-06 17:29:29.326,10.61685
2026-10-06 17:40:06.545,7.5025e-11,Torr,15.large_stm_connectingPort,spray,15.large_stm_connectingPort/MassSpecData-02115-20261006-173956.csv,2026-10-06 17:29:29.326,10.620316666666668
2026-10-06 17:40:06.754,7.1137e-11,Torr,15.large_stm_connectingPort,spray,15.large_stm_connectingPort/MassSpecData-02115-20261006-173956.csv,2026-10-06 17:29:29.326,10.6238
2026-10-06 17:40:06.962,9.4507e-11,Torr,15.large_stm_connectingPort,spray,15.large_stm_connectingPort/MassSpecData-02115-20261006-173956.csv,2026-10-06 17:29:29.326,10.627266666666666
2026-10-06 17:40:07.170,7.3655e-11,Torr,15.large_stm_connectingPort,spray,15.large_stm_connectingPort/MassSpecData-02115-20261006-173956.csv,2026-10-06 17:29:29.326,10.630733333333334
2026-10-06 17:40:07.379,9.3096e-11,Torr,15.large_stm_connectingPort,spray,15.large_stm_connectingPort/MassSpecData-02115-20261006-173956.csv,2026-10-06 17:29:29.326,10.634216666666667
2026-10-06 17:40:07.587,7.733e-11,Torr,15.large_stm_connectingPort,spray,15.large_stm_connectingPort/MassSpecData-02115-20261006-173956.csv,2026-10-06 17:29:29.326,10.637683333333333
2026-10-06 17:40:07.795,7.372e-11,Torr,15.large_stm_connectingPort,spray,15.large_stm_connectingPort/MassSpecData-02115-20261006-173956.csv,2026-10-06 17:29:29.326,10.641150000000001
2026-10-06 17:40:08.004,1.0067e-10,Torr,15.large_stm_connectingPort,spray,15.large_stm_connectingPort/MassSpecData-02115-20261006-173956.csv,2026-10-06 17:29:29.326,10.644633333333333
2026-10-06 17:40:08.212,8.0382e-11,Torr,15.large_stm_connectingPort,spray,15.large_stm_connectingPort/MassSpecData-02115-20261006-173956.csv,2026-10-06 17:29:29.326,10.6481
2026-10-06 17:40:08.420,7.7523e-11,Torr,15.large_stm_connectingPort,spray,15.large_stm_connectingPort/MassSpecData-02115-20261006-173956.csv,2026-10-06 17:29:29.326,10.651566666666668
2026-10-06 17:40:08.629,8.2544e-11,Torr,15.large_stm_connectingPort,spray,15.large_stm_connectingPort/MassSpecData-02115-20261006-173956.csv,2026-10-06 17:29:29.326,10.65505
2026-10-06 17:40:08.837,9.7877e-11,Torr,15.large_stm_connectingPort,spray,15.large_stm_connectingPort/MassSpecData-02115-20261006-173956.csv,2026-10-06 17:29:29.326,10.658516666666666
2026-10-06 17:40:09.045,6.8063e-11,Torr,15.large_stm_connectingPort,spray,15.large_stm_connectingPort/MassSpecData-02115-20261006-173956.csv,2026-10-06 17:29:29.326,10.661983333333334
2026-10-06 17:40:09.254,7.4259e-11,Torr,15.large_stm_connectingPort,spray,15.large_stm_connectingPort/MassSpecData-02115-20261006-173956.csv,2026-10-06 17:29:29.326,10.665466666666667
2026-10-06 17:40:09.462,7.2163e-11,Torr,15.large_stm_connectingPort,spray,15.large_stm_connectingPort/MassSpecData-02115-20261006-173956.csv,2026-10-06 17:29:29.326,10.668933333333333
2026-10-06 17:40:09.670,8.1711e-11,Torr,15.large_stm_connectingPort,spray,15.large_stm_connectingPort/MassSpecData-02115-20261006-173956.csv,2026-10-06 17:29:29.326,10.672400000000001
2026-10-06 17:40:09.879,7.7125e-11,Torr,15.large_stm_connectingPort,spray,15.large_stm_connectingPort/MassSpecData-02115-20261006-173956.csv,2026-10-06 17:29:29.326,10.675883333333333
2026-10-06 17:40:10.087,8.3304e-11,Torr,15.large_stm_connectingPort,spray,15.large_stm_connectingPort/MassSpecData-02115-20261006-173956.csv,2026-10-06 17:29:29.326,10.67935
2026-10-06 17:40:10.295,6.3473e-11,Torr,15.large_stm_connectingPort,spray,15.large_stm_connectingPort/MassSpecData-02115-20261006-173956.csv,2026-10-06 17:29:29.326,10.682816666666668
2026-10-06 17:40:10.504,7.5454e-11,Torr,15.large_stm_connectingPort,spray,15.large_stm_connectingPort/MassSpecData-02115-20261006-173956.csv,2026-10-06 17:29:29.326,10.6863
2026-10-06 17:40:10.712,8.3425e-11,Torr,15.large_stm_connectingPort,spray,15.large_stm_connectingPort/MassSpecData-02115-20261006-173956.csv,2026-10-06 17:29:29.326,10.689766666666666
2026-10-06 17:40:10.920,8.9444e-11,Torr,15.large_stm_connectingPort,spray,15.large_stm_connectingPort/MassSpecData-02115-20261006-173956.csv,2026-10-06 17:29:29.326,10.693233333333334
2026-10-06 17:40:11.129,1.0018e-10,Torr,15.large_stm_connectingPort,spray,15.large_stm_connectingPort/MassSpecData-02115-20261006-173956.csv,2026-10-06 17:29:29.326,10.696716666666667
2026-10-06 17:40:11.337,9.7124e-11,Torr,15.large_stm_connectingPort,spray,15.large_stm_connectingPort/MassSpecData-02115-20261006-173956.csv,2026-10-06 17:29:29.326,10.700183333333333
2026-10-06 17:40:11.545,8.5018e-11,Torr,15.large_stm_connectingPort,spray,15.large_stm_connectingPort/MassSpecData-02115-20261006-173956.csv,2026-10-06 17:29:29.326,10.703650000000001
2026-10-06 17:40:11.754,7.7033e-11,Torr,15.large_stm_connectingPort,spray,15.large_stm_connectingPort/MassSpecData-02115-20261006-173956.csv,2026-10-06 17:29:29.326,10.707133333333333
2026-10-06 17:40:11.962,7.5445e-11,Torr,15.large_stm_connectingPort,spray,15.large_stm_connectingPort/MassSpecData-02115-20261006-173956.csv,2026-10-06 17:29:29.326,10.7106
2026-10-06 17:40:12.170,7.1234e-11,Torr,15.large_stm_connectingPort,spray,15.large_stm_connectingPort/MassSpecData-02115-20261006-173956.csv,2026-10-06 17:29:29.326,10.714066666666668
2026-10-06 17:40:12.379,7.2586e-11,Torr,15.large_stm_connectingPort,spray,15.large_stm_connectingPort/MassSpecData-02115-20261006-173956.csv,2026-10-06 17:29:29.326,10.71755
2026-10-06 17:40:12.587,8.644e-11,Torr,15.large_stm_connectingPort,spray,15.large_stm_connectingPort/MassSpecData-02115-20261006-173956.csv,2026-10-06 17:29:29.326,10.721016666666666
2026-10-06 17:40:12.795,7.596e-11,Torr,15.large_stm_connectingPort,spray,15.large_stm_connectingPort/MassSpecData-02115-20261006-173956.csv,2026-10-06 17:29:29.326,10.724483333333334
2026-10-06 17:40:13.004,7.4626e-11,Torr,15.large_stm_connectingPort,spray,15.large_stm_connectingPort/MassSpecData-02115-20261006-173956.csv,2026-10-06 17:29:29.326,10.727966666666667
2026-10-06 17:40:13.212,7.6556e-11,Torr,15.large_stm_connectingPort,spray,15.large_stm_connectingPort/MassSpecData-02115-20261006-173956.csv,2026-10-06 17:29:29.326,10.731433333333333
2026-10-06 17:40:13.420,1.0258e-10,Torr,15.large_stm_connectingPort,spray,15.large_stm_connectingPort/MassSpecData-02115-20261006-173956.csv,2026-10-06 17:29:29.326,10.734900000000001
2026-10-06 17:40:13.629,7.5936e-11,Torr,15.large_stm_connectingPort,spray,15.large_stm_connectingPort/MassSpecData-02115-20261006-173956.csv,2026-10-06 17:29:29.326,10.738383333333333
2026-10-06 17:40:13.837,7.697e-11,Torr,15.large_stm_connectingPort,spray,15.large_stm_connectingPort/MassSpecData-02115-20261006-173956.csv,2026-10-06 17:29:29.326,10.74185
2026-10-06 17:40:14.045,8.8205e-11,Torr,15.large_stm_connectingPort,spray,15.large_stm_connectingPort/MassSpecData-02115-20261006-173956.csv,2026-10-06 17:29:29.326,10.745316666666668
2026-10-06 17:40:14.254,7.8179e-11,Torr,15.large_stm_connectingPort,spray,15.large_stm_connectingPort/MassSpecData-02115-20261006-173956.csv,2026-10-06 17:29:29.326,10.7488
2026-10-06 17:40:14.462,6.4082e-11,Torr,15.large_stm_connectingPort,spray,15.large_stm_connectingPort/MassSpecData-02115-20261006-173956.csv,2026-10-06 17:29:29.326,10.752266666666666
2026-10-06 17:40:14.670,7.3402e-11,Torr,15.large_stm_connectingPort,spray,15.large_stm_connectingPort/MassSpecData-02115-20261006-173956.csv,2026-10-06 17:29:29.326,10.755733333333334
2026-10-06 17:40:14.879,7.3891e-11,Torr,15.large_stm_connectingPort,spray,15.large_stm_connectingPort/MassSpecData-02115-20261006-173956.csv,2026-10-06 17:29:29.326,10.759216666666667
2026-10-06 17:40:15.087,8.086e-11,Torr,15.large_stm_connectingPort,spray,15.large_stm_connectingPort/MassSpecData-02115-20261006-173956.csv,2026-10-06 17:29:29.326,10.762683333333333
2026-10-06 17:40:15.295,9.1139e-11,Torr,15.large_stm_connectingPort,spray,15.large_stm_connectingPort/MassSpecData-02115-20261006-173956.csv,2026-10-06 17:29:29.326,10.766150000000001
2026-10-06 17:40:15.504,8.0722e-11,Torr,15.large_stm_connectingPort,spray,15.large_stm_connectingPort/MassSpecData-02115-20261006-173956.csv,2026-10-06 17:29:29.326,10.769633333333333
2026-10-06 17:40:15.712,8.2741e-11,Torr,15.large_stm_connectingPort,spray,15.large_stm_connectingPort/MassSpecData-02115-20261006-173956.csv,2026-10-06 17:29:29.326,10.7731
2026-10-06 17:40:15.920,7.9268e-11,Torr,15.large_stm_connectingPort,spray,15.large_stm_connectingPort/MassSpecData-02115-20261006-173956.csv,2026-10-06 17:29:29.326,10.776566666666668
2026-10-06 17:40:16.128,7.287e-11,Torr,15.large_stm_connectingPort,spray,15.large_stm_connectingPort/MassSpecData-02115-20261006-173956.csv,2026-10-06 17:29:29.326,10.780033333333334
2026-10-06 17:40:16.337,8.5796e-11,Torr,15.large_stm_connectingPort,spray,15.large_stm_connectingPort/MassSpecData-02115-20261006-173956.csv,2026-10-06 17:29:29.326,10.783516666666666
2026-10-06 17:40:16.545,8.6346e-11,Torr,15.large_stm_connectingPort,spray,15.large_stm_connectingPort/MassSpecData-02115-20261006-173956.csv,2026-10-06 17:29:29.326,10.786983333333334
2026-10-06 17:40:16.753,7.9827e-11,Torr,15.large_stm_connectingPort,spray,15.large_stm_connectingPort/MassSpecData-02115-20261006-173956.csv,2026-10-06 17:29:29.326,10.79045
2026-10-06 17:40:16.962,8.0708e-11,Torr,15.large_stm_connectingPort,spray,15.large_stm_connectingPort/MassSpecData-02115-20261006-173956.csv,2026-10-06 17:29:29.326,10.793933333333333
2026-10-06 17:40:17.170,7.7049e-11,Torr,15.large_stm_connectingPort,spray,15.large_stm_connectingPort/MassSpecData-02115-20261006-173956.csv,2026-10-06 17:29:29.326,10.797400000000001
2026-10-06 17:40:17.378,7.2472e-11,Torr,15.large_stm_connectingPort,spray,15.large_stm_connectingPort/MassSpecData-02115-20261006-173956.csv,2026-10-06 17:29:29.326,10.800866666666668
2026-10-06 17:40:17.587,7.6382e-11,Torr,15.large_stm_connectingPort,spray,15.large_stm_connectingPort/MassSpecData-02115-20261006-173956.csv,2026-10-06 17:29:29.326,10.80435
2026-10-06 17:40:17.795,9.3217e-11,Torr,15.large_stm_connectingPort,spray,15.large_stm_connectingPort/MassSpecData-02115-20261006-173956.csv,2026-10-06 17:29:29.326,10.807816666666668
2026-10-06 17:40:18.003,8.1792e-11,Torr,15.large_stm_connectingPort,spray,15.large_stm_connectingPort/MassSpecData-02115-20261006-173956.csv,2026-10-06 17:29:29.326,10.811283333333334
2026-10-06 17:40:18.212,6.6946e-11,Torr,15.large_stm_connectingPort,spray,15.large_stm_connectingPort/MassSpecData-02115-20261006-173956.csv,2026-10-06 17:29:29.326,10.814766666666666
2026-10-06 17:40:18.420,1.018e-10,Torr,15.large_stm_connectingPort,spray,15.large_stm_connectingPort/MassSpecData-02115-20261006-173956.csv,2026-10-06 17:29:29.326,10.818233333333334
2026-10-06 17:40:18.628,7.6501e-11,Torr,15.large_stm_connectingPort,spray,15.large_stm_connectingPort/MassSpecData-02115-20261006-173956.csv,2026-10-06 17:29:29.326,10.8217
2026-10-06 17:40:18.837,8.5366e-11,Torr,15.large_stm_connectingPort,spray,15.large_stm_connectingPort/MassSpecData-02115-20261006-173956.csv,2026-10-06 17:29:29.326,10.825183333333333
2026-10-06 17:40:19.045,7.344e-11,Torr,15.large_stm_connectingPort,spray,15.large_stm_connectingPort/MassSpecData-02115-20261006-173956.csv,2026-10-06 17:29:29.326,10.828650000000001
2026-10-06 17:40:19.253,6.9733e-11,Torr,15.large_stm_connectingPort,spray,15.large_stm_connectingPort/MassSpecData-02115-20261006-173956.csv,2026-10-06 17:29:29.326,10.832116666666668
2026-10-06 17:40:19.462,8.3652e-11,Torr,15.large_stm_connectingPort,spray,15.large_stm_connectingPort/MassSpecData-02115-20261006-173956.csv,2026-10-06 17:29:29.326,10.8356
2026-10-06 17:40:19.670,8.5066e-11,Torr,15.large_stm_connectingPort,spray,15.large_stm_connectingPort/MassSpecData-02115-20261006-173956.csv,2026-10-06 17:29:29.326,10.839066666666668
2026-10-06 17:40:19.878,7.4442e-11,Torr,15.large_stm_connectingPort,spray,15.large_stm_connectingPort/MassSpecData-02115-20261006-173956.csv,2026-10-06 17:29:29.326,10.842533333333334
2026-10-06 17:40:20.087,8.8219e-11,Torr,15.large_stm_connectingPort,spray,15.large_stm_connectingPort/MassSpecData-02115-20261006-173956.csv,2026-10-06 17:29:29.326,10.846016666666666
2026-10-06 17:40:20.295,7.2326e-11,Torr,15.large_stm_connectingPort,spray,15.large_stm_connectingPort/MassSpecData-02115-20261006-173956.csv,2026-10-06 17:29:29.326,10.849483333333334
2026-10-06 17:40:20.503,7.5337e-11,Torr,15.large_stm_connectingPort,spray,15.large_stm_connectingPort/MassSpecData-02115-20261006-173956.csv,2026-10-06 17:29:29.326,10.85295
2026-10-06 17:40:20.712,8.6013e-11,Torr,15.large_stm_connectingPort,spray,15.large_stm_connectingPort/MassSpecData-02115-20261006-173956.csv,2026-10-06 17:29:29.326,10.856433333333333
2026-10-06 17:40:20.920,7.6983e-11,Torr,15.large_stm_connectingPort,spray,15.large_stm_connectingPort/MassSpecData-02115-20261006-173956.csv,2026-10-06 17:29:29.326,10.859900000000001
2026-10-06 17:40:21.128,8.2493e-11,Torr,15.large_stm_connectingPort,spray,15.large_stm_connectingPort/MassSpecData-02115-20261006-173956.csv,2026-10-06 17:29:29.326,10.863366666666668
2026-10-06 17:40:21.337,8.0284e-11,Torr,15.large_stm_connectingPort,spray,15.large_stm_connectingPort/MassSpecData-02115-20261006-173956.csv,2026-10-06 17:29:29.326,10.86685
2026-10-06 17:40:21.545,1.0131e-10,Torr,15.large_stm_connectingPort,spray,15.large_stm_connectingPort/MassSpecData-02115-20261006-173956.csv,2026-10-06 17:29:29.326,10.870316666666668
2026-10-06 17:40:21.753,7.6745e-11,Torr,15.large_stm_connectingPort,spray,15.large_stm_connectingPort/MassSpecData-02115-20261006-173956.csv,2026-10-06 17:29:29.326,10.873783333333334
2026-10-06 17:40:21.962,7.7635e-11,Torr,15.large_stm_connectingPort,spray,15.large_stm_connectingPort/MassSpecData-02115-20261006-173956.csv,2026-10-06 17:29:29.326,10.877266666666666
2026-10-06 17:40:22.170,9.373e-11,Torr,15.large_stm_connectingPort,spray,15.large_stm_connectingPort/MassSpecData-02115-20261006-173956.csv,2026-10-06 17:29:29.326,10.880733333333334
2026-10-06 17:40:22.378,7.2138e-11,Torr,15.large_stm_connectingPort,spray,15.large_stm_connectingPort/MassSpecData-02115-20261006-173956.csv,2026-10-06 17:29:29.326,10.8842
2026-10-06 17:40:22.587,7.9329e-11,Torr,15.large_stm_connectingPort,spray,15.large_stm_connectingPort/MassSpecData-02115-20261006-173956.csv,2026-10-06 17:29:29.326,10.887683333333333
2026-10-06 17:40:22.795,8.6206e-11,Torr,15.large_stm_connectingPort,spray,15.large_stm_connectingPort/MassSpecData-02115-20261006-173956.csv,2026-10-06 17:29:29.326,10.891150000000001
2026-10-06 17:40:23.003,8.0737e-11,Torr,15.large_stm_connectingPort,spray,15.large_stm_connectingPort/MassSpecData-02115-20261006-173956.csv,2026-10-06 17:29:29.326,10.894616666666668
2026-10-06 17:40:23.212,8.8182e-11,Torr,15.large_stm_connectingPort,spray,15.large_stm_connectingPort/MassSpecData-02115-20261006-173956.csv,2026-10-06 17:29:29.326,10.8981
2026-10-06 17:40:23.420,8.6787e-11,Torr,15.large_stm_connectingPort,spray,15.large_stm_connectingPort/MassSpecData-02115-20261006-173956.csv,2026-10-06 17:29:29.326,10.901566666666668
2026-10-06 17:40:23.628,8.1509e-11,Torr,15.large_stm_connectingPort,spray,15.large_stm_connectingPort/MassSpecData-02115-20261006-173956.csv,2026-10-06 17:29:29.326,10.905033333333334
2026-10-06 17:40:23.837,8.1616e-11,Torr,15.large_stm_connectingPort,spray,15.large_stm_connectingPort/MassSpecData-02115-20261006-173956.csv,2026-10-06 17:29:29.326,10.908516666666666
2026-10-06 17:40:24.045,8.5081e-11,Torr,15.large_stm_connectingPort,spray,15.large_stm_connectingPort/MassSpecData-02115-20261006-173956.csv,2026-10-06 17:29:29.326,10.911983333333334
2026-10-06 17:40:24.253,7.2862e-11,Torr,15.large_stm_connectingPort,spray,15.large_stm_connectingPort/MassSpecData-02115-20261006-173956.csv,2026-10-06 17:29:29.326,10.91545
2026-10-06 17:40:24.462,8.0121e-11,Torr,15.large_stm_connectingPort,spray,15.large_stm_connectingPort/MassSpecData-02115-20261006-173956.csv,2026-10-06 17:29:29.326,10.918933333333333
2026-10-06 17:40:24.670,9.1984e-11,Torr,15.large_stm_connectingPort,spray,15.large_stm_connectingPort/MassSpecData-02115-20261006-173956.csv,2026-10-06 17:29:29.326,10.922400000000001
2026-10-06 17:40:24.878,6.9798e-11,Torr,15.large_stm_connectingPort,spray,15.large_stm_connectingPort/MassSpecData-02115-20261006-173956.csv,2026-10-06 17:29:29.326,10.925866666666668
2026-10-06 17:40:25.087,7.4301e-11,Torr,15.large_stm_connectingPort,spray,15.large_stm_connectingPort/MassSpecData-02115-20261006-173956.csv,2026-10-06 17:29:29.326,10.92935
2026-10-06 17:40:25.295,8.9354e-11,Torr,15.large_stm_connectingPort,spray,15.large_stm_connectingPort/MassSpecData-02115-20261006-173956.csv,2026-10-06 17:29:29.326,10.932816666666668
2026-10-06 17:40:25.503,8.9758e-11,Torr,15.large_stm_connectingPort,spray,15.large_stm_connectingPort/MassSpecData-02115-20261006-173956.csv,2026-10-06 17:29:29.326,10.936283333333334
2026-10-06 17:40:25.712,7.0776e-11,Torr,15.large_stm_connectingPort,spray,15.large_stm_connectingPort/MassSpecData-02115-20261006-173956.csv,2026-10-06 17:29:29.326,10.939766666666666
2026-10-06 17:40:25.920,7.2175e-11,Torr,15.large_stm_connectingPort,spray,15.large_stm_connectingPort/MassSpecData-02115-20261006-173956.csv,2026-10-06 17:29:29.326,10.943233333333334
2026-10-06 17:40:26.128,7.2817e-11,Torr,15.large_stm_connectingPort,spray,15.large_stm_connectingPort/MassSpecData-02115-20261006-173956.csv,2026-10-06 17:29:29.326,10.9467
2026-10-06 17:40:26.337,8.2379e-11,Torr,15.large_stm_connectingPort,spray,15.large_stm_connectingPort/MassSpecData-02115-20261006-173956.csv,2026-10-06 17:29:29.326,10.950183333333333
2026-10-06 17:40:26.545,8.6532e-11,Torr,15.large_stm_connectingPort,spray,15.large_stm_connectingPort/MassSpecData-02115-20261006-173956.csv,2026-10-06 17:29:29.326,10.953650000000001
2026-10-06 17:40:26.753,7.1003e-11,Torr,15.large_stm_connectingPort,spray,15.large_stm_connectingPort/MassSpecData-02115-20261006-173956.csv,2026-10-06 17:29:29.326,10.957116666666668
2026-10-06 17:40:26.962,9.2346e-11,Torr,15.large_stm_connectingPort,spray,15.large_stm_connectingPort/MassSpecData-02115-20261006-173956.csv,2026-10-06 17:29:29.326,10.9606
2026-10-06 17:40:27.170,8.8532e-11,Torr,15.large_stm_connectingPort,spray,15.large_stm_connectingPort/MassSpecData-02115-20261006-173956.csv,2026-10-06 17:29:29.326,10.964066666666668
2026-10-06 17:40:27.378,8.3357e-11,Torr,15.large_stm_connectingPort,spray,15.large_stm_connectingPort/MassSpecData-02115-20261006-173956.csv,2026-10-06 17:29:29.326,10.967533333333334
2026-10-06 17:40:27.587,7.5045e-11,Torr,15.large_stm_connectingPort,spray,15.large_stm_connectingPort/MassSpecData-02115-20261006-173956.csv,2026-10-06 17:29:29.326,10.971016666666666
2026-10-06 17:40:27.795,7.9439e-11,Torr,15.large_stm_connectingPort,spray,15.large_stm_connectingPort/MassSpecData-02115-20261006-173956.csv,2026-10-06 17:29:29.326,10.974483333333334
2026-10-06 17:40:28.003,8.0489e-11,Torr,15.large_stm_connectingPort,spray,15.large_stm_connectingPort/MassSpecData-02115-20261006-173956.csv,2026-10-06 17:29:29.326,10.97795
2026-10-06 17:40:28.212,8.8667e-11,Torr,15.large_stm_connectingPort,spray,15.large_stm_connectingPort/MassSpecData-02115-20261006-173956.csv,2026-10-06 17:29:29.326,10.981433333333333
2026-10-06 17:40:28.420,8.029e-11,Torr,15.large_stm_connectingPort,spray,15.large_stm_connectingPort/MassSpecData-02115-20261006-173956.csv,2026-10-06 17:29:29.326,10.984900000000001
2026-10-06 17:40:28.628,7.8842e-11,Torr,15.large_stm_connectingPort,spray,15.large_stm_connectingPort/MassSpecData-02115-20261006-173956.csv,2026-10-06 17:29:29.326,10.988366666666668
2026-10-06 17:40:28.837,8.2592e-11,Torr,15.large_stm_connectingPort,spray,15.large_stm_connectingPort/MassSpecData-02115-20261006-173956.csv,2026-10-06 17:29:29.326,10.99185
2026-10-06 17:40:29.045,6.832e-11,Torr,15.large_stm_connectingPort,spray,15.large_stm_connectingPort/MassSpecData-02115-20261006-173956.csv,2026-10-06 17:29:29.326,10.995316666666668
2026-10-06 17:40:29.253,9.0587e-11,Torr,15.large_stm_connectingPort,spray,15.large_stm_connectingPort/MassSpecData-02115-20261006-173956.csv,2026-10-06 17:29:29.326,10.998783333333334
2026-10-06 17:40:29.462,9.6075e-11,Torr,15.large_stm_connectingPort,spray,15.large_stm_connectingPort/MassSpecData-02115-20261006-173956.csv,2026-10-06 17:29:29.326,11.002266666666666
2026-10-06 17:40:29.670,7.487e-11,Torr,15.large_stm_connectingPort,spray,15.large_stm_connectingPort/MassSpecData-02115-20261006-173956.csv,2026-10-06 17:29:29.326,11.005733333333334
2026-10-06 17:40:29.878,7.8568e-11,Torr,15.large_stm_connectingPort,spray,15.large_stm_connectingPort/MassSpecData-02115-20261006-173956.csv,2026-10-06 17:29:29.326,11.0092
2026-10-06 17:40:30.087,7.7526e-11,Torr,15.large_stm_connectingPort,spray,15.large_stm_connectingPort/MassSpecData-02115-20261006-173956.csv,2026-10-06 17:29:29.326,11.012683333333333
2026-10-06 17:40:30.295,8.3619e-11,Torr,15.large_stm_connectingPort,spray,15.large_stm_connectingPort/MassSpecData-02115-20261006-173956.csv,2026-10-06 17:29:29.326,11.016150000000001
2026-10-06 17:40:30.503,6.4082e-11,Torr,15.large_stm_connectingPort,spray,15.large_stm_connectingPort/MassSpecData-02115-20261006-173956.csv,2026-10-06 17:29:29.326,11.019616666666668
2026-10-06 17:40:30.712,7.3732e-11,Torr,15.large_stm_connectingPort,spray,15.large_stm_connectingPort/MassSpecData-02115-20261006-173956.csv,2026-10-06 17:29:29.326,11.0231
2026-10-06 17:40:30.920,6.8081e-11,Torr,15.large_stm_connectingPort,spray,15.large_stm_connectingPort/MassSpecData-02115-20261006-173956.csv,2026-10-06 17:29:29.326,11.026566666666668
2026-10-06 17:40:31.128,8.4337e-11,Torr,15.large_stm_connectingPort,spray,15.large_stm_connectingPort/MassSpecData-02115-20261006-173956.csv,2026-10-06 17:29:29.326,11.030033333333334
2026-10-06 17:40:31.337,6.5666e-11,Torr,15.large_stm_connectingPort,spray,15.large_stm_connectingPort/MassSpecData-02115-20261006-173956.csv,2026-10-06 17:29:29.326,11.033516666666666
2026-10-06 17:40:31.545,8.3794e-11,Torr,15.large_stm_connectingPort,spray,15.large_stm_connectingPort/MassSpecData-02115-20261006-173956.csv,2026-10-06 17:29:29.326,11.036983333333334
2026-10-06 17:40:31.753,6.7788e-11,Torr,15.large_stm_connectingPort,spray,15.large_stm_connectingPort/MassSpecData-02115-20261006-173956.csv,2026-10-06 17:29:29.326,11.04045
2026-10-06 17:40:31.962,7.1069e-11,Torr,15.large_stm_connectingPort,spray,15.large_stm_connectingPort/MassSpecData-02115-20261006-173956.csv,2026-10-06 17:29:29.326,11.043933333333333
2026-10-06 17:40:32.170,7.4037e-11,Torr,15.large_stm_connectingPort,spray,15.large_stm_connectingPort/MassSpecData-02115-20261006-173956.csv,2026-10-06 17:29:29.326,11.047400000000001
2026-10-06 17:40:32.378,8.8867e-11,Torr,15.large_stm_connectingPort,spray,15.large_stm_connectingPort/MassSpecData-02115-20261006-173956.csv,2026-10-06 17:29:29.326,11.050866666666668
2026-10-06 17:40:32.587,7.6442e-11,Torr,15.large_stm_connectingPort,spray,15.large_stm_connectingPort/MassSpecData-02115-20261006-173956.csv,2026-10-06 17:29:29.326,11.05435
2026-10-06 17:40:32.795,8.1695e-11,Torr,15.large_stm_connectingPort,spray,15.large_stm_connectingPort/MassSpecData-02115-20261006-173956.csv,2026-10-06 17:29:29.326,11.057816666666668
2026-10-06 17:40:33.003,7.7926e-11,Torr,15.large_stm_connectingPort,spray,15.large_stm_connectingPort/MassSpecData-02115-20261006-173956.csv,2026-10-06 17:29:29.326,11.061283333333334
2026-10-06 17:40:33.212,7.3526e-11,Torr,15.large_stm_connectingPort,spray,15.large_stm_connectingPort/MassSpecData-02115-20261006-173956.csv,2026-10-06 17:29:29.326,11.064766666666666
2026-10-06 17:40:33.420,6.9386e-11,Torr,15.large_stm_connectingPort,spray,15.large_stm_connectingPort/MassSpecData-02115-20261006-173956.csv,2026-10-06 17:29:29.326,11.068233333333334
2026-10-06 17:40:33.628,8.1807e-11,Torr,15.large_stm_connectingPort,spray,15.large_stm_connectingPort/MassSpecData-02115-20261006-173956.csv,2026-10-06 17:29:29.326,11.0717
2026-10-06 17:40:33.837,8.5089e-11,Torr,15.large_stm_connectingPort,spray,15.large_stm_connectingPort/MassSpecData-02115-20261006-173956.csv,2026-10-06 17:29:29.326,11.075183333333333
2026-10-06 17:40:34.045,6.7547e-11,Torr,15.large_stm_connectingPort,spray,15.large_stm_connectingPort/MassSpecData-02115-20261006-173956.csv,2026-10-06 17:29:29.326,11.078650000000001
2026-10-06 17:40:34.254,7.2087e-11,Torr,15.large_stm_connectingPort,spray,15.large_stm_connectingPort/MassSpecData-02115-20261006-173956.csv,2026-10-06 17:29:29.326,11.082133333333333
2026-10-06 17:40:34.462,7.1692e-11,Torr,15.large_stm_connectingPort,spray,15.large_stm_connectingPort/MassSpecData-02115-20261006-173956.csv,2026-10-06 17:29:29.326,11.0856
2026-10-06 17:40:34.670,8.0327e-11,Torr,15.large_stm_connectingPort,spray,15.large_stm_connectingPort/MassSpecData-02115-20261006-173956.csv,2026-10-06 17:29:29.326,11.089066666666668
2026-10-06 17:40:34.879,7.7755e-11,Torr,15.large_stm_connectingPort,spray,15.large_stm_connectingPort/MassSpecData-02115-20261006-173956.csv,2026-10-06 17:29:29.326,11.09255
2026-10-06 17:40:35.087,9.0913e-11,Torr,15.large_stm_connectingPort,spray,15.large_stm_connectingPort/MassSpecData-02115-20261006-173956.csv,2026-10-06 17:29:29.326,11.096016666666666
2026-10-06 17:40:35.295,7.9861e-11,Torr,15.large_stm_connectingPort,spray,15.large_stm_connectingPort/MassSpecData-02115-20261006-173956.csv,2026-10-06 17:29:29.326,11.099483333333334
2026-10-06 17:40:35.504,7.1149e-11,Torr,15.large_stm_connectingPort,spray,15.large_stm_connectingPort/MassSpecData-02115-20261006-173956.csv,2026-10-06 17:29:29.326,11.102966666666667
2026-10-06 17:40:35.712,7.8256e-11,Torr,15.large_stm_connectingPort,spray,15.large_stm_connectingPort/MassSpecData-02115-20261006-173956.csv,2026-10-06 17:29:29.326,11.106433333333333
2026-10-06 17:40:35.920,9.2589e-11,Torr,15.large_stm_connectingPort,spray,15.large_stm_connectingPort/MassSpecData-02115-20261006-173956.csv,2026-10-06 17:29:29.326,11.109900000000001
2026-10-06 17:40:36.129,7.5083e-11,Torr,15.large_stm_connectingPort,spray,15.large_stm_connectingPort/MassSpecData-02115-20261006-173956.csv,2026-10-06 17:29:29.326,11.113383333333333
2026-10-06 17:40:36.337,7.5601e-11,Torr,15.large_stm_connectingPort,spray,15.large_stm_connectingPort/MassSpecData-02115-20261006-173956.csv,2026-10-06 17:29:29.326,11.11685
2026-10-06 17:40:36.545,9.9884e-11,Torr,15.large_stm_connectingPort,spray,15.large_stm_connectingPort/MassSpecData-02115-20261006-173956.csv,2026-10-06 17:29:29.326,11.120316666666668
2026-10-06 17:40:36.754,8.4756e-11,Torr,15.large_stm_connectingPort,spray,15.large_stm_connectingPort/MassSpecData-02115-20261006-173956.csv,2026-10-06 17:29:29.326,11.1238
2026-10-06 17:40:36.962,8.8168e-11,Torr,15.large_stm_connectingPort,spray,15.large_stm_connectingPort/MassSpecData-02115-20261006-173956.csv,2026-10-06 17:29:29.326,11.127266666666666
2026-10-06 17:40:37.170,8.5738e-11,Torr,15.large_stm_connectingPort,spray,15.large_stm_connectingPort/MassSpecData-02115-20261006-173956.csv,2026-10-06 17:29:29.326,11.130733333333334
2026-10-06 17:40:37.379,7.3072e-11,Torr,15.large_stm_connectingPort,spray,15.large_stm_connectingPort/MassSpecData-02115-20261006-173956.csv,2026-10-06 17:29:29.326,11.134216666666667
2026-10-06 17:40:37.587,6.9892e-11,Torr,15.large_stm_connectingPort,spray,15.large_stm_connectingPort/MassSpecData-02115-20261006-173956.csv,2026-10-06 17:29:29.326,11.137683333333333
2026-10-06 17:40:37.795,8.4821e-11,Torr,15.large_stm_connectingPort,spray,15.large_stm_connectingPort/MassSpecData-02115-20261006-173956.csv,2026-10-06 17:29:29.326,11.141150000000001
2026-10-06 17:40:38.194,7.4734e-11,Torr,15.large_stm_connectingPort,spray,15.large_stm_connectingPort/MassSpecData-02115-20261006-174038.csv,2026-10-06 17:29:29.326,11.1478
2026-10-06 17:40:38.402,7.0187e-11,Torr,15.large_stm_connectingPort,spray,15.large_stm_connectingPort/MassSpecData-02115-20261006-174038.csv,2026-10-06 17:29:29.326,11.151266666666666
2026-10-06 17:40:38.611,7.7808e-11,Torr,15.large_stm_connectingPort,spray,15.large_stm_connectingPort/MassSpecData-02115-20261006-174038.csv,2026-10-06 17:29:29.326,11.15475
2026-10-06 17:40:38.819,7.0939e-11,Torr,15.large_stm_connectingPort,spray,15.large_stm_connectingPort/MassSpecData-02115-20261006-174038.csv,2026-10-06 17:29:29.326,11.158216666666668
2026-10-06 17:40:39.027,7.6868e-11,Torr,15.large_stm_connectingPort,spray,15.large_stm_connectingPort/MassSpecData-02115-20261006-174038.csv,2026-10-06 17:29:29.326,11.161683333333334
2026-10-06 17:40:39.236,9.2499e-11,Torr,15.large_stm_connectingPort,spray,15.large_stm_connectingPort/MassSpecData-02115-20261006-174038.csv,2026-10-06 17:29:29.326,11.165166666666666
2026-10-06 17:40:39.444,8.6323e-11,Torr,15.large_stm_connectingPort,spray,15.large_stm_connectingPort/MassSpecData-02115-20261006-174038.csv,2026-10-06 17:29:29.326,11.168633333333334
2026-10-06 17:40:39.652,8.0626e-11,Torr,15.large_stm_connectingPort,spray,15.large_stm_connectingPort/MassSpecData-02115-20261006-174038.csv,2026-10-06 17:29:29.326,11.1721
2026-10-06 17:40:39.860,7.9892e-11,Torr,15.large_stm_connectingPort,spray,15.large_stm_connectingPort/MassSpecData-02115-20261006-174038.csv,2026-10-06 17:29:29.326,11.175566666666667
2026-10-06 17:40:40.069,8.4138e-11,Torr,15.large_stm_connectingPort,spray,15.large_stm_connectingPort/MassSpecData-02115-20261006-174038.csv,2026-10-06 17:29:29.326,11.17905
2026-10-06 17:40:40.277,9.0257e-11,Torr,15.large_stm_connectingPort,spray,15.large_stm_connectingPort/MassSpecData-02115-20261006-174038.csv,2026-10-06 17:29:29.326,11.182516666666666
2026-10-06 17:40:40.486,8.0131e-11,Torr,15.large_stm_connectingPort,spray,15.large_stm_connectingPort/MassSpecData-02115-20261006-174038.csv,2026-10-06 17:29:29.326,11.186
2026-10-06 17:40:40.694,7.5533e-11,Torr,15.large_stm_connectingPort,spray,15.large_stm_connectingPort/MassSpecData-02115-20261006-174038.csv,2026-10-06 17:29:29.326,11.189466666666668
2026-10-06 17:40:40.902,8.4228e-11,Torr,15.large_stm_connectingPort,spray,15.large_stm_connectingPort/MassSpecData-02115-20261006-174038.csv,2026-10-06 17:29:29.326,11.192933333333334
2026-10-06 17:40:41.111,8.7831e-11,Torr,15.large_stm_connectingPort,spray,15.large_stm_connectingPort/MassSpecData-02115-20261006-174038.csv,2026-10-06 17:29:29.326,11.196416666666666
2026-10-06 17:40:41.319,9.0124e-11,Torr,15.large_stm_connectingPort,spray,15.large_stm_connectingPort/MassSpecData-02115-20261006-174038.csv,2026-10-06 17:29:29.326,11.199883333333334
2026-10-06 17:40:41.527,8.2825e-11,Torr,15.large_stm_connectingPort,spray,15.large_stm_connectingPort/MassSpecData-02115-20261006-174038.csv,2026-10-06 17:29:29.326,11.20335
2026-10-06 17:40:41.736,8.3143e-11,Torr,15.large_stm_connectingPort,spray,15.large_stm_connectingPort/MassSpecData-02115-20261006-174038.csv,2026-10-06 17:29:29.326,11.206833333333332
2026-10-06 17:40:41.944,8.7705e-11,Torr,15.large_stm_connectingPort,spray,15.large_stm_connectingPort/MassSpecData-02115-20261006-174038.csv,2026-10-06 17:29:29.326,11.2103
2026-10-06 17:40:42.152,9.3757e-11,Torr,15.large_stm_connectingPort,spray,15.large_stm_connectingPort/MassSpecData-02115-20261006-174038.csv,2026-10-06 17:29:29.326,11.213766666666666
2026-10-06 17:40:42.361,6.8702e-11,Torr,15.large_stm_connectingPort,spray,15.large_stm_connectingPort/MassSpecData-02115-20261006-174038.csv,2026-10-06 17:29:29.326,11.21725
2026-10-06 17:40:42.569,7.7673e-11,Torr,15.large_stm_connectingPort,spray,15.large_stm_connectingPort/MassSpecData-02115-20261006-174038.csv,2026-10-06 17:29:29.326,11.220716666666668
2026-10-06 17:40:42.777,7.8016e-11,Torr,15.large_stm_connectingPort,spray,15.large_stm_connectingPort/MassSpecData-02115-20261006-174038.csv,2026-10-06 17:29:29.326,11.224183333333334
2026-10-06 17:40:42.986,8.8935e-11,Torr,15.large_stm_connectingPort,spray,15.large_stm_connectingPort/MassSpecData-02115-20261006-174038.csv,2026-10-06 17:29:29.326,11.227666666666666
2026-10-06 17:40:43.194,9.2104e-11,Torr,15.large_stm_connectingPort,spray,15.large_stm_connectingPort/MassSpecData-02115-20261006-174038.csv,2026-10-06 17:29:29.326,11.231133333333334
2026-10-06 17:40:43.402,7.4381e-11,Torr,15.large_stm_connectingPort,spray,15.large_stm_connectingPort/MassSpecData-02115-20261006-174038.csv,2026-10-06 17:29:29.326,11.2346
2026-10-06 17:40:43.610,7.4888e-11,Torr,15.large_stm_connectingPort,spray,15.large_stm_connectingPort/MassSpecData-02115-20261006-174038.csv,2026-10-06 17:29:29.326,11.238066666666667
2026-10-06 17:40:43.819,7.1664e-11,Torr,15.large_stm_connectingPort,spray,15.large_stm_connectingPort/MassSpecData-02115-20261006-174038.csv,2026-10-06 17:29:29.326,11.24155
2026-10-06 17:40:44.027,8.0073e-11,Torr,15.large_stm_connectingPort,spray,15.large_stm_connectingPort/MassSpecData-02115-20261006-174038.csv,2026-10-06 17:29:29.326,11.245016666666666
2026-10-06 17:40:44.235,6.989e-11,Torr,15.large_stm_connectingPort,spray,15.large_stm_connectingPort/MassSpecData-02115-20261006-174038.csv,2026-10-06 17:29:29.326,11.248483333333333
2026-10-06 17:40:44.444,6.923e-11,Torr,15.large_stm_connectingPort,spray,15.large_stm_connectingPort/MassSpecData-02115-20261006-174038.csv,2026-10-06 17:29:29.326,11.251966666666668
2026-10-06 17:40:44.652,7.9125e-11,Torr,15.large_stm_connectingPort,spray,15.large_stm_connectingPort/MassSpecData-02115-20261006-174038.csv,2026-10-06 17:29:29.326,11.255433333333334
2026-10-06 17:40:44.860,7.5018e-11,Torr,15.large_stm_connectingPort,spray,15.large_stm_connectingPort/MassSpecData-02115-20261006-174038.csv,2026-10-06 17:29:29.326,11.2589
2026-10-06 17:40:45.069,1.0513e-10,Torr,15.large_stm_connectingPort,spray,15.large_stm_connectingPort/MassSpecData-02115-20261006-174038.csv,2026-10-06 17:29:29.326,11.262383333333334
2026-10-06 17:40:45.277,8.7901e-11,Torr,15.large_stm_connectingPort,spray,15.large_stm_connectingPort/MassSpecData-02115-20261006-174038.csv,2026-10-06 17:29:29.326,11.26585
2026-10-06 17:40:45.485,7.4394e-11,Torr,15.large_stm_connectingPort,spray,15.large_stm_connectingPort/MassSpecData-02115-20261006-174038.csv,2026-10-06 17:29:29.326,11.269316666666667
2026-10-06 17:40:45.694,7.6547e-11,Torr,15.large_stm_connectingPort,spray,15.large_stm_connectingPort/MassSpecData-02115-20261006-174038.csv,2026-10-06 17:29:29.326,11.2728
2026-10-06 17:40:45.902,8.4637e-11,Torr,15.large_stm_connectingPort,spray,15.large_stm_connectingPort/MassSpecData-02115-20261006-174038.csv,2026-10-06 17:29:29.326,11.276266666666666
2026-10-06 17:40:46.110,8.6996e-11,Torr,15.large_stm_connectingPort,spray,15.large_stm_connectingPort/MassSpecData-02115-20261006-174038.csv,2026-10-06 17:29:29.326,11.279733333333333
2026-10-06 17:40:46.319,7.6457e-11,Torr,15.large_stm_connectingPort,spray,15.large_stm_connectingPort/MassSpecData-02115-20261006-174038.csv,2026-10-06 17:29:29.326,11.283216666666668
2026-10-06 17:40:46.527,7.7611e-11,Torr,15.large_stm_connectingPort,spray,15.large_stm_connectingPort/MassSpecData-02115-20261006-174038.csv,2026-10-06 17:29:29.326,11.286683333333334
2026-10-06 17:40:46.735,7.7579e-11,Torr,15.large_stm_connectingPort,spray,15.large_stm_connectingPort/MassSpecData-02115-20261006-174038.csv,2026-10-06 17:29:29.326,11.29015
2026-10-06 17:40:46.944,6.9174e-11,Torr,15.large_stm_connectingPort,spray,15.large_stm_connectingPort/MassSpecData-02115-20261006-174038.csv,2026-10-06 17:29:29.326,11.293633333333334
2026-10-06 17:40:47.152,8.7866e-11,Torr,15.large_stm_connectingPort,spray,15.large_stm_connectingPort/MassSpecData-02115-20261006-174038.csv,2026-10-06 17:29:29.326,11.2971
2026-10-06 17:40:47.361,8.4744e-11,Torr,15.large_stm_connectingPort,spray,15.large_stm_connectingPort/MassSpecData-02115-20261006-174038.csv,2026-10-06 17:29:29.326,11.300583333333332
2026-10-06 17:40:47.569,7.2109e-11,Torr,15.large_stm_connectingPort,spray,15.large_stm_connectingPort/MassSpecData-02115-20261006-174038.csv,2026-10-06 17:29:29.326,11.30405
2026-10-06 17:40:47.777,8.5888e-11,Torr,15.large_stm_connectingPort,spray,15.large_stm_connectingPort/MassSpecData-02115-20261006-174038.csv,2026-10-06 17:29:29.326,11.307516666666666
2026-10-06 17:40:47.986,7.4332e-11,Torr,15.large_stm_connectingPort,spray,15.large_stm_connectingPort/MassSpecData-02115-20261006-174038.csv,2026-10-06 17:29:29.326,11.311
2026-10-06 17:40:48.194,8.3978e-11,Torr,15.large_stm_connectingPort,spray,15.large_stm_connectingPort/MassSpecData-02115-20261006-174038.csv,2026-10-06 17:29:29.326,11.314466666666668
2026-10-06 17:40:48.402,9.0542e-11,Torr,15.large_stm_connectingPort,spray,15.large_stm_connectingPort/MassSpecData-02115-20261006-174038.csv,2026-10-06 17:29:29.326,11.317933333333334
2026-10-06 17:40:48.611,7.7517e-11,Torr,15.large_stm_connectingPort,spray,15.large_stm_connectingPort/MassSpecData-02115-20261006-174038.csv,2026-10-06 17:29:29.326,11.321416666666666
2026-10-06 17:40:48.819,8.3886e-11,Torr,15.large_stm_connectingPort,spray,15.large_stm_connectingPort/MassSpecData-02115-20261006-174038.csv,2026-10-06 17:29:29.326,11.324883333333334
2026-10-06 17:40:49.027,8.5966e-11,Torr,15.large_stm_connectingPort,spray,15.large_stm_connectingPort/MassSpecData-02115-20261006-174038.csv,2026-10-06 17:29:29.326,11.32835
2026-10-06 17:40:49.236,8.3757e-11,Torr,15.large_stm_connectingPort,spray,15.large_stm_connectingPort/MassSpecData-02115-20261006-174038.csv,2026-10-06 17:29:29.326,11.331833333333332
2026-10-06 17:40:49.444,7.4624e-11,Torr,15.large_stm_connectingPort,spray,15.large_stm_connectingPort/MassSpecData-02115-20261006-174038.csv,2026-10-06 17:29:29.326,11.3353
2026-10-06 17:40:49.652,7.3076e-11,Torr,15.large_stm_connectingPort,spray,15.large_stm_connectingPort/MassSpecData-02115-20261006-174038.csv,2026-10-06 17:29:29.326,11.338766666666666
2026-10-06 17:40:49.861,7.4177e-11,Torr,15.large_stm_connectingPort,spray,15.large_stm_connectingPort/MassSpecData-02115-20261006-174038.csv,2026-10-06 17:29:29.326,11.34225
2026-10-06 17:40:50.069,9.4708e-11,Torr,15.large_stm_connectingPort,spray,15.large_stm_connectingPort/MassSpecData-02115-20261006-174038.csv,2026-10-06 17:29:29.326,11.345716666666668
2026-10-06 17:40:50.277,8.8227e-11,Torr,15.large_stm_connectingPort,spray,15.large_stm_connectingPort/MassSpecData-02115-20261006-174038.csv,2026-10-06 17:29:29.326,11.349183333333334
2026-10-06 17:40:50.486,8.1988e-11,Torr,15.large_stm_connectingPort,spray,15.large_stm_connectingPort/MassSpecData-02115-20261006-174038.csv,2026-10-06 17:29:29.326,11.352666666666666
2026-10-06 17:40:50.694,8.1602e-11,Torr,15.large_stm_connectingPort,spray,15.large_stm_connectingPort/MassSpecData-02115-20261006-174038.csv,2026-10-06 17:29:29.326,11.356133333333334
2026-10-06 17:40:50.902,8.6092e-11,Torr,15.large_stm_connectingPort,spray,15.large_stm_connectingPort/MassSpecData-02115-20261006-174038.csv,2026-10-06 17:29:29.326,11.3596
2026-10-06 17:40:51.111,7.8492e-11,Torr,15.large_stm_connectingPort,spray,15.large_stm_connectingPort/MassSpecData-02115-20261006-174038.csv,2026-10-06 17:29:29.326,11.363083333333332
2026-10-06 17:40:51.319,8.3407e-11,Torr,15.large_stm_connectingPort,spray,15.large_stm_connectingPort/MassSpecData-02115-20261006-174038.csv,2026-10-06 17:29:29.326,11.36655
2026-10-06 17:40:51.527,7.1061e-11,Torr,15.large_stm_connectingPort,spray,15.large_stm_connectingPort/MassSpecData-02115-20261006-174038.csv,2026-10-06 17:29:29.326,11.370016666666666
2026-10-06 17:40:51.736,8.9172e-11,Torr,15.large_stm_connectingPort,spray,15.large_stm_connectingPort/MassSpecData-02115-20261006-174038.csv,2026-10-06 17:29:29.326,11.3735
2026-10-06 17:40:51.944,8.7454e-11,Torr,15.large_stm_connectingPort,spray,15.large_stm_connectingPort/MassSpecData-02115-20261006-174038.csv,2026-10-06 17:29:29.326,11.376966666666668
2026-10-06 17:40:52.152,7.0538e-11,Torr,15.large_stm_connectingPort,spray,15.large_stm_connectingPort/MassSpecData-02115-20261006-174038.csv,2026-10-06 17:29:29.326,11.380433333333334
2026-10-06 17:40:52.361,7.4662e-11,Torr,15.large_stm_connectingPort,spray,15.large_stm_connectingPort/MassSpecData-02115-20261006-174038.csv,2026-10-06 17:29:29.326,11.383916666666666
2026-10-06 17:40:52.569,8.3323e-11,Torr,15.large_stm_connectingPort,spray,15.large_stm_connectingPort/MassSpecData-02115-20261006-174038.csv,2026-10-06 17:29:29.326,11.387383333333334
2026-10-06 17:40:52.777,8.5637e-11,Torr,15.large_stm_connectingPort,spray,15.large_stm_connectingPort/MassSpecData-02115-20261006-174038.csv,2026-10-06 17:29:29.326,11.39085
2026-10-06 17:40:52.986,7.6586e-11,Torr,15.large_stm_connectingPort,spray,15.large_stm_connectingPort/MassSpecData-02115-20261006-174038.csv,2026-10-06 17:29:29.326,11.394333333333332
2026-10-06 17:40:53.194,8.5041e-11,Torr,15.large_stm_connectingPort,spray,15.large_stm_connectingPort/MassSpecData-02115-20261006-174038.csv,2026-10-06 17:29:29.326,11.3978
2026-10-06 17:40:53.402,8.8649e-11,Torr,15.large_stm_connectingPort,spray,15.large_stm_connectingPort/MassSpecData-02115-20261006-174038.csv,2026-10-06 17:29:29.326,11.401266666666666
2026-10-06 17:40:53.611,8.5104e-11,Torr,15.large_stm_connectingPort,spray,15.large_stm_connectingPort/MassSpecData-02115-20261006-174038.csv,2026-10-06 17:29:29.326,11.40475
2026-10-06 17:40:53.819,6.2379e-11,Torr,15.large_stm_connectingPort,spray,15.large_stm_connectingPort/MassSpecData-02115-20261006-174038.csv,2026-10-06 17:29:29.326,11.408216666666668
2026-10-06 17:40:54.027,6.4568e-11,Torr,15.large_stm_connectingPort,spray,15.large_stm_connectingPort/MassSpecData-02115-20261006-174038.csv,2026-10-06 17:29:29.326,11.411683333333334
2026-10-06 17:40:54.236,8.8976e-11,Torr,15.large_stm_connectingPort,spray,15.large_stm_connectingPort/MassSpecData-02115-20261006-174038.csv,2026-10-06 17:29:29.326,11.415166666666666
2026-10-06 17:40:54.444,8.1616e-11,Torr,15.large_stm_connectingPort,spray,15.large_stm_connectingPort/MassSpecData-02115-20261006-174038.csv,2026-10-06 17:29:29.326,11.418633333333334
2026-10-06 17:40:54.652,7.8596e-11,Torr,15.large_stm_connectingPort,spray,15.large_stm_connectingPort/MassSpecData-02115-20261006-174038.csv,2026-10-06 17:29:29.326,11.4221
2026-10-06 17:40:54.861,1.0619e-10,Torr,15.large_stm_connectingPort,spray,15.large_stm_connectingPort/MassSpecData-02115-20261006-174038.csv,2026-10-06 17:29:29.326,11.425583333333332
2026-10-06 17:40:55.069,7.0921e-11,Torr,15.large_stm_connectingPort,spray,15.large_stm_connectingPort/MassSpecData-02115-20261006-174038.csv,2026-10-06 17:29:29.326,11.42905
2026-10-06 17:40:55.277,9.1981e-11,Torr,15.large_stm_connectingPort,spray,15.large_stm_connectingPort/MassSpecData-02115-20261006-174038.csv,2026-10-06 17:29:29.326,11.432516666666666
2026-10-06 17:40:55.486,7.5084e-11,Torr,15.large_stm_connectingPort,spray,15.large_stm_connectingPort/MassSpecData-02115-20261006-174038.csv,2026-10-06 17:29:29.326,11.436
2026-10-06 17:40:55.694,7.6508e-11,Torr,15.large_stm_connectingPort,spray,15.large_stm_connectingPort/MassSpecData-02115-20261006-174038.csv,2026-10-06 17:29:29.326,11.439466666666668
2026-10-06 17:40:55.902,8.3309e-11,Torr,15.large_stm_connectingPort,spray,15.large_stm_connectingPort/MassSpecData-02115-20261006-174038.csv,2026-10-06 17:29:29.326,11.442933333333334
2026-10-06 17:40:56.111,7.6951e-11,Torr,15.large_stm_connectingPort,spray,15.large_stm_connectingPort/MassSpecData-02115-20261006-174038.csv,2026-10-06 17:29:29.326,11.446416666666666
2026-10-06 17:40:56.319,8.5948e-11,Torr,15.large_stm_connectingPort,spray,15.large_stm_connectingPort/MassSpecData-02115-20261006-174038.csv,2026-10-06 17:29:29.326,11.449883333333334
2026-10-06 17:40:56.527,8.1751e-11,Torr,15.large_stm_connectingPort,spray,15.large_stm_connectingPort/MassSpecData-02115-20261006-174038.csv,2026-10-06 17:29:29.326,11.45335
2026-10-06 17:40:56.736,7.8874e-11,Torr,15.large_stm_connectingPort,spray,15.large_stm_connectingPort/MassSpecData-02115-20261006-174038.csv,2026-10-06 17:29:29.326,11.456833333333332
2026-10-06 17:40:56.944,7.2131e-11,Torr,15.large_stm_connectingPort,spray,15.large_stm_connectingPort/MassSpecData-02115-20261006-174038.csv,2026-10-06 17:29:29.326,11.4603
2026-10-06 17:40:57.152,7.7155e-11,Torr,15.large_stm_connectingPort,spray,15.large_stm_connectingPort/MassSpecData-02115-20261006-174038.csv,2026-10-06 17:29:29.326,11.463766666666666
2026-10-06 17:40:57.361,7.8149e-11,Torr,15.large_stm_connectingPort,spray,15.large_stm_connectingPort/MassSpecData-02115-20261006-174038.csv,2026-10-06 17:29:29.326,11.46725
2026-10-06 17:40:57.569,7.9616e-11,Torr,15.large_stm_connectingPort,spray,15.large_stm_connectingPort/MassSpecData-02115-20261006-174038.csv,2026-10-06 17:29:29.326,11.470716666666668
2026-10-06 17:40:57.777,7.4226e-11,Torr,15.large_stm_connectingPort,spray,15.large_stm_connectingPort/MassSpecData-02115-20261006-174038.csv,2026-10-06 17:29:29.326,11.474183333333334
2026-10-06 17:40:57.985,8.4327e-11,Torr,15.large_stm_connectingPort,spray,15.large_stm_connectingPort/MassSpecData-02115-20261006-174038.csv,2026-10-06 17:29:29.326,11.47765
2026-10-06 17:40:58.194,8.615e-11,Torr,15.large_stm_connectingPort,spray,15.large_stm_connectingPort/MassSpecData-02115-20261006-174038.csv,2026-10-06 17:29:29.326,11.481133333333334
2026-10-06 17:40:58.402,8.4944e-11,Torr,15.large_stm_connectingPort,spray,15.large_stm_connectingPort/MassSpecData-02115-20261006-174038.csv,2026-10-06 17:29:29.326,11.4846
2026-10-06 17:40:58.610,7.1874e-11,Torr,15.large_stm_connectingPort,spray,15.large_stm_connectingPort/MassSpecData-02115-20261006-174038.csv,2026-10-06 17:29:29.326,11.488066666666667
2026-10-06 17:40:58.819,8.0595e-11,Torr,15.large_stm_connectingPort,spray,15.large_stm_connectingPort/MassSpecData-02115-20261006-174038.csv,2026-10-06 17:29:29.326,11.49155
2026-10-06 17:40:59.027,6.6471e-11,Torr,15.large_stm_connectingPort,spray,15.large_stm_connectingPort/MassSpecData-02115-20261006-174038.csv,2026-10-06 17:29:29.326,11.495016666666666
2026-10-06 17:40:59.235,9.691e-11,Torr,15.large_stm_connectingPort,spray,15.large_stm_connectingPort/MassSpecData-02115-20261006-174038.csv,2026-10-06 17:29:29.326,11.498483333333333
2026-10-06 17:40:59.444,7.8264e-11,Torr,15.large_stm_connectingPort,spray,15.large_stm_connectingPort/MassSpecData-02115-20261006-174038.csv,2026-10-06 17:29:29.326,11.501966666666668
2026-10-06 17:40:59.652,7.3582e-11,Torr,15.large_stm_connectingPort,spray,15.large_stm_connectingPort/MassSpecData-02115-20261006-174038.csv,2026-10-06 17:29:29.326,11.505433333333334
2026-10-06 17:40:59.860,7.5345e-11,Torr,15.large_stm_connectingPort,spray,15.large_stm_connectingPort/MassSpecData-02115-20261006-174038.csv,2026-10-06 17:29:29.326,11.5089
2026-10-06 17:41:00.069,9.3614e-11,Torr,15.large_stm_connectingPort,spray,15.large_stm_connectingPort/MassSpecData-02115-20261006-174038.csv,2026-10-06 17:29:29.326,11.512383333333334
2026-10-06 17:41:00.277,7.4162e-11,Torr,15.large_stm_connectingPort,spray,15.large_stm_connectingPort/MassSpecData-02115-20261006-174038.csv,2026-10-06 17:29:29.326,11.51585
2026-10-06 17:41:00.485,8.2786e-11,Torr,15.large_stm_connectingPort,spray,15.large_stm_connectingPort/MassSpecData-02115-20261006-174038.csv,2026-10-06 17:29:29.326,11.519316666666667
2026-10-06 17:41:00.694,7.5455e-11,Torr,15.large_stm_connectingPort,spray,15.large_stm_connectingPort/MassSpecData-02115-20261006-174038.csv,2026-10-06 17:29:29.326,11.5228
2026-10-06 17:41:00.902,7.7795e-11,Torr,15.large_stm_connectingPort,spray,15.large_stm_connectingPort/MassSpecData-02115-20261006-174038.csv,2026-10-06 17:29:29.326,11.526266666666666
2026-10-06 17:41:01.110,9.7508e-11,Torr,15.large_stm_connectingPort,spray,15.large_stm_connectingPort/MassSpecData-02115-20261006-174038.csv,2026-10-06 17:29:29.326,11.529733333333333
2026-10-06 17:41:01.319,7.0844e-11,Torr,15.large_stm_connectingPort,spray,15.large_stm_connectingPort/MassSpecData-02115-20261006-174038.csv,2026-10-06 17:29:29.326,11.533216666666668
2026-10-06 17:41:01.527,7.9208e-11,Torr,15.large_stm_connectingPort,spray,15.large_stm_connectingPort/MassSpecData-02115-20261006-174038.csv,2026-10-06 17:29:29.326,11.536683333333334
2026-10-06 17:41:01.735,8.9961e-11,Torr,15.large_stm_connectingPort,spray,15.large_stm_connectingPort/MassSpecData-02115-20261006-174038.csv,2026-10-06 17:29:29.326,11.54015
2026-10-06 17:41:01.944,8.5099e-11,Torr,15.large_stm_connectingPort,spray,15.large_stm_connectingPort/MassSpecData-02115-20261006-174038.csv,2026-10-06 17:29:29.326,11.543633333333334
2026-10-06 17:41:02.152,7.3646e-11,Torr,15.large_stm_connectingPort,spray,15.large_stm_connectingPort/MassSpecData-02115-20261006-174038.csv,2026-10-06 17:29:29.326,11.5471
2026-10-06 17:41:02.360,7.0495e-11,Torr,15.large_stm_connectingPort,spray,15.large_stm_connectingPort/MassSpecData-02115-20261006-174038.csv,2026-10-06 17:29:29.326,11.550566666666667
2026-10-06 17:41:02.569,7.0496e-11,Torr,15.large_stm_connectingPort,spray,15.large_stm_connectingPort/MassSpecData-02115-20261006-174038.csv,2026-10-06 17:29:29.326,11.55405
2026-10-06 17:41:02.777,7.9918e-11,Torr,15.large_stm_connectingPort,spray,15.large_stm_connectingPort/MassSpecData-02115-20261006-174038.csv,2026-10-06 17:29:29.326,11.557516666666666
2026-10-06 17:41:02.985,7.0041e-11,Torr,15.large_stm_connectingPort,spray,15.large_stm_connectingPort/MassSpecData-02115-20261006-174038.csv,2026-10-06 17:29:29.326,11.560983333333333
2026-10-06 17:41:03.194,7.0551e-11,Torr,15.large_stm_connectingPort,spray,15.large_stm_connectingPort/MassSpecData-02115-20261006-174038.csv,2026-10-06 17:29:29.326,11.564466666666668
2026-10-06 17:41:03.402,8.2319e-11,Torr,15.large_stm_connectingPort,spray,15.large_stm_connectingPort/MassSpecData-02115-20261006-174038.csv,2026-10-06 17:29:29.326,11.567933333333334
2026-10-06 17:41:03.610,6.8527e-11,Torr,15.large_stm_connectingPort,spray,15.large_stm_connectingPort/MassSpecData-02115-20261006-174038.csv,2026-10-06 17:29:29.326,11.5714
2026-10-06 17:41:03.819,9.3652e-11,Torr,15.large_stm_connectingPort,spray,15.large_stm_connectingPort/MassSpecData-02115-20261006-174038.csv,2026-10-06 17:29:29.326,11.574883333333334
2026-10-06 17:41:04.027,8.172e-11,Torr,15.large_stm_connectingPort,spray,15.large_stm_connectingPort/MassSpecData-02115-20261006-174038.csv,2026-10-06 17:29:29.326,11.57835
2026-10-06 17:41:04.235,8.8252e-11,Torr,15.large_stm_connectingPort,spray,15.large_stm_connectingPort/MassSpecData-02115-20261006-174038.csv,2026-10-06 17:29:29.326,11.581816666666667
2026-10-06 17:41:04.444,8.3183e-11,Torr,15.large_stm_connectingPort,spray,15.large_stm_connectingPort/MassSpecData-02115-20261006-174038.csv,2026-10-06 17:29:29.326,11.5853
2026-10-06 17:41:04.652,7.8943e-11,Torr,15.large_stm_connectingPort,spray,15.large_stm_connectingPort/MassSpecData-02115-20261006-174038.csv,2026-10-06 17:29:29.326,11.588766666666666
2026-10-06 17:41:04.860,9.4301e-11,Torr,15.large_stm_connectingPort,spray,15.large_stm_connectingPort/MassSpecData-02115-20261006-174038.csv,2026-10-06 17:29:29.326,11.592233333333333
2026-10-06 17:41:05.069,8.4273e-11,Torr,15.large_stm_connectingPort,spray,15.large_stm_connectingPort/MassSpecData-02115-20261006-174038.csv,2026-10-06 17:29:29.326,11.595716666666668
2026-10-06 17:41:05.277,6.9721e-11,Torr,15.large_stm_connectingPort,spray,15.large_stm_connectingPort/MassSpecData-02115-20261006-174038.csv,2026-10-06 17:29:29.326,11.599183333333334
2026-10-06 17:41:05.485,8.1055e-11,Torr,15.large_stm_connectingPort,spray,15.large_stm_connectingPort/MassSpecData-02115-20261006-174038.csv,2026-10-06 17:29:29.326,11.60265
2026-10-06 17:41:05.694,8.7733e-11,Torr,15.large_stm_connectingPort,spray,15.large_stm_connectingPort/MassSpecData-02115-20261006-174038.csv,2026-10-06 17:29:29.326,11.606133333333334
2026-10-06 17:41:05.902,8.3424e-11,Torr,15.large_stm_connectingPort,spray,15.large_stm_connectingPort/MassSpecData-02115-20261006-174038.csv,2026-10-06 17:29:29.326,11.6096
2026-10-06 17:41:06.110,8.4498e-11,Torr,15.large_stm_connectingPort,spray,15.large_stm_connectingPort/MassSpecData-02115-20261006-174038.csv,2026-10-06 17:29:29.326,11.613066666666667
2026-10-06 17:41:06.319,1.0324e-10,Torr,15.large_stm_connectingPort,spray,15.large_stm_connectingPort/MassSpecData-02115-20261006-174038.csv,2026-10-06 17:29:29.326,11.61655
2026-10-06 17:41:06.527,7.3706e-11,Torr,15.large_stm_connectingPort,spray,15.large_stm_connectingPort/MassSpecData-02115-20261006-174038.csv,2026-10-06 17:29:29.326,11.620016666666666
2026-10-06 17:41:06.735,9.0945e-11,Torr,15.large_stm_connectingPort,spray,15.large_stm_connectingPort/MassSpecData-02115-20261006-174038.csv,2026-10-06 17:29:29.326,11.623483333333333
2026-10-06 17:41:06.944,8.4652e-11,Torr,15.large_stm_connectingPort,spray,15.large_stm_connectingPort/MassSpecData-02115-20261006-174038.csv,2026-10-06 17:29:29.326,11.626966666666668
2026-10-06 17:41:07.152,8.0409e-11,Torr,15.large_stm_connectingPort,spray,15.large_stm_connectingPort/MassSpecData-02115-20261006-174038.csv,2026-10-06 17:29:29.326,11.630433333333334
2026-10-06 17:41:07.360,6.9329e-11,Torr,15.large_stm_connectingPort,spray,15.large_stm_connectingPort/MassSpecData-02115-20261006-174038.csv,2026-10-06 17:29:29.326,11.6339
2026-10-06 17:41:07.569,8.1842e-11,Torr,15.large_stm_connectingPort,spray,15.large_stm_connectingPort/MassSpecData-02115-20261006-174038.csv,2026-10-06 17:29:29.326,11.637383333333334
2026-10-06 17:41:07.777,7.7511e-11,Torr,15.large_stm_connectingPort,spray,15.large_stm_connectingPort/MassSpecData-02115-20261006-174038.csv,2026-10-06 17:29:29.326,11.64085
2026-10-06 17:41:07.985,8.6162e-11,Torr,15.large_stm_connectingPort,spray,15.large_stm_connectingPort/MassSpecData-02115-20261006-174038.csv,2026-10-06 17:29:29.326,11.644316666666667
2026-10-06 17:41:08.194,8.6867e-11,Torr,15.large_stm_connectingPort,spray,15.large_stm_connectingPort/MassSpecData-02115-20261006-174038.csv,2026-10-06 17:29:29.326,11.6478
2026-10-06 17:41:08.402,8.201e-11,Torr,15.large_stm_connectingPort,spray,15.large_stm_connectingPort/MassSpecData-02115-20261006-174038.csv,2026-10-06 17:29:29.326,11.651266666666666
2026-10-06 17:41:08.610,6.9669e-11,Torr,15.large_stm_connectingPort,spray,15.large_stm_connectingPort/MassSpecData-02115-20261006-174038.csv,2026-10-06 17:29:29.326,11.654733333333333
2026-10-06 17:41:08.819,6.9268e-11,Torr,15.large_stm_connectingPort,spray,15.large_stm_connectingPort/MassSpecData-02115-20261006-174038.csv,2026-10-06 17:29:29.326,11.658216666666668
2026-10-06 17:41:09.027,7.5933e-11,Torr,15.large_stm_connectingPort,spray,15.large_stm_connectingPort/MassSpecData-02115-20261006-174038.csv,2026-10-06 17:29:29.326,11.661683333333334
2026-10-06 17:41:09.235,8.1803e-11,Torr,15.large_stm_connectingPort,spray,15.large_stm_connectingPort/MassSpecData-02115-20261006-174038.csv,2026-10-06 17:29:29.326,11.66515
2026-10-06 17:41:09.444,8.207e-11,Torr,15.large_stm_connectingPort,spray,15.large_stm_connectingPort/MassSpecData-02115-20261006-174038.csv,2026-10-06 17:29:29.326,11.668633333333334
2026-10-06 17:41:09.652,8.8951e-11,Torr,15.large_stm_connectingPort,spray,15.large_stm_connectingPort/MassSpecData-02115-20261006-174038.csv,2026-10-06 17:29:29.326,11.6721
2026-10-06 17:41:09.860,7.8872e-11,Torr,15.large_stm_connectingPort,spray,15.large_stm_connectingPort/MassSpecData-02115-20261006-174038.csv,2026-10-06 17:29:29.326,11.675566666666667
2026-10-06 17:41:10.069,8.0623e-11,Torr,15.large_stm_connectingPort,spray,15.large_stm_connectingPort/MassSpecData-02115-20261006-174038.csv,2026-10-06 17:29:29.326,11.67905
2026-10-06 17:41:10.277,8.3848e-11,Torr,15.large_stm_connectingPort,spray,15.large_stm_connectingPort/MassSpecData-02115-20261006-174038.csv,2026-10-06 17:29:29.326,11.682516666666666
2026-10-06 17:41:10.485,8.7009e-11,Torr,15.large_stm_connectingPort,spray,15.large_stm_connectingPort/MassSpecData-02115-20261006-174038.csv,2026-10-06 17:29:29.326,11.685983333333333
2026-10-06 17:41:10.694,8.9027e-11,Torr,15.large_stm_connectingPort,spray,15.large_stm_connectingPort/MassSpecData-02115-20261006-174038.csv,2026-10-06 17:29:29.326,11.689466666666668
2026-10-06 17:41:10.902,9.0719e-11,Torr,15.large_stm_connectingPort,spray,15.large_stm_connectingPort/MassSpecData-02115-20261006-174038.csv,2026-10-06 17:29:29.326,11.692933333333334
2026-10-06 17:41:11.110,8.7925e-11,Torr,15.large_stm_connectingPort,spray,15.large_stm_connectingPort/MassSpecData-02115-20261006-174038.csv,2026-10-06 17:29:29.326,11.6964
2026-10-06 17:41:11.319,9.0769e-11,Torr,15.large_stm_connectingPort,spray,15.large_stm_connectingPort/MassSpecData-02115-20261006-174038.csv,2026-10-06 17:29:29.326,11.699883333333334
2026-10-06 17:41:11.527,8.2647e-11,Torr,15.large_stm_connectingPort,spray,15.large_stm_connectingPort/MassSpecData-02115-20261006-174038.csv,2026-10-06 17:29:29.326,11.70335
2026-10-06 17:41:11.735,7.1676e-11,Torr,15.large_stm_connectingPort,spray,15.large_stm_connectingPort/MassSpecData-02115-20261006-174038.csv,2026-10-06 17:29:29.326,11.706816666666667
2026-10-06 17:41:11.944,6.896e-11,Torr,15.large_stm_connectingPort,spray,15.large_stm_connectingPort/MassSpecData-02115-20261006-174038.csv,2026-10-06 17:29:29.326,11.7103
2026-10-06 17:41:12.152,9.4635e-11,Torr,15.large_stm_connectingPort,spray,15.large_stm_connectingPort/MassSpecData-02115-20261006-174038.csv,2026-10-06 17:29:29.326,11.713766666666666
2026-10-06 17:41:12.360,6.5711e-11,Torr,15.large_stm_connectingPort,spray,15.large_stm_connectingPort/MassSpecData-02115-20261006-174038.csv,2026-10-06 17:29:29.326,11.717233333333333
2026-10-06 17:41:12.569,9.0905e-11,Torr,15.large_stm_connectingPort,spray,15.large_stm_connectingPort/MassSpecData-02115-20261006-174038.csv,2026-10-06 17:29:29.326,11.720716666666668
2026-10-06 17:41:12.777,8.4961e-11,Torr,15.large_stm_connectingPort,spray,15.large_stm_connectingPort/MassSpecData-02115-20261006-174038.csv,2026-10-06 17:29:29.326,11.724183333333334
2026-10-06 17:41:12.985,8.6431e-11,Torr,15.large_stm_connectingPort,spray,15.large_stm_connectingPort/MassSpecData-02115-20261006-174038.csv,2026-10-06 17:29:29.326,11.72765
2026-10-06 17:41:13.194,8.6384e-11,Torr,15.large_stm_connectingPort,spray,15.large_stm_connectingPort/MassSpecData-02115-20261006-174038.csv,2026-10-06 17:29:29.326,11.731133333333334
2026-10-06 17:41:13.402,8.3831e-11,Torr,15.large_stm_connectingPort,spray,15.large_stm_connectingPort/MassSpecData-02115-20261006-174038.csv,2026-10-06 17:29:29.326,11.7346
2026-10-06 17:41:13.610,7.4871e-11,Torr,15.large_stm_connectingPort,spray,15.large_stm_connectingPort/MassSpecData-02115-20261006-174038.csv,2026-10-06 17:29:29.326,11.738066666666667
2026-10-06 17:41:13.819,8.4895e-11,Torr,15.large_stm_connectingPort,spray,15.large_stm_connectingPort/MassSpecData-02115-20261006-174038.csv,2026-10-06 17:29:29.326,11.74155
2026-10-06 17:41:14.027,9.303e-11,Torr,15.large_stm_connectingPort,spray,15.large_stm_connectingPort/MassSpecData-02115-20261006-174038.csv,2026-10-06 17:29:29.326,11.745016666666666
2026-10-06 17:41:14.235,7.1367e-11,Torr,15.large_stm_connectingPort,spray,15.large_stm_connectingPort/MassSpecData-02115-20261006-174038.csv,2026-10-06 17:29:29.326,11.748483333333333
2026-10-06 17:41:14.444,7.9012e-11,Torr,15.large_stm_connectingPort,spray,15.large_stm_connectingPort/MassSpecData-02115-20261006-174038.csv,2026-10-06 17:29:29.326,11.751966666666668
2026-10-06 17:41:14.652,6.3875e-11,Torr,15.large_stm_connectingPort,spray,15.large_stm_connectingPort/MassSpecData-02115-20261006-174038.csv,2026-10-06 17:29:29.326,11.755433333333334
2026-10-06 17:41:14.860,7.7644e-11,Torr,15.large_stm_connectingPort,spray,15.large_stm_connectingPort/MassSpecData-02115-20261006-174038.csv,2026-10-06 17:29:29.326,11.7589
2026-10-06 17:41:15.069,8.9014e-11,Torr,15.large_stm_connectingPort,spray,15.large_stm_connectingPort/MassSpecData-02115-20261006-174038.csv,2026-10-06 17:29:29.326,11.762383333333334
2026-10-06 17:41:15.277,7.8196e-11,Torr,15.large_stm_connectingPort,spray,15.large_stm_connectingPort/MassSpecData-02115-20261006-174038.csv,2026-10-06 17:29:29.326,11.76585
2026-10-06 17:41:15.485,7.6964e-11,Torr,15.large_stm_connectingPort,spray,15.large_stm_connectingPort/MassSpecData-02115-20261006-174038.csv,2026-10-06 17:29:29.326,11.769316666666667
2026-10-06 17:41:15.694,8.9556e-11,Torr,15.large_stm_connectingPort,spray,15.large_stm_connectingPort/MassSpecData-02115-20261006-174038.csv,2026-10-06 17:29:29.326,11.7728
2026-10-06 17:41:15.902,7.2597e-11,Torr,15.large_stm_connectingPort,spray,15.large_stm_connectingPort/MassSpecData-02115-20261006-174038.csv,2026-10-06 17:29:29.326,11.776266666666666
2026-10-06 17:41:16.111,7.6875e-11,Torr,15.large_stm_connectingPort,spray,15.large_stm_connectingPort/MassSpecData-02115-20261006-174038.csv,2026-10-06 17:29:29.326,11.77975
2026-10-06 17:41:16.319,8.2296e-11,Torr,15.large_stm_connectingPort,spray,15.large_stm_connectingPort/MassSpecData-02115-20261006-174038.csv,2026-10-06 17:29:29.326,11.783216666666668
2026-10-06 17:41:16.527,9.4023e-11,Torr,15.large_stm_connectingPort,spray,15.large_stm_connectingPort/MassSpecData-02115-20261006-174038.csv,2026-10-06 17:29:29.326,11.786683333333334
2026-10-06 17:41:16.736,7.959e-11,Torr,15.large_stm_connectingPort,spray,15.large_stm_connectingPort/MassSpecData-02115-20261006-174038.csv,2026-10-06 17:29:29.326,11.790166666666666
2026-10-06 17:41:16.944,7.9614e-11,Torr,15.large_stm_connectingPort,spray,15.large_stm_connectingPort/MassSpecData-02115-20261006-174038.csv,2026-10-06 17:29:29.326,11.793633333333334
2026-10-06 17:41:17.152,8.4137e-11,Torr,15.large_stm_connectingPort,spray,15.large_stm_connectingPort/MassSpecData-02115-20261006-174038.csv,2026-10-06 17:29:29.326,11.7971
2026-10-06 17:41:17.361,8.0633e-11,Torr,15.large_stm_connectingPort,spray,15.large_stm_connectingPort/MassSpecData-02115-20261006-174038.csv,2026-10-06 17:29:29.326,11.800583333333332
2026-10-06 17:41:17.569,9.8247e-11,Torr,15.large_stm_connectingPort,spray,15.large_stm_connectingPort/MassSpecData-02115-20261006-174038.csv,2026-10-06 17:29:29.326,11.80405
2026-10-06 17:41:17.777,9.3191e-11,Torr,15.large_stm_connectingPort,spray,15.large_stm_connectingPort/MassSpecData-02115-20261006-174038.csv,2026-10-06 17:29:29.326,11.807516666666666
2026-10-06 17:41:17.986,8.5651e-11,Torr,15.large_stm_connectingPort,spray,15.large_stm_connectingPort/MassSpecData-02115-20261006-174038.csv,2026-10-06 17:29:29.326,11.811
2026-10-06 17:41:18.194,8.3708e-11,Torr,15.large_stm_connectingPort,spray,15.large_stm_connectingPort/MassSpecData-02115-20261006-174038.csv,2026-10-06 17:29:29.326,11.814466666666668
2026-10-06 17:41:18.402,9.3824e-11,Torr,15.large_stm_connectingPort,spray,15.large_stm_connectingPort/MassSpecData-02115-20261006-174038.csv,2026-10-06 17:29:29.326,11.817933333333334
2026-10-06 17:41:18.611,8.3653e-11,Torr,15.large_stm_connectingPort,spray,15.large_stm_connectingPort/MassSpecData-02115-20261006-174038.csv,2026-10-06 17:29:29.326,11.821416666666666
2026-10-06 17:41:18.819,9.1419e-11,Torr,15.large_stm_connectingPort,spray,15.large_stm_connectingPort/MassSpecData-02115-20261006-174038.csv,2026-10-06 17:29:29.326,11.824883333333334
2026-10-06 17:41:19.027,9.4589e-11,Torr,15.large_stm_connectingPort,spray,15.large_stm_connectingPort/MassSpecData-02115-20261006-174038.csv,2026-10-06 17:29:29.326,11.82835
2026-10-06 17:41:19.236,7.8895e-11,Torr,15.large_stm_connectingPort,spray,15.large_stm_connectingPort/MassSpecData-02115-20261006-174038.csv,2026-10-06 17:29:29.326,11.831833333333332
2026-10-06 17:41:19.444,7.3118e-11,Torr,15.large_stm_connectingPort,spray,15.large_stm_connectingPort/MassSpecData-02115-20261006-174038.csv,2026-10-06 17:29:29.326,11.8353
2026-10-06 17:41:19.652,7.5583e-11,Torr,15.large_stm_connectingPort,spray,15.large_stm_connectingPort/MassSpecData-02115-20261006-174038.csv,2026-10-06 17:29:29.326,11.838766666666666
2026-10-06 17:41:19.932,7.3588e-11,Torr,15.large_stm_connectingPort,spray,15.large_stm_connectingPort/MassSpecData-02115-20261006-174119.csv,2026-10-06 17:29:29.326,11.843433333333333
2026-10-06 17:41:20.140,7.9491e-11,Torr,15.large_stm_connectingPort,spray,15.large_stm_connectingPort/MassSpecData-02115-20261006-174119.csv,2026-10-06 17:29:29.326,11.8469
2026-10-06 17:41:20.349,9.3951e-11,Torr,15.large_stm_connectingPort,spray,15.large_stm_connectingPort/MassSpecData-02115-20261006-174119.csv,2026-10-06 17:29:29.326,11.850383333333333
2026-10-06 17:41:20.557,7.2639e-11,Torr,15.large_stm_connectingPort,spray,15.large_stm_connectingPort/MassSpecData-02115-20261006-174119.csv,2026-10-06 17:29:29.326,11.85385
2026-10-06 17:41:20.765,6.8361e-11,Torr,15.large_stm_connectingPort,spray,15.large_stm_connectingPort/MassSpecData-02115-20261006-174119.csv,2026-10-06 17:29:29.326,11.857316666666666
2026-10-06 17:41:20.974,8.5558e-11,Torr,15.large_stm_connectingPort,spray,15.large_stm_connectingPort/MassSpecData-02115-20261006-174119.csv,2026-10-06 17:29:29.326,11.860800000000001
2026-10-06 17:41:21.182,6.3438e-11,Torr,15.large_stm_connectingPort,spray,15.large_stm_connectingPort/MassSpecData-02115-20261006-174119.csv,2026-10-06 17:29:29.326,11.864266666666667
2026-10-06 17:41:21.390,8.0741e-11,Torr,15.large_stm_connectingPort,spray,15.large_stm_connectingPort/MassSpecData-02115-20261006-174119.csv,2026-10-06 17:29:29.326,11.867733333333332
2026-10-06 17:41:21.598,7.2972e-11,Torr,15.large_stm_connectingPort,spray,15.large_stm_connectingPort/MassSpecData-02115-20261006-174119.csv,2026-10-06 17:29:29.326,11.8712
2026-10-06 17:41:21.807,8.329e-11,Torr,15.large_stm_connectingPort,spray,15.large_stm_connectingPort/MassSpecData-02115-20261006-174119.csv,2026-10-06 17:29:29.326,11.874683333333333
2026-10-06 17:41:22.015,8.8503e-11,Torr,15.large_stm_connectingPort,spray,15.large_stm_connectingPort/MassSpecData-02115-20261006-174119.csv,2026-10-06 17:29:29.326,11.87815
2026-10-06 17:41:22.224,8.3977e-11,Torr,15.large_stm_connectingPort,spray,15.large_stm_connectingPort/MassSpecData-02115-20261006-174119.csv,2026-10-06 17:29:29.326,11.881633333333333
2026-10-06 17:41:22.432,7.0489e-11,Torr,15.large_stm_connectingPort,spray,15.large_stm_connectingPort/MassSpecData-02115-20261006-174119.csv,2026-10-06 17:29:29.326,11.8851
2026-10-06 17:41:22.640,7.6151e-11,Torr,15.large_stm_connectingPort,spray,15.large_stm_connectingPort/MassSpecData-02115-20261006-174119.csv,2026-10-06 17:29:29.326,11.888566666666666
2026-10-06 17:41:22.849,7.9364e-11,Torr,15.large_stm_connectingPort,spray,15.large_stm_connectingPort/MassSpecData-02115-20261006-174119.csv,2026-10-06 17:29:29.326,11.892050000000001
2026-10-06 17:41:23.057,7.0438e-11,Torr,15.large_stm_connectingPort,spray,15.large_stm_connectingPort/MassSpecData-02115-20261006-174119.csv,2026-10-06 17:29:29.326,11.895516666666667
2026-10-06 17:41:23.265,8.9545e-11,Torr,15.large_stm_connectingPort,spray,15.large_stm_connectingPort/MassSpecData-02115-20261006-174119.csv,2026-10-06 17:29:29.326,11.898983333333332
2026-10-06 17:41:23.474,7.9158e-11,Torr,15.large_stm_connectingPort,spray,15.large_stm_connectingPort/MassSpecData-02115-20261006-174119.csv,2026-10-06 17:29:29.326,11.902466666666667
2026-10-06 17:41:23.682,8.4083e-11,Torr,15.large_stm_connectingPort,spray,15.large_stm_connectingPort/MassSpecData-02115-20261006-174119.csv,2026-10-06 17:29:29.326,11.905933333333333
2026-10-06 17:41:23.890,8.2344e-11,Torr,15.large_stm_connectingPort,spray,15.large_stm_connectingPort/MassSpecData-02115-20261006-174119.csv,2026-10-06 17:29:29.326,11.9094
2026-10-06 17:41:24.099,7.7487e-11,Torr,15.large_stm_connectingPort,spray,15.large_stm_connectingPort/MassSpecData-02115-20261006-174119.csv,2026-10-06 17:29:29.326,11.912883333333333
2026-10-06 17:41:24.307,8.6768e-11,Torr,15.large_stm_connectingPort,spray,15.large_stm_connectingPort/MassSpecData-02115-20261006-174119.csv,2026-10-06 17:29:29.326,11.91635
2026-10-06 17:41:24.515,7.2033e-11,Torr,15.large_stm_connectingPort,spray,15.large_stm_connectingPort/MassSpecData-02115-20261006-174119.csv,2026-10-06 17:29:29.326,11.919816666666666
2026-10-06 17:41:24.724,7.5005e-11,Torr,15.large_stm_connectingPort,spray,15.large_stm_connectingPort/MassSpecData-02115-20261006-174119.csv,2026-10-06 17:29:29.326,11.923300000000001
2026-10-06 17:41:24.932,7.7327e-11,Torr,15.large_stm_connectingPort,spray,15.large_stm_connectingPort/MassSpecData-02115-20261006-174119.csv,2026-10-06 17:29:29.326,11.926766666666667
2026-10-06 17:41:25.140,9.2243e-11,Torr,15.large_stm_connectingPort,spray,15.large_stm_connectingPort/MassSpecData-02115-20261006-174119.csv,2026-10-06 17:29:29.326,11.930233333333332
2026-10-06 17:41:25.348,7.5458e-11,Torr,15.large_stm_connectingPort,spray,15.large_stm_connectingPort/MassSpecData-02115-20261006-174119.csv,2026-10-06 17:29:29.326,11.9337
2026-10-06 17:41:25.557,8.0021e-11,Torr,15.large_stm_connectingPort,spray,15.large_stm_connectingPort/MassSpecData-02115-20261006-174119.csv,2026-10-06 17:29:29.326,11.937183333333333
2026-10-06 17:41:25.765,8.1448e-11,Torr,15.large_stm_connectingPort,spray,15.large_stm_connectingPort/MassSpecData-02115-20261006-174119.csv,2026-10-06 17:29:29.326,11.94065
2026-10-06 17:41:25.973,9.1095e-11,Torr,15.large_stm_connectingPort,spray,15.large_stm_connectingPort/MassSpecData-02115-20261006-174119.csv,2026-10-06 17:29:29.326,11.944116666666668
2026-10-06 17:41:26.182,9.0328e-11,Torr,15.large_stm_connectingPort,spray,15.large_stm_connectingPort/MassSpecData-02115-20261006-174119.csv,2026-10-06 17:29:29.326,11.9476
2026-10-06 17:41:26.390,9.096e-11,Torr,15.large_stm_connectingPort,spray,15.large_stm_connectingPort/MassSpecData-02115-20261006-174119.csv,2026-10-06 17:29:29.326,11.951066666666666
2026-10-06 17:41:26.598,7.3852e-11,Torr,15.large_stm_connectingPort,spray,15.large_stm_connectingPort/MassSpecData-02115-20261006-174119.csv,2026-10-06 17:29:29.326,11.954533333333334
2026-10-06 17:41:26.807,8.535e-11,Torr,15.large_stm_connectingPort,spray,15.large_stm_connectingPort/MassSpecData-02115-20261006-174119.csv,2026-10-06 17:29:29.326,11.958016666666667
2026-10-06 17:41:27.015,9.6157e-11,Torr,15.large_stm_connectingPort,spray,15.large_stm_connectingPort/MassSpecData-02115-20261006-174119.csv,2026-10-06 17:29:29.326,11.961483333333332
2026-10-06 17:41:27.223,8.3449e-11,Torr,15.large_stm_connectingPort,spray,15.large_stm_connectingPort/MassSpecData-02115-20261006-174119.csv,2026-10-06 17:29:29.326,11.96495
2026-10-06 17:41:27.432,9.26e-11,Torr,15.large_stm_connectingPort,spray,15.large_stm_connectingPort/MassSpecData-02115-20261006-174119.csv,2026-10-06 17:29:29.326,11.968433333333333
2026-10-06 17:41:27.640,7.4147e-11,Torr,15.large_stm_connectingPort,spray,15.large_stm_connectingPort/MassSpecData-02115-20261006-174119.csv,2026-10-06 17:29:29.326,11.9719
2026-10-06 17:41:27.848,8.5796e-11,Torr,15.large_stm_connectingPort,spray,15.large_stm_connectingPort/MassSpecData-02115-20261006-174119.csv,2026-10-06 17:29:29.326,11.975366666666668
2026-10-06 17:41:28.057,6.056e-11,Torr,15.large_stm_connectingPort,spray,15.large_stm_connectingPort/MassSpecData-02115-20261006-174119.csv,2026-10-06 17:29:29.326,11.97885
2026-10-06 17:41:28.265,6.7921e-11,Torr,15.large_stm_connectingPort,spray,15.large_stm_connectingPort/MassSpecData-02115-20261006-174119.csv,2026-10-06 17:29:29.326,11.982316666666666
2026-10-06 17:41:28.473,6.8366e-11,Torr,15.large_stm_connectingPort,spray,15.large_stm_connectingPort/MassSpecData-02115-20261006-174119.csv,2026-10-06 17:29:29.326,11.985783333333334
2026-10-06 17:41:28.682,7.911e-11,Torr,15.large_stm_connectingPort,spray,15.large_stm_connectingPort/MassSpecData-02115-20261006-174119.csv,2026-10-06 17:29:29.326,11.989266666666667
2026-10-06 17:41:28.890,1.185e-10,Torr,15.large_stm_connectingPort,spray,15.large_stm_connectingPort/MassSpecData-02115-20261006-174119.csv,2026-10-06 17:29:29.326,11.992733333333332
2026-10-06 17:41:29.099,7.8243e-11,Torr,15.large_stm_connectingPort,spray,15.large_stm_connectingPort/MassSpecData-02115-20261006-174119.csv,2026-10-06 17:29:29.326,11.996216666666667
2026-10-06 17:41:29.307,7.2131e-11,Torr,15.large_stm_connectingPort,spray,15.large_stm_connectingPort/MassSpecData-02115-20261006-174119.csv,2026-10-06 17:29:29.326,11.999683333333333
2026-10-06 17:41:29.515,8.1888e-11,Torr,15.large_stm_connectingPort,spray,15.large_stm_connectingPort/MassSpecData-02115-20261006-174119.csv,2026-10-06 17:29:29.326,12.00315
2026-10-06 17:41:29.724,9.2242e-11,Torr,15.large_stm_connectingPort,spray,15.large_stm_connectingPort/MassSpecData-02115-20261006-174119.csv,2026-10-06 17:29:29.326,12.006633333333333
2026-10-06 17:41:29.932,6.3011e-11,Torr,15.large_stm_connectingPort,spray,15.large_stm_connectingPort/MassSpecData-02115-20261006-174119.csv,2026-10-06 17:29:29.326,12.0101
2026-10-06 17:41:30.140,7.1145e-11,Torr,15.large_stm_connectingPort,spray,15.large_stm_connectingPort/MassSpecData-02115-20261006-174119.csv,2026-10-06 17:29:29.326,12.013566666666666
2026-10-06 17:41:30.349,7.3668e-11,Torr,15.large_stm_connectingPort,spray,15.large_stm_connectingPort/MassSpecData-02115-20261006-174119.csv,2026-10-06 17:29:29.326,12.017050000000001
2026-10-06 17:41:30.557,8.7894e-11,Torr,15.large_stm_connectingPort,spray,15.large_stm_connectingPort/MassSpecData-02115-20261006-174119.csv,2026-10-06 17:29:29.326,12.020516666666667
2026-10-06 17:41:30.765,7.6657e-11,Torr,15.large_stm_connectingPort,spray,15.large_stm_connectingPort/MassSpecData-02115-20261006-174119.csv,2026-10-06 17:29:29.326,12.023983333333332
2026-10-06 17:41:30.974,6.1583e-11,Torr,15.large_stm_connectingPort,spray,15.large_stm_connectingPort/MassSpecData-02115-20261006-174119.csv,2026-10-06 17:29:29.326,12.027466666666667
2026-10-06 17:41:31.182,6.9682e-11,Torr,15.large_stm_connectingPort,spray,15.large_stm_connectingPort/MassSpecData-02115-20261006-174119.csv,2026-10-06 17:29:29.326,12.030933333333333
2026-10-06 17:41:31.390,8.1616e-11,Torr,15.large_stm_connectingPort,spray,15.large_stm_connectingPort/MassSpecData-02115-20261006-174119.csv,2026-10-06 17:29:29.326,12.0344
2026-10-06 17:41:31.599,8.9833e-11,Torr,15.large_stm_connectingPort,spray,15.large_stm_connectingPort/MassSpecData-02115-20261006-174119.csv,2026-10-06 17:29:29.326,12.037883333333333
2026-10-06 17:41:31.807,8.4517e-11,Torr,15.large_stm_connectingPort,spray,15.large_stm_connectingPort/MassSpecData-02115-20261006-174119.csv,2026-10-06 17:29:29.326,12.04135
2026-10-06 17:41:32.015,9.1032e-11,Torr,15.large_stm_connectingPort,spray,15.large_stm_connectingPort/MassSpecData-02115-20261006-174119.csv,2026-10-06 17:29:29.326,12.044816666666666
2026-10-06 17:41:32.224,8.7334e-11,Torr,15.large_stm_connectingPort,spray,15.large_stm_connectingPort/MassSpecData-02115-20261006-174119.csv,2026-10-06 17:29:29.326,12.048300000000001
2026-10-06 17:41:32.432,9.455e-11,Torr,15.large_stm_connectingPort,spray,15.large_stm_connectingPort/MassSpecData-02115-20261006-174119.csv,2026-10-06 17:29:29.326,12.051766666666667
2026-10-06 17:41:32.640,9.0684e-11,Torr,15.large_stm_connectingPort,spray,15.large_stm_connectingPort/MassSpecData-02115-20261006-174119.csv,2026-10-06 17:29:29.326,12.055233333333332
2026-10-06 17:41:32.849,8.0868e-11,Torr,15.large_stm_connectingPort,spray,15.large_stm_connectingPort/MassSpecData-02115-20261006-174119.csv,2026-10-06 17:29:29.326,12.058716666666667
2026-10-06 17:41:33.057,8.3551e-11,Torr,15.large_stm_connectingPort,spray,15.large_stm_connectingPort/MassSpecData-02115-20261006-174119.csv,2026-10-06 17:29:29.326,12.062183333333333
2026-10-06 17:41:33.265,9.3583e-11,Torr,15.large_stm_connectingPort,spray,15.large_stm_connectingPort/MassSpecData-02115-20261006-174119.csv,2026-10-06 17:29:29.326,12.06565
2026-10-06 17:41:33.474,7.7529e-11,Torr,15.large_stm_connectingPort,spray,15.large_stm_connectingPort/MassSpecData-02115-20261006-174119.csv,2026-10-06 17:29:29.326,12.069133333333333
2026-10-06 17:41:33.682,7.9957e-11,Torr,15.large_stm_connectingPort,spray,15.large_stm_connectingPort/MassSpecData-02115-20261006-174119.csv,2026-10-06 17:29:29.326,12.0726
2026-10-06 17:41:33.890,8.0976e-11,Torr,15.large_stm_connectingPort,spray,15.large_stm_connectingPort/MassSpecData-02115-20261006-174119.csv,2026-10-06 17:29:29.326,12.076066666666666
2026-10-06 17:41:34.099,7.7261e-11,Torr,15.large_stm_connectingPort,spray,15.large_stm_connectingPort/MassSpecData-02115-20261006-174119.csv,2026-10-06 17:29:29.326,12.079550000000001
2026-10-06 17:41:34.307,6.9622e-11,Torr,15.large_stm_connectingPort,spray,15.large_stm_connectingPort/MassSpecData-02115-20261006-174119.csv,2026-10-06 17:29:29.326,12.083016666666667
2026-10-06 17:41:34.515,9.8273e-11,Torr,15.large_stm_connectingPort,spray,15.large_stm_connectingPort/MassSpecData-02115-20261006-174119.csv,2026-10-06 17:29:29.326,12.086483333333332
2026-10-06 17:41:34.724,8.7459e-11,Torr,15.large_stm_connectingPort,spray,15.large_stm_connectingPort/MassSpecData-02115-20261006-174119.csv,2026-10-06 17:29:29.326,12.089966666666667
2026-10-06 17:41:34.932,8.604e-11,Torr,15.large_stm_connectingPort,spray,15.large_stm_connectingPort/MassSpecData-02115-20261006-174119.csv,2026-10-06 17:29:29.326,12.093433333333333
2026-10-06 17:41:35.140,8.8438e-11,Torr,15.large_stm_connectingPort,spray,15.large_stm_connectingPort/MassSpecData-02115-20261006-174119.csv,2026-10-06 17:29:29.326,12.0969
2026-10-06 17:41:35.349,7.1429e-11,Torr,15.large_stm_connectingPort,spray,15.large_stm_connectingPort/MassSpecData-02115-20261006-174119.csv,2026-10-06 17:29:29.326,12.100383333333333
2026-10-06 17:41:35.557,9.3801e-11,Torr,15.large_stm_connectingPort,spray,15.large_stm_connectingPort/MassSpecData-02115-20261006-174119.csv,2026-10-06 17:29:29.326,12.10385
2026-10-06 17:41:35.765,7.1863e-11,Torr,15.large_stm_connectingPort,spray,15.large_stm_connectingPort/MassSpecData-02115-20261006-174119.csv,2026-10-06 17:29:29.326,12.107316666666666
2026-10-06 17:41:35.974,7.4134e-11,Torr,15.large_stm_connectingPort,spray,15.large_stm_connectingPort/MassSpecData-02115-20261006-174119.csv,2026-10-06 17:29:29.326,12.110800000000001
2026-10-06 17:41:36.182,7.4602e-11,Torr,15.large_stm_connectingPort,spray,15.large_stm_connectingPort/MassSpecData-02115-20261006-174119.csv,2026-10-06 17:29:29.326,12.114266666666667
2026-10-06 17:41:36.390,8.0378e-11,Torr,15.large_stm_connectingPort,spray,15.large_stm_connectingPort/MassSpecData-02115-20261006-174119.csv,2026-10-06 17:29:29.326,12.117733333333332
2026-10-06 17:41:36.599,8.458e-11,Torr,15.large_stm_connectingPort,spray,15.large_stm_connectingPort/MassSpecData-02115-20261006-174119.csv,2026-10-06 17:29:29.326,12.121216666666667
2026-10-06 17:41:36.807,7.7547e-11,Torr,15.large_stm_connectingPort,spray,15.large_stm_connectingPort/MassSpecData-02115-20261006-174119.csv,2026-10-06 17:29:29.326,12.124683333333333
2026-10-06 17:41:37.015,7.5132e-11,Torr,15.large_stm_connectingPort,spray,15.large_stm_connectingPort/MassSpecData-02115-20261006-174119.csv,2026-10-06 17:29:29.326,12.12815
2026-10-06 17:41:37.224,7.8448e-11,Torr,15.large_stm_connectingPort,spray,15.large_stm_connectingPort/MassSpecData-02115-20261006-174119.csv,2026-10-06 17:29:29.326,12.131633333333333
2026-10-06 17:41:37.432,6.7951e-11,Torr,15.large_stm_connectingPort,spray,15.large_stm_connectingPort/MassSpecData-02115-20261006-174119.csv,2026-10-06 17:29:29.326,12.1351
2026-10-06 17:41:37.640,8.1509e-11,Torr,15.large_stm_connectingPort,spray,15.large_stm_connectingPort/MassSpecData-02115-20261006-174119.csv,2026-10-06 17:29:29.326,12.138566666666666
2026-10-06 17:41:37.849,9.2795e-11,Torr,15.large_stm_connectingPort,spray,15.large_stm_connectingPort/MassSpecData-02115-20261006-174119.csv,2026-10-06 17:29:29.326,12.142050000000001
2026-10-06 17:41:38.057,5.9624e-11,Torr,15.large_stm_connectingPort,spray,15.large_stm_connectingPort/MassSpecData-02115-20261006-174119.csv,2026-10-06 17:29:29.326,12.145516666666667
2026-10-06 17:41:38.265,7.9006e-11,Torr,15.large_stm_connectingPort,spray,15.large_stm_connectingPort/MassSpecData-02115-20261006-174119.csv,2026-10-06 17:29:29.326,12.148983333333332
2026-10-06 17:41:38.474,7.5558e-11,Torr,15.large_stm_connectingPort,spray,15.large_stm_connectingPort/MassSpecData-02115-20261006-174119.csv,2026-10-06 17:29:29.326,12.152466666666667
2026-10-06 17:41:38.682,8.517e-11,Torr,15.large_stm_connectingPort,spray,15.large_stm_connectingPort/MassSpecData-02115-20261006-174119.csv,2026-10-06 17:29:29.326,12.155933333333333
2026-10-06 17:41:38.890,7.4558e-11,Torr,15.large_stm_connectingPort,spray,15.large_stm_connectingPort/MassSpecData-02115-20261006-174119.csv,2026-10-06 17:29:29.326,12.1594
2026-10-06 17:41:39.099,6.9835e-11,Torr,15.large_stm_connectingPort,spray,15.large_stm_connectingPort/MassSpecData-02115-20261006-174119.csv,2026-10-06 17:29:29.326,12.162883333333333
2026-10-06 17:41:39.307,6.4022e-11,Torr,15.large_stm_connectingPort,spray,15.large_stm_connectingPort/MassSpecData-02115-20261006-174119.csv,2026-10-06 17:29:29.326,12.16635
2026-10-06 17:41:39.515,6.7378e-11,Torr,15.large_stm_connectingPort,spray,15.large_stm_connectingPort/MassSpecData-02115-20261006-174119.csv,2026-10-06 17:29:29.326,12.169816666666666
2026-10-06 17:41:39.723,9.5589e-11,Torr,15.large_stm_connectingPort,spray,15.large_stm_connectingPort/MassSpecData-02115-20261006-174119.csv,2026-10-06 17:29:29.326,12.173283333333334
2026-10-06 17:41:39.932,8.3102e-11,Torr,15.large_stm_connectingPort,spray,15.large_stm_connectingPort/MassSpecData-02115-20261006-174119.csv,2026-10-06 17:29:29.326,12.176766666666667
2026-10-06 17:41:40.140,7.8846e-11,Torr,15.large_stm_connectingPort,spray,15.large_stm_connectingPort/MassSpecData-02115-20261006-174119.csv,2026-10-06 17:29:29.326,12.180233333333332
2026-10-06 17:41:40.348,6.8836e-11,Torr,15.large_stm_connectingPort,spray,15.large_stm_connectingPort/MassSpecData-02115-20261006-174119.csv,2026-10-06 17:29:29.326,12.1837
2026-10-06 17:41:40.557,6.9078e-11,Torr,15.large_stm_connectingPort,spray,15.large_stm_connectingPort/MassSpecData-02115-20261006-174119.csv,2026-10-06 17:29:29.326,12.187183333333333
2026-10-06 17:41:40.765,7.4029e-11,Torr,15.large_stm_connectingPort,spray,15.large_stm_connectingPort/MassSpecData-02115-20261006-174119.csv,2026-10-06 17:29:29.326,12.19065
2026-10-06 17:41:40.973,8.116e-11,Torr,15.large_stm_connectingPort,spray,15.large_stm_connectingPort/MassSpecData-02115-20261006-174119.csv,2026-10-06 17:29:29.326,12.194116666666668
2026-10-06 17:41:41.182,8.0024e-11,Torr,15.large_stm_connectingPort,spray,15.large_stm_connectingPort/MassSpecData-02115-20261006-174119.csv,2026-10-06 17:29:29.326,12.1976
2026-10-06 17:41:41.390,1.0076e-10,Torr,15.large_stm_connectingPort,spray,15.large_stm_connectingPort/MassSpecData-02115-20261006-174119.csv,2026-10-06 17:29:29.326,12.201066666666666
2026-10-06 17:41:41.598,7.5757e-11,Torr,15.large_stm_connectingPort,spray,15.large_stm_connectingPort/MassSpecData-02115-20261006-174119.csv,2026-10-06 17:29:29.326,12.204533333333334
2026-10-06 17:41:41.807,9.2074e-11,Torr,15.large_stm_connectingPort,spray,15.large_stm_connectingPort/MassSpecData-02115-20261006-174119.csv,2026-10-06 17:29:29.326,12.208016666666667
2026-10-06 17:41:42.015,8.7151e-11,Torr,15.large_stm_connectingPort,spray,15.large_stm_connectingPort/MassSpecData-02115-20261006-174119.csv,2026-10-06 17:29:29.326,12.211483333333332
2026-10-06 17:41:42.223,8.5456e-11,Torr,15.large_stm_connectingPort,spray,15.large_stm_connectingPort/MassSpecData-02115-20261006-174119.csv,2026-10-06 17:29:29.326,12.21495
2026-10-06 17:41:42.432,7.3951e-11,Torr,15.large_stm_connectingPort,spray,15.large_stm_connectingPort/MassSpecData-02115-20261006-174119.csv,2026-10-06 17:29:29.326,12.218433333333333
2026-10-06 17:41:42.640,7.2553e-11,Torr,15.large_stm_connectingPort,spray,15.large_stm_connectingPort/MassSpecData-02115-20261006-174119.csv,2026-10-06 17:29:29.326,12.2219
2026-10-06 17:41:42.848,7.4153e-11,Torr,15.large_stm_connectingPort,spray,15.large_stm_connectingPort/MassSpecData-02115-20261006-174119.csv,2026-10-06 17:29:29.326,12.225366666666668
2026-10-06 17:41:43.057,8.2183e-11,Torr,15.large_stm_connectingPort,spray,15.large_stm_connectingPort/MassSpecData-02115-20261006-174119.csv,2026-10-06 17:29:29.326,12.22885
2026-10-06 17:41:43.265,8.1776e-11,Torr,15.large_stm_connectingPort,spray,15.large_stm_connectingPort/MassSpecData-02115-20261006-174119.csv,2026-10-06 17:29:29.326,12.232316666666666
2026-10-06 17:41:43.473,7.0137e-11,Torr,15.large_stm_connectingPort,spray,15.large_stm_connectingPort/MassSpecData-02115-20261006-174119.csv,2026-10-06 17:29:29.326,12.235783333333334
2026-10-06 17:41:43.682,5.9861e-11,Torr,15.large_stm_connectingPort,spray,15.large_stm_connectingPort/MassSpecData-02115-20261006-174119.csv,2026-10-06 17:29:29.326,12.239266666666667
2026-10-06 17:41:43.890,7.2683e-11,Torr,15.large_stm_connectingPort,spray,15.large_stm_connectingPort/MassSpecData-02115-20261006-174119.csv,2026-10-06 17:29:29.326,12.242733333333332
2026-10-06 17:41:44.098,8.8888e-11,Torr,15.large_stm_connectingPort,spray,15.large_stm_connectingPort/MassSpecData-02115-20261006-174119.csv,2026-10-06 17:29:29.326,12.2462
2026-10-06 17:41:44.307,7.9694e-11,Torr,15.large_stm_connectingPort,spray,15.large_stm_connectingPort/MassSpecData-02115-20261006-174119.csv,2026-10-06 17:29:29.326,12.249683333333333
2026-10-06 17:41:44.515,8.7377e-11,Torr,15.large_stm_connectingPort,spray,15.large_stm_connectingPort/MassSpecData-02115-20261006-174119.csv,2026-10-06 17:29:29.326,12.25315
2026-10-06 17:41:44.723,8.1475e-11,Torr,15.large_stm_connectingPort,spray,15.large_stm_connectingPort/MassSpecData-02115-20261006-174119.csv,2026-10-06 17:29:29.326,12.256616666666668
2026-10-06 17:41:44.932,8.3626e-11,Torr,15.large_stm_connectingPort,spray,15.large_stm_connectingPort/MassSpecData-02115-20261006-174119.csv,2026-10-06 17:29:29.326,12.2601
2026-10-06 17:41:45.140,8.1422e-11,Torr,15.large_stm_connectingPort,spray,15.large_stm_connectingPort/MassSpecData-02115-20261006-174119.csv,2026-10-06 17:29:29.326,12.263566666666666
2026-10-06 17:41:45.348,7.6232e-11,Torr,15.large_stm_connectingPort,spray,15.large_stm_connectingPort/MassSpecData-02115-20261006-174119.csv,2026-10-06 17:29:29.326,12.267033333333334
2026-10-06 17:41:45.557,7.1786e-11,Torr,15.large_stm_connectingPort,spray,15.large_stm_connectingPort/MassSpecData-02115-20261006-174119.csv,2026-10-06 17:29:29.326,12.270516666666667
2026-10-06 17:41:45.765,8.3966e-11,Torr,15.large_stm_connectingPort,spray,15.large_stm_connectingPort/MassSpecData-02115-20261006-174119.csv,2026-10-06 17:29:29.326,12.273983333333332
2026-10-06 17:41:45.973,8.3567e-11,Torr,15.large_stm_connectingPort,spray,15.large_stm_connectingPort/MassSpecData-02115-20261006-174119.csv,2026-10-06 17:29:29.326,12.27745
2026-10-06 17:41:46.182,8.579e-11,Torr,15.large_stm_connectingPort,spray,15.large_stm_connectingPort/MassSpecData-02115-20261006-174119.csv,2026-10-06 17:29:29.326,12.280933333333333
2026-10-06 17:41:46.390,9.0396e-11,Torr,15.large_stm_connectingPort,spray,15.large_stm_connectingPort/MassSpecData-02115-20261006-174119.csv,2026-10-06 17:29:29.326,12.2844
2026-10-06 17:41:46.598,8.0183e-11,Torr,15.large_stm_connectingPort,spray,15.large_stm_connectingPort/MassSpecData-02115-20261006-174119.csv,2026-10-06 17:29:29.326,12.287866666666668
2026-10-06 17:41:46.807,7.7233e-11,Torr,15.large_stm_connectingPort,spray,15.large_stm_connectingPort/MassSpecData-02115-20261006-174119.csv,2026-10-06 17:29:29.326,12.29135
2026-10-06 17:41:47.015,8.3249e-11,Torr,15.large_stm_connectingPort,spray,15.large_stm_connectingPort/MassSpecData-02115-20261006-174119.csv,2026-10-06 17:29:29.326,12.294816666666666
2026-10-06 17:41:47.223,8.58e-11,Torr,15.large_stm_connectingPort,spray,15.large_stm_connectingPort/MassSpecData-02115-20261006-174119.csv,2026-10-06 17:29:29.326,12.298283333333334
2026-10-06 17:41:47.432,7.3697e-11,Torr,15.large_stm_connectingPort,spray,15.large_stm_connectingPort/MassSpecData-02115-20261006-174119.csv,2026-10-06 17:29:29.326,12.301766666666667
2026-10-06 17:41:47.640,9.745e-11,Torr,15.large_stm_connectingPort,spray,15.large_stm_connectingPort/MassSpecData-02115-20261006-174119.csv,2026-10-06 17:29:29.326,12.305233333333332
2026-10-06 17:41:47.848,8.9443e-11,Torr,15.large_stm_connectingPort,spray,15.large_stm_connectingPort/MassSpecData-02115-20261006-174119.csv,2026-10-06 17:29:29.326,12.3087
2026-10-06 17:41:48.057,6.9573e-11,Torr,15.large_stm_connectingPort,spray,15.large_stm_connectingPort/MassSpecData-02115-20261006-174119.csv,2026-10-06 17:29:29.326,12.312183333333333
2026-10-06 17:41:48.265,8.0371e-11,Torr,15.large_stm_connectingPort,spray,15.large_stm_connectingPort/MassSpecData-02115-20261006-174119.csv,2026-10-06 17:29:29.326,12.31565
2026-10-06 17:41:48.473,8.2928e-11,Torr,15.large_stm_connectingPort,spray,15.large_stm_connectingPort/MassSpecData-02115-20261006-174119.csv,2026-10-06 17:29:29.326,12.319116666666668
2026-10-06 17:41:48.682,8.1359e-11,Torr,15.large_stm_connectingPort,spray,15.large_stm_connectingPort/MassSpecData-02115-20261006-174119.csv,2026-10-06 17:29:29.326,12.3226
2026-10-06 17:41:48.890,7.003e-11,Torr,15.large_stm_connectingPort,spray,15.large_stm_connectingPort/MassSpecData-02115-20261006-174119.csv,2026-10-06 17:29:29.326,12.326066666666666
2026-10-06 17:41:49.098,7.0605e-11,Torr,15.large_stm_connectingPort,spray,15.large_stm_connectingPort/MassSpecData-02115-20261006-174119.csv,2026-10-06 17:29:29.326,12.329533333333334
2026-10-06 17:41:49.307,8.1343e-11,Torr,15.large_stm_connectingPort,spray,15.large_stm_connectingPort/MassSpecData-02115-20261006-174119.csv,2026-10-06 17:29:29.326,12.333016666666667
2026-10-06 17:41:49.515,7.3484e-11,Torr,15.large_stm_connectingPort,spray,15.large_stm_connectingPort/MassSpecData-02115-20261006-174119.csv,2026-10-06 17:29:29.326,12.336483333333332
2026-10-06 17:41:49.723,9.1458e-11,Torr,15.large_stm_connectingPort,spray,15.large_stm_connectingPort/MassSpecData-02115-20261006-174119.csv,2026-10-06 17:29:29.326,12.33995
2026-10-06 17:41:49.932,6.6283e-11,Torr,15.large_stm_connectingPort,spray,15.large_stm_connectingPort/MassSpecData-02115-20261006-174119.csv,2026-10-06 17:29:29.326,12.343433333333333
2026-10-06 17:41:50.140,7.0737e-11,Torr,15.large_stm_connectingPort,spray,15.large_stm_connectingPort/MassSpecData-02115-20261006-174119.csv,2026-10-06 17:29:29.326,12.3469
2026-10-06 17:41:50.348,9.0885e-11,Torr,15.large_stm_connectingPort,spray,15.large_stm_connectingPort/MassSpecData-02115-20261006-174119.csv,2026-10-06 17:29:29.326,12.350366666666668
2026-10-06 17:41:50.557,8.05e-11,Torr,15.large_stm_connectingPort,spray,15.large_stm_connectingPort/MassSpecData-02115-20261006-174119.csv,2026-10-06 17:29:29.326,12.35385
2026-10-06 17:41:50.765,8.037e-11,Torr,15.large_stm_connectingPort,spray,15.large_stm_connectingPort/MassSpecData-02115-20261006-174119.csv,2026-10-06 17:29:29.326,12.357316666666666
2026-10-06 17:41:50.973,7.4386e-11,Torr,15.large_stm_connectingPort,spray,15.large_stm_connectingPort/MassSpecData-02115-20261006-174119.csv,2026-10-06 17:29:29.326,12.360783333333334
2026-10-06 17:41:51.182,6.7407e-11,Torr,15.large_stm_connectingPort,spray,15.large_stm_connectingPort/MassSpecData-02115-20261006-174119.csv,2026-10-06 17:29:29.326,12.364266666666667
2026-10-06 17:41:51.390,1.0381e-10,Torr,15.large_stm_connectingPort,spray,15.large_stm_connectingPort/MassSpecData-02115-20261006-174119.csv,2026-10-06 17:29:29.326,12.367733333333332
2026-10-06 17:41:51.598,7.5698e-11,Torr,15.large_stm_connectingPort,spray,15.large_stm_connectingPort/MassSpecData-02115-20261006-174119.csv,2026-10-06 17:29:29.326,12.3712
2026-10-06 17:41:51.807,8.0475e-11,Torr,15.large_stm_connectingPort,spray,15.large_stm_connectingPort/MassSpecData-02115-20261006-174119.csv,2026-10-06 17:29:29.326,12.374683333333333
2026-10-06 17:41:52.015,7.1787e-11,Torr,15.large_stm_connectingPort,spray,15.large_stm_connectingPort/MassSpecData-02115-20261006-174119.csv,2026-10-06 17:29:29.326,12.37815
2026-10-06 17:41:52.223,8.2884e-11,Torr,15.large_stm_connectingPort,spray,15.large_stm_connectingPort/MassSpecData-02115-20261006-174119.csv,2026-10-06 17:29:29.326,12.381616666666668
2026-10-06 17:41:52.432,7.6915e-11,Torr,15.large_stm_connectingPort,spray,15.large_stm_connectingPort/MassSpecData-02115-20261006-174119.csv,2026-10-06 17:29:29.326,12.3851
2026-10-06 17:41:52.640,8.6885e-11,Torr,15.large_stm_connectingPort,spray,15.large_stm_connectingPort/MassSpecData-02115-20261006-174119.csv,2026-10-06 17:29:29.326,12.388566666666666
2026-10-06 17:41:52.848,6.2379e-11,Torr,15.large_stm_connectingPort,spray,15.large_stm_connectingPort/MassSpecData-02115-20261006-174119.csv,2026-10-06 17:29:29.326,12.392033333333334
2026-10-06 17:41:53.057,7.4692e-11,Torr,15.large_stm_connectingPort,spray,15.large_stm_connectingPort/MassSpecData-02115-20261006-174119.csv,2026-10-06 17:29:29.326,12.395516666666667
2026-10-06 17:41:53.265,9.0407e-11,Torr,15.large_stm_connectingPort,spray,15.large_stm_connectingPort/MassSpecData-02115-20261006-174119.csv,2026-10-06 17:29:29.326,12.398983333333332
2026-10-06 17:41:53.473,7.4402e-11,Torr,15.large_stm_connectingPort,spray,15.large_stm_connectingPort/MassSpecData-02115-20261006-174119.csv,2026-10-06 17:29:29.326,12.40245
2026-10-06 17:41:53.682,7.5687e-11,Torr,15.large_stm_connectingPort,spray,15.large_stm_connectingPort/MassSpecData-02115-20261006-174119.csv,2026-10-06 17:29:29.326,12.405933333333333
2026-10-06 17:41:53.890,7.6564e-11,Torr,15.large_stm_connectingPort,spray,15.large_stm_connectingPort/MassSpecData-02115-20261006-174119.csv,2026-10-06 17:29:29.326,12.4094
2026-10-06 17:41:54.098,9.1645e-11,Torr,15.large_stm_connectingPort,spray,15.large_stm_connectingPort/MassSpecData-02115-20261006-174119.csv,2026-10-06 17:29:29.326,12.412866666666668
2026-10-06 17:41:54.307,9.1319e-11,Torr,15.large_stm_connectingPort,spray,15.large_stm_connectingPort/MassSpecData-02115-20261006-174119.csv,2026-10-06 17:29:29.326,12.41635
2026-10-06 17:41:54.515,8.6266e-11,Torr,15.large_stm_connectingPort,spray,15.large_stm_connectingPort/MassSpecData-02115-20261006-174119.csv,2026-10-06 17:29:29.326,12.419816666666666
2026-10-06 17:41:54.723,8.3737e-11,Torr,15.large_stm_connectingPort,spray,15.large_stm_connectingPort/MassSpecData-02115-20261006-174119.csv,2026-10-06 17:29:29.326,12.423283333333334
2026-10-06 17:41:54.932,6.6226e-11,Torr,15.large_stm_connectingPort,spray,15.large_stm_connectingPort/MassSpecData-02115-20261006-174119.csv,2026-10-06 17:29:29.326,12.426766666666667
2026-10-06 17:41:55.140,7.9845e-11,Torr,15.large_stm_connectingPort,spray,15.large_stm_connectingPort/MassSpecData-02115-20261006-174119.csv,2026-10-06 17:29:29.326,12.430233333333332
2026-10-06 17:41:55.348,8.0117e-11,Torr,15.large_stm_connectingPort,spray,15.large_stm_connectingPort/MassSpecData-02115-20261006-174119.csv,2026-10-06 17:29:29.326,12.4337
2026-10-06 17:41:55.557,8.1851e-11,Torr,15.large_stm_connectingPort,spray,15.large_stm_connectingPort/MassSpecData-02115-20261006-174119.csv,2026-10-06 17:29:29.326,12.437183333333333
2026-10-06 17:41:55.765,8.5395e-11,Torr,15.large_stm_connectingPort,spray,15.large_stm_connectingPort/MassSpecData-02115-20261006-174119.csv,2026-10-06 17:29:29.326,12.44065
2026-10-06 17:41:55.973,7.9799e-11,Torr,15.large_stm_connectingPort,spray,15.large_stm_connectingPort/MassSpecData-02115-20261006-174119.csv,2026-10-06 17:29:29.326,12.444116666666668
2026-10-06 17:41:56.182,7.6903e-11,Torr,15.large_stm_connectingPort,spray,15.large_stm_connectingPort/MassSpecData-02115-20261006-174119.csv,2026-10-06 17:29:29.326,12.4476
2026-10-06 17:41:56.390,9.2325e-11,Torr,15.large_stm_connectingPort,spray,15.large_stm_connectingPort/MassSpecData-02115-20261006-174119.csv,2026-10-06 17:29:29.326,12.451066666666666
2026-10-06 17:41:56.598,7.1915e-11,Torr,15.large_stm_connectingPort,spray,15.large_stm_connectingPort/MassSpecData-02115-20261006-174119.csv,2026-10-06 17:29:29.326,12.454533333333334
2026-10-06 17:41:56.807,7.8445e-11,Torr,15.large_stm_connectingPort,spray,15.large_stm_connectingPort/MassSpecData-02115-20261006-174119.csv,2026-10-06 17:29:29.326,12.458016666666667
2026-10-06 17:41:57.015,8.2231e-11,Torr,15.large_stm_connectingPort,spray,15.large_stm_connectingPort/MassSpecData-02115-20261006-174119.csv,2026-10-06 17:29:29.326,12.461483333333332
2026-10-06 17:41:57.223,7.9696e-11,Torr,15.large_stm_connectingPort,spray,15.large_stm_connectingPort/MassSpecData-02115-20261006-174119.csv,2026-10-06 17:29:29.326,12.46495
2026-10-06 17:41:57.432,7.7373e-11,Torr,15.large_stm_connectingPort,spray,15.large_stm_connectingPort/MassSpecData-02115-20261006-174119.csv,2026-10-06 17:29:29.326,12.468433333333333
2026-10-06 17:41:57.640,8.1077e-11,Torr,15.large_stm_connectingPort,spray,15.large_stm_connectingPort/MassSpecData-02115-20261006-174119.csv,2026-10-06 17:29:29.326,12.4719
2026-10-06 17:41:57.849,7.6653e-11,Torr,15.large_stm_connectingPort,spray,15.large_stm_connectingPort/MassSpecData-02115-20261006-174119.csv,2026-10-06 17:29:29.326,12.475383333333333
2026-10-06 17:41:58.057,6.6684e-11,Torr,15.large_stm_connectingPort,spray,15.large_stm_connectingPort/MassSpecData-02115-20261006-174119.csv,2026-10-06 17:29:29.326,12.47885
2026-10-06 17:41:58.265,7.8236e-11,Torr,15.large_stm_connectingPort,spray,15.large_stm_connectingPort/MassSpecData-02115-20261006-174119.csv,2026-10-06 17:29:29.326,12.482316666666666
2026-10-06 17:41:58.474,8.7702e-11,Torr,15.large_stm_connectingPort,spray,15.large_stm_connectingPort/MassSpecData-02115-20261006-174119.csv,2026-10-06 17:29:29.326,12.485800000000001
2026-10-06 17:41:58.682,7.9173e-11,Torr,15.large_stm_connectingPort,spray,15.large_stm_connectingPort/MassSpecData-02115-20261006-174119.csv,2026-10-06 17:29:29.326,12.489266666666667
2026-10-06 17:41:58.890,8.5012e-11,Torr,15.large_stm_connectingPort,spray,15.large_stm_connectingPort/MassSpecData-02115-20261006-174119.csv,2026-10-06 17:29:29.326,12.492733333333332
2026-10-06 17:41:59.099,8.564e-11,Torr,15.large_stm_connectingPort,spray,15.large_stm_connectingPort/MassSpecData-02115-20261006-174119.csv,2026-10-06 17:29:29.326,12.496216666666667
2026-10-06 17:41:59.307,8.5874e-11,Torr,15.large_stm_connectingPort,spray,15.large_stm_connectingPort/MassSpecData-02115-20261006-174119.csv,2026-10-06 17:29:29.326,12.499683333333333
2026-10-06 17:41:59.515,8.512e-11,Torr,15.large_stm_connectingPort,spray,15.large_stm_connectingPort/MassSpecData-02115-20261006-174119.csv,2026-10-06 17:29:29.326,12.50315
2026-10-06 17:41:59.724,8.0108e-11,Torr,15.large_stm_connectingPort,spray,15.large_stm_connectingPort/MassSpecData-02115-20261006-174119.csv,2026-10-06 17:29:29.326,12.506633333333333
2026-10-06 17:41:59.932,7.9627e-11,Torr,15.large_stm_connectingPort,spray,15.large_stm_connectingPort/MassSpecData-02115-20261006-174119.csv,2026-10-06 17:29:29.326,12.5101
2026-10-06 17:42:00.140,7.6931e-11,Torr,15.large_stm_connectingPort,spray,15.large_stm_connectingPort/MassSpecData-02115-20261006-174119.csv,2026-10-06 17:29:29.326,12.513566666666666
2026-10-06 17:42:00.349,7.9388e-11,Torr,15.large_stm_connectingPort,spray,15.large_stm_connectingPort/MassSpecData-02115-20261006-174119.csv,2026-10-06 17:29:29.326,12.517050000000001
2026-10-06 17:42:00.557,9.1279e-11,Torr,15.large_stm_connectingPort,spray,15.large_stm_connectingPort/MassSpecData-02115-20261006-174119.csv,2026-10-06 17:29:29.326,12.520516666666667
2026-10-06 17:42:00.765,6.6287e-11,Torr,15.large_stm_connectingPort,spray,15.large_stm_connectingPort/MassSpecData-02115-20261006-174119.csv,2026-10-06 17:29:29.326,12.523983333333332
2026-10-06 17:42:00.974,8.7652e-11,Torr,15.large_stm_connectingPort,spray,15.large_stm_connectingPort/MassSpecData-02115-20261006-174119.csv,2026-10-06 17:29:29.326,12.527466666666667
2026-10-06 17:42:01.182,6.7149e-11,Torr,15.large_stm_connectingPort,spray,15.large_stm_connectingPort/MassSpecData-02115-20261006-174119.csv,2026-10-06 17:29:29.326,12.530933333333333
2026-10-06 17:42:01.390,8.0444e-11,Torr,15.large_stm_connectingPort,spray,15.large_stm_connectingPort/MassSpecData-02115-20261006-174119.csv,2026-10-06 17:29:29.326,12.5344
2026-10-06 17:42:01.739,7.9631e-11,Torr,15.large_stm_connectingPort,spray,15.large_stm_connectingPort/MassSpecData-02115-20261006-174201.csv,2026-10-06 17:29:29.326,12.540216666666668
2026-10-06 17:42:01.947,8.7455e-11,Torr,15.large_stm_connectingPort,spray,15.large_stm_connectingPort/MassSpecData-02115-20261006-174201.csv,2026-10-06 17:29:29.326,12.543683333333332
2026-10-06 17:42:02.156,6.4493e-11,Torr,15.large_stm_connectingPort,spray,15.large_stm_connectingPort/MassSpecData-02115-20261006-174201.csv,2026-10-06 17:29:29.326,12.547166666666667
2026-10-06 17:42:02.364,8.5099e-11,Torr,15.large_stm_connectingPort,spray,15.large_stm_connectingPort/MassSpecData-02115-20261006-174201.csv,2026-10-06 17:29:29.326,12.550633333333334
2026-10-06 17:42:02.572,7.6043e-11,Torr,15.large_stm_connectingPort,spray,15.large_stm_connectingPort/MassSpecData-02115-20261006-174201.csv,2026-10-06 17:29:29.326,12.5541
2026-10-06 17:42:02.781,8.4271e-11,Torr,15.large_stm_connectingPort,spray,15.large_stm_connectingPort/MassSpecData-02115-20261006-174201.csv,2026-10-06 17:29:29.326,12.557583333333334
2026-10-06 17:42:02.989,7.9827e-11,Torr,15.large_stm_connectingPort,spray,15.large_stm_connectingPort/MassSpecData-02115-20261006-174201.csv,2026-10-06 17:29:29.326,12.56105
2026-10-06 17:42:03.197,8.4925e-11,Torr,15.large_stm_connectingPort,spray,15.large_stm_connectingPort/MassSpecData-02115-20261006-174201.csv,2026-10-06 17:29:29.326,12.564516666666666
2026-10-06 17:42:03.405,7.8097e-11,Torr,15.large_stm_connectingPort,spray,15.large_stm_connectingPort/MassSpecData-02115-20261006-174201.csv,2026-10-06 17:29:29.326,12.567983333333332
2026-10-06 17:42:03.614,8.3279e-11,Torr,15.large_stm_connectingPort,spray,15.large_stm_connectingPort/MassSpecData-02115-20261006-174201.csv,2026-10-06 17:29:29.326,12.571466666666668
2026-10-06 17:42:03.822,8.7219e-11,Torr,15.large_stm_connectingPort,spray,15.large_stm_connectingPort/MassSpecData-02115-20261006-174201.csv,2026-10-06 17:29:29.326,12.574933333333332
2026-10-06 17:42:04.031,7.6416e-11,Torr,15.large_stm_connectingPort,spray,15.large_stm_connectingPort/MassSpecData-02115-20261006-174201.csv,2026-10-06 17:29:29.326,12.578416666666667
2026-10-06 17:42:04.239,8.6138e-11,Torr,15.large_stm_connectingPort,spray,15.large_stm_connectingPort/MassSpecData-02115-20261006-174201.csv,2026-10-06 17:29:29.326,12.581883333333334
2026-10-06 17:42:04.447,8.5679e-11,Torr,15.large_stm_connectingPort,spray,15.large_stm_connectingPort/MassSpecData-02115-20261006-174201.csv,2026-10-06 17:29:29.326,12.58535
2026-10-06 17:42:04.656,7.7614e-11,Torr,15.large_stm_connectingPort,spray,15.large_stm_connectingPort/MassSpecData-02115-20261006-174201.csv,2026-10-06 17:29:29.326,12.588833333333334
2026-10-06 17:42:04.864,7.6843e-11,Torr,15.large_stm_connectingPort,spray,15.large_stm_connectingPort/MassSpecData-02115-20261006-174201.csv,2026-10-06 17:29:29.326,12.5923
2026-10-06 17:42:05.072,8.7254e-11,Torr,15.large_stm_connectingPort,spray,15.large_stm_connectingPort/MassSpecData-02115-20261006-174201.csv,2026-10-06 17:29:29.326,12.595766666666666
2026-10-06 17:42:05.281,7.2116e-11,Torr,15.large_stm_connectingPort,spray,15.large_stm_connectingPort/MassSpecData-02115-20261006-174201.csv,2026-10-06 17:29:29.326,12.599250000000001
2026-10-06 17:42:05.489,8.5878e-11,Torr,15.large_stm_connectingPort,spray,15.large_stm_connectingPort/MassSpecData-02115-20261006-174201.csv,2026-10-06 17:29:29.326,12.602716666666668
2026-10-06 17:42:05.697,7.4467e-11,Torr,15.large_stm_connectingPort,spray,15.large_stm_connectingPort/MassSpecData-02115-20261006-174201.csv,2026-10-06 17:29:29.326,12.606183333333332
2026-10-06 17:42:05.906,8.7743e-11,Torr,15.large_stm_connectingPort,spray,15.large_stm_connectingPort/MassSpecData-02115-20261006-174201.csv,2026-10-06 17:29:29.326,12.609666666666667
2026-10-06 17:42:06.114,8.2206e-11,Torr,15.large_stm_connectingPort,spray,15.large_stm_connectingPort/MassSpecData-02115-20261006-174201.csv,2026-10-06 17:29:29.326,12.613133333333334
2026-10-06 17:42:06.322,8.492e-11,Torr,15.large_stm_connectingPort,spray,15.large_stm_connectingPort/MassSpecData-02115-20261006-174201.csv,2026-10-06 17:29:29.326,12.6166
2026-10-06 17:42:06.531,9.4335e-11,Torr,15.large_stm_connectingPort,spray,15.large_stm_connectingPort/MassSpecData-02115-20261006-174201.csv,2026-10-06 17:29:29.326,12.620083333333334
2026-10-06 17:42:06.739,7.0023e-11,Torr,15.large_stm_connectingPort,spray,15.large_stm_connectingPort/MassSpecData-02115-20261006-174201.csv,2026-10-06 17:29:29.326,12.62355
2026-10-06 17:42:06.947,8.0617e-11,Torr,15.large_stm_connectingPort,spray,15.large_stm_connectingPort/MassSpecData-02115-20261006-174201.csv,2026-10-06 17:29:29.326,12.627016666666666
2026-10-06 17:42:07.155,7.5857e-11,Torr,15.large_stm_connectingPort,spray,15.large_stm_connectingPort/MassSpecData-02115-20261006-174201.csv,2026-10-06 17:29:29.326,12.630483333333332
2026-10-06 17:42:07.364,8.5768e-11,Torr,15.large_stm_connectingPort,spray,15.large_stm_connectingPort/MassSpecData-02115-20261006-174201.csv,2026-10-06 17:29:29.326,12.633966666666668
2026-10-06 17:42:07.572,9.0814e-11,Torr,15.large_stm_connectingPort,spray,15.large_stm_connectingPort/MassSpecData-02115-20261006-174201.csv,2026-10-06 17:29:29.326,12.637433333333332
2026-10-06 17:42:07.780,8.452e-11,Torr,15.large_stm_connectingPort,spray,15.large_stm_connectingPort/MassSpecData-02115-20261006-174201.csv,2026-10-06 17:29:29.326,12.640899999999998
2026-10-06 17:42:07.989,9.2272e-11,Torr,15.large_stm_connectingPort,spray,15.large_stm_connectingPort/MassSpecData-02115-20261006-174201.csv,2026-10-06 17:29:29.326,12.644383333333334
2026-10-06 17:42:08.197,7.9167e-11,Torr,15.large_stm_connectingPort,spray,15.large_stm_connectingPort/MassSpecData-02115-20261006-174201.csv,2026-10-06 17:29:29.326,12.64785
2026-10-06 17:42:08.405,7.697e-11,Torr,15.large_stm_connectingPort,spray,15.large_stm_connectingPort/MassSpecData-02115-20261006-174201.csv,2026-10-06 17:29:29.326,12.651316666666666
2026-10-06 17:42:08.614,8.5554e-11,Torr,15.large_stm_connectingPort,spray,15.large_stm_connectingPort/MassSpecData-02115-20261006-174201.csv,2026-10-06 17:29:29.326,12.6548
2026-10-06 17:42:08.822,8.5779e-11,Torr,15.large_stm_connectingPort,spray,15.large_stm_connectingPort/MassSpecData-02115-20261006-174201.csv,2026-10-06 17:29:29.326,12.658266666666666
2026-10-06 17:42:09.030,7.189e-11,Torr,15.large_stm_connectingPort,spray,15.large_stm_connectingPort/MassSpecData-02115-20261006-174201.csv,2026-10-06 17:29:29.326,12.661733333333332
2026-10-06 17:42:09.239,8.1362e-11,Torr,15.large_stm_connectingPort,spray,15.large_stm_connectingPort/MassSpecData-02115-20261006-174201.csv,2026-10-06 17:29:29.326,12.665216666666668
2026-10-06 17:42:09.447,8.3244e-11,Torr,15.large_stm_connectingPort,spray,15.large_stm_connectingPort/MassSpecData-02115-20261006-174201.csv,2026-10-06 17:29:29.326,12.668683333333332
2026-10-06 17:42:09.655,7.1864e-11,Torr,15.large_stm_connectingPort,spray,15.large_stm_connectingPort/MassSpecData-02115-20261006-174201.csv,2026-10-06 17:29:29.326,12.672149999999998
2026-10-06 17:42:09.864,7.5554e-11,Torr,15.large_stm_connectingPort,spray,15.large_stm_connectingPort/MassSpecData-02115-20261006-174201.csv,2026-10-06 17:29:29.326,12.675633333333334
2026-10-06 17:42:10.072,8.5902e-11,Torr,15.large_stm_connectingPort,spray,15.large_stm_connectingPort/MassSpecData-02115-20261006-174201.csv,2026-10-06 17:29:29.326,12.6791
2026-10-06 17:42:10.280,6.6945e-11,Torr,15.large_stm_connectingPort,spray,15.large_stm_connectingPort/MassSpecData-02115-20261006-174201.csv,2026-10-06 17:29:29.326,12.682566666666666
2026-10-06 17:42:10.489,8.2714e-11,Torr,15.large_stm_connectingPort,spray,15.large_stm_connectingPort/MassSpecData-02115-20261006-174201.csv,2026-10-06 17:29:29.326,12.68605
2026-10-06 17:42:10.697,7.6251e-11,Torr,15.large_stm_connectingPort,spray,15.large_stm_connectingPort/MassSpecData-02115-20261006-174201.csv,2026-10-06 17:29:29.326,12.689516666666666
2026-10-06 17:42:10.906,8.0846e-11,Torr,15.large_stm_connectingPort,spray,15.large_stm_connectingPort/MassSpecData-02115-20261006-174201.csv,2026-10-06 17:29:29.326,12.693000000000001
2026-10-06 17:42:11.114,7.8525e-11,Torr,15.large_stm_connectingPort,spray,15.large_stm_connectingPort/MassSpecData-02115-20261006-174201.csv,2026-10-06 17:29:29.326,12.696466666666668
2026-10-06 17:42:11.322,7.3043e-11,Torr,15.large_stm_connectingPort,spray,15.large_stm_connectingPort/MassSpecData-02115-20261006-174201.csv,2026-10-06 17:29:29.326,12.699933333333332
2026-10-06 17:42:11.531,7.5069e-11,Torr,15.large_stm_connectingPort,spray,15.large_stm_connectingPort/MassSpecData-02115-20261006-174201.csv,2026-10-06 17:29:29.326,12.703416666666667
2026-10-06 17:42:11.739,7.2506e-11,Torr,15.large_stm_connectingPort,spray,15.large_stm_connectingPort/MassSpecData-02115-20261006-174201.csv,2026-10-06 17:29:29.326,12.706883333333334
2026-10-06 17:42:11.947,8.0435e-11,Torr,15.large_stm_connectingPort,spray,15.large_stm_connectingPort/MassSpecData-02115-20261006-174201.csv,2026-10-06 17:29:29.326,12.71035
2026-10-06 17:42:12.156,9.4888e-11,Torr,15.large_stm_connectingPort,spray,15.large_stm_connectingPort/MassSpecData-02115-20261006-174201.csv,2026-10-06 17:29:29.326,12.713833333333334
2026-10-06 17:42:12.364,7.8501e-11,Torr,15.large_stm_connectingPort,spray,15.large_stm_connectingPort/MassSpecData-02115-20261006-174201.csv,2026-10-06 17:29:29.326,12.7173
2026-10-06 17:42:12.572,7.6394e-11,Torr,15.large_stm_connectingPort,spray,15.large_stm_connectingPort/MassSpecData-02115-20261006-174201.csv,2026-10-06 17:29:29.326,12.720766666666666
2026-10-06 17:42:12.781,8.9664e-11,Torr,15.large_stm_connectingPort,spray,15.large_stm_connectingPort/MassSpecData-02115-20261006-174201.csv,2026-10-06 17:29:29.326,12.724250000000001
2026-10-06 17:42:12.989,7.8784e-11,Torr,15.large_stm_connectingPort,spray,15.large_stm_connectingPort/MassSpecData-02115-20261006-174201.csv,2026-10-06 17:29:29.326,12.727716666666668
2026-10-06 17:42:13.197,6.1477e-11,Torr,15.large_stm_connectingPort,spray,15.large_stm_connectingPort/MassSpecData-02115-20261006-174201.csv,2026-10-06 17:29:29.326,12.731183333333332
2026-10-06 17:42:13.406,8.3087e-11,Torr,15.large_stm_connectingPort,spray,15.large_stm_connectingPort/MassSpecData-02115-20261006-174201.csv,2026-10-06 17:29:29.326,12.734666666666667
2026-10-06 17:42:13.614,7.5499e-11,Torr,15.large_stm_connectingPort,spray,15.large_stm_connectingPort/MassSpecData-02115-20261006-174201.csv,2026-10-06 17:29:29.326,12.738133333333334
2026-10-06 17:42:13.822,7.1839e-11,Torr,15.large_stm_connectingPort,spray,15.large_stm_connectingPort/MassSpecData-02115-20261006-174201.csv,2026-10-06 17:29:29.326,12.7416
2026-10-06 17:42:14.031,7.5282e-11,Torr,15.large_stm_connectingPort,spray,15.large_stm_connectingPort/MassSpecData-02115-20261006-174201.csv,2026-10-06 17:29:29.326,12.745083333333334
2026-10-06 17:42:14.239,7.9757e-11,Torr,15.large_stm_connectingPort,spray,15.large_stm_connectingPort/MassSpecData-02115-20261006-174201.csv,2026-10-06 17:29:29.326,12.74855
2026-10-06 17:42:14.447,7.3677e-11,Torr,15.large_stm_connectingPort,spray,15.large_stm_connectingPort/MassSpecData-02115-20261006-174201.csv,2026-10-06 17:29:29.326,12.752016666666666
2026-10-06 17:42:14.656,7.9373e-11,Torr,15.large_stm_connectingPort,spray,15.large_stm_connectingPort/MassSpecData-02115-20261006-174201.csv,2026-10-06 17:29:29.326,12.755500000000001
2026-10-06 17:42:14.864,7.4596e-11,Torr,15.large_stm_connectingPort,spray,15.large_stm_connectingPort/MassSpecData-02115-20261006-174201.csv,2026-10-06 17:29:29.326,12.758966666666668
2026-10-06 17:42:15.072,9.2191e-11,Torr,15.large_stm_connectingPort,spray,15.large_stm_connectingPort/MassSpecData-02115-20261006-174201.csv,2026-10-06 17:29:29.326,12.762433333333332
2026-10-06 17:42:15.281,6.4791e-11,Torr,15.large_stm_connectingPort,spray,15.large_stm_connectingPort/MassSpecData-02115-20261006-174201.csv,2026-10-06 17:29:29.326,12.765916666666667
2026-10-06 17:42:15.489,7.8785e-11,Torr,15.large_stm_connectingPort,spray,15.large_stm_connectingPort/MassSpecData-02115-20261006-174201.csv,2026-10-06 17:29:29.326,12.769383333333334
2026-10-06 17:42:15.697,7.9318e-11,Torr,15.large_stm_connectingPort,spray,15.large_stm_connectingPort/MassSpecData-02115-20261006-174201.csv,2026-10-06 17:29:29.326,12.77285
2026-10-06 17:42:15.906,7.8307e-11,Torr,15.large_stm_connectingPort,spray,15.large_stm_connectingPort/MassSpecData-02115-20261006-174201.csv,2026-10-06 17:29:29.326,12.776333333333334
2026-10-06 17:42:16.114,7.9663e-11,Torr,15.large_stm_connectingPort,spray,15.large_stm_connectingPort/MassSpecData-02115-20261006-174201.csv,2026-10-06 17:29:29.326,12.7798
2026-10-06 17:42:16.322,7.2528e-11,Torr,15.large_stm_connectingPort,spray,15.large_stm_connectingPort/MassSpecData-02115-20261006-174201.csv,2026-10-06 17:29:29.326,12.783266666666666
2026-10-06 17:42:16.531,7.8353e-11,Torr,15.large_stm_connectingPort,spray,15.large_stm_connectingPort/MassSpecData-02115-20261006-174201.csv,2026-10-06 17:29:29.326,12.786750000000001
2026-10-06 17:42:16.739,8.3262e-11,Torr,15.large_stm_connectingPort,spray,15.large_stm_connectingPort/MassSpecData-02115-20261006-174201.csv,2026-10-06 17:29:29.326,12.790216666666668
2026-10-06 17:42:16.947,8.969e-11,Torr,15.large_stm_connectingPort,spray,15.large_stm_connectingPort/MassSpecData-02115-20261006-174201.csv,2026-10-06 17:29:29.326,12.793683333333332
2026-10-06 17:42:17.156,1.0055e-10,Torr,15.large_stm_connectingPort,spray,15.large_stm_connectingPort/MassSpecData-02115-20261006-174201.csv,2026-10-06 17:29:29.326,12.797166666666667
2026-10-06 17:42:17.364,7.616e-11,Torr,15.large_stm_connectingPort,spray,15.large_stm_connectingPort/MassSpecData-02115-20261006-174201.csv,2026-10-06 17:29:29.326,12.800633333333334
2026-10-06 17:42:17.572,6.9044e-11,Torr,15.large_stm_connectingPort,spray,15.large_stm_connectingPort/MassSpecData-02115-20261006-174201.csv,2026-10-06 17:29:29.326,12.8041
2026-10-06 17:42:17.781,7.0516e-11,Torr,15.large_stm_connectingPort,spray,15.large_stm_connectingPort/MassSpecData-02115-20261006-174201.csv,2026-10-06 17:29:29.326,12.807583333333334
2026-10-06 17:42:17.989,7.7924e-11,Torr,15.large_stm_connectingPort,spray,15.large_stm_connectingPort/MassSpecData-02115-20261006-174201.csv,2026-10-06 17:29:29.326,12.81105
2026-10-06 17:42:18.197,8.5158e-11,Torr,15.large_stm_connectingPort,spray,15.large_stm_connectingPort/MassSpecData-02115-20261006-174201.csv,2026-10-06 17:29:29.326,12.814516666666666
2026-10-06 17:42:18.406,8.0443e-11,Torr,15.large_stm_connectingPort,spray,15.large_stm_connectingPort/MassSpecData-02115-20261006-174201.csv,2026-10-06 17:29:29.326,12.818000000000001
2026-10-06 17:42:18.614,7.0375e-11,Torr,15.large_stm_connectingPort,spray,15.large_stm_connectingPort/MassSpecData-02115-20261006-174201.csv,2026-10-06 17:29:29.326,12.821466666666668
2026-10-06 17:42:18.822,6.3854e-11,Torr,15.large_stm_connectingPort,spray,15.large_stm_connectingPort/MassSpecData-02115-20261006-174201.csv,2026-10-06 17:29:29.326,12.824933333333332
2026-10-06 17:42:19.031,8.0765e-11,Torr,15.large_stm_connectingPort,spray,15.large_stm_connectingPort/MassSpecData-02115-20261006-174201.csv,2026-10-06 17:29:29.326,12.828416666666667
2026-10-06 17:42:19.239,7.4486e-11,Torr,15.large_stm_connectingPort,spray,15.large_stm_connectingPort/MassSpecData-02115-20261006-174201.csv,2026-10-06 17:29:29.326,12.831883333333334
2026-10-06 17:42:19.447,8.1275e-11,Torr,15.large_stm_connectingPort,spray,15.large_stm_connectingPort/MassSpecData-02115-20261006-174201.csv,2026-10-06 17:29:29.326,12.83535
2026-10-06 17:42:19.656,9.4879e-11,Torr,15.large_stm_connectingPort,spray,15.large_stm_connectingPort/MassSpecData-02115-20261006-174201.csv,2026-10-06 17:29:29.326,12.838833333333334
2026-10-06 17:42:19.864,7.5641e-11,Torr,15.large_stm_connectingPort,spray,15.large_stm_connectingPort/MassSpecData-02115-20261006-174201.csv,2026-10-06 17:29:29.326,12.8423
2026-10-06 17:42:20.072,8.611e-11,Torr,15.large_stm_connectingPort,spray,15.large_stm_connectingPort/MassSpecData-02115-20261006-174201.csv,2026-10-06 17:29:29.326,12.845766666666666
2026-10-06 17:42:20.281,8.1752e-11,Torr,15.large_stm_connectingPort,spray,15.large_stm_connectingPort/MassSpecData-02115-20261006-174201.csv,2026-10-06 17:29:29.326,12.849250000000001
2026-10-06 17:42:20.489,8.6111e-11,Torr,15.large_stm_connectingPort,spray,15.large_stm_connectingPort/MassSpecData-02115-20261006-174201.csv,2026-10-06 17:29:29.326,12.852716666666668
2026-10-06 17:42:20.697,7.421e-11,Torr,15.large_stm_connectingPort,spray,15.large_stm_connectingPort/MassSpecData-02115-20261006-174201.csv,2026-10-06 17:29:29.326,12.856183333333332
2026-10-06 17:42:20.906,8.3052e-11,Torr,15.large_stm_connectingPort,spray,15.large_stm_connectingPort/MassSpecData-02115-20261006-174201.csv,2026-10-06 17:29:29.326,12.859666666666667
2026-10-06 17:42:21.114,8.1983e-11,Torr,15.large_stm_connectingPort,spray,15.large_stm_connectingPort/MassSpecData-02115-20261006-174201.csv,2026-10-06 17:29:29.326,12.863133333333334
2026-10-06 17:42:21.322,8.9745e-11,Torr,15.large_stm_connectingPort,spray,15.large_stm_connectingPort/MassSpecData-02115-20261006-174201.csv,2026-10-06 17:29:29.326,12.8666
2026-10-06 17:42:21.530,7.4594e-11,Torr,15.large_stm_connectingPort,spray,15.large_stm_connectingPort/MassSpecData-02115-20261006-174201.csv,2026-10-06 17:29:29.326,12.870066666666666
2026-10-06 17:42:21.739,8.8583e-11,Torr,15.large_stm_connectingPort,spray,15.large_stm_connectingPort/MassSpecData-02115-20261006-174201.csv,2026-10-06 17:29:29.326,12.87355
2026-10-06 17:42:21.947,8.9646e-11,Torr,15.large_stm_connectingPort,spray,15.large_stm_connectingPort/MassSpecData-02115-20261006-174201.csv,2026-10-06 17:29:29.326,12.877016666666666
2026-10-06 17:42:22.155,9.1598e-11,Torr,15.large_stm_connectingPort,spray,15.large_stm_connectingPort/MassSpecData-02115-20261006-174201.csv,2026-10-06 17:29:29.326,12.880483333333332
2026-10-06 17:42:22.364,8.3395e-11,Torr,15.large_stm_connectingPort,spray,15.large_stm_connectingPort/MassSpecData-02115-20261006-174201.csv,2026-10-06 17:29:29.326,12.883966666666668
2026-10-06 17:42:22.572,9.5298e-11,Torr,15.large_stm_connectingPort,spray,15.large_stm_connectingPort/MassSpecData-02115-20261006-174201.csv,2026-10-06 17:29:29.326,12.887433333333332
2026-10-06 17:42:22.780,6.9939e-11,Torr,15.large_stm_connectingPort,spray,15.large_stm_connectingPort/MassSpecData-02115-20261006-174201.csv,2026-10-06 17:29:29.326,12.890899999999998
2026-10-06 17:42:22.989,8.3343e-11,Torr,15.large_stm_connectingPort,spray,15.large_stm_connectingPort/MassSpecData-02115-20261006-174201.csv,2026-10-06 17:29:29.326,12.894383333333334
2026-10-06 17:42:23.197,8.6296e-11,Torr,15.large_stm_connectingPort,spray,15.large_stm_connectingPort/MassSpecData-02115-20261006-174201.csv,2026-10-06 17:29:29.326,12.89785
2026-10-06 17:42:23.405,7.5184e-11,Torr,15.large_stm_connectingPort,spray,15.large_stm_connectingPort/MassSpecData-02115-20261006-174201.csv,2026-10-06 17:29:29.326,12.901316666666666
2026-10-06 17:42:23.614,9.2975e-11,Torr,15.large_stm_connectingPort,spray,15.large_stm_connectingPort/MassSpecData-02115-20261006-174201.csv,2026-10-06 17:29:29.326,12.9048
2026-10-06 17:42:23.822,7.3184e-11,Torr,15.large_stm_connectingPort,spray,15.large_stm_connectingPort/MassSpecData-02115-20261006-174201.csv,2026-10-06 17:29:29.326,12.908266666666666
2026-10-06 17:42:24.030,8.8262e-11,Torr,15.large_stm_connectingPort,spray,15.large_stm_connectingPort/MassSpecData-02115-20261006-174201.csv,2026-10-06 17:29:29.326,12.911733333333332
2026-10-06 17:42:24.239,8.1169e-11,Torr,15.large_stm_connectingPort,spray,15.large_stm_connectingPort/MassSpecData-02115-20261006-174201.csv,2026-10-06 17:29:29.326,12.915216666666668
2026-10-06 17:42:24.447,6.9478e-11,Torr,15.large_stm_connectingPort,spray,15.large_stm_connectingPort/MassSpecData-02115-20261006-174201.csv,2026-10-06 17:29:29.326,12.918683333333332
2026-10-06 17:42:24.655,8.0518e-11,Torr,15.large_stm_connectingPort,spray,15.large_stm_connectingPort/MassSpecData-02115-20261006-174201.csv,2026-10-06 17:29:29.326,12.922149999999998
2026-10-06 17:42:24.864,8.2956e-11,Torr,15.large_stm_connectingPort,spray,15.large_stm_connectingPort/MassSpecData-02115-20261006-174201.csv,2026-10-06 17:29:29.326,12.925633333333334
2026-10-06 17:42:25.072,8.5587e-11,Torr,15.large_stm_connectingPort,spray,15.large_stm_connectingPort/MassSpecData-02115-20261006-174201.csv,2026-10-06 17:29:29.326,12.9291
2026-10-06 17:42:25.280,7.7781e-11,Torr,15.large_stm_connectingPort,spray,15.large_stm_connectingPort/MassSpecData-02115-20261006-174201.csv,2026-10-06 17:29:29.326,12.932566666666666
2026-10-06 17:42:25.489,7.7576e-11,Torr,15.large_stm_connectingPort,spray,15.large_stm_connectingPort/MassSpecData-02115-20261006-174201.csv,2026-10-06 17:29:29.326,12.93605
2026-10-06 17:42:25.697,8.0845e-11,Torr,15.large_stm_connectingPort,spray,15.large_stm_connectingPort/MassSpecData-02115-20261006-174201.csv,2026-10-06 17:29:29.326,12.939516666666666
2026-10-06 17:42:25.905,7.112e-11,Torr,15.large_stm_connectingPort,spray,15.large_stm_connectingPort/MassSpecData-02115-20261006-174201.csv,2026-10-06 17:29:29.326,12.942983333333332
2026-10-06 17:42:26.114,7.1007e-11,Torr,15.large_stm_connectingPort,spray,15.large_stm_connectingPort/MassSpecData-02115-20261006-174201.csv,2026-10-06 17:29:29.326,12.946466666666668
2026-10-06 17:42:26.322,7.8996e-11,Torr,15.large_stm_connectingPort,spray,15.large_stm_connectingPort/MassSpecData-02115-20261006-174201.csv,2026-10-06 17:29:29.326,12.949933333333332
2026-10-06 17:42:26.530,7.7413e-11,Torr,15.large_stm_connectingPort,spray,15.large_stm_connectingPort/MassSpecData-02115-20261006-174201.csv,2026-10-06 17:29:29.326,12.953399999999998
2026-10-06 17:42:26.739,7.6634e-11,Torr,15.large_stm_connectingPort,spray,15.large_stm_connectingPort/MassSpecData-02115-20261006-174201.csv,2026-10-06 17:29:29.326,12.956883333333334
2026-10-06 17:42:26.947,7.8638e-11,Torr,15.large_stm_connectingPort,spray,15.large_stm_connectingPort/MassSpecData-02115-20261006-174201.csv,2026-10-06 17:29:29.326,12.96035
2026-10-06 17:42:27.155,8.1304e-11,Torr,15.large_stm_connectingPort,spray,15.large_stm_connectingPort/MassSpecData-02115-20261006-174201.csv,2026-10-06 17:29:29.326,12.963816666666666
2026-10-06 17:42:27.364,7.4552e-11,Torr,15.large_stm_connectingPort,spray,15.large_stm_connectingPort/MassSpecData-02115-20261006-174201.csv,2026-10-06 17:29:29.326,12.9673
2026-10-06 17:42:27.572,6.9677e-11,Torr,15.large_stm_connectingPort,spray,15.large_stm_connectingPort/MassSpecData-02115-20261006-174201.csv,2026-10-06 17:29:29.326,12.970766666666666
2026-10-06 17:42:27.780,7.9203e-11,Torr,15.large_stm_connectingPort,spray,15.large_stm_connectingPort/MassSpecData-02115-20261006-174201.csv,2026-10-06 17:29:29.326,12.974233333333332
2026-10-06 17:42:27.989,7.4719e-11,Torr,15.large_stm_connectingPort,spray,15.large_stm_connectingPort/MassSpecData-02115-20261006-174201.csv,2026-10-06 17:29:29.326,12.977716666666668
2026-10-06 17:42:28.197,7.939e-11,Torr,15.large_stm_connectingPort,spray,15.large_stm_connectingPort/MassSpecData-02115-20261006-174201.csv,2026-10-06 17:29:29.326,12.981183333333332
2026-10-06 17:42:28.405,6.3891e-11,Torr,15.large_stm_connectingPort,spray,15.large_stm_connectingPort/MassSpecData-02115-20261006-174201.csv,2026-10-06 17:29:29.326,12.984649999999998
2026-10-06 17:42:28.614,8.6569e-11,Torr,15.large_stm_connectingPort,spray,15.large_stm_connectingPort/MassSpecData-02115-20261006-174201.csv,2026-10-06 17:29:29.326,12.988133333333334
2026-10-06 17:42:28.822,8.1389e-11,Torr,15.large_stm_connectingPort,spray,15.large_stm_connectingPort/MassSpecData-02115-20261006-174201.csv,2026-10-06 17:29:29.326,12.9916
2026-10-06 17:42:29.030,9.186e-11,Torr,15.large_stm_connectingPort,spray,15.large_stm_connectingPort/MassSpecData-02115-20261006-174201.csv,2026-10-06 17:29:29.326,12.995066666666666
2026-10-06 17:42:29.239,8.3282e-11,Torr,15.large_stm_connectingPort,spray,15.large_stm_connectingPort/MassSpecData-02115-20261006-174201.csv,2026-10-06 17:29:29.326,12.99855
2026-10-06 17:42:29.447,7.2997e-11,Torr,15.large_stm_connectingPort,spray,15.large_stm_connectingPort/MassSpecData-02115-20261006-174201.csv,2026-10-06 17:29:29.326,13.002016666666666
2026-10-06 17:42:29.655,8.3256e-11,Torr,15.large_stm_connectingPort,spray,15.large_stm_connectingPort/MassSpecData-02115-20261006-174201.csv,2026-10-06 17:29:29.326,13.005483333333332
2026-10-06 17:42:29.864,7.7567e-11,Torr,15.large_stm_connectingPort,spray,15.large_stm_connectingPort/MassSpecData-02115-20261006-174201.csv,2026-10-06 17:29:29.326,13.008966666666668
2026-10-06 17:42:30.072,7.3425e-11,Torr,15.large_stm_connectingPort,spray,15.large_stm_connectingPort/MassSpecData-02115-20261006-174201.csv,2026-10-06 17:29:29.326,13.012433333333332
2026-10-06 17:42:30.280,6.357e-11,Torr,15.large_stm_connectingPort,spray,15.large_stm_connectingPort/MassSpecData-02115-20261006-174201.csv,2026-10-06 17:29:29.326,13.015899999999998
2026-10-06 17:42:30.489,8.035e-11,Torr,15.large_stm_connectingPort,spray,15.large_stm_connectingPort/MassSpecData-02115-20261006-174201.csv,2026-10-06 17:29:29.326,13.019383333333334
2026-10-06 17:42:30.697,8.2245e-11,Torr,15.large_stm_connectingPort,spray,15.large_stm_connectingPort/MassSpecData-02115-20261006-174201.csv,2026-10-06 17:29:29.326,13.02285
2026-10-06 17:42:30.905,8.4757e-11,Torr,15.large_stm_connectingPort,spray,15.large_stm_connectingPort/MassSpecData-02115-20261006-174201.csv,2026-10-06 17:29:29.326,13.026316666666666
2026-10-06 17:42:31.114,8.8225e-11,Torr,15.large_stm_connectingPort,spray,15.large_stm_connectingPort/MassSpecData-02115-20261006-174201.csv,2026-10-06 17:29:29.326,13.0298
2026-10-06 17:42:31.322,7.8831e-11,Torr,15.large_stm_connectingPort,spray,15.large_stm_connectingPort/MassSpecData-02115-20261006-174201.csv,2026-10-06 17:29:29.326,13.033266666666666
2026-10-06 17:42:31.530,8.0914e-11,Torr,15.large_stm_connectingPort,spray,15.large_stm_connectingPort/MassSpecData-02115-20261006-174201.csv,2026-10-06 17:29:29.326,13.036733333333332
2026-10-06 17:42:31.739,7.9536e-11,Torr,15.large_stm_connectingPort,spray,15.large_stm_connectingPort/MassSpecData-02115-20261006-174201.csv,2026-10-06 17:29:29.326,13.040216666666668
2026-10-06 17:42:31.947,7.7479e-11,Torr,15.large_stm_connectingPort,spray,15.large_stm_connectingPort/MassSpecData-02115-20261006-174201.csv,2026-10-06 17:29:29.326,13.043683333333332
2026-10-06 17:42:32.155,8.8203e-11,Torr,15.large_stm_connectingPort,spray,15.large_stm_connectingPort/MassSpecData-02115-20261006-174201.csv,2026-10-06 17:29:29.326,13.047149999999998
2026-10-06 17:42:32.364,8.5877e-11,Torr,15.large_stm_connectingPort,spray,15.large_stm_connectingPort/MassSpecData-02115-20261006-174201.csv,2026-10-06 17:29:29.326,13.050633333333334
2026-10-06 17:42:32.572,8.6303e-11,Torr,15.large_stm_connectingPort,spray,15.large_stm_connectingPort/MassSpecData-02115-20261006-174201.csv,2026-10-06 17:29:29.326,13.0541
2026-10-06 17:42:32.780,8.5719e-11,Torr,15.large_stm_connectingPort,spray,15.large_stm_connectingPort/MassSpecData-02115-20261006-174201.csv,2026-10-06 17:29:29.326,13.057566666666666
2026-10-06 17:42:32.989,8.4271e-11,Torr,15.large_stm_connectingPort,spray,15.large_stm_connectingPort/MassSpecData-02115-20261006-174201.csv,2026-10-06 17:29:29.326,13.06105
2026-10-06 17:42:33.197,8.1617e-11,Torr,15.large_stm_connectingPort,spray,15.large_stm_connectingPort/MassSpecData-02115-20261006-174201.csv,2026-10-06 17:29:29.326,13.064516666666666
2026-10-06 17:42:33.405,7.9898e-11,Torr,15.large_stm_connectingPort,spray,15.large_stm_connectingPort/MassSpecData-02115-20261006-174201.csv,2026-10-06 17:29:29.326,13.067983333333332
2026-10-06 17:42:33.614,8.8783e-11,Torr,15.large_stm_connectingPort,spray,15.large_stm_connectingPort/MassSpecData-02115-20261006-174201.csv,2026-10-06 17:29:29.326,13.071466666666668
2026-10-06 17:42:33.822,7.8245e-11,Torr,15.large_stm_connectingPort,spray,15.large_stm_connectingPort/MassSpecData-02115-20261006-174201.csv,2026-10-06 17:29:29.326,13.074933333333332
2026-10-06 17:42:34.030,9.6313e-11,Torr,15.large_stm_connectingPort,spray,15.large_stm_connectingPort/MassSpecData-02115-20261006-174201.csv,2026-10-06 17:29:29.326,13.078399999999998
2026-10-06 17:42:34.239,8.4357e-11,Torr,15.large_stm_connectingPort,spray,15.large_stm_connectingPort/MassSpecData-02115-20261006-174201.csv,2026-10-06 17:29:29.326,13.081883333333334
2026-10-06 17:42:34.447,6.2189e-11,Torr,15.large_stm_connectingPort,spray,15.large_stm_connectingPort/MassSpecData-02115-20261006-174201.csv,2026-10-06 17:29:29.326,13.08535
2026-10-06 17:42:34.655,8.0701e-11,Torr,15.large_stm_connectingPort,spray,15.large_stm_connectingPort/MassSpecData-02115-20261006-174201.csv,2026-10-06 17:29:29.326,13.088816666666666
2026-10-06 17:42:34.864,7.4283e-11,Torr,15.large_stm_connectingPort,spray,15.large_stm_connectingPort/MassSpecData-02115-20261006-174201.csv,2026-10-06 17:29:29.326,13.0923
2026-10-06 17:42:35.072,7.8305e-11,Torr,15.large_stm_connectingPort,spray,15.large_stm_connectingPort/MassSpecData-02115-20261006-174201.csv,2026-10-06 17:29:29.326,13.095766666666666
2026-10-06 17:42:35.280,8.5601e-11,Torr,15.large_stm_connectingPort,spray,15.large_stm_connectingPort/MassSpecData-02115-20261006-174201.csv,2026-10-06 17:29:29.326,13.099233333333332
2026-10-06 17:42:35.489,7.9306e-11,Torr,15.large_stm_connectingPort,spray,15.large_stm_connectingPort/MassSpecData-02115-20261006-174201.csv,2026-10-06 17:29:29.326,13.102716666666668
2026-10-06 17:42:35.697,9.3281e-11,Torr,15.large_stm_connectingPort,spray,15.large_stm_connectingPort/MassSpecData-02115-20261006-174201.csv,2026-10-06 17:29:29.326,13.106183333333332
2026-10-06 17:42:35.905,8.0879e-11,Torr,15.large_stm_connectingPort,spray,15.large_stm_connectingPort/MassSpecData-02115-20261006-174201.csv,2026-10-06 17:29:29.326,13.109649999999998
2026-10-06 17:42:36.114,9.0053e-11,Torr,15.large_stm_connectingPort,spray,15.large_stm_connectingPort/MassSpecData-02115-20261006-174201.csv,2026-10-06 17:29:29.326,13.113133333333334
2026-10-06 17:42:36.322,6.7398e-11,Torr,15.large_stm_connectingPort,spray,15.large_stm_connectingPort/MassSpecData-02115-20261006-174201.csv,2026-10-06 17:29:29.326,13.1166
2026-10-06 17:42:36.530,9.3601e-11,Torr,15.large_stm_connectingPort,spray,15.large_stm_connectingPort/MassSpecData-02115-20261006-174201.csv,2026-10-06 17:29:29.326,13.120066666666666
2026-10-06 17:42:36.739,9.8019e-11,Torr,15.large_stm_connectingPort,spray,15.large_stm_connectingPort/MassSpecData-02115-20261006-174201.csv,2026-10-06 17:29:29.326,13.12355
2026-10-06 17:42:36.947,9.9812e-11,Torr,15.large_stm_connectingPort,spray,15.large_stm_connectingPort/MassSpecData-02115-20261006-174201.csv,2026-10-06 17:29:29.326,13.127016666666666
2026-10-06 17:42:37.155,7.9503e-11,Torr,15.large_stm_connectingPort,spray,15.large_stm_connectingPort/MassSpecData-02115-20261006-174201.csv,2026-10-06 17:29:29.326,13.130483333333332
2026-10-06 17:42:37.364,8.5346e-11,Torr,15.large_stm_connectingPort,spray,15.large_stm_connectingPort/MassSpecData-02115-20261006-174201.csv,2026-10-06 17:29:29.326,13.133966666666668
2026-10-06 17:42:37.572,6.7923e-11,Torr,15.large_stm_connectingPort,spray,15.large_stm_connectingPort/MassSpecData-02115-20261006-174201.csv,2026-10-06 17:29:29.326,13.137433333333332
2026-10-06 17:42:37.780,8.1576e-11,Torr,15.large_stm_connectingPort,spray,15.large_stm_connectingPort/MassSpecData-02115-20261006-174201.csv,2026-10-06 17:29:29.326,13.140899999999998
2026-10-06 17:42:37.989,8.0465e-11,Torr,15.large_stm_connectingPort,spray,15.large_stm_connectingPort/MassSpecData-02115-20261006-174201.csv,2026-10-06 17:29:29.326,13.144383333333334
2026-10-06 17:42:38.197,7.4002e-11,Torr,15.large_stm_connectingPort,spray,15.large_stm_connectingPort/MassSpecData-02115-20261006-174201.csv,2026-10-06 17:29:29.326,13.14785
2026-10-06 17:42:38.405,6.7035e-11,Torr,15.large_stm_connectingPort,spray,15.large_stm_connectingPort/MassSpecData-02115-20261006-174201.csv,2026-10-06 17:29:29.326,13.151316666666666
2026-10-06 17:42:38.614,7.9086e-11,Torr,15.large_stm_connectingPort,spray,15.large_stm_connectingPort/MassSpecData-02115-20261006-174201.csv,2026-10-06 17:29:29.326,13.1548
2026-10-06 17:42:38.822,7.8344e-11,Torr,15.large_stm_connectingPort,spray,15.large_stm_connectingPort/MassSpecData-02115-20261006-174201.csv,2026-10-06 17:29:29.326,13.158266666666666
2026-10-06 17:42:39.030,7.2757e-11,Torr,15.large_stm_connectingPort,spray,15.large_stm_connectingPort/MassSpecData-02115-20261006-174201.csv,2026-10-06 17:29:29.326,13.161733333333332
2026-10-06 17:42:39.239,8.7172e-11,Torr,15.large_stm_connectingPort,spray,15.large_stm_connectingPort/MassSpecData-02115-20261006-174201.csv,2026-10-06 17:29:29.326,13.165216666666668
2026-10-06 17:42:39.447,6.7611e-11,Torr,15.large_stm_connectingPort,spray,15.large_stm_connectingPort/MassSpecData-02115-20261006-174201.csv,2026-10-06 17:29:29.326,13.168683333333332
2026-10-06 17:42:39.656,7.5847e-11,Torr,15.large_stm_connectingPort,spray,15.large_stm_connectingPort/MassSpecData-02115-20261006-174201.csv,2026-10-06 17:29:29.326,13.172166666666667
2026-10-06 17:42:39.864,6.7317e-11,Torr,15.large_stm_connectingPort,spray,15.large_stm_connectingPort/MassSpecData-02115-20261006-174201.csv,2026-10-06 17:29:29.326,13.175633333333334
2026-10-06 17:42:40.072,8.4502e-11,Torr,15.large_stm_connectingPort,spray,15.large_stm_connectingPort/MassSpecData-02115-20261006-174201.csv,2026-10-06 17:29:29.326,13.1791
2026-10-06 17:42:40.281,7.736e-11,Torr,15.large_stm_connectingPort,spray,15.large_stm_connectingPort/MassSpecData-02115-20261006-174201.csv,2026-10-06 17:29:29.326,13.182583333333334
2026-10-06 17:42:40.489,8.1838e-11,Torr,15.large_stm_connectingPort,spray,15.large_stm_connectingPort/MassSpecData-02115-20261006-174201.csv,2026-10-06 17:29:29.326,13.18605
2026-10-06 17:42:40.697,8.5813e-11,Torr,15.large_stm_connectingPort,spray,15.large_stm_connectingPort/MassSpecData-02115-20261006-174201.csv,2026-10-06 17:29:29.326,13.189516666666666
2026-10-06 17:42:40.906,8.8779e-11,Torr,15.large_stm_connectingPort,spray,15.large_stm_connectingPort/MassSpecData-02115-20261006-174201.csv,2026-10-06 17:29:29.326,13.193000000000001
2026-10-06 17:42:41.114,9.4665e-11,Torr,15.large_stm_connectingPort,spray,15.large_stm_connectingPort/MassSpecData-02115-20261006-174201.csv,2026-10-06 17:29:29.326,13.196466666666668
2026-10-06 17:42:41.322,7.685e-11,Torr,15.large_stm_connectingPort,spray,15.large_stm_connectingPort/MassSpecData-02115-20261006-174201.csv,2026-10-06 17:29:29.326,13.199933333333332
2026-10-06 17:42:41.531,8.4332e-11,Torr,15.large_stm_connectingPort,spray,15.large_stm_connectingPort/MassSpecData-02115-20261006-174201.csv,2026-10-06 17:29:29.326,13.203416666666667
2026-10-06 17:42:41.739,9.0079e-11,Torr,15.large_stm_connectingPort,spray,15.large_stm_connectingPort/MassSpecData-02115-20261006-174201.csv,2026-10-06 17:29:29.326,13.206883333333334
2026-10-06 17:42:41.947,6.9455e-11,Torr,15.large_stm_connectingPort,spray,15.large_stm_connectingPort/MassSpecData-02115-20261006-174201.csv,2026-10-06 17:29:29.326,13.21035
2026-10-06 17:42:42.156,7.6964e-11,Torr,15.large_stm_connectingPort,spray,15.large_stm_connectingPort/MassSpecData-02115-20261006-174201.csv,2026-10-06 17:29:29.326,13.213833333333334
2026-10-06 17:42:42.364,9.5197e-11,Torr,15.large_stm_connectingPort,spray,15.large_stm_connectingPort/MassSpecData-02115-20261006-174201.csv,2026-10-06 17:29:29.326,13.2173
2026-10-06 17:42:42.572,9.5181e-11,Torr,15.large_stm_connectingPort,spray,15.large_stm_connectingPort/MassSpecData-02115-20261006-174201.csv,2026-10-06 17:29:29.326,13.220766666666666
2026-10-06 17:42:42.781,7.5437e-11,Torr,15.large_stm_connectingPort,spray,15.large_stm_connectingPort/MassSpecData-02115-20261006-174201.csv,2026-10-06 17:29:29.326,13.224250000000001
2026-10-06 17:42:42.989,6.8679e-11,Torr,15.large_stm_connectingPort,spray,15.large_stm_connectingPort/MassSpecData-02115-20261006-174201.csv,2026-10-06 17:29:29.326,13.227716666666668
2026-10-06 17:42:43.197,1.0118e-10,Torr,15.large_stm_connectingPort,spray,15.large_stm_connectingPort/MassSpecData-02115-20261006-174201.csv,2026-10-06 17:29:29.326,13.231183333333332
2026-10-06 17:42:43.538,6.2305e-11,Torr,15.large_stm_connectingPort,spray,15.large_stm_connectingPort/MassSpecData-02115-20261006-174243.csv,2026-10-06 17:29:29.326,13.236866666666666
2026-10-06 17:42:43.746,9.4407e-11,Torr,15.large_stm_connectingPort,spray,15.large_stm_connectingPort/MassSpecData-02115-20261006-174243.csv,2026-10-06 17:29:29.326,13.240333333333332
2026-10-06 17:42:43.955,6.6945e-11,Torr,15.large_stm_connectingPort,spray,15.large_stm_connectingPort/MassSpecData-02115-20261006-174243.csv,2026-10-06 17:29:29.326,13.243816666666667
2026-10-06 17:42:44.163,9.241e-11,Torr,15.large_stm_connectingPort,spray,15.large_stm_connectingPort/MassSpecData-02115-20261006-174243.csv,2026-10-06 17:29:29.326,13.247283333333334
2026-10-06 17:42:44.371,8.9464e-11,Torr,15.large_stm_connectingPort,spray,15.large_stm_connectingPort/MassSpecData-02115-20261006-174243.csv,2026-10-06 17:29:29.326,13.25075
2026-10-06 17:42:44.580,6.894e-11,Torr,15.large_stm_connectingPort,spray,15.large_stm_connectingPort/MassSpecData-02115-20261006-174243.csv,2026-10-06 17:29:29.326,13.254233333333334
2026-10-06 17:42:44.788,8.5423e-11,Torr,15.large_stm_connectingPort,spray,15.large_stm_connectingPort/MassSpecData-02115-20261006-174243.csv,2026-10-06 17:29:29.326,13.2577
2026-10-06 17:42:44.996,7.8854e-11,Torr,15.large_stm_connectingPort,spray,15.large_stm_connectingPort/MassSpecData-02115-20261006-174243.csv,2026-10-06 17:29:29.326,13.261166666666666
2026-10-06 17:42:45.204,8.587e-11,Torr,15.large_stm_connectingPort,spray,15.large_stm_connectingPort/MassSpecData-02115-20261006-174243.csv,2026-10-06 17:29:29.326,13.264633333333334
2026-10-06 17:42:45.413,7.3281e-11,Torr,15.large_stm_connectingPort,spray,15.large_stm_connectingPort/MassSpecData-02115-20261006-174243.csv,2026-10-06 17:29:29.326,13.268116666666666
2026-10-06 17:42:45.621,6.8108e-11,Torr,15.large_stm_connectingPort,spray,15.large_stm_connectingPort/MassSpecData-02115-20261006-174243.csv,2026-10-06 17:29:29.326,13.271583333333332
2026-10-06 17:42:45.830,9.2267e-11,Torr,15.large_stm_connectingPort,spray,15.large_stm_connectingPort/MassSpecData-02115-20261006-174243.csv,2026-10-06 17:29:29.326,13.275066666666667
2026-10-06 17:42:46.038,6.3673e-11,Torr,15.large_stm_connectingPort,spray,15.large_stm_connectingPort/MassSpecData-02115-20261006-174243.csv,2026-10-06 17:29:29.326,13.278533333333334
2026-10-06 17:42:46.246,6.8e-11,Torr,15.large_stm_connectingPort,spray,15.large_stm_connectingPort/MassSpecData-02115-20261006-174243.csv,2026-10-06 17:29:29.326,13.282
2026-10-06 17:42:46.455,8.4179e-11,Torr,15.large_stm_connectingPort,spray,15.large_stm_connectingPort/MassSpecData-02115-20261006-174243.csv,2026-10-06 17:29:29.326,13.285483333333334
2026-10-06 17:42:46.663,9.0105e-11,Torr,15.large_stm_connectingPort,spray,15.large_stm_connectingPort/MassSpecData-02115-20261006-174243.csv,2026-10-06 17:29:29.326,13.28895
2026-10-06 17:42:46.871,8.3638e-11,Torr,15.large_stm_connectingPort,spray,15.large_stm_connectingPort/MassSpecData-02115-20261006-174243.csv,2026-10-06 17:29:29.326,13.292416666666666
2026-10-06 17:42:47.080,6.1847e-11,Torr,15.large_stm_connectingPort,spray,15.large_stm_connectingPort/MassSpecData-02115-20261006-174243.csv,2026-10-06 17:29:29.326,13.2959
2026-10-06 17:42:47.288,7.6774e-11,Torr,15.large_stm_connectingPort,spray,15.large_stm_connectingPort/MassSpecData-02115-20261006-174243.csv,2026-10-06 17:29:29.326,13.299366666666666
2026-10-06 17:42:47.496,7.7766e-11,Torr,15.large_stm_connectingPort,spray,15.large_stm_connectingPort/MassSpecData-02115-20261006-174243.csv,2026-10-06 17:29:29.326,13.302833333333332
2026-10-06 17:42:47.705,8.3911e-11,Torr,15.large_stm_connectingPort,spray,15.large_stm_connectingPort/MassSpecData-02115-20261006-174243.csv,2026-10-06 17:29:29.326,13.306316666666667
2026-10-06 17:42:47.913,8.8732e-11,Torr,15.large_stm_connectingPort,spray,15.large_stm_connectingPort/MassSpecData-02115-20261006-174243.csv,2026-10-06 17:29:29.326,13.309783333333334
2026-10-06 17:42:48.121,6.8857e-11,Torr,15.large_stm_connectingPort,spray,15.large_stm_connectingPort/MassSpecData-02115-20261006-174243.csv,2026-10-06 17:29:29.326,13.31325
2026-10-06 17:42:48.330,8.465e-11,Torr,15.large_stm_connectingPort,spray,15.large_stm_connectingPort/MassSpecData-02115-20261006-174243.csv,2026-10-06 17:29:29.326,13.316733333333334
2026-10-06 17:42:48.538,7.652e-11,Torr,15.large_stm_connectingPort,spray,15.large_stm_connectingPort/MassSpecData-02115-20261006-174243.csv,2026-10-06 17:29:29.326,13.3202
2026-10-06 17:42:48.746,9.0865e-11,Torr,15.large_stm_connectingPort,spray,15.large_stm_connectingPort/MassSpecData-02115-20261006-174243.csv,2026-10-06 17:29:29.326,13.323666666666666
2026-10-06 17:42:48.954,8.2651e-11,Torr,15.large_stm_connectingPort,spray,15.large_stm_connectingPort/MassSpecData-02115-20261006-174243.csv,2026-10-06 17:29:29.326,13.327133333333334
2026-10-06 17:42:49.163,9.5075e-11,Torr,15.large_stm_connectingPort,spray,15.large_stm_connectingPort/MassSpecData-02115-20261006-174243.csv,2026-10-06 17:29:29.326,13.330616666666666
2026-10-06 17:42:49.371,7.2e-11,Torr,15.large_stm_connectingPort,spray,15.large_stm_connectingPort/MassSpecData-02115-20261006-174243.csv,2026-10-06 17:29:29.326,13.334083333333332
2026-10-06 17:42:49.579,8.126e-11,Torr,15.large_stm_connectingPort,spray,15.large_stm_connectingPort/MassSpecData-02115-20261006-174243.csv,2026-10-06 17:29:29.326,13.33755
2026-10-06 17:42:49.788,8.2471e-11,Torr,15.large_stm_connectingPort,spray,15.large_stm_connectingPort/MassSpecData-02115-20261006-174243.csv,2026-10-06 17:29:29.326,13.341033333333334
2026-10-06 17:42:49.996,8.1116e-11,Torr,15.large_stm_connectingPort,spray,15.large_stm_connectingPort/MassSpecData-02115-20261006-174243.csv,2026-10-06 17:29:29.326,13.3445
2026-10-06 17:42:50.204,7.7817e-11,Torr,15.large_stm_connectingPort,spray,15.large_stm_connectingPort/MassSpecData-02115-20261006-174243.csv,2026-10-06 17:29:29.326,13.347966666666668
2026-10-06 17:42:50.413,8.7682e-11,Torr,15.large_stm_connectingPort,spray,15.large_stm_connectingPort/MassSpecData-02115-20261006-174243.csv,2026-10-06 17:29:29.326,13.35145
2026-10-06 17:42:50.621,7.4323e-11,Torr,15.large_stm_connectingPort,spray,15.large_stm_connectingPort/MassSpecData-02115-20261006-174243.csv,2026-10-06 17:29:29.326,13.354916666666666
2026-10-06 17:42:50.829,8.5108e-11,Torr,15.large_stm_connectingPort,spray,15.large_stm_connectingPort/MassSpecData-02115-20261006-174243.csv,2026-10-06 17:29:29.326,13.358383333333334
2026-10-06 17:42:51.038,7.4959e-11,Torr,15.large_stm_connectingPort,spray,15.large_stm_connectingPort/MassSpecData-02115-20261006-174243.csv,2026-10-06 17:29:29.326,13.361866666666666
2026-10-06 17:42:51.246,8.1434e-11,Torr,15.large_stm_connectingPort,spray,15.large_stm_connectingPort/MassSpecData-02115-20261006-174243.csv,2026-10-06 17:29:29.326,13.365333333333332
2026-10-06 17:42:51.454,8.7339e-11,Torr,15.large_stm_connectingPort,spray,15.large_stm_connectingPort/MassSpecData-02115-20261006-174243.csv,2026-10-06 17:29:29.326,13.3688
2026-10-06 17:42:51.663,7.7218e-11,Torr,15.large_stm_connectingPort,spray,15.large_stm_connectingPort/MassSpecData-02115-20261006-174243.csv,2026-10-06 17:29:29.326,13.372283333333334
2026-10-06 17:42:51.871,7.0942e-11,Torr,15.large_stm_connectingPort,spray,15.large_stm_connectingPort/MassSpecData-02115-20261006-174243.csv,2026-10-06 17:29:29.326,13.37575
2026-10-06 17:42:52.079,8.4466e-11,Torr,15.large_stm_connectingPort,spray,15.large_stm_connectingPort/MassSpecData-02115-20261006-174243.csv,2026-10-06 17:29:29.326,13.379216666666668
2026-10-06 17:42:52.288,7.9178e-11,Torr,15.large_stm_connectingPort,spray,15.large_stm_connectingPort/MassSpecData-02115-20261006-174243.csv,2026-10-06 17:29:29.326,13.3827
2026-10-06 17:42:52.496,8.0701e-11,Torr,15.large_stm_connectingPort,spray,15.large_stm_connectingPort/MassSpecData-02115-20261006-174243.csv,2026-10-06 17:29:29.326,13.386166666666666
2026-10-06 17:42:52.705,7.955e-11,Torr,15.large_stm_connectingPort,spray,15.large_stm_connectingPort/MassSpecData-02115-20261006-174243.csv,2026-10-06 17:29:29.326,13.38965
2026-10-06 17:42:52.913,6.9311e-11,Torr,15.large_stm_connectingPort,spray,15.large_stm_connectingPort/MassSpecData-02115-20261006-174243.csv,2026-10-06 17:29:29.326,13.393116666666666
2026-10-06 17:42:53.121,8.4992e-11,Torr,15.large_stm_connectingPort,spray,15.large_stm_connectingPort/MassSpecData-02115-20261006-174243.csv,2026-10-06 17:29:29.326,13.396583333333332
2026-10-06 17:42:53.330,8.5743e-11,Torr,15.large_stm_connectingPort,spray,15.large_stm_connectingPort/MassSpecData-02115-20261006-174243.csv,2026-10-06 17:29:29.326,13.400066666666667
2026-10-06 17:42:53.538,8.7413e-11,Torr,15.large_stm_connectingPort,spray,15.large_stm_connectingPort/MassSpecData-02115-20261006-174243.csv,2026-10-06 17:29:29.326,13.403533333333334
2026-10-06 17:42:53.746,8.329e-11,Torr,15.large_stm_connectingPort,spray,15.large_stm_connectingPort/MassSpecData-02115-20261006-174243.csv,2026-10-06 17:29:29.326,13.407
2026-10-06 17:42:53.955,7.3907e-11,Torr,15.large_stm_connectingPort,spray,15.large_stm_connectingPort/MassSpecData-02115-20261006-174243.csv,2026-10-06 17:29:29.326,13.410483333333334
2026-10-06 17:42:54.163,8.8801e-11,Torr,15.large_stm_connectingPort,spray,15.large_stm_connectingPort/MassSpecData-02115-20261006-174243.csv,2026-10-06 17:29:29.326,13.41395
2026-10-06 17:42:54.371,7.4939e-11,Torr,15.large_stm_connectingPort,spray,15.large_stm_connectingPort/MassSpecData-02115-20261006-174243.csv,2026-10-06 17:29:29.326,13.417416666666666
2026-10-06 17:42:54.580,7.605e-11,Torr,15.large_stm_connectingPort,spray,15.large_stm_connectingPort/MassSpecData-02115-20261006-174243.csv,2026-10-06 17:29:29.326,13.4209
2026-10-06 17:42:54.788,7.3158e-11,Torr,15.large_stm_connectingPort,spray,15.large_stm_connectingPort/MassSpecData-02115-20261006-174243.csv,2026-10-06 17:29:29.326,13.424366666666666
2026-10-06 17:42:54.996,7.8136e-11,Torr,15.large_stm_connectingPort,spray,15.large_stm_connectingPort/MassSpecData-02115-20261006-174243.csv,2026-10-06 17:29:29.326,13.427833333333332
2026-10-06 17:42:55.205,9.1413e-11,Torr,15.large_stm_connectingPort,spray,15.large_stm_connectingPort/MassSpecData-02115-20261006-174243.csv,2026-10-06 17:29:29.326,13.431316666666667
2026-10-06 17:42:55.413,6.9934e-11,Torr,15.large_stm_connectingPort,spray,15.large_stm_connectingPort/MassSpecData-02115-20261006-174243.csv,2026-10-06 17:29:29.326,13.434783333333334
2026-10-06 17:42:55.621,7.0829e-11,Torr,15.large_stm_connectingPort,spray,15.large_stm_connectingPort/MassSpecData-02115-20261006-174243.csv,2026-10-06 17:29:29.326,13.43825
2026-10-06 17:42:55.830,9.0139e-11,Torr,15.large_stm_connectingPort,spray,15.large_stm_connectingPort/MassSpecData-02115-20261006-174243.csv,2026-10-06 17:29:29.326,13.441733333333334
2026-10-06 17:42:56.038,8.1521e-11,Torr,15.large_stm_connectingPort,spray,15.large_stm_connectingPort/MassSpecData-02115-20261006-174243.csv,2026-10-06 17:29:29.326,13.4452
2026-10-06 17:42:56.246,8.8607e-11,Torr,15.large_stm_connectingPort,spray,15.large_stm_connectingPort/MassSpecData-02115-20261006-174243.csv,2026-10-06 17:29:29.326,13.448666666666666
2026-10-06 17:42:56.455,7.0728e-11,Torr,15.large_stm_connectingPort,spray,15.large_stm_connectingPort/MassSpecData-02115-20261006-174243.csv,2026-10-06 17:29:29.326,13.45215
2026-10-06 17:42:56.663,7.8985e-11,Torr,15.large_stm_connectingPort,spray,15.large_stm_connectingPort/MassSpecData-02115-20261006-174243.csv,2026-10-06 17:29:29.326,13.455616666666666
2026-10-06 17:42:56.871,7.9094e-11,Torr,15.large_stm_connectingPort,spray,15.large_stm_connectingPort/MassSpecData-02115-20261006-174243.csv,2026-10-06 17:29:29.326,13.459083333333332
2026-10-06 17:42:57.080,9.3574e-11,Torr,15.large_stm_connectingPort,spray,15.large_stm_connectingPort/MassSpecData-02115-20261006-174243.csv,2026-10-06 17:29:29.326,13.462566666666667
2026-10-06 17:42:57.288,9.4845e-11,Torr,15.large_stm_connectingPort,spray,15.large_stm_connectingPort/MassSpecData-02115-20261006-174243.csv,2026-10-06 17:29:29.326,13.466033333333334
2026-10-06 17:42:57.496,7.4293e-11,Torr,15.large_stm_connectingPort,spray,15.large_stm_connectingPort/MassSpecData-02115-20261006-174243.csv,2026-10-06 17:29:29.326,13.4695
2026-10-06 17:42:57.705,9.1121e-11,Torr,15.large_stm_connectingPort,spray,15.large_stm_connectingPort/MassSpecData-02115-20261006-174243.csv,2026-10-06 17:29:29.326,13.472983333333334
2026-10-06 17:42:57.913,8.3267e-11,Torr,15.large_stm_connectingPort,spray,15.large_stm_connectingPort/MassSpecData-02115-20261006-174243.csv,2026-10-06 17:29:29.326,13.47645
2026-10-06 17:42:58.121,9.7694e-11,Torr,15.large_stm_connectingPort,spray,15.large_stm_connectingPort/MassSpecData-02115-20261006-174243.csv,2026-10-06 17:29:29.326,13.479916666666666
2026-10-06 17:42:58.330,8.0019e-11,Torr,15.large_stm_connectingPort,spray,15.large_stm_connectingPort/MassSpecData-02115-20261006-174243.csv,2026-10-06 17:29:29.326,13.4834
2026-10-06 17:42:58.538,8.2372e-11,Torr,15.large_stm_connectingPort,spray,15.large_stm_connectingPort/MassSpecData-02115-20261006-174243.csv,2026-10-06 17:29:29.326,13.486866666666666
2026-10-06 17:42:58.746,6.9259e-11,Torr,15.large_stm_connectingPort,spray,15.large_stm_connectingPort/MassSpecData-02115-20261006-174243.csv,2026-10-06 17:29:29.326,13.490333333333332
2026-10-06 17:42:58.955,7.9935e-11,Torr,15.large_stm_connectingPort,spray,15.large_stm_connectingPort/MassSpecData-02115-20261006-174243.csv,2026-10-06 17:29:29.326,13.493816666666667
2026-10-06 17:42:59.163,7.2795e-11,Torr,15.large_stm_connectingPort,spray,15.large_stm_connectingPort/MassSpecData-02115-20261006-174243.csv,2026-10-06 17:29:29.326,13.497283333333334
2026-10-06 17:42:59.371,8.3934e-11,Torr,15.large_stm_connectingPort,spray,15.large_stm_connectingPort/MassSpecData-02115-20261006-174243.csv,2026-10-06 17:29:29.326,13.50075
2026-10-06 17:42:59.580,8.6772e-11,Torr,15.large_stm_connectingPort,spray,15.large_stm_connectingPort/MassSpecData-02115-20261006-174243.csv,2026-10-06 17:29:29.326,13.504233333333334
2026-10-06 17:42:59.788,8.1273e-11,Torr,15.large_stm_connectingPort,spray,15.large_stm_connectingPort/MassSpecData-02115-20261006-174243.csv,2026-10-06 17:29:29.326,13.5077
2026-10-06 17:42:59.996,7.8421e-11,Torr,15.large_stm_connectingPort,spray,15.large_stm_connectingPort/MassSpecData-02115-20261006-174243.csv,2026-10-06 17:29:29.326,13.511166666666666
2026-10-06 17:43:00.205,9.6001e-11,Torr,15.large_stm_connectingPort,spray,15.large_stm_connectingPort/MassSpecData-02115-20261006-174243.csv,2026-10-06 17:29:29.326,13.51465
2026-10-06 17:43:00.413,7.4906e-11,Torr,15.large_stm_connectingPort,spray,15.large_stm_connectingPort/MassSpecData-02115-20261006-174243.csv,2026-10-06 17:29:29.326,13.518116666666666
2026-10-06 17:43:00.621,7.1746e-11,Torr,15.large_stm_connectingPort,spray,15.large_stm_connectingPort/MassSpecData-02115-20261006-174243.csv,2026-10-06 17:29:29.326,13.521583333333332
2026-10-06 17:43:00.830,6.3855e-11,Torr,15.large_stm_connectingPort,spray,15.large_stm_connectingPort/MassSpecData-02115-20261006-174243.csv,2026-10-06 17:29:29.326,13.525066666666667
2026-10-06 17:43:01.038,6.5468e-11,Torr,15.large_stm_connectingPort,spray,15.large_stm_connectingPort/MassSpecData-02115-20261006-174243.csv,2026-10-06 17:29:29.326,13.528533333333334
2026-10-06 17:43:01.246,7.9244e-11,Torr,15.large_stm_connectingPort,spray,15.large_stm_connectingPort/MassSpecData-02115-20261006-174243.csv,2026-10-06 17:29:29.326,13.532
2026-10-06 17:43:01.455,7.0291e-11,Torr,15.large_stm_connectingPort,spray,15.large_stm_connectingPort/MassSpecData-02115-20261006-174243.csv,2026-10-06 17:29:29.326,13.535483333333334
2026-10-06 17:43:01.663,7.5128e-11,Torr,15.large_stm_connectingPort,spray,15.large_stm_connectingPort/MassSpecData-02115-20261006-174243.csv,2026-10-06 17:29:29.326,13.53895
2026-10-06 17:43:01.871,7.0474e-11,Torr,15.large_stm_connectingPort,spray,15.large_stm_connectingPort/MassSpecData-02115-20261006-174243.csv,2026-10-06 17:29:29.326,13.542416666666666
2026-10-06 17:43:02.080,8.6403e-11,Torr,15.large_stm_connectingPort,spray,15.large_stm_connectingPort/MassSpecData-02115-20261006-174243.csv,2026-10-06 17:29:29.326,13.5459
2026-10-06 17:43:02.288,8.3753e-11,Torr,15.large_stm_connectingPort,spray,15.large_stm_connectingPort/MassSpecData-02115-20261006-174243.csv,2026-10-06 17:29:29.326,13.549366666666666
2026-10-06 17:43:02.496,7.7921e-11,Torr,15.large_stm_connectingPort,spray,15.large_stm_connectingPort/MassSpecData-02115-20261006-174243.csv,2026-10-06 17:29:29.326,13.552833333333332
2026-10-06 17:43:02.705,6.971e-11,Torr,15.large_stm_connectingPort,spray,15.large_stm_connectingPort/MassSpecData-02115-20261006-174243.csv,2026-10-06 17:29:29.326,13.556316666666667
2026-10-06 17:43:02.913,8.1649e-11,Torr,15.large_stm_connectingPort,spray,15.large_stm_connectingPort/MassSpecData-02115-20261006-174243.csv,2026-10-06 17:29:29.326,13.559783333333334
2026-10-06 17:43:03.121,7.8415e-11,Torr,15.large_stm_connectingPort,spray,15.large_stm_connectingPort/MassSpecData-02115-20261006-174243.csv,2026-10-06 17:29:29.326,13.56325
2026-10-06 17:43:03.329,8.8296e-11,Torr,15.large_stm_connectingPort,spray,15.large_stm_connectingPort/MassSpecData-02115-20261006-174243.csv,2026-10-06 17:29:29.326,13.566716666666668
2026-10-06 17:43:03.538,6.0389e-11,Torr,15.large_stm_connectingPort,spray,15.large_stm_connectingPort/MassSpecData-02115-20261006-174243.csv,2026-10-06 17:29:29.326,13.5702
2026-10-06 17:43:03.746,9.0509e-11,Torr,15.large_stm_connectingPort,spray,15.large_stm_connectingPort/MassSpecData-02115-20261006-174243.csv,2026-10-06 17:29:29.326,13.573666666666666
2026-10-06 17:43:03.954,7.513e-11,Torr,15.large_stm_connectingPort,spray,15.large_stm_connectingPort/MassSpecData-02115-20261006-174243.csv,2026-10-06 17:29:29.326,13.577133333333334
2026-10-06 17:43:04.163,7.9748e-11,Torr,15.large_stm_connectingPort,spray,15.large_stm_connectingPort/MassSpecData-02115-20261006-174243.csv,2026-10-06 17:29:29.326,13.580616666666666
2026-10-06 17:43:04.371,8.6614e-11,Torr,15.large_stm_connectingPort,spray,15.large_stm_connectingPort/MassSpecData-02115-20261006-174243.csv,2026-10-06 17:29:29.326,13.584083333333332
2026-10-06 17:43:04.579,7.294e-11,Torr,15.large_stm_connectingPort,spray,15.large_stm_connectingPort/MassSpecData-02115-20261006-174243.csv,2026-10-06 17:29:29.326,13.58755
2026-10-06 17:43:04.788,8.8588e-11,Torr,15.large_stm_connectingPort,spray,15.large_stm_connectingPort/MassSpecData-02115-20261006-174243.csv,2026-10-06 17:29:29.326,13.591033333333334
2026-10-06 17:43:04.996,7.4498e-11,Torr,15.large_stm_connectingPort,spray,15.large_stm_connectingPort/MassSpecData-02115-20261006-174243.csv,2026-10-06 17:29:29.326,13.5945
2026-10-06 17:43:05.204,7.373e-11,Torr,15.large_stm_connectingPort,spray,15.large_stm_connectingPort/MassSpecData-02115-20261006-174243.csv,2026-10-06 17:29:29.326,13.597966666666668
2026-10-06 17:43:05.413,7.7313e-11,Torr,15.large_stm_connectingPort,spray,15.large_stm_connectingPort/MassSpecData-02115-20261006-174243.csv,2026-10-06 17:29:29.326,13.60145
2026-10-06 17:43:05.621,9.3937e-11,Torr,15.large_stm_connectingPort,spray,15.large_stm_connectingPort/MassSpecData-02115-20261006-174243.csv,2026-10-06 17:29:29.326,13.604916666666666
2026-10-06 17:43:05.829,7.3267e-11,Torr,15.large_stm_connectingPort,spray,15.large_stm_connectingPort/MassSpecData-02115-20261006-174243.csv,2026-10-06 17:29:29.326,13.608383333333334
2026-10-06 17:43:06.038,7.8156e-11,Torr,15.large_stm_connectingPort,spray,15.large_stm_connectingPort/MassSpecData-02115-20261006-174243.csv,2026-10-06 17:29:29.326,13.611866666666666
2026-10-06 17:43:06.246,7.3699e-11,Torr,15.large_stm_connectingPort,spray,15.large_stm_connectingPort/MassSpecData-02115-20261006-174243.csv,2026-10-06 17:29:29.326,13.615333333333332
2026-10-06 17:43:06.454,8.7594e-11,Torr,15.large_stm_connectingPort,spray,15.large_stm_connectingPort/MassSpecData-02115-20261006-174243.csv,2026-10-06 17:29:29.326,13.6188
2026-10-06 17:43:06.663,8.3916e-11,Torr,15.large_stm_connectingPort,spray,15.large_stm_connectingPort/MassSpecData-02115-20261006-174243.csv,2026-10-06 17:29:29.326,13.622283333333334
2026-10-06 17:43:06.871,8.3154e-11,Torr,15.large_stm_connectingPort,spray,15.large_stm_connectingPort/MassSpecData-02115-20261006-174243.csv,2026-10-06 17:29:29.326,13.62575
2026-10-06 17:43:07.079,7.9784e-11,Torr,15.large_stm_connectingPort,spray,15.large_stm_connectingPort/MassSpecData-02115-20261006-174243.csv,2026-10-06 17:29:29.326,13.629216666666668
2026-10-06 17:43:07.288,8.178e-11,Torr,15.large_stm_connectingPort,spray,15.large_stm_connectingPort/MassSpecData-02115-20261006-174243.csv,2026-10-06 17:29:29.326,13.6327
2026-10-06 17:43:07.496,8.2157e-11,Torr,15.large_stm_connectingPort,spray,15.large_stm_connectingPort/MassSpecData-02115-20261006-174243.csv,2026-10-06 17:29:29.326,13.636166666666666
2026-10-06 17:43:07.704,7.2547e-11,Torr,15.large_stm_connectingPort,spray,15.large_stm_connectingPort/MassSpecData-02115-20261006-174243.csv,2026-10-06 17:29:29.326,13.639633333333334
2026-10-06 17:43:07.913,9.4194e-11,Torr,15.large_stm_connectingPort,spray,15.large_stm_connectingPort/MassSpecData-02115-20261006-174243.csv,2026-10-06 17:29:29.326,13.643116666666666
2026-10-06 17:43:08.121,8.4242e-11,Torr,15.large_stm_connectingPort,spray,15.large_stm_connectingPort/MassSpecData-02115-20261006-174243.csv,2026-10-06 17:29:29.326,13.646583333333332
2026-10-06 17:43:08.329,9.051e-11,Torr,15.large_stm_connectingPort,spray,15.large_stm_connectingPort/MassSpecData-02115-20261006-174243.csv,2026-10-06 17:29:29.326,13.65005
2026-10-06 17:43:08.538,7.8152e-11,Torr,15.large_stm_connectingPort,spray,15.large_stm_connectingPort/MassSpecData-02115-20261006-174243.csv,2026-10-06 17:29:29.326,13.653533333333334
2026-10-06 17:43:08.746,7.0964e-11,Torr,15.large_stm_connectingPort,spray,15.large_stm_connectingPort/MassSpecData-02115-20261006-174243.csv,2026-10-06 17:29:29.326,13.657
2026-10-06 17:43:08.954,8.136e-11,Torr,15.large_stm_connectingPort,spray,15.large_stm_connectingPort/MassSpecData-02115-20261006-174243.csv,2026-10-06 17:29:29.326,13.660466666666668
2026-10-06 17:43:09.163,9.868e-11,Torr,15.large_stm_connectingPort,spray,15.large_stm_connectingPort/MassSpecData-02115-20261006-174243.csv,2026-10-06 17:29:29.326,13.66395
2026-10-06 17:43:09.371,7.7462e-11,Torr,15.large_stm_connectingPort,spray,15.large_stm_connectingPort/MassSpecData-02115-20261006-174243.csv,2026-10-06 17:29:29.326,13.667416666666666
2026-10-06 17:43:09.579,8.5086e-11,Torr,15.large_stm_connectingPort,spray,15.large_stm_connectingPort/MassSpecData-02115-20261006-174243.csv,2026-10-06 17:29:29.326,13.670883333333334
2026-10-06 17:43:09.788,8.7577e-11,Torr,15.large_stm_connectingPort,spray,15.large_stm_connectingPort/MassSpecData-02115-20261006-174243.csv,2026-10-06 17:29:29.326,13.674366666666666
2026-10-06 17:43:09.996,6.9649e-11,Torr,15.large_stm_connectingPort,spray,15.large_stm_connectingPort/MassSpecData-02115-20261006-174243.csv,2026-10-06 17:29:29.326,13.677833333333332
2026-10-06 17:43:10.204,8.2035e-11,Torr,15.large_stm_connectingPort,spray,15.large_stm_connectingPort/MassSpecData-02115-20261006-174243.csv,2026-10-06 17:29:29.326,13.6813
2026-10-06 17:43:10.413,7.9668e-11,Torr,15.large_stm_connectingPort,spray,15.large_stm_connectingPort/MassSpecData-02115-20261006-174243.csv,2026-10-06 17:29:29.326,13.684783333333334
2026-10-06 17:43:10.621,9.336e-11,Torr,15.large_stm_connectingPort,spray,15.large_stm_connectingPort/MassSpecData-02115-20261006-174243.csv,2026-10-06 17:29:29.326,13.68825
2026-10-06 17:43:10.829,7.6134e-11,Torr,15.large_stm_connectingPort,spray,15.large_stm_connectingPort/MassSpecData-02115-20261006-174243.csv,2026-10-06 17:29:29.326,13.691716666666668
2026-10-06 17:43:11.038,8.027e-11,Torr,15.large_stm_connectingPort,spray,15.large_stm_connectingPort/MassSpecData-02115-20261006-174243.csv,2026-10-06 17:29:29.326,13.6952
2026-10-06 17:43:11.246,8.1646e-11,Torr,15.large_stm_connectingPort,spray,15.large_stm_connectingPort/MassSpecData-02115-20261006-174243.csv,2026-10-06 17:29:29.326,13.698666666666666
2026-10-06 17:43:11.454,7.751e-11,Torr,15.large_stm_connectingPort,spray,15.large_stm_connectingPort/MassSpecData-02115-20261006-174243.csv,2026-10-06 17:29:29.326,13.702133333333334
2026-10-06 17:43:11.663,7.7163e-11,Torr,15.large_stm_connectingPort,spray,15.large_stm_connectingPort/MassSpecData-02115-20261006-174243.csv,2026-10-06 17:29:29.326,13.705616666666666
2026-10-06 17:43:11.871,1.0218e-10,Torr,15.large_stm_connectingPort,spray,15.large_stm_connectingPort/MassSpecData-02115-20261006-174243.csv,2026-10-06 17:29:29.326,13.709083333333332
2026-10-06 17:43:12.079,5.8312e-11,Torr,15.large_stm_connectingPort,spray,15.large_stm_connectingPort/MassSpecData-02115-20261006-174243.csv,2026-10-06 17:29:29.326,13.71255
2026-10-06 17:43:12.288,7.2346e-11,Torr,15.large_stm_connectingPort,spray,15.large_stm_connectingPort/MassSpecData-02115-20261006-174243.csv,2026-10-06 17:29:29.326,13.716033333333334
2026-10-06 17:43:12.496,6.5696e-11,Torr,15.large_stm_connectingPort,spray,15.large_stm_connectingPort/MassSpecData-02115-20261006-174243.csv,2026-10-06 17:29:29.326,13.7195
2026-10-06 17:43:12.704,8.3436e-11,Torr,15.large_stm_connectingPort,spray,15.large_stm_connectingPort/MassSpecData-02115-20261006-174243.csv,2026-10-06 17:29:29.326,13.722966666666668
2026-10-06 17:43:12.913,8.5125e-11,Torr,15.large_stm_connectingPort,spray,15.large_stm_connectingPort/MassSpecData-02115-20261006-174243.csv,2026-10-06 17:29:29.326,13.72645
2026-10-06 17:43:13.121,8.2189e-11,Torr,15.large_stm_connectingPort,spray,15.large_stm_connectingPort/MassSpecData-02115-20261006-174243.csv,2026-10-06 17:29:29.326,13.729916666666666
2026-10-06 17:43:13.329,9.2255e-11,Torr,15.large_stm_connectingPort,spray,15.large_stm_connectingPort/MassSpecData-02115-20261006-174243.csv,2026-10-06 17:29:29.326,13.733383333333334
2026-10-06 17:43:13.538,6.7437e-11,Torr,15.large_stm_connectingPort,spray,15.large_stm_connectingPort/MassSpecData-02115-20261006-174243.csv,2026-10-06 17:29:29.326,13.736866666666666
2026-10-06 17:43:13.746,7.2985e-11,Torr,15.large_stm_connectingPort,spray,15.large_stm_connectingPort/MassSpecData-02115-20261006-174243.csv,2026-10-06 17:29:29.326,13.740333333333332
2026-10-06 17:43:13.954,6.3771e-11,Torr,15.large_stm_connectingPort,spray,15.large_stm_connectingPort/MassSpecData-02115-20261006-174243.csv,2026-10-06 17:29:29.326,13.7438
2026-10-06 17:43:14.163,6.8294e-11,Torr,15.large_stm_connectingPort,spray,15.large_stm_connectingPort/MassSpecData-02115-20261006-174243.csv,2026-10-06 17:29:29.326,13.747283333333334
2026-10-06 17:43:14.371,8.2362e-11,Torr,15.large_stm_connectingPort,spray,15.large_stm_connectingPort/MassSpecData-02115-20261006-174243.csv,2026-10-06 17:29:29.326,13.75075
2026-10-06 17:43:14.579,7.4994e-11,Torr,15.large_stm_connectingPort,spray,15.large_stm_connectingPort/MassSpecData-02115-20261006-174243.csv,2026-10-06 17:29:29.326,13.754216666666668
2026-10-06 17:43:14.788,7.5938e-11,Torr,15.large_stm_connectingPort,spray,15.large_stm_connectingPort/MassSpecData-02115-20261006-174243.csv,2026-10-06 17:29:29.326,13.7577
2026-10-06 17:43:14.996,7.522e-11,Torr,15.large_stm_connectingPort,spray,15.large_stm_connectingPort/MassSpecData-02115-20261006-174243.csv,2026-10-06 17:29:29.326,13.761166666666666
2026-10-06 17:43:15.204,8.5691e-11,Torr,15.large_stm_connectingPort,spray,15.large_stm_connectingPort/MassSpecData-02115-20261006-174243.csv,2026-10-06 17:29:29.326,13.764633333333334
2026-10-06 17:43:15.413,8.2147e-11,Torr,15.large_stm_connectingPort,spray,15.large_stm_connectingPort/MassSpecData-02115-20261006-174243.csv,2026-10-06 17:29:29.326,13.768116666666666
2026-10-06 17:43:15.621,9.0213e-11,Torr,15.large_stm_connectingPort,spray,15.large_stm_connectingPort/MassSpecData-02115-20261006-174243.csv,2026-10-06 17:29:29.326,13.771583333333332
2026-10-06 17:43:15.829,7.3027e-11,Torr,15.large_stm_connectingPort,spray,15.large_stm_connectingPort/MassSpecData-02115-20261006-174243.csv,2026-10-06 17:29:29.326,13.77505
2026-10-06 17:43:16.038,8.8082e-11,Torr,15.large_stm_connectingPort,spray,15.large_stm_connectingPort/MassSpecData-02115-20261006-174243.csv,2026-10-06 17:29:29.326,13.778533333333334
2026-10-06 17:43:16.246,1.0237e-10,Torr,15.large_stm_connectingPort,spray,15.large_stm_connectingPort/MassSpecData-02115-20261006-174243.csv,2026-10-06 17:29:29.326,13.782
2026-10-06 17:43:16.454,7.9936e-11,Torr,15.large_stm_connectingPort,spray,15.large_stm_connectingPort/MassSpecData-02115-20261006-174243.csv,2026-10-06 17:29:29.326,13.785466666666668
2026-10-06 17:43:16.663,8.8266e-11,Torr,15.large_stm_connectingPort,spray,15.large_stm_connectingPort/MassSpecData-02115-20261006-174243.csv,2026-10-06 17:29:29.326,13.78895
2026-10-06 17:43:16.871,8.7582e-11,Torr,15.large_stm_connectingPort,spray,15.large_stm_connectingPort/MassSpecData-02115-20261006-174243.csv,2026-10-06 17:29:29.326,13.792416666666666
2026-10-06 17:43:17.079,8.3092e-11,Torr,15.large_stm_connectingPort,spray,15.large_stm_connectingPort/MassSpecData-02115-20261006-174243.csv,2026-10-06 17:29:29.326,13.795883333333334
2026-10-06 17:43:17.288,8.3079e-11,Torr,15.large_stm_connectingPort,spray,15.large_stm_connectingPort/MassSpecData-02115-20261006-174243.csv,2026-10-06 17:29:29.326,13.799366666666666
2026-10-06 17:43:17.496,6.9416e-11,Torr,15.large_stm_connectingPort,spray,15.large_stm_connectingPort/MassSpecData-02115-20261006-174243.csv,2026-10-06 17:29:29.326,13.802833333333332
2026-10-06 17:43:17.704,6.7982e-11,Torr,15.large_stm_connectingPort,spray,15.large_stm_connectingPort/MassSpecData-02115-20261006-174243.csv,2026-10-06 17:29:29.326,13.8063
2026-10-06 17:43:17.913,7.5151e-11,Torr,15.large_stm_connectingPort,spray,15.large_stm_connectingPort/MassSpecData-02115-20261006-174243.csv,2026-10-06 17:29:29.326,13.809783333333334
2026-10-06 17:43:18.121,8.4188e-11,Torr,15.large_stm_connectingPort,spray,15.large_stm_connectingPort/MassSpecData-02115-20261006-174243.csv,2026-10-06 17:29:29.326,13.81325
2026-10-06 17:43:18.329,8.0911e-11,Torr,15.large_stm_connectingPort,spray,15.large_stm_connectingPort/MassSpecData-02115-20261006-174243.csv,2026-10-06 17:29:29.326,13.816716666666668
2026-10-06 17:43:18.538,6.9911e-11,Torr,15.large_stm_connectingPort,spray,15.large_stm_connectingPort/MassSpecData-02115-20261006-174243.csv,2026-10-06 17:29:29.326,13.8202
2026-10-06 17:43:18.746,8.208e-11,Torr,15.large_stm_connectingPort,spray,15.large_stm_connectingPort/MassSpecData-02115-20261006-174243.csv,2026-10-06 17:29:29.326,13.823666666666666
2026-10-06 17:43:18.954,8.6346e-11,Torr,15.large_stm_connectingPort,spray,15.large_stm_connectingPort/MassSpecData-02115-20261006-174243.csv,2026-10-06 17:29:29.326,13.827133333333334
2026-10-06 17:43:19.163,7.5255e-11,Torr,15.large_stm_connectingPort,spray,15.large_stm_connectingPort/MassSpecData-02115-20261006-174243.csv,2026-10-06 17:29:29.326,13.830616666666666
2026-10-06 17:43:19.371,7.079e-11,Torr,15.large_stm_connectingPort,spray,15.large_stm_connectingPort/MassSpecData-02115-20261006-174243.csv,2026-10-06 17:29:29.326,13.834083333333332
2026-10-06 17:43:19.579,9.9302e-11,Torr,15.large_stm_connectingPort,spray,15.large_stm_connectingPort/MassSpecData-02115-20261006-174243.csv,2026-10-06 17:29:29.326,13.83755
2026-10-06 17:43:19.788,8.3549e-11,Torr,15.large_stm_connectingPort,spray,15.large_stm_connectingPort/MassSpecData-02115-20261006-174243.csv,2026-10-06 17:29:29.326,13.841033333333334
2026-10-06 17:43:19.996,8.3699e-11,Torr,15.large_stm_connectingPort,spray,15.large_stm_connectingPort/MassSpecData-02115-20261006-174243.csv,2026-10-06 17:29:29.326,13.8445
2026-10-06 17:43:20.204,8.8727e-11,Torr,15.large_stm_connectingPort,spray,15.large_stm_connectingPort/MassSpecData-02115-20261006-174243.csv,2026-10-06 17:29:29.326,13.847966666666668
2026-10-06 17:43:20.413,7.649e-11,Torr,15.large_stm_connectingPort,spray,15.large_stm_connectingPort/MassSpecData-02115-20261006-174243.csv,2026-10-06 17:29:29.326,13.85145
2026-10-06 17:43:20.621,7.8996e-11,Torr,15.large_stm_connectingPort,spray,15.large_stm_connectingPort/MassSpecData-02115-20261006-174243.csv,2026-10-06 17:29:29.326,13.854916666666666
2026-10-06 17:43:20.829,1.0188e-10,Torr,15.large_stm_connectingPort,spray,15.large_stm_connectingPort/MassSpecData-02115-20261006-174243.csv,2026-10-06 17:29:29.326,13.858383333333334
2026-10-06 17:43:21.038,7.3238e-11,Torr,15.large_stm_connectingPort,spray,15.large_stm_connectingPort/MassSpecData-02115-20261006-174243.csv,2026-10-06 17:29:29.326,13.861866666666666
2026-10-06 17:43:21.246,9.0329e-11,Torr,15.large_stm_connectingPort,spray,15.large_stm_connectingPort/MassSpecData-02115-20261006-174243.csv,2026-10-06 17:29:29.326,13.865333333333332
2026-10-06 17:43:21.455,8.0161e-11,Torr,15.large_stm_connectingPort,spray,15.large_stm_connectingPort/MassSpecData-02115-20261006-174243.csv,2026-10-06 17:29:29.326,13.868816666666667
2026-10-06 17:43:21.663,9.2109e-11,Torr,15.large_stm_connectingPort,spray,15.large_stm_connectingPort/MassSpecData-02115-20261006-174243.csv,2026-10-06 17:29:29.326,13.872283333333334
2026-10-06 17:43:21.871,9.029e-11,Torr,15.large_stm_connectingPort,spray,15.large_stm_connectingPort/MassSpecData-02115-20261006-174243.csv,2026-10-06 17:29:29.326,13.87575
2026-10-06 17:43:22.080,7.6498e-11,Torr,15.large_stm_connectingPort,spray,15.large_stm_connectingPort/MassSpecData-02115-20261006-174243.csv,2026-10-06 17:29:29.326,13.879233333333334
2026-10-06 17:43:22.288,8.5126e-11,Torr,15.large_stm_connectingPort,spray,15.large_stm_connectingPort/MassSpecData-02115-20261006-174243.csv,2026-10-06 17:29:29.326,13.8827
2026-10-06 17:43:22.496,7.5924e-11,Torr,15.large_stm_connectingPort,spray,15.large_stm_connectingPort/MassSpecData-02115-20261006-174243.csv,2026-10-06 17:29:29.326,13.886166666666666
2026-10-06 17:43:22.705,7.0184e-11,Torr,15.large_stm_connectingPort,spray,15.large_stm_connectingPort/MassSpecData-02115-20261006-174243.csv,2026-10-06 17:29:29.326,13.88965
2026-10-06 17:43:22.913,8.3704e-11,Torr,15.large_stm_connectingPort,spray,15.large_stm_connectingPort/MassSpecData-02115-20261006-174243.csv,2026-10-06 17:29:29.326,13.893116666666666
2026-10-06 17:43:23.121,7.9576e-11,Torr,15.large_stm_connectingPort,spray,15.large_stm_connectingPort/MassSpecData-02115-20261006-174243.csv,2026-10-06 17:29:29.326,13.896583333333332
2026-10-06 17:43:23.330,7.3463e-11,Torr,15.large_stm_connectingPort,spray,15.large_stm_connectingPort/MassSpecData-02115-20261006-174243.csv,2026-10-06 17:29:29.326,13.900066666666667
2026-10-06 17:43:23.538,8.018e-11,Torr,15.large_stm_connectingPort,spray,15.large_stm_connectingPort/MassSpecData-02115-20261006-174243.csv,2026-10-06 17:29:29.326,13.903533333333334
2026-10-06 17:43:23.746,8.0725e-11,Torr,15.large_stm_connectingPort,spray,15.large_stm_connectingPort/MassSpecData-02115-20261006-174243.csv,2026-10-06 17:29:29.326,13.907
2026-10-06 17:43:23.955,7.3033e-11,Torr,15.large_stm_connectingPort,spray,15.large_stm_connectingPort/MassSpecData-02115-20261006-174243.csv,2026-10-06 17:29:29.326,13.910483333333334
2026-10-06 17:43:24.163,6.806e-11,Torr,15.large_stm_connectingPort,spray,15.large_stm_connectingPort/MassSpecData-02115-20261006-174243.csv,2026-10-06 17:29:29.326,13.91395
2026-10-06 17:43:24.371,7.0763e-11,Torr,15.large_stm_connectingPort,spray,15.large_stm_connectingPort/MassSpecData-02115-20261006-174243.csv,2026-10-06 17:29:29.326,13.917416666666666
2026-10-06 17:43:24.580,7.9405e-11,Torr,15.large_stm_connectingPort,spray,15.large_stm_connectingPort/MassSpecData-02115-20261006-174243.csv,2026-10-06 17:29:29.326,13.9209
2026-10-06 17:43:24.788,8.833e-11,Torr,15.large_stm_connectingPort,spray,15.large_stm_connectingPort/MassSpecData-02115-20261006-174243.csv,2026-10-06 17:29:29.326,13.924366666666666
2026-10-06 17:43:24.996,9.4014e-11,Torr,15.large_stm_connectingPort,spray,15.large_stm_connectingPort/MassSpecData-02115-20261006-174243.csv,2026-10-06 17:29:29.326,13.927833333333332
2026-10-06 17:43:25.336,6.5219e-11,Torr,15.large_stm_connectingPort,spray,15.large_stm_connectingPort/MassSpecData-02115-20261006-174325.csv,2026-10-06 17:29:29.326,13.9335
2026-10-06 17:43:25.544,8.5523e-11,Torr,15.large_stm_connectingPort,spray,15.large_stm_connectingPort/MassSpecData-02115-20261006-174325.csv,2026-10-06 17:29:29.326,13.936966666666667
2026-10-06 17:43:25.753,6.8423e-11,Torr,15.large_stm_connectingPort,spray,15.large_stm_connectingPort/MassSpecData-02115-20261006-174325.csv,2026-10-06 17:29:29.326,13.94045
2026-10-06 17:43:25.961,7.2758e-11,Torr,15.large_stm_connectingPort,spray,15.large_stm_connectingPort/MassSpecData-02115-20261006-174325.csv,2026-10-06 17:29:29.326,13.943916666666667
2026-10-06 17:43:26.169,8.0357e-11,Torr,15.large_stm_connectingPort,spray,15.large_stm_connectingPort/MassSpecData-02115-20261006-174325.csv,2026-10-06 17:29:29.326,13.947383333333333
2026-10-06 17:43:26.378,7.5712e-11,Torr,15.large_stm_connectingPort,spray,15.large_stm_connectingPort/MassSpecData-02115-20261006-174325.csv,2026-10-06 17:29:29.326,13.950866666666666
2026-10-06 17:43:26.586,9.3596e-11,Torr,15.large_stm_connectingPort,spray,15.large_stm_connectingPort/MassSpecData-02115-20261006-174325.csv,2026-10-06 17:29:29.326,13.954333333333333
2026-10-06 17:43:26.794,9.7684e-11,Torr,15.large_stm_connectingPort,spray,15.large_stm_connectingPort/MassSpecData-02115-20261006-174325.csv,2026-10-06 17:29:29.326,13.957799999999999
2026-10-06 17:43:27.002,9.7348e-11,Torr,15.large_stm_connectingPort,spray,15.large_stm_connectingPort/MassSpecData-02115-20261006-174325.csv,2026-10-06 17:29:29.326,13.961266666666667
2026-10-06 17:43:27.211,9.6491e-11,Torr,15.large_stm_connectingPort,spray,15.large_stm_connectingPort/MassSpecData-02115-20261006-174325.csv,2026-10-06 17:29:29.326,13.96475
2026-10-06 17:43:27.419,7.5864e-11,Torr,15.large_stm_connectingPort,spray,15.large_stm_connectingPort/MassSpecData-02115-20261006-174325.csv,2026-10-06 17:29:29.326,13.968216666666667
2026-10-06 17:43:27.628,7.1384e-11,Torr,15.large_stm_connectingPort,spray,15.large_stm_connectingPort/MassSpecData-02115-20261006-174325.csv,2026-10-06 17:29:29.326,13.9717
2026-10-06 17:43:27.836,8.1637e-11,Torr,15.large_stm_connectingPort,spray,15.large_stm_connectingPort/MassSpecData-02115-20261006-174325.csv,2026-10-06 17:29:29.326,13.975166666666667
2026-10-06 17:43:28.044,9.9718e-11,Torr,15.large_stm_connectingPort,spray,15.large_stm_connectingPort/MassSpecData-02115-20261006-174325.csv,2026-10-06 17:29:29.326,13.978633333333333
2026-10-06 17:43:28.253,6.526e-11,Torr,15.large_stm_connectingPort,spray,15.large_stm_connectingPort/MassSpecData-02115-20261006-174325.csv,2026-10-06 17:29:29.326,13.982116666666666
2026-10-06 17:43:28.461,7.4799e-11,Torr,15.large_stm_connectingPort,spray,15.large_stm_connectingPort/MassSpecData-02115-20261006-174325.csv,2026-10-06 17:29:29.326,13.985583333333333
2026-10-06 17:43:28.669,7.4642e-11,Torr,15.large_stm_connectingPort,spray,15.large_stm_connectingPort/MassSpecData-02115-20261006-174325.csv,2026-10-06 17:29:29.326,13.989049999999999
2026-10-06 17:43:28.878,8.098e-11,Torr,15.large_stm_connectingPort,spray,15.large_stm_connectingPort/MassSpecData-02115-20261006-174325.csv,2026-10-06 17:29:29.326,13.992533333333334
2026-10-06 17:43:29.086,6.9835e-11,Torr,15.large_stm_connectingPort,spray,15.large_stm_connectingPort/MassSpecData-02115-20261006-174325.csv,2026-10-06 17:29:29.326,13.996
2026-10-06 17:43:29.294,8.1887e-11,Torr,15.large_stm_connectingPort,spray,15.large_stm_connectingPort/MassSpecData-02115-20261006-174325.csv,2026-10-06 17:29:29.326,13.999466666666667
2026-10-06 17:43:29.503,6.8821e-11,Torr,15.large_stm_connectingPort,spray,15.large_stm_connectingPort/MassSpecData-02115-20261006-174325.csv,2026-10-06 17:29:29.326,14.00295
2026-10-06 17:43:29.711,7.8278e-11,Torr,15.large_stm_connectingPort,spray,15.large_stm_connectingPort/MassSpecData-02115-20261006-174325.csv,2026-10-06 17:29:29.326,14.006416666666667
2026-10-06 17:43:29.919,7.5777e-11,Torr,15.large_stm_connectingPort,spray,15.large_stm_connectingPort/MassSpecData-02115-20261006-174325.csv,2026-10-06 17:29:29.326,14.009883333333333
2026-10-06 17:43:30.128,7.8557e-11,Torr,15.large_stm_connectingPort,spray,15.large_stm_connectingPort/MassSpecData-02115-20261006-174325.csv,2026-10-06 17:29:29.326,14.013366666666666
2026-10-06 17:43:30.336,9.1067e-11,Torr,15.large_stm_connectingPort,spray,15.large_stm_connectingPort/MassSpecData-02115-20261006-174325.csv,2026-10-06 17:29:29.326,14.016833333333333
2026-10-06 17:43:30.544,8.2866e-11,Torr,15.large_stm_connectingPort,spray,15.large_stm_connectingPort/MassSpecData-02115-20261006-174325.csv,2026-10-06 17:29:29.326,14.020299999999999
2026-10-06 17:43:30.752,7.0757e-11,Torr,15.large_stm_connectingPort,spray,15.large_stm_connectingPort/MassSpecData-02115-20261006-174325.csv,2026-10-06 17:29:29.326,14.023766666666667
2026-10-06 17:43:30.961,7.4562e-11,Torr,15.large_stm_connectingPort,spray,15.large_stm_connectingPort/MassSpecData-02115-20261006-174325.csv,2026-10-06 17:29:29.326,14.02725
2026-10-06 17:43:31.169,8.7384e-11,Torr,15.large_stm_connectingPort,spray,15.large_stm_connectingPort/MassSpecData-02115-20261006-174325.csv,2026-10-06 17:29:29.326,14.030716666666667
2026-10-06 17:43:31.377,8.0303e-11,Torr,15.large_stm_connectingPort,spray,15.large_stm_connectingPort/MassSpecData-02115-20261006-174325.csv,2026-10-06 17:29:29.326,14.034183333333335
2026-10-06 17:43:31.586,8.473e-11,Torr,15.large_stm_connectingPort,spray,15.large_stm_connectingPort/MassSpecData-02115-20261006-174325.csv,2026-10-06 17:29:29.326,14.037666666666667
2026-10-06 17:43:31.794,9.6921e-11,Torr,15.large_stm_connectingPort,spray,15.large_stm_connectingPort/MassSpecData-02115-20261006-174325.csv,2026-10-06 17:29:29.326,14.041133333333333
2026-10-06 17:43:32.002,7.8768e-11,Torr,15.large_stm_connectingPort,spray,15.large_stm_connectingPort/MassSpecData-02115-20261006-174325.csv,2026-10-06 17:29:29.326,14.0446
2026-10-06 17:43:32.211,7.9014e-11,Torr,15.large_stm_connectingPort,spray,15.large_stm_connectingPort/MassSpecData-02115-20261006-174325.csv,2026-10-06 17:29:29.326,14.048083333333333
2026-10-06 17:43:32.419,7.322e-11,Torr,15.large_stm_connectingPort,spray,15.large_stm_connectingPort/MassSpecData-02115-20261006-174325.csv,2026-10-06 17:29:29.326,14.051549999999999
2026-10-06 17:43:32.627,8.8861e-11,Torr,15.large_stm_connectingPort,spray,15.large_stm_connectingPort/MassSpecData-02115-20261006-174325.csv,2026-10-06 17:29:29.326,14.055016666666667
2026-10-06 17:43:32.836,8.9297e-11,Torr,15.large_stm_connectingPort,spray,15.large_stm_connectingPort/MassSpecData-02115-20261006-174325.csv,2026-10-06 17:29:29.326,14.0585
2026-10-06 17:43:33.044,7.9539e-11,Torr,15.large_stm_connectingPort,spray,15.large_stm_connectingPort/MassSpecData-02115-20261006-174325.csv,2026-10-06 17:29:29.326,14.061966666666667
2026-10-06 17:43:33.252,6.6684e-11,Torr,15.large_stm_connectingPort,spray,15.large_stm_connectingPort/MassSpecData-02115-20261006-174325.csv,2026-10-06 17:29:29.326,14.065433333333335
2026-10-06 17:43:33.461,8.9422e-11,Torr,15.large_stm_connectingPort,spray,15.large_stm_connectingPort/MassSpecData-02115-20261006-174325.csv,2026-10-06 17:29:29.326,14.068916666666667
2026-10-06 17:43:33.669,9.3921e-11,Torr,15.large_stm_connectingPort,spray,15.large_stm_connectingPort/MassSpecData-02115-20261006-174325.csv,2026-10-06 17:29:29.326,14.072383333333333
2026-10-06 17:43:33.877,8.5524e-11,Torr,15.large_stm_connectingPort,spray,15.large_stm_connectingPort/MassSpecData-02115-20261006-174325.csv,2026-10-06 17:29:29.326,14.07585
2026-10-06 17:43:34.086,7.51e-11,Torr,15.large_stm_connectingPort,spray,15.large_stm_connectingPort/MassSpecData-02115-20261006-174325.csv,2026-10-06 17:29:29.326,14.079333333333333
2026-10-06 17:43:34.294,8.8938e-11,Torr,15.large_stm_connectingPort,spray,15.large_stm_connectingPort/MassSpecData-02115-20261006-174325.csv,2026-10-06 17:29:29.326,14.082799999999999
2026-10-06 17:43:34.503,8.5486e-11,Torr,15.large_stm_connectingPort,spray,15.large_stm_connectingPort/MassSpecData-02115-20261006-174325.csv,2026-10-06 17:29:29.326,14.086283333333334
2026-10-06 17:43:34.711,8.3341e-11,Torr,15.large_stm_connectingPort,spray,15.large_stm_connectingPort/MassSpecData-02115-20261006-174325.csv,2026-10-06 17:29:29.326,14.08975
2026-10-06 17:43:34.919,8.2366e-11,Torr,15.large_stm_connectingPort,spray,15.large_stm_connectingPort/MassSpecData-02115-20261006-174325.csv,2026-10-06 17:29:29.326,14.093216666666667
2026-10-06 17:43:35.128,7.6343e-11,Torr,15.large_stm_connectingPort,spray,15.large_stm_connectingPort/MassSpecData-02115-20261006-174325.csv,2026-10-06 17:29:29.326,14.0967
2026-10-06 17:43:35.336,7.7284e-11,Torr,15.large_stm_connectingPort,spray,15.large_stm_connectingPort/MassSpecData-02115-20261006-174325.csv,2026-10-06 17:29:29.326,14.100166666666667
2026-10-06 17:43:35.544,7.8401e-11,Torr,15.large_stm_connectingPort,spray,15.large_stm_connectingPort/MassSpecData-02115-20261006-174325.csv,2026-10-06 17:29:29.326,14.103633333333333
2026-10-06 17:43:35.753,9.7081e-11,Torr,15.large_stm_connectingPort,spray,15.large_stm_connectingPort/MassSpecData-02115-20261006-174325.csv,2026-10-06 17:29:29.326,14.107116666666666
2026-10-06 17:43:35.961,7.2746e-11,Torr,15.large_stm_connectingPort,spray,15.large_stm_connectingPort/MassSpecData-02115-20261006-174325.csv,2026-10-06 17:29:29.326,14.110583333333333
2026-10-06 17:43:36.169,6.9103e-11,Torr,15.large_stm_connectingPort,spray,15.large_stm_connectingPort/MassSpecData-02115-20261006-174325.csv,2026-10-06 17:29:29.326,14.114049999999999
2026-10-06 17:43:36.378,7.6912e-11,Torr,15.large_stm_connectingPort,spray,15.large_stm_connectingPort/MassSpecData-02115-20261006-174325.csv,2026-10-06 17:29:29.326,14.117533333333334
2026-10-06 17:43:36.586,8.9385e-11,Torr,15.large_stm_connectingPort,spray,15.large_stm_connectingPort/MassSpecData-02115-20261006-174325.csv,2026-10-06 17:29:29.326,14.121
2026-10-06 17:43:36.794,8.5871e-11,Torr,15.large_stm_connectingPort,spray,15.large_stm_connectingPort/MassSpecData-02115-20261006-174325.csv,2026-10-06 17:29:29.326,14.124466666666667
2026-10-06 17:43:37.003,8.8173e-11,Torr,15.large_stm_connectingPort,spray,15.large_stm_connectingPort/MassSpecData-02115-20261006-174325.csv,2026-10-06 17:29:29.326,14.12795
2026-10-06 17:43:37.211,9.8267e-11,Torr,15.large_stm_connectingPort,spray,15.large_stm_connectingPort/MassSpecData-02115-20261006-174325.csv,2026-10-06 17:29:29.326,14.131416666666667
2026-10-06 17:43:37.419,8.6995e-11,Torr,15.large_stm_connectingPort,spray,15.large_stm_connectingPort/MassSpecData-02115-20261006-174325.csv,2026-10-06 17:29:29.326,14.134883333333333
2026-10-06 17:43:37.628,7.5318e-11,Torr,15.large_stm_connectingPort,spray,15.large_stm_connectingPort/MassSpecData-02115-20261006-174325.csv,2026-10-06 17:29:29.326,14.138366666666666
2026-10-06 17:43:37.836,8.9777e-11,Torr,15.large_stm_connectingPort,spray,15.large_stm_connectingPort/MassSpecData-02115-20261006-174325.csv,2026-10-06 17:29:29.326,14.141833333333333
2026-10-06 17:43:38.044,8.414e-11,Torr,15.large_stm_connectingPort,spray,15.large_stm_connectingPort/MassSpecData-02115-20261006-174325.csv,2026-10-06 17:29:29.326,14.145299999999999
2026-10-06 17:43:38.253,7.4919e-11,Torr,15.large_stm_connectingPort,spray,15.large_stm_connectingPort/MassSpecData-02115-20261006-174325.csv,2026-10-06 17:29:29.326,14.148783333333334
2026-10-06 17:43:38.461,8.1535e-11,Torr,15.large_stm_connectingPort,spray,15.large_stm_connectingPort/MassSpecData-02115-20261006-174325.csv,2026-10-06 17:29:29.326,14.15225
2026-10-06 17:43:38.669,9.0502e-11,Torr,15.large_stm_connectingPort,spray,15.large_stm_connectingPort/MassSpecData-02115-20261006-174325.csv,2026-10-06 17:29:29.326,14.155716666666667
2026-10-06 17:43:38.878,8.0696e-11,Torr,15.large_stm_connectingPort,spray,15.large_stm_connectingPort/MassSpecData-02115-20261006-174325.csv,2026-10-06 17:29:29.326,14.1592
2026-10-06 17:43:39.086,8.7072e-11,Torr,15.large_stm_connectingPort,spray,15.large_stm_connectingPort/MassSpecData-02115-20261006-174325.csv,2026-10-06 17:29:29.326,14.162666666666667
2026-10-06 17:43:39.294,8.2064e-11,Torr,15.large_stm_connectingPort,spray,15.large_stm_connectingPort/MassSpecData-02115-20261006-174325.csv,2026-10-06 17:29:29.326,14.166133333333333
2026-10-06 17:43:39.503,8.6265e-11,Torr,15.large_stm_connectingPort,spray,15.large_stm_connectingPort/MassSpecData-02115-20261006-174325.csv,2026-10-06 17:29:29.326,14.169616666666666
2026-10-06 17:43:39.711,8.3316e-11,Torr,15.large_stm_connectingPort,spray,15.large_stm_connectingPort/MassSpecData-02115-20261006-174325.csv,2026-10-06 17:29:29.326,14.173083333333333
2026-10-06 17:43:39.919,8.2819e-11,Torr,15.large_stm_connectingPort,spray,15.large_stm_connectingPort/MassSpecData-02115-20261006-174325.csv,2026-10-06 17:29:29.326,14.176549999999999
2026-10-06 17:43:40.128,7.7317e-11,Torr,15.large_stm_connectingPort,spray,15.large_stm_connectingPort/MassSpecData-02115-20261006-174325.csv,2026-10-06 17:29:29.326,14.180033333333334
2026-10-06 17:43:40.336,8.1765e-11,Torr,15.large_stm_connectingPort,spray,15.large_stm_connectingPort/MassSpecData-02115-20261006-174325.csv,2026-10-06 17:29:29.326,14.1835
2026-10-06 17:43:40.544,7.3704e-11,Torr,15.large_stm_connectingPort,spray,15.large_stm_connectingPort/MassSpecData-02115-20261006-174325.csv,2026-10-06 17:29:29.326,14.186966666666667
2026-10-06 17:43:40.753,9.3079e-11,Torr,15.large_stm_connectingPort,spray,15.large_stm_connectingPort/MassSpecData-02115-20261006-174325.csv,2026-10-06 17:29:29.326,14.19045
2026-10-06 17:43:40.961,8.8451e-11,Torr,15.large_stm_connectingPort,spray,15.large_stm_connectingPort/MassSpecData-02115-20261006-174325.csv,2026-10-06 17:29:29.326,14.193916666666667
2026-10-06 17:43:41.169,8.2728e-11,Torr,15.large_stm_connectingPort,spray,15.large_stm_connectingPort/MassSpecData-02115-20261006-174325.csv,2026-10-06 17:29:29.326,14.197383333333333
2026-10-06 17:43:41.378,9.4153e-11,Torr,15.large_stm_connectingPort,spray,15.large_stm_connectingPort/MassSpecData-02115-20261006-174325.csv,2026-10-06 17:29:29.326,14.200866666666666
2026-10-06 17:43:41.586,8.2692e-11,Torr,15.large_stm_connectingPort,spray,15.large_stm_connectingPort/MassSpecData-02115-20261006-174325.csv,2026-10-06 17:29:29.326,14.204333333333333
2026-10-06 17:43:41.794,8.236e-11,Torr,15.large_stm_connectingPort,spray,15.large_stm_connectingPort/MassSpecData-02115-20261006-174325.csv,2026-10-06 17:29:29.326,14.207799999999999
2026-10-06 17:43:42.003,7.7426e-11,Torr,15.large_stm_connectingPort,spray,15.large_stm_connectingPort/MassSpecData-02115-20261006-174325.csv,2026-10-06 17:29:29.326,14.211283333333334
2026-10-06 17:43:42.211,7.5073e-11,Torr,15.large_stm_connectingPort,spray,15.large_stm_connectingPort/MassSpecData-02115-20261006-174325.csv,2026-10-06 17:29:29.326,14.21475
2026-10-06 17:43:42.419,8.2012e-11,Torr,15.large_stm_connectingPort,spray,15.large_stm_connectingPort/MassSpecData-02115-20261006-174325.csv,2026-10-06 17:29:29.326,14.218216666666667
2026-10-06 17:43:42.628,7.6196e-11,Torr,15.large_stm_connectingPort,spray,15.large_stm_connectingPort/MassSpecData-02115-20261006-174325.csv,2026-10-06 17:29:29.326,14.2217
2026-10-06 17:43:42.836,7.4103e-11,Torr,15.large_stm_connectingPort,spray,15.large_stm_connectingPort/MassSpecData-02115-20261006-174325.csv,2026-10-06 17:29:29.326,14.225166666666667
2026-10-06 17:43:43.044,8.639e-11,Torr,15.large_stm_connectingPort,spray,15.large_stm_connectingPort/MassSpecData-02115-20261006-174325.csv,2026-10-06 17:29:29.326,14.228633333333333
2026-10-06 17:43:43.253,7.3273e-11,Torr,15.large_stm_connectingPort,spray,15.large_stm_connectingPort/MassSpecData-02115-20261006-174325.csv,2026-10-06 17:29:29.326,14.232116666666666
2026-10-06 17:43:43.461,7.6948e-11,Torr,15.large_stm_connectingPort,spray,15.large_stm_connectingPort/MassSpecData-02115-20261006-174325.csv,2026-10-06 17:29:29.326,14.235583333333333
2026-10-06 17:43:43.669,7.9587e-11,Torr,15.large_stm_connectingPort,spray,15.large_stm_connectingPort/MassSpecData-02115-20261006-174325.csv,2026-10-06 17:29:29.326,14.239049999999999
2026-10-06 17:43:43.878,8.2825e-11,Torr,15.large_stm_connectingPort,spray,15.large_stm_connectingPort/MassSpecData-02115-20261006-174325.csv,2026-10-06 17:29:29.326,14.242533333333334
2026-10-06 17:43:44.086,7.6858e-11,Torr,15.large_stm_connectingPort,spray,15.large_stm_connectingPort/MassSpecData-02115-20261006-174325.csv,2026-10-06 17:29:29.326,14.246
2026-10-06 17:43:44.294,7.3362e-11,Torr,15.large_stm_connectingPort,spray,15.large_stm_connectingPort/MassSpecData-02115-20261006-174325.csv,2026-10-06 17:29:29.326,14.249466666666667
2026-10-06 17:43:44.503,8.4308e-11,Torr,15.large_stm_connectingPort,spray,15.large_stm_connectingPort/MassSpecData-02115-20261006-174325.csv,2026-10-06 17:29:29.326,14.25295
2026-10-06 17:43:44.711,9.5365e-11,Torr,15.large_stm_connectingPort,spray,15.large_stm_connectingPort/MassSpecData-02115-20261006-174325.csv,2026-10-06 17:29:29.326,14.256416666666667
2026-10-06 17:43:44.919,8.3536e-11,Torr,15.large_stm_connectingPort,spray,15.large_stm_connectingPort/MassSpecData-02115-20261006-174325.csv,2026-10-06 17:29:29.326,14.259883333333333
2026-10-06 17:43:45.127,8.512e-11,Torr,15.large_stm_connectingPort,spray,15.large_stm_connectingPort/MassSpecData-02115-20261006-174325.csv,2026-10-06 17:29:29.326,14.26335
2026-10-06 17:43:45.336,9.8001e-11,Torr,15.large_stm_connectingPort,spray,15.large_stm_connectingPort/MassSpecData-02115-20261006-174325.csv,2026-10-06 17:29:29.326,14.266833333333333
2026-10-06 17:43:45.544,7.9989e-11,Torr,15.large_stm_connectingPort,spray,15.large_stm_connectingPort/MassSpecData-02115-20261006-174325.csv,2026-10-06 17:29:29.326,14.270299999999999
2026-10-06 17:43:45.752,8.6913e-11,Torr,15.large_stm_connectingPort,spray,15.large_stm_connectingPort/MassSpecData-02115-20261006-174325.csv,2026-10-06 17:29:29.326,14.273766666666667
2026-10-06 17:43:45.961,8.5607e-11,Torr,15.large_stm_connectingPort,spray,15.large_stm_connectingPort/MassSpecData-02115-20261006-174325.csv,2026-10-06 17:29:29.326,14.27725
2026-10-06 17:43:46.169,8.1937e-11,Torr,15.large_stm_connectingPort,spray,15.large_stm_connectingPort/MassSpecData-02115-20261006-174325.csv,2026-10-06 17:29:29.326,14.280716666666667
2026-10-06 17:43:46.377,8.396e-11,Torr,15.large_stm_connectingPort,spray,15.large_stm_connectingPort/MassSpecData-02115-20261006-174325.csv,2026-10-06 17:29:29.326,14.284183333333335
2026-10-06 17:43:46.586,7.8455e-11,Torr,15.large_stm_connectingPort,spray,15.large_stm_connectingPort/MassSpecData-02115-20261006-174325.csv,2026-10-06 17:29:29.326,14.287666666666667
2026-10-06 17:43:46.794,6.4602e-11,Torr,15.large_stm_connectingPort,spray,15.large_stm_connectingPort/MassSpecData-02115-20261006-174325.csv,2026-10-06 17:29:29.326,14.291133333333333
2026-10-06 17:43:47.002,7.559e-11,Torr,15.large_stm_connectingPort,spray,15.large_stm_connectingPort/MassSpecData-02115-20261006-174325.csv,2026-10-06 17:29:29.326,14.2946
2026-10-06 17:43:47.211,8.7416e-11,Torr,15.large_stm_connectingPort,spray,15.large_stm_connectingPort/MassSpecData-02115-20261006-174325.csv,2026-10-06 17:29:29.326,14.298083333333333
2026-10-06 17:43:47.419,7.8017e-11,Torr,15.large_stm_connectingPort,spray,15.large_stm_connectingPort/MassSpecData-02115-20261006-174325.csv,2026-10-06 17:29:29.326,14.301549999999999
2026-10-06 17:43:47.627,8.2431e-11,Torr,15.large_stm_connectingPort,spray,15.large_stm_connectingPort/MassSpecData-02115-20261006-174325.csv,2026-10-06 17:29:29.326,14.305016666666667
2026-10-06 17:43:47.836,8.3261e-11,Torr,15.large_stm_connectingPort,spray,15.large_stm_connectingPort/MassSpecData-02115-20261006-174325.csv,2026-10-06 17:29:29.326,14.3085
2026-10-06 17:43:48.044,8.5599e-11,Torr,15.large_stm_connectingPort,spray,15.large_stm_connectingPort/MassSpecData-02115-20261006-174325.csv,2026-10-06 17:29:29.326,14.311966666666667
2026-10-06 17:43:48.252,8.6649e-11,Torr,15.large_stm_connectingPort,spray,15.large_stm_connectingPort/MassSpecData-02115-20261006-174325.csv,2026-10-06 17:29:29.326,14.315433333333335
2026-10-06 17:43:48.461,9.179e-11,Torr,15.large_stm_connectingPort,spray,15.large_stm_connectingPort/MassSpecData-02115-20261006-174325.csv,2026-10-06 17:29:29.326,14.318916666666667
2026-10-06 17:43:48.669,9.27e-11,Torr,15.large_stm_connectingPort,spray,15.large_stm_connectingPort/MassSpecData-02115-20261006-174325.csv,2026-10-06 17:29:29.326,14.322383333333333
2026-10-06 17:43:48.877,7.3338e-11,Torr,15.large_stm_connectingPort,spray,15.large_stm_connectingPort/MassSpecData-02115-20261006-174325.csv,2026-10-06 17:29:29.326,14.32585
2026-10-06 17:43:49.086,7.0521e-11,Torr,15.large_stm_connectingPort,spray,15.large_stm_connectingPort/MassSpecData-02115-20261006-174325.csv,2026-10-06 17:29:29.326,14.329333333333333
2026-10-06 17:43:49.294,9.7615e-11,Torr,15.large_stm_connectingPort,spray,15.large_stm_connectingPort/MassSpecData-02115-20261006-174325.csv,2026-10-06 17:29:29.326,14.332799999999999
2026-10-06 17:43:49.502,7.2787e-11,Torr,15.large_stm_connectingPort,spray,15.large_stm_connectingPort/MassSpecData-02115-20261006-174325.csv,2026-10-06 17:29:29.326,14.336266666666667
2026-10-06 17:43:49.711,8.7926e-11,Torr,15.large_stm_connectingPort,spray,15.large_stm_connectingPort/MassSpecData-02115-20261006-174325.csv,2026-10-06 17:29:29.326,14.33975
2026-10-06 17:43:49.919,7.5283e-11,Torr,15.large_stm_connectingPort,spray,15.large_stm_connectingPort/MassSpecData-02115-20261006-174325.csv,2026-10-06 17:29:29.326,14.343216666666667
2026-10-06 17:43:50.127,8.4995e-11,Torr,15.large_stm_connectingPort,spray,15.large_stm_connectingPort/MassSpecData-02115-20261006-174325.csv,2026-10-06 17:29:29.326,14.346683333333335
2026-10-06 17:43:50.336,6.9253e-11,Torr,15.large_stm_connectingPort,spray,15.large_stm_connectingPort/MassSpecData-02115-20261006-174325.csv,2026-10-06 17:29:29.326,14.350166666666667
2026-10-06 17:43:50.544,9.3318e-11,Torr,15.large_stm_connectingPort,spray,15.large_stm_connectingPort/MassSpecData-02115-20261006-174325.csv,2026-10-06 17:29:29.326,14.353633333333333
2026-10-06 17:43:50.752,6.2968e-11,Torr,15.large_stm_connectingPort,spray,15.large_stm_connectingPort/MassSpecData-02115-20261006-174325.csv,2026-10-06 17:29:29.326,14.3571
2026-10-06 17:43:50.961,7.3584e-11,Torr,15.large_stm_connectingPort,spray,15.large_stm_connectingPort/MassSpecData-02115-20261006-174325.csv,2026-10-06 17:29:29.326,14.360583333333333
2026-10-06 17:43:51.169,9.878e-11,Torr,15.large_stm_connectingPort,spray,15.large_stm_connectingPort/MassSpecData-02115-20261006-174325.csv,2026-10-06 17:29:29.326,14.364049999999999
2026-10-06 17:43:51.377,6.5655e-11,Torr,15.large_stm_connectingPort,spray,15.large_stm_connectingPort/MassSpecData-02115-20261006-174325.csv,2026-10-06 17:29:29.326,14.367516666666667
2026-10-06 17:43:51.586,6.7436e-11,Torr,15.large_stm_connectingPort,spray,15.large_stm_connectingPort/MassSpecData-02115-20261006-174325.csv,2026-10-06 17:29:29.326,14.371
2026-10-06 17:43:51.794,7.8248e-11,Torr,15.large_stm_connectingPort,spray,15.large_stm_connectingPort/MassSpecData-02115-20261006-174325.csv,2026-10-06 17:29:29.326,14.374466666666667
2026-10-06 17:43:52.002,7.5504e-11,Torr,15.large_stm_connectingPort,spray,15.large_stm_connectingPort/MassSpecData-02115-20261006-174325.csv,2026-10-06 17:29:29.326,14.377933333333335
2026-10-06 17:43:52.211,7.6375e-11,Torr,15.large_stm_connectingPort,spray,15.large_stm_connectingPort/MassSpecData-02115-20261006-174325.csv,2026-10-06 17:29:29.326,14.381416666666667
2026-10-06 17:43:52.419,7.1927e-11,Torr,15.large_stm_connectingPort,spray,15.large_stm_connectingPort/MassSpecData-02115-20261006-174325.csv,2026-10-06 17:29:29.326,14.384883333333333
2026-10-06 17:43:52.627,7.211e-11,Torr,15.large_stm_connectingPort,spray,15.large_stm_connectingPort/MassSpecData-02115-20261006-174325.csv,2026-10-06 17:29:29.326,14.38835
2026-10-06 17:43:52.836,7.2802e-11,Torr,15.large_stm_connectingPort,spray,15.large_stm_connectingPort/MassSpecData-02115-20261006-174325.csv,2026-10-06 17:29:29.326,14.391833333333333
2026-10-06 17:43:53.044,7.8704e-11,Torr,15.large_stm_connectingPort,spray,15.large_stm_connectingPort/MassSpecData-02115-20261006-174325.csv,2026-10-06 17:29:29.326,14.395299999999999
2026-10-06 17:43:53.252,1.0237e-10,Torr,15.large_stm_connectingPort,spray,15.large_stm_connectingPort/MassSpecData-02115-20261006-174325.csv,2026-10-06 17:29:29.326,14.398766666666667
2026-10-06 17:43:53.461,7.8835e-11,Torr,15.large_stm_connectingPort,spray,15.large_stm_connectingPort/MassSpecData-02115-20261006-174325.csv,2026-10-06 17:29:29.326,14.40225
2026-10-06 17:43:53.669,7.4037e-11,Torr,15.large_stm_connectingPort,spray,15.large_stm_connectingPort/MassSpecData-02115-20261006-174325.csv,2026-10-06 17:29:29.326,14.405716666666667
2026-10-06 17:43:53.877,8.6045e-11,Torr,15.large_stm_connectingPort,spray,15.large_stm_connectingPort/MassSpecData-02115-20261006-174325.csv,2026-10-06 17:29:29.326,14.409183333333335
2026-10-06 17:43:54.086,7.5107e-11,Torr,15.large_stm_connectingPort,spray,15.large_stm_connectingPort/MassSpecData-02115-20261006-174325.csv,2026-10-06 17:29:29.326,14.412666666666667
2026-10-06 17:43:54.294,7.9112e-11,Torr,15.large_stm_connectingPort,spray,15.large_stm_connectingPort/MassSpecData-02115-20261006-174325.csv,2026-10-06 17:29:29.326,14.416133333333333
2026-10-06 17:43:54.502,8.489e-11,Torr,15.large_stm_connectingPort,spray,15.large_stm_connectingPort/MassSpecData-02115-20261006-174325.csv,2026-10-06 17:29:29.326,14.4196
2026-10-06 17:43:54.711,7.8682e-11,Torr,15.large_stm_connectingPort,spray,15.large_stm_connectingPort/MassSpecData-02115-20261006-174325.csv,2026-10-06 17:29:29.326,14.423083333333333
2026-10-06 17:43:54.919,8.5526e-11,Torr,15.large_stm_connectingPort,spray,15.large_stm_connectingPort/MassSpecData-02115-20261006-174325.csv,2026-10-06 17:29:29.326,14.426549999999999
2026-10-06 17:43:55.127,8.4016e-11,Torr,15.large_stm_connectingPort,spray,15.large_stm_connectingPort/MassSpecData-02115-20261006-174325.csv,2026-10-06 17:29:29.326,14.430016666666667
2026-10-06 17:43:55.336,7.8985e-11,Torr,15.large_stm_connectingPort,spray,15.large_stm_connectingPort/MassSpecData-02115-20261006-174325.csv,2026-10-06 17:29:29.326,14.4335
2026-10-06 17:43:55.544,7.5043e-11,Torr,15.large_stm_connectingPort,spray,15.large_stm_connectingPort/MassSpecData-02115-20261006-174325.csv,2026-10-06 17:29:29.326,14.436966666666667
2026-10-06 17:43:55.752,7.6958e-11,Torr,15.large_stm_connectingPort,spray,15.large_stm_connectingPort/MassSpecData-02115-20261006-174325.csv,2026-10-06 17:29:29.326,14.440433333333335
2026-10-06 17:43:55.961,6.466e-11,Torr,15.large_stm_connectingPort,spray,15.large_stm_connectingPort/MassSpecData-02115-20261006-174325.csv,2026-10-06 17:29:29.326,14.443916666666667
2026-10-06 17:43:56.169,6.6518e-11,Torr,15.large_stm_connectingPort,spray,15.large_stm_connectingPort/MassSpecData-02115-20261006-174325.csv,2026-10-06 17:29:29.326,14.447383333333333
2026-10-06 17:43:56.377,7.1633e-11,Torr,15.large_stm_connectingPort,spray,15.large_stm_connectingPort/MassSpecData-02115-20261006-174325.csv,2026-10-06 17:29:29.326,14.45085
2026-10-06 17:43:56.586,6.9752e-11,Torr,15.large_stm_connectingPort,spray,15.large_stm_connectingPort/MassSpecData-02115-20261006-174325.csv,2026-10-06 17:29:29.326,14.454333333333333
2026-10-06 17:43:56.794,6.8464e-11,Torr,15.large_stm_connectingPort,spray,15.large_stm_connectingPort/MassSpecData-02115-20261006-174325.csv,2026-10-06 17:29:29.326,14.457799999999999
2026-10-06 17:43:57.002,9.6729e-11,Torr,15.large_stm_connectingPort,spray,15.large_stm_connectingPort/MassSpecData-02115-20261006-174325.csv,2026-10-06 17:29:29.326,14.461266666666667
2026-10-06 17:43:57.211,9.0397e-11,Torr,15.large_stm_connectingPort,spray,15.large_stm_connectingPort/MassSpecData-02115-20261006-174325.csv,2026-10-06 17:29:29.326,14.46475
2026-10-06 17:43:57.419,8.4872e-11,Torr,15.large_stm_connectingPort,spray,15.large_stm_connectingPort/MassSpecData-02115-20261006-174325.csv,2026-10-06 17:29:29.326,14.468216666666667
2026-10-06 17:43:57.627,7.2252e-11,Torr,15.large_stm_connectingPort,spray,15.large_stm_connectingPort/MassSpecData-02115-20261006-174325.csv,2026-10-06 17:29:29.326,14.471683333333335
2026-10-06 17:43:57.836,7.5495e-11,Torr,15.large_stm_connectingPort,spray,15.large_stm_connectingPort/MassSpecData-02115-20261006-174325.csv,2026-10-06 17:29:29.326,14.475166666666667
2026-10-06 17:43:58.044,7.7793e-11,Torr,15.large_stm_connectingPort,spray,15.large_stm_connectingPort/MassSpecData-02115-20261006-174325.csv,2026-10-06 17:29:29.326,14.478633333333333
2026-10-06 17:43:58.252,8.8465e-11,Torr,15.large_stm_connectingPort,spray,15.large_stm_connectingPort/MassSpecData-02115-20261006-174325.csv,2026-10-06 17:29:29.326,14.4821
2026-10-06 17:43:58.461,8.4696e-11,Torr,15.large_stm_connectingPort,spray,15.large_stm_connectingPort/MassSpecData-02115-20261006-174325.csv,2026-10-06 17:29:29.326,14.485583333333333
2026-10-06 17:43:58.669,1.0073e-10,Torr,15.large_stm_connectingPort,spray,15.large_stm_connectingPort/MassSpecData-02115-20261006-174325.csv,2026-10-06 17:29:29.326,14.489049999999999
2026-10-06 17:43:58.877,6.9985e-11,Torr,15.large_stm_connectingPort,spray,15.large_stm_connectingPort/MassSpecData-02115-20261006-174325.csv,2026-10-06 17:29:29.326,14.492516666666667
2026-10-06 17:43:59.086,6.9442e-11,Torr,15.large_stm_connectingPort,spray,15.large_stm_connectingPort/MassSpecData-02115-20261006-174325.csv,2026-10-06 17:29:29.326,14.496
2026-10-06 17:43:59.294,7.6064e-11,Torr,15.large_stm_connectingPort,spray,15.large_stm_connectingPort/MassSpecData-02115-20261006-174325.csv,2026-10-06 17:29:29.326,14.499466666666667
2026-10-06 17:43:59.502,9.1144e-11,Torr,15.large_stm_connectingPort,spray,15.large_stm_connectingPort/MassSpecData-02115-20261006-174325.csv,2026-10-06 17:29:29.326,14.502933333333335
2026-10-06 17:43:59.711,7.4892e-11,Torr,15.large_stm_connectingPort,spray,15.large_stm_connectingPort/MassSpecData-02115-20261006-174325.csv,2026-10-06 17:29:29.326,14.506416666666667
2026-10-06 17:43:59.919,7.4585e-11,Torr,15.large_stm_connectingPort,spray,15.large_stm_connectingPort/MassSpecData-02115-20261006-174325.csv,2026-10-06 17:29:29.326,14.509883333333333
2026-10-06 17:44:00.127,8.9061e-11,Torr,15.large_stm_connectingPort,spray,15.large_stm_connectingPort/MassSpecData-02115-20261006-174325.csv,2026-10-06 17:29:29.326,14.51335
2026-10-06 17:44:00.336,6.5396e-11,Torr,15.large_stm_connectingPort,spray,15.large_stm_connectingPort/MassSpecData-02115-20261006-174325.csv,2026-10-06 17:29:29.326,14.516833333333333
2026-10-06 17:44:00.544,8.4853e-11,Torr,15.large_stm_connectingPort,spray,15.large_stm_connectingPort/MassSpecData-02115-20261006-174325.csv,2026-10-06 17:29:29.326,14.520299999999999
2026-10-06 17:44:00.752,7.6688e-11,Torr,15.large_stm_connectingPort,spray,15.large_stm_connectingPort/MassSpecData-02115-20261006-174325.csv,2026-10-06 17:29:29.326,14.523766666666667
2026-10-06 17:44:00.961,7.1333e-11,Torr,15.large_stm_connectingPort,spray,15.large_stm_connectingPort/MassSpecData-02115-20261006-174325.csv,2026-10-06 17:29:29.326,14.52725
2026-10-06 17:44:01.169,8.4581e-11,Torr,15.large_stm_connectingPort,spray,15.large_stm_connectingPort/MassSpecData-02115-20261006-174325.csv,2026-10-06 17:29:29.326,14.530716666666667
2026-10-06 17:44:01.377,7.8846e-11,Torr,15.large_stm_connectingPort,spray,15.large_stm_connectingPort/MassSpecData-02115-20261006-174325.csv,2026-10-06 17:29:29.326,14.534183333333335
2026-10-06 17:44:01.586,7.6163e-11,Torr,15.large_stm_connectingPort,spray,15.large_stm_connectingPort/MassSpecData-02115-20261006-174325.csv,2026-10-06 17:29:29.326,14.537666666666667
2026-10-06 17:44:01.794,8.5978e-11,Torr,15.large_stm_connectingPort,spray,15.large_stm_connectingPort/MassSpecData-02115-20261006-174325.csv,2026-10-06 17:29:29.326,14.541133333333333
2026-10-06 17:44:02.002,6.7153e-11,Torr,15.large_stm_connectingPort,spray,15.large_stm_connectingPort/MassSpecData-02115-20261006-174325.csv,2026-10-06 17:29:29.326,14.5446
2026-10-06 17:44:02.211,8.5559e-11,Torr,15.large_stm_connectingPort,spray,15.large_stm_connectingPort/MassSpecData-02115-20261006-174325.csv,2026-10-06 17:29:29.326,14.548083333333333
2026-10-06 17:44:02.419,7.2782e-11,Torr,15.large_stm_connectingPort,spray,15.large_stm_connectingPort/MassSpecData-02115-20261006-174325.csv,2026-10-06 17:29:29.326,14.551549999999999
2026-10-06 17:44:02.627,9.0496e-11,Torr,15.large_stm_connectingPort,spray,15.large_stm_connectingPort/MassSpecData-02115-20261006-174325.csv,2026-10-06 17:29:29.326,14.555016666666667
2026-10-06 17:44:02.836,8.4059e-11,Torr,15.large_stm_connectingPort,spray,15.large_stm_connectingPort/MassSpecData-02115-20261006-174325.csv,2026-10-06 17:29:29.326,14.5585
2026-10-06 17:44:03.044,6.9921e-11,Torr,15.large_stm_connectingPort,spray,15.large_stm_connectingPort/MassSpecData-02115-20261006-174325.csv,2026-10-06 17:29:29.326,14.561966666666667
2026-10-06 17:44:03.253,6.6692e-11,Torr,15.large_stm_connectingPort,spray,15.large_stm_connectingPort/MassSpecData-02115-20261006-174325.csv,2026-10-06 17:29:29.326,14.56545
2026-10-06 17:44:03.461,6.9919e-11,Torr,15.large_stm_connectingPort,spray,15.large_stm_connectingPort/MassSpecData-02115-20261006-174325.csv,2026-10-06 17:29:29.326,14.568916666666667
2026-10-06 17:44:03.669,7.8933e-11,Torr,15.large_stm_connectingPort,spray,15.large_stm_connectingPort/MassSpecData-02115-20261006-174325.csv,2026-10-06 17:29:29.326,14.572383333333333
2026-10-06 17:44:03.878,7.5215e-11,Torr,15.large_stm_connectingPort,spray,15.large_stm_connectingPort/MassSpecData-02115-20261006-174325.csv,2026-10-06 17:29:29.326,14.575866666666666
2026-10-06 17:44:04.086,7.9304e-11,Torr,15.large_stm_connectingPort,spray,15.large_stm_connectingPort/MassSpecData-02115-20261006-174325.csv,2026-10-06 17:29:29.326,14.579333333333333
2026-10-06 17:44:04.294,8.5639e-11,Torr,15.large_stm_connectingPort,spray,15.large_stm_connectingPort/MassSpecData-02115-20261006-174325.csv,2026-10-06 17:29:29.326,14.582799999999999
2026-10-06 17:44:04.503,7.033e-11,Torr,15.large_stm_connectingPort,spray,15.large_stm_connectingPort/MassSpecData-02115-20261006-174325.csv,2026-10-06 17:29:29.326,14.586283333333334
2026-10-06 17:44:04.711,8.0928e-11,Torr,15.large_stm_connectingPort,spray,15.large_stm_connectingPort/MassSpecData-02115-20261006-174325.csv,2026-10-06 17:29:29.326,14.58975
2026-10-06 17:44:04.919,6.7907e-11,Torr,15.large_stm_connectingPort,spray,15.large_stm_connectingPort/MassSpecData-02115-20261006-174325.csv,2026-10-06 17:29:29.326,14.593216666666667
2026-10-06 17:44:05.128,7.6279e-11,Torr,15.large_stm_connectingPort,spray,15.large_stm_connectingPort/MassSpecData-02115-20261006-174325.csv,2026-10-06 17:29:29.326,14.5967
2026-10-06 17:44:05.336,7.9546e-11,Torr,15.large_stm_connectingPort,spray,15.large_stm_connectingPort/MassSpecData-02115-20261006-174325.csv,2026-10-06 17:29:29.326,14.600166666666667
2026-10-06 17:44:05.544,8.3449e-11,Torr,15.large_stm_connectingPort,spray,15.large_stm_connectingPort/MassSpecData-02115-20261006-174325.csv,2026-10-06 17:29:29.326,14.603633333333333
2026-10-06 17:44:05.753,6.8101e-11,Torr,15.large_stm_connectingPort,spray,15.large_stm_connectingPort/MassSpecData-02115-20261006-174325.csv,2026-10-06 17:29:29.326,14.607116666666666
2026-10-06 17:44:05.961,7.1328e-11,Torr,15.large_stm_connectingPort,spray,15.large_stm_connectingPort/MassSpecData-02115-20261006-174325.csv,2026-10-06 17:29:29.326,14.610583333333333
2026-10-06 17:44:06.169,8.7081e-11,Torr,15.large_stm_connectingPort,spray,15.large_stm_connectingPort/MassSpecData-02115-20261006-174325.csv,2026-10-06 17:29:29.326,14.614049999999999
2026-10-06 17:44:06.378,8.2461e-11,Torr,15.large_stm_connectingPort,spray,15.large_stm_connectingPort/MassSpecData-02115-20261006-174325.csv,2026-10-06 17:29:29.326,14.617533333333334
2026-10-06 17:44:06.586,9.485e-11,Torr,15.large_stm_connectingPort,spray,15.large_stm_connectingPort/MassSpecData-02115-20261006-174325.csv,2026-10-06 17:29:29.326,14.621
2026-10-06 17:44:06.794,6.9876e-11,Torr,15.large_stm_connectingPort,spray,15.large_stm_connectingPort/MassSpecData-02115-20261006-174325.csv,2026-10-06 17:29:29.326,14.624466666666667
2026-10-06 17:44:07.193,7.4925e-11,Torr,15.large_stm_connectingPort,spray,15.large_stm_connectingPort/MassSpecData-02115-20261006-174407.csv,2026-10-06 17:29:29.326,14.631116666666665
2026-10-06 17:44:07.401,7.5525e-11,Torr,15.large_stm_connectingPort,spray,15.large_stm_connectingPort/MassSpecData-02115-20261006-174407.csv,2026-10-06 17:29:29.326,14.634583333333333
2026-10-06 17:44:07.610,8.3759e-11,Torr,15.large_stm_connectingPort,spray,15.large_stm_connectingPort/MassSpecData-02115-20261006-174407.csv,2026-10-06 17:29:29.326,14.638066666666667
2026-10-06 17:44:07.818,1.0328e-10,Torr,15.large_stm_connectingPort,spray,15.large_stm_connectingPort/MassSpecData-02115-20261006-174407.csv,2026-10-06 17:29:29.326,14.641533333333333
2026-10-06 17:44:08.026,8.9434e-11,Torr,15.large_stm_connectingPort,spray,15.large_stm_connectingPort/MassSpecData-02115-20261006-174407.csv,2026-10-06 17:29:29.326,14.645000000000001
2026-10-06 17:44:08.235,8.1746e-11,Torr,15.large_stm_connectingPort,spray,15.large_stm_connectingPort/MassSpecData-02115-20261006-174407.csv,2026-10-06 17:29:29.326,14.648483333333333
2026-10-06 17:44:08.443,8.125e-11,Torr,15.large_stm_connectingPort,spray,15.large_stm_connectingPort/MassSpecData-02115-20261006-174407.csv,2026-10-06 17:29:29.326,14.65195
2026-10-06 17:44:08.651,8.2548e-11,Torr,15.large_stm_connectingPort,spray,15.large_stm_connectingPort/MassSpecData-02115-20261006-174407.csv,2026-10-06 17:29:29.326,14.655416666666667
2026-10-06 17:44:08.859,8.3885e-11,Torr,15.large_stm_connectingPort,spray,15.large_stm_connectingPort/MassSpecData-02115-20261006-174407.csv,2026-10-06 17:29:29.326,14.658883333333334
2026-10-06 17:44:09.068,7.3216e-11,Torr,15.large_stm_connectingPort,spray,15.large_stm_connectingPort/MassSpecData-02115-20261006-174407.csv,2026-10-06 17:29:29.326,14.662366666666665
2026-10-06 17:44:09.276,8.7702e-11,Torr,15.large_stm_connectingPort,spray,15.large_stm_connectingPort/MassSpecData-02115-20261006-174407.csv,2026-10-06 17:29:29.326,14.665833333333333
2026-10-06 17:44:09.485,7.7539e-11,Torr,15.large_stm_connectingPort,spray,15.large_stm_connectingPort/MassSpecData-02115-20261006-174407.csv,2026-10-06 17:29:29.326,14.669316666666667
2026-10-06 17:44:09.693,6.7903e-11,Torr,15.large_stm_connectingPort,spray,15.large_stm_connectingPort/MassSpecData-02115-20261006-174407.csv,2026-10-06 17:29:29.326,14.672783333333333
2026-10-06 17:44:09.901,8.0621e-11,Torr,15.large_stm_connectingPort,spray,15.large_stm_connectingPort/MassSpecData-02115-20261006-174407.csv,2026-10-06 17:29:29.326,14.676250000000001
2026-10-06 17:44:10.110,8.9067e-11,Torr,15.large_stm_connectingPort,spray,15.large_stm_connectingPort/MassSpecData-02115-20261006-174407.csv,2026-10-06 17:29:29.326,14.679733333333333
2026-10-06 17:44:10.318,9.3303e-11,Torr,15.large_stm_connectingPort,spray,15.large_stm_connectingPort/MassSpecData-02115-20261006-174407.csv,2026-10-06 17:29:29.326,14.6832
2026-10-06 17:44:10.526,7.7838e-11,Torr,15.large_stm_connectingPort,spray,15.large_stm_connectingPort/MassSpecData-02115-20261006-174407.csv,2026-10-06 17:29:29.326,14.686666666666667
2026-10-06 17:44:10.735,7.5844e-11,Torr,15.large_stm_connectingPort,spray,15.large_stm_connectingPort/MassSpecData-02115-20261006-174407.csv,2026-10-06 17:29:29.326,14.69015
2026-10-06 17:44:10.943,7.001e-11,Torr,15.large_stm_connectingPort,spray,15.large_stm_connectingPort/MassSpecData-02115-20261006-174407.csv,2026-10-06 17:29:29.326,14.693616666666665
2026-10-06 17:44:11.151,6.2015e-11,Torr,15.large_stm_connectingPort,spray,15.large_stm_connectingPort/MassSpecData-02115-20261006-174407.csv,2026-10-06 17:29:29.326,14.697083333333333
2026-10-06 17:44:11.360,8.6391e-11,Torr,15.large_stm_connectingPort,spray,15.large_stm_connectingPort/MassSpecData-02115-20261006-174407.csv,2026-10-06 17:29:29.326,14.700566666666667
2026-10-06 17:44:11.568,7.7887e-11,Torr,15.large_stm_connectingPort,spray,15.large_stm_connectingPort/MassSpecData-02115-20261006-174407.csv,2026-10-06 17:29:29.326,14.704033333333333
2026-10-06 17:44:11.776,8.08e-11,Torr,15.large_stm_connectingPort,spray,15.large_stm_connectingPort/MassSpecData-02115-20261006-174407.csv,2026-10-06 17:29:29.326,14.707500000000001
2026-10-06 17:44:11.985,7.8818e-11,Torr,15.large_stm_connectingPort,spray,15.large_stm_connectingPort/MassSpecData-02115-20261006-174407.csv,2026-10-06 17:29:29.326,14.710983333333333
2026-10-06 17:44:12.193,7.3219e-11,Torr,15.large_stm_connectingPort,spray,15.large_stm_connectingPort/MassSpecData-02115-20261006-174407.csv,2026-10-06 17:29:29.326,14.71445
2026-10-06 17:44:12.401,8.0301e-11,Torr,15.large_stm_connectingPort,spray,15.large_stm_connectingPort/MassSpecData-02115-20261006-174407.csv,2026-10-06 17:29:29.326,14.717916666666667
2026-10-06 17:44:12.609,8.5107e-11,Torr,15.large_stm_connectingPort,spray,15.large_stm_connectingPort/MassSpecData-02115-20261006-174407.csv,2026-10-06 17:29:29.326,14.721383333333334
2026-10-06 17:44:12.818,8.5335e-11,Torr,15.large_stm_connectingPort,spray,15.large_stm_connectingPort/MassSpecData-02115-20261006-174407.csv,2026-10-06 17:29:29.326,14.724866666666665
2026-10-06 17:44:13.026,8.3112e-11,Torr,15.large_stm_connectingPort,spray,15.large_stm_connectingPort/MassSpecData-02115-20261006-174407.csv,2026-10-06 17:29:29.326,14.728333333333333
2026-10-06 17:44:13.234,8.1087e-11,Torr,15.large_stm_connectingPort,spray,15.large_stm_connectingPort/MassSpecData-02115-20261006-174407.csv,2026-10-06 17:29:29.326,14.7318
2026-10-06 17:44:13.443,8.7335e-11,Torr,15.large_stm_connectingPort,spray,15.large_stm_connectingPort/MassSpecData-02115-20261006-174407.csv,2026-10-06 17:29:29.326,14.735283333333333
2026-10-06 17:44:13.651,7.4836e-11,Torr,15.large_stm_connectingPort,spray,15.large_stm_connectingPort/MassSpecData-02115-20261006-174407.csv,2026-10-06 17:29:29.326,14.738750000000001
2026-10-06 17:44:13.859,7.3763e-11,Torr,15.large_stm_connectingPort,spray,15.large_stm_connectingPort/MassSpecData-02115-20261006-174407.csv,2026-10-06 17:29:29.326,14.742216666666668
2026-10-06 17:44:14.068,7.6224e-11,Torr,15.large_stm_connectingPort,spray,15.large_stm_connectingPort/MassSpecData-02115-20261006-174407.csv,2026-10-06 17:29:29.326,14.7457
2026-10-06 17:44:14.276,7.7861e-11,Torr,15.large_stm_connectingPort,spray,15.large_stm_connectingPort/MassSpecData-02115-20261006-174407.csv,2026-10-06 17:29:29.326,14.749166666666667
2026-10-06 17:44:14.484,7.3337e-11,Torr,15.large_stm_connectingPort,spray,15.large_stm_connectingPort/MassSpecData-02115-20261006-174407.csv,2026-10-06 17:29:29.326,14.752633333333334
2026-10-06 17:44:14.693,7.7e-11,Torr,15.large_stm_connectingPort,spray,15.large_stm_connectingPort/MassSpecData-02115-20261006-174407.csv,2026-10-06 17:29:29.326,14.756116666666665
2026-10-06 17:44:14.901,7.3131e-11,Torr,15.large_stm_connectingPort,spray,15.large_stm_connectingPort/MassSpecData-02115-20261006-174407.csv,2026-10-06 17:29:29.326,14.759583333333333
2026-10-06 17:44:15.109,8.7928e-11,Torr,15.large_stm_connectingPort,spray,15.large_stm_connectingPort/MassSpecData-02115-20261006-174407.csv,2026-10-06 17:29:29.326,14.76305
2026-10-06 17:44:15.318,8.0197e-11,Torr,15.large_stm_connectingPort,spray,15.large_stm_connectingPort/MassSpecData-02115-20261006-174407.csv,2026-10-06 17:29:29.326,14.766533333333333
2026-10-06 17:44:15.526,1.0132e-10,Torr,15.large_stm_connectingPort,spray,15.large_stm_connectingPort/MassSpecData-02115-20261006-174407.csv,2026-10-06 17:29:29.326,14.770000000000001
2026-10-06 17:44:15.734,7.2146e-11,Torr,15.large_stm_connectingPort,spray,15.large_stm_connectingPort/MassSpecData-02115-20261006-174407.csv,2026-10-06 17:29:29.326,14.773466666666668
2026-10-06 17:44:15.943,8.0431e-11,Torr,15.large_stm_connectingPort,spray,15.large_stm_connectingPort/MassSpecData-02115-20261006-174407.csv,2026-10-06 17:29:29.326,14.77695
2026-10-06 17:44:16.151,8.6131e-11,Torr,15.large_stm_connectingPort,spray,15.large_stm_connectingPort/MassSpecData-02115-20261006-174407.csv,2026-10-06 17:29:29.326,14.780416666666667
2026-10-06 17:44:16.360,9.8977e-11,Torr,15.large_stm_connectingPort,spray,15.large_stm_connectingPort/MassSpecData-02115-20261006-174407.csv,2026-10-06 17:29:29.326,14.7839
2026-10-06 17:44:16.568,7.699e-11,Torr,15.large_stm_connectingPort,spray,15.large_stm_connectingPort/MassSpecData-02115-20261006-174407.csv,2026-10-06 17:29:29.326,14.787366666666665
2026-10-06 17:44:16.776,9.1732e-11,Torr,15.large_stm_connectingPort,spray,15.large_stm_connectingPort/MassSpecData-02115-20261006-174407.csv,2026-10-06 17:29:29.326,14.790833333333333
2026-10-06 17:44:16.985,9.2448e-11,Torr,15.large_stm_connectingPort,spray,15.large_stm_connectingPort/MassSpecData-02115-20261006-174407.csv,2026-10-06 17:29:29.326,14.794316666666667
2026-10-06 17:44:17.193,9.259e-11,Torr,15.large_stm_connectingPort,spray,15.large_stm_connectingPort/MassSpecData-02115-20261006-174407.csv,2026-10-06 17:29:29.326,14.797783333333333
2026-10-06 17:44:17.401,8.0637e-11,Torr,15.large_stm_connectingPort,spray,15.large_stm_connectingPort/MassSpecData-02115-20261006-174407.csv,2026-10-06 17:29:29.326,14.801250000000001
2026-10-06 17:44:17.610,7.4253e-11,Torr,15.large_stm_connectingPort,spray,15.large_stm_connectingPort/MassSpecData-02115-20261006-174407.csv,2026-10-06 17:29:29.326,14.804733333333333
2026-10-06 17:44:17.818,9.1546e-11,Torr,15.large_stm_connectingPort,spray,15.large_stm_connectingPort/MassSpecData-02115-20261006-174407.csv,2026-10-06 17:29:29.326,14.8082
2026-10-06 17:44:18.026,8.4433e-11,Torr,15.large_stm_connectingPort,spray,15.large_stm_connectingPort/MassSpecData-02115-20261006-174407.csv,2026-10-06 17:29:29.326,14.811666666666667
2026-10-06 17:44:18.235,7.1701e-11,Torr,15.large_stm_connectingPort,spray,15.large_stm_connectingPort/MassSpecData-02115-20261006-174407.csv,2026-10-06 17:29:29.326,14.81515
2026-10-06 17:44:18.443,8.0025e-11,Torr,15.large_stm_connectingPort,spray,15.large_stm_connectingPort/MassSpecData-02115-20261006-174407.csv,2026-10-06 17:29:29.326,14.818616666666665
2026-10-06 17:44:18.651,8.2349e-11,Torr,15.large_stm_connectingPort,spray,15.large_stm_connectingPort/MassSpecData-02115-20261006-174407.csv,2026-10-06 17:29:29.326,14.822083333333333
2026-10-06 17:44:18.860,8.2963e-11,Torr,15.large_stm_connectingPort,spray,15.large_stm_connectingPort/MassSpecData-02115-20261006-174407.csv,2026-10-06 17:29:29.326,14.825566666666667
2026-10-06 17:44:19.068,7.8025e-11,Torr,15.large_stm_connectingPort,spray,15.large_stm_connectingPort/MassSpecData-02115-20261006-174407.csv,2026-10-06 17:29:29.326,14.829033333333333
2026-10-06 17:44:19.276,9.3775e-11,Torr,15.large_stm_connectingPort,spray,15.large_stm_connectingPort/MassSpecData-02115-20261006-174407.csv,2026-10-06 17:29:29.326,14.832500000000001
2026-10-06 17:44:19.485,6.4592e-11,Torr,15.large_stm_connectingPort,spray,15.large_stm_connectingPort/MassSpecData-02115-20261006-174407.csv,2026-10-06 17:29:29.326,14.835983333333333
2026-10-06 17:44:19.693,7.7774e-11,Torr,15.large_stm_connectingPort,spray,15.large_stm_connectingPort/MassSpecData-02115-20261006-174407.csv,2026-10-06 17:29:29.326,14.83945
2026-10-06 17:44:19.901,8.225e-11,Torr,15.large_stm_connectingPort,spray,15.large_stm_connectingPort/MassSpecData-02115-20261006-174407.csv,2026-10-06 17:29:29.326,14.842916666666667
2026-10-06 17:44:20.110,7.8958e-11,Torr,15.large_stm_connectingPort,spray,15.large_stm_connectingPort/MassSpecData-02115-20261006-174407.csv,2026-10-06 17:29:29.326,14.8464
2026-10-06 17:44:20.318,6.932e-11,Torr,15.large_stm_connectingPort,spray,15.large_stm_connectingPort/MassSpecData-02115-20261006-174407.csv,2026-10-06 17:29:29.326,14.849866666666665
2026-10-06 17:44:20.526,8.2196e-11,Torr,15.large_stm_connectingPort,spray,15.large_stm_connectingPort/MassSpecData-02115-20261006-174407.csv,2026-10-06 17:29:29.326,14.853333333333333
2026-10-06 17:44:20.735,7.9573e-11,Torr,15.large_stm_connectingPort,spray,15.large_stm_connectingPort/MassSpecData-02115-20261006-174407.csv,2026-10-06 17:29:29.326,14.856816666666667
2026-10-06 17:44:20.943,9.1937e-11,Torr,15.large_stm_connectingPort,spray,15.large_stm_connectingPort/MassSpecData-02115-20261006-174407.csv,2026-10-06 17:29:29.326,14.860283333333333
2026-10-06 17:44:21.151,7.8125e-11,Torr,15.large_stm_connectingPort,spray,15.large_stm_connectingPort/MassSpecData-02115-20261006-174407.csv,2026-10-06 17:29:29.326,14.863750000000001
2026-10-06 17:44:21.360,7.4461e-11,Torr,15.large_stm_connectingPort,spray,15.large_stm_connectingPort/MassSpecData-02115-20261006-174407.csv,2026-10-06 17:29:29.326,14.867233333333333
2026-10-06 17:44:21.568,7.6563e-11,Torr,15.large_stm_connectingPort,spray,15.large_stm_connectingPort/MassSpecData-02115-20261006-174407.csv,2026-10-06 17:29:29.326,14.8707
2026-10-06 17:44:21.776,9.1054e-11,Torr,15.large_stm_connectingPort,spray,15.large_stm_connectingPort/MassSpecData-02115-20261006-174407.csv,2026-10-06 17:29:29.326,14.874166666666667
2026-10-06 17:44:21.985,8.9132e-11,Torr,15.large_stm_connectingPort,spray,15.large_stm_connectingPort/MassSpecData-02115-20261006-174407.csv,2026-10-06 17:29:29.326,14.87765
2026-10-06 17:44:22.193,7.7804e-11,Torr,15.large_stm_connectingPort,spray,15.large_stm_connectingPort/MassSpecData-02115-20261006-174407.csv,2026-10-06 17:29:29.326,14.881116666666665
2026-10-06 17:44:22.401,8.2543e-11,Torr,15.large_stm_connectingPort,spray,15.large_stm_connectingPort/MassSpecData-02115-20261006-174407.csv,2026-10-06 17:29:29.326,14.884583333333333
2026-10-06 17:44:22.610,8.7027e-11,Torr,15.large_stm_connectingPort,spray,15.large_stm_connectingPort/MassSpecData-02115-20261006-174407.csv,2026-10-06 17:29:29.326,14.888066666666667
2026-10-06 17:44:22.818,8.4676e-11,Torr,15.large_stm_connectingPort,spray,15.large_stm_connectingPort/MassSpecData-02115-20261006-174407.csv,2026-10-06 17:29:29.326,14.891533333333333
2026-10-06 17:44:23.026,8.9345e-11,Torr,15.large_stm_connectingPort,spray,15.large_stm_connectingPort/MassSpecData-02115-20261006-174407.csv,2026-10-06 17:29:29.326,14.895000000000001
2026-10-06 17:44:23.235,8.2379e-11,Torr,15.large_stm_connectingPort,spray,15.large_stm_connectingPort/MassSpecData-02115-20261006-174407.csv,2026-10-06 17:29:29.326,14.898483333333333
2026-10-06 17:44:23.443,8.1064e-11,Torr,15.large_stm_connectingPort,spray,15.large_stm_connectingPort/MassSpecData-02115-20261006-174407.csv,2026-10-06 17:29:29.326,14.90195
2026-10-06 17:44:23.651,6.678e-11,Torr,15.large_stm_connectingPort,spray,15.large_stm_connectingPort/MassSpecData-02115-20261006-174407.csv,2026-10-06 17:29:29.326,14.905416666666667
2026-10-06 17:44:23.860,9.4724e-11,Torr,15.large_stm_connectingPort,spray,15.large_stm_connectingPort/MassSpecData-02115-20261006-174407.csv,2026-10-06 17:29:29.326,14.9089
2026-10-06 17:44:24.068,7.3686e-11,Torr,15.large_stm_connectingPort,spray,15.large_stm_connectingPort/MassSpecData-02115-20261006-174407.csv,2026-10-06 17:29:29.326,14.912366666666665
2026-10-06 17:44:24.276,8.2917e-11,Torr,15.large_stm_connectingPort,spray,15.large_stm_connectingPort/MassSpecData-02115-20261006-174407.csv,2026-10-06 17:29:29.326,14.915833333333333
2026-10-06 17:44:24.485,7.5652e-11,Torr,15.large_stm_connectingPort,spray,15.large_stm_connectingPort/MassSpecData-02115-20261006-174407.csv,2026-10-06 17:29:29.326,14.919316666666667
2026-10-06 17:44:24.693,8.2291e-11,Torr,15.large_stm_connectingPort,spray,15.large_stm_connectingPort/MassSpecData-02115-20261006-174407.csv,2026-10-06 17:29:29.326,14.922783333333333
2026-10-06 17:44:24.901,7.8858e-11,Torr,15.large_stm_connectingPort,spray,15.large_stm_connectingPort/MassSpecData-02115-20261006-174407.csv,2026-10-06 17:29:29.326,14.926250000000001
2026-10-06 17:44:25.110,8.5471e-11,Torr,15.large_stm_connectingPort,spray,15.large_stm_connectingPort/MassSpecData-02115-20261006-174407.csv,2026-10-06 17:29:29.326,14.929733333333333
2026-10-06 17:44:25.318,7.8352e-11,Torr,15.large_stm_connectingPort,spray,15.large_stm_connectingPort/MassSpecData-02115-20261006-174407.csv,2026-10-06 17:29:29.326,14.9332
2026-10-06 17:44:25.526,7.8583e-11,Torr,15.large_stm_connectingPort,spray,15.large_stm_connectingPort/MassSpecData-02115-20261006-174407.csv,2026-10-06 17:29:29.326,14.936666666666667
2026-10-06 17:44:25.735,8.4347e-11,Torr,15.large_stm_connectingPort,spray,15.large_stm_connectingPort/MassSpecData-02115-20261006-174407.csv,2026-10-06 17:29:29.326,14.94015
2026-10-06 17:44:25.943,7.0314e-11,Torr,15.large_stm_connectingPort,spray,15.large_stm_connectingPort/MassSpecData-02115-20261006-174407.csv,2026-10-06 17:29:29.326,14.943616666666665
2026-10-06 17:44:26.151,7.1077e-11,Torr,15.large_stm_connectingPort,spray,15.large_stm_connectingPort/MassSpecData-02115-20261006-174407.csv,2026-10-06 17:29:29.326,14.947083333333333
2026-10-06 17:44:26.360,8.0922e-11,Torr,15.large_stm_connectingPort,spray,15.large_stm_connectingPort/MassSpecData-02115-20261006-174407.csv,2026-10-06 17:29:29.326,14.950566666666667
2026-10-06 17:44:26.568,6.9107e-11,Torr,15.large_stm_connectingPort,spray,15.large_stm_connectingPort/MassSpecData-02115-20261006-174407.csv,2026-10-06 17:29:29.326,14.954033333333333
2026-10-06 17:44:26.776,8.1595e-11,Torr,15.large_stm_connectingPort,spray,15.large_stm_connectingPort/MassSpecData-02115-20261006-174407.csv,2026-10-06 17:29:29.326,14.957500000000001
2026-10-06 17:44:26.984,7.6535e-11,Torr,15.large_stm_connectingPort,spray,15.large_stm_connectingPort/MassSpecData-02115-20261006-174407.csv,2026-10-06 17:29:29.326,14.960966666666668
2026-10-06 17:44:27.193,6.4283e-11,Torr,15.large_stm_connectingPort,spray,15.large_stm_connectingPort/MassSpecData-02115-20261006-174407.csv,2026-10-06 17:29:29.326,14.96445
2026-10-06 17:44:27.401,7.7057e-11,Torr,15.large_stm_connectingPort,spray,15.large_stm_connectingPort/MassSpecData-02115-20261006-174407.csv,2026-10-06 17:29:29.326,14.967916666666667
2026-10-06 17:44:27.609,8.5381e-11,Torr,15.large_stm_connectingPort,spray,15.large_stm_connectingPort/MassSpecData-02115-20261006-174407.csv,2026-10-06 17:29:29.326,14.971383333333334
2026-10-06 17:44:27.818,6.9344e-11,Torr,15.large_stm_connectingPort,spray,15.large_stm_connectingPort/MassSpecData-02115-20261006-174407.csv,2026-10-06 17:29:29.326,14.974866666666665
2026-10-06 17:44:28.026,7.2456e-11,Torr,15.large_stm_connectingPort,spray,15.large_stm_connectingPort/MassSpecData-02115-20261006-174407.csv,2026-10-06 17:29:29.326,14.978333333333333
2026-10-06 17:44:28.234,7.8354e-11,Torr,15.large_stm_connectingPort,spray,15.large_stm_connectingPort/MassSpecData-02115-20261006-174407.csv,2026-10-06 17:29:29.326,14.9818
2026-10-06 17:44:28.443,8.6041e-11,Torr,15.large_stm_connectingPort,spray,15.large_stm_connectingPort/MassSpecData-02115-20261006-174407.csv,2026-10-06 17:29:29.326,14.985283333333333
2026-10-06 17:44:28.651,7.7512e-11,Torr,15.large_stm_connectingPort,spray,15.large_stm_connectingPort/MassSpecData-02115-20261006-174407.csv,2026-10-06 17:29:29.326,14.988750000000001
2026-10-06 17:44:28.859,8.9958e-11,Torr,15.large_stm_connectingPort,spray,15.large_stm_connectingPort/MassSpecData-02115-20261006-174407.csv,2026-10-06 17:29:29.326,14.992216666666668
2026-10-06 17:44:29.068,7.71e-11,Torr,15.large_stm_connectingPort,spray,15.large_stm_connectingPort/MassSpecData-02115-20261006-174407.csv,2026-10-06 17:29:29.326,14.9957
2026-10-06 17:44:29.276,7.6648e-11,Torr,15.large_stm_connectingPort,spray,15.large_stm_connectingPort/MassSpecData-02115-20261006-174407.csv,2026-10-06 17:29:29.326,14.999166666666667
2026-10-06 17:44:29.484,7.5486e-11,Torr,15.large_stm_connectingPort,spray,15.large_stm_connectingPort/MassSpecData-02115-20261006-174407.csv,2026-10-06 17:29:29.326,15.002633333333334
2026-10-06 17:44:29.693,9.3884e-11,Torr,15.large_stm_connectingPort,spray,15.large_stm_connectingPort/MassSpecData-02115-20261006-174407.csv,2026-10-06 17:29:29.326,15.006116666666665
2026-10-06 17:44:29.901,7.747e-11,Torr,15.large_stm_connectingPort,spray,15.large_stm_connectingPort/MassSpecData-02115-20261006-174407.csv,2026-10-06 17:29:29.326,15.009583333333333
2026-10-06 17:44:30.109,8.3716e-11,Torr,15.large_stm_connectingPort,spray,15.large_stm_connectingPort/MassSpecData-02115-20261006-174407.csv,2026-10-06 17:29:29.326,15.01305
2026-10-06 17:44:30.318,9.2035e-11,Torr,15.large_stm_connectingPort,spray,15.large_stm_connectingPort/MassSpecData-02115-20261006-174407.csv,2026-10-06 17:29:29.326,15.016533333333333
2026-10-06 17:44:30.526,7.2529e-11,Torr,15.large_stm_connectingPort,spray,15.large_stm_connectingPort/MassSpecData-02115-20261006-174407.csv,2026-10-06 17:29:29.326,15.020000000000001
2026-10-06 17:44:30.734,7.0233e-11,Torr,15.large_stm_connectingPort,spray,15.large_stm_connectingPort/MassSpecData-02115-20261006-174407.csv,2026-10-06 17:29:29.326,15.023466666666668
2026-10-06 17:44:30.943,8.5113e-11,Torr,15.large_stm_connectingPort,spray,15.large_stm_connectingPort/MassSpecData-02115-20261006-174407.csv,2026-10-06 17:29:29.326,15.02695
2026-10-06 17:44:31.151,7.7901e-11,Torr,15.large_stm_connectingPort,spray,15.large_stm_connectingPort/MassSpecData-02115-20261006-174407.csv,2026-10-06 17:29:29.326,15.030416666666667
2026-10-06 17:44:31.359,7.7645e-11,Torr,15.large_stm_connectingPort,spray,15.large_stm_connectingPort/MassSpecData-02115-20261006-174407.csv,2026-10-06 17:29:29.326,15.033883333333334
2026-10-06 17:44:31.568,9.4828e-11,Torr,15.large_stm_connectingPort,spray,15.large_stm_connectingPort/MassSpecData-02115-20261006-174407.csv,2026-10-06 17:29:29.326,15.037366666666665
2026-10-06 17:44:31.776,8.4843e-11,Torr,15.large_stm_connectingPort,spray,15.large_stm_connectingPort/MassSpecData-02115-20261006-174407.csv,2026-10-06 17:29:29.326,15.040833333333333
2026-10-06 17:44:31.984,7.9485e-11,Torr,15.large_stm_connectingPort,spray,15.large_stm_connectingPort/MassSpecData-02115-20261006-174407.csv,2026-10-06 17:29:29.326,15.0443
2026-10-06 17:44:32.193,7.0905e-11,Torr,15.large_stm_connectingPort,spray,15.large_stm_connectingPort/MassSpecData-02115-20261006-174407.csv,2026-10-06 17:29:29.326,15.047783333333333
2026-10-06 17:44:32.401,7.3415e-11,Torr,15.large_stm_connectingPort,spray,15.large_stm_connectingPort/MassSpecData-02115-20261006-174407.csv,2026-10-06 17:29:29.326,15.051250000000001
2026-10-06 17:44:32.609,8.4115e-11,Torr,15.large_stm_connectingPort,spray,15.large_stm_connectingPort/MassSpecData-02115-20261006-174407.csv,2026-10-06 17:29:29.326,15.054716666666668
2026-10-06 17:44:32.818,8.3799e-11,Torr,15.large_stm_connectingPort,spray,15.large_stm_connectingPort/MassSpecData-02115-20261006-174407.csv,2026-10-06 17:29:29.326,15.0582
2026-10-06 17:44:33.026,8.1505e-11,Torr,15.large_stm_connectingPort,spray,15.large_stm_connectingPort/MassSpecData-02115-20261006-174407.csv,2026-10-06 17:29:29.326,15.061666666666667
2026-10-06 17:44:33.234,7.2082e-11,Torr,15.large_stm_connectingPort,spray,15.large_stm_connectingPort/MassSpecData-02115-20261006-174407.csv,2026-10-06 17:29:29.326,15.065133333333334
2026-10-06 17:44:33.443,7.7431e-11,Torr,15.large_stm_connectingPort,spray,15.large_stm_connectingPort/MassSpecData-02115-20261006-174407.csv,2026-10-06 17:29:29.326,15.068616666666665
2026-10-06 17:44:33.651,9.6912e-11,Torr,15.large_stm_connectingPort,spray,15.large_stm_connectingPort/MassSpecData-02115-20261006-174407.csv,2026-10-06 17:29:29.326,15.072083333333333
2026-10-06 17:44:33.859,7.9567e-11,Torr,15.large_stm_connectingPort,spray,15.large_stm_connectingPort/MassSpecData-02115-20261006-174407.csv,2026-10-06 17:29:29.326,15.07555
2026-10-06 17:44:34.068,6.9808e-11,Torr,15.large_stm_connectingPort,spray,15.large_stm_connectingPort/MassSpecData-02115-20261006-174407.csv,2026-10-06 17:29:29.326,15.079033333333333
2026-10-06 17:44:34.276,8.5202e-11,Torr,15.large_stm_connectingPort,spray,15.large_stm_connectingPort/MassSpecData-02115-20261006-174407.csv,2026-10-06 17:29:29.326,15.082500000000001
2026-10-06 17:44:34.484,9.2765e-11,Torr,15.large_stm_connectingPort,spray,15.large_stm_connectingPort/MassSpecData-02115-20261006-174407.csv,2026-10-06 17:29:29.326,15.085966666666668
2026-10-06 17:44:34.693,8.8697e-11,Torr,15.large_stm_connectingPort,spray,15.large_stm_connectingPort/MassSpecData-02115-20261006-174407.csv,2026-10-06 17:29:29.326,15.08945
2026-10-06 17:44:34.901,7.4052e-11,Torr,15.large_stm_connectingPort,spray,15.large_stm_connectingPort/MassSpecData-02115-20261006-174407.csv,2026-10-06 17:29:29.326,15.092916666666667
2026-10-06 17:44:35.109,6.7834e-11,Torr,15.large_stm_connectingPort,spray,15.large_stm_connectingPort/MassSpecData-02115-20261006-174407.csv,2026-10-06 17:29:29.326,15.096383333333334
2026-10-06 17:44:35.318,7.4075e-11,Torr,15.large_stm_connectingPort,spray,15.large_stm_connectingPort/MassSpecData-02115-20261006-174407.csv,2026-10-06 17:29:29.326,15.099866666666665
2026-10-06 17:44:35.526,7.5545e-11,Torr,15.large_stm_connectingPort,spray,15.large_stm_connectingPort/MassSpecData-02115-20261006-174407.csv,2026-10-06 17:29:29.326,15.103333333333333
2026-10-06 17:44:35.734,8.9388e-11,Torr,15.large_stm_connectingPort,spray,15.large_stm_connectingPort/MassSpecData-02115-20261006-174407.csv,2026-10-06 17:29:29.326,15.1068
2026-10-06 17:44:35.943,9.2051e-11,Torr,15.large_stm_connectingPort,spray,15.large_stm_connectingPort/MassSpecData-02115-20261006-174407.csv,2026-10-06 17:29:29.326,15.110283333333333
2026-10-06 17:44:36.151,7.0961e-11,Torr,15.large_stm_connectingPort,spray,15.large_stm_connectingPort/MassSpecData-02115-20261006-174407.csv,2026-10-06 17:29:29.326,15.113750000000001
2026-10-06 17:44:36.359,9.8687e-11,Torr,15.large_stm_connectingPort,spray,15.large_stm_connectingPort/MassSpecData-02115-20261006-174407.csv,2026-10-06 17:29:29.326,15.117216666666668
2026-10-06 17:44:36.568,7.2102e-11,Torr,15.large_stm_connectingPort,spray,15.large_stm_connectingPort/MassSpecData-02115-20261006-174407.csv,2026-10-06 17:29:29.326,15.1207
2026-10-06 17:44:36.776,8.7549e-11,Torr,15.large_stm_connectingPort,spray,15.large_stm_connectingPort/MassSpecData-02115-20261006-174407.csv,2026-10-06 17:29:29.326,15.124166666666667
2026-10-06 17:44:36.984,7.9172e-11,Torr,15.large_stm_connectingPort,spray,15.large_stm_connectingPort/MassSpecData-02115-20261006-174407.csv,2026-10-06 17:29:29.326,15.127633333333334
2026-10-06 17:44:37.193,8.1496e-11,Torr,15.large_stm_connectingPort,spray,15.large_stm_connectingPort/MassSpecData-02115-20261006-174407.csv,2026-10-06 17:29:29.326,15.131116666666665
2026-10-06 17:44:37.401,7.9812e-11,Torr,15.large_stm_connectingPort,spray,15.large_stm_connectingPort/MassSpecData-02115-20261006-174407.csv,2026-10-06 17:29:29.326,15.134583333333333
2026-10-06 17:44:37.609,8.7531e-11,Torr,15.large_stm_connectingPort,spray,15.large_stm_connectingPort/MassSpecData-02115-20261006-174407.csv,2026-10-06 17:29:29.326,15.13805
2026-10-06 17:44:37.818,9.5062e-11,Torr,15.large_stm_connectingPort,spray,15.large_stm_connectingPort/MassSpecData-02115-20261006-174407.csv,2026-10-06 17:29:29.326,15.141533333333333
2026-10-06 17:44:38.026,8.9423e-11,Torr,15.large_stm_connectingPort,spray,15.large_stm_connectingPort/MassSpecData-02115-20261006-174407.csv,2026-10-06 17:29:29.326,15.145000000000001
2026-10-06 17:44:38.234,8.5564e-11,Torr,15.large_stm_connectingPort,spray,15.large_stm_connectingPort/MassSpecData-02115-20261006-174407.csv,2026-10-06 17:29:29.326,15.148466666666668
2026-10-06 17:44:38.443,9.2014e-11,Torr,15.large_stm_connectingPort,spray,15.large_stm_connectingPort/MassSpecData-02115-20261006-174407.csv,2026-10-06 17:29:29.326,15.15195
2026-10-06 17:44:38.651,7.0018e-11,Torr,15.large_stm_connectingPort,spray,15.large_stm_connectingPort/MassSpecData-02115-20261006-174407.csv,2026-10-06 17:29:29.326,15.155416666666667
2026-10-06 17:44:38.859,7.7006e-11,Torr,15.large_stm_connectingPort,spray,15.large_stm_connectingPort/MassSpecData-02115-20261006-174407.csv,2026-10-06 17:29:29.326,15.158883333333334
2026-10-06 17:44:39.068,6.9116e-11,Torr,15.large_stm_connectingPort,spray,15.large_stm_connectingPort/MassSpecData-02115-20261006-174407.csv,2026-10-06 17:29:29.326,15.162366666666665
2026-10-06 17:44:39.276,8.9857e-11,Torr,15.large_stm_connectingPort,spray,15.large_stm_connectingPort/MassSpecData-02115-20261006-174407.csv,2026-10-06 17:29:29.326,15.165833333333333
2026-10-06 17:44:39.484,8.2508e-11,Torr,15.large_stm_connectingPort,spray,15.large_stm_connectingPort/MassSpecData-02115-20261006-174407.csv,2026-10-06 17:29:29.326,15.1693
2026-10-06 17:44:39.693,8.1028e-11,Torr,15.large_stm_connectingPort,spray,15.large_stm_connectingPort/MassSpecData-02115-20261006-174407.csv,2026-10-06 17:29:29.326,15.172783333333333
2026-10-06 17:44:39.901,7.562e-11,Torr,15.large_stm_connectingPort,spray,15.large_stm_connectingPort/MassSpecData-02115-20261006-174407.csv,2026-10-06 17:29:29.326,15.176250000000001
2026-10-06 17:44:40.109,1.01e-10,Torr,15.large_stm_connectingPort,spray,15.large_stm_connectingPort/MassSpecData-02115-20261006-174407.csv,2026-10-06 17:29:29.326,15.179716666666668
2026-10-06 17:44:40.318,8.4541e-11,Torr,15.large_stm_connectingPort,spray,15.large_stm_connectingPort/MassSpecData-02115-20261006-174407.csv,2026-10-06 17:29:29.326,15.1832
2026-10-06 17:44:40.526,7.9851e-11,Torr,15.large_stm_connectingPort,spray,15.large_stm_connectingPort/MassSpecData-02115-20261006-174407.csv,2026-10-06 17:29:29.326,15.186666666666667
2026-10-06 17:44:40.734,8.153e-11,Torr,15.large_stm_connectingPort,spray,15.large_stm_connectingPort/MassSpecData-02115-20261006-174407.csv,2026-10-06 17:29:29.326,15.190133333333334
2026-10-06 17:44:40.943,6.4641e-11,Torr,15.large_stm_connectingPort,spray,15.large_stm_connectingPort/MassSpecData-02115-20261006-174407.csv,2026-10-06 17:29:29.326,15.193616666666665
2026-10-06 17:44:41.151,7.3824e-11,Torr,15.large_stm_connectingPort,spray,15.large_stm_connectingPort/MassSpecData-02115-20261006-174407.csv,2026-10-06 17:29:29.326,15.197083333333333
2026-10-06 17:44:41.359,6.6171e-11,Torr,15.large_stm_connectingPort,spray,15.large_stm_connectingPort/MassSpecData-02115-20261006-174407.csv,2026-10-06 17:29:29.326,15.20055
2026-10-06 17:44:41.568,8.4618e-11,Torr,15.large_stm_connectingPort,spray,15.large_stm_connectingPort/MassSpecData-02115-20261006-174407.csv,2026-10-06 17:29:29.326,15.204033333333333
2026-10-06 17:44:41.776,7.4716e-11,Torr,15.large_stm_connectingPort,spray,15.large_stm_connectingPort/MassSpecData-02115-20261006-174407.csv,2026-10-06 17:29:29.326,15.207500000000001
2026-10-06 17:44:41.984,7.4067e-11,Torr,15.large_stm_connectingPort,spray,15.large_stm_connectingPort/MassSpecData-02115-20261006-174407.csv,2026-10-06 17:29:29.326,15.210966666666668
2026-10-06 17:44:42.193,7.0484e-11,Torr,15.large_stm_connectingPort,spray,15.large_stm_connectingPort/MassSpecData-02115-20261006-174407.csv,2026-10-06 17:29:29.326,15.21445
2026-10-06 17:44:42.401,9.0303e-11,Torr,15.large_stm_connectingPort,spray,15.large_stm_connectingPort/MassSpecData-02115-20261006-174407.csv,2026-10-06 17:29:29.326,15.217916666666667
2026-10-06 17:44:42.609,7.3622e-11,Torr,15.large_stm_connectingPort,spray,15.large_stm_connectingPort/MassSpecData-02115-20261006-174407.csv,2026-10-06 17:29:29.326,15.221383333333334
2026-10-06 17:44:42.818,8.5376e-11,Torr,15.large_stm_connectingPort,spray,15.large_stm_connectingPort/MassSpecData-02115-20261006-174407.csv,2026-10-06 17:29:29.326,15.224866666666665
2026-10-06 17:44:43.026,7.9613e-11,Torr,15.large_stm_connectingPort,spray,15.large_stm_connectingPort/MassSpecData-02115-20261006-174407.csv,2026-10-06 17:29:29.326,15.228333333333333
2026-10-06 17:44:43.234,8.2176e-11,Torr,15.large_stm_connectingPort,spray,15.large_stm_connectingPort/MassSpecData-02115-20261006-174407.csv,2026-10-06 17:29:29.326,15.2318
2026-10-06 17:44:43.443,6.813e-11,Torr,15.large_stm_connectingPort,spray,15.large_stm_connectingPort/MassSpecData-02115-20261006-174407.csv,2026-10-06 17:29:29.326,15.235283333333333
2026-10-06 17:44:43.651,8.097e-11,Torr,15.large_stm_connectingPort,spray,15.large_stm_connectingPort/MassSpecData-02115-20261006-174407.csv,2026-10-06 17:29:29.326,15.238750000000001
2026-10-06 17:44:43.859,8.0276e-11,Torr,15.large_stm_connectingPort,spray,15.large_stm_connectingPort/MassSpecData-02115-20261006-174407.csv,2026-10-06 17:29:29.326,15.242216666666668
2026-10-06 17:44:44.068,7.3299e-11,Torr,15.large_stm_connectingPort,spray,15.large_stm_connectingPort/MassSpecData-02115-20261006-174407.csv,2026-10-06 17:29:29.326,15.2457
2026-10-06 17:44:44.276,8.0292e-11,Torr,15.large_stm_connectingPort,spray,15.large_stm_connectingPort/MassSpecData-02115-20261006-174407.csv,2026-10-06 17:29:29.326,15.249166666666667
2026-10-06 17:44:44.484,8.5143e-11,Torr,15.large_stm_connectingPort,spray,15.large_stm_connectingPort/MassSpecData-02115-20261006-174407.csv,2026-10-06 17:29:29.326,15.252633333333334
2026-10-06 17:44:44.693,8.0136e-11,Torr,15.large_stm_connectingPort,spray,15.large_stm_connectingPort/MassSpecData-02115-20261006-174407.csv,2026-10-06 17:29:29.326,15.256116666666665
2026-10-06 17:44:44.901,7.8368e-11,Torr,15.large_stm_connectingPort,spray,15.large_stm_connectingPort/MassSpecData-02115-20261006-174407.csv,2026-10-06 17:29:29.326,15.259583333333333
2026-10-06 17:44:45.110,7.1503e-11,Torr,15.large_stm_connectingPort,spray,15.large_stm_connectingPort/MassSpecData-02115-20261006-174407.csv,2026-10-06 17:29:29.326,15.263066666666667
2026-10-06 17:44:45.318,8.0645e-11,Torr,15.large_stm_connectingPort,spray,15.large_stm_connectingPort/MassSpecData-02115-20261006-174407.csv,2026-10-06 17:29:29.326,15.266533333333333
2026-10-06 17:44:45.526,9.5328e-11,Torr,15.large_stm_connectingPort,spray,15.large_stm_connectingPort/MassSpecData-02115-20261006-174407.csv,2026-10-06 17:29:29.326,15.270000000000001
2026-10-06 17:44:45.735,7.7313e-11,Torr,15.large_stm_connectingPort,spray,15.large_stm_connectingPort/MassSpecData-02115-20261006-174407.csv,2026-10-06 17:29:29.326,15.273483333333333
2026-10-06 17:44:45.943,7.7814e-11,Torr,15.large_stm_connectingPort,spray,15.large_stm_connectingPort/MassSpecData-02115-20261006-174407.csv,2026-10-06 17:29:29.326,15.27695
2026-10-06 17:44:46.151,7.5304e-11,Torr,15.large_stm_connectingPort,spray,15.large_stm_connectingPort/MassSpecData-02115-20261006-174407.csv,2026-10-06 17:29:29.326,15.280416666666667
2026-10-06 17:44:46.360,9.5053e-11,Torr,15.large_stm_connectingPort,spray,15.large_stm_connectingPort/MassSpecData-02115-20261006-174407.csv,2026-10-06 17:29:29.326,15.2839
2026-10-06 17:44:46.568,7.7371e-11,Torr,15.large_stm_connectingPort,spray,15.large_stm_connectingPort/MassSpecData-02115-20261006-174407.csv,2026-10-06 17:29:29.326,15.287366666666665
2026-10-06 17:44:46.776,8.0366e-11,Torr,15.large_stm_connectingPort,spray,15.large_stm_connectingPort/MassSpecData-02115-20261006-174407.csv,2026-10-06 17:29:29.326,15.290833333333333
2026-10-06 17:44:46.985,8.1918e-11,Torr,15.large_stm_connectingPort,spray,15.large_stm_connectingPort/MassSpecData-02115-20261006-174407.csv,2026-10-06 17:29:29.326,15.294316666666667
2026-10-06 17:44:47.193,8.4129e-11,Torr,15.large_stm_connectingPort,spray,15.large_stm_connectingPort/MassSpecData-02115-20261006-174407.csv,2026-10-06 17:29:29.326,15.297783333333333
2026-10-06 17:44:47.401,8.8978e-11,Torr,15.large_stm_connectingPort,spray,15.large_stm_connectingPort/MassSpecData-02115-20261006-174407.csv,2026-10-06 17:29:29.326,15.301250000000001
2026-10-06 17:44:47.610,7.8741e-11,Torr,15.large_stm_connectingPort,spray,15.large_stm_connectingPort/MassSpecData-02115-20261006-174407.csv,2026-10-06 17:29:29.326,15.304733333333333
2026-10-06 17:44:47.818,7.0148e-11,Torr,15.large_stm_connectingPort,spray,15.large_stm_connectingPort/MassSpecData-02115-20261006-174407.csv,2026-10-06 17:29:29.326,15.3082
2026-10-06 17:44:48.026,7.1806e-11,Torr,15.large_stm_connectingPort,spray,15.large_stm_connectingPort/MassSpecData-02115-20261006-174407.csv,2026-10-06 17:29:29.326,15.311666666666667
2026-10-06 17:44:48.235,9.2946e-11,Torr,15.large_stm_connectingPort,spray,15.large_stm_connectingPort/MassSpecData-02115-20261006-174407.csv,2026-10-06 17:29:29.326,15.31515
2026-10-06 17:44:48.443,1.0606e-10,Torr,15.large_stm_connectingPort,spray,15.large_stm_connectingPort/MassSpecData-02115-20261006-174407.csv,2026-10-06 17:29:29.326,15.318616666666665
2026-10-06 17:44:48.651,9.0307e-11,Torr,15.large_stm_connectingPort,spray,15.large_stm_connectingPort/MassSpecData-02115-20261006-174407.csv,2026-10-06 17:29:29.326,15.322083333333333
2026-10-06 17:44:48.941,7.2725e-11,Torr,15.large_stm_connectingPort,spray,15.large_stm_connectingPort/MassSpecData-02115-20261006-174448.csv,2026-10-06 17:29:29.326,15.326916666666667
2026-10-06 17:44:49.149,7.837e-11,Torr,15.large_stm_connectingPort,spray,15.large_stm_connectingPort/MassSpecData-02115-20261006-174448.csv,2026-10-06 17:29:29.326,15.330383333333334
2026-10-06 17:44:49.358,7.9561e-11,Torr,15.large_stm_connectingPort,spray,15.large_stm_connectingPort/MassSpecData-02115-20261006-174448.csv,2026-10-06 17:29:29.326,15.333866666666667
2026-10-06 17:44:49.566,8.5756e-11,Torr,15.large_stm_connectingPort,spray,15.large_stm_connectingPort/MassSpecData-02115-20261006-174448.csv,2026-10-06 17:29:29.326,15.337333333333333
2026-10-06 17:44:49.774,8.086e-11,Torr,15.large_stm_connectingPort,spray,15.large_stm_connectingPort/MassSpecData-02115-20261006-174448.csv,2026-10-06 17:29:29.326,15.3408
2026-10-06 17:44:49.983,6.7041e-11,Torr,15.large_stm_connectingPort,spray,15.large_stm_connectingPort/MassSpecData-02115-20261006-174448.csv,2026-10-06 17:29:29.326,15.344283333333333
2026-10-06 17:44:50.191,8.492e-11,Torr,15.large_stm_connectingPort,spray,15.large_stm_connectingPort/MassSpecData-02115-20261006-174448.csv,2026-10-06 17:29:29.326,15.34775
2026-10-06 17:44:50.399,8.7031e-11,Torr,15.large_stm_connectingPort,spray,15.large_stm_connectingPort/MassSpecData-02115-20261006-174448.csv,2026-10-06 17:29:29.326,15.351216666666666
2026-10-06 17:44:50.607,7.35e-11,Torr,15.large_stm_connectingPort,spray,15.large_stm_connectingPort/MassSpecData-02115-20261006-174448.csv,2026-10-06 17:29:29.326,15.354683333333332
2026-10-06 17:44:50.816,7.863e-11,Torr,15.large_stm_connectingPort,spray,15.large_stm_connectingPort/MassSpecData-02115-20261006-174448.csv,2026-10-06 17:29:29.326,15.358166666666667
2026-10-06 17:44:51.024,8.3784e-11,Torr,15.large_stm_connectingPort,spray,15.large_stm_connectingPort/MassSpecData-02115-20261006-174448.csv,2026-10-06 17:29:29.326,15.361633333333334
2026-10-06 17:44:51.233,8.1932e-11,Torr,15.large_stm_connectingPort,spray,15.large_stm_connectingPort/MassSpecData-02115-20261006-174448.csv,2026-10-06 17:29:29.326,15.365116666666667
2026-10-06 17:44:51.441,7.5084e-11,Torr,15.large_stm_connectingPort,spray,15.large_stm_connectingPort/MassSpecData-02115-20261006-174448.csv,2026-10-06 17:29:29.326,15.368583333333333
2026-10-06 17:44:51.649,7.9832e-11,Torr,15.large_stm_connectingPort,spray,15.large_stm_connectingPort/MassSpecData-02115-20261006-174448.csv,2026-10-06 17:29:29.326,15.37205
2026-10-06 17:44:51.858,8.6271e-11,Torr,15.large_stm_connectingPort,spray,15.large_stm_connectingPort/MassSpecData-02115-20261006-174448.csv,2026-10-06 17:29:29.326,15.375533333333333
2026-10-06 17:44:52.066,8.0991e-11,Torr,15.large_stm_connectingPort,spray,15.large_stm_connectingPort/MassSpecData-02115-20261006-174448.csv,2026-10-06 17:29:29.326,15.379
2026-10-06 17:44:52.274,7.883e-11,Torr,15.large_stm_connectingPort,spray,15.large_stm_connectingPort/MassSpecData-02115-20261006-174448.csv,2026-10-06 17:29:29.326,15.382466666666666
2026-10-06 17:44:52.483,8.725e-11,Torr,15.large_stm_connectingPort,spray,15.large_stm_connectingPort/MassSpecData-02115-20261006-174448.csv,2026-10-06 17:29:29.326,15.385950000000001
2026-10-06 17:44:52.691,9.2957e-11,Torr,15.large_stm_connectingPort,spray,15.large_stm_connectingPort/MassSpecData-02115-20261006-174448.csv,2026-10-06 17:29:29.326,15.389416666666667
2026-10-06 17:44:52.899,6.9652e-11,Torr,15.large_stm_connectingPort,spray,15.large_stm_connectingPort/MassSpecData-02115-20261006-174448.csv,2026-10-06 17:29:29.326,15.392883333333334
2026-10-06 17:44:53.108,8.7601e-11,Torr,15.large_stm_connectingPort,spray,15.large_stm_connectingPort/MassSpecData-02115-20261006-174448.csv,2026-10-06 17:29:29.326,15.396366666666667
2026-10-06 17:44:53.316,7.569e-11,Torr,15.large_stm_connectingPort,spray,15.large_stm_connectingPort/MassSpecData-02115-20261006-174448.csv,2026-10-06 17:29:29.326,15.399833333333333
2026-10-06 17:44:53.524,8.0582e-11,Torr,15.large_stm_connectingPort,spray,15.large_stm_connectingPort/MassSpecData-02115-20261006-174448.csv,2026-10-06 17:29:29.326,15.4033
2026-10-06 17:44:53.733,8.6743e-11,Torr,15.large_stm_connectingPort,spray,15.large_stm_connectingPort/MassSpecData-02115-20261006-174448.csv,2026-10-06 17:29:29.326,15.406783333333333
2026-10-06 17:44:53.941,7.5911e-11,Torr,15.large_stm_connectingPort,spray,15.large_stm_connectingPort/MassSpecData-02115-20261006-174448.csv,2026-10-06 17:29:29.326,15.41025
2026-10-06 17:44:54.149,8.5216e-11,Torr,15.large_stm_connectingPort,spray,15.large_stm_connectingPort/MassSpecData-02115-20261006-174448.csv,2026-10-06 17:29:29.326,15.413716666666666
2026-10-06 17:44:54.357,8.6501e-11,Torr,15.large_stm_connectingPort,spray,15.large_stm_connectingPort/MassSpecData-02115-20261006-174448.csv,2026-10-06 17:29:29.326,15.417183333333332
2026-10-06 17:44:54.566,8.1327e-11,Torr,15.large_stm_connectingPort,spray,15.large_stm_connectingPort/MassSpecData-02115-20261006-174448.csv,2026-10-06 17:29:29.326,15.420666666666667
2026-10-06 17:44:54.774,8.4531e-11,Torr,15.large_stm_connectingPort,spray,15.large_stm_connectingPort/MassSpecData-02115-20261006-174448.csv,2026-10-06 17:29:29.326,15.424133333333334
2026-10-06 17:44:54.982,6.7273e-11,Torr,15.large_stm_connectingPort,spray,15.large_stm_connectingPort/MassSpecData-02115-20261006-174448.csv,2026-10-06 17:29:29.326,15.4276
2026-10-06 17:44:55.191,8.2237e-11,Torr,15.large_stm_connectingPort,spray,15.large_stm_connectingPort/MassSpecData-02115-20261006-174448.csv,2026-10-06 17:29:29.326,15.431083333333333
2026-10-06 17:44:55.399,8.2946e-11,Torr,15.large_stm_connectingPort,spray,15.large_stm_connectingPort/MassSpecData-02115-20261006-174448.csv,2026-10-06 17:29:29.326,15.43455
2026-10-06 17:44:55.607,6.8326e-11,Torr,15.large_stm_connectingPort,spray,15.large_stm_connectingPort/MassSpecData-02115-20261006-174448.csv,2026-10-06 17:29:29.326,15.438016666666666
2026-10-06 17:44:55.816,8.3401e-11,Torr,15.large_stm_connectingPort,spray,15.large_stm_connectingPort/MassSpecData-02115-20261006-174448.csv,2026-10-06 17:29:29.326,15.4415
2026-10-06 17:44:56.024,6.7691e-11,Torr,15.large_stm_connectingPort,spray,15.large_stm_connectingPort/MassSpecData-02115-20261006-174448.csv,2026-10-06 17:29:29.326,15.444966666666666
2026-10-06 17:44:56.232,8.2982e-11,Torr,15.large_stm_connectingPort,spray,15.large_stm_connectingPort/MassSpecData-02115-20261006-174448.csv,2026-10-06 17:29:29.326,15.448433333333332
2026-10-06 17:44:56.441,8.7225e-11,Torr,15.large_stm_connectingPort,spray,15.large_stm_connectingPort/MassSpecData-02115-20261006-174448.csv,2026-10-06 17:29:29.326,15.451916666666667
2026-10-06 17:44:56.649,7.48e-11,Torr,15.large_stm_connectingPort,spray,15.large_stm_connectingPort/MassSpecData-02115-20261006-174448.csv,2026-10-06 17:29:29.326,15.455383333333334
2026-10-06 17:44:56.857,7.9239e-11,Torr,15.large_stm_connectingPort,spray,15.large_stm_connectingPort/MassSpecData-02115-20261006-174448.csv,2026-10-06 17:29:29.326,15.45885
2026-10-06 17:44:57.066,9.2147e-11,Torr,15.large_stm_connectingPort,spray,15.large_stm_connectingPort/MassSpecData-02115-20261006-174448.csv,2026-10-06 17:29:29.326,15.462333333333333
2026-10-06 17:44:57.274,8.0432e-11,Torr,15.large_stm_connectingPort,spray,15.large_stm_connectingPort/MassSpecData-02115-20261006-174448.csv,2026-10-06 17:29:29.326,15.4658
2026-10-06 17:44:57.482,7.8139e-11,Torr,15.large_stm_connectingPort,spray,15.large_stm_connectingPort/MassSpecData-02115-20261006-174448.csv,2026-10-06 17:29:29.326,15.469266666666666
2026-10-06 17:44:57.691,7.054e-11,Torr,15.large_stm_connectingPort,spray,15.large_stm_connectingPort/MassSpecData-02115-20261006-174448.csv,2026-10-06 17:29:29.326,15.47275
2026-10-06 17:44:57.899,8.6674e-11,Torr,15.large_stm_connectingPort,spray,15.large_stm_connectingPort/MassSpecData-02115-20261006-174448.csv,2026-10-06 17:29:29.326,15.476216666666666
2026-10-06 17:44:58.108,8.0776e-11,Torr,15.large_stm_connectingPort,spray,15.large_stm_connectingPort/MassSpecData-02115-20261006-174448.csv,2026-10-06 17:29:29.326,15.479700000000001
2026-10-06 17:44:58.316,7.8649e-11,Torr,15.large_stm_connectingPort,spray,15.large_stm_connectingPort/MassSpecData-02115-20261006-174448.csv,2026-10-06 17:29:29.326,15.483166666666667
2026-10-06 17:44:58.524,8.3805e-11,Torr,15.large_stm_connectingPort,spray,15.large_stm_connectingPort/MassSpecData-02115-20261006-174448.csv,2026-10-06 17:29:29.326,15.486633333333334
2026-10-06 17:44:58.733,9.0529e-11,Torr,15.large_stm_connectingPort,spray,15.large_stm_connectingPort/MassSpecData-02115-20261006-174448.csv,2026-10-06 17:29:29.326,15.490116666666667
2026-10-06 17:44:58.941,8.453e-11,Torr,15.large_stm_connectingPort,spray,15.large_stm_connectingPort/MassSpecData-02115-20261006-174448.csv,2026-10-06 17:29:29.326,15.493583333333333
2026-10-06 17:44:59.149,8.8598e-11,Torr,15.large_stm_connectingPort,spray,15.large_stm_connectingPort/MassSpecData-02115-20261006-174448.csv,2026-10-06 17:29:29.326,15.49705
2026-10-06 17:44:59.358,8.1641e-11,Torr,15.large_stm_connectingPort,spray,15.large_stm_connectingPort/MassSpecData-02115-20261006-174448.csv,2026-10-06 17:29:29.326,15.500533333333333
2026-10-06 17:44:59.566,1.083e-10,Torr,15.large_stm_connectingPort,spray,15.large_stm_connectingPort/MassSpecData-02115-20261006-174448.csv,2026-10-06 17:29:29.326,15.504
2026-10-06 17:44:59.774,8.8707e-11,Torr,15.large_stm_connectingPort,spray,15.large_stm_connectingPort/MassSpecData-02115-20261006-174448.csv,2026-10-06 17:29:29.326,15.507466666666666
2026-10-06 17:44:59.983,7.8169e-11,Torr,15.large_stm_connectingPort,spray,15.large_stm_connectingPort/MassSpecData-02115-20261006-174448.csv,2026-10-06 17:29:29.326,15.510950000000001
2026-10-06 17:45:00.191,7.4423e-11,Torr,15.large_stm_connectingPort,spray,15.large_stm_connectingPort/MassSpecData-02115-20261006-174448.csv,2026-10-06 17:29:29.326,15.514416666666667
2026-10-06 17:45:00.399,8.2814e-11,Torr,15.large_stm_connectingPort,spray,15.large_stm_connectingPort/MassSpecData-02115-20261006-174448.csv,2026-10-06 17:29:29.326,15.517883333333334
2026-10-06 17:45:00.608,7.6286e-11,Torr,15.large_stm_connectingPort,spray,15.large_stm_connectingPort/MassSpecData-02115-20261006-174448.csv,2026-10-06 17:29:29.326,15.521366666666667
2026-10-06 17:45:00.816,8.3344e-11,Torr,15.large_stm_connectingPort,spray,15.large_stm_connectingPort/MassSpecData-02115-20261006-174448.csv,2026-10-06 17:29:29.326,15.524833333333333
2026-10-06 17:45:01.024,8.4945e-11,Torr,15.large_stm_connectingPort,spray,15.large_stm_connectingPort/MassSpecData-02115-20261006-174448.csv,2026-10-06 17:29:29.326,15.5283
2026-10-06 17:45:01.233,7.8128e-11,Torr,15.large_stm_connectingPort,spray,15.large_stm_connectingPort/MassSpecData-02115-20261006-174448.csv,2026-10-06 17:29:29.326,15.531783333333333
2026-10-06 17:45:01.441,7.2663e-11,Torr,15.large_stm_connectingPort,spray,15.large_stm_connectingPort/MassSpecData-02115-20261006-174448.csv,2026-10-06 17:29:29.326,15.53525
2026-10-06 17:45:01.649,6.4034e-11,Torr,15.large_stm_connectingPort,spray,15.large_stm_connectingPort/MassSpecData-02115-20261006-174448.csv,2026-10-06 17:29:29.326,15.538716666666666
2026-10-06 17:45:01.858,7.008e-11,Torr,15.large_stm_connectingPort,spray,15.large_stm_connectingPort/MassSpecData-02115-20261006-174448.csv,2026-10-06 17:29:29.326,15.542200000000001
2026-10-06 17:45:02.066,8.0301e-11,Torr,15.large_stm_connectingPort,spray,15.large_stm_connectingPort/MassSpecData-02115-20261006-174448.csv,2026-10-06 17:29:29.326,15.545666666666667
2026-10-06 17:45:02.274,8.058e-11,Torr,15.large_stm_connectingPort,spray,15.large_stm_connectingPort/MassSpecData-02115-20261006-174448.csv,2026-10-06 17:29:29.326,15.549133333333334
2026-10-06 17:45:02.483,8.919e-11,Torr,15.large_stm_connectingPort,spray,15.large_stm_connectingPort/MassSpecData-02115-20261006-174448.csv,2026-10-06 17:29:29.326,15.552616666666667
2026-10-06 17:45:02.691,7.7193e-11,Torr,15.large_stm_connectingPort,spray,15.large_stm_connectingPort/MassSpecData-02115-20261006-174448.csv,2026-10-06 17:29:29.326,15.556083333333333
2026-10-06 17:45:02.899,9.0894e-11,Torr,15.large_stm_connectingPort,spray,15.large_stm_connectingPort/MassSpecData-02115-20261006-174448.csv,2026-10-06 17:29:29.326,15.55955
2026-10-06 17:45:03.108,7.4881e-11,Torr,15.large_stm_connectingPort,spray,15.large_stm_connectingPort/MassSpecData-02115-20261006-174448.csv,2026-10-06 17:29:29.326,15.563033333333333
2026-10-06 17:45:03.316,8.5894e-11,Torr,15.large_stm_connectingPort,spray,15.large_stm_connectingPort/MassSpecData-02115-20261006-174448.csv,2026-10-06 17:29:29.326,15.5665
2026-10-06 17:45:03.524,8.108e-11,Torr,15.large_stm_connectingPort,spray,15.large_stm_connectingPort/MassSpecData-02115-20261006-174448.csv,2026-10-06 17:29:29.326,15.569966666666666
2026-10-06 17:45:03.733,8.0399e-11,Torr,15.large_stm_connectingPort,spray,15.large_stm_connectingPort/MassSpecData-02115-20261006-174448.csv,2026-10-06 17:29:29.326,15.573450000000001
2026-10-06 17:45:03.941,7.4816e-11,Torr,15.large_stm_connectingPort,spray,15.large_stm_connectingPort/MassSpecData-02115-20261006-174448.csv,2026-10-06 17:29:29.326,15.576916666666667
2026-10-06 17:45:04.149,7.3787e-11,Torr,15.large_stm_connectingPort,spray,15.large_stm_connectingPort/MassSpecData-02115-20261006-174448.csv,2026-10-06 17:29:29.326,15.580383333333334
2026-10-06 17:45:04.358,8.2327e-11,Torr,15.large_stm_connectingPort,spray,15.large_stm_connectingPort/MassSpecData-02115-20261006-174448.csv,2026-10-06 17:29:29.326,15.583866666666667
2026-10-06 17:45:04.566,7.3012e-11,Torr,15.large_stm_connectingPort,spray,15.large_stm_connectingPort/MassSpecData-02115-20261006-174448.csv,2026-10-06 17:29:29.326,15.587333333333333
2026-10-06 17:45:04.774,8.309e-11,Torr,15.large_stm_connectingPort,spray,15.large_stm_connectingPort/MassSpecData-02115-20261006-174448.csv,2026-10-06 17:29:29.326,15.5908
2026-10-06 17:45:04.983,8.987e-11,Torr,15.large_stm_connectingPort,spray,15.large_stm_connectingPort/MassSpecData-02115-20261006-174448.csv,2026-10-06 17:29:29.326,15.594283333333333
2026-10-06 17:45:05.191,7.6897e-11,Torr,15.large_stm_connectingPort,spray,15.large_stm_connectingPort/MassSpecData-02115-20261006-174448.csv,2026-10-06 17:29:29.326,15.59775
2026-10-06 17:45:05.399,7.1812e-11,Torr,15.large_stm_connectingPort,spray,15.large_stm_connectingPort/MassSpecData-02115-20261006-174448.csv,2026-10-06 17:29:29.326,15.601216666666666
2026-10-06 17:45:05.608,8.7046e-11,Torr,15.large_stm_connectingPort,spray,15.large_stm_connectingPort/MassSpecData-02115-20261006-174448.csv,2026-10-06 17:29:29.326,15.604700000000001
2026-10-06 17:45:05.816,7.0607e-11,Torr,15.large_stm_connectingPort,spray,15.large_stm_connectingPort/MassSpecData-02115-20261006-174448.csv,2026-10-06 17:29:29.326,15.608166666666667
2026-10-06 17:45:06.024,7.5533e-11,Torr,15.large_stm_connectingPort,spray,15.large_stm_connectingPort/MassSpecData-02115-20261006-174448.csv,2026-10-06 17:29:29.326,15.611633333333334
2026-10-06 17:45:06.233,7.6729e-11,Torr,15.large_stm_connectingPort,spray,15.large_stm_connectingPort/MassSpecData-02115-20261006-174448.csv,2026-10-06 17:29:29.326,15.615116666666667
2026-10-06 17:45:06.441,7.6717e-11,Torr,15.large_stm_connectingPort,spray,15.large_stm_connectingPort/MassSpecData-02115-20261006-174448.csv,2026-10-06 17:29:29.326,15.618583333333333
2026-10-06 17:45:06.649,7.7923e-11,Torr,15.large_stm_connectingPort,spray,15.large_stm_connectingPort/MassSpecData-02115-20261006-174448.csv,2026-10-06 17:29:29.326,15.62205
2026-10-06 17:45:06.858,8.1424e-11,Torr,15.large_stm_connectingPort,spray,15.large_stm_connectingPort/MassSpecData-02115-20261006-174448.csv,2026-10-06 17:29:29.326,15.625533333333333
2026-10-06 17:45:07.066,8.2305e-11,Torr,15.large_stm_connectingPort,spray,15.large_stm_connectingPort/MassSpecData-02115-20261006-174448.csv,2026-10-06 17:29:29.326,15.629
2026-10-06 17:45:07.274,9.2077e-11,Torr,15.large_stm_connectingPort,spray,15.large_stm_connectingPort/MassSpecData-02115-20261006-174448.csv,2026-10-06 17:29:29.326,15.632466666666666
2026-10-06 17:45:07.483,7.0938e-11,Torr,15.large_stm_connectingPort,spray,15.large_stm_connectingPort/MassSpecData-02115-20261006-174448.csv,2026-10-06 17:29:29.326,15.635950000000001
2026-10-06 17:45:07.691,7.7143e-11,Torr,15.large_stm_connectingPort,spray,15.large_stm_connectingPort/MassSpecData-02115-20261006-174448.csv,2026-10-06 17:29:29.326,15.639416666666667
2026-10-06 17:45:07.899,8.1785e-11,Torr,15.large_stm_connectingPort,spray,15.large_stm_connectingPort/MassSpecData-02115-20261006-174448.csv,2026-10-06 17:29:29.326,15.642883333333334
2026-10-06 17:45:08.108,7.4591e-11,Torr,15.large_stm_connectingPort,spray,15.large_stm_connectingPort/MassSpecData-02115-20261006-174448.csv,2026-10-06 17:29:29.326,15.646366666666667
2026-10-06 17:45:08.316,7.7036e-11,Torr,15.large_stm_connectingPort,spray,15.large_stm_connectingPort/MassSpecData-02115-20261006-174448.csv,2026-10-06 17:29:29.326,15.649833333333333
2026-10-06 17:45:08.524,9.2607e-11,Torr,15.large_stm_connectingPort,spray,15.large_stm_connectingPort/MassSpecData-02115-20261006-174448.csv,2026-10-06 17:29:29.326,15.6533
2026-10-06 17:45:08.732,7.724e-11,Torr,15.large_stm_connectingPort,spray,15.large_stm_connectingPort/MassSpecData-02115-20261006-174448.csv,2026-10-06 17:29:29.326,15.656766666666666
2026-10-06 17:45:08.941,6.5796e-11,Torr,15.large_stm_connectingPort,spray,15.large_stm_connectingPort/MassSpecData-02115-20261006-174448.csv,2026-10-06 17:29:29.326,15.66025
2026-10-06 17:45:09.149,8.6191e-11,Torr,15.large_stm_connectingPort,spray,15.large_stm_connectingPort/MassSpecData-02115-20261006-174448.csv,2026-10-06 17:29:29.326,15.663716666666666
2026-10-06 17:45:09.357,9.3718e-11,Torr,15.large_stm_connectingPort,spray,15.large_stm_connectingPort/MassSpecData-02115-20261006-174448.csv,2026-10-06 17:29:29.326,15.667183333333332
2026-10-06 17:45:09.566,8.7128e-11,Torr,15.large_stm_connectingPort,spray,15.large_stm_connectingPort/MassSpecData-02115-20261006-174448.csv,2026-10-06 17:29:29.326,15.670666666666667
2026-10-06 17:45:09.774,6.7776e-11,Torr,15.large_stm_connectingPort,spray,15.large_stm_connectingPort/MassSpecData-02115-20261006-174448.csv,2026-10-06 17:29:29.326,15.674133333333334
2026-10-06 17:45:09.982,8.0765e-11,Torr,15.large_stm_connectingPort,spray,15.large_stm_connectingPort/MassSpecData-02115-20261006-174448.csv,2026-10-06 17:29:29.326,15.6776
2026-10-06 17:45:10.191,8.3184e-11,Torr,15.large_stm_connectingPort,spray,15.large_stm_connectingPort/MassSpecData-02115-20261006-174448.csv,2026-10-06 17:29:29.326,15.681083333333333
2026-10-06 17:45:10.399,8.0952e-11,Torr,15.large_stm_connectingPort,spray,15.large_stm_connectingPort/MassSpecData-02115-20261006-174448.csv,2026-10-06 17:29:29.326,15.68455
2026-10-06 17:45:10.607,7.5073e-11,Torr,15.large_stm_connectingPort,spray,15.large_stm_connectingPort/MassSpecData-02115-20261006-174448.csv,2026-10-06 17:29:29.326,15.688016666666666
2026-10-06 17:45:10.816,8.2603e-11,Torr,15.large_stm_connectingPort,spray,15.large_stm_connectingPort/MassSpecData-02115-20261006-174448.csv,2026-10-06 17:29:29.326,15.6915
2026-10-06 17:45:11.024,7.8073e-11,Torr,15.large_stm_connectingPort,spray,15.large_stm_connectingPort/MassSpecData-02115-20261006-174448.csv,2026-10-06 17:29:29.326,15.694966666666666
2026-10-06 17:45:11.232,7.5996e-11,Torr,15.large_stm_connectingPort,spray,15.large_stm_connectingPort/MassSpecData-02115-20261006-174448.csv,2026-10-06 17:29:29.326,15.698433333333332
2026-10-06 17:45:11.441,7.7742e-11,Torr,15.large_stm_connectingPort,spray,15.large_stm_connectingPort/MassSpecData-02115-20261006-174448.csv,2026-10-06 17:29:29.326,15.701916666666667
2026-10-06 17:45:11.649,7.2669e-11,Torr,15.large_stm_connectingPort,spray,15.large_stm_connectingPort/MassSpecData-02115-20261006-174448.csv,2026-10-06 17:29:29.326,15.705383333333334
2026-10-06 17:45:11.857,7.7188e-11,Torr,15.large_stm_connectingPort,spray,15.large_stm_connectingPort/MassSpecData-02115-20261006-174448.csv,2026-10-06 17:29:29.326,15.70885
2026-10-06 17:45:12.066,6.9232e-11,Torr,15.large_stm_connectingPort,spray,15.large_stm_connectingPort/MassSpecData-02115-20261006-174448.csv,2026-10-06 17:29:29.326,15.712333333333333
2026-10-06 17:45:12.274,9.1234e-11,Torr,15.large_stm_connectingPort,spray,15.large_stm_connectingPort/MassSpecData-02115-20261006-174448.csv,2026-10-06 17:29:29.326,15.7158
2026-10-06 17:45:12.482,7.0978e-11,Torr,15.large_stm_connectingPort,spray,15.large_stm_connectingPort/MassSpecData-02115-20261006-174448.csv,2026-10-06 17:29:29.326,15.719266666666666
2026-10-06 17:45:12.691,8.1453e-11,Torr,15.large_stm_connectingPort,spray,15.large_stm_connectingPort/MassSpecData-02115-20261006-174448.csv,2026-10-06 17:29:29.326,15.72275
2026-10-06 17:45:12.899,8.3588e-11,Torr,15.large_stm_connectingPort,spray,15.large_stm_connectingPort/MassSpecData-02115-20261006-174448.csv,2026-10-06 17:29:29.326,15.726216666666666
2026-10-06 17:45:13.107,7.3783e-11,Torr,15.large_stm_connectingPort,spray,15.large_stm_connectingPort/MassSpecData-02115-20261006-174448.csv,2026-10-06 17:29:29.326,15.729683333333332
2026-10-06 17:45:13.316,7.8772e-11,Torr,15.large_stm_connectingPort,spray,15.large_stm_connectingPort/MassSpecData-02115-20261006-174448.csv,2026-10-06 17:29:29.326,15.733166666666667
2026-10-06 17:45:13.524,7.2111e-11,Torr,15.large_stm_connectingPort,spray,15.large_stm_connectingPort/MassSpecData-02115-20261006-174448.csv,2026-10-06 17:29:29.326,15.736633333333334
2026-10-06 17:45:13.732,7.9141e-11,Torr,15.large_stm_connectingPort,spray,15.large_stm_connectingPort/MassSpecData-02115-20261006-174448.csv,2026-10-06 17:29:29.326,15.7401
2026-10-06 17:45:13.941,7.8501e-11,Torr,15.large_stm_connectingPort,spray,15.large_stm_connectingPort/MassSpecData-02115-20261006-174448.csv,2026-10-06 17:29:29.326,15.743583333333333
2026-10-06 17:45:14.149,6.9198e-11,Torr,15.large_stm_connectingPort,spray,15.large_stm_connectingPort/MassSpecData-02115-20261006-174448.csv,2026-10-06 17:29:29.326,15.74705
2026-10-06 17:45:14.357,8.257e-11,Torr,15.large_stm_connectingPort,spray,15.large_stm_connectingPort/MassSpecData-02115-20261006-174448.csv,2026-10-06 17:29:29.326,15.750516666666666
2026-10-06 17:45:14.566,8.0605e-11,Torr,15.large_stm_connectingPort,spray,15.large_stm_connectingPort/MassSpecData-02115-20261006-174448.csv,2026-10-06 17:29:29.326,15.754
2026-10-06 17:45:14.774,7.9702e-11,Torr,15.large_stm_connectingPort,spray,15.large_stm_connectingPort/MassSpecData-02115-20261006-174448.csv,2026-10-06 17:29:29.326,15.757466666666666
2026-10-06 17:45:14.982,8.7658e-11,Torr,15.large_stm_connectingPort,spray,15.large_stm_connectingPort/MassSpecData-02115-20261006-174448.csv,2026-10-06 17:29:29.326,15.760933333333332
2026-10-06 17:45:15.191,7.704e-11,Torr,15.large_stm_connectingPort,spray,15.large_stm_connectingPort/MassSpecData-02115-20261006-174448.csv,2026-10-06 17:29:29.326,15.764416666666667
2026-10-06 17:45:15.399,7.6081e-11,Torr,15.large_stm_connectingPort,spray,15.large_stm_connectingPort/MassSpecData-02115-20261006-174448.csv,2026-10-06 17:29:29.326,15.767883333333334
2026-10-06 17:45:15.607,8.0097e-11,Torr,15.large_stm_connectingPort,spray,15.large_stm_connectingPort/MassSpecData-02115-20261006-174448.csv,2026-10-06 17:29:29.326,15.77135
2026-10-06 17:45:15.816,7.5723e-11,Torr,15.large_stm_connectingPort,spray,15.large_stm_connectingPort/MassSpecData-02115-20261006-174448.csv,2026-10-06 17:29:29.326,15.774833333333333
2026-10-06 17:45:16.024,7.5299e-11,Torr,15.large_stm_connectingPort,spray,15.large_stm_connectingPort/MassSpecData-02115-20261006-174448.csv,2026-10-06 17:29:29.326,15.7783
2026-10-06 17:45:16.232,8.5157e-11,Torr,15.large_stm_connectingPort,spray,15.large_stm_connectingPort/MassSpecData-02115-20261006-174448.csv,2026-10-06 17:29:29.326,15.781766666666666
2026-10-06 17:45:16.441,8.0926e-11,Torr,15.large_stm_connectingPort,spray,15.large_stm_connectingPort/MassSpecData-02115-20261006-174448.csv,2026-10-06 17:29:29.326,15.78525
2026-10-06 17:45:16.649,6.9809e-11,Torr,15.large_stm_connectingPort,spray,15.large_stm_connectingPort/MassSpecData-02115-20261006-174448.csv,2026-10-06 17:29:29.326,15.788716666666666
2026-10-06 17:45:16.857,9.0024e-11,Torr,15.large_stm_connectingPort,spray,15.large_stm_connectingPort/MassSpecData-02115-20261006-174448.csv,2026-10-06 17:29:29.326,15.792183333333332
2026-10-06 17:45:17.066,7.4236e-11,Torr,15.large_stm_connectingPort,spray,15.large_stm_connectingPort/MassSpecData-02115-20261006-174448.csv,2026-10-06 17:29:29.326,15.795666666666667
2026-10-06 17:45:17.274,9.1332e-11,Torr,15.large_stm_connectingPort,spray,15.large_stm_connectingPort/MassSpecData-02115-20261006-174448.csv,2026-10-06 17:29:29.326,15.799133333333334
2026-10-06 17:45:17.482,9.3029e-11,Torr,15.large_stm_connectingPort,spray,15.large_stm_connectingPort/MassSpecData-02115-20261006-174448.csv,2026-10-06 17:29:29.326,15.8026
2026-10-06 17:45:17.691,8.3247e-11,Torr,15.large_stm_connectingPort,spray,15.large_stm_connectingPort/MassSpecData-02115-20261006-174448.csv,2026-10-06 17:29:29.326,15.806083333333333
2026-10-06 17:45:17.899,7.7514e-11,Torr,15.large_stm_connectingPort,spray,15.large_stm_connectingPort/MassSpecData-02115-20261006-174448.csv,2026-10-06 17:29:29.326,15.80955
2026-10-06 17:45:18.107,8.1107e-11,Torr,15.large_stm_connectingPort,spray,15.large_stm_connectingPort/MassSpecData-02115-20261006-174448.csv,2026-10-06 17:29:29.326,15.813016666666666
2026-10-06 17:45:18.316,7.5513e-11,Torr,15.large_stm_connectingPort,spray,15.large_stm_connectingPort/MassSpecData-02115-20261006-174448.csv,2026-10-06 17:29:29.326,15.8165
2026-10-06 17:45:18.524,8.842e-11,Torr,15.large_stm_connectingPort,spray,15.large_stm_connectingPort/MassSpecData-02115-20261006-174448.csv,2026-10-06 17:29:29.326,15.819966666666666
2026-10-06 17:45:18.732,8.0578e-11,Torr,15.large_stm_connectingPort,spray,15.large_stm_connectingPort/MassSpecData-02115-20261006-174448.csv,2026-10-06 17:29:29.326,15.823433333333332
2026-10-06 17:45:18.941,8.1826e-11,Torr,15.large_stm_connectingPort,spray,15.large_stm_connectingPort/MassSpecData-02115-20261006-174448.csv,2026-10-06 17:29:29.326,15.826916666666667
2026-10-06 17:45:19.149,7.0149e-11,Torr,15.large_stm_connectingPort,spray,15.large_stm_connectingPort/MassSpecData-02115-20261006-174448.csv,2026-10-06 17:29:29.326,15.830383333333334
2026-10-06 17:45:19.357,8.1202e-11,Torr,15.large_stm_connectingPort,spray,15.large_stm_connectingPort/MassSpecData-02115-20261006-174448.csv,2026-10-06 17:29:29.326,15.83385
2026-10-06 17:45:19.566,8.4377e-11,Torr,15.large_stm_connectingPort,spray,15.large_stm_connectingPort/MassSpecData-02115-20261006-174448.csv,2026-10-06 17:29:29.326,15.837333333333333
2026-10-06 17:45:19.774,7.1647e-11,Torr,15.large_stm_connectingPort,spray,15.large_stm_connectingPort/MassSpecData-02115-20261006-174448.csv,2026-10-06 17:29:29.326,15.8408
2026-10-06 17:45:19.982,7.3091e-11,Torr,15.large_stm_connectingPort,spray,15.large_stm_connectingPort/MassSpecData-02115-20261006-174448.csv,2026-10-06 17:29:29.326,15.844266666666666
2026-10-06 17:45:20.191,8.1044e-11,Torr,15.large_stm_connectingPort,spray,15.large_stm_connectingPort/MassSpecData-02115-20261006-174448.csv,2026-10-06 17:29:29.326,15.84775
2026-10-06 17:45:20.399,9.3167e-11,Torr,15.large_stm_connectingPort,spray,15.large_stm_connectingPort/MassSpecData-02115-20261006-174448.csv,2026-10-06 17:29:29.326,15.851216666666666
2026-10-06 17:45:20.607,7.0167e-11,Torr,15.large_stm_connectingPort,spray,15.large_stm_connectingPort/MassSpecData-02115-20261006-174448.csv,2026-10-06 17:29:29.326,15.854683333333332
2026-10-06 17:45:20.816,7.3688e-11,Torr,15.large_stm_connectingPort,spray,15.large_stm_connectingPort/MassSpecData-02115-20261006-174448.csv,2026-10-06 17:29:29.326,15.858166666666667
2026-10-06 17:45:21.024,7.1685e-11,Torr,15.large_stm_connectingPort,spray,15.large_stm_connectingPort/MassSpecData-02115-20261006-174448.csv,2026-10-06 17:29:29.326,15.861633333333334
2026-10-06 17:45:21.232,7.8261e-11,Torr,15.large_stm_connectingPort,spray,15.large_stm_connectingPort/MassSpecData-02115-20261006-174448.csv,2026-10-06 17:29:29.326,15.8651
2026-10-06 17:45:21.441,7.3379e-11,Torr,15.large_stm_connectingPort,spray,15.large_stm_connectingPort/MassSpecData-02115-20261006-174448.csv,2026-10-06 17:29:29.326,15.868583333333333
2026-10-06 17:45:21.649,8.2128e-11,Torr,15.large_stm_connectingPort,spray,15.large_stm_connectingPort/MassSpecData-02115-20261006-174448.csv,2026-10-06 17:29:29.326,15.87205
2026-10-06 17:45:21.857,8.9495e-11,Torr,15.large_stm_connectingPort,spray,15.large_stm_connectingPort/MassSpecData-02115-20261006-174448.csv,2026-10-06 17:29:29.326,15.875516666666666
2026-10-06 17:45:22.066,7.7047e-11,Torr,15.large_stm_connectingPort,spray,15.large_stm_connectingPort/MassSpecData-02115-20261006-174448.csv,2026-10-06 17:29:29.326,15.879
2026-10-06 17:45:22.274,8.5997e-11,Torr,15.large_stm_connectingPort,spray,15.large_stm_connectingPort/MassSpecData-02115-20261006-174448.csv,2026-10-06 17:29:29.326,15.882466666666666
2026-10-06 17:45:22.482,8.9114e-11,Torr,15.large_stm_connectingPort,spray,15.large_stm_connectingPort/MassSpecData-02115-20261006-174448.csv,2026-10-06 17:29:29.326,15.885933333333332
2026-10-06 17:45:22.691,8.6513e-11,Torr,15.large_stm_connectingPort,spray,15.large_stm_connectingPort/MassSpecData-02115-20261006-174448.csv,2026-10-06 17:29:29.326,15.889416666666667
2026-10-06 17:45:22.899,7.8666e-11,Torr,15.large_stm_connectingPort,spray,15.large_stm_connectingPort/MassSpecData-02115-20261006-174448.csv,2026-10-06 17:29:29.326,15.892883333333334
2026-10-06 17:45:23.107,8.2911e-11,Torr,15.large_stm_connectingPort,spray,15.large_stm_connectingPort/MassSpecData-02115-20261006-174448.csv,2026-10-06 17:29:29.326,15.89635
2026-10-06 17:45:23.316,8.459e-11,Torr,15.large_stm_connectingPort,spray,15.large_stm_connectingPort/MassSpecData-02115-20261006-174448.csv,2026-10-06 17:29:29.326,15.899833333333333
2026-10-06 17:45:23.524,7.5309e-11,Torr,15.large_stm_connectingPort,spray,15.large_stm_connectingPort/MassSpecData-02115-20261006-174448.csv,2026-10-06 17:29:29.326,15.9033
2026-10-06 17:45:23.732,8.036e-11,Torr,15.large_stm_connectingPort,spray,15.large_stm_connectingPort/MassSpecData-02115-20261006-174448.csv,2026-10-06 17:29:29.326,15.906766666666666
2026-10-06 17:45:23.941,6.428e-11,Torr,15.large_stm_connectingPort,spray,15.large_stm_connectingPort/MassSpecData-02115-20261006-174448.csv,2026-10-06 17:29:29.326,15.91025
2026-10-06 17:45:24.149,8.8686e-11,Torr,15.large_stm_connectingPort,spray,15.large_stm_connectingPort/MassSpecData-02115-20261006-174448.csv,2026-10-06 17:29:29.326,15.913716666666666
2026-10-06 17:45:24.357,8.3883e-11,Torr,15.large_stm_connectingPort,spray,15.large_stm_connectingPort/MassSpecData-02115-20261006-174448.csv,2026-10-06 17:29:29.326,15.917183333333332
2026-10-06 17:45:24.566,7.8479e-11,Torr,15.large_stm_connectingPort,spray,15.large_stm_connectingPort/MassSpecData-02115-20261006-174448.csv,2026-10-06 17:29:29.326,15.920666666666667
2026-10-06 17:45:24.774,8.4626e-11,Torr,15.large_stm_connectingPort,spray,15.large_stm_connectingPort/MassSpecData-02115-20261006-174448.csv,2026-10-06 17:29:29.326,15.924133333333334
2026-10-06 17:45:24.982,8.3124e-11,Torr,15.large_stm_connectingPort,spray,15.large_stm_connectingPort/MassSpecData-02115-20261006-174448.csv,2026-10-06 17:29:29.326,15.9276
2026-10-06 17:45:25.191,8.4158e-11,Torr,15.large_stm_connectingPort,spray,15.large_stm_connectingPort/MassSpecData-02115-20261006-174448.csv,2026-10-06 17:29:29.326,15.931083333333333
2026-10-06 17:45:25.399,6.5658e-11,Torr,15.large_stm_connectingPort,spray,15.large_stm_connectingPort/MassSpecData-02115-20261006-174448.csv,2026-10-06 17:29:29.326,15.93455
2026-10-06 17:45:25.607,7.8083e-11,Torr,15.large_stm_connectingPort,spray,15.large_stm_connectingPort/MassSpecData-02115-20261006-174448.csv,2026-10-06 17:29:29.326,15.938016666666666
2026-10-06 17:45:25.816,8.6408e-11,Torr,15.large_stm_connectingPort,spray,15.large_stm_connectingPort/MassSpecData-02115-20261006-174448.csv,2026-10-06 17:29:29.326,15.9415
2026-10-06 17:45:26.024,8.3827e-11,Torr,15.large_stm_connectingPort,spray,15.large_stm_connectingPort/MassSpecData-02115-20261006-174448.csv,2026-10-06 17:29:29.326,15.944966666666666
2026-10-06 17:45:26.232,7.4256e-11,Torr,15.large_stm_connectingPort,spray,15.large_stm_connectingPort/MassSpecData-02115-20261006-174448.csv,2026-10-06 17:29:29.326,15.948433333333332
2026-10-06 17:45:26.441,7.7272e-11,Torr,15.large_stm_connectingPort,spray,15.large_stm_connectingPort/MassSpecData-02115-20261006-174448.csv,2026-10-06 17:29:29.326,15.951916666666667
2026-10-06 17:45:26.649,7.3285e-11,Torr,15.large_stm_connectingPort,spray,15.large_stm_connectingPort/MassSpecData-02115-20261006-174448.csv,2026-10-06 17:29:29.326,15.955383333333334
2026-10-06 17:45:26.858,8.7432e-11,Torr,15.large_stm_connectingPort,spray,15.large_stm_connectingPort/MassSpecData-02115-20261006-174448.csv,2026-10-06 17:29:29.326,15.958866666666667
2026-10-06 17:45:27.066,8.1395e-11,Torr,15.large_stm_connectingPort,spray,15.large_stm_connectingPort/MassSpecData-02115-20261006-174448.csv,2026-10-06 17:29:29.326,15.962333333333333
2026-10-06 17:45:27.274,8.9718e-11,Torr,15.large_stm_connectingPort,spray,15.large_stm_connectingPort/MassSpecData-02115-20261006-174448.csv,2026-10-06 17:29:29.326,15.9658
2026-10-06 17:45:27.483,7.4823e-11,Torr,15.large_stm_connectingPort,spray,15.large_stm_connectingPort/MassSpecData-02115-20261006-174448.csv,2026-10-06 17:29:29.326,15.969283333333333
2026-10-06 17:45:27.691,8.6357e-11,Torr,15.large_stm_connectingPort,spray,15.large_stm_connectingPort/MassSpecData-02115-20261006-174448.csv,2026-10-06 17:29:29.326,15.97275
2026-10-06 17:45:27.899,6.9914e-11,Torr,15.large_stm_connectingPort,spray,15.large_stm_connectingPort/MassSpecData-02115-20261006-174448.csv,2026-10-06 17:29:29.326,15.976216666666666
2026-10-06 17:45:28.108,7.3596e-11,Torr,15.large_stm_connectingPort,spray,15.large_stm_connectingPort/MassSpecData-02115-20261006-174448.csv,2026-10-06 17:29:29.326,15.979700000000001
2026-10-06 17:45:28.316,8.2443e-11,Torr,15.large_stm_connectingPort,spray,15.large_stm_connectingPort/MassSpecData-02115-20261006-174448.csv,2026-10-06 17:29:29.326,15.983166666666667
2026-10-06 17:45:28.524,6.7918e-11,Torr,15.large_stm_connectingPort,spray,15.large_stm_connectingPort/MassSpecData-02115-20261006-174448.csv,2026-10-06 17:29:29.326,15.986633333333334
2026-10-06 17:45:28.733,7.5827e-11,Torr,15.large_stm_connectingPort,spray,15.large_stm_connectingPort/MassSpecData-02115-20261006-174448.csv,2026-10-06 17:29:29.326,15.990116666666667
2026-10-06 17:45:28.941,6.3938e-11,Torr,15.large_stm_connectingPort,spray,15.large_stm_connectingPort/MassSpecData-02115-20261006-174448.csv,2026-10-06 17:29:29.326,15.993583333333333
2026-10-06 17:45:29.149,7.8392e-11,Torr,15.large_stm_connectingPort,spray,15.large_stm_connectingPort/MassSpecData-02115-20261006-174448.csv,2026-10-06 17:29:29.326,15.99705
2026-10-06 17:45:29.358,8.0675e-11,Torr,15.large_stm_connectingPort,spray,15.large_stm_connectingPort/MassSpecData-02115-20261006-174448.csv,2026-10-06 17:29:29.326,16.000533333333333
2026-10-06 17:45:29.566,7.6662e-11,Torr,15.large_stm_connectingPort,spray,15.large_stm_connectingPort/MassSpecData-02115-20261006-174448.csv,2026-10-06 17:29:29.326,16.004
2026-10-06 17:45:29.774,8.3815e-11,Torr,15.large_stm_connectingPort,spray,15.large_stm_connectingPort/MassSpecData-02115-20261006-174448.csv,2026-10-06 17:29:29.326,16.007466666666666
2026-10-06 17:45:29.983,7.7167e-11,Torr,15.large_stm_connectingPort,spray,15.large_stm_connectingPort/MassSpecData-02115-20261006-174448.csv,2026-10-06 17:29:29.326,16.01095
2026-10-06 17:45:30.191,1.0362e-10,Torr,15.large_stm_connectingPort,spray,15.large_stm_connectingPort/MassSpecData-02115-20261006-174448.csv,2026-10-06 17:29:29.326,16.014416666666666
2026-10-06 17:45:30.399,8.0664e-11,Torr,15.large_stm_connectingPort,spray,15.large_stm_connectingPort/MassSpecData-02115-20261006-174448.csv,2026-10-06 17:29:29.326,16.017883333333334
2026-10-06 17:45:30.738,5.7498e-11,Torr,15.large_stm_connectingPort,spray,15.large_stm_connectingPort/MassSpecData-02115-20261006-174530.csv,2026-10-06 17:29:29.326,16.023533333333333
2026-10-06 17:45:30.946,8.1973e-11,Torr,15.large_stm_connectingPort,spray,15.large_stm_connectingPort/MassSpecData-02115-20261006-174530.csv,2026-10-06 17:29:29.326,16.027
2026-10-06 17:45:31.155,7.2792e-11,Torr,15.large_stm_connectingPort,spray,15.large_stm_connectingPort/MassSpecData-02115-20261006-174530.csv,2026-10-06 17:29:29.326,16.030483333333333
2026-10-06 17:45:31.363,7.7952e-11,Torr,15.large_stm_connectingPort,spray,15.large_stm_connectingPort/MassSpecData-02115-20261006-174530.csv,2026-10-06 17:29:29.326,16.03395
2026-10-06 17:45:31.571,9.0007e-11,Torr,15.large_stm_connectingPort,spray,15.large_stm_connectingPort/MassSpecData-02115-20261006-174530.csv,2026-10-06 17:29:29.326,16.037416666666665
2026-10-06 17:45:31.780,8.6943e-11,Torr,15.large_stm_connectingPort,spray,15.large_stm_connectingPort/MassSpecData-02115-20261006-174530.csv,2026-10-06 17:29:29.326,16.0409
2026-10-06 17:45:31.988,8.6134e-11,Torr,15.large_stm_connectingPort,spray,15.large_stm_connectingPort/MassSpecData-02115-20261006-174530.csv,2026-10-06 17:29:29.326,16.04436666666667
2026-10-06 17:45:32.196,8.0235e-11,Torr,15.large_stm_connectingPort,spray,15.large_stm_connectingPort/MassSpecData-02115-20261006-174530.csv,2026-10-06 17:29:29.326,16.047833333333333
2026-10-06 17:45:32.404,7.5983e-11,Torr,15.large_stm_connectingPort,spray,15.large_stm_connectingPort/MassSpecData-02115-20261006-174530.csv,2026-10-06 17:29:29.326,16.0513
2026-10-06 17:45:32.613,1.0332e-10,Torr,15.large_stm_connectingPort,spray,15.large_stm_connectingPort/MassSpecData-02115-20261006-174530.csv,2026-10-06 17:29:29.326,16.054783333333333
2026-10-06 17:45:32.821,7.6246e-11,Torr,15.large_stm_connectingPort,spray,15.large_stm_connectingPort/MassSpecData-02115-20261006-174530.csv,2026-10-06 17:29:29.326,16.05825
2026-10-06 17:45:33.030,6.938e-11,Torr,15.large_stm_connectingPort,spray,15.large_stm_connectingPort/MassSpecData-02115-20261006-174530.csv,2026-10-06 17:29:29.326,16.061733333333333
2026-10-06 17:45:33.238,7.9921e-11,Torr,15.large_stm_connectingPort,spray,15.large_stm_connectingPort/MassSpecData-02115-20261006-174530.csv,2026-10-06 17:29:29.326,16.0652
2026-10-06 17:45:33.446,7.8926e-11,Torr,15.large_stm_connectingPort,spray,15.large_stm_connectingPort/MassSpecData-02115-20261006-174530.csv,2026-10-06 17:29:29.326,16.068666666666665
2026-10-06 17:45:33.655,7.9777e-11,Torr,15.large_stm_connectingPort,spray,15.large_stm_connectingPort/MassSpecData-02115-20261006-174530.csv,2026-10-06 17:29:29.326,16.07215
2026-10-06 17:45:33.863,8.4723e-11,Torr,15.large_stm_connectingPort,spray,15.large_stm_connectingPort/MassSpecData-02115-20261006-174530.csv,2026-10-06 17:29:29.326,16.07561666666667
2026-10-06 17:45:34.071,7.0944e-11,Torr,15.large_stm_connectingPort,spray,15.large_stm_connectingPort/MassSpecData-02115-20261006-174530.csv,2026-10-06 17:29:29.326,16.079083333333333
2026-10-06 17:45:34.280,7.1148e-11,Torr,15.large_stm_connectingPort,spray,15.large_stm_connectingPort/MassSpecData-02115-20261006-174530.csv,2026-10-06 17:29:29.326,16.082566666666665
2026-10-06 17:45:34.488,7.2888e-11,Torr,15.large_stm_connectingPort,spray,15.large_stm_connectingPort/MassSpecData-02115-20261006-174530.csv,2026-10-06 17:29:29.326,16.086033333333333
2026-10-06 17:45:34.696,7.5011e-11,Torr,15.large_stm_connectingPort,spray,15.large_stm_connectingPort/MassSpecData-02115-20261006-174530.csv,2026-10-06 17:29:29.326,16.0895
2026-10-06 17:45:34.905,6.9033e-11,Torr,15.large_stm_connectingPort,spray,15.large_stm_connectingPort/MassSpecData-02115-20261006-174530.csv,2026-10-06 17:29:29.326,16.092983333333333
2026-10-06 17:45:35.113,9.0056e-11,Torr,15.large_stm_connectingPort,spray,15.large_stm_connectingPort/MassSpecData-02115-20261006-174530.csv,2026-10-06 17:29:29.326,16.09645
2026-10-06 17:45:35.321,8.456e-11,Torr,15.large_stm_connectingPort,spray,15.large_stm_connectingPort/MassSpecData-02115-20261006-174530.csv,2026-10-06 17:29:29.326,16.099916666666665
2026-10-06 17:45:35.530,8.0274e-11,Torr,15.large_stm_connectingPort,spray,15.large_stm_connectingPort/MassSpecData-02115-20261006-174530.csv,2026-10-06 17:29:29.326,16.1034
2026-10-06 17:45:35.738,9.8363e-11,Torr,15.large_stm_connectingPort,spray,15.large_stm_connectingPort/MassSpecData-02115-20261006-174530.csv,2026-10-06 17:29:29.326,16.10686666666667
2026-10-06 17:45:35.946,7.2076e-11,Torr,15.large_stm_connectingPort,spray,15.large_stm_connectingPort/MassSpecData-02115-20261006-174530.csv,2026-10-06 17:29:29.326,16.110333333333333
2026-10-06 17:45:36.154,7.7025e-11,Torr,15.large_stm_connectingPort,spray,15.large_stm_connectingPort/MassSpecData-02115-20261006-174530.csv,2026-10-06 17:29:29.326,16.1138
2026-10-06 17:45:36.363,7.2219e-11,Torr,15.large_stm_connectingPort,spray,15.large_stm_connectingPort/MassSpecData-02115-20261006-174530.csv,2026-10-06 17:29:29.326,16.117283333333333
2026-10-06 17:45:36.571,7.5636e-11,Torr,15.large_stm_connectingPort,spray,15.large_stm_connectingPort/MassSpecData-02115-20261006-174530.csv,2026-10-06 17:29:29.326,16.12075
2026-10-06 17:45:36.779,7.944e-11,Torr,15.large_stm_connectingPort,spray,15.large_stm_connectingPort/MassSpecData-02115-20261006-174530.csv,2026-10-06 17:29:29.326,16.124216666666666
2026-10-06 17:45:36.988,7.1767e-11,Torr,15.large_stm_connectingPort,spray,15.large_stm_connectingPort/MassSpecData-02115-20261006-174530.csv,2026-10-06 17:29:29.326,16.1277
2026-10-06 17:45:37.196,7.3012e-11,Torr,15.large_stm_connectingPort,spray,15.large_stm_connectingPort/MassSpecData-02115-20261006-174530.csv,2026-10-06 17:29:29.326,16.131166666666665
2026-10-06 17:45:37.404,1.0045e-10,Torr,15.large_stm_connectingPort,spray,15.large_stm_connectingPort/MassSpecData-02115-20261006-174530.csv,2026-10-06 17:29:29.326,16.134633333333333
2026-10-06 17:45:37.613,7.5778e-11,Torr,15.large_stm_connectingPort,spray,15.large_stm_connectingPort/MassSpecData-02115-20261006-174530.csv,2026-10-06 17:29:29.326,16.13811666666667
2026-10-06 17:45:37.821,9.5193e-11,Torr,15.large_stm_connectingPort,spray,15.large_stm_connectingPort/MassSpecData-02115-20261006-174530.csv,2026-10-06 17:29:29.326,16.141583333333333
2026-10-06 17:45:38.029,8.9662e-11,Torr,15.large_stm_connectingPort,spray,15.large_stm_connectingPort/MassSpecData-02115-20261006-174530.csv,2026-10-06 17:29:29.326,16.14505
2026-10-06 17:45:38.238,7.8862e-11,Torr,15.large_stm_connectingPort,spray,15.large_stm_connectingPort/MassSpecData-02115-20261006-174530.csv,2026-10-06 17:29:29.326,16.148533333333333
2026-10-06 17:45:38.446,8.8037e-11,Torr,15.large_stm_connectingPort,spray,15.large_stm_connectingPort/MassSpecData-02115-20261006-174530.csv,2026-10-06 17:29:29.326,16.152
2026-10-06 17:45:38.654,7.3891e-11,Torr,15.large_stm_connectingPort,spray,15.large_stm_connectingPort/MassSpecData-02115-20261006-174530.csv,2026-10-06 17:29:29.326,16.155466666666666
2026-10-06 17:45:38.863,8.6608e-11,Torr,15.large_stm_connectingPort,spray,15.large_stm_connectingPort/MassSpecData-02115-20261006-174530.csv,2026-10-06 17:29:29.326,16.15895
2026-10-06 17:45:39.071,7.2415e-11,Torr,15.large_stm_connectingPort,spray,15.large_stm_connectingPort/MassSpecData-02115-20261006-174530.csv,2026-10-06 17:29:29.326,16.162416666666665
2026-10-06 17:45:39.279,7.2597e-11,Torr,15.large_stm_connectingPort,spray,15.large_stm_connectingPort/MassSpecData-02115-20261006-174530.csv,2026-10-06 17:29:29.326,16.165883333333333
2026-10-06 17:45:39.488,8.6191e-11,Torr,15.large_stm_connectingPort,spray,15.large_stm_connectingPort/MassSpecData-02115-20261006-174530.csv,2026-10-06 17:29:29.326,16.16936666666667
2026-10-06 17:45:39.696,7.759e-11,Torr,15.large_stm_connectingPort,spray,15.large_stm_connectingPort/MassSpecData-02115-20261006-174530.csv,2026-10-06 17:29:29.326,16.172833333333333
2026-10-06 17:45:39.905,8.2768e-11,Torr,15.large_stm_connectingPort,spray,15.large_stm_connectingPort/MassSpecData-02115-20261006-174530.csv,2026-10-06 17:29:29.326,16.176316666666665
2026-10-06 17:45:40.113,8.6594e-11,Torr,15.large_stm_connectingPort,spray,15.large_stm_connectingPort/MassSpecData-02115-20261006-174530.csv,2026-10-06 17:29:29.326,16.179783333333333
2026-10-06 17:45:40.321,8.1673e-11,Torr,15.large_stm_connectingPort,spray,15.large_stm_connectingPort/MassSpecData-02115-20261006-174530.csv,2026-10-06 17:29:29.326,16.18325
2026-10-06 17:45:40.530,8.6819e-11,Torr,15.large_stm_connectingPort,spray,15.large_stm_connectingPort/MassSpecData-02115-20261006-174530.csv,2026-10-06 17:29:29.326,16.186733333333333
2026-10-06 17:45:40.738,8.0837e-11,Torr,15.large_stm_connectingPort,spray,15.large_stm_connectingPort/MassSpecData-02115-20261006-174530.csv,2026-10-06 17:29:29.326,16.1902
2026-10-06 17:45:40.946,6.139e-11,Torr,15.large_stm_connectingPort,spray,15.large_stm_connectingPort/MassSpecData-02115-20261006-174530.csv,2026-10-06 17:29:29.326,16.193666666666665
2026-10-06 17:45:41.155,7.4876e-11,Torr,15.large_stm_connectingPort,spray,15.large_stm_connectingPort/MassSpecData-02115-20261006-174530.csv,2026-10-06 17:29:29.326,16.19715
2026-10-06 17:45:41.363,8.4654e-11,Torr,15.large_stm_connectingPort,spray,15.large_stm_connectingPort/MassSpecData-02115-20261006-174530.csv,2026-10-06 17:29:29.326,16.20061666666667
2026-10-06 17:45:41.571,8.1058e-11,Torr,15.large_stm_connectingPort,spray,15.large_stm_connectingPort/MassSpecData-02115-20261006-174530.csv,2026-10-06 17:29:29.326,16.204083333333333
2026-10-06 17:45:41.780,9.0761e-11,Torr,15.large_stm_connectingPort,spray,15.large_stm_connectingPort/MassSpecData-02115-20261006-174530.csv,2026-10-06 17:29:29.326,16.207566666666665
2026-10-06 17:45:41.988,7.9366e-11,Torr,15.large_stm_connectingPort,spray,15.large_stm_connectingPort/MassSpecData-02115-20261006-174530.csv,2026-10-06 17:29:29.326,16.211033333333333
2026-10-06 17:45:42.196,8.067e-11,Torr,15.large_stm_connectingPort,spray,15.large_stm_connectingPort/MassSpecData-02115-20261006-174530.csv,2026-10-06 17:29:29.326,16.2145
2026-10-06 17:45:42.405,7.7986e-11,Torr,15.large_stm_connectingPort,spray,15.large_stm_connectingPort/MassSpecData-02115-20261006-174530.csv,2026-10-06 17:29:29.326,16.217983333333333
2026-10-06 17:45:42.613,7.2371e-11,Torr,15.large_stm_connectingPort,spray,15.large_stm_connectingPort/MassSpecData-02115-20261006-174530.csv,2026-10-06 17:29:29.326,16.22145
2026-10-06 17:45:42.821,9.7295e-11,Torr,15.large_stm_connectingPort,spray,15.large_stm_connectingPort/MassSpecData-02115-20261006-174530.csv,2026-10-06 17:29:29.326,16.224916666666665
2026-10-06 17:45:43.030,8.1671e-11,Torr,15.large_stm_connectingPort,spray,15.large_stm_connectingPort/MassSpecData-02115-20261006-174530.csv,2026-10-06 17:29:29.326,16.2284
2026-10-06 17:45:43.238,7.4429e-11,Torr,15.large_stm_connectingPort,spray,15.large_stm_connectingPort/MassSpecData-02115-20261006-174530.csv,2026-10-06 17:29:29.326,16.23186666666667
2026-10-06 17:45:43.446,8.2207e-11,Torr,15.large_stm_connectingPort,spray,15.large_stm_connectingPort/MassSpecData-02115-20261006-174530.csv,2026-10-06 17:29:29.326,16.235333333333333
2026-10-06 17:45:43.655,7.1972e-11,Torr,15.large_stm_connectingPort,spray,15.large_stm_connectingPort/MassSpecData-02115-20261006-174530.csv,2026-10-06 17:29:29.326,16.238816666666665
2026-10-06 17:45:43.863,8.114e-11,Torr,15.large_stm_connectingPort,spray,15.large_stm_connectingPort/MassSpecData-02115-20261006-174530.csv,2026-10-06 17:29:29.326,16.242283333333333
2026-10-06 17:45:44.071,9.2783e-11,Torr,15.large_stm_connectingPort,spray,15.large_stm_connectingPort/MassSpecData-02115-20261006-174530.csv,2026-10-06 17:29:29.326,16.24575
2026-10-06 17:45:44.280,8.6731e-11,Torr,15.large_stm_connectingPort,spray,15.large_stm_connectingPort/MassSpecData-02115-20261006-174530.csv,2026-10-06 17:29:29.326,16.249233333333333
2026-10-06 17:45:44.488,8.9366e-11,Torr,15.large_stm_connectingPort,spray,15.large_stm_connectingPort/MassSpecData-02115-20261006-174530.csv,2026-10-06 17:29:29.326,16.2527
2026-10-06 17:45:44.696,7.2501e-11,Torr,15.large_stm_connectingPort,spray,15.large_stm_connectingPort/MassSpecData-02115-20261006-174530.csv,2026-10-06 17:29:29.326,16.256166666666665
2026-10-06 17:45:44.905,6.9409e-11,Torr,15.large_stm_connectingPort,spray,15.large_stm_connectingPort/MassSpecData-02115-20261006-174530.csv,2026-10-06 17:29:29.326,16.25965
2026-10-06 17:45:45.113,7.1298e-11,Torr,15.large_stm_connectingPort,spray,15.large_stm_connectingPort/MassSpecData-02115-20261006-174530.csv,2026-10-06 17:29:29.326,16.26311666666667
2026-10-06 17:45:45.321,7.7111e-11,Torr,15.large_stm_connectingPort,spray,15.large_stm_connectingPort/MassSpecData-02115-20261006-174530.csv,2026-10-06 17:29:29.326,16.266583333333333
2026-10-06 17:45:45.530,8.4916e-11,Torr,15.large_stm_connectingPort,spray,15.large_stm_connectingPort/MassSpecData-02115-20261006-174530.csv,2026-10-06 17:29:29.326,16.270066666666665
2026-10-06 17:45:45.738,8.1402e-11,Torr,15.large_stm_connectingPort,spray,15.large_stm_connectingPort/MassSpecData-02115-20261006-174530.csv,2026-10-06 17:29:29.326,16.273533333333333
2026-10-06 17:45:45.946,8.8405e-11,Torr,15.large_stm_connectingPort,spray,15.large_stm_connectingPort/MassSpecData-02115-20261006-174530.csv,2026-10-06 17:29:29.326,16.277
2026-10-06 17:45:46.155,7.7304e-11,Torr,15.large_stm_connectingPort,spray,15.large_stm_connectingPort/MassSpecData-02115-20261006-174530.csv,2026-10-06 17:29:29.326,16.280483333333333
2026-10-06 17:45:46.363,8.3247e-11,Torr,15.large_stm_connectingPort,spray,15.large_stm_connectingPort/MassSpecData-02115-20261006-174530.csv,2026-10-06 17:29:29.326,16.28395
2026-10-06 17:45:46.571,9.0214e-11,Torr,15.large_stm_connectingPort,spray,15.large_stm_connectingPort/MassSpecData-02115-20261006-174530.csv,2026-10-06 17:29:29.326,16.287416666666665
2026-10-06 17:45:46.780,7.7164e-11,Torr,15.large_stm_connectingPort,spray,15.large_stm_connectingPort/MassSpecData-02115-20261006-174530.csv,2026-10-06 17:29:29.326,16.2909
2026-10-06 17:45:46.988,9.0687e-11,Torr,15.large_stm_connectingPort,spray,15.large_stm_connectingPort/MassSpecData-02115-20261006-174530.csv,2026-10-06 17:29:29.326,16.29436666666667
2026-10-06 17:45:47.196,7.7021e-11,Torr,15.large_stm_connectingPort,spray,15.large_stm_connectingPort/MassSpecData-02115-20261006-174530.csv,2026-10-06 17:29:29.326,16.297833333333333
2026-10-06 17:45:47.405,8.3765e-11,Torr,15.large_stm_connectingPort,spray,15.large_stm_connectingPort/MassSpecData-02115-20261006-174530.csv,2026-10-06 17:29:29.326,16.301316666666665
2026-10-06 17:45:47.613,6.5729e-11,Torr,15.large_stm_connectingPort,spray,15.large_stm_connectingPort/MassSpecData-02115-20261006-174530.csv,2026-10-06 17:29:29.326,16.304783333333333
2026-10-06 17:45:47.821,7.3372e-11,Torr,15.large_stm_connectingPort,spray,15.large_stm_connectingPort/MassSpecData-02115-20261006-174530.csv,2026-10-06 17:29:29.326,16.30825
2026-10-06 17:45:48.030,7.7768e-11,Torr,15.large_stm_connectingPort,spray,15.large_stm_connectingPort/MassSpecData-02115-20261006-174530.csv,2026-10-06 17:29:29.326,16.311733333333333
2026-10-06 17:45:48.238,8.8199e-11,Torr,15.large_stm_connectingPort,spray,15.large_stm_connectingPort/MassSpecData-02115-20261006-174530.csv,2026-10-06 17:29:29.326,16.3152
2026-10-06 17:45:48.446,8.8814e-11,Torr,15.large_stm_connectingPort,spray,15.large_stm_connectingPort/MassSpecData-02115-20261006-174530.csv,2026-10-06 17:29:29.326,16.318666666666665
2026-10-06 17:45:48.655,8.6983e-11,Torr,15.large_stm_connectingPort,spray,15.large_stm_connectingPort/MassSpecData-02115-20261006-174530.csv,2026-10-06 17:29:29.326,16.32215
2026-10-06 17:45:48.863,7.3387e-11,Torr,15.large_stm_connectingPort,spray,15.large_stm_connectingPort/MassSpecData-02115-20261006-174530.csv,2026-10-06 17:29:29.326,16.32561666666667
2026-10-06 17:45:49.071,6.8096e-11,Torr,15.large_stm_connectingPort,spray,15.large_stm_connectingPort/MassSpecData-02115-20261006-174530.csv,2026-10-06 17:29:29.326,16.329083333333333
2026-10-06 17:45:49.280,6.5545e-11,Torr,15.large_stm_connectingPort,spray,15.large_stm_connectingPort/MassSpecData-02115-20261006-174530.csv,2026-10-06 17:29:29.326,16.332566666666665
2026-10-06 17:45:49.488,8.8559e-11,Torr,15.large_stm_connectingPort,spray,15.large_stm_connectingPort/MassSpecData-02115-20261006-174530.csv,2026-10-06 17:29:29.326,16.336033333333333
2026-10-06 17:45:49.696,8.683e-11,Torr,15.large_stm_connectingPort,spray,15.large_stm_connectingPort/MassSpecData-02115-20261006-174530.csv,2026-10-06 17:29:29.326,16.3395
2026-10-06 17:45:49.905,7.8671e-11,Torr,15.large_stm_connectingPort,spray,15.large_stm_connectingPort/MassSpecData-02115-20261006-174530.csv,2026-10-06 17:29:29.326,16.342983333333333
2026-10-06 17:45:50.113,8.9978e-11,Torr,15.large_stm_connectingPort,spray,15.large_stm_connectingPort/MassSpecData-02115-20261006-174530.csv,2026-10-06 17:29:29.326,16.34645
2026-10-06 17:45:50.321,8.5755e-11,Torr,15.large_stm_connectingPort,spray,15.large_stm_connectingPort/MassSpecData-02115-20261006-174530.csv,2026-10-06 17:29:29.326,16.349916666666665
2026-10-06 17:45:50.529,6.3149e-11,Torr,15.large_stm_connectingPort,spray,15.large_stm_connectingPort/MassSpecData-02115-20261006-174530.csv,2026-10-06 17:29:29.326,16.353383333333333
2026-10-06 17:45:50.738,7.4738e-11,Torr,15.large_stm_connectingPort,spray,15.large_stm_connectingPort/MassSpecData-02115-20261006-174530.csv,2026-10-06 17:29:29.326,16.35686666666667
2026-10-06 17:45:50.946,6.1158e-11,Torr,15.large_stm_connectingPort,spray,15.large_stm_connectingPort/MassSpecData-02115-20261006-174530.csv,2026-10-06 17:29:29.326,16.360333333333333
2026-10-06 17:45:51.154,6.4117e-11,Torr,15.large_stm_connectingPort,spray,15.large_stm_connectingPort/MassSpecData-02115-20261006-174530.csv,2026-10-06 17:29:29.326,16.3638
2026-10-06 17:45:51.363,7.2494e-11,Torr,15.large_stm_connectingPort,spray,15.large_stm_connectingPort/MassSpecData-02115-20261006-174530.csv,2026-10-06 17:29:29.326,16.367283333333333
2026-10-06 17:45:51.571,7.3118e-11,Torr,15.large_stm_connectingPort,spray,15.large_stm_connectingPort/MassSpecData-02115-20261006-174530.csv,2026-10-06 17:29:29.326,16.37075
2026-10-06 17:45:51.779,7.5314e-11,Torr,15.large_stm_connectingPort,spray,15.large_stm_connectingPort/MassSpecData-02115-20261006-174530.csv,2026-10-06 17:29:29.326,16.374216666666666
2026-10-06 17:45:51.988,7.8113e-11,Torr,15.large_stm_connectingPort,spray,15.large_stm_connectingPort/MassSpecData-02115-20261006-174530.csv,2026-10-06 17:29:29.326,16.3777
2026-10-06 17:45:52.196,7.1011e-11,Torr,15.large_stm_connectingPort,spray,15.large_stm_connectingPort/MassSpecData-02115-20261006-174530.csv,2026-10-06 17:29:29.326,16.381166666666665
2026-10-06 17:45:52.404,6.3821e-11,Torr,15.large_stm_connectingPort,spray,15.large_stm_connectingPort/MassSpecData-02115-20261006-174530.csv,2026-10-06 17:29:29.326,16.384633333333333
2026-10-06 17:45:52.613,7.1086e-11,Torr,15.large_stm_connectingPort,spray,15.large_stm_connectingPort/MassSpecData-02115-20261006-174530.csv,2026-10-06 17:29:29.326,16.38811666666667
2026-10-06 17:45:52.821,7.5278e-11,Torr,15.large_stm_connectingPort,spray,15.large_stm_connectingPort/MassSpecData-02115-20261006-174530.csv,2026-10-06 17:29:29.326,16.391583333333333
2026-10-06 17:45:53.029,7.2887e-11,Torr,15.large_stm_connectingPort,spray,15.large_stm_connectingPort/MassSpecData-02115-20261006-174530.csv,2026-10-06 17:29:29.326,16.39505
2026-10-06 17:45:53.238,8.0528e-11,Torr,15.large_stm_connectingPort,spray,15.large_stm_connectingPort/MassSpecData-02115-20261006-174530.csv,2026-10-06 17:29:29.326,16.398533333333333
2026-10-06 17:45:53.446,8.421e-11,Torr,15.large_stm_connectingPort,spray,15.large_stm_connectingPort/MassSpecData-02115-20261006-174530.csv,2026-10-06 17:29:29.326,16.402
2026-10-06 17:45:53.654,8.0771e-11,Torr,15.large_stm_connectingPort,spray,15.large_stm_connectingPort/MassSpecData-02115-20261006-174530.csv,2026-10-06 17:29:29.326,16.405466666666666
2026-10-06 17:45:53.863,8.153e-11,Torr,15.large_stm_connectingPort,spray,15.large_stm_connectingPort/MassSpecData-02115-20261006-174530.csv,2026-10-06 17:29:29.326,16.40895
2026-10-06 17:45:54.071,7.3711e-11,Torr,15.large_stm_connectingPort,spray,15.large_stm_connectingPort/MassSpecData-02115-20261006-174530.csv,2026-10-06 17:29:29.326,16.412416666666665
2026-10-06 17:45:54.279,9.4323e-11,Torr,15.large_stm_connectingPort,spray,15.large_stm_connectingPort/MassSpecData-02115-20261006-174530.csv,2026-10-06 17:29:29.326,16.415883333333333
2026-10-06 17:45:54.488,7.1627e-11,Torr,15.large_stm_connectingPort,spray,15.large_stm_connectingPort/MassSpecData-02115-20261006-174530.csv,2026-10-06 17:29:29.326,16.41936666666667
2026-10-06 17:45:54.696,8.1688e-11,Torr,15.large_stm_connectingPort,spray,15.large_stm_connectingPort/MassSpecData-02115-20261006-174530.csv,2026-10-06 17:29:29.326,16.422833333333333
2026-10-06 17:45:54.904,9.086e-11,Torr,15.large_stm_connectingPort,spray,15.large_stm_connectingPort/MassSpecData-02115-20261006-174530.csv,2026-10-06 17:29:29.326,16.4263
2026-10-06 17:45:55.113,8.2047e-11,Torr,15.large_stm_connectingPort,spray,15.large_stm_connectingPort/MassSpecData-02115-20261006-174530.csv,2026-10-06 17:29:29.326,16.429783333333333
2026-10-06 17:45:55.321,7.147e-11,Torr,15.large_stm_connectingPort,spray,15.large_stm_connectingPort/MassSpecData-02115-20261006-174530.csv,2026-10-06 17:29:29.326,16.43325
2026-10-06 17:45:55.529,8.5952e-11,Torr,15.large_stm_connectingPort,spray,15.large_stm_connectingPort/MassSpecData-02115-20261006-174530.csv,2026-10-06 17:29:29.326,16.436716666666666
2026-10-06 17:45:55.738,8.4383e-11,Torr,15.large_stm_connectingPort,spray,15.large_stm_connectingPort/MassSpecData-02115-20261006-174530.csv,2026-10-06 17:29:29.326,16.4402
2026-10-06 17:45:55.946,8.1143e-11,Torr,15.large_stm_connectingPort,spray,15.large_stm_connectingPort/MassSpecData-02115-20261006-174530.csv,2026-10-06 17:29:29.326,16.443666666666665
2026-10-06 17:45:56.154,8.3691e-11,Torr,15.large_stm_connectingPort,spray,15.large_stm_connectingPort/MassSpecData-02115-20261006-174530.csv,2026-10-06 17:29:29.326,16.447133333333333
2026-10-06 17:45:56.363,7.8242e-11,Torr,15.large_stm_connectingPort,spray,15.large_stm_connectingPort/MassSpecData-02115-20261006-174530.csv,2026-10-06 17:29:29.326,16.45061666666667
2026-10-06 17:45:56.571,8.5504e-11,Torr,15.large_stm_connectingPort,spray,15.large_stm_connectingPort/MassSpecData-02115-20261006-174530.csv,2026-10-06 17:29:29.326,16.454083333333333
2026-10-06 17:45:56.779,7.1511e-11,Torr,15.large_stm_connectingPort,spray,15.large_stm_connectingPort/MassSpecData-02115-20261006-174530.csv,2026-10-06 17:29:29.326,16.45755
2026-10-06 17:45:56.988,9.4961e-11,Torr,15.large_stm_connectingPort,spray,15.large_stm_connectingPort/MassSpecData-02115-20261006-174530.csv,2026-10-06 17:29:29.326,16.461033333333333
2026-10-06 17:45:57.196,5.9795e-11,Torr,15.large_stm_connectingPort,spray,15.large_stm_connectingPort/MassSpecData-02115-20261006-174530.csv,2026-10-06 17:29:29.326,16.4645
2026-10-06 17:45:57.404,8.4493e-11,Torr,15.large_stm_connectingPort,spray,15.large_stm_connectingPort/MassSpecData-02115-20261006-174530.csv,2026-10-06 17:29:29.326,16.467966666666666
2026-10-06 17:45:57.613,7.9767e-11,Torr,15.large_stm_connectingPort,spray,15.large_stm_connectingPort/MassSpecData-02115-20261006-174530.csv,2026-10-06 17:29:29.326,16.47145
2026-10-06 17:45:57.821,6.9827e-11,Torr,15.large_stm_connectingPort,spray,15.large_stm_connectingPort/MassSpecData-02115-20261006-174530.csv,2026-10-06 17:29:29.326,16.474916666666665
2026-10-06 17:45:58.029,7.5762e-11,Torr,15.large_stm_connectingPort,spray,15.large_stm_connectingPort/MassSpecData-02115-20261006-174530.csv,2026-10-06 17:29:29.326,16.478383333333333
2026-10-06 17:45:58.238,6.8011e-11,Torr,15.large_stm_connectingPort,spray,15.large_stm_connectingPort/MassSpecData-02115-20261006-174530.csv,2026-10-06 17:29:29.326,16.48186666666667
2026-10-06 17:45:58.446,9.7913e-11,Torr,15.large_stm_connectingPort,spray,15.large_stm_connectingPort/MassSpecData-02115-20261006-174530.csv,2026-10-06 17:29:29.326,16.485333333333333
2026-10-06 17:45:58.654,1.0387e-10,Torr,15.large_stm_connectingPort,spray,15.large_stm_connectingPort/MassSpecData-02115-20261006-174530.csv,2026-10-06 17:29:29.326,16.4888
2026-10-06 17:45:58.863,8.5718e-11,Torr,15.large_stm_connectingPort,spray,15.large_stm_connectingPort/MassSpecData-02115-20261006-174530.csv,2026-10-06 17:29:29.326,16.492283333333333
2026-10-06 17:45:59.071,7.8635e-11,Torr,15.large_stm_connectingPort,spray,15.large_stm_connectingPort/MassSpecData-02115-20261006-174530.csv,2026-10-06 17:29:29.326,16.49575
2026-10-06 17:45:59.279,7.7181e-11,Torr,15.large_stm_connectingPort,spray,15.large_stm_connectingPort/MassSpecData-02115-20261006-174530.csv,2026-10-06 17:29:29.326,16.499216666666666
2026-10-06 17:45:59.488,7.2069e-11,Torr,15.large_stm_connectingPort,spray,15.large_stm_connectingPort/MassSpecData-02115-20261006-174530.csv,2026-10-06 17:29:29.326,16.5027
2026-10-06 17:45:59.696,8.4873e-11,Torr,15.large_stm_connectingPort,spray,15.large_stm_connectingPort/MassSpecData-02115-20261006-174530.csv,2026-10-06 17:29:29.326,16.506166666666665
2026-10-06 17:45:59.904,7.4216e-11,Torr,15.large_stm_connectingPort,spray,15.large_stm_connectingPort/MassSpecData-02115-20261006-174530.csv,2026-10-06 17:29:29.326,16.509633333333333
2026-10-06 17:46:00.113,7.9344e-11,Torr,15.large_stm_connectingPort,spray,15.large_stm_connectingPort/MassSpecData-02115-20261006-174530.csv,2026-10-06 17:29:29.326,16.51311666666667
2026-10-06 17:46:00.321,7.6729e-11,Torr,15.large_stm_connectingPort,spray,15.large_stm_connectingPort/MassSpecData-02115-20261006-174530.csv,2026-10-06 17:29:29.326,16.516583333333333
2026-10-06 17:46:00.529,7.9096e-11,Torr,15.large_stm_connectingPort,spray,15.large_stm_connectingPort/MassSpecData-02115-20261006-174530.csv,2026-10-06 17:29:29.326,16.52005
2026-10-06 17:46:00.738,7.9676e-11,Torr,15.large_stm_connectingPort,spray,15.large_stm_connectingPort/MassSpecData-02115-20261006-174530.csv,2026-10-06 17:29:29.326,16.523533333333333
2026-10-06 17:46:00.946,7.387e-11,Torr,15.large_stm_connectingPort,spray,15.large_stm_connectingPort/MassSpecData-02115-20261006-174530.csv,2026-10-06 17:29:29.326,16.527
2026-10-06 17:46:01.154,8.3486e-11,Torr,15.large_stm_connectingPort,spray,15.large_stm_connectingPort/MassSpecData-02115-20261006-174530.csv,2026-10-06 17:29:29.326,16.530466666666666
2026-10-06 17:46:01.363,8.1989e-11,Torr,15.large_stm_connectingPort,spray,15.large_stm_connectingPort/MassSpecData-02115-20261006-174530.csv,2026-10-06 17:29:29.326,16.53395
2026-10-06 17:46:01.571,7.3223e-11,Torr,15.large_stm_connectingPort,spray,15.large_stm_connectingPort/MassSpecData-02115-20261006-174530.csv,2026-10-06 17:29:29.326,16.537416666666665
2026-10-06 17:46:01.779,7.8726e-11,Torr,15.large_stm_connectingPort,spray,15.large_stm_connectingPort/MassSpecData-02115-20261006-174530.csv,2026-10-06 17:29:29.326,16.540883333333333
2026-10-06 17:46:01.988,7.4561e-11,Torr,15.large_stm_connectingPort,spray,15.large_stm_connectingPort/MassSpecData-02115-20261006-174530.csv,2026-10-06 17:29:29.326,16.54436666666667
2026-10-06 17:46:02.196,9.4398e-11,Torr,15.large_stm_connectingPort,spray,15.large_stm_connectingPort/MassSpecData-02115-20261006-174530.csv,2026-10-06 17:29:29.326,16.547833333333333
2026-10-06 17:46:02.404,7.2285e-11,Torr,15.large_stm_connectingPort,spray,15.large_stm_connectingPort/MassSpecData-02115-20261006-174530.csv,2026-10-06 17:29:29.326,16.5513
2026-10-06 17:46:02.613,6.6947e-11,Torr,15.large_stm_connectingPort,spray,15.large_stm_connectingPort/MassSpecData-02115-20261006-174530.csv,2026-10-06 17:29:29.326,16.554783333333333
2026-10-06 17:46:02.821,7.7527e-11,Torr,15.large_stm_connectingPort,spray,15.large_stm_connectingPort/MassSpecData-02115-20261006-174530.csv,2026-10-06 17:29:29.326,16.55825
2026-10-06 17:46:03.029,9.1385e-11,Torr,15.large_stm_connectingPort,spray,15.large_stm_connectingPort/MassSpecData-02115-20261006-174530.csv,2026-10-06 17:29:29.326,16.561716666666666
2026-10-06 17:46:03.238,7.8603e-11,Torr,15.large_stm_connectingPort,spray,15.large_stm_connectingPort/MassSpecData-02115-20261006-174530.csv,2026-10-06 17:29:29.326,16.5652
2026-10-06 17:46:03.446,7.3308e-11,Torr,15.large_stm_connectingPort,spray,15.large_stm_connectingPort/MassSpecData-02115-20261006-174530.csv,2026-10-06 17:29:29.326,16.568666666666665
2026-10-06 17:46:03.654,8.1644e-11,Torr,15.large_stm_connectingPort,spray,15.large_stm_connectingPort/MassSpecData-02115-20261006-174530.csv,2026-10-06 17:29:29.326,16.572133333333333
2026-10-06 17:46:03.863,7.8411e-11,Torr,15.large_stm_connectingPort,spray,15.large_stm_connectingPort/MassSpecData-02115-20261006-174530.csv,2026-10-06 17:29:29.326,16.57561666666667
2026-10-06 17:46:04.071,7.1197e-11,Torr,15.large_stm_connectingPort,spray,15.large_stm_connectingPort/MassSpecData-02115-20261006-174530.csv,2026-10-06 17:29:29.326,16.579083333333333
2026-10-06 17:46:04.279,8.2037e-11,Torr,15.large_stm_connectingPort,spray,15.large_stm_connectingPort/MassSpecData-02115-20261006-174530.csv,2026-10-06 17:29:29.326,16.58255
2026-10-06 17:46:04.488,7.2961e-11,Torr,15.large_stm_connectingPort,spray,15.large_stm_connectingPort/MassSpecData-02115-20261006-174530.csv,2026-10-06 17:29:29.326,16.586033333333333
2026-10-06 17:46:04.696,7.2427e-11,Torr,15.large_stm_connectingPort,spray,15.large_stm_connectingPort/MassSpecData-02115-20261006-174530.csv,2026-10-06 17:29:29.326,16.5895
2026-10-06 17:46:04.904,6.9909e-11,Torr,15.large_stm_connectingPort,spray,15.large_stm_connectingPort/MassSpecData-02115-20261006-174530.csv,2026-10-06 17:29:29.326,16.592966666666666
2026-10-06 17:46:05.113,7.6292e-11,Torr,15.large_stm_connectingPort,spray,15.large_stm_connectingPort/MassSpecData-02115-20261006-174530.csv,2026-10-06 17:29:29.326,16.59645
2026-10-06 17:46:05.321,8.8243e-11,Torr,15.large_stm_connectingPort,spray,15.large_stm_connectingPort/MassSpecData-02115-20261006-174530.csv,2026-10-06 17:29:29.326,16.599916666666665
2026-10-06 17:46:05.529,8.4843e-11,Torr,15.large_stm_connectingPort,spray,15.large_stm_connectingPort/MassSpecData-02115-20261006-174530.csv,2026-10-06 17:29:29.326,16.603383333333333
2026-10-06 17:46:05.738,7.3643e-11,Torr,15.large_stm_connectingPort,spray,15.large_stm_connectingPort/MassSpecData-02115-20261006-174530.csv,2026-10-06 17:29:29.326,16.60686666666667
2026-10-06 17:46:05.946,8.2978e-11,Torr,15.large_stm_connectingPort,spray,15.large_stm_connectingPort/MassSpecData-02115-20261006-174530.csv,2026-10-06 17:29:29.326,16.610333333333333
2026-10-06 17:46:06.154,6.6144e-11,Torr,15.large_stm_connectingPort,spray,15.large_stm_connectingPort/MassSpecData-02115-20261006-174530.csv,2026-10-06 17:29:29.326,16.6138
2026-10-06 17:46:06.363,7.713e-11,Torr,15.large_stm_connectingPort,spray,15.large_stm_connectingPort/MassSpecData-02115-20261006-174530.csv,2026-10-06 17:29:29.326,16.617283333333333
2026-10-06 17:46:06.571,8.8802e-11,Torr,15.large_stm_connectingPort,spray,15.large_stm_connectingPort/MassSpecData-02115-20261006-174530.csv,2026-10-06 17:29:29.326,16.62075
2026-10-06 17:46:06.779,9.3914e-11,Torr,15.large_stm_connectingPort,spray,15.large_stm_connectingPort/MassSpecData-02115-20261006-174530.csv,2026-10-06 17:29:29.326,16.624216666666666
2026-10-06 17:46:06.988,7.0487e-11,Torr,15.large_stm_connectingPort,spray,15.large_stm_connectingPort/MassSpecData-02115-20261006-174530.csv,2026-10-06 17:29:29.326,16.6277
2026-10-06 17:46:07.196,8.3646e-11,Torr,15.large_stm_connectingPort,spray,15.large_stm_connectingPort/MassSpecData-02115-20261006-174530.csv,2026-10-06 17:29:29.326,16.631166666666665
2026-10-06 17:46:07.404,9.1039e-11,Torr,15.large_stm_connectingPort,spray,15.large_stm_connectingPort/MassSpecData-02115-20261006-174530.csv,2026-10-06 17:29:29.326,16.634633333333333
2026-10-06 17:46:07.613,7.2711e-11,Torr,15.large_stm_connectingPort,spray,15.large_stm_connectingPort/MassSpecData-02115-20261006-174530.csv,2026-10-06 17:29:29.326,16.63811666666667
2026-10-06 17:46:07.821,7.5683e-11,Torr,15.large_stm_connectingPort,spray,15.large_stm_connectingPort/MassSpecData-02115-20261006-174530.csv,2026-10-06 17:29:29.326,16.641583333333333
2026-10-06 17:46:08.029,7.8242e-11,Torr,15.large_stm_connectingPort,spray,15.large_stm_connectingPort/MassSpecData-02115-20261006-174530.csv,2026-10-06 17:29:29.326,16.64505
2026-10-06 17:46:08.238,7.9566e-11,Torr,15.large_stm_connectingPort,spray,15.large_stm_connectingPort/MassSpecData-02115-20261006-174530.csv,2026-10-06 17:29:29.326,16.648533333333333
2026-10-06 17:46:08.446,8.4162e-11,Torr,15.large_stm_connectingPort,spray,15.large_stm_connectingPort/MassSpecData-02115-20261006-174530.csv,2026-10-06 17:29:29.326,16.652
2026-10-06 17:46:08.655,8.0259e-11,Torr,15.large_stm_connectingPort,spray,15.large_stm_connectingPort/MassSpecData-02115-20261006-174530.csv,2026-10-06 17:29:29.326,16.655483333333333
2026-10-06 17:46:08.863,8.2301e-11,Torr,15.large_stm_connectingPort,spray,15.large_stm_connectingPort/MassSpecData-02115-20261006-174530.csv,2026-10-06 17:29:29.326,16.65895
2026-10-06 17:46:09.071,6.6136e-11,Torr,15.large_stm_connectingPort,spray,15.large_stm_connectingPort/MassSpecData-02115-20261006-174530.csv,2026-10-06 17:29:29.326,16.662416666666665
2026-10-06 17:46:09.280,1.0995e-10,Torr,15.large_stm_connectingPort,spray,15.large_stm_connectingPort/MassSpecData-02115-20261006-174530.csv,2026-10-06 17:29:29.326,16.6659
2026-10-06 17:46:09.488,8.869e-11,Torr,15.large_stm_connectingPort,spray,15.large_stm_connectingPort/MassSpecData-02115-20261006-174530.csv,2026-10-06 17:29:29.326,16.66936666666667
2026-10-06 17:46:09.696,7.9544e-11,Torr,15.large_stm_connectingPort,spray,15.large_stm_connectingPort/MassSpecData-02115-20261006-174530.csv,2026-10-06 17:29:29.326,16.672833333333333
2026-10-06 17:46:09.905,7.0041e-11,Torr,15.large_stm_connectingPort,spray,15.large_stm_connectingPort/MassSpecData-02115-20261006-174530.csv,2026-10-06 17:29:29.326,16.676316666666665
2026-10-06 17:46:10.113,8.7074e-11,Torr,15.large_stm_connectingPort,spray,15.large_stm_connectingPort/MassSpecData-02115-20261006-174530.csv,2026-10-06 17:29:29.326,16.679783333333333
2026-10-06 17:46:10.321,9.3201e-11,Torr,15.large_stm_connectingPort,spray,15.large_stm_connectingPort/MassSpecData-02115-20261006-174530.csv,2026-10-06 17:29:29.326,16.68325
2026-10-06 17:46:10.530,9.3465e-11,Torr,15.large_stm_connectingPort,spray,15.large_stm_connectingPort/MassSpecData-02115-20261006-174530.csv,2026-10-06 17:29:29.326,16.686733333333333
2026-10-06 17:46:10.738,8.7536e-11,Torr,15.large_stm_connectingPort,spray,15.large_stm_connectingPort/MassSpecData-02115-20261006-174530.csv,2026-10-06 17:29:29.326,16.6902
2026-10-06 17:46:10.946,8.883e-11,Torr,15.large_stm_connectingPort,spray,15.large_stm_connectingPort/MassSpecData-02115-20261006-174530.csv,2026-10-06 17:29:29.326,16.693666666666665
2026-10-06 17:46:11.155,7.6972e-11,Torr,15.large_stm_connectingPort,spray,15.large_stm_connectingPort/MassSpecData-02115-20261006-174530.csv,2026-10-06 17:29:29.326,16.69715
2026-10-06 17:46:11.363,8.2829e-11,Torr,15.large_stm_connectingPort,spray,15.large_stm_connectingPort/MassSpecData-02115-20261006-174530.csv,2026-10-06 17:29:29.326,16.70061666666667
2026-10-06 17:46:11.571,9.1351e-11,Torr,15.large_stm_connectingPort,spray,15.large_stm_connectingPort/MassSpecData-02115-20261006-174530.csv,2026-10-06 17:29:29.326,16.704083333333333
2026-10-06 17:46:11.780,9.3609e-11,Torr,15.large_stm_connectingPort,spray,15.large_stm_connectingPort/MassSpecData-02115-20261006-174530.csv,2026-10-06 17:29:29.326,16.707566666666665
2026-10-06 17:46:11.988,7.6107e-11,Torr,15.large_stm_connectingPort,spray,15.large_stm_connectingPort/MassSpecData-02115-20261006-174530.csv,2026-10-06 17:29:29.326,16.711033333333333
2026-10-06 17:46:12.196,7.5453e-11,Torr,15.large_stm_connectingPort,spray,15.large_stm_connectingPort/MassSpecData-02115-20261006-174530.csv,2026-10-06 17:29:29.326,16.7145
2026-10-06 17:46:12.535,7.3578e-11,Torr,15.large_stm_connectingPort,spray,15.large_stm_connectingPort/MassSpecData-02115-20261006-174612.csv,2026-10-06 17:29:29.326,16.72015
2026-10-06 17:46:12.743,8.5703e-11,Torr,15.large_stm_connectingPort,spray,15.large_stm_connectingPort/MassSpecData-02115-20261006-174612.csv,2026-10-06 17:29:29.326,16.72361666666667
2026-10-06 17:46:12.952,7.6788e-11,Torr,15.large_stm_connectingPort,spray,15.large_stm_connectingPort/MassSpecData-02115-20261006-174612.csv,2026-10-06 17:29:29.326,16.7271
2026-10-06 17:46:13.160,9.9364e-11,Torr,15.large_stm_connectingPort,spray,15.large_stm_connectingPort/MassSpecData-02115-20261006-174612.csv,2026-10-06 17:29:29.326,16.730566666666665
2026-10-06 17:46:13.368,8.6202e-11,Torr,15.large_stm_connectingPort,spray,15.large_stm_connectingPort/MassSpecData-02115-20261006-174612.csv,2026-10-06 17:29:29.326,16.734033333333333
2026-10-06 17:46:13.577,8.3322e-11,Torr,15.large_stm_connectingPort,spray,15.large_stm_connectingPort/MassSpecData-02115-20261006-174612.csv,2026-10-06 17:29:29.326,16.737516666666668
2026-10-06 17:46:13.785,7.6951e-11,Torr,15.large_stm_connectingPort,spray,15.large_stm_connectingPort/MassSpecData-02115-20261006-174612.csv,2026-10-06 17:29:29.326,16.740983333333332
2026-10-06 17:46:13.993,8.6454e-11,Torr,15.large_stm_connectingPort,spray,15.large_stm_connectingPort/MassSpecData-02115-20261006-174612.csv,2026-10-06 17:29:29.326,16.74445
2026-10-06 17:46:14.201,9.2766e-11,Torr,15.large_stm_connectingPort,spray,15.large_stm_connectingPort/MassSpecData-02115-20261006-174612.csv,2026-10-06 17:29:29.326,16.747916666666665
2026-10-06 17:46:14.410,9.2139e-11,Torr,15.large_stm_connectingPort,spray,15.large_stm_connectingPort/MassSpecData-02115-20261006-174612.csv,2026-10-06 17:29:29.326,16.7514
2026-10-06 17:46:14.618,9.4404e-11,Torr,15.large_stm_connectingPort,spray,15.large_stm_connectingPort/MassSpecData-02115-20261006-174612.csv,2026-10-06 17:29:29.326,16.75486666666667
2026-10-06 17:46:14.827,7.6415e-11,Torr,15.large_stm_connectingPort,spray,15.large_stm_connectingPort/MassSpecData-02115-20261006-174612.csv,2026-10-06 17:29:29.326,16.75835
2026-10-06 17:46:15.035,8.9642e-11,Torr,15.large_stm_connectingPort,spray,15.large_stm_connectingPort/MassSpecData-02115-20261006-174612.csv,2026-10-06 17:29:29.326,16.761816666666665
2026-10-06 17:46:15.243,8.8298e-11,Torr,15.large_stm_connectingPort,spray,15.large_stm_connectingPort/MassSpecData-02115-20261006-174612.csv,2026-10-06 17:29:29.326,16.765283333333333
2026-10-06 17:46:15.452,6.0452e-11,Torr,15.large_stm_connectingPort,spray,15.large_stm_connectingPort/MassSpecData-02115-20261006-174612.csv,2026-10-06 17:29:29.326,16.768766666666668
2026-10-06 17:46:15.660,6.8144e-11,Torr,15.large_stm_connectingPort,spray,15.large_stm_connectingPort/MassSpecData-02115-20261006-174612.csv,2026-10-06 17:29:29.326,16.772233333333332
2026-10-06 17:46:15.868,7.2117e-11,Torr,15.large_stm_connectingPort,spray,15.large_stm_connectingPort/MassSpecData-02115-20261006-174612.csv,2026-10-06 17:29:29.326,16.7757
2026-10-06 17:46:16.077,7.7421e-11,Torr,15.large_stm_connectingPort,spray,15.large_stm_connectingPort/MassSpecData-02115-20261006-174612.csv,2026-10-06 17:29:29.326,16.779183333333332
2026-10-06 17:46:16.285,8.846e-11,Torr,15.large_stm_connectingPort,spray,15.large_stm_connectingPort/MassSpecData-02115-20261006-174612.csv,2026-10-06 17:29:29.326,16.78265
2026-10-06 17:46:16.493,7.9982e-11,Torr,15.large_stm_connectingPort,spray,15.large_stm_connectingPort/MassSpecData-02115-20261006-174612.csv,2026-10-06 17:29:29.326,16.78611666666667
2026-10-06 17:46:16.702,8.3474e-11,Torr,15.large_stm_connectingPort,spray,15.large_stm_connectingPort/MassSpecData-02115-20261006-174612.csv,2026-10-06 17:29:29.326,16.7896
2026-10-06 17:46:16.910,8.4133e-11,Torr,15.large_stm_connectingPort,spray,15.large_stm_connectingPort/MassSpecData-02115-20261006-174612.csv,2026-10-06 17:29:29.326,16.793066666666665
2026-10-06 17:46:17.118,7.2965e-11,Torr,15.large_stm_connectingPort,spray,15.large_stm_connectingPort/MassSpecData-02115-20261006-174612.csv,2026-10-06 17:29:29.326,16.796533333333333
2026-10-06 17:46:17.327,9.0769e-11,Torr,15.large_stm_connectingPort,spray,15.large_stm_connectingPort/MassSpecData-02115-20261006-174612.csv,2026-10-06 17:29:29.326,16.800016666666668
2026-10-06 17:46:17.535,8.2202e-11,Torr,15.large_stm_connectingPort,spray,15.large_stm_connectingPort/MassSpecData-02115-20261006-174612.csv,2026-10-06 17:29:29.326,16.803483333333332
2026-10-06 17:46:17.743,8.679e-11,Torr,15.large_stm_connectingPort,spray,15.large_stm_connectingPort/MassSpecData-02115-20261006-174612.csv,2026-10-06 17:29:29.326,16.80695
2026-10-06 17:46:17.951,7.8972e-11,Torr,15.large_stm_connectingPort,spray,15.large_stm_connectingPort/MassSpecData-02115-20261006-174612.csv,2026-10-06 17:29:29.326,16.810416666666665
2026-10-06 17:46:18.160,7.391e-11,Torr,15.large_stm_connectingPort,spray,15.large_stm_connectingPort/MassSpecData-02115-20261006-174612.csv,2026-10-06 17:29:29.326,16.8139
2026-10-06 17:46:18.368,6.5231e-11,Torr,15.large_stm_connectingPort,spray,15.large_stm_connectingPort/MassSpecData-02115-20261006-174612.csv,2026-10-06 17:29:29.326,16.81736666666667
2026-10-06 17:46:18.576,9.1622e-11,Torr,15.large_stm_connectingPort,spray,15.large_stm_connectingPort/MassSpecData-02115-20261006-174612.csv,2026-10-06 17:29:29.326,16.820833333333333
2026-10-06 17:46:18.785,6.1254e-11,Torr,15.large_stm_connectingPort,spray,15.large_stm_connectingPort/MassSpecData-02115-20261006-174612.csv,2026-10-06 17:29:29.326,16.824316666666665
2026-10-06 17:46:18.993,8.4043e-11,Torr,15.large_stm_connectingPort,spray,15.large_stm_connectingPort/MassSpecData-02115-20261006-174612.csv,2026-10-06 17:29:29.326,16.827783333333333
2026-10-06 17:46:19.201,8.0104e-11,Torr,15.large_stm_connectingPort,spray,15.large_stm_connectingPort/MassSpecData-02115-20261006-174612.csv,2026-10-06 17:29:29.326,16.83125
2026-10-06 17:46:19.410,8.1788e-11,Torr,15.large_stm_connectingPort,spray,15.large_stm_connectingPort/MassSpecData-02115-20261006-174612.csv,2026-10-06 17:29:29.326,16.834733333333332
2026-10-06 17:46:19.618,9.2655e-11,Torr,15.large_stm_connectingPort,spray,15.large_stm_connectingPort/MassSpecData-02115-20261006-174612.csv,2026-10-06 17:29:29.326,16.8382
2026-10-06 17:46:19.826,7.9216e-11,Torr,15.large_stm_connectingPort,spray,15.large_stm_connectingPort/MassSpecData-02115-20261006-174612.csv,2026-10-06 17:29:29.326,16.841666666666665
2026-10-06 17:46:20.035,7.8308e-11,Torr,15.large_stm_connectingPort,spray,15.large_stm_connectingPort/MassSpecData-02115-20261006-174612.csv,2026-10-06 17:29:29.326,16.84515
2026-10-06 17:46:20.243,7.8732e-11,Torr,15.large_stm_connectingPort,spray,15.large_stm_connectingPort/MassSpecData-02115-20261006-174612.csv,2026-10-06 17:29:29.326,16.84861666666667
2026-10-06 17:46:20.451,9.0393e-11,Torr,15.large_stm_connectingPort,spray,15.large_stm_connectingPort/MassSpecData-02115-20261006-174612.csv,2026-10-06 17:29:29.326,16.852083333333333
2026-10-06 17:46:20.660,8.0173e-11,Torr,15.large_stm_connectingPort,spray,15.large_stm_connectingPort/MassSpecData-02115-20261006-174612.csv,2026-10-06 17:29:29.326,16.855566666666665
2026-10-06 17:46:20.868,7.3748e-11,Torr,15.large_stm_connectingPort,spray,15.large_stm_connectingPort/MassSpecData-02115-20261006-174612.csv,2026-10-06 17:29:29.326,16.859033333333333
2026-10-06 17:46:21.076,6.6056e-11,Torr,15.large_stm_connectingPort,spray,15.large_stm_connectingPort/MassSpecData-02115-20261006-174612.csv,2026-10-06 17:29:29.326,16.8625
2026-10-06 17:46:21.285,7.8721e-11,Torr,15.large_stm_connectingPort,spray,15.large_stm_connectingPort/MassSpecData-02115-20261006-174612.csv,2026-10-06 17:29:29.326,16.865983333333332
2026-10-06 17:46:21.493,7.1276e-11,Torr,15.large_stm_connectingPort,spray,15.large_stm_connectingPort/MassSpecData-02115-20261006-174612.csv,2026-10-06 17:29:29.326,16.86945
2026-10-06 17:46:21.702,7.3479e-11,Torr,15.large_stm_connectingPort,spray,15.large_stm_connectingPort/MassSpecData-02115-20261006-174612.csv,2026-10-06 17:29:29.326,16.872933333333332
2026-10-06 17:46:21.910,7.8492e-11,Torr,15.large_stm_connectingPort,spray,15.large_stm_connectingPort/MassSpecData-02115-20261006-174612.csv,2026-10-06 17:29:29.326,16.8764
2026-10-06 17:46:22.118,7.6692e-11,Torr,15.large_stm_connectingPort,spray,15.large_stm_connectingPort/MassSpecData-02115-20261006-174612.csv,2026-10-06 17:29:29.326,16.87986666666667
2026-10-06 17:46:22.327,8.1675e-11,Torr,15.large_stm_connectingPort,spray,15.large_stm_connectingPort/MassSpecData-02115-20261006-174612.csv,2026-10-06 17:29:29.326,16.88335
2026-10-06 17:46:22.535,8.3642e-11,Torr,15.large_stm_connectingPort,spray,15.large_stm_connectingPort/MassSpecData-02115-20261006-174612.csv,2026-10-06 17:29:29.326,16.886816666666665
2026-10-06 17:46:22.743,8.9782e-11,Torr,15.large_stm_connectingPort,spray,15.large_stm_connectingPort/MassSpecData-02115-20261006-174612.csv,2026-10-06 17:29:29.326,16.890283333333333
2026-10-06 17:46:22.952,8.4726e-11,Torr,15.large_stm_connectingPort,spray,15.large_stm_connectingPort/MassSpecData-02115-20261006-174612.csv,2026-10-06 17:29:29.326,16.893766666666668
2026-10-06 17:46:23.160,7.4704e-11,Torr,15.large_stm_connectingPort,spray,15.large_stm_connectingPort/MassSpecData-02115-20261006-174612.csv,2026-10-06 17:29:29.326,16.897233333333332
2026-10-06 17:46:23.368,7.6461e-11,Torr,15.large_stm_connectingPort,spray,15.large_stm_connectingPort/MassSpecData-02115-20261006-174612.csv,2026-10-06 17:29:29.326,16.9007
2026-10-06 17:46:23.577,7.4046e-11,Torr,15.large_stm_connectingPort,spray,15.large_stm_connectingPort/MassSpecData-02115-20261006-174612.csv,2026-10-06 17:29:29.326,16.904183333333332
2026-10-06 17:46:23.785,8.8772e-11,Torr,15.large_stm_connectingPort,spray,15.large_stm_connectingPort/MassSpecData-02115-20261006-174612.csv,2026-10-06 17:29:29.326,16.90765
2026-10-06 17:46:23.993,8.3731e-11,Torr,15.large_stm_connectingPort,spray,15.large_stm_connectingPort/MassSpecData-02115-20261006-174612.csv,2026-10-06 17:29:29.326,16.91111666666667
2026-10-06 17:46:24.202,7.4323e-11,Torr,15.large_stm_connectingPort,spray,15.large_stm_connectingPort/MassSpecData-02115-20261006-174612.csv,2026-10-06 17:29:29.326,16.9146
2026-10-06 17:46:24.410,7.9349e-11,Torr,15.large_stm_connectingPort,spray,15.large_stm_connectingPort/MassSpecData-02115-20261006-174612.csv,2026-10-06 17:29:29.326,16.918066666666665
2026-10-06 17:46:24.618,8.5527e-11,Torr,15.large_stm_connectingPort,spray,15.large_stm_connectingPort/MassSpecData-02115-20261006-174612.csv,2026-10-06 17:29:29.326,16.921533333333333
2026-10-06 17:46:24.827,7.4694e-11,Torr,15.large_stm_connectingPort,spray,15.large_stm_connectingPort/MassSpecData-02115-20261006-174612.csv,2026-10-06 17:29:29.326,16.925016666666668
2026-10-06 17:46:25.035,7.644e-11,Torr,15.large_stm_connectingPort,spray,15.large_stm_connectingPort/MassSpecData-02115-20261006-174612.csv,2026-10-06 17:29:29.326,16.928483333333332
2026-10-06 17:46:25.243,9.0374e-11,Torr,15.large_stm_connectingPort,spray,15.large_stm_connectingPort/MassSpecData-02115-20261006-174612.csv,2026-10-06 17:29:29.326,16.93195
2026-10-06 17:46:25.452,7.9718e-11,Torr,15.large_stm_connectingPort,spray,15.large_stm_connectingPort/MassSpecData-02115-20261006-174612.csv,2026-10-06 17:29:29.326,16.935433333333332
2026-10-06 17:46:25.660,7.2158e-11,Torr,15.large_stm_connectingPort,spray,15.large_stm_connectingPort/MassSpecData-02115-20261006-174612.csv,2026-10-06 17:29:29.326,16.9389
2026-10-06 17:46:25.868,8.0108e-11,Torr,15.large_stm_connectingPort,spray,15.large_stm_connectingPort/MassSpecData-02115-20261006-174612.csv,2026-10-06 17:29:29.326,16.94236666666667
2026-10-06 17:46:26.077,7.7963e-11,Torr,15.large_stm_connectingPort,spray,15.large_stm_connectingPort/MassSpecData-02115-20261006-174612.csv,2026-10-06 17:29:29.326,16.94585
2026-10-06 17:46:26.285,9.2824e-11,Torr,15.large_stm_connectingPort,spray,15.large_stm_connectingPort/MassSpecData-02115-20261006-174612.csv,2026-10-06 17:29:29.326,16.949316666666665
2026-10-06 17:46:26.493,7.6608e-11,Torr,15.large_stm_connectingPort,spray,15.large_stm_connectingPort/MassSpecData-02115-20261006-174612.csv,2026-10-06 17:29:29.326,16.952783333333333
2026-10-06 17:46:26.702,7.0873e-11,Torr,15.large_stm_connectingPort,spray,15.large_stm_connectingPort/MassSpecData-02115-20261006-174612.csv,2026-10-06 17:29:29.326,16.956266666666668
2026-10-06 17:46:26.910,7.9523e-11,Torr,15.large_stm_connectingPort,spray,15.large_stm_connectingPort/MassSpecData-02115-20261006-174612.csv,2026-10-06 17:29:29.326,16.959733333333332
2026-10-06 17:46:27.118,7.3929e-11,Torr,15.large_stm_connectingPort,spray,15.large_stm_connectingPort/MassSpecData-02115-20261006-174612.csv,2026-10-06 17:29:29.326,16.9632
2026-10-06 17:46:27.327,7.5518e-11,Torr,15.large_stm_connectingPort,spray,15.large_stm_connectingPort/MassSpecData-02115-20261006-174612.csv,2026-10-06 17:29:29.326,16.966683333333332
2026-10-06 17:46:27.535,8.5604e-11,Torr,15.large_stm_connectingPort,spray,15.large_stm_connectingPort/MassSpecData-02115-20261006-174612.csv,2026-10-06 17:29:29.326,16.97015
2026-10-06 17:46:27.743,7.8675e-11,Torr,15.large_stm_connectingPort,spray,15.large_stm_connectingPort/MassSpecData-02115-20261006-174612.csv,2026-10-06 17:29:29.326,16.97361666666667
2026-10-06 17:46:27.952,7.168e-11,Torr,15.large_stm_connectingPort,spray,15.large_stm_connectingPort/MassSpecData-02115-20261006-174612.csv,2026-10-06 17:29:29.326,16.9771
2026-10-06 17:46:28.160,7.5368e-11,Torr,15.large_stm_connectingPort,spray,15.large_stm_connectingPort/MassSpecData-02115-20261006-174612.csv,2026-10-06 17:29:29.326,16.980566666666665
2026-10-06 17:46:28.368,8.0541e-11,Torr,15.large_stm_connectingPort,spray,15.large_stm_connectingPort/MassSpecData-02115-20261006-174612.csv,2026-10-06 17:29:29.326,16.984033333333333
2026-10-06 17:46:28.577,7.8818e-11,Torr,15.large_stm_connectingPort,spray,15.large_stm_connectingPort/MassSpecData-02115-20261006-174612.csv,2026-10-06 17:29:29.326,16.987516666666668
2026-10-06 17:46:28.785,7.6941e-11,Torr,15.large_stm_connectingPort,spray,15.large_stm_connectingPort/MassSpecData-02115-20261006-174612.csv,2026-10-06 17:29:29.326,16.990983333333332
2026-10-06 17:46:28.993,7.5551e-11,Torr,15.large_stm_connectingPort,spray,15.large_stm_connectingPort/MassSpecData-02115-20261006-174612.csv,2026-10-06 17:29:29.326,16.99445
2026-10-06 17:46:29.202,7.3044e-11,Torr,15.large_stm_connectingPort,spray,15.large_stm_connectingPort/MassSpecData-02115-20261006-174612.csv,2026-10-06 17:29:29.326,16.997933333333332
2026-10-06 17:46:29.410,8.6539e-11,Torr,15.large_stm_connectingPort,spray,15.large_stm_connectingPort/MassSpecData-02115-20261006-174612.csv,2026-10-06 17:29:29.326,17.0014
2026-10-06 17:46:29.618,5.9215e-11,Torr,15.large_stm_connectingPort,spray,15.large_stm_connectingPort/MassSpecData-02115-20261006-174612.csv,2026-10-06 17:29:29.326,17.00486666666667
2026-10-06 17:46:29.827,9.5734e-11,Torr,15.large_stm_connectingPort,spray,15.large_stm_connectingPort/MassSpecData-02115-20261006-174612.csv,2026-10-06 17:29:29.326,17.00835
2026-10-06 17:46:30.035,8.8322e-11,Torr,15.large_stm_connectingPort,spray,15.large_stm_connectingPort/MassSpecData-02115-20261006-174612.csv,2026-10-06 17:29:29.326,17.011816666666665
2026-10-06 17:46:30.243,7.4656e-11,Torr,15.large_stm_connectingPort,spray,15.large_stm_connectingPort/MassSpecData-02115-20261006-174612.csv,2026-10-06 17:29:29.326,17.015283333333333
2026-10-06 17:46:30.452,8.0148e-11,Torr,15.large_stm_connectingPort,spray,15.large_stm_connectingPort/MassSpecData-02115-20261006-174612.csv,2026-10-06 17:29:29.326,17.018766666666668
2026-10-06 17:46:30.660,6.6763e-11,Torr,15.large_stm_connectingPort,spray,15.large_stm_connectingPort/MassSpecData-02115-20261006-174612.csv,2026-10-06 17:29:29.326,17.022233333333332
2026-10-06 17:46:30.868,7.6334e-11,Torr,15.large_stm_connectingPort,spray,15.large_stm_connectingPort/MassSpecData-02115-20261006-174612.csv,2026-10-06 17:29:29.326,17.0257
2026-10-06 17:46:31.077,8.6593e-11,Torr,15.large_stm_connectingPort,spray,15.large_stm_connectingPort/MassSpecData-02115-20261006-174612.csv,2026-10-06 17:29:29.326,17.029183333333332
2026-10-06 17:46:31.285,8.0512e-11,Torr,15.large_stm_connectingPort,spray,15.large_stm_connectingPort/MassSpecData-02115-20261006-174612.csv,2026-10-06 17:29:29.326,17.03265
2026-10-06 17:46:31.493,7.9736e-11,Torr,15.large_stm_connectingPort,spray,15.large_stm_connectingPort/MassSpecData-02115-20261006-174612.csv,2026-10-06 17:29:29.326,17.03611666666667
2026-10-06 17:46:31.702,7.7239e-11,Torr,15.large_stm_connectingPort,spray,15.large_stm_connectingPort/MassSpecData-02115-20261006-174612.csv,2026-10-06 17:29:29.326,17.0396
2026-10-06 17:46:31.910,7.3733e-11,Torr,15.large_stm_connectingPort,spray,15.large_stm_connectingPort/MassSpecData-02115-20261006-174612.csv,2026-10-06 17:29:29.326,17.043066666666665
2026-10-06 17:46:32.118,7.8871e-11,Torr,15.large_stm_connectingPort,spray,15.large_stm_connectingPort/MassSpecData-02115-20261006-174612.csv,2026-10-06 17:29:29.326,17.046533333333333
2026-10-06 17:46:32.326,7.175e-11,Torr,15.large_stm_connectingPort,spray,15.large_stm_connectingPort/MassSpecData-02115-20261006-174612.csv,2026-10-06 17:29:29.326,17.05
2026-10-06 17:46:32.535,8.6246e-11,Torr,15.large_stm_connectingPort,spray,15.large_stm_connectingPort/MassSpecData-02115-20261006-174612.csv,2026-10-06 17:29:29.326,17.053483333333332
2026-10-06 17:46:32.743,7.3957e-11,Torr,15.large_stm_connectingPort,spray,15.large_stm_connectingPort/MassSpecData-02115-20261006-174612.csv,2026-10-06 17:29:29.326,17.05695
2026-10-06 17:46:32.951,7.3524e-11,Torr,15.large_stm_connectingPort,spray,15.large_stm_connectingPort/MassSpecData-02115-20261006-174612.csv,2026-10-06 17:29:29.326,17.060416666666665
2026-10-06 17:46:33.160,7.6104e-11,Torr,15.large_stm_connectingPort,spray,15.large_stm_connectingPort/MassSpecData-02115-20261006-174612.csv,2026-10-06 17:29:29.326,17.0639
2026-10-06 17:46:33.368,7.4624e-11,Torr,15.large_stm_connectingPort,spray,15.large_stm_connectingPort/MassSpecData-02115-20261006-174612.csv,2026-10-06 17:29:29.326,17.067366666666665
2026-10-06 17:46:33.576,7.1861e-11,Torr,15.large_stm_connectingPort,spray,15.large_stm_connectingPort/MassSpecData-02115-20261006-174612.csv,2026-10-06 17:29:29.326,17.070833333333333
2026-10-06 17:46:33.785,8.5931e-11,Torr,15.large_stm_connectingPort,spray,15.large_stm_connectingPort/MassSpecData-02115-20261006-174612.csv,2026-10-06 17:29:29.326,17.074316666666668
2026-10-06 17:46:33.993,8.34e-11,Torr,15.large_stm_connectingPort,spray,15.large_stm_connectingPort/MassSpecData-02115-20261006-174612.csv,2026-10-06 17:29:29.326,17.077783333333333
2026-10-06 17:46:34.201,7.4948e-11,Torr,15.large_stm_connectingPort,spray,15.large_stm_connectingPort/MassSpecData-02115-20261006-174612.csv,2026-10-06 17:29:29.326,17.08125
2026-10-06 17:46:34.410,7.1016e-11,Torr,15.large_stm_connectingPort,spray,15.large_stm_connectingPort/MassSpecData-02115-20261006-174612.csv,2026-10-06 17:29:29.326,17.084733333333336
2026-10-06 17:46:34.618,8.9615e-11,Torr,15.large_stm_connectingPort,spray,15.large_stm_connectingPort/MassSpecData-02115-20261006-174612.csv,2026-10-06 17:29:29.326,17.088199999999997
2026-10-06 17:46:34.826,7.0269e-11,Torr,15.large_stm_connectingPort,spray,15.large_stm_connectingPort/MassSpecData-02115-20261006-174612.csv,2026-10-06 17:29:29.326,17.091666666666665
2026-10-06 17:46:35.035,8.1244e-11,Torr,15.large_stm_connectingPort,spray,15.large_stm_connectingPort/MassSpecData-02115-20261006-174612.csv,2026-10-06 17:29:29.326,17.09515
2026-10-06 17:46:35.243,8.2011e-11,Torr,15.large_stm_connectingPort,spray,15.large_stm_connectingPort/MassSpecData-02115-20261006-174612.csv,2026-10-06 17:29:29.326,17.098616666666665
2026-10-06 17:46:35.451,7.1903e-11,Torr,15.large_stm_connectingPort,spray,15.large_stm_connectingPort/MassSpecData-02115-20261006-174612.csv,2026-10-06 17:29:29.326,17.102083333333333
2026-10-06 17:46:35.660,7.0991e-11,Torr,15.large_stm_connectingPort,spray,15.large_stm_connectingPort/MassSpecData-02115-20261006-174612.csv,2026-10-06 17:29:29.326,17.105566666666668
2026-10-06 17:46:35.868,1.1412e-10,Torr,15.large_stm_connectingPort,spray,15.large_stm_connectingPort/MassSpecData-02115-20261006-174612.csv,2026-10-06 17:29:29.326,17.109033333333333
2026-10-06 17:46:36.076,9.1263e-11,Torr,15.large_stm_connectingPort,spray,15.large_stm_connectingPort/MassSpecData-02115-20261006-174612.csv,2026-10-06 17:29:29.326,17.1125
2026-10-06 17:46:36.285,7.1683e-11,Torr,15.large_stm_connectingPort,spray,15.large_stm_connectingPort/MassSpecData-02115-20261006-174612.csv,2026-10-06 17:29:29.326,17.115983333333336
2026-10-06 17:46:36.493,7.2249e-11,Torr,15.large_stm_connectingPort,spray,15.large_stm_connectingPort/MassSpecData-02115-20261006-174612.csv,2026-10-06 17:29:29.326,17.119449999999997
2026-10-06 17:46:36.701,7.593e-11,Torr,15.large_stm_connectingPort,spray,15.large_stm_connectingPort/MassSpecData-02115-20261006-174612.csv,2026-10-06 17:29:29.326,17.122916666666665
2026-10-06 17:46:36.910,7.5528e-11,Torr,15.large_stm_connectingPort,spray,15.large_stm_connectingPort/MassSpecData-02115-20261006-174612.csv,2026-10-06 17:29:29.326,17.1264
2026-10-06 17:46:37.118,7.6675e-11,Torr,15.large_stm_connectingPort,spray,15.large_stm_connectingPort/MassSpecData-02115-20261006-174612.csv,2026-10-06 17:29:29.326,17.129866666666665
2026-10-06 17:46:37.326,6.3342e-11,Torr,15.large_stm_connectingPort,spray,15.large_stm_connectingPort/MassSpecData-02115-20261006-174612.csv,2026-10-06 17:29:29.326,17.133333333333333
2026-10-06 17:46:37.535,8.0208e-11,Torr,15.large_stm_connectingPort,spray,15.large_stm_connectingPort/MassSpecData-02115-20261006-174612.csv,2026-10-06 17:29:29.326,17.136816666666668
2026-10-06 17:46:37.743,8.5144e-11,Torr,15.large_stm_connectingPort,spray,15.large_stm_connectingPort/MassSpecData-02115-20261006-174612.csv,2026-10-06 17:29:29.326,17.140283333333333
2026-10-06 17:46:37.951,8.2025e-11,Torr,15.large_stm_connectingPort,spray,15.large_stm_connectingPort/MassSpecData-02115-20261006-174612.csv,2026-10-06 17:29:29.326,17.14375
2026-10-06 17:46:38.160,6.5419e-11,Torr,15.large_stm_connectingPort,spray,15.large_stm_connectingPort/MassSpecData-02115-20261006-174612.csv,2026-10-06 17:29:29.326,17.147233333333336
2026-10-06 17:46:38.368,8.5052e-11,Torr,15.large_stm_connectingPort,spray,15.large_stm_connectingPort/MassSpecData-02115-20261006-174612.csv,2026-10-06 17:29:29.326,17.150699999999997
2026-10-06 17:46:38.576,8.4444e-11,Torr,15.large_stm_connectingPort,spray,15.large_stm_connectingPort/MassSpecData-02115-20261006-174612.csv,2026-10-06 17:29:29.326,17.154166666666665
2026-10-06 17:46:38.785,7.4386e-11,Torr,15.large_stm_connectingPort,spray,15.large_stm_connectingPort/MassSpecData-02115-20261006-174612.csv,2026-10-06 17:29:29.326,17.15765
2026-10-06 17:46:38.993,7.739e-11,Torr,15.large_stm_connectingPort,spray,15.large_stm_connectingPort/MassSpecData-02115-20261006-174612.csv,2026-10-06 17:29:29.326,17.161116666666665
2026-10-06 17:46:39.201,9.2327e-11,Torr,15.large_stm_connectingPort,spray,15.large_stm_connectingPort/MassSpecData-02115-20261006-174612.csv,2026-10-06 17:29:29.326,17.164583333333333
2026-10-06 17:46:39.410,8.7145e-11,Torr,15.large_stm_connectingPort,spray,15.large_stm_connectingPort/MassSpecData-02115-20261006-174612.csv,2026-10-06 17:29:29.326,17.168066666666668
2026-10-06 17:46:39.618,8.1684e-11,Torr,15.large_stm_connectingPort,spray,15.large_stm_connectingPort/MassSpecData-02115-20261006-174612.csv,2026-10-06 17:29:29.326,17.171533333333333
2026-10-06 17:46:39.826,8.1631e-11,Torr,15.large_stm_connectingPort,spray,15.large_stm_connectingPort/MassSpecData-02115-20261006-174612.csv,2026-10-06 17:29:29.326,17.175
2026-10-06 17:46:40.035,8.5698e-11,Torr,15.large_stm_connectingPort,spray,15.large_stm_connectingPort/MassSpecData-02115-20261006-174612.csv,2026-10-06 17:29:29.326,17.178483333333336
2026-10-06 17:46:40.243,6.5753e-11,Torr,15.large_stm_connectingPort,spray,15.large_stm_connectingPort/MassSpecData-02115-20261006-174612.csv,2026-10-06 17:29:29.326,17.181949999999997
2026-10-06 17:46:40.451,8.1864e-11,Torr,15.large_stm_connectingPort,spray,15.large_stm_connectingPort/MassSpecData-02115-20261006-174612.csv,2026-10-06 17:29:29.326,17.185416666666665
2026-10-06 17:46:40.660,7.9389e-11,Torr,15.large_stm_connectingPort,spray,15.large_stm_connectingPort/MassSpecData-02115-20261006-174612.csv,2026-10-06 17:29:29.326,17.1889
2026-10-06 17:46:40.868,8.2277e-11,Torr,15.large_stm_connectingPort,spray,15.large_stm_connectingPort/MassSpecData-02115-20261006-174612.csv,2026-10-06 17:29:29.326,17.192366666666665
2026-10-06 17:46:41.076,7.044e-11,Torr,15.large_stm_connectingPort,spray,15.large_stm_connectingPort/MassSpecData-02115-20261006-174612.csv,2026-10-06 17:29:29.326,17.195833333333333
2026-10-06 17:46:41.285,7.5902e-11,Torr,15.large_stm_connectingPort,spray,15.large_stm_connectingPort/MassSpecData-02115-20261006-174612.csv,2026-10-06 17:29:29.326,17.199316666666668
2026-10-06 17:46:41.493,7.7374e-11,Torr,15.large_stm_connectingPort,spray,15.large_stm_connectingPort/MassSpecData-02115-20261006-174612.csv,2026-10-06 17:29:29.326,17.202783333333333
2026-10-06 17:46:41.701,8.677e-11,Torr,15.large_stm_connectingPort,spray,15.large_stm_connectingPort/MassSpecData-02115-20261006-174612.csv,2026-10-06 17:29:29.326,17.20625
2026-10-06 17:46:41.910,7.6526e-11,Torr,15.large_stm_connectingPort,spray,15.large_stm_connectingPort/MassSpecData-02115-20261006-174612.csv,2026-10-06 17:29:29.326,17.209733333333336
2026-10-06 17:46:42.118,8.6304e-11,Torr,15.large_stm_connectingPort,spray,15.large_stm_connectingPort/MassSpecData-02115-20261006-174612.csv,2026-10-06 17:29:29.326,17.213199999999997
2026-10-06 17:46:42.326,7.3559e-11,Torr,15.large_stm_connectingPort,spray,15.large_stm_connectingPort/MassSpecData-02115-20261006-174612.csv,2026-10-06 17:29:29.326,17.216666666666665
2026-10-06 17:46:42.535,7.9846e-11,Torr,15.large_stm_connectingPort,spray,15.large_stm_connectingPort/MassSpecData-02115-20261006-174612.csv,2026-10-06 17:29:29.326,17.22015
2026-10-06 17:46:42.743,8.0966e-11,Torr,15.large_stm_connectingPort,spray,15.large_stm_connectingPort/MassSpecData-02115-20261006-174612.csv,2026-10-06 17:29:29.326,17.223616666666665
2026-10-06 17:46:42.951,8.6223e-11,Torr,15.large_stm_connectingPort,spray,15.large_stm_connectingPort/MassSpecData-02115-20261006-174612.csv,2026-10-06 17:29:29.326,17.227083333333333
2026-10-06 17:46:43.160,9.0318e-11,Torr,15.large_stm_connectingPort,spray,15.large_stm_connectingPort/MassSpecData-02115-20261006-174612.csv,2026-10-06 17:29:29.326,17.230566666666668
2026-10-06 17:46:43.368,7.3336e-11,Torr,15.large_stm_connectingPort,spray,15.large_stm_connectingPort/MassSpecData-02115-20261006-174612.csv,2026-10-06 17:29:29.326,17.234033333333333
2026-10-06 17:46:43.576,7.4475e-11,Torr,15.large_stm_connectingPort,spray,15.large_stm_connectingPort/MassSpecData-02115-20261006-174612.csv,2026-10-06 17:29:29.326,17.2375
2026-10-06 17:46:43.785,7.8782e-11,Torr,15.large_stm_connectingPort,spray,15.large_stm_connectingPort/MassSpecData-02115-20261006-174612.csv,2026-10-06 17:29:29.326,17.240983333333336
2026-10-06 17:46:43.993,7.9438e-11,Torr,15.large_stm_connectingPort,spray,15.large_stm_connectingPort/MassSpecData-02115-20261006-174612.csv,2026-10-06 17:29:29.326,17.244449999999997
2026-10-06 17:46:44.201,7.2117e-11,Torr,15.large_stm_connectingPort,spray,15.large_stm_connectingPort/MassSpecData-02115-20261006-174612.csv,2026-10-06 17:29:29.326,17.247916666666665
2026-10-06 17:46:44.410,7.2217e-11,Torr,15.large_stm_connectingPort,spray,15.large_stm_connectingPort/MassSpecData-02115-20261006-174612.csv,2026-10-06 17:29:29.326,17.2514
2026-10-06 17:46:44.618,8.415e-11,Torr,15.large_stm_connectingPort,spray,15.large_stm_connectingPort/MassSpecData-02115-20261006-174612.csv,2026-10-06 17:29:29.326,17.254866666666665
2026-10-06 17:46:44.826,8.5435e-11,Torr,15.large_stm_connectingPort,spray,15.large_stm_connectingPort/MassSpecData-02115-20261006-174612.csv,2026-10-06 17:29:29.326,17.258333333333333
2026-10-06 17:46:45.035,7.5472e-11,Torr,15.large_stm_connectingPort,spray,15.large_stm_connectingPort/MassSpecData-02115-20261006-174612.csv,2026-10-06 17:29:29.326,17.261816666666668
2026-10-06 17:46:45.243,7.1332e-11,Torr,15.large_stm_connectingPort,spray,15.large_stm_connectingPort/MassSpecData-02115-20261006-174612.csv,2026-10-06 17:29:29.326,17.265283333333333
2026-10-06 17:46:45.451,8.4476e-11,Torr,15.large_stm_connectingPort,spray,15.large_stm_connectingPort/MassSpecData-02115-20261006-174612.csv,2026-10-06 17:29:29.326,17.26875
2026-10-06 17:46:45.660,6.7609e-11,Torr,15.large_stm_connectingPort,spray,15.large_stm_connectingPort/MassSpecData-02115-20261006-174612.csv,2026-10-06 17:29:29.326,17.272233333333336
2026-10-06 17:46:45.868,8.2954e-11,Torr,15.large_stm_connectingPort,spray,15.large_stm_connectingPort/MassSpecData-02115-20261006-174612.csv,2026-10-06 17:29:29.326,17.275699999999997
2026-10-06 17:46:46.076,7.9121e-11,Torr,15.large_stm_connectingPort,spray,15.large_stm_connectingPort/MassSpecData-02115-20261006-174612.csv,2026-10-06 17:29:29.326,17.279166666666665
2026-10-06 17:46:46.285,9.7849e-11,Torr,15.large_stm_connectingPort,spray,15.large_stm_connectingPort/MassSpecData-02115-20261006-174612.csv,2026-10-06 17:29:29.326,17.28265
2026-10-06 17:46:46.493,8.8017e-11,Torr,15.large_stm_connectingPort,spray,15.large_stm_connectingPort/MassSpecData-02115-20261006-174612.csv,2026-10-06 17:29:29.326,17.286116666666665
2026-10-06 17:46:46.701,7.3728e-11,Torr,15.large_stm_connectingPort,spray,15.large_stm_connectingPort/MassSpecData-02115-20261006-174612.csv,2026-10-06 17:29:29.326,17.289583333333333
2026-10-06 17:46:46.910,8.6506e-11,Torr,15.large_stm_connectingPort,spray,15.large_stm_connectingPort/MassSpecData-02115-20261006-174612.csv,2026-10-06 17:29:29.326,17.293066666666668
2026-10-06 17:46:47.118,7.2543e-11,Torr,15.large_stm_connectingPort,spray,15.large_stm_connectingPort/MassSpecData-02115-20261006-174612.csv,2026-10-06 17:29:29.326,17.296533333333333
2026-10-06 17:46:47.326,7.7574e-11,Torr,15.large_stm_connectingPort,spray,15.large_stm_connectingPort/MassSpecData-02115-20261006-174612.csv,2026-10-06 17:29:29.326,17.3
2026-10-06 17:46:47.535,7.3943e-11,Torr,15.large_stm_connectingPort,spray,15.large_stm_connectingPort/MassSpecData-02115-20261006-174612.csv,2026-10-06 17:29:29.326,17.303483333333336
2026-10-06 17:46:47.743,7.0598e-11,Torr,15.large_stm_connectingPort,spray,15.large_stm_connectingPort/MassSpecData-02115-20261006-174612.csv,2026-10-06 17:29:29.326,17.306949999999997
2026-10-06 17:46:47.951,9.3188e-11,Torr,15.large_stm_connectingPort,spray,15.large_stm_connectingPort/MassSpecData-02115-20261006-174612.csv,2026-10-06 17:29:29.326,17.310416666666665
2026-10-06 17:46:48.160,8.2561e-11,Torr,15.large_stm_connectingPort,spray,15.large_stm_connectingPort/MassSpecData-02115-20261006-174612.csv,2026-10-06 17:29:29.326,17.3139
2026-10-06 17:46:48.368,7.7198e-11,Torr,15.large_stm_connectingPort,spray,15.large_stm_connectingPort/MassSpecData-02115-20261006-174612.csv,2026-10-06 17:29:29.326,17.317366666666665
2026-10-06 17:46:48.576,8.5817e-11,Torr,15.large_stm_connectingPort,spray,15.large_stm_connectingPort/MassSpecData-02115-20261006-174612.csv,2026-10-06 17:29:29.326,17.320833333333333
2026-10-06 17:46:48.785,8.6496e-11,Torr,15.large_stm_connectingPort,spray,15.large_stm_connectingPort/MassSpecData-02115-20261006-174612.csv,2026-10-06 17:29:29.326,17.324316666666668
2026-10-06 17:46:48.993,7.8093e-11,Torr,15.large_stm_connectingPort,spray,15.large_stm_connectingPort/MassSpecData-02115-20261006-174612.csv,2026-10-06 17:29:29.326,17.327783333333333
2026-10-06 17:46:49.201,7.3984e-11,Torr,15.large_stm_connectingPort,spray,15.large_stm_connectingPort/MassSpecData-02115-20261006-174612.csv,2026-10-06 17:29:29.326,17.33125
2026-10-06 17:46:49.410,8.6888e-11,Torr,15.large_stm_connectingPort,spray,15.large_stm_connectingPort/MassSpecData-02115-20261006-174612.csv,2026-10-06 17:29:29.326,17.334733333333336
2026-10-06 17:46:49.618,7.7304e-11,Torr,15.large_stm_connectingPort,spray,15.large_stm_connectingPort/MassSpecData-02115-20261006-174612.csv,2026-10-06 17:29:29.326,17.338199999999997
2026-10-06 17:46:49.826,8.9081e-11,Torr,15.large_stm_connectingPort,spray,15.large_stm_connectingPort/MassSpecData-02115-20261006-174612.csv,2026-10-06 17:29:29.326,17.341666666666665
2026-10-06 17:46:50.035,8.8906e-11,Torr,15.large_stm_connectingPort,spray,15.large_stm_connectingPort/MassSpecData-02115-20261006-174612.csv,2026-10-06 17:29:29.326,17.34515
2026-10-06 17:46:50.243,7.9956e-11,Torr,15.large_stm_connectingPort,spray,15.large_stm_connectingPort/MassSpecData-02115-20261006-174612.csv,2026-10-06 17:29:29.326,17.348616666666665
2026-10-06 17:46:50.452,8.9029e-11,Torr,15.large_stm_connectingPort,spray,15.large_stm_connectingPort/MassSpecData-02115-20261006-174612.csv,2026-10-06 17:29:29.326,17.3521
2026-10-06 17:46:50.660,7.8937e-11,Torr,15.large_stm_connectingPort,spray,15.large_stm_connectingPort/MassSpecData-02115-20261006-174612.csv,2026-10-06 17:29:29.326,17.355566666666668
2026-10-06 17:46:50.868,8.1197e-11,Torr,15.large_stm_connectingPort,spray,15.large_stm_connectingPort/MassSpecData-02115-20261006-174612.csv,2026-10-06 17:29:29.326,17.359033333333333
2026-10-06 17:46:51.077,7.7162e-11,Torr,15.large_stm_connectingPort,spray,15.large_stm_connectingPort/MassSpecData-02115-20261006-174612.csv,2026-10-06 17:29:29.326,17.362516666666668
2026-10-06 17:46:51.285,7.4736e-11,Torr,15.large_stm_connectingPort,spray,15.large_stm_connectingPort/MassSpecData-02115-20261006-174612.csv,2026-10-06 17:29:29.326,17.365983333333336
2026-10-06 17:46:51.493,8.1172e-11,Torr,15.large_stm_connectingPort,spray,15.large_stm_connectingPort/MassSpecData-02115-20261006-174612.csv,2026-10-06 17:29:29.326,17.369449999999997
2026-10-06 17:46:51.702,8.5727e-11,Torr,15.large_stm_connectingPort,spray,15.large_stm_connectingPort/MassSpecData-02115-20261006-174612.csv,2026-10-06 17:29:29.326,17.372933333333332
2026-10-06 17:46:51.910,7.6863e-11,Torr,15.large_stm_connectingPort,spray,15.large_stm_connectingPort/MassSpecData-02115-20261006-174612.csv,2026-10-06 17:29:29.326,17.3764
2026-10-06 17:46:52.118,8.5119e-11,Torr,15.large_stm_connectingPort,spray,15.large_stm_connectingPort/MassSpecData-02115-20261006-174612.csv,2026-10-06 17:29:29.326,17.379866666666665
2026-10-06 17:46:52.327,9.5592e-11,Torr,15.large_stm_connectingPort,spray,15.large_stm_connectingPort/MassSpecData-02115-20261006-174612.csv,2026-10-06 17:29:29.326,17.38335
2026-10-06 17:46:52.535,8.5358e-11,Torr,15.large_stm_connectingPort,spray,15.large_stm_connectingPort/MassSpecData-02115-20261006-174612.csv,2026-10-06 17:29:29.326,17.386816666666668
2026-10-06 17:46:52.743,8.6045e-11,Torr,15.large_stm_connectingPort,spray,15.large_stm_connectingPort/MassSpecData-02115-20261006-174612.csv,2026-10-06 17:29:29.326,17.390283333333333
2026-10-06 17:46:52.952,7.3947e-11,Torr,15.large_stm_connectingPort,spray,15.large_stm_connectingPort/MassSpecData-02115-20261006-174612.csv,2026-10-06 17:29:29.326,17.393766666666668
2026-10-06 17:46:53.160,7.1993e-11,Torr,15.large_stm_connectingPort,spray,15.large_stm_connectingPort/MassSpecData-02115-20261006-174612.csv,2026-10-06 17:29:29.326,17.397233333333336
2026-10-06 17:46:53.368,8.1936e-11,Torr,15.large_stm_connectingPort,spray,15.large_stm_connectingPort/MassSpecData-02115-20261006-174612.csv,2026-10-06 17:29:29.326,17.400699999999997
2026-10-06 17:46:53.577,9.9581e-11,Torr,15.large_stm_connectingPort,spray,15.large_stm_connectingPort/MassSpecData-02115-20261006-174612.csv,2026-10-06 17:29:29.326,17.404183333333332
2026-10-06 17:46:53.785,8.3497e-11,Torr,15.large_stm_connectingPort,spray,15.large_stm_connectingPort/MassSpecData-02115-20261006-174612.csv,2026-10-06 17:29:29.326,17.40765
2026-10-06 17:46:53.993,8.1623e-11,Torr,15.large_stm_connectingPort,spray,15.large_stm_connectingPort/MassSpecData-02115-20261006-174612.csv,2026-10-06 17:29:29.326,17.411116666666665
2026-10-06 17:46:54.343,6.1594e-11,Torr,15.large_stm_connectingPort,spray,15.large_stm_connectingPort/MassSpecData-02115-20261006-174654.csv,2026-10-06 17:29:29.326,17.41695
2026-10-06 17:46:54.551,8.2318e-11,Torr,15.large_stm_connectingPort,spray,15.large_stm_connectingPort/MassSpecData-02115-20261006-174654.csv,2026-10-06 17:29:29.326,17.420416666666664
2026-10-06 17:46:54.760,8.9649e-11,Torr,15.large_stm_connectingPort,spray,15.large_stm_connectingPort/MassSpecData-02115-20261006-174654.csv,2026-10-06 17:29:29.326,17.4239
2026-10-06 17:46:54.968,7.3098e-11,Torr,15.large_stm_connectingPort,spray,15.large_stm_connectingPort/MassSpecData-02115-20261006-174654.csv,2026-10-06 17:29:29.326,17.427366666666668
2026-10-06 17:46:55.176,7.2002e-11,Torr,15.large_stm_connectingPort,spray,15.large_stm_connectingPort/MassSpecData-02115-20261006-174654.csv,2026-10-06 17:29:29.326,17.430833333333332
2026-10-06 17:46:55.385,7.0813e-11,Torr,15.large_stm_connectingPort,spray,15.large_stm_connectingPort/MassSpecData-02115-20261006-174654.csv,2026-10-06 17:29:29.326,17.434316666666668
2026-10-06 17:46:55.593,7.4005e-11,Torr,15.large_stm_connectingPort,spray,15.large_stm_connectingPort/MassSpecData-02115-20261006-174654.csv,2026-10-06 17:29:29.326,17.437783333333336
2026-10-06 17:46:55.801,7.104e-11,Torr,15.large_stm_connectingPort,spray,15.large_stm_connectingPort/MassSpecData-02115-20261006-174654.csv,2026-10-06 17:29:29.326,17.44125
2026-10-06 17:46:56.009,7.1459e-11,Torr,15.large_stm_connectingPort,spray,15.large_stm_connectingPort/MassSpecData-02115-20261006-174654.csv,2026-10-06 17:29:29.326,17.444716666666668
2026-10-06 17:46:56.218,8.99e-11,Torr,15.large_stm_connectingPort,spray,15.large_stm_connectingPort/MassSpecData-02115-20261006-174654.csv,2026-10-06 17:29:29.326,17.4482
2026-10-06 17:46:56.426,8.4274e-11,Torr,15.large_stm_connectingPort,spray,15.large_stm_connectingPort/MassSpecData-02115-20261006-174654.csv,2026-10-06 17:29:29.326,17.451666666666664
2026-10-06 17:46:56.635,7.137e-11,Torr,15.large_stm_connectingPort,spray,15.large_stm_connectingPort/MassSpecData-02115-20261006-174654.csv,2026-10-06 17:29:29.326,17.45515
2026-10-06 17:46:56.843,9.1339e-11,Torr,15.large_stm_connectingPort,spray,15.large_stm_connectingPort/MassSpecData-02115-20261006-174654.csv,2026-10-06 17:29:29.326,17.458616666666668
2026-10-06 17:46:57.051,9.1248e-11,Torr,15.large_stm_connectingPort,spray,15.large_stm_connectingPort/MassSpecData-02115-20261006-174654.csv,2026-10-06 17:29:29.326,17.462083333333332
2026-10-06 17:46:57.260,8.2529e-11,Torr,15.large_stm_connectingPort,spray,15.large_stm_connectingPort/MassSpecData-02115-20261006-174654.csv,2026-10-06 17:29:29.326,17.465566666666668
2026-10-06 17:46:57.468,8.4144e-11,Torr,15.large_stm_connectingPort,spray,15.large_stm_connectingPort/MassSpecData-02115-20261006-174654.csv,2026-10-06 17:29:29.326,17.469033333333336
2026-10-06 17:46:57.676,7.0478e-11,Torr,15.large_stm_connectingPort,spray,15.large_stm_connectingPort/MassSpecData-02115-20261006-174654.csv,2026-10-06 17:29:29.326,17.4725
2026-10-06 17:46:57.885,7.1562e-11,Torr,15.large_stm_connectingPort,spray,15.large_stm_connectingPort/MassSpecData-02115-20261006-174654.csv,2026-10-06 17:29:29.326,17.475983333333332
2026-10-06 17:46:58.093,7.5679e-11,Torr,15.large_stm_connectingPort,spray,15.large_stm_connectingPort/MassSpecData-02115-20261006-174654.csv,2026-10-06 17:29:29.326,17.47945
2026-10-06 17:46:58.301,8.2455e-11,Torr,15.large_stm_connectingPort,spray,15.large_stm_connectingPort/MassSpecData-02115-20261006-174654.csv,2026-10-06 17:29:29.326,17.482916666666664
2026-10-06 17:46:58.510,7.0341e-11,Torr,15.large_stm_connectingPort,spray,15.large_stm_connectingPort/MassSpecData-02115-20261006-174654.csv,2026-10-06 17:29:29.326,17.4864
2026-10-06 17:46:58.718,7.3469e-11,Torr,15.large_stm_connectingPort,spray,15.large_stm_connectingPort/MassSpecData-02115-20261006-174654.csv,2026-10-06 17:29:29.326,17.489866666666668
2026-10-06 17:46:58.926,8.9593e-11,Torr,15.large_stm_connectingPort,spray,15.large_stm_connectingPort/MassSpecData-02115-20261006-174654.csv,2026-10-06 17:29:29.326,17.493333333333332
2026-10-06 17:46:59.135,8.3585e-11,Torr,15.large_stm_connectingPort,spray,15.large_stm_connectingPort/MassSpecData-02115-20261006-174654.csv,2026-10-06 17:29:29.326,17.496816666666668
2026-10-06 17:46:59.343,8.7446e-11,Torr,15.large_stm_connectingPort,spray,15.large_stm_connectingPort/MassSpecData-02115-20261006-174654.csv,2026-10-06 17:29:29.326,17.500283333333336
2026-10-06 17:46:59.551,6.8122e-11,Torr,15.large_stm_connectingPort,spray,15.large_stm_connectingPort/MassSpecData-02115-20261006-174654.csv,2026-10-06 17:29:29.326,17.50375
2026-10-06 17:46:59.759,7.6252e-11,Torr,15.large_stm_connectingPort,spray,15.large_stm_connectingPort/MassSpecData-02115-20261006-174654.csv,2026-10-06 17:29:29.326,17.507216666666668
2026-10-06 17:46:59.968,6.8305e-11,Torr,15.large_stm_connectingPort,spray,15.large_stm_connectingPort/MassSpecData-02115-20261006-174654.csv,2026-10-06 17:29:29.326,17.5107
2026-10-06 17:47:00.176,7.4303e-11,Torr,15.large_stm_connectingPort,spray,15.large_stm_connectingPort/MassSpecData-02115-20261006-174654.csv,2026-10-06 17:29:29.326,17.514166666666664
2026-10-06 17:47:00.384,7.2361e-11,Torr,15.large_stm_connectingPort,spray,15.large_stm_connectingPort/MassSpecData-02115-20261006-174654.csv,2026-10-06 17:29:29.326,17.517633333333333
2026-10-06 17:47:00.593,7.6351e-11,Torr,15.large_stm_connectingPort,spray,15.large_stm_connectingPort/MassSpecData-02115-20261006-174654.csv,2026-10-06 17:29:29.326,17.521116666666668
2026-10-06 17:47:00.801,7.2456e-11,Torr,15.large_stm_connectingPort,spray,15.large_stm_connectingPort/MassSpecData-02115-20261006-174654.csv,2026-10-06 17:29:29.326,17.524583333333332
2026-10-06 17:47:01.009,8.4565e-11,Torr,15.large_stm_connectingPort,spray,15.large_stm_connectingPort/MassSpecData-02115-20261006-174654.csv,2026-10-06 17:29:29.326,17.52805
2026-10-06 17:47:01.218,6.3051e-11,Torr,15.large_stm_connectingPort,spray,15.large_stm_connectingPort/MassSpecData-02115-20261006-174654.csv,2026-10-06 17:29:29.326,17.531533333333336
2026-10-06 17:47:01.426,7.9156e-11,Torr,15.large_stm_connectingPort,spray,15.large_stm_connectingPort/MassSpecData-02115-20261006-174654.csv,2026-10-06 17:29:29.326,17.535
2026-10-06 17:47:01.634,8.0449e-11,Torr,15.large_stm_connectingPort,spray,15.large_stm_connectingPort/MassSpecData-02115-20261006-174654.csv,2026-10-06 17:29:29.326,17.538466666666668
2026-10-06 17:47:01.843,9.011e-11,Torr,15.large_stm_connectingPort,spray,15.large_stm_connectingPort/MassSpecData-02115-20261006-174654.csv,2026-10-06 17:29:29.326,17.54195
2026-10-06 17:47:02.051,6.8788e-11,Torr,15.large_stm_connectingPort,spray,15.large_stm_connectingPort/MassSpecData-02115-20261006-174654.csv,2026-10-06 17:29:29.326,17.545416666666664
2026-10-06 17:47:02.259,7.176e-11,Torr,15.large_stm_connectingPort,spray,15.large_stm_connectingPort/MassSpecData-02115-20261006-174654.csv,2026-10-06 17:29:29.326,17.548883333333333
2026-10-06 17:47:02.468,8.5548e-11,Torr,15.large_stm_connectingPort,spray,15.large_stm_connectingPort/MassSpecData-02115-20261006-174654.csv,2026-10-06 17:29:29.326,17.552366666666668
2026-10-06 17:47:02.676,9.5945e-11,Torr,15.large_stm_connectingPort,spray,15.large_stm_connectingPort/MassSpecData-02115-20261006-174654.csv,2026-10-06 17:29:29.326,17.555833333333332
2026-10-06 17:47:02.884,9.1882e-11,Torr,15.large_stm_connectingPort,spray,15.large_stm_connectingPort/MassSpecData-02115-20261006-174654.csv,2026-10-06 17:29:29.326,17.5593
2026-10-06 17:47:03.093,7.4103e-11,Torr,15.large_stm_connectingPort,spray,15.large_stm_connectingPort/MassSpecData-02115-20261006-174654.csv,2026-10-06 17:29:29.326,17.562783333333336
2026-10-06 17:47:03.301,9.2526e-11,Torr,15.large_stm_connectingPort,spray,15.large_stm_connectingPort/MassSpecData-02115-20261006-174654.csv,2026-10-06 17:29:29.326,17.56625
2026-10-06 17:47:03.510,8.3932e-11,Torr,15.large_stm_connectingPort,spray,15.large_stm_connectingPort/MassSpecData-02115-20261006-174654.csv,2026-10-06 17:29:29.326,17.569733333333332
2026-10-06 17:47:03.718,9.0376e-11,Torr,15.large_stm_connectingPort,spray,15.large_stm_connectingPort/MassSpecData-02115-20261006-174654.csv,2026-10-06 17:29:29.326,17.5732
2026-10-06 17:47:03.926,7.9493e-11,Torr,15.large_stm_connectingPort,spray,15.large_stm_connectingPort/MassSpecData-02115-20261006-174654.csv,2026-10-06 17:29:29.326,17.576666666666664
2026-10-06 17:47:04.135,6.5756e-11,Torr,15.large_stm_connectingPort,spray,15.large_stm_connectingPort/MassSpecData-02115-20261006-174654.csv,2026-10-06 17:29:29.326,17.58015
2026-10-06 17:47:04.343,7.7967e-11,Torr,15.large_stm_connectingPort,spray,15.large_stm_connectingPort/MassSpecData-02115-20261006-174654.csv,2026-10-06 17:29:29.326,17.583616666666668
2026-10-06 17:47:04.551,7.8873e-11,Torr,15.large_stm_connectingPort,spray,15.large_stm_connectingPort/MassSpecData-02115-20261006-174654.csv,2026-10-06 17:29:29.326,17.587083333333332
2026-10-06 17:47:04.760,7.6351e-11,Torr,15.large_stm_connectingPort,spray,15.large_stm_connectingPort/MassSpecData-02115-20261006-174654.csv,2026-10-06 17:29:29.326,17.590566666666668
2026-10-06 17:47:04.968,7.8307e-11,Torr,15.large_stm_connectingPort,spray,15.large_stm_connectingPort/MassSpecData-02115-20261006-174654.csv,2026-10-06 17:29:29.326,17.594033333333336
2026-10-06 17:47:05.176,8.6501e-11,Torr,15.large_stm_connectingPort,spray,15.large_stm_connectingPort/MassSpecData-02115-20261006-174654.csv,2026-10-06 17:29:29.326,17.5975
2026-10-06 17:47:05.385,7.8693e-11,Torr,15.large_stm_connectingPort,spray,15.large_stm_connectingPort/MassSpecData-02115-20261006-174654.csv,2026-10-06 17:29:29.326,17.600983333333332
2026-10-06 17:47:05.593,7.5643e-11,Torr,15.large_stm_connectingPort,spray,15.large_stm_connectingPort/MassSpecData-02115-20261006-174654.csv,2026-10-06 17:29:29.326,17.60445
2026-10-06 17:47:05.801,8.656e-11,Torr,15.large_stm_connectingPort,spray,15.large_stm_connectingPort/MassSpecData-02115-20261006-174654.csv,2026-10-06 17:29:29.326,17.607916666666664
2026-10-06 17:47:06.010,9.2161e-11,Torr,15.large_stm_connectingPort,spray,15.large_stm_connectingPort/MassSpecData-02115-20261006-174654.csv,2026-10-06 17:29:29.326,17.6114
2026-10-06 17:47:06.218,8.0049e-11,Torr,15.large_stm_connectingPort,spray,15.large_stm_connectingPort/MassSpecData-02115-20261006-174654.csv,2026-10-06 17:29:29.326,17.614866666666668
2026-10-06 17:47:06.426,7.0443e-11,Torr,15.large_stm_connectingPort,spray,15.large_stm_connectingPort/MassSpecData-02115-20261006-174654.csv,2026-10-06 17:29:29.326,17.618333333333332
2026-10-06 17:47:06.635,8.3342e-11,Torr,15.large_stm_connectingPort,spray,15.large_stm_connectingPort/MassSpecData-02115-20261006-174654.csv,2026-10-06 17:29:29.326,17.621816666666668
2026-10-06 17:47:06.843,8.1753e-11,Torr,15.large_stm_connectingPort,spray,15.large_stm_connectingPort/MassSpecData-02115-20261006-174654.csv,2026-10-06 17:29:29.326,17.625283333333336
2026-10-06 17:47:07.051,7.3379e-11,Torr,15.large_stm_connectingPort,spray,15.large_stm_connectingPort/MassSpecData-02115-20261006-174654.csv,2026-10-06 17:29:29.326,17.62875
2026-10-06 17:47:07.260,7.4229e-11,Torr,15.large_stm_connectingPort,spray,15.large_stm_connectingPort/MassSpecData-02115-20261006-174654.csv,2026-10-06 17:29:29.326,17.632233333333332
2026-10-06 17:47:07.468,1.0059e-10,Torr,15.large_stm_connectingPort,spray,15.large_stm_connectingPort/MassSpecData-02115-20261006-174654.csv,2026-10-06 17:29:29.326,17.6357
2026-10-06 17:47:07.676,7.4537e-11,Torr,15.large_stm_connectingPort,spray,15.large_stm_connectingPort/MassSpecData-02115-20261006-174654.csv,2026-10-06 17:29:29.326,17.639166666666664
2026-10-06 17:47:07.885,8.5013e-11,Torr,15.large_stm_connectingPort,spray,15.large_stm_connectingPort/MassSpecData-02115-20261006-174654.csv,2026-10-06 17:29:29.326,17.64265
2026-10-06 17:47:08.093,9.4042e-11,Torr,15.large_stm_connectingPort,spray,15.large_stm_connectingPort/MassSpecData-02115-20261006-174654.csv,2026-10-06 17:29:29.326,17.646116666666668
2026-10-06 17:47:08.301,7.4739e-11,Torr,15.large_stm_connectingPort,spray,15.large_stm_connectingPort/MassSpecData-02115-20261006-174654.csv,2026-10-06 17:29:29.326,17.649583333333332
2026-10-06 17:47:08.510,8.145e-11,Torr,15.large_stm_connectingPort,spray,15.large_stm_connectingPort/MassSpecData-02115-20261006-174654.csv,2026-10-06 17:29:29.326,17.653066666666668
2026-10-06 17:47:08.718,7.12e-11,Torr,15.large_stm_connectingPort,spray,15.large_stm_connectingPort/MassSpecData-02115-20261006-174654.csv,2026-10-06 17:29:29.326,17.656533333333336
2026-10-06 17:47:08.926,8.045e-11,Torr,15.large_stm_connectingPort,spray,15.large_stm_connectingPort/MassSpecData-02115-20261006-174654.csv,2026-10-06 17:29:29.326,17.66
2026-10-06 17:47:09.135,7.3705e-11,Torr,15.large_stm_connectingPort,spray,15.large_stm_connectingPort/MassSpecData-02115-20261006-174654.csv,2026-10-06 17:29:29.326,17.663483333333332
2026-10-06 17:47:09.343,7.9932e-11,Torr,15.large_stm_connectingPort,spray,15.large_stm_connectingPort/MassSpecData-02115-20261006-174654.csv,2026-10-06 17:29:29.326,17.66695
2026-10-06 17:47:09.551,8.5241e-11,Torr,15.large_stm_connectingPort,spray,15.large_stm_connectingPort/MassSpecData-02115-20261006-174654.csv,2026-10-06 17:29:29.326,17.670416666666664
2026-10-06 17:47:09.760,8.4248e-11,Torr,15.large_stm_connectingPort,spray,15.large_stm_connectingPort/MassSpecData-02115-20261006-174654.csv,2026-10-06 17:29:29.326,17.6739
2026-10-06 17:47:09.968,6.6653e-11,Torr,15.large_stm_connectingPort,spray,15.large_stm_connectingPort/MassSpecData-02115-20261006-174654.csv,2026-10-06 17:29:29.326,17.677366666666668
2026-10-06 17:47:10.176,7.3645e-11,Torr,15.large_stm_connectingPort,spray,15.large_stm_connectingPort/MassSpecData-02115-20261006-174654.csv,2026-10-06 17:29:29.326,17.680833333333332
2026-10-06 17:47:10.385,5.9651e-11,Torr,15.large_stm_connectingPort,spray,15.large_stm_connectingPort/MassSpecData-02115-20261006-174654.csv,2026-10-06 17:29:29.326,17.684316666666668
2026-10-06 17:47:10.593,8.0174e-11,Torr,15.large_stm_connectingPort,spray,15.large_stm_connectingPort/MassSpecData-02115-20261006-174654.csv,2026-10-06 17:29:29.326,17.687783333333336
2026-10-06 17:47:10.801,8.4482e-11,Torr,15.large_stm_connectingPort,spray,15.large_stm_connectingPort/MassSpecData-02115-20261006-174654.csv,2026-10-06 17:29:29.326,17.69125
2026-10-06 17:47:11.010,7.0665e-11,Torr,15.large_stm_connectingPort,spray,15.large_stm_connectingPort/MassSpecData-02115-20261006-174654.csv,2026-10-06 17:29:29.326,17.694733333333332
2026-10-06 17:47:11.218,7.5759e-11,Torr,15.large_stm_connectingPort,spray,15.large_stm_connectingPort/MassSpecData-02115-20261006-174654.csv,2026-10-06 17:29:29.326,17.6982
2026-10-06 17:47:11.426,7.8156e-11,Torr,15.large_stm_connectingPort,spray,15.large_stm_connectingPort/MassSpecData-02115-20261006-174654.csv,2026-10-06 17:29:29.326,17.701666666666664
2026-10-06 17:47:11.635,7.4594e-11,Torr,15.large_stm_connectingPort,spray,15.large_stm_connectingPort/MassSpecData-02115-20261006-174654.csv,2026-10-06 17:29:29.326,17.70515
2026-10-06 17:47:11.843,8.2562e-11,Torr,15.large_stm_connectingPort,spray,15.large_stm_connectingPort/MassSpecData-02115-20261006-174654.csv,2026-10-06 17:29:29.326,17.708616666666668
2026-10-06 17:47:12.051,8.7904e-11,Torr,15.large_stm_connectingPort,spray,15.large_stm_connectingPort/MassSpecData-02115-20261006-174654.csv,2026-10-06 17:29:29.326,17.712083333333332
2026-10-06 17:47:12.260,7.6803e-11,Torr,15.large_stm_connectingPort,spray,15.large_stm_connectingPort/MassSpecData-02115-20261006-174654.csv,2026-10-06 17:29:29.326,17.715566666666668
2026-10-06 17:47:12.468,7.7617e-11,Torr,15.large_stm_connectingPort,spray,15.large_stm_connectingPort/MassSpecData-02115-20261006-174654.csv,2026-10-06 17:29:29.326,17.719033333333336
2026-10-06 17:47:12.676,8.1607e-11,Torr,15.large_stm_connectingPort,spray,15.large_stm_connectingPort/MassSpecData-02115-20261006-174654.csv,2026-10-06 17:29:29.326,17.7225
2026-10-06 17:47:12.885,7.8344e-11,Torr,15.large_stm_connectingPort,spray,15.large_stm_connectingPort/MassSpecData-02115-20261006-174654.csv,2026-10-06 17:29:29.326,17.725983333333332
2026-10-06 17:47:13.093,7.4036e-11,Torr,15.large_stm_connectingPort,spray,15.large_stm_connectingPort/MassSpecData-02115-20261006-174654.csv,2026-10-06 17:29:29.326,17.72945
2026-10-06 17:47:13.301,8.9953e-11,Torr,15.large_stm_connectingPort,spray,15.large_stm_connectingPort/MassSpecData-02115-20261006-174654.csv,2026-10-06 17:29:29.326,17.732916666666664
2026-10-06 17:47:13.510,8.8627e-11,Torr,15.large_stm_connectingPort,spray,15.large_stm_connectingPort/MassSpecData-02115-20261006-174654.csv,2026-10-06 17:29:29.326,17.7364
2026-10-06 17:47:13.718,7.7055e-11,Torr,15.large_stm_connectingPort,spray,15.large_stm_connectingPort/MassSpecData-02115-20261006-174654.csv,2026-10-06 17:29:29.326,17.739866666666668
2026-10-06 17:47:13.926,7.7899e-11,Torr,15.large_stm_connectingPort,spray,15.large_stm_connectingPort/MassSpecData-02115-20261006-174654.csv,2026-10-06 17:29:29.326,17.743333333333332
2026-10-06 17:47:14.134,7.5934e-11,Torr,15.large_stm_connectingPort,spray,15.large_stm_connectingPort/MassSpecData-02115-20261006-174654.csv,2026-10-06 17:29:29.326,17.7468
2026-10-06 17:47:14.343,7.6788e-11,Torr,15.large_stm_connectingPort,spray,15.large_stm_connectingPort/MassSpecData-02115-20261006-174654.csv,2026-10-06 17:29:29.326,17.750283333333336
2026-10-06 17:47:14.551,9.8023e-11,Torr,15.large_stm_connectingPort,spray,15.large_stm_connectingPort/MassSpecData-02115-20261006-174654.csv,2026-10-06 17:29:29.326,17.75375
2026-10-06 17:47:14.759,6.4353e-11,Torr,15.large_stm_connectingPort,spray,15.large_stm_connectingPort/MassSpecData-02115-20261006-174654.csv,2026-10-06 17:29:29.326,17.757216666666668
2026-10-06 17:47:14.968,7.1056e-11,Torr,15.large_stm_connectingPort,spray,15.large_stm_connectingPort/MassSpecData-02115-20261006-174654.csv,2026-10-06 17:29:29.326,17.7607
2026-10-06 17:47:15.176,7.6916e-11,Torr,15.large_stm_connectingPort,spray,15.large_stm_connectingPort/MassSpecData-02115-20261006-174654.csv,2026-10-06 17:29:29.326,17.764166666666664
2026-10-06 17:47:15.384,7.0806e-11,Torr,15.large_stm_connectingPort,spray,15.large_stm_connectingPort/MassSpecData-02115-20261006-174654.csv,2026-10-06 17:29:29.326,17.767633333333333
2026-10-06 17:47:15.593,8.1805e-11,Torr,15.large_stm_connectingPort,spray,15.large_stm_connectingPort/MassSpecData-02115-20261006-174654.csv,2026-10-06 17:29:29.326,17.771116666666668
2026-10-06 17:47:15.801,7.9658e-11,Torr,15.large_stm_connectingPort,spray,15.large_stm_connectingPort/MassSpecData-02115-20261006-174654.csv,2026-10-06 17:29:29.326,17.774583333333332
2026-10-06 17:47:16.009,8.0714e-11,Torr,15.large_stm_connectingPort,spray,15.large_stm_connectingPort/MassSpecData-02115-20261006-174654.csv,2026-10-06 17:29:29.326,17.77805
2026-10-06 17:47:16.218,8.6695e-11,Torr,15.large_stm_connectingPort,spray,15.large_stm_connectingPort/MassSpecData-02115-20261006-174654.csv,2026-10-06 17:29:29.326,17.781533333333336
2026-10-06 17:47:16.426,9.218e-11,Torr,15.large_stm_connectingPort,spray,15.large_stm_connectingPort/MassSpecData-02115-20261006-174654.csv,2026-10-06 17:29:29.326,17.785
2026-10-06 17:47:16.634,9.39e-11,Torr,15.large_stm_connectingPort,spray,15.large_stm_connectingPort/MassSpecData-02115-20261006-174654.csv,2026-10-06 17:29:29.326,17.788466666666668
2026-10-06 17:47:16.843,7.768e-11,Torr,15.large_stm_connectingPort,spray,15.large_stm_connectingPort/MassSpecData-02115-20261006-174654.csv,2026-10-06 17:29:29.326,17.79195
2026-10-06 17:47:17.051,6.9775e-11,Torr,15.large_stm_connectingPort,spray,15.large_stm_connectingPort/MassSpecData-02115-20261006-174654.csv,2026-10-06 17:29:29.326,17.795416666666664
2026-10-06 17:47:17.259,7.1499e-11,Torr,15.large_stm_connectingPort,spray,15.large_stm_connectingPort/MassSpecData-02115-20261006-174654.csv,2026-10-06 17:29:29.326,17.798883333333333
2026-10-06 17:47:17.468,8.7604e-11,Torr,15.large_stm_connectingPort,spray,15.large_stm_connectingPort/MassSpecData-02115-20261006-174654.csv,2026-10-06 17:29:29.326,17.802366666666668
2026-10-06 17:47:17.676,7.2148e-11,Torr,15.large_stm_connectingPort,spray,15.large_stm_connectingPort/MassSpecData-02115-20261006-174654.csv,2026-10-06 17:29:29.326,17.805833333333332
2026-10-06 17:47:17.884,8.5272e-11,Torr,15.large_stm_connectingPort,spray,15.large_stm_connectingPort/MassSpecData-02115-20261006-174654.csv,2026-10-06 17:29:29.326,17.8093
2026-10-06 17:47:18.093,6.8022e-11,Torr,15.large_stm_connectingPort,spray,15.large_stm_connectingPort/MassSpecData-02115-20261006-174654.csv,2026-10-06 17:29:29.326,17.812783333333336
2026-10-06 17:47:18.301,9.3362e-11,Torr,15.large_stm_connectingPort,spray,15.large_stm_connectingPort/MassSpecData-02115-20261006-174654.csv,2026-10-06 17:29:29.326,17.81625
2026-10-06 17:47:18.509,7.9688e-11,Torr,15.large_stm_connectingPort,spray,15.large_stm_connectingPort/MassSpecData-02115-20261006-174654.csv,2026-10-06 17:29:29.326,17.819716666666668
2026-10-06 17:47:18.718,7.5355e-11,Torr,15.large_stm_connectingPort,spray,15.large_stm_connectingPort/MassSpecData-02115-20261006-174654.csv,2026-10-06 17:29:29.326,17.8232
2026-10-06 17:47:18.926,8.11e-11,Torr,15.large_stm_connectingPort,spray,15.large_stm_connectingPort/MassSpecData-02115-20261006-174654.csv,2026-10-06 17:29:29.326,17.826666666666664
2026-10-06 17:47:19.134,9.1431e-11,Torr,15.large_stm_connectingPort,spray,15.large_stm_connectingPort/MassSpecData-02115-20261006-174654.csv,2026-10-06 17:29:29.326,17.830133333333333
2026-10-06 17:47:19.343,8.0379e-11,Torr,15.large_stm_connectingPort,spray,15.large_stm_connectingPort/MassSpecData-02115-20261006-174654.csv,2026-10-06 17:29:29.326,17.833616666666668
2026-10-06 17:47:19.551,6.245e-11,Torr,15.large_stm_connectingPort,spray,15.large_stm_connectingPort/MassSpecData-02115-20261006-174654.csv,2026-10-06 17:29:29.326,17.837083333333332
2026-10-06 17:47:19.759,8.5979e-11,Torr,15.large_stm_connectingPort,spray,15.large_stm_connectingPort/MassSpecData-02115-20261006-174654.csv,2026-10-06 17:29:29.326,17.84055
2026-10-06 17:47:19.968,7.7262e-11,Torr,15.large_stm_connectingPort,spray,15.large_stm_connectingPort/MassSpecData-02115-20261006-174654.csv,2026-10-06 17:29:29.326,17.844033333333336
2026-10-06 17:47:20.176,7.2501e-11,Torr,15.large_stm_connectingPort,spray,15.large_stm_connectingPort/MassSpecData-02115-20261006-174654.csv,2026-10-06 17:29:29.326,17.8475
2026-10-06 17:47:20.384,7.7617e-11,Torr,15.large_stm_connectingPort,spray,15.large_stm_connectingPort/MassSpecData-02115-20261006-174654.csv,2026-10-06 17:29:29.326,17.850966666666668
2026-10-06 17:47:20.593,9.2644e-11,Torr,15.large_stm_connectingPort,spray,15.large_stm_connectingPort/MassSpecData-02115-20261006-174654.csv,2026-10-06 17:29:29.326,17.85445
2026-10-06 17:47:20.801,9.1447e-11,Torr,15.large_stm_connectingPort,spray,15.large_stm_connectingPort/MassSpecData-02115-20261006-174654.csv,2026-10-06 17:29:29.326,17.857916666666664
2026-10-06 17:47:21.009,9.0818e-11,Torr,15.large_stm_connectingPort,spray,15.large_stm_connectingPort/MassSpecData-02115-20261006-174654.csv,2026-10-06 17:29:29.326,17.861383333333333
2026-10-06 17:47:21.218,8.0381e-11,Torr,15.large_stm_connectingPort,spray,15.large_stm_connectingPort/MassSpecData-02115-20261006-174654.csv,2026-10-06 17:29:29.326,17.864866666666668
2026-10-06 17:47:21.426,7.9346e-11,Torr,15.large_stm_connectingPort,spray,15.large_stm_connectingPort/MassSpecData-02115-20261006-174654.csv,2026-10-06 17:29:29.326,17.868333333333332
2026-10-06 17:47:21.634,7.9144e-11,Torr,15.large_stm_connectingPort,spray,15.large_stm_connectingPort/MassSpecData-02115-20261006-174654.csv,2026-10-06 17:29:29.326,17.8718
2026-10-06 17:47:21.843,7.8185e-11,Torr,15.large_stm_connectingPort,spray,15.large_stm_connectingPort/MassSpecData-02115-20261006-174654.csv,2026-10-06 17:29:29.326,17.875283333333336
2026-10-06 17:47:22.051,8.798e-11,Torr,15.large_stm_connectingPort,spray,15.large_stm_connectingPort/MassSpecData-02115-20261006-174654.csv,2026-10-06 17:29:29.326,17.87875
2026-10-06 17:47:22.259,7.8501e-11,Torr,15.large_stm_connectingPort,spray,15.large_stm_connectingPort/MassSpecData-02115-20261006-174654.csv,2026-10-06 17:29:29.326,17.882216666666668
2026-10-06 17:47:22.468,6.7703e-11,Torr,15.large_stm_connectingPort,spray,15.large_stm_connectingPort/MassSpecData-02115-20261006-174654.csv,2026-10-06 17:29:29.326,17.8857
2026-10-06 17:47:22.676,8.756e-11,Torr,15.large_stm_connectingPort,spray,15.large_stm_connectingPort/MassSpecData-02115-20261006-174654.csv,2026-10-06 17:29:29.326,17.889166666666664
2026-10-06 17:47:22.884,7.2992e-11,Torr,15.large_stm_connectingPort,spray,15.large_stm_connectingPort/MassSpecData-02115-20261006-174654.csv,2026-10-06 17:29:29.326,17.892633333333333
2026-10-06 17:47:23.093,8.666e-11,Torr,15.large_stm_connectingPort,spray,15.large_stm_connectingPort/MassSpecData-02115-20261006-174654.csv,2026-10-06 17:29:29.326,17.896116666666668
2026-10-06 17:47:23.301,8.5171e-11,Torr,15.large_stm_connectingPort,spray,15.large_stm_connectingPort/MassSpecData-02115-20261006-174654.csv,2026-10-06 17:29:29.326,17.899583333333332
2026-10-06 17:47:23.509,8.26e-11,Torr,15.large_stm_connectingPort,spray,15.large_stm_connectingPort/MassSpecData-02115-20261006-174654.csv,2026-10-06 17:29:29.326,17.90305
2026-10-06 17:47:23.718,8.6479e-11,Torr,15.large_stm_connectingPort,spray,15.large_stm_connectingPort/MassSpecData-02115-20261006-174654.csv,2026-10-06 17:29:29.326,17.906533333333336
2026-10-06 17:47:23.926,7.8554e-11,Torr,15.large_stm_connectingPort,spray,15.large_stm_connectingPort/MassSpecData-02115-20261006-174654.csv,2026-10-06 17:29:29.326,17.91
2026-10-06 17:47:24.134,8.1925e-11,Torr,15.large_stm_connectingPort,spray,15.large_stm_connectingPort/MassSpecData-02115-20261006-174654.csv,2026-10-06 17:29:29.326,17.913466666666668
2026-10-06 17:47:24.343,7.6503e-11,Torr,15.large_stm_connectingPort,spray,15.large_stm_connectingPort/MassSpecData-02115-20261006-174654.csv,2026-10-06 17:29:29.326,17.91695
2026-10-06 17:47:24.551,8.3771e-11,Torr,15.large_stm_connectingPort,spray,15.large_stm_connectingPort/MassSpecData-02115-20261006-174654.csv,2026-10-06 17:29:29.326,17.920416666666664
2026-10-06 17:47:24.759,7.1239e-11,Torr,15.large_stm_connectingPort,spray,15.large_stm_connectingPort/MassSpecData-02115-20261006-174654.csv,2026-10-06 17:29:29.326,17.923883333333333
2026-10-06 17:47:24.968,8.3625e-11,Torr,15.large_stm_connectingPort,spray,15.large_stm_connectingPort/MassSpecData-02115-20261006-174654.csv,2026-10-06 17:29:29.326,17.927366666666668
2026-10-06 17:47:25.176,8.5503e-11,Torr,15.large_stm_connectingPort,spray,15.large_stm_connectingPort/MassSpecData-02115-20261006-174654.csv,2026-10-06 17:29:29.326,17.930833333333332
2026-10-06 17:47:25.384,7.6762e-11,Torr,15.large_stm_connectingPort,spray,15.large_stm_connectingPort/MassSpecData-02115-20261006-174654.csv,2026-10-06 17:29:29.326,17.9343
2026-10-06 17:47:25.593,8.2059e-11,Torr,15.large_stm_connectingPort,spray,15.large_stm_connectingPort/MassSpecData-02115-20261006-174654.csv,2026-10-06 17:29:29.326,17.937783333333336
2026-10-06 17:47:25.801,9.0852e-11,Torr,15.large_stm_connectingPort,spray,15.large_stm_connectingPort/MassSpecData-02115-20261006-174654.csv,2026-10-06 17:29:29.326,17.94125
2026-10-06 17:47:26.009,8.3444e-11,Torr,15.large_stm_connectingPort,spray,15.large_stm_connectingPort/MassSpecData-02115-20261006-174654.csv,2026-10-06 17:29:29.326,17.944716666666668
2026-10-06 17:47:26.218,6.9918e-11,Torr,15.large_stm_connectingPort,spray,15.large_stm_connectingPort/MassSpecData-02115-20261006-174654.csv,2026-10-06 17:29:29.326,17.9482
2026-10-06 17:47:26.426,8.5088e-11,Torr,15.large_stm_connectingPort,spray,15.large_stm_connectingPort/MassSpecData-02115-20261006-174654.csv,2026-10-06 17:29:29.326,17.951666666666664
2026-10-06 17:47:26.634,7.1108e-11,Torr,15.large_stm_connectingPort,spray,15.large_stm_connectingPort/MassSpecData-02115-20261006-174654.csv,2026-10-06 17:29:29.326,17.955133333333333
2026-10-06 17:47:26.843,7.8547e-11,Torr,15.large_stm_connectingPort,spray,15.large_stm_connectingPort/MassSpecData-02115-20261006-174654.csv,2026-10-06 17:29:29.326,17.958616666666668
2026-10-06 17:47:27.051,8.9224e-11,Torr,15.large_stm_connectingPort,spray,15.large_stm_connectingPort/MassSpecData-02115-20261006-174654.csv,2026-10-06 17:29:29.326,17.962083333333332
2026-10-06 17:47:27.259,7.7994e-11,Torr,15.large_stm_connectingPort,spray,15.large_stm_connectingPort/MassSpecData-02115-20261006-174654.csv,2026-10-06 17:29:29.326,17.96555
2026-10-06 17:47:27.468,9.4698e-11,Torr,15.large_stm_connectingPort,spray,15.large_stm_connectingPort/MassSpecData-02115-20261006-174654.csv,2026-10-06 17:29:29.326,17.969033333333336
2026-10-06 17:47:27.676,7.0012e-11,Torr,15.large_stm_connectingPort,spray,15.large_stm_connectingPort/MassSpecData-02115-20261006-174654.csv,2026-10-06 17:29:29.326,17.9725
2026-10-06 17:47:27.884,6.7779e-11,Torr,15.large_stm_connectingPort,spray,15.large_stm_connectingPort/MassSpecData-02115-20261006-174654.csv,2026-10-06 17:29:29.326,17.975966666666668
2026-10-06 17:47:28.093,7.8567e-11,Torr,15.large_stm_connectingPort,spray,15.large_stm_connectingPort/MassSpecData-02115-20261006-174654.csv,2026-10-06 17:29:29.326,17.97945
2026-10-06 17:47:28.301,7.8067e-11,Torr,15.large_stm_connectingPort,spray,15.large_stm_connectingPort/MassSpecData-02115-20261006-174654.csv,2026-10-06 17:29:29.326,17.982916666666664
2026-10-06 17:47:28.509,7.2025e-11,Torr,15.large_stm_connectingPort,spray,15.large_stm_connectingPort/MassSpecData-02115-20261006-174654.csv,2026-10-06 17:29:29.326,17.986383333333333
2026-10-06 17:47:28.718,8.9258e-11,Torr,15.large_stm_connectingPort,spray,15.large_stm_connectingPort/MassSpecData-02115-20261006-174654.csv,2026-10-06 17:29:29.326,17.989866666666668
2026-10-06 17:47:28.926,7.1291e-11,Torr,15.large_stm_connectingPort,spray,15.large_stm_connectingPort/MassSpecData-02115-20261006-174654.csv,2026-10-06 17:29:29.326,17.993333333333332
2026-10-06 17:47:29.134,7.2874e-11,Torr,15.large_stm_connectingPort,spray,15.large_stm_connectingPort/MassSpecData-02115-20261006-174654.csv,2026-10-06 17:29:29.326,17.9968
2026-10-06 17:47:29.343,8.5055e-11,Torr,15.large_stm_connectingPort,spray,15.large_stm_connectingPort/MassSpecData-02115-20261006-174654.csv,2026-10-06 17:29:29.326,18.000283333333336
2026-10-06 17:47:29.551,9.1281e-11,Torr,15.large_stm_connectingPort,spray,15.large_stm_connectingPort/MassSpecData-02115-20261006-174654.csv,2026-10-06 17:29:29.326,18.00375
2026-10-06 17:47:29.759,8.9353e-11,Torr,15.large_stm_connectingPort,spray,15.large_stm_connectingPort/MassSpecData-02115-20261006-174654.csv,2026-10-06 17:29:29.326,18.007216666666668
2026-10-06 17:47:29.968,7.0155e-11,Torr,15.large_stm_connectingPort,spray,15.large_stm_connectingPort/MassSpecData-02115-20261006-174654.csv,2026-10-06 17:29:29.326,18.0107
2026-10-06 17:47:30.176,7.1153e-11,Torr,15.large_stm_connectingPort,spray,15.large_stm_connectingPort/MassSpecData-02115-20261006-174654.csv,2026-10-06 17:29:29.326,18.014166666666664
2026-10-06 17:47:30.384,8.5094e-11,Torr,15.large_stm_connectingPort,spray,15.large_stm_connectingPort/MassSpecData-02115-20261006-174654.csv,2026-10-06 17:29:29.326,18.017633333333333
2026-10-06 17:47:30.593,7.2417e-11,Torr,15.large_stm_connectingPort,spray,15.large_stm_connectingPort/MassSpecData-02115-20261006-174654.csv,2026-10-06 17:29:29.326,18.021116666666668
2026-10-06 17:47:30.801,8.5073e-11,Torr,15.large_stm_connectingPort,spray,15.large_stm_connectingPort/MassSpecData-02115-20261006-174654.csv,2026-10-06 17:29:29.326,18.024583333333332
2026-10-06 17:47:31.009,8.8298e-11,Torr,15.large_stm_connectingPort,spray,15.large_stm_connectingPort/MassSpecData-02115-20261006-174654.csv,2026-10-06 17:29:29.326,18.02805
2026-10-06 17:47:31.218,7.4215e-11,Torr,15.large_stm_connectingPort,spray,15.large_stm_connectingPort/MassSpecData-02115-20261006-174654.csv,2026-10-06 17:29:29.326,18.031533333333336
2026-10-06 17:47:31.426,7.5181e-11,Torr,15.large_stm_connectingPort,spray,15.large_stm_connectingPort/MassSpecData-02115-20261006-174654.csv,2026-10-06 17:29:29.326,18.035
2026-10-06 17:47:31.634,8.0022e-11,Torr,15.large_stm_connectingPort,spray,15.large_stm_connectingPort/MassSpecData-02115-20261006-174654.csv,2026-10-06 17:29:29.326,18.038466666666668
2026-10-06 17:47:31.843,7.997e-11,Torr,15.large_stm_connectingPort,spray,15.large_stm_connectingPort/MassSpecData-02115-20261006-174654.csv,2026-10-06 17:29:29.326,18.04195
2026-10-06 17:47:32.051,7.8706e-11,Torr,15.large_stm_connectingPort,spray,15.large_stm_connectingPort/MassSpecData-02115-20261006-174654.csv,2026-10-06 17:29:29.326,18.045416666666664
2026-10-06 17:47:32.260,6.4924e-11,Torr,15.large_stm_connectingPort,spray,15.large_stm_connectingPort/MassSpecData-02115-20261006-174654.csv,2026-10-06 17:29:29.326,18.0489
2026-10-06 17:47:32.468,7.9828e-11,Torr,15.large_stm_connectingPort,spray,15.large_stm_connectingPort/MassSpecData-02115-20261006-174654.csv,2026-10-06 17:29:29.326,18.052366666666668
2026-10-06 17:47:32.676,9.0741e-11,Torr,15.large_stm_connectingPort,spray,15.large_stm_connectingPort/MassSpecData-02115-20261006-174654.csv,2026-10-06 17:29:29.326,18.055833333333332
2026-10-06 17:47:32.885,8.865e-11,Torr,15.large_stm_connectingPort,spray,15.large_stm_connectingPort/MassSpecData-02115-20261006-174654.csv,2026-10-06 17:29:29.326,18.059316666666668
2026-10-06 17:47:33.093,7.4244e-11,Torr,15.large_stm_connectingPort,spray,15.large_stm_connectingPort/MassSpecData-02115-20261006-174654.csv,2026-10-06 17:29:29.326,18.062783333333336
2026-10-06 17:47:33.301,7.5409e-11,Torr,15.large_stm_connectingPort,spray,15.large_stm_connectingPort/MassSpecData-02115-20261006-174654.csv,2026-10-06 17:29:29.326,18.06625
2026-10-06 17:47:33.510,6.8869e-11,Torr,15.large_stm_connectingPort,spray,15.large_stm_connectingPort/MassSpecData-02115-20261006-174654.csv,2026-10-06 17:29:29.326,18.069733333333332
2026-10-06 17:47:33.718,6.6847e-11,Torr,15.large_stm_connectingPort,spray,15.large_stm_connectingPort/MassSpecData-02115-20261006-174654.csv,2026-10-06 17:29:29.326,18.0732
2026-10-06 17:47:33.926,9.1435e-11,Torr,15.large_stm_connectingPort,spray,15.large_stm_connectingPort/MassSpecData-02115-20261006-174654.csv,2026-10-06 17:29:29.326,18.076666666666664
2026-10-06 17:47:34.135,7.4735e-11,Torr,15.large_stm_connectingPort,spray,15.large_stm_connectingPort/MassSpecData-02115-20261006-174654.csv,2026-10-06 17:29:29.326,18.08015
2026-10-06 17:47:34.343,7.4959e-11,Torr,15.large_stm_connectingPort,spray,15.large_stm_connectingPort/MassSpecData-02115-20261006-174654.csv,2026-10-06 17:29:29.326,18.083616666666668
2026-10-06 17:47:34.551,7.1581e-11,Torr,15.large_stm_connectingPort,spray,15.large_stm_connectingPort/MassSpecData-02115-20261006-174654.csv,2026-10-06 17:29:29.326,18.087083333333332
2026-10-06 17:47:34.760,7.2319e-11,Torr,15.large_stm_connectingPort,spray,15.large_stm_connectingPort/MassSpecData-02115-20261006-174654.csv,2026-10-06 17:29:29.326,18.090566666666668
2026-10-06 17:47:34.968,7.5595e-11,Torr,15.large_stm_connectingPort,spray,15.large_stm_connectingPort/MassSpecData-02115-20261006-174654.csv,2026-10-06 17:29:29.326,18.094033333333336
2026-10-06 17:47:35.176,7.2373e-11,Torr,15.large_stm_connectingPort,spray,15.large_stm_connectingPort/MassSpecData-02115-20261006-174654.csv,2026-10-06 17:29:29.326,18.0975
2026-10-06 17:47:35.385,8.487e-11,Torr,15.large_stm_connectingPort,spray,15.large_stm_connectingPort/MassSpecData-02115-20261006-174654.csv,2026-10-06 17:29:29.326,18.100983333333332
2026-10-06 17:47:35.593,8.4027e-11,Torr,15.large_stm_connectingPort,spray,15.large_stm_connectingPort/MassSpecData-02115-20261006-174654.csv,2026-10-06 17:29:29.326,18.10445
2026-10-06 17:47:35.801,8.6429e-11,Torr,15.large_stm_connectingPort,spray,15.large_stm_connectingPort/MassSpecData-02115-20261006-174654.csv,2026-10-06 17:29:29.326,18.107916666666664
2026-10-06 17:47:36.190,7.1426e-11,Torr,15.large_stm_connectingPort,spray,15.large_stm_connectingPort/MassSpecData-02115-20261006-174736.csv,2026-10-06 17:29:29.326,18.1144
2026-10-06 17:47:36.398,8.5575e-11,Torr,15.large_stm_connectingPort,spray,15.large_stm_connectingPort/MassSpecData-02115-20261006-174736.csv,2026-10-06 17:29:29.326,18.117866666666664
2026-10-06 17:47:36.607,9.7285e-11,Torr,15.large_stm_connectingPort,spray,15.large_stm_connectingPort/MassSpecData-02115-20261006-174736.csv,2026-10-06 17:29:29.326,18.12135
2026-10-06 17:47:36.815,8.9882e-11,Torr,15.large_stm_connectingPort,spray,15.large_stm_connectingPort/MassSpecData-02115-20261006-174736.csv,2026-10-06 17:29:29.326,18.124816666666668
2026-10-06 17:47:37.023,9.1616e-11,Torr,15.large_stm_connectingPort,spray,15.large_stm_connectingPort/MassSpecData-02115-20261006-174736.csv,2026-10-06 17:29:29.326,18.128283333333332
2026-10-06 17:47:37.232,7.8765e-11,Torr,15.large_stm_connectingPort,spray,15.large_stm_connectingPort/MassSpecData-02115-20261006-174736.csv,2026-10-06 17:29:29.326,18.131766666666667
2026-10-06 17:47:37.440,7.1762e-11,Torr,15.large_stm_connectingPort,spray,15.large_stm_connectingPort/MassSpecData-02115-20261006-174736.csv,2026-10-06 17:29:29.326,18.135233333333336
2026-10-06 17:47:37.648,8.4797e-11,Torr,15.large_stm_connectingPort,spray,15.large_stm_connectingPort/MassSpecData-02115-20261006-174736.csv,2026-10-06 17:29:29.326,18.138699999999996
2026-10-06 17:47:37.856,7.2856e-11,Torr,15.large_stm_connectingPort,spray,15.large_stm_connectingPort/MassSpecData-02115-20261006-174736.csv,2026-10-06 17:29:29.326,18.142166666666665
2026-10-06 17:47:38.065,7.859e-11,Torr,15.large_stm_connectingPort,spray,15.large_stm_connectingPort/MassSpecData-02115-20261006-174736.csv,2026-10-06 17:29:29.326,18.14565
2026-10-06 17:47:38.273,8.3394e-11,Torr,15.large_stm_connectingPort,spray,15.large_stm_connectingPort/MassSpecData-02115-20261006-174736.csv,2026-10-06 17:29:29.326,18.149116666666664
2026-10-06 17:47:38.482,8.1706e-11,Torr,15.large_stm_connectingPort,spray,15.large_stm_connectingPort/MassSpecData-02115-20261006-174736.csv,2026-10-06 17:29:29.326,18.1526
2026-10-06 17:47:38.690,8.7755e-11,Torr,15.large_stm_connectingPort,spray,15.large_stm_connectingPort/MassSpecData-02115-20261006-174736.csv,2026-10-06 17:29:29.326,18.156066666666668
2026-10-06 17:47:38.898,7.3694e-11,Torr,15.large_stm_connectingPort,spray,15.large_stm_connectingPort/MassSpecData-02115-20261006-174736.csv,2026-10-06 17:29:29.326,18.159533333333332
2026-10-06 17:47:39.107,6.6459e-11,Torr,15.large_stm_connectingPort,spray,15.large_stm_connectingPort/MassSpecData-02115-20261006-174736.csv,2026-10-06 17:29:29.326,18.163016666666667
2026-10-06 17:47:39.315,7.304e-11,Torr,15.large_stm_connectingPort,spray,15.large_stm_connectingPort/MassSpecData-02115-20261006-174736.csv,2026-10-06 17:29:29.326,18.166483333333336
2026-10-06 17:47:39.523,9.4882e-11,Torr,15.large_stm_connectingPort,spray,15.large_stm_connectingPort/MassSpecData-02115-20261006-174736.csv,2026-10-06 17:29:29.326,18.169949999999996
2026-10-06 17:47:39.732,8.39e-11,Torr,15.large_stm_connectingPort,spray,15.large_stm_connectingPort/MassSpecData-02115-20261006-174736.csv,2026-10-06 17:29:29.326,18.17343333333333
2026-10-06 17:47:39.940,8.6838e-11,Torr,15.large_stm_connectingPort,spray,15.large_stm_connectingPort/MassSpecData-02115-20261006-174736.csv,2026-10-06 17:29:29.326,18.1769
2026-10-06 17:47:40.148,7.7563e-11,Torr,15.large_stm_connectingPort,spray,15.large_stm_connectingPort/MassSpecData-02115-20261006-174736.csv,2026-10-06 17:29:29.326,18.180366666666664
2026-10-06 17:47:40.357,6.8385e-11,Torr,15.large_stm_connectingPort,spray,15.large_stm_connectingPort/MassSpecData-02115-20261006-174736.csv,2026-10-06 17:29:29.326,18.18385
2026-10-06 17:47:40.565,8.9036e-11,Torr,15.large_stm_connectingPort,spray,15.large_stm_connectingPort/MassSpecData-02115-20261006-174736.csv,2026-10-06 17:29:29.326,18.187316666666668
2026-10-06 17:47:40.773,6.2666e-11,Torr,15.large_stm_connectingPort,spray,15.large_stm_connectingPort/MassSpecData-02115-20261006-174736.csv,2026-10-06 17:29:29.326,18.190783333333332
2026-10-06 17:47:40.982,7.4127e-11,Torr,15.large_stm_connectingPort,spray,15.large_stm_connectingPort/MassSpecData-02115-20261006-174736.csv,2026-10-06 17:29:29.326,18.194266666666667
2026-10-06 17:47:41.190,7.6054e-11,Torr,15.large_stm_connectingPort,spray,15.large_stm_connectingPort/MassSpecData-02115-20261006-174736.csv,2026-10-06 17:29:29.326,18.197733333333336
2026-10-06 17:47:41.398,8.0787e-11,Torr,15.large_stm_connectingPort,spray,15.large_stm_connectingPort/MassSpecData-02115-20261006-174736.csv,2026-10-06 17:29:29.326,18.201199999999996
2026-10-06 17:47:41.606,6.7963e-11,Torr,15.large_stm_connectingPort,spray,15.large_stm_connectingPort/MassSpecData-02115-20261006-174736.csv,2026-10-06 17:29:29.326,18.204666666666665
2026-10-06 17:47:41.815,7.5772e-11,Torr,15.large_stm_connectingPort,spray,15.large_stm_connectingPort/MassSpecData-02115-20261006-174736.csv,2026-10-06 17:29:29.326,18.20815
2026-10-06 17:47:42.023,7.7933e-11,Torr,15.large_stm_connectingPort,spray,15.large_stm_connectingPort/MassSpecData-02115-20261006-174736.csv,2026-10-06 17:29:29.326,18.211616666666664
2026-10-06 17:47:42.231,6.6103e-11,Torr,15.large_stm_connectingPort,spray,15.large_stm_connectingPort/MassSpecData-02115-20261006-174736.csv,2026-10-06 17:29:29.326,18.215083333333332
2026-10-06 17:47:42.440,8.9672e-11,Torr,15.large_stm_connectingPort,spray,15.large_stm_connectingPort/MassSpecData-02115-20261006-174736.csv,2026-10-06 17:29:29.326,18.218566666666668
2026-10-06 17:47:42.648,7.403e-11,Torr,15.large_stm_connectingPort,spray,15.large_stm_connectingPort/MassSpecData-02115-20261006-174736.csv,2026-10-06 17:29:29.326,18.222033333333332
2026-10-06 17:47:42.856,7.3202e-11,Torr,15.large_stm_connectingPort,spray,15.large_stm_connectingPort/MassSpecData-02115-20261006-174736.csv,2026-10-06 17:29:29.326,18.2255
2026-10-06 17:47:43.065,9.1128e-11,Torr,15.large_stm_connectingPort,spray,15.large_stm_connectingPort/MassSpecData-02115-20261006-174736.csv,2026-10-06 17:29:29.326,18.228983333333336
2026-10-06 17:47:43.273,7.9041e-11,Torr,15.large_stm_connectingPort,spray,15.large_stm_connectingPort/MassSpecData-02115-20261006-174736.csv,2026-10-06 17:29:29.326,18.232449999999996
2026-10-06 17:47:43.481,7.4533e-11,Torr,15.large_stm_connectingPort,spray,15.large_stm_connectingPort/MassSpecData-02115-20261006-174736.csv,2026-10-06 17:29:29.326,18.235916666666665
2026-10-06 17:47:43.690,8.6164e-11,Torr,15.large_stm_connectingPort,spray,15.large_stm_connectingPort/MassSpecData-02115-20261006-174736.csv,2026-10-06 17:29:29.326,18.2394
2026-10-06 17:47:43.898,6.4371e-11,Torr,15.large_stm_connectingPort,spray,15.large_stm_connectingPort/MassSpecData-02115-20261006-174736.csv,2026-10-06 17:29:29.326,18.242866666666664
2026-10-06 17:47:44.106,6.9961e-11,Torr,15.large_stm_connectingPort,spray,15.large_stm_connectingPort/MassSpecData-02115-20261006-174736.csv,2026-10-06 17:29:29.326,18.246333333333332
2026-10-06 17:47:44.315,9.6719e-11,Torr,15.large_stm_connectingPort,spray,15.large_stm_connectingPort/MassSpecData-02115-20261006-174736.csv,2026-10-06 17:29:29.326,18.249816666666668
2026-10-06 17:47:44.523,7.0738e-11,Torr,15.large_stm_connectingPort,spray,15.large_stm_connectingPort/MassSpecData-02115-20261006-174736.csv,2026-10-06 17:29:29.326,18.253283333333332
2026-10-06 17:47:44.731,8.7717e-11,Torr,15.large_stm_connectingPort,spray,15.large_stm_connectingPort/MassSpecData-02115-20261006-174736.csv,2026-10-06 17:29:29.326,18.25675
2026-10-06 17:47:44.940,8.7774e-11,Torr,15.large_stm_connectingPort,spray,15.large_stm_connectingPort/MassSpecData-02115-20261006-174736.csv,2026-10-06 17:29:29.326,18.260233333333336
2026-10-06 17:47:45.148,7.6486e-11,Torr,15.large_stm_connectingPort,spray,15.large_stm_connectingPort/MassSpecData-02115-20261006-174736.csv,2026-10-06 17:29:29.326,18.263699999999996
2026-10-06 17:47:45.357,7.3651e-11,Torr,15.large_stm_connectingPort,spray,15.large_stm_connectingPort/MassSpecData-02115-20261006-174736.csv,2026-10-06 17:29:29.326,18.26718333333333
2026-10-06 17:47:45.565,7.0219e-11,Torr,15.large_stm_connectingPort,spray,15.large_stm_connectingPort/MassSpecData-02115-20261006-174736.csv,2026-10-06 17:29:29.326,18.27065
2026-10-06 17:47:45.773,8.2318e-11,Torr,15.large_stm_connectingPort,spray,15.large_stm_connectingPort/MassSpecData-02115-20261006-174736.csv,2026-10-06 17:29:29.326,18.274116666666664
2026-10-06 17:47:45.982,8.9294e-11,Torr,15.large_stm_connectingPort,spray,15.large_stm_connectingPort/MassSpecData-02115-20261006-174736.csv,2026-10-06 17:29:29.326,18.2776
2026-10-06 17:47:46.190,7.415e-11,Torr,15.large_stm_connectingPort,spray,15.large_stm_connectingPort/MassSpecData-02115-20261006-174736.csv,2026-10-06 17:29:29.326,18.281066666666668
2026-10-06 17:47:46.398,7.83e-11,Torr,15.large_stm_connectingPort,spray,15.large_stm_connectingPort/MassSpecData-02115-20261006-174736.csv,2026-10-06 17:29:29.326,18.284533333333332
2026-10-06 17:47:46.607,6.9288e-11,Torr,15.large_stm_connectingPort,spray,15.large_stm_connectingPort/MassSpecData-02115-20261006-174736.csv,2026-10-06 17:29:29.326,18.288016666666667
2026-10-06 17:47:46.815,7.9881e-11,Torr,15.large_stm_connectingPort,spray,15.large_stm_connectingPort/MassSpecData-02115-20261006-174736.csv,2026-10-06 17:29:29.326,18.291483333333336
2026-10-06 17:47:47.023,8.5423e-11,Torr,15.large_stm_connectingPort,spray,15.large_stm_connectingPort/MassSpecData-02115-20261006-174736.csv,2026-10-06 17:29:29.326,18.294949999999996
2026-10-06 17:47:47.232,7.618e-11,Torr,15.large_stm_connectingPort,spray,15.large_stm_connectingPort/MassSpecData-02115-20261006-174736.csv,2026-10-06 17:29:29.326,18.29843333333333
2026-10-06 17:47:47.440,8.0967e-11,Torr,15.large_stm_connectingPort,spray,15.large_stm_connectingPort/MassSpecData-02115-20261006-174736.csv,2026-10-06 17:29:29.326,18.3019
2026-10-06 17:47:47.648,1.05e-10,Torr,15.large_stm_connectingPort,spray,15.large_stm_connectingPort/MassSpecData-02115-20261006-174736.csv,2026-10-06 17:29:29.326,18.305366666666664
2026-10-06 17:47:47.857,7.0807e-11,Torr,15.large_stm_connectingPort,spray,15.large_stm_connectingPort/MassSpecData-02115-20261006-174736.csv,2026-10-06 17:29:29.326,18.30885
2026-10-06 17:47:48.065,9.2681e-11,Torr,15.large_stm_connectingPort,spray,15.large_stm_connectingPort/MassSpecData-02115-20261006-174736.csv,2026-10-06 17:29:29.326,18.312316666666668
2026-10-06 17:47:48.273,7.3654e-11,Torr,15.large_stm_connectingPort,spray,15.large_stm_connectingPort/MassSpecData-02115-20261006-174736.csv,2026-10-06 17:29:29.326,18.315783333333332
2026-10-06 17:47:48.482,8.4311e-11,Torr,15.large_stm_connectingPort,spray,15.large_stm_connectingPort/MassSpecData-02115-20261006-174736.csv,2026-10-06 17:29:29.326,18.319266666666667
2026-10-06 17:47:48.690,7.8293e-11,Torr,15.large_stm_connectingPort,spray,15.large_stm_connectingPort/MassSpecData-02115-20261006-174736.csv,2026-10-06 17:29:29.326,18.322733333333336
2026-10-06 17:47:48.898,7.8269e-11,Torr,15.large_stm_connectingPort,spray,15.large_stm_connectingPort/MassSpecData-02115-20261006-174736.csv,2026-10-06 17:29:29.326,18.326199999999996
2026-10-06 17:47:49.107,7.0082e-11,Torr,15.large_stm_connectingPort,spray,15.large_stm_connectingPort/MassSpecData-02115-20261006-174736.csv,2026-10-06 17:29:29.326,18.32968333333333
2026-10-06 17:47:49.315,9.1297e-11,Torr,15.large_stm_connectingPort,spray,15.large_stm_connectingPort/MassSpecData-02115-20261006-174736.csv,2026-10-06 17:29:29.326,18.33315
2026-10-06 17:47:49.523,7.1304e-11,Torr,15.large_stm_connectingPort,spray,15.large_stm_connectingPort/MassSpecData-02115-20261006-174736.csv,2026-10-06 17:29:29.326,18.336616666666664
2026-10-06 17:47:49.732,8.8374e-11,Torr,15.large_stm_connectingPort,spray,15.large_stm_connectingPort/MassSpecData-02115-20261006-174736.csv,2026-10-06 17:29:29.326,18.3401
2026-10-06 17:47:49.940,8.4412e-11,Torr,15.large_stm_connectingPort,spray,15.large_stm_connectingPort/MassSpecData-02115-20261006-174736.csv,2026-10-06 17:29:29.326,18.343566666666668
2026-10-06 17:47:50.148,8.7725e-11,Torr,15.large_stm_connectingPort,spray,15.large_stm_connectingPort/MassSpecData-02115-20261006-174736.csv,2026-10-06 17:29:29.326,18.347033333333332
2026-10-06 17:47:50.357,7.8371e-11,Torr,15.large_stm_connectingPort,spray,15.large_stm_connectingPort/MassSpecData-02115-20261006-174736.csv,2026-10-06 17:29:29.326,18.350516666666667
2026-10-06 17:47:50.565,7.0953e-11,Torr,15.large_stm_connectingPort,spray,15.large_stm_connectingPort/MassSpecData-02115-20261006-174736.csv,2026-10-06 17:29:29.326,18.353983333333336
2026-10-06 17:47:50.773,9.1946e-11,Torr,15.large_stm_connectingPort,spray,15.large_stm_connectingPort/MassSpecData-02115-20261006-174736.csv,2026-10-06 17:29:29.326,18.357449999999996
2026-10-06 17:47:50.982,8.2397e-11,Torr,15.large_stm_connectingPort,spray,15.large_stm_connectingPort/MassSpecData-02115-20261006-174736.csv,2026-10-06 17:29:29.326,18.36093333333333
2026-10-06 17:47:51.190,8.2792e-11,Torr,15.large_stm_connectingPort,spray,15.large_stm_connectingPort/MassSpecData-02115-20261006-174736.csv,2026-10-06 17:29:29.326,18.3644
2026-10-06 17:47:51.398,6.655e-11,Torr,15.large_stm_connectingPort,spray,15.large_stm_connectingPort/MassSpecData-02115-20261006-174736.csv,2026-10-06 17:29:29.326,18.367866666666664
2026-10-06 17:47:51.607,7.1053e-11,Torr,15.large_stm_connectingPort,spray,15.large_stm_connectingPort/MassSpecData-02115-20261006-174736.csv,2026-10-06 17:29:29.326,18.37135
2026-10-06 17:47:51.815,8.0955e-11,Torr,15.large_stm_connectingPort,spray,15.large_stm_connectingPort/MassSpecData-02115-20261006-174736.csv,2026-10-06 17:29:29.326,18.374816666666668
2026-10-06 17:47:52.023,8.9375e-11,Torr,15.large_stm_connectingPort,spray,15.large_stm_connectingPort/MassSpecData-02115-20261006-174736.csv,2026-10-06 17:29:29.326,18.378283333333332
2026-10-06 17:47:52.232,7.8593e-11,Torr,15.large_stm_connectingPort,spray,15.large_stm_connectingPort/MassSpecData-02115-20261006-174736.csv,2026-10-06 17:29:29.326,18.381766666666667
2026-10-06 17:47:52.440,7.4809e-11,Torr,15.large_stm_connectingPort,spray,15.large_stm_connectingPort/MassSpecData-02115-20261006-174736.csv,2026-10-06 17:29:29.326,18.385233333333336
2026-10-06 17:47:52.648,7.6039e-11,Torr,15.large_stm_connectingPort,spray,15.large_stm_connectingPort/MassSpecData-02115-20261006-174736.csv,2026-10-06 17:29:29.326,18.388699999999996
2026-10-06 17:47:52.857,6.8481e-11,Torr,15.large_stm_connectingPort,spray,15.large_stm_connectingPort/MassSpecData-02115-20261006-174736.csv,2026-10-06 17:29:29.326,18.39218333333333
2026-10-06 17:47:53.065,1.0548e-10,Torr,15.large_stm_connectingPort,spray,15.large_stm_connectingPort/MassSpecData-02115-20261006-174736.csv,2026-10-06 17:29:29.326,18.39565
2026-10-06 17:47:53.273,6.9579e-11,Torr,15.large_stm_connectingPort,spray,15.large_stm_connectingPort/MassSpecData-02115-20261006-174736.csv,2026-10-06 17:29:29.326,18.399116666666664
2026-10-06 17:47:53.482,6.1551e-11,Torr,15.large_stm_connectingPort,spray,15.large_stm_connectingPort/MassSpecData-02115-20261006-174736.csv,2026-10-06 17:29:29.326,18.4026
2026-10-06 17:47:53.690,8.1076e-11,Torr,15.large_stm_connectingPort,spray,15.large_stm_connectingPort/MassSpecData-02115-20261006-174736.csv,2026-10-06 17:29:29.326,18.406066666666668
2026-10-06 17:47:53.898,7.4427e-11,Torr,15.large_stm_connectingPort,spray,15.large_stm_connectingPort/MassSpecData-02115-20261006-174736.csv,2026-10-06 17:29:29.326,18.409533333333332
2026-10-06 17:47:54.107,7.4979e-11,Torr,15.large_stm_connectingPort,spray,15.large_stm_connectingPort/MassSpecData-02115-20261006-174736.csv,2026-10-06 17:29:29.326,18.413016666666667
2026-10-06 17:47:54.315,7.7005e-11,Torr,15.large_stm_connectingPort,spray,15.large_stm_connectingPort/MassSpecData-02115-20261006-174736.csv,2026-10-06 17:29:29.326,18.416483333333336
2026-10-06 17:47:54.523,8.0958e-11,Torr,15.large_stm_connectingPort,spray,15.large_stm_connectingPort/MassSpecData-02115-20261006-174736.csv,2026-10-06 17:29:29.326,18.419949999999996
2026-10-06 17:47:54.732,6.529e-11,Torr,15.large_stm_connectingPort,spray,15.large_stm_connectingPort/MassSpecData-02115-20261006-174736.csv,2026-10-06 17:29:29.326,18.42343333333333
2026-10-06 17:47:54.940,8.5721e-11,Torr,15.large_stm_connectingPort,spray,15.large_stm_connectingPort/MassSpecData-02115-20261006-174736.csv,2026-10-06 17:29:29.326,18.4269
2026-10-06 17:47:55.148,8.2032e-11,Torr,15.large_stm_connectingPort,spray,15.large_stm_connectingPort/MassSpecData-02115-20261006-174736.csv,2026-10-06 17:29:29.326,18.430366666666664
2026-10-06 17:47:55.357,7.1646e-11,Torr,15.large_stm_connectingPort,spray,15.large_stm_connectingPort/MassSpecData-02115-20261006-174736.csv,2026-10-06 17:29:29.326,18.43385
2026-10-06 17:47:55.565,7.2247e-11,Torr,15.large_stm_connectingPort,spray,15.large_stm_connectingPort/MassSpecData-02115-20261006-174736.csv,2026-10-06 17:29:29.326,18.437316666666668
2026-10-06 17:47:55.773,7.6037e-11,Torr,15.large_stm_connectingPort,spray,15.large_stm_connectingPort/MassSpecData-02115-20261006-174736.csv,2026-10-06 17:29:29.326,18.440783333333332
2026-10-06 17:47:55.981,8.4786e-11,Torr,15.large_stm_connectingPort,spray,15.large_stm_connectingPort/MassSpecData-02115-20261006-174736.csv,2026-10-06 17:29:29.326,18.44425
2026-10-06 17:47:56.190,8.3127e-11,Torr,15.large_stm_connectingPort,spray,15.large_stm_connectingPort/MassSpecData-02115-20261006-174736.csv,2026-10-06 17:29:29.326,18.447733333333336
2026-10-06 17:47:56.398,7.4111e-11,Torr,15.large_stm_connectingPort,spray,15.large_stm_connectingPort/MassSpecData-02115-20261006-174736.csv,2026-10-06 17:29:29.326,18.451199999999996
2026-10-06 17:47:56.606,7.4875e-11,Torr,15.large_stm_connectingPort,spray,15.large_stm_connectingPort/MassSpecData-02115-20261006-174736.csv,2026-10-06 17:29:29.326,18.454666666666665
2026-10-06 17:47:56.815,8.1756e-11,Torr,15.large_stm_connectingPort,spray,15.large_stm_connectingPort/MassSpecData-02115-20261006-174736.csv,2026-10-06 17:29:29.326,18.45815
2026-10-06 17:47:57.023,9.3998e-11,Torr,15.large_stm_connectingPort,spray,15.large_stm_connectingPort/MassSpecData-02115-20261006-174736.csv,2026-10-06 17:29:29.326,18.461616666666664
2026-10-06 17:47:57.231,7.4243e-11,Torr,15.large_stm_connectingPort,spray,15.large_stm_connectingPort/MassSpecData-02115-20261006-174736.csv,2026-10-06 17:29:29.326,18.465083333333332
2026-10-06 17:47:57.440,7.4229e-11,Torr,15.large_stm_connectingPort,spray,15.large_stm_connectingPort/MassSpecData-02115-20261006-174736.csv,2026-10-06 17:29:29.326,18.468566666666668
2026-10-06 17:47:57.648,7.8861e-11,Torr,15.large_stm_connectingPort,spray,15.large_stm_connectingPort/MassSpecData-02115-20261006-174736.csv,2026-10-06 17:29:29.326,18.472033333333332
2026-10-06 17:47:57.856,7.6884e-11,Torr,15.large_stm_connectingPort,spray,15.large_stm_connectingPort/MassSpecData-02115-20261006-174736.csv,2026-10-06 17:29:29.326,18.4755
2026-10-06 17:47:58.065,7.4009e-11,Torr,15.large_stm_connectingPort,spray,15.large_stm_connectingPort/MassSpecData-02115-20261006-174736.csv,2026-10-06 17:29:29.326,18.478983333333336
2026-10-06 17:47:58.273,7.1507e-11,Torr,15.large_stm_connectingPort,spray,15.large_stm_connectingPort/MassSpecData-02115-20261006-174736.csv,2026-10-06 17:29:29.326,18.482449999999996
2026-10-06 17:47:58.481,7.5274e-11,Torr,15.large_stm_connectingPort,spray,15.large_stm_connectingPort/MassSpecData-02115-20261006-174736.csv,2026-10-06 17:29:29.326,18.485916666666665
2026-10-06 17:47:58.690,7.9016e-11,Torr,15.large_stm_connectingPort,spray,15.large_stm_connectingPort/MassSpecData-02115-20261006-174736.csv,2026-10-06 17:29:29.326,18.4894
2026-10-06 17:47:58.898,8.1604e-11,Torr,15.large_stm_connectingPort,spray,15.large_stm_connectingPort/MassSpecData-02115-20261006-174736.csv,2026-10-06 17:29:29.326,18.492866666666664
2026-10-06 17:47:59.106,7.1614e-11,Torr,15.large_stm_connectingPort,spray,15.large_stm_connectingPort/MassSpecData-02115-20261006-174736.csv,2026-10-06 17:29:29.326,18.496333333333332
2026-10-06 17:47:59.315,8.1488e-11,Torr,15.large_stm_connectingPort,spray,15.large_stm_connectingPort/MassSpecData-02115-20261006-174736.csv,2026-10-06 17:29:29.326,18.499816666666668
2026-10-06 17:47:59.523,7.0793e-11,Torr,15.large_stm_connectingPort,spray,15.large_stm_connectingPort/MassSpecData-02115-20261006-174736.csv,2026-10-06 17:29:29.326,18.503283333333332
2026-10-06 17:47:59.731,8.5413e-11,Torr,15.large_stm_connectingPort,spray,15.large_stm_connectingPort/MassSpecData-02115-20261006-174736.csv,2026-10-06 17:29:29.326,18.50675
2026-10-06 17:47:59.940,8.9963e-11,Torr,15.large_stm_connectingPort,spray,15.large_stm_connectingPort/MassSpecData-02115-20261006-174736.csv,2026-10-06 17:29:29.326,18.510233333333336
2026-10-06 17:48:00.148,8.511e-11,Torr,15.large_stm_connectingPort,spray,15.large_stm_connectingPort/MassSpecData-02115-20261006-174736.csv,2026-10-06 17:29:29.326,18.513699999999996
2026-10-06 17:48:00.356,7.8867e-11,Torr,15.large_stm_connectingPort,spray,15.large_stm_connectingPort/MassSpecData-02115-20261006-174736.csv,2026-10-06 17:29:29.326,18.517166666666665
2026-10-06 17:48:00.565,7.723e-11,Torr,15.large_stm_connectingPort,spray,15.large_stm_connectingPort/MassSpecData-02115-20261006-174736.csv,2026-10-06 17:29:29.326,18.52065
2026-10-06 17:48:00.773,7.882e-11,Torr,15.large_stm_connectingPort,spray,15.large_stm_connectingPort/MassSpecData-02115-20261006-174736.csv,2026-10-06 17:29:29.326,18.524116666666664
2026-10-06 17:48:00.981,6.9208e-11,Torr,15.large_stm_connectingPort,spray,15.large_stm_connectingPort/MassSpecData-02115-20261006-174736.csv,2026-10-06 17:29:29.326,18.527583333333332
2026-10-06 17:48:01.190,8.1369e-11,Torr,15.large_stm_connectingPort,spray,15.large_stm_connectingPort/MassSpecData-02115-20261006-174736.csv,2026-10-06 17:29:29.326,18.531066666666668
2026-10-06 17:48:01.398,7.6312e-11,Torr,15.large_stm_connectingPort,spray,15.large_stm_connectingPort/MassSpecData-02115-20261006-174736.csv,2026-10-06 17:29:29.326,18.534533333333332
2026-10-06 17:48:01.606,9.2618e-11,Torr,15.large_stm_connectingPort,spray,15.large_stm_connectingPort/MassSpecData-02115-20261006-174736.csv,2026-10-06 17:29:29.326,18.538
2026-10-06 17:48:01.815,7.5846e-11,Torr,15.large_stm_connectingPort,spray,15.large_stm_connectingPort/MassSpecData-02115-20261006-174736.csv,2026-10-06 17:29:29.326,18.541483333333336
2026-10-06 17:48:02.023,8.1366e-11,Torr,15.large_stm_connectingPort,spray,15.large_stm_connectingPort/MassSpecData-02115-20261006-174736.csv,2026-10-06 17:29:29.326,18.544949999999996
2026-10-06 17:48:02.231,6.7644e-11,Torr,15.large_stm_connectingPort,spray,15.large_stm_connectingPort/MassSpecData-02115-20261006-174736.csv,2026-10-06 17:29:29.326,18.548416666666665
2026-10-06 17:48:02.440,8.738e-11,Torr,15.large_stm_connectingPort,spray,15.large_stm_connectingPort/MassSpecData-02115-20261006-174736.csv,2026-10-06 17:29:29.326,18.5519
2026-10-06 17:48:02.648,7.9095e-11,Torr,15.large_stm_connectingPort,spray,15.large_stm_connectingPort/MassSpecData-02115-20261006-174736.csv,2026-10-06 17:29:29.326,18.555366666666664
2026-10-06 17:48:02.856,7.0133e-11,Torr,15.large_stm_connectingPort,spray,15.large_stm_connectingPort/MassSpecData-02115-20261006-174736.csv,2026-10-06 17:29:29.326,18.558833333333332
2026-10-06 17:48:03.065,8.1762e-11,Torr,15.large_stm_connectingPort,spray,15.large_stm_connectingPort/MassSpecData-02115-20261006-174736.csv,2026-10-06 17:29:29.326,18.562316666666668
2026-10-06 17:48:03.273,8.1846e-11,Torr,15.large_stm_connectingPort,spray,15.large_stm_connectingPort/MassSpecData-02115-20261006-174736.csv,2026-10-06 17:29:29.326,18.565783333333332
2026-10-06 17:48:03.481,7.5542e-11,Torr,15.large_stm_connectingPort,spray,15.large_stm_connectingPort/MassSpecData-02115-20261006-174736.csv,2026-10-06 17:29:29.326,18.56925
2026-10-06 17:48:03.690,8.3832e-11,Torr,15.large_stm_connectingPort,spray,15.large_stm_connectingPort/MassSpecData-02115-20261006-174736.csv,2026-10-06 17:29:29.326,18.572733333333336
2026-10-06 17:48:03.898,7.101e-11,Torr,15.large_stm_connectingPort,spray,15.large_stm_connectingPort/MassSpecData-02115-20261006-174736.csv,2026-10-06 17:29:29.326,18.576199999999996
2026-10-06 17:48:04.106,7.5321e-11,Torr,15.large_stm_connectingPort,spray,15.large_stm_connectingPort/MassSpecData-02115-20261006-174736.csv,2026-10-06 17:29:29.326,18.579666666666665
2026-10-06 17:48:04.315,7.2746e-11,Torr,15.large_stm_connectingPort,spray,15.large_stm_connectingPort/MassSpecData-02115-20261006-174736.csv,2026-10-06 17:29:29.326,18.58315
2026-10-06 17:48:04.523,8.1133e-11,Torr,15.large_stm_connectingPort,spray,15.large_stm_connectingPort/MassSpecData-02115-20261006-174736.csv,2026-10-06 17:29:29.326,18.586616666666664
2026-10-06 17:48:04.731,7.7378e-11,Torr,15.large_stm_connectingPort,spray,15.large_stm_connectingPort/MassSpecData-02115-20261006-174736.csv,2026-10-06 17:29:29.326,18.590083333333332
2026-10-06 17:48:04.940,7.0733e-11,Torr,15.large_stm_connectingPort,spray,15.large_stm_connectingPort/MassSpecData-02115-20261006-174736.csv,2026-10-06 17:29:29.326,18.593566666666668
2026-10-06 17:48:05.148,7.2037e-11,Torr,15.large_stm_connectingPort,spray,15.large_stm_connectingPort/MassSpecData-02115-20261006-174736.csv,2026-10-06 17:29:29.326,18.597033333333332
2026-10-06 17:48:05.356,8.7582e-11,Torr,15.large_stm_connectingPort,spray,15.large_stm_connectingPort/MassSpecData-02115-20261006-174736.csv,2026-10-06 17:29:29.326,18.6005
2026-10-06 17:48:05.565,6.4362e-11,Torr,15.large_stm_connectingPort,spray,15.large_stm_connectingPort/MassSpecData-02115-20261006-174736.csv,2026-10-06 17:29:29.326,18.603983333333336
2026-10-06 17:48:05.773,8.1604e-11,Torr,15.large_stm_connectingPort,spray,15.large_stm_connectingPort/MassSpecData-02115-20261006-174736.csv,2026-10-06 17:29:29.326,18.607449999999996
2026-10-06 17:48:05.981,7.6217e-11,Torr,15.large_stm_connectingPort,spray,15.large_stm_connectingPort/MassSpecData-02115-20261006-174736.csv,2026-10-06 17:29:29.326,18.610916666666665
2026-10-06 17:48:06.190,9.2415e-11,Torr,15.large_stm_connectingPort,spray,15.large_stm_connectingPort/MassSpecData-02115-20261006-174736.csv,2026-10-06 17:29:29.326,18.6144
2026-10-06 17:48:06.398,8.0089e-11,Torr,15.large_stm_connectingPort,spray,15.large_stm_connectingPort/MassSpecData-02115-20261006-174736.csv,2026-10-06 17:29:29.326,18.617866666666664
2026-10-06 17:48:06.606,8.8893e-11,Torr,15.large_stm_connectingPort,spray,15.large_stm_connectingPort/MassSpecData-02115-20261006-174736.csv,2026-10-06 17:29:29.326,18.621333333333332
2026-10-06 17:48:06.815,7.3415e-11,Torr,15.large_stm_connectingPort,spray,15.large_stm_connectingPort/MassSpecData-02115-20261006-174736.csv,2026-10-06 17:29:29.326,18.624816666666668
2026-10-06 17:48:07.023,8.1878e-11,Torr,15.large_stm_connectingPort,spray,15.large_stm_connectingPort/MassSpecData-02115-20261006-174736.csv,2026-10-06 17:29:29.326,18.628283333333332
2026-10-06 17:48:07.231,7.9133e-11,Torr,15.large_stm_connectingPort,spray,15.large_stm_connectingPort/MassSpecData-02115-20261006-174736.csv,2026-10-06 17:29:29.326,18.63175
2026-10-06 17:48:07.440,9.3481e-11,Torr,15.large_stm_connectingPort,spray,15.large_stm_connectingPort/MassSpecData-02115-20261006-174736.csv,2026-10-06 17:29:29.326,18.635233333333336
2026-10-06 17:48:07.648,8.2449e-11,Torr,15.large_stm_connectingPort,spray,15.large_stm_connectingPort/MassSpecData-02115-20261006-174736.csv,2026-10-06 17:29:29.326,18.638699999999996
2026-10-06 17:48:07.856,7.9266e-11,Torr,15.large_stm_connectingPort,spray,15.large_stm_connectingPort/MassSpecData-02115-20261006-174736.csv,2026-10-06 17:29:29.326,18.642166666666665
2026-10-06 17:48:08.065,7.4254e-11,Torr,15.large_stm_connectingPort,spray,15.large_stm_connectingPort/MassSpecData-02115-20261006-174736.csv,2026-10-06 17:29:29.326,18.64565
2026-10-06 17:48:08.273,9.0848e-11,Torr,15.large_stm_connectingPort,spray,15.large_stm_connectingPort/MassSpecData-02115-20261006-174736.csv,2026-10-06 17:29:29.326,18.649116666666664
2026-10-06 17:48:08.481,9.3176e-11,Torr,15.large_stm_connectingPort,spray,15.large_stm_connectingPort/MassSpecData-02115-20261006-174736.csv,2026-10-06 17:29:29.326,18.652583333333332
2026-10-06 17:48:08.690,7.2965e-11,Torr,15.large_stm_connectingPort,spray,15.large_stm_connectingPort/MassSpecData-02115-20261006-174736.csv,2026-10-06 17:29:29.326,18.656066666666668
2026-10-06 17:48:08.898,8.4651e-11,Torr,15.large_stm_connectingPort,spray,15.large_stm_connectingPort/MassSpecData-02115-20261006-174736.csv,2026-10-06 17:29:29.326,18.659533333333332
2026-10-06 17:48:09.106,8.3452e-11,Torr,15.large_stm_connectingPort,spray,15.large_stm_connectingPort/MassSpecData-02115-20261006-174736.csv,2026-10-06 17:29:29.326,18.663
2026-10-06 17:48:09.315,7.4126e-11,Torr,15.large_stm_connectingPort,spray,15.large_stm_connectingPort/MassSpecData-02115-20261006-174736.csv,2026-10-06 17:29:29.326,18.666483333333336
2026-10-06 17:48:09.523,9.2889e-11,Torr,15.large_stm_connectingPort,spray,15.large_stm_connectingPort/MassSpecData-02115-20261006-174736.csv,2026-10-06 17:29:29.326,18.669949999999996
2026-10-06 17:48:09.731,8.3432e-11,Torr,15.large_stm_connectingPort,spray,15.large_stm_connectingPort/MassSpecData-02115-20261006-174736.csv,2026-10-06 17:29:29.326,18.673416666666665
2026-10-06 17:48:09.940,7.2802e-11,Torr,15.large_stm_connectingPort,spray,15.large_stm_connectingPort/MassSpecData-02115-20261006-174736.csv,2026-10-06 17:29:29.326,18.6769
2026-10-06 17:48:10.148,9.2024e-11,Torr,15.large_stm_connectingPort,spray,15.large_stm_connectingPort/MassSpecData-02115-20261006-174736.csv,2026-10-06 17:29:29.326,18.680366666666664
2026-10-06 17:48:10.356,8.9981e-11,Torr,15.large_stm_connectingPort,spray,15.large_stm_connectingPort/MassSpecData-02115-20261006-174736.csv,2026-10-06 17:29:29.326,18.683833333333332
2026-10-06 17:48:10.565,6.9841e-11,Torr,15.large_stm_connectingPort,spray,15.large_stm_connectingPort/MassSpecData-02115-20261006-174736.csv,2026-10-06 17:29:29.326,18.687316666666668
2026-10-06 17:48:10.773,7.1673e-11,Torr,15.large_stm_connectingPort,spray,15.large_stm_connectingPort/MassSpecData-02115-20261006-174736.csv,2026-10-06 17:29:29.326,18.690783333333332
2026-10-06 17:48:10.981,8.5067e-11,Torr,15.large_stm_connectingPort,spray,15.large_stm_connectingPort/MassSpecData-02115-20261006-174736.csv,2026-10-06 17:29:29.326,18.69425
2026-10-06 17:48:11.190,8.3184e-11,Torr,15.large_stm_connectingPort,spray,15.large_stm_connectingPort/MassSpecData-02115-20261006-174736.csv,2026-10-06 17:29:29.326,18.697733333333336
2026-10-06 17:48:11.398,6.4004e-11,Torr,15.large_stm_connectingPort,spray,15.large_stm_connectingPort/MassSpecData-02115-20261006-174736.csv,2026-10-06 17:29:29.326,18.701199999999996
2026-10-06 17:48:11.606,8.5546e-11,Torr,15.large_stm_connectingPort,spray,15.large_stm_connectingPort/MassSpecData-02115-20261006-174736.csv,2026-10-06 17:29:29.326,18.704666666666665
2026-10-06 17:48:11.815,9.5883e-11,Torr,15.large_stm_connectingPort,spray,15.large_stm_connectingPort/MassSpecData-02115-20261006-174736.csv,2026-10-06 17:29:29.326,18.70815
2026-10-06 17:48:12.023,9.9383e-11,Torr,15.large_stm_connectingPort,spray,15.large_stm_connectingPort/MassSpecData-02115-20261006-174736.csv,2026-10-06 17:29:29.326,18.711616666666664
2026-10-06 17:48:12.231,7.2711e-11,Torr,15.large_stm_connectingPort,spray,15.large_stm_connectingPort/MassSpecData-02115-20261006-174736.csv,2026-10-06 17:29:29.326,18.715083333333332
2026-10-06 17:48:12.440,9.2342e-11,Torr,15.large_stm_connectingPort,spray,15.large_stm_connectingPort/MassSpecData-02115-20261006-174736.csv,2026-10-06 17:29:29.326,18.718566666666668
2026-10-06 17:48:12.648,7.5479e-11,Torr,15.large_stm_connectingPort,spray,15.large_stm_connectingPort/MassSpecData-02115-20261006-174736.csv,2026-10-06 17:29:29.326,18.722033333333332
2026-10-06 17:48:12.856,8.8533e-11,Torr,15.large_stm_connectingPort,spray,15.large_stm_connectingPort/MassSpecData-02115-20261006-174736.csv,2026-10-06 17:29:29.326,18.7255
2026-10-06 17:48:13.065,7.9317e-11,Torr,15.large_stm_connectingPort,spray,15.large_stm_connectingPort/MassSpecData-02115-20261006-174736.csv,2026-10-06 17:29:29.326,18.728983333333336
2026-10-06 17:48:13.273,6.7904e-11,Torr,15.large_stm_connectingPort,spray,15.large_stm_connectingPort/MassSpecData-02115-20261006-174736.csv,2026-10-06 17:29:29.326,18.732449999999996
2026-10-06 17:48:13.481,8.3654e-11,Torr,15.large_stm_connectingPort,spray,15.large_stm_connectingPort/MassSpecData-02115-20261006-174736.csv,2026-10-06 17:29:29.326,18.735916666666665
2026-10-06 17:48:13.690,7.5838e-11,Torr,15.large_stm_connectingPort,spray,15.large_stm_connectingPort/MassSpecData-02115-20261006-174736.csv,2026-10-06 17:29:29.326,18.7394
2026-10-06 17:48:13.898,7.9709e-11,Torr,15.large_stm_connectingPort,spray,15.large_stm_connectingPort/MassSpecData-02115-20261006-174736.csv,2026-10-06 17:29:29.326,18.742866666666664
2026-10-06 17:48:14.107,5.8886e-11,Torr,15.large_stm_connectingPort,spray,15.large_stm_connectingPort/MassSpecData-02115-20261006-174736.csv,2026-10-06 17:29:29.326,18.74635
2026-10-06 17:48:14.315,8.5831e-11,Torr,15.large_stm_connectingPort,spray,15.large_stm_connectingPort/MassSpecData-02115-20261006-174736.csv,2026-10-06 17:29:29.326,18.749816666666668
2026-10-06 17:48:14.523,1.0155e-10,Torr,15.large_stm_connectingPort,spray,15.large_stm_connectingPort/MassSpecData-02115-20261006-174736.csv,2026-10-06 17:29:29.326,18.753283333333332
2026-10-06 17:48:14.732,8.599e-11,Torr,15.large_stm_connectingPort,spray,15.large_stm_connectingPort/MassSpecData-02115-20261006-174736.csv,2026-10-06 17:29:29.326,18.756766666666667
2026-10-06 17:48:14.940,6.6099e-11,Torr,15.large_stm_connectingPort,spray,15.large_stm_connectingPort/MassSpecData-02115-20261006-174736.csv,2026-10-06 17:29:29.326,18.760233333333336
2026-10-06 17:48:15.148,7.0887e-11,Torr,15.large_stm_connectingPort,spray,15.large_stm_connectingPort/MassSpecData-02115-20261006-174736.csv,2026-10-06 17:29:29.326,18.763699999999996
2026-10-06 17:48:15.357,8.154e-11,Torr,15.large_stm_connectingPort,spray,15.large_stm_connectingPort/MassSpecData-02115-20261006-174736.csv,2026-10-06 17:29:29.326,18.76718333333333
2026-10-06 17:48:15.565,8.7225e-11,Torr,15.large_stm_connectingPort,spray,15.large_stm_connectingPort/MassSpecData-02115-20261006-174736.csv,2026-10-06 17:29:29.326,18.77065
2026-10-06 17:48:15.773,8.4707e-11,Torr,15.large_stm_connectingPort,spray,15.large_stm_connectingPort/MassSpecData-02115-20261006-174736.csv,2026-10-06 17:29:29.326,18.774116666666664
2026-10-06 17:48:15.982,8.6783e-11,Torr,15.large_stm_connectingPort,spray,15.large_stm_connectingPort/MassSpecData-02115-20261006-174736.csv,2026-10-06 17:29:29.326,18.7776
2026-10-06 17:48:16.190,9.0133e-11,Torr,15.large_stm_connectingPort,spray,15.large_stm_connectingPort/MassSpecData-02115-20261006-174736.csv,2026-10-06 17:29:29.326,18.781066666666668
2026-10-06 17:48:16.398,6.8629e-11,Torr,15.large_stm_connectingPort,spray,15.large_stm_connectingPort/MassSpecData-02115-20261006-174736.csv,2026-10-06 17:29:29.326,18.784533333333332
2026-10-06 17:48:16.607,7.0885e-11,Torr,15.large_stm_connectingPort,spray,15.large_stm_connectingPort/MassSpecData-02115-20261006-174736.csv,2026-10-06 17:29:29.326,18.788016666666667
2026-10-06 17:48:16.815,7.0598e-11,Torr,15.large_stm_connectingPort,spray,15.large_stm_connectingPort/MassSpecData-02115-20261006-174736.csv,2026-10-06 17:29:29.326,18.791483333333336
2026-10-06 17:48:17.023,6.7463e-11,Torr,15.large_stm_connectingPort,spray,15.large_stm_connectingPort/MassSpecData-02115-20261006-174736.csv,2026-10-06 17:29:29.326,18.794949999999996
2026-10-06 17:48:17.232,7.0183e-11,Torr,15.large_stm_connectingPort,spray,15.large_stm_connectingPort/MassSpecData-02115-20261006-174736.csv,2026-10-06 17:29:29.326,18.79843333333333
2026-10-06 17:48:17.440,6.7295e-11,Torr,15.large_stm_connectingPort,spray,15.large_stm_connectingPort/MassSpecData-02115-20261006-174736.csv,2026-10-06 17:29:29.326,18.8019
2026-10-06 17:48:17.648,8.4354e-11,Torr,15.large_stm_connectingPort,spray,15.large_stm_connectingPort/MassSpecData-02115-20261006-174736.csv,2026-10-06 17:29:29.326,18.805366666666664
2026-10-06 17:48:17.938,6.9553e-11,Torr,15.large_stm_connectingPort,spray,15.large_stm_connectingPort/MassSpecData-02115-20261006-174817.csv,2026-10-06 17:29:29.326,18.810200000000002
2026-10-06 17:48:18.146,8.5081e-11,Torr,15.large_stm_connectingPort,spray,15.large_stm_connectingPort/MassSpecData-02115-20261006-174817.csv,2026-10-06 17:29:29.326,18.813666666666666
2026-10-06 17:48:18.355,9.8182e-11,Torr,15.large_stm_connectingPort,spray,15.large_stm_connectingPort/MassSpecData-02115-20261006-174817.csv,2026-10-06 17:29:29.326,18.81715
2026-10-06 17:48:18.563,8.0669e-11,Torr,15.large_stm_connectingPort,spray,15.large_stm_connectingPort/MassSpecData-02115-20261006-174817.csv,2026-10-06 17:29:29.326,18.82061666666667
2026-10-06 17:48:18.771,7.7209e-11,Torr,15.large_stm_connectingPort,spray,15.large_stm_connectingPort/MassSpecData-02115-20261006-174817.csv,2026-10-06 17:29:29.326,18.82408333333333
2026-10-06 17:48:18.980,8.5e-11,Torr,15.large_stm_connectingPort,spray,15.large_stm_connectingPort/MassSpecData-02115-20261006-174817.csv,2026-10-06 17:29:29.326,18.827566666666666
2026-10-06 17:48:19.188,8.6736e-11,Torr,15.large_stm_connectingPort,spray,15.large_stm_connectingPort/MassSpecData-02115-20261006-174817.csv,2026-10-06 17:29:29.326,18.831033333333334
2026-10-06 17:48:19.396,7.4807e-11,Torr,15.large_stm_connectingPort,spray,15.large_stm_connectingPort/MassSpecData-02115-20261006-174817.csv,2026-10-06 17:29:29.326,18.8345
2026-10-06 17:48:19.604,7.6812e-11,Torr,15.large_stm_connectingPort,spray,15.large_stm_connectingPort/MassSpecData-02115-20261006-174817.csv,2026-10-06 17:29:29.326,18.837966666666667
2026-10-06 17:48:19.813,8.8336e-11,Torr,15.large_stm_connectingPort,spray,15.large_stm_connectingPort/MassSpecData-02115-20261006-174817.csv,2026-10-06 17:29:29.326,18.841450000000002
2026-10-06 17:48:20.021,7.5149e-11,Torr,15.large_stm_connectingPort,spray,15.large_stm_connectingPort/MassSpecData-02115-20261006-174817.csv,2026-10-06 17:29:29.326,18.844916666666666
2026-10-06 17:48:20.230,9.1786e-11,Torr,15.large_stm_connectingPort,spray,15.large_stm_connectingPort/MassSpecData-02115-20261006-174817.csv,2026-10-06 17:29:29.326,18.8484
2026-10-06 17:48:20.438,7.4835e-11,Torr,15.large_stm_connectingPort,spray,15.large_stm_connectingPort/MassSpecData-02115-20261006-174817.csv,2026-10-06 17:29:29.326,18.85186666666667
2026-10-06 17:48:20.646,7.7733e-11,Torr,15.large_stm_connectingPort,spray,15.large_stm_connectingPort/MassSpecData-02115-20261006-174817.csv,2026-10-06 17:29:29.326,18.85533333333333
2026-10-06 17:48:20.855,8.9573e-11,Torr,15.large_stm_connectingPort,spray,15.large_stm_connectingPort/MassSpecData-02115-20261006-174817.csv,2026-10-06 17:29:29.326,18.858816666666666
2026-10-06 17:48:21.063,8.2715e-11,Torr,15.large_stm_connectingPort,spray,15.large_stm_connectingPort/MassSpecData-02115-20261006-174817.csv,2026-10-06 17:29:29.326,18.862283333333334
2026-10-06 17:48:21.271,7.2982e-11,Torr,15.large_stm_connectingPort,spray,15.large_stm_connectingPort/MassSpecData-02115-20261006-174817.csv,2026-10-06 17:29:29.326,18.86575
2026-10-06 17:48:21.480,7.17e-11,Torr,15.large_stm_connectingPort,spray,15.large_stm_connectingPort/MassSpecData-02115-20261006-174817.csv,2026-10-06 17:29:29.326,18.869233333333334
2026-10-06 17:48:21.688,8.1911e-11,Torr,15.large_stm_connectingPort,spray,15.large_stm_connectingPort/MassSpecData-02115-20261006-174817.csv,2026-10-06 17:29:29.326,18.872700000000002
2026-10-06 17:48:21.896,8.6193e-11,Torr,15.large_stm_connectingPort,spray,15.large_stm_connectingPort/MassSpecData-02115-20261006-174817.csv,2026-10-06 17:29:29.326,18.876166666666666
2026-10-06 17:48:22.105,7.42e-11,Torr,15.large_stm_connectingPort,spray,15.large_stm_connectingPort/MassSpecData-02115-20261006-174817.csv,2026-10-06 17:29:29.326,18.87965
2026-10-06 17:48:22.313,6.7341e-11,Torr,15.large_stm_connectingPort,spray,15.large_stm_connectingPort/MassSpecData-02115-20261006-174817.csv,2026-10-06 17:29:29.326,18.88311666666667
2026-10-06 17:48:22.521,8.2685e-11,Torr,15.large_stm_connectingPort,spray,15.large_stm_connectingPort/MassSpecData-02115-20261006-174817.csv,2026-10-06 17:29:29.326,18.88658333333333
2026-10-06 17:48:22.730,7.4493e-11,Torr,15.large_stm_connectingPort,spray,15.large_stm_connectingPort/MassSpecData-02115-20261006-174817.csv,2026-10-06 17:29:29.326,18.890066666666666
2026-10-06 17:48:22.938,7.4804e-11,Torr,15.large_stm_connectingPort,spray,15.large_stm_connectingPort/MassSpecData-02115-20261006-174817.csv,2026-10-06 17:29:29.326,18.893533333333334
2026-10-06 17:48:23.146,6.8343e-11,Torr,15.large_stm_connectingPort,spray,15.large_stm_connectingPort/MassSpecData-02115-20261006-174817.csv,2026-10-06 17:29:29.326,18.897
2026-10-06 17:48:23.354,7.7676e-11,Torr,15.large_stm_connectingPort,spray,15.large_stm_connectingPort/MassSpecData-02115-20261006-174817.csv,2026-10-06 17:29:29.326,18.900466666666667
2026-10-06 17:48:23.563,7.2916e-11,Torr,15.large_stm_connectingPort,spray,15.large_stm_connectingPort/MassSpecData-02115-20261006-174817.csv,2026-10-06 17:29:29.326,18.903950000000002
2026-10-06 17:48:23.771,7.9493e-11,Torr,15.large_stm_connectingPort,spray,15.large_stm_connectingPort/MassSpecData-02115-20261006-174817.csv,2026-10-06 17:29:29.326,18.907416666666666
2026-10-06 17:48:23.979,8.2192e-11,Torr,15.large_stm_connectingPort,spray,15.large_stm_connectingPort/MassSpecData-02115-20261006-174817.csv,2026-10-06 17:29:29.326,18.910883333333334
2026-10-06 17:48:24.188,6.1587e-11,Torr,15.large_stm_connectingPort,spray,15.large_stm_connectingPort/MassSpecData-02115-20261006-174817.csv,2026-10-06 17:29:29.326,18.91436666666667
2026-10-06 17:48:24.396,7.2042e-11,Torr,15.large_stm_connectingPort,spray,15.large_stm_connectingPort/MassSpecData-02115-20261006-174817.csv,2026-10-06 17:29:29.326,18.91783333333333
2026-10-06 17:48:24.604,8.4797e-11,Torr,15.large_stm_connectingPort,spray,15.large_stm_connectingPort/MassSpecData-02115-20261006-174817.csv,2026-10-06 17:29:29.326,18.9213
2026-10-06 17:48:24.813,8.3221e-11,Torr,15.large_stm_connectingPort,spray,15.large_stm_connectingPort/MassSpecData-02115-20261006-174817.csv,2026-10-06 17:29:29.326,18.924783333333334
